/*--------------------------------*- C++ -*----------------------------------*\
| =========                 |                                                 |
| \\      /  F ield         | OpenFOAM: The Open Source CFD Toolbox           |
|  \\    /   O peration     | Version:  2406                                  |
|   \\  /    A nd           | Website:  www.openfoam.com                      |
|    \\/     M anipulation  |                                                 |
\*---------------------------------------------------------------------------*/
FoamFile
{
    version     2.0;
    format      ascii;
    arch        "LSB;label=32;scalar=64";
    class       volScalarField;
    location    "0.0007";
    object      p;
}
// * * * * * * * * * * * * * * * * * * * * * * * * * * * * * * * * * * * * * //

dimensions      [0 2 -2 0 0 0 0];

internalField   nonuniform List<scalar> 
80000
(
9.7235
8.18295
6.0613
4.26356
2.66437
1.2486
-0.00438047
-1.10532
-2.05999
-2.87569
-3.56207
-4.13061
-4.59281
-4.96122
-5.24779
-5.46347
-5.61846
-5.72074
-5.77903
-5.80019
-5.78883
-5.75123
-5.692
-5.61349
-5.51859
-5.41046
-5.29174
-5.16365
-5.02817
-4.88532
-4.7371
-4.58575
-4.43062
-4.27286
-4.11362
-3.95259
-3.79051
-3.62799
-3.46573
-3.30372
-3.14202
-2.98072
-2.82037
-2.66098
-2.50282
-2.34627
-2.19092
-2.03675
-1.8845
-1.73389
-1.58512
-1.43834
-1.29351
-1.15053
-1.00994
-0.871092
-0.734453
-0.599936
-0.467753
-0.337666
-0.209958
-0.0844509
0.038578
0.159242
0.277348
0.392969
0.50629
0.61712
0.724966
0.830651
0.933188
1.03313
1.13071
1.22527
1.31723
1.40598
1.49191
1.57492
1.6552
1.73227
1.80615
1.87708
1.94481
2.00926
2.07064
2.12874
2.18357
2.23506
2.28312
2.32785
2.369
2.4068
2.44107
2.47193
2.49935
2.52343
2.54432
2.56224
2.57749
2.59075
17.8801
18.858
18.7386
18.3697
17.7976
17.1134
16.3669
15.5991
14.8397
14.1067
13.412
12.7609
12.1547
11.5938
11.0763
10.5976
10.1562
9.749
9.3717
9.02257
8.69881
8.39766
8.11669
7.85521
7.61049
7.3804
7.16444
6.961
6.76926
6.58808
6.41614
6.25304
6.0984
5.95103
5.81058
5.67682
5.54925
5.42686
5.30999
5.19797
5.09057
4.9874
4.88831
4.79333
4.7019
4.61342
4.52812
4.44618
4.36734
4.29089
4.21741
4.14655
4.07816
4.01219
3.94834
3.88606
3.82661
3.7691
3.71346
3.65968
3.60786
3.55735
3.50855
3.46153
3.41654
3.37298
3.33037
3.28951
3.25048
3.21188
3.17556
3.14056
3.10612
3.07322
3.04132
3.01103
2.9819
2.95369
2.92641
2.90054
2.87585
2.85188
2.82908
2.80749
2.78657
2.76675
2.7479
2.72998
2.71317
2.69719
2.68242
2.66841
2.65566
2.64386
2.63315
2.6238
2.61542
2.60848
2.60272
2.5981
10.7094
10.9079
10.8901
10.8078
10.7134
10.6267
10.547
10.4627
10.3635
10.243
10.0999
9.93573
9.75458
9.56062
9.35811
9.15167
8.94415
8.73785
8.53496
8.33652
8.14422
7.95771
7.77733
7.60419
7.43788
7.2775
7.12359
6.97625
6.83468
6.69841
6.56739
6.44176
6.32089
6.20429
6.09217
5.98415
5.87973
5.77876
5.68162
5.58776
5.4966
5.40833
5.32279
5.23991
5.15957
5.08131
5.00513
4.93113
4.85914
4.78894
4.72061
4.65396
4.58881
4.52525
4.46316
4.40238
4.34303
4.28495
4.22811
4.17238
4.11778
4.06438
4.0119
3.96028
3.90979
3.86037
3.81166
3.76377
3.71691
3.67067
3.62523
3.58077
3.53692
3.49371
3.45118
3.40947
3.36854
3.32819
3.28843
3.24939
3.21101
3.17323
3.13608
3.09959
3.06374
3.02848
2.99384
2.95982
2.92643
2.89368
2.86167
2.83033
2.79973
2.76988
2.74072
2.71231
2.68462
2.65766
2.63136
2.60552
9.48293
9.65549
9.75929
9.8092
9.81885
9.80068
9.76189
9.70521
9.63022
9.53785
9.42834
9.30278
9.16386
9.01381
8.85516
8.69087
8.523
8.3536
8.1845
8.01675
7.85195
7.69058
7.53241
7.37894
7.23047
7.08593
6.94586
6.81108
6.68121
6.55521
6.43313
6.3159
6.20287
6.09318
5.98739
5.88519
5.78607
5.69023
5.59768
5.50805
5.42103
5.33668
5.25463
5.17499
5.09798
5.02294
4.94958
4.87824
4.80917
4.74168
4.67554
4.61138
4.54878
4.4873
4.42735
4.36884
4.31159
4.2555
4.20049
4.1467
4.0939
4.04223
3.9916
3.94171
3.89272
3.84481
3.79774
3.75134
3.70582
3.66111
3.61697
3.57366
3.53111
3.48913
3.44779
3.4071
3.36713
3.32777
3.28892
3.25071
3.2131
3.17605
3.13954
3.10362
3.06826
3.03336
2.99906
2.96535
2.93218
2.89956
2.86747
2.83597
2.80508
2.77471
2.74484
2.71551
2.68666
2.65832
2.63037
2.60265
8.45159
8.65786
8.80905
8.91443
8.98169
9.01776
9.02716
9.01296
8.97707
8.92156
8.84865
8.76039
8.65867
8.54565
8.42342
8.29456
8.1606
8.02284
7.88335
7.74296
7.60303
7.46457
7.32743
7.19275
7.06117
6.9322
6.80593
6.68323
6.56451
6.44884
6.33603
6.22657
6.12074
6.01821
5.91846
5.82144
5.72728
5.63604
5.54751
5.46146
5.37776
5.29649
5.21753
5.14031
5.06535
4.99275
4.92155
4.85186
4.78428
4.71846
4.65402
4.59109
4.52961
4.46932
4.41054
4.35315
4.29673
4.24152
4.18745
4.13445
4.08245
4.03147
3.9815
3.93239
3.88407
3.83667
3.7902
3.74444
3.69941
3.65521
3.61165
3.56879
3.5267
3.48525
3.44439
3.40412
3.36453
3.32556
3.28708
3.24922
3.21193
3.17519
3.13901
3.10339
3.06825
3.03362
2.99952
2.9659
2.93283
2.90029
2.86822
2.83665
2.80555
2.77485
2.74464
2.71489
2.68549
2.65638
2.62754
2.5989
7.66433
7.87443
8.04167
8.17042
8.26534
8.33047
8.36913
8.38443
8.37873
8.35341
8.31092
8.2536
8.18288
8.10085
8.00922
7.90979
7.80451
7.69438
7.58065
7.4645
7.34715
7.2296
7.11211
6.99536
6.87982
6.76587
6.6538
6.54346
6.43563
6.33056
6.22771
6.12686
6.02839
5.933
5.84021
5.74933
5.66058
5.57426
5.49035
5.40861
5.32875
5.25086
5.17524
5.10132
5.029
4.95893
4.89037
4.8229
4.75718
4.69326
4.63074
4.56951
4.50942
4.45057
4.39323
4.33711
4.28188
4.22773
4.17474
4.12273
4.07165
4.02156
3.97236
3.92402
3.87643
3.82978
3.78401
3.7388
3.69432
3.65068
3.60774
3.56536
3.52366
3.48266
3.44222
3.40237
3.36317
3.32451
3.28634
3.24878
3.21174
3.17521
3.1392
3.10367
3.06866
3.03421
3.00022
2.96665
2.93352
2.90082
2.86863
2.83684
2.80538
2.77435
2.74374
2.71345
2.68347
2.65373
2.62413
2.5947
7.05838
7.2542
7.41804
7.55151
7.65671
7.73618
7.79225
7.82672
7.8417
7.83896
7.82009
7.78682
7.74081
7.6837
7.61716
7.54235
7.46074
7.37368
7.28233
7.18733
7.08986
6.99103
6.89116
6.79089
6.69051
6.5906
6.49187
6.39373
6.29663
6.20169
6.10864
6.0167
5.92595
5.8377
5.75192
5.66746
5.58448
5.50335
5.42418
5.34707
5.27172
5.19768
5.12528
5.05469
4.98556
4.9183
4.85256
4.78762
4.72408
4.66223
4.60182
4.54248
4.48408
4.42692
4.3711
4.31638
4.26264
4.20985
4.15786
4.10699
4.05715
4.00806
3.95976
3.91233
3.86561
3.81966
3.77469
3.73027
3.68641
3.64331
3.60099
3.5593
3.51812
3.47756
3.43763
3.39824
3.35943
3.32117
3.28337
3.24613
3.20943
3.1732
3.13743
3.10212
3.06726
3.03286
2.99889
2.96538
2.93234
2.89967
2.86733
2.83534
2.80371
2.77242
2.74145
2.71077
2.68034
2.6501
2.62003
2.59005
6.57684
6.75295
6.90505
7.03382
7.14003
7.22471
7.28939
7.33551
7.36434
7.3772
7.37563
7.3609
7.33394
7.2964
7.24976
7.19499
7.13329
7.06547
6.99275
6.91613
6.8362
6.75363
6.66921
6.58379
6.4976
6.41085
6.32406
6.23737
6.15115
6.06589
5.98179
5.89853
5.816
5.735
5.65557
5.57744
5.5008
5.42521
5.3508
5.27834
5.20746
5.13747
5.06894
5.00208
4.93606
4.87147
4.80872
4.74676
4.68571
4.62613
4.56779
4.51049
4.45402
4.39877
4.34473
4.29142
4.23911
4.18793
4.13735
4.0876
4.03896
3.991
3.94372
3.89732
3.85167
3.80658
3.76237
3.71883
3.67578
3.6334
3.59172
3.55068
3.51013
3.47013
3.43078
3.39191
3.3535
3.31568
3.27834
3.24147
3.20508
3.16911
3.13364
3.09865
3.06403
3.02979
2.99592
2.96248
2.92943
2.89672
2.86436
2.83236
2.80069
2.76925
2.73804
2.70709
2.6763
2.64569
2.61528
2.58495
6.18272
6.33892
6.477
6.59693
6.69902
6.78381
6.85189
6.90417
6.9416
6.96499
6.97526
6.9739
6.96174
6.93944
6.90847
6.86961
6.82396
6.77235
6.7153
6.65406
6.58907
6.52085
6.4503
6.37793
6.30412
6.22932
6.15371
6.07765
6.00171
5.92575
5.8499
5.77491
5.7005
5.62658
5.55343
5.48147
5.41088
5.34103
5.27175
5.20378
5.13721
5.07147
5.00695
4.94387
4.88139
4.81973
4.75974
4.70079
4.64248
4.58536
4.52932
4.47417
4.41987
4.36657
4.31429
4.26267
4.21197
4.16239
4.11333
4.06489
4.01743
3.97073
3.92462
3.87929
3.83477
3.79072
3.74731
3.70466
3.66259
3.62101
3.58004
3.53973
3.49986
3.46044
3.42164
3.38336
3.34552
3.30818
3.27132
3.23491
3.19893
3.1633
3.12809
3.09331
3.05895
3.02498
2.99137
2.95814
2.92514
2.89244
2.86011
2.82807
2.7963
2.76479
2.73353
2.70242
2.67146
2.64067
2.61002
2.57947
5.85169
5.99002
6.11429
6.22434
6.3202
6.40208
6.47011
6.52476
6.56693
6.59714
6.61573
6.62375
6.62246
6.61198
6.59308
6.5669
6.53411
6.49555
6.45168
6.40321
6.35088
6.29526
6.23678
6.17576
6.11293
6.04887
5.98354
5.91709
5.85024
5.78299
5.7153
5.64807
5.58108
5.51407
5.44738
5.38136
5.31627
5.25202
5.1882
5.12474
5.06221
5.00071
4.94026
4.88087
4.82218
4.76386
4.7065
4.65046
4.59512
4.5405
4.48682
4.43396
4.382
4.33075
4.28014
4.23037
4.18143
4.13338
4.08602
4.03921
3.99292
3.94738
3.90266
3.85856
3.81513
3.77224
3.72983
3.688
3.64682
3.60619
3.56603
3.52645
3.48734
3.44869
3.41052
3.37277
3.33553
3.29874
3.26238
3.22642
3.19087
3.15575
3.12093
3.08644
3.05239
3.01864
2.98526
2.95221
2.91941
2.88694
2.85472
2.82268
2.79091
2.75942
2.72805
2.69687
2.66593
2.6351
2.60431
2.57361
5.56813
5.69072
5.80241
5.90283
5.99165
6.06899
6.13523
6.19034
6.23454
6.2686
6.2927
6.30737
6.31381
6.31211
6.30256
6.28645
6.26409
6.23585
6.20265
6.16494
6.12339
6.07836
6.03012
5.9793
5.92618
5.87142
5.81525
5.75745
5.69898
5.6399
5.57987
5.51959
5.45929
5.3989
5.33864
5.27854
5.21877
5.15953
5.10059
5.0419
4.98403
4.92674
4.86992
4.81393
4.75882
4.70417
4.64987
4.59659
4.5441
4.49214
4.44088
4.39039
4.34066
4.29154
4.24291
4.19498
4.14794
4.10156
4.05559
4.01038
3.96583
3.92161
3.87812
3.83524
3.79298
3.75127
3.70998
3.66918
3.62888
3.58911
3.54983
3.5111
3.47276
3.43487
3.39747
3.3604
3.32378
3.28756
3.25174
3.21631
3.18117
3.14647
3.11213
3.07813
3.04443
3.01095
2.97782
2.94497
2.9124
2.8801
2.84805
2.81625
2.78465
2.75323
2.72195
2.6908
2.65976
2.62888
2.59812
2.56739
5.32116
5.43036
5.53075
5.62194
5.704
5.77654
5.83977
5.89388
5.93873
5.97472
6.00204
6.02122
6.03323
6.03798
6.03548
6.02706
6.013
5.99323
5.96879
5.93991
5.9072
5.87117
5.83183
5.78979
5.74504
5.69838
5.65044
5.60047
5.54943
5.49775
5.44474
5.39098
5.33684
5.28258
5.22839
5.17398
5.11927
5.06474
5.01059
4.95667
4.90295
4.84959
4.79696
4.7446
4.69236
4.64104
4.59017
4.53986
4.49024
4.44083
4.39193
4.34382
4.29638
4.24947
4.20309
4.15706
4.1116
4.06702
4.02293
3.97917
3.93614
3.89347
3.85129
3.80967
3.76856
3.72806
3.6879
3.64818
3.60898
3.57013
3.53174
3.49387
3.45634
3.41922
3.38258
3.34625
3.31028
3.27475
3.23954
3.20467
3.1701
3.13585
3.10192
3.06835
3.03506
3.00201
2.9692
2.93664
2.90436
2.8723
2.84046
2.80886
2.77745
2.74611
2.71498
2.68405
2.65312
2.62225
2.5915
2.56083
5.10331
5.20088
5.29142
5.37453
5.45006
5.51766
5.57739
5.62959
5.67405
5.71076
5.74001
5.76217
5.77789
5.78727
5.79027
5.78763
5.77988
5.7671
5.74976
5.72813
5.70269
5.67418
5.6426
5.60792
5.57046
5.53103
5.49015
5.44725
5.40298
5.35766
5.31083
5.26344
5.21529
5.16633
5.11751
5.06843
5.01867
4.96872
4.9191
4.86976
4.82014
4.77044
4.7215
4.67292
4.62405
4.57579
4.52803
4.48052
4.43372
4.38713
4.34066
4.29495
4.24977
4.20492
4.1607
4.11672
4.07309
4.03032
3.98794
3.94562
3.90412
3.86312
3.82233
3.782
3.74209
3.70278
3.66384
3.62524
3.58713
3.54929
3.51186
3.47491
3.43829
3.40197
3.36611
3.33059
3.29527
3.26037
3.22581
3.19155
3.15762
3.12394
3.09054
3.05733
3.02442
2.99185
2.95945
2.92729
2.89539
2.86366
2.83209
2.80071
2.76946
2.73831
2.70736
2.67656
2.64587
2.61524
2.58461
2.55405
4.90878
4.99672
5.07871
5.1544
5.22389
5.28688
5.34299
5.3927
5.43616
5.47278
5.50285
5.52702
5.54537
5.55786
5.56484
5.56674
5.56388
5.55654
5.54496
5.52934
5.51004
5.48774
5.46241
5.43401
5.40312
5.37005
5.33527
5.29856
5.26009
5.22057
5.17949
5.13767
5.09522
5.05137
5.00711
4.9628
4.91804
4.8725
4.82682
4.78155
4.73596
4.69021
4.64486
4.59954
4.55401
4.50892
4.46411
4.41937
4.37524
4.33131
4.28744
4.24415
4.20122
4.15843
4.11619
4.07434
4.03259
3.99146
3.95088
3.91033
3.87025
3.83073
3.7914
3.75244
3.71391
3.67588
3.63808
3.60058
3.56358
3.52689
3.4904
3.45437
3.41868
3.38323
3.34817
3.31344
3.2789
3.24464
3.21075
3.17716
3.14378
3.11069
3.07789
3.04525
3.01281
2.98064
2.94869
2.91698
2.88548
2.85407
2.8228
2.79172
2.76074
2.72995
2.69929
2.66864
2.6381
2.60775
2.57741
2.54701
4.73371
4.8132
4.88788
4.95716
5.02098
5.07959
5.13245
5.17955
5.2213
5.25729
5.28755
5.31275
5.33284
5.34767
5.35762
5.36288
5.3637
5.36062
5.35373
5.34292
5.32887
5.31181
5.29143
5.26838
5.24333
5.21584
5.1861
5.15476
5.12166
5.08722
5.05155
5.01462
4.97674
4.93785
4.89841
4.85826
4.81756
4.77649
4.73488
4.69324
4.65133
4.60916
4.56721
4.52517
4.48291
4.44083
4.3989
4.35687
4.31538
4.27406
4.23264
4.19168
4.15098
4.11034
4.07011
4.0302
3.99045
3.95104
3.91205
3.87332
3.83482
3.79675
3.75896
3.72141
3.68414
3.64735
3.61088
3.57448
3.53849
3.50293
3.46751
3.43245
3.39769
3.36311
3.32892
3.295
3.26126
3.22772
3.19456
3.16166
3.12888
3.09638
3.06412
3.03209
3.00026
2.96861
2.93711
2.90579
2.87464
2.84365
2.81281
2.78209
2.75146
2.72101
2.6906
2.66026
2.63008
2.59992
2.56977
2.53967
4.57507
4.64726
4.71528
4.77907
4.83808
4.8923
4.94184
4.98657
5.0265
5.0615
5.09154
5.11707
5.13808
5.15454
5.16669
5.17447
5.17817
5.17847
5.17535
5.16842
5.15841
5.14578
5.1299
5.11128
5.09092
5.06833
5.04309
5.01633
4.98814
4.95822
4.92716
4.89473
4.86095
4.82649
4.79143
4.7552
4.71828
4.68125
4.64348
4.6053
4.56701
4.52809
4.48905
4.45031
4.41131
4.37203
4.33282
4.29353
4.25446
4.21561
4.17672
4.13809
4.09951
4.0609
4.02266
3.98465
3.94689
3.90944
3.87199
3.83481
3.79799
3.76139
3.72505
3.68899
3.65306
3.61742
3.58222
3.54708
3.51216
3.47767
3.44335
3.40927
3.37547
3.3418
3.30843
3.2754
3.24252
3.20978
3.17732
3.14511
3.11305
3.08119
3.04953
3.01801
2.98674
2.95565
2.92469
2.89388
2.86318
2.83259
2.80216
2.77187
2.74171
2.71156
2.68147
2.65153
2.62162
2.59172
2.56191
2.53213
4.43031
4.49627
4.55859
4.61713
4.67182
4.72233
4.76866
4.81094
4.84903
4.88286
4.91234
4.93772
4.95933
4.97683
4.99035
5.00016
5.00606
5.00886
5.00884
5.00513
4.9983
4.98927
4.97737
4.96255
4.946
4.92749
4.90635
4.88364
4.85961
4.83379
4.80669
4.77829
4.74854
4.71785
4.68642
4.65412
4.6209
4.58719
4.55301
4.51816
4.48293
4.44748
4.41158
4.37544
4.33931
4.30296
4.26631
4.22957
4.19301
4.15651
4.1199
4.08353
4.04722
4.01059
3.97424
3.93826
3.90224
3.86645
3.83087
3.79532
3.76002
3.72489
3.68997
3.65532
3.6208
3.58642
3.55238
3.51853
3.48475
3.45129
3.41809
3.385
3.35219
3.31949
3.28693
3.25472
3.22273
3.19085
3.1591
3.12759
3.09628
3.06512
3.03412
3.00323
2.97253
2.94194
2.9115
2.88121
2.85106
2.82105
2.79103
2.76106
2.7313
2.70162
2.67199
2.64244
2.61283
2.58331
2.55387
2.52442
4.29754
4.35794
4.41532
4.46936
4.52003
4.56718
4.61057
4.65046
4.68663
4.71909
4.74796
4.77307
4.79474
4.81278
4.82722
4.83859
4.84634
4.85095
4.85316
4.85222
4.84826
4.84184
4.83307
4.82188
4.8086
4.79334
4.77585
4.75675
4.73614
4.71396
4.69052
4.66557
4.63941
4.61229
4.58416
4.55526
4.52559
4.49507
4.46388
4.4322
4.39989
4.36737
4.33448
4.30108
4.26767
4.23391
4.19969
4.16557
4.13149
4.09712
4.0626
4.02827
3.99412
3.95974
3.92521
3.89107
3.8569
3.82272
3.78882
3.75487
3.7211
3.68751
3.65399
3.62068
3.58754
3.55451
3.52166
3.489
3.45639
3.42396
3.39187
3.35982
3.32797
3.2963
3.26465
3.23327
3.20212
3.17102
3.14006
3.10935
3.07872
3.04819
3.0179
2.98772
2.9576
2.92765
2.8978
2.86802
2.83836
2.80883
2.77936
2.74995
2.7206
2.69132
2.66214
2.63298
2.60385
2.57474
2.5456
2.51655
4.17529
4.23079
4.2837
4.33372
4.38079
4.42483
4.46551
4.50323
4.53768
4.5686
4.59647
4.62124
4.64279
4.66107
4.67626
4.68847
4.69759
4.70393
4.70768
4.70881
4.70735
4.70324
4.69693
4.68871
4.67828
4.66583
4.65154
4.63547
4.61792
4.59903
4.57863
4.55675
4.53385
4.50998
4.48496
4.459
4.43226
4.40476
4.37664
4.34796
4.31835
4.28837
4.25815
4.22732
4.19647
4.16533
4.1335
4.10163
4.06989
4.03772
4.00524
3.97295
3.94074
3.9083
3.87565
3.84328
3.81096
3.77842
3.74611
3.71378
3.68143
3.64936
3.61735
3.58532
3.55348
3.52177
3.49015
3.45866
3.42726
3.39586
3.36478
3.33383
3.30294
3.27226
3.2416
3.21111
3.18078
3.1505
3.12037
3.09043
3.06058
3.03075
3.00113
2.97156
2.94205
2.91274
2.88348
2.85432
2.82524
2.79618
2.7672
2.73836
2.70955
2.68074
2.65203
2.62327
2.59456
2.56592
2.53727
2.50859
4.06206
4.11338
4.16238
4.20875
4.25247
4.29372
4.33208
4.36754
4.40024
4.42986
4.45675
4.48091
4.50204
4.52033
4.53613
4.54902
4.55886
4.56653
4.57172
4.57429
4.57482
4.57296
4.56871
4.56264
4.55469
4.54473
4.53312
4.51981
4.50495
4.48883
4.47111
4.45204
4.43197
4.41088
4.38883
4.36566
4.34156
4.31687
4.29135
4.26505
4.23826
4.21097
4.18312
4.15472
4.12607
4.09721
4.06792
4.03821
4.00846
3.97842
3.94802
3.9177
3.88727
3.85664
3.82593
3.79531
3.76462
3.73373
3.70297
3.67224
3.64142
3.61067
3.58006
3.54948
3.51888
3.48843
3.45806
3.4277
3.39747
3.36721
3.33713
3.30722
3.27732
3.24756
3.21786
3.18825
3.15877
3.12938
3.10009
3.0709
3.04177
3.01275
2.98382
2.95492
2.92612
2.89743
2.86874
2.84012
2.81166
2.78324
2.75482
2.72644
2.69809
2.66985
2.64159
2.61331
2.58514
2.55696
2.52875
2.50051
3.95693
4.00438
4.04988
4.09322
4.13396
4.17241
4.20867
4.24219
4.2731
4.30144
4.32728
4.35083
4.37155
4.38959
4.40559
4.41911
4.42966
4.43794
4.44425
4.44819
4.45022
4.45017
4.44776
4.4435
4.43753
4.42976
4.42042
4.40957
4.39712
4.38332
4.36802
4.35147
4.33384
4.31524
4.29582
4.27523
4.25356
4.23118
4.20821
4.18448
4.1599
4.1349
4.10939
4.08339
4.05711
4.03007
4.00271
3.97537
3.94777
3.91964
3.89101
3.86255
3.83409
3.80526
3.77622
3.7472
3.71817
3.68897
3.65977
3.63043
3.60106
3.57177
3.54244
3.51321
3.48389
3.45463
3.42551
3.39631
3.36717
3.33806
3.30902
3.28013
3.25127
3.22243
3.19367
3.16493
3.13633
3.10778
3.07926
3.05084
3.0225
2.99423
2.96598
2.93784
2.90974
2.88168
2.85368
2.8257
2.79777
2.76988
2.74208
2.71428
2.68653
2.65874
2.6309
2.6032
2.57551
2.54786
2.52009
2.49233
3.85903
3.90307
3.94529
3.98575
4.02405
4.0601
4.09403
4.12585
4.15528
4.1823
4.20713
4.22978
4.25012
4.26801
4.28388
4.29767
4.30888
4.31768
4.3247
4.32987
4.33311
4.33431
4.33343
4.33092
4.32662
4.32068
4.31332
4.3044
4.29405
4.28243
4.26942
4.25503
4.23954
4.22314
4.20583
4.18754
4.16843
4.14831
4.12741
4.10585
4.08341
4.06068
4.03737
4.01318
3.9891
3.96449
3.93878
3.91317
3.88763
3.86144
3.83467
3.80803
3.78128
3.754
3.72661
3.69934
3.67191
3.6441
3.61636
3.58859
3.56061
3.53268
3.50463
3.47665
3.44868
3.42059
3.39259
3.3646
3.33655
3.30855
3.28055
3.25263
3.22473
3.19688
3.16904
3.14122
3.11351
3.08581
3.05809
3.03045
3.00288
2.97535
2.94788
2.92046
2.893
2.86562
2.83829
2.81094
2.7836
2.75634
2.72908
2.70185
2.67467
2.64744
2.62026
2.59306
2.56578
2.53856
2.51138
2.48414
3.76738
3.8085
3.84797
3.88563
3.92149
3.95566
3.98763
4.01754
4.04557
4.07137
4.0953
4.11718
4.13679
4.15444
4.1703
4.18408
4.19557
4.20499
4.2127
4.21866
4.22282
4.22504
4.22541
4.22438
4.22167
4.21715
4.2114
4.20432
4.1958
4.18602
4.17491
4.16253
4.14906
4.13461
4.11924
4.10303
4.08595
4.06779
4.04888
4.02956
4.00929
3.98823
3.96688
3.94479
3.92243
3.89993
3.87625
3.85204
3.8283
3.80402
3.779
3.75418
3.72908
3.70325
3.67742
3.6517
3.62574
3.59952
3.57315
3.54668
3.52011
3.49359
3.46685
3.43997
3.41326
3.38648
3.35957
3.33265
3.30574
3.27881
3.25186
3.22492
3.19798
3.17105
3.14411
3.11724
3.09036
3.06349
3.03666
3.00986
2.98304
2.95623
2.9295
2.9028
2.87608
2.84935
2.82266
2.79596
2.7693
2.74265
2.71599
2.68935
2.66264
2.63601
2.60944
2.58274
2.55603
2.52934
2.50263
2.47588
3.6815
3.71986
3.75694
3.79229
3.82581
3.85799
3.88835
3.91656
3.94319
3.96797
3.9908
4.01198
4.03109
4.04825
4.06385
4.07755
4.08928
4.0993
4.10758
4.1139
4.11867
4.12204
4.12346
4.12348
4.12221
4.11903
4.11453
4.10905
4.10205
4.09378
4.08451
4.07408
4.06226
4.04938
4.03595
4.02164
4.00621
3.98999
3.97308
3.95545
3.93703
3.91785
3.89833
3.87815
3.85735
3.83643
3.81485
3.79244
3.77015
3.74754
3.72415
3.70085
3.67737
3.65319
3.62889
3.60458
3.57993
3.55515
3.53023
3.5051
3.47979
3.45452
3.42916
3.40347
3.37782
3.35227
3.32657
3.30066
3.2748
3.24894
3.22297
3.19703
3.17109
3.14512
3.11912
3.09309
3.06706
3.04103
3.01502
2.98896
2.96297
2.937
2.91095
2.88488
2.85885
2.83282
2.80679
2.7808
2.75483
2.72881
2.70278
2.67673
2.65065
2.62458
2.59845
2.57231
2.54618
2.52006
2.49383
2.46763
3.60088
3.63678
3.67155
3.70479
3.73624
3.76659
3.79544
3.82217
3.84745
3.87123
3.89308
3.91346
3.9322
3.94896
3.96396
3.97752
3.98959
3.99981
4.00844
4.01533
4.02053
4.02468
4.02713
4.02794
4.02773
4.02598
4.02261
4.01822
4.01274
4.00586
3.99802
3.98924
3.97899
3.96779
3.95601
3.94314
3.92923
3.91482
3.89974
3.88371
3.86709
3.84967
3.83161
3.81311
3.79399
3.77453
3.75467
3.73414
3.71323
3.6921
3.67039
3.64839
3.62631
3.6038
3.58098
3.55803
3.53475
3.51119
3.48757
3.46381
3.4398
3.41568
3.39158
3.36717
3.34257
3.31808
3.29356
3.26876
3.24386
3.21905
3.19412
3.16911
3.14408
3.11903
3.09397
3.06886
3.0437
3.01852
2.9933
2.96801
2.94278
2.91758
2.8923
2.86695
2.84156
2.8162
2.79094
2.7656
2.74018
2.7148
2.68943
2.664
2.63855
2.61305
2.58749
2.56195
2.53635
2.51074
2.4851
2.45944
3.52492
3.55864
3.59136
3.62261
3.65227
3.68098
3.70824
3.73362
3.75775
3.78053
3.8015
3.82104
3.83921
3.85567
3.8704
3.88376
3.89573
3.90592
3.91491
3.92246
3.92805
3.9326
3.93597
3.93753
3.93801
3.93746
3.93532
3.93192
3.92757
3.92208
3.9154
3.90777
3.89914
3.88953
3.87915
3.86775
3.85531
3.84236
3.82885
3.81429
3.79923
3.78352
3.76685
3.74985
3.73239
3.71436
3.69598
3.67708
3.65754
3.63775
3.61771
3.5971
3.57617
3.55517
3.53379
3.51211
3.49026
3.46795
3.44541
3.42293
3.40024
3.37723
3.35425
3.33111
3.3076
3.28414
3.26065
3.23699
3.21309
3.1892
3.16536
3.1413
3.11717
3.09301
3.06878
3.04452
3.02028
2.99594
2.97152
2.94707
2.9226
2.8981
2.87352
2.84893
2.82438
2.79977
2.77509
2.75038
2.72562
2.70082
2.67602
2.65117
2.62633
2.60146
2.57653
2.55158
2.5266
2.50153
2.47644
2.4513
3.45328
3.485
3.51585
3.54528
3.57333
3.60054
3.62633
3.65055
3.67343
3.6952
3.71555
3.73429
3.7517
3.7677
3.78237
3.79569
3.80737
3.8174
3.82668
3.83471
3.84069
3.84551
3.84936
3.8519
3.85319
3.85333
3.85223
3.84969
3.84621
3.84217
3.83672
3.82993
3.82258
3.81439
3.8053
3.7952
3.78427
3.77261
3.76031
3.74733
3.73371
3.71929
3.70405
3.68853
3.67251
3.65582
3.63884
3.62136
3.60325
3.58479
3.56604
3.54686
3.52723
3.50745
3.48743
3.46697
3.44641
3.42549
3.40405
3.38259
3.36118
3.33936
3.31735
3.29539
3.27303
3.25051
3.22805
3.20543
3.18253
3.15957
3.1367
3.11365
3.09035
3.06711
3.04377
3.02032
2.99686
2.97331
2.94972
2.92612
2.90241
2.87863
2.85479
2.83093
2.80711
2.7832
2.75913
2.73508
2.71105
2.68696
2.66273
2.63847
2.61422
2.58991
2.56558
2.54123
2.51686
2.49237
2.46779
2.44323
3.38564
3.4156
3.44447
3.47228
3.49906
3.52479
3.54913
3.57229
3.59427
3.61497
3.63438
3.65265
3.66965
3.68488
3.69909
3.71251
3.7242
3.73412
3.74325
3.75156
3.75811
3.76315
3.76737
3.77069
3.77257
3.77336
3.77326
3.77141
3.76861
3.76569
3.7615
3.75567
3.74935
3.74247
3.73437
3.72544
3.71597
3.70542
3.69422
3.68284
3.6704
3.65703
3.64328
3.62914
3.61444
3.5991
3.58328
3.56706
3.5503
3.53315
3.51565
3.49773
3.47942
3.46079
3.44192
3.42268
3.40324
3.38361
3.36345
3.34297
3.32263
3.30205
3.28103
3.26003
3.2389
3.2173
3.19576
3.17422
3.15233
3.13026
3.10826
3.08617
3.06376
3.04133
3.01892
2.99633
2.97363
2.95092
2.92808
2.90521
2.88225
2.8592
2.83619
2.8131
2.78992
2.76661
2.74322
2.71989
2.69646
2.67297
2.64948
2.62593
2.60224
2.57854
2.55481
2.53101
2.50714
2.48325
2.45936
2.43534
3.32128
3.34991
3.37722
3.40334
3.42876
3.45324
3.47655
3.49856
3.51943
3.53945
3.55803
3.57548
3.59217
3.60704
3.62051
3.63356
3.64554
3.65579
3.66449
3.67261
3.67971
3.68527
3.68999
3.69352
3.69576
3.69735
3.69799
3.69695
3.69486
3.6927
3.68946
3.68467
3.67944
3.67348
3.66617
3.65839
3.65034
3.64105
3.63072
3.62032
3.60921
3.59711
3.5846
3.57163
3.55808
3.54399
3.52941
3.51436
3.49881
3.48285
3.46655
3.4498
3.43267
3.41523
3.39746
3.37938
3.36099
3.34243
3.32348
3.30416
3.28478
3.26526
3.2453
3.2252
3.20516
3.18466
3.1639
3.14332
3.1225
3.10131
3.08017
3.05896
3.03747
3.01583
2.9942
2.9725
2.95063
2.92877
2.90675
2.88457
2.86229
2.83997
2.81771
2.79528
2.77274
2.75015
2.72753
2.70485
2.68203
2.65918
2.6363
2.61333
2.59034
2.5673
2.54413
2.52093
2.49759
2.47429
2.45098
2.42747
3.26029
3.28735
3.3135
3.33827
3.36233
3.38555
3.40778
3.42908
3.44885
3.4679
3.48606
3.50275
3.51877
3.53352
3.54656
3.55897
3.5708
3.58141
3.59032
3.59807
3.60522
3.6113
3.61638
3.62035
3.62311
3.62495
3.62603
3.62601
3.62477
3.62303
3.62045
3.61688
3.61259
3.60724
3.60102
3.59429
3.58697
3.57879
3.56972
3.56025
3.55024
3.53935
3.52789
3.51596
3.50353
3.49059
3.47713
3.4632
3.4488
3.43396
3.41876
3.40313
3.38711
3.37077
3.35408
3.3371
3.31978
3.30218
3.2843
3.2661
3.24772
3.22915
3.21023
3.19109
3.17193
3.15252
3.13267
3.11287
3.09302
3.0728
3.05249
3.0321
3.01153
2.99075
2.96986
2.94896
2.9279
2.90674
2.88552
2.86409
2.8426
2.82111
2.79944
2.77762
2.75578
2.73391
2.712
2.68992
2.66779
2.64559
2.62329
2.60096
2.5786
2.55606
2.53349
2.51092
2.48827
2.46549
2.44258
2.4197
3.2026
3.22816
3.25294
3.27652
3.29942
3.32168
3.34272
3.36299
3.3822
3.40048
3.41785
3.43396
3.44933
3.4637
3.47669
3.48879
3.50016
3.51054
3.51979
3.52776
3.53474
3.54095
3.54627
3.55073
3.55416
3.5562
3.55756
3.55839
3.55781
3.55648
3.55461
3.55193
3.54854
3.54397
3.53861
3.53274
3.52615
3.519
3.51107
3.50244
3.49331
3.48357
3.47319
3.46224
3.45081
3.43891
3.42651
3.41361
3.40026
3.3865
3.37233
3.35775
3.34277
3.32745
3.3118
3.29584
3.27953
3.2629
3.24602
3.22885
3.21142
3.19376
3.17583
3.15768
3.13935
3.12087
3.10201
3.083
3.06397
3.04471
3.02525
3.00563
2.9859
2.96605
2.94597
2.92579
2.90555
2.88512
2.86458
2.8439
2.82315
2.80233
2.78132
2.76028
2.73919
2.71801
2.69669
2.67523
2.65371
2.63212
2.61049
2.58879
2.56694
2.54504
2.52314
2.50105
2.47898
2.45685
2.43458
2.41224
3.14756
3.17192
3.19547
3.21803
3.23973
3.26093
3.28131
3.30044
3.31879
3.3367
3.3534
3.36875
3.38354
3.39751
3.4103
3.42232
3.43344
3.44341
3.45267
3.46098
3.468
3.47416
3.47968
3.48447
3.48823
3.4907
3.49252
3.4939
3.49394
3.4931
3.49184
3.4898
3.48704
3.48326
3.47874
3.47376
3.46798
3.46156
3.45453
3.44685
3.4386
3.42978
3.42036
3.41037
3.39991
3.38897
3.37752
3.36563
3.35323
3.34044
3.32727
3.31366
3.29968
3.28535
3.27065
3.25565
3.24031
3.22462
3.20866
3.19244
3.17596
3.1592
3.14218
3.12495
3.1075
3.08985
3.07192
3.05373
3.0355
3.01711
2.9985
2.97968
2.96063
2.94159
2.92239
2.90289
2.88339
2.8638
2.84401
2.82411
2.80408
2.78388
2.76353
2.74315
2.72273
2.70223
2.68154
2.66072
2.63987
2.61904
2.59803
2.57679
2.5555
2.53429
2.51293
2.49147
2.46997
2.4484
2.42676
2.40493
3.0951
3.11821
3.14074
3.16245
3.18315
3.20323
3.22289
3.2414
3.25869
3.27575
3.2923
3.3073
3.32119
3.33462
3.34732
3.35921
3.3701
3.37993
3.38904
3.3973
3.40447
3.41069
3.41654
3.42157
3.42527
3.42828
3.43067
3.4322
3.43286
3.4327
3.43195
3.43046
3.42817
3.42514
3.42141
3.41711
3.41213
3.40647
3.4002
3.39338
3.38599
3.37799
3.36943
3.36033
3.35076
3.34071
3.33017
3.31921
3.30774
3.29585
3.2836
3.27091
3.25784
3.24444
3.23066
3.21656
3.20213
3.18736
3.1723
3.15696
3.14137
3.1255
3.10935
3.09297
3.07638
3.05955
3.04249
3.02515
3.0077
2.9901
2.97229
2.95428
2.93601
2.91767
2.89922
2.88046
2.86162
2.84277
2.8237
2.80452
2.78525
2.76578
2.74618
2.72645
2.70663
2.68672
2.66667
2.64649
2.62634
2.60607
2.5856
2.56511
2.54454
2.52379
2.50293
2.48214
2.4612
2.4401
2.41893
2.39774
3.04528
3.06712
3.08856
3.10933
3.12928
3.1486
3.16725
3.18522
3.20193
3.21791
3.23396
3.24896
3.26212
3.27487
3.28762
3.29935
3.30995
3.31956
3.32842
3.33678
3.34413
3.35041
3.35638
3.3615
3.36546
3.36899
3.37166
3.37337
3.37449
3.37491
3.37464
3.37366
3.37194
3.36953
3.36649
3.36284
3.35852
3.35356
3.34805
3.34197
3.33533
3.32815
3.3204
3.31212
3.30336
3.29414
3.28446
3.27433
3.26375
3.25272
3.2413
3.22948
3.21729
3.20476
3.19186
3.17861
3.16503
3.15112
3.13693
3.12244
3.10767
3.09265
3.07734
3.06176
3.04599
3.02999
3.01374
2.99725
2.98055
2.9637
2.94666
2.92941
2.91195
2.89433
2.8766
2.85866
2.84048
2.82228
2.80394
2.78537
2.7667
2.74791
2.72903
2.71004
2.69091
2.67163
2.65219
2.63272
2.61316
2.59332
2.5734
2.5536
2.53373
2.51359
2.49331
2.47297
2.45257
2.43204
2.41146
2.39088
2.99767
3.0186
3.03893
3.05871
3.07803
3.09661
3.11418
3.13149
3.14805
3.16341
3.17848
3.19301
3.20605
3.21841
3.23075
3.24233
3.25282
3.26219
3.27081
3.27911
3.28669
3.2932
3.29905
3.3042
3.30852
3.31227
3.31525
3.31741
3.3189
3.31971
3.31986
3.31932
3.31811
3.31629
3.31383
3.31081
3.30714
3.30282
3.29798
3.29257
3.28662
3.28018
3.27319
3.26569
3.2577
3.24924
3.24034
3.23101
3.22122
3.21101
3.20041
3.18941
3.17803
3.16632
3.15424
3.1418
3.12904
3.11595
3.10258
3.08891
3.07492
3.06069
3.0462
3.0314
3.0164
3.00118
2.98569
2.96999
2.95406
2.93794
2.92163
2.90512
2.88842
2.87152
2.85446
2.83727
2.81984
2.80229
2.78465
2.76675
2.74871
2.73059
2.71234
2.69395
2.67542
2.65678
2.63802
2.61916
2.60014
2.58102
2.56185
2.54252
2.52301
2.5035
2.48394
2.46415
2.44428
2.42432
2.40431
2.38426
2.95214
2.97232
2.99158
3.01048
3.02921
3.04693
3.06377
3.08037
3.09644
3.11158
3.12593
3.13964
3.15266
3.16495
3.17668
3.18786
3.19823
3.20762
3.21628
3.22434
3.23177
3.23852
3.24452
3.24977
3.25426
3.25815
3.26138
3.26389
3.26575
3.26695
3.2675
3.2674
3.26666
3.26532
3.2634
3.26091
3.25781
3.25414
3.24992
3.24511
3.23981
3.23408
3.22779
3.22097
3.2137
3.20596
3.19781
3.18923
3.18018
3.17073
3.16091
3.15067
3.14006
3.12912
3.11782
3.10616
3.09416
3.08185
3.06925
3.05637
3.04316
3.02966
3.01593
3.00191
2.98764
2.97317
2.95843
2.94346
2.92828
2.91287
2.89727
2.88148
2.86547
2.84928
2.8329
2.81638
2.79966
2.78278
2.76577
2.74856
2.73123
2.71378
2.69614
2.67834
2.66041
2.64237
2.62424
2.60594
2.58747
2.569
2.55047
2.53171
2.51274
2.49373
2.47473
2.45559
2.43628
2.41693
2.39751
2.37791
2.90844
2.92795
2.94654
2.9646
2.98242
2.99945
3.01591
3.03183
3.04712
3.0619
3.07588
3.08909
3.10179
3.11393
3.12533
3.13601
3.1461
3.15555
3.16433
3.17233
3.17958
3.18627
3.19239
3.19782
3.20255
3.2066
3.21004
3.21281
3.21495
3.21648
3.2174
3.21773
3.21743
3.21654
3.21512
3.21312
3.21053
3.20741
3.20379
3.19961
3.19489
3.18973
3.18411
3.17797
3.17136
3.16431
3.15683
3.14894
3.14063
3.13188
3.12276
3.11325
3.10337
3.09315
3.08259
3.07167
3.06041
3.04884
3.03698
3.02481
3.01234
2.99959
2.98658
2.97329
2.95974
2.94598
2.93197
2.91769
2.90322
2.88853
2.87361
2.85848
2.84317
2.82767
2.81197
2.7961
2.78005
2.76382
2.74744
2.73088
2.71419
2.69734
2.68032
2.66313
2.64584
2.62844
2.6109
2.59321
2.57536
2.5574
2.53932
2.52112
2.50285
2.48444
2.46589
2.44728
2.42858
2.4098
2.39091
2.37182
2.86666
2.88527
2.90332
2.92078
2.93777
2.95424
2.97012
2.98546
3.00027
3.01444
3.02802
3.04104
3.05339
3.06511
3.07629
3.08677
3.09661
3.10589
3.11457
3.12262
3.12993
3.13662
3.14273
3.1482
3.15308
3.15736
3.16102
3.16404
3.16642
3.16824
3.16953
3.17024
3.1703
3.16982
3.16887
3.16733
3.16523
3.16262
3.15951
3.1559
3.15177
3.14715
3.14211
3.13662
3.13065
3.12423
3.11738
3.11012
3.10248
3.09443
3.08598
3.07716
3.06798
3.05844
3.04856
3.03833
3.02777
3.01692
3.00575
2.99428
2.98251
2.97046
2.95815
2.94557
2.9327
2.91962
2.90631
2.89272
2.87891
2.8649
2.85066
2.83621
2.82155
2.8067
2.79166
2.77643
2.76101
2.74542
2.72967
2.71374
2.69764
2.68138
2.66497
2.64841
2.63172
2.6149
2.59794
2.58084
2.56359
2.54619
2.52865
2.51101
2.49329
2.47545
2.45747
2.43938
2.42123
2.40291
2.38447
2.36598
2.82669
2.8445
2.86189
2.87876
2.89514
2.91105
2.92636
2.94121
2.95557
2.9692
2.98233
2.99513
3.00722
3.01853
3.02939
3.03979
3.04957
3.05867
3.06714
3.07505
3.08239
3.08919
3.09542
3.10094
3.10588
3.11029
3.11414
3.11741
3.12008
3.12214
3.12372
3.12478
3.12523
3.12514
3.12456
3.12343
3.1218
3.11969
3.11706
3.11395
3.11037
3.10631
3.1018
3.09684
3.09147
3.08568
3.07945
3.07279
3.06574
3.05833
3.05055
3.04238
3.03383
3.02493
3.01573
3.00619
2.99628
2.98609
2.97559
2.96478
2.95369
2.94231
2.93066
2.91875
2.90656
2.89413
2.88147
2.86854
2.85538
2.84203
2.82843
2.81461
2.8006
2.78639
2.77197
2.75736
2.74257
2.72759
2.71244
2.69713
2.68164
2.66599
2.65018
2.63421
2.61809
2.60182
2.58542
2.56887
2.55218
2.53535
2.51839
2.50132
2.48413
2.46682
2.44939
2.43183
2.41417
2.39639
2.37849
2.36051
2.78834
2.80549
2.82224
2.83854
2.85435
2.86967
2.88454
2.8989
2.91276
2.92611
2.9389
2.95115
2.96295
2.97417
2.98476
2.99487
3.0045
3.01355
3.02197
3.02982
3.03712
3.04384
3.05008
3.05577
3.06085
3.06537
3.06936
3.07284
3.07575
3.07808
3.07993
3.08129
3.08206
3.08234
3.08214
3.08139
3.08018
3.07854
3.07636
3.07371
3.07062
3.0671
3.06312
3.05865
3.05381
3.04862
3.04298
3.03688
3.03042
3.0236
3.01642
3.00888
3.00095
2.99266
2.98408
2.9752
2.96592
2.95634
2.94649
2.93633
2.92588
2.91513
2.90412
2.89286
2.8813
2.8695
2.85748
2.84518
2.83265
2.81992
2.80696
2.79376
2.78036
2.76676
2.75296
2.73896
2.72477
2.71039
2.69583
2.68111
2.6662
2.65114
2.6359
2.62051
2.60495
2.58924
2.57339
2.5574
2.54126
2.525
2.5086
2.49206
2.47539
2.45859
2.44168
2.42464
2.40749
2.39023
2.37285
2.35537
2.75149
2.76807
2.78424
2.8
2.81528
2.83008
2.8445
2.85842
2.87179
2.88483
2.89738
2.90922
2.92066
2.93174
2.94222
2.95209
2.96143
2.97028
2.97869
2.98661
2.99396
3.00066
3.00682
3.01256
3.01775
3.0224
3.0266
3.03028
3.03335
3.03593
3.03807
3.03968
3.04073
3.04135
3.04153
3.04115
3.04032
3.03908
3.03735
3.03515
3.03252
3.02946
3.02599
3.02204
3.01769
3.01301
3.0079
3.00238
2.99648
2.99022
2.9836
2.97664
2.96931
2.96162
2.95361
2.94533
2.93668
2.92769
2.91845
2.9089
2.89905
2.88892
2.87852
2.86787
2.85693
2.84574
2.83433
2.82265
2.81072
2.7986
2.78625
2.77365
2.76084
2.74784
2.73463
2.72122
2.70762
2.69382
2.67985
2.66569
2.65135
2.63684
2.62216
2.60732
2.59233
2.57717
2.56187
2.54642
2.53082
2.51509
2.4992
2.48318
2.46704
2.45077
2.43437
2.41784
2.4012
2.38443
2.36756
2.35058
2.71613
2.73213
2.74777
2.76302
2.7778
2.79218
2.80613
2.81964
2.83274
2.84532
2.85742
2.86915
2.88042
2.89114
2.90134
2.91114
2.92044
2.92914
2.93738
2.9452
2.95252
2.95932
2.96557
2.97133
2.97659
2.98136
2.98569
2.98952
2.99282
2.99562
2.99798
2.99985
3.00123
3.00216
3.00263
3.00261
3.00215
3.0013
2.99996
2.99817
2.99598
2.99336
2.99034
2.98691
2.98307
2.97884
2.97421
2.96923
2.96388
2.95813
2.95205
2.94566
2.93889
2.93178
2.92431
2.91657
2.90854
2.90013
2.89144
2.88249
2.87323
2.86368
2.85387
2.84382
2.83348
2.82286
2.81203
2.80095
2.7896
2.77805
2.76628
2.75427
2.74204
2.72962
2.71698
2.70413
2.69109
2.67787
2.66446
2.65085
2.63708
2.62313
2.609
2.5947
2.58025
2.56563
2.55086
2.53593
2.52084
2.50562
2.49026
2.47476
2.45913
2.44337
2.42747
2.41145
2.3953
2.37902
2.36264
2.34614
2.68213
2.69755
2.71271
2.72752
2.74184
2.75579
2.76934
2.78251
2.79531
2.80752
2.81926
2.83078
2.84189
2.85237
2.86228
2.87184
2.8811
2.88983
2.89801
2.90572
2.91293
2.91973
2.92605
2.93189
2.93725
2.94215
2.94661
2.95055
2.95401
2.95705
2.95966
2.96176
2.96337
2.96462
2.9654
2.96572
2.9656
2.96508
2.96412
2.96274
2.961
2.95877
2.95614
2.95321
2.94985
2.94605
2.9419
2.93741
2.9326
2.92736
2.92175
2.91589
2.90967
2.9031
2.89618
2.88894
2.88146
2.87366
2.86551
2.8571
2.84843
2.83944
2.83019
2.8207
2.81093
2.80088
2.79061
2.7801
2.76932
2.75832
2.74712
2.73568
2.72401
2.71213
2.70005
2.68776
2.67527
2.66259
2.64972
2.63665
2.62341
2.61
2.5964
2.58263
2.5687
2.55463
2.54038
2.52596
2.5114
2.49668
2.48183
2.46684
2.45171
2.43641
2.42099
2.40546
2.3898
2.37401
2.35809
2.34207
2.64941
2.66439
2.67906
2.6934
2.70734
2.72086
2.73408
2.74693
2.75926
2.77126
2.78292
2.79406
2.80478
2.81514
2.82507
2.8345
2.84347
2.85201
2.86021
2.86792
2.87515
2.88196
2.88829
2.89419
2.89965
2.9046
2.90913
2.91326
2.91694
2.92018
2.92298
2.92532
2.9272
2.92868
2.92972
2.93036
2.93063
2.93044
2.92981
2.9288
2.92743
2.92564
2.92344
2.92089
2.91797
2.91463
2.91094
2.90692
2.90257
2.89785
2.89271
2.88732
2.88163
2.87558
2.86919
2.86248
2.85549
2.84822
2.84063
2.83275
2.82462
2.81618
2.80746
2.7985
2.78929
2.7798
2.77005
2.7601
2.74989
2.73943
2.72876
2.71785
2.70674
2.69539
2.68385
2.6721
2.66015
2.648
2.63565
2.62312
2.61039
2.59749
2.58441
2.57116
2.55775
2.54417
2.53042
2.51651
2.50245
2.48824
2.47386
2.45935
2.44469
2.42989
2.41496
2.39991
2.38472
2.3694
2.35396
2.3384
2.61787
2.63247
2.64671
2.66061
2.67421
2.6874
2.70024
2.71275
2.72474
2.73648
2.74803
2.75893
2.76925
2.77938
2.7893
2.79875
2.80761
2.81597
2.82399
2.83168
2.83894
2.84577
2.85217
2.85813
2.86366
2.86872
2.87333
2.8776
2.88146
2.88485
2.88784
2.89045
2.8926
2.8943
2.89562
2.89655
2.89712
2.89726
2.89696
2.89631
2.8953
2.8939
2.89211
2.88995
2.88742
2.88452
2.88128
2.87772
2.87379
2.86953
2.86492
2.85997
2.85474
2.8492
2.84332
2.83712
2.83062
2.82384
2.81677
2.80941
2.80179
2.79388
2.78568
2.77724
2.76856
2.75961
2.75038
2.74094
2.73125
2.72134
2.71118
2.7008
2.69021
2.67939
2.66838
2.65715
2.64572
2.63408
2.62223
2.61021
2.598
2.5856
2.57304
2.5603
2.54737
2.53426
2.52099
2.50758
2.49402
2.48029
2.4664
2.45236
2.43817
2.42386
2.40941
2.3948
2.38007
2.36522
2.35023
2.33512
2.58755
2.6017
2.61557
2.6291
2.64232
2.65525
2.6677
2.67984
2.6918
2.70325
2.71427
2.72508
2.73548
2.74541
2.75497
2.76417
2.77305
2.78153
2.7895
2.79708
2.80431
2.81111
2.81754
2.82357
2.82916
2.83437
2.83916
2.84354
2.84751
2.85107
2.85424
2.85704
2.85947
2.86142
2.86298
2.86421
2.86504
2.86549
2.86555
2.86523
2.86456
2.86352
2.86209
2.86032
2.8582
2.85571
2.85291
2.84976
2.84624
2.84242
2.8383
2.8338
2.829
2.82392
2.81853
2.81282
2.80681
2.80051
2.79394
2.78707
2.77994
2.77255
2.76486
2.75692
2.74874
2.7403
2.73159
2.72265
2.71347
2.70406
2.69442
2.68456
2.67448
2.66419
2.65366
2.64293
2.63199
2.62086
2.60952
2.59799
2.58627
2.57436
2.56229
2.55002
2.53757
2.52496
2.51218
2.49925
2.48615
2.47289
2.45948
2.44591
2.43218
2.41831
2.40432
2.39017
2.37588
2.36146
2.34692
2.33226
2.5583
2.57204
2.58556
2.59877
2.61163
2.62428
2.63647
2.64828
2.66001
2.67129
2.68201
2.69254
2.70293
2.71287
2.72223
2.7312
2.73991
2.74835
2.75639
2.76399
2.77118
2.77796
2.78437
2.79048
2.7962
2.80148
2.8064
2.81094
2.81504
2.81874
2.82212
2.82512
2.82774
2.82993
2.83177
2.83329
2.83437
2.83509
2.83549
2.83551
2.83514
2.83446
2.83339
2.83196
2.83025
2.82817
2.82574
2.823
2.8199
2.8165
2.81282
2.80877
2.8044
2.79978
2.79483
2.78959
2.78407
2.77823
2.77213
2.76575
2.75909
2.75219
2.74499
2.73753
2.72984
2.72189
2.71368
2.70521
2.69654
2.68764
2.67849
2.66912
2.65953
2.64972
2.63968
2.62944
2.61898
2.60833
2.59749
2.58645
2.57522
2.5638
2.55218
2.54039
2.52842
2.51629
2.50399
2.4915
2.47884
2.46603
2.45306
2.43995
2.42669
2.41327
2.39971
2.386
2.37216
2.35818
2.34408
2.32983
2.53
2.54345
2.55665
2.56953
2.58209
2.59438
2.60639
2.61813
2.62941
2.64039
2.65119
2.6616
2.67158
2.68131
2.6907
2.6997
2.70838
2.71669
2.72459
2.73216
2.73937
2.74623
2.75272
2.75883
2.76463
2.77002
2.775
2.77965
2.78397
2.78787
2.7914
2.79458
2.79738
2.79985
2.80194
2.80369
2.80505
2.80603
2.80673
2.80708
2.80702
2.80667
2.80598
2.80488
2.80352
2.80182
2.79978
2.79743
2.79473
2.79174
2.78847
2.78487
2.78092
2.77671
2.77221
2.76743
2.76235
2.75696
2.75133
2.7454
2.73919
2.73277
2.72605
2.71906
2.71183
2.70435
2.69663
2.68866
2.68046
2.67203
2.66335
2.65446
2.64533
2.63597
2.62641
2.61666
2.60669
2.59651
2.58614
2.57557
2.56481
2.55385
2.54271
2.53139
2.51989
2.5082
2.49633
2.48429
2.4721
2.45973
2.44721
2.43453
2.42171
2.40873
2.39559
2.38231
2.36891
2.35535
2.34166
2.32783
2.50271
2.51589
2.52876
2.54133
2.55366
2.56563
2.57743
2.58899
2.60003
2.61078
2.62148
2.63185
2.64166
2.65109
2.66035
2.66936
2.67805
2.68633
2.69416
2.70168
2.70894
2.71585
2.72236
2.72855
2.73442
2.7399
2.74498
2.74974
2.75421
2.75827
2.762
2.76541
2.76839
2.77105
2.77338
2.77539
2.77702
2.77827
2.77928
2.77992
2.78015
2.78011
2.77978
2.77904
2.77798
2.77666
2.77501
2.77302
2.77072
2.76812
2.76524
2.76204
2.75852
2.75473
2.75066
2.7463
2.74164
2.73669
2.73151
2.72603
2.72026
2.7143
2.70805
2.70149
2.69473
2.68773
2.68046
2.67294
2.6652
2.65723
2.64901
2.64057
2.63191
2.62304
2.61395
2.60465
2.59516
2.58544
2.57552
2.5654
2.55508
2.54457
2.53388
2.523
2.51194
2.50069
2.48927
2.47769
2.46594
2.45402
2.44193
2.42968
2.41726
2.4047
2.39199
2.37914
2.36615
2.353
2.33971
2.3263
2.4764
2.48921
2.50182
2.51416
2.5262
2.53804
2.5496
2.56078
2.5718
2.58257
2.59283
2.60289
2.61281
2.62232
2.63144
2.64029
2.64883
2.65706
2.66495
2.67251
2.67982
2.68674
2.69325
2.69951
2.70549
2.71106
2.71626
2.72114
2.72572
2.72996
2.73388
2.73747
2.74066
2.74354
2.74613
2.74835
2.75018
2.75173
2.75305
2.75397
2.75452
2.75476
2.75472
2.75437
2.75366
2.75265
2.75136
2.74975
2.74783
2.74561
2.74309
2.7403
2.73718
2.73379
2.73014
2.72618
2.72196
2.71745
2.71268
2.70764
2.70231
2.69676
2.69098
2.68488
2.67853
2.67196
2.66516
2.6581
2.65079
2.64327
2.63552
2.62752
2.61933
2.61091
2.60226
2.59341
2.58437
2.5751
2.56561
2.55594
2.54606
2.536
2.52573
2.51528
2.50465
2.49383
2.48285
2.47169
2.46035
2.44885
2.43719
2.42536
2.41338
2.40122
2.38891
2.37647
2.36388
2.35114
2.33826
2.32523
2.45094
2.46342
2.47579
2.48796
2.49978
2.51142
2.52274
2.53366
2.54458
2.55531
2.56541
2.57521
2.58497
2.59449
2.60364
2.61241
2.62084
2.62905
2.63699
2.64456
2.65185
2.65879
2.66536
2.6717
2.67774
2.68341
2.68879
2.69382
2.6985
2.7029
2.70699
2.71073
2.71412
2.71725
2.72005
2.72251
2.72461
2.7264
2.72798
2.72921
2.73004
2.73057
2.73085
2.73084
2.73044
2.72976
2.72884
2.72757
2.72601
2.72418
2.72202
2.71961
2.7169
2.7139
2.71065
2.70709
2.70327
2.6992
2.69483
2.6902
2.6853
2.68018
2.6748
2.66915
2.66323
2.6571
2.65073
2.64411
2.63724
2.63015
2.62285
2.61529
2.60753
2.59954
2.59133
2.58291
2.57428
2.56544
2.55639
2.54716
2.53773
2.52809
2.51826
2.50823
2.49803
2.48764
2.47708
2.46632
2.45539
2.44429
2.43304
2.42162
2.41003
2.39828
2.38639
2.37434
2.36214
2.34977
2.33726
2.32462
2.4262
2.43854
2.45065
2.46258
2.47431
2.48564
2.49675
2.50779
2.51838
2.52867
2.5389
2.54887
2.55848
2.56773
2.57671
2.5855
2.59402
2.60221
2.61015
2.61775
2.62502
2.63197
2.63863
2.64506
2.65118
2.65698
2.66247
2.66764
2.67246
2.67701
2.68128
2.68519
2.68879
2.69214
2.69516
2.69782
2.70019
2.70226
2.70406
2.70555
2.70671
2.70755
2.70809
2.70839
2.70836
2.70799
2.70739
2.70648
2.70528
2.7038
2.70202
2.69997
2.69764
2.69503
2.69217
2.68901
2.68557
2.6819
2.67794
2.67371
2.66923
2.6645
2.65954
2.65433
2.64884
2.64311
2.63716
2.63098
2.62454
2.61786
2.61098
2.60386
2.59651
2.58894
2.58117
2.57318
2.56498
2.55657
2.54793
2.53911
2.53009
2.52087
2.51145
2.50185
2.49206
2.48208
2.47191
2.46157
2.45107
2.44038
2.4295
2.41846
2.40727
2.39592
2.38441
2.37273
2.3609
2.34891
2.33678
2.32452
2.4023
2.41452
2.42638
2.438
2.44959
2.46076
2.47171
2.4827
2.4932
2.50325
2.5133
2.52326
2.53285
2.54205
2.55099
2.55972
2.56822
2.57643
2.58433
2.59193
2.59928
2.60631
2.61304
2.61953
2.62574
2.63169
2.63728
2.64255
2.64756
2.65229
2.65667
2.66075
2.66459
2.66811
2.67134
2.67428
2.6769
2.67921
2.68126
2.68303
2.68446
2.68559
2.68643
2.687
2.68734
2.68731
2.68701
2.68644
2.68559
2.68445
2.68302
2.68134
2.67938
2.67715
2.67464
2.67187
2.66884
2.66555
2.66199
2.65815
2.65409
2.64978
2.6452
2.64038
2.63532
2.63
2.62444
2.61867
2.61265
2.6064
2.59992
2.59322
2.5863
2.57914
2.57179
2.56421
2.55642
2.54843
2.54021
2.53179
2.52317
2.51435
2.50534
2.49614
2.48673
2.47715
2.46738
2.45743
2.4473
2.43701
2.42653
2.41589
2.40507
2.39408
2.38294
2.37163
2.36016
2.34857
2.33682
2.32491
2.37924
2.39114
2.40285
2.41432
2.42557
2.43677
2.44773
2.45819
2.46863
2.47903
2.48897
2.49856
2.50796
2.51721
2.52629
2.53504
2.54348
2.55162
2.55951
2.56718
2.57459
2.58169
2.58851
2.59509
2.60141
2.60745
2.61315
2.6186
2.62374
2.62857
2.63316
2.63747
2.64151
2.6452
2.6486
2.65181
2.65471
2.65726
2.65954
2.66157
2.66327
2.66472
2.66588
2.66669
2.66732
2.66768
2.66768
2.66742
2.66691
2.66613
2.66507
2.66375
2.66214
2.66024
2.65811
2.65573
2.65307
2.65014
2.64698
2.64355
2.63986
2.63595
2.63178
2.62735
2.62269
2.61778
2.61261
2.60724
2.60165
2.5958
2.58972
2.58343
2.57692
2.57016
2.56319
2.55602
2.54862
2.54102
2.5332
2.52518
2.51697
2.50855
2.49993
2.49113
2.48214
2.47295
2.46357
2.454
2.44423
2.4343
2.42421
2.41394
2.40348
2.39286
2.38208
2.37113
2.36004
2.34879
2.33739
2.32582
2.35681
2.36844
2.37999
2.39141
2.40247
2.41356
2.42448
2.43474
2.44499
2.45539
2.46536
2.47484
2.48414
2.4934
2.50249
2.51119
2.51961
2.52778
2.5357
2.54342
2.55093
2.55811
2.56501
2.57166
2.57805
2.5842
2.59004
2.59563
2.60097
2.60595
2.61069
2.61522
2.61946
2.62338
2.62698
2.63035
2.63349
2.63633
2.63887
2.64116
2.64316
2.64487
2.64634
2.64746
2.64833
2.64902
2.64936
2.64941
2.64924
2.6488
2.64808
2.64711
2.64585
2.64431
2.64255
2.64054
2.63824
2.6357
2.63291
2.62985
2.62655
2.623
2.61921
2.61518
2.61092
2.60641
2.60165
2.59666
2.59147
2.58601
2.58032
2.57442
2.5683
2.56195
2.55536
2.54858
2.54159
2.53439
2.52696
2.51932
2.5115
2.50346
2.49524
2.48681
2.4782
2.4694
2.46039
2.45119
2.44181
2.43225
2.42251
2.41258
2.4025
2.39224
2.3818
2.37121
2.36047
2.34955
2.33847
2.32725
2.33489
2.34653
2.35791
2.36912
2.38027
2.39109
2.40166
2.41226
2.42258
2.43248
2.44224
2.45187
2.46134
2.47058
2.47952
2.48816
2.49662
2.50488
2.51288
2.52069
2.52825
2.53546
2.54241
2.54919
2.55572
2.56196
2.5679
2.57365
2.5792
2.58437
2.58924
2.59397
2.59844
2.60255
2.60635
2.60992
2.61331
2.61642
2.61921
2.62177
2.62402
2.62601
2.62779
2.62923
2.63037
2.63133
2.63201
2.63241
2.63257
2.63244
2.63202
2.6314
2.63053
2.62935
2.62793
2.62626
2.62432
2.62216
2.61975
2.61705
2.61414
2.61098
2.60756
2.60392
2.60003
2.5959
2.59152
2.58692
2.58211
2.57705
2.57175
2.56622
2.56048
2.55451
2.54832
2.54193
2.53532
2.52849
2.52146
2.51421
2.50676
2.49911
2.49126
2.4832
2.47494
2.46648
2.45784
2.44901
2.44
2.43081
2.42141
2.41185
2.40212
2.39222
2.38213
2.37187
2.36145
2.35087
2.34013
2.32922
2.31365
2.32524
2.33652
2.34758
2.35867
2.36934
2.37973
2.39033
2.40065
2.41046
2.42017
2.42984
2.43929
2.44841
2.45731
2.46602
2.47457
2.48292
2.49098
2.49881
2.50637
2.51369
2.52078
2.52765
2.53433
2.54069
2.54676
2.55266
2.55835
2.56376
2.56882
2.57365
2.57832
2.58269
2.58674
2.59055
2.59416
2.59748
2.60053
2.60338
2.60589
2.60812
2.61021
2.61198
2.61342
2.61466
2.61566
2.61637
2.61683
2.61706
2.61701
2.6167
2.61614
2.61533
2.61427
2.61294
2.61135
2.60956
2.60752
2.60517
2.60263
2.59986
2.59681
2.59355
2.59004
2.58628
2.58227
2.57806
2.57362
2.56894
2.56401
2.55887
2.55352
2.54793
2.54212
2.53611
2.52988
2.52343
2.51676
2.50988
2.5028
2.49551
2.48802
2.48032
2.4724
2.4643
2.45603
2.44757
2.43891
2.43006
2.42102
2.41181
2.40241
2.39282
2.38307
2.37316
2.36306
2.35279
2.34236
2.33177
2.29323
2.30452
2.31567
2.32669
2.33752
2.34822
2.35888
2.36909
2.37902
2.38911
2.39907
2.40865
2.41791
2.42701
2.43599
2.44473
2.45334
2.46179
2.4699
2.47774
2.48535
2.4928
2.50003
2.507
2.51381
2.52034
2.52657
2.5326
2.53843
2.54398
2.54928
2.55433
2.55916
2.56374
2.56807
2.5721
2.57588
2.57948
2.58284
2.58593
2.58868
2.59117
2.59356
2.59566
2.59739
2.59889
2.6002
2.60128
2.60206
2.60258
2.60285
2.60288
2.60268
2.60224
2.60151
2.6005
2.59926
2.59785
2.59618
2.59418
2.59197
2.58958
2.58691
2.58401
2.58087
2.57748
2.57385
2.56999
2.56592
2.56162
2.55707
2.55231
2.54732
2.54211
2.53667
2.53101
2.52516
2.51908
2.51278
2.50625
2.49953
2.4926
2.48545
2.47809
2.47055
2.46283
2.45489
2.44676
2.43845
2.42993
2.42123
2.41235
2.40328
2.39402
2.38459
2.37499
2.3652
2.35525
2.34514
2.33487
2.2732
2.28436
2.29539
2.30636
2.3171
2.32773
2.33835
2.34856
2.35849
2.36854
2.37842
2.38799
2.39729
2.40642
2.41551
2.42436
2.43292
2.44134
2.44952
2.45749
2.46522
2.47271
2.48012
2.4873
2.49417
2.50083
2.50726
2.51341
2.51939
2.52514
2.53065
2.53592
2.54093
2.54573
2.55027
2.55457
2.55861
2.56241
2.56603
2.56939
2.57242
2.57522
2.57787
2.58025
2.58229
2.5841
2.58572
2.58709
2.58821
2.58905
2.58964
2.59001
2.59012
2.59003
2.58968
2.58901
2.5881
2.58704
2.58574
2.58411
2.58226
2.58023
2.57792
2.57537
2.57258
2.56956
2.56632
2.56282
2.55911
2.55517
2.55099
2.5466
2.54198
2.53714
2.53206
2.52676
2.52126
2.51553
2.50958
2.50343
2.49706
2.49047
2.48368
2.47668
2.46951
2.46211
2.45452
2.44672
2.43871
2.43052
2.42215
2.41358
2.40483
2.3959
2.38678
2.37748
2.368
2.35837
2.34856
2.33857
2.25347
2.26471
2.27572
2.28654
2.29743
2.30799
2.31808
2.32847
2.33889
2.34879
2.35838
2.36786
2.37731
2.38664
2.39577
2.40466
2.41323
2.42163
2.42989
2.43799
2.44592
2.45355
2.46102
2.46835
2.47537
2.48211
2.48874
2.49511
2.50121
2.50714
2.51289
2.51842
2.52359
2.52856
2.53338
2.53791
2.5422
2.54627
2.55014
2.55374
2.55705
2.56019
2.56311
2.56572
2.56808
2.57023
2.57214
2.57381
2.57527
2.57645
2.57734
2.57805
2.57852
2.57871
2.5787
2.57843
2.57787
2.57712
2.57617
2.57493
2.57342
2.57172
2.56979
2.5676
2.56516
2.56251
2.55963
2.55649
2.55315
2.54957
2.54576
2.54171
2.53745
2.53298
2.52827
2.52334
2.51818
2.51279
2.5072
2.50139
2.49534
2.48911
2.48267
2.47603
2.46917
2.4621
2.45484
2.44737
2.43969
2.43183
2.42377
2.41552
2.40708
2.39843
2.38962
2.38062
2.37144
2.36209
2.35255
2.34285
2.23434
2.24552
2.25656
2.26732
2.27812
2.28867
2.2988
2.30917
2.31953
2.32937
2.33903
2.34863
2.35812
2.36749
2.37662
2.38551
2.39417
2.40273
2.41113
2.4193
2.42735
2.43516
2.44268
2.45007
2.45729
2.46423
2.47103
2.47761
2.48388
2.49002
2.49595
2.50163
2.50709
2.5123
2.51734
2.5221
2.52663
2.53096
2.53509
2.53898
2.54259
2.54596
2.54917
2.55208
2.55473
2.5572
2.55942
2.56141
2.56314
2.56466
2.56592
2.56692
2.56774
2.56828
2.56858
2.56866
2.56846
2.56805
2.56742
2.56652
2.56539
2.56405
2.56246
2.56062
2.55855
2.55625
2.55371
2.55094
2.54793
2.54471
2.54127
2.53759
2.53368
2.52954
2.52518
2.52058
2.51576
2.51074
2.5055
2.50002
2.49433
2.48845
2.48234
2.47602
2.46948
2.46275
2.45579
2.44863
2.44129
2.43375
2.426
2.41806
2.40991
2.40157
2.39305
2.38435
2.37547
2.36639
2.35713
2.34772
2.21586
2.2268
2.23782
2.24874
2.25923
2.2696
2.28029
2.29069
2.30054
2.31036
2.32032
2.33014
2.33962
2.34888
2.35806
2.36707
2.37581
2.38452
2.39313
2.40141
2.40948
2.41741
2.4251
2.43261
2.43996
2.44712
2.45409
2.46089
2.46741
2.47371
2.47982
2.48573
2.49142
2.49687
2.50213
2.50717
2.51195
2.51653
2.52093
2.52509
2.52899
2.53265
2.53613
2.53938
2.54235
2.54509
2.54761
2.54992
2.55197
2.55379
2.55542
2.55675
2.55787
2.55878
2.5594
2.55981
2.55999
2.55992
2.55962
2.55908
2.55831
2.55732
2.55608
2.55458
2.55288
2.55094
2.54876
2.54635
2.5437
2.54082
2.53773
2.53441
2.53084
2.52704
2.52302
2.51877
2.5143
2.50961
2.50471
2.49958
2.49424
2.48868
2.48291
2.47691
2.4707
2.46427
2.45763
2.4508
2.44376
2.43651
2.42906
2.4214
2.41355
2.40552
2.39729
2.38887
2.38026
2.37145
2.36247
2.3533
2.19773
2.20867
2.21954
2.23042
2.24097
2.25135
2.262
2.27235
2.28222
2.29222
2.3023
2.31206
2.32155
2.33086
2.3401
2.34929
2.35823
2.36703
2.37568
2.38408
2.39229
2.40033
2.40819
2.41591
2.42344
2.43076
2.43786
2.44483
2.45164
2.45819
2.46448
2.47059
2.47651
2.4822
2.48769
2.49303
2.49809
2.5029
2.50758
2.51202
2.51619
2.52013
2.52392
2.52751
2.53077
2.53377
2.53662
2.53928
2.54167
2.5438
2.54572
2.5474
2.54887
2.55013
2.55108
2.55179
2.55232
2.55265
2.5527
2.55248
2.55205
2.55142
2.55054
2.5494
2.54805
2.54646
2.54462
2.54257
2.5403
2.53778
2.535
2.53201
2.52878
2.52534
2.52168
2.51778
2.51365
2.50929
2.50473
2.49994
2.49491
2.48965
2.48419
2.47851
2.47261
2.4665
2.46018
2.45365
2.4469
2.43995
2.43279
2.42542
2.41785
2.4101
2.40215
2.39401
2.38566
2.37713
2.3684
2.35948
2.17975
2.19095
2.20182
2.21233
2.22313
2.23392
2.2441
2.25422
2.26456
2.27479
2.28476
2.29439
2.30394
2.31347
2.32292
2.33216
2.34118
2.35013
2.35888
2.3673
2.37567
2.38402
2.39205
2.39984
2.40758
2.41514
2.42244
2.42958
2.43657
2.44328
2.44983
2.45626
2.46241
2.46831
2.47409
2.47968
2.48498
2.49005
2.495
2.49975
2.50422
2.50845
2.51253
2.51637
2.51998
2.52333
2.52647
2.52944
2.53214
2.5346
2.53688
2.53889
2.54069
2.54226
2.54357
2.54466
2.54551
2.54614
2.54656
2.54671
2.54662
2.54632
2.5458
2.54499
2.54398
2.54277
2.54129
2.53957
2.53765
2.53548
2.53303
2.53037
2.5275
2.5244
2.52107
2.51751
2.51372
2.50969
2.50544
2.50097
2.49627
2.49135
2.4862
2.48083
2.47524
2.46943
2.46341
2.45717
2.45072
2.44406
2.43719
2.43012
2.42284
2.41535
2.40766
2.39978
2.39171
2.38346
2.37498
2.3663
2.16222
2.17338
2.18436
2.19494
2.20568
2.21644
2.22672
2.23703
2.24746
2.25758
2.26745
2.27725
2.28703
2.29675
2.30625
2.31554
2.3247
2.33374
2.34256
2.35121
2.35981
2.36829
2.37654
2.38455
2.39237
2.4001
2.40774
2.41513
2.42224
2.42912
2.43592
2.44264
2.44906
2.45527
2.46128
2.46707
2.47269
2.47811
2.48329
2.48826
2.49309
2.49766
2.50198
2.50615
2.51011
2.51381
2.51721
2.52049
2.52358
2.52637
2.52892
2.5313
2.53347
2.53536
2.537
2.53845
2.53969
2.54064
2.54139
2.54192
2.54219
2.54222
2.54204
2.54162
2.54094
2.54006
2.53895
2.53756
2.53596
2.53415
2.53207
2.52976
2.52725
2.5245
2.52149
2.51825
2.5148
2.5111
2.50715
2.50299
2.49862
2.49403
2.4892
2.48415
2.47885
2.47334
2.46761
2.46166
2.45551
2.44913
2.44253
2.43573
2.42873
2.42152
2.41407
2.40643
2.3986
2.39057
2.38232
2.37388
2.14527
2.15609
2.16697
2.17808
2.18874
2.19899
2.20972
2.22055
2.23072
2.24059
2.25059
2.26073
2.27075
2.2805
2.28999
2.29936
2.30866
2.31782
2.32687
2.33584
2.34461
2.35313
2.36153
2.36981
2.37783
2.38575
2.39358
2.4012
2.40857
2.41572
2.42273
2.42964
2.43634
2.44287
2.44919
2.45522
2.4611
2.46682
2.47228
2.47752
2.48267
2.48756
2.49219
2.4967
2.50096
2.50495
2.50871
2.51231
2.51573
2.51886
2.52176
2.52448
2.52697
2.52921
2.5312
2.53297
2.53457
2.5359
2.53698
2.53788
2.53851
2.53889
2.53907
2.53901
2.53869
2.53813
2.53735
2.53632
2.53505
2.53356
2.53184
2.52987
2.52768
2.52525
2.5226
2.51971
2.51658
2.51321
2.50959
2.50576
2.5017
2.49739
2.49285
2.48809
2.4831
2.47789
2.47247
2.46681
2.46093
2.45482
2.44851
2.44198
2.43522
2.42826
2.42108
2.4137
2.40607
2.39825
2.39025
2.38206
2.12844
2.13926
2.15013
2.16119
2.17193
2.18246
2.1933
2.20397
2.21409
2.22418
2.23448
2.24475
2.25479
2.26458
2.27417
2.28372
2.29322
2.30253
2.3118
2.32102
2.32991
2.33853
2.34712
2.35563
2.3639
2.37207
2.38007
2.38787
2.39556
2.40305
2.41029
2.41738
2.42434
2.43112
2.43772
2.4441
2.45028
2.45626
2.46202
2.46758
2.47302
2.47824
2.48318
2.48798
2.49258
2.49693
2.50103
2.50492
2.50866
2.51216
2.51542
2.51847
2.5213
2.52388
2.52624
2.52837
2.5303
2.53198
2.53341
2.53465
2.53565
2.53638
2.53689
2.53717
2.53721
2.537
2.53656
2.53591
2.535
2.53387
2.53248
2.53082
2.52894
2.52684
2.52453
2.52195
2.51914
2.5161
2.51282
2.5093
2.50556
2.50155
2.4973
2.49285
2.48818
2.48325
2.4781
2.47272
2.46712
2.46129
2.45525
2.449
2.4425
2.43576
2.42883
2.42168
2.4143
2.40673
2.39896
2.39099
2.11163
2.12284
2.13387
2.14445
2.15529
2.16658
2.17724
2.18737
2.19783
2.20844
2.21885
2.22907
2.23912
2.24904
2.25883
2.26865
2.2784
2.28784
2.2972
2.30658
2.31567
2.32451
2.33331
2.34202
2.35058
2.35902
2.36726
2.37528
2.38318
2.39093
2.39848
2.40586
2.41312
2.42014
2.42697
2.43369
2.44018
2.4465
2.45262
2.45846
2.46416
2.46974
2.47505
2.48014
2.48505
2.48976
2.49424
2.49844
2.50251
2.50638
2.51001
2.51343
2.5166
2.51952
2.52226
2.52475
2.52701
2.52905
2.53087
2.53247
2.53381
2.5349
2.53577
2.53639
2.5368
2.53695
2.53686
2.53657
2.53603
2.53523
2.53418
2.5329
2.53137
2.5296
2.5276
2.52535
2.52285
2.52013
2.51714
2.51392
2.51047
2.50679
2.50289
2.49873
2.49435
2.48972
2.48484
2.47972
2.47439
2.46883
2.46304
2.45701
2.45076
2.44428
2.43757
2.43063
2.4235
2.41614
2.40857
2.40078
2.09523
2.10652
2.11758
2.12832
2.13934
2.15051
2.16103
2.17145
2.18231
2.19303
2.20338
2.21363
2.22385
2.23396
2.24402
2.25409
2.26393
2.27355
2.28308
2.29256
2.30185
2.31097
2.32007
2.32901
2.33778
2.34645
2.35498
2.36326
2.37137
2.37936
2.38718
2.39489
2.40245
2.40979
2.41691
2.42389
2.43069
2.43731
2.44377
2.44998
2.45599
2.46188
2.46753
2.47295
2.47821
2.48325
2.48808
2.49265
2.49702
2.50126
2.50528
2.50902
2.51253
2.51582
2.51891
2.52179
2.5244
2.52678
2.52897
2.53093
2.53262
2.53407
2.53532
2.53631
2.53706
2.53758
2.53785
2.53788
2.53769
2.53723
2.53652
2.53557
2.5344
2.53297
2.53129
2.52937
2.52719
2.52478
2.5221
2.51918
2.51604
2.51267
2.50905
2.50517
2.50108
2.49673
2.49213
2.48731
2.48224
2.47694
2.47139
2.46559
2.45958
2.45335
2.44689
2.44019
2.43327
2.42613
2.41876
2.41117
2.07918
2.09024
2.10129
2.11262
2.12383
2.13438
2.14508
2.15626
2.16718
2.17768
2.1881
2.1986
2.20912
2.21943
2.22966
2.23989
2.24982
2.25962
2.2694
2.27906
2.28861
2.29802
2.30736
2.31657
2.32558
2.3344
2.34319
2.35185
2.36019
2.36843
2.37657
2.38459
2.39243
2.40005
2.40751
2.4148
2.42194
2.42887
2.4356
2.44219
2.44859
2.45478
2.46077
2.46653
2.47212
2.47753
2.48274
2.48766
2.49234
2.49694
2.50138
2.50548
2.50931
2.51298
2.51644
2.51968
2.52268
2.52542
2.52794
2.53025
2.53234
2.53416
2.53573
2.53708
2.53819
2.53907
2.53969
2.54006
2.5402
2.5401
2.53975
2.53912
2.53828
2.53718
2.53582
2.53423
2.5324
2.53031
2.52796
2.52536
2.52253
2.51945
2.51611
2.51252
2.50869
2.5046
2.50029
2.49575
2.49095
2.48589
2.48059
2.47505
2.46928
2.46327
2.45703
2.45057
2.44387
2.43694
2.42977
2.42238
2.06306
2.07432
2.08556
2.09689
2.10802
2.11881
2.12995
2.14124
2.15196
2.16247
2.17321
2.18405
2.19482
2.20532
2.21559
2.2259
2.23608
2.24609
2.25611
2.26611
2.27595
2.28558
2.29512
2.30458
2.31385
2.32293
2.33201
2.34095
2.34956
2.35814
2.36665
2.3749
2.38302
2.39102
2.39885
2.40644
2.4139
2.42116
2.42823
2.4352
2.44198
2.44851
2.45479
2.46094
2.46694
2.47271
2.47828
2.48359
2.48866
2.49361
2.4984
2.50291
2.50714
2.51119
2.515
2.51863
2.52203
2.52513
2.52802
2.53071
2.53318
2.53538
2.53732
2.53903
2.5405
2.54174
2.54274
2.54347
2.54395
2.54421
2.54422
2.54394
2.54342
2.54266
2.54165
2.54038
2.53889
2.53714
2.53511
2.53281
2.53028
2.5275
2.52445
2.52114
2.51758
2.51379
2.50974
2.50543
2.50087
2.49606
2.491
2.4857
2.48016
2.47437
2.46834
2.46208
2.45556
2.44882
2.44182
2.4346
2.04696
2.05866
2.07022
2.08118
2.09216
2.10375
2.1152
2.12608
2.13679
2.14772
2.15883
2.16986
2.18071
2.19129
2.20175
2.21227
2.22268
2.23298
2.24331
2.25358
2.26363
2.27345
2.28324
2.293
2.30258
2.31194
2.3212
2.33043
2.33946
2.34837
2.35715
2.3657
2.37414
2.38247
2.39068
2.39864
2.40634
2.41393
2.42144
2.4288
2.43589
2.44274
2.44942
2.45596
2.46231
2.46841
2.47437
2.4801
2.48556
2.49089
2.49603
2.5009
2.50552
2.50997
2.51417
2.51814
2.52194
2.52545
2.5287
2.53173
2.53457
2.5372
2.53953
2.54158
2.54342
2.54504
2.5464
2.54751
2.54832
2.54891
2.54926
2.54935
2.54917
2.54874
2.54806
2.54711
2.54594
2.5445
2.54278
2.54081
2.53858
2.53607
2.5333
2.53029
2.52702
2.5235
2.5197
2.51564
2.51133
2.50676
2.50196
2.49691
2.49159
2.48601
2.4802
2.47413
2.46782
2.46127
2.45447
2.44742
2.03129
2.04297
2.05457
2.0657
2.07708
2.08884
2.10005
2.11092
2.12216
2.13355
2.14475
2.15577
2.16669
2.17747
2.18826
2.19908
2.20979
2.22035
2.23087
2.24143
2.25168
2.26167
2.2718
2.28189
2.29178
2.30147
2.31098
2.32046
2.3299
2.33922
2.34825
2.35707
2.36584
2.37453
2.38311
2.39146
2.39951
2.40745
2.4153
2.423
2.43049
2.43774
2.44478
2.4517
2.45842
2.46487
2.47122
2.4774
2.48328
2.48893
2.49439
2.49966
2.5047
2.50957
2.51415
2.51847
2.52266
2.52656
2.53019
2.53363
2.53684
2.53983
2.54255
2.54498
2.54718
2.54917
2.5509
2.55237
2.55356
2.55448
2.55518
2.55561
2.55577
2.55569
2.55534
2.55473
2.55386
2.55273
2.55133
2.54966
2.54772
2.54551
2.54304
2.5403
2.5373
2.53404
2.5305
2.52671
2.52266
2.51834
2.51377
2.50895
2.50385
2.4985
2.49289
2.48703
2.48092
2.47456
2.46794
2.46108
2.01586
2.02731
2.03874
2.05047
2.0624
2.07376
2.08477
2.09624
2.10803
2.11952
2.13063
2.14174
2.15292
2.16405
2.17518
2.18627
2.19725
2.2081
2.21876
2.22943
2.24002
2.25043
2.26084
2.27121
2.28143
2.29148
2.30134
2.31114
2.3209
2.33052
2.33991
2.34912
2.35825
2.36728
2.37619
2.38491
2.39342
2.40176
2.40996
2.41801
2.42587
2.43354
2.44104
2.44833
2.45544
2.46237
2.46906
2.47557
2.48191
2.48802
2.49386
2.49953
2.50498
2.51022
2.51524
2.51998
2.52455
2.52889
2.53295
2.53676
2.54036
2.54373
2.54684
2.54968
2.55224
2.55458
2.55672
2.55857
2.56015
2.56145
2.56251
2.56332
2.56384
2.56411
2.56411
2.56382
2.56327
2.56246
2.56138
2.56001
2.55836
2.55646
2.55429
2.55183
2.54911
2.54612
2.54284
2.53929
2.53548
2.5314
2.52706
2.52244
2.51754
2.5124
2.50697
2.50128
2.49534
2.48913
2.48265
2.47593
2.00011
2.01173
2.02344
2.03543
2.04718
2.05853
2.07014
2.08209
2.09385
2.10527
2.11656
2.12798
2.13953
2.15097
2.16235
2.1737
2.18488
2.19597
2.20689
2.21773
2.22866
2.23953
2.25028
2.26087
2.27136
2.28183
2.2921
2.3022
2.31227
2.3222
2.33194
2.34155
2.35107
2.3605
2.36974
2.37884
2.38776
2.39645
2.40507
2.41357
2.42179
2.4298
2.43773
2.44548
2.45295
2.46028
2.46744
2.47437
2.48107
2.4876
2.4939
2.49997
2.50583
2.51148
2.51693
2.52208
2.52704
2.5318
2.53625
2.54047
2.54449
2.54826
2.55173
2.55496
2.55793
2.56066
2.56317
2.5654
2.56735
2.56903
2.57047
2.57166
2.57253
2.57313
2.57346
2.5735
2.57327
2.57278
2.57201
2.57093
2.5696
2.56802
2.56613
2.56395
2.56151
2.55878
2.55577
2.55248
2.54892
2.54509
2.54096
2.53655
2.53188
2.52692
2.52168
2.51617
2.5104
2.50434
2.49803
2.49148
1.98415
1.99623
2.00849
2.0203
2.0317
2.04367
2.05598
2.06789
2.07948
2.09103
2.1028
2.11469
2.12648
2.13811
2.14972
2.16128
2.17266
2.18403
2.19531
2.20655
2.21781
2.22898
2.24006
2.25093
2.26175
2.27261
2.28326
2.29364
2.30403
2.3144
2.32452
2.33447
2.34441
2.35427
2.36387
2.37331
2.38264
2.39174
2.40077
2.40968
2.41831
2.42675
2.43507
2.44322
2.45111
2.45889
2.4665
2.4738
2.48087
2.48787
2.49465
2.50111
2.50736
2.51345
2.51933
2.52488
2.53023
2.53541
2.5403
2.5449
2.54931
2.55351
2.55738
2.56101
2.5644
2.56751
2.5704
2.57302
2.57532
2.57738
2.57918
2.58068
2.5819
2.58285
2.5835
2.58388
2.58398
2.58382
2.58336
2.58262
2.58159
2.58027
2.57867
2.57679
2.57462
2.57216
2.56939
2.56635
2.56305
2.55946
2.55554
2.55136
2.5469
2.54215
2.53713
2.5318
2.52619
2.52034
2.51422
2.50781
1.96856
1.98082
1.99314
2.00489
2.01677
2.02929
2.04155
2.05334
2.06519
2.07715
2.08941
2.10169
2.11356
2.12528
2.13714
2.14899
2.16072
2.1725
2.18417
2.19573
2.20727
2.21879
2.23023
2.24146
2.25261
2.26378
2.27484
2.28562
2.29635
2.30719
2.31776
2.32807
2.3384
2.34868
2.35872
2.36857
2.37828
2.38783
2.39729
2.4066
2.4157
2.42465
2.43338
2.44192
2.45029
2.45852
2.46657
2.47436
2.48187
2.48927
2.49652
2.50342
2.51011
2.51665
2.52296
2.529
2.53478
2.54036
2.5457
2.55075
2.55559
2.5602
2.56452
2.56855
2.57235
2.57588
2.57918
2.58221
2.58488
2.58731
2.5895
2.59137
2.59295
2.59425
2.59528
2.59603
2.59647
2.59661
2.59649
2.59607
2.59536
2.59433
2.59302
2.59142
2.58952
2.58733
2.58482
2.58203
2.57894
2.57554
2.57186
2.56791
2.56362
2.55904
2.55419
2.54904
2.5436
2.53788
2.53187
2.52556
1.95324
1.96545
1.97737
1.98948
2.00231
2.01479
2.02664
2.03876
2.05124
2.0637
2.07614
2.08849
2.10053
2.11247
2.12465
2.13692
2.1491
2.16123
2.1732
2.18509
2.197
2.20879
2.22048
2.23217
2.24381
2.25526
2.26671
2.27795
2.28901
2.30028
2.31134
2.32203
2.33275
2.34347
2.354
2.36428
2.37438
2.38436
2.39426
2.40402
2.4136
2.42304
2.4322
2.44118
2.45002
2.4587
2.46722
2.47547
2.48346
2.49133
2.49902
2.50639
2.51353
2.52052
2.52729
2.5338
2.54004
2.54604
2.55183
2.55735
2.56263
2.56765
2.5724
2.57687
2.58107
2.58502
2.58871
2.59215
2.59523
2.59804
2.60063
2.60289
2.60486
2.60653
2.60792
2.60903
2.60982
2.61031
2.61051
2.61039
2.60999
2.60929
2.60829
2.60696
2.60532
2.60338
2.60116
2.59862
2.59575
2.59258
2.58912
2.58534
2.58127
2.57687
2.57217
2.56719
2.56191
2.55631
2.55043
2.54426
1.93747
1.94981
1.96195
1.9746
1.98748
1.99964
2.01184
2.02473
2.0376
2.05021
2.06271
2.07509
2.08748
2.09997
2.11254
2.12512
2.13765
2.1501
2.16243
2.17466
2.18682
2.19898
2.2111
2.22315
2.23523
2.24711
2.25885
2.27057
2.28215
2.29377
2.30518
2.31632
2.32751
2.33865
2.34959
2.36033
2.37095
2.38137
2.39167
2.40188
2.41191
2.42183
2.43153
2.44091
2.45019
2.45937
2.46835
2.47704
2.48546
2.49382
2.50202
2.50984
2.51744
2.52488
2.53213
2.53909
2.54575
2.55222
2.55846
2.56443
2.57016
2.57562
2.58078
2.58568
2.59028
2.59463
2.59874
2.60257
2.60604
2.60921
2.61218
2.61484
2.61716
2.61919
2.62095
2.6224
2.62352
2.62436
2.62489
2.62511
2.62501
2.6246
2.62388
2.62285
2.62149
2.61981
2.61784
2.61552
2.61291
2.61
2.60675
2.60315
2.59928
2.59511
2.59063
2.58581
2.58069
2.57528
2.56956
2.56352
1.92123
1.93384
1.94685
1.95975
1.97194
1.98442
1.9977
2.01097
2.02371
2.0363
2.04908
2.06187
2.07475
2.08777
2.10066
2.11349
2.12631
2.13908
2.15183
2.16437
2.17689
2.18953
2.20211
2.21457
2.22702
2.23937
2.25153
2.26367
2.27578
2.2878
2.2996
2.31122
2.3229
2.3345
2.3459
2.35716
2.36824
2.37914
2.38995
2.40062
2.41111
2.42153
2.43176
2.44167
2.45144
2.46108
2.47052
2.47974
2.48867
2.49751
2.50618
2.51449
2.5226
2.53054
2.53826
2.54571
2.55284
2.55978
2.56653
2.57296
2.57913
2.58507
2.59068
2.59604
2.60109
2.60584
2.61037
2.61463
2.61855
2.62213
2.62547
2.62853
2.63123
2.63365
2.63578
2.63758
2.63908
2.64024
2.6411
2.64164
2.64186
2.64176
2.6413
2.64055
2.63947
2.63809
2.63636
2.63428
2.6319
2.62918
2.62613
2.62277
2.61909
2.61508
2.61076
2.60611
2.60115
2.59587
2.59025
2.58431
1.90498
1.91795
1.9313
1.94402
1.95643
1.96987
1.98361
1.99666
2.00937
2.0223
2.03555
2.0489
2.06224
2.07554
2.08872
2.10184
2.11497
2.12808
2.14122
2.15424
2.16724
2.18038
2.19332
2.20615
2.21905
2.2319
2.24454
2.25711
2.26972
2.28213
2.29432
2.30656
2.31883
2.33089
2.34268
2.3544
2.36607
2.37752
2.38882
2.39997
2.41099
2.42195
2.43268
2.4431
2.45337
2.46355
2.47356
2.48328
2.49272
2.50208
2.5113
2.52014
2.52874
2.53721
2.54545
2.55342
2.56105
2.56846
2.5757
2.58265
2.58929
2.59569
2.60178
2.6076
2.61315
2.61836
2.62333
2.62802
2.6324
2.63643
2.64019
2.64368
2.64682
2.64964
2.65213
2.65431
2.65618
2.6577
2.65893
2.6598
2.66034
2.66053
2.66039
2.65992
2.65911
2.65799
2.65653
2.65472
2.65256
2.65005
2.64722
2.64406
2.64057
2.63673
2.63253
2.628
2.62318
2.61798
2.61245
2.60659
1.88874
1.90208
1.91508
1.92792
1.94152
1.95537
1.96873
1.98181
1.99503
2.00856
2.02229
2.03597
2.0496
2.06315
2.07664
2.09015
2.10366
2.11715
2.13071
2.14427
2.15778
2.17129
2.18466
2.19796
2.21129
2.2245
2.23765
2.25071
2.26374
2.27669
2.28945
2.30216
2.31485
2.32743
2.33978
2.35197
2.3641
2.37612
2.38795
2.39962
2.4112
2.42265
2.43381
2.44476
2.45567
2.46637
2.47684
2.4871
2.49709
2.50697
2.51669
2.52606
2.53521
2.54417
2.55289
2.5614
2.56955
2.57745
2.58516
2.59261
2.59971
2.60657
2.61316
2.61943
2.62544
2.63114
2.63655
2.64168
2.6465
2.65097
2.65513
2.659
2.66255
2.66577
2.66864
2.67121
2.67343
2.67531
2.67687
2.67809
2.67895
2.67946
2.67965
2.67947
2.67895
2.67808
2.67686
2.6753
2.67338
2.67114
2.66854
2.66558
2.66228
2.65863
2.65461
2.65025
2.64554
2.64046
2.63507
2.62934
1.87216
1.88569
1.89874
1.91239
1.92655
1.93998
1.95328
1.96704
1.98099
1.995
2.00902
2.02291
2.03673
2.05063
2.06457
2.07855
2.0925
2.10645
2.12048
2.13453
2.14853
2.16244
2.17624
2.19002
2.20376
2.21743
2.23113
2.24475
2.25825
2.27169
2.28502
2.29828
2.31144
2.32449
2.33743
2.35017
2.3628
2.37539
2.3878
2.4
2.41211
2.42406
2.43579
2.44735
2.45878
2.47001
2.48104
2.49186
2.50241
2.5128
2.52304
2.53295
2.54264
2.55212
2.56136
2.57037
2.57909
2.58752
2.59571
2.60364
2.61128
2.61863
2.62573
2.6325
2.63897
2.64514
2.65099
2.65658
2.66186
2.66678
2.67134
2.67561
2.67955
2.68316
2.68641
2.68935
2.69197
2.6942
2.69609
2.69766
2.69882
2.69966
2.70016
2.70029
2.70006
2.69945
2.69848
2.69716
2.6955
2.69346
2.69107
2.68833
2.68519
2.68169
2.67783
2.67363
2.66906
2.66414
2.65887
2.65322
1.85519
1.86874
1.88257
1.89694
1.91067
1.9239
1.93794
1.95253
1.96701
1.98119
1.99529
2.00952
2.02375
2.03809
2.05257
2.06698
2.08141
2.09594
2.11041
2.12482
2.1393
2.15365
2.16795
2.18232
2.19653
2.21069
2.22496
2.23915
2.25318
2.26707
2.28104
2.29496
2.30858
2.32213
2.3357
2.34906
2.36227
2.37543
2.38844
2.40122
2.41386
2.42646
2.43882
2.45092
2.46294
2.47479
2.48636
2.4978
2.50902
2.51998
2.53071
2.54119
2.55151
2.56159
2.57139
2.58095
2.59022
2.59922
2.60802
2.61649
2.62464
2.63252
2.64016
2.64747
2.65445
2.66117
2.66753
2.67353
2.67928
2.68471
2.68976
2.69446
2.69883
2.70287
2.70656
2.70987
2.71287
2.7155
2.71776
2.71968
2.72121
2.72238
2.72316
2.72358
2.72365
2.72335
2.72266
2.7216
2.72015
2.71833
2.71612
2.71353
2.71056
2.70719
2.70346
2.69938
2.69492
2.69009
2.68487
2.67928
1.83792
1.85187
1.86629
1.88041
1.89402
1.90811
1.92295
1.93793
1.95251
1.96674
1.98121
1.99595
2.01071
2.02557
2.04054
2.05546
2.07033
2.08525
2.10012
2.115
2.12995
2.14481
2.15971
2.1746
2.18931
2.20409
2.21891
2.23359
2.24814
2.26266
2.27723
2.29167
2.30589
2.32006
2.33413
2.34809
2.362
2.37576
2.38933
2.4027
2.41595
2.42912
2.44212
2.45485
2.46745
2.4799
2.4921
2.50415
2.51597
2.52751
2.53887
2.55
2.5609
2.57155
2.58191
2.59205
2.60192
2.6115
2.62085
2.62989
2.6386
2.64703
2.65519
2.66305
2.67056
2.67778
2.68469
2.69119
2.69739
2.7033
2.70885
2.71403
2.71886
2.72332
2.72744
2.73117
2.73456
2.73758
2.74021
2.74248
2.74438
2.74589
2.74702
2.74775
2.74809
2.74807
2.74767
2.74687
2.74566
2.74405
2.74206
2.73967
2.73687
2.73368
2.73014
2.72619
2.72181
2.71705
2.71191
2.7064
1.82038
1.83499
1.84922
1.86291
1.87755
1.89281
1.90775
1.92261
1.93735
1.95204
1.96711
1.98241
1.99771
2.01311
2.02852
2.04378
2.05904
2.07442
2.08978
2.10519
2.12064
2.13604
2.15153
2.16697
2.18231
2.19767
2.21293
2.22809
2.24334
2.25857
2.27366
2.28855
2.30333
2.3182
2.33293
2.34747
2.36201
2.3764
2.39051
2.4045
2.41845
2.43218
2.44574
2.45918
2.47236
2.48541
2.49826
2.51084
2.52329
2.53549
2.54743
2.55916
2.57064
2.58189
2.59288
2.60358
2.61402
2.62416
2.63405
2.64369
2.65295
2.66191
2.67061
2.67901
2.68702
2.69473
2.70215
2.70918
2.71586
2.72224
2.72827
2.73389
2.73915
2.74406
2.7486
2.75275
2.75651
2.75992
2.76292
2.76554
2.76778
2.76963
2.77111
2.77216
2.77278
2.77301
2.77286
2.7723
2.77133
2.76996
2.76818
2.76599
2.76339
2.76041
2.75703
2.75321
2.74899
2.74437
2.73936
2.73396
1.8024
1.8171
1.83123
1.84579
1.86149
1.87687
1.89163
1.90667
1.92197
1.93742
1.95309
1.96883
1.98458
2.00046
2.01622
2.03181
2.04759
2.06358
2.07952
2.09549
2.11148
2.12747
2.14354
2.15958
2.17556
2.19149
2.20729
2.22308
2.23894
2.25477
2.27045
2.28602
2.30155
2.31699
2.33232
2.34755
2.36274
2.37775
2.39259
2.40726
2.4218
2.43624
2.45049
2.46457
2.47841
2.49208
2.50562
2.51891
2.53195
2.54481
2.55743
2.5698
2.58192
2.5938
2.60542
2.61675
2.62781
2.63861
2.64911
2.65932
2.66921
2.67874
2.68799
2.69697
2.70557
2.71379
2.72173
2.7293
2.73647
2.74332
2.74985
2.75597
2.76171
2.76707
2.77204
2.77663
2.78081
2.78461
2.788
2.791
2.79361
2.79581
2.79759
2.79895
2.79989
2.80043
2.80052
2.80017
2.79943
2.79827
2.79669
2.79469
2.79227
2.78943
2.78616
2.78246
2.77836
2.77385
2.76891
2.76356
1.78365
1.79819
1.81315
1.82907
1.84474
1.85969
1.8748
1.89055
1.90665
1.92276
1.9388
1.9549
1.97101
1.98723
2.00348
2.01968
2.03602
2.05259
2.0692
2.08575
2.10233
2.11891
2.13553
2.15222
2.16881
2.18529
2.2018
2.21823
2.2347
2.25126
2.26756
2.28377
2.30009
2.31622
2.33213
2.34807
2.36398
2.37967
2.39522
2.41067
2.42594
2.44105
2.45594
2.47071
2.48537
2.49976
2.51395
2.52797
2.54172
2.55529
2.56861
2.58168
2.59453
2.60708
2.61935
2.6314
2.64315
2.6546
2.66575
2.6766
2.68714
2.69732
2.70718
2.71674
2.72596
2.73479
2.7433
2.75145
2.75916
2.76651
2.77354
2.7802
2.78646
2.79232
2.79777
2.80284
2.80748
2.81171
2.81552
2.81892
2.82191
2.82447
2.82658
2.82828
2.82955
2.83039
2.83077
2.83069
2.83019
2.82926
2.8279
2.82608
2.82381
2.82111
2.81797
2.81439
2.81037
2.8059
2.80098
2.79564
1.76424
1.77934
1.79537
1.81142
1.8266
1.8419
1.85802
1.87453
1.89114
1.9076
1.92394
1.94039
1.95684
1.97355
1.99053
2.00745
2.02436
2.04145
2.05867
2.07589
2.09303
2.11016
2.12737
2.14465
2.16186
2.17902
2.19622
2.21337
2.23053
2.2477
2.26467
2.28157
2.29857
2.31543
2.33208
2.34871
2.36534
2.38173
2.39795
2.41412
2.43011
2.44595
2.46163
2.47712
2.49245
2.50751
2.52241
2.5372
2.55171
2.56594
2.57995
2.59371
2.60727
2.62057
2.63353
2.64622
2.65862
2.67074
2.68255
2.69404
2.7052
2.71599
2.72647
2.73666
2.74647
2.75588
2.76494
2.77367
2.78199
2.78991
2.79748
2.80466
2.81142
2.81777
2.8237
2.82922
2.83433
2.839
2.84324
2.84705
2.8504
2.8533
2.85578
2.85783
2.8594
2.86052
2.86119
2.86143
2.86122
2.86054
2.85939
2.85774
2.85566
2.85316
2.85018
2.84673
2.84283
2.83846
2.83365
2.82836
1.74454
1.76075
1.77693
1.79221
1.80777
1.82436
1.84142
1.85824
1.87486
1.89159
1.90845
1.92544
1.94252
1.95987
1.97749
1.99508
2.01267
2.03028
2.04797
2.0658
2.08362
2.10139
2.11919
2.1371
2.15503
2.17289
2.19078
2.20867
2.22648
2.24432
2.26209
2.27971
2.29732
2.31492
2.33241
2.34978
2.36707
2.38423
2.4012
2.41803
2.43479
2.45145
2.46788
2.48402
2.50005
2.51595
2.53161
2.54708
2.56232
2.57727
2.59198
2.60649
2.62075
2.63472
2.64841
2.66177
2.6748
2.68758
2.70008
2.71221
2.724
2.73546
2.74655
2.75732
2.76775
2.77779
2.78743
2.79671
2.80561
2.81411
2.82221
2.82991
2.83717
2.84401
2.85042
2.85638
2.86193
2.86704
2.87169
2.87588
2.87961
2.88287
2.88569
2.88807
2.88995
2.89137
2.89232
2.89284
2.89286
2.89239
2.89143
2.89
2.88814
2.88579
2.88293
2.87961
2.87582
2.87157
2.86686
2.86166
1.72464
1.74123
1.75679
1.77239
1.78936
1.80681
1.824
1.84093
1.85778
1.87501
1.89254
1.91026
1.92814
1.9461
1.96423
1.98248
2.00069
2.01884
2.0371
2.05558
2.07407
2.09254
2.1111
2.12971
2.14833
2.16697
2.18562
2.2042
2.22275
2.24133
2.25989
2.27835
2.2967
2.31504
2.3333
2.3515
2.36963
2.3876
2.40532
2.42291
2.4405
2.45801
2.4753
2.49224
2.50905
2.5258
2.54224
2.55843
2.57443
2.59024
2.6058
2.62106
2.63601
2.65075
2.66527
2.67937
2.6931
2.70661
2.71985
2.73274
2.74524
2.75736
2.76916
2.78064
2.79172
2.80241
2.81272
2.8226
2.83209
2.84117
2.84983
2.85807
2.86587
2.87324
2.88017
2.88664
2.89266
2.89823
2.90331
2.90792
2.91206
2.91574
2.91894
2.92165
2.92387
2.9256
2.92687
2.92764
2.92787
2.92761
2.92685
2.92565
2.92394
2.92167
2.91889
2.91567
2.91197
2.90775
2.90302
2.89781
1.70389
1.71992
1.73567
1.75306
1.77101
1.78817
1.80521
1.82259
1.84029
1.85822
1.87638
1.89482
1.91339
1.9319
1.95051
1.96934
1.98814
2.00697
2.02592
2.04504
2.06425
2.08353
2.10287
2.12216
2.14156
2.161
2.18035
2.19969
2.21904
2.23844
2.25787
2.27712
2.29625
2.31543
2.33455
2.35359
2.37251
2.39126
2.40985
2.42837
2.44685
2.46522
2.4833
2.50109
2.51878
2.53635
2.55363
2.57076
2.58764
2.60421
2.62054
2.63665
2.65249
2.66801
2.68332
2.69831
2.71284
2.7271
2.74113
2.75482
2.76809
2.78099
2.79351
2.80568
2.81749
2.8289
2.83991
2.85045
2.86058
2.87029
2.87955
2.88837
2.89676
2.90469
2.91217
2.91918
2.92572
2.93178
2.93733
2.94242
2.94703
2.95115
2.95475
2.95785
2.96044
2.96252
2.96409
2.96512
2.96565
2.96569
2.96519
2.96415
2.96254
2.96042
2.95781
2.95468
2.95102
2.94682
2.94208
2.93683
1.68164
1.69773
1.71503
1.73355
1.7512
1.76818
1.78569
1.80389
1.8225
1.84115
1.86
1.87904
1.89797
1.91695
1.93621
1.95563
1.97512
1.99469
2.01442
2.03434
2.05428
2.07423
2.09432
2.11444
2.13457
2.15471
2.17492
2.19513
2.21524
2.23544
2.2557
2.27576
2.29574
2.31579
2.33577
2.35565
2.37536
2.39494
2.41446
2.4339
2.45322
2.47234
2.49129
2.50999
2.52852
2.54697
2.56511
2.58308
2.60084
2.61825
2.63542
2.65239
2.66906
2.68541
2.70151
2.71727
2.73266
2.74772
2.76248
2.77695
2.791
2.80462
2.81787
2.83075
2.84326
2.85536
2.86705
2.87828
2.88905
2.89943
2.90933
2.91874
2.9277
2.93617
2.94418
2.95173
2.95879
2.96535
2.97139
2.97695
2.98201
2.98653
2.99052
2.99399
2.99694
2.99937
3.00124
3.00257
3.00338
3.00367
3.00343
3.0026
3.00119
2.99928
2.99686
2.99387
2.99028
2.98614
2.9815
2.97631
1.65832
1.67579
1.69433
1.71227
1.72965
1.74755
1.76608
1.78505
1.80429
1.82362
1.843
1.86239
1.88178
1.90142
1.92142
1.94158
1.96186
1.98223
2.00276
2.02346
2.04415
2.06478
2.08565
2.10665
2.12758
2.14854
2.16957
2.19058
2.21157
2.23262
2.2537
2.27468
2.29557
2.31646
2.33729
2.35802
2.3787
2.39921
2.41955
2.43991
2.46016
2.48007
2.49989
2.5196
2.53902
2.55827
2.57729
2.59613
2.61479
2.63309
2.6511
2.66893
2.68651
2.70369
2.72055
2.73716
2.75345
2.76932
2.7848
2.80003
2.81489
2.82929
2.84329
2.85687
2.87006
2.88286
2.89522
2.90712
2.91854
2.92956
2.9401
2.95015
2.95971
2.96877
2.97731
2.98537
2.99293
2.99996
3.0065
3.01255
3.01804
3.02296
3.02734
3.03117
3.03444
3.03715
3.03932
3.04096
3.04202
3.04248
3.04241
3.04179
3.04062
3.03889
3.03657
3.03367
3.03019
3.02616
3.0216
3.01647
1.63477
1.65339
1.67171
1.68923
1.70753
1.72675
1.74616
1.76567
1.78532
1.80509
1.82483
1.84474
1.86506
1.88553
1.90617
1.92717
1.94835
1.96949
1.9907
2.01221
2.03381
2.05528
2.0769
2.09875
2.12055
2.14233
2.16425
2.18623
2.20817
2.23012
2.25208
2.27399
2.29583
2.31766
2.3395
2.36121
2.38278
2.40423
2.42562
2.44698
2.46812
2.48897
2.50981
2.53055
2.55092
2.57107
2.59112
2.61088
2.63037
2.64971
2.66876
2.68744
2.70589
2.72406
2.74184
2.7593
2.77647
2.79328
2.80963
2.8257
2.84142
2.85666
2.8715
2.8859
2.89988
2.91342
2.92651
2.93916
2.95131
2.96301
2.97424
2.98493
2.99514
3.00486
3.01404
3.02269
3.0308
3.03835
3.0454
3.0519
3.05785
3.06324
3.06806
3.0723
3.07593
3.07897
3.08148
3.08339
3.08468
3.08541
3.08553
3.08505
3.08401
3.08238
3.08015
3.0773
3.07389
3.06991
3.06531
3.06013
1.6108
1.62923
1.64709
1.66572
1.68549
1.7055
1.72529
1.74503
1.76505
1.78537
1.80576
1.82649
1.84781
1.86916
1.89047
1.91223
1.93424
1.95614
1.97817
2.00048
2.02295
2.04535
2.06771
2.09038
2.11319
2.13596
2.15884
2.18171
2.2046
2.22755
2.25041
2.27332
2.29622
2.319
2.34184
2.36457
2.38712
2.40965
2.4321
2.45444
2.47657
2.4985
2.52037
2.54208
2.56351
2.58474
2.6058
2.62658
2.64711
2.66748
2.68756
2.70724
2.72668
2.74584
2.76458
2.783
2.80115
2.81892
2.8362
2.85313
2.86975
2.88592
2.90164
2.91692
2.93175
2.94613
2.96003
2.97349
2.98645
2.99889
3.01086
3.0223
3.03322
3.04361
3.05343
3.06273
3.07147
3.07964
3.08724
3.09422
3.10065
3.10652
3.11178
3.11647
3.12054
3.12403
3.12691
3.12911
3.13069
3.1317
3.13208
3.1318
3.13093
3.12945
3.12735
3.12462
3.12127
3.11728
3.11264
3.10739
1.58542
1.60345
1.62206
1.64234
1.66286
1.6829
1.70292
1.72308
1.7437
1.76489
1.78625
1.80785
1.82992
1.85211
1.87426
1.89669
1.9194
1.94219
1.96508
1.98814
2.01141
2.03481
2.05815
2.08172
2.10548
2.12919
2.15301
2.17692
2.2008
2.22462
2.24846
2.27247
2.29643
2.32021
2.34398
2.36774
2.39139
2.41495
2.43847
2.46186
2.48506
2.50801
2.53083
2.55358
2.57613
2.59842
2.6205
2.64236
2.66394
2.68528
2.70641
2.7272
2.7476
2.7677
2.78747
2.8069
2.82597
2.84465
2.86292
2.88078
2.89826
2.91533
2.93193
2.9481
2.96379
2.97901
2.99372
3.00795
3.02172
3.03492
3.04762
3.05982
3.07145
3.08252
3.09303
3.10296
3.1123
3.12104
3.12918
3.1367
3.14366
3.14998
3.15568
3.16077
3.16526
3.16914
3.17235
3.1749
3.17684
3.17813
3.17874
3.17873
3.1781
3.17682
3.17485
3.17225
3.16902
3.16511
3.16054
3.15536
1.55829
1.57717
1.59725
1.6181
1.6384
1.6585
1.67922
1.70031
1.72184
1.74388
1.76619
1.78867
1.81133
1.8343
1.85734
1.88043
1.9039
1.9276
1.95141
1.97541
1.99958
2.02394
2.04828
2.0728
2.09757
2.12226
2.14706
2.17202
2.1969
2.22174
2.24672
2.27174
2.29671
2.32159
2.34636
2.3712
2.39604
2.42069
2.44524
2.46968
2.49398
2.51807
2.54197
2.56572
2.58935
2.61279
2.63592
2.65879
2.68147
2.70387
2.72597
2.74778
2.76922
2.79033
2.81114
2.83156
2.85159
2.87122
2.89043
2.90927
2.92768
2.94565
2.96317
2.98023
2.99678
3.01286
3.02842
3.04344
3.05798
3.07195
3.08536
3.09826
3.11059
3.12232
3.13349
3.14408
3.15403
3.16334
3.17202
3.1801
3.18753
3.19432
3.20047
3.20597
3.21083
3.21503
3.21854
3.22143
3.22369
3.22523
3.22609
3.22631
3.22584
3.22467
3.22281
3.22031
3.21714
3.2133
3.20884
3.20371
1.53008
1.55051
1.57121
1.59157
1.61195
1.63296
1.65476
1.67695
1.69938
1.72211
1.74521
1.76848
1.79185
1.81552
1.83936
1.86334
1.88773
1.91243
1.9372
1.96217
1.9874
2.01271
2.03809
2.06371
2.08952
2.11524
2.14109
2.16712
2.19315
2.2192
2.24525
2.27128
2.29734
2.3235
2.34948
2.37539
2.40139
2.42724
2.45289
2.47851
2.50403
2.52932
2.55441
2.57934
2.60411
2.62863
2.65291
2.677
2.70081
2.72428
2.74747
2.77042
2.79301
2.81519
2.83709
2.85861
2.8797
2.9004
2.92066
2.94052
2.95993
2.97889
2.99741
3.01544
3.03292
3.04991
3.06641
3.08232
3.0977
3.1125
3.12672
3.14035
3.15341
3.16587
3.17772
3.18898
3.19959
3.20953
3.21885
3.22752
3.23549
3.24279
3.24942
3.25539
3.26069
3.26526
3.26914
3.27237
3.27489
3.27668
3.27779
3.27818
3.27784
3.27678
3.27503
3.27255
3.26935
3.26549
3.26096
3.25569
1.50109
1.52211
1.54254
1.56303
1.58457
1.60695
1.6297
1.65268
1.67581
1.6992
1.72294
1.74694
1.77118
1.79559
1.82031
1.84543
1.87086
1.89649
1.92229
1.94834
1.97461
2.00094
2.02738
2.05409
2.08097
2.10786
2.13486
2.16198
2.18924
2.21652
2.24365
2.27083
2.29816
2.32561
2.35284
2.3799
2.40706
2.43418
2.46117
2.488
2.51469
2.54127
2.56768
2.59387
2.61986
2.6456
2.67113
2.69648
2.7215
2.74619
2.77058
2.79473
2.81857
2.84197
2.86501
2.88771
2.90996
2.93184
2.95328
2.97422
2.99472
3.01476
3.03434
3.0534
3.07191
3.08988
3.10738
3.12428
3.14056
3.15627
3.17138
3.18586
3.19974
3.213
3.2256
3.23758
3.24893
3.25959
3.26959
3.27889
3.28748
3.29538
3.30255
3.30907
3.31483
3.31985
3.3242
3.32781
3.33063
3.33272
3.3341
3.33475
3.33462
3.33372
3.33208
3.32967
3.32651
3.32262
3.31792
3.31245
1.4705
1.49116
1.51195
1.53391
1.55694
1.58022
1.60346
1.62696
1.65079
1.67487
1.69923
1.72408
1.74936
1.77478
1.80049
1.82676
1.85323
1.87978
1.90668
1.93373
1.96098
1.98847
2.01608
2.04385
2.07179
2.09992
2.12815
2.15644
2.18487
2.2133
2.24166
2.27018
2.2988
2.32739
2.35588
2.38425
2.41263
2.44107
2.46931
2.49731
2.52531
2.5533
2.58101
2.60845
2.63572
2.66271
2.68949
2.71612
2.74245
2.76839
2.79403
2.81942
2.84451
2.86918
2.89343
2.91731
2.94074
2.96378
2.98641
3.00852
3.03011
3.05127
3.07193
3.09203
3.11157
3.13056
3.14904
3.16694
3.18417
3.20077
3.21678
3.23217
3.24689
3.26096
3.27437
3.2871
3.29919
3.31053
3.32119
3.33116
3.34041
3.34891
3.35666
3.3637
3.36993
3.37541
3.38018
3.38416
3.38734
3.38978
3.39147
3.39236
3.39247
3.3918
3.39035
3.38809
3.38504
3.38118
3.37647
3.37101
1.43762
1.45869
1.48097
1.50448
1.52824
1.55177
1.57542
1.59956
1.6242
1.64912
1.67435
1.70027
1.72667
1.75319
1.77999
1.80726
1.8347
1.8623
1.89022
1.91842
1.94682
1.97536
2.00411
2.03309
2.06224
2.09158
2.12102
2.15058
2.18023
2.20987
2.23959
2.26941
2.29925
2.32912
2.35892
2.38859
2.41828
2.44797
2.4775
2.50694
2.5363
2.56547
2.59451
2.62334
2.65185
2.68016
2.70831
2.73626
2.76388
2.79108
2.81797
2.84463
2.87098
2.89691
2.92238
2.94743
2.97209
2.99633
3.0201
3.04336
3.06609
3.08833
3.11008
3.13123
3.1518
3.17182
3.19127
3.21013
3.22835
3.24589
3.26278
3.27905
3.29463
3.3095
3.32369
3.33718
3.34997
3.36199
3.37329
3.38389
3.39373
3.40282
3.41112
3.41864
3.4254
3.43131
3.43639
3.44069
3.44422
3.44695
3.44887
3.44994
3.45023
3.44974
3.44843
3.4463
3.44333
3.43956
3.43502
3.42964
1.40299
1.42578
1.44952
1.47337
1.4972
1.52117
1.54556
1.57055
1.59615
1.62211
1.64857
1.67571
1.703
1.73047
1.75844
1.78673
1.81516
1.84391
1.87302
1.90237
1.93188
1.96157
1.99162
2.02194
2.05236
2.08291
2.11367
2.14457
2.1755
2.20649
2.23759
2.26876
2.29992
2.33115
2.36237
2.3935
2.42456
2.45558
2.4866
2.51741
2.54806
2.57871
2.6092
2.63941
2.66934
2.69909
2.72865
2.75795
2.78694
2.81556
2.84383
2.8718
2.89946
2.92673
2.9535
2.97983
3.00575
3.03124
3.05625
3.0807
3.10468
3.12809
3.15093
3.1732
3.19486
3.21595
3.23643
3.25631
3.27556
3.29413
3.31198
3.32918
3.34568
3.36144
3.37647
3.39076
3.40428
3.41706
3.42907
3.44031
3.45075
3.4604
3.46925
3.4773
3.48457
3.49095
3.49643
3.5011
3.50493
3.50789
3.51002
3.51128
3.51166
3.51122
3.50995
3.50784
3.5049
3.50117
3.49659
3.49113
1.36759
1.39181
1.41584
1.43949
1.46379
1.48875
1.51415
1.54022
1.56696
1.5941
1.62174
1.64983
1.67792
1.7064
1.73555
1.76493
1.79447
1.82438
1.85467
1.88521
1.916
1.94712
1.97846
2.01003
2.04181
2.07372
2.10589
2.13817
2.17047
2.20291
2.23545
2.26806
2.30071
2.33346
2.3662
2.39877
2.4313
2.46386
2.49637
2.52871
2.56097
2.59311
2.625
2.65675
2.68827
2.71954
2.75063
2.78141
2.81188
2.84201
2.87178
2.90119
2.93027
2.95895
2.98716
3.01493
3.04222
3.06906
3.09543
3.12121
3.14648
3.17124
3.19537
3.21887
3.24177
3.26404
3.28566
3.30664
3.32699
3.34669
3.36562
3.38381
3.40131
3.41806
3.43403
3.44923
3.46363
3.47724
3.49
3.50194
3.51311
3.52342
3.53287
3.54147
3.54926
3.55618
3.56218
3.56731
3.57156
3.57489
3.57731
3.5788
3.57938
3.57907
3.57785
3.57576
3.5728
3.56893
3.56414
3.55848
1.33106
1.35532
1.37897
1.40328
1.42886
1.45504
1.48165
1.50877
1.53645
1.56473
1.59337
1.62224
1.65128
1.6809
1.71119
1.74171
1.77241
1.80354
1.83517
1.86705
1.89914
1.93162
1.96434
1.99723
2.03042
2.06384
2.09743
2.13102
2.16471
2.19877
2.23292
2.26705
2.30122
2.33542
2.36966
2.40385
2.43804
2.47222
2.50625
2.5402
2.57404
2.60771
2.64121
2.67455
2.70768
2.74055
2.7732
2.80554
2.83756
2.86927
2.90061
2.93155
2.96211
2.99227
3.02198
3.05123
3.08001
3.10826
3.13604
3.16329
3.18992
3.21603
3.24153
3.26637
3.29062
3.31421
3.33708
3.35925
3.38074
3.40159
3.42165
3.44091
3.45944
3.47721
3.49417
3.51032
3.52566
3.54013
3.55369
3.56641
3.57831
3.5893
3.59939
3.60859
3.61693
3.62438
3.63089
3.63651
3.64125
3.64504
3.64784
3.64967
3.6506
3.65056
3.64957
3.64759
3.64461
3.64068
3.63579
3.63
1.29192
1.3158
1.3399
1.36576
1.39279
1.42018
1.44781
1.47575
1.50428
1.5335
1.5631
1.59292
1.62308
1.65386
1.68539
1.71717
1.7491
1.78156
1.81461
1.84791
1.88131
1.9151
1.94925
1.98362
2.01829
2.05321
2.08816
2.12319
2.1585
2.19417
2.22993
2.26555
2.30117
2.33697
2.37294
2.40882
2.44457
2.48032
2.51596
2.55154
2.58704
2.62232
2.65744
2.69238
2.72712
2.76162
2.79586
2.82979
2.86342
2.89672
2.92965
2.96216
2.99427
3.02596
3.05719
3.08795
3.11821
3.14793
3.17713
3.20581
3.23388
3.26137
3.28824
3.31441
3.33995
3.36485
3.38899
3.41238
3.43507
3.45703
3.4782
3.49854
3.51807
3.53685
3.55481
3.57189
3.58813
3.60346
3.6179
3.63141
3.64402
3.6557
3.66641
3.67619
3.68505
3.69297
3.69994
3.70598
3.71108
3.71521
3.71834
3.72055
3.7218
3.72204
3.72126
3.71944
3.71662
3.71279
3.70797
3.70215
1.24936
1.2739
1.29986
1.32722
1.35518
1.38338
1.41177
1.44056
1.47002
1.50014
1.53077
1.56185
1.59332
1.62543
1.65822
1.69127
1.72456
1.75849
1.79298
1.82761
1.86248
1.89771
1.93328
1.96922
2.00548
2.04193
2.07842
2.11504
2.15198
2.18921
2.22659
2.26391
2.30124
2.33877
2.37632
2.4138
2.45127
2.48874
2.52613
2.5634
2.60056
2.63754
2.67436
2.71097
2.74738
2.78357
2.81947
2.85505
2.89033
2.92529
2.95986
2.99401
3.02774
3.06105
3.09387
3.12618
3.15799
3.18924
3.21992
3.25005
3.27958
3.30848
3.33675
3.36433
3.39122
3.41744
3.44285
3.46747
3.49135
3.51447
3.53681
3.55826
3.57882
3.59857
3.61748
3.63551
3.65263
3.66887
3.68421
3.69851
3.71185
3.7243
3.73572
3.74609
3.75547
3.76388
3.77131
3.77771
3.78307
3.78744
3.79085
3.79328
3.79468
3.79502
3.7943
3.7926
3.78991
3.78618
3.7814
3.77553
1.20421
1.23067
1.2586
1.2867
1.31506
1.34382
1.37304
1.40289
1.4335
1.46478
1.49656
1.52898
1.562
1.59554
1.62947
1.66379
1.6987
1.73421
1.76995
1.80594
1.84247
1.87931
1.91639
1.95399
1.99189
2.02989
2.06806
2.10641
2.14511
2.18405
2.22311
2.26227
2.30137
2.34058
2.37991
2.41925
2.45856
2.49782
2.53701
2.57612
2.61509
2.65391
2.69255
2.73099
2.7692
2.80718
2.84488
2.88225
2.91931
2.95604
2.99238
3.0283
3.06378
3.09882
3.13336
3.16738
3.20086
3.23377
3.26608
3.29779
3.32887
3.35929
3.38905
3.41811
3.44645
3.47409
3.5009
3.52689
3.55206
3.57644
3.60002
3.62268
3.64442
3.66524
3.68517
3.70425
3.72233
3.73948
3.7557
3.7709
3.7851
3.79836
3.81058
3.82169
3.83174
3.84078
3.84875
3.8556
3.86135
3.86605
3.86971
3.87228
3.87375
3.87413
3.87347
3.87177
3.86899
3.86513
3.86018
3.85414
1.15786
1.18596
1.2146
1.24298
1.27189
1.30154
1.33186
1.36303
1.39499
1.42753
1.46063
1.49449
1.52897
1.5638
1.59896
1.63479
1.67131
1.70814
1.74527
1.783
1.82118
1.85954
1.89827
1.93759
1.97716
2.01685
2.05687
2.09707
2.13756
2.17829
2.21913
2.26014
2.30116
2.34224
2.38345
2.42468
2.46591
2.50711
2.54824
2.58929
2.63022
2.671
2.71161
2.752
2.79217
2.8321
2.87172
2.91102
2.95
2.98864
3.02688
3.06468
3.10204
3.13896
3.17536
3.21121
3.2465
3.2812
3.31528
3.34872
3.38149
3.41357
3.44494
3.47558
3.50548
3.5346
3.56292
3.59039
3.61702
3.6428
3.66773
3.69171
3.71474
3.73677
3.75786
3.77808
3.79727
3.8154
3.83254
3.84873
3.86385
3.87793
3.89098
3.90294
3.91379
3.92356
3.93219
3.93964
3.94597
3.95114
3.95515
3.95801
3.95972
3.96029
3.9597
3.95796
3.95505
3.951
3.94581
3.93955
1.10998
1.13841
1.16691
1.19603
1.22611
1.25701
1.28878
1.32137
1.35458
1.38843
1.42304
1.4582
1.49385
1.53002
1.56672
1.60412
1.64201
1.68024
1.71916
1.75867
1.7983
1.83821
1.87884
1.91997
1.96122
2.00268
2.04457
2.0867
2.12908
2.17166
2.21436
2.25728
2.30029
2.34335
2.38652
2.42972
2.47294
2.51614
2.5593
2.60237
2.64534
2.68817
2.73082
2.77326
2.81547
2.85743
2.89908
2.9404
2.98138
3.022
3.06221
3.10198
3.14129
3.18012
3.21843
3.25619
3.29336
3.32992
3.36583
3.40107
3.4356
3.46941
3.50247
3.53477
3.56628
3.59698
3.62682
3.65582
3.68396
3.7112
3.73753
3.76291
3.78731
3.81068
3.83301
3.85437
3.87472
3.89394
3.91209
3.92923
3.94523
3.96011
3.97395
3.98669
3.99828
4.00875
4.01804
4.02612
4.03304
4.03873
4.04322
4.04655
4.04862
4.04941
4.04896
4.04734
4.04449
4.04041
4.03514
4.0287
1.05881
1.08714
1.11606
1.14673
1.17828
1.21047
1.24372
1.27767
1.3121
1.34726
1.38313
1.41949
1.45648
1.49427
1.53261
1.57143
1.61085
1.65085
1.69144
1.73251
1.77387
1.81567
1.85814
1.901
1.94408
1.98751
2.03129
2.07535
2.11968
2.16423
2.20894
2.25385
2.29889
2.34402
2.38923
2.43449
2.47978
2.52506
2.57031
2.61547
2.66054
2.70547
2.75023
2.79478
2.8391
2.88316
2.9269
2.97029
3.01333
3.05599
3.09821
3.13998
3.18126
3.22204
3.2623
3.30196
3.34102
3.37946
3.41723
3.4543
3.49064
3.52622
3.56102
3.59501
3.62817
3.66048
3.6919
3.72244
3.75207
3.78076
3.80852
3.8353
3.86106
3.88579
3.90941
3.93197
3.9535
3.97386
3.99305
4.01112
4.02801
4.04374
4.05831
4.07169
4.08391
4.09493
4.10472
4.11333
4.12075
4.12691
4.1318
4.13546
4.13782
4.13886
4.13866
4.13722
4.1345
4.13051
4.12525
4.11868
1.00344
1.03259
1.06311
1.09534
1.12819
1.16166
1.19611
1.23122
1.26687
1.30326
1.34049
1.37832
1.41686
1.45624
1.49615
1.53656
1.57776
1.61956
1.6618
1.70464
1.74798
1.79173
1.83601
1.88074
1.92582
1.97127
2.01707
2.06318
2.10957
2.15621
2.20305
2.25009
2.29728
2.34457
2.39196
2.43942
2.4869
2.53437
2.5818
2.62917
2.67644
2.72357
2.77054
2.81731
2.86383
2.91008
2.956
3.00158
3.04678
3.09157
3.13591
3.17977
3.22312
3.26594
3.30819
3.34985
3.39089
3.43128
3.47097
3.50995
3.54817
3.58561
3.62223
3.658
3.69291
3.72691
3.76
3.79214
3.82333
3.85353
3.88274
3.91093
3.93807
3.96415
3.9891
4.01293
4.03566
4.05721
4.07752
4.09661
4.1145
4.13117
4.14655
4.16066
4.17352
4.18508
4.19535
4.20439
4.21217
4.21864
4.22381
4.22768
4.23024
4.23151
4.23148
4.2301
4.22739
4.22338
4.21803
4.21134
0.944687
0.975615
1.00795
1.04125
1.07518
1.10983
1.1453
1.18155
1.21851
1.25633
1.29504
1.33446
1.37461
1.41558
1.45721
1.49947
1.54246
1.58608
1.63023
1.67497
1.72027
1.76605
1.81232
1.85907
1.90626
1.95384
2.00177
2.05004
2.09865
2.14751
2.19661
2.24592
2.2954
2.34501
2.39474
2.44453
2.49434
2.54414
2.59394
2.64366
2.69327
2.74276
2.79208
2.84119
2.89006
2.93865
2.98692
3.03483
3.08235
3.12943
3.17606
3.22218
3.26777
3.31279
3.35723
3.40105
3.44421
3.4867
3.52847
3.56949
3.60975
3.64919
3.68778
3.7255
3.76231
3.79817
3.83307
3.86697
3.89986
3.9317
3.96249
3.99219
4.02078
4.04827
4.07461
4.09977
4.12378
4.14657
4.1681
4.18836
4.20735
4.22504
4.24141
4.25644
4.2701
4.28241
4.29337
4.30295
4.31112
4.31795
4.32343
4.32753
4.33028
4.33168
4.33168
4.33027
4.3275
4.32334
4.3178
4.31091
0.883488
0.916093
0.949665
0.983786
1.01868
1.05444
1.0911
1.12868
1.16712
1.20647
1.24674
1.28786
1.32976
1.37244
1.41586
1.46001
1.50489
1.55042
1.59654
1.64329
1.69062
1.73851
1.7869
1.8358
1.88518
1.93497
1.98514
2.03571
2.08665
2.13785
2.1893
2.241
2.29291
2.34497
2.39714
2.44939
2.50167
2.55398
2.60625
2.65845
2.71056
2.76255
2.81435
2.86594
2.9173
2.96838
3.01913
3.06952
3.11952
3.16907
3.21815
3.26671
3.31472
3.36214
3.40895
3.45509
3.50055
3.54532
3.58933
3.63255
3.67498
3.71657
3.75728
3.79708
3.83594
3.87382
3.91069
3.94651
3.98124
4.01488
4.04739
4.07876
4.10894
4.13794
4.16573
4.1923
4.21764
4.24171
4.26449
4.28597
4.30612
4.32491
4.34234
4.35839
4.37301
4.38623
4.39802
4.40833
4.41718
4.42459
4.43053
4.43499
4.43801
4.43957
4.43964
4.43825
4.43542
4.43114
4.4254
4.41821
0.819524
0.853114
0.887394
0.9224
0.958423
0.995496
1.03359
1.07271
1.11279
1.15381
1.19577
1.23861
1.28231
1.32682
1.37211
1.41818
1.46499
1.5125
1.56069
1.60954
1.65901
1.70907
1.75968
1.81082
1.86247
1.91457
1.96711
2.02006
2.07337
2.12701
2.18093
2.2351
2.28952
2.34411
2.39882
2.45363
2.50851
2.56341
2.61826
2.67306
2.72778
2.78236
2.83675
2.89093
2.94489
2.99855
3.05189
3.10487
3.15744
3.20958
3.26122
3.31233
3.36288
3.41282
3.46212
3.51073
3.55861
3.60575
3.65212
3.69765
3.74234
3.78616
3.82906
3.87101
3.91198
3.95193
3.99084
4.02866
4.06535
4.10088
4.13521
4.16834
4.20022
4.23084
4.26017
4.28821
4.31492
4.3403
4.36432
4.38699
4.40827
4.42815
4.44662
4.46366
4.47923
4.49334
4.50596
4.51706
4.52666
4.53474
4.54126
4.54621
4.54962
4.55148
4.55176
4.55049
4.54769
4.54335
4.53745
4.53001
0.751455
0.785631
0.820793
0.857074
0.894526
0.933147
0.972874
1.01367
1.05545
1.09821
1.14195
1.18659
1.2321
1.2785
1.32574
1.37379
1.42263
1.47224
1.52258
1.57359
1.62528
1.67763
1.73058
1.78407
1.8381
1.89262
1.94762
2.00304
2.05885
2.11502
2.17151
2.22826
2.28527
2.34249
2.39983
2.4573
2.51486
2.57245
2.63001
2.68752
2.74494
2.80224
2.85934
2.91623
2.97288
3.02923
3.08524
3.14089
3.19613
3.25091
3.3052
3.35894
3.41211
3.46465
3.51652
3.56767
3.61807
3.66768
3.71647
3.76439
3.8114
3.85749
3.90263
3.94676
3.98986
4.0319
4.07286
4.11268
4.15133
4.18878
4.22499
4.25994
4.29359
4.3259
4.35685
4.38643
4.4146
4.44135
4.46667
4.49054
4.51295
4.53389
4.55333
4.57128
4.58771
4.6026
4.61596
4.62776
4.63799
4.64663
4.65367
4.65909
4.66289
4.66506
4.66559
4.66449
4.66175
4.65739
4.65138
4.64374
0.678365
0.713538
0.75017
0.788019
0.827098
0.867387
0.908791
0.951273
0.994773
1.0393
1.08485
1.13134
1.17875
1.22711
1.27638
1.3265
1.37748
1.42928
1.48186
1.53519
1.58925
1.64399
1.69937
1.75535
1.8119
1.86899
1.92657
1.98462
2.04307
2.1019
2.16109
2.22057
2.28032
2.34029
2.40042
2.46069
2.52106
2.5815
2.64192
2.70228
2.76256
2.82274
2.88271
2.94245
3.00195
3.06114
3.11998
3.17844
3.23647
3.29402
3.35106
3.40754
3.46342
3.51867
3.57322
3.62702
3.68004
3.73225
3.78357
3.83398
3.88343
3.93191
3.97936
4.02577
4.07107
4.11526
4.15832
4.20018
4.24084
4.28025
4.31838
4.35519
4.39066
4.42475
4.45742
4.48864
4.51839
4.54665
4.57339
4.59859
4.62222
4.64429
4.66478
4.68367
4.70096
4.71663
4.73067
4.74309
4.75385
4.76295
4.77038
4.77613
4.7802
4.78258
4.78326
4.78222
4.77949
4.77504
4.76887
4.76101
0.600652
0.63748
0.67587
0.715323
0.756033
0.797947
0.840956
0.8851
0.930335
0.976649
1.02403
1.07244
1.12185
1.17226
1.22364
1.27597
1.32919
1.3833
1.43827
1.49404
1.55056
1.60782
1.66577
1.72438
1.78362
1.84343
1.90376
1.96457
2.02584
2.08752
2.14959
2.21197
2.27463
2.33754
2.40065
2.46391
2.52728
2.59072
2.65418
2.7176
2.78095
2.84418
2.90723
2.97002
3.03257
3.09481
3.15668
3.21813
3.27914
3.33965
3.39962
3.45901
3.51778
3.57588
3.63326
3.68987
3.74566
3.80061
3.85464
3.90772
3.95981
4.01086
4.06082
4.10967
4.15737
4.20388
4.24918
4.29324
4.33602
4.3775
4.41765
4.45642
4.4938
4.52975
4.56423
4.59721
4.62866
4.65856
4.68686
4.71354
4.73859
4.76198
4.78368
4.80369
4.82199
4.83857
4.85342
4.86652
4.87786
4.88745
4.89528
4.90134
4.90562
4.90814
4.90887
4.90781
4.90497
4.90034
4.89392
4.88573
0.519233
0.557833
0.597739
0.638691
0.680919
0.724351
0.76895
0.81478
0.861789
0.909941
0.959235
1.00966
1.06118
1.11376
1.16738
1.22201
1.2776
1.33414
1.3916
1.44989
1.50901
1.56894
1.62961
1.69099
1.75303
1.81569
1.87892
1.94268
2.00694
2.07166
2.13676
2.20221
2.26797
2.33402
2.40028
2.46669
2.53324
2.59989
2.66656
2.73321
2.79979
2.86627
2.93258
2.99863
3.06442
3.1299
3.19499
3.25965
3.32385
3.38752
3.45061
3.51309
3.57493
3.63607
3.69645
3.75602
3.81477
3.87264
3.92956
3.98549
4.04039
4.09421
4.14691
4.19843
4.24874
4.29781
4.34559
4.39204
4.43715
4.48089
4.5232
4.56407
4.60348
4.64138
4.67777
4.71259
4.74581
4.77743
4.80738
4.83566
4.86223
4.88706
4.91013
4.93142
4.9509
4.96856
4.98437
4.99833
5.01043
5.02067
5.02904
5.03552
5.04012
5.04284
5.04367
5.04261
5.03967
5.03485
5.02816
5.01959
0.434119
0.474052
0.5151
0.557475
0.601153
0.646119
0.692416
0.740021
0.788895
0.839009
0.890366
0.94294
0.996677
1.05155
1.10754
1.16459
1.22267
1.28176
1.34181
1.40277
1.46463
1.52734
1.59083
1.6551
1.72009
1.78575
1.85201
1.91886
1.98626
2.05413
2.12242
2.19111
2.26014
2.32946
2.39901
2.46874
2.53864
2.60863
2.67866
2.74867
2.81863
2.88849
2.95818
3.02764
3.09681
3.16568
3.23417
3.30219
3.36973
3.43673
3.50312
3.56886
3.63393
3.69827
3.7618
3.8245
3.88633
3.94724
4.00718
4.0661
4.12395
4.18069
4.23627
4.29062
4.34372
4.39551
4.44596
4.49501
4.54263
4.5888
4.63347
4.6766
4.71817
4.75816
4.79652
4.83325
4.86829
4.90165
4.93328
4.96315
4.99124
5.01751
5.04196
5.06455
5.08525
5.10404
5.1209
5.13583
5.1488
5.1598
5.16882
5.17585
5.18089
5.18394
5.18498
5.18404
5.18109
5.17616
5.16925
5.16036
0.344136
0.384989
0.427115
0.470981
0.516226
0.562904
0.611043
0.660559
0.711463
0.763711
0.817278
0.872126
0.928213
0.985516
1.04399
1.10361
1.16432
1.22609
1.28888
1.35266
1.41738
1.48299
1.54945
1.61675
1.68483
1.75361
1.82305
1.89311
1.96377
2.03496
2.1066
2.17866
2.25108
2.32381
2.39682
2.47003
2.54339
2.61686
2.69037
2.76388
2.83734
2.9107
2.9839
3.05687
3.12956
3.20193
3.27391
3.34543
3.41645
3.48691
3.55676
3.62592
3.69436
3.76203
3.82887
3.89483
3.95987
4.02395
4.08702
4.14902
4.20991
4.26965
4.32818
4.38545
4.44142
4.49603
4.54924
4.60099
4.65124
4.69997
4.74712
4.79264
4.83651
4.87869
4.91915
4.95787
4.9948
5.02994
5.06325
5.0947
5.12427
5.15196
5.17773
5.20154
5.22339
5.24325
5.26109
5.27692
5.29071
5.30245
5.31211
5.31969
5.32518
5.32858
5.32988
5.32908
5.32619
5.3212
5.31411
5.30493
0.247919
0.289784
0.333317
0.378857
0.425866
0.474438
0.524571
0.57617
0.629262
0.683775
0.739674
0.796924
0.8555
0.915359
0.976464
1.03879
1.10228
1.16688
1.23256
1.2993
1.36703
1.43572
1.50532
1.5758
1.64711
1.71916
1.79193
1.86539
1.93948
2.01412
2.08926
2.16484
2.24084
2.31717
2.39378
2.47063
2.54763
2.62475
2.70193
2.7791
2.85623
2.93326
3.01011
3.08675
3.16312
3.23913
3.31475
3.38992
3.46457
3.53866
3.6121
3.68484
3.75684
3.82802
3.89834
3.96774
4.03616
4.10357
4.16991
4.23513
4.29918
4.36201
4.42358
4.48384
4.54274
4.60023
4.65627
4.71079
4.76374
4.81509
4.86481
4.91283
4.95909
5.00357
5.04625
5.08707
5.12601
5.16303
5.19811
5.23122
5.26235
5.29147
5.31856
5.34358
5.36655
5.38743
5.4062
5.42285
5.43737
5.44974
5.45995
5.46799
5.47385
5.47752
5.479
5.47827
5.47535
5.47024
5.46293
5.45342
0.144937
0.188345
0.233736
0.281078
0.330018
0.380621
0.432861
0.486666
0.542025
0.598884
0.657209
0.716978
0.778155
0.840694
0.904559
0.969706
1.03609
1.10369
1.17244
1.24227
1.31318
1.38512
1.45803
1.53186
1.60656
1.68207
1.75837
1.8354
1.91307
1.99134
2.07017
2.14949
2.22925
2.30937
2.38979
2.47048
2.55136
2.63235
2.71341
2.79449
2.87552
2.95644
3.03719
3.11772
3.19796
3.27785
3.35734
3.43635
3.51484
3.59276
3.67002
3.74656
3.82231
3.89722
3.97125
4.04431
4.11634
4.1873
4.25714
4.32579
4.39319
4.45931
4.52408
4.58748
4.64945
4.70993
4.76889
4.82628
4.88203
4.93611
4.98846
5.03906
5.08784
5.13474
5.17975
5.22282
5.26391
5.30298
5.34001
5.37496
5.4078
5.43851
5.46705
5.49344
5.51764
5.53962
5.55939
5.57692
5.59219
5.60521
5.61595
5.62441
5.63059
5.63447
5.63605
5.63533
5.63229
5.62696
5.61933
5.6094
0.035592
0.0810833
0.128589
0.177767
0.228735
0.281426
0.335811
0.391866
0.449547
0.508821
0.56966
0.632032
0.695884
0.761189
0.827922
0.896022
0.965433
1.03614
1.10807
1.18117
1.25542
1.33076
1.40714
1.4845
1.56277
1.64193
1.72194
1.8027
1.88415
1.96627
2.04898
2.13223
2.21595
2.30008
2.38455
2.46931
2.55428
2.6394
2.72461
2.80984
2.89504
2.98011
3.06502
3.14969
3.23409
3.31812
3.40172
3.48484
3.56741
3.6494
3.7307
3.81126
3.89102
3.96991
4.04787
4.12483
4.20073
4.27549
4.34908
4.42141
4.49243
4.56209
4.63033
4.6971
4.76236
4.82604
4.88812
4.94854
5.00724
5.06419
5.11932
5.17262
5.22402
5.27347
5.32095
5.36639
5.40978
5.45106
5.4902
5.52716
5.5619
5.5944
5.62463
5.65258
5.67821
5.7015
5.72245
5.74102
5.75721
5.77101
5.78241
5.79139
5.79796
5.80211
5.80383
5.80311
5.79997
5.7944
5.78641
5.776
-0.0794558
-0.0317595
0.0177915
0.0688397
0.121847
0.176642
0.233203
0.291556
0.351622
0.413392
0.476816
0.541858
0.608488
0.676674
0.74637
0.817525
0.890101
0.964042
1.03929
1.11581
1.19355
1.27244
1.35245
1.4335
1.51554
1.59853
1.68241
1.7671
1.85255
1.93869
2.02549
2.11286
2.20075
2.2891
2.37782
2.46685
2.55614
2.64562
2.73519
2.82482
2.91441
3.0039
3.09322
3.18231
3.2711
3.35952
3.44749
3.53496
3.62187
3.70815
3.79372
3.87851
3.96248
4.04556
4.12767
4.20873
4.28869
4.36747
4.44502
4.52127
4.59615
4.66961
4.74156
4.81196
4.88076
4.94789
5.01331
5.07698
5.13883
5.19883
5.25693
5.31307
5.36724
5.41937
5.46942
5.51736
5.56314
5.60673
5.64809
5.68715
5.72391
5.75832
5.79036
5.82
5.84721
5.87197
5.89423
5.91401
5.93127
5.94601
5.9582
5.96784
5.97492
5.97944
5.9814
5.98078
5.97759
5.97184
5.96352
5.95264
-0.200231
-0.150663
-0.0993055
-0.046305
0.00873611
0.0656871
0.124519
0.185245
0.247798
0.312162
0.37828
0.446129
0.515676
0.586872
0.659673
0.734036
0.809913
0.887245
0.965972
1.04607
1.12746
1.21008
1.2939
1.37884
1.46484
1.55184
1.6398
1.72863
1.81827
1.90865
1.99973
2.09145
2.18372
2.27647
2.36964
2.46316
2.55696
2.65098
2.74513
2.83936
2.93356
3.02768
3.12163
3.21535
3.30875
3.40177
3.49435
3.5864
3.67784
3.76862
3.85867
3.94791
4.03628
4.1237
4.21011
4.29544
4.37963
4.46258
4.54426
4.62457
4.70347
4.78088
4.85673
4.93094
5.00347
5.07425
5.14324
5.21036
5.27558
5.33883
5.40006
5.45924
5.51633
5.57127
5.62402
5.67455
5.7228
5.76875
5.81234
5.85356
5.89236
5.92871
5.96257
5.99392
6.02272
6.04895
6.07257
6.09358
6.11194
6.12765
6.14068
6.15102
6.15867
6.16362
6.16585
6.16537
6.16218
6.15628
6.14767
6.13635
-0.327844
-0.276759
-0.223694
-0.168623
-0.111477
-0.0522628
0.00895787
0.0721829
0.137369
0.204481
0.273466
0.34429
0.416916
0.491297
0.56739
0.645151
0.724513
0.805421
0.887823
0.971677
1.05693
1.1435
1.23133
1.32037
1.41053
1.50177
1.59403
1.68724
1.78129
1.87615
1.97175
2.06803
2.16491
2.2623
2.36014
2.45836
2.5569
2.65567
2.75461
2.85362
2.95263
3.05157
3.15036
3.2489
3.34713
3.44497
3.54235
3.63918
3.73537
3.83087
3.92559
4.01947
4.11243
4.20439
4.29528
4.38505
4.47361
4.56089
4.64683
4.73135
4.81439
4.89588
4.97574
5.05392
5.13033
5.20492
5.27762
5.34838
5.41714
5.48381
5.54838
5.61077
5.67094
5.72884
5.78444
5.83767
5.8885
5.9369
5.98283
6.02625
6.06712
6.10541
6.14108
6.17412
6.20448
6.23214
6.25708
6.27927
6.29868
6.3153
6.32912
6.34012
6.34828
6.35361
6.35608
6.35571
6.35249
6.34641
6.33747
6.3257
-0.463712
-0.411085
-0.356157
-0.298921
-0.239531
-0.177912
-0.114141
-0.0482481
0.0197451
0.0897677
0.161794
0.235781
0.311686
0.389448
0.469029
0.550375
0.633419
0.718106
0.804404
0.892253
0.981574
1.0723
1.16438
1.25775
1.35232
1.44803
1.54483
1.64263
1.74136
1.84095
1.94133
2.04243
2.14416
2.24645
2.34922
2.4524
2.55591
2.65967
2.76362
2.86766
2.97172
3.0757
3.17955
3.28315
3.38643
3.48933
3.59173
3.69357
3.79476
3.89522
3.99487
4.09363
4.19142
4.28816
4.38377
4.4782
4.57136
4.66317
4.75357
4.84249
4.92986
5.0156
5.09965
5.18193
5.26237
5.34092
5.4175
5.49205
5.5645
5.63478
5.70284
5.76862
5.83207
5.89313
5.95175
6.00787
6.06147
6.11248
6.16089
6.20664
6.24969
6.29002
6.32759
6.36236
6.39433
6.42345
6.44971
6.47306
6.4935
6.51101
6.52556
6.53715
6.54577
6.55141
6.55406
6.55372
6.55039
6.54405
6.53473
6.52242
-0.60854
-0.554064
-0.497035
-0.437527
-0.375714
-0.311538
-0.245061
-0.176331
-0.10538
-0.0322653
0.0429715
0.120293
0.199648
0.280971
0.364219
0.449344
0.536278
0.624981
0.715387
0.807421
0.901014
0.996116
1.09266
1.19058
1.28979
1.39021
1.4918
1.59446
1.69812
1.8027
1.90811
2.01429
2.12114
2.2286
2.33658
2.44499
2.55375
2.6628
2.77204
2.88138
2.99074
3.10004
3.2092
3.31813
3.42673
3.53493
3.64265
3.74977
3.85623
3.96194
4.0668
4.17074
4.27367
4.37549
4.47614
4.57553
4.67359
4.77023
4.86538
4.95898
5.05094
5.14119
5.22966
5.31628
5.40097
5.48367
5.56431
5.64282
5.71915
5.79321
5.86494
5.9343
6.00121
6.0656
6.12744
6.18667
6.24322
6.29705
6.34811
6.39638
6.44181
6.48435
6.52398
6.56067
6.59436
6.62506
6.65273
6.67734
6.69887
6.71731
6.73264
6.74485
6.75393
6.75988
6.76268
6.76233
6.75884
6.7522
6.74241
6.72949
-0.762241
-0.705638
-0.646325
-0.584419
-0.520038
-0.453171
-0.38386
-0.312156
-0.238111
-0.161768
-0.0831584
-0.00233959
0.0806239
0.165685
0.25278
0.341871
0.432901
0.525787
0.620475
0.716902
0.814992
0.914683
1.01591
1.11859
1.22265
1.32803
1.43464
1.54239
1.6512
1.76101
1.87172
1.98325
2.09551
2.20841
2.32187
2.43579
2.55011
2.66472
2.77955
2.8945
3.00948
3.1244
3.23917
3.35371
3.46793
3.58175
3.69506
3.80776
3.91979
4.03105
4.14143
4.25085
4.35923
4.46646
4.57246
4.67716
4.78045
4.88226
4.9825
5.0811
5.17798
5.27305
5.36624
5.45748
5.5467
5.63381
5.71876
5.80147
5.88188
5.95991
6.0355
6.1086
6.17913
6.24703
6.31226
6.37474
6.43442
6.49124
6.54515
6.59612
6.6441
6.68904
6.73091
6.76966
6.80527
6.83771
6.86694
6.89296
6.91573
6.93522
6.95145
6.96439
6.97401
6.98033
6.98333
6.983
6.97936
6.97241
6.96215
6.94859
-0.924676
-0.865759
-0.804048
-0.73964
-0.672597
-0.602924
-0.530665
-0.455872
-0.378605
-0.298891
-0.21677
-0.13231
-0.0455888
0.043361
0.134483
0.227715
0.323001
0.420259
0.519429
0.620441
0.723226
0.827713
0.933829
1.0415
1.15064
1.26118
1.37304
1.48611
1.60032
1.71561
1.83187
1.949
2.06691
2.18553
2.30476
2.4245
2.54465
2.66513
2.78586
2.90672
3.02763
3.14848
3.26918
3.38967
3.50983
3.62956
3.74877
3.86736
3.98526
4.10236
4.21855
4.33375
4.44786
4.56081
4.67248
4.78278
4.89161
4.99889
5.10453
5.20845
5.31055
5.41075
5.50898
5.60515
5.69918
5.79099
5.88051
5.96766
6.0524
6.13463
6.21429
6.29132
6.36566
6.43723
6.50598
6.57186
6.63479
6.69473
6.75163
6.80542
6.85607
6.90353
6.94777
6.98873
7.02639
7.0607
7.09166
7.11922
7.14335
7.16405
7.18129
7.19506
7.20534
7.21212
7.21541
7.21518
7.21146
7.20424
7.19354
7.17935
-1.09618
-1.03484
-0.970643
-0.903635
-0.833818
-0.761238
-0.685924
-0.607926
-0.527298
-0.444084
-0.358331
-0.270096
-0.179439
-0.0864192
0.00889416
0.106453
0.206187
0.308026
0.411888
0.517699
0.625389
0.734892
0.846133
0.959029
1.07349
1.18944
1.30677
1.42541
1.54529
1.66631
1.78838
1.91138
2.03522
2.15983
2.28511
2.41095
2.53724
2.6639
2.79083
2.91791
3.04506
3.17216
3.29912
3.42586
3.55227
3.67823
3.80366
3.92844
4.0525
4.17573
4.29803
4.41928
4.53941
4.65834
4.77594
4.8921
5.00674
5.11975
5.23105
5.34055
5.44815
5.55376
5.65728
5.75865
5.85776
5.95454
6.04889
6.14076
6.23007
6.31674
6.4007
6.48188
6.5602
6.63561
6.70805
6.77746
6.84379
6.90696
6.96693
7.02365
7.07707
7.12714
7.17382
7.21708
7.25685
7.29312
7.32584
7.35501
7.38058
7.40254
7.42085
7.43551
7.4465
7.45382
7.45744
7.45737
7.4536
7.44615
7.43503
7.42023
-1.2775
-1.21374
-1.14699
-1.07729
-1.0046
-0.929007
-0.850517
-0.769175
-0.685046
-0.598174
-0.508612
-0.41642
-0.321634
-0.224369
-0.124662
-0.0225641
0.0818462
0.188483
0.297271
0.40813
0.521
0.635796
0.752436
0.870822
0.990875
1.1125
1.23561
1.36013
1.48596
1.613
1.74116
1.87034
2.00042
2.13133
2.26296
2.3952
2.52793
2.66108
2.79452
2.92815
3.06186
3.19555
3.3291
3.46241
3.59539
3.72792
3.85988
3.99118
4.12172
4.25139
4.38008
4.50769
4.63413
4.75929
4.88305
5.00532
5.12602
5.24502
5.36222
5.47754
5.59086
5.70211
5.81116
5.91796
6.02239
6.12437
6.2238
6.32061
6.41473
6.50607
6.59455
6.68009
6.76263
6.84209
6.9184
6.99153
7.0614
7.12795
7.19114
7.25089
7.30718
7.35993
7.40913
7.45472
7.49665
7.53489
7.56942
7.60019
7.6272
7.65041
7.66979
7.68533
7.69702
7.70483
7.70877
7.70882
7.70499
7.69727
7.68568
7.67021
-1.46967
-1.40354
-1.33418
-1.26168
-1.18604
-1.10728
-1.02547
-0.940635
-0.852836
-0.762124
-0.668559
-0.572195
-0.473111
-0.371361
-0.267026
-0.160143
-0.0508124
0.0608779
0.174863
0.291062
0.409389
0.529768
0.652109
0.776307
0.902266
1.02991
1.15914
1.28986
1.42198
1.55537
1.68997
1.82566
1.96233
2.09987
2.23819
2.37716
2.51668
2.65666
2.79697
2.93748
3.0781
3.21872
3.35922
3.49946
3.63936
3.77879
3.91764
4.05582
4.19318
4.32963
4.46505
4.59935
4.7324
4.86411
4.99435
5.12303
5.25005
5.37529
5.49865
5.62004
5.73935
5.85647
5.9713
6.08376
6.19374
6.30114
6.40588
6.50786
6.60701
6.70325
6.79648
6.88661
6.97358
7.05732
7.13775
7.21481
7.28843
7.35856
7.42514
7.4881
7.54739
7.60297
7.6548
7.70282
7.74699
7.78728
7.82366
7.85609
7.88454
7.909
7.92943
7.94583
7.95818
7.96645
7.97065
7.97076
7.96678
7.95872
7.94657
7.93036
-1.67378
-1.60517
-1.5331
-1.45768
-1.37894
-1.29689
-1.21159
-1.12309
-1.03144
-0.936691
-0.838927
-0.738195
-0.63456
-0.528101
-0.418884
-0.306969
-0.19246
-0.0754199
0.0440417
0.165873
0.289958
0.416217
0.544566
0.674907
0.807127
0.941119
1.0768
1.21408
1.35284
1.49298
1.63437
1.77693
1.92053
2.06508
2.21045
2.35654
2.50323
2.6504
2.79793
2.9457
3.0936
3.24151
3.3893
3.53687
3.68405
3.83077
3.9769
4.1223
4.26687
4.41048
4.55302
4.69438
4.83443
4.97304
5.11013
5.24557
5.37926
5.51109
5.64094
5.7687
5.89429
6.01757
6.13847
6.25687
6.37268
6.48578
6.59608
6.7035
6.80794
6.90932
7.00754
7.10253
7.19419
7.28245
7.36723
7.44845
7.52607
7.60001
7.6702
7.73657
7.79908
7.8577
7.91233
7.96298
8.00956
8.05204
8.09039
8.12457
8.15457
8.18036
8.20191
8.2192
8.23223
8.24097
8.24542
8.24556
8.2414
8.23294
8.22018
8.20314
-1.89051
-1.8192
-1.74425
-1.66578
-1.58377
-1.49826
-1.40931
-1.31695
-1.22125
-1.12227
-1.02009
-0.914761
-0.806346
-0.694923
-0.580571
-0.463384
-0.343414
-0.220761
-0.095521
0.0322149
0.162364
0.294815
0.429491
0.566279
0.705073
0.845763
0.988241
1.13243
1.27819
1.42541
1.57398
1.72379
1.87472
2.02665
2.17945
2.33303
2.48726
2.642
2.79712
2.95254
3.1081
3.26367
3.41915
3.57438
3.72926
3.88364
4.03742
4.19046
4.34263
4.49379
4.64384
4.79265
4.94009
5.08603
5.23037
5.37296
5.51373
5.65253
5.78924
5.92377
6.05599
6.18582
6.31312
6.4378
6.55975
6.67887
6.79506
6.90821
7.01823
7.12504
7.22856
7.32865
7.42526
7.5183
7.60768
7.69334
7.77518
7.85316
7.9272
7.99722
8.06318
8.12502
8.18269
8.23615
8.28533
8.33017
8.37067
8.40678
8.43846
8.4657
8.48847
8.50676
8.52054
8.5298
8.53454
8.53475
8.53042
8.52155
8.50817
8.49026
-2.12014
-2.04599
-1.96803
-1.88635
-1.80089
-1.71175
-1.61895
-1.52254
-1.42258
-1.31915
-1.21231
-1.10214
-0.988715
-0.872073
-0.752338
-0.629597
-0.503902
-0.375368
-0.244082
-0.110135
0.0263671
0.165309
0.306626
0.450194
0.595887
0.743602
0.893232
1.04466
1.19777
1.35244
1.50854
1.66598
1.82462
1.98429
2.14492
2.30637
2.46852
2.63123
2.79435
2.95778
3.12137
3.28501
3.44856
3.61187
3.77481
3.93726
4.09907
4.26013
4.42029
4.5794
4.73736
4.89403
5.04926
5.20294
5.35493
5.50511
5.65335
5.79954
5.94354
6.08523
6.22449
6.36124
6.49532
6.62666
6.75512
6.88061
7.00301
7.12221
7.23813
7.35067
7.45973
7.56522
7.66704
7.7651
7.85934
7.94966
8.03597
8.11821
8.19631
8.27017
8.33977
8.40504
8.46592
8.52234
8.57427
8.62165
8.66445
8.70261
8.73611
8.76492
8.78902
8.80839
8.82301
8.83286
8.83795
8.83825
8.83379
8.82454
8.81051
8.79172
-2.36314
-2.28609
-2.20498
-2.1199
-2.03083
-1.93785
-1.84099
-1.74031
-1.63588
-1.52777
-1.41606
-1.30081
-1.1821
-1.06002
-0.934642
-0.80605
-0.674363
-0.539671
-0.402044
-0.26159
-0.118428
0.0273359
0.175607
0.326267
0.479191
0.634267
0.791388
0.950431
1.11125
1.27373
1.43773
1.60316
1.76985
1.93769
2.10654
2.27627
2.44672
2.61778
2.78932
2.96119
3.13325
3.30535
3.47737
3.64916
3.82058
3.99151
4.16178
4.33124
4.49979
4.66727
4.83353
4.99845
5.16189
5.32369
5.48374
5.6419
5.79803
5.952
6.10368
6.25294
6.39965
6.5437
6.68496
6.82333
6.95866
7.09087
7.21984
7.34544
7.46757
7.58615
7.70106
7.81221
7.91951
8.02286
8.12218
8.21738
8.30836
8.39506
8.47741
8.55531
8.62871
8.69756
8.76179
8.82131
8.87612
8.92616
8.97135
9.01166
9.04707
9.07755
9.10306
9.12358
9.13909
9.14959
9.15505
9.15549
9.15089
9.14126
9.12658
9.10689
-2.62036
-2.54024
-2.45581
-2.36715
-2.2743
-2.17729
-2.07618
-1.97101
-1.86189
-1.74889
-1.63206
-1.51148
-1.38724
-1.25943
-1.12813
-0.993445
-0.855468
-0.71429
-0.570021
-0.422754
-0.272601
-0.119688
0.0358624
0.193945
0.354448
0.517257
0.682221
0.84922
1.01813
1.18879
1.3611
1.53491
1.71007
1.88647
2.06393
2.24235
2.42157
2.60143
2.78179
2.96253
3.14348
3.32449
3.50544
3.68615
3.86648
4.04629
4.22543
4.40376
4.58113
4.75739
4.93237
5.10596
5.278
5.44835
5.61685
5.78338
5.94778
6.10993
6.26969
6.4269
6.58145
6.7332
6.88202
7.02778
7.17038
7.30968
7.44555
7.57789
7.70659
7.83153
7.95261
8.06973
8.18278
8.29168
8.39633
8.49664
8.59252
8.68389
8.77066
8.85279
8.93017
9.00273
9.07043
9.1332
9.19099
9.24376
9.29145
9.334
9.37138
9.40357
9.43054
9.45224
9.46868
9.47983
9.48569
9.48625
9.48151
9.47146
9.45611
9.43549
-2.89278
-2.80945
-2.72152
-2.62913
-2.53231
-2.43109
-2.32552
-2.21567
-2.10164
-1.9835
-1.8613
-1.73513
-1.6051
-1.47128
-1.33377
-1.19267
-1.04808
-0.900102
-0.748855
-0.594432
-0.436953
-0.276546
-0.11333
0.0525648
0.22103
0.391944
0.565137
0.740501
0.917889
1.09716
1.27819
1.46082
1.64489
1.83029
2.01683
2.20438
2.39279
2.58191
2.77157
2.96164
3.15195
3.34234
3.53267
3.72277
3.9125
4.10166
4.29015
4.47778
4.66442
4.8499
5.03408
5.21678
5.39787
5.57717
5.75457
5.92987
6.10296
6.27369
6.44192
6.60749
6.77025
6.93008
7.08683
7.24038
7.3906
7.53734
7.68049
7.81992
7.95552
8.08717
8.21475
8.33814
8.45726
8.572
8.68226
8.78795
8.88897
8.98524
9.07667
9.16319
9.24472
9.32118
9.39251
9.45864
9.51954
9.57515
9.62541
9.67027
9.70968
9.74363
9.77208
9.795
9.81236
9.82416
9.83039
9.83104
9.82611
9.8156
9.79951
9.77787
-3.18151
-3.09485
-3.00329
-2.90701
-2.80606
-2.70043
-2.59021
-2.47547
-2.35629
-2.23277
-2.10494
-1.97291
-1.83679
-1.69668
-1.55265
-1.40481
-1.25327
-1.09815
-0.939563
-0.777612
-0.612446
-0.444144
-0.272851
-0.0987336
0.0781171
0.257538
0.439415
0.623595
0.809916
0.998249
1.18845
1.38035
1.57382
1.76868
1.96477
2.16196
2.36006
2.55892
2.75837
2.95827
3.15845
3.35871
3.55893
3.75894
3.95855
4.15761
4.35595
4.55341
4.74982
4.94501
5.13884
5.33114
5.52174
5.71049
5.89722
6.08177
6.26399
6.44374
6.62086
6.79519
6.96658
7.13489
7.29996
7.46168
7.61988
7.77446
7.92524
8.07211
8.21497
8.35366
8.48808
8.61809
8.74359
8.86448
8.98066
9.092
9.19844
9.29987
9.39622
9.48738
9.57327
9.65383
9.72899
9.79868
9.86283
9.92141
9.97436
10.0216
10.0632
10.0989
10.1289
10.1531
10.1714
10.1839
10.1905
10.1912
10.186
10.175
10.1581
10.1353
-3.4876
-3.39747
-3.30215
-3.20183
-3.09657
-2.98636
-2.87128
-2.75143
-2.62688
-2.49772
-2.36401
-2.22585
-2.08336
-1.93662
-1.78575
-1.63084
-1.47201
-1.30938
-1.14306
-0.973215
-0.79992
-0.62332
-0.443554
-0.260762
-0.0751071
0.113303
0.304309
0.49776
0.693501
0.891379
1.09124
1.29292
1.49625
1.70108
1.90724
2.11456
2.32288
2.532
2.74178
2.95203
3.16261
3.37329
3.58395
3.79437
4.00442
4.21388
4.4226
4.63043
4.83714
5.04259
5.24662
5.44902
5.64965
5.84835
6.04492
6.2392
6.43106
6.62029
6.80677
6.99032
7.17079
7.34802
7.52186
7.69215
7.85876
8.02155
8.18036
8.33507
8.48553
8.63163
8.77323
8.91022
9.04245
9.16981
9.29221
9.40954
9.5217
9.6286
9.73013
9.8262
9.91673
10.0016
10.0809
10.1543
10.2219
10.2837
10.3395
10.3893
10.4331
10.4708
10.5025
10.528
10.5473
10.5605
10.5674
10.5682
10.5628
10.5512
10.5335
10.5096
-3.81206
-3.71826
-3.61903
-3.51451
-3.40474
-3.28974
-3.1696
-3.0444
-2.91423
-2.77916
-2.63929
-2.49471
-2.34553
-2.19185
-2.03378
-1.87144
-1.70497
-1.53444
-1.36002
-1.18183
-1.00003
-0.814697
-0.626018
-0.434129
-0.239172
-0.0413011
0.159305
0.362509
0.568144
0.776062
0.986089
1.19805
1.41177
1.62709
1.84383
2.06181
2.28084
2.5008
2.72144
2.94259
3.16408
3.38575
3.60737
3.82878
4.0498
4.27024
4.48989
4.70861
4.9262
5.14245
5.35722
5.57028
5.78151
5.99067
6.19761
6.40216
6.60416
6.80341
6.99974
7.19302
7.38304
7.56966
7.75272
7.93209
8.10755
8.27897
8.44624
8.60918
8.76766
8.92154
9.0707
9.21501
9.35433
9.48853
9.61749
9.74114
9.85933
9.97197
10.079
10.1802
10.2757
10.3652
10.4487
10.5261
10.5974
10.6625
10.7214
10.774
10.8202
10.86
10.8934
10.9203
10.9408
10.9547
10.9621
10.963
10.9574
10.9453
10.9266
10.9015
-4.15587
-4.05822
-3.95487
-3.84598
-3.7315
-3.61147
-3.48602
-3.35521
-3.21915
-3.0779
-2.93155
-2.78022
-2.62402
-2.46305
-2.29745
-2.12732
-1.95279
-1.77398
-1.59103
-1.4041
-1.21332
-1.01882
-0.820757
-0.619331
-0.414637
-0.206824
0.00390616
0.217375
0.433433
0.651906
0.872597
1.09537
1.32002
1.54637
1.77423
2.00343
2.23377
2.46504
2.69709
2.9297
3.1627
3.39588
3.62904
3.86201
4.09455
4.32652
4.55768
4.78786
5.01686
5.24447
5.47055
5.69484
5.91718
6.13738
6.35525
6.57063
6.78331
6.99311
7.19982
7.40331
7.60341
7.79993
7.99272
8.18158
8.36637
8.54692
8.72307
8.89469
9.06161
9.2237
9.38081
9.53283
9.6796
9.82099
9.95688
10.0871
10.2117
10.3304
10.4431
10.5499
10.6504
10.7448
10.8329
10.9145
10.9897
11.0584
11.1205
11.1759
11.2247
11.2667
11.302
11.3304
11.3521
11.3668
11.3747
11.3758
11.3699
11.3572
11.3376
11.3112
-4.52008
-4.4184
-4.31075
-4.19724
-4.07782
-3.95254
-3.82152
-3.68483
-3.54256
-3.39481
-3.24167
-3.08327
-2.91969
-2.75107
-2.57754
-2.39924
-2.21626
-2.02876
-1.83685
-1.64073
-1.44056
-1.23643
-1.02853
-0.817025
-0.60208
-0.383855
-0.16251
0.0617405
0.288736
0.518302
0.750249
0.984393
1.22053
1.45845
1.69799
1.93898
2.18118
2.4244
2.66843
2.91308
3.15813
3.4034
3.64869
3.89377
4.13847
4.38252
4.62576
4.86798
5.10899
5.34855
5.58648
5.82256
6.05661
6.28841
6.51778
6.74452
6.96845
7.18932
7.40699
7.62125
7.83194
8.03887
8.24188
8.44077
8.63537
8.82553
9.01105
9.19179
9.3676
9.53832
9.70382
9.86395
10.0186
10.1675
10.3106
10.4479
10.5791
10.7042
10.823
10.9354
11.0415
11.1409
11.2337
11.3198
11.3991
11.4715
11.537
11.5955
11.6469
11.6913
11.7285
11.7586
11.7815
11.7971
11.8055
11.8067
11.8007
11.7874
11.7668
11.7391
-4.90583
-4.79995
-4.68778
-4.56942
-4.44483
-4.31403
-4.17715
-4.03427
-3.88551
-3.73095
-3.57067
-3.40484
-3.23354
-3.05689
-2.87504
-2.68813
-2.49629
-2.29965
-2.09839
-1.89264
-1.68256
-1.46833
-1.25009
-1.02801
-0.802307
-0.573142
-0.340662
-0.105091
0.133398
0.374598
0.618339
0.864416
1.1126
1.36273
1.61457
1.86791
2.12256
2.37831
2.63494
2.89222
3.14999
3.40796
3.66596
3.92381
4.18122
4.438
4.69392
4.9488
5.20241
5.45453
5.70492
5.95339
6.19971
6.44371
6.68516
6.92385
7.15957
7.39214
7.62131
7.8469
8.06876
8.28665
8.50041
8.70986
8.91479
9.11504
9.31043
9.5008
9.68595
9.86575
10.0401
10.2087
10.3716
10.5284
10.6792
10.8238
10.962
11.0938
11.219
11.3375
11.4492
11.554
11.6518
11.7425
11.8261
11.9024
11.9714
12.0331
12.0874
12.1342
12.1735
12.2052
12.2294
12.246
12.2549
12.2563
12.25
12.236
12.2145
12.1854
-5.3145
-5.20423
-5.08732
-4.96387
-4.83383
-4.69725
-4.55422
-4.40487
-4.24926
-4.08754
-3.9198
-3.74615
-3.56675
-3.38168
-3.1911
-2.99517
-2.79401
-2.58779
-2.37667
-2.16081
-1.94036
-1.71549
-1.48639
-1.25324
-1.01626
-0.775573
-0.531377
-0.28392
-0.0333676
0.220068
0.476177
0.734787
0.995665
1.25856
1.52332
1.78967
2.05737
2.32631
2.59618
2.86675
3.13782
3.40919
3.68059
3.95177
4.22255
4.49271
4.76198
5.03017
5.29701
5.5623
5.8258
6.0873
6.34657
6.60337
6.85749
7.10873
7.35687
7.60168
7.84296
8.0805
8.31405
8.54346
8.76854
8.9891
9.20487
9.41575
9.62153
9.82199
10.017
10.2064
10.3899
10.5675
10.7391
10.9043
11.0632
11.2155
11.361
11.4998
11.6317
11.7565
11.8742
11.9846
12.0877
12.1833
12.2713
12.3518
12.4245
12.4895
12.5467
12.596
12.6375
12.671
12.6965
12.714
12.7235
12.725
12.7184
12.7038
12.6812
12.6506
-5.74755
-5.63269
-5.51083
-5.38206
-5.2463
-5.10365
-4.95419
-4.79804
-4.63529
-4.46604
-4.29045
-4.10863
-3.9207
-3.72681
-3.52707
-3.32167
-3.11075
-2.89446
-2.673
-2.44651
-2.21515
-1.97916
-1.73866
-1.49388
-1.24502
-0.992236
-0.735763
-0.475806
-0.212579
0.0537208
0.322884
0.594641
0.868802
1.14516
1.42347
1.70349
1.98501
2.26776
2.55153
2.83608
3.12119
3.40658
3.69204
3.97731
4.26216
4.54636
4.82965
5.11183
5.3926
5.67175
5.94904
6.22422
6.49707
6.76736
7.0348
7.29924
7.56041
7.81812
8.07211
8.32217
8.56808
8.8096
9.04655
9.27875
9.50598
9.72802
9.9447
10.1558
10.3612
10.5606
10.7539
10.941
11.1216
11.2957
11.463
11.6234
11.7768
11.9229
12.0619
12.1933
12.3173
12.4336
12.5422
12.6429
12.7357
12.8204
12.8971
12.9656
13.0258
13.0778
13.1215
13.1568
13.1837
13.2022
13.2123
13.2139
13.207
13.1917
13.1679
13.1357
-6.20645
-6.08679
-5.95976
-5.82542
-5.6837
-5.5347
-5.37848
-5.21522
-5.04497
-4.86788
-4.68407
-4.49365
-4.29679
-4.09362
-3.8843
-3.66896
-3.44779
-3.22096
-2.9886
-2.75097
-2.50822
-2.2605
-2.00804
-1.75102
-1.48972
-1.22424
-0.954872
-0.681787
-0.40525
-0.125438
0.157388
0.442998
0.731161
1.02164
1.31421
1.60861
1.9046
2.2019
2.50029
2.79954
3.0994
3.39957
3.69982
3.99992
4.29959
4.59855
4.89659
5.19343
5.48887
5.7826
6.0744
6.36398
6.65113
6.93557
7.21707
7.49537
7.77027
8.04153
8.30887
8.5721
8.83099
9.08527
9.33473
9.57919
9.81842
10.0522
10.2804
10.5027
10.7189
10.9289
11.1325
11.3295
11.5197
11.7031
11.8793
12.0482
12.2098
12.3637
12.5101
12.6486
12.7791
12.9016
13.016
13.1221
13.2199
13.3092
13.3899
13.4621
13.5256
13.5804
13.6264
13.6637
13.6921
13.7116
13.7222
13.724
13.7168
13.7007
13.6757
13.6419
-6.69274
-6.56808
-6.43564
-6.29548
-6.14752
-5.99186
-5.82859
-5.65788
-5.47979
-5.29444
-5.10201
-4.90262
-4.69637
-4.4835
-4.26409
-4.03835
-3.80642
-3.56851
-3.32478
-3.07543
-2.82066
-2.56066
-2.29565
-2.02583
-1.75141
-1.47263
-1.18968
-0.902847
-0.612308
-0.318306
-0.0211007
0.279044
0.581912
0.887216
1.19476
1.50428
1.81548
2.12808
2.44186
2.75656
3.07191
3.38761
3.70344
4.0191
4.33435
4.64888
4.96244
5.27475
5.58555
5.89461
6.20165
6.50638
6.80855
7.10789
7.40416
7.69708
7.98643
8.27193
8.55336
8.83043
9.10293
9.37062
9.63327
9.89062
10.1425
10.3886
10.6288
10.8629
11.0906
11.3117
11.5261
11.7336
11.9339
12.1269
12.3125
12.4904
12.6606
12.8228
12.9768
13.1227
13.2603
13.3893
13.5098
13.6216
13.7246
13.8187
13.9038
13.9798
14.0467
14.1045
14.153
14.1923
14.2222
14.2428
14.2541
14.256
14.2484
14.2316
14.2053
14.1697
-7.20805
-7.07818
-6.94006
-6.79379
-6.63932
-6.47672
-6.30608
-6.12754
-5.94123
-5.74726
-5.54578
-5.33695
-5.12091
-4.89785
-4.66788
-4.43118
-4.18799
-3.93847
-3.68277
-3.42115
-3.15378
-2.88089
-2.60267
-2.31938
-2.03123
-1.73846
-1.44126
-1.13994
-0.83472
-0.525836
-0.213546
0.101918
0.42022
0.741138
1.06442
1.38978
1.71696
2.04567
2.37562
2.70652
3.03816
3.37022
3.70236
4.03439
4.36598
4.69687
5.02675
5.35531
5.68234
6.00751
6.33058
6.65123
6.96921
7.28423
7.59602
7.9043
8.2088
8.50929
8.80547
9.09713
9.384
9.66577
9.94224
10.2132
10.4783
10.7374
10.9903
11.2367
11.4765
11.7093
11.935
12.1535
12.3644
12.5676
12.7631
12.9505
13.1297
13.3005
13.4628
13.6164
13.7613
13.8972
14.0241
14.1419
14.2503
14.3495
14.4391
14.5193
14.5898
14.6507
14.7018
14.7432
14.7748
14.7966
14.8085
14.8105
14.8027
14.785
14.7574
14.72
-7.75407
-7.61869
-7.47465
-7.32203
-7.16074
-6.99086
-6.8125
-6.62577
-6.43082
-6.22782
-6.0169
-5.79817
-5.57184
-5.33808
-5.09704
-4.84888
-4.59386
-4.33214
-4.06391
-3.78939
-3.50882
-3.22239
-2.93034
-2.63289
-2.33029
-2.02281
-1.7107
-1.39416
-1.0735
-0.749003
-0.420851
-0.0893594
0.245171
0.582518
0.922312
1.26431
1.60826
1.95385
2.30079
2.6488
2.99751
3.3467
3.69605
4.04523
4.394
4.74208
5.08911
5.4348
5.77882
6.12095
6.46086
6.79827
7.13284
7.46433
7.79242
8.11688
8.43733
8.75354
9.06526
9.37222
9.67412
9.97074
10.2618
10.5469
10.826
11.0988
11.365
11.6244
11.8768
12.122
12.3596
12.5896
12.8117
13.0257
13.2315
13.4288
13.6175
13.7974
13.9683
14.1301
14.2827
14.4258
14.5594
14.6835
14.7978
14.9022
14.9967
15.0811
15.1554
15.2196
15.2735
15.3171
15.3504
15.3734
15.386
15.3882
15.3801
15.3615
15.3325
15.2932
-8.33254
-8.19146
-8.0412
-7.88193
-7.7135
-7.53599
-7.34953
-7.15424
-6.95027
-6.73778
-6.51692
-6.28784
-6.05073
-5.80575
-5.55308
-5.29291
-5.02547
-4.75095
-4.46956
-4.18151
-3.88706
-3.58644
-3.27985
-2.96757
-2.64984
-2.32697
-1.99914
-1.66666
-1.3298
-0.988833
-0.644068
-0.29576
0.0557902
0.41032
0.767502
1.12701
1.48857
1.85191
2.21668
2.58253
2.94927
3.31645
3.68386
4.05114
4.41796
4.78404
5.14905
5.51269
5.87463
6.23457
6.59213
6.94712
7.29916
7.64796
7.9932
8.33459
8.67182
9.00461
9.33267
9.65567
9.97344
10.2856
10.5919
10.8921
11.1858
11.4729
11.7532
12.0262
12.2919
12.55
12.8002
13.0423
13.2761
13.5014
13.718
13.9258
14.1245
14.3139
14.4938
14.6642
14.8249
14.9756
15.1164
15.247
15.3673
15.4773
15.5768
15.6658
15.7441
15.8117
15.8685
15.9145
15.9497
15.9739
15.9872
15.9896
15.9811
15.9616
15.9312
15.8899
-8.94544
-8.79836
-8.64165
-8.4754
-8.29949
-8.11399
-7.91904
-7.7148
-7.50136
-7.27893
-7.04766
-6.80773
-6.55928
-6.30256
-6.03768
-5.76492
-5.48447
-5.19652
-4.90134
-4.59909
-4.29006
-3.97455
-3.65273
-3.32486
-2.99127
-2.65217
-2.30792
-1.95868
-1.60485
-1.24666
-0.884394
-0.518395
-0.14895
0.223611
0.599012
0.976909
1.35698
1.73893
2.12241
2.50711
2.89263
3.27878
3.66515
4.05134
4.43715
4.82216
5.20609
5.58857
5.96929
6.34789
6.72407
7.09749
7.46787
7.83483
8.19809
8.55728
8.91215
9.26231
9.60751
9.94746
10.2818
10.6103
10.9327
11.2486
11.5578
11.86
12.1549
12.4423
12.722
12.9936
13.257
13.5118
13.758
13.9952
14.2232
14.4419
14.651
14.8504
15.0399
15.2193
15.3885
15.5472
15.6954
15.8329
15.9596
16.0755
16.1803
16.274
16.3565
16.4277
16.4876
16.5361
16.5731
16.5987
16.6128
16.6153
16.6064
16.586
16.554
16.5106
-9.59482
-9.44147
-9.27801
-9.10446
-8.9207
-8.72683
-8.52302
-8.30934
-8.08601
-7.85315
-7.61099
-7.35967
-7.0994
-6.83033
-6.55268
-6.2667
-5.97259
-5.67058
-5.3609
-5.0438
-4.7195
-4.38829
-4.05051
-3.70636
-3.35609
-3.00001
-2.63842
-2.27163
-1.89994
-1.52365
-1.14308
-0.758557
-0.370298
0.0212084
0.415693
0.812887
1.2124
1.61389
2.01701
2.42142
2.8268
3.23277
3.63905
4.0452
4.45084
4.85572
5.25947
5.66178
6.06227
6.4605
6.85619
7.24896
7.63858
8.02465
8.40681
8.78473
9.15806
9.52649
9.88973
10.2474
10.5992
10.9449
11.2842
11.6166
11.942
12.26
12.5704
12.8729
13.1672
13.4531
13.7303
13.9986
14.2576
14.5073
14.7473
14.9775
15.1977
15.4076
15.6071
15.796
15.974
16.1411
16.2971
16.4419
16.5754
16.6973
16.8077
16.9064
16.9933
17.0683
17.1314
17.1825
17.2215
17.2485
17.2633
17.2661
17.2568
17.2353
17.2018
17.1561
-10.2829
-10.1229
-9.95241
-9.77125
-9.57928
-9.37665
-9.16353
-8.93999
-8.70628
-8.46256
-8.20893
-7.9457
-7.67303
-7.39104
-7.09998
-6.80012
-6.49169
-6.17492
-5.85007
-5.51738
-5.17709
-4.82949
-4.47489
-4.11359
-3.74581
-3.37195
-2.99228
-2.60707
-2.21665
-1.82131
-1.42155
-1.01756
-0.609632
-0.198174
0.216374
0.633767
1.05368
1.47568
1.89941
2.32451
2.75069
3.17754
3.60463
4.03172
4.45829
4.88404
5.30862
5.73169
6.15286
6.57174
6.98793
7.40109
7.81088
8.21696
8.61897
9.01655
9.40933
9.79699
10.1791
10.5554
10.9256
11.2893
11.6462
11.9961
12.3384
12.6731
12.9997
13.318
13.6278
13.9287
14.2204
14.5027
14.7754
15.0381
15.2907
15.533
15.7648
15.9857
16.1957
16.3945
16.582
16.7579
16.9221
17.0746
17.2151
17.3435
17.4597
17.5636
17.6551
17.7341
17.8005
17.8543
17.8954
17.9239
17.9396
17.9426
17.9328
17.9103
17.875
17.827
-11.012
-10.8451
-10.6672
-10.4781
-10.2775
-10.0657
-9.84283
-9.609
-9.36441
-9.10928
-8.84369
-8.56792
-8.28224
-7.98675
-7.68164
-7.36725
-7.04382
-6.71158
-6.37081
-6.02177
-5.6647
-5.29993
-4.92772
-4.54845
-4.16238
-3.76982
-3.3711
-2.96657
-2.55651
-2.14128
-1.72124
-1.29683
-0.868288
-0.435978
-0.000367031
0.438225
0.879577
1.3231
1.76849
2.21538
2.66331
3.112
3.56107
4.01005
4.45856
4.90622
5.35269
5.79757
6.24047
6.68096
7.11869
7.55322
7.98423
8.41134
8.83419
9.2524
9.66556
10.0733
10.4753
10.8712
11.2606
11.6433
12.0189
12.3869
12.7472
13.0992
13.4429
13.7779
14.1038
14.4204
14.7274
15.0245
15.3115
15.588
15.8539
16.1088
16.3527
16.5853
16.8063
17.0155
17.2128
17.398
17.5709
17.7313
17.8792
18.0144
18.1367
18.2461
18.3425
18.4257
18.4956
18.5523
18.5956
18.6256
18.6422
18.6453
18.6351
18.6115
18.5744
18.524
-11.7845
-11.6105
-11.4247
-11.2272
-11.0177
-10.7964
-10.5633
-10.3187
-10.0627
-9.79561
-9.51749
-9.22861
-8.92928
-8.61961
-8.29985
-7.97025
-7.63107
-7.28264
-6.92517
-6.55898
-6.18433
-5.80153
-5.41091
-5.01278
-4.6075
-4.19533
-3.77664
-3.35181
-2.9212
-2.48514
-2.04395
-1.59806
-1.14787
-0.693648
-0.235938
0.224989
0.688663
1.1548
1.62298
2.09261
2.56348
3.03512
3.50719
3.9792
4.45077
4.92141
5.3908
5.85856
6.32425
6.78745
7.24775
7.70475
8.15802
8.60721
9.05191
9.49177
9.92637
10.3553
10.7781
11.1946
11.6042
12.0067
12.4019
12.7891
13.168
13.5385
13.9
14.2524
14.5954
14.9285
15.2516
15.5642
15.8661
16.1571
16.4368
16.7052
16.9618
17.2065
17.4391
17.6594
17.867
18.0619
18.2438
18.4127
18.5684
18.7106
18.8394
18.9546
19.056
19.1436
19.2173
19.277
19.3226
19.3542
19.3717
19.375
19.3643
19.3395
19.3006
19.2475
-12.603
-12.4215
-12.2276
-12.0214
-11.8025
-11.5711
-11.3274
-11.0715
-10.8036
-10.524
-10.2327
-9.93015
-9.61652
-9.29199
-8.95683
-8.61133
-8.2557
-7.89025
-7.51529
-7.13113
-6.73804
-6.33637
-5.92643
-5.5085
-5.08307
-4.6504
-4.21085
-3.76476
-3.31254
-2.85458
-2.39125
-1.92286
-1.44994
-0.972782
-0.491808
-0.00758186
0.479687
0.969512
1.46142
1.95504
2.44988
2.94561
3.4418
3.93795
4.4337
4.92849
5.42195
5.91372
6.4034
6.89042
7.37444
7.85495
8.33164
8.80399
9.27168
9.73424
10.1913
10.6424
11.0871
11.5251
11.956
12.3794
12.795
13.2023
13.601
13.9906
14.371
14.7418
15.1025
15.453
15.7928
16.1218
16.4394
16.7456
17.0399
17.3222
17.5923
17.8498
18.0945
18.3263
18.5448
18.7499
18.9414
19.1191
19.2829
19.4326
19.5682
19.6894
19.7962
19.8884
19.966
20.0288
20.0768
20.1101
20.1285
20.1321
20.1209
20.0949
20.054
19.9982
-13.4703
-13.2809
-13.0786
-12.8632
-12.6345
-12.3927
-12.1377
-11.87
-11.5896
-11.2969
-10.992
-10.675
-10.3465
-10.0064
-9.65507
-9.29283
-8.92001
-8.53678
-8.1435
-7.74055
-7.32814
-6.90666
-6.47648
-6.03786
-5.59128
-5.13713
-4.67565
-4.20725
-3.73237
-3.25149
-2.76494
-2.27301
-1.7762
-1.275
-0.769759
-0.261013
0.250939
0.765659
1.28254
1.80123
2.32128
2.84229
3.36379
3.88525
4.40629
4.92648
5.4452
5.96212
6.47688
6.98896
7.49779
8.00306
8.50424
9.00088
9.49261
9.97909
10.4597
10.9341
11.4018
11.8624
12.3156
12.7609
13.1979
13.6264
14.0457
14.4556
14.8557
15.2456
15.6251
15.9938
16.3513
16.6973
17.0315
17.3536
17.6632
17.9602
18.2443
18.5153
18.7728
19.0166
19.2465
19.4623
19.6638
19.8508
20.0231
20.1807
20.3234
20.451
20.5633
20.6604
20.742
20.8082
20.8588
20.8939
20.9133
20.9171
20.9054
20.878
20.835
20.7765
-14.3893
-14.1917
-13.9805
-13.7556
-13.5166
-13.2638
-12.9972
-12.7171
-12.4237
-12.1172
-11.7979
-11.466
-11.1217
-10.7654
-10.3972
-10.0175
-9.62656
-9.22474
-8.81227
-8.38959
-7.95697
-7.51473
-7.06335
-6.60314
-6.13442
-5.65764
-5.17317
-4.68147
-4.18289
-3.67793
-3.16692
-2.65027
-2.12857
-1.60212
-1.07142
-0.536939
0.00081165
0.541586
1.08473
1.62969
2.17614
2.72364
3.27164
3.81977
4.36739
4.91407
5.45927
6.00262
6.54366
7.08198
7.61692
8.14814
8.67504
9.19719
9.71416
10.2256
10.731
11.2298
11.7216
12.206
12.6825
13.1508
13.6104
14.061
14.5019
14.933
15.3538
15.764
16.1631
16.5509
16.9269
17.2908
17.6424
17.9811
18.3069
18.6193
18.9182
19.2032
19.474
19.7306
19.9724
20.1995
20.4114
20.6081
20.7895
20.9553
21.1054
21.2396
21.3579
21.46
21.546
21.6156
21.6689
21.7058
21.7263
21.7304
21.7181
21.6894
21.6442
21.5826
-15.3631
-15.1569
-14.9364
-14.7016
-14.4518
-14.1874
-13.9087
-13.6156
-13.3086
-12.9878
-12.6535
-12.3058
-11.9451
-11.5717
-11.1859
-10.7879
-10.378
-9.95672
-9.52419
-9.08086
-8.62703
-8.1631
-7.68946
-7.20658
-6.71468
-6.21427
-5.70574
-5.18963
-4.66617
-4.13602
-3.59945
-3.05693
-2.50897
-1.95608
-1.39874
-0.837384
-0.272442
0.295597
0.866226
1.43883
2.01289
2.58808
3.16394
3.73986
4.3154
4.88994
5.46295
6.03403
6.60271
7.16841
7.73079
8.28911
8.84301
9.39194
9.93542
10.4731
11.0044
11.5288
12.0459
12.5552
13.0562
13.5485
14.0318
14.5056
14.9693
15.4227
15.8651
16.2964
16.7162
17.124
17.5195
17.9022
18.2719
18.6282
18.9708
19.2994
19.6138
19.9135
20.1984
20.4682
20.7227
20.9615
21.1845
21.3914
21.5822
21.7566
21.9145
22.0557
22.1802
22.2876
22.3781
22.4514
22.5075
22.5463
22.5679
22.5723
22.5594
22.5292
22.4817
22.417
-16.3949
-16.1797
-15.9496
-15.7043
-15.4433
-15.1669
-14.8753
-14.5688
-14.2475
-13.9117
-13.5616
-13.1975
-12.8197
-12.4284
-12.0241
-11.607
-11.1773
-10.7355
-10.2821
-9.81708
-9.34107
-8.85442
-8.35751
-7.85082
-7.33466
-6.80953
-6.27587
-5.73406
-5.18459
-4.62794
-4.06466
-3.49507
-2.91976
-2.33913
-1.75374
-1.16417
-0.570839
0.025756
0.625108
1.22669
1.8298
2.43413
3.03913
3.64421
4.24891
4.85258
5.45475
6.05489
6.65253
7.24712
7.83808
8.42495
9.00711
9.58406
10.1554
10.7205
11.279
11.8302
12.3738
12.9092
13.4359
13.9536
14.4617
14.9598
15.4473
15.9239
16.3893
16.8427
17.2841
17.7129
18.1287
18.5312
18.92
19.2947
19.655
20.0005
20.3311
20.6463
20.946
21.2297
21.4973
21.7485
21.983
22.2007
22.4013
22.5848
22.7508
22.8994
23.0303
23.1434
23.2386
23.3157
23.3747
23.4156
23.4384
23.443
23.4295
23.3978
23.3479
23.28
-17.4882
-17.2637
-17.0234
-16.7673
-16.4945
-16.2055
-15.9006
-15.5799
-15.2437
-14.8922
-14.5256
-14.1443
-13.7486
-13.3387
-12.915
-12.4778
-12.0275
-11.5643
-11.0888
-10.6012
-10.102
-9.59158
-9.07031
-8.53867
-7.99711
-7.44607
-6.88602
-6.31737
-5.7407
-5.15642
-4.56507
-3.96709
-3.36302
-2.7534
-2.13871
-1.51964
-0.896517
-0.269952
0.359558
0.991426
1.625
2.25981
2.89527
3.53098
4.16625
4.80055
5.43322
6.06376
6.69176
7.31654
7.93759
8.55427
9.1661
9.77242
10.3728
10.9668
11.5538
12.1332
12.7045
13.2673
13.821
14.3652
14.8993
15.4228
15.9354
16.4364
16.9256
17.4024
17.8664
18.3172
18.7544
19.1775
19.5863
19.9803
20.3591
20.7224
21.07
21.4015
21.7166
22.0149
22.2963
22.5605
22.8071
23.036
23.247
23.4399
23.6146
23.7709
23.9085
24.0275
24.1276
24.2087
24.2708
24.3139
24.3379
24.3428
24.3286
24.2953
24.2429
24.1715
-18.6467
-18.4124
-18.1615
-17.894
-17.6089
-17.3069
-16.9881
-16.6525
-16.3006
-15.9327
-15.549
-15.1497
-14.7353
-14.3058
-13.8619
-13.4037
-12.9317
-12.4462
-11.9476
-11.4364
-10.9128
-10.3775
-9.83084
-9.27312
-8.70491
-8.12679
-7.53917
-6.94249
-6.33721
-5.72392
-5.10321
-4.47561
-3.84145
-3.20137
-2.55602
-1.90598
-1.25171
-0.593757
0.0672418
0.730874
1.39627
2.06301
2.73054
3.39822
4.0656
4.73192
5.39659
6.05905
6.71878
7.37518
8.02775
8.67575
9.31862
9.95575
10.5866
11.2108
11.8277
12.4366
13.0371
13.6285
14.2104
14.7824
15.3437
15.894
16.4327
16.9594
17.4736
17.9748
18.4625
18.9364
19.3959
19.8408
20.2705
20.6847
21.083
21.465
21.8303
22.1788
22.5101
22.8238
23.1197
23.3974
23.6567
23.8974
24.1192
24.3221
24.5058
24.6701
24.8148
24.9399
25.0452
25.1306
25.1959
25.2412
25.2665
25.2717
25.2568
25.2219
25.1668
25.0918
-19.8742
-19.6297
-19.3678
-19.0883
-18.7905
-18.4747
-18.1413
-17.7903
-17.4221
-17.0371
-16.6354
-16.2173
-15.7831
-15.3334
-14.8682
-14.3881
-13.8935
-13.3846
-12.8619
-12.326
-11.777
-11.2156
-10.6423
-10.0573
-9.46121
-8.8547
-8.23811
-7.61209
-6.977
-6.33338
-5.68198
-5.0232
-4.35759
-3.68571
-3.00821
-2.32583
-1.63892
-0.94812
-0.253934
0.442832
1.14159
1.84174
2.54282
3.24412
3.94502
4.64487
5.343
6.03887
6.73191
7.42149
8.10682
8.78759
9.46303
10.1325
10.7953
11.4512
12.0993
12.7391
13.3701
13.9916
14.6031
15.2041
15.7941
16.3724
16.9386
17.492
18.0324
18.5592
19.0718
19.5698
20.0528
20.5205
20.9721
21.4075
21.8261
22.2276
22.6117
22.978
23.3262
23.656
23.967
24.259
24.5316
24.7846
25.0178
25.2311
25.4242
25.5969
25.7492
25.8807
25.9914
26.0812
26.1499
26.1976
26.2242
26.2297
26.2141
26.1774
26.1196
26.0408
-21.1748
-20.9197
-20.6463
-20.3544
-20.0432
-19.7132
-19.3644
-18.9973
-18.612
-18.2091
-17.7887
-17.3508
-16.8961
-16.4251
-15.9378
-15.4348
-14.9165
-14.3832
-13.8354
-13.2734
-12.6978
-12.1092
-11.508
-10.8945
-10.2693
-9.63313
-8.98634
-8.32949
-7.66313
-6.98784
-6.30426
-5.61301
-4.91439
-4.20922
-3.49818
-2.7818
-2.06074
-1.33553
-0.606817
0.124797
0.858541
1.59365
2.3297
3.06615
3.80222
4.53719
5.27041
6.00123
6.72908
7.45333
8.17334
8.88835
9.59784
10.301
10.9973
11.6863
12.3672
13.0395
13.7024
14.3553
14.9979
15.6293
16.2492
16.8568
17.4518
18.0334
18.6012
19.1547
19.6934
20.2168
20.7244
21.2158
21.6904
22.148
22.5879
23.0099
23.4136
23.7986
24.1646
24.5112
24.8381
25.1449
25.4314
25.6974
25.9425
26.1667
26.3697
26.5513
26.7113
26.8496
26.9659
27.0603
27.1327
27.1828
27.2108
27.2166
27.2002
27.1617
27.101
27.0182
-22.553
-22.2867
-22.0013
-21.6965
-21.3713
-21.0263
-20.6616
-20.2777
-19.8747
-19.4529
-19.0129
-18.5546
-18.0784
-17.585
-17.0747
-16.5478
-16.0046
-15.4457
-14.8716
-14.2826
-13.6792
-13.0621
-12.4316
-11.7884
-11.1328
-10.4654
-9.78716
-9.09814
-8.39903
-7.69061
-6.97345
-6.24809
-5.51494
-4.77498
-4.02879
-3.27702
-2.52022
-1.759
-0.994068
-0.226052
0.544196
1.316
2.08886
2.86203
3.63485
4.40653
5.1764
5.944
6.70827
7.46885
8.22506
8.97601
9.72103
10.4597
11.1911
11.9147
12.6299
13.3361
14.0325
14.7184
15.3933
16.0567
16.7079
17.3463
17.9713
18.5823
19.1789
19.7603
20.3264
20.8763
21.4097
21.926
22.4247
22.9055
23.3678
23.8112
24.2354
24.6399
25.0245
25.3887
25.7322
26.0547
26.3558
26.6353
26.893
27.1285
27.3419
27.5327
27.7009
27.8462
27.9686
28.0678
28.1438
28.1966
28.2261
28.2322
28.215
28.1746
28.1109
28.0239
-24.0132
-23.7354
-23.4375
-23.1191
-22.7793
-22.4187
-22.0374
-21.6359
-21.2143
-20.773
-20.3123
-19.8326
-19.3341
-18.8175
-18.2831
-17.731
-17.162
-16.5763
-15.9747
-15.3575
-14.7251
-14.0781
-13.4172
-12.7427
-12.0554
-11.3555
-10.6441
-9.92158
-9.18826
-8.44513
-7.69273
-6.93167
-6.16271
-5.38636
-4.60327
-3.81432
-3.02024
-2.22143
-1.41861
-0.612464
0.195995
1.00609
1.81743
2.62901
3.44028
4.25042
5.05882
5.86458
6.6672
7.46575
8.25983
9.04829
9.83076
10.6063
11.3745
12.1344
12.8856
13.6272
14.3586
15.0789
15.7878
16.4846
17.1686
17.8392
18.4957
19.1376
19.7642
20.375
20.9695
21.5472
22.1076
22.65
23.174
23.679
24.1647
24.6306
25.0762
25.5013
25.9053
26.288
26.6489
26.9877
27.3041
27.5978
27.8685
28.116
28.3402
28.5407
28.7175
28.8702
28.9988
29.103
29.1829
29.2384
29.2694
29.276
29.258
29.2155
29.1486
29.0572
-25.5603
-25.2705
-24.9595
-24.6269
-24.272
-23.8951
-23.4965
-23.0766
-22.6356
-22.174
-21.6919
-21.1897
-20.6679
-20.127
-19.5673
-18.9891
-18.3931
-17.7794
-17.1491
-16.5024
-15.8396
-15.1615
-14.4686
-13.7617
-13.041
-12.3073
-11.5613
-10.8036
-10.0346
-9.25526
-8.46606
-7.66781
-6.86114
-6.04674
-5.22519
-4.39734
-3.56402
-2.72576
-1.88352
-1.03762
-0.189149
0.66104
1.51258
2.36439
3.21591
4.0663
4.91485
5.76065
6.60305
7.4415
8.27513
9.10313
9.92456
10.7389
11.5453
12.3432
13.132
13.9106
14.6787
15.4352
16.1796
16.9114
17.6295
18.3338
19.0234
19.6976
20.3557
20.9973
21.6217
22.2284
22.817
23.3866
23.937
24.4675
24.9777
25.467
25.9351
26.3816
26.8061
27.208
27.5872
27.9431
28.2755
28.584
28.8684
29.1285
29.3639
29.5746
29.7603
29.9208
30.0559
30.1654
30.2494
30.3077
30.3403
30.3472
30.3283
30.2838
30.2135
30.1176
-27.1996
-26.8972
-26.5725
-26.2253
-25.8545
-25.4607
-25.044
-24.6049
-24.1436
-23.6607
-23.1563
-22.6308
-22.0846
-21.5182
-20.9322
-20.3268
-19.7025
-19.0597
-18.3993
-17.7218
-17.0274
-16.3167
-15.5906
-14.8496
-14.0941
-13.3249
-12.5429
-11.7485
-10.9421
-10.1248
-9.29724
-8.4601
-7.614
-6.75969
-5.89789
-5.02953
-4.15548
-3.27611
-2.39229
-1.50488
-0.614655
0.277578
1.17093
2.06491
2.95857
3.85102
4.74148
5.62926
6.51349
7.39357
8.26846
9.13757
9.99985
10.8548
11.7014
12.5391
13.3671
14.1846
14.9908
15.7851
16.5667
17.335
18.0891
18.8287
19.5526
20.2605
20.9516
21.6253
22.2811
22.9183
23.5363
24.1346
24.7126
25.2697
25.8054
26.3193
26.811
27.2799
27.7257
28.1479
28.5461
28.9199
29.269
29.593
29.8917
30.1649
30.4123
30.6336
30.8286
30.9971
31.1391
31.2542
31.3424
31.4037
31.438
31.4452
31.4255
31.3787
31.3049
31.2042
-28.9364
-28.6209
-28.282
-27.9194
-27.5321
-27.1206
-26.6851
-26.226
-25.7436
-25.2384
-24.7108
-24.1609
-23.5892
-22.9964
-22.3829
-21.749
-21.0952
-20.422
-19.7304
-19.0205
-18.293
-17.5484
-16.7875
-16.0111
-15.2193
-14.413
-13.5933
-12.7605
-11.9152
-11.0582
-10.1905
-9.31275
-8.42556
-7.52953
-6.62584
-5.71517
-4.79811
-3.87576
-2.94882
-2.01789
-1.08404
-0.147897
0.789332
1.72731
2.66488
3.60128
4.53575
5.46732
6.39533
7.31877
8.2371
9.14903
10.0541
10.9513
11.84
12.7192
13.5883
14.4464
15.2927
16.1265
16.9469
17.7535
18.5451
19.3214
20.0816
20.8247
21.5502
22.2576
22.946
23.615
24.2639
24.8921
25.4989
26.0839
26.6464
27.1861
27.7023
28.1947
28.6628
29.1061
29.5243
29.9168
30.2834
30.6237
30.9374
31.2242
31.484
31.7164
31.9212
32.0983
32.2473
32.3682
32.4609
32.5253
32.5613
32.5689
32.5482
32.4991
32.4217
32.316
-30.7764
-30.4474
-30.0937
-29.715
-29.3105
-28.8806
-28.4255
-27.9455
-27.4412
-26.9128
-26.3608
-25.7855
-25.1873
-24.5669
-23.9247
-23.261
-22.5765
-21.8716
-21.1473
-20.4037
-19.6416
-18.8617
-18.0645
-17.251
-16.4213
-15.5764
-14.7173
-13.8444
-12.9584
-12.06
-11.1505
-10.2302
-9.30006
-8.36065
-7.41303
-6.45818
-5.49647
-4.52922
-3.55679
-2.58042
-1.60097
-0.619177
0.363958
1.3478
2.33156
3.31375
4.29412
5.27157
6.24502
7.21408
8.17747
9.13463
10.0841
11.0256
11.9582
12.8807
13.793
14.6935
15.5816
16.4567
17.3177
18.1642
18.9953
19.81
20.6079
21.3879
22.1495
22.8919
23.6145
24.3168
24.9979
25.6574
26.2944
26.9085
27.4991
28.0656
28.6075
29.1244
29.6159
30.0813
30.5203
30.9325
31.3173
31.6746
32.0039
32.3051
32.5778
32.8219
33.0369
33.2228
33.3793
33.5063
33.6036
33.6712
33.7091
33.7171
33.6954
33.6439
33.5627
33.4517
-32.7255
-32.3826
-32.0136
-31.6182
-31.1957
-30.7466
-30.2711
-29.7694
-29.2421
-28.6895
-28.1122
-27.5105
-26.8846
-26.2354
-25.5631
-24.8686
-24.152
-23.414
-22.6555
-21.8769
-21.0788
-20.2618
-19.4267
-18.5745
-17.7054
-16.8202
-15.9199
-15.0052
-14.0767
-13.1352
-12.1819
-11.2173
-10.2422
-9.25757
-8.26399
-7.26288
-6.25478
-5.24055
-4.22087
-3.19711
-2.16996
-1.14036
-0.109324
0.922772
1.95438
2.98482
4.01297
5.03802
6.05949
7.0759
8.08653
9.09036
10.0869
11.0745
12.0528
13.0209
13.9779
14.923
15.8548
16.773
17.6766
18.5647
19.4368
20.2918
21.129
21.9476
22.7469
23.526
24.2844
25.0214
25.7363
26.4284
27.097
27.7415
28.3613
28.9559
29.5247
30.0673
30.5831
31.0717
31.5324
31.965
32.369
32.7441
33.0898
33.4059
33.6922
33.9484
34.1741
34.3693
34.5336
34.6669
34.7691
34.84
34.8798
34.8883
34.8656
34.8115
34.7262
34.6098
-34.7903
-34.4328
-34.0479
-33.6352
-33.194
-32.7249
-32.228
-31.7038
-31.1525
-30.5748
-29.9712
-29.3418
-28.6871
-28.0077
-27.3044
-26.5777
-25.8276
-25.0551
-24.261
-23.4459
-22.6101
-21.7546
-20.8801
-19.9874
-19.0769
-18.1498
-17.2067
-16.2483
-15.2754
-14.2889
-13.2899
-12.2791
-11.2571
-10.2251
-9.1838
-8.13434
-7.0775
-6.01426
-4.94555
-3.8722
-2.79515
-1.7157
-0.63465
0.447408
1.52938
2.60989
3.68823
4.76333
5.83431
6.90038
7.96044
9.0134
10.0583
11.0944
12.1207
13.1362
14.1401
15.1314
16.1089
17.0721
18.0202
18.952
19.8668
20.7639
21.6423
22.5012
23.3398
24.1572
24.9531
25.7264
26.4765
27.2027
27.9043
28.5806
29.231
29.8548
30.4518
31.0212
31.5625
32.0751
32.5587
33.0127
33.4366
33.8302
34.193
34.5248
34.8253
35.0941
35.3311
35.5358
35.7083
35.8482
35.9555
36.03
36.0717
36.0807
36.0568
36.0001
35.9107
35.7885
-36.9777
-36.6047
-36.2032
-35.7727
-35.312
-34.8219
-34.3029
-33.7551
-33.1791
-32.5752
-31.944
-31.2859
-30.6014
-29.8906
-29.1547
-28.3943
-27.6094
-26.801
-25.9698
-25.1165
-24.2417
-23.3459
-22.4303
-21.4955
-20.5419
-19.5708
-18.5831
-17.5793
-16.5601
-15.5266
-14.48
-13.4208
-12.35
-11.2686
-10.1775
-9.0776
-7.9701
-6.85574
-5.73536
-4.61047
-3.48173
-2.34977
-1.21646
-0.0822799
1.05183
2.18481
3.31528
4.44267
5.56582
6.68367
7.79501
8.89914
9.9951
11.0817
12.1578
13.2228
14.2757
15.3153
16.3406
17.351
18.3452
19.3226
20.2823
21.2232
22.1446
23.0455
23.9251
24.7827
25.6175
26.4288
27.2157
27.9776
28.7136
29.423
30.1054
30.76
31.3862
31.9836
32.5515
33.0894
33.5967
34.073
34.5178
34.9307
35.3114
35.6596
35.9749
36.2569
36.5055
36.7204
36.9013
37.0481
37.1607
37.2389
37.2828
37.2923
37.2672
37.2078
37.1139
36.9858
-39.2942
-38.9054
-38.4864
-38.0374
-37.5565
-37.0448
-36.5027
-35.9306
-35.3287
-34.6975
-34.0375
-33.3496
-32.634
-31.8905
-31.1207
-30.3252
-29.5041
-28.6582
-27.7885
-26.8953
-25.9798
-25.0422
-24.0836
-23.105
-22.1065
-21.0898
-20.0555
-19.0041
-17.9367
-16.8544
-15.7579
-14.6485
-13.5266
-12.3938
-11.2506
-10.0983
-8.93779
-7.77005
-6.5961
-5.41723
-4.23439
-3.04832
-1.86022
-0.671213
0.517368
1.70473
2.88983
4.07169
5.24893
6.42067
7.58628
8.74384
9.89255
11.0318
12.1603
13.277
14.3808
15.4709
16.5462
17.6056
18.6481
19.673
20.6795
21.6663
22.6325
23.5774
24.4999
25.3992
26.2748
27.1256
27.951
28.75
29.522
30.2662
30.9818
31.6684
32.3253
32.9518
33.5475
34.1117
34.6438
35.1435
35.61
36.0432
36.4425
36.8078
37.1385
37.4344
37.6952
37.9206
38.1104
38.2644
38.3825
38.4645
38.5106
38.5205
38.4943
38.432
38.3335
38.1991
-41.7473
-41.3423
-40.9053
-40.4367
-39.935
-39.401
-38.835
-38.2374
-37.6086
-36.9489
-36.2592
-35.5402
-34.7919
-34.0146
-33.2096
-32.3777
-31.5188
-30.6338
-29.724
-28.7895
-27.8314
-26.8502
-25.8469
-24.8224
-23.7774
-22.7131
-21.63
-20.5293
-19.4116
-18.2782
-17.1301
-15.9681
-14.7933
-13.6067
-12.4092
-11.2022
-9.98646
-8.76312
-7.53326
-6.29807
-5.05852
-3.81599
-2.57112
-1.32532
-0.0796095
1.16489
2.40674
3.64523
4.87919
6.10755
7.32859
8.54214
9.74642
10.9404
12.1234
13.2942
14.4514
15.594
16.7211
17.8317
18.925
19.9995
21.0547
22.0892
23.1023
24.0929
25.0602
26.0033
26.9213
27.8135
28.679
29.5167
30.3262
31.1065
31.857
32.577
33.2659
33.923
34.5477
35.1393
35.6973
36.2212
36.7105
37.1648
37.5836
37.9666
38.3135
38.6239
38.8973
39.1337
39.3328
39.4943
39.6181
39.7042
39.7525
39.7629
39.7354
39.67
39.5668
39.4258
-44.3451
-43.9234
-43.4676
-42.9788
-42.4556
-41.898
-41.3072
-40.683
-40.0262
-39.3372
-38.6165
-37.865
-37.0827
-36.2705
-35.4289
-34.5588
-33.6606
-32.7352
-31.7835
-30.8059
-29.8035
-28.7769
-27.7272
-26.6549
-25.5614
-24.4474
-23.3137
-22.1615
-20.9915
-19.8049
-18.6029
-17.3863
-16.156
-14.9136
-13.6595
-12.3954
-11.1222
-9.84085
-8.55278
-7.25889
-5.96043
-4.65871
-3.35468
-2.04957
-0.744559
0.559366
1.86058
3.15828
4.45121
5.73805
7.01796
8.28931
9.55136
10.8027
12.0424
13.2695
14.4822
15.6798
16.8612
18.0252
19.171
20.2975
21.4034
22.4878
23.5498
24.5882
25.6022
26.5907
27.5532
28.4885
29.3957
30.274
31.1226
31.9406
32.7274
33.4823
34.2045
34.8934
35.5483
36.1686
36.7537
37.3029
37.8159
38.2922
38.7314
39.133
39.4966
39.822
40.1088
40.3566
40.5654
40.7347
40.8646
40.9548
41.0054
41.0164
40.9876
40.919
40.8108
40.6629
-47.096
-46.6567
-46.1815
-45.6715
-45.1259
-44.5441
-43.9271
-43.2756
-42.5897
-41.8701
-41.1174
-40.332
-39.5145
-38.6659
-37.7861
-36.8764
-35.9374
-34.9698
-33.9747
-32.9522
-31.9036
-30.8298
-29.7318
-28.61
-27.4658
-26.3002
-25.1137
-23.908
-22.6836
-21.4416
-20.1834
-18.9097
-17.6221
-16.3211
-15.0083
-13.6847
-12.3517
-11.0099
-9.66105
-8.30627
-6.94653
-5.58301
-4.21727
-2.85045
-1.48327
-0.117783
1.24525
2.60477
3.95923
5.30747
6.64815
7.98006
9.30215
10.6135
11.9124
13.1976
14.4686
15.7235
16.9613
18.1812
19.3819
20.5622
21.7211
22.8577
23.9703
25.0586
26.1213
27.1575
28.166
29.1463
30.0971
31.0177
31.9071
32.7644
33.5891
34.3802
35.1373
35.8594
36.5458
37.1959
37.8091
38.3849
38.9226
39.4218
39.8821
40.3032
40.6844
41.0255
41.326
41.5858
41.8045
41.9821
42.1182
42.2129
42.266
42.2775
42.2473
42.1755
42.062
41.9069
-50.0078
-49.5503
-49.0555
-48.5237
-47.9543
-47.3473
-46.7035
-46.0233
-45.3075
-44.5563
-43.7703
-42.9498
-42.0956
-41.2088
-40.2896
-39.339
-38.3574
-37.3458
-36.3054
-35.2366
-34.1401
-33.017
-31.8686
-30.6955
-29.4987
-28.2791
-27.0378
-25.7762
-24.4952
-23.1957
-21.8791
-20.5461
-19.1983
-17.8366
-16.4627
-15.0773
-13.6816
-12.2772
-10.865
-9.44649
-8.02301
-6.59543
-5.16524
-3.7339
-2.30258
-0.872618
0.554873
1.97856
3.39724
4.80889
6.2134
7.6083
8.99335
10.3668
11.7273
13.0738
14.4048
15.7193
17.0163
18.2942
19.552
20.7887
22.0029
23.1933
24.3593
25.4995
26.6128
27.6985
28.7554
29.7825
30.7787
31.7433
32.6751
33.5735
34.4377
35.2667
36.06
36.8166
37.5359
38.2172
38.8597
39.463
40.0264
40.5497
41.0321
41.4733
41.8728
42.2303
42.5452
42.8174
43.0466
43.2326
43.3752
43.4745
43.5302
43.5423
43.5107
43.4354
43.3164
43.154
-53.09
-52.6136
-52.0983
-51.544
-50.9502
-50.3171
-49.6456
-48.9359
-48.1887
-47.4048
-46.5838
-45.7271
-44.835
-43.9084
-42.9482
-41.9549
-40.9292
-39.8721
-38.7844
-37.6675
-36.5212
-35.347
-34.1459
-32.9194
-31.6679
-30.3924
-29.0941
-27.7744
-26.4343
-25.075
-23.6974
-22.3029
-20.8926
-19.4679
-18.0301
-16.5804
-15.1199
-13.6499
-12.1719
-10.6873
-9.19731
-7.70297
-6.20595
-4.70757
-3.20904
-1.71204
-0.217207
1.27318
2.75846
4.23682
5.70708
7.16805
8.61828
10.0563
11.4814
12.8913
14.2855
15.6623
17.0203
18.3587
19.676
20.9711
22.2428
23.49
24.7112
25.9053
27.0716
28.2087
29.3158
30.3918
31.4353
32.4457
33.4219
34.363
35.2683
36.1368
36.9678
37.7605
38.5141
39.2277
39.9009
40.5329
41.1232
41.6713
42.1767
42.6389
43.0575
43.432
43.762
44.0471
44.2872
44.482
44.6315
44.7356
44.7939
44.8065
44.7734
44.6945
44.5699
44.3997
-56.3523
-55.8567
-55.3197
-54.7422
-54.123
-53.4629
-52.7628
-52.0225
-51.2427
-50.4244
-49.5673
-48.673
-47.7416
-46.7741
-45.771
-44.7334
-43.6622
-42.5575
-41.4209
-40.2534
-39.0556
-37.8284
-36.5728
-35.2905
-33.9823
-32.6487
-31.2911
-29.911
-28.5095
-27.088
-25.6471
-24.1886
-22.7135
-21.223
-19.7189
-18.2021
-16.6739
-15.1362
-13.5896
-12.036
-10.4767
-8.91306
-7.3463
-5.77825
-4.20999
-2.643
-1.07867
0.481295
2.03602
3.58391
5.1229
6.65248
8.1707
9.67599
11.1676
12.644
14.1037
15.5448
16.967
18.3684
19.7478
21.1039
22.4356
23.7412
25.0201
26.2707
27.4919
28.6829
29.8422
30.9687
32.0617
33.1197
34.142
35.1276
36.0758
36.9854
37.8557
38.6858
39.475
40.2225
40.9275
41.5893
42.2077
42.7818
43.3112
43.7953
44.2337
44.6259
44.9715
45.2701
45.5216
45.7257
45.8822
45.9912
46.0523
46.0656
46.0308
45.9482
45.8176
45.6393
-59.8037
-59.2887
-58.7296
-58.1277
-57.4823
-56.7942
-56.0645
-55.2926
-54.4791
-53.6251
-52.7308
-51.7974
-50.8251
-49.8153
-48.7677
-47.6842
-46.5653
-45.4114
-44.2243
-43.0045
-41.7525
-40.4704
-39.1585
-37.8182
-36.4507
-35.0566
-33.6378
-32.195
-30.7296
-29.2433
-27.7369
-26.2118
-24.669
-23.1104
-21.5371
-19.9509
-18.3523
-16.7438
-15.1262
-13.5009
-11.8696
-10.2336
-8.59464
-6.95381
-5.31302
-3.67349
-2.03658
-0.403871
1.22301
2.84255
4.45299
6.05374
7.64266
9.21859
10.7798
12.3248
13.8522
15.3612
16.8497
18.3165
19.7605
21.1803
22.5742
23.9409
25.2797
26.5889
27.8675
29.1142
30.3279
31.5075
32.6517
33.7593
34.8296
35.8616
36.8543
37.8067
38.7179
39.5872
40.4135
41.1959
41.9341
42.6272
43.2746
43.8758
44.4301
44.937
45.396
45.8066
46.1684
46.4811
46.7444
46.9581
47.122
47.236
47.3001
47.314
47.2776
47.191
47.0542
46.8674
-63.4545
-62.9195
-62.3377
-61.7107
-61.0384
-60.3217
-59.5609
-58.7562
-57.9078
-57.0171
-56.0846
-55.1106
-54.0958
-53.0418
-51.9482
-50.8173
-49.6488
-48.4442
-47.2041
-45.9302
-44.6226
-43.2829
-41.9124
-40.5123
-39.0833
-37.6263
-36.1437
-34.6359
-33.1042
-31.5506
-29.9758
-28.3816
-26.7687
-25.1391
-23.4941
-21.8355
-20.1641
-18.4819
-16.7903
-15.0907
-13.3845
-11.6733
-9.95904
-8.24303
-6.52655
-4.81138
-3.09904
-1.39109
0.310905
2.00507
3.69024
5.3645
7.02698
8.67593
10.3097
11.9265
13.525
15.1035
16.6611
18.1965
19.7075
21.1931
22.6518
24.0825
25.4834
26.8533
28.1916
29.4965
30.7669
32.0013
33.1989
34.3583
35.4786
36.5586
37.5977
38.5946
39.5484
40.4582
41.3231
42.1421
42.9148
43.6402
44.318
44.9473
45.5276
46.0581
46.5386
46.9684
47.3471
47.6743
47.9498
48.1735
48.3452
48.4646
48.5315
48.546
48.508
48.4172
48.2739
48.0783
-67.3151
-66.7594
-66.1547
-65.5021
-64.8021
-64.0558
-63.2629
-62.424
-61.5398
-60.6111
-59.6389
-58.6226
-57.5643
-56.4643
-55.3231
-54.1431
-52.9232
-51.6656
-50.371
-49.0408
-47.6758
-46.2761
-44.8448
-43.3825
-41.8899
-40.3678
-38.8189
-37.2433
-35.6429
-34.0194
-32.3737
-30.7076
-29.0219
-27.3186
-25.5994
-23.8653
-22.1182
-20.3599
-18.5914
-16.8142
-15.0303
-13.2414
-11.4487
-9.65434
-7.85939
-6.06555
-4.27503
-2.48889
-0.708905
1.06318
2.82578
4.57742
6.3164
8.04078
9.74932
11.4408
13.113
14.7645
16.3939
17.9998
19.5808
21.1352
22.6611
24.1577
25.6237
27.0572
28.4572
29.8226
31.1518
32.4433
33.6963
34.9093
36.0817
37.2121
38.2992
39.3424
40.3404
41.2924
42.1973
43.0545
43.8629
44.6222
45.3314
45.9898
46.5972
47.1524
47.6551
48.1047
48.5009
48.8433
49.1317
49.3658
49.5454
49.6704
49.7405
49.7556
49.7156
49.6205
49.4705
49.2657
-71.394
-70.818
-70.1904
-69.5117
-68.7831
-68.006
-67.1807
-66.3067
-65.3853
-64.4175
-63.4038
-62.3444
-61.2408
-60.0934
-58.9029
-57.6716
-56.3992
-55.0862
-53.7352
-52.3469
-50.922
-49.461
-47.9662
-46.4395
-44.8807
-43.2916
-41.6732
-40.0277
-38.3563
-36.6599
-34.9409
-33.2001
-31.4388
-29.6594
-27.8628
-26.0504
-24.2249
-22.3873
-20.5385
-18.681
-16.8166
-14.9468
-13.0729
-11.197
-9.32053
-7.44531
-5.57335
-3.70577
-1.84489
0.00792816
1.85091
3.68247
5.50076
7.30431
9.09084
10.8593
12.608
14.3354
16.0399
17.7191
19.3722
20.9979
22.5944
24.1597
25.6925
27.1924
28.6567
30.0847
31.475
32.826
34.1366
35.4056
36.6317
37.8141
38.9514
40.0428
41.0868
42.0825
43.0291
43.9258
44.7714
45.5657
46.3077
46.9967
47.6318
48.2127
48.7385
49.2089
49.6233
49.9815
50.283
50.528
50.716
50.8466
50.9199
50.9356
50.8937
50.7942
50.6371
50.4228
-75.6975
-75.1025
-74.4529
-73.7467
-72.9893
-72.1812
-71.3223
-70.4127
-69.4531
-68.4453
-67.389
-66.2851
-65.1346
-63.9386
-62.6975
-61.4132
-60.0863
-58.7168
-57.3075
-55.859
-54.372
-52.8475
-51.2874
-49.6934
-48.0661
-46.4076
-44.7177
-42.9996
-41.2542
-39.4828
-37.6874
-35.8694
-34.0299
-32.1711
-30.2942
-28.4013
-26.4937
-24.5738
-22.6426
-20.7018
-18.7535
-16.7993
-14.8416
-12.881
-10.9199
-8.96009
-7.00351
-5.05172
-3.10668
-1.16998
0.756474
2.67101
4.57173
6.45689
8.32465
10.1738
12.0018
13.8077
15.5892
17.3455
19.0741
20.7734
22.4423
24.0788
25.682
27.2501
28.7816
30.2747
31.7285
33.141
34.5114
35.8385
37.1208
38.3572
39.5468
40.6877
41.7796
42.8208
43.8108
44.7484
45.633
46.4635
47.2393
47.9599
48.6241
49.2315
49.7814
50.2732
50.7065
51.081
51.3965
51.6526
51.8491
51.9857
52.0623
52.0786
52.0347
51.9305
51.7662
51.5419
-80.2269
-79.6155
-78.945
-78.2116
-77.4252
-76.586
-75.6933
-74.7474
-73.7496
-72.7003
-71.6012
-70.4518
-69.2533
-68.0073
-66.7146
-65.376
-63.9928
-62.5658
-61.096
-59.5852
-58.0344
-56.4444
-54.8173
-53.1538
-51.4562
-49.7252
-47.962
-46.1686
-44.3468
-42.4979
-40.6234
-38.7253
-36.8049
-34.8637
-32.9039
-30.9277
-28.9355
-26.9301
-24.9132
-22.8857
-20.8508
-18.8097
-16.7642
-14.7163
-12.6672
-10.62
-8.57565
-6.53637
-4.50404
-2.48039
-0.467338
1.53332
3.51958
5.48963
7.44154
9.37358
11.2847
13.1719
15.0341
16.8692
18.6758
20.4525
22.1965
23.9074
25.5831
27.222
28.8228
30.3836
31.9032
33.3801
34.8126
36.1997
37.5402
38.8329
40.0763
41.2692
42.4104
43.4989
44.5337
45.5139
46.4386
47.3071
48.1184
48.8715
49.5659
50.2009
50.7755
51.2896
51.7426
52.1342
52.4639
52.7317
52.9371
53.0799
53.1598
53.1768
53.1307
53.0216
52.8497
52.6152
-84.9723
-84.3482
-83.6591
-82.8997
-82.0853
-81.2158
-80.2898
-79.3076
-78.2714
-77.1815
-76.0391
-74.8439
-73.5974
-72.3012
-70.956
-69.5624
-68.122
-66.6358
-65.1043
-63.5305
-61.9143
-60.2571
-58.5614
-56.8272
-55.0571
-53.2515
-51.4128
-49.5427
-47.642
-45.7131
-43.7572
-41.7766
-39.7727
-37.7467
-35.7011
-33.6381
-31.5587
-29.4651
-27.3593
-25.2428
-23.1182
-20.987
-18.851
-16.7122
-14.5726
-12.4343
-10.2993
-8.16938
-6.04662
-3.93288
-1.83015
0.259719
2.33459
4.3926
6.43175
8.45038
10.4466
12.4185
14.3641
16.2816
18.1688
20.0248
21.8475
23.6353
25.3865
27.0988
28.7716
30.4028
31.9904
33.5334
35.0307
36.4803
37.8811
39.2318
40.5313
41.778
42.9704
44.108
45.1893
46.2138
47.1802
48.0877
48.9356
49.7228
50.4485
51.1118
51.7123
52.2495
52.7228
53.132
53.4766
53.7565
53.9712
54.1204
54.2038
54.2213
54.1729
54.0587
53.8788
53.6336
-89.9053
-89.2726
-88.5684
-87.7849
-86.9451
-86.0468
-85.0898
-84.0738
-83.0006
-81.8715
-80.6871
-79.4479
-78.1541
-76.8082
-75.4111
-73.9628
-72.4653
-70.9199
-69.3271
-67.6897
-66.0077
-64.2829
-62.5172
-60.7117
-58.8673
-56.9863
-55.0707
-53.1217
-51.1407
-49.1298
-47.091
-45.0259
-42.9359
-40.8232
-38.6898
-36.5375
-34.3686
-32.1844
-29.9873
-27.7788
-25.5615
-23.3376
-21.1083
-18.876
-16.6429
-14.4108
-12.1821
-9.95874
-7.74255
-5.53567
-3.34013
-1.15814
1.00836
3.15715
5.28656
7.39455
9.47914
11.5384
13.5702
15.5726
17.5443
19.4828
21.3864
23.2537
25.0822
26.8713
28.6182
30.322
31.9805
33.5925
35.156
36.6704
38.1342
39.5451
40.9024
42.2046
43.4505
44.6387
45.7685
46.8385
47.8481
48.7962
49.6821
50.5042
51.2622
51.9553
52.5825
53.1436
53.638
54.0654
54.4255
54.7179
54.942
55.0977
55.1846
55.2027
55.152
55.0326
54.8445
54.5882
-94.9675
-94.3298
-93.6146
-92.8119
-91.9508
-91.0285
-90.0442
-88.9985
-87.8925
-86.7272
-85.5037
-84.2234
-82.886
-81.4929
-80.0456
-78.5457
-76.9932
-75.3896
-73.7373
-72.0374
-70.2907
-68.4989
-66.6641
-64.7871
-62.8695
-60.9132
-58.9205
-56.8922
-54.8306
-52.7377
-50.6144
-48.4639
-46.287
-44.0864
-41.8636
-39.6211
-37.3605
-35.0842
-32.794
-30.4917
-28.1801
-25.8608
-23.5361
-21.2082
-18.8791
-16.551
-14.2262
-11.9067
-9.59463
-7.29217
-5.00141
-2.7247
-0.464048
1.77841
4.00068
6.20075
8.37638
10.5256
12.6465
14.7367
16.7945
18.8182
20.8053
22.7544
24.6638
26.5313
28.3552
30.1336
31.8654
33.5479
35.1811
36.7622
38.2901
39.7636
41.1806
42.5404
43.8412
45.0818
46.2612
47.3789
48.4332
49.4232
50.348
51.2067
51.9982
52.7215
53.3764
53.9622
54.4784
54.9248
55.3007
55.606
55.8399
56.0024
56.093
56.1116
56.0584
55.9334
55.7369
55.4693
-100.055
-99.4148
-98.6949
-97.881
-97.0053
-96.0655
-95.0601
-93.9911
-92.8585
-91.6641
-90.4082
-89.0917
-87.7148
-86.2809
-84.7886
-83.2407
-81.6377
-79.9813
-78.2729
-76.5142
-74.7064
-72.8515
-70.9499
-69.0041
-67.0158
-64.9867
-62.9188
-60.8132
-58.6722
-56.4979
-54.2922
-52.0568
-49.7943
-47.5061
-45.1944
-42.8618
-40.5098
-38.141
-35.7574
-33.3611
-30.9545
-28.5395
-26.1186
-23.6939
-21.2679
-18.8425
-16.4204
-14.0035
-11.5941
-9.19446
-6.80688
-4.43368
-2.07714
0.260671
2.57755
4.87146
7.14015
9.38137
11.5929
13.7728
15.9189
18.0294
20.1022
22.1355
24.1274
26.0751
27.9781
29.8335
31.6397
33.3956
35.0991
36.749
38.3434
39.8808
41.3594
42.7779
44.1349
45.4298
46.6608
47.8267
48.9268
49.9601
50.9251
51.8209
52.6467
53.4016
54.0849
54.6961
55.2349
55.7006
56.0929
56.4112
56.6553
56.8246
56.919
56.9383
56.8825
56.7518
56.5466
56.267
-105.011
-104.369
-103.65
-102.835
-101.954
-101.005
-99.9891
-98.9059
-97.7565
-96.5408
-95.2606
-93.9168
-92.5114
-91.0427
-89.5111
-87.9244
-86.2783
-84.5767
-82.8191
-81.0087
-79.1462
-77.2337
-75.2716
-73.2637
-71.2097
-69.1128
-66.9746
-64.7966
-62.5811
-60.3307
-58.0461
-55.7305
-53.3851
-51.0129
-48.6157
-46.1957
-43.7552
-41.2965
-38.8218
-36.3334
-33.8337
-31.3248
-28.8092
-26.2894
-23.7675
-21.2461
-18.7275
-16.2139
-13.7077
-11.2115
-8.72737
-6.2581
-3.80563
-1.37246
1.03921
3.42722
5.78923
8.12267
10.4255
12.6956
14.9306
17.1288
19.288
21.406
23.4809
25.5104
27.4927
29.4258
31.308
33.1376
34.913
36.6318
38.2937
39.8958
41.4366
42.9152
44.3299
45.679
46.9621
48.1777
49.3246
50.4015
51.4074
52.3411
53.2017
53.9885
54.7008
55.338
55.8994
56.3849
56.7938
57.1257
57.3799
57.5561
57.6542
57.674
57.6156
57.4792
57.265
56.9734
-109.617
-108.974
-108.261
-107.457
-106.582
-105.636
-104.62
-103.533
-102.377
-101.15
-99.8578
-98.4962
-97.0705
-95.5805
-94.0269
-92.4074
-90.7258
-88.9897
-87.1934
-85.341
-83.4329
-81.4734
-79.46
-77.3992
-75.2896
-73.1335
-70.9341
-68.6924
-66.4112
-64.0915
-61.7361
-59.3475
-56.9272
-54.4783
-52.0024
-49.502
-46.9795
-44.4371
-41.8776
-39.3031
-36.7159
-34.1185
-31.5136
-28.9035
-26.2907
-23.6776
-21.0669
-18.4609
-15.8618
-13.2727
-10.6958
-8.13372
-5.58859
-3.06307
-0.559438
1.92002
4.37259
6.79593
9.18781
11.546
13.8681
16.1522
18.3959
20.5971
22.7535
24.8631
26.9236
28.9332
30.8901
32.7927
34.6388
36.427
38.1548
39.8208
41.4236
42.9616
44.4325
45.8361
47.1712
48.4355
49.6289
50.7493
51.7956
52.7669
53.6624
54.481
55.222
55.8847
56.469
56.9743
57.3996
57.7447
58.0091
58.1923
58.294
58.3143
58.2533
58.1111
57.888
57.5843
-113.616
-112.975
-112.273
-111.492
-110.63
-109.696
-108.692
-107.611
-106.46
-105.232
-103.937
-102.571
-101.137
-99.6338
-98.066
-96.4292
-94.7329
-92.9693
-91.1435
-89.262
-87.3217
-85.3271
-83.2758
-81.1726
-79.0203
-76.8168
-74.5686
-72.2755
-69.9396
-67.5635
-65.1495
-62.6998
-60.2165
-57.7022
-55.1591
-52.5895
-49.9959
-47.3813
-44.7475
-42.0972
-39.433
-36.7574
-34.0729
-31.3823
-28.688
-25.9927
-23.2988
-20.6093
-17.9261
-15.2527
-12.5911
-9.94418
-7.31403
-4.70387
-2.11547
0.448195
2.98457
5.49124
7.96572
10.4058
12.8089
15.1731
17.4958
19.7747
22.0076
24.1922
26.3263
28.408
30.4353
32.4063
34.3193
36.172
37.9629
39.6896
41.3508
42.9451
44.4698
45.9256
47.3095
48.6204
49.8576
51.0191
52.1042
53.1115
54.04
54.8891
55.6572
56.3448
56.9508
57.4744
57.9156
58.2735
58.5474
58.7371
58.8423
58.8631
58.7995
58.6519
58.4202
58.105
-116.759
-116.125
-115.443
-114.682
-113.841
-112.925
-111.938
-110.868
-109.73
-108.51
-107.22
-105.86
-104.423
-102.921
-101.349
-99.7011
-97.9979
-96.2236
-94.3877
-92.4854
-90.5259
-88.5055
-86.4288
-84.299
-82.117
-79.8812
-77.5982
-75.2677
-72.8925
-70.4747
-68.0168
-65.5209
-62.9899
-60.425
-57.8297
-55.2064
-52.5574
-49.8851
-47.1927
-44.4816
-41.7553
-39.0166
-36.2678
-33.5111
-30.7504
-27.9875
-25.2249
-22.4659
-19.7131
-16.969
-14.2364
-11.518
-8.81666
-6.13455
-3.4744
-0.839288
1.76839
4.34647
6.89156
9.40168
11.8747
14.3081
16.6987
19.045
21.3441
23.5937
25.7919
27.9365
30.025
32.0562
34.0275
35.9372
37.7829
39.5629
41.2754
42.919
44.4914
45.9921
47.4198
48.7721
50.0475
51.2463
52.3656
53.4046
54.3615
55.2381
56.0305
56.7395
57.3651
57.9053
58.3604
58.7295
59.0117
59.2073
59.3156
59.3368
59.271
59.1184
58.8794
58.5537
-118.886
-118.265
-117.601
-116.853
-116.032
-115.135
-114.159
-113.103
-111.978
-110.771
-109.489
-108.135
-106.701
-105.207
-103.632
-101.985
-100.279
-98.5017
-96.6565
-94.7484
-92.7812
-90.7504
-88.6597
-86.5151
-84.3132
-82.0586
-79.754
-77.3998
-75.0004
-72.5555
-70.0695
-67.5429
-64.9801
-62.3816
-59.7513
-57.0914
-54.4041
-51.6922
-48.9586
-46.2051
-43.4357
-40.6517
-37.8575
-35.054
-32.2449
-29.4336
-26.6214
-23.8118
-21.0081
-18.2121
-15.4279
-12.6568
-9.90254
-7.167
-4.45364
-1.76537
0.896179
3.52746
6.12547
8.68909
11.2144
13.7
16.1426
18.54
20.8895
23.1888
25.4359
27.6286
29.7642
31.8417
33.8579
35.8114
37.6993
39.5207
41.2728
42.9547
44.5643
46.1003
47.5615
48.9458
50.2515
51.4785
52.6248
53.6878
54.668
55.5653
56.3776
57.1031
57.7438
58.297
58.7631
59.1407
59.4295
59.6296
59.7404
59.762
59.6944
59.5379
59.2929
58.9591
-120.048
-119.441
-118.777
-118.037
-117.222
-116.331
-115.356
-114.311
-113.185
-111.989
-110.708
-109.35
-107.927
-106.43
-104.853
-103.21
-101.498
-99.719
-97.8682
-95.9561
-93.9808
-91.9426
-89.8447
-87.6892
-85.4779
-83.2126
-80.8953
-78.5269
-76.1121
-73.6508
-71.1475
-68.6011
-66.0187
-63.3994
-60.7466
-58.0639
-55.3532
-52.6176
-49.8578
-47.0784
-44.2828
-41.4705
-38.6485
-35.8156
-32.9773
-30.1356
-27.2926
-24.4518
-21.6167
-18.7885
-15.9723
-13.1682
-10.3812
-7.61248
-4.86563
-2.14387
0.550752
3.21565
5.84672
8.44408
11.002
13.5204
15.9961
18.4251
20.8063
23.1371
25.4154
27.6384
29.8037
31.9106
33.9551
35.9363
37.8512
39.6988
41.4761
43.1822
44.8155
46.374
47.8565
49.2613
50.5865
51.8313
52.9946
54.0735
55.0687
55.9789
56.8035
57.5405
58.1896
58.752
59.225
59.6077
59.9011
60.1038
60.2163
60.2381
60.1695
60.0106
59.7619
59.423
-120.634
-120.023
-119.34
-118.588
-117.762
-116.86
-115.877
-114.827
-113.689
-112.485
-111.197
-109.83
-108.402
-106.891
-105.307
-103.654
-101.931
-100.14
-98.2798
-96.3554
-94.3662
-92.3157
-90.2034
-88.033
-85.8072
-83.5266
-81.1929
-78.8107
-76.3799
-73.9028
-71.3839
-68.8223
-66.2241
-63.5882
-60.9192
-58.2194
-55.4909
-52.738
-49.9598
-47.1618
-44.3477
-41.5162
-38.6745
-35.8223
-32.9647
-30.1032
-27.2405
-24.3799
-21.5243
-18.6762
-15.8397
-13.0155
-10.208
-7.41928
-4.65257
-1.9108
0.803332
3.48797
6.13891
8.75587
11.3328
13.8703
16.3647
18.8117
21.2113
23.56
25.8554
28.0958
30.2779
32.4011
34.4616
36.4584
38.3882
40.2494
42.0413
43.7611
45.4069
46.9778
48.4723
49.8878
51.2239
52.4785
53.6507
54.7384
55.7416
56.6592
57.4902
58.2337
58.8876
59.4545
59.931
60.3168
60.6126
60.8168
60.9302
60.9522
60.883
60.7229
60.4721
60.1307
2.60316
2.61656
2.63206
2.65037
2.6718
2.69655
2.72478
2.75658
2.79193
2.83098
2.8735
2.91974
2.96946
3.02277
3.07957
3.1398
3.20346
3.27036
3.34071
3.41443
3.49128
3.5715
3.6551
3.74164
3.83131
3.92399
4.02008
4.11899
4.22115
4.32592
4.43351
4.54447
4.65786
4.7745
4.8939
5.01591
5.14071
5.26837
5.39869
5.53182
5.66751
5.80594
5.94685
6.0905
6.23668
6.38546
6.53644
6.69028
6.84646
7.00508
7.16626
7.32982
7.49562
7.66396
7.83407
8.00603
8.18037
8.35669
8.53473
8.71452
8.89555
9.07772
9.26107
9.44571
9.63094
9.81614
10.0005
10.1846
10.3672
10.5471
10.7251
10.8989
11.0663
11.2273
11.3799
11.5226
11.6525
11.7661
11.8599
11.931
11.9737
11.9804
11.9451
11.8588
11.7102
11.4884
11.1799
10.7705
10.2457
9.59206
8.79923
7.86072
6.77007
5.51838
4.08803
2.47775
0.830917
-0.263625
-1.40174
-1.54882
2.59409
2.5896
2.58407
2.57753
2.56966
2.56096
2.55104
2.54014
2.52845
2.51562
2.50218
2.48766
2.47244
2.45626
2.43929
2.4215
2.40275
2.3835
2.3632
2.34188
2.32002
2.29713
2.273
2.24813
2.22252
2.19592
2.16792
2.1391
2.10894
2.07844
2.04685
2.01319
1.97933
1.94389
1.90692
1.86927
1.83045
1.78986
1.74779
1.70432
1.65982
1.61368
1.566
1.51681
1.46602
1.41274
1.35827
1.3021
1.24392
1.18371
1.12131
1.05638
0.989539
0.920109
0.847804
0.77286
0.695525
0.615245
0.531416
0.444111
0.353229
0.258388
0.159341
0.0554203
-0.0529487
-0.166795
-0.286678
-0.412734
-0.545346
-0.685835
-0.834545
-0.991884
-1.15932
-1.33815
-1.52933
-1.73473
-1.95504
-2.19289
-2.45167
-2.73267
-3.03927
-3.37574
-3.74669
-4.15626
-4.61254
-5.12342
-5.69746
-6.34844
-7.09019
-7.93431
-8.88478
-9.91874
-10.9482
-11.7907
-12.1983
-12.088
-11.9191
-12.5275
-13.3101
-12.6789
2.57992
2.55421
2.52813
2.50154
2.47435
2.44656
2.41815
2.38918
2.35959
2.32939
2.29866
2.26732
2.23547
2.20312
2.17031
2.13702
2.10328
2.06906
2.03432
1.99911
1.96347
1.92733
1.89062
1.8535
1.81599
1.77785
1.73909
1.69985
1.66017
1.62007
1.57921
1.53775
1.49592
1.45327
1.41004
1.36635
1.32183
1.27643
1.23049
1.1839
1.1364
1.08805
1.03892
0.98887
0.937906
0.885839
0.832838
0.778757
0.723487
0.66711
0.609481
0.550432
0.490036
0.428111
0.364508
0.299353
0.232665
0.163977
0.0932041
0.0203126
-0.0548535
-0.132002
-0.211764
-0.294733
-0.380401
-0.468862
-0.560639
-0.656101
-0.754948
-0.857687
-0.964961
-1.07646
-1.19221
-1.31268
-1.43863
-1.56984
-1.70546
-1.84636
-1.99276
-2.14294
-2.29592
-2.45132
-2.60594
-2.75658
-2.89787
-3.02266
-3.12069
-3.17639
-3.17008
-3.07732
-2.87146
-2.53667
-2.08826
-1.60289
-1.21411
-1.07704
-1.65243
-2.32019
-3.16075
-4.03313
2.57505
2.54744
2.51972
2.49173
2.46336
2.43463
2.40549
2.37597
2.34604
2.31563
2.28477
2.2535
2.22183
2.18973
2.15719
2.12419
2.09086
2.05711
2.02292
1.98834
1.95336
1.91795
1.88202
1.84576
1.80908
1.77183
1.73409
1.69593
1.6574
1.61828
1.57849
1.53838
1.49769
1.45629
1.41447
1.37205
1.32878
1.28484
1.24046
1.1953
1.14928
1.10254
1.05487
1.00643
0.957181
0.906998
0.855683
0.803191
0.749996
0.695605
0.639576
0.582649
0.524606
0.464688
0.403221
0.340566
0.276442
0.210179
0.14204
0.0721819
0.000223518
-0.0737245
-0.149956
-0.228882
-0.310415
-0.39426
-0.480949
-0.570817
-0.663178
-0.758869
-0.858583
-0.961203
-1.06657
-1.17578
-1.28909
-1.40543
-1.52397
-1.6457
-1.76993
-1.89449
-2.019
-2.14214
-2.26091
-2.37261
-2.47313
-2.5576
-2.62052
-2.65521
-2.6563
-2.62188
-2.55697
-2.48502
-2.45925
-2.57184
-2.93358
-3.5172
-3.48559
-3.39383
-3.5346
-3.86219
2.57035
2.54183
2.51321
2.48444
2.45549
2.42632
2.3968
2.36691
2.33673
2.3062
2.27531
2.24406
2.21241
2.18033
2.14789
2.11506
2.08188
2.04832
2.01435
1.97996
1.94516
1.90995
1.87427
1.83824
1.80178
1.76478
1.72735
1.6895
1.65122
1.61235
1.57293
1.53306
1.4926
1.45162
1.41013
1.36791
1.325
1.28154
1.23746
1.19261
1.14701
1.10068
1.05356
1.00556
0.956653
0.907122
0.856466
0.8046
0.751921
0.698163
0.643246
0.587335
0.530041
0.471018
0.410912
0.349874
0.286906
0.222125
0.156121
0.0883102
0.0185568
-0.0529862
-0.126438
-0.202008
-0.279916
-0.36004
-0.442209
-0.526446
-0.613252
-0.702904
-0.795096
-0.889221
-0.98538
-1.0845
-1.18603
-1.28887
-1.39273
-1.49796
-1.60358
-1.70796
-1.81087
-1.91065
-2.00517
-2.09281
-2.17049
-2.23611
-2.28768
-2.32274
-2.34092
-2.34442
-2.33962
-2.33701
-2.35052
-2.39124
-2.45678
-2.52172
-2.70416
-2.86351
-3.02923
-3.20935
2.56539
2.53606
2.50668
2.47726
2.44772
2.41796
2.388
2.35774
2.32716
2.29635
2.26526
2.23378
2.20198
2.16987
2.13745
2.1047
2.07153
2.03795
2.00403
1.9697
1.93501
1.89995
1.86441
1.82853
1.79225
1.75549
1.71829
1.68067
1.64253
1.6039
1.56488
1.52532
1.48509
1.44436
1.40328
1.36149
1.31895
1.27588
1.2322
1.18785
1.14274
1.09693
1.05043
1.003
0.954751
0.90593
0.856168
0.805139
0.753182
0.700438
0.646742
0.591968
0.535699
0.478033
0.419704
0.360271
0.298935
0.236412
0.172643
0.107005
0.0398406
-0.0287025
-0.0989257
-0.171063
-0.245136
-0.320776
-0.397704
-0.47665
-0.558101
-0.641259
-0.725681
-0.811552
-0.899385
-0.988845
-1.07905
-1.17007
-1.26146
-1.35266
-1.44306
-1.53177
-1.61833
-1.70147
-1.77974
-1.85177
-1.91633
-1.97275
-2.01972
-2.05693
-2.0851
-2.10586
-2.12315
-2.14114
-2.16449
-2.19907
-2.24917
-2.31938
-2.40924
-2.50515
-2.59985
-2.68916
2.56016
2.53027
2.5004
2.47047
2.44044
2.41027
2.3799
2.34932
2.31851
2.28745
2.25613
2.2246
2.1928
2.16065
2.12817
2.09534
2.06218
2.02869
1.99488
1.9607
1.92619
1.89127
1.85592
1.82026
1.78418
1.74764
1.71073
1.67333
1.63544
1.59722
1.55856
1.51925
1.47931
1.43902
1.3984
1.35696
1.31491
1.27235
1.22913
1.18534
1.14103
1.09587
1.0498
1.00318
0.955862
0.907824
0.858955
0.808954
0.757958
0.70635
0.653968
0.600433
0.545465
0.489397
0.432909
0.375245
0.316009
0.255651
0.193809
0.13073
0.0667522
0.00138363
-0.0656766
-0.134292
-0.204365
-0.275434
-0.347276
-0.421201
-0.497249
-0.573914
-0.651078
-0.72959
-0.809771
-0.890338
-0.970781
-1.05173
-1.1324
-1.21213
-1.29064
-1.3672
-1.44157
-1.51268
-1.57936
-1.64131
-1.69783
-1.74826
-1.79217
-1.83005
-1.86236
-1.89019
-1.91523
-1.93978
-1.9663
-1.9969
-2.03371
-2.07976
-2.13603
-2.19191
-2.24283
-2.28524
2.55468
2.52445
2.49421
2.46388
2.43348
2.40298
2.37233
2.34155
2.31063
2.27949
2.24808
2.21642
2.18452
2.15233
2.11981
2.08703
2.05398
2.02067
1.98699
1.95292
1.91854
1.8838
1.84871
1.81328
1.77738
1.74114
1.70455
1.66745
1.62992
1.59205
1.5537
1.5148
1.47535
1.43557
1.39531
1.35434
1.31299
1.27101
1.22832
1.18518
1.14155
1.09697
1.05177
1.00619
0.959649
0.912332
0.864563
0.81576
0.765929
0.715539
0.664364
0.612195
0.558766
0.504706
0.450166
0.393993
0.33666
0.278824
0.219555
0.159086
0.0980976
0.0357939
-0.0282122
-0.0930627
-0.158614
-0.225374
-0.293103
-0.362092
-0.432344
-0.502963
-0.574052
-0.645974
-0.718615
-0.791408
-0.863953
-0.936139
-1.00752
-1.0779
-1.14718
-1.21453
-1.27933
-1.34114
-1.39969
-1.4544
-1.50468
-1.55051
-1.59175
-1.62885
-1.66197
-1.69134
-1.71841
-1.74432
-1.76998
-1.79663
-1.82519
-1.85647
-1.89017
-1.92132
-1.9473
-1.96529
2.54893
2.51846
2.48797
2.45744
2.42681
2.39613
2.36538
2.33448
2.3034
2.27213
2.24065
2.20891
2.17695
2.14485
2.11247
2.07984
2.0469
2.01364
1.98005
1.94614
1.91199
1.87751
1.84268
1.80749
1.77192
1.73603
1.69973
1.66292
1.62578
1.58834
1.55036
1.5119
1.47309
1.43382
1.39393
1.35356
1.3129
1.27156
1.22955
1.18711
1.14411
1.10028
1.05601
1.01143
0.965838
0.919468
0.87269
0.825097
0.77664
0.72753
0.677749
0.627067
0.575373
0.523269
0.470357
0.415928
0.36089
0.305538
0.248894
0.191185
0.132894
0.0734166
0.0128091
-0.0481552
-0.109627
-0.172344
-0.236116
-0.30047
-0.365125
-0.43024
-0.496147
-0.562048
-0.627858
-0.693805
-0.759324
-0.82414
-0.888158
-0.951025
-1.0125
-1.07233
-1.12972
-1.1845
-1.23667
-1.28542
-1.33083
-1.37284
-1.4113
-1.4465
-1.47815
-1.50708
-1.53394
-1.55872
-1.58205
-1.60456
-1.62654
-1.64817
-1.66884
-1.6861
-1.69839
-1.70407
2.54293
2.5123
2.48166
2.45105
2.42042
2.38962
2.35871
2.32774
2.29658
2.26524
2.23378
2.20216
2.17031
2.13828
2.10599
2.07342
2.04064
2.0075
1.97412
1.94055
1.90662
1.87238
1.83783
1.80294
1.76771
1.73208
1.69612
1.65979
1.62311
1.58606
1.54852
1.51066
1.47236
1.43351
1.39419
1.35452
1.31445
1.27386
1.23276
1.19093
1.1485
1.10569
1.06249
1.01877
0.974278
0.929047
0.88312
0.836745
0.789798
0.742097
0.693716
0.64455
0.594809
0.54452
0.493016
0.440695
0.388182
0.335128
0.281139
0.226188
0.170292
0.113557
0.0566256
-0.000636227
-0.0586699
-0.117622
-0.177226
-0.23715
-0.297024
-0.357185
-0.417964
-0.478405
-0.538632
-0.598759
-0.65808
-0.716559
-0.774406
-0.83118
-0.886277
-0.939625
-0.991068
-1.04035
-1.08714
-1.13115
-1.17247
-1.21095
-1.24668
-1.27924
-1.30883
-1.33635
-1.36153
-1.38421
-1.40502
-1.42429
-1.44165
-1.45705
-1.47009
-1.47961
-1.48468
-1.48424
2.5367
2.50603
2.47541
2.44473
2.41394
2.38312
2.35224
2.3213
2.29022
2.25903
2.22765
2.19609
2.16434
2.13239
2.1002
2.06776
2.03516
2.00233
1.96925
1.93589
1.90217
1.86823
1.83399
1.79942
1.76454
1.7293
1.69383
1.65793
1.62169
1.58516
1.54813
1.51072
1.47289
1.43466
1.39604
1.35709
1.31769
1.27779
1.23736
1.1963
1.15503
1.11321
1.07071
1.02793
0.984634
0.940525
0.895787
0.850695
0.805103
0.758836
0.711908
0.664375
0.616431
0.567776
0.518126
0.468231
0.417993
0.366947
0.315074
0.262805
0.209997
0.156301
0.102395
0.0481949
-0.00656825
-0.0617376
-0.117191
-0.172934
-0.228763
-0.284765
-0.340807
-0.396195
-0.451443
-0.506534
-0.560528
-0.61386
-0.666427
-0.71773
-0.767662
-0.815769
-0.862144
-0.906713
-0.949142
-0.989388
-1.02698
-1.06211
-1.09504
-1.12503
-1.1525
-1.17807
-1.20115
-1.22181
-1.24043
-1.25663
-1.27061
-1.28243
-1.29127
-1.29659
-1.29803
-1.29502
2.53026
2.49966
2.46901
2.43829
2.40759
2.37695
2.34616
2.31522
2.28427
2.25318
2.2219
2.19046
2.15888
2.12708
2.09506
2.06289
2.03055
1.99798
1.96511
1.93197
1.8986
1.865
1.83112
1.79698
1.76246
1.72765
1.69264
1.6572
1.62142
1.58539
1.54889
1.512
1.47484
1.43725
1.3993
1.36109
1.32232
1.28314
1.24348
1.20339
1.16302
1.12199
1.08074
1.03908
0.996545
0.953552
0.91029
0.866559
0.822382
0.777563
0.731968
0.685948
0.639787
0.592978
0.545631
0.497824
0.449066
0.400245
0.351136
0.301215
0.250923
0.200349
0.149453
0.0980256
0.0462653
-0.0053154
-0.056908
-0.10886
-0.161017
-0.213203
-0.265052
-0.316007
-0.366948
-0.417527
-0.466816
-0.51582
-0.564014
-0.610646
-0.655997
-0.699682
-0.741978
-0.782603
-0.821224
-0.858035
-0.892299
-0.924526
-0.954923
-0.982504
-1.00777
-1.03136
-1.05265
-1.07145
-1.08795
-1.10196
-1.11372
-1.12301
-1.12946
-1.13298
-1.13295
-1.12907
2.52355
2.49302
2.46247
2.43199
2.40149
2.37091
2.34023
2.30942
2.27854
2.24758
2.21647
2.18524
2.1539
2.12235
2.09062
2.05875
2.02662
1.99421
1.96167
1.9289
1.89593
1.86269
1.82922
1.79544
1.76129
1.72699
1.69243
1.65745
1.62222
1.58674
1.55081
1.51454
1.47804
1.44108
1.4039
1.36641
1.32833
1.28986
1.25101
1.21205
1.1726
1.13234
1.0921
1.05154
1.0101
0.968358
0.926435
0.883898
0.841084
0.79775
0.753595
0.70937
0.664963
0.619785
0.574357
0.528363
0.481658
0.435263
0.388422
0.34063
0.292837
0.245217
0.197091
0.148398
0.0996519
0.0513586
0.00301899
-0.0459014
-0.0944037
-0.14268
-0.190995
-0.238348
-0.285371
-0.33188
-0.377291
-0.422348
-0.466684
-0.509524
-0.550785
-0.590729
-0.629581
-0.666813
-0.702204
-0.735775
-0.767311
-0.797114
-0.824995
-0.850435
-0.873843
-0.895537
-0.915069
-0.93225
-0.947028
-0.959519
-0.969943
-0.97789
-0.983075
-0.985563
-0.98509
-0.981554
2.51661
2.48625
2.45597
2.42572
2.39534
2.36486
2.33439
2.30386
2.27318
2.24241
2.2115
2.18048
2.14941
2.11816
2.08672
2.05508
2.02322
1.9912
1.95906
1.92666
1.89401
1.86119
1.82812
1.7947
1.76104
1.72723
1.69314
1.65868
1.62403
1.58909
1.5537
1.51816
1.48237
1.44606
1.4095
1.37277
1.33559
1.29795
1.25996
1.22187
1.18321
1.14408
1.10497
1.06532
1.02502
0.98464
0.943882
0.902525
0.861062
0.819216
0.776706
0.734127
0.691304
0.647765
0.604105
0.560077
0.515452
0.47096
0.426324
0.381046
0.335742
0.290574
0.244692
0.198656
0.153133
0.107712
0.0618538
0.0159131
-0.0290618
-0.0739972
-0.118895
-0.16295
-0.206808
-0.249827
-0.291889
-0.33339
-0.374034
-0.413659
-0.451734
-0.488502
-0.524226
-0.558445
-0.590992
-0.621868
-0.651071
-0.678575
-0.704326
-0.728087
-0.749727
-0.769544
-0.787661
-0.803492
-0.816851
-0.828428
-0.838022
-0.845019
-0.84971
-0.852067
-0.851721
-0.848654
2.50956
2.47949
2.4494
2.4193
2.38921
2.35899
2.32874
2.29845
2.26803
2.23752
2.20693
2.1762
2.14536
2.11436
2.0832
2.05191
2.02047
1.98886
1.95706
1.92503
1.89273
1.86036
1.82773
1.79476
1.76161
1.7283
1.69474
1.66081
1.62672
1.59236
1.55765
1.52282
1.48758
1.45194
1.41624
1.38023
1.34375
1.30701
1.26999
1.23273
1.19502
1.15706
1.11886
1.08023
1.04118
1.00196
0.962404
0.922359
0.882232
0.841801
0.800779
0.759808
0.71858
0.676675
0.634757
0.592565
0.550008
0.507477
0.464856
0.421779
0.378701
0.335637
0.292273
0.249094
0.205855
0.162768
0.119927
0.0770431
0.034605
-0.00750707
-0.0491098
-0.0903045
-0.131057
-0.171031
-0.210466
-0.248811
-0.286044
-0.322779
-0.358406
-0.392352
-0.425218
-0.456928
-0.486872
-0.515435
-0.54274
-0.568326
-0.592126
-0.61422
-0.634291
-0.652629
-0.669501
-0.684247
-0.696844
-0.707759
-0.716545
-0.723062
-0.72781
-0.73026
-0.730232
-0.727981
2.50235
2.47259
2.44281
2.41296
2.38309
2.35321
2.3232
2.29314
2.26309
2.23293
2.20262
2.17217
2.14163
2.11099
2.08022
2.04933
2.01825
1.98695
1.95554
1.92391
1.8921
1.86017
1.82798
1.79549
1.76291
1.73019
1.69711
1.66373
1.63026
1.59648
1.56247
1.5283
1.49367
1.45883
1.42394
1.38858
1.3529
1.3171
1.28099
1.24459
1.20795
1.1709
1.13352
1.09614
1.05839
1.0203
0.981915
0.943079
0.904201
0.865204
0.82582
0.786367
0.746535
0.706298
0.665997
0.625431
0.584959
0.544556
0.503557
0.462382
0.421581
0.380541
0.339528
0.298865
0.25782
0.216977
0.176848
0.136695
0.0965237
0.0570316
0.0181344
-0.0204739
-0.0582217
-0.095619
-0.132638
-0.168142
-0.202701
-0.236976
-0.270063
-0.301523
-0.332187
-0.361688
-0.389395
-0.41593
-0.441454
-0.465366
-0.487488
-0.508041
-0.526873
-0.544141
-0.559931
-0.57379
-0.58576
-0.596002
-0.604463
-0.611175
-0.615798
-0.618288
-0.618973
-0.617692
2.49499
2.46555
2.43611
2.40658
2.37699
2.34744
2.31782
2.28816
2.25841
2.22846
2.19845
2.16845
2.13834
2.10808
2.07766
2.04709
2.01639
1.98551
1.95455
1.92341
1.89209
1.86061
1.82886
1.79695
1.76496
1.73274
1.70013
1.66738
1.63453
1.60136
1.56808
1.53452
1.50059
1.46657
1.43236
1.39777
1.36299
1.32804
1.29279
1.25727
1.22153
1.18549
1.14934
1.11291
1.07616
1.03939
1.00212
0.964455
0.927012
0.889397
0.851382
0.813342
0.775081
0.736369
0.697564
0.658893
0.620167
0.581178
0.542136
0.503214
0.46416
0.425084
0.386297
0.347558
0.308805
0.270431
0.232365
0.194389
0.156634
0.119539
0.0829766
0.0467958
0.0114944
-0.0235642
-0.0582015
-0.0912867
-0.123672
-0.155803
-0.186452
-0.215762
-0.244618
-0.27214
-0.29782
-0.322718
-0.346658
-0.368941
-0.389835
-0.409074
-0.4267
-0.443134
-0.458022
-0.471166
-0.482657
-0.492515
-0.500844
-0.507417
-0.512167
-0.515241
-0.516565
-0.516115
2.48752
2.45846
2.4293
2.40015
2.37099
2.34178
2.31254
2.28319
2.25376
2.22426
2.19471
2.16507
2.13529
2.10539
2.0754
2.0453
2.015
1.98462
1.95415
1.92342
1.89254
1.86158
1.83036
1.79897
1.7675
1.73579
1.70377
1.6717
1.63944
1.60693
1.57436
1.54141
1.50823
1.47496
1.44145
1.40771
1.37382
1.33969
1.30527
1.27072
1.23589
1.20083
1.16574
1.13024
1.09466
1.059
1.02279
0.986607
0.950549
0.914112
0.87729
0.840466
0.80378
0.766799
0.729428
0.692316
0.655277
0.617897
0.580732
0.543575
0.506252
0.469185
0.432133
0.395271
0.358764
0.322441
0.28628
0.250492
0.214954
0.179868
0.145522
0.111518
0.0781477
0.0452955
0.0129513
-0.0182769
-0.0487588
-0.0785247
-0.107251
-0.135044
-0.161998
-0.187623
-0.211782
-0.235394
-0.25779
-0.278544
-0.298316
-0.316579
-0.333345
-0.348896
-0.362934
-0.375612
-0.386771
-0.396396
-0.404682
-0.411248
-0.416271
-0.419776
-0.421664
-0.422114
2.47992
2.45122
2.42252
2.39379
2.36501
2.33615
2.30731
2.27836
2.24938
2.22035
2.19115
2.16186
2.13253
2.10311
2.07354
2.0439
2.01402
1.98406
1.95403
1.92377
1.89345
1.863
1.83232
1.80148
1.77055
1.73941
1.70805
1.67663
1.64496
1.6132
1.58124
1.5489
1.51651
1.48398
1.45123
1.41834
1.38523
1.35186
1.31841
1.28484
1.25085
1.21678
1.18264
1.14812
1.11374
1.07919
1.04412
1.00913
0.974244
0.939081
0.903474
0.867995
0.832756
0.797114
0.761207
0.725749
0.690296
0.654481
0.618959
0.583289
0.547554
0.512367
0.477267
0.442249
0.407459
0.372876
0.338622
0.304888
0.271404
0.238111
0.20553
0.173616
0.142104
0.111109
0.0808134
0.0512329
0.0225121
-0.005203
-0.0323399
-0.0587048
-0.0838611
-0.107945
-0.13095
-0.153101
-0.174236
-0.193953
-0.212512
-0.229948
-0.245961
-0.260629
-0.274197
-0.28663
-0.297401
-0.306798
-0.315071
-0.321736
-0.327038
-0.330982
-0.333499
-0.334772
2.47226
2.44399
2.41571
2.38741
2.3591
2.33068
2.30223
2.27376
2.24515
2.21648
2.18774
2.15896
2.13011
2.10106
2.07191
2.04272
2.01335
1.98387
1.95432
1.92464
1.89482
1.86487
1.83476
1.80451
1.77414
1.74357
1.71286
1.68203
1.65099
1.61989
1.58855
1.55694
1.52531
1.49347
1.46155
1.42945
1.39707
1.36465
1.3321
1.29927
1.26626
1.23322
1.20003
1.16654
1.1331
1.09961
1.06587
1.03199
0.998122
0.964161
0.929864
0.895737
0.861639
0.827291
0.793081
0.759027
0.724865
0.690555
0.656438
0.622491
0.588593
0.554731
0.521179
0.487959
0.454755
0.421916
0.389576
0.357535
0.32579
0.294248
0.263285
0.233139
0.203312
0.174065
0.145508
0.117548
0.0905159
0.0641727
0.0383984
0.0137193
-0.00986806
-0.0328383
-0.0546401
-0.0754811
-0.0957351
-0.114463
-0.131904
-0.148559
-0.164034
-0.178132
-0.191185
-0.203221
-0.213824
-0.223261
-0.231377
-0.23814
-0.243814
-0.248225
-0.251271
-0.253166
2.46459
2.43679
2.40894
2.38109
2.35322
2.32531
2.29724
2.26914
2.24104
2.21285
2.18461
2.15626
2.12779
2.09922
2.0706
2.04188
2.01304
1.98411
1.95503
1.92587
1.8966
1.86718
1.83759
1.8079
1.77812
1.74812
1.71804
1.6878
1.65746
1.62702
1.59633
1.56549
1.53453
1.50342
1.47232
1.44095
1.40941
1.37783
1.34604
1.31417
1.28206
1.24985
1.21764
1.18527
1.15291
1.12033
1.08755
1.05484
1.02228
0.989462
0.956178
0.923189
0.890511
0.857777
0.824692
0.7916
0.758952
0.726191
0.693549
0.660978
0.628382
0.596204
0.564316
0.532481
0.500763
0.469523
0.438894
0.408423
0.378182
0.348278
0.318856
0.29013
0.261864
0.234292
0.2073
0.180843
0.155141
0.13002
0.105607
0.0824263
0.0600609
0.0382724
0.0175474
-0.00253099
-0.0217714
-0.0394739
-0.056125
-0.0721699
-0.0870605
-0.100608
-0.113299
-0.124994
-0.135556
-0.144893
-0.152845
-0.159944
-0.165984
-0.170607
-0.174167
-0.176794
2.45682
2.42953
2.40224
2.37483
2.34734
2.31986
2.29234
2.26476
2.23714
2.20942
2.1816
2.15373
2.12574
2.09767
2.06955
2.04135
2.01297
1.98455
1.95605
1.92742
1.89868
1.8698
1.84076
1.81167
1.78247
1.75309
1.72362
1.69405
1.66435
1.63453
1.60452
1.5744
1.54413
1.51382
1.48341
1.45278
1.42215
1.39135
1.36034
1.32933
1.29809
1.26692
1.23563
1.20404
1.1727
1.14135
1.10956
1.0777
1.04623
1.01459
0.9825
0.950744
0.919398
0.887637
0.855432
0.824053
0.792856
0.761092
0.729854
0.698795
0.667542
0.636695
0.606004
0.575581
0.545643
0.515914
0.486578
0.457496
0.428605
0.400098
0.372209
0.344939
0.318108
0.291856
0.266257
0.24109
0.216564
0.192816
0.169652
0.147481
0.12618
0.105627
0.0857381
0.0663791
0.0481549
0.0312744
0.0151794
-0.0002379
-0.0145084
-0.02775
-0.0401307
-0.0516117
-0.0619417
-0.071111
-0.0793353
-0.0865971
-0.092727
-0.0976915
-0.101861
-0.10511
2.4491
2.42229
2.39545
2.36855
2.34159
2.31458
2.28761
2.26052
2.23329
2.20606
2.17874
2.15136
2.12389
2.09634
2.06871
2.04099
2.01318
1.98531
1.95733
1.9292
1.90099
1.87271
1.8443
1.81577
1.78716
1.75843
1.72955
1.70059
1.67152
1.64234
1.61304
1.58363
1.55412
1.52448
1.49473
1.46499
1.43519
1.40504
1.37487
1.3448
1.31449
1.28409
1.25363
1.22311
1.19267
1.16233
1.13156
1.1005
1.07005
1.03963
1.00864
0.978183
0.94799
0.916902
0.886018
0.85607
0.825894
0.795565
0.765554
0.735391
0.70558
0.676285
0.646865
0.617643
0.589024
0.560706
0.532586
0.504734
0.477206
0.45006
0.423473
0.397479
0.371955
0.347027
0.32254
0.298398
0.275157
0.252671
0.230551
0.209249
0.188863
0.169247
0.150259
0.131794
0.114265
0.0979831
0.0825832
0.0677347
0.0537279
0.0408659
0.0288553
0.0175807
0.00744511
-0.00191602
-0.010242
-0.0173519
-0.0237584
-0.0292569
-0.0337902
-0.0374445
2.44142
2.41513
2.38876
2.3624
2.33597
2.30946
2.28288
2.25627
2.22958
2.20285
2.17604
2.14918
2.1223
2.09528
2.06817
2.04099
2.01371
1.98628
1.95878
1.93128
1.90367
1.87592
1.84808
1.82014
1.79211
1.76395
1.7357
1.70741
1.67901
1.6505
1.62184
1.59317
1.56434
1.53532
1.50639
1.47748
1.4483
1.41891
1.3897
1.36042
1.3309
1.30135
1.27184
1.24228
1.21261
1.1831
1.15335
1.12341
1.09398
1.06449
1.03455
1.00516
0.975814
0.945931
0.916545
0.887514
0.858202
0.829136
0.800328
0.771409
0.742804
0.714539
0.686524
0.658626
0.630968
0.60393
0.577159
0.550272
0.523832
0.498162
0.472937
0.44795
0.423458
0.399739
0.3762
0.353151
0.331157
0.309512
0.288333
0.268205
0.248545
0.229433
0.211264
0.193796
0.17702
0.161199
0.146253
0.131802
0.118245
0.105731
0.09385
0.0829103
0.0728253
0.0633817
0.0551686
0.047887
0.0410928
0.0353443
0.0305903
0.0264182
2.43374
2.408
2.38219
2.35629
2.33035
2.30438
2.27832
2.25221
2.22607
2.19986
2.17363
2.14729
2.12083
2.09433
2.06782
2.04114
2.01433
1.98745
1.96055
1.93361
1.90653
1.87933
1.85206
1.8247
1.79728
1.76979
1.74221
1.71452
1.68674
1.65883
1.63089
1.60294
1.57472
1.54644
1.51832
1.49008
1.46153
1.43301
1.40467
1.37609
1.34743
1.31881
1.29012
1.26128
1.2325
1.20383
1.17506
1.14632
1.11774
1.089
1.06021
1.03171
1.00315
0.974635
0.946431
0.918278
0.890059
0.862067
0.834115
0.806392
0.779025
0.75177
0.725024
0.698407
0.671714
0.645557
0.619966
0.594314
0.568949
0.544458
0.520235
0.496254
0.472993
0.450104
0.427454
0.405617
0.384511
0.363589
0.343509
0.324268
0.305129
0.286767
0.269279
0.252505
0.236598
0.22118
0.206333
0.192344
0.179314
0.167013
0.155345
0.144675
0.134599
0.125135
0.117002
0.109579
0.102468
0.09648
0.0913635
0.0867437
2.42614
2.4009
2.37561
2.35025
2.32488
2.29945
2.27394
2.2484
2.2228
2.19708
2.17131
2.14543
2.1195
2.09352
2.06745
2.04135
2.01521
1.98891
1.96253
1.93613
1.90958
1.88297
1.8563
1.82956
1.8028
1.7759
1.74888
1.72179
1.69461
1.66737
1.64019
1.61281
1.58527
1.55781
1.53036
1.50277
1.47492
1.44729
1.41966
1.39177
1.36402
1.33627
1.3082
1.28016
1.25237
1.22449
1.19668
1.16898
1.14105
1.11316
1.08559
1.05793
1.03018
1.00278
0.975557
0.948304
0.921258
0.894246
0.86713
0.840615
0.814309
0.787996
0.762311
0.736705
0.711039
0.685908
0.661245
0.636762
0.612631
0.58892
0.565567
0.542732
0.520346
0.498195
0.476575
0.455848
0.435398
0.41526
0.396167
0.377406
0.358817
0.341459
0.324729
0.308307
0.292811
0.277855
0.263426
0.249886
0.237229
0.22511
0.213578
0.203083
0.193156
0.183687
0.175405
0.167901
0.160617
0.154333
0.148935
0.143973
2.41863
2.39396
2.36916
2.34435
2.31955
2.29467
2.26972
2.24466
2.21955
2.19433
2.16904
2.14376
2.11844
2.09299
2.06741
2.04187
2.01629
1.99054
1.96472
1.93885
1.91288
1.8869
1.86083
1.83466
1.80844
1.78209
1.75571
1.72927
1.70263
1.67612
1.64962
1.62283
1.59597
1.56923
1.54248
1.51547
1.48842
1.46159
1.43454
1.40747
1.3806
1.35346
1.32607
1.29902
1.27209
1.24499
1.21809
1.19117
1.16409
1.13717
1.11042
1.08363
1.05683
1.03037
1.00408
0.977698
0.95163
0.925665
0.899498
0.873772
0.848487
0.82337
0.79842
0.773681
0.749121
0.724876
0.701152
0.677783
0.654657
0.631482
0.609103
0.587503
0.565743
0.544295
0.523657
0.503599
0.48399
0.464866
0.446304
0.428
0.410117
0.393564
0.377446
0.361257
0.346037
0.331728
0.317881
0.304617
0.292099
0.280116
0.268949
0.258552
0.248565
0.239191
0.230764
0.223157
0.215789
0.209215
0.203561
0.198305
2.41116
2.387
2.36286
2.33865
2.31432
2.28993
2.26551
2.241
2.21638
2.19177
2.16712
2.14236
2.11753
2.09265
2.0676
2.04254
2.01746
1.9923
1.96712
1.94181
1.91643
1.89097
1.86541
1.83986
1.81417
1.78844
1.76276
1.73686
1.71081
1.68501
1.65911
1.6329
1.60673
1.58077
1.5546
1.52818
1.50206
1.47583
1.44937
1.42321
1.39704
1.37046
1.34399
1.31784
1.29163
1.26536
1.23919
1.21299
1.18682
1.16075
1.13481
1.10891
1.08307
1.05742
1.03184
1.00637
0.9812
0.956222
0.931189
0.906079
0.881531
0.857653
0.833435
0.809417
0.786038
0.762635
0.739578
0.717276
0.69492
0.672445
0.651102
0.630486
0.609302
0.588455
0.568828
0.549392
0.530345
0.512127
0.494132
0.476282
0.459239
0.443236
0.42736
0.411573
0.396895
0.383238
0.369626
0.356357
0.344185
0.332607
0.321514
0.311052
0.301249
0.292038
0.283378
0.275573
0.26832
0.261547
0.255397
0.249885
2.40388
2.38027
2.35671
2.33302
2.30918
2.28536
2.26145
2.23752
2.21352
2.18944
2.1653
2.14105
2.11673
2.09238
2.06795
2.04347
2.01891
1.99429
1.96966
1.94487
1.91999
1.89505
1.87011
1.84519
1.8201
1.79503
1.76991
1.74455
1.71916
1.69395
1.66865
1.64305
1.61766
1.59236
1.56664
1.54099
1.51567
1.49004
1.46428
1.43881
1.41327
1.3875
1.36189
1.33643
1.3109
1.28541
1.25997
1.23457
1.2092
1.18391
1.15878
1.13368
1.10865
1.08379
1.05907
1.03448
1.01006
0.985866
0.961732
0.937571
0.914008
0.890755
0.867085
0.843997
0.821781
0.799307
0.77672
0.755073
0.73364
0.712043
0.69152
0.671585
0.651061
0.630951
0.612002
0.593419
0.574835
0.556967
0.5397
0.522563
0.506314
0.490483
0.474634
0.459663
0.445731
0.432227
0.418595
0.405695
0.393942
0.382394
0.371411
0.361212
0.351316
0.342041
0.333514
0.325656
0.318277
0.311136
0.304765
0.299299
2.39684
2.37384
2.35066
2.32747
2.30429
2.28105
2.25768
2.23422
2.21076
2.18722
2.16358
2.13988
2.11614
2.0923
2.06845
2.04452
2.02051
1.99638
1.97219
1.94803
1.92376
1.89939
1.87507
1.85065
1.82616
1.80166
1.77703
1.75232
1.72761
1.70294
1.6782
1.65334
1.62866
1.60382
1.57873
1.55388
1.52911
1.50413
1.47913
1.45427
1.4294
1.40444
1.37955
1.3547
1.32989
1.30516
1.28044
1.25579
1.23118
1.20666
1.18228
1.15794
1.13371
1.10962
1.08566
1.06189
1.03826
1.01475
0.991335
0.968091
0.945348
0.922726
0.900054
0.877816
0.856032
0.834397
0.812744
0.791476
0.770855
0.750413
0.73044
0.710787
0.691062
0.671992
0.653494
0.635258
0.617371
0.600075
0.583321
0.566947
0.551096
0.535267
0.519988
0.505813
0.492263
0.478732
0.465226
0.452861
0.441247
0.42971
0.419107
0.408888
0.398849
0.389841
0.381333
0.37334
0.365712
0.358415
0.352123
0.346391
2.38983
2.36734
2.34479
2.32223
2.2996
2.2768
2.25403
2.23114
2.20815
2.18516
2.16209
2.13891
2.11567
2.09235
2.06898
2.0456
2.02219
1.99867
1.97503
1.9514
1.92766
1.90385
1.88003
1.85615
1.83229
1.80829
1.78423
1.76025
1.73616
1.71201
1.68785
1.66369
1.63959
1.61528
1.59089
1.56671
1.54245
1.51817
1.49389
1.46963
1.44539
1.42116
1.39697
1.37277
1.34864
1.3246
1.30061
1.27665
1.25275
1.22896
1.20528
1.1817
1.1582
1.13482
1.11162
1.08857
1.06565
1.04283
1.0202
0.997839
0.975701
0.953655
0.931913
0.910517
0.889249
0.86827
0.847322
0.8267
0.806833
0.78719
0.767863
0.74855
0.729483
0.711378
0.693248
0.675251
0.658144
0.641503
0.625202
0.609288
0.593582
0.578263
0.563661
0.549733
0.536335
0.523039
0.509983
0.497882
0.486367
0.474963
0.464332
0.454227
0.444523
0.435413
0.426681
0.418746
0.411064
0.403667
0.397156
0.391124
2.38302
2.36106
2.33913
2.3171
2.29498
2.27278
2.25052
2.22824
2.20574
2.18315
2.16061
2.13808
2.11541
2.09262
2.06979
2.04698
2.0241
2.00108
1.97794
1.95478
1.93161
1.9084
1.88515
1.86194
1.83862
1.81511
1.79171
1.76833
1.74471
1.72111
1.69757
1.67403
1.65049
1.62674
1.60304
1.57942
1.55577
1.53213
1.50847
1.48484
1.46125
1.43768
1.41412
1.39058
1.36713
1.34375
1.3204
1.29712
1.27392
1.2508
1.22783
1.20492
1.18209
1.15944
1.13691
1.11454
1.09232
1.07019
1.04828
1.0266
1.00512
0.983808
0.962748
0.941894
0.921277
0.901044
0.880823
0.860866
0.841512
0.822442
0.803711
0.784921
0.766501
0.748994
0.731404
0.713881
0.697238
0.681186
0.665342
0.649621
0.634211
0.619584
0.605453
0.591549
0.578318
0.565447
0.552843
0.540944
0.529417
0.518002
0.507498
0.497747
0.488014
0.478668
0.470173
0.462125
0.454253
0.446865
0.440159
0.434007
2.37653
2.35519
2.33373
2.31215
2.29057
2.26898
2.24718
2.22529
2.20341
2.18151
2.15949
2.13744
2.11532
2.09306
2.07078
2.04844
2.02601
2.00351
1.98099
1.95842
1.93585
1.9132
1.89049
1.86783
1.84499
1.82203
1.79919
1.77628
1.75324
1.73025
1.70728
1.68431
1.66128
1.63815
1.61508
1.59204
1.569
1.54595
1.52289
1.49989
1.47693
1.45397
1.43103
1.40812
1.3853
1.36255
1.33985
1.31724
1.29468
1.27219
1.24987
1.2276
1.20542
1.18344
1.16156
1.13985
1.11827
1.09682
1.07554
1.05447
1.03365
1.01302
0.992554
0.972295
0.952329
0.932644
0.913123
0.893865
0.874919
0.85637
0.838125
0.820016
0.802231
0.784888
0.768001
0.751238
0.734687
0.719076
0.703759
0.688306
0.673387
0.659124
0.645241
0.631533
0.618429
0.60601
0.593973
0.582079
0.570167
0.559117
0.549203
0.539283
0.529266
0.520132
0.511761
0.503486
0.495509
0.488249
0.481509
0.475056
2.37019
2.34943
2.32851
2.30749
2.28643
2.26525
2.24395
2.22266
2.20146
2.18014
2.15856
2.13688
2.11527
2.0936
2.07181
2.05001
2.02816
2.00625
1.98429
1.96228
1.94019
1.91797
1.89582
1.87365
1.85127
1.82895
1.80666
1.78426
1.76182
1.7394
1.71699
1.69455
1.67205
1.64954
1.62706
1.6046
1.58214
1.55964
1.53719
1.51478
1.49238
1.47003
1.44771
1.42541
1.40318
1.38103
1.35893
1.33694
1.315
1.29314
1.2714
1.24974
1.22822
1.20685
1.1856
1.16449
1.1435
1.12265
1.102
1.08158
1.06133
1.04129
1.02144
1.00173
0.982305
0.963181
0.944266
0.925587
0.90718
0.8891
0.871311
0.853806
0.836579
0.819502
0.803012
0.786957
0.770826
0.755414
0.740461
0.72537
0.71097
0.697138
0.683297
0.66978
0.656877
0.644776
0.633253
0.621251
0.609271
0.598757
0.588955
0.57874
0.568856
0.559891
0.551315
0.543108
0.535209
0.527864
0.520937
0.514177
2.36407
2.34384
2.32348
2.303
2.28242
2.26175
2.24115
2.22045
2.19955
2.1786
2.15767
2.13665
2.11553
2.09436
2.07314
2.05186
2.03051
2.0091
1.98762
1.96611
1.9445
1.92283
1.90122
1.87951
1.85773
1.83599
1.81418
1.79232
1.77045
1.74857
1.72668
1.70477
1.68282
1.66089
1.63895
1.61705
1.59514
1.5732
1.55133
1.52948
1.50763
1.48585
1.46411
1.44239
1.42075
1.39916
1.37766
1.35624
1.33489
1.31362
1.29246
1.2714
1.25046
1.22966
1.20899
1.18845
1.16804
1.14778
1.12773
1.10789
1.08816
1.06865
1.04934
1.03019
1.01132
0.992743
0.974345
0.956204
0.938283
0.920635
0.903311
0.886258
0.869484
0.852961
0.836835
0.821087
0.805521
0.79039
0.775577
0.760988
0.747043
0.733423
0.719739
0.706466
0.69392
0.681979
0.670441
0.65869
0.647196
0.636719
0.626523
0.616394
0.607037
0.598089
0.589155
0.580961
0.57324
0.565702
0.558516
0.551731
2.35822
2.33842
2.31861
2.29873
2.27869
2.25866
2.23856
2.21828
2.19786
2.17747
2.15711
2.13664
2.11597
2.09527
2.07457
2.05379
2.03293
2.01199
1.99101
1.97003
1.94897
1.92785
1.90674
1.88554
1.8643
1.84306
1.82176
1.80043
1.77908
1.75772
1.73635
1.71495
1.69356
1.67215
1.65075
1.62939
1.608
1.58662
1.56529
1.54395
1.52265
1.50144
1.48025
1.45909
1.43799
1.41695
1.39602
1.37517
1.35435
1.33363
1.31304
1.29254
1.27213
1.2519
1.2318
1.21179
1.19191
1.17219
1.15269
1.13339
1.11419
1.09516
1.07638
1.05779
1.0394
1.02128
1.00338
0.9857
0.968253
0.951075
0.934168
0.91755
0.901204
0.885107
0.869367
0.853925
0.838732
0.823917
0.80946
0.795321
0.781493
0.767988
0.754741
0.741822
0.729479
0.717606
0.705982
0.69459
0.683533
0.672879
0.662552
0.652688
0.643503
0.634579
0.625563
0.617192
0.609646
0.601977
0.594488
0.587728
2.35263
2.33336
2.31409
2.29474
2.27528
2.25574
2.23605
2.21631
2.19653
2.17665
2.15668
2.13663
2.1165
2.09632
2.07612
2.05587
2.03553
2.0151
1.99462
1.97412
1.95357
1.93296
1.91232
1.89163
1.8709
1.85014
1.82936
1.80855
1.78772
1.76685
1.74598
1.72511
1.70424
1.68333
1.66245
1.64161
1.62073
1.59987
1.57907
1.55827
1.53751
1.51679
1.49614
1.47551
1.45493
1.43443
1.41402
1.39368
1.37341
1.35323
1.33314
1.31315
1.2933
1.27358
1.25396
1.23448
1.21513
1.19595
1.17698
1.15812
1.13939
1.12088
1.10259
1.08447
1.06653
1.04887
1.03144
1.01418
0.997176
0.980446
0.963939
0.947699
0.931717
0.91603
0.900647
0.88551
0.870677
0.856191
0.842053
0.82817
0.814511
0.801239
0.788349
0.775762
0.763546
0.75171
0.740201
0.728989
0.718092
0.707547
0.697381
0.68764
0.678275
0.669295
0.660554
0.652153
0.64434
0.636579
0.629117
0.622372
2.3474
2.32872
2.3099
2.291
2.27206
2.25299
2.23383
2.21462
2.19534
2.17594
2.15645
2.13689
2.11728
2.09762
2.0779
2.05813
2.03828
2.01836
1.99838
1.97834
1.95826
1.93814
1.91799
1.8978
1.87755
1.85729
1.83701
1.81668
1.79633
1.77597
1.7556
1.73523
1.71484
1.69443
1.67408
1.65372
1.63333
1.613
1.59269
1.5724
1.55214
1.53191
1.51174
1.49164
1.47158
1.45158
1.43166
1.41181
1.39204
1.37237
1.35278
1.3333
1.31395
1.2947
1.27557
1.25657
1.23772
1.21906
1.20053
1.18209
1.16385
1.1458
1.12796
1.1103
1.0928
1.07555
1.05857
1.04171
1.02506
1.00873
0.992653
0.976776
0.961128
0.945789
0.93074
0.915955
0.901439
0.887203
0.873309
0.859669
0.846291
0.833282
0.820607
0.808262
0.796195
0.78445
0.773065
0.761958
0.751219
0.740832
0.730765
0.721072
0.711704
0.702664
0.693973
0.685617
0.677583
0.669873
0.662538
0.655589
2.34244
2.32426
2.30595
2.28757
2.26911
2.25053
2.23189
2.21317
2.19435
2.17546
2.15648
2.13742
2.1183
2.09911
2.07986
2.06054
2.04116
2.02172
2.00223
1.98268
1.96309
1.94345
1.92378
1.90405
1.88429
1.8645
1.84468
1.82484
1.80498
1.78509
1.76518
1.74531
1.7254
1.70547
1.68559
1.6657
1.6458
1.62595
1.60612
1.58631
1.56654
1.5468
1.52712
1.50749
1.48789
1.46839
1.44897
1.42958
1.41026
1.39106
1.37198
1.353
1.33409
1.31528
1.29661
1.27811
1.25972
1.24146
1.22335
1.20538
1.1876
1.16998
1.15254
1.13532
1.11825
1.10136
1.08473
1.06826
1.05203
1.0361
1.02035
1.00477
0.989476
0.974472
0.959734
0.945263
0.930997
0.916998
0.903382
0.890007
0.876871
0.864064
0.851566
0.839394
0.827501
0.815917
0.80464
0.793645
0.783039
0.772781
0.762773
0.75308
0.743751
0.734723
0.726008
0.717653
0.709602
0.701866
0.694498
0.687448
2.33779
2.3201
2.30231
2.28443
2.26644
2.24836
2.2302
2.21195
2.1936
2.17519
2.1567
2.13813
2.11949
2.10078
2.08199
2.06313
2.04422
2.02525
2.00623
1.98716
1.96803
1.94886
1.92964
1.91037
1.89108
1.87175
1.8524
1.83303
1.81363
1.79419
1.77476
1.75534
1.73588
1.71643
1.69701
1.67757
1.65814
1.63876
1.6194
1.60004
1.58073
1.56146
1.54224
1.52304
1.50388
1.48488
1.46592
1.44697
1.42811
1.40938
1.39074
1.37219
1.35371
1.33532
1.31711
1.29908
1.28111
1.26323
1.24555
1.22803
1.21065
1.1934
1.17635
1.15954
1.14286
1.12633
1.11006
1.09398
1.07808
1.06248
1.04705
1.03179
1.01682
1.00213
0.987665
0.973428
0.959437
0.945755
0.932338
0.919138
0.906256
0.893654
0.88131
0.869287
0.857591
0.846154
0.834968
0.824125
0.813617
0.803386
0.793417
0.783781
0.774509
0.765511
0.7568
0.748416
0.740337
0.732588
0.725157
0.718008
2.33348
2.31628
2.29898
2.28158
2.26407
2.24647
2.22878
2.21101
2.19315
2.1752
2.15716
2.13906
2.12089
2.10264
2.08431
2.06591
2.04746
2.02896
2.01038
1.99175
1.97307
1.95435
1.93558
1.91677
1.89793
1.87905
1.86015
1.84123
1.82227
1.80328
1.78431
1.76534
1.74632
1.72732
1.70835
1.68936
1.67037
1.65143
1.63249
1.61358
1.59471
1.57588
1.55712
1.53835
1.51965
1.50107
1.48252
1.464
1.44559
1.42728
1.40903
1.3909
1.37288
1.35494
1.33713
1.31948
1.3019
1.28441
1.26714
1.24999
1.23298
1.21613
1.19946
1.18302
1.16668
1.1505
1.1346
1.11885
1.10324
1.0879
1.07283
1.05789
1.04316
1.02877
1.01461
1.00061
0.986872
0.973429
0.960159
0.947155
0.934508
0.922114
0.909945
0.898049
0.886488
0.875184
0.864104
0.853365
0.842939
0.832772
0.822887
0.813307
0.804038
0.795065
0.78637
0.777955
0.769851
0.762087
0.754586
0.747348
2.32952
2.3128
2.29598
2.27904
2.26201
2.24488
2.22766
2.21036
2.19296
2.17547
2.1579
2.14025
2.12251
2.1047
2.08682
2.06888
2.05088
2.03281
2.01468
1.9965
1.97827
1.95998
1.94166
1.92329
1.90489
1.88643
1.86797
1.84949
1.83096
1.81241
1.79388
1.77532
1.75673
1.73816
1.7196
1.70102
1.68247
1.66396
1.64547
1.62698
1.60852
1.59012
1.57175
1.55339
1.53516
1.51696
1.49877
1.48069
1.4627
1.44479
1.42695
1.40922
1.39161
1.37406
1.3566
1.33928
1.32209
1.30504
1.28812
1.27133
1.25471
1.2382
1.22186
1.20575
1.18976
1.17391
1.15828
1.14284
1.12758
1.11254
1.09772
1.08308
1.06864
1.05447
1.04055
1.0268
1.01329
1.00001
0.986956
0.974192
0.961699
0.94948
0.93747
0.925698
0.91428
0.903083
0.892086
0.881456
0.871143
0.861044
0.851201
0.841652
0.832383
0.82343
0.814764
0.806333
0.798186
0.790392
0.782858
0.775556
2.32594
2.30969
2.29332
2.27685
2.26028
2.24362
2.22684
2.20996
2.19301
2.17598
2.15886
2.14165
2.12435
2.10699
2.08955
2.07206
2.0545
2.03685
2.01915
2.00141
1.9836
1.96574
1.94784
1.92989
1.91191
1.89389
1.87584
1.85776
1.83965
1.82153
1.8034
1.78525
1.76707
1.74892
1.73078
1.71262
1.69448
1.67638
1.65826
1.64016
1.62214
1.60413
1.58611
1.56822
1.55038
1.53253
1.51474
1.49706
1.47948
1.46195
1.44443
1.42708
1.40986
1.39269
1.3756
1.35859
1.34178
1.32515
1.30853
1.29205
1.27579
1.25962
1.24361
1.22778
1.21208
1.19656
1.18124
1.16613
1.15111
1.13632
1.12179
1.10743
1.09322
1.07923
1.06554
1.05203
1.03872
1.02564
1.0128
1.00023
0.98788
0.97581
0.96395
0.952321
0.940999
0.929873
0.919009
0.908487
0.898206
0.888176
0.878415
0.868885
0.859611
0.850689
0.842049
0.833589
0.825411
0.81759
0.810029
0.80268
2.32272
2.30692
2.29101
2.275
2.25888
2.24266
2.22633
2.20991
2.1934
2.17679
2.16009
2.14331
2.12646
2.10953
2.09251
2.07543
2.05829
2.04107
2.02379
2.00644
1.98905
1.97161
1.95411
1.93658
1.919
1.90138
1.88374
1.86606
1.84837
1.83065
1.81291
1.79516
1.77739
1.75964
1.74187
1.7241
1.70636
1.68864
1.6709
1.65319
1.63555
1.61793
1.60032
1.58279
1.5653
1.54783
1.53042
1.5131
1.49589
1.47872
1.46155
1.44455
1.42768
1.41088
1.39414
1.37749
1.361
1.34463
1.32835
1.31222
1.29626
1.2804
1.26467
1.24913
1.23379
1.21857
1.2035
1.1886
1.17385
1.15931
1.14499
1.13088
1.11695
1.10324
1.08969
1.07632
1.06324
1.05038
1.03771
1.0253
1.01308
1.00112
0.989441
0.977922
0.966654
0.955677
0.944954
0.934464
0.924215
0.914245
0.904535
0.895055
0.885828
0.876897
0.868216
0.859768
0.851597
0.843728
0.836119
0.828718
2.31989
2.30454
2.28908
2.27351
2.25782
2.24203
2.22615
2.21016
2.19407
2.17788
2.16161
2.14527
2.12884
2.11232
2.09571
2.07902
2.06227
2.04546
2.0286
2.01166
1.99467
1.97762
1.96051
1.94338
1.9262
1.90899
1.89173
1.87444
1.85714
1.83979
1.82243
1.80507
1.78769
1.7703
1.75289
1.73551
1.71816
1.70081
1.68344
1.6661
1.64883
1.63155
1.61432
1.59713
1.57997
1.56285
1.54581
1.52886
1.51198
1.49513
1.47835
1.46168
1.44509
1.42861
1.41221
1.39589
1.37968
1.3636
1.34765
1.33183
1.31618
1.30063
1.28515
1.26989
1.2548
1.23984
1.22501
1.21032
1.19585
1.1816
1.1675
1.15356
1.13988
1.12636
1.11296
1.0998
1.0869
1.0742
1.06172
1.04943
1.03736
1.02555
1.01393
1.00252
0.99138
0.980521
0.969906
0.959466
0.949225
0.939293
0.929637
0.920204
0.911039
0.902083
0.893342
0.884923
0.87676
0.868835
0.861165
0.853723
2.31747
2.30256
2.28753
2.27238
2.25711
2.24174
2.22628
2.21071
2.19503
2.17926
2.16341
2.14747
2.13144
2.11532
2.09912
2.08285
2.06649
2.05007
2.03359
2.01705
2.00044
1.98377
1.96706
1.9503
1.9335
1.91665
1.89976
1.88285
1.86592
1.84896
1.83198
1.81497
1.79797
1.78094
1.76389
1.74688
1.72987
1.71285
1.69584
1.67887
1.66192
1.64499
1.6281
1.61124
1.59443
1.57767
1.56097
1.54435
1.52774
1.51119
1.49477
1.47841
1.46208
1.44591
1.42984
1.41383
1.39795
1.38216
1.36647
1.35092
1.33551
1.32021
1.30504
1.29002
1.27515
1.26045
1.24585
1.2314
1.21721
1.20317
1.18927
1.17552
1.16198
1.14862
1.13545
1.12249
1.10971
1.09718
1.08484
1.0727
1.06079
1.04905
1.03749
1.02625
1.01524
1.00441
0.993821
0.983439
0.973295
0.963451
0.953791
0.944339
0.935227
0.926294
0.917539
0.9091
0.900911
0.892956
0.885237
0.877745
2.31546
2.30097
2.28635
2.27163
2.25679
2.24184
2.22677
2.2116
2.19634
2.18098
2.16552
2.14996
2.1343
2.11857
2.10277
2.08688
2.07091
2.05488
2.03877
2.02259
2.00637
1.99008
1.97375
1.95735
1.94091
1.92443
1.9079
1.89136
1.87478
1.85816
1.84152
1.82488
1.80823
1.79152
1.77482
1.75815
1.74148
1.72479
1.70812
1.6915
1.67487
1.65827
1.64172
1.62515
1.60867
1.59223
1.57581
1.5595
1.54319
1.52696
1.51086
1.49479
1.47876
1.46288
1.44706
1.43133
1.41576
1.4002
1.38477
1.36949
1.35429
1.33925
1.32437
1.30957
1.29491
1.28046
1.26611
1.25188
1.23785
1.224
1.2103
1.19672
1.18332
1.17016
1.15718
1.14435
1.13177
1.1194
1.10716
1.09512
1.08329
1.07165
1.06025
1.0491
1.03814
1.02737
1.01682
1.00654
0.996475
0.986634
0.977028
0.967617
0.958446
0.94949
0.940778
0.932352
0.92412
0.916124
0.908373
0.900839
2.31388
2.2998
2.28559
2.27128
2.25684
2.24228
2.22761
2.21285
2.19798
2.183
2.16791
2.15274
2.13747
2.12212
2.10667
2.09115
2.07557
2.05991
2.04417
2.02837
2.01251
1.99658
1.9806
1.96456
1.94848
1.93235
1.91617
1.89994
1.88369
1.86742
1.85111
1.8348
1.81847
1.80211
1.78576
1.76941
1.75305
1.73667
1.72033
1.70403
1.68769
1.67139
1.65515
1.63888
1.6227
1.60656
1.59045
1.57441
1.55839
1.54247
1.52664
1.51084
1.49509
1.47945
1.46388
1.44842
1.43308
1.41775
1.4026
1.38758
1.3726
1.35783
1.34318
1.32856
1.31412
1.29984
1.28568
1.27169
1.25783
1.24414
1.23059
1.21721
1.20406
1.19105
1.17817
1.16551
1.15307
1.14075
1.12862
1.11672
1.105
1.09348
1.08215
1.07107
1.0602
1.04946
1.03899
1.02878
1.01876
1.00895
0.999341
0.989925
0.98076
0.971811
0.963121
0.954681
0.946393
0.938365
0.930611
0.923043
2.31275
2.29907
2.28526
2.27133
2.25729
2.24313
2.22884
2.21445
2.19994
2.18533
2.17063
2.15584
2.14095
2.12598
2.1109
2.09574
2.08051
2.0652
2.04982
2.03436
2.01882
2.00324
1.98758
1.97188
1.95615
1.94036
1.92451
1.90862
1.89271
1.87676
1.86078
1.84479
1.82877
1.81271
1.79666
1.78062
1.76457
1.74847
1.73244
1.71644
1.70039
1.68438
1.66844
1.65248
1.63656
1.62068
1.60486
1.5891
1.57334
1.55767
1.54207
1.52653
1.51104
1.49562
1.48032
1.46515
1.45001
1.43492
1.42003
1.40522
1.39042
1.37585
1.36142
1.347
1.33274
1.31867
1.3047
1.29084
1.27715
1.2637
1.25033
1.23709
1.22409
1.2112
1.19844
1.1859
1.17358
1.16137
1.14933
1.13753
1.12595
1.11451
1.10324
1.09223
1.08143
1.07079
1.06036
1.05013
1.04014
1.03036
1.02074
1.0114
1.00225
0.993298
0.984593
0.976094
0.967788
0.959748
0.951949
0.944327
2.31206
2.29876
2.28534
2.2718
2.25814
2.24435
2.23044
2.21642
2.20229
2.18805
2.17372
2.15928
2.14474
2.13011
2.11539
2.10058
2.08569
2.0707
2.05565
2.04053
2.02533
2.01008
1.99475
1.97938
1.96397
1.9485
1.93297
1.91739
1.9018
1.88614
1.87047
1.85478
1.83904
1.82329
1.80755
1.7918
1.77599
1.7602
1.74449
1.72876
1.71299
1.69726
1.68155
1.66587
1.65024
1.63459
1.61902
1.6035
1.588
1.5726
1.55723
1.54193
1.5267
1.51153
1.49646
1.48148
1.46654
1.45171
1.43699
1.42234
1.40777
1.39337
1.37916
1.36498
1.35085
1.33693
1.32316
1.3095
1.29597
1.28263
1.26941
1.25633
1.24342
1.23063
1.21799
1.20556
1.19339
1.18134
1.16936
1.15763
1.14613
1.13475
1.12357
1.11261
1.10187
1.09131
1.08086
1.07063
1.06072
1.05098
1.04138
1.03202
1.02286
1.01392
1.00522
0.996667
0.988341
0.980265
0.972412
0.96475
2.31184
2.29893
2.28588
2.27269
2.25939
2.24597
2.23243
2.21877
2.20499
2.19111
2.17712
2.16302
2.14881
2.13452
2.12014
2.10566
2.09111
2.07646
2.06174
2.04694
2.03208
2.01715
2.00214
1.98708
1.97195
1.95676
1.94153
1.92626
1.91094
1.89558
1.88022
1.86481
1.84935
1.8339
1.81845
1.80297
1.78745
1.77194
1.75646
1.74099
1.72549
1.70999
1.69453
1.67912
1.66372
1.64832
1.63302
1.61772
1.60247
1.5873
1.57214
1.55707
1.54206
1.52708
1.51224
1.49742
1.48265
1.46806
1.45355
1.43907
1.42468
1.41049
1.39646
1.38242
1.36848
1.3547
1.34108
1.3276
1.31418
1.30093
1.28786
1.27491
1.26208
1.24942
1.23695
1.22463
1.21252
1.20058
1.1887
1.17703
1.16556
1.15422
1.14314
1.13225
1.12151
1.11098
1.10061
1.09044
1.08053
1.07078
1.06118
1.05182
1.04267
1.03373
1.02496
1.01639
1.00806
0.999976
0.992087
0.984366
2.31211
2.29957
2.28688
2.27405
2.26109
2.24802
2.23483
2.22152
2.20809
2.19454
2.18087
2.16711
2.15326
2.1393
2.12524
2.11109
2.09685
2.08251
2.0681
2.05361
2.03905
2.02441
2.00968
1.99491
1.98009
1.96521
1.95028
1.93529
1.92026
1.90518
1.89009
1.87494
1.85976
1.84458
1.82938
1.81413
1.79887
1.78362
1.76839
1.75315
1.7379
1.72265
1.70742
1.69226
1.67708
1.66193
1.64683
1.63176
1.61672
1.60173
1.58678
1.5719
1.55708
1.54233
1.52767
1.51302
1.49849
1.48408
1.4697
1.45542
1.44124
1.42719
1.41324
1.39938
1.3856
1.37194
1.35844
1.3451
1.33183
1.31869
1.30575
1.29293
1.2802
1.26766
1.25527
1.24304
1.23098
1.2191
1.20733
1.1957
1.18428
1.17305
1.16202
1.15111
1.14042
1.12995
1.11962
1.10949
1.09954
1.08975
1.08022
1.07087
1.06167
1.0527
1.0439
1.03533
1.02702
1.01889
1.01092
1.00315
2.31285
2.30065
2.28832
2.27586
2.26325
2.25051
2.23766
2.22467
2.21156
2.19835
2.18502
2.17159
2.15805
2.14439
2.13063
2.11679
2.10284
2.08881
2.0747
2.0605
2.04623
2.03187
2.01744
2.00297
1.98843
1.97383
1.95917
1.94444
1.92967
1.91486
1.90001
1.88511
1.87019
1.85526
1.84028
1.82528
1.81029
1.79527
1.78026
1.76526
1.75026
1.73523
1.72022
1.70525
1.69029
1.67536
1.66044
1.64556
1.63072
1.61594
1.60118
1.58649
1.57186
1.5573
1.54279
1.52833
1.51402
1.49974
1.48551
1.47136
1.45731
1.44341
1.42958
1.41584
1.40223
1.38874
1.37537
1.36212
1.34901
1.33596
1.32305
1.31034
1.29776
1.28526
1.27294
1.26083
1.24883
1.23697
1.22525
1.21371
1.2024
1.19121
1.18018
1.16932
1.15864
1.14815
1.13786
1.12776
1.11782
1.10805
1.09847
1.0891
1.07991
1.07093
1.06212
1.05354
1.0452
1.03698
1.02893
1.02113
2.3141
2.30225
2.29025
2.27812
2.26585
2.25345
2.24091
2.22824
2.21545
2.20255
2.18954
2.1764
2.16314
2.14979
2.13635
2.1228
2.10916
2.09543
2.0816
2.06769
2.05369
2.03962
2.02546
2.01123
1.99693
1.98259
1.96818
1.95369
1.93918
1.92463
1.91001
1.89537
1.88072
1.86601
1.85125
1.83649
1.82173
1.80693
1.79214
1.77735
1.76253
1.74772
1.73293
1.71812
1.70335
1.68864
1.67393
1.65921
1.64455
1.62997
1.6154
1.6009
1.58644
1.57199
1.5576
1.54336
1.52918
1.51496
1.50091
1.48694
1.47303
1.45925
1.44554
1.4319
1.41845
1.40513
1.39181
1.37862
1.3656
1.3527
1.3399
1.32718
1.31466
1.30229
1.29004
1.27798
1.26607
1.25429
1.24261
1.23109
1.2198
1.20867
1.19768
1.18684
1.17616
1.16567
1.1554
1.14528
1.13535
1.1256
1.11599
1.10662
1.09744
1.08839
1.07959
1.071
1.06255
1.05428
1.04621
1.03837
2.31588
2.30436
2.29268
2.28086
2.26892
2.25683
2.2446
2.23226
2.21979
2.20718
2.19446
2.18162
2.16867
2.15561
2.14244
2.12918
2.11581
2.10235
2.08879
2.07513
2.06141
2.04758
2.03367
2.01971
2.00568
1.99159
1.97741
1.96318
1.94892
1.93459
1.9202
1.90578
1.89134
1.87684
1.8623
1.84774
1.83319
1.81861
1.804
1.78939
1.77478
1.76016
1.74556
1.73096
1.71636
1.70182
1.6873
1.67275
1.65824
1.6438
1.62938
1.61502
1.60071
1.5864
1.57217
1.55808
1.54398
1.52992
1.51601
1.50216
1.48839
1.47474
1.46114
1.44765
1.43428
1.42097
1.40772
1.39463
1.3817
1.36891
1.35617
1.34351
1.33109
1.31879
1.30661
1.29461
1.28272
1.27097
1.25932
1.24784
1.23658
1.22546
1.21446
1.20366
1.19301
1.18251
1.17227
1.16219
1.1522
1.1424
1.13282
1.12346
1.11421
1.1051
1.0963
1.08767
1.07916
1.07086
1.06276
1.05487
2.31818
2.30697
2.29561
2.28411
2.27246
2.26067
2.24875
2.23671
2.22453
2.21223
2.19978
2.18723
2.17456
2.16178
2.14889
2.13588
2.12276
2.10956
2.09626
2.08287
2.06939
2.05583
2.04219
2.02846
2.01466
2.0008
1.98686
1.97284
1.95879
1.94466
1.93047
1.91626
1.90203
1.88774
1.8734
1.85904
1.84467
1.83029
1.81587
1.80145
1.78704
1.77258
1.75816
1.74373
1.72928
1.71486
1.70046
1.68607
1.67176
1.65748
1.64315
1.62891
1.61475
1.60061
1.58655
1.57256
1.55853
1.54461
1.53084
1.51707
1.50338
1.48981
1.47629
1.46291
1.44966
1.43639
1.4232
1.41017
1.39736
1.38466
1.37194
1.35938
1.34705
1.33479
1.3226
1.31058
1.29876
1.28708
1.27545
1.26397
1.25272
1.24162
1.23063
1.21984
1.20923
1.19875
1.18848
1.17839
1.16837
1.15851
1.14895
1.13956
1.13025
1.12114
1.11227
1.10358
1.09509
1.08673
1.07856
1.07063
2.32103
2.31013
2.29907
2.28786
2.27651
2.26503
2.25341
2.24164
2.22973
2.21771
2.20555
2.19328
2.18088
2.16837
2.15575
2.14299
2.13012
2.11716
2.1041
2.09094
2.0777
2.06435
2.05091
2.0374
2.02383
2.01018
1.99644
1.98264
1.9688
1.95489
1.94091
1.92689
1.91285
1.89877
1.88461
1.87042
1.85623
1.84203
1.82776
1.81352
1.79926
1.78492
1.77065
1.75639
1.74208
1.72779
1.71355
1.69932
1.68511
1.67094
1.65679
1.64271
1.62864
1.61461
1.60064
1.58672
1.5728
1.559
1.54533
1.53161
1.51799
1.50454
1.4911
1.47777
1.46457
1.4514
1.43832
1.42539
1.41263
1.39988
1.38722
1.37476
1.36246
1.35022
1.33803
1.32602
1.31423
1.30255
1.291
1.27959
1.2683
1.25719
1.24621
1.23543
1.22481
1.21435
1.20404
1.19384
1.18382
1.174
1.16439
1.15493
1.14561
1.13652
1.12757
1.1188
1.11028
1.10188
1.09364
1.08564
2.32441
2.31381
2.30307
2.29216
2.2811
2.2699
2.25855
2.24705
2.23543
2.22367
2.21178
2.19975
2.18761
2.17533
2.16294
2.15044
2.13782
2.12508
2.11224
2.0993
2.08627
2.07314
2.05993
2.04665
2.03328
2.01983
2.0063
1.9927
1.97905
1.96533
1.95154
1.93771
1.92384
1.90989
1.8959
1.88188
1.86783
1.85377
1.83967
1.82559
1.81144
1.79723
1.78312
1.76904
1.75487
1.74068
1.72655
1.71248
1.6984
1.68433
1.67028
1.65625
1.64226
1.62837
1.6145
1.60061
1.58676
1.5731
1.55955
1.54589
1.53231
1.51891
1.50561
1.49238
1.47916
1.46603
1.45304
1.44015
1.42736
1.41467
1.40208
1.38963
1.37733
1.36511
1.35297
1.34101
1.32923
1.31752
1.30597
1.29459
1.2833
1.27215
1.26118
1.25046
1.23979
1.2292
1.21888
1.20871
1.19868
1.18882
1.17914
1.16965
1.16033
1.15119
1.14217
1.13333
1.12479
1.11634
1.10801
1.09991
2.32841
2.31809
2.30763
2.29701
2.28622
2.27527
2.26418
2.25296
2.24159
2.23006
2.21842
2.20663
2.1947
2.18266
2.17051
2.15824
2.14586
2.13335
2.12074
2.10803
2.09521
2.08231
2.0693
2.0562
2.04303
2.02975
2.01639
2.00298
1.98949
1.97594
1.96232
1.94864
1.93491
1.92112
1.90731
1.89344
1.87955
1.86561
1.85165
1.83772
1.8237
1.80964
1.79566
1.78168
1.7676
1.75351
1.7395
1.72552
1.71152
1.69753
1.68356
1.66962
1.65574
1.64191
1.62813
1.61434
1.60057
1.58697
1.57347
1.55991
1.54638
1.53303
1.51977
1.50653
1.49336
1.48029
1.46732
1.45446
1.44167
1.42902
1.41648
1.40406
1.39176
1.37952
1.36745
1.35549
1.34363
1.332
1.32049
1.30899
1.29767
1.28655
1.27559
1.2648
1.25405
1.2435
1.23318
1.22293
1.21288
1.20304
1.19329
1.18372
1.17436
1.16518
1.15608
1.1472
1.1386
1.13005
1.12167
1.11357
2.33299
2.32296
2.31275
2.30239
2.29187
2.28119
2.27036
2.25937
2.24824
2.23698
2.22557
2.21402
2.20233
2.19053
2.1786
2.16653
2.15436
2.14207
2.12966
2.11715
2.10451
2.09177
2.07893
2.066
2.05299
2.03989
2.02672
2.01348
2.00015
1.98674
1.97328
1.95977
1.9462
1.93255
1.91888
1.90515
1.89138
1.87756
1.86374
1.84989
1.83596
1.82203
1.80815
1.79422
1.78022
1.76629
1.75237
1.73841
1.72452
1.71065
1.69673
1.68288
1.66911
1.65534
1.64159
1.6279
1.61421
1.60057
1.58708
1.57362
1.56014
1.54678
1.53354
1.52033
1.5072
1.49417
1.48127
1.4684
1.45557
1.44298
1.43049
1.41806
1.40569
1.39348
1.38144
1.36941
1.35756
1.34593
1.33435
1.32285
1.31157
1.30042
1.28941
1.27851
1.26775
1.25723
1.24685
1.2366
1.22649
1.21654
1.20678
1.19712
1.1877
1.17851
1.16936
1.1604
1.15168
1.1431
1.13473
1.12654
2.33814
2.32838
2.31844
2.30832
2.29805
2.28763
2.27705
2.2663
2.25541
2.24436
2.23317
2.22186
2.2104
2.19879
2.18705
2.1752
2.16321
2.1511
2.13888
2.12655
2.1141
2.10154
2.08889
2.07614
2.06331
2.05037
2.03734
2.02425
2.01107
1.99781
1.98451
1.97113
1.95766
1.94413
1.93056
1.91693
1.90326
1.88955
1.87582
1.86206
1.84825
1.83442
1.8206
1.80676
1.79288
1.77903
1.76518
1.75133
1.73752
1.72367
1.70985
1.69606
1.68228
1.66855
1.65485
1.6412
1.62754
1.61394
1.60046
1.58698
1.57357
1.56027
1.54705
1.53387
1.52074
1.50771
1.4948
1.48196
1.4692
1.45655
1.44402
1.43158
1.41916
1.40695
1.39488
1.38286
1.37104
1.35933
1.34768
1.33623
1.32493
1.31369
1.30265
1.29174
1.28093
1.27033
1.25992
1.24963
1.23943
1.22941
1.21961
1.20992
1.20044
1.19118
1.18199
1.17294
1.1641
1.1555
1.1471
1.13878
2.34395
2.33443
2.32473
2.31486
2.30483
2.29463
2.28427
2.27376
2.26309
2.25225
2.24128
2.23015
2.21888
2.20749
2.19595
2.18428
2.17248
2.16056
2.14853
2.13638
2.12411
2.11173
2.09924
2.08665
2.07395
2.06114
2.04826
2.03529
2.02223
2.00911
1.99589
1.98261
1.96925
1.95584
1.94237
1.92886
1.9153
1.90167
1.88802
1.87437
1.86066
1.84691
1.83316
1.81939
1.8056
1.7918
1.77797
1.76418
1.75039
1.73656
1.72281
1.70904
1.69529
1.6816
1.6679
1.65425
1.64063
1.62711
1.61365
1.60019
1.5868
1.57351
1.5603
1.5471
1.53396
1.52094
1.50799
1.49511
1.48235
1.46969
1.45711
1.44461
1.43223
1.42002
1.4079
1.3959
1.38402
1.37223
1.36057
1.34908
1.33768
1.32639
1.31538
1.30442
1.29347
1.28283
1.2724
1.26202
1.25175
1.24171
1.23184
1.2221
1.21257
1.20321
1.19395
1.18483
1.17592
1.16722
1.15872
1.15036
2.35038
2.34109
2.33163
2.322
2.3122
2.30225
2.29212
2.28183
2.27137
2.26074
2.24997
2.23906
2.22798
2.21677
2.20543
2.19394
2.18231
2.17055
2.15867
2.14664
2.1345
2.12226
2.10991
2.09744
2.08487
2.0722
2.05944
2.04659
2.03365
2.02062
2.0075
1.99432
1.9811
1.9678
1.95442
1.941
1.92752
1.91397
1.90041
1.88682
1.87316
1.85944
1.84573
1.83205
1.8183
1.80448
1.79067
1.77693
1.76318
1.7494
1.73564
1.72189
1.70818
1.69455
1.68092
1.66722
1.65359
1.64013
1.62667
1.61319
1.59976
1.58645
1.57322
1.55997
1.54682
1.53382
1.52083
1.50791
1.49512
1.48241
1.46976
1.45728
1.44497
1.43272
1.42051
1.40842
1.39648
1.38466
1.37295
1.36136
1.34991
1.3386
1.32749
1.31646
1.30553
1.29484
1.28426
1.27381
1.26353
1.25341
1.24349
1.23367
1.224
1.21459
1.20527
1.19607
1.1871
1.17825
1.16965
1.16128
2.35745
2.34839
2.33916
2.32978
2.32022
2.31048
2.30055
2.29044
2.28018
2.26977
2.25919
2.24845
2.23755
2.22651
2.21532
2.20398
2.19249
2.18088
2.16914
2.15727
2.14527
2.13317
2.12095
2.1086
2.09616
2.08363
2.07099
2.05824
2.04541
2.03248
2.01944
2.00636
1.99322
1.97997
1.96666
1.95332
1.93989
1.92638
1.91285
1.8993
1.88568
1.87201
1.85835
1.84466
1.83093
1.81719
1.80343
1.7897
1.77597
1.76221
1.7485
1.73476
1.72104
1.7074
1.69371
1.68005
1.66644
1.65289
1.63939
1.62589
1.61244
1.59912
1.58586
1.57258
1.55937
1.54633
1.53337
1.52038
1.50752
1.49485
1.48219
1.46959
1.45719
1.44486
1.4326
1.42052
1.40854
1.39654
1.38473
1.37322
1.3617
1.35021
1.33904
1.32804
1.31705
1.30621
1.29557
1.28508
1.27472
1.26451
1.25453
1.2446
1.2348
1.2253
1.21593
1.20671
1.19763
1.18864
1.17997
1.17153
2.36525
2.35642
2.34741
2.33822
2.32885
2.31928
2.30953
2.29963
2.28956
2.27932
2.2689
2.25833
2.24761
2.23671
2.22567
2.21449
2.20316
2.19169
2.1801
2.16839
2.15653
2.14455
2.13242
2.1202
2.10786
2.09541
2.08285
2.0702
2.05746
2.04459
2.03163
2.01862
2.00552
1.99231
1.97906
1.96574
1.95234
1.9389
1.92542
1.91187
1.89829
1.88471
1.87107
1.85738
1.84371
1.83001
1.81623
1.80247
1.78877
1.77503
1.76124
1.74747
1.73378
1.72008
1.7063
1.69262
1.67904
1.66547
1.65187
1.63837
1.62497
1.61154
1.59818
1.58493
1.57174
1.55858
1.54552
1.53254
1.51965
1.50694
1.49423
1.48148
1.46888
1.45651
1.44432
1.43215
1.42001
1.408
1.39616
1.38451
1.37296
1.36145
1.35011
1.33899
1.328
1.31708
1.3063
1.29573
1.28529
1.27502
1.26492
1.2549
1.24502
1.23539
1.22594
1.21667
1.2075
1.19847
1.1897
1.18109
2.37366
2.36508
2.3563
2.3473
2.3381
2.32874
2.31921
2.30949
2.29959
2.28952
2.27929
2.26888
2.25831
2.24758
2.23671
2.22566
2.21446
2.20312
2.19163
2.17999
2.16822
2.15633
2.14431
2.13216
2.1199
2.10752
2.09505
2.08247
2.06978
2.05696
2.04406
2.03109
2.01802
2.00489
1.99169
1.9784
1.96503
1.95165
1.93821
1.92467
1.91112
1.89756
1.88389
1.87022
1.85655
1.8428
1.82899
1.81521
1.80145
1.78768
1.77387
1.76007
1.74636
1.73263
1.71885
1.70511
1.69146
1.67789
1.66426
1.65073
1.63729
1.62379
1.61035
1.59703
1.58374
1.57047
1.55737
1.54437
1.53142
1.51858
1.50575
1.49296
1.48032
1.46786
1.45556
1.4433
1.43109
1.41908
1.40715
1.39528
1.38363
1.37214
1.36073
1.34945
1.33837
1.32736
1.31646
1.30576
1.29527
1.28496
1.27472
1.26457
1.25461
1.24492
1.23538
1.22594
1.21672
1.2077
1.19877
1.18998
2.38281
2.37443
2.36586
2.35707
2.34807
2.3389
2.32953
2.31996
2.31023
2.30033
2.29025
2.27999
2.26955
2.25895
2.24818
2.23725
2.22617
2.21494
2.20353
2.192
2.18035
2.16855
2.15661
2.14457
2.13238
2.12007
2.10767
2.09514
2.08249
2.06972
2.05687
2.04394
2.03092
2.01784
2.00465
1.99138
1.97805
1.96465
1.95116
1.93762
1.92405
1.91045
1.89676
1.88305
1.86933
1.85556
1.84176
1.82794
1.81413
1.80033
1.78651
1.77272
1.75895
1.74512
1.73132
1.71756
1.70386
1.69019
1.67648
1.66287
1.64934
1.63577
1.62225
1.6088
1.59543
1.58214
1.56895
1.55584
1.54281
1.5298
1.51687
1.5041
1.49145
1.47884
1.46638
1.45404
1.44175
1.42967
1.41764
1.4056
1.39379
1.38229
1.3708
1.35935
1.34814
1.33705
1.32606
1.31529
1.3047
1.29427
1.28392
1.27368
1.26362
1.2538
1.24414
1.23465
1.22534
1.21618
1.20713
1.19824
2.39277
2.38457
2.37616
2.36755
2.35874
2.34971
2.34048
2.33109
2.3215
2.31172
2.30176
2.29163
2.28132
2.27082
2.26016
2.24935
2.23839
2.22727
2.21599
2.20458
2.19302
2.18129
2.16941
2.15743
2.14529
2.13305
2.12068
2.10817
2.09556
2.08284
2.07003
2.0571
2.0441
2.03102
2.01781
2.00453
1.99119
1.97776
1.96427
1.95069
1.93707
1.92346
1.90977
1.89604
1.88226
1.86846
1.85465
1.84078
1.8269
1.81307
1.79921
1.78536
1.7715
1.75757
1.7437
1.72988
1.71606
1.70224
1.68847
1.67481
1.66113
1.64743
1.63386
1.62036
1.60691
1.59357
1.58023
1.56697
1.55386
1.54078
1.52778
1.51491
1.50211
1.48935
1.47676
1.46432
1.45196
1.43973
1.42758
1.41544
1.40355
1.39196
1.38031
1.36869
1.35741
1.34624
1.33512
1.32424
1.31356
1.30299
1.2925
1.28219
1.27208
1.26205
1.25225
1.24273
1.23328
1.22395
1.21484
1.20588
2.40336
2.39534
2.38711
2.37868
2.37004
2.36119
2.35216
2.34293
2.33349
2.32384
2.31401
2.30401
2.29382
2.28345
2.27291
2.26221
2.25134
2.2403
2.22909
2.21774
2.20622
2.19453
2.1827
2.17074
2.15862
2.14639
2.13403
2.12155
2.10896
2.09623
2.08341
2.07049
2.0575
2.04439
2.03118
2.0179
2.00453
1.9911
1.97762
1.96404
1.95039
1.93673
1.92301
1.90921
1.89536
1.88152
1.86764
1.85369
1.83972
1.82575
1.81184
1.79791
1.7839
1.76988
1.75592
1.74198
1.72807
1.71416
1.7003
1.68654
1.67274
1.65898
1.64534
1.63173
1.61817
1.60468
1.5912
1.57784
1.56462
1.55145
1.53832
1.52528
1.51229
1.49943
1.48675
1.47418
1.46166
1.4493
1.43707
1.42487
1.41285
1.40103
1.3893
1.37762
1.36615
1.35491
1.34367
1.33258
1.32177
1.3111
1.3005
1.29008
1.27987
1.26972
1.25976
1.2501
1.24056
1.23111
1.2219
1.21289
2.41477
2.40694
2.39889
2.39062
2.38215
2.37347
2.36458
2.35547
2.34616
2.33665
2.32694
2.31704
2.30696
2.29671
2.28625
2.27561
2.2648
2.2538
2.24263
2.23132
2.21985
2.20821
2.19641
2.18447
2.17241
2.16021
2.14786
2.13539
2.1228
2.11007
2.09726
2.08434
2.07132
2.05819
2.04496
2.03166
2.01826
2.00478
1.9912
1.97756
1.9639
1.95015
1.93632
1.92242
1.9085
1.89456
1.88057
1.86655
1.85245
1.83837
1.82441
1.8104
1.79625
1.78211
1.76809
1.75407
1.74004
1.72601
1.71204
1.69812
1.68425
1.67042
1.65658
1.64282
1.62914
1.6155
1.60191
1.58839
1.57499
1.5617
1.54846
1.53524
1.52208
1.5092
1.4964
1.4836
1.47095
1.45847
1.44611
1.43379
1.42164
1.40964
1.39779
1.386
1.37435
1.363
1.35164
1.34036
1.32939
1.3186
1.30793
1.29736
1.28698
1.27676
1.26669
1.25686
1.2472
1.23763
1.22832
1.21925
2.42715
2.41947
2.41155
2.40342
2.39507
2.3865
2.37772
2.36872
2.35951
2.3501
2.34049
2.33067
2.32067
2.31047
2.30007
2.28951
2.27875
2.26781
2.2567
2.24545
2.23402
2.22241
2.21066
2.19877
2.18675
2.17456
2.16222
2.14977
2.13716
2.12441
2.11159
2.09864
2.08555
2.07236
2.05908
2.04568
2.03219
2.01862
2.00495
1.99123
1.97747
1.96362
1.94969
1.93568
1.92169
1.90767
1.89357
1.87945
1.86527
1.85112
1.83704
1.8229
1.80865
1.79442
1.78025
1.76608
1.75198
1.73783
1.72364
1.70953
1.69553
1.68159
1.66759
1.65366
1.6398
1.62597
1.61228
1.59868
1.58509
1.57157
1.55825
1.54494
1.5316
1.51855
1.50562
1.49266
1.47986
1.46723
1.45466
1.44217
1.42988
1.41779
1.40575
1.39377
1.38204
1.3705
1.35894
1.34758
1.33649
1.32556
1.31476
1.30402
1.29349
1.28319
1.27297
1.26298
1.25322
1.2435
1.23406
1.22489
2.44013
2.43261
2.42486
2.41688
2.40867
2.40024
2.39159
2.38271
2.37362
2.36433
2.35483
2.3451
2.33518
2.32505
2.31473
2.30422
2.29352
2.28264
2.27156
2.26031
2.24889
2.2373
2.22555
2.21366
2.20161
2.18938
2.177
2.16451
2.15186
2.13908
2.12619
2.11314
2.09997
2.08672
2.07337
2.05992
2.04634
2.03265
2.01892
2.00517
1.99132
1.97735
1.9633
1.94922
1.93516
1.921
1.90679
1.89259
1.87829
1.86398
1.84971
1.83542
1.82103
1.8067
1.79238
1.778
1.76369
1.74941
1.73509
1.72077
1.70655
1.69248
1.67842
1.66431
1.65019
1.63624
1.62244
1.60868
1.59493
1.58122
1.56769
1.55423
1.54083
1.52759
1.51436
1.5012
1.48826
1.47551
1.46279
1.45007
1.43759
1.42536
1.41321
1.40107
1.38912
1.37741
1.36575
1.35426
1.34303
1.33192
1.32096
1.31007
1.29938
1.28894
1.2786
1.26847
1.25854
1.24871
1.23914
1.22982
2.45397
2.44662
2.43903
2.43119
2.42313
2.41483
2.4063
2.39754
2.38856
2.37937
2.36994
2.36031
2.35046
2.34039
2.33011
2.31963
2.30896
2.29809
2.28702
2.27576
2.26434
2.25273
2.24094
2.22901
2.2169
2.20463
2.19222
2.17966
2.16695
2.15412
2.14116
2.12804
2.1148
2.10149
2.08808
2.07457
2.06091
2.04714
2.03332
2.01945
2.00549
1.99144
1.97725
1.96305
1.94884
1.93449
1.92011
1.90577
1.89136
1.87689
1.86238
1.84784
1.83329
1.81884
1.80437
1.78979
1.77531
1.76085
1.74636
1.7319
1.71755
1.70327
1.68901
1.67473
1.66042
1.64632
1.63236
1.61842
1.60448
1.59051
1.57671
1.56313
1.54964
1.53614
1.52265
1.50932
1.4962
1.4833
1.47046
1.4575
1.44482
1.43248
1.42012
1.40781
1.3957
1.38381
1.37201
1.36036
1.34897
1.33767
1.32649
1.31549
1.30468
1.29402
1.28354
1.27332
1.26319
1.25323
1.24358
1.23408
2.46897
2.46175
2.45426
2.44652
2.43855
2.43033
2.42187
2.41319
2.40426
2.3951
2.38573
2.37612
2.3663
2.35625
2.34599
2.33554
2.32489
2.31402
2.30296
2.29171
2.28028
2.26866
2.25686
2.2449
2.23278
2.22048
2.20803
2.19542
2.18266
2.16978
2.15675
2.14356
2.13025
2.11684
2.10334
2.08969
2.07589
2.062
2.04804
2.034
2.01986
2.00562
1.9913
1.97696
1.96255
1.94804
1.93352
1.91895
1.90435
1.88972
1.87501
1.86034
1.84568
1.83098
1.81626
1.80158
1.7869
1.77223
1.75761
1.74299
1.72842
1.7139
1.69939
1.68491
1.67047
1.65615
1.64193
1.62776
1.6136
1.59946
1.58545
1.57164
1.55792
1.54423
1.53056
1.51708
1.50377
1.49062
1.47756
1.46453
1.45174
1.43907
1.42644
1.41402
1.40176
1.38965
1.37766
1.36584
1.35425
1.34279
1.33139
1.32026
1.30935
1.29846
1.28782
1.27749
1.26719
1.25708
1.24732
1.23767
2.48465
2.47756
2.47021
2.46258
2.45471
2.44659
2.43821
2.4296
2.42075
2.41165
2.40231
2.39276
2.38297
2.37296
2.36273
2.3523
2.34165
2.33078
2.31972
2.30848
2.29703
2.28537
2.27354
2.26154
2.24935
2.23699
2.22447
2.21176
2.1989
2.18593
2.1728
2.1595
2.14606
2.1325
2.11884
2.10502
2.09108
2.07704
2.06288
2.04867
2.03439
2.01997
2.00548
1.99099
1.97639
1.9617
1.94703
1.93229
1.91749
1.90266
1.88781
1.87295
1.85805
1.84316
1.82829
1.81339
1.79844
1.7836
1.76879
1.75388
1.73902
1.72431
1.7096
1.69484
1.6802
1.66565
1.65115
1.63678
1.62243
1.60811
1.59388
1.57981
1.56585
1.5519
1.53812
1.52453
1.51095
1.49749
1.48421
1.4711
1.4581
1.44509
1.43225
1.41964
1.40718
1.39493
1.38276
1.3707
1.35891
1.34725
1.3357
1.32442
1.31332
1.30229
1.29148
1.28096
1.27054
1.26029
1.25034
1.2405
2.50112
2.49417
2.48696
2.47949
2.47173
2.46371
2.45546
2.44696
2.43819
2.42916
2.41987
2.41038
2.40065
2.39066
2.38043
2.36999
2.35932
2.34845
2.33736
2.32604
2.31452
2.3028
2.29089
2.2788
2.26651
2.25403
2.24138
2.22855
2.21556
2.20243
2.18915
2.1757
2.16209
2.14841
2.13461
2.12063
2.10656
2.09237
2.07806
2.06373
2.04928
2.03468
2.02002
2.00534
1.99055
1.97568
1.96082
1.94589
1.93085
1.91574
1.90073
1.88569
1.87049
1.85529
1.84022
1.82511
1.80988
1.79478
1.77974
1.76458
1.74946
1.73451
1.71958
1.70458
1.68973
1.67489
1.66012
1.64556
1.63102
1.61644
1.60198
1.58773
1.5735
1.55924
1.54524
1.53148
1.51767
1.50393
1.49041
1.47704
1.46379
1.45061
1.43756
1.42472
1.41201
1.39958
1.38727
1.37499
1.36293
1.35111
1.33944
1.32789
1.31662
1.30549
1.29446
1.28371
1.2732
1.26277
1.25256
1.24262
2.519
2.51214
2.50501
2.4976
2.48992
2.48198
2.47378
2.46528
2.45652
2.44753
2.43829
2.42877
2.419
2.409
2.39875
2.38829
2.37759
2.36667
2.3555
2.34411
2.33254
2.32075
2.30877
2.29657
2.28417
2.2716
2.25886
2.24591
2.23278
2.21951
2.20613
2.19254
2.17877
2.16495
2.15101
2.13689
2.12264
2.10825
2.09379
2.07925
2.06459
2.0498
2.03496
2.02001
2.00496
1.98988
1.97477
1.9596
1.94429
1.92892
1.91366
1.89831
1.88283
1.86742
1.85207
1.83668
1.82126
1.80588
1.79051
1.77515
1.75984
1.74462
1.72943
1.7142
1.69904
1.68394
1.66894
1.65413
1.6393
1.62439
1.60971
1.59528
1.58072
1.5662
1.55197
1.53789
1.52381
1.50984
1.49611
1.48251
1.46899
1.45554
1.44229
1.42926
1.41633
1.40367
1.39118
1.37864
1.3663
1.35439
1.34256
1.33069
1.3192
1.30795
1.29679
1.28583
1.27506
1.26444
1.25411
1.24402
2.53779
2.53103
2.52398
2.51663
2.50901
2.50112
2.4929
2.48443
2.4757
2.4667
2.45743
2.4479
2.43811
2.4281
2.41784
2.40733
2.39657
2.38558
2.37437
2.36295
2.35131
2.33943
2.32737
2.31509
2.30262
2.28996
2.27709
2.26404
2.25079
2.23739
2.22385
2.2101
2.19617
2.18217
2.16801
2.15368
2.1392
2.12459
2.10988
2.09508
2.08016
2.06515
2.05004
2.0348
2.01949
2.00415
1.98877
1.97333
1.95775
1.94213
1.92658
1.91099
1.89526
1.87958
1.86398
1.84833
1.83267
1.81699
1.80129
1.78571
1.77016
1.75463
1.73914
1.72361
1.70811
1.69271
1.67747
1.66237
1.64722
1.63198
1.61709
1.60239
1.58747
1.57272
1.55821
1.54374
1.52951
1.51539
1.50132
1.48741
1.47369
1.46002
1.44648
1.4332
1.42008
1.40721
1.39445
1.38165
1.3691
1.35693
1.34487
1.33286
1.32113
1.30965
1.29833
1.28721
1.27621
1.26541
1.25493
1.24462
2.55718
2.55054
2.54361
2.53638
2.52885
2.52101
2.51291
2.50452
2.49584
2.48685
2.47761
2.46813
2.45837
2.44834
2.43804
2.42748
2.41667
2.40564
2.39436
2.38283
2.37106
2.3591
2.34692
2.3345
2.32187
2.30904
2.29602
2.28279
2.26935
2.25576
2.24203
2.22804
2.21389
2.19966
2.18528
2.17071
2.15597
2.14111
2.12613
2.11107
2.09592
2.08065
2.0653
2.04982
2.03422
2.0186
2.00298
1.98727
1.97142
1.95552
1.93974
1.92389
1.90786
1.89186
1.87595
1.86005
1.84406
1.82798
1.81204
1.79618
1.78027
1.76443
1.74855
1.73269
1.71694
1.70123
1.68565
1.67022
1.6548
1.63929
1.62402
1.60897
1.59388
1.57892
1.56401
1.54927
1.53479
1.52035
1.50605
1.49188
1.4778
1.46388
1.45013
1.4366
1.42322
1.41001
1.39695
1.38404
1.37128
1.35875
1.34649
1.33432
1.32234
1.31067
1.29913
1.28781
1.27667
1.26565
1.25494
1.24447
2.57805
2.57149
2.56462
2.55746
2.54999
2.54222
2.53415
2.52577
2.5171
2.50815
2.49892
2.4894
2.47961
2.46951
2.45916
2.44857
2.43769
2.42656
2.41513
2.40348
2.39158
2.37945
2.36709
2.35448
2.34167
2.32865
2.31541
2.30197
2.28832
2.27452
2.26054
2.24633
2.232
2.21754
2.20291
2.18808
2.17313
2.15806
2.14283
2.12754
2.11211
2.09657
2.08099
2.06525
2.04936
2.03345
2.01751
2.0015
1.98537
1.96914
1.95303
1.93684
1.92049
1.90419
1.8879
1.87161
1.85525
1.83885
1.82262
1.80642
1.79015
1.77393
1.75775
1.74155
1.72545
1.70946
1.69355
1.67779
1.66209
1.6463
1.63065
1.61523
1.59992
1.58465
1.56942
1.55441
1.53957
1.52479
1.51021
1.49581
1.48138
1.4671
1.45315
1.43935
1.42571
1.41217
1.3988
1.38572
1.37272
1.35994
1.34749
1.33507
1.32279
1.3109
1.29923
1.28773
1.27632
1.26509
1.2542
1.24357
2.60039
2.59387
2.58702
2.57986
2.5724
2.56461
2.55648
2.54807
2.53939
2.53039
2.52108
2.51148
2.50159
2.49142
2.48099
2.47028
2.45928
2.44801
2.43647
2.42469
2.41266
2.40037
2.38786
2.37511
2.36213
2.34894
2.33551
2.32188
2.30805
2.29406
2.27987
2.26544
2.25089
2.23619
2.22131
2.20621
2.19102
2.17568
2.16018
2.14458
2.12883
2.11301
2.0971
2.081
2.06477
2.04854
2.03226
2.01589
1.99937
1.98279
1.96634
1.94978
1.93306
1.91636
1.89976
1.88314
1.8664
1.84963
1.833
1.81649
1.7999
1.7833
1.76675
1.75027
1.73391
1.71753
1.70117
1.68502
1.66906
1.65307
1.63699
1.62113
1.6055
1.58987
1.57433
1.55904
1.54389
1.52872
1.51373
1.49906
1.48436
1.46982
1.45555
1.44143
1.4275
1.4137
1.40009
1.3867
1.37349
1.3605
1.34774
1.33509
1.32256
1.31036
1.29854
1.28683
1.27517
1.26376
1.25268
1.24183
2.62324
2.61683
2.61007
2.60296
2.59552
2.58775
2.57967
2.57129
2.56258
2.55355
2.54422
2.53458
2.52463
2.51438
2.50384
2.49301
2.4819
2.47051
2.45888
2.44698
2.4348
2.42237
2.40971
2.39679
2.38363
2.37025
2.35664
2.34282
2.32879
2.31455
2.30008
2.2854
2.27057
2.25558
2.24038
2.22499
2.20947
2.19377
2.17796
2.162
2.14587
2.12968
2.11339
2.09693
2.08035
2.06377
2.0471
2.03035
2.01348
1.99654
1.9797
1.96278
1.9457
1.92866
1.91164
1.89464
1.87765
1.86052
1.84343
1.8265
1.80958
1.79261
1.77571
1.7589
1.74211
1.7253
1.70861
1.69209
1.67566
1.65924
1.64286
1.62669
1.61062
1.59465
1.5788
1.56308
1.54756
1.53209
1.51678
1.50171
1.48675
1.47199
1.45738
1.44289
1.42862
1.41457
1.4007
1.38704
1.37358
1.36029
1.34721
1.33427
1.32152
1.30913
1.29706
1.28501
1.27317
1.26163
1.25028
1.23926
2.64725
2.64091
2.63423
2.62721
2.61984
2.61215
2.60412
2.59574
2.58704
2.57802
2.56867
2.559
2.549
2.53868
2.52804
2.51711
2.50589
2.49439
2.48262
2.47054
2.45816
2.44554
2.43264
2.41948
2.40611
2.39247
2.37859
2.36449
2.35015
2.3356
2.32081
2.30584
2.29071
2.27537
2.25982
2.2441
2.2282
2.21215
2.196
2.17967
2.16322
2.14666
2.12997
2.11314
2.09624
2.07931
2.06225
2.04509
2.02786
2.0106
1.99335
1.97601
1.95854
1.94114
1.92374
1.90629
1.88885
1.87138
1.85391
1.8365
1.81913
1.80173
1.78444
1.76723
1.74998
1.73278
1.71572
1.69873
1.68184
1.66505
1.64832
1.63174
1.61526
1.59895
1.58279
1.56668
1.55073
1.53494
1.51927
1.50382
1.48858
1.47352
1.45858
1.44374
1.42909
1.41471
1.40057
1.38663
1.37283
1.35926
1.3459
1.33266
1.31966
1.30707
1.29474
1.2824
1.27036
1.25858
1.24699
1.23584
2.67333
2.66701
2.66034
2.65332
2.64594
2.63821
2.63012
2.62168
2.61291
2.60378
2.59431
2.58453
2.5744
2.56395
2.55319
2.54213
2.53077
2.51908
2.50707
2.49477
2.4822
2.46936
2.45622
2.44282
2.42916
2.41522
2.40105
2.38665
2.372
2.35713
2.34204
2.32679
2.31132
2.29559
2.2797
2.2637
2.24747
2.23109
2.21459
2.19792
2.18106
2.16412
2.14712
2.12992
2.1126
2.09525
2.0778
2.06026
2.04266
2.02494
2.00718
1.98936
1.97152
1.95374
1.93584
1.91792
1.90002
1.88205
1.86415
1.84635
1.82847
1.81059
1.79286
1.7752
1.75751
1.73991
1.72248
1.70501
1.6876
1.67049
1.65347
1.63639
1.61948
1.6028
1.58628
1.56976
1.55336
1.53726
1.52122
1.50536
1.48979
1.47429
1.45898
1.44392
1.42892
1.41412
1.39964
1.38533
1.37123
1.35744
1.34374
1.3302
1.31702
1.3042
1.29151
1.27893
1.26667
1.25466
1.2429
1.2315
2.70051
2.69424
2.68758
2.68052
2.67309
2.6653
2.65715
2.64864
2.63974
2.63048
2.62089
2.61094
2.60066
2.59006
2.57915
2.5679
2.5563
2.54438
2.53219
2.5197
2.50692
2.49385
2.48048
2.46685
2.45295
2.43876
2.42433
2.40964
2.39472
2.37957
2.36419
2.34859
2.33276
2.31671
2.30051
2.28411
2.26752
2.25079
2.23388
2.2168
2.19956
2.18219
2.16473
2.14711
2.12937
2.11156
2.09361
2.07558
2.0575
2.03935
2.02112
2.00278
1.98447
1.96618
1.94779
1.92941
1.91102
1.89258
1.87424
1.85594
1.8376
1.81926
1.80101
1.7829
1.76487
1.74683
1.72886
1.71099
1.69316
1.67555
1.65811
1.64067
1.62331
1.60613
1.58917
1.57229
1.55543
1.53889
1.52251
1.50624
1.49025
1.47438
1.45869
1.44323
1.42789
1.41279
1.39796
1.38329
1.36884
1.35475
1.34081
1.32692
1.31352
1.30049
1.28741
1.27456
1.2621
1.24986
1.23791
1.22624
2.72817
2.72198
2.71537
2.70838
2.70101
2.69323
2.68507
2.67655
2.66763
2.65833
2.64866
2.63863
2.62826
2.61755
2.60647
2.59502
2.58324
2.57116
2.55877
2.54605
2.53303
2.51971
2.50608
2.4922
2.47801
2.46354
2.44882
2.43383
2.41859
2.40307
2.38734
2.37138
2.35516
2.33872
2.32213
2.3053
2.28824
2.27106
2.25371
2.23613
2.2184
2.2006
2.18263
2.16451
2.14628
2.12793
2.10953
2.09102
2.07241
2.05375
2.03501
2.01624
1.99746
1.97857
1.95971
1.94085
1.92194
1.90311
1.88425
1.86541
1.84667
1.82786
1.80905
1.79045
1.77195
1.75339
1.735
1.71674
1.69841
1.68017
1.66218
1.64438
1.62667
1.60896
1.59141
1.57409
1.55687
1.53988
1.5231
1.50642
1.48998
1.47373
1.45765
1.44183
1.42612
1.41061
1.39546
1.38052
1.36573
1.35126
1.33699
1.32282
1.30914
1.2958
1.28239
1.26931
1.25667
1.24412
1.23187
1.22001
2.7578
2.75163
2.74505
2.73809
2.7307
2.72291
2.71473
2.70614
2.69716
2.6878
2.67807
2.66796
2.65749
2.64662
2.63537
2.62379
2.61186
2.59956
2.58692
2.57393
2.56062
2.54699
2.53304
2.5188
2.50424
2.48941
2.47429
2.4589
2.44324
2.42733
2.41119
2.39479
2.3781
2.36121
2.34412
2.3268
2.30931
2.29168
2.27382
2.25575
2.23754
2.21921
2.20075
2.18217
2.16345
2.14461
2.12569
2.10667
2.08756
2.06839
2.04917
2.0299
2.01055
1.99119
1.97185
1.95244
1.93301
1.91362
1.89425
1.87493
1.85558
1.83624
1.81698
1.7978
1.77875
1.75971
1.74074
1.72187
1.7031
1.68441
1.66587
1.64755
1.62935
1.61117
1.5931
1.57528
1.55767
1.54025
1.52304
1.50594
1.48904
1.47234
1.45587
1.43973
1.42367
1.40768
1.39211
1.37692
1.36182
1.34693
1.33226
1.31783
1.3038
1.29011
1.2765
1.26314
1.25018
1.23738
1.22487
1.21273
2.78986
2.78364
2.77699
2.76992
2.76243
2.75454
2.74621
2.73746
2.72832
2.71879
2.70887
2.69856
2.68786
2.67675
2.66531
2.65352
2.64133
2.62877
2.61584
2.60258
2.58897
2.575
2.5607
2.54608
2.53115
2.51592
2.50039
2.48458
2.46849
2.45215
2.43555
2.41866
2.40152
2.38422
2.36669
2.34891
2.33096
2.31284
2.29448
2.27595
2.25729
2.23846
2.21948
2.20037
2.18115
2.16185
2.14237
2.1228
2.10319
2.08344
2.06367
2.04384
2.02393
2.00403
1.98405
1.96407
1.94415
1.92417
1.90415
1.88418
1.86426
1.84442
1.82458
1.80481
1.78521
1.76562
1.74598
1.72656
1.70738
1.68813
1.66901
1.65024
1.63149
1.61281
1.59433
1.57597
1.55787
1.54004
1.52233
1.50477
1.48741
1.47027
1.45343
1.43683
1.4203
1.40396
1.38802
1.37237
1.3569
1.34167
1.3266
1.31184
1.29751
1.28345
1.26957
1.25595
1.24267
1.2296
1.21685
1.20443
2.8226
2.81639
2.80974
2.80263
2.79508
2.78708
2.77865
2.7698
2.76049
2.75076
2.74063
2.7301
2.71916
2.70783
2.69613
2.68401
2.67152
2.65869
2.64549
2.63193
2.61801
2.60375
2.58915
2.57421
2.55895
2.54336
2.52744
2.51123
2.49473
2.47797
2.46095
2.44365
2.4261
2.40835
2.39035
2.37209
2.35363
2.33501
2.31615
2.29708
2.27787
2.25851
2.23899
2.21931
2.19948
2.17954
2.15946
2.13935
2.11914
2.09879
2.07835
2.05785
2.03734
2.01688
1.99628
1.97563
1.95503
1.93441
1.91384
1.89327
1.87275
1.8523
1.83182
1.81145
1.79128
1.7711
1.75095
1.73101
1.71124
1.69144
1.67177
1.65238
1.6331
1.61394
1.59497
1.57612
1.5575
1.53914
1.52091
1.50283
1.48498
1.46744
1.45016
1.43301
1.41599
1.3993
1.38306
1.36693
1.35097
1.33536
1.31997
1.30493
1.29023
1.27577
1.26158
1.24771
1.23415
1.22081
1.20775
1.19508
2.85598
2.84983
2.84323
2.83615
2.8286
2.8206
2.81214
2.80323
2.7939
2.78412
2.77388
2.76319
2.75208
2.74055
2.7286
2.71623
2.70347
2.69034
2.67682
2.66294
2.64871
2.63411
2.61915
2.60386
2.58823
2.57224
2.55592
2.53931
2.52238
2.50518
2.4877
2.46992
2.45188
2.43358
2.41502
2.39623
2.37723
2.358
2.33853
2.31888
2.29904
2.27905
2.25893
2.23862
2.21811
2.19749
2.1768
2.15599
2.1351
2.11414
2.09306
2.07189
2.05073
2.02956
2.00834
1.98714
1.96587
1.94454
1.92335
1.90224
1.88111
1.85996
1.83887
1.81793
1.79708
1.77631
1.75566
1.73514
1.71467
1.69427
1.6741
1.65409
1.63418
1.61447
1.59493
1.57553
1.55639
1.53746
1.51866
1.50005
1.48176
1.46377
1.44589
1.42822
1.41081
1.39374
1.37703
1.36046
1.34406
1.32806
1.31243
1.29707
1.28185
1.26699
1.25259
1.23842
1.22454
1.21089
1.19754
1.18463
2.89212
2.88594
2.87926
2.87212
2.86454
2.85645
2.84788
2.83887
2.82945
2.81957
2.80918
2.79832
2.78703
2.7753
2.76312
2.75051
2.73747
2.724
2.71014
2.69588
2.68122
2.66619
2.65078
2.63502
2.6189
2.60244
2.58564
2.56852
2.55108
2.53333
2.51529
2.49694
2.4783
2.45938
2.44024
2.42083
2.40119
2.38135
2.36127
2.34095
2.32045
2.29983
2.27905
2.25809
2.23689
2.2156
2.19431
2.17286
2.15124
2.12957
2.10788
2.08615
2.06432
2.0424
2.0205
1.99868
1.97674
1.95474
1.93291
1.91118
1.88942
1.86757
1.84576
1.82414
1.80268
1.78128
1.75995
1.73873
1.71758
1.6966
1.67582
1.65517
1.63463
1.61426
1.59412
1.57418
1.55444
1.5349
1.51559
1.49647
1.47766
1.45915
1.44074
1.42253
1.40471
1.38725
1.37
1.35294
1.33624
1.31984
1.30379
1.28802
1.27242
1.25725
1.24249
1.22794
1.21374
1.19981
1.18614
1.17299
2.93106
2.92477
2.91798
2.91073
2.90295
2.89466
2.88591
2.87667
2.86693
2.85671
2.84604
2.83495
2.82339
2.81134
2.79885
2.78593
2.77255
2.75873
2.74447
2.72979
2.71471
2.69921
2.6833
2.66703
2.6504
2.63341
2.61607
2.5984
2.58041
2.56207
2.54343
2.52449
2.50525
2.48572
2.46597
2.44597
2.42572
2.40522
2.38449
2.36355
2.34242
2.32115
2.29972
2.27805
2.25617
2.23428
2.21231
2.19014
2.1679
2.14556
2.12312
2.1006
2.0781
2.05557
2.03295
2.01038
1.98774
1.96499
1.94237
1.91989
1.89745
1.87494
1.85245
1.83005
1.80781
1.78569
1.76368
1.74179
1.7199
1.69822
1.67683
1.65556
1.63438
1.61337
1.59256
1.57204
1.55172
1.53155
1.51169
1.49208
1.47271
1.4536
1.43469
1.41601
1.39768
1.37975
1.36199
1.34447
1.32739
1.31058
1.29397
1.2777
1.2619
1.24647
1.23122
1.21614
1.20166
1.1876
1.17359
1.16005
2.97056
2.96428
2.9575
2.95016
2.94223
2.93382
2.92492
2.91546
2.90544
2.89495
2.88402
2.87259
2.86065
2.84825
2.83542
2.82213
2.80838
2.79418
2.77953
2.76445
2.74894
2.73301
2.71667
2.69995
2.68285
2.66537
2.64752
2.6293
2.61074
2.59183
2.57263
2.55315
2.53332
2.51321
2.49285
2.47221
2.45133
2.43017
2.40877
2.38714
2.36534
2.34339
2.32122
2.29884
2.27629
2.25362
2.23087
2.20796
2.18497
2.1619
2.13869
2.11538
2.09211
2.06878
2.04537
2.02202
1.99856
1.97508
1.95168
1.92832
1.90507
1.88186
1.85867
1.8355
1.81247
1.7896
1.76687
1.74427
1.72169
1.6993
1.67723
1.65527
1.63338
1.61177
1.5904
1.56919
1.54822
1.52751
1.50706
1.48677
1.46679
1.44715
1.42771
1.40851
1.38965
1.37117
1.35298
1.33495
1.31723
1.30002
1.28305
1.26634
1.25016
1.23429
1.2186
1.20318
1.18835
1.17406
1.15982
1.14588
3.01077
3.00455
2.99779
2.99042
2.98252
2.97408
2.96507
2.95552
2.94544
2.93482
2.92364
2.9119
2.8997
2.88704
2.87387
2.86018
2.84604
2.83144
2.81639
2.80088
2.78496
2.76863
2.75186
2.73467
2.71706
2.69905
2.68065
2.66188
2.64277
2.62329
2.60349
2.58336
2.56289
2.5421
2.52105
2.49971
2.47809
2.45619
2.43405
2.41167
2.38913
2.36641
2.34337
2.32018
2.2969
2.27343
2.2498
2.22604
2.20225
2.17837
2.15431
2.13018
2.10608
2.08191
2.05766
2.03338
2.00909
1.98492
1.9607
1.93644
1.91242
1.88845
1.86443
1.84052
1.81679
1.79314
1.76963
1.74625
1.72298
1.69991
1.67707
1.65438
1.63182
1.60951
1.58745
1.56555
1.54391
1.52263
1.50153
1.48053
1.45991
1.43967
1.41964
1.39988
1.38048
1.36144
1.34274
1.32422
1.30596
1.28817
1.27081
1.25381
1.23713
1.22073
1.20464
1.18899
1.17387
1.15914
1.14462
1.13045
3.05438
3.04808
3.04118
3.03372
3.02571
3.01712
3.00798
2.99829
2.98804
2.97722
2.96582
2.9539
2.94146
2.92846
2.91491
2.90083
2.88628
2.87124
2.85572
2.83975
2.82333
2.80643
2.78908
2.77128
2.75309
2.73449
2.71547
2.69608
2.67628
2.65609
2.63557
2.61469
2.59347
2.57194
2.5501
2.52796
2.50554
2.48284
2.4599
2.43671
2.41334
2.38975
2.36587
2.34188
2.31773
2.29338
2.26887
2.24431
2.21962
2.19477
2.16993
2.14504
2.11999
2.09491
2.06987
2.04471
2.01955
1.99458
1.96958
1.94449
1.91956
1.8948
1.87002
1.8453
1.82069
1.79625
1.772
1.74783
1.72377
1.69991
1.67625
1.65278
1.62951
1.6065
1.58369
1.56103
1.53869
1.51671
1.49484
1.47317
1.45201
1.43116
1.41042
1.39002
1.37013
1.35056
1.33114
1.31211
1.29356
1.2752
1.25725
1.23985
1.22277
1.20593
1.18945
1.17346
1.15799
1.14285
1.12801
1.11363
3.10155
3.09507
3.08795
3.08024
3.07196
3.0631
3.05367
3.04365
3.03306
3.02189
3.01019
2.99794
2.9851
2.97167
2.95771
2.94324
2.92823
2.9127
2.89665
2.8801
2.86304
2.84551
2.82753
2.80911
2.79026
2.77097
2.75123
2.73108
2.71054
2.68963
2.66834
2.64668
2.62469
2.60237
2.5797
2.55676
2.53352
2.51
2.48622
2.4622
2.43799
2.41349
2.38874
2.3639
2.33892
2.3137
2.28831
2.26286
2.23729
2.21157
2.18585
2.16007
2.13415
2.10819
2.08224
2.05624
2.03022
2.0043
1.97842
1.95247
1.92663
1.90093
1.87531
1.84976
1.82424
1.79893
1.77381
1.74873
1.72388
1.69922
1.67466
1.6504
1.62632
1.60246
1.57889
1.55552
1.53252
1.50974
1.48703
1.46476
1.44295
1.42142
1.40007
1.37905
1.35861
1.33842
1.3183
1.29877
1.27983
1.26096
1.24245
1.22457
1.20704
1.18975
1.17288
1.15651
1.14061
1.12512
1.10997
1.09526
3.14951
3.14296
3.13575
3.1279
3.11942
3.11029
3.10054
3.0902
3.07926
3.06774
3.05561
3.04292
3.02964
3.01579
3.00141
2.98648
2.97097
2.95493
2.93835
2.92124
2.90364
2.88554
2.86695
2.84787
2.82833
2.80835
2.78793
2.76708
2.74582
2.72417
2.70213
2.6797
2.65695
2.63381
2.61034
2.58657
2.56251
2.53816
2.51353
2.48865
2.46353
2.43817
2.41258
2.38681
2.36088
2.33479
2.30854
2.28212
2.25557
2.22896
2.2023
2.17552
2.14865
2.12175
2.09481
2.06786
2.04095
2.01406
1.98711
1.96018
1.93339
1.90673
1.88017
1.85365
1.82726
1.80103
1.7749
1.74888
1.72318
1.69772
1.67232
1.64709
1.62217
1.59756
1.57317
1.54901
1.52524
1.50166
1.47827
1.45537
1.4328
1.4105
1.38852
1.36696
1.34583
1.32492
1.3043
1.28426
1.26468
1.24526
1.22631
1.20795
1.18983
1.17204
1.1548
1.13802
1.12173
1.10591
1.09038
1.07522
3.19786
3.19134
3.18417
3.17631
3.16774
3.15849
3.1486
3.13805
3.12685
3.11503
3.10259
3.08955
3.07589
3.06165
3.04681
3.03138
3.01541
2.99889
2.98181
2.96418
2.94603
2.92736
2.90816
2.88845
2.86827
2.84763
2.82651
2.80495
2.78296
2.76055
2.7377
2.71447
2.69088
2.66692
2.64262
2.61798
2.59303
2.56779
2.54224
2.51643
2.49036
2.46406
2.4375
2.41074
2.3838
2.35668
2.32944
2.30202
2.27444
2.24678
2.21902
2.19118
2.1633
2.13532
2.10731
2.07938
2.05143
2.02345
1.99546
1.96755
1.93975
1.91205
1.88443
1.85693
1.82965
1.80247
1.77531
1.74842
1.72175
1.69534
1.66913
1.64302
1.61721
1.5918
1.56656
1.54155
1.51698
1.49261
1.46849
1.44483
1.42146
1.39845
1.37579
1.35358
1.33172
1.31007
1.28895
1.26834
1.24801
1.22811
1.20871
1.1897
1.171
1.15281
1.13521
1.11792
1.10121
1.08507
1.06911
1.05354
3.24971
3.24309
3.23581
3.22782
3.21913
3.20978
3.19974
3.189
3.17758
3.1655
3.15277
3.13935
3.12529
3.11062
3.09531
3.0794
3.06292
3.04586
3.02819
3.00995
2.99116
2.97183
2.95195
2.93154
2.91062
2.88922
2.86731
2.84493
2.8221
2.79882
2.7751
2.75097
2.72647
2.7016
2.67637
2.65074
2.62477
2.59853
2.572
2.54515
2.51802
2.49066
2.46303
2.43519
2.40715
2.37896
2.3506
2.32204
2.29339
2.26466
2.23576
2.20676
2.17776
2.14876
2.11967
2.09058
2.06154
2.03249
2.00346
1.97451
1.9457
1.91697
1.88827
1.85977
1.8315
1.80323
1.77514
1.74739
1.71976
1.69227
1.66506
1.63812
1.61147
1.58513
1.55898
1.53307
1.50765
1.48249
1.45754
1.43299
1.40889
1.3851
1.36165
1.33875
1.31618
1.29386
1.27205
1.25072
1.22977
1.20938
1.18945
1.16983
1.15062
1.13196
1.11388
1.09616
1.07904
1.06245
1.04605
1.03027
3.30629
3.29941
3.29182
3.28356
3.2746
3.26494
3.25455
3.24346
3.23169
3.21924
3.20607
3.19218
3.17763
3.16245
3.14663
3.13016
3.11305
3.09529
3.07692
3.05797
3.03842
3.01829
2.99761
2.97639
2.95463
2.93235
2.90955
2.88627
2.8625
2.83827
2.8136
2.78851
2.763
2.7371
2.71083
2.68416
2.65713
2.62981
2.60218
2.57424
2.546
2.5175
2.48879
2.45986
2.43068
2.40135
2.37182
2.34214
2.31239
2.2825
2.25248
2.22237
2.19224
2.16212
2.13193
2.10171
2.07153
2.04138
2.01129
1.9813
1.95135
1.92148
1.89178
1.86226
1.83284
1.80346
1.77435
1.74562
1.71701
1.68849
1.66016
1.63227
1.6047
1.57733
1.55025
1.52347
1.49709
1.47103
1.44521
1.4198
1.39486
1.37028
1.34609
1.32231
1.29901
1.27615
1.25359
1.23146
1.20995
1.18896
1.16845
1.14831
1.12859
1.10941
1.09077
1.07268
1.05517
1.03804
1.02132
1.00529
3.36478
3.35775
3.34994
3.34137
3.33206
3.322
3.31119
3.29969
3.28747
3.27452
3.26082
3.24644
3.2314
3.21566
3.19923
3.18211
3.16429
3.14582
3.12674
3.10703
3.0867
3.06579
3.04429
3.02218
2.99955
2.97637
2.95267
2.92844
2.90372
2.87854
2.85289
2.82679
2.80024
2.77329
2.74597
2.71825
2.69016
2.66172
2.633
2.60396
2.5746
2.54499
2.51516
2.48507
2.45474
2.42424
2.39355
2.36273
2.33182
2.30077
2.26958
2.23829
2.20702
2.17574
2.14436
2.11294
2.08157
2.05022
2.01897
1.98788
1.95681
1.92571
1.89482
1.86417
1.83359
1.80311
1.77289
1.74295
1.71325
1.68373
1.65436
1.62536
1.5967
1.56831
1.54025
1.51256
1.48517
1.45813
1.43145
1.40524
1.37938
1.35394
1.32898
1.30432
1.28028
1.25677
1.23346
1.21066
1.18859
1.16696
1.14566
1.12494
1.10484
1.08516
1.06589
1.04732
1.02939
1.01186
0.994855
0.978384
3.4234
3.41635
3.40849
3.39977
3.39024
3.37989
3.36881
3.35698
3.34435
3.33093
3.3168
3.30199
3.28644
3.2701
3.25303
3.23528
3.21684
3.19774
3.17797
3.15755
3.13649
3.11477
3.09244
3.06952
3.04604
3.02197
2.99735
2.9722
2.94654
2.92039
2.89373
2.8666
2.83903
2.81105
2.78266
2.75386
2.72466
2.6951
2.66525
2.63505
2.60453
2.57373
2.5427
2.51142
2.4799
2.44815
2.41622
2.38417
2.35202
2.31972
2.28725
2.25467
2.22212
2.18958
2.15697
2.12428
2.09157
2.05898
2.0265
1.99405
1.96171
1.92945
1.89733
1.8654
1.83359
1.80191
1.77051
1.73938
1.70848
1.67784
1.64744
1.61728
1.5875
1.55806
1.52898
1.50027
1.4719
1.44394
1.41635
1.38914
1.36241
1.33614
1.31032
1.28488
1.25999
1.23566
1.21167
1.18821
1.16546
1.14317
1.12115
1.0998
1.07916
1.05896
1.03917
1.02002
1.00165
0.983775
0.966313
0.949427
3.48483
3.47772
3.46974
3.46091
3.45124
3.44074
3.42943
3.41725
3.40426
3.3905
3.37597
3.36065
3.3445
3.32756
3.30994
3.2916
3.27252
3.25273
3.23224
3.21105
3.18918
3.16666
3.14352
3.11975
3.09534
3.07033
3.04476
3.01864
2.99197
2.96477
2.93704
2.90883
2.88016
2.85104
2.82148
2.79148
2.76107
2.73027
2.69914
2.66768
2.6359
2.6038
2.57146
2.53886
2.506
2.4729
2.43962
2.40623
2.37271
2.33901
2.30518
2.27127
2.23733
2.20337
2.1694
2.13537
2.1013
2.06734
2.03352
1.99978
1.96604
1.93244
1.89908
1.86583
1.83272
1.79982
1.76723
1.73489
1.70274
1.6709
1.63935
1.60806
1.57714
1.54664
1.5165
1.48667
1.45728
1.42839
1.39985
1.37163
1.34391
1.31674
1.29007
1.26381
1.23798
1.21282
1.18822
1.16393
1.14027
1.11739
1.09483
1.07278
1.05146
1.03065
1.01037
0.990757
0.971883
0.953439
0.935483
0.918394
3.552
3.54462
3.53635
3.52724
3.51731
3.50652
3.4948
3.48223
3.46883
3.45459
3.43951
3.42356
3.40677
3.38924
3.37097
3.35189
3.33202
3.31141
3.29007
3.26803
3.24529
3.22185
3.19772
3.17293
3.1475
3.12146
3.09481
3.06757
3.03974
3.01135
2.98243
2.95302
2.9231
2.89267
2.86179
2.83047
2.79873
2.76659
2.73409
2.70127
2.66809
2.63459
2.60083
2.56678
2.53249
2.49798
2.46328
2.42844
2.39344
2.3583
2.32303
2.28769
2.2523
2.21688
2.18148
2.14602
2.11061
2.07526
2.03996
2.00481
1.96976
1.93483
1.90009
1.86554
1.83111
1.79688
1.76302
1.72942
1.69605
1.66296
1.6302
1.59777
1.56563
1.53395
1.5027
1.47177
1.44132
1.41127
1.38166
1.35254
1.32385
1.29566
1.26802
1.24082
1.2141
1.18809
1.16275
1.13768
1.11312
1.08944
1.06629
1.04368
1.02172
1.00022
0.979318
0.959247
0.939867
0.920886
0.902574
0.885161
3.62328
3.6156
3.607
3.59751
3.58715
3.57585
3.56365
3.55058
3.53662
3.52175
3.506
3.48937
3.47193
3.45369
3.4346
3.41466
3.39393
3.37243
3.35018
3.32718
3.30342
3.27892
3.2537
3.22782
3.20129
3.17409
3.14625
3.11777
3.0887
3.05906
3.02887
2.99813
2.96685
2.93506
2.90281
2.87014
2.83704
2.80349
2.76956
2.73528
2.70064
2.6657
2.63047
2.59495
2.5592
2.52323
2.48705
2.45071
2.41421
2.37757
2.34084
2.30404
2.26717
2.23026
2.19337
2.15646
2.11961
2.08282
2.04609
2.00946
1.973
1.93667
1.90048
1.86455
1.82879
1.79325
1.75801
1.72299
1.68827
1.65386
1.61989
1.5863
1.55289
1.51986
1.48738
1.45536
1.42374
1.3925
1.36181
1.33165
1.30184
1.27264
1.24406
1.2159
1.18822
1.16129
1.13512
1.10929
1.08389
1.05929
1.0355
1.0124
0.989721
0.967541
0.94602
0.925387
0.905593
0.886219
0.867447
0.8495
3.69531
3.68745
3.67862
3.66886
3.65811
3.64635
3.63367
3.62008
3.60555
3.59009
3.57369
3.55639
3.53826
3.51926
3.49937
3.47861
3.45703
3.43464
3.41145
3.38744
3.36264
3.3371
3.31085
3.28387
3.25619
3.22781
3.19876
3.16908
3.13877
3.10784
3.07633
3.04425
3.01163
2.9785
2.94488
2.91081
2.87626
2.84126
2.80589
2.77016
2.73406
2.69765
2.66092
2.6239
2.58664
2.54915
2.51145
2.47358
2.43555
2.39737
2.3591
2.32076
2.28235
2.24389
2.20544
2.16702
2.12862
2.09029
2.05203
2.01387
1.9759
1.93806
1.90037
1.86292
1.82565
1.78867
1.75205
1.71563
1.6794
1.64354
1.60824
1.57334
1.53868
1.50432
1.47045
1.43717
1.40436
1.372
1.34018
1.30878
1.27782
1.24761
1.21809
1.18895
1.16024
1.13239
1.10534
1.07866
1.05245
1.02704
1.00253
0.97875
0.95538
0.93251
0.910395
0.889275
0.868995
0.849181
0.829876
0.811385
3.76857
3.7606
3.75166
3.74171
3.73066
3.71857
3.70547
3.69142
3.6764
3.6604
3.64344
3.62555
3.60674
3.58701
3.56636
3.5448
3.52238
3.49912
3.47501
3.45003
3.42424
3.39769
3.37038
3.34229
3.31345
3.2839
3.25364
3.2227
3.19111
3.15887
3.12604
3.09263
3.05865
3.02409
2.98901
2.95347
2.91747
2.88101
2.84414
2.80686
2.76922
2.73124
2.69292
2.65432
2.61545
2.57634
2.53702
2.49751
2.45783
2.418
2.37807
2.33807
2.29798
2.25786
2.21774
2.17765
2.13758
2.09758
2.05768
2.01788
1.97825
1.93878
1.89951
1.86046
1.82163
1.78306
1.74484
1.70692
1.66921
1.63193
1.59519
1.55884
1.52281
1.48707
1.45182
1.41723
1.38321
1.34968
1.31654
1.28395
1.25194
1.22056
1.18995
1.15986
1.1302
1.10134
1.07327
1.04571
1.01874
0.992592
0.967235
0.942594
0.918536
0.895062
0.872405
0.850673
0.829765
0.809471
0.789735
0.770778
3.84704
3.83891
3.82972
3.81941
3.80799
3.79553
3.78207
3.76758
3.75202
3.73544
3.71787
3.69932
3.67979
3.65929
3.63781
3.61539
3.5921
3.56791
3.54277
3.51674
3.48993
3.46228
3.43378
3.40447
3.37439
3.34356
3.312
3.27972
3.24675
3.21311
3.17884
3.14395
3.10846
3.07237
3.03574
2.99864
2.96104
2.92296
2.88442
2.84547
2.80613
2.76644
2.7264
2.68606
2.64545
2.60457
2.56347
2.52218
2.4807
2.43907
2.39735
2.35554
2.31365
2.27173
2.22981
2.18793
2.14608
2.10431
2.06265
2.02112
1.97975
1.93858
1.8976
1.85686
1.8164
1.77623
1.73638
1.6968
1.65757
1.61885
1.58055
1.54269
1.50522
1.4681
1.43154
1.39552
1.36017
1.32535
1.29092
1.25715
1.22407
1.19147
1.15957
1.12847
1.09799
1.06803
1.03878
1.01031
0.982633
0.955651
0.929314
0.903836
0.879105
0.855058
0.831776
0.809293
0.787713
0.766933
0.746849
0.727558
3.93222
3.92376
3.9141
3.90331
3.89144
3.8785
3.86452
3.84942
3.83323
3.81593
3.79759
3.77825
3.75787
3.73643
3.71399
3.69063
3.66631
3.64098
3.61467
3.58753
3.55951
3.53055
3.5007
3.47005
3.43861
3.40636
3.37334
3.33956
3.30505
3.26984
3.23397
3.19745
3.16031
3.12257
3.08426
3.04541
3.00604
2.96617
2.92585
2.88509
2.84393
2.80239
2.76051
2.7183
2.67581
2.63304
2.59005
2.54687
2.5035
2.45997
2.41635
2.37264
2.32888
2.28507
2.24128
2.19753
2.15384
2.11023
2.06675
2.02341
1.98026
1.9373
1.89457
1.85212
1.80995
1.76808
1.72656
1.68535
1.64455
1.60425
1.56433
1.52491
1.48592
1.44741
1.40945
1.37195
1.33514
1.29902
1.26333
1.22819
1.19382
1.16014
1.12702
1.09468
1.06317
1.03221
1.00183
0.972353
0.943772
0.915911
0.888731
0.862384
0.836908
0.812159
0.788184
0.765069
0.742894
0.721593
0.701072
0.68136
4.02105
4.01218
4.00213
3.99093
3.9786
3.9651
3.95043
3.93462
3.91768
3.89961
3.88046
3.86022
3.83885
3.81643
3.79301
3.76858
3.74306
3.7165
3.68902
3.66061
3.63118
3.60081
3.56961
3.53755
3.5046
3.4708
3.43621
3.40084
3.36471
3.32785
3.2903
3.25207
3.2132
3.1737
3.13359
3.09291
3.0517
3.01
2.96781
2.92517
2.88211
2.83867
2.79486
2.75073
2.70629
2.66159
2.61665
2.57151
2.52619
2.48072
2.43515
2.38949
2.34378
2.29805
2.25234
2.20667
2.16107
2.11556
2.0702
2.025
1.97999
1.9352
1.89066
1.8464
1.80244
1.75881
1.71554
1.67264
1.63017
1.58817
1.54657
1.50551
1.46494
1.4249
1.38541
1.34641
1.30807
1.27054
1.23357
1.19697
1.16112
1.12626
1.09205
1.0584
1.02561
0.993585
0.962242
0.93175
0.90206
0.873251
0.845303
0.818075
0.791674
0.766233
0.741679
0.717934
0.695168
0.673315
0.652243
0.63197
4.1108
4.10169
4.09138
4.07986
4.06707
4.053
4.03772
4.02128
4.00362
3.98479
3.96483
3.94371
3.92145
3.89811
3.87365
3.84804
3.82132
3.79361
3.76491
3.73514
3.70437
3.67269
3.64009
3.60652
3.57204
3.53672
3.50056
3.46358
3.4258
3.38727
3.34802
3.30805
3.2674
3.2261
3.18417
3.14166
3.0986
3.055
3.01091
2.96635
2.92135
2.87595
2.83017
2.78405
2.73763
2.69092
2.64398
2.59682
2.54948
2.50199
2.45439
2.40671
2.35898
2.31123
2.26349
2.21582
2.16822
2.12072
2.07336
2.02619
1.97922
1.93247
1.886
1.83982
1.79397
1.74846
1.70333
1.65861
1.61433
1.57052
1.52718
1.48437
1.4421
1.40038
1.35925
1.31872
1.27883
1.23969
1.20121
1.16326
1.12608
1.08979
1.05421
1.01939
0.985364
0.952075
0.919699
0.888256
0.857515
0.827642
0.798763
0.77067
0.743437
0.717337
0.692139
0.667627
0.644189
0.621842
0.600256
0.579488
4.20335
4.19406
4.18347
4.17154
4.15825
4.1437
4.12794
4.11091
4.09258
4.07304
4.05229
4.03033
4.00716
3.9828
3.95723
3.93051
3.90271
3.87384
3.84386
3.8128
3.78075
3.74768
3.71359
3.67852
3.64254
3.60567
3.5679
3.52927
3.48981
3.44956
3.40854
3.36677
3.32429
3.28114
3.23733
3.1929
3.14789
3.10232
3.05623
3.00965
2.96261
2.91514
2.86728
2.81907
2.77053
2.7217
2.67262
2.62331
2.57382
2.52417
2.47441
2.42456
2.37467
2.32475
2.27485
2.22501
2.17525
2.12562
2.07614
2.02684
1.97775
1.92892
1.88037
1.83213
1.78424
1.73673
1.68962
1.64294
1.59673
1.55102
1.50581
1.46116
1.41709
1.37362
1.33078
1.28859
1.24708
1.20631
1.16623
1.12685
1.0883
1.05053
1.01352
0.977452
0.94219
0.907664
0.874143
0.841607
0.809804
0.778929
0.749112
0.720145
0.692106
0.665173
0.639169
0.613994
0.589903
0.56695
0.544916
0.523775
4.30267
4.29304
4.28201
4.26957
4.25579
4.24073
4.22435
4.20661
4.18755
4.16721
4.14557
4.12261
4.09839
4.07294
4.04627
4.01843
3.98943
3.95926
3.92792
3.8955
3.86199
3.8274
3.79176
3.75512
3.71751
3.67894
3.63943
3.59902
3.55775
3.51563
3.4727
3.42899
3.38454
3.33937
3.29352
3.24701
3.19988
3.15217
3.10391
3.05514
3.00588
2.95618
2.90606
2.85558
2.80475
2.75362
2.70223
2.6506
2.59878
2.54681
2.49471
2.44253
2.3903
2.33806
2.28584
2.23369
2.18163
2.12971
2.07795
2.02639
1.97507
1.92402
1.87328
1.82287
1.77282
1.7232
1.674
1.62527
1.57705
1.52935
1.48219
1.43563
1.38971
1.34441
1.29978
1.25586
1.21267
1.17022
1.12853
1.08764
1.04757
1.00833
0.969945
0.932485
0.89591
0.860205
0.825466
0.79168
0.758817
0.726973
0.696166
0.66626
0.637342
0.609498
0.582696
0.556894
0.532157
0.508537
0.485995
0.464409
4.40956
4.39946
4.38791
4.37494
4.36058
4.34482
4.32764
4.30906
4.28909
4.26776
4.24506
4.22101
4.19566
4.16902
4.14112
4.11196
4.08155
4.04991
4.01708
3.98309
3.94795
3.9117
3.87436
3.83596
3.79652
3.75608
3.71466
3.6723
3.62902
3.58485
3.53984
3.494
3.44738
3.40002
3.35193
3.30315
3.25373
3.2037
3.1531
3.10196
3.05031
2.9982
2.94567
2.89275
2.83947
2.78589
2.73204
2.67794
2.62366
2.56921
2.51465
2.46001
2.40532
2.35064
2.29598
2.24141
2.18695
2.13262
2.07848
2.02458
1.97093
1.91757
1.86455
1.81189
1.75962
1.7078
1.65644
1.60559
1.55528
1.50552
1.45634
1.40781
1.35996
1.31278
1.26629
1.22056
1.17561
1.13144
1.08808
1.04557
1.00393
0.963178
0.923326
0.884429
0.846487
0.809486
0.773455
0.738441
0.704469
0.671539
0.639633
0.608744
0.578921
0.550215
0.522613
0.49609
0.470673
0.446396
0.423231
0.401135
4.52101
4.51048
4.49844
4.48491
4.46988
4.45335
4.43534
4.41584
4.3949
4.37252
4.34872
4.32353
4.29696
4.26903
4.23975
4.20914
4.17723
4.14404
4.1096
4.07394
4.03708
3.99904
3.95987
3.91957
3.87819
3.83576
3.7923
3.74785
3.70244
3.6561
3.60886
3.56078
3.51187
3.46217
3.41173
3.36057
3.30874
3.25627
3.20321
3.14958
3.09544
3.04082
2.98576
2.9303
2.87448
2.81834
2.76193
2.70528
2.64843
2.59143
2.53431
2.47712
2.41989
2.36267
2.3055
2.24841
2.19146
2.13466
2.07806
2.02171
1.96565
1.9099
1.85449
1.79949
1.74493
1.69082
1.6372
1.58413
1.53163
1.47972
1.42844
1.37785
1.32795
1.27877
1.23035
1.18271
1.13589
1.0899
1.04478
1.00057
0.957265
0.914899
0.873497
0.833079
0.793669
0.755277
0.717926
0.68165
0.646451
0.612333
0.57932
0.547413
0.516647
0.487046
0.458595
0.431303
0.405174
0.380222
0.356467
0.333882
4.63447
4.62359
4.61111
4.59703
4.58136
4.56412
4.54531
4.52496
4.50308
4.47969
4.45481
4.42846
4.40066
4.37141
4.34075
4.3087
4.27529
4.24053
4.20447
4.16711
4.12849
4.08864
4.04759
4.00536
3.962
3.91752
3.87198
3.82538
3.77779
3.72922
3.67972
3.62932
3.57805
3.52597
3.47311
3.4195
3.36519
3.31022
3.25463
3.19845
3.14174
3.08453
3.02687
2.96879
2.91034
2.85157
2.79251
2.73321
2.67371
2.61405
2.55428
2.49444
2.43456
2.37471
2.3149
2.25519
2.19562
2.13623
2.07705
2.01814
1.95953
1.90125
1.84335
1.78588
1.72886
1.67233
1.61632
1.56089
1.50607
1.45188
1.39837
1.34556
1.29349
1.2422
1.1917
1.14203
1.09322
1.04531
0.998336
0.952298
0.907217
0.863133
0.820083
0.778084
0.737142
0.697283
0.658539
0.620918
0.584421
0.549095
0.514961
0.48199
0.450224
0.419693
0.39038
0.362292
0.335429
0.309819
0.28549
0.262403
4.75144
4.74018
4.72723
4.7126
4.69631
4.67836
4.65878
4.63757
4.61475
4.59035
4.56439
4.53686
4.50781
4.47725
4.44521
4.41172
4.37678
4.34044
4.30271
4.26363
4.22323
4.18153
4.13856
4.09437
4.04897
4.00241
3.95472
3.90593
3.85609
3.80523
3.75339
3.7006
3.64692
3.59237
3.537
3.48086
3.42397
3.3664
3.30817
3.24934
3.18995
3.13003
3.06964
3.00883
2.94762
2.88608
2.82424
2.76215
2.69985
2.63739
2.57481
2.51216
2.44948
2.38682
2.32422
2.26173
2.19938
2.13721
2.07529
2.01365
1.95233
1.89135
1.83079
1.77068
1.71105
1.65193
1.59338
1.53545
1.47816
1.42154
1.36564
1.31049
1.25612
1.20257
1.14988
1.09808
1.04719
0.997249
0.948288
0.900335
0.853412
0.807553
0.762786
0.719124
0.676585
0.635207
0.595013
0.555998
0.518182
0.481622
0.446324
0.412261
0.379469
0.347977
0.31778
0.288884
0.261287
0.235019
0.210105
0.186505
4.87576
4.86402
4.8505
4.83523
4.81822
4.79949
4.77903
4.75686
4.73302
4.70751
4.68035
4.65155
4.62116
4.5892
4.55567
4.52061
4.48405
4.446
4.4065
4.36558
4.32326
4.27958
4.23458
4.18828
4.14072
4.09194
4.04196
3.99084
3.9386
3.8853
3.83097
3.77564
3.71937
3.66219
3.60416
3.5453
3.48568
3.42533
3.36429
3.30262
3.24036
3.17756
3.11426
3.05051
2.98636
2.92185
2.85703
2.79196
2.72667
2.66121
2.59563
2.52997
2.4643
2.39865
2.33305
2.26759
2.20227
2.13716
2.07231
2.00776
1.94355
1.87972
1.81633
1.75342
1.69102
1.62918
1.56795
1.50737
1.44747
1.3883
1.3299
1.27229
1.21552
1.15962
1.10464
1.05061
0.997551
0.945499
0.894489
0.844555
0.795717
0.748012
0.701467
0.656087
0.611906
0.568958
0.52725
0.4868
0.447649
0.409814
0.373296
0.338099
0.304261
0.271777
0.240656
0.210929
0.182583
0.155635
0.130108
0.10597
5.00916
4.99685
4.9827
4.96671
4.94888
4.92924
4.90778
4.88454
4.85953
4.83277
4.80428
4.77408
4.7422
4.70866
4.67347
4.63667
4.59829
4.55836
4.51689
4.47393
4.42951
4.38366
4.33642
4.28782
4.23789
4.18666
4.1342
4.08053
4.0257
3.96974
3.9127
3.85462
3.79555
3.73553
3.67461
3.61284
3.55025
3.4869
3.42285
3.35812
3.29279
3.22688
3.16045
3.09356
3.02626
2.95857
2.89057
2.82231
2.75382
2.68516
2.61639
2.54754
2.47868
2.40984
2.34109
2.27247
2.20402
2.13579
2.06785
2.00024
1.933
1.86617
1.79981
1.73396
1.66868
1.60399
1.53995
1.47661
1.414
1.35216
1.29113
1.23098
1.17172
1.11338
1.05601
0.999648
0.944332
0.890093
0.836959
0.784966
0.734128
0.684488
0.636083
0.588919
0.543022
0.498431
0.455155
0.413224
0.372664
0.333482
0.295681
0.25929
0.22434
0.190826
0.158749
0.128138
0.0989992
0.071344
0.0451756
0.0204682
5.14948
5.13665
5.12186
5.10513
5.08646
5.06587
5.04338
5.01901
4.99278
4.96468
4.93477
4.90306
4.86957
4.83432
4.79735
4.75867
4.71833
4.67635
4.63277
4.58762
4.54093
4.49274
4.44308
4.39198
4.3395
4.28567
4.23054
4.17415
4.11653
4.05773
3.99779
3.93677
3.87472
3.81167
3.74768
3.68279
3.61705
3.55053
3.48326
3.4153
3.34669
3.27749
3.20776
3.13755
3.0669
2.99587
2.92451
2.85288
2.78103
2.70901
2.63687
2.56467
2.49247
2.4203
2.34823
2.27631
2.20458
2.1331
2.06193
1.99112
1.92071
1.85074
1.78128
1.71238
1.64407
1.57641
1.50944
1.44321
1.37777
1.31315
1.2494
1.18657
1.1247
1.0638
1.00393
0.945141
0.887461
0.830917
0.775536
0.721367
0.668436
0.616774
0.566407
0.517355
0.469652
0.423328
0.378406
0.3349
0.292834
0.252229
0.213091
0.175444
0.139319
0.104722
0.0716488
0.0401158
0.0101407
-0.0182594
-0.0450859
-0.0703629
5.29367
5.28034
5.26495
5.2475
5.22801
5.2065
5.18299
5.15748
5.13
5.10056
5.06921
5.03595
5.0008
4.9638
4.92499
4.88438
4.84202
4.79793
4.75216
4.70472
4.65568
4.60505
4.55287
4.4992
4.44409
4.38755
4.32963
4.27039
4.20987
4.14812
4.08517
4.02109
3.95593
3.88972
3.82253
3.7544
3.6854
3.61555
3.54494
3.4736
3.4016
3.32898
3.2558
3.18212
3.108
3.03348
2.95862
2.88349
2.80813
2.73261
2.65697
2.58128
2.50559
2.42995
2.35442
2.27906
2.20391
2.12905
2.05451
1.98036
1.90663
1.8334
1.7607
1.68858
1.61711
1.54634
1.47631
1.40705
1.33864
1.27109
1.20448
1.13884
1.07421
1.01062
0.948116
0.886756
0.826582
0.767609
0.709865
0.653403
0.598258
0.544455
0.492014
0.440967
0.391367
0.343228
0.296566
0.251402
0.207757
0.165656
0.125125
0.0861784
0.0488372
0.0131045
-0.0210071
-0.0534803
-0.0843099
-0.113476
-0.140965
-0.166799
5.44173
5.42787
5.41184
5.39364
5.3733
5.35084
5.32627
5.29959
5.27084
5.24003
5.20719
5.17235
5.13552
5.09675
5.05606
5.01348
4.96906
4.92281
4.87479
4.82503
4.77358
4.72046
4.66572
4.60941
4.55157
4.49224
4.43147
4.36931
4.30581
4.24101
4.17496
4.10773
4.03936
3.9699
3.8994
3.82793
3.75553
3.68226
3.60818
3.53335
3.45781
3.38164
3.30489
3.22761
3.14986
3.07172
2.99322
2.91444
2.83543
2.75625
2.67696
2.59762
2.51828
2.43901
2.35987
2.2809
2.20217
2.12375
2.04568
1.96801
1.89081
1.81413
1.73802
1.66254
1.58774
1.51369
1.44041
1.36797
1.29641
1.22579
1.15614
1.08753
1.01998
0.95355
0.888278
0.824205
0.761385
0.699844
0.639615
0.580747
0.523264
0.467191
0.412575
0.359455
0.307865
0.257815
0.209325
0.162429
0.117147
0.0735025
0.0315224
-0.0087774
-0.0473811
-0.0842756
-0.119446
-0.152885
-0.184582
-0.214518
-0.242682
-0.269086
5.59718
5.58268
5.56589
5.54685
5.52556
5.50204
5.4763
5.44836
5.41823
5.38595
5.35154
5.31502
5.27642
5.23578
5.19312
5.14847
5.10188
5.05338
5.00302
4.95083
4.89685
4.84113
4.78372
4.72464
4.66396
4.60172
4.53797
4.47277
4.40614
4.33816
4.26888
4.19834
4.12662
4.05374
3.97978
3.9048
3.82884
3.75197
3.67425
3.59574
3.5165
3.43658
3.35606
3.27499
3.19344
3.11146
3.02912
2.94648
2.86362
2.78057
2.69741
2.61421
2.53103
2.44791
2.36493
2.28215
2.19963
2.11744
2.03561
1.95422
1.87333
1.793
1.71327
1.63422
1.55589
1.47835
1.40164
1.32581
1.25093
1.17703
1.10418
1.03242
0.961788
0.892357
0.82416
0.757229
0.691611
0.627366
0.564525
0.503112
0.443158
0.384718
0.327842
0.272551
0.218858
0.166805
0.116419
0.0677196
0.0207306
-0.0245184
-0.0680046
-0.109707
-0.149609
-0.1877
-0.223967
-0.258406
-0.290991
-0.32171
-0.350565
-0.377559
5.76318
5.74795
5.73033
5.71034
5.68799
5.66328
5.63625
5.60691
5.57527
5.54138
5.50524
5.4669
5.42637
5.38369
5.33889
5.29202
5.2431
5.19217
5.13928
5.08448
5.0278
4.96929
4.90899
4.84695
4.78322
4.71787
4.65092
4.58245
4.51249
4.4411
4.36835
4.29429
4.21896
4.14243
4.06477
3.98603
3.90626
3.82554
3.74393
3.66149
3.57827
3.49436
3.40981
3.32468
3.23905
3.15298
3.06654
2.97979
2.89279
2.80563
2.71834
2.63102
2.54372
2.4565
2.36944
2.2826
2.19603
2.10981
2.02399
1.93865
1.85384
1.76963
1.68606
1.60322
1.52115
1.4399
1.35955
1.28015
1.20174
1.1244
1.04816
0.973078
0.899207
0.826608
0.755323
0.685389
0.616849
0.549763
0.484165
0.420086
0.357572
0.296673
0.237422
0.179842
0.123966
0.069834
0.0174714
-0.0331058
-0.0818672
-0.128778
-0.173822
-0.216978
-0.258229
-0.29756
-0.334961
-0.370419
-0.403918
-0.435449
-0.465012
-0.492602
5.93922
5.92325
5.90477
5.88378
5.86029
5.83433
5.80591
5.77506
5.74181
5.70617
5.66818
5.62787
5.58525
5.54037
5.49327
5.44398
5.39254
5.339
5.28339
5.22576
5.16616
5.10463
5.04122
4.97599
4.90898
4.84026
4.76987
4.69787
4.62431
4.54926
4.47277
4.3949
4.31571
4.23526
4.15361
4.07084
3.98699
3.90215
3.81637
3.72971
3.64225
3.55406
3.46521
3.37576
3.28579
3.19536
3.10454
3.01341
2.92203
2.83048
2.73882
2.64712
2.55546
2.4639
2.37252
2.28137
2.19053
2.10006
2.01004
1.92052
1.83158
1.74327
1.65568
1.56885
1.48284
1.39771
1.31355
1.23039
1.14831
1.06735
0.987567
0.909021
0.831765
0.755867
0.681362
0.608287
0.536701
0.466657
0.39819
0.331342
0.266171
0.202707
0.140974
0.0810234
0.0228859
-0.0334083
-0.0878264
-0.140346
-0.190942
-0.239587
-0.286249
-0.330909
-0.373553
-0.414168
-0.452737
-0.489252
-0.523699
-0.556068
-0.586349
-0.614539
6.12235
6.10566
6.0863
6.06429
6.03965
6.0124
5.98256
5.95016
5.91521
5.87776
5.83782
5.79543
5.75063
5.70346
5.65393
5.6021
5.548
5.49168
5.4332
5.37258
5.30989
5.24516
5.17846
5.10984
5.03936
4.96707
4.89302
4.81728
4.73991
4.66097
4.58052
4.49862
4.41534
4.33074
4.24488
4.15785
4.06969
3.98049
3.89031
3.79922
3.7073
3.61461
3.52123
3.42724
3.33269
3.23768
3.14228
3.04655
2.95058
2.85443
2.75818
2.66192
2.56569
2.46959
2.37369
2.27805
2.18274
2.08784
1.99343
1.89956
1.80631
1.71375
1.62194
1.53095
1.44084
1.35168
1.26354
1.17648
1.09056
1.00584
0.922373
0.840217
0.759438
0.680092
0.602226
0.525881
0.45112
0.37799
0.306541
0.236811
0.168855
0.1027
0.0383864
-0.0240415
-0.0845447
-0.143095
-0.199662
-0.254216
-0.306735
-0.357196
-0.405554
-0.451786
-0.495889
-0.53785
-0.577647
-0.615265
-0.650699
-0.683932
-0.714955
-0.743768
6.31108
6.29365
6.2734
6.25036
6.22454
6.19597
6.16468
6.13068
6.09401
6.0547
6.01277
5.96826
5.92121
5.87165
5.81962
5.76516
5.70832
5.64914
5.58768
5.52397
5.45807
5.39004
5.31992
5.24778
5.17369
5.09768
5.01984
4.94022
4.85888
4.77588
4.69131
4.60522
4.51767
4.42875
4.33851
4.24704
4.1544
4.06066
3.9659
3.87019
3.77362
3.67625
3.57816
3.47943
3.38014
3.28036
3.18018
3.07967
2.97891
2.87798
2.77695
2.67591
2.57494
2.4741
2.37349
2.27315
2.17319
2.07367
1.97467
1.87626
1.77851
1.68148
1.58527
1.48994
1.39554
1.30215
1.20985
1.1187
1.02875
0.940079
0.852735
0.766791
0.682308
0.599343
0.517939
0.438152
0.360046
0.283674
0.209078
0.136306
0.0654024
-0.00358946
-0.0706298
-0.135672
-0.198676
-0.259612
-0.318455
-0.375171
-0.429724
-0.482087
-0.532232
-0.580132
-0.625774
-0.669147
-0.710228
-0.749005
-0.785471
-0.819606
-0.851401
-0.880857
6.50713
6.48888
6.46768
6.44354
6.41648
6.38653
6.35371
6.31805
6.27958
6.23833
6.19433
6.14761
6.09823
6.0462
5.99158
5.9344
5.87472
5.81258
5.74802
5.68111
5.6119
5.54043
5.46677
5.39099
5.31314
5.23329
5.1515
5.06784
4.98237
4.89516
4.8063
4.71584
4.62386
4.53043
4.43563
4.33953
4.24221
4.14374
4.04421
3.94368
3.84225
3.73998
3.63697
3.53329
3.42903
3.32426
3.21908
3.11355
3.00777
2.90182
2.79578
2.68974
2.58377
2.47795
2.37237
2.2671
2.16224
2.05785
1.95401
1.8508
1.7483
1.64658
1.54572
1.44579
1.34686
1.24901
1.1523
1.05681
0.9626
0.869742
0.778303
0.688352
0.599942
0.513139
0.427993
0.344568
0.262926
0.183115
0.105182
0.0291763
-0.0448458
-0.116834
-0.18675
-0.254546
-0.320195
-0.383654
-0.44489
-0.503868
-0.560554
-0.614918
-0.666936
-0.716574
-0.763819
-0.808655
-0.85107
-0.891047
-0.928569
-0.963618
-0.996188
-1.02628
6.71345
6.69429
6.67204
6.64669
6.61829
6.58684
6.55238
6.51493
6.47452
6.43119
6.38497
6.33591
6.28404
6.22939
6.17201
6.11195
6.04926
5.98398
5.91617
5.84588
5.77316
5.69806
5.62068
5.54105
5.45926
5.37534
5.28939
5.20147
5.11165
5.02001
4.92662
4.83155
4.73489
4.63671
4.5371
4.43612
4.33386
4.2304
4.12583
4.02022
3.91366
3.80623
3.69801
3.58911
3.47959
3.36955
3.25907
3.14825
3.03716
2.92591
2.81456
2.70321
2.59195
2.48087
2.37003
2.25955
2.14949
2.03994
1.93097
1.82269
1.71516
1.60846
1.50267
1.39787
1.29414
1.19156
1.0902
0.99012
0.891411
0.794132
0.698368
0.604178
0.511621
0.420767
0.331681
0.244415
0.159042
0.0756065
-0.00583126
-0.0852206
-0.162499
-0.237623
-0.310551
-0.381248
-0.449652
-0.515743
-0.579472
-0.640799
-0.699696
-0.756131
-0.810077
-0.861512
-0.910412
-0.956761
-1.00054
-1.04174
-1.08033
-1.1163
-1.14965
-1.18038
6.93174
6.91161
6.88822
6.86158
6.83172
6.79867
6.76243
6.72305
6.68056
6.63499
6.58639
6.53479
6.48024
6.42277
6.36243
6.29927
6.23335
6.1647
6.09339
6.01946
5.94299
5.86404
5.78267
5.69894
5.61291
5.52467
5.43428
5.34183
5.24738
5.15101
5.0528
4.95284
4.8512
4.74798
4.64324
4.53708
4.42958
4.32082
4.21089
4.09988
3.98787
3.87496
3.76123
3.64678
3.53169
3.41605
3.29997
3.18353
3.06682
2.94994
2.83296
2.71601
2.59915
2.48248
2.36609
2.25007
2.13452
2.01951
1.90514
1.79148
1.67863
1.56667
1.45568
1.34576
1.23697
1.12941
1.02313
0.918229
0.814774
0.712853
0.612534
0.513893
0.416985
0.321883
0.228655
0.137366
0.0480766
-0.0391371
-0.124234
-0.207155
-0.287848
-0.366263
-0.442344
-0.516043
-0.587323
-0.656142
-0.722459
-0.78624
-0.847435
-0.906022
-0.961977
-1.01528
-1.0659
-1.1138
-1.15899
-1.20143
-1.24113
-1.27805
-1.3122
-1.34357
7.16169
7.14058
7.11603
7.08805
7.05668
7.02193
6.98384
6.94243
6.89774
6.8498
6.79867
6.74438
6.68697
6.62649
6.56299
6.49653
6.42715
6.35491
6.27986
6.20207
6.12161
6.03854
5.95292
5.86481
5.77429
5.68144
5.58633
5.48906
5.38968
5.28828
5.18497
5.0798
4.97288
4.86429
4.75411
4.64244
4.52937
4.41498
4.29936
4.18262
4.06485
3.94613
3.82655
3.70622
3.58523
3.46368
3.34165
3.21926
3.0966
2.97376
2.85085
2.72796
2.60518
2.48261
2.36035
2.2385
2.11714
1.99637
1.87628
1.75696
1.63851
1.52102
1.40456
1.28923
1.17512
1.0623
0.950858
0.840882
0.732454
0.625653
0.520561
0.417237
0.31576
0.216199
0.118625
0.023116
-0.0702586
-0.161443
-0.250378
-0.33701
-0.421278
-0.503124
-0.582495
-0.659338
-0.733619
-0.805299
-0.874333
-0.940671
-1.00427
-1.06511
-1.12317
-1.17842
-1.23082
-1.28034
-1.32699
-1.37074
-1.41157
-1.44948
-1.48446
-1.5165
7.40177
7.37966
7.35393
7.32458
7.29166
7.25517
7.21515
7.17164
7.12466
7.07426
7.02048
6.96337
6.90297
6.83933
6.77252
6.70258
6.62957
6.55354
6.47456
6.3927
6.30803
6.2206
6.13049
6.03777
5.94251
5.8448
5.74472
5.64235
5.53777
5.43108
5.32236
5.21169
5.09918
4.98493
4.869
4.75152
4.63257
4.51223
4.39062
4.26784
4.14396
4.0191
3.89336
3.76683
3.63962
3.51182
3.38353
3.25487
3.12593
2.99683
2.86765
2.73851
2.60949
2.48072
2.35228
2.22428
2.09682
1.96998
1.84388
1.71862
1.59429
1.47097
1.34876
1.22776
1.10805
0.989721
0.872858
0.757566
0.64392
0.532003
0.421888
0.313662
0.20739
0.103159
0.00105045
-0.0988702
-0.196535
-0.291872
-0.384828
-0.475338
-0.563341
-0.648779
-0.731593
-0.811735
-0.889159
-0.96383
-1.03569
-1.1047
-1.17082
-1.23401
-1.29425
-1.35151
-1.40576
-1.45698
-1.50515
-1.55025
-1.59227
-1.63119
-1.66701
-1.69972
7.6509
7.62774
7.60076
7.56998
7.53542
7.49712
7.45509
7.40937
7.36
7.30703
7.25049
7.19044
7.1269
7.05998
6.9897
6.91612
6.8393
6.75931
6.67622
6.5901
6.501
6.40902
6.31421
6.21665
6.11643
6.01363
5.90834
5.80064
5.69062
5.57836
5.46398
5.34755
5.22919
5.10899
4.98705
4.86346
4.73834
4.61177
4.48388
4.35474
4.22448
4.09318
3.96097
3.82794
3.69419
3.55985
3.42501
3.28977
3.15426
3.01858
2.88284
2.74715
2.6116
2.47632
2.34142
2.20698
2.07312
1.93994
1.80756
1.67607
1.54557
1.41615
1.28793
1.16099
1.03543
0.911337
0.788813
0.667955
0.548843
0.431558
0.3162
0.202841
0.0915652
-0.0175446
-0.124402
-0.228944
-0.33109
-0.430772
-0.527937
-0.62251
-0.714431
-0.803629
-0.890049
-0.973635
-1.05435
-1.13214
-1.20696
-1.27875
-1.3475
-1.41315
-1.47567
-1.53504
-1.59122
-1.6442
-1.69396
-1.74046
-1.7837
-1.82368
-1.86037
-1.89377
7.91009
7.88578
7.85744
7.82511
7.78881
7.74855
7.70438
7.65633
7.60444
7.54875
7.4893
7.42615
7.35935
7.28896
7.21504
7.13764
7.05684
6.97271
6.88531
6.79471
6.70101
6.60425
6.50453
6.40193
6.29652
6.1884
6.07766
5.96438
5.84867
5.73062
5.61031
5.48786
5.36339
5.23698
5.10874
4.97878
4.8472
4.71412
4.57964
4.44387
4.30691
4.16888
4.02989
3.89006
3.74949
3.60829
3.46658
3.32446
3.18207
3.03951
2.8969
2.75435
2.61197
2.46987
2.32818
2.187
2.04645
1.90663
1.76765
1.62963
1.49266
1.35686
1.22232
1.08914
0.957443
0.827314
0.698841
0.572133
0.447279
0.324363
0.203493
0.0847571
-0.0317771
-0.146024
-0.257888
-0.367296
-0.474158
-0.578419
-0.680011
-0.778862
-0.874899
-0.968055
-1.05826
-1.14547
-1.22965
-1.31074
-1.38867
-1.46341
-1.53491
-1.60315
-1.66807
-1.72965
-1.78787
-1.8427
-1.89411
-1.94209
-1.98662
-2.02768
-2.06527
-2.09938
8.18183
8.15627
8.12647
8.09247
8.05429
8.01195
7.9655
7.91496
7.86038
7.80181
7.73928
7.67286
7.60259
7.52855
7.4508
7.36939
7.2844
7.19589
7.10396
7.00866
6.9101
6.80833
6.70345
6.59553
6.48467
6.37097
6.2545
6.13538
6.01369
5.88954
5.76302
5.63425
5.50335
5.37041
5.23556
5.09889
4.96053
4.82059
4.67919
4.53644
4.39245
4.24734
4.10123
3.95422
3.80647
3.65805
3.50911
3.35976
3.21013
3.06031
2.91046
2.76067
2.61109
2.46182
2.31297
2.16468
2.01707
1.87024
1.72431
1.5794
1.43561
1.29305
1.15185
1.0121
0.873908
0.737385
0.602634
0.469745
0.338827
0.20997
0.0832839
-0.0411533
-0.163251
-0.282916
-0.400068
-0.514602
-0.626458
-0.735559
-0.841825
-0.945182
-1.04556
-1.14289
-1.23709
-1.32814
-1.41596
-1.50051
-1.58173
-1.65956
-1.73397
-1.80491
-1.87234
-1.93625
-1.99659
-2.05334
-2.10648
-2.15598
-2.20182
-2.244
-2.28251
-2.31734
8.46785
8.44097
8.40962
8.37385
8.33368
8.28913
8.24024
8.18707
8.12964
8.06801
8.00222
7.93233
7.8584
7.7805
7.69868
7.61302
7.52357
7.43044
7.33369
7.23342
7.1297
7.02263
6.91227
6.79874
6.68211
6.56249
6.43997
6.31464
6.18663
6.05603
5.92294
5.78748
5.64977
5.50993
5.36808
5.22432
5.07878
4.93159
4.78286
4.63271
4.48127
4.32867
4.17502
4.02044
3.86507
3.70903
3.55244
3.39542
3.23811
3.08064
2.92313
2.7657
2.60849
2.45161
2.29521
2.13942
1.98433
1.83009
1.67681
1.52461
1.37361
1.22392
1.07568
0.928987
0.783952
0.640683
0.499298
0.359887
0.222566
0.0874426
-0.0453915
-0.175828
-0.303786
-0.429166
-0.551867
-0.67181
-0.788906
-0.903081
-1.01426
-1.12235
-1.22728
-1.32898
-1.42739
-1.52245
-1.61409
-1.70224
-1.78688
-1.86793
-1.94536
-2.01912
-2.08917
-2.15547
-2.21801
-2.27674
-2.33165
-2.38271
-2.42989
-2.47321
-2.51265
-2.54818
8.76818
8.73993
8.70698
8.66935
8.62708
8.5802
8.52876
8.47281
8.41238
8.34751
8.27827
8.20472
8.12691
8.04491
7.95879
7.86862
7.77446
7.67642
7.57459
7.46904
7.35986
7.24715
7.13099
7.0115
6.88875
6.76285
6.6339
6.50202
6.3673
6.22986
6.08981
5.94727
5.80236
5.65522
5.50595
5.35468
5.20153
5.04666
4.89018
4.73221
4.5729
4.41237
4.25074
4.08815
3.92474
3.76063
3.59596
3.43085
3.26544
3.09987
2.93427
2.76878
2.60352
2.43864
2.27429
2.11056
1.9476
1.78554
1.62451
1.46463
1.30604
1.14885
0.993211
0.839201
0.686955
0.536596
0.388234
0.24199
0.0979397
-0.0437791
-0.183054
-0.319796
-0.453894
-0.585253
-0.713791
-0.839403
-0.961998
-1.0815
-1.19781
-1.31084
-1.42054
-1.52682
-1.62962
-1.72886
-1.82448
-1.91641
-2.0046
-2.08903
-2.16961
-2.2463
-2.31906
-2.38786
-2.45267
-2.51347
-2.57021
-2.62287
-2.67145
-2.71594
-2.75631
-2.79256
9.0822
9.05254
9.01791
8.97836
8.93391
8.88461
8.83051
8.77164
8.70805
8.63981
8.56695
8.48954
8.40766
8.32137
8.23072
8.13579
8.03669
7.93351
7.8263
7.71519
7.60026
7.4816
7.35932
7.23353
7.10432
6.9718
6.83608
6.69726
6.55547
6.41081
6.26341
6.11339
5.9609
5.80604
5.64894
5.48975
5.3286
5.16563
5.00097
4.83476
4.66714
4.49825
4.32822
4.15719
3.98529
3.81267
3.63948
3.46586
3.29192
3.11782
2.94371
2.76973
2.59601
2.42272
2.24996
2.07788
1.90663
1.73636
1.56717
1.39923
1.23266
1.06758
0.904132
0.74244
0.582631
0.424814
0.269117
0.115662
-0.0354322
-0.184069
-0.330111
-0.473461
-0.614011
-0.751674
-0.886333
-1.01789
-1.14626
-1.27134
-1.39304
-1.51127
-1.62597
-1.73706
-1.84446
-1.94807
-2.04785
-2.14375
-2.23568
-2.32362
-2.40749
-2.48725
-2.56285
-2.63425
-2.70144
-2.76438
-2.82302
-2.87737
-2.92739
-2.97307
-3.01441
-3.05138
9.40959
9.37845
9.34208
9.30052
9.25381
9.20197
9.14507
9.08316
9.01628
8.94449
8.86784
8.78641
8.70026
8.60946
8.51407
8.41418
8.30989
8.20128
8.08845
7.97149
7.85051
7.7256
7.59689
7.46448
7.32848
7.18899
7.04613
6.90003
6.75079
6.59855
6.44342
6.28554
6.12505
5.96207
5.79676
5.62924
5.45965
5.28816
5.11491
4.94002
4.76365
4.58596
4.40706
4.22715
4.04634
3.86479
3.68264
3.50002
3.31711
3.13405
2.95099
2.76808
2.58545
2.40327
2.2217
2.04086
1.86091
1.68198
1.50422
1.32781
1.15284
0.979465
0.807831
0.63806
0.47027
0.304619
0.141237
-0.019781
-0.178297
-0.334189
-0.487343
-0.637636
-0.784969
-0.92923
-1.07031
-1.20811
-1.34253
-1.47345
-1.60079
-1.72448
-1.84443
-1.96054
-2.07274
-2.18095
-2.28509
-2.38512
-2.48097
-2.57257
-2.65987
-2.74283
-2.82139
-2.89551
-2.96516
-3.03032
-3.09094
-3.14702
-3.19852
-3.24543
-3.28774
-3.32545
9.75067
9.71795
9.67974
9.63605
9.58693
9.53243
9.47258
9.40745
9.3371
9.26158
9.18094
9.09527
9.00463
8.90909
8.80872
8.70361
8.59386
8.47956
8.36082
8.23772
8.11038
7.97893
7.84345
7.70408
7.56093
7.41411
7.26377
7.11
6.95294
6.79273
6.62948
6.46333
6.29445
6.12295
5.949
5.77272
5.59428
5.41383
5.23154
5.04754
4.86199
4.67505
4.48687
4.29762
4.10744
3.9165
3.72493
3.53291
3.34057
3.14809
2.95562
2.76333
2.57136
2.37989
2.18904
1.99901
1.8099
1.6219
1.43517
1.24985
1.06608
0.884001
0.703771
0.525517
0.349393
0.175538
0.00407691
-0.16487
-0.331158
-0.494678
-0.655284
-0.812853
-0.967283
-1.11846
-1.26626
-1.4106
-1.55134
-1.68839
-1.82166
-1.95105
-2.07648
-2.19786
-2.31508
-2.42808
-2.5368
-2.64116
-2.74109
-2.83653
-2.92742
-3.01371
-3.09536
-3.17231
-3.24453
-3.31201
-3.37469
-3.43256
-3.48559
-3.53378
-3.5771
-3.61556
10.1067
10.0723
10.0321
9.98619
9.93452
9.87718
9.81421
9.74569
9.67165
9.59218
9.50732
9.41718
9.32179
9.22125
9.11563
9.00503
8.88954
8.76926
8.64428
8.51472
8.38072
8.24236
8.09977
7.95309
7.80242
7.64792
7.48969
7.32787
7.1626
6.99401
6.82222
6.64741
6.4697
6.28926
6.10624
5.92076
5.73302
5.54318
5.3514
5.15784
4.96266
4.76603
4.5681
4.36903
4.16902
3.96821
3.76676
3.56484
3.36262
3.16026
2.95794
2.7558
2.55403
2.35277
2.1522
1.95249
1.7538
1.55628
1.36011
1.16545
0.972429
0.781207
0.591957
0.404817
0.219931
0.0374339
-0.142508
-0.319783
-0.494252
-0.665758
-0.834197
-0.999419
-1.16131
-1.31975
-1.47464
-1.62582
-1.77323
-1.91672
-2.05622
-2.19162
-2.3228
-2.4497
-2.57221
-2.69026
-2.80378
-2.91269
-3.01691
-3.11637
-3.21103
-3.30084
-3.38574
-3.46566
-3.54059
-3.61048
-3.67532
-3.73507
-3.78971
-3.83921
-3.88358
-3.92281
10.4795
10.4433
10.401
10.3527
10.2983
10.238
10.1717
10.0996
10.0217
9.93802
9.84872
9.75384
9.65346
9.54763
9.43647
9.32008
9.19853
9.07194
8.9404
8.80406
8.66301
8.51739
8.36732
8.21293
8.05436
7.89174
7.72521
7.55492
7.38099
7.20358
7.02282
6.83887
6.65189
6.46203
6.26945
6.07431
5.8768
5.67709
5.47532
5.27169
5.06636
4.85951
4.65131
4.44194
4.23157
4.02038
3.80854
3.5962
3.38357
3.17081
2.95808
2.74559
2.53349
2.32193
2.11113
1.90125
1.69245
1.48492
1.2788
1.07429
0.871508
0.670667
0.471908
0.275397
0.0812715
-0.110315
-0.29921
-0.485266
-0.66832
-0.848262
-1.02495
-1.19823
-1.36799
-1.53409
-1.69641
-1.85483
-2.00923
-2.15952
-2.30557
-2.44728
-2.58453
-2.71723
-2.84531
-2.96867
-3.08724
-3.20092
-3.30964
-3.41334
-3.51195
-3.60543
-3.69372
-3.77675
-3.85449
-3.92692
-3.994
-4.05569
-4.11199
-4.16286
-4.20829
-4.24829
10.8699
10.8318
10.7873
10.7365
10.6793
10.6158
10.546
10.4701
10.3881
10.3001
10.2061
10.1062
10.0005
9.88912
9.77211
9.64959
9.52166
9.3884
9.24996
9.10644
8.95798
8.80468
8.64672
8.4842
8.31728
8.1461
7.97083
7.79158
7.60852
7.42179
7.23156
7.03799
6.84123
6.64144
6.43879
6.23347
6.02566
5.81549
5.6032
5.38896
5.17295
4.95532
4.7363
4.51606
4.29475
4.07261
3.84981
3.62651
3.40289
3.17916
2.95548
2.73206
2.50905
2.28666
2.06508
1.84446
1.62501
1.40691
1.19034
0.975425
0.762403
0.551426
0.342655
0.136245
-0.0675864
-0.268735
-0.467037
-0.662318
-0.854427
-1.04323
-1.22859
-1.41035
-1.58835
-1.76249
-1.93263
-2.09866
-2.26044
-2.41784
-2.57075
-2.71908
-2.86267
-3.00147
-3.13539
-3.26431
-3.38813
-3.50681
-3.62025
-3.72837
-3.83112
-3.92843
-4.02025
-4.10652
-4.18718
-4.26223
-4.33163
-4.39534
-4.45333
-4.5056
-4.55211
-4.59288
11.278
11.238
11.1912
11.1377
11.0776
11.0107
10.9374
10.8575
10.7711
10.6785
10.5795
10.4744
10.3631
10.2459
10.1227
9.99374
9.85906
9.71879
9.57305
9.42197
9.26567
9.1043
8.938
8.76694
8.59122
8.41102
8.22651
8.03783
7.84514
7.6486
7.44839
7.24466
7.03758
6.82731
6.61406
6.398
6.17931
5.95819
5.73481
5.50938
5.28208
5.05313
4.82272
4.591
4.35823
4.12454
3.89019
3.65532
3.42016
3.18487
2.94965
2.71473
2.48028
2.24647
2.01354
1.78163
1.551
1.32177
1.09417
0.868361
0.644533
0.422899
0.203606
-0.0131453
-0.227224
-0.43844
-0.646616
-0.851594
-1.05322
-1.25134
-1.44578
-1.63643
-1.82312
-2.00571
-2.18408
-2.35809
-2.52758
-2.69241
-2.85254
-3.0078
-3.15807
-3.30327
-3.4433
-3.57805
-3.70741
-3.8313
-3.94967
-4.06242
-4.16949
-4.27081
-4.36632
-4.45597
-4.53969
-4.61748
-4.68928
-4.75509
-4.81485
-4.86854
-4.91618
-4.95774
11.7042
11.6622
11.613
11.5567
11.4934
11.4231
11.3459
11.2618
11.171
11.0734
10.9693
10.8586
10.7415
10.6181
10.4884
10.3527
10.2109
10.0633
9.90985
9.75081
9.5863
9.41642
9.24138
9.06129
8.87631
8.68663
8.4924
8.29381
8.09098
7.88411
7.67337
7.45894
7.241
7.01973
6.79531
6.56793
6.33781
6.10513
5.87008
5.63288
5.39373
5.15284
4.91041
4.66667
4.42177
4.17597
3.92945
3.68242
3.43508
3.18765
2.94032
2.6933
2.44676
2.20096
1.95609
1.71234
1.46988
1.22896
0.989761
0.752497
0.517347
0.284497
0.0541396
-0.173549
-0.398376
-0.620167
-0.838726
-1.05389
-1.26552
-1.47344
-1.67748
-1.87749
-2.07329
-2.26475
-2.45174
-2.63411
-2.8117
-2.98441
-3.15209
-3.31464
-3.4719
-3.62381
-3.77025
-3.9111
-4.04625
-4.17562
-4.29916
-4.41676
-4.52835
-4.63385
-4.73323
-4.8264
-4.91331
-4.99395
-5.06826
-5.13624
-5.19781
-5.25298
-5.30176
-5.34412
12.1487
12.1045
12.0528
11.9936
11.927
11.8531
11.7719
11.6834
11.5878
11.4851
11.3755
11.259
11.1357
11.0058
10.8694
10.7265
10.5772
10.4218
10.2604
10.093
9.9198
9.74101
9.55674
9.36716
9.17245
8.9728
8.76835
8.5593
8.34581
8.12807
7.90627
7.6806
7.45125
7.21837
6.9822
6.74293
6.50078
6.25593
6.0086
5.75903
5.50739
5.25394
4.9989
4.74244
4.48483
4.22626
3.96695
3.70711
3.44699
3.18678
2.92669
2.66693
2.40773
2.14929
1.89187
1.63562
1.38078
1.12755
0.876194
0.626876
0.379766
0.135134
-0.106859
-0.346021
-0.58212
-0.815008
-1.0445
-1.2704
-1.49252
-1.71071
-1.9248
-2.1346
-2.33997
-2.54074
-2.73678
-2.9279
-3.11399
-3.29494
-3.47055
-3.64071
-3.80532
-3.96425
-4.11737
-4.2646
-4.40582
-4.54094
-4.66987
-4.79253
-4.90883
-5.01869
-5.12209
-5.21892
-5.30915
-5.39275
-5.46967
-5.53988
-5.60333
-5.66002
-5.70994
-5.75309
12.612
12.5655
12.5111
12.4489
12.3788
12.301
12.2155
12.1225
12.0218
11.9138
11.7984
11.6758
11.5461
11.4093
11.2657
11.1153
10.9582
10.7946
10.6247
10.4485
10.2662
10.078
9.88407
9.68454
9.47961
9.26945
9.05424
8.8342
8.6095
8.38033
8.14691
7.90941
7.66802
7.42299
7.17445
6.92269
6.66791
6.41025
6.15002
5.88745
5.62273
5.35607
5.08774
4.81797
4.54698
4.275
4.00226
3.72899
3.45541
3.18175
2.90825
2.63513
2.36262
2.09093
1.82029
1.55093
1.28309
1.01699
0.752837
0.490826
0.231226
-0.0257736
-0.279984
-0.531182
-0.779103
-1.02365
-1.2646
-1.50171
-1.73486
-1.96383
-2.18844
-2.40853
-2.62392
-2.83444
-3.03997
-3.24031
-3.4353
-3.62485
-3.80878
-3.98695
-4.15924
-4.3255
-4.48565
-4.63957
-4.78714
-4.92826
-5.06284
-5.1908
-5.31201
-5.42645
-5.53404
-5.6347
-5.72841
-5.81508
-5.89471
-5.96724
-6.03265
-6.09092
-6.14204
-6.18599
13.0952
13.0462
12.989
12.9235
12.8498
12.7679
12.678
12.58
12.4741
12.3604
12.239
12.1099
11.9733
11.8294
11.6782
11.5199
11.3546
11.1824
11.0036
10.8181
10.6263
10.4282
10.2241
10.0141
9.7984
9.57721
9.35071
9.11913
8.88265
8.64147
8.39579
8.14587
7.89188
7.63402
7.37251
7.10761
6.8395
6.56845
6.29468
6.01843
5.73991
5.45941
5.17714
4.89335
4.60831
4.32225
4.03542
3.748
3.4603
3.17254
2.88496
2.59781
2.3113
2.02566
1.74117
1.45804
1.17655
0.896892
0.619307
0.344019
0.0712474
-0.19875
-0.46576
-0.729565
-0.989981
-1.24676
-1.49973
-1.74867
-1.99336
-2.23363
-2.46932
-2.70022
-2.92614
-3.14693
-3.3624
-3.57241
-3.77678
-3.97536
-4.16801
-4.35456
-4.53493
-4.70892
-4.87643
-5.03737
-5.1916
-5.33901
-5.47951
-5.613
-5.73939
-5.85862
-5.9706
-6.07529
-6.1726
-6.2625
-6.34495
-6.41991
-6.48735
-6.54724
-6.59958
-6.64438
13.5992
13.5477
13.4875
13.4186
13.341
13.2549
13.1602
13.0571
12.9457
12.826
12.6982
12.5623
12.4186
12.2671
12.108
11.9413
11.7673
11.5861
11.3978
11.2027
11.0008
10.7923
10.5775
10.3565
10.1295
9.89671
9.65834
9.4146
9.16574
8.91191
8.65338
8.39037
8.12309
7.85176
7.57663
7.2979
7.01582
6.73065
6.44263
6.15198
5.85897
5.56388
5.26697
4.96847
4.66865
4.36778
4.06608
3.76383
3.46127
3.15868
2.85628
2.55435
2.25311
1.95286
1.65382
1.35625
1.06038
0.766456
0.474749
0.185478
-0.101128
-0.384794
-0.665262
-0.942336
-1.21582
-1.48549
-1.75109
-2.01242
-2.26927
-2.52143
-2.76874
-3.01098
-3.24796
-3.47952
-3.70544
-3.9256
-4.13976
-4.34784
-4.54965
-4.74502
-4.93381
-5.11588
-5.29115
-5.45943
-5.62064
-5.77465
-5.92133
-6.06062
-6.19243
-6.31666
-6.43323
-6.54211
-6.64319
-6.73643
-6.82183
-6.89931
-6.96885
-7.03041
-7.084
-7.12963
14.1249
14.0707
14.0073
13.9348
13.8532
13.7625
13.6629
13.5544
13.4371
13.3112
13.1767
13.0337
12.8824
12.7229
12.5554
12.38
12.1969
12.0061
11.808
11.6026
11.3901
11.1707
10.9447
10.7121
10.4732
10.2282
9.97728
9.72079
9.45887
9.19176
8.9197
8.64294
8.36168
8.07621
7.78671
7.49343
7.19666
6.89664
6.59361
6.28785
5.97963
5.66923
5.35689
5.0429
4.72752
4.41105
4.09374
3.77589
3.45775
3.13956
2.8216
2.50414
2.18748
1.87185
1.55751
1.24471
0.933732
0.624843
0.318285
0.0143451
-0.286777
-0.584777
-0.879403
-1.17043
-1.45765
-1.74084
-2.01971
-2.29402
-2.56362
-2.82826
-3.08777
-3.34193
-3.59052
-3.83334
-4.07025
-4.30102
-4.52552
-4.74354
-4.95492
-5.15952
-5.35719
-5.54776
-5.7311
-5.90709
-6.07561
-6.23651
-6.3897
-6.53505
-6.67253
-6.80198
-6.92336
-7.03662
-7.14164
-7.23837
-7.32682
-7.40692
-7.47865
-7.54196
-7.59683
-7.6433
14.6728
14.6158
14.5491
14.4728
14.3869
14.2916
14.1867
14.0726
13.9492
13.8166
13.675
13.5245
13.3653
13.1975
13.0211
12.8365
12.6438
12.4431
12.2345
12.0184
11.7948
11.5639
11.326
11.0812
10.8298
10.5719
10.3079
10.038
9.76235
9.48127
9.19501
8.90376
8.60783
8.30744
8.00281
7.69426
7.38204
7.0664
6.74762
6.426
6.10173
5.77519
5.44668
5.11641
4.78472
4.45188
4.11818
3.78394
3.44937
3.11479
2.78047
2.44673
2.11382
1.78201
1.45157
1.12279
0.795965
0.471344
0.149233
-0.170162
-0.486538
-0.799562
-1.10906
-1.41477
-1.71642
-2.01376
-2.30656
-2.59456
-2.87755
-3.15533
-3.42765
-3.6943
-3.95506
-4.20973
-4.45818
-4.70012
-4.93543
-5.1639
-5.38537
-5.59965
-5.80661
-6.00608
-6.19793
-6.38198
-6.55814
-6.7263
-6.8863
-7.03801
-7.1814
-7.31634
-7.44275
-7.56057
-7.6697
-7.77013
-7.86177
-7.94457
-8.01855
-8.08367
-8.13988
-8.1872
15.2436
15.1836
15.1135
15.0332
14.9429
14.8425
14.7322
14.6121
14.4822
14.3428
14.1938
14.0354
13.8678
13.6912
13.5056
13.3113
13.1085
12.8972
12.6778
12.4503
12.215
11.972
11.7217
11.4641
11.1995
10.9282
10.6504
10.3663
10.0762
9.78049
9.47922
9.17277
8.8614
8.54531
8.22484
7.90023
7.57176
7.23969
6.90434
6.56596
6.22491
5.88145
5.53588
5.18854
4.83969
4.48961
4.13869
3.78718
3.4354
3.08359
2.73208
2.38119
2.03122
1.6824
1.33506
0.989462
0.645974
0.304862
-0.0336413
-0.369217
-0.701574
-1.03049
-1.35561
-1.6767
-1.99349
-2.30571
-2.61312
-2.91553
-3.21258
-3.50413
-3.7899
-4.06963
-4.34319
-4.61034
-4.87083
-5.12451
-5.37118
-5.61062
-5.84265
-6.06709
-6.28378
-6.49258
-6.69331
-6.88583
-7.07001
-7.24574
-7.41285
-7.57123
-7.72081
-7.86148
-7.99313
-8.11571
-8.22915
-8.33339
-8.42834
-8.51397
-8.59028
-8.65724
-8.71483
-8.76302
15.8377
15.7747
15.7009
15.6164
15.5214
15.4158
15.2997
15.1734
15.0367
14.89
14.7332
14.5666
14.3902
14.2043
14.009
13.8046
13.5911
13.3688
13.1378
12.8984
12.6508
12.3952
12.1317
11.8606
11.5822
11.2968
11.0044
10.7055
10.4003
10.0891
9.77213
9.4497
9.12208
8.78954
8.45237
8.11087
7.76533
7.41599
7.06321
6.70732
6.34856
5.98734
5.62387
5.25851
4.89162
4.5235
4.15447
3.78484
3.41492
3.04501
2.67549
2.30658
1.93865
1.572
1.20694
0.843757
0.482759
0.124253
-0.231453
-0.584023
-0.933241
-1.2787
-1.62023
-1.95749
-2.29017
-2.61803
-2.94082
-3.25826
-3.57007
-3.87603
-4.17588
-4.46943
-4.75639
-5.03657
-5.30975
-5.57569
-5.83424
-6.08515
-6.32826
-6.56333
-6.79024
-7.00882
-7.21887
-7.42026
-7.61284
-7.79648
-7.97104
-8.13639
-8.29244
-8.43908
-8.57623
-8.7038
-8.82171
-8.92991
-9.02831
-9.1169
-9.19563
-9.2645
-9.3235
-9.37254
16.4557
16.3894
16.3119
16.223
16.123
16.0119
15.8898
15.7568
15.6131
15.4587
15.2937
15.1184
14.9328
14.7372
14.5317
14.3166
14.0919
13.858
13.615
13.3631
13.1025
12.8335
12.5563
12.2711
11.9782
11.6778
11.3702
11.0557
10.7346
10.4072
10.0737
9.73445
9.38977
9.03994
8.68523
8.32599
7.96252
7.59507
7.22401
6.84963
6.47236
6.09239
5.71013
5.32594
4.94007
4.55299
4.16494
3.77629
3.38733
2.99846
2.60995
2.22218
1.83544
1.45007
1.06636
0.684671
0.305278
-0.0713995
-0.445162
-0.815639
-1.18242
-1.54537
-1.90408
-2.25829
-2.60767
-2.95193
-3.29083
-3.62406
-3.95137
-4.27248
-4.58716
-4.89513
-5.19614
-5.49002
-5.77644
-6.0553
-6.32629
-6.58927
-6.84395
-7.09017
-7.32782
-7.55664
-7.77644
-7.98711
-8.18849
-8.38042
-8.56279
-8.73543
-8.89827
-9.05116
-9.19405
-9.32682
-9.44943
-9.56175
-9.66375
-9.7554
-9.83665
-9.90751
-9.96792
-10.0178
17.0984
17.0287
16.9471
16.8536
16.7484
16.6315
16.5031
16.3632
16.212
16.0495
15.876
15.6915
15.4962
15.2904
15.0742
14.8478
14.6114
14.3653
14.1096
13.8445
13.5704
13.2873
12.9957
12.6957
12.3875
12.0714
11.7478
11.417
11.0791
10.7347
10.3838
10.027
9.66434
9.29636
8.92326
8.54538
8.16305
7.77657
7.38629
6.99258
6.59575
6.19619
5.79417
5.39013
4.98445
4.57741
4.16941
3.76075
3.35182
2.94304
2.53465
2.12704
1.72048
1.31541
0.912167
0.511042
0.112443
-0.283381
-0.676109
-1.06527
-1.45066
-1.83188
-2.20864
-2.58062
-2.94753
-3.30902
-3.66477
-4.01456
-4.35818
-4.69516
-5.02531
-5.34843
-5.66423
-5.97244
-6.27285
-6.5652
-6.84927
-7.12482
-7.39164
-7.6496
-7.89846
-8.13798
-8.36802
-8.58841
-8.79899
-8.99962
-9.19015
-9.37044
-9.54033
-9.69976
-9.84863
-9.98685
-10.1143
-10.231
-10.3367
-10.4315
-10.5154
-10.5883
-10.6502
-10.701
17.7663
17.693
17.6072
17.5089
17.3982
17.2752
17.1401
16.9929
16.8338
16.6629
16.4803
16.2863
16.0809
15.8643
15.6368
15.3986
15.1499
14.8909
14.6219
14.343
14.0546
13.7569
13.45
13.1343
12.8101
12.4777
12.1373
11.7892
11.4338
11.0714
10.7024
10.327
9.94555
9.55846
9.16604
8.7686
8.36645
7.96
7.54957
7.13553
6.7182
6.29801
5.87536
5.45048
5.02389
4.59592
4.16696
3.73735
3.30751
2.87777
2.44848
2.02
1.59274
1.16706
0.743275
0.321774
-0.0970872
-0.513017
-0.92553
-1.33441
-1.73924
-2.13965
-2.53533
-2.92596
-3.31122
-3.69073
-4.06421
-4.43147
-4.79209
-5.1457
-5.4921
-5.83115
-6.16243
-6.48566
-6.80063
-7.10711
-7.4049
-7.69366
-7.97327
-8.24348
-8.50407
-8.75481
-8.99554
-9.22612
-9.44634
-9.65607
-9.85517
-10.0434
-10.2207
-10.387
-10.5421
-10.686
-10.8185
-10.9397
-11.0494
-11.1475
-11.2341
-11.3091
-11.3724
-11.4242
18.4602
18.3831
18.2928
18.1894
18.0729
17.9436
17.8014
17.6466
17.4792
17.2995
17.1074
16.9032
16.6871
16.4593
16.22
15.9694
15.7077
15.4352
15.1522
14.8589
14.5554
14.2422
13.9194
13.5874
13.2464
12.8966
12.5385
12.1724
11.7986
11.4174
11.0292
10.6344
10.2332
9.8261
9.41337
8.9954
8.57244
8.14505
7.71345
7.27801
6.83924
6.39742
5.95294
5.50628
5.05779
4.60786
4.1569
3.7053
3.25344
2.80173
2.3505
1.90021
1.45121
1.00386
0.558525
0.115634
-0.324464
-0.761405
-1.19482
-1.62427
-2.04944
-2.47003
-2.88559
-3.29577
-3.70034
-4.09875
-4.49083
-4.87633
-5.25475
-5.6258
-5.98938
-6.34505
-6.69254
-7.03155
-7.36184
-7.68317
-7.99527
-8.2979
-8.59087
-8.8739
-9.1468
-9.40929
-9.66124
-9.90248
-10.1328
-10.3521
-10.5601
-10.7567
-10.9417
-11.1152
-11.2769
-11.4267
-11.5645
-11.6904
-11.8041
-11.9057
-11.9951
-12.0723
-12.1372
-12.1899
19.1805
19.0994
19.0044
18.8957
18.7732
18.6371
18.4876
18.3248
18.1487
17.9596
17.7576
17.5428
17.3155
17.0758
16.8241
16.5605
16.2852
15.9986
15.7009
15.3923
15.0731
14.7436
14.4041
14.0549
13.6961
13.3283
12.9516
12.5666
12.1734
11.7725
11.3642
10.949
10.5271
10.0989
9.66491
9.22533
8.78065
8.33118
7.87731
7.41955
6.95816
6.49361
6.02631
5.55674
5.08522
4.61226
4.13823
3.66353
3.18859
2.7138
2.2396
1.7664
1.29457
0.824488
0.356596
-0.108735
-0.571128
-1.03014
-1.48541
-1.93653
-2.38314
-2.82478
-3.26124
-3.69198
-4.11661
-4.53496
-4.94655
-5.3511
-5.74826
-6.13769
-6.51914
-6.89222
-7.25668
-7.61223
-7.95859
-8.29548
-8.62263
-8.9398
-9.24672
-9.5432
-9.82897
-10.1038
-10.3675
-10.6199
-10.8608
-11.09
-11.3074
-11.5127
-11.7058
-11.8868
-12.0553
-12.2113
-12.3547
-12.4855
-12.6035
-12.7086
-12.8009
-12.8804
-12.9469
-13.0006
19.9277
19.8425
19.7426
19.6282
19.4994
19.3563
19.1991
19.0278
18.8426
18.6437
18.4312
18.2053
17.9662
17.7142
17.4494
17.1721
16.8825
16.5811
16.2679
15.9433
15.6076
15.2611
14.904
14.5366
14.1593
13.7725
13.3764
12.9714
12.5579
12.1363
11.707
11.2703
10.8267
10.3765
9.92001
9.45786
8.99026
8.51765
8.04049
7.55916
7.07412
6.58577
6.09455
5.60094
5.10529
4.60814
4.10988
3.61096
3.11177
2.61283
2.1145
1.61726
1.12139
0.62748
0.13589
-0.352968
-0.838744
-1.3209
-1.79912
-2.27292
-2.74192
-3.20577
-3.66397
-4.1162
-4.56208
-5.00118
-5.4333
-5.85792
-6.27467
-6.68331
-7.08347
-7.47484
-7.85712
-8.22998
-8.59311
-8.94626
-9.28913
-9.62159
-9.94317
-10.2537
-10.553
-10.8407
-11.1167
-11.3808
-11.6328
-11.8724
-12.0995
-12.314
-12.5156
-12.7044
-12.8801
-13.0425
-13.1917
-13.3276
-13.45
-13.5589
-13.6542
-13.736
-13.8043
-13.8589
20.7023
20.6127
20.5077
20.3874
20.252
20.1015
19.9361
19.756
19.5612
19.352
19.1286
18.891
18.6395
18.3744
18.0959
17.8043
17.4998
17.1827
16.8534
16.512
16.159
15.7945
15.419
15.0326
14.6359
14.2291
13.8125
13.3867
12.9519
12.5086
12.0572
11.598
11.1314
10.6581
10.1782
9.69229
9.20069
8.70384
8.20221
7.6962
7.18633
6.67298
6.15662
5.63776
5.11682
4.59423
4.0706
3.54631
3.02174
2.49741
1.97383
1.45129
0.930344
0.411481
-0.104942
-0.618594
-1.12881
-1.6352
-2.13747
-2.63511
-3.12763
-3.61465
-4.09573
-4.5706
-5.03869
-5.49962
-5.95312
-6.39873
-6.83607
-7.26484
-7.68459
-8.0951
-8.49605
-8.88709
-9.26784
-9.63802
-9.99746
-10.3458
-10.6827
-11.008
-11.3214
-11.6227
-11.9116
-12.1879
-12.4514
-12.7019
-12.9393
-13.1633
-13.3739
-13.5708
-13.7539
-13.9231
-14.0784
-14.2196
-14.3466
-14.4594
-14.5579
-14.6422
-14.7121
-14.7677
21.5047
21.4105
21.3001
21.1736
21.0312
20.8729
20.699
20.5096
20.3048
20.0848
19.8498
19.6
19.3356
19.0568
18.764
18.4573
18.1371
17.8036
17.4573
17.0983
16.7271
16.3438
15.9489
15.5427
15.1256
14.6978
14.2598
13.812
13.3549
12.8888
12.4141
11.9313
11.4409
10.9432
10.4387
9.92789
9.41115
8.88883
8.36152
7.82969
7.29374
6.75415
6.21146
5.66607
5.11859
4.56946
4.01922
3.46827
2.91709
2.3661
1.81596
1.26698
0.719722
0.174636
-0.367822
-0.907272
-1.44316
-1.97512
-2.50257
-3.02514
-3.54233
-4.05362
-4.55877
-5.05729
-5.54857
-6.0324
-6.50835
-6.97594
-7.43479
-7.88466
-8.32507
-8.75564
-9.17615
-9.58612
-9.98537
-10.3735
-10.7502
-11.1152
-11.4681
-11.8089
-12.1371
-12.4525
-12.7549
-13.0439
-13.3196
-13.5815
-13.8296
-14.0636
-14.2834
-14.4889
-14.6798
-14.8561
-15.0177
-15.1645
-15.2963
-15.4131
-15.5149
-15.6017
-15.6733
-15.7299
22.3352
22.2361
22.12
21.9871
21.8373
21.6709
21.4881
21.2889
21.0736
20.8423
20.5952
20.3325
20.0545
19.7614
19.4534
19.1309
18.7943
18.4437
18.0795
17.7021
17.3117
16.9088
16.4936
16.0665
15.6279
15.1781
14.7177
14.247
13.7663
13.2763
12.7773
12.2698
11.7542
11.2311
10.7008
10.1639
9.62063
9.07163
8.51741
7.95843
7.39519
6.82817
6.25779
5.68471
5.10937
4.53236
3.95418
3.37526
2.79613
2.21737
1.63934
1.06272
0.487825
-0.0847713
-0.65456
-1.22113
-1.784
-2.34258
-2.8965
-3.44515
-3.98806
-4.5249
-5.05523
-5.57847
-6.0942
-6.60197
-7.10135
-7.592
-8.07348
-8.54545
-9.00745
-9.45902
-9.90001
-10.3298
-10.7484
-11.1553
-11.5501
-11.9324
-12.3023
-12.6592
-13.0029
-13.333
-13.6495
-13.952
-14.2403
-14.5142
-14.7734
-15.0179
-15.2474
-15.4618
-15.6608
-15.8445
-16.0127
-16.1652
-16.3021
-16.4231
-16.5284
-16.6178
-16.6912
-16.7488
23.1939
23.0898
22.9678
22.828
22.6706
22.4957
22.3034
22.094
21.8676
21.6245
21.3647
21.0885
20.7962
20.488
20.1643
19.8253
19.4713
19.1027
18.7199
18.323
17.9127
17.489
17.0526
16.6036
16.1425
15.6697
15.1857
14.6908
14.1856
13.6705
13.1461
12.6126
12.0707
11.5209
10.9635
10.3991
9.82826
9.25132
8.6689
8.08141
7.48951
6.89362
6.2943
5.69216
5.08768
4.48147
3.87395
3.26577
2.6574
2.04937
1.44227
0.836519
0.232671
-0.368718
-0.967167
-1.56211
-2.15312
-2.73961
-3.32121
-3.89731
-4.46729
-5.03091
-5.58752
-6.13664
-6.67791
-7.21076
-7.73486
-8.24965
-8.75476
-9.2498
-9.7343
-10.208
-10.6704
-11.1211
-11.5598
-11.9863
-12.4
-12.8007
-13.1881
-13.5619
-13.9218
-14.2675
-14.5986
-14.9152
-15.2168
-15.5031
-15.774
-16.0295
-16.2691
-16.4928
-16.7004
-16.8918
-17.0668
-17.2254
-17.3674
-17.4929
-17.6018
-17.6938
-17.7692
-17.8279
24.0811
23.9717
23.8434
23.6965
23.5311
23.3472
23.1451
22.925
22.687
22.4313
22.1583
21.868
21.5607
21.2368
20.8964
20.5401
20.168
19.7805
19.378
18.9609
18.5295
18.0843
17.6255
17.1535
16.6689
16.1719
15.6631
15.143
14.6121
14.0707
13.5195
12.9589
12.3894
11.8115
11.2258
10.6327
10.0328
9.42659
8.81455
8.19723
7.57527
6.94917
6.31957
5.68692
5.05188
4.41495
3.77679
3.13799
2.49893
1.86032
1.22264
0.586469
-0.0477384
-0.679252
-1.30763
-1.9324
-2.55294
-3.16878
-3.77928
-4.38401
-4.98241
-5.57399
-6.1582
-6.73455
-7.30254
-7.86164
-8.41149
-8.95153
-9.48143
-10.0007
-10.5089
-11.0055
-11.4903
-11.9629
-12.4228
-12.8697
-13.3033
-13.7231
-14.1289
-14.5204
-14.8973
-15.2591
-15.6057
-15.9369
-16.2523
-16.5517
-16.8349
-17.1018
-17.3519
-17.5854
-17.8018
-18.0012
-18.1835
-18.3485
-18.4959
-18.626
-18.7386
-18.8335
-18.9108
-18.9705
24.9968
24.8818
24.7471
24.5926
24.4187
24.2255
24.013
23.7817
23.5315
23.2629
22.9758
22.6707
22.3478
22.0073
21.6496
21.275
20.8839
20.4767
20.0537
19.6153
19.1619
18.6939
18.2117
17.7157
17.2063
16.6841
16.1494
15.6028
15.0448
14.4759
13.8967
13.3076
12.7092
12.102
11.4865
10.8633
10.233
9.59604
8.95306
8.30446
7.65109
6.99337
6.33189
5.66733
5.00017
4.3312
3.66098
2.98998
2.31881
1.6481
0.978386
0.310333
-0.355549
-1.01867
-1.67849
-2.33441
-2.98594
-3.63238
-4.27331
-4.90808
-5.53612
-6.15702
-6.77005
-7.37482
-7.97082
-8.55742
-9.13425
-9.70084
-10.2567
-10.8012
-11.3341
-11.8549
-12.3632
-12.8585
-13.3406
-13.8089
-14.2632
-14.7031
-15.1281
-15.5381
-15.9328
-16.3115
-16.6742
-17.0208
-17.3506
-17.6637
-17.9597
-18.2384
-18.4997
-18.7433
-18.9691
-19.1769
-19.3666
-19.5382
-19.6913
-19.8261
-19.9426
-20.0404
-20.1198
-20.1806
25.9409
25.8201
25.6785
25.5163
25.3335
25.1304
24.9072
24.664
24.4012
24.1188
23.8171
23.4965
23.1571
22.7993
22.4233
22.0297
21.6187
21.1908
20.7463
20.2856
19.8091
19.3173
18.8106
18.2893
17.7541
17.2053
16.6435
16.0692
15.4829
14.8851
14.2765
13.6575
13.0289
12.3909
11.7442
11.0896
10.4274
9.75832
9.08278
8.40152
7.71514
7.02425
6.32942
5.6314
4.93078
4.22816
3.52425
2.81955
2.1147
1.41042
0.707417
0.00594578
-0.693201
-1.38941
-2.08206
-2.77063
-3.4545
-4.13312
-4.80587
-5.47206
-6.13117
-6.78264
-7.42604
-8.06063
-8.68591
-9.30123
-9.90631
-10.5006
-11.0835
-11.6546
-12.2133
-12.7594
-13.2922
-13.8114
-14.3167
-14.8074
-15.2834
-15.7443
-16.1894
-16.6188
-17.0319
-17.4284
-17.8081
-18.1705
-18.5155
-18.8428
-19.1522
-19.4433
-19.7162
-19.9705
-20.206
-20.4225
-20.6201
-20.7985
-20.9576
-21.0974
-21.2178
-21.3187
-21.4002
-21.4622
26.9133
26.7864
26.6377
26.4672
26.2751
26.0617
25.8272
25.5717
25.2955
24.9987
24.6818
24.3448
23.9882
23.6122
23.2172
22.8036
22.3718
21.9222
21.4551
20.9711
20.4704
19.9537
19.4212
18.8736
18.3112
17.7347
17.1444
16.541
15.925
15.2971
14.6577
14.0075
13.347
12.6768
11.9977
11.31
10.6144
9.91153
9.20205
8.4865
7.76558
7.04
6.31034
5.57726
4.84146
4.10364
3.3645
2.62463
1.88458
1.14522
0.406978
-0.329398
-1.0633
-1.79413
-2.52123
-3.24394
-3.96177
-4.67403
-5.37994
-6.07895
-6.77067
-7.45432
-8.12929
-8.79505
-9.45092
-10.0965
-10.731
-11.3543
-11.9656
-12.5644
-13.1502
-13.7226
-14.2811
-14.8254
-15.3548
-15.869
-16.3677
-16.8504
-17.3167
-17.7662
-18.1987
-18.6137
-19.011
-19.3902
-19.7511
-20.0932
-20.4165
-20.7207
-21.0057
-21.2712
-21.5166
-21.7423
-21.9481
-22.1337
-22.2991
-22.444
-22.5686
-22.6727
-22.7563
-22.8195
27.9137
27.7804
27.6241
27.445
27.2433
27.0191
26.7727
26.5042
26.214
25.9022
25.5693
25.2153
24.8406
24.4456
24.0306
23.5961
23.1424
22.67
22.1794
21.6708
21.1449
20.6021
20.0427
19.4674
18.8766
18.2709
17.6509
17.017
16.37
15.7104
15.0389
14.356
13.6621
12.9583
12.245
11.5228
10.7923
10.0541
9.30901
8.55758
7.80053
7.03863
6.27235
5.5026
4.73008
3.95548
3.17945
2.40252
1.62577
0.849592
0.0745839
-0.698373
-1.46864
-2.23588
-2.99893
-3.75736
-4.51064
-5.258
-5.9988
-6.73233
-7.45802
-8.17528
-8.88334
-9.58167
-10.2696
-10.9466
-11.612
-12.2655
-12.9066
-13.5344
-14.1485
-14.7484
-15.3339
-15.9043
-16.4589
-16.9977
-17.5201
-18.0257
-18.514
-18.9846
-19.4374
-19.8718
-20.2874
-20.6841
-21.0616
-21.4193
-21.7571
-22.0749
-22.3726
-22.6495
-22.9056
-23.1409
-23.3551
-23.5482
-23.72
-23.8704
-23.9994
-24.1068
-24.1926
-24.2569
28.9415
28.8015
28.6373
28.4492
28.2373
28.0018
27.743
27.461
27.1561
26.8287
26.4788
26.107
25.7134
25.2985
24.8626
24.4062
23.9296
23.4335
22.9181
22.3839
21.8315
21.2613
20.6738
20.0695
19.449
18.8128
18.1616
17.4959
16.8164
16.1236
15.4184
14.7011
13.9727
13.2336
12.4845
11.726
10.959
10.1839
9.40149
8.61243
7.81757
7.0177
6.21319
5.40508
4.5941
3.78094
2.9662
2.15082
1.33535
0.520742
-0.292716
-1.10391
-1.91243
-2.7174
-3.51825
-4.31413
-5.1045
-5.88855
-6.66586
-7.43534
-8.19659
-8.94902
-9.6917
-10.4241
-11.1455
-11.8554
-12.5533
-13.2384
-13.9103
-14.5685
-15.2122
-15.841
-16.4546
-17.0522
-17.6333
-18.1978
-18.7449
-19.2744
-19.7857
-20.2785
-20.7524
-21.2069
-21.6418
-22.0568
-22.4515
-22.8255
-23.1786
-23.5106
-23.8212
-24.1103
-24.3775
-24.6228
-24.8458
-25.0467
-25.2252
-25.3813
-25.5148
-25.6257
-25.7138
-25.7793
29.9961
29.849
29.6766
29.4791
29.2565
29.0092
28.7373
28.4412
28.121
27.7771
27.4097
27.0191
26.6058
26.17
25.7122
25.2329
24.7325
24.2113
23.67
23.1091
22.5289
21.9301
21.3131
20.6785
20.0268
19.3588
18.6749
17.9759
17.2623
16.535
15.7944
15.0413
14.2764
13.5005
12.714
11.9176
11.1122
10.2984
9.47714
8.64879
7.81432
6.9746
6.13006
5.28189
4.43055
3.57709
2.72212
1.86636
1.01064
0.155521
-0.69809
-1.54942
-2.39764
-3.24221
-4.08249
-4.91749
-5.74661
-6.56917
-7.38456
-8.19172
-8.99021
-9.77929
-10.558
-11.3261
-12.0826
-12.8271
-13.5588
-14.277
-14.9812
-15.671
-16.3457
-17.0046
-17.6475
-18.2736
-18.8825
-19.4736
-20.0467
-20.6011
-21.1365
-21.6524
-22.1483
-22.6239
-23.0789
-23.5131
-23.9257
-24.3167
-24.6857
-25.0325
-25.3568
-25.6585
-25.9372
-26.1928
-26.4253
-26.6342
-26.8198
-26.9817
-27.1199
-27.2344
-27.3249
-27.3918
31.0766
30.9222
30.7412
30.5338
30.3001
30.0404
29.7549
29.4439
29.1077
28.7465
28.3607
27.9506
27.5166
27.059
26.5782
26.0749
25.5494
25.0022
24.4339
23.8449
23.2357
22.6069
21.9591
21.2927
20.6086
19.9071
19.1891
18.4552
17.706
16.9424
16.1649
15.3743
14.5713
13.7567
12.9309
12.095
11.2497
10.3955
9.53332
8.66392
7.78807
6.90659
6.02041
5.13021
4.2369
3.34122
2.44397
1.54585
0.647984
-0.249232
-1.14471
-2.03792
-2.92793
-3.81401
-4.69537
-5.57126
-6.44106
-7.30388
-8.15887
-9.0055
-9.84284
-10.6702
-11.4869
-12.2921
-13.0852
-13.8656
-14.6326
-15.3855
-16.1237
-16.8465
-17.5535
-18.244
-18.9175
-19.5733
-20.211
-20.8302
-21.4303
-22.0107
-22.5712
-23.1112
-23.6302
-24.1279
-24.6039
-25.0578
-25.4893
-25.8981
-26.2835
-26.6458
-26.9845
-27.2994
-27.59
-27.8564
-28.0986
-28.3161
-28.5089
-28.6768
-28.82
-28.9382
-29.0312
-29.0996
32.1821
32.02
31.8299
31.6121
31.3668
31.0941
30.7945
30.468
30.1149
29.7357
29.3306
28.9001
28.4443
27.9639
27.4592
26.9308
26.3791
25.8047
25.208
24.5896
23.9501
23.29
22.6099
21.9104
21.1921
20.4558
19.7021
18.9316
18.1452
17.3436
16.5275
15.6978
14.8549
13.9998
13.1333
12.2561
11.3687
10.4722
9.56744
8.65495
7.73592
6.81088
5.881
4.94696
4.00955
3.06977
2.12832
1.18617
0.24411
-0.696915
-1.63649
-2.57336
-3.50697
-4.4364
-5.36091
-6.27956
-7.19164
-8.09654
-8.99302
-9.88088
-10.7588
-11.6263
-12.4823
-13.3264
-14.158
-14.9759
-15.7797
-16.5688
-17.3423
-18.0997
-18.8404
-19.5639
-20.2693
-20.9563
-21.6241
-22.2726
-22.9009
-23.5084
-24.0951
-24.6602
-25.2033
-25.724
-26.2218
-26.6965
-27.1477
-27.5749
-27.9776
-28.356
-28.7097
-29.0383
-29.3414
-29.6192
-29.8713
-30.0977
-30.2982
-30.4724
-30.6206
-30.7427
-30.8383
-30.9081
33.3111
33.141
32.9415
32.7129
32.4554
32.1692
31.8546
31.5118
31.1413
30.7432
30.318
29.866
29.3876
28.8833
28.3536
27.7989
27.2198
26.6169
25.9906
25.3415
24.6702
23.9774
23.2635
22.5293
21.7754
21.0026
20.2115
19.4029
18.5776
17.7363
16.88
16.0091
15.1247
14.2274
13.3181
12.3975
11.4663
10.5258
9.57627
8.61884
7.65459
6.68415
5.70854
4.72857
3.74496
2.75929
1.77171
0.783454
-0.204548
-1.1919
-2.17717
-3.1599
-4.13885
-5.11361
-6.08313
-7.04631
-8.00291
-8.95158
-9.89153
-10.8222
-11.7426
-12.6518
-13.5495
-14.4342
-15.3057
-16.1628
-17.0051
-17.8319
-18.6423
-19.4358
-20.2116
-20.9695
-21.7083
-22.4277
-23.1271
-23.806
-24.4638
-25.0996
-25.7137
-26.305
-26.8732
-27.4179
-27.9385
-28.4349
-28.9065
-29.3529
-29.7738
-30.1689
-30.5381
-30.881
-31.1972
-31.4868
-31.7493
-31.9849
-32.1932
-32.3741
-32.5276
-32.6537
-32.7522
-32.8233
34.4622
34.2837
34.0744
33.8345
33.5642
33.2638
32.9336
32.5739
32.1851
31.7673
31.3209
30.8466
30.3445
29.8153
29.2593
28.6772
28.0695
27.4367
26.7795
26.0983
25.3939
24.6668
23.9176
23.1472
22.3561
21.545
20.7149
19.8665
19.0005
18.1178
17.2193
16.3056
15.3776
14.4362
13.482
12.5162
11.5395
10.5526
9.55652
8.55234
7.54071
6.52261
5.49933
4.47127
3.43978
2.40571
1.3701
0.3338
-0.702781
-1.73786
-2.77106
-3.8014
-4.8282
-5.85006
-6.86639
-7.87644
-8.87912
-9.87391
-10.8592
-11.8347
-12.7994
-13.7524
-14.6931
-15.6202
-16.5333
-17.4313
-18.314
-19.18
-20.0289
-20.8601
-21.6727
-22.4663
-23.24
-23.9932
-24.7255
-25.4361
-26.1246
-26.7901
-27.4327
-28.0513
-28.6457
-29.2154
-29.7598
-30.2788
-30.7717
-31.2381
-31.6778
-32.0905
-32.476
-32.8335
-33.1633
-33.4651
-33.7387
-33.9839
-34.2004
-34.3881
-34.5472
-34.6776
-34.7788
-34.8512
35.6337
35.4463
35.2267
34.9749
34.6914
34.3762
34.0297
33.6523
33.2442
32.8058
32.3375
31.8398
31.3129
30.7576
30.1743
29.5635
28.9258
28.2619
27.5723
26.8577
26.1185
25.3557
24.5697
23.7613
22.9313
22.0804
21.2095
20.3194
19.4109
18.485
17.5423
16.5839
15.6104
14.6229
13.6221
12.609
11.5843
10.5492
9.50463
8.45131
7.39012
6.32252
5.24943
4.1713
3.08958
2.00538
0.919291
-0.167526
-1.25399
-2.33934
-3.42269
-4.50297
-5.57913
-6.65038
-7.71593
-8.77466
-9.82589
-10.8683
-11.901
-12.9232
-13.9342
-14.9329
-15.9183
-16.8897
-17.8463
-18.7872
-19.7117
-20.6188
-21.508
-22.3784
-23.2294
-24.0602
-24.8704
-25.6589
-26.4253
-27.169
-27.8896
-28.586
-29.2583
-29.9054
-30.5271
-31.1227
-31.6919
-32.2345
-32.7497
-33.2369
-33.696
-34.127
-34.5293
-34.9025
-35.2463
-35.5608
-35.8458
-36.1009
-36.326
-36.5209
-36.6858
-36.8205
-36.9245
-36.9984
36.8233
36.6268
36.3964
36.1323
35.8348
35.5041
35.1406
34.7446
34.3165
33.8566
33.3654
32.8431
32.2904
31.7079
31.0959
30.4552
29.7863
29.0898
28.3664
27.6168
26.8415
26.0412
25.2167
24.3687
23.4981
22.6056
21.6921
20.7585
19.8056
18.8343
17.8457
16.8404
15.8195
14.7838
13.7343
12.6718
11.5974
10.5119
9.4163
8.31181
7.19935
6.07965
4.9544
3.82418
2.69008
1.55325
0.414915
-0.724477
-1.86363
-3.00134
-4.13669
-5.26897
-6.39707
-7.52006
-8.63672
-9.7464
-10.8478
-11.9399
-13.022
-14.0935
-15.1526
-16.1986
-17.2312
-18.2487
-19.2506
-20.2361
-21.2043
-22.1541
-23.0853
-23.9967
-24.8876
-25.7574
-26.6055
-27.4308
-28.2327
-29.0111
-29.765
-30.4937
-31.1968
-31.8737
-32.5237
-33.1465
-33.7415
-34.3084
-34.8467
-35.3557
-35.8353
-36.2854
-36.705
-37.0942
-37.4529
-37.7807
-38.0773
-38.3428
-38.5767
-38.7792
-38.9501
-39.089
-39.1961
-39.2718
38.0287
37.8226
37.5808
37.3039
36.9918
36.645
36.2638
35.8485
35.3995
34.9171
34.4018
33.854
33.2744
32.6633
32.0215
31.3495
30.6479
29.9175
29.1589
28.3726
27.5595
26.7202
25.8555
24.9662
24.0531
23.1171
22.1592
21.1802
20.1809
19.1625
18.1257
17.0718
16.0012
14.9154
13.815
12.7009
11.5743
10.4362
9.28754
8.12957
6.96344
5.78978
4.60993
3.42508
2.23657
1.04497
-0.14839
-1.3426
-2.53614
-3.7285
-4.91886
-6.10531
-7.28733
-8.46407
-9.63426
-10.7967
-11.9505
-13.0949
-14.2288
-15.3511
-16.4604
-17.5561
-18.6374
-19.7031
-20.7523
-21.7843
-22.798
-23.7925
-24.7673
-25.7214
-26.654
-27.5643
-28.4518
-29.3155
-30.1547
-30.9689
-31.7576
-32.5197
-33.2551
-33.9629
-34.6423
-35.2935
-35.9153
-36.5078
-37.07
-37.6015
-38.1024
-38.5724
-39.0102
-39.416
-39.79
-40.1317
-40.4406
-40.7166
-40.9597
-41.1699
-41.347
-41.4904
-41.6007
-41.6781
39.2471
39.0309
38.7775
38.487
38.1599
37.7963
37.3965
36.9611
36.4902
35.9843
35.4439
34.8694
34.2616
33.6208
32.9478
32.2432
31.5076
30.7417
29.9463
29.1218
28.2692
27.3893
26.4825
25.5501
24.5927
23.6114
22.607
21.5805
20.5329
19.4654
18.3785
17.2735
16.1514
15.013
13.8594
12.6917
11.5107
10.3178
9.1138
7.90014
6.67748
5.44737
4.21109
2.96955
1.72383
0.474952
-0.775712
-2.02674
-3.27766
-4.5273
-5.77379
-7.01711
-8.25564
-9.48835
-10.7139
-11.9319
-13.1407
-14.3393
-15.5269
-16.7019
-17.8639
-19.0114
-20.1436
-21.2595
-22.3581
-23.4383
-24.4997
-25.5406
-26.5609
-27.5594
-28.5353
-29.4879
-30.4165
-31.32
-32.1981
-33.0496
-33.8744
-34.6714
-35.4404
-36.1804
-36.8907
-37.571
-38.2208
-38.8397
-39.427
-39.982
-40.5049
-40.9953
-41.4521
-41.8752
-42.2652
-42.6212
-42.9428
-43.23
-43.4827
-43.7006
-43.8839
-44.0323
-44.1458
-44.2246
40.4755
40.2489
39.9832
39.6787
39.3357
38.9545
38.5355
38.0789
37.5852
37.0549
36.4882
35.886
35.2487
34.5769
33.8714
33.1328
32.3616
31.5587
30.7248
29.8606
28.9669
28.0443
27.0938
26.1164
25.1129
24.0842
23.0314
21.9555
20.8575
19.7384
18.5993
17.4413
16.265
15.0721
13.863
12.6391
11.4015
10.1513
8.88968
7.61761
6.33654
5.04785
3.7522
2.45138
1.14622
-0.162281
-1.47245
-2.78315
-4.09366
-5.40232
-6.70847
-8.01053
-9.30777
-10.5989
-11.8826
-13.1583
-14.4242
-15.6793
-16.9226
-18.1531
-19.3698
-20.5712
-21.7564
-22.9246
-24.0745
-25.2052
-26.316
-27.4054
-28.473
-29.5178
-30.5388
-31.5355
-32.5067
-33.4517
-34.3701
-35.2607
-36.123
-36.9565
-37.7601
-38.5336
-39.276
-39.9869
-40.6656
-41.3119
-41.9251
-42.5047
-43.0505
-43.5619
-44.0385
-44.4798
-44.8861
-45.2569
-45.5918
-45.8906
-46.1531
-46.3795
-46.569
-46.7224
-46.8394
-46.9197
41.7105
41.473
41.1945
40.8753
40.5158
40.1163
39.677
39.1985
38.6809
38.1249
37.5311
36.8999
36.2319
35.5279
34.7883
34.0141
33.206
32.3646
31.4906
30.5848
29.6481
28.6812
27.6852
26.6607
25.6089
24.531
23.4276
22.3003
21.1496
19.977
18.7834
17.5698
16.3376
15.0874
13.8205
12.5381
11.2417
9.93164
8.60989
7.27741
5.93526
4.58494
3.22791
1.86516
0.497647
-0.872409
-2.24466
-3.61782
-4.99012
-6.36066
-7.72842
-9.09216
-10.4507
-11.8027
-13.147
-14.4823
-15.808
-17.1219
-18.4236
-19.7119
-20.9853
-22.2427
-23.4832
-24.7058
-25.9091
-27.0923
-28.2544
-29.3944
-30.5112
-31.6042
-32.6721
-33.7146
-34.7302
-35.7183
-36.6788
-37.6099
-38.5113
-39.3824
-40.2221
-41.0304
-41.8061
-42.5488
-43.2575
-43.9324
-44.5726
-45.1776
-45.7473
-46.2804
-46.7775
-47.2379
-47.6609
-48.047
-48.3955
-48.7063
-48.9793
-49.2142
-49.4104
-49.569
-49.6894
-49.7715
42.9482
42.6992
42.4073
42.0729
41.6961
41.2774
40.8171
40.3155
39.7733
39.1907
38.5685
37.907
37.2069
36.4692
35.6943
34.8831
34.0363
33.1545
32.2389
31.2899
30.3084
29.2953
28.2517
27.1783
26.0764
24.9469
23.7909
22.6097
21.4044
20.1759
18.9255
17.6542
16.3632
15.0535
13.7267
12.3834
11.025
9.65313
8.26854
6.87267
5.46716
4.05299
2.63149
1.20434
-0.227251
-1.66227
-3.09907
-4.53681
-5.97404
-7.40897
-8.84137
-10.2687
-11.6911
-13.1065
-14.5138
-15.9116
-17.2989
-18.6743
-20.0368
-21.385
-22.7174
-24.0334
-25.3315
-26.6106
-27.8696
-29.1073
-30.3228
-31.5153
-32.6835
-33.8266
-34.9434
-36.0332
-37.0951
-38.1282
-39.1322
-40.1056
-41.0476
-41.9576
-42.8351
-43.6795
-44.4898
-45.2651
-46.0052
-46.7098
-47.378
-48.0093
-48.6033
-49.1595
-49.6779
-50.1578
-50.5985
-51.0002
-51.3627
-51.6858
-51.9694
-52.2131
-52.4167
-52.5805
-52.7041
-52.788
44.184
43.9231
43.6174
43.2669
42.8722
42.4336
41.9515
41.4261
40.8579
40.2475
39.5956
38.9025
38.1692
37.3963
36.5846
35.7348
34.8477
33.9242
32.965
31.9708
30.9426
29.8814
28.7881
27.6638
26.5095
25.3264
24.1157
22.8786
21.616
20.3294
19.0199
17.6883
16.3362
14.9649
13.5751
12.1686
10.7461
9.30905
7.85918
6.39779
4.92611
3.44539
1.95731
0.462984
-1.03617
-2.53828
-4.04291
-5.54778
-7.05214
-8.55455
-10.0535
-11.5478
-13.0364
-14.5175
-15.9907
-17.4535
-18.9054
-20.3446
-21.7701
-23.1807
-24.5747
-25.9513
-27.3093
-28.6471
-29.964
-31.2584
-32.5296
-33.7766
-34.9981
-36.1931
-37.3608
-38.5
-39.61
-40.6899
-41.739
-42.7562
-43.7403
-44.6909
-45.6077
-46.4897
-47.3357
-48.1449
-48.9177
-49.653
-50.3501
-51.0086
-51.6281
-52.2082
-52.7484
-53.2483
-53.7077
-54.1257
-54.5028
-54.8386
-55.133
-55.3858
-55.5967
-55.7658
-55.8929
-55.9786
45.4134
45.1401
44.8198
44.4529
44.0395
43.5801
43.075
42.5247
41.9296
41.2904
40.6074
39.8815
39.1135
38.304
37.4539
36.564
35.6351
34.6678
33.663
32.622
31.5454
30.4338
29.2888
28.1115
26.9029
25.6639
24.396
23.1006
21.7786
20.4316
19.0602
17.6663
16.2508
14.8146
13.3597
11.8869
10.3976
8.89346
7.37549
5.8455
4.30482
2.75482
1.19689
-0.366896
-1.93606
-3.50859
-5.08297
-6.65762
-8.23195
-9.80436
-11.3729
-12.937
-14.4947
-16.0445
-17.5855
-19.116
-20.6348
-22.1405
-23.6317
-25.107
-26.5652
-28.005
-29.4252
-30.8239
-32.2011
-33.5546
-34.8836
-36.1873
-37.4641
-38.7131
-39.9335
-41.1239
-42.284
-43.4124
-44.5084
-45.571
-46.5988
-47.5916
-48.549
-49.4696
-50.3528
-51.1976
-52.004
-52.7714
-53.4983
-54.1851
-54.8313
-55.4357
-55.9985
-56.519
-56.9975
-57.4328
-57.8251
-58.1741
-58.4793
-58.7415
-58.96
-59.1346
-59.2655
-59.3528
46.6308
46.3447
46.0094
45.6251
45.1923
44.7112
44.1824
43.6061
42.983
42.3136
41.5984
40.8384
40.0342
39.1867
38.2966
37.3647
36.3922
35.3795
34.3278
33.2377
32.1103
30.9468
29.7481
28.5152
27.2498
25.9528
24.6256
23.2694
21.8856
20.4755
19.0402
17.5809
16.0991
14.5961
13.073
11.5315
9.97264
8.39849
6.80987
5.20834
3.59585
1.97393
0.343741
-1.29323
-2.93473
-4.57975
-6.22711
-7.87522
-9.5223
-11.1674
-12.8081
-14.4441
-16.0736
-17.695
-19.3069
-20.9077
-22.4961
-24.0708
-25.6302
-27.173
-28.6978
-30.2032
-31.6879
-33.1503
-34.5899
-36.0044
-37.3938
-38.7562
-40.0907
-41.3958
-42.6707
-43.9144
-45.1264
-46.305
-47.4495
-48.5593
-49.6327
-50.6694
-51.6686
-52.6292
-53.5514
-54.433
-55.2741
-56.0744
-56.8326
-57.5486
-58.2222
-58.8518
-59.4381
-59.9802
-60.4781
-60.931
-61.339
-61.7014
-62.0181
-62.2899
-62.5162
-62.6967
-62.8313
-62.9199
47.8306
47.5311
47.1801
46.7779
46.3248
45.8212
45.2676
44.6644
44.012
43.3111
42.5625
41.7671
40.9251
40.0381
39.1063
38.1311
37.1131
36.0531
34.9521
33.8113
32.6311
31.4133
30.1586
28.8683
27.5439
26.1864
24.7973
23.3783
21.93
20.4542
18.9522
17.4253
15.8745
14.3016
12.7077
11.095
9.4641
7.81648
6.15424
4.47893
2.79189
1.09447
-0.610743
-2.32267
-4.04007
-5.76113
-7.48465
-9.20857
-10.9314
-12.6513
-14.3677
-16.0785
-17.7826
-19.4781
-21.1636
-22.8376
-24.4986
-26.1448
-27.775
-29.3879
-30.982
-32.5555
-34.1071
-35.6356
-37.14
-38.6182
-40.0698
-41.4933
-42.8876
-44.2507
-45.5825
-46.8815
-48.1472
-49.3781
-50.5728
-51.7315
-52.8521
-53.9339
-54.9766
-55.9795
-56.9412
-57.8608
-58.7382
-59.5724
-60.3631
-61.1089
-61.8109
-62.4668
-63.0775
-63.6419
-64.1595
-64.6303
-65.0545
-65.431
-65.7598
-66.0411
-66.2752
-66.4616
-66.6001
-66.6902
49.0064
48.6931
48.3257
47.9048
47.4307
46.9037
46.3242
45.6928
45.0101
44.2767
43.4933
42.6605
41.7796
40.8514
39.8764
38.856
37.7906
36.6816
35.5295
34.3355
33.1008
31.8262
30.5134
29.1634
27.7776
26.3571
24.9042
23.4191
21.9038
20.3601
18.7886
17.1912
15.5689
13.9233
12.2563
10.5691
8.86256
7.1394
5.40094
3.64828
1.88346
0.108668
-1.67477
-3.46529
-5.26141
-7.06162
-8.86337
-10.6655
-12.467
-14.2659
-16.0605
-17.8494
-19.6309
-21.4035
-23.1652
-24.9153
-26.6515
-28.3721
-30.0761
-31.7615
-33.4271
-35.0716
-36.693
-38.2896
-39.861
-41.4058
-42.9218
-44.4084
-45.8646
-47.2882
-48.6789
-50.0352
-51.3565
-52.6417
-53.8888
-55.0981
-56.2673
-57.3959
-58.4837
-59.5302
-60.5328
-61.4916
-62.4064
-63.2761
-64.1001
-64.877
-65.6081
-66.2914
-66.9267
-67.5142
-68.0521
-68.5418
-68.9823
-69.3733
-69.7145
-70.0059
-70.248
-70.4398
-70.5822
-70.6742
50.1515
49.8236
49.4392
48.999
48.5029
47.9515
47.3452
46.6846
45.9703
45.2027
44.3831
43.5121
42.5905
41.6193
40.5994
39.5319
38.4176
37.2573
36.052
34.8031
33.5116
32.1782
30.8047
29.3927
27.9431
26.4572
24.9372
23.3841
21.7996
20.1849
18.5415
16.8707
15.1741
13.4533
11.7098
9.94466
8.16073
6.35881
4.54018
2.70743
0.862613
-0.992736
-2.85793
-4.73021
-6.60799
-8.48948
-10.3729
-12.2573
-14.1403
-16.0206
-17.8964
-19.7662
-21.628
-23.4807
-25.3218
-27.1505
-28.9647
-30.7627
-32.543
-34.3038
-36.0437
-37.7614
-39.4553
-41.1231
-42.7641
-44.3774
-45.9606
-47.5126
-49.0328
-50.5191
-51.9706
-53.3866
-54.7654
-56.1062
-57.4081
-58.6692
-59.889
-61.066
-62.2008
-63.2918
-64.3369
-65.3362
-66.2893
-67.196
-68.0539
-68.8631
-69.6243
-70.3355
-70.9965
-71.6072
-72.1668
-72.6753
-73.1328
-73.5386
-73.8918
-74.1935
-74.4438
-74.6412
-74.787
-74.8808
51.2582
50.9152
50.5132
50.0526
49.5337
48.957
48.3229
47.6319
46.8846
46.082
45.2246
44.3135
43.3497
42.3342
41.2675
40.1511
38.9858
37.7722
36.512
35.206
33.855
32.4606
31.0243
29.5477
28.0315
26.4785
24.8888
23.2649
21.6081
19.9197
18.2013
16.4548
14.6808
12.8817
11.0587
9.21348
7.34807
5.46443
3.56371
1.64838
-0.28027
-2.22046
-4.16927
-6.12616
-8.08846
-10.0552
-12.0236
-13.9927
-15.9605
-17.9253
-19.8854
-21.839
-23.7844
-25.7198
-27.6434
-29.5537
-31.4489
-33.3271
-35.1862
-37.0254
-38.8427
-40.6364
-42.4047
-44.1461
-45.8598
-47.5435
-49.1962
-50.8163
-52.4027
-53.9538
-55.4684
-56.9457
-58.3842
-59.7828
-61.1409
-62.4556
-63.7276
-64.9552
-66.138
-67.2748
-68.3641
-69.4052
-70.3978
-71.3417
-72.2348
-73.0772
-73.8688
-74.6085
-75.296
-75.9306
-76.5119
-77.0396
-77.5142
-77.9344
-78.3002
-78.6117
-78.8697
-79.0731
-79.2218
-79.3165
52.3184
51.9598
51.5395
51.0579
50.5153
49.9122
49.2491
48.5265
47.7452
46.9057
46.0093
45.0568
44.049
42.9872
41.8723
40.7051
39.4866
38.2181
36.9005
35.5347
34.1224
32.6647
31.1632
29.6194
28.0348
26.4111
24.7496
23.0521
21.3203
19.5558
17.7599
15.9338
14.0797
12.1993
10.2939
8.36582
6.41633
4.44738
2.46152
0.459305
-1.55602
-3.58265
-5.61923
-7.6635
-9.71443
-11.7687
-13.8252
-15.8823
-17.9379
-19.9904
-22.0378
-24.0784
-26.1102
-28.1316
-30.1406
-32.1353
-34.1145
-36.0754
-38.0168
-39.9368
-41.8336
-43.7063
-45.552
-47.3696
-49.158
-50.9145
-52.639
-54.3296
-55.9843
-57.6022
-59.1823
-60.7227
-62.2226
-63.6809
-65.0964
-66.4672
-67.7923
-69.0719
-70.3037
-71.4878
-72.6219
-73.706
-74.7397
-75.7211
-76.6502
-77.5263
-78.3489
-79.1173
-79.8314
-80.4901
-81.0926
-81.6401
-82.131
-82.5657
-82.9432
-83.2641
-83.5291
-83.7372
-83.8881
-83.9824
53.3235
52.9485
52.5092
52.0059
51.4387
50.8083
50.1151
49.3596
48.5428
47.6652
46.7283
45.7326
44.6795
43.5697
42.4043
41.1846
39.9112
38.5854
37.208
35.7807
34.3049
32.7812
31.2123
29.5987
27.9431
26.2461
24.5098
22.7363
20.9269
19.0832
17.2062
15.2986
13.3617
11.3967
9.40585
7.39179
5.35473
3.29775
1.22267
-0.868435
-2.97309
-5.09019
-7.21742
-9.3529
-11.4944
-13.64
-15.7877
-17.9359
-20.0825
-22.2258
-24.3635
-26.494
-28.6154
-30.7257
-32.8229
-34.9052
-36.9707
-39.0175
-41.0435
-43.0471
-45.0264
-46.98
-48.9055
-50.8017
-52.6669
-54.4992
-56.2976
-58.0605
-59.7857
-61.4722
-63.1191
-64.7247
-66.2879
-67.8066
-69.2806
-70.7087
-72.0887
-73.4205
-74.7021
-75.9339
-77.1139
-78.2409
-79.3159
-80.3357
-81.3008
-82.2106
-83.0638
-83.8605
-84.6005
-85.2825
-85.9058
-86.471
-86.9777
-87.4258
-87.8138
-88.1422
-88.4122
-88.6227
-88.7735
-88.8649
54.264
53.8723
53.4133
52.8872
52.2945
51.6356
50.9111
50.1216
49.268
48.3513
47.3721
46.332
45.2315
44.0722
42.8548
41.5801
40.2497
38.8648
37.4256
35.9346
34.3925
32.8011
31.1618
29.4764
27.7464
25.9738
24.1606
22.3083
20.4178
18.4917
16.5321
14.5395
12.5163
10.464
8.38532
6.28115
4.15478
2.0068
-0.159774
-2.34339
-4.54182
-6.75206
-8.97286
-11.2021
-13.4376
-15.6773
-17.9193
-20.1614
-22.402
-24.6387
-26.8698
-29.0932
-31.3068
-33.5086
-35.6967
-37.8691
-40.0236
-42.1585
-44.2716
-46.3608
-48.4249
-50.4619
-52.4691
-54.4457
-56.3895
-58.2992
-60.1731
-62.0093
-63.8066
-65.5631
-67.2777
-68.9492
-70.5762
-72.1568
-73.69
-75.1752
-76.6106
-77.9945
-79.3263
-80.6056
-81.8306
-83.0001
-84.1146
-85.1721
-86.172
-87.1137
-87.9962
-88.8196
-89.5835
-90.2861
-90.9277
-91.5086
-92.0283
-92.4861
-92.8812
-93.2144
-93.4857
-93.695
-93.842
-93.9265
55.1306
54.7214
54.2418
53.6922
53.0732
52.3849
51.6282
50.8034
49.9118
48.9541
47.9316
46.8452
45.6959
44.4851
43.2138
41.8831
40.4936
39.0468
37.5444
35.9873
34.3769
32.7146
31.0032
29.2435
27.4372
25.5865
23.6935
21.7592
19.7862
17.7758
15.729
13.6496
11.5373
9.39555
7.22548
5.02952
2.80968
0.568186
-1.69279
-3.97166
-6.26532
-8.57176
-10.889
-13.2147
-15.5468
-17.8833
-20.222
-22.5607
-24.8975
-27.2302
-29.5568
-31.8751
-34.183
-36.4785
-38.7594
-41.0236
-43.2691
-45.4936
-47.6952
-49.872
-52.0219
-54.1431
-56.2333
-58.2909
-60.3144
-62.3016
-64.2514
-66.1614
-68.0305
-69.8568
-71.6394
-73.3761
-75.0659
-76.7075
-78.2989
-79.8399
-81.3285
-82.7634
-84.1433
-85.4678
-86.7355
-87.9452
-89.0965
-90.1886
-91.22
-92.1897
-93.0981
-93.9442
-94.727
-95.4463
-96.1019
-96.6937
-97.2211
-97.6834
-98.0804
-98.412
-98.679
-98.8807
-99.018
-99.0896
55.9134
55.4861
54.9856
54.4119
53.7656
53.0469
52.2567
51.3958
50.465
49.4654
48.3981
47.2644
46.065
44.8013
43.4743
42.0853
40.6353
39.1256
37.5576
35.9324
34.2519
32.518
30.7318
28.8952
27.011
25.0805
23.1055
21.0876
19.0291
16.9317
14.7975
12.6277
10.4251
8.19111
5.92758
3.63791
1.32287
-1.01453
-3.37203
-5.7475
-8.13845
-10.5428
-12.9579
-15.3818
-17.8122
-20.2469
-22.6835
-25.1201
-27.5543
-29.9841
-32.4072
-34.8214
-37.2244
-39.614
-41.9881
-44.3445
-46.6809
-48.9951
-51.2851
-53.5488
-55.7839
-57.9886
-60.1607
-62.2984
-64.4
-66.4633
-68.4871
-70.469
-72.4076
-74.3014
-76.1488
-77.9482
-79.6981
-81.3971
-83.0434
-84.636
-86.1736
-87.6549
-89.0788
-90.4435
-91.7485
-92.9926
-94.1753
-95.2953
-96.352
-97.3441
-98.2716
-99.133
-99.9286
-100.657
-101.319
-101.914
-102.441
-102.9
-103.291
-103.613
-103.867
-104.053
-104.171
-104.221
56.6047
56.1591
55.6369
55.0385
54.3643
53.6147
52.7907
51.8929
50.9225
49.88
48.7671
47.5847
46.3346
45.0173
43.6338
42.1856
40.6741
39.1003
37.4656
35.7718
34.0201
32.2123
30.3507
28.4376
26.4739
24.4618
22.4041
20.3019
18.157
15.9726
13.7491
11.4893
9.19482
6.86822
4.51128
2.12657
-0.283671
-2.71699
-5.17121
-7.64368
-10.132
-12.6338
-15.1468
-17.6684
-20.1966
-22.7288
-25.2626
-27.796
-30.3267
-32.8521
-35.3702
-37.8785
-40.3747
-42.8564
-45.3215
-47.7675
-50.1922
-52.5932
-54.9683
-57.3154
-59.6322
-61.9167
-64.1667
-66.3802
-68.5554
-70.69
-72.7826
-74.8311
-76.8341
-78.7891
-80.6954
-82.5504
-84.3535
-86.1032
-87.7971
-89.4343
-91.0142
-92.5336
-93.9936
-95.3898
-96.7235
-97.9934
-99.1988
-100.337
-101.41
-102.415
-103.352
-104.219
-105.017
-105.746
-106.404
-106.992
-107.508
-107.953
-108.327
-108.629
-108.861
-109.021
-109.109
-109.128
57.2004
56.7364
56.1927
55.5699
54.8679
54.0875
53.2297
52.2951
51.2848
50.1999
49.0421
47.8116
46.5104
45.1398
43.7006
42.1937
40.6208
38.9834
37.283
35.521
33.6985
31.819
29.8825
27.8926
25.8515
23.7595
21.6199
19.4349
17.206
14.9347
12.6241
10.2755
7.89163
5.47446
3.02631
0.5495
-1.95341
-4.48006
-7.02769
-9.59407
-12.1765
-14.7725
-17.3795
-19.995
-22.6167
-25.2422
-27.8688
-30.4944
-33.1165
-35.7325
-38.3401
-40.9369
-43.5206
-46.0883
-48.6379
-51.1671
-53.6732
-56.1539
-58.6068
-61.0299
-63.4207
-65.7768
-68.0963
-70.3772
-72.6171
-74.8142
-76.9666
-79.072
-81.1295
-83.1362
-85.0914
-86.9929
-88.8387
-90.6276
-92.3589
-94.031
-95.6409
-97.1862
-98.6705
-100.087
-101.439
-102.724
-103.94
-105.086
-106.163
-107.169
-108.104
-108.965
-109.754
-110.472
-111.114
-111.685
-112.18
-112.6
-112.946
-113.219
-113.418
-113.541
-113.592
-113.568
57.7067
57.225
56.6607
56.0145
55.2856
54.4757
53.5859
52.6161
51.5684
50.4428
49.2413
47.9657
46.6163
45.1944
43.7026
42.1396
40.5088
38.8109
37.0476
35.2213
33.3326
31.3847
29.3787
27.316
25.2016
23.0345
20.8184
18.5552
16.2468
13.8956
11.5034
9.07271
6.60557
4.10442
1.57166
-0.990252
-3.57873
-6.19102
-8.82472
-11.4771
-14.1453
-16.8271
-19.5195
-22.2202
-24.9264
-27.6358
-30.3458
-33.0535
-35.7573
-38.4535
-41.1404
-43.8149
-46.4752
-49.1178
-51.7408
-54.3415
-56.9175
-59.4661
-61.985
-64.4718
-66.924
-69.3395
-71.7161
-74.0512
-76.3433
-78.59
-80.7891
-82.9387
-85.0373
-87.0825
-89.0727
-91.0061
-92.8844
-94.7015
-96.4546
-98.1474
-99.7729
-101.334
-102.83
-104.255
-105.613
-106.899
-108.114
-109.256
-110.325
-111.324
-112.244
-113.09
-113.861
-114.556
-115.174
-115.719
-116.182
-116.572
-116.881
-117.117
-117.279
-117.357
-117.365
-117.297
58.1423
57.645
57.0627
56.3951
55.6429
54.8066
53.8885
52.8872
51.8065
50.6448
49.4051
48.0895
46.6963
45.2305
43.6918
42.0785
40.3981
38.6473
36.8292
34.9449
32.9992
30.9912
28.923
26.7986
24.62
22.3879
20.1055
17.7749
15.3983
12.9775
10.5153
8.0136
5.47531
2.90216
0.297111
-2.33699
-4.99788
-7.68285
-10.3886
-13.1134
-15.8538
-18.6069
-21.3703
-24.1419
-26.9178
-29.6961
-32.4743
-35.2495
-38.0189
-40.7802
-43.5308
-46.2677
-48.9883
-51.6902
-54.3709
-57.0271
-59.6566
-62.2577
-64.8264
-67.3609
-69.8591
-72.3186
-74.7362
-77.1107
-79.4395
-81.7203
-83.9515
-86.1309
-88.2561
-90.3267
-92.3404
-94.2953
-96.1856
-98.0147
-99.7793
-101.481
-103.112
-104.677
-106.174
-107.598
-108.948
-110.229
-111.435
-112.566
-113.617
-114.602
-115.502
-116.324
-117.074
-117.74
-118.33
-118.846
-119.275
-119.632
-119.904
-120.102
-120.225
-120.265
-120.227
-120.117
58.538
58.0278
57.4314
56.7472
55.9764
55.1203
54.179
53.1534
52.0467
50.8581
49.5883
48.2409
46.8145
45.3151
43.7382
42.0872
40.3665
38.576
36.7149
34.7875
32.7967
30.7428
28.6281
26.4559
24.2278
21.9461
19.6134
17.2312
14.8029
12.3296
9.81452
7.25915
4.66731
2.04038
-0.618463
-3.30644
-6.02113
-8.7598
-11.5192
-14.2971
-17.0898
-19.8958
-22.7106
-25.533
-28.36
-31.1876
-34.0144
-36.8377
-39.6538
-42.4612
-45.2556
-48.0363
-50.7987
-53.5415
-56.2613
-58.955
-61.6211
-64.2567
-66.8579
-69.4242
-71.9513
-74.4386
-76.8822
-79.2809
-81.6322
-83.9337
-86.1837
-88.3794
-90.519
-92.6021
-94.6249
-96.5873
-98.485
-100.32
-102.088
-103.789
-105.422
-106.982
-108.473
-109.892
-111.233
-112.503
-113.698
-114.815
-115.85
-116.816
-117.702
-118.5
-119.229
-119.874
-120.441
-120.928
-121.33
-121.66
-121.906
-122.072
-122.161
-122.174
-122.1
-121.96
58.9947
58.477
57.8712
57.1767
56.3943
55.5253
54.5686
53.5291
52.4041
51.1991
49.9104
48.5407
47.0959
45.5733
43.9728
42.2986
40.5522
38.7355
36.8474
34.8928
32.8734
30.7904
28.6463
26.444
24.1849
21.872
19.5076
17.0931
14.6321
12.1258
9.5778
6.98863
4.36356
1.70316
-0.98964
-3.71128
-6.45925
-9.23057
-12.0238
-14.8346
-17.6593
-20.4982
-23.3445
-26.1987
-29.0564
-31.9147
-34.7719
-37.6246
-40.4692
-43.305
-46.1263
-48.9336
-51.7216
-54.4893
-57.2333
-59.9502
-62.6383
-65.2958
-67.9169
-70.5036
-73.0484
-75.5522
-78.0124
-80.4249
-82.7891
-85.1024
-87.3627
-89.569
-91.717
-93.8082
-95.8374
-97.8055
-99.7082
-101.547
-103.317
-105.019
-106.652
-108.212
-109.701
-111.116
-112.455
-113.719
-114.91
-116.018
-117.049
-118.003
-118.882
-119.673
-120.384
-121.023
-121.58
-122.049
-122.443
-122.753
-122.991
-123.141
-123.214
-123.209
-123.121
-122.963
59.6986
59.177
58.5657
57.8654
57.0766
56.2004
55.2363
54.1889
53.0545
51.8396
50.5413
49.1605
47.705
46.1688
44.5561
42.8687
41.1082
39.2768
37.3745
35.4047
33.369
31.2704
29.1096
26.8901
24.6144
22.2836
19.9003
17.4684
14.9886
12.4632
9.89612
7.28725
4.64242
1.96205
-0.750151
-3.49178
-6.26007
-9.05085
-11.8643
-14.6954
-17.5401
-20.3993
-23.266
-26.1403
-29.0176
-31.8959
-34.7727
-37.6449
-40.5094
-43.3641
-46.2047
-49.0305
-51.8374
-54.623
-57.3845
-60.1189
-62.8235
-65.4971
-68.1347
-70.7367
-73.2969
-75.8171
-78.2935
-80.7209
-83.1007
-85.4293
-87.7052
-89.927
-92.0894
-94.1943
-96.2368
-98.217
-100.132
-101.98
-103.763
-105.475
-107.116
-108.687
-110.185
-111.607
-112.956
-114.227
-115.423
-116.539
-117.577
-118.537
-119.418
-120.219
-120.93
-121.575
-122.135
-122.607
-123.007
-123.317
-123.556
-123.71
-123.785
-123.779
-123.694
-123.532
5.73743
11.2024
12.0544
9.25241
5.84482
3.29617
1.73293
0.857014
0.385533
0.135781
0.00626011
-0.0571525
-0.0847052
-0.0934729
-0.0925586
-0.0869755
-0.0795049
-0.071559
-0.0637807
-0.0565217
-0.0500278
-0.0442023
-0.0388883
-0.0341686
-0.0300835
-0.0264545
-0.0231298
-0.0201611
-0.0175252
-0.0152239
-0.0131542
-0.0112351
-0.00951517
-0.00792634
-0.00649435
-0.00523286
-0.00406808
-0.00298834
-0.00198179
-0.00106006
-0.000223404
0.000557922
0.00126044
0.00189653
0.00251454
0.00311987
0.00367275
0.00416099
0.00461745
0.00505613
0.00547205
0.00585935
0.00621742
0.00655521
0.00689449
0.00722254
0.00751052
0.00777658
0.00804005
0.00829495
0.00853557
0.00877423
0.00901002
0.00922292
0.00942266
0.0096235
0.00982542
0.0100123
0.0102006
0.0103855
0.010553
0.0107244
0.0108988
0.0110705
0.0112376
0.0113964
0.0115545
0.0117223
0.0118842
0.0120385
0.0121972
0.0123593
0.0125184
0.0126791
0.012843
0.0130048
0.0131691
0.0133362
0.0135043
0.0136744
0.0138479
0.0140242
0.0142032
0.0143854
0.0145699
0.0147596
0.014953
0.0151505
0.0153529
0.0155598
-17.3561
-17.5022
-13.7373
-9.26426
-5.60609
-3.26236
-1.95987
-1.27438
-0.908476
-0.698364
-0.565638
-0.473524
-0.404263
-0.349323
-0.304115
-0.265842
-0.233136
-0.205102
-0.180683
-0.159383
-0.140938
-0.124685
-0.110198
-0.0975509
-0.086408
-0.0764208
-0.0674844
-0.0594877
-0.0523065
-0.0458873
-0.0400771
-0.0347507
-0.0299795
-0.025612
-0.0215607
-0.017915
-0.014575
-0.0114513
-0.00859427
-0.00596287
-0.00351567
-0.00123042
0.000893753
0.00283899
0.00466804
0.00641013
0.00804085
0.00955742
0.0109831
0.0123301
0.0136036
0.014814
0.0159606
0.0170411
0.0180772
0.0190808
0.0200343
0.0209369
0.0218032
0.0226432
0.0234408
0.0242057
0.0249724
0.0257174
0.0264185
0.0270971
0.027777
0.0284358
0.0290706
0.0297136
0.0303372
0.0309337
0.0315338
0.0321322
0.032729
0.0333132
0.0338836
0.0344638
0.0350447
0.0356165
0.0361879
0.0367646
0.0373422
0.0379196
0.0385039
0.0390905
0.0396793
0.0402759
0.0408791
0.0414891
0.0421071
0.0427326
0.0433685
0.0440143
0.0446698
0.0453365
0.0460161
0.0467087
0.0474148
0.0481357
-4.92684
-5.93203
-6.10066
-5.4295
-4.40176
-3.40617
-2.59906
-1.99502
-1.55712
-1.24086
-1.0097
-0.837078
-0.704789
-0.601012
-0.517725
-0.449351
-0.392444
-0.344533
-0.303546
-0.268241
-0.237792
-0.211149
-0.187515
-0.166843
-0.148618
-0.132178
-0.117515
-0.104465
-0.0927239
-0.0820333
-0.0723229
-0.0635794
-0.0556093
-0.0482769
-0.0415893
-0.0354547
-0.0297707
-0.0245074
-0.019695
-0.0152524
-0.0110752
-0.00718381
-0.00354956
-0.000173068
0.00297266
0.00595205
0.00876672
0.011399
0.0138776
0.0162406
0.0184714
0.0205733
0.0225936
0.0245216
0.0263484
0.028099
0.0297792
0.0314022
0.0329543
0.0344523
0.0359037
0.0372839
0.0386308
0.0399661
0.0412573
0.0424921
0.0437086
0.0449099
0.0460705
0.0472201
0.0483625
0.0494669
0.0505578
0.0516448
0.0527242
0.0537939
0.0548487
0.0559023
0.056957
0.0580069
0.0590537
0.0601015
0.0611555
0.0622092
0.0632666
0.0643362
0.0654101
0.0664906
0.0675842
0.0686879
0.069804
0.0709352
0.0720807
0.0732427
0.0744228
0.0756204
0.0768379
0.078078
0.0793401
0.0806264
-4.37429
-4.66288
-4.58133
-4.2141
-3.69687
-3.14531
-2.63137
-2.18657
-1.81723
-1.51706
-1.2752
-1.08032
-0.922633
-0.794026
-0.687934
-0.599659
-0.525374
-0.462257
-0.408213
-0.361483
-0.320961
-0.285566
-0.254188
-0.226509
-0.202087
-0.180108
-0.160333
-0.142696
-0.126889
-0.112455
-0.0992399
-0.087333
-0.0765253
-0.0665224
-0.0573593
-0.0489579
-0.0411635
-0.033959
-0.0273207
-0.0211722
-0.0154307
-0.0100825
-0.00505844
-0.00034738
0.00400989
0.00811647
0.012036
0.015725
0.0191525
0.0224141
0.0255567
0.0285059
0.0312998
0.0340004
0.0365676
0.0390154
0.0413668
0.0436252
0.0458136
0.0479139
0.0499484
0.0519111
0.0538012
0.0556565
0.0574739
0.0592292
0.0609373
0.0626226
0.0642708
0.0658826
0.067485
0.0690555
0.0705987
0.0721322
0.0736515
0.0751572
0.0766497
0.0781365
0.0796238
0.0811067
0.0825879
0.0840675
0.0855533
0.0870444
0.0885372
0.0900445
0.0915622
0.0930893
0.0946325
0.096193
0.0977666
0.0993617
0.100978
0.102617
0.104282
0.105971
0.107688
0.109435
0.111214
0.113026
-3.39318
-3.49754
-3.46387
-3.29711
-3.03763
-2.73062
-2.41355
-2.11082
-1.83498
-1.59147
-1.38068
-1.19988
-1.04566
-0.914242
-0.802008
-0.706096
-0.623665
-0.552255
-0.490303
-0.436168
-0.388678
-0.346934
-0.309819
-0.276795
-0.247428
-0.221032
-0.197156
-0.175642
-0.156328
-0.138754
-0.122625
-0.10789
-0.0944943
-0.0822523
-0.0709253
-0.0604299
-0.0507384
-0.0417949
-0.0335025
-0.0257832
-0.0185786
-0.011873
-0.00561832
0.00030838
0.00585423
0.0110095
0.0159276
0.0206152
0.0249968
0.0291176
0.0330578
0.0368159
0.0403889
0.04381
0.0470701
0.0501815
0.0531922
0.0560803
0.0588594
0.0615486
0.0641476
0.0666634
0.069098
0.0714636
0.073779
0.0760356
0.0782346
0.0803941
0.0825141
0.0845857
0.0866326
0.0886582
0.0906473
0.0926147
0.0945722
0.0965151
0.0984347
0.100345
0.102259
0.104169
0.106075
0.107983
0.109895
0.111815
0.113745
0.115685
0.117639
0.119609
0.121593
0.123603
0.125635
0.127687
0.129769
0.131881
0.134024
0.1362
0.138411
0.14066
0.142949
0.145282
-2.76201
-2.79351
-2.76426
-2.67086
-2.52427
-2.34173
-2.1409
-1.93633
-1.73791
-1.55163
-1.38101
-1.2275
-1.09064
-0.969388
-0.862344
-0.767985
-0.684998
-0.61174
-0.546907
-0.489402
-0.438326
-0.3929
-0.352247
-0.315759
-0.282926
-0.253313
-0.226527
-0.202123
-0.179975
-0.159892
-0.14149
-0.124518
-0.108898
-0.0946582
-0.0815704
-0.0693629
-0.0580033
-0.047494
-0.0377621
-0.028694
-0.020187
-0.012212
-0.00479967
0.00216565
0.00876045
0.0149078
0.0207266
0.0263084
0.0315729
0.0365179
0.0412192
0.045715
0.0500204
0.0541316
0.0580377
0.0617818
0.0654025
0.0688936
0.072241
0.0754732
0.0786141
0.0816572
0.0846115
0.0874842
0.0902844
0.0930071
0.0956698
0.0983008
0.100874
0.103394
0.105876
0.108336
0.110763
0.113151
0.115527
0.117895
0.120242
0.122571
0.124897
0.127222
0.129547
0.131873
0.134203
0.136542
0.138894
0.141261
0.143645
0.146051
0.148472
0.150918
0.153397
0.155902
0.15844
0.161015
0.163628
0.166282
0.168979
0.171722
0.174513
0.177356
-2.31201
-2.31475
-2.28607
-2.22365
-2.13046
-2.0134
-1.88035
-1.73898
-1.59592
-1.45587
-1.32211
-1.1969
-1.08112
-0.975189
-0.879001
-0.79189
-0.713275
-0.642511
-0.578838
-0.521394
-0.469587
-0.422933
-0.38076
-0.34258
-0.307887
-0.276307
-0.24763
-0.221359
-0.19724
-0.175284
-0.155193
-0.13658
-0.119282
-0.10342
-0.0888727
-0.0753011
-0.0626066
-0.0507803
-0.0397841
-0.0295729
-0.0200163
-0.010981
-0.00249016
0.00545191
0.0129505
0.0199819
0.0266074
0.0329748
0.039024
0.0447248
0.0501267
0.0552936
0.0602623
0.0650102
0.0695412
0.0738794
0.0780546
0.0820944
0.0860118
0.0897662
0.0933922
0.0969339
0.100378
0.103724
0.107001
0.110196
0.113289
0.116345
0.119367
0.122319
0.125217
0.128088
0.13094
0.133754
0.136532
0.139297
0.142054
0.144799
0.147534
0.150256
0.152985
0.155723
0.158465
0.161215
0.163977
0.166755
0.169557
0.172385
0.175239
0.178119
0.18103
0.18398
0.186966
0.189992
0.193065
0.196186
0.199359
0.202585
0.205868
0.209211
-1.97168
-1.96275
-1.93544
-1.88887
-1.82369
-1.74257
-1.64954
-1.5487
-1.44364
-1.33769
-1.23357
-1.1331
-1.03741
-0.947443
-0.86373
-0.786247
-0.714874
-0.649246
-0.589125
-0.534166
-0.48387
-0.437867
-0.395817
-0.357415
-0.32226
-0.289976
-0.260331
-0.233061
-0.207917
-0.184751
-0.163434
-0.143721
-0.125342
-0.108302
-0.0925538
-0.077917
-0.0642699
-0.0514462
-0.0394029
-0.028212
-0.0177632
-0.00787387
0.00144298
0.0101952
0.0185283
0.026381
0.0337166
0.0407383
0.0474723
0.053842
0.0598961
0.0656766
0.071232
0.0765402
0.0816178
0.086527
0.0912371
0.095758
0.100171
0.104449
0.108548
0.112538
0.116441
0.120232
0.123932
0.127578
0.131123
0.134578
0.138002
0.141383
0.144693
0.147946
0.151184
0.154407
0.157592
0.160749
0.16389
0.167021
0.170156
0.173281
0.176393
0.179521
0.182661
0.185813
0.188981
0.192165
0.195372
0.198606
0.201875
0.205176
0.208513
0.211893
0.215319
0.218789
0.22231
0.225886
0.22952
0.233216
0.236979
0.24081
-1.70112
-1.68789
-1.66298
-1.62589
-1.57703
-1.51762
-1.44945
-1.37471
-1.29571
-1.2144
-1.13259
-1.05209
-0.973881
-0.898597
-0.827057
-0.759519
-0.696175
-0.637029
-0.581857
-0.530703
-0.483326
-0.439414
-0.398802
-0.361283
-0.326627
-0.294601
-0.264928
-0.237399
-0.211936
-0.1883
-0.166299
-0.145918
-0.126936
-0.10918
-0.0925964
-0.0771548
-0.0627939
-0.049296
-0.0365145
-0.0245214
-0.0133249
-0.00275777
0.00721752
0.0165993
0.0255538
0.0341097
0.0421277
0.0497091
0.0569995
0.0639487
0.0705663
0.0769007
0.0829794
0.0888156
0.0943943
0.0997757
0.104972
0.109956
0.114802
0.119538
0.12411
0.128522
0.13283
0.13704
0.141144
0.145178
0.149142
0.153012
0.156809
0.16057
0.164284
0.167936
0.171543
0.175125
0.178684
0.182227
0.185755
0.189259
0.192756
0.196268
0.199774
0.203278
0.206792
0.210326
0.213882
0.217463
0.221068
0.224701
0.228372
0.23208
0.235828
0.239623
0.243471
0.247373
0.251331
0.25535
0.259435
0.263588
0.267815
0.272121
-1.47751
-1.46341
-1.44133
-1.41108
-1.37286
-1.32726
-1.27521
-1.21801
-1.15705
-1.09366
-1.02889
-0.963938
-0.899955
-0.837353
-0.776673
-0.718513
-0.663079
-0.610564
-0.560985
-0.514344
-0.470592
-0.429613
-0.391303
-0.355502
-0.322105
-0.291009
-0.261996
-0.234882
-0.209621
-0.186033
-0.163916
-0.143322
-0.124085
-0.106
-0.0890176
-0.0730914
-0.0581872
-0.0442197
-0.0310255
-0.0185031
-0.00670164
0.00442163
0.014911
0.0248047
0.0342046
0.0432334
0.051837
0.0599509
0.067694
0.0751161
0.0822077
0.0890085
0.0955332
0.101817
0.107876
0.113695
0.119305
0.124717
0.129955
0.135054
0.140049
0.144899
0.149589
0.154169
0.158648
0.163048
0.167381
0.171639
0.175809
0.179914
0.183983
0.188006
0.191992
0.195937
0.199849
0.203739
0.207618
0.211495
0.215352
0.219211
0.223088
0.226969
0.230858
0.234757
0.238679
0.242636
0.246621
0.25064
0.254703
0.258807
0.262955
0.267153
0.271406
0.275723
0.280103
0.284548
0.28907
0.293669
0.298345
0.303108
-1.28711
-1.27371
-1.25465
-1.22975
-1.19891
-1.16279
-1.12213
-1.07729
-1.02915
-0.978772
-0.926853
-0.874107
-0.821418
-0.769284
-0.718061
-0.66831
-0.620255
-0.574078
-0.530006
-0.488033
-0.448245
-0.410613
-0.37503
-0.341481
-0.309876
-0.280233
-0.252417
-0.226159
-0.20154
-0.178463
-0.156668
-0.136176
-0.116975
-0.0989101
-0.0818779
-0.0657942
-0.0506238
-0.0363408
-0.0228501
-0.0100456
0.00205741
0.0135356
0.024459
0.0348081
0.0445907
0.053914
0.0628829
0.0714219
0.0795731
0.0874008
0.094891
0.102059
0.108947
0.115595
0.12204
0.128267
0.134252
0.140035
0.145665
0.15111
0.156406
0.161626
0.166706
0.171647
0.176466
0.181192
0.185858
0.19046
0.194994
0.199443
0.203834
0.208184
0.212508
0.216799
0.221059
0.225301
0.229509
0.233718
0.237929
0.242132
0.246344
0.250569
0.254819
0.259085
0.263363
0.267678
0.272025
0.276412
0.280846
0.285328
0.289862
0.294453
0.299102
0.303818
0.308606
0.313464
0.318399
0.323422
0.328534
0.333738
-1.12138
-1.1095
-1.09312
-1.07232
-1.0474
-1.0185
-0.985867
-0.95003
-0.911506
-0.870826
-0.82859
-0.785372
-0.741814
-0.69825
-0.654923
-0.612434
-0.571043
-0.530743
-0.491812
-0.454367
-0.418533
-0.384377
-0.351772
-0.320751
-0.29125
-0.263317
-0.236996
-0.211999
-0.188344
-0.166052
-0.144909
-0.124905
-0.106001
-0.0881606
-0.0713281
-0.0553564
-0.0401717
-0.0258107
-0.0122288
0.000699659
0.013023
0.0247102
0.0357786
0.046376
0.0565457
0.0661641
0.075361
0.0841811
0.0926109
0.100746
0.10858
0.116079
0.123286
0.130232
0.136949
0.143491
0.149823
0.155924
0.161871
0.167681
0.173286
0.178772
0.184163
0.189439
0.194602
0.199636
0.204597
0.209492
0.214333
0.219129
0.223846
0.228497
0.23312
0.237725
0.2423
0.246867
0.251415
0.255934
0.260466
0.265004
0.269547
0.2741
0.278671
0.283278
0.287909
0.29257
0.297267
0.302005
0.306792
0.311637
0.316538
0.3215
0.32653
0.331627
0.336803
0.342062
0.347401
0.352828
0.358353
0.363981
-0.974707
-0.964301
-0.950524
-0.933545
-0.91324
-0.889628
-0.863091
-0.834082
-0.802801
-0.769647
-0.735058
-0.699358
-0.663018
-0.626464
-0.58989
-0.553577
-0.517844
-0.482786
-0.448619
-0.415468
-0.383407
-0.352603
-0.323009
-0.294593
-0.267372
-0.241396
-0.216717
-0.193147
-0.170715
-0.149455
-0.129171
-0.109911
-0.0915738
-0.0740896
-0.0576019
-0.0419693
-0.0269951
-0.0126951
0.000844762
0.0136752
0.0259719
0.0377794
0.0489853
0.0596502
0.0699464
0.0797936
0.0891925
0.0982183
0.10685
0.115178
0.123248
0.130995
0.138461
0.145695
0.152663
0.159436
0.166034
0.172401
0.178593
0.184684
0.190602
0.196364
0.202019
0.207555
0.212999
0.218343
0.223593
0.228766
0.233863
0.238933
0.243966
0.248931
0.253842
0.258726
0.263589
0.268443
0.273306
0.278139
0.28296
0.287804
0.292662
0.297539
0.302429
0.307343
0.312295
0.317285
0.322321
0.327398
0.332524
0.337714
0.342967
0.34828
0.353668
0.359131
0.364674
0.37031
0.376038
0.381859
0.38778
0.393809
-0.842885
-0.83433
-0.823075
-0.809108
-0.792424
-0.77312
-0.751403
-0.727651
-0.702085
-0.674843
-0.646258
-0.616647
-0.586267
-0.555417
-0.524349
-0.493273
-0.462435
-0.432054
-0.40219
-0.372937
-0.344408
-0.316741
-0.290006
-0.264196
-0.239316
-0.215351
-0.192404
-0.170424
-0.149345
-0.129251
-0.109974
-0.0915731
-0.0740607
-0.0572112
-0.0411312
-0.0258747
-0.0113167
0.00268071
0.0160758
0.0288
0.0409809
0.0526695
0.063847
0.0745662
0.0848852
0.0947759
0.104281
0.113452
0.12223
0.130694
0.138904
0.146824
0.154472
0.161902
0.169085
0.176055
0.182873
0.189485
0.195886
0.202174
0.208328
0.214328
0.220233
0.226032
0.231709
0.237289
0.242811
0.24826
0.253612
0.258911
0.264192
0.269433
0.274635
0.279801
0.284926
0.290039
0.295169
0.300307
0.305418
0.310534
0.31568
0.320848
0.326046
0.331273
0.336527
0.341817
0.347166
0.352567
0.358017
0.363532
0.369115
0.374766
0.380494
0.386309
0.392207
0.398196
0.404285
0.410482
0.416784
0.423195
-0.723416
-0.716655
-0.707624
-0.696167
-0.682462
-0.666711
-0.649053
-0.629503
-0.608305
-0.585792
-0.56208
-0.537361
-0.51188
-0.485842
-0.459394
-0.43276
-0.406193
-0.379825
-0.353715
-0.327938
-0.302674
-0.278006
-0.25395
-0.230585
-0.207975
-0.18605
-0.164858
-0.144508
-0.124873
-0.105989
-0.0878661
-0.0704119
-0.053706
-0.0376957
-0.0223037
-0.00750549
0.00663716
0.020175
0.0332404
0.0457469
0.057745
0.0693008
0.0803376
0.0909414
0.101217
0.111113
0.120613
0.129809
0.138657
0.147202
0.155511
0.163539
0.171314
0.178876
0.186215
0.193333
0.200277
0.207079
0.213708
0.220166
0.226505
0.232708
0.238793
0.2448
0.250724
0.256521
0.262234
0.267923
0.273534
0.279059
0.284557
0.290023
0.295467
0.300898
0.306289
0.311655
0.317022
0.32241
0.327807
0.333196
0.338603
0.344037
0.349506
0.355022
0.360577
0.366164
0.371797
0.377495
0.383249
0.38907
0.394969
0.400944
0.406994
0.413134
0.419367
0.425696
0.432132
0.438676
0.445332
0.452107
-0.614376
-0.609105
-0.601891
-0.592776
-0.581685
-0.568777
-0.554265
-0.538197
-0.520777
-0.50215
-0.48235
-0.461574
-0.4401
-0.41804
-0.395567
-0.372829
-0.349903
-0.326966
-0.304159
-0.281487
-0.25915
-0.237283
-0.215737
-0.194608
-0.174132
-0.154237
-0.134799
-0.116007
-0.0978672
-0.0802561
-0.0632824
-0.0469113
-0.0310775
-0.015846
-0.001233
0.0128882
0.0265371
0.0396107
0.0522155
0.064381
0.0760628
0.0873741
0.0982952
0.108754
0.118846
0.128641
0.138114
0.147275
0.156119
0.164656
0.172967
0.181041
0.188907
0.19657
0.204
0.211247
0.218314
0.225198
0.231969
0.238604
0.245092
0.251461
0.25772
0.263874
0.269967
0.275989
0.281898
0.287755
0.293579
0.299331
0.30504
0.310711
0.316357
0.322006
0.327638
0.333246
0.338857
0.344472
0.350101
0.355751
0.361419
0.367105
0.372826
0.378591
0.384409
0.390281
0.396196
0.402172
0.408216
0.414322
0.420508
0.426785
0.433146
0.439591
0.446136
0.452787
0.459543
0.466414
0.473408
0.480527
-0.513977
-0.510191
-0.504637
-0.497287
-0.488387
-0.478017
-0.466198
-0.45308
-0.438708
-0.423145
-0.406557
-0.389207
-0.371168
-0.35247
-0.333309
-0.313787
-0.293957
-0.274061
-0.254198
-0.234362
-0.214634
-0.195172
-0.175988
-0.157065
-0.138548
-0.120479
-0.102774
-0.0855115
-0.0687696
-0.0525081
-0.0367256
-0.0214139
-0.00655437
0.00782535
0.0216988
0.0351042
0.0481098
0.0606822
0.0728127
0.0845574
0.0958917
0.106822
0.117445
0.127738
0.137667
0.147289
0.156633
0.165705
0.174507
0.183038
0.19132
0.199353
0.207185
0.214894
0.222405
0.229701
0.236869
0.243865
0.250706
0.257442
0.264058
0.270566
0.276964
0.283257
0.289476
0.29564
0.301738
0.307768
0.313761
0.319698
0.325595
0.331474
0.337308
0.343139
0.348977
0.354794
0.360615
0.366462
0.372313
0.378175
0.384079
0.390014
0.395976
0.401983
0.408039
0.414158
0.420337
0.426569
0.432882
0.43927
0.445728
0.452271
0.458912
0.465655
0.472498
0.479448
0.486505
0.493685
0.500993
0.508429
-0.421118
-0.418561
-0.41435
-0.408728
-0.401802
-0.3935
-0.383987
-0.3732
-0.361221
-0.348395
-0.33478
-0.320242
-0.304877
-0.288998
-0.272703
-0.256004
-0.238945
-0.221663
-0.204363
-0.187017
-0.169606
-0.152325
-0.135296
-0.118396
-0.101695
-0.0853408
-0.0692759
-0.0535244
-0.0381553
-0.0231494
-0.00853035
0.00570743
0.0195596
0.033042
0.0461517
0.0588542
0.0711739
0.0831453
0.0947472
0.106008
0.116978
0.127572
0.137823
0.147804
0.157481
0.166911
0.176103
0.185009
0.193673
0.202147
0.210405
0.21842
0.226208
0.233852
0.241378
0.248705
0.255891
0.262961
0.269878
0.276686
0.283371
0.289955
0.296477
0.302904
0.30924
0.315518
0.32174
0.327914
0.334056
0.34016
0.346207
0.352254
0.358282
0.364284
0.3703
0.376311
0.382314
0.388344
0.394411
0.400487
0.406588
0.412735
0.41892
0.425158
0.431444
0.437788
0.444209
0.450689
0.457234
0.46387
0.470594
0.477402
0.484301
0.491307
0.498428
0.505655
0.513
0.520466
0.52806
0.535795
-0.334737
-0.333214
-0.330303
-0.326209
-0.320895
-0.314361
-0.306728
-0.297997
-0.288306
-0.277768
-0.266324
-0.25409
-0.241253
-0.227927
-0.214026
-0.199621
-0.184978
-0.170075
-0.154927
-0.13974
-0.124535
-0.109272
-0.0940574
-0.0789958
-0.0640597
-0.0492914
-0.0347426
-0.0204165
-0.00636322
0.00741175
0.0209134
0.0341114
0.046989
0.0595553
0.0718413
0.0838277
0.0954719
0.106811
0.11788
0.128628
0.139105
0.149323
0.159248
0.168924
0.178297
0.187414
0.196388
0.205153
0.213639
0.221938
0.230086
0.238049
0.245818
0.253408
0.260867
0.268183
0.27536
0.282444
0.289392
0.296243
0.30302
0.30967
0.316227
0.322742
0.329186
0.335566
0.3419
0.348186
0.354438
0.36068
0.366874
0.373042
0.379225
0.385395
0.391572
0.397755
0.403941
0.410137
0.416368
0.422641
0.428945
0.435286
0.441665
0.448099
0.454596
0.461148
0.46778
0.474495
0.481273
0.488129
0.495084
0.502138
0.509288
0.516538
0.523915
0.531396
0.538999
0.546733
0.554601
0.562609
-0.253971
-0.253534
-0.251784
-0.248895
-0.244998
-0.240051
-0.234047
-0.227073
-0.219219
-0.210588
-0.201157
-0.190994
-0.180256
-0.168958
-0.157112
-0.144834
-0.132218
-0.119342
-0.106266
-0.0930347
-0.0796819
-0.066216
-0.0526947
-0.0392564
-0.0259359
-0.0126879
0.000443976
0.0134414
0.0262828
0.0389
0.0512944
0.063474
0.0754208
0.0871006
0.0985353
0.109773
0.12078
0.131491
0.141948
0.15218
0.162175
0.171938
0.181469
0.190801
0.199937
0.208809
0.217444
0.225942
0.234273
0.242427
0.250415
0.258212
0.265876
0.273421
0.280833
0.288103
0.295241
0.302293
0.309256
0.31611
0.322884
0.329599
0.336232
0.342792
0.349307
0.355754
0.362166
0.368554
0.374902
0.381242
0.387569
0.393859
0.400151
0.406451
0.412767
0.419097
0.42544
0.431806
0.438191
0.444617
0.451093
0.45762
0.464188
0.470802
0.47749
0.48424
0.491057
0.497962
0.504956
0.512035
0.519203
0.526469
0.533841
0.541325
0.548925
0.556645
0.564493
0.572474
0.580588
0.588845
-0.178373
-0.178743
-0.178049
-0.176334
-0.173632
-0.169992
-0.165369
-0.159887
-0.15366
-0.146712
-0.139033
-0.13064
-0.12162
-0.112098
-0.10211
-0.0916928
-0.0808936
-0.0697835
-0.0584527
-0.0469184
-0.0352202
-0.0234043
-0.0115034
0.0004485
0.0123816
0.0242518
0.0360685
0.0478165
0.0594655
0.0709676
0.082333
0.0935489
0.104585
0.115432
0.126076
0.136526
0.146809
0.156912
0.166802
0.176506
0.18602
0.195313
0.204433
0.213362
0.222099
0.230739
0.239181
0.247381
0.255447
0.263408
0.271258
0.278929
0.286444
0.293857
0.301166
0.30837
0.315478
0.322491
0.329404
0.336265
0.343051
0.349747
0.356389
0.362978
0.369544
0.37607
0.382533
0.388983
0.395413
0.401824
0.408239
0.414651
0.421056
0.427463
0.433883
0.440336
0.44681
0.453317
0.459852
0.466414
0.473031
0.479712
0.486451
0.493239
0.500094
0.507022
0.514024
0.521109
0.528281
0.535546
0.542914
0.550386
0.557967
0.565653
0.573456
0.581395
0.589463
0.597664
0.606003
0.614493
-0.107254
-0.108444
-0.108694
-0.107896
-0.106269
-0.103713
-0.100282
-0.0962545
-0.0914626
-0.0859189
-0.0796404
-0.0727249
-0.0653337
-0.0574248
-0.0489862
-0.0401328
-0.0309478
-0.0214524
-0.0116947
-0.00166386
0.00861761
0.0190042
0.0294352
0.0399719
0.0506032
0.0612523
0.0718761
0.0824397
0.0929514
0.103424
0.113826
0.124129
0.134292
0.144313
0.15418
0.163909
0.173514
0.182999
0.192302
0.201426
0.210438
0.219293
0.227982
0.236548
0.2449
0.253129
0.261335
0.269337
0.277126
0.284833
0.292472
0.299999
0.307408
0.314711
0.321885
0.328958
0.335966
0.342935
0.349808
0.356595
0.363355
0.370073
0.376738
0.383329
0.389873
0.396428
0.40295
0.409441
0.415935
0.42242
0.428893
0.435371
0.441863
0.448377
0.4549
0.461448
0.468033
0.474654
0.481323
0.488022
0.494759
0.501563
0.508448
0.515397
0.522401
0.529481
0.536646
0.543896
0.551233
0.55867
0.56621
0.57386
0.581624
0.589504
0.597511
0.605639
0.613894
0.622291
0.630845
0.639543
-0.0402572
-0.0422466
-0.043167
-0.0431415
-0.0424703
-0.04099
-0.0387546
-0.0358128
-0.03211
-0.027812
-0.0228954
-0.0173147
-0.0112123
-0.00471347
0.00229023
0.00977932
0.0175221
0.025556
0.0340218
0.0427721
0.0516508
0.0606792
0.069866
0.0791849
0.0886164
0.0981084
0.107598
0.117125
0.126659
0.136129
0.145548
0.154942
0.164303
0.173571
0.182709
0.191744
0.200674
0.209496
0.218229
0.226851
0.235372
0.243763
0.25199
0.260146
0.268193
0.276053
0.283863
0.291628
0.299201
0.306671
0.31408
0.321373
0.328592
0.335782
0.342877
0.349855
0.356738
0.363568
0.370383
0.377139
0.383829
0.390474
0.397124
0.403752
0.410306
0.41684
0.423393
0.429918
0.436426
0.442961
0.449506
0.456048
0.462595
0.469166
0.475776
0.482411
0.489086
0.4958
0.502571
0.509401
0.516266
0.523173
0.530157
0.537241
0.5444
0.551614
0.558911
0.56631
0.573803
0.581393
0.589087
0.596897
0.604816
0.612864
0.621046
0.629344
0.637781
0.646363
0.655092
0.663974
0.0229755
0.0204473
0.0188986
0.0180959
0.0178687
0.0185022
0.0199182
0.021846
0.02439
0.0276184
0.0314735
0.0358654
0.0406945
0.0460575
0.051919
0.0580163
0.0644467
0.0713916
0.0787018
0.0861685
0.093773
0.101629
0.109711
0.117909
0.126219
0.134667
0.143188
0.151715
0.160266
0.168826
0.177385
0.185963
0.194524
0.203006
0.211448
0.21985
0.228152
0.236353
0.244515
0.2526
0.260595
0.268543
0.276392
0.284122
0.291778
0.29932
0.306773
0.314216
0.321566
0.328788
0.335975
0.343064
0.350053
0.357027
0.36398
0.370863
0.377687
0.384427
0.391108
0.397774
0.404423
0.411019
0.417587
0.424181
0.430754
0.437274
0.443803
0.450367
0.456906
0.463436
0.470003
0.476594
0.483212
0.489845
0.496512
0.503218
0.509959
0.516752
0.523597
0.530506
0.537484
0.544523
0.551606
0.558762
0.566029
0.573382
0.580802
0.588326
0.595959
0.60369
0.611525
0.619474
0.627545
0.635734
0.644052
0.652507
0.661103
0.669845
0.678732
0.68778
0.0828821
0.0798026
0.0776593
0.0762816
0.075309
0.0751331
0.0757618
0.0767419
0.0783537
0.0806961
0.0834604
0.0867542
0.0906538
0.0949887
0.0996358
0.104682
0.110217
0.116018
0.122036
0.12839
0.135025
0.141851
0.148864
0.156074
0.1634
0.170813
0.178369
0.186008
0.193699
0.201461
0.209228
0.216978
0.224744
0.232552
0.240344
0.248071
0.255766
0.263428
0.271039
0.278608
0.28611
0.293578
0.300997
0.308337
0.315613
0.322825
0.329966
0.33707
0.34414
0.35111
0.35804
0.36494
0.371744
0.378495
0.385241
0.391953
0.398648
0.40532
0.411923
0.41849
0.425053
0.431596
0.438101
0.444617
0.451155
0.457682
0.464189
0.47072
0.477289
0.483841
0.490417
0.497024
0.503656
0.510334
0.51705
0.523819
0.530633
0.537488
0.544398
0.551371
0.558413
0.56554
0.572743
0.579994
0.587325
0.594775
0.602324
0.609954
0.617684
0.625531
0.633494
0.64157
0.64977
0.658091
0.666537
0.675128
0.683857
0.692731
0.701766
0.71096
0.139726
0.136188
0.133577
0.131573
0.12984
0.129054
0.128994
0.129142
0.129905
0.131383
0.133354
0.135833
0.138746
0.142013
0.145729
0.14991
0.154443
0.159176
0.164237
0.169673
0.17531
0.181176
0.187263
0.193486
0.19989
0.206488
0.213204
0.220015
0.226878
0.233804
0.240844
0.247893
0.25494
0.262047
0.26919
0.276336
0.283461
0.290564
0.297651
0.304716
0.311748
0.318757
0.325742
0.33268
0.339599
0.346481
0.353299
0.360083
0.366848
0.373575
0.380246
0.38691
0.393541
0.400109
0.406656
0.413191
0.419698
0.426232
0.432747
0.439205
0.445668
0.452156
0.458606
0.46505
0.471527
0.478001
0.484489
0.490997
0.497539
0.504106
0.510683
0.517316
0.52397
0.530654
0.53739
0.544172
0.551034
0.557963
0.564933
0.571966
0.579069
0.586243
0.593513
0.600866
0.608295
0.615821
0.623451
0.631174
0.639001
0.646935
0.654989
0.663166
0.67147
0.679911
0.688479
0.697184
0.706038
0.715033
0.724184
0.733497
0.193751
0.189853
0.186762
0.184114
0.181857
0.18051
0.179635
0.17917
0.179348
0.180108
0.181294
0.182876
0.184976
0.187441
0.190229
0.193529
0.197226
0.201075
0.205268
0.209859
0.214624
0.219608
0.224787
0.230177
0.235839
0.241621
0.247516
0.253536
0.259627
0.265849
0.272182
0.278557
0.284969
0.291439
0.297959
0.304498
0.311079
0.317688
0.324235
0.330797
0.337412
0.343984
0.350529
0.357084
0.363627
0.370166
0.376681
0.383159
0.389622
0.396083
0.402523
0.408937
0.415359
0.421761
0.42812
0.434481
0.440829
0.447182
0.453584
0.459958
0.46628
0.472644
0.479045
0.485422
0.491835
0.498267
0.504686
0.511153
0.517661
0.524208
0.53078
0.537399
0.544078
0.550777
0.557533
0.564341
0.571184
0.578123
0.585154
0.592242
0.599406
0.606631
0.61394
0.621359
0.628864
0.636458
0.64415
0.651948
0.659865
0.667895
0.676027
0.684284
0.692672
0.701197
0.709865
0.718667
0.727625
0.736724
0.74597
0.755391
0.24516
0.241055
0.237419
0.234103
0.231457
0.229634
0.228189
0.227169
0.226694
0.226751
0.227186
0.228049
0.229477
0.231187
0.233229
0.235766
0.238603
0.241721
0.245183
0.248896
0.252825
0.257013
0.2615
0.266253
0.27109
0.276051
0.28125
0.286552
0.29193
0.297478
0.30316
0.308907
0.314723
0.320639
0.32658
0.332518
0.338538
0.344643
0.35077
0.356891
0.363021
0.369156
0.375312
0.381494
0.387681
0.393865
0.400053
0.406236
0.412419
0.418599
0.424784
0.43097
0.437156
0.443355
0.44955
0.455735
0.461921
0.468098
0.474317
0.480594
0.486861
0.493102
0.499379
0.505671
0.511995
0.51839
0.524777
0.531165
0.537636
0.544148
0.550686
0.557276
0.563942
0.570657
0.577405
0.58424
0.591122
0.598042
0.605071
0.612188
0.619382
0.626659
0.634017
0.641484
0.649043
0.656679
0.664421
0.672287
0.680258
0.688347
0.696568
0.704909
0.713365
0.721962
0.730708
0.739588
0.748609
0.757796
0.767147
0.776647
0.294261
0.289691
0.285568
0.281928
0.279014
0.276567
0.274551
0.273118
0.272017
0.27139
0.271308
0.271599
0.272354
0.273423
0.274762
0.276514
0.278634
0.281076
0.283798
0.28683
0.29011
0.293574
0.297383
0.301401
0.305497
0.309829
0.314354
0.318964
0.323732
0.328704
0.333746
0.33884
0.344132
0.349512
0.354872
0.360313
0.36587
0.37147
0.377105
0.382771
0.388474
0.39424
0.400043
0.40585
0.411666
0.417505
0.423371
0.429253
0.435153
0.441073
0.447002
0.452946
0.458905
0.464882
0.470879
0.476895
0.482929
0.488966
0.495009
0.501098
0.507237
0.513407
0.519604
0.525817
0.532024
0.538302
0.544663
0.551016
0.557407
0.56389
0.570402
0.576942
0.583562
0.590269
0.597015
0.603816
0.610728
0.617694
0.624714
0.631832
0.639029
0.646323
0.653716
0.661199
0.668787
0.676479
0.684276
0.692182
0.700199
0.708333
0.716598
0.724992
0.733521
0.742185
0.750982
0.759927
0.769009
0.778259
0.787676
0.797232
0.340862
0.335992
0.331795
0.327795
0.324267
0.321436
0.319039
0.317092
0.315457
0.314365
0.313797
0.313434
0.313561
0.31407
0.314747
0.315867
0.317438
0.319296
0.321383
0.323708
0.326319
0.329182
0.332282
0.335592
0.339165
0.342915
0.346757
0.350783
0.355007
0.359379
0.363824
0.368389
0.373129
0.377943
0.38284
0.387866
0.392919
0.397997
0.403188
0.408479
0.413788
0.419132
0.424546
0.430007
0.435495
0.441015
0.44657
0.452159
0.457774
0.463422
0.469102
0.474812
0.480553
0.486318
0.492111
0.497936
0.503795
0.509684
0.515597
0.521546
0.527528
0.53354
0.539606
0.545746
0.551914
0.558087
0.564332
0.57064
0.57697
0.583369
0.589857
0.596381
0.602953
0.609614
0.616355
0.623137
0.630002
0.636969
0.644002
0.651113
0.658326
0.665643
0.673042
0.680522
0.688121
0.695843
0.703679
0.711612
0.719666
0.727837
0.736128
0.744565
0.753138
0.76183
0.770673
0.77967
0.788817
0.798106
0.80754
0.81716
0.385439
0.380432
0.375949
0.371495
0.367577
0.364466
0.36168
0.359289
0.357197
0.355635
0.354612
0.353714
0.353283
0.353245
0.353378
0.353954
0.355013
0.356276
0.357688
0.359434
0.361511
0.363803
0.366323
0.369078
0.372052
0.375169
0.37845
0.381978
0.385633
0.389422
0.393401
0.397497
0.401712
0.406022
0.41042
0.41494
0.419574
0.424287
0.429062
0.433911
0.438834
0.443812
0.448854
0.453959
0.459121
0.464331
0.469585
0.474884
0.48023
0.485618
0.49105
0.496519
0.502032
0.507589
0.513186
0.518822
0.524499
0.530219
0.53598
0.541784
0.547641
0.553537
0.559468
0.565453
0.571515
0.577632
0.583799
0.59002
0.596286
0.602611
0.609016
0.615504
0.622047
0.628661
0.635377
0.642158
0.64899
0.655922
0.662941
0.670042
0.677238
0.684535
0.691943
0.699447
0.707058
0.714789
0.722631
0.730581
0.738641
0.746833
0.755157
0.763611
0.772195
0.780926
0.78981
0.79882
0.807995
0.817332
0.826816
0.836461
0.428228
0.422887
0.417912
0.413327
0.409246
0.405669
0.402557
0.399732
0.397249
0.395372
0.393879
0.392538
0.391565
0.390976
0.390666
0.390774
0.391285
0.391977
0.392974
0.394259
0.395722
0.397438
0.399408
0.401672
0.404134
0.406653
0.409413
0.412478
0.415631
0.418922
0.422414
0.426052
0.429796
0.433615
0.43757
0.44168
0.445883
0.45018
0.45456
0.459022
0.463578
0.468212
0.47291
0.477674
0.482509
0.487413
0.492375
0.497396
0.502474
0.507603
0.512787
0.518027
0.523317
0.52866
0.534057
0.539504
0.545001
0.550551
0.556155
0.561808
0.567516
0.573286
0.579111
0.584985
0.590913
0.596908
0.602977
0.609126
0.615327
0.621586
0.627914
0.634325
0.640814
0.647362
0.654015
0.660781
0.667594
0.674491
0.681502
0.688601
0.695792
0.703061
0.710431
0.717926
0.725526
0.733252
0.741099
0.749054
0.757127
0.765349
0.773692
0.782129
0.790714
0.799468
0.808356
0.817396
0.826586
0.835935
0.845445
0.855093
0.469026
0.463358
0.458197
0.453538
0.449103
0.445099
0.441737
0.438784
0.435943
0.433408
0.431482
0.429897
0.428441
0.427304
0.426623
0.426431
0.426489
0.426673
0.427136
0.427877
0.42886
0.43004
0.431589
0.433444
0.435292
0.437354
0.439771
0.442316
0.444952
0.447786
0.45083
0.454005
0.457291
0.460709
0.464269
0.467964
0.471769
0.475668
0.479671
0.483776
0.487975
0.492262
0.496634
0.501088
0.505619
0.51022
0.514893
0.51964
0.524457
0.529342
0.534287
0.539292
0.544361
0.549493
0.554688
0.559946
0.565264
0.570642
0.576085
0.581592
0.587154
0.592781
0.598477
0.60424
0.610063
0.615952
0.621909
0.627948
0.634072
0.640258
0.646516
0.652851
0.659282
0.665786
0.672345
0.679027
0.685826
0.692675
0.699631
0.706707
0.713885
0.721165
0.728528
0.735997
0.743575
0.751259
0.759085
0.767041
0.775122
0.783319
0.791644
0.800119
0.808727
0.817453
0.826325
0.835378
0.844571
0.8539
0.863391
0.873061
0.508043
0.502224
0.496899
0.491981
0.487281
0.483179
0.47953
0.476126
0.472821
0.469938
0.467817
0.465995
0.463993
0.462338
0.461472
0.460906
0.460418
0.460147
0.460107
0.460407
0.461016
0.461815
0.46293
0.464235
0.465653
0.467379
0.469291
0.471323
0.473579
0.476015
0.478612
0.481365
0.484252
0.487279
0.490445
0.493751
0.497179
0.500719
0.504373
0.508136
0.511996
0.515953
0.520008
0.524154
0.528392
0.532716
0.537117
0.541595
0.546148
0.550783
0.555496
0.560277
0.565131
0.570059
0.575055
0.580119
0.585254
0.590459
0.595737
0.601089
0.60651
0.611995
0.617555
0.62319
0.628899
0.634683
0.640541
0.646477
0.652498
0.6586
0.66478
0.67104
0.67739
0.683844
0.690374
0.696972
0.703694
0.710519
0.717417
0.724424
0.731539
0.738776
0.746135
0.753595
0.761167
0.768832
0.776612
0.784557
0.792625
0.800776
0.809063
0.817531
0.826155
0.834888
0.843745
0.85275
0.861925
0.871246
0.88073
0.890399
0.545532
0.539583
0.533989
0.528743
0.52405
0.519877
0.515587
0.511681
0.508438
0.505476
0.502857
0.50051
0.498194
0.496327
0.49507
0.494035
0.493178
0.492494
0.492062
0.492038
0.492267
0.492646
0.49329
0.494172
0.495229
0.496523
0.498009
0.499662
0.501516
0.503556
0.505764
0.508121
0.510626
0.513288
0.516091
0.519034
0.522106
0.525296
0.528617
0.53205
0.535586
0.539238
0.542994
0.546846
0.550797
0.554842
0.558979
0.56321
0.567522
0.57191
0.576388
0.580952
0.585594
0.590314
0.595118
0.6
0.604955
0.609986
0.615097
0.620286
0.625558
0.630905
0.636328
0.641833
0.647417
0.653083
0.658832
0.664664
0.670584
0.676594
0.682687
0.688867
0.695138
0.701503
0.707972
0.71453
0.721177
0.727941
0.734804
0.74176
0.748818
0.755992
0.763299
0.770721
0.778246
0.785891
0.793648
0.801538
0.809571
0.817737
0.826032
0.834441
0.842982
0.851701
0.860573
0.869556
0.878692
0.887991
0.897456
0.90709
0.581393
0.575483
0.569684
0.564127
0.559376
0.554754
0.550146
0.546273
0.542861
0.539496
0.536377
0.533647
0.531249
0.529192
0.527488
0.526075
0.524849
0.523792
0.523053
0.522646
0.522468
0.522496
0.522759
0.523262
0.523965
0.524866
0.525973
0.527267
0.528748
0.530411
0.532242
0.53424
0.536399
0.538708
0.541169
0.543779
0.546512
0.549374
0.552375
0.555495
0.558732
0.562087
0.565554
0.569128
0.572805
0.576583
0.580463
0.584441
0.588516
0.592686
0.596942
0.601284
0.605718
0.61024
0.614847
0.61954
0.624322
0.629188
0.634136
0.639167
0.644282
0.649485
0.654772
0.660144
0.665604
0.671148
0.676783
0.682505
0.688318
0.694225
0.700228
0.706321
0.712507
0.71879
0.725175
0.731664
0.73825
0.74494
0.751739
0.758644
0.765665
0.772794
0.780032
0.787396
0.794875
0.802471
0.810196
0.81803
0.826003
0.834138
0.84241
0.850795
0.859295
0.867949
0.87678
0.885755
0.894855
0.904131
0.913569
0.923144
0.615952
0.609843
0.603802
0.598148
0.593129
0.588238
0.583668
0.579549
0.575687
0.572096
0.568796
0.565823
0.56317
0.560809
0.558749
0.55696
0.555398
0.554083
0.55305
0.552271
0.551716
0.551417
0.551358
0.551498
0.551839
0.552397
0.553165
0.554117
0.555249
0.556564
0.558055
0.559723
0.56155
0.563527
0.565664
0.567951
0.570375
0.572935
0.575629
0.578455
0.581411
0.584484
0.58767
0.590973
0.594394
0.597925
0.601559
0.605291
0.609126
0.613067
0.617109
0.621245
0.625476
0.629802
0.634219
0.638726
0.643325
0.648021
0.652812
0.65769
0.662654
0.66771
0.67286
0.6781
0.68343
0.688853
0.694369
0.69998
0.705685
0.711487
0.717387
0.723385
0.729483
0.735682
0.741985
0.748394
0.754908
0.761525
0.768251
0.775089
0.782043
0.789109
0.796286
0.803585
0.811017
0.818573
0.826249
0.834045
0.841969
0.850029
0.858224
0.866562
0.87505
0.883668
0.892422
0.901344
0.910418
0.919649
0.929032
0.938552
0.648965
0.642638
0.636623
0.63093
0.625564
0.620538
0.615837
0.611428
0.607331
0.603549
0.600031
0.596812
0.593904
0.591253
0.588889
0.586786
0.584935
0.58336
0.582032
0.580943
0.580076
0.579444
0.579059
0.578878
0.578896
0.579125
0.579567
0.580208
0.581021
0.582011
0.583186
0.584546
0.586056
0.587723
0.589565
0.591553
0.593674
0.595948
0.598363
0.600906
0.603581
0.606388
0.609319
0.612366
0.615531
0.618818
0.622221
0.625729
0.629338
0.633052
0.636876
0.64081
0.644843
0.648975
0.653207
0.657538
0.661965
0.666488
0.671109
0.675829
0.680646
0.685559
0.690568
0.695676
0.700879
0.706177
0.711571
0.717065
0.72266
0.728355
0.734152
0.740053
0.746058
0.752164
0.758378
0.764699
0.771129
0.777671
0.784323
0.791088
0.797965
0.804957
0.812069
0.819304
0.826669
0.834162
0.841778
0.849523
0.857393
0.865393
0.873528
0.881806
0.890232
0.898801
0.907508
0.916363
0.925381
0.934535
0.943841
0.953321
0.680669
0.674234
0.668143
0.662309
0.656783
0.651614
0.646721
0.642108
0.637828
0.633831
0.63009
0.62666
0.623515
0.620605
0.617968
0.615598
0.613486
0.611645
0.610039
0.60866
0.6075
0.606574
0.605895
0.605413
0.605132
0.605077
0.605218
0.605541
0.606056
0.606753
0.607634
0.608694
0.609912
0.611296
0.612851
0.614549
0.616391
0.618393
0.620538
0.622821
0.625239
0.627789
0.630475
0.633278
0.636196
0.639242
0.642415
0.645704
0.649105
0.652617
0.656236
0.659966
0.663802
0.667741
0.67179
0.675948
0.680208
0.684567
0.689026
0.693587
0.698253
0.70302
0.707888
0.712858
0.717931
0.723106
0.728381
0.733754
0.73923
0.744815
0.750505
0.7563
0.762204
0.76822
0.774339
0.780565
0.786907
0.793365
0.799933
0.806618
0.813424
0.820347
0.827388
0.834549
0.841837
0.849254
0.856799
0.864473
0.872276
0.880213
0.888289
0.896506
0.904861
0.913362
0.922008
0.930796
0.939736
0.948828
0.958071
0.967475
0.711157
0.704616
0.698379
0.692446
0.686815
0.681476
0.67641
0.671644
0.667191
0.662986
0.65904
0.655389
0.652018
0.648903
0.646022
0.643409
0.641075
0.638972
0.637078
0.635421
0.634019
0.632834
0.631859
0.631108
0.630566
0.630221
0.630072
0.63013
0.630372
0.630779
0.631382
0.632182
0.633127
0.634228
0.635507
0.636938
0.638522
0.64027
0.642156
0.644179
0.64635
0.64866
0.651107
0.653681
0.656381
0.659209
0.662158
0.665222
0.668408
0.671718
0.675143
0.67868
0.68233
0.686089
0.689957
0.693939
0.698029
0.702225
0.70653
0.710941
0.715455
0.720076
0.724803
0.729637
0.734574
0.739617
0.74477
0.750029
0.755391
0.760858
0.766438
0.772127
0.777924
0.783835
0.789863
0.796
0.802247
0.80861
0.815093
0.821692
0.82841
0.835252
0.842216
0.8493
0.856508
0.863845
0.871314
0.878913
0.886647
0.894516
0.90252
0.910662
0.91894
0.927362
0.935929
0.944644
0.953506
0.96252
0.971689
0.981013
0.740444
0.733803
0.727455
0.721438
0.715679
0.710183
0.704983
0.70007
0.695427
0.691041
0.686918
0.683062
0.67949
0.67618
0.673079
0.670239
0.667674
0.665323
0.663192
0.661312
0.659669
0.658224
0.656988
0.655986
0.65518
0.65456
0.654162
0.653973
0.653944
0.654093
0.65445
0.654977
0.655655
0.656512
0.657549
0.65873
0.66006
0.661558
0.663206
0.664996
0.666929
0.668999
0.671213
0.67356
0.676046
0.67867
0.681407
0.684265
0.687256
0.690366
0.693595
0.696944
0.700408
0.70399
0.707687
0.711494
0.715414
0.71945
0.723597
0.727856
0.732227
0.736702
0.741287
0.745984
0.75079
0.755704
0.760729
0.765864
0.771112
0.776472
0.781938
0.787516
0.793208
0.799012
0.804934
0.810976
0.817131
0.8234
0.829791
0.8363
0.842927
0.849676
0.856552
0.863554
0.870682
0.877935
0.885321
0.892839
0.90049
0.908277
0.916198
0.924255
0.932455
0.940798
0.949285
0.957916
0.966693
0.975621
0.984704
0.99394
0.768578
0.761847
0.755411
0.749309
0.743435
0.737788
0.732441
0.727395
0.722593
0.718046
0.713755
0.709721
0.705971
0.702473
0.699171
0.696112
0.693334
0.690761
0.68841
0.686312
0.684431
0.682757
0.68129
0.680041
0.678992
0.67814
0.67751
0.677067
0.676795
0.676708
0.676812
0.67709
0.677531
0.678151
0.67894
0.679883
0.680989
0.682264
0.683679
0.685231
0.686946
0.688807
0.690796
0.692926
0.695203
0.697612
0.700146
0.70281
0.705608
0.708528
0.711566
0.714735
0.718028
0.721436
0.724959
0.7286
0.732356
0.736229
0.740221
0.744325
0.748544
0.75288
0.75733
0.761893
0.766567
0.771352
0.776252
0.781263
0.786385
0.791624
0.796979
0.802449
0.808033
0.813733
0.819545
0.825476
0.831533
0.837709
0.844004
0.850418
0.856956
0.863616
0.870402
0.877313
0.884351
0.891519
0.898817
0.906244
0.913803
0.9215
0.929336
0.937309
0.945422
0.953676
0.962072
0.970613
0.9793
0.988135
0.997121
1.00626
0.795596
0.788782
0.782288
0.776095
0.770097
0.764317
0.758864
0.753705
0.748744
0.744018
0.739576
0.735403
0.731469
0.727779
0.724301
0.721054
0.718074
0.715295
0.712738
0.710433
0.708332
0.706448
0.704767
0.703284
0.702017
0.700952
0.70009
0.699409
0.698902
0.69859
0.69848
0.698536
0.698741
0.699133
0.699696
0.700413
0.701294
0.70234
0.703539
0.704888
0.706394
0.70804
0.709823
0.71176
0.713836
0.716035
0.718371
0.720846
0.723457
0.726198
0.729057
0.732042
0.735157
0.738397
0.741758
0.745238
0.748838
0.752557
0.756393
0.760352
0.76443
0.76862
0.772925
0.777353
0.781897
0.786555
0.791328
0.796216
0.80122
0.80634
0.811576
0.81693
0.822405
0.827997
0.833703
0.839528
0.845477
0.851551
0.857745
0.86406
0.8705
0.877062
0.883751
0.890567
0.897513
0.904593
0.911801
0.919136
0.926603
0.934205
0.941946
0.949829
0.957847
0.965998
0.974293
0.98274
0.991331
1.00007
1.00895
1.01799
0.821574
0.814702
0.808119
0.801799
0.795704
0.789864
0.784298
0.77898
0.773877
0.76903
0.764461
0.760132
0.756014
0.752127
0.748483
0.745087
0.741916
0.738943
0.736217
0.733714
0.731398
0.729307
0.727419
0.725736
0.724278
0.723
0.7219
0.720997
0.720295
0.719781
0.719437
0.719265
0.719272
0.719456
0.719798
0.720302
0.720986
0.72183
0.722813
0.723947
0.725245
0.726692
0.728285
0.73003
0.731911
0.733922
0.736076
0.738373
0.740804
0.74336
0.746042
0.74886
0.751808
0.754877
0.758075
0.7614
0.764852
0.76842
0.772103
0.775913
0.779848
0.783902
0.788072
0.792359
0.796766
0.801295
0.805941
0.810708
0.815594
0.820599
0.82572
0.830953
0.836309
0.841789
0.847393
0.853115
0.858954
0.864919
0.871009
0.877223
0.883561
0.890023
0.896609
0.903329
0.910177
0.917151
0.924256
0.931496
0.93887
0.946376
0.954012
0.961788
0.969707
0.977764
0.985962
0.994304
1.00279
1.01142
1.0202
1.02913
0.84655
0.839611
0.832936
0.826515
0.820336
0.81443
0.808721
0.803243
0.798061
0.793111
0.788388
0.783905
0.779625
0.775575
0.771799
0.768249
0.76489
0.761747
0.758827
0.756129
0.75364
0.751349
0.749276
0.747418
0.74575
0.744267
0.742968
0.741881
0.740989
0.740252
0.739692
0.739327
0.739136
0.739109
0.739253
0.739572
0.740055
0.740692
0.741478
0.742427
0.743534
0.744789
0.746187
0.747732
0.749426
0.751258
0.753237
0.755364
0.757619
0.760003
0.762524
0.765179
0.767963
0.770873
0.773908
0.777075
0.780372
0.783794
0.787337
0.790998
0.794787
0.798699
0.802735
0.806894
0.811174
0.815573
0.820091
0.82473
0.829491
0.834375
0.83938
0.844503
0.849743
0.855108
0.8606
0.866216
0.871953
0.877808
0.883785
0.889891
0.896124
0.902485
0.908974
0.91559
0.922331
0.929198
0.936195
0.943333
0.950606
0.958013
0.965551
0.973222
0.981032
0.988987
0.997083
1.00531
1.01369
1.02221
1.03088
1.03969
0.870524
0.863531
0.856777
0.850281
0.844031
0.838025
0.83219
0.826599
0.821326
0.816237
0.811352
0.806745
0.802349
0.798176
0.794242
0.790501
0.786983
0.783708
0.780614
0.777722
0.775067
0.772617
0.770361
0.768305
0.766441
0.764775
0.7633
0.762022
0.760931
0.760004
0.759261
0.758706
0.758336
0.758117
0.758054
0.758183
0.758477
0.758924
0.75953
0.760302
0.761227
0.762303
0.763522
0.764881
0.766397
0.768058
0.769862
0.771811
0.773894
0.776115
0.77848
0.780976
0.783601
0.786362
0.789244
0.792254
0.795399
0.79867
0.802075
0.805602
0.809252
0.813029
0.816929
0.820954
0.825104
0.829375
0.833771
0.838287
0.842923
0.847681
0.852566
0.85758
0.862716
0.86797
0.873342
0.878839
0.884464
0.890212
0.896085
0.902081
0.908203
0.914456
0.920838
0.927342
0.933975
0.940742
0.94764
0.95467
0.961832
0.969128
0.976562
0.98413
0.991828
0.999669
1.00765
1.01577
1.02403
1.03243
1.04098
1.04967
0.89356
0.8865
0.879693
0.873134
0.86676
0.860641
0.854757
0.849091
0.843662
0.838434
0.833456
0.828723
0.824199
0.819896
0.815799
0.811914
0.808254
0.804816
0.801577
0.798538
0.795709
0.793076
0.79064
0.788424
0.786409
0.78456
0.782899
0.781435
0.780149
0.779044
0.778139
0.777414
0.776848
0.776442
0.776213
0.776172
0.776281
0.776539
0.776969
0.777563
0.778299
0.779199
0.780259
0.781452
0.782805
0.784306
0.785944
0.787725
0.789638
0.791698
0.793906
0.796244
0.798712
0.801328
0.804071
0.80694
0.809939
0.813063
0.816322
0.819712
0.823226
0.826873
0.830641
0.834532
0.838554
0.842699
0.846966
0.851356
0.855878
0.860523
0.865286
0.870176
0.875194
0.880333
0.885593
0.890977
0.896485
0.902117
0.907882
0.913775
0.919795
0.925938
0.932204
0.938602
0.945131
0.951789
0.95858
0.965496
0.972541
0.979722
0.987038
0.994494
1.00209
1.00982
1.01768
1.02568
1.03382
1.04211
1.05053
1.0591
0.915691
0.90856
0.901691
0.895047
0.888583
0.882392
0.876434
0.87065
0.865107
0.859798
0.854708
0.849844
0.845189
0.84076
0.83654
0.832498
0.828689
0.825125
0.821734
0.818531
0.815541
0.812769
0.810194
0.807793
0.805605
0.803608
0.801775
0.800127
0.79869
0.797427
0.796333
0.795428
0.794689
0.794125
0.793726
0.793501
0.793446
0.793537
0.793799
0.794233
0.794802
0.795526
0.796418
0.79745
0.798635
0.799966
0.801447
0.803082
0.804849
0.806754
0.808804
0.810994
0.813312
0.815766
0.818362
0.821099
0.823966
0.826952
0.830073
0.833326
0.836699
0.840209
0.843853
0.847616
0.851506
0.855527
0.859675
0.863945
0.868343
0.872869
0.877516
0.882284
0.887175
0.892194
0.89734
0.902613
0.908015
0.913541
0.919187
0.924964
0.930872
0.936905
0.943067
0.949356
0.955776
0.962324
0.968994
0.975795
0.982734
0.989802
0.997004
1.00434
1.01182
1.01943
1.02717
1.03505
1.04307
1.05123
1.05953
1.06796
0.936918
0.929734
0.922806
0.916104
0.909574
0.903263
0.897204
0.891355
0.885715
0.880311
0.875097
0.870103
0.865353
0.860798
0.856431
0.852273
0.848347
0.844633
0.84109
0.83774
0.834619
0.83171
0.82896
0.826395
0.824059
0.821914
0.81993
0.818127
0.816534
0.815102
0.813837
0.812779
0.811875
0.811141
0.810586
0.810205
0.809977
0.809892
0.810008
0.810294
0.810697
0.811263
0.812
0.812873
0.813894
0.815079
0.81641
0.817876
0.81949
0.821258
0.823164
0.825205
0.82738
0.829697
0.832152
0.834735
0.837457
0.840313
0.843303
0.846423
0.849668
0.853053
0.856567
0.860203
0.863969
0.867867
0.87189
0.876039
0.880313
0.884715
0.889243
0.893895
0.898673
0.903579
0.908614
0.913773
0.919062
0.924478
0.930014
0.935673
0.941458
0.947375
0.953424
0.959599
0.9659
0.972331
0.978892
0.985587
0.992411
0.999369
1.00646
1.01367
1.02102
1.02851
1.03613
1.04389
1.05178
1.05981
1.06798
1.07628
0.957296
0.950063
0.943062
0.93628
0.929699
0.923307
0.917153
0.911226
0.905485
0.899976
0.894645
0.889532
0.884701
0.880029
0.875511
0.871246
0.867204
0.863351
0.859689
0.856202
0.852942
0.849882
0.846957
0.844256
0.841796
0.839495
0.837353
0.835402
0.833648
0.83207
0.83067
0.829458
0.828391
0.827495
0.826795
0.826261
0.825867
0.825633
0.825594
0.825714
0.825976
0.826393
0.826968
0.827707
0.828591
0.829615
0.830798
0.832127
0.833592
0.835207
0.836963
0.838869
0.840909
0.843085
0.84541
0.847863
0.850447
0.853167
0.856028
0.859022
0.862139
0.865393
0.868786
0.872299
0.875938
0.879708
0.88361
0.887642
0.891797
0.896081
0.900493
0.90503
0.909696
0.914488
0.919405
0.92445
0.92962
0.934916
0.940341
0.94589
0.951563
0.957366
0.963296
0.969352
0.975538
0.981853
0.988302
0.994879
1.00158
1.00841
1.01538
1.02248
1.02971
1.03707
1.04456
1.0522
1.05996
1.06787
1.0759
1.08407
0.976848
0.969539
0.962468
0.955632
0.948994
0.942535
0.936278
0.930249
0.924424
0.918809
0.913393
0.908202
0.903239
0.898447
0.893833
0.889454
0.885273
0.881279
0.877508
0.873905
0.870497
0.867286
0.864241
0.861419
0.858809
0.856358
0.854085
0.851999
0.850083
0.848352
0.846813
0.845442
0.844224
0.8432
0.84236
0.841664
0.841125
0.840754
0.840572
0.840546
0.840648
0.840907
0.841341
0.841944
0.842682
0.84356
0.844611
0.845803
0.847136
0.848619
0.850232
0.851995
0.853901
0.855946
0.858136
0.860461
0.862923
0.865521
0.868247
0.871104
0.874099
0.87723
0.880492
0.88388
0.887402
0.89106
0.894843
0.898753
0.902791
0.906956
0.911253
0.915677
0.920227
0.9249
0.929701
0.934626
0.939676
0.944854
0.95016
0.955601
0.96117
0.966859
0.972672
0.978615
0.984688
0.990888
0.997218
1.00367
1.01026
1.01696
1.02381
1.03078
1.03789
1.04512
1.0525
1.06
1.06763
1.07539
1.08328
1.09132
0.995584
0.98823
0.981091
0.974156
0.967459
0.960947
0.954592
0.948483
0.942566
0.936855
0.931389
0.926089
0.920971
0.91607
0.911361
0.906874
0.902591
0.898471
0.89456
0.890836
0.887302
0.883959
0.880799
0.877861
0.875108
0.872521
0.870117
0.867893
0.865831
0.863962
0.862293
0.860775
0.859421
0.858256
0.857262
0.856425
0.855755
0.855251
0.85492
0.85475
0.854728
0.854861
0.855142
0.855582
0.856192
0.85694
0.857843
0.858898
0.860102
0.861457
0.862951
0.864587
0.86636
0.868274
0.870333
0.872529
0.874861
0.877338
0.879946
0.882679
0.885546
0.88855
0.891691
0.894962
0.898364
0.901899
0.905564
0.90936
0.913285
0.917336
0.92151
0.925812
0.930248
0.934807
0.939496
0.944314
0.949259
0.954323
0.95951
0.964828
0.970277
0.975851
0.98155
0.987378
0.993331
0.999411
1.00562
1.01196
1.01843
1.02502
1.03173
1.03858
1.04556
1.05267
1.05991
1.06728
1.07477
1.0824
1.09016
1.09806
1.01353
1.00614
0.998931
0.991895
0.985122
0.978552
0.97214
0.965941
0.959938
0.954162
0.948567
0.943132
0.937926
0.932941
0.928162
0.923559
0.919133
0.914902
0.910869
0.907028
0.903392
0.899939
0.896652
0.893556
0.89065
0.887964
0.885443
0.883069
0.880897
0.878919
0.877092
0.87542
0.873953
0.872662
0.871515
0.87054
0.869746
0.869115
0.86864
0.868343
0.868188
0.868179
0.868342
0.868654
0.869129
0.869755
0.870526
0.871446
0.872511
0.873728
0.87509
0.876607
0.87827
0.880063
0.881989
0.88406
0.88627
0.888618
0.891104
0.893728
0.896489
0.899384
0.902406
0.905553
0.908833
0.912247
0.915792
0.919469
0.923274
0.927215
0.931284
0.935475
0.939792
0.944241
0.948818
0.953517
0.958345
0.963304
0.968381
0.973581
0.978908
0.984364
0.989951
0.995661
1.00149
1.00745
1.01354
1.01975
1.02609
1.03257
1.03917
1.04589
1.05274
1.05971
1.06682
1.07405
1.08141
1.08891
1.09654
1.1043
1.03071
1.02325
1.01598
1.00891
1.00203
0.995368
0.988929
0.982632
0.976533
0.970665
0.964947
0.959449
0.954174
0.94907
0.944184
0.939477
0.93494
0.930597
0.926445
0.922502
0.91876
0.915177
0.911752
0.908546
0.905545
0.902728
0.900061
0.89758
0.895297
0.89315
0.891185
0.889424
0.887842
0.886411
0.885124
0.884035
0.883125
0.882355
0.88174
0.881305
0.881021
0.880895
0.880946
0.881128
0.881466
0.881976
0.882621
0.883413
0.884362
0.885461
0.886696
0.888085
0.88962
0.891289
0.893104
0.895066
0.897159
0.899379
0.901745
0.904247
0.906889
0.909672
0.912586
0.915632
0.918804
0.922096
0.925521
0.929083
0.932782
0.936605
0.940556
0.944645
0.948856
0.953186
0.957643
0.962232
0.966941
0.971777
0.97674
0.981829
0.987047
0.992386
0.997853
1.00345
1.00917
1.01502
1.02099
1.02708
1.03329
1.03963
1.0461
1.0527
1.05941
1.06626
1.07323
1.08033
1.08756
1.09492
1.10241
1.11002
1.04713
1.0396
1.03228
1.02515
1.01819
1.01144
1.00495
0.99857
0.99235
0.986391
0.980644
0.975065
0.969635
0.964424
0.959466
0.954647
0.94999
0.945558
0.941315
0.937248
0.933387
0.929703
0.926179
0.922862
0.919727
0.916786
0.914017
0.911401
0.908991
0.906743
0.90465
0.902759
0.901057
0.899512
0.898115
0.896885
0.895838
0.894955
0.894223
0.893668
0.893277
0.893026
0.892945
0.893011
0.893223
0.89361
0.894136
0.8948
0.895631
0.896623
0.897747
0.899014
0.900422
0.901969
0.903675
0.905527
0.907506
0.909623
0.911884
0.914269
0.916789
0.919448
0.922235
0.925166
0.928238
0.931436
0.934754
0.938205
0.94179
0.945498
0.949334
0.953303
0.957405
0.96163
0.965971
0.970444
0.97505
0.979779
0.98463
0.989603
0.994703
0.999929
1.00528
1.01076
1.01636
1.02209
1.02794
1.0339
1.04
1.04622
1.05256
1.05902
1.06562
1.07233
1.07917
1.08614
1.09324
1.10045
1.10779
1.11526
1.06281
1.05523
1.04786
1.04061
1.03361
1.02681
1.02019
1.01374
1.00746
1.0014
0.995589
0.989905
0.984368
0.979077
0.973998
0.969075
0.964341
0.959816
0.95545
0.95128
0.947329
0.943525
0.939867
0.936436
0.93323
0.930181
0.927264
0.924528
0.92202
0.919672
0.917456
0.915445
0.913635
0.911966
0.910436
0.909071
0.907921
0.90695
0.906103
0.905423
0.904902
0.904522
0.904333
0.904301
0.904391
0.904655
0.905084
0.905648
0.906356
0.907217
0.908215
0.90937
0.910682
0.912126
0.913707
0.915433
0.9173
0.919315
0.921474
0.923754
0.926172
0.928731
0.931413
0.934226
0.937172
0.940258
0.943475
0.946823
0.950301
0.953901
0.957628
0.961481
0.965465
0.969577
0.973819
0.978188
0.982678
0.98729
0.992036
0.996904
1.00189
1.007
1.01224
1.01759
1.02307
1.02867
1.03439
1.04024
1.04622
1.05231
1.05853
1.06487
1.07133
1.07792
1.08463
1.09146
1.09841
1.10549
1.11268
1.12001
1.07778
1.07014
1.06267
1.05536
1.04832
1.04144
1.03469
1.02818
1.02184
1.0157
1.00978
1.004
0.998414
0.992996
0.987793
0.982798
0.977972
0.973356
0.968899
0.964627
0.960522
0.956603
0.952902
0.949375
0.946034
0.94286
0.939834
0.937001
0.934377
0.931929
0.92962
0.927471
0.925532
0.923758
0.922133
0.920677
0.919407
0.918299
0.917334
0.916562
0.915942
0.91544
0.915128
0.914989
0.914976
0.915117
0.915426
0.915887
0.916495
0.917253
0.918156
0.919201
0.920387
0.921722
0.923209
0.924823
0.926568
0.928472
0.930527
0.932697
0.935004
0.937462
0.940047
0.942767
0.945616
0.948584
0.951685
0.954927
0.958299
0.961799
0.96542
0.969169
0.973048
0.977052
0.981184
0.985443
0.989829
0.994337
0.998961
1.00371
1.00859
1.01358
1.0187
1.02393
1.02929
1.03477
1.04037
1.04611
1.05196
1.05794
1.06403
1.07024
1.07658
1.08303
1.0896
1.09631
1.10312
1.11005
1.11711
1.12429
1.09204
1.08434
1.07679
1.06939
1.06228
1.05534
1.04851
1.04191
1.0355
1.02928
1.02323
1.01737
1.01169
1.00619
1.00093
0.995832
0.990864
0.986161
0.981637
0.977259
0.97305
0.969043
0.965236
0.961584
0.958135
0.954863
0.951741
0.948802
0.946072
0.943507
0.94109
0.938856
0.936801
0.934911
0.933195
0.931634
0.930226
0.929008
0.927968
0.927093
0.926348
0.925737
0.925334
0.925106
0.924981
0.924995
0.925192
0.925557
0.926065
0.926713
0.927507
0.928451
0.929547
0.930787
0.932168
0.933676
0.93532
0.937119
0.939068
0.941135
0.943336
0.945689
0.948173
0.950787
0.953538
0.956415
0.959417
0.962543
0.965807
0.969206
0.972727
0.976376
0.980147
0.984047
0.988069
0.992215
0.996491
1.0009
1.00541
1.01005
1.01481
1.0197
1.0247
1.02981
1.03506
1.04043
1.04592
1.05152
1.05725
1.0631
1.06907
1.07515
1.08136
1.08768
1.09413
1.10069
1.10736
1.11416
1.12108
1.12812
1.10559
1.09781
1.09021
1.08273
1.07554
1.06854
1.06161
1.0549
1.04844
1.04214
1.03597
1.03002
1.0243
1.01871
1.01332
1.00814
1.0031
0.998279
0.993644
0.989171
0.984901
0.980765
0.976826
0.973131
0.969588
0.966185
0.962988
0.959949
0.957083
0.954414
0.951911
0.949591
0.947425
0.945427
0.9436
0.941934
0.940442
0.939117
0.937967
0.936988
0.936134
0.935432
0.934938
0.934599
0.934372
0.934301
0.93441
0.934669
0.935069
0.935616
0.936307
0.937147
0.938139
0.93928
0.940565
0.941982
0.94353
0.945236
0.947085
0.949054
0.951159
0.953418
0.955806
0.958313
0.960953
0.96373
0.966645
0.969681
0.972843
0.97613
0.97955
0.983096
0.986767
0.990568
0.994484
0.998527
1.0027
1.00698
1.01138
1.01593
1.02058
1.02534
1.03024
1.03525
1.04038
1.04563
1.051
1.05649
1.06208
1.0678
1.07364
1.0796
1.08567
1.09187
1.09817
1.10459
1.11113
1.1178
1.12457
1.13146
1.11844
1.11055
1.10292
1.09542
1.08811
1.08099
1.07396
1.06721
1.0607
1.05426
1.04803
1.04202
1.03617
1.03049
1.02502
1.01977
1.01465
1.00969
1.00496
1.0004
0.996022
0.991821
0.987793
0.983983
0.980355
0.976836
0.973522
0.970428
0.967466
0.964673
0.962077
0.959682
0.957412
0.955281
0.953371
0.951632
0.950035
0.948604
0.947357
0.946274
0.945328
0.944548
0.943956
0.943495
0.943167
0.943015
0.943023
0.943185
0.943502
0.943963
0.944557
0.945301
0.946207
0.947238
0.94841
0.949743
0.951204
0.952813
0.95457
0.956452
0.958456
0.96061
0.962905
0.965325
0.967869
0.970544
0.973355
0.976298
0.97937
0.982566
0.985884
0.989324
0.992896
0.996593
1.00042
1.00436
1.00842
1.0126
1.0169
1.02132
1.02586
1.03052
1.03531
1.04021
1.04523
1.05036
1.05562
1.06098
1.06647
1.07207
1.07778
1.08362
1.08956
1.09562
1.10179
1.10809
1.1145
1.12102
1.12764
1.1344
1.13062
1.12264
1.11491
1.1074
1.1
1.09274
1.08565
1.07882
1.07221
1.06571
1.05941
1.0533
1.04733
1.04157
1.03603
1.03069
1.02547
1.02041
1.01561
1.01095
1.00647
1.00221
0.998081
0.994132
0.990402
0.986824
0.983423
0.980235
0.97717
0.974294
0.971618
0.969083
0.96672
0.96453
0.962524
0.960685
0.958996
0.957471
0.956126
0.954951
0.953928
0.953047
0.952344
0.951803
0.951396
0.951157
0.951069
0.951138
0.951354
0.951711
0.952231
0.952891
0.953703
0.954667
0.955756
0.956978
0.958341
0.959858
0.961524
0.963315
0.965236
0.967301
0.9695
0.971825
0.974288
0.976878
0.979591
0.982433
0.985401
0.988505
0.991734
0.995089
0.998568
1.00216
1.00587
1.0097
1.01366
1.01775
1.02195
1.02626
1.0307
1.03527
1.03994
1.04474
1.04964
1.05466
1.05979
1.06504
1.07041
1.07589
1.08149
1.08719
1.093
1.09893
1.10497
1.11113
1.1174
1.12377
1.13027
1.13688
1.14211
1.13407
1.12628
1.11866
1.11117
1.10382
1.09667
1.08975
1.08304
1.07646
1.07006
1.06387
1.05784
1.05196
1.04633
1.04092
1.03559
1.03041
1.02554
1.02083
1.01624
1.01186
1.00767
1.00364
0.999795
0.996148
0.992655
0.989347
0.98622
0.983252
0.980457
0.977848
0.975422
0.973141
0.971022
0.96909
0.967321
0.965706
0.96428
0.963025
0.96191
0.960938
0.960138
0.959522
0.959048
0.958714
0.958529
0.958516
0.95865
0.958921
0.959357
0.959925
0.960637
0.961516
0.962524
0.963672
0.964959
0.966385
0.967955
0.969658
0.971502
0.973484
0.975598
0.977828
0.980197
0.982707
0.985341
0.988094
0.990975
0.993984
0.997116
1.00038
1.00376
1.00726
1.01088
1.01461
1.01847
1.02245
1.02655
1.03077
1.03511
1.03956
1.04413
1.04882
1.05361
1.05852
1.06354
1.06867
1.07392
1.07927
1.08474
1.09031
1.096
1.10181
1.10772
1.11375
1.11988
1.12612
1.13247
1.13893
1.15294
1.14483
1.137
1.12923
1.12164
1.11423
1.10698
1.1
1.0932
1.08649
1.08003
1.07375
1.06762
1.0617
1.05595
1.05041
1.04501
1.03979
1.03481
1.03
1.02533
1.02085
1.01657
1.01246
1.00853
1.00478
1.0012
0.997787
0.994593
0.991573
0.988682
0.985964
0.983445
0.981085
0.978876
0.976875
0.975039
0.973326
0.9718
0.970465
0.969272
0.968224
0.967347
0.966652
0.966093
0.965658
0.965393
0.965316
0.965384
0.965576
0.96592
0.966411
0.967048
0.967842
0.968763
0.969821
0.971031
0.972393
0.973885
0.975499
0.977251
0.979149
0.981187
0.983345
0.985626
0.988043
0.990589
0.993263
0.996072
0.999004
1.00204
1.00519
1.00847
1.01188
1.01542
1.01907
1.02284
1.02672
1.03072
1.03485
1.03908
1.04341
1.04787
1.05245
1.05713
1.06193
1.06685
1.07187
1.077
1.08224
1.08759
1.09304
1.09861
1.10428
1.11007
1.11597
1.12197
1.12808
1.13429
1.14061
1.16312
1.15492
1.14702
1.13915
1.1314
1.12393
1.11664
1.10959
1.10267
1.09584
1.08928
1.08294
1.07673
1.0707
1.06488
1.05924
1.05374
1.04846
1.04344
1.0385
1.03368
1.02917
1.02485
1.0206
1.01654
1.01273
1.00909
1.00562
1.00235
0.999207
0.996194
0.993436
0.990858
0.988393
0.986124
0.984052
0.982114
0.980318
0.978718
0.977297
0.976026
0.974903
0.973956
0.973173
0.972532
0.972047
0.9717
0.971529
0.971519
0.971638
0.971916
0.972344
0.972918
0.973632
0.974473
0.975455
0.976596
0.977872
0.97928
0.980828
0.982506
0.984316
0.986262
0.988335
0.990539
0.992883
0.995355
0.997945
1.00067
1.00351
1.00647
1.00955
1.01275
1.01606
1.01951
1.02306
1.02674
1.03053
1.03443
1.03845
1.04258
1.04684
1.05119
1.05566
1.06024
1.06493
1.06972
1.07463
1.07965
1.08477
1.08999
1.09533
1.10077
1.10632
1.11197
1.11772
1.1236
1.12958
1.13564
1.14181
1.17264
1.16437
1.15628
1.14832
1.14053
1.13299
1.12564
1.11846
1.11142
1.10451
1.09786
1.09142
1.08514
1.07906
1.07314
1.06736
1.0618
1.05649
1.05131
1.04625
1.04142
1.03682
1.03236
1.02807
1.02395
1.02
1.01631
1.01281
1.00943
1.00616
1.00308
1.00026
0.997598
0.995075
0.992743
0.990558
0.988537
0.98671
0.98505
0.983513
0.982163
0.981004
0.979958
0.979085
0.978401
0.977863
0.97744
0.977175
0.977101
0.977168
0.977356
0.977698
0.978216
0.978868
0.97964
0.980553
0.981625
0.98283
0.984164
0.985643
0.987257
0.988994
0.990861
0.992861
0.994989
0.997247
0.999639
1.00215
1.00478
1.00753
1.01042
1.01343
1.01656
1.0198
1.02315
1.02662
1.03021
1.03391
1.03771
1.04162
1.04566
1.04982
1.05408
1.05845
1.06292
1.0675
1.07219
1.07698
1.08189
1.08689
1.092
1.09722
1.10255
1.10798
1.1135
1.11912
1.12486
1.13069
1.13662
1.14266
1.18148
1.17312
1.16485
1.15682
1.14903
1.14139
1.13389
1.12663
1.11952
1.11253
1.10574
1.0992
1.09289
1.08672
1.08068
1.07481
1.06919
1.06376
1.05845
1.05337
1.04853
1.04379
1.03918
1.03484
1.03067
1.02666
1.02289
1.01927
1.01579
1.01247
1.00935
1.00643
1.00369
1.00111
0.998708
0.996452
0.994357
0.992454
0.990709
0.989103
0.987698
0.98648
0.985369
0.984444
0.983687
0.983056
0.982573
0.982259
0.982127
0.982124
0.982248
0.982545
0.982983
0.983552
0.984261
0.985116
0.986124
0.987269
0.988531
0.989945
0.991493
0.99316
0.994974
0.996919
0.99898
1.00116
1.00347
1.00591
1.00846
1.01113
1.01393
1.01686
1.0199
1.02306
1.02634
1.02974
1.03324
1.03685
1.04058
1.04442
1.04837
1.05241
1.05656
1.06082
1.06519
1.06967
1.07426
1.07896
1.08375
1.08864
1.09365
1.09875
1.10395
1.10925
1.11466
1.12017
1.12576
1.13145
1.13726
1.14317
1.18964
1.18118
1.17282
1.1647
1.1568
1.14907
1.14151
1.13414
1.12692
1.11984
1.11295
1.10633
1.09991
1.09365
1.08754
1.08158
1.07588
1.07035
1.06494
1.05983
1.0549
1.05002
1.04533
1.04094
1.03671
1.03264
1.02878
1.02505
1.0215
1.01816
1.01498
1.01195
1.00913
1.00651
1.00402
1.0017
0.999554
0.997569
0.995759
0.994107
0.992627
0.991347
0.990192
0.989184
0.988359
0.987685
0.987163
0.986771
0.986547
0.986502
0.986594
0.986822
0.987206
0.987721
0.988369
0.98917
0.990112
0.991193
0.992399
0.993747
0.995234
0.996838
0.998576
1.00045
1.00245
1.00457
1.00681
1.00919
1.01169
1.01431
1.01704
1.01987
1.02282
1.0259
1.02911
1.03242
1.03583
1.03937
1.04301
1.04676
1.05063
1.05458
1.05864
1.06281
1.06709
1.07146
1.07594
1.08051
1.0852
1.08998
1.09487
1.09987
1.10495
1.11012
1.11539
1.12075
1.12622
1.13178
1.13745
1.14321
1.19715
1.18857
1.18016
1.17195
1.16387
1.15606
1.14848
1.14093
1.13356
1.12645
1.1195
1.11275
1.10623
1.09991
1.09371
1.08765
1.08188
1.07626
1.07074
1.06553
1.06054
1.0556
1.05085
1.04637
1.04207
1.03793
1.03399
1.03019
1.02657
1.02314
1.01989
1.0168
1.01394
1.01125
1.00868
1.00631
1.00412
1.00207
1.00022
0.998517
0.996954
0.995599
0.994414
0.993355
0.992457
0.991723
0.991152
0.990712
0.990429
0.990322
0.990368
0.990559
0.990879
0.991331
0.991939
0.992691
0.993568
0.994586
0.995745
0.997049
0.998478
1.00002
1.0017
1.00351
1.00545
1.00752
1.0097
1.01201
1.01446
1.01701
1.01967
1.02245
1.02535
1.02836
1.03148
1.03471
1.03804
1.04149
1.04504
1.04869
1.05245
1.05633
1.06032
1.0644
1.06859
1.07288
1.07725
1.08172
1.08629
1.09098
1.09575
1.10062
1.10559
1.11066
1.11581
1.12105
1.12641
1.13185
1.13738
1.143
1.20399
1.19529
1.18682
1.17849
1.1703
1.1624
1.15467
1.14699
1.13955
1.13238
1.12534
1.11849
1.1119
1.10548
1.09911
1.09302
1.08718
1.08144
1.07589
1.07058
1.06548
1.06049
1.05569
1.05113
1.04675
1.04252
1.0385
1.03467
1.03096
1.02745
1.02415
1.02103
1.0181
1.01533
1.01272
1.01028
1.00803
1.00595
1.00403
1.00228
1.00068
0.99928
0.998035
0.996922
0.995983
0.995204
0.994575
0.994095
0.993751
0.993586
0.993606
0.993745
0.993993
0.994399
0.994957
0.995674
0.996519
0.99748
0.998586
0.999833
1.00121
1.00271
1.00435
1.00611
1.008
1.01001
1.01215
1.0144
1.01677
1.01925
1.02186
1.02457
1.0274
1.03036
1.03341
1.03657
1.03983
1.0432
1.04667
1.05025
1.05393
1.05773
1.06162
1.06561
1.06971
1.07389
1.07818
1.08257
1.08704
1.09162
1.09628
1.10103
1.10588
1.11084
1.11589
1.12102
1.12625
1.13156
1.13697
1.14245
1.21017
1.20131
1.19279
1.18435
1.17605
1.16802
1.16013
1.15241
1.1449
1.13757
1.13045
1.12355
1.11686
1.11031
1.10384
1.09768
1.09177
1.08594
1.08033
1.07493
1.06973
1.06468
1.05982
1.05519
1.05075
1.04645
1.0423
1.03845
1.03473
1.03111
1.02774
1.02459
1.02161
1.01877
1.01611
1.01362
1.01131
1.00919
1.00721
1.00541
1.00379
1.00234
1.00103
0.999874
0.99889
0.998072
0.997429
0.996917
0.996513
0.996293
0.996279
0.996387
0.996585
0.99695
0.997474
0.998133
0.99895
0.999888
1.00095
1.00214
1.00348
1.00495
1.00653
1.00823
1.01006
1.01203
1.01411
1.01631
1.01863
1.02106
1.02361
1.02627
1.02903
1.03191
1.0349
1.03799
1.0412
1.04451
1.04791
1.05142
1.05503
1.05875
1.06255
1.06645
1.07044
1.07453
1.07872
1.08302
1.0874
1.09186
1.09641
1.10105
1.10579
1.11062
1.11554
1.12055
1.12564
1.13082
1.13608
1.14143
1.21565
1.20666
1.19806
1.1895
1.18108
1.17295
1.16495
1.15712
1.14955
1.14209
1.13485
1.12786
1.12106
1.11445
1.10793
1.10163
1.09563
1.08975
1.08402
1.07855
1.07332
1.06821
1.06324
1.05852
1.05402
1.04966
1.04547
1.04156
1.03776
1.03409
1.0307
1.02749
1.0244
1.02152
1.01886
1.01635
1.01397
1.01178
1.00975
1.00793
1.0063
1.0048
1.00341
1.00219
1.00121
1.00036
0.99966
0.999125
0.998718
0.998472
0.998406
0.998472
0.998647
0.998986
0.99948
1.0001
1.00089
1.00178
1.00281
1.00398
1.00528
1.00671
1.00825
1.00991
1.0117
1.01361
1.01565
1.01781
1.02007
1.02245
1.02495
1.02755
1.03026
1.03308
1.03601
1.03904
1.04219
1.04544
1.04879
1.05222
1.05575
1.05939
1.06311
1.06693
1.07084
1.07486
1.07896
1.08314
1.08743
1.09179
1.09624
1.10079
1.10542
1.11014
1.11495
1.11984
1.12481
1.12988
1.13502
1.14024
1.22047
1.21136
1.20261
1.19395
1.18543
1.17717
1.16906
1.16115
1.15347
1.1459
1.13856
1.13145
1.12457
1.11787
1.11126
1.1049
1.09879
1.09281
1.087
1.08149
1.0762
1.07097
1.06592
1.06117
1.05664
1.05223
1.04795
1.0439
1.04007
1.03643
1.03298
1.02968
1.02655
1.02363
1.02092
1.0184
1.01598
1.0137
1.01167
1.00985
1.00817
1.0066
1.0052
1.00399
1.00297
1.00206
1.00131
1.00076
1.00034
1.00008
0.999981
1.00002
1.00017
1.00049
1.00096
1.00155
1.0023
1.00318
1.00417
1.0053
1.00657
1.00799
1.00951
1.01114
1.01289
1.01478
1.01679
1.0189
1.02112
1.02344
1.02589
1.02844
1.0311
1.03387
1.03675
1.03972
1.0428
1.04599
1.04927
1.05265
1.05612
1.05967
1.06332
1.06706
1.0709
1.07483
1.07884
1.08294
1.08713
1.0914
1.09576
1.10021
1.10474
1.10934
1.11404
1.11882
1.12368
1.12862
1.13364
1.13873
1.2246
1.21534
1.20644
1.19774
1.18907
1.18065
1.1725
1.16447
1.1566
1.14898
1.14157
1.13431
1.12732
1.12054
1.11388
1.10743
1.1012
1.09517
1.08929
1.08368
1.07834
1.07302
1.06788
1.06312
1.05853
1.05406
1.04972
1.04558
1.04172
1.03808
1.0346
1.03121
1.02801
1.02507
1.02233
1.01978
1.01733
1.01503
1.01296
1.01109
1.00938
1.00781
1.00639
1.00516
1.00411
1.00319
1.00243
1.00186
1.00142
1.00112
1.00097
1.00098
1.00116
1.00147
1.00192
1.00248
1.00319
1.00407
1.00503
1.00614
1.0074
1.00879
1.01028
1.01189
1.01361
1.01547
1.01745
1.01953
1.02172
1.02401
1.02642
1.02893
1.03154
1.03426
1.0371
1.04003
1.04306
1.04618
1.0494
1.05272
1.05612
1.05961
1.06319
1.06686
1.07062
1.07446
1.07839
1.0824
1.08649
1.09067
1.09493
1.09927
1.10369
1.10818
1.11275
1.1174
1.12214
1.12694
1.13181
1.13677
1.22804
1.21861
1.20958
1.20079
1.19199
1.18343
1.17519
1.167
1.15901
1.15135
1.14383
1.13644
1.12935
1.12248
1.11573
1.10921
1.1029
1.0968
1.09088
1.08513
1.07963
1.07434
1.06922
1.06434
1.05965
1.05513
1.05078
1.04661
1.0427
1.039
1.03545
1.03204
1.02883
1.02587
1.02309
1.02047
1.01802
1.01572
1.01361
1.01171
1.00998
1.00838
1.00696
1.00573
1.00464
1.00372
1.00298
1.00237
1.0019
1.00161
1.00146
1.00145
1.00159
1.00188
1.00233
1.00289
1.00359
1.00445
1.00544
1.00653
1.00775
1.00912
1.01059
1.01218
1.01388
1.01569
1.01765
1.01972
1.02188
1.02415
1.02653
1.02903
1.03161
1.0343
1.03709
1.03998
1.04295
1.04603
1.04919
1.05244
1.05578
1.05922
1.06274
1.06634
1.07003
1.07381
1.07766
1.08159
1.0856
1.08969
1.09387
1.0981
1.10242
1.10682
1.11128
1.11582
1.12044
1.12512
1.12987
1.1347
1.23075
1.22122
1.21202
1.20305
1.19415
1.18549
1.1771
1.16881
1.16072
1.15293
1.14532
1.13786
1.13066
1.12367
1.11681
1.11022
1.10386
1.09768
1.0917
1.08584
1.08023
1.07491
1.06979
1.06484
1.06003
1.05544
1.05113
1.04695
1.04293
1.03918
1.0356
1.03217
1.02893
1.02595
1.02317
1.0205
1.01804
1.01573
1.01358
1.01168
1.00996
1.00833
1.00688
1.00566
1.00457
1.00362
1.00287
1.00229
1.00184
1.00152
1.00139
1.00139
1.00151
1.00179
1.00224
1.00282
1.0035
1.00435
1.00533
1.00641
1.00764
1.00901
1.01047
1.01203
1.01373
1.01554
1.01747
1.01953
1.02167
1.02391
1.02629
1.02877
1.03133
1.03398
1.03672
1.03956
1.04249
1.04552
1.04864
1.05183
1.05512
1.0585
1.06197
1.06551
1.06913
1.07284
1.07662
1.08047
1.08441
1.08843
1.0925
1.09665
1.10088
1.10518
1.10954
1.11397
1.11847
1.12303
1.12769
1.1324
1.23274
1.22308
1.21376
1.20457
1.19555
1.18682
1.17826
1.16982
1.1617
1.15379
1.14602
1.13849
1.13122
1.12407
1.1171
1.11051
1.10408
1.09777
1.09169
1.08578
1.08015
1.07476
1.06957
1.06455
1.05967
1.05507
1.05075
1.04654
1.04242
1.0386
1.03506
1.03161
1.02832
1.02533
1.02254
1.01984
1.01735
1.01504
1.0129
1.011
1.00925
1.00764
1.00622
1.00498
1.00388
1.00295
1.00223
1.00164
1.00114
1.00083
1.00075
1.00076
1.00088
1.00118
1.00164
1.00221
1.0029
1.00374
1.00473
1.00582
1.00703
1.0084
1.00988
1.01145
1.01315
1.01497
1.0169
1.01895
1.02108
1.0233
1.02566
1.0281
1.03063
1.03326
1.03597
1.03878
1.04168
1.04467
1.04775
1.05092
1.05416
1.05747
1.06087
1.06436
1.06793
1.07156
1.07525
1.07902
1.08288
1.08681
1.09079
1.09484
1.09896
1.10315
1.10741
1.11172
1.11609
1.12054
1.12506
1.12962
1.23399
1.22417
1.2147
1.2054
1.19624
1.18731
1.17861
1.17011
1.16194
1.15389
1.1459
1.13832
1.13102
1.12372
1.11664
1.10997
1.10346
1.09709
1.09096
1.08501
1.07927
1.07378
1.06855
1.0635
1.05864
1.05398
1.04955
1.04533
1.0412
1.03734
1.03382
1.03036
1.02703
1.02402
1.02122
1.01853
1.01601
1.01368
1.01156
1.00966
1.00791
1.00634
1.00494
1.00367
1.00258
1.00169
1.00095
1.00039
0.999936
0.999618
0.999533
0.999575
0.9997
1
1.00048
1.00108
1.00179
1.00263
1.00362
1.00474
1.00597
1.00734
1.00882
1.01041
1.0121
1.01393
1.01587
1.01792
1.02005
1.02226
1.02461
1.02705
1.02957
1.03217
1.03487
1.03768
1.04056
1.04351
1.04655
1.04967
1.05288
1.05616
1.0595
1.06293
1.06644
1.07001
1.07365
1.07736
1.08112
1.08495
1.08886
1.09284
1.09687
1.10095
1.1051
1.10932
1.11359
1.11792
1.1223
1.12675
1.23448
1.22454
1.21488
1.20545
1.19611
1.18702
1.17824
1.16966
1.1613
1.15309
1.14507
1.13738
1.12995
1.12257
1.11539
1.1086
1.10204
1.09565
1.08944
1.08339
1.0776
1.07209
1.0668
1.06164
1.05679
1.05214
1.04761
1.04337
1.03924
1.03533
1.03181
1.02836
1.025
1.02196
1.01919
1.01654
1.01401
1.01167
1.00954
1.00765
1.00593
1.00437
1.00299
1.00173
1.00066
0.999788
0.999093
0.99855
0.998104
0.997823
0.997777
0.997841
0.997996
0.998326
0.998824
0.999456
1.00019
1.00105
1.00206
1.00321
1.00447
1.00585
1.00734
1.00894
1.01066
1.01249
1.01443
1.01649
1.01864
1.02085
1.02319
1.02563
1.02814
1.03075
1.03345
1.03623
1.03909
1.04202
1.04504
1.04813
1.05129
1.05454
1.05786
1.06124
1.06468
1.06818
1.07177
1.07542
1.07912
1.08289
1.08671
1.09059
1.09454
1.09854
1.1026
1.10672
1.11089
1.11512
1.11941
1.12376
1.23421
1.22413
1.21431
1.20466
1.19515
1.18599
1.17706
1.16832
1.15985
1.15151
1.14342
1.13564
1.12799
1.12054
1.11339
1.10648
1.09981
1.09333
1.08706
1.08101
1.07517
1.06953
1.06419
1.05907
1.05414
1.04948
1.04492
1.04058
1.03649
1.03265
1.02906
1.02555
1.02222
1.01922
1.01643
1.01374
1.01124
1.00896
1.00684
1.00495
1.00326
1.00172
1.00041
0.9992
0.998114
0.997272
0.996622
0.99611
0.995698
0.995435
0.995435
0.995548
0.995737
0.996107
0.996648
0.997323
0.998085
0.998972
1.00003
1.00123
1.00251
1.00394
1.00546
1.00709
1.00883
1.01067
1.01264
1.01472
1.01688
1.0191
1.02144
1.02389
1.0264
1.029
1.0317
1.03447
1.03732
1.04023
1.04323
1.04631
1.04944
1.05265
1.05592
1.05926
1.06265
1.06611
1.06963
1.07319
1.07683
1.08053
1.08426
1.08804
1.09188
1.0958
1.09976
1.10377
1.10783
1.11195
1.11611
1.12031
1.23313
1.22288
1.21289
1.20309
1.19343
1.18406
1.17499
1.1662
1.15761
1.14908
1.14084
1.13299
1.12526
1.11776
1.11055
1.1035
1.09671
1.09016
1.08387
1.07782
1.07185
1.06615
1.06082
1.05567
1.05067
1.04595
1.04143
1.03708
1.03298
1.02916
1.02551
1.02199
1.01871
1.01573
1.01293
1.01027
1.00781
1.00552
1.00343
1.00157
0.999898
0.998406
0.997138
0.995984
0.994954
0.994145
0.993523
0.993058
0.992716
0.992511
0.992552
0.992701
0.992927
0.993353
0.993942
0.99467
0.995491
0.996416
0.997524
0.998773
1.0001
1.00155
1.00313
1.0048
1.0066
1.00847
1.01045
1.01254
1.01474
1.017
1.01936
1.02182
1.02435
1.02697
1.02966
1.03244
1.03529
1.0382
1.04118
1.04423
1.04735
1.05053
1.05375
1.05704
1.0604
1.06382
1.06729
1.07081
1.07438
1.07798
1.08165
1.08537
1.08913
1.09294
1.09679
1.10071
1.10467
1.10866
1.11269
1.11675
1.23119
1.22078
1.21059
1.20063
1.19085
1.18129
1.17212
1.16325
1.15446
1.14579
1.13747
1.12947
1.12169
1.11411
1.10677
1.09965
1.0928
1.0862
1.07981
1.07369
1.06771
1.06201
1.05665
1.05141
1.04636
1.04162
1.03713
1.03279
1.02868
1.02487
1.02117
1.01764
1.01445
1.01153
1.00874
1.00603
1.00358
1.00139
0.99938
0.997536
0.99587
0.994445
0.993226
0.992101
0.991118
0.990359
0.989809
0.989415
0.989128
0.98898
0.989081
0.989319
0.989619
0.990098
0.99074
0.991534
0.992434
0.993427
0.994568
0.995867
0.997256
0.998743
1.00037
1.00208
1.00391
1.00585
1.00788
1.01001
1.01223
1.01453
1.01692
1.01941
1.02199
1.02463
1.02733
1.03011
1.03296
1.03588
1.03886
1.04191
1.04501
1.04816
1.05138
1.05463
1.05795
1.06132
1.06475
1.06823
1.07174
1.0753
1.0789
1.08256
1.08627
1.09001
1.09378
1.0976
1.10146
1.10535
1.10929
1.11326
1.2284
1.2178
1.20746
1.19728
1.18741
1.17774
1.16835
1.1593
1.15044
1.14169
1.13322
1.12508
1.11718
1.10953
1.10213
1.09496
1.08804
1.08134
1.07485
1.06867
1.06274
1.05704
1.05157
1.04627
1.04127
1.03654
1.03198
1.02766
1.02356
1.0197
1.01606
1.01264
1.00945
1.00647
1.00369
1.0011
0.998687
0.996511
0.994573
0.992791
0.991191
0.98983
0.988634
0.987533
0.986643
0.986025
0.985527
0.985157
0.98495
0.984899
0.985071
0.985364
0.985756
0.986334
0.98705
0.987905
0.988881
0.98995
0.991173
0.99254
0.993995
0.995538
0.997222
0.999012
1.00088
1.00288
1.00496
1.00715
1.00943
1.01179
1.01419
1.0167
1.0193
1.02196
1.02469
1.02748
1.03035
1.03328
1.03626
1.03932
1.04241
1.04555
1.04875
1.052
1.05529
1.05861
1.06198
1.06539
1.06886
1.07237
1.07591
1.0795
1.08312
1.08676
1.09045
1.09418
1.09791
1.10169
1.10552
1.10937
1.22475
1.21391
1.20346
1.19312
1.18307
1.17324
1.16364
1.15446
1.14553
1.13669
1.12804
1.11978
1.11183
1.10408
1.09659
1.08937
1.08236
1.07555
1.06902
1.06281
1.05686
1.05117
1.04565
1.04035
1.03534
1.03053
1.02597
1.02172
1.01767
1.0138
1.01016
1.00678
1.00364
1.00066
0.997916
0.995406
0.993059
0.990929
0.989068
0.987372
0.985819
0.984484
0.983359
0.982401
0.981612
0.98103
0.980601
0.980339
0.980246
0.980286
0.980499
0.98087
0.981369
0.98203
0.982833
0.983766
0.984839
0.986008
0.98731
0.988747
0.990296
0.991935
0.993691
0.995569
0.997519
0.999563
1.00171
1.00395
1.00628
1.00871
1.01118
1.01372
1.01634
1.01903
1.02179
1.0246
1.0275
1.03045
1.03345
1.0365
1.0396
1.04273
1.04592
1.04916
1.05243
1.05574
1.05906
1.06244
1.06585
1.0693
1.07277
1.07629
1.07982
1.08336
1.08693
1.09054
1.09418
1.09785
1.10152
1.10522
1.22021
1.20916
1.19852
1.18803
1.17778
1.16781
1.15809
1.14868
1.13961
1.13074
1.12198
1.11356
1.10555
1.09772
1.09012
1.08283
1.0757
1.06881
1.06235
1.05611
1.05008
1.04438
1.03881
1.03351
1.02853
1.02371
1.01916
1.01492
1.01091
1.00706
1.00341
1.00013
0.997071
0.994085
0.991379
0.988955
0.986702
0.984659
0.982846
0.981212
0.979735
0.978475
0.977479
0.97662
0.975889
0.97541
0.975099
0.97491
0.974926
0.975107
0.97541
0.975851
0.976454
0.977238
0.97814
0.979161
0.98033
0.9816
0.983013
0.98457
0.986195
0.987914
0.989759
0.991725
0.993765
0.995898
0.99815
1.00045
1.00281
1.00529
1.00785
1.01046
1.01314
1.01587
1.01868
1.02153
1.02444
1.02742
1.03045
1.03351
1.03663
1.03977
1.04295
1.04616
1.04941
1.05272
1.05605
1.05941
1.06278
1.06618
1.06961
1.07305
1.07651
1.07999
1.0835
1.08703
1.09058
1.09414
1.09771
1.1013
1.21473
1.20346
1.19258
1.18196
1.17153
1.16146
1.15157
1.14189
1.13276
1.12385
1.11492
1.10641
1.09831
1.09038
1.08265
1.07527
1.06814
1.06128
1.05474
1.0484
1.04237
1.03662
1.03106
1.02582
1.02081
1.01597
1.01147
1.00726
1.00324
0.999432
0.995919
0.992696
0.989606
0.98671
0.984124
0.981739
0.97956
0.977654
0.975932
0.974337
0.972954
0.971828
0.970897
0.970149
0.969559
0.969149
0.968952
0.968913
0.969035
0.969303
0.969716
0.970318
0.971082
0.971962
0.972966
0.974098
0.975367
0.976775
0.978296
0.979932
0.981673
0.983514
0.985457
0.987522
0.989674
0.991884
0.994209
0.996623
0.999088
1.00163
1.00427
1.00696
1.00971
1.01251
1.01536
1.01827
1.02122
1.02424
1.02728
1.03036
1.03349
1.03664
1.03985
1.04307
1.0463
1.04956
1.05288
1.05621
1.05956
1.06291
1.06628
1.06967
1.07307
1.0765
1.07995
1.0834
1.08685
1.09031
1.0938
1.0973
1.20828
1.19676
1.18574
1.17494
1.16426
1.15405
1.14405
1.13424
1.12493
1.11589
1.10691
1.09828
1.09002
1.08198
1.07426
1.06686
1.05962
1.05267
1.04609
1.03977
1.03372
1.02792
1.02238
1.01714
1.01215
1.00739
1.00292
0.998655
0.994629
0.990972
0.987607
0.984382
0.981303
0.978486
0.976019
0.973755
0.971677
0.969869
0.968235
0.966736
0.965473
0.96449
0.963657
0.963014
0.962581
0.962292
0.962208
0.962302
0.962528
0.962951
0.963543
0.964251
0.965107
0.96612
0.967289
0.968581
0.969974
0.971494
0.973132
0.974899
0.976783
0.978734
0.980798
0.982994
0.98527
0.987583
0.989992
0.992509
0.995081
0.99773
1.00047
1.00324
1.00605
1.00893
1.01185
1.01482
1.01782
1.02087
1.02396
1.02707
1.03023
1.03342
1.03663
1.03987
1.04311
1.04636
1.04964
1.05292
1.05623
1.05954
1.06285
1.06617
1.06951
1.07286
1.0762
1.07953
1.08288
1.08624
1.08959
1.09296
1.20081
1.18915
1.17788
1.16683
1.15601
1.14563
1.13547
1.12557
1.1161
1.10693
1.09785
1.08907
1.08069
1.0726
1.06489
1.05741
1.05003
1.04304
1.0365
1.03017
1.02406
1.01824
1.01272
1.0075
1.00257
0.997867
0.993376
0.989165
0.985245
0.981642
0.978309
0.975098
0.972142
0.969528
0.96713
0.964892
0.962937
0.961245
0.959702
0.958393
0.957289
0.956378
0.95571
0.955213
0.954903
0.95478
0.954813
0.955071
0.955495
0.956032
0.956757
0.957637
0.958657
0.959829
0.961115
0.96255
0.964112
0.965799
0.967609
0.969514
0.971535
0.973656
0.975854
0.978163
0.980592
0.98306
0.985584
0.988208
0.99088
0.993597
0.996408
0.999294
1.0022
1.00516
1.00816
1.01121
1.01429
1.01739
1.02052
1.02368
1.02688
1.03011
1.03334
1.03658
1.03984
1.04313
1.0464
1.04965
1.05292
1.0562
1.05949
1.06277
1.06604
1.06931
1.07256
1.07582
1.07907
1.0823
1.08554
1.08876
1.19232
1.18048
1.16896
1.15771
1.14674
1.13613
1.12584
1.11584
1.10617
1.09685
1.08772
1.07881
1.07033
1.0622
1.05437
1.04682
1.03947
1.03243
1.02581
1.01952
1.01341
1.00759
1.00208
0.996865
0.992013
0.987356
0.982877
0.978776
0.974919
0.971346
0.968139
0.96505
0.962169
0.959665
0.957375
0.955225
0.953387
0.951859
0.950466
0.949254
0.948315
0.947588
0.947057
0.946688
0.94653
0.946615
0.946833
0.94722
0.947815
0.948544
0.949439
0.950477
0.951665
0.95303
0.954493
0.956083
0.957825
0.959682
0.961655
0.963738
0.96592
0.968195
0.970554
0.973009
0.975558
0.978173
0.980856
0.983618
0.986428
0.989267
0.992165
0.995144
0.998166
1.00122
1.00432
1.00745
1.01062
1.0138
1.017
1.02021
1.02346
1.02671
1.02995
1.03323
1.03651
1.03978
1.04306
1.04633
1.04959
1.05286
1.05612
1.05936
1.06258
1.06581
1.06903
1.07223
1.07541
1.07857
1.08172
1.08485
1.18275
1.17072
1.15899
1.14748
1.1363
1.12555
1.11513
1.105
1.09511
1.08562
1.07643
1.06749
1.05895
1.05064
1.04267
1.03516
1.02788
1.02079
1.01406
1.00773
1.00173
0.995952
0.990413
0.985216
0.980384
0.975791
0.971437
0.967405
0.963668
0.96021
0.957022
0.954047
0.951311
0.948902
0.946764
0.944812
0.943106
0.941701
0.940469
0.939407
0.938618
0.938034
0.937683
0.937546
0.93756
0.937783
0.938178
0.938752
0.939551
0.940487
0.941539
0.942769
0.944168
0.945704
0.947383
0.949177
0.95107
0.953085
0.955253
0.957534
0.959888
0.96232
0.964833
0.967457
0.970185
0.972957
0.97578
0.978676
0.981644
0.984661
0.987725
0.990846
0.993988
0.997156
1.00036
1.00358
1.00684
1.01012
1.0134
1.01669
1.01999
1.02326
1.02655
1.02985
1.03315
1.03641
1.03967
1.04295
1.04621
1.04946
1.05266
1.05583
1.05901
1.06218
1.06532
1.06843
1.07153
1.07461
1.07768
1.08071
1.17206
1.15979
1.14785
1.13612
1.12474
1.1138
1.10319
1.09297
1.08299
1.07324
1.06391
1.05499
1.04636
1.03798
1.02995
1.02238
1.01507
1.00802
1.00126
0.994859
0.988866
0.98316
0.977696
0.972516
0.967704
0.963222
0.958973
0.955017
0.95138
0.947985
0.944888
0.942114
0.939539
0.937216
0.935213
0.93349
0.931964
0.930662
0.92961
0.92874
0.928097
0.927742
0.92765
0.927687
0.927799
0.928203
0.928891
0.929702
0.930646
0.931773
0.933063
0.934509
0.93614
0.937883
0.939751
0.941774
0.943865
0.946068
0.94844
0.950929
0.953471
0.956098
0.95883
0.961644
0.964542
0.967503
0.970527
0.973589
0.976706
0.97989
0.983119
0.986379
0.989665
0.992974
0.996305
0.999648
1.003
1.00638
1.00976
1.01312
1.01648
1.01984
1.02319
1.02652
1.02984
1.03314
1.03643
1.03971
1.04294
1.04613
1.04928
1.05245
1.05559
1.05865
1.06167
1.06468
1.06766
1.07061
1.07353
1.07642
1.16017
1.14765
1.13551
1.12356
1.11198
1.10088
1.09007
1.07964
1.06956
1.05971
1.05028
1.04125
1.03253
1.02416
1.01608
1.00835
1.00105
0.99406
0.987278
0.980827
0.974876
0.969234
0.963809
0.958716
0.953967
0.949527
0.945404
0.941564
0.937992
0.934729
0.931781
0.92916
0.926751
0.924574
0.922722
0.92114
0.919805
0.918716
0.917847
0.91715
0.91673
0.916619
0.91673
0.916998
0.917359
0.917999
0.918897
0.91991
0.921089
0.922453
0.923994
0.92569
0.927527
0.929483
0.931612
0.933905
0.93623
0.938642
0.941226
0.94395
0.946755
0.949598
0.952528
0.955574
0.958702
0.961868
0.965092
0.96836
0.97165
0.974996
0.978386
0.981785
0.985218
0.988679
0.992147
0.995628
0.999117
1.0026
1.00607
1.00953
1.01299
1.01643
1.01985
1.02326
1.02663
1.02998
1.03331
1.03659
1.03982
1.04302
1.04619
1.04934
1.05242
1.05543
1.0584
1.06135
1.06426
1.0671
1.06988
1.07262
1.14699
1.13433
1.12192
1.10965
1.09796
1.08677
1.07572
1.06498
1.05478
1.04502
1.0355
1.02624
1.0174
1.00903
1.00091
0.993133
0.985822
0.978804
0.972058
0.965663
0.959704
0.954067
0.948746
0.94377
0.939056
0.93471
0.930706
0.926973
0.923547
0.920416
0.917622
0.915205
0.912959
0.910913
0.909249
0.90789
0.906769
0.905842
0.905142
0.904699
0.904566
0.904715
0.905023
0.905498
0.906122
0.907012
0.908152
0.909426
0.910917
0.912584
0.914346
0.916248
0.91837
0.920641
0.922994
0.925503
0.928132
0.930831
0.933645
0.93661
0.939674
0.942766
0.945937
0.949193
0.952529
0.955948
0.959402
0.962886
0.966387
0.969934
0.973516
0.97709
0.980683
0.984305
0.987928
0.991557
0.995194
0.998806
1.00239
1.00595
1.00952
1.01306
1.01655
1.02002
1.02346
1.02686
1.0302
1.03349
1.03675
1.03998
1.04318
1.04628
1.0493
1.0523
1.05528
1.05819
1.06102
1.06379
1.06652
1.06917
1.13254
1.11968
1.10694
1.09445
1.08267
1.0713
1.06006
1.04912
1.03877
1.02894
1.01927
1.0099
1.00109
0.992583
0.984356
0.976625
0.969303
0.962287
0.955584
0.949217
0.943311
0.937769
0.932463
0.927518
0.923
0.918793
0.914816
0.911235
0.908031
0.905066
0.90243
0.900153
0.898099
0.896278
0.89482
0.89368
0.892768
0.892072
0.891637
0.891461
0.891612
0.891999
0.892462
0.893199
0.894184
0.895334
0.896735
0.898319
0.900073
0.901995
0.904061
0.906303
0.908736
0.911287
0.913931
0.916704
0.919592
0.922619
0.925723
0.928913
0.932267
0.935644
0.939043
0.942539
0.946119
0.949773
0.953458
0.957183
0.960922
0.964691
0.968502
0.97231
0.976099
0.979897
0.98368
0.987468
0.991257
0.995004
0.99874
1.00246
1.00614
1.00977
1.01334
1.01689
1.02038
1.0238
1.02718
1.03051
1.03377
1.03698
1.04013
1.04321
1.04622
1.04918
1.05208
1.05489
1.05762
1.06029
1.06291
1.06546
1.11678
1.10355
1.0906
1.07804
1.06597
1.05434
1.04301
1.032
1.02143
1.01131
1.00163
0.992353
0.983386
0.97472
0.966489
0.958758
0.951446
0.94448
0.937825
0.931504
0.925647
0.920185
0.914921
0.910048
0.905695
0.901643
0.897837
0.894422
0.891342
0.888559
0.886113
0.883988
0.882184
0.880643
0.879402
0.878482
0.877793
0.87739
0.877267
0.877347
0.877747
0.878412
0.879174
0.880207
0.881553
0.88301
0.884632
0.886518
0.888601
0.89084
0.89326
0.895804
0.898489
0.90137
0.904346
0.907405
0.910612
0.913987
0.917403
0.920868
0.924507
0.92822
0.931943
0.935718
0.939551
0.943459
0.947405
0.951375
0.955367
0.959367
0.963396
0.967433
0.97145
0.975471
0.979464
0.983434
0.987375
0.991272
0.995162
0.999029
1.00286
1.00662
1.01031
1.01396
1.01752
1.02099
1.02443
1.02781
1.0311
1.03431
1.03742
1.04047
1.04346
1.04636
1.04915
1.05184
1.05447
1.05702
1.05946
1.06183
1.09962
1.086
1.07288
1.06015
1.04781
1.03599
1.02452
1.01334
1.00258
0.992335
0.98268
0.973296
0.964071
0.955458
0.947396
0.939557
0.932133
0.925275
0.918728
0.912407
0.906551
0.901225
0.896191
0.891389
0.887097
0.883251
0.879607
0.876311
0.873423
0.87089
0.868677
0.866745
0.865164
0.863889
0.862875
0.862236
0.8619
0.86175
0.86186
0.862291
0.863031
0.863945
0.865025
0.866423
0.868106
0.869903
0.871862
0.874113
0.876535
0.879065
0.881838
0.884775
0.88776
0.89091
0.894252
0.89769
0.901228
0.904914
0.908687
0.912506
0.916444
0.920492
0.92455
0.928653
0.932806
0.936999
0.941223
0.945466
0.94975
0.954032
0.958301
0.962576
0.966829
0.971064
0.975285
0.979474
0.983615
0.987708
0.991764
0.995753
0.999698
1.0036
1.00744
1.0112
1.01486
1.01847
1.022
1.02541
1.02874
1.032
1.03516
1.0382
1.04115
1.04403
1.04679
1.04946
1.05203
1.05448
1.0568
1.05903
1.08093
1.06704
1.05365
1.04067
1.02817
1.01612
1.00446
0.993169
0.982304
0.971912
0.962109
0.952638
0.943394
0.934806
0.926784
0.918887
0.911401
0.904597
0.898109
0.891921
0.886167
0.88091
0.876067
0.871381
0.867124
0.86344
0.860072
0.857043
0.854344
0.851989
0.849993
0.84829
0.846985
0.846048
0.845335
0.844934
0.844869
0.845051
0.845536
0.846316
0.847342
0.848573
0.850032
0.851775
0.853757
0.855954
0.858353
0.860925
0.863699
0.866672
0.869816
0.873106
0.876512
0.880047
0.883738
0.887551
0.891486
0.89555
0.899686
0.903865
0.90813
0.91251
0.916931
0.921381
0.925862
0.930364
0.934908
0.939446
0.944019
0.948606
0.953153
0.957709
0.96226
0.96676
0.971206
0.975608
0.979974
0.984287
0.98853
0.992699
0.9968
1.00082
1.00477
1.00864
1.01242
1.01615
1.01975
1.02323
1.02662
1.0299
1.03307
1.03614
1.03911
1.04198
1.04473
1.04739
1.04993
1.05232
1.0546
1.05679
1.06064
1.04659
1.0329
1.01957
1.00686
0.994688
0.982838
0.971421
0.960459
0.949897
0.939925
0.930457
0.921312
0.912615
0.904474
0.896704
0.889259
0.882391
0.876025
0.870021
0.864366
0.859108
0.854371
0.849944
0.845885
0.842403
0.839264
0.836375
0.833921
0.83189
0.830094
0.828672
0.827705
0.827065
0.82669
0.826554
0.826794
0.827407
0.828246
0.82934
0.830723
0.832363
0.834203
0.836265
0.838632
0.841277
0.844092
0.847053
0.850236
0.853629
0.857161
0.860865
0.864751
0.868704
0.872774
0.877031
0.881375
0.885784
0.890277
0.894886
0.899577
0.904309
0.909095
0.913921
0.918775
0.923627
0.928519
0.933405
0.938282
0.943164
0.948019
0.952868
0.957704
0.962495
0.967222
0.971905
0.976529
0.981045
0.985471
0.989853
0.994144
0.99834
1.00243
1.00642
1.01033
1.01411
1.01776
1.02133
1.0248
1.0281
1.03126
1.03433
1.03729
1.04009
1.04277
1.04533
1.04776
1.05007
1.05231
1.05441
1.03871
1.02449
1.01054
0.996832
0.983888
0.97163
0.959599
0.948008
0.936932
0.926313
0.916186
0.90662
0.897572
0.888828
0.880589
0.872944
0.86558
0.858696
0.852414
0.846517
0.840989
0.835889
0.831332
0.827118
0.82326
0.819965
0.817029
0.814409
0.812262
0.810495
0.808984
0.80793
0.807259
0.806875
0.806872
0.807127
0.807689
0.808685
0.809974
0.811445
0.813189
0.815242
0.817534
0.820069
0.822837
0.825878
0.829143
0.832556
0.836163
0.839995
0.843995
0.848125
0.852428
0.856866
0.861393
0.866073
0.870839
0.875679
0.880614
0.885626
0.890728
0.895883
0.901092
0.906332
0.911587
0.916828
0.9221
0.927387
0.932627
0.937835
0.943032
0.948186
0.953307
0.958394
0.963403
0.968352
0.973245
0.978015
0.98269
0.987299
0.99178
0.996162
1.00042
1.00458
1.00863
1.0125
1.01626
1.01992
1.02344
1.0268
1.03003
1.03311
1.036
1.03874
1.04135
1.04378
1.04606
1.04823
1.05029
1.05218
1.01517
1.00058
0.98642
0.972527
0.959296
0.94676
0.934601
0.922885
0.911694
0.90099
0.890741
0.881126
0.872088
0.863415
0.855178
0.847453
0.840183
0.833414
0.827233
0.82148
0.816079
0.811182
0.806789
0.802734
0.799155
0.796135
0.793447
0.791123
0.789214
0.787758
0.786699
0.785932
0.785496
0.785451
0.785896
0.786633
0.787567
0.788887
0.790598
0.792539
0.794715
0.79722
0.800014
0.80302
0.806247
0.809753
0.813448
0.817332
0.821485
0.825797
0.83022
0.834818
0.839627
0.844591
0.849579
0.854691
0.859951
0.865275
0.870693
0.876186
0.881725
0.887308
0.892964
0.89865
0.904334
0.909997
0.915675
0.921373
0.927015
0.932608
0.93817
0.943683
0.949121
0.95451
0.959835
0.965062
0.97022
0.975268
0.980212
0.985053
0.989769
0.99435
0.998782
1.00312
1.00732
1.01134
1.01526
1.01903
1.02262
1.02605
1.02934
1.03247
1.03541
1.03818
1.04077
1.04316
1.04538
1.04745
1.04929
1.05096
0.989846
0.97486
0.960415
0.946427
0.932912
0.920058
0.907817
0.895975
0.884612
0.873793
0.863567
0.853942
0.844804
0.836194
0.828021
0.820196
0.813014
0.806526
0.800423
0.794723
0.789522
0.784851
0.780653
0.776856
0.773541
0.770722
0.768334
0.766383
0.764783
0.763645
0.762947
0.762502
0.762441
0.762869
0.763748
0.764887
0.766251
0.767959
0.770119
0.772612
0.775285
0.778223
0.781521
0.785074
0.788799
0.79276
0.796963
0.801403
0.806076
0.8109
0.815847
0.820971
0.826281
0.831762
0.837314
0.842932
0.848689
0.854534
0.860475
0.866486
0.872513
0.87857
0.884708
0.890865
0.897001
0.903135
0.90927
0.915404
0.921474
0.927482
0.933416
0.939321
0.945147
0.950875
0.956525
0.962072
0.967535
0.972891
0.978102
0.983194
0.988158
0.992959
0.997621
1.00213
1.00646
1.01064
1.01469
1.01856
1.02225
1.02574
1.0291
1.03228
1.03527
1.03808
1.0407
1.04312
1.04536
1.04736
1.04913
1.05072
0.962554
0.947309
0.932518
0.918266
0.904561
0.891536
0.879138
0.86715
0.855592
0.84473
0.834579
0.824854
0.815572
0.806984
0.798964
0.791222
0.784145
0.777812
0.771789
0.766232
0.761268
0.756796
0.752775
0.749274
0.746281
0.743725
0.741653
0.740049
0.738833
0.738055
0.737663
0.737626
0.738083
0.738997
0.740242
0.741794
0.743671
0.745889
0.74856
0.751548
0.754713
0.7582
0.762061
0.766172
0.77045
0.774937
0.779681
0.784688
0.789921
0.795328
0.800831
0.806497
0.812384
0.818433
0.824572
0.830754
0.837057
0.843479
0.849982
0.856525
0.863091
0.86968
0.87632
0.882996
0.88963
0.896266
0.902901
0.909506
0.916049
0.922512
0.928873
0.935183
0.941427
0.947552
0.953555
0.959467
0.965256
0.970909
0.976408
0.981782
0.987024
0.992099
0.997004
1.0017
1.00624
1.0106
1.01471
1.01866
1.02244
1.02601
1.02939
1.03255
1.03552
1.03832
1.04092
1.0433
1.04545
1.0474
1.04917
1.05071
0.933255
0.917675
0.902647
0.888143
0.874191
0.861014
0.848427
0.836253
0.824591
0.813714
0.803532
0.793679
0.784381
0.775915
0.767955
0.760365
0.753448
0.747128
0.741264
0.735908
0.731134
0.726948
0.723215
0.719956
0.717262
0.715089
0.713362
0.712078
0.711269
0.710894
0.710894
0.711364
0.712338
0.713655
0.715346
0.717448
0.719873
0.722639
0.725781
0.729279
0.733095
0.737212
0.741589
0.746239
0.751153
0.756242
0.761571
0.767222
0.773091
0.779091
0.78521
0.7915
0.797993
0.804662
0.811427
0.818229
0.825126
0.832149
0.839273
0.846418
0.853567
0.860744
0.867943
0.875137
0.882302
0.889462
0.896612
0.903715
0.910753
0.917721
0.924588
0.93134
0.938017
0.944588
0.951005
0.957296
0.963432
0.969425
0.975275
0.980943
0.98646
0.99181
0.996957
1.00191
1.00671
1.01127
1.01555
1.01961
1.02348
1.02712
1.03052
1.03368
1.0366
1.03929
1.04178
1.04402
1.04604
1.04789
1.04951
1.05088
0.901932
0.885891
0.870617
0.855976
0.841786
0.828281
0.815476
0.803292
0.791581
0.780587
0.770296
0.760415
0.751288
0.74293
0.734899
0.727396
0.720696
0.714524
0.708785
0.703657
0.699225
0.695281
0.691778
0.688833
0.686492
0.684733
0.683354
0.682452
0.682103
0.682155
0.682647
0.683623
0.685072
0.686917
0.689152
0.691805
0.694817
0.698148
0.701838
0.705993
0.710432
0.715055
0.720066
0.725391
0.730948
0.73673
0.742749
0.74905
0.755539
0.762181
0.769003
0.776003
0.78315
0.790457
0.797897
0.805387
0.812962
0.820629
0.828361
0.836164
0.843956
0.851755
0.859592
0.867375
0.875112
0.882836
0.890517
0.898134
0.905679
0.913177
0.920583
0.927837
0.934969
0.942002
0.948889
0.955587
0.962123
0.968493
0.974691
0.980684
0.986511
0.992141
0.997544
1.00276
1.00777
1.01256
1.01708
1.02134
1.02536
1.02913
1.03263
1.03584
1.03878
1.04144
1.04383
1.04599
1.04792
1.04958
1.05094
1.05208
0.868323
0.851949
0.836378
0.821534
0.807111
0.793327
0.780426
0.768174
0.7563
0.745141
0.734864
0.725186
0.716168
0.707681
0.699602
0.692326
0.685877
0.679906
0.674327
0.66944
0.66529
0.66156
0.658414
0.655949
0.653976
0.65251
0.651543
0.651135
0.651249
0.651744
0.652771
0.654344
0.656327
0.658711
0.661511
0.664807
0.668447
0.672351
0.676726
0.681478
0.686507
0.691913
0.697647
0.703586
0.709814
0.716347
0.723099
0.730091
0.737296
0.744679
0.752236
0.759947
0.767801
0.775794
0.783931
0.792146
0.800438
0.808817
0.817224
0.825702
0.834205
0.842664
0.851142
0.859605
0.867988
0.876347
0.884649
0.892833
0.900934
0.90898
0.916935
0.924735
0.932359
0.93987
0.947243
0.954408
0.961407
0.968193
0.974741
0.98107
0.987204
0.99315
0.998836
1.00427
1.00949
1.01448
1.0192
1.02364
1.02786
1.03183
1.03545
1.03876
1.04181
1.04457
1.04704
1.0492
1.05105
1.05256
1.05379
1.05478
0.83233
0.815783
0.799889
0.784671
0.769948
0.756101
0.743142
0.73068
0.718696
0.707439
0.697163
0.687656
0.678647
0.670066
0.662112
0.65508
0.648862
0.643077
0.637666
0.633031
0.62925
0.625944
0.623102
0.620949
0.619416
0.618379
0.617913
0.618012
0.618562
0.619544
0.621154
0.623402
0.626005
0.628938
0.632314
0.636226
0.640554
0.645199
0.650268
0.655697
0.661475
0.667597
0.673982
0.680686
0.687715
0.695009
0.702547
0.710306
0.718265
0.726418
0.734762
0.74327
0.751903
0.760653
0.769539
0.778522
0.787569
0.796687
0.80585
0.815045
0.82429
0.833514
0.842685
0.851843
0.860919
0.869949
0.878927
0.88776
0.896501
0.905142
0.913676
0.922047
0.930212
0.938238
0.946125
0.95383
0.961312
0.968535
0.975533
0.982293
0.988776
0.995027
1.00101
1.0067
1.01214
1.0173
1.02218
1.02678
1.03113
1.03518
1.03889
1.04232
1.04546
1.04832
1.05084
1.05302
1.05485
1.05634
1.05756
1.05844
0.793861
0.777116
0.760943
0.745305
0.730364
0.716392
0.703279
0.690714
0.67867
0.667358
0.657046
0.647574
0.6386
0.630149
0.622359
0.615454
0.609424
0.603863
0.598736
0.594483
0.591063
0.588106
0.585628
0.583829
0.582758
0.582269
0.582354
0.58292
0.583898
0.58551
0.587826
0.590701
0.593943
0.597462
0.601453
0.606107
0.611241
0.616651
0.622399
0.628566
0.635107
0.642005
0.649229
0.65675
0.664568
0.672659
0.68102
0.68962
0.698414
0.707409
0.716604
0.725959
0.735431
0.745022
0.754741
0.764553
0.774419
0.784338
0.794303
0.804285
0.81429
0.824297
0.834264
0.84419
0.854038
0.8638
0.873475
0.883003
0.892418
0.901718
0.910893
0.919866
0.928616
0.937196
0.945613
0.953861
0.961847
0.969566
0.977064
0.9843
0.991213
0.99785
1.00421
1.01022
1.0159
1.02128
1.02637
1.03113
1.03555
1.03963
1.04342
1.0469
1.05005
1.05286
1.05531
1.05745
1.05925
1.06073
1.06186
1.0626
0.752821
0.735757
0.719268
0.703326
0.688206
0.67409
0.660791
0.648106
0.63602
0.624729
0.614437
0.604897
0.595968
0.587714
0.580187
0.573461
0.567544
0.562236
0.557538
0.553722
0.550553
0.54788
0.545947
0.544651
0.544013
0.544105
0.54471
0.545798
0.547421
0.54971
0.552674
0.556131
0.560026
0.56433
0.569154
0.574552
0.580369
0.58655
0.593137
0.600158
0.607576
0.615323
0.62338
0.631761
0.640452
0.649422
0.658664
0.668155
0.677848
0.687739
0.697833
0.708096
0.718481
0.728975
0.739587
0.750287
0.761031
0.771824
0.782652
0.793491
0.804328
0.815152
0.825937
0.836662
0.847331
0.857908
0.868368
0.878675
0.888819
0.898815
0.908657
0.918305
0.927718
0.936894
0.94585
0.954608
0.963137
0.971383
0.979337
0.987041
0.994437
1.00151
1.0083
1.01472
1.02074
1.02644
1.03181
1.03678
1.04136
1.04559
1.04948
1.05299
1.05611
1.05883
1.06122
1.06326
1.06494
1.06625
1.06716
1.06767
0.709145
0.691513
0.674648
0.658586
0.643372
0.629111
0.615585
0.60273
0.590636
0.579419
0.569135
0.559609
0.550766
0.5427
0.535477
0.529004
0.523181
0.518098
0.513956
0.510568
0.507637
0.505385
0.504029
0.50325
0.503102
0.503805
0.50499
0.506681
0.508996
0.51195
0.515609
0.519775
0.524438
0.529612
0.5352
0.541281
0.547943
0.555086
0.562609
0.570501
0.578775
0.587429
0.596431
0.605755
0.615383
0.625291
0.635477
0.645914
0.65656
0.667415
0.678473
0.689701
0.701057
0.71252
0.724098
0.735761
0.747464
0.759199
0.770956
0.782715
0.794454
0.806162
0.817824
0.829412
0.840917
0.852319
0.863599
0.874729
0.885689
0.896467
0.90703
0.917393
0.9275
0.937329
0.946905
0.956221
0.965327
0.974099
0.982497
0.990654
0.998538
1.00606
1.01324
1.02007
1.02652
1.03261
1.0383
1.04357
1.04844
1.05291
1.05693
1.06055
1.06376
1.06655
1.06893
1.0709
1.07243
1.07351
1.07417
1.07448
0.662469
0.644399
0.627264
0.611037
0.595676
0.581171
0.567455
0.554554
0.542465
0.531309
0.521055
0.511556
0.502871
0.495037
0.488053
0.481774
0.476153
0.471508
0.467844
0.464697
0.462165
0.460587
0.459723
0.459399
0.459889
0.461225
0.463011
0.465355
0.468468
0.472236
0.476611
0.481513
0.486956
0.49295
0.499451
0.506475
0.514035
0.522052
0.530486
0.539341
0.5486
0.558242
0.568244
0.578577
0.589211
0.600133
0.611342
0.622803
0.634478
0.646362
0.658449
0.670706
0.683097
0.695601
0.708215
0.720915
0.733653
0.746408
0.759178
0.771937
0.784656
0.797322
0.80992
0.822433
0.83484
0.847126
0.859265
0.871234
0.883033
0.894646
0.906019
0.917168
0.928028
0.938593
0.948871
0.958833
0.968528
0.977875
0.986835
0.995473
1.00379
1.01173
1.0193
1.02651
1.03335
1.03978
1.0458
1.0514
1.05656
1.06126
1.06551
1.06934
1.07273
1.07561
1.07803
1.07999
1.08147
1.08247
1.08304
1.08319
0.612684
0.594419
0.577046
0.560482
0.544792
0.530132
0.516388
0.503401
0.491317
0.480289
0.470011
0.460509
0.452071
0.444485
0.437623
0.431598
0.426458
0.42223
0.418802
0.416045
0.414159
0.413191
0.41276
0.412957
0.414165
0.416194
0.418701
0.421807
0.425677
0.430241
0.435419
0.441165
0.447482
0.454393
0.461866
0.469839
0.47832
0.487312
0.496765
0.506662
0.516967
0.527659
0.538729
0.550144
0.561874
0.573902
0.586212
0.598775
0.611562
0.624561
0.637754
0.651114
0.664617
0.678238
0.691958
0.705755
0.719599
0.733463
0.747324
0.761158
0.774938
0.788643
0.802257
0.815759
0.829137
0.842369
0.85543
0.86831
0.880992
0.89346
0.905687
0.917664
0.929354
0.940741
0.951802
0.962507
0.972863
0.982878
0.992498
1.00169
1.0105
1.01892
1.0269
1.03446
1.04163
1.04837
1.05465
1.0605
1.0659
1.07082
1.07528
1.07927
1.08274
1.08569
1.08816
1.09014
1.09163
1.09264
1.09314
1.09311
0.559829
0.541226
0.523528
0.50664
0.490697
0.475979
0.462188
0.449072
0.436969
0.425986
0.415778
0.406419
0.398158
0.390745
0.384079
0.378493
0.373891
0.36993
0.36682
0.364732
0.363435
0.362842
0.36301
0.364041
0.36596
0.368598
0.371877
0.375859
0.380578
0.385985
0.392038
0.398716
0.406007
0.413901
0.422363
0.431359
0.440887
0.450937
0.461465
0.472455
0.483883
0.495716
0.507935
0.520519
0.533432
0.546651
0.560156
0.573915
0.587904
0.6021
0.616492
0.631052
0.645744
0.660548
0.675448
0.690429
0.705449
0.720477
0.735496
0.750481
0.7654
0.78023
0.794952
0.809532
0.823957
0.838206
0.852257
0.866104
0.879725
0.893097
0.90621
0.91905
0.931594
0.943813
0.955687
0.967198
0.978326
0.98908
0.999398
1.00925
1.01868
1.02767
1.03617
1.0442
1.05174
1.05878
1.06534
1.07141
1.077
1.0821
1.08667
1.0907
1.0942
1.09721
1.09969
1.10163
1.10305
1.10394
1.10427
1.10405
0.503647
0.484561
0.466473
0.449369
0.433386
0.418517
0.40451
0.391338
0.379236
0.368293
0.358223
0.349018
0.340909
0.3338
0.327577
0.322391
0.3181
0.31455
0.312005
0.310467
0.309663
0.309681
0.310669
0.312489
0.315053
0.318422
0.322594
0.327498
0.333101
0.339426
0.346461
0.354155
0.362465
0.371404
0.380953
0.391058
0.401712
0.412902
0.424593
0.436761
0.44939
0.462443
0.475898
0.489734
0.503916
0.518415
0.533205
0.548249
0.563532
0.579033
0.594715
0.610551
0.626522
0.642606
0.658766
0.674989
0.691251
0.707517
0.72377
0.739974
0.7561
0.77213
0.788031
0.803773
0.819336
0.8347
0.849836
0.864728
0.879358
0.893705
0.907763
0.92151
0.93493
0.947997
0.960705
0.973028
0.984948
0.996453
1.00751
1.01809
1.02821
1.03782
1.04693
1.05553
1.06356
1.07104
1.078
1.08439
1.09019
1.09545
1.10015
1.10427
1.10784
1.11087
1.11329
1.11513
1.11641
1.11708
1.11718
1.11674
0.443805
0.42428
0.405882
0.388631
0.372507
0.357364
0.343189
0.330048
0.318014
0.307074
0.297128
0.288202
0.280387
0.273626
0.267784
0.262869
0.258946
0.256026
0.254081
0.253057
0.252933
0.253724
0.25541
0.257957
0.261346
0.26558
0.270649
0.276492
0.283073
0.29041
0.298489
0.307257
0.316674
0.326746
0.337463
0.348769
0.360634
0.373049
0.385984
0.399421
0.41334
0.427695
0.442475
0.457648
0.473171
0.48903
0.505198
0.521633
0.538308
0.555195
0.572264
0.589483
0.606828
0.624271
0.641784
0.659351
0.676946
0.694523
0.712074
0.729578
0.746988
0.764282
0.781444
0.798438
0.815229
0.831795
0.848115
0.86416
0.879903
0.895327
0.910416
0.925154
0.939523
0.953495
0.967062
0.980217
0.99294
1.00521
1.01701
1.02832
1.03912
1.04939
1.05912
1.0683
1.07689
1.08491
1.09233
1.09914
1.10531
1.11086
1.11579
1.12009
1.12378
1.12684
1.12925
1.13103
1.13219
1.13271
1.13262
1.13191
0.380136
0.360293
0.341622
0.324095
0.307671
0.292349
0.27814
0.265041
0.253062
0.242213
0.232477
0.22382
0.216245
0.209752
0.20429
0.19985
0.196468
0.194115
0.192759
0.192383
0.192971
0.194499
0.196957
0.200353
0.204633
0.209776
0.21579
0.222624
0.230259
0.23869
0.247884
0.257806
0.268419
0.279706
0.291672
0.304272
0.317437
0.331165
0.345462
0.360278
0.375566
0.391315
0.407515
0.424117
0.441072
0.458382
0.47602
0.493931
0.512081
0.53045
0.549006
0.567715
0.586541
0.605456
0.624433
0.643446
0.662464
0.681453
0.700401
0.719287
0.738066
0.75671
0.775206
0.793526
0.811628
0.829483
0.847075
0.864376
0.881343
0.897955
0.914191
0.930028
0.945447
0.960426
0.974944
0.988996
1.00257
1.01564
1.02819
1.04021
1.05168
1.06261
1.07295
1.0827
1.09185
1.10037
1.10825
1.11548
1.12207
1.12799
1.13323
1.13778
1.14165
1.14483
1.14732
1.14911
1.15022
1.15066
1.15041
1.14946
0.312471
0.292279
0.273279
0.255451
0.238835
0.223412
0.20916
0.196088
0.184191
0.173486
0.163933
0.155507
0.148234
0.142106
0.137089
0.133166
0.130332
0.128576
0.127872
0.128194
0.129536
0.131883
0.135204
0.139495
0.14473
0.150867
0.157902
0.165814
0.17459
0.184194
0.194573
0.205729
0.217636
0.23025
0.243557
0.257523
0.272096
0.287267
0.303026
0.319314
0.336088
0.353342
0.371057
0.389189
0.40769
0.426544
0.445736
0.465216
0.484941
0.504894
0.525034
0.545327
0.565745
0.586246
0.606799
0.627375
0.647939
0.668459
0.688914
0.709278
0.729518
0.749606
0.769519
0.789237
0.80872
0.827938
0.846867
0.865486
0.883754
0.901635
0.919114
0.936153
0.952728
0.968823
0.984408
0.999467
1.01398
1.02794
1.04132
1.05411
1.0663
1.07788
1.08882
1.09914
1.1088
1.11779
1.1261
1.13374
1.14068
1.14691
1.15243
1.15722
1.16128
1.16459
1.16716
1.169
1.17009
1.17044
1.17004
1.16891
0.240555
0.219986
0.200674
0.182613
0.165837
0.150312
0.136023
0.122983
0.111188
0.10064
0.0913084
0.08317
0.0762542
0.0705494
0.0660035
0.0626091
0.06038
0.0592835
0.0592803
0.0603777
0.0625642
0.0657977
0.0700448
0.0753097
0.081581
0.0888056
0.0969694
0.106058
0.116044
0.126891
0.138569
0.15107
0.164357
0.178388
0.193135
0.20857
0.224664
0.24138
0.258688
0.276556
0.294951
0.313823
0.333152
0.352925
0.373087
0.39359
0.414435
0.435588
0.45699
0.478621
0.500448
0.522429
0.544538
0.566728
0.58897
0.611229
0.633455
0.655622
0.677714
0.699686
0.721499
0.743135
0.76457
0.785769
0.806701
0.827349
0.847681
0.867668
0.887282
0.906485
0.925256
0.943559
0.961369
0.978665
0.99541
1.01158
1.02715
1.04211
1.05643
1.0701
1.08311
1.09543
1.10706
1.11799
1.1282
1.13768
1.14644
1.15446
1.16173
1.16824
1.17398
1.17894
1.18312
1.18652
1.18912
1.19094
1.19196
1.19218
1.19161
1.19023
0.164212
0.143269
0.123661
0.105377
0.0884434
0.0728335
0.0585224
0.0455314
0.033865
0.0235046
0.0144278
0.00662307
0.000103018
-0.00515034
-0.0091784
-0.0119888
-0.013575
-0.0139541
-0.0131597
-0.0112212
-0.00814769
-0.0039611
0.0013108
0.00765162
0.0150341
0.0234285
0.0328124
0.0431664
0.0544604
0.0666521
0.0797277
0.0936627
0.108413
0.123954
0.140243
0.157253
0.174958
0.193312
0.212282
0.231849
0.251956
0.272558
0.293635
0.315164
0.33709
0.359366
0.381987
0.404929
0.428122
0.451536
0.475153
0.498936
0.522836
0.54682
0.570858
0.594905
0.618912
0.642851
0.666696
0.690404
0.713925
0.737237
0.760315
0.78312
0.805619
0.827792
0.849611
0.871041
0.89206
0.91264
0.932757
0.952374
0.971459
0.989994
1.00795
1.0253
1.04201
1.05806
1.07343
1.08809
1.10202
1.11521
1.12765
1.13931
1.15019
1.16027
1.16956
1.17803
1.18567
1.19249
1.19847
1.20361
1.20791
1.21136
1.21396
1.21571
1.2166
1.21663
1.21581
1.21415
0.0832185
0.061901
0.0419979
0.0234788
0.00638508
-0.00930129
-0.0236126
-0.0365263
-0.0480523
-0.0582096
-0.0669987
-0.0744263
-0.0805212
-0.0852926
-0.0887433
-0.0909014
-0.0917918
-0.0914004
-0.0897617
-0.0869237
-0.0828701
-0.0776386
-0.0712733
-0.0637888
-0.0552058
-0.0455477
-0.0348506
-0.0231386
-0.0104442
0.00319231
0.0177581
0.0332255
0.0495477
0.0666894
0.0846159
0.103312
0.12273
0.142825
0.163573
0.184936
0.206866
0.229326
0.252284
0.275692
0.299515
0.32371
0.348243
0.373103
0.398225
0.423555
0.449084
0.474784
0.500594
0.526485
0.552434
0.578379
0.604278
0.630104
0.655822
0.681383
0.706741
0.731864
0.756719
0.781268
0.805473
0.829303
0.852736
0.875735
0.89827
0.920318
0.941854
0.96285
0.983268
1.00309
1.0223
1.04086
1.05874
1.07592
1.09238
1.10808
1.12302
1.13716
1.15048
1.16298
1.17462
1.18541
1.19532
1.20434
1.21247
1.21969
1.22599
1.23139
1.23586
1.23941
1.24203
1.24373
1.24449
1.24433
1.24325
1.24125
-0.0027588
-0.0244593
-0.0446687
-0.0634225
-0.0806779
-0.0964316
-0.110714
-0.123538
-0.134907
-0.144815
-0.153264
-0.160288
-0.16592
-0.170144
-0.172961
-0.17441
-0.17452
-0.173286
-0.170738
-0.16691
-0.161804
-0.155469
-0.147933
-0.139209
-0.12932
-0.118298
-0.106186
-0.0930177
-0.0788242
-0.0636348
-0.0474607
-0.0303354
-0.0123353
0.00651363
0.0262084
0.0467069
0.0679557
0.0899144
0.112552
0.135842
0.159734
0.184172
0.209132
0.23457
0.260438
0.286694
0.31329
0.340208
0.367402
0.394806
0.4224
0.450157
0.478013
0.505939
0.53391
0.56187
0.589774
0.617593
0.645287
0.672814
0.700117
0.727161
0.753913
0.78033
0.806371
0.831999
0.857181
0.881886
0.906074
0.929716
0.952793
0.975273
0.997118
1.01831
1.03883
1.05865
1.07774
1.09608
1.11365
1.13042
1.14636
1.16146
1.1757
1.18905
1.20149
1.21302
1.2236
1.23322
1.24189
1.24958
1.25628
1.26199
1.2667
1.2704
1.2731
1.2748
1.27548
1.27517
1.27386
1.27154
-0.0940703
-0.116167
-0.136686
-0.15566
-0.173045
-0.188832
-0.203069
-0.215778
-0.226937
-0.23654
-0.244605
-0.251182
-0.256273
-0.259863
-0.26198
-0.262652
-0.261903
-0.259748
-0.25621
-0.251318
-0.245091
-0.237559
-0.228737
-0.218658
-0.207373
-0.194911
-0.181289
-0.166543
-0.150723
-0.133854
-0.115947
-0.0970581
-0.0772529
-0.0565474
-0.0349519
-0.0125292
0.0106763
0.0346371
0.0593109
0.0846549
0.110625
0.137178
0.164284
0.191888
0.219933
0.248387
0.2772
0.306331
0.335745
0.365375
0.395184
0.425143
0.455194
0.485301
0.51543
0.545529
0.575563
0.60549
0.635262
0.664847
0.694195
0.723261
0.752012
0.780404
0.808393
0.835936
0.862991
0.889526
0.915503
0.940882
0.965632
0.989728
1.01314
1.03582
1.05777
1.07895
1.09934
1.11891
1.13763
1.1555
1.17247
1.18855
1.2037
1.2179
1.23114
1.24339
1.25464
1.26487
1.27406
1.28222
1.28932
1.29535
1.30032
1.3042
1.307
1.30873
1.30936
1.30892
1.30739
1.30478
-0.190979
-0.213473
-0.234292
-0.253451
-0.270925
-0.28673
-0.300908
-0.313449
-0.324335
-0.333583
-0.341226
-0.347285
-0.351753
-0.354653
-0.356017
-0.355845
-0.354173
-0.35102
-0.346403
-0.340364
-0.332926
-0.3241
-0.313916
-0.302415
-0.289649
-0.275631
-0.260374
-0.243946
-0.22639
-0.207719
-0.187975
-0.1672
-0.145442
-0.12274
-0.0991265
-0.0746466
-0.0493359
-0.0232302
0.00360839
0.0311362
0.059328
0.08814
0.117523
0.147426
0.177787
0.208581
0.239752
0.271236
0.303003
0.335007
0.367196
0.399518
0.431922
0.464366
0.496805
0.529199
0.561509
0.593677
0.625661
0.657435
0.688948
0.720148
0.751002
0.781472
0.81151
0.841075
0.870118
0.898601
0.926484
0.953728
0.980296
1.00615
1.03127
1.0556
1.07912
1.1018
1.12362
1.14455
1.16454
1.1836
1.20171
1.21883
1.23494
1.25003
1.26408
1.27707
1.28898
1.29981
1.30953
1.31813
1.32561
1.33194
1.33714
1.34118
1.34406
1.34579
1.34635
1.34576
1.34401
1.3411
-0.293733
-0.316613
-0.337718
-0.357044
-0.374604
-0.390415
-0.404486
-0.416813
-0.427402
-0.436269
-0.443442
-0.448924
-0.452737
-0.454911
-0.455449
-0.454366
-0.451701
-0.447472
-0.441709
-0.43445
-0.425705
-0.415505
-0.403895
-0.390882
-0.376505
-0.360805
-0.34383
-0.325628
-0.306219
-0.285624
-0.263903
-0.24111
-0.217274
-0.192446
-0.166657
-0.139955
-0.112387
-0.0840087
-0.0548534
-0.0249623
0.00560694
0.0368151
0.0686239
0.100965
0.133789
0.167065
0.200733
0.23473
0.269014
0.30354
0.338256
0.373106
0.408025
0.442969
0.477898
0.512761
0.547515
0.582103
0.616473
0.650593
0.684423
0.717904
0.751002
0.783677
0.815881
0.84757
0.878707
0.909247
0.939147
0.968365
0.99686
1.0246
1.05154
1.07765
1.10287
1.12719
1.15057
1.17299
1.1944
1.2148
1.23414
1.25242
1.26961
1.28568
1.30062
1.31442
1.32705
1.33851
1.34877
1.35784
1.36569
1.37232
1.37772
1.38189
1.38483
1.38652
1.38697
1.38618
1.38415
1.3809
-0.402685
-0.425941
-0.447317
-0.466816
-0.48446
-0.500249
-0.514184
-0.526284
-0.536554
-0.545
-0.551645
-0.556514
-0.559633
-0.561009
-0.560649
-0.558591
-0.554855
-0.549467
-0.542475
-0.533897
-0.523747
-0.512069
-0.498898
-0.484248
-0.468162
-0.450685
-0.431866
-0.411748
-0.390335
-0.367676
-0.343848
-0.318896
-0.292835
-0.265704
-0.237573
-0.208499
-0.178518
-0.147681
-0.11603
-0.0836118
-0.0504959
-0.0167165
0.0176785
0.0526256
0.0880794
0.123994
0.160315
0.196985
0.233944
0.271143
0.308536
0.346068
0.38367
0.421288
0.458879
0.496391
0.533762
0.570943
0.607882
0.644536
0.680862
0.7168
0.752303
0.787336
0.821851
0.855803
0.889156
0.921863
0.95388
0.985167
1.01568
1.04538
1.07422
1.10218
1.1292
1.15524
1.18029
1.20429
1.22723
1.24906
1.26976
1.28931
1.30768
1.32484
1.34078
1.35548
1.36892
1.38108
1.39196
1.40154
1.40981
1.41677
1.4224
1.42671
1.42969
1.43133
1.43164
1.43063
1.42829
1.42464
-0.518211
-0.541834
-0.563476
-0.58315
-0.600861
-0.616596
-0.630373
-0.642208
-0.652111
-0.66009
-0.666167
-0.670369
-0.672713
-0.673209
-0.671876
-0.668752
-0.663858
-0.65722
-0.648882
-0.638863
-0.627196
-0.613916
-0.599048
-0.582632
-0.56471
-0.545319
-0.524502
-0.502303
-0.478754
-0.453907
-0.427823
-0.400538
-0.372084
-0.342507
-0.311888
-0.280273
-0.247703
-0.214237
-0.179922
-0.14481
-0.108961
-0.0724292
-0.0352708
0.00246133
0.0407166
0.0794437
0.118584
0.158088
0.197889
0.237926
0.278158
0.31853
0.358968
0.39942
0.439836
0.480156
0.520318
0.560271
0.59996
0.639326
0.678323
0.716899
0.754995
0.792567
0.829568
0.865948
0.901671
0.936689
0.970954
1.00442
1.03705
1.06881
1.09965
1.12953
1.15841
1.18625
1.21302
1.23868
1.2632
1.28654
1.30867
1.32956
1.34919
1.36753
1.38455
1.40024
1.41457
1.42753
1.4391
1.44927
1.45804
1.46539
1.47131
1.47581
1.47887
1.4805
1.4807
1.47947
1.47682
1.47274
-0.640634
-0.664631
-0.68654
-0.70637
-0.724115
-0.739776
-0.753365
-0.7649
-0.774391
-0.781851
-0.787306
-0.790769
-0.792258
-0.7918
-0.789428
-0.785153
-0.778992
-0.770998
-0.761207
-0.74964
-0.736335
-0.721328
-0.70464
-0.68632
-0.666424
-0.644986
-0.622034
-0.59762
-0.571802
-0.544618
-0.516108
-0.48634
-0.455357
-0.423198
-0.389924
-0.355606
-0.320297
-0.284041
-0.24689
-0.208904
-0.17015
-0.130688
-0.0905757
-0.0498748
-0.00862878
0.0331019
0.0752501
0.117762
0.160586
0.203651
0.246899
0.290278
0.333729
0.377196
0.420608
0.463901
0.507026
0.54993
0.592543
0.6348
0.676657
0.718058
0.758934
0.799235
0.838913
0.877913
0.91619
0.953696
0.990382
1.0262
1.0611
1.09505
1.12802
1.15994
1.19079
1.22052
1.24911
1.2765
1.30266
1.32757
1.35119
1.37348
1.39442
1.41399
1.43215
1.44888
1.46416
1.47798
1.49031
1.50114
1.51047
1.51828
1.52455
1.52929
1.5325
1.53416
1.53428
1.53287
1.52993
1.52546
-0.77037
-0.794756
-0.816928
-0.836895
-0.854659
-0.87022
-0.883594
-0.894798
-0.903838
-0.910727
-0.915494
-0.918153
-0.918728
-0.917257
-0.91375
-0.908221
-0.900707
-0.89126
-0.879906
-0.866676
-0.851615
-0.834752
-0.816128
-0.79578
-0.773774
-0.75014
-0.724909
-0.698147
-0.669906
-0.640216
-0.609136
-0.57674
-0.543065
-0.508152
-0.472063
-0.434875
-0.396647
-0.357418
-0.317249
-0.276212
-0.234371
-0.19178
-0.148513
-0.104632
-0.0601844
-0.0152399
0.0301232
0.0758653
0.12193
0.16823
0.214708
0.261307
0.307969
0.35463
0.401227
0.447689
0.49396
0.539988
0.585704
0.631037
0.675932
0.720332
0.76417
0.807384
0.849925
0.891736
0.932757
0.972941
1.01224
1.05059
1.08796
1.12428
1.15953
1.19366
1.22662
1.25837
1.28888
1.31811
1.34601
1.37257
1.39775
1.42151
1.44382
1.46465
1.48399
1.5018
1.51807
1.53277
1.54589
1.55741
1.56732
1.57561
1.58225
1.58726
1.59061
1.59232
1.59239
1.5908
1.58757
1.5827
-0.907971
-0.932737
-0.955158
-0.975252
-0.993018
-1.00845
-1.02157
-1.03239
-1.04092
-1.04718
-1.05119
-1.05298
-1.05256
-1.04997
-1.04522
-1.03835
-1.02938
-1.01836
-1.00532
-0.990313
-0.973364
-0.954517
-0.933812
-0.91129
-0.88701
-0.861013
-0.833344
-0.804066
-0.773227
-0.740866
-0.707045
-0.671832
-0.635272
-0.597421
-0.558342
-0.518096
-0.476743
-0.434346
-0.390971
-0.346682
-0.301539
-0.25561
-0.208977
-0.1617
-0.113832
-0.0654541
-0.0166313
0.032576
0.0820965
0.131854
0.181789
0.231845
0.28194
0.332008
0.381994
0.431828
0.481448
0.530788
0.579784
0.628362
0.676463
0.724033
0.771
0.817296
0.862865
0.907648
0.951586
0.994619
1.03669
1.07776
1.11775
1.15662
1.19433
1.23082
1.26606
1.29998
1.33257
1.36377
1.39355
1.42188
1.44872
1.47403
1.49779
1.51996
1.54053
1.55947
1.57676
1.59237
1.60629
1.6185
1.62899
1.63774
1.64474
1.64999
1.65349
1.65522
1.65519
1.65339
1.64984
1.64453
-1.0539
-1.07903
-1.10168
-1.12187
-1.13959
-1.15484
-1.16765
-1.17802
-1.18598
-1.19153
-1.1947
-1.19552
-1.19401
-1.1902
-1.18412
-1.17578
-1.16524
-1.15254
-1.1377
-1.12077
-1.10179
-1.08081
-1.05786
-1.03302
-1.00632
-0.977807
-0.947527
-0.915549
-0.881929
-0.846712
-0.809959
-0.771738
-0.732101
-0.691116
-0.648842
-0.605338
-0.560667
-0.514903
-0.468112
-0.420359
-0.371712
-0.322242
-0.272029
-0.221135
-0.169633
-0.117595
-0.0650958
-0.0122017
0.0410055
0.0944545
0.148083
0.201816
0.255572
0.309283
0.362889
0.41632
0.469495
0.52235
0.574824
0.626848
0.678349
0.729266
0.779528
0.829069
0.877832
0.925752
0.972765
1.0188
1.06382
1.10775
1.15054
1.19212
1.23244
1.27147
1.30914
1.34541
1.38024
1.41357
1.44538
1.47562
1.50426
1.53126
1.55659
1.58022
1.60212
1.62227
1.64065
1.65723
1.672
1.68493
1.69601
1.70525
1.71261
1.7181
1.72171
1.72344
1.72328
1.72123
1.7173
1.7115
-1.20849
-1.23397
-1.25682
-1.27707
-1.29469
-1.30972
-1.32216
-1.33203
-1.33935
-1.34412
-1.34637
-1.34614
-1.34345
-1.33834
-1.33082
-1.32093
-1.30872
-1.29421
-1.27745
-1.25848
-1.23734
-1.21409
-1.18878
-1.16146
-1.13218
-1.10098
-1.06792
-1.03308
-0.996501
-0.958244
-0.91837
-0.876945
-0.834035
-0.789703
-0.744028
-0.69706
-0.648862
-0.599509
-0.54908
-0.49765
-0.445282
-0.392048
-0.338027
-0.283298
-0.227937
-0.172016
-0.115604
-0.0587922
-0.00166124
0.0557147
0.11327
0.17092
0.228584
0.286183
0.343649
0.40091
0.457886
0.514498
0.570682
0.626371
0.68149
0.735973
0.789744
0.842738
0.894886
0.946125
0.996391
1.04562
1.09374
1.14071
1.18645
1.2309
1.27401
1.31573
1.356
1.39477
1.432
1.46763
1.50162
1.53393
1.56451
1.59335
1.62039
1.6456
1.66896
1.69043
1.71001
1.72765
1.74335
1.75708
1.76884
1.7786
1.78636
1.79212
1.79585
1.79757
1.79727
1.79494
1.7906
1.78425
-1.37218
-1.398
-1.42105
-1.44133
-1.45884
-1.47361
-1.48565
-1.49498
-1.50159
-1.50552
-1.5068
-1.50545
-1.50152
-1.495
-1.48595
-1.4744
-1.4604
-1.44398
-1.42516
-1.40401
-1.38058
-1.35494
-1.32712
-1.29716
-1.26511
-1.23105
-1.19504
-1.15714
-1.11741
-1.0759
-1.03269
-0.987846
-0.941436
-0.893536
-0.844219
-0.793546
-0.741579
-0.688397
-0.634084
-0.578724
-0.522383
-0.46514
-0.407081
-0.348277
-0.288807
-0.22875
-0.168185
-0.107206
-0.0459039
0.0156437
0.0773737
0.139193
0.201014
0.262752
0.324335
0.38569
0.446723
0.507347
0.567497
0.627108
0.686095
0.744385
0.801902
0.85857
0.914323
0.969097
1.02282
1.07542
1.12684
1.17702
1.22589
1.27337
1.31942
1.36398
1.407
1.44842
1.48818
1.52624
1.56254
1.59704
1.62971
1.66049
1.68936
1.71627
1.74119
1.76411
1.78498
1.80378
1.8205
1.83511
1.8476
1.85796
1.86617
1.87222
1.87611
1.87783
1.87739
1.87478
1.87001
1.86309
-1.5456
-1.57177
-1.595
-1.6153
-1.63269
-1.64717
-1.65876
-1.66747
-1.67333
-1.67635
-1.67657
-1.67402
-1.66873
-1.66071
-1.65001
-1.63667
-1.62074
-1.60225
-1.58124
-1.55776
-1.53189
-1.50366
-1.47313
-1.44034
-1.40535
-1.36823
-1.32905
-1.28788
-1.24477
-1.1998
-1.15304
-1.10453
-1.05437
-1.00264
-0.949428
-0.894794
-0.838806
-0.781535
-0.723084
-0.663541
-0.602965
-0.541442
-0.479071
-0.415929
-0.352098
-0.287658
-0.222692
-0.157292
-0.0915667
-0.0255875
0.0405609
0.106801
0.173032
0.239165
0.305116
0.370809
0.436152
0.50105
0.56543
0.629215
0.69232
0.754668
0.816182
0.876772
0.93637
0.994915
1.05232
1.10852
1.16344
1.21703
1.2692
1.31991
1.36907
1.41663
1.46254
1.50674
1.54917
1.58978
1.62851
1.66532
1.70016
1.733
1.7638
1.7925
1.81909
1.84352
1.86576
1.88581
1.90361
1.91917
1.93246
1.94345
1.95215
1.95854
1.96261
1.96436
1.96379
1.9609
1.9557
1.94819
-1.72933
-1.75583
-1.77922
-1.79952
-1.81673
-1.83087
-1.84196
-1.85
-1.85503
-1.85706
-1.85613
-1.85226
-1.84548
-1.83584
-1.82337
-1.80812
-1.79011
-1.7694
-1.74604
-1.72007
-1.69156
-1.66057
-1.62713
-1.59132
-1.55319
-1.51281
-1.47025
-1.4256
-1.3789
-1.33024
-1.27966
-1.22726
-1.17313
-1.11735
-1.05999
-1.00114
-0.940861
-0.879251
-0.816403
-0.752403
-0.68732
-0.621261
-0.554314
-0.486561
-0.418092
-0.349
-0.279371
-0.209301
-0.138877
-0.0682026
0.00263921
0.0735486
0.144444
0.215232
0.28582
0.35611
0.426014
0.495446
0.564321
0.632548
0.700037
0.766704
0.832476
0.897254
0.960961
1.02353
1.08488
1.14492
1.20358
1.26081
1.31652
1.37065
1.42313
1.47388
1.52287
1.57002
1.61528
1.65859
1.69989
1.73914
1.77629
1.8113
1.84413
1.87472
1.90305
1.92908
1.95278
1.97413
1.99308
2.00964
2.02376
2.03545
2.04467
2.05142
2.0557
2.05749
2.0568
2.05363
2.04798
2.03986
-1.92388
-1.95071
-1.97425
-1.99453
-2.01154
-2.0253
-2.03583
-2.04314
-2.04726
-2.04821
-2.04603
-2.04075
-2.03239
-2.02102
-2.00665
-1.98933
-1.9691
-1.94603
-1.92014
-1.89151
-1.86019
-1.82626
-1.78975
-1.75073
-1.70925
-1.66539
-1.61926
-1.57089
-1.52038
-1.46778
-1.41317
-1.35665
-1.2983
-1.23821
-1.17645
-1.11311
-1.04828
-0.982064
-0.914542
-0.845801
-0.77594
-0.705053
-0.633236
-0.560576
-0.487173
-0.413135
-0.338547
-0.263502
-0.188093
-0.112429
-0.0366097
0.0392693
0.115125
0.190853
0.266355
0.341526
0.416282
0.490533
0.564182
0.637126
0.709272
0.780541
0.850838
0.920075
0.988164
1.05503
1.12057
1.18472
1.24739
1.30851
1.368
1.42579
1.48181
1.53599
1.58826
1.63856
1.68684
1.73302
1.77707
1.81892
1.85852
1.89582
1.93079
1.96338
1.99355
2.02127
2.04649
2.0692
2.08937
2.10696
2.12197
2.13436
2.14412
2.15125
2.15574
2.15757
2.15674
2.15327
2.14715
2.13839
-2.13002
-2.15717
-2.18086
-2.20109
-2.21786
-2.23119
-2.2411
-2.24762
-2.25075
-2.25054
-2.24702
-2.24021
-2.23016
-2.2169
-2.20049
-2.18096
-2.15836
-2.13275
-2.10417
-2.07269
-2.03837
-2.00128
-1.96148
-1.91902
-1.87398
-1.82643
-1.77647
-1.72415
-1.66957
-1.6128
-1.5539
-1.49298
-1.43014
-1.36546
-1.29903
-1.23094
-1.16127
-1.09014
-1.01764
-0.943866
-0.868912
-0.792888
-0.715879
-0.638004
-0.559361
-0.480046
-0.400168
-0.319822
-0.239112
-0.158141
-0.0770209
0.00414897
0.0852715
0.166252
0.24697
0.327328
0.407236
0.48659
0.565295
0.643239
0.720332
0.796475
0.871577
0.945542
1.01828
1.08969
1.15969
1.2282
1.29512
1.36038
1.42389
1.48559
1.54538
1.6032
1.65897
1.71264
1.76414
1.81339
1.86035
1.90496
1.94716
1.98691
2.02416
2.05887
2.09099
2.12049
2.14733
2.17148
2.1929
2.21159
2.2275
2.24063
2.25095
2.25846
2.26314
2.26499
2.264
2.26019
2.25355
2.2441
-2.34848
-2.37595
-2.39974
-2.41987
-2.43635
-2.44919
-2.45842
-2.46404
-2.46609
-2.4646
-2.45961
-2.45115
-2.43925
-2.42397
-2.40536
-2.38346
-2.35831
-2.32997
-2.2985
-2.26396
-2.22644
-2.18598
-2.14265
-2.09653
-2.0477
-1.99622
-1.94217
-1.88565
-1.82674
-1.76552
-1.70208
-1.6365
-1.56888
-1.49933
-1.42794
-1.35479
-1.27999
-1.20365
-1.12586
-1.04673
-0.966387
-0.884913
-0.802405
-0.718981
-0.634758
-0.549843
-0.464347
-0.378372
-0.292024
-0.205416
-0.118663
-0.0318713
0.0548501
0.141399
0.227667
0.313541
0.398905
0.483671
0.56773
0.650976
0.733303
0.814607
0.894793
0.973761
1.05142
1.12765
1.20237
1.27549
1.34692
1.41657
1.48435
1.55019
1.61399
1.67567
1.73518
1.79242
1.84735
1.89988
1.94995
1.99752
2.0425
2.08487
2.12457
2.16154
2.19574
2.22715
2.25571
2.28139
2.30416
2.32401
2.34089
2.3548
2.36571
2.37361
2.37849
2.38035
2.37918
2.375
2.36779
2.35759
-2.57982
-2.60756
-2.63141
-2.65141
-2.66754
-2.67982
-2.68826
-2.6929
-2.69378
-2.69091
-2.68434
-2.67409
-2.66022
-2.64279
-2.62183
-2.59738
-2.5695
-2.53825
-2.50371
-2.46594
-2.425
-2.38096
-2.3339
-2.2839
-2.23103
-2.17537
-2.11701
-2.05602
-1.99252
-1.92659
-1.8583
-1.78778
-1.71511
-1.6404
-1.56374
-1.48524
-1.405
-1.32314
-1.23975
-1.15496
-1.06888
-0.981614
-0.893276
-0.803975
-0.713833
-0.622974
-0.531502
-0.439538
-0.347199
-0.254606
-0.161868
-0.0691023
0.0235787
0.11606
0.208218
0.299942
0.391122
0.481641
0.571396
0.660266
0.748152
0.83494
0.920521
1.00479
1.08766
1.169
1.24873
1.32675
1.40295
1.47725
1.54956
1.61978
1.68784
1.75364
1.8171
1.87815
1.93672
1.99274
2.04614
2.09685
2.14481
2.18997
2.23228
2.27168
2.30812
2.34157
2.37198
2.39931
2.42354
2.44463
2.46256
2.47731
2.48885
2.49718
2.50229
2.50417
2.50282
2.49825
2.49046
2.47946
-2.82469
-2.85269
-2.8766
-2.89642
-2.91215
-2.92381
-2.93142
-2.93501
-2.93462
-2.93028
-2.92202
-2.90988
-2.89391
-2.87416
-2.8507
-2.82356
-2.79278
-2.75845
-2.72065
-2.67944
-2.63488
-2.58705
-2.53601
-2.48187
-2.42471
-2.36461
-2.30165
-2.23594
-2.16755
-2.0966
-2.02318
-1.9474
-1.86936
-1.78918
-1.70692
-1.62273
-1.53671
-1.44897
-1.35965
-1.26884
-1.17667
-1.08325
-0.988705
-0.893166
-0.796748
-0.699568
-0.601762
-0.503431
-0.404725
-0.305756
-0.206652
-0.107534
-0.00852034
0.0902609
0.188681
0.286632
0.383988
0.480628
0.57643
0.671288
0.76508
0.857693
0.948997
1.0389
1.12729
1.21406
1.29909
1.38228
1.46355
1.54278
1.61988
1.69475
1.76731
1.83745
1.90511
1.9702
2.03263
2.09234
2.14926
2.20331
2.25443
2.30256
2.34764
2.38962
2.42845
2.46407
2.49645
2.52555
2.55133
2.57376
2.59281
2.60846
2.62069
2.62949
2.63485
2.63676
2.63523
2.63026
2.62186
2.61004
-3.084
-3.11228
-3.13621
-3.15581
-3.17109
-3.18207
-3.18878
-3.19123
-3.18947
-3.18354
-3.17346
-3.15929
-3.14108
-3.11888
-3.09274
-3.0627
-3.02885
-2.99124
-2.94995
-2.90506
-2.85664
-2.80476
-2.74949
-2.69095
-2.62922
-2.56439
-2.49654
-2.42579
-2.35221
-2.27593
-2.19705
-2.11567
-2.03191
-1.94588
-1.85768
-1.76745
-1.67529
-1.58132
-1.48567
-1.38847
-1.28984
-1.18989
-1.08877
-0.986603
-0.883519
-0.779644
-0.675104
-0.570041
-0.464579
-0.358856
-0.253005
-0.147144
-0.0414193
0.0640355
0.169112
0.273672
0.377576
0.480703
0.582932
0.684139
0.784199
0.882985
0.980372
1.07625
1.1705
1.26302
1.35368
1.44237
1.52899
1.61344
1.69561
1.7754
1.85272
1.92748
1.99958
2.06893
2.13546
2.19908
2.25972
2.31731
2.37177
2.42304
2.47107
2.51577
2.55712
2.59506
2.62953
2.66049
2.68792
2.71177
2.73201
2.74863
2.7616
2.77091
2.77655
2.77851
2.77681
2.77143
2.76239
2.74971
-3.35856
-3.38707
-3.41098
-3.43032
-3.44509
-3.45533
-3.46104
-3.46226
-3.45903
-3.45138
-3.43936
-3.42301
-3.4024
-3.37757
-3.34857
-3.31547
-3.27832
-3.23721
-3.19222
-3.14342
-3.09088
-3.03469
-2.97495
-2.91173
-2.84513
-2.77528
-2.70224
-2.62613
-2.54704
-2.4651
-2.38041
-2.29311
-2.20327
-2.11105
-2.01656
-1.9199
-1.82121
-1.72064
-1.61831
-1.51434
-1.40885
-1.30199
-1.19389
-1.0847
-0.974572
-0.863598
-0.751941
-0.639725
-0.527117
-0.414234
-0.301237
-0.188244
-0.0754031
0.0371517
0.149264
0.260823
0.371669
0.481685
0.590737
0.698671
0.805381
0.910721
1.01456
1.11678
1.21728
1.3159
1.41253
1.50706
1.59938
1.68938
1.77694
1.86196
1.94434
2.02399
2.1008
2.17469
2.24555
2.31332
2.37792
2.43925
2.49726
2.55186
2.603
2.65061
2.69463
2.735
2.77169
2.80464
2.83381
2.85917
2.88068
2.89833
2.91209
2.92195
2.92789
2.92992
2.92803
2.92224
2.91254
2.89897
-3.64915
-3.67789
-3.70177
-3.7208
-3.73502
-3.74444
-3.74908
-3.74898
-3.74418
-3.7347
-3.7206
-3.70195
-3.67878
-3.65114
-3.61911
-3.58273
-3.5421
-3.49729
-3.44836
-3.3954
-3.33849
-3.27775
-3.21325
-3.14507
-3.07332
-2.99812
-2.91958
-2.83777
-2.75284
-2.6649
-2.57406
-2.48044
-2.38417
-2.28538
-2.18419
-2.08073
-1.97513
-1.86754
-1.7581
-1.64694
-1.5342
-1.42001
-1.30451
-1.18787
-1.07024
-0.951757
-0.83255
-0.71278
-0.592578
-0.472112
-0.351527
-0.230974
-0.110596
0.0094614
0.129056
0.248025
0.366242
0.483563
0.599839
0.714928
0.828691
0.940986
1.05168
1.16064
1.26774
1.37285
1.47583
1.57657
1.67494
1.77083
1.86413
1.9547
2.04246
2.12731
2.20912
2.28782
2.3633
2.43548
2.50426
2.56957
2.63133
2.68947
2.7439
2.79457
2.84142
2.88438
2.9234
2.95845
2.98946
3.01641
3.03927
3.058
3.0726
3.08303
3.0893
3.0914
3.08932
3.08309
3.0727
3.05817
-3.95691
-3.98586
-4.00968
-4.02837
-4.04198
-4.05051
-4.054
-4.05247
-4.04598
-4.03455
-4.01824
-3.9971
-3.9712
-3.94058
-3.9053
-3.86544
-3.8211
-3.77233
-3.71921
-3.66182
-3.60028
-3.53468
-3.4651
-3.39166
-3.31443
-3.23355
-3.14913
-3.0613
-2.97017
-2.87585
-2.77846
-2.67815
-2.57503
-2.46927
-2.36099
-2.25029
-2.13736
-2.02233
-1.90534
-1.78654
-1.6661
-1.54413
-1.4208
-1.29626
-1.17069
-1.04422
-0.917014
-0.789217
-0.660991
-0.532493
-0.403888
-0.275325
-0.14696
-0.0189492
0.108555
0.235386
0.361401
0.486458
0.610384
0.733039
0.854273
0.973941
1.09189
1.208
1.32211
1.4341
1.54381
1.65113
1.75592
1.85807
1.95744
2.05391
2.14739
2.23774
2.32487
2.40867
2.48905
2.56589
2.63913
2.70866
2.7744
2.83627
2.8942
2.94812
2.99796
3.04365
3.08515
3.12241
3.15537
3.184
3.20827
3.22815
3.24362
3.25467
3.26127
3.26344
3.26116
3.25445
3.24332
3.22778
-4.28287
-4.31201
-4.33572
-4.35401
-4.36693
-4.37449
-4.37671
-4.37364
-4.36532
-4.35178
-4.33308
-4.30929
-4.28045
-4.24664
-4.2079
-4.16434
-4.11601
-4.06302
-4.00543
-3.94335
-3.87686
-3.80609
-3.73113
-3.65208
-3.56906
-3.48216
-3.39153
-3.29728
-3.19955
-3.09845
-2.99414
-2.88675
-2.77641
-2.66325
-2.54742
-2.42908
-2.30838
-2.18548
-2.06051
-1.93364
-1.80502
-1.67482
-1.5432
-1.41032
-1.27632
-1.14141
-1.00573
-0.869436
-0.732716
-0.595712
-0.458602
-0.321557
-0.184741
-0.0482981
0.0875763
0.222722
0.357004
0.490238
0.622274
0.752938
0.882092
1.00957
1.13522
1.25888
1.38043
1.4997
1.61655
1.73084
1.84244
1.95122
2.05704
2.15977
2.25931
2.35552
2.4483
2.53752
2.62309
2.70491
2.78287
2.85687
2.92685
2.99269
3.05434
3.11169
3.16471
3.21332
3.25744
3.29705
3.33208
3.3625
3.38827
3.40937
3.42578
3.43747
3.44443
3.44667
3.44419
3.43697
3.42505
3.40844
-4.62793
-4.65723
-4.68078
-4.69862
-4.71077
-4.71726
-4.71812
-4.71339
-4.70309
-4.68729
-4.66605
-4.63942
-4.60747
-4.57025
-4.52783
-4.48032
-4.42779
-4.37031
-4.30799
-4.24094
-4.16922
-4.09297
-4.01229
-3.9273
-3.83811
-3.74486
-3.64767
-3.54665
-3.44193
-3.33368
-3.22202
-3.10712
-2.98912
-2.86814
-2.74434
-2.61792
-2.489
-2.35773
-2.2243
-2.08889
-1.95163
-1.81272
-1.67231
-1.53057
-1.38767
-1.2438
-1.09916
-0.953876
-0.808132
-0.662121
-0.516009
-0.369981
-0.224198
-0.0788435
0.0658996
0.209871
0.35291
0.494813
0.635432
0.7746
0.912132
1.04788
1.18168
1.31338
1.44279
1.56978
1.69419
1.81588
1.93471
2.05051
2.16317
2.27255
2.37852
2.48094
2.5797
2.67468
2.76577
2.85285
2.93582
3.01459
3.08905
3.15911
3.2247
3.28572
3.3421
3.39379
3.44072
3.48282
3.52005
3.55238
3.57975
3.60215
3.61955
3.63193
3.63929
3.64161
3.6389
3.63116
3.6184
3.60064
-4.99325
-5.02268
-5.04605
-5.06338
-5.07469
-5.08003
-5.07943
-5.0729
-5.06051
-5.0423
-5.01834
-4.9887
-4.95342
-4.91258
-4.86627
-4.81456
-4.75753
-4.6953
-4.62797
-4.55563
-4.47836
-4.39629
-4.30957
-4.21831
-4.12258
-4.02256
-3.91839
-3.81019
-3.6981
-3.58228
-3.46286
-3.34
-3.21386
-3.08459
-2.95236
-2.81734
-2.6797
-2.53962
-2.39723
-2.25275
-2.10632
-1.95817
-1.80846
-1.65735
-1.50503
-1.35168
-1.19752
-1.0427
-0.887432
-0.731871
-0.576211
-0.420665
-0.265401
-0.1106
0.0435359
0.19686
0.349149
0.500255
0.649957
0.798108
0.944537
1.08904
1.23147
1.37164
1.5094
1.64457
1.77699
1.90652
2.03298
2.15624
2.27614
2.39255
2.50532
2.61432
2.71942
2.8205
2.91742
3.01008
3.09836
3.18216
3.26138
3.33591
3.40567
3.47057
3.53054
3.5855
3.63538
3.68014
3.71971
3.75406
3.78314
3.80692
3.82539
3.83851
3.84629
3.8487
3.84575
3.83745
3.8238
3.80481
-5.38007
-5.40961
-5.43274
-5.4495
-5.45988
-5.46396
-5.46176
-5.45332
-5.43868
-5.41788
-5.39102
-5.35815
-5.31933
-5.27464
-5.22417
-5.168
-5.10622
-5.03894
-4.96626
-4.8883
-4.80516
-4.71693
-4.6238
-4.52585
-4.42321
-4.31603
-4.20447
-4.08867
-3.96874
-3.84487
-3.71723
-3.58597
-3.45124
-3.31322
-3.17206
-3.02796
-2.88109
-2.73165
-2.57981
-2.42575
-2.26965
-2.11171
-1.95213
-1.7911
-1.62881
-1.46545
-1.30121
-1.13631
-0.97093
-0.805286
-0.639546
-0.47392
-0.308601
-0.143809
0.0202814
0.183473
0.345591
0.506401
0.665745
0.823416
0.979239
1.13302
1.28458
1.43374
1.58032
1.72416
1.86506
2.00287
2.13743
2.26857
2.39614
2.51998
2.63996
2.75592
2.86774
2.97526
3.07838
3.17695
3.27084
3.35999
3.44423
3.5235
3.59769
3.66671
3.73047
3.7889
3.84194
3.88951
3.93157
3.96807
3.99896
4.02423
4.04383
4.05775
4.06597
4.06848
4.06529
4.05639
4.0418
4.02152
-5.78947
-5.81908
-5.84192
-5.85803
-5.86742
-5.87014
-5.86623
-5.85573
-5.83868
-5.81513
-5.78517
-5.74887
-5.70628
-5.6575
-5.60263
-5.54174
-5.47492
-5.40229
-5.32396
-5.24004
-5.15067
-5.05596
-4.95601
-4.85099
-4.74105
-4.62632
-4.50694
-4.38308
-4.25489
-4.12254
-3.98619
-3.84603
-3.70222
-3.55491
-3.40432
-3.25063
-3.09402
-2.93468
-2.77282
-2.60863
-2.44229
-2.27404
-2.10404
-1.93249
-1.75965
-1.58571
-1.41084
-1.23525
-1.05918
-0.882839
-0.70643
-0.530156
-0.354215
-0.178822
-0.0041854
0.169469
0.341948
0.513066
0.682602
0.850359
1.01615
1.17974
1.34097
1.49965
1.65557
1.80857
1.95845
2.10505
2.24817
2.38766
2.52335
2.65508
2.7827
2.90603
3.02495
3.13931
3.24897
3.3538
3.45366
3.54844
3.63803
3.72231
3.80118
3.87456
3.94235
4.00446
4.06084
4.1114
4.1561
4.19489
4.22772
4.25456
4.27537
4.29014
4.29884
4.30147
4.29801
4.28848
4.27289
4.25124
-6.2228
-6.25246
-6.27498
-6.29038
-6.2987
-6.29996
-6.29423
-6.28152
-6.26191
-6.23545
-6.20222
-6.16228
-6.1157
-6.06259
-6.00304
-5.93715
-5.86498
-5.78669
-5.70239
-5.61218
-5.5162
-5.41458
-5.30745
-5.19497
-5.0773
-4.95455
-4.8269
-4.69454
-4.55759
-4.41625
-4.27071
-4.12111
-3.96767
-3.81058
-3.64999
-3.48614
-3.31924
-3.14942
-2.97696
-2.80205
-2.6249
-2.44569
-2.26466
-2.08203
-1.89802
-1.71285
-1.52674
-1.33988
-1.1525
-0.964845
-0.777137
-0.589585
-0.402406
-0.215802
-0.0300208
0.154709
0.338172
0.520167
0.700492
0.878925
1.05523
1.22922
1.4007
1.56946
1.73526
1.89795
2.05735
2.21323
2.36543
2.51376
2.65804
2.79811
2.9338
3.06494
3.19139
3.31297
3.42955
3.54099
3.64716
3.74793
3.84315
3.93274
4.01658
4.09456
4.16661
4.23262
4.29253
4.34627
4.39377
4.43498
4.46986
4.49837
4.52046
4.53612
4.54532
4.54807
4.54434
4.53414
4.51748
4.49438
-6.68161
-6.71128
-6.73343
-6.74805
-6.7552
-6.7549
-6.7472
-6.73216
-6.7098
-6.68023
-6.64351
-6.5997
-6.54889
-6.49118
-6.42666
-6.35545
-6.27763
-6.19334
-6.10271
-6.0058
-5.90282
-5.7939
-5.67916
-5.55879
-5.43291
-5.30169
-5.1653
-5.02391
-4.87771
-4.72687
-4.57157
-4.41203
-4.24842
-4.08095
-3.90983
-3.73526
-3.55742
-3.37656
-3.1929
-3.00666
-2.81805
-2.6273
-2.43463
-2.24028
-2.04446
-1.84741
-1.6494
-1.4506
-1.25131
-1.05172
-0.852057
-0.652575
-0.453518
-0.255082
-0.0575411
0.138898
0.333997
0.527533
0.719251
0.90895
1.09641
1.28139
1.46369
1.64308
1.81939
1.99234
2.16179
2.3275
2.48928
2.64695
2.80034
2.94923
3.09346
3.23286
3.36726
3.4965
3.62042
3.73886
3.85169
3.95877
4.05999
4.1552
4.24428
4.32716
4.40372
4.47386
4.53752
4.59462
4.64509
4.68887
4.72592
4.75618
4.77963
4.79624
4.80598
4.80884
4.80481
4.7939
4.77611
4.75147
-7.16727
-7.19694
-7.21865
-7.23241
-7.23828
-7.2363
-7.22651
-7.20896
-7.18368
-7.1508
-7.11037
-7.06245
-7.00715
-6.94456
-6.87479
-6.79792
-6.71412
-6.62348
-6.52611
-6.42219
-6.31181
-6.19515
-6.07237
-5.94363
-5.80912
-5.66892
-5.52329
-5.37238
-5.21641
-5.05554
-4.88995
-4.71988
-4.54552
-4.3671
-4.18483
-3.99892
-3.80958
-3.61705
-3.42155
-3.22334
-3.02264
-2.81968
-2.61473
-2.40797
-2.1997
-1.99014
-1.77955
-1.56816
-1.35623
-1.14401
-0.931735
-0.719655
-0.508022
-0.297097
-0.0871189
0.12168
0.329058
0.534772
0.738552
0.940193
1.13945
1.33606
1.5298
1.72046
1.90782
2.09165
2.27173
2.44784
2.61978
2.78735
2.95036
3.1086
3.26186
3.41
3.55281
3.69016
3.82182
3.94768
4.06758
4.18137
4.2889
4.39006
4.48472
4.57277
4.65411
4.72864
4.79627
4.85693
4.91054
4.95705
4.99639
5.02853
5.05341
5.07102
5.08132
5.08429
5.07994
5.06826
5.04928
5.023
-7.68134
-7.71097
-7.73219
-7.74503
-7.74956
-7.74578
-7.73375
-7.71352
-7.68515
-7.64876
-7.6044
-7.55212
-7.49206
-7.42431
-7.34897
-7.26615
-7.17602
-7.07864
-6.97419
-6.86279
-6.74461
-6.6198
-6.48853
-6.35095
-6.20728
-6.05763
-5.90221
-5.74124
-5.57492
-5.40343
-5.227
-5.04584
-4.86012
-4.67013
-4.47606
-4.27814
-4.07667
-3.87182
-3.66383
-3.45296
-3.23948
-3.02366
-2.80568
-2.58586
-2.36441
-2.14163
-1.91777
-1.69309
-1.46784
-1.24225
-1.01665
-0.79127
-0.566362
-0.342203
-0.119066
0.102805
0.32316
0.541719
0.758255
0.972487
1.18418
1.39309
1.59895
1.80153
2.00058
2.19589
2.38722
2.57432
2.75701
2.93504
3.10822
3.27634
3.43917
3.59655
3.74828
3.89419
4.03407
4.16777
4.29513
4.41601
4.53024
4.6377
4.73824
4.83178
4.91818
4.99734
5.06918
5.13361
5.19055
5.23994
5.28171
5.31582
5.34222
5.36087
5.37175
5.37485
5.37015
5.35766
5.33739
5.30938
-8.22562
-8.25516
-8.27584
-8.2877
-8.29076
-8.28504
-8.2706
-8.24755
-8.21592
-8.17578
-8.12722
-8.07033
-8.00522
-7.932
-7.85075
-7.76164
-7.6648
-7.5603
-7.44833
-7.32905
-7.20262
-7.06918
-6.92892
-6.78203
-6.62867
-6.46902
-6.30326
-6.1317
-5.95444
-5.77172
-5.58381
-5.39091
-5.19323
-4.99105
-4.78453
-4.57397
-4.35963
-4.14175
-3.92059
-3.69642
-3.46943
-3.23997
-3.00831
-2.77467
-2.53935
-2.30261
-2.06472
-1.826
-1.58665
-1.347
-1.10732
-0.8679
-0.628983
-0.390882
-0.153843
0.0818396
0.315896
0.54806
0.778028
1.00559
1.23045
1.45231
1.67096
1.88613
2.09755
2.305
2.50822
2.70695
2.90097
3.09007
3.27399
3.45254
3.62551
3.79266
3.95382
4.10878
4.25735
4.39935
4.53461
4.66298
4.7843
4.89842
5.00521
5.10455
5.19631
5.28039
5.35668
5.42509
5.48556
5.538
5.58234
5.61853
5.64653
5.66628
5.67777
5.68099
5.67592
5.66257
5.64095
5.6111
-8.80178
-8.83118
-8.85127
-8.86205
-8.86352
-8.85573
-8.83874
-8.81266
-8.77754
-8.73343
-8.68043
-8.61864
-8.5482
-8.46918
-8.38169
-8.28592
-8.18197
-8.06997
-7.95008
-7.82247
-7.68731
-7.54476
-7.39501
-7.23825
-7.07467
-6.90447
-6.72788
-6.54506
-6.35629
-6.1618
-5.96175
-5.75646
-5.54616
-5.33106
-5.11147
-4.88757
-4.6597
-4.42808
-4.19299
-3.9547
-3.71356
-3.46975
-3.22361
-2.9754
-2.72541
-2.47391
-2.22124
-1.96769
-1.71353
-1.45902
-1.20449
-0.950232
-0.696545
-0.443706
-0.192011
0.058269
0.306784
0.553284
0.79749
1.03912
1.27785
1.51345
1.74562
1.97409
2.19857
2.41882
2.63459
2.84561
3.05163
3.2524
3.44772
3.6373
3.82094
3.99844
4.16954
4.33408
4.49183
4.64262
4.78624
4.92255
5.05137
5.17255
5.28594
5.39142
5.48885
5.57813
5.65914
5.73178
5.79597
5.85163
5.89868
5.93708
5.96676
5.98768
5.99982
6.00315
5.99769
5.98343
5.96039
5.9286
-9.41166
-9.4409
-9.46032
-9.46993
-9.4697
-9.4597
-9.44002
-9.41071
-9.37188
-9.32358
-9.2659
-9.19894
-9.12283
-9.03769
-8.94363
-8.84082
-8.72937
-8.60945
-8.48119
-8.34479
-8.20043
-8.04825
-7.88848
-7.72135
-7.54699
-7.36569
-7.17757
-6.98296
-6.78203
-6.57505
-6.36228
-6.14394
-5.9203
-5.69161
-5.45816
-5.22021
-4.97806
-4.73195
-4.48217
-4.22908
-3.97289
-3.71397
-3.45257
-3.18896
-2.92351
-2.65651
-2.38826
-2.11903
-1.84919
-1.57899
-1.30883
-1.03891
-0.769635
-0.50125
-0.234088
0.0315653
0.295352
0.557036
0.816247
1.07268
1.32611
1.57616
1.8226
2.06513
2.30341
2.5372
2.76623
2.99023
3.20891
3.42204
3.62934
3.83059
4.02554
4.21394
4.39558
4.57022
4.7377
4.89775
5.05022
5.19492
5.33168
5.46032
5.5807
5.69267
5.7961
5.89088
5.97686
6.05397
6.12209
6.18116
6.23108
6.2718
6.30324
6.32539
6.33821
6.34168
6.33579
6.32057
6.29603
6.26221
-10.0573
-10.0864
-10.105
-10.1134
-10.1113
-10.099
-10.0764
-10.0437
-10.0009
-9.94821
-9.88556
-9.81313
-9.73104
-9.63942
-9.53842
-9.42817
-9.30881
-9.1805
-9.04341
-8.89773
-8.74365
-8.58137
-8.41103
-8.23289
-8.0472
-7.85414
-7.65397
-7.44685
-7.23313
-7.013
-6.78674
-6.55463
-6.31696
-6.07395
-5.82591
-5.57314
-5.31593
-5.05455
-4.78934
-4.52057
-4.24863
-3.9737
-3.69622
-3.41644
-3.13466
-2.85128
-2.56659
-2.28091
-1.99456
-1.70782
-1.4211
-1.13468
-0.848924
-0.564152
-0.280668
0.001182
0.281118
0.558747
0.833791
1.10593
1.37478
1.64014
1.90163
2.15895
2.4118
2.65989
2.90293
3.14062
3.37267
3.59883
3.81883
4.03239
4.23925
4.4392
4.63194
4.8173
4.995
5.16487
5.3267
5.48026
5.6254
5.76193
5.88969
6.00853
6.11831
6.2189
6.31016
6.39198
6.46426
6.52692
6.57986
6.62302
6.65635
6.67978
6.69331
6.69692
6.69059
6.67435
6.64823
6.61228
-10.7408
-10.7697
-10.7875
-10.7944
-10.7904
-10.7756
-10.75
-10.7137
-10.6667
-10.6092
-10.5414
-10.4631
-10.3747
-10.2763
-10.168
-10.0499
-9.92217
-9.78501
-9.63861
-9.48315
-9.31883
-9.14586
-8.96444
-8.77474
-8.57707
-8.37163
-8.15865
-7.93843
-7.71121
-7.47728
-7.23685
-6.99021
-6.73771
-6.47969
-6.21628
-5.94784
-5.67477
-5.39733
-5.11584
-4.8306
-4.54197
-4.25029
-3.95581
-3.65898
-3.36005
-3.05939
-2.75739
-2.4543
-2.15051
-1.8464
-1.54227
-1.23847
-0.935331
-0.633238
-0.332564
-0.0336171
0.263285
0.557783
0.849546
1.13819
1.4234
1.70486
1.98223
2.25519
2.52338
2.78656
3.04437
3.29651
3.5427
3.7826
4.01601
4.24257
4.46202
4.67413
4.87864
5.0753
5.26384
5.44406
5.61574
5.77869
5.93269
6.07756
6.21313
6.33923
6.45571
6.56243
6.65925
6.74604
6.82271
6.88916
6.94529
6.99104
7.02634
7.05114
7.06542
7.06918
7.06239
7.04508
7.0173
6.97908
-11.4644
-11.4929
-11.5099
-11.5153
-11.5092
-11.4918
-11.4629
-11.4227
-11.3714
-11.309
-11.2355
-11.1512
-11.0562
-10.9505
-10.8345
-10.7081
-10.5716
-10.4251
-10.2689
-10.1031
-9.92803
-9.7438
-9.55067
-9.34882
-9.13851
-8.92005
-8.69369
-8.45962
-8.21819
-7.96966
-7.71435
-7.45244
-7.1843
-6.91035
-6.63081
-6.34595
-6.05618
-5.7618
-5.46317
-5.16057
-4.85436
-4.54495
-4.2327
-3.91785
-3.60084
-3.28199
-2.96173
-2.64035
-2.31821
-1.99573
-1.67327
-1.35116
-1.02975
-0.709427
-0.39061
-0.0736108
0.241213
0.553502
0.862798
1.16887
1.47133
1.76979
2.06391
2.35336
2.63777
2.91683
3.19022
3.45761
3.7187
3.97315
4.22064
4.46095
4.6937
4.91868
5.13556
5.34412
5.54413
5.7353
5.91741
6.09025
6.2536
6.40727
6.55107
6.68485
6.80841
6.92161
7.02429
7.11634
7.19764
7.26808
7.32757
7.37604
7.41341
7.43966
7.45474
7.45864
7.45137
7.43294
7.40341
7.36281
-12.2304
-12.2586
-12.2746
-12.2784
-12.2702
-12.2499
-12.2176
-12.1734
-12.1174
-12.0497
-11.9704
-11.8797
-11.7776
-11.6643
-11.5401
-11.405
-11.2593
-11.103
-10.9365
-10.7598
-10.5733
-10.3773
-10.1718
-9.95712
-9.73358
-9.50141
-9.26087
-9.01223
-8.75586
-8.49196
-8.22092
-7.94301
-7.65846
-7.3678
-7.07123
-6.76909
-6.46166
-6.14948
-5.8328
-5.51192
-5.18733
-4.85928
-4.52818
-4.1944
-3.85837
-3.52038
-3.18088
-2.84023
-2.49879
-2.15696
-1.81518
-1.47378
-1.13312
-0.793615
-0.455677
-0.119656
0.214015
0.545004
0.872901
1.19732
1.51787
1.83429
2.14606
2.45287
2.75442
3.05023
3.34004
3.62352
3.90031
4.17005
4.43246
4.68724
4.93402
5.17255
5.40255
5.6237
5.83576
6.03846
6.23159
6.41487
6.58811
6.75108
6.90359
7.04545
7.17646
7.29649
7.40537
7.50296
7.58915
7.66381
7.72684
7.77817
7.81774
7.8455
7.86141
7.86547
7.85769
7.83809
7.8067
7.76357
-13.0413
-13.0692
-13.0842
-13.0863
-13.0757
-13.0524
-13.0164
-12.968
-12.9071
-12.8338
-12.7484
-12.6509
-12.5414
-12.4201
-12.2873
-12.143
-11.9875
-11.8209
-11.6435
-11.4555
-11.257
-11.0485
-10.83
-10.6019
-10.3643
-10.1177
-9.86226
-9.59836
-9.32626
-9.04625
-8.75868
-8.46387
-8.1621
-7.85381
-7.53938
-7.219
-6.89318
-6.56215
-6.22643
-5.88643
-5.54239
-5.19477
-4.8439
-4.49023
-4.13415
-3.77602
-3.41633
-3.05538
-2.69363
-2.33144
-1.96928
-1.60752
-1.2466
-0.886881
-0.528852
-0.172828
0.180757
0.531458
0.878921
1.22268
1.56235
1.89755
2.22795
2.55311
2.87261
3.18614
3.49328
3.79369
4.08704
4.37294
4.65106
4.92106
5.18264
5.43548
5.67927
5.91371
6.13852
6.35342
6.55816
6.75248
6.93614
7.10891
7.27059
7.42097
7.55986
7.6871
7.8025
7.90594
7.99726
8.07637
8.14314
8.1975
8.23937
8.26873
8.28551
8.28974
8.28143
8.26058
8.22723
8.18144
-13.8999
-13.9273
-13.9412
-13.9415
-13.9284
-13.9019
-13.8621
-13.8092
-13.7431
-13.6641
-13.5721
-13.4674
-13.3502
-13.2205
-13.0786
-12.9247
-12.7589
-12.5814
-12.3926
-12.1925
-11.9815
-11.7598
-11.5277
-11.2854
-11.0332
-10.7714
-10.5003
-10.2203
-9.93168
-9.63468
-9.32973
-9.01714
-8.69728
-8.37049
-8.03717
-7.69775
-7.35246
-7.00178
-6.64609
-6.28581
-5.9214
-5.55315
-5.18147
-4.80687
-4.4297
-4.05045
-3.66944
-3.28715
-2.90398
-2.52047
-2.13687
-1.75375
-1.37147
-0.990506
-0.611283
-0.234209
0.140279
0.511705
0.879736
1.24389
1.60369
1.95878
2.30876
2.65322
2.99171
3.32381
3.64923
3.96751
4.27828
4.5812
4.87587
5.16199
5.43917
5.70709
5.96541
6.21388
6.45213
6.67988
6.89685
7.10278
7.29743
7.48055
7.6519
7.81127
7.95847
8.09329
8.21557
8.32515
8.4219
8.50567
8.57639
8.63393
8.67825
8.70928
8.727
8.73141
8.72252
8.70033
8.66491
8.61629
-14.8089
-14.8359
-14.8486
-14.847
-14.8313
-14.8014
-14.7576
-14.6999
-14.6283
-14.5431
-14.4443
-14.332
-14.2066
-14.0681
-13.9167
-13.7526
-13.576
-13.3871
-13.1862
-12.9736
-12.7493
-12.5138
-12.2674
-12.0101
-11.7426
-11.4649
-11.1774
-10.8804
-10.5744
-10.2596
-9.93638
-9.6051
-9.26612
-8.91991
-8.56686
-8.20731
-7.84157
-7.4702
-7.0936
-6.7121
-6.3262
-5.93627
-5.54279
-5.14623
-4.74686
-4.34525
-3.94194
-3.53725
-3.13159
-2.72552
-2.31947
-1.91386
-1.50912
-1.10581
-0.704314
-0.305069
0.0914373
0.484705
0.874361
1.25993
1.64094
2.01697
2.38754
2.75227
3.11074
3.46246
3.80708
4.14413
4.47333
4.79418
5.10628
5.40933
5.70296
5.98681
6.26049
6.52368
6.77606
7.01737
7.24726
7.46544
7.67167
7.86567
8.0472
8.21605
8.37198
8.51482
8.64435
8.76041
8.86286
8.95156
9.02641
9.08732
9.1342
9.16701
9.18572
9.19032
9.18081
9.15721
9.11958
9.06796
-15.7715
-15.7979
-15.8093
-15.8057
-15.7872
-15.7538
-15.7057
-15.6429
-15.5656
-15.4739
-15.3678
-15.2477
-15.1136
-14.9658
-14.8044
-14.6296
-14.4417
-14.2408
-14.0273
-13.8013
-13.5632
-13.3133
-13.0517
-12.7788
-12.495
-12.2006
-11.8959
-11.5812
-11.2569
-10.9234
-10.581
-10.2301
-9.87117
-9.50456
-9.13068
-8.75
-8.36288
-7.96972
-7.57109
-7.16734
-6.75884
-6.3462
-5.92981
-5.51006
-5.0875
-4.66252
-4.23573
-3.80745
-3.37818
-2.94841
-2.51868
-2.08938
-1.66112
-1.23428
-0.809391
-0.38686
0.032797
0.449081
0.861484
1.26957
1.67284
2.07084
2.46313
2.84924
3.22868
3.60107
3.96593
4.3228
4.67129
5.01105
5.34156
5.66247
5.97335
6.27392
6.56376
6.84251
7.10981
7.36538
7.60885
7.83996
8.05838
8.26385
8.45612
8.63495
8.80008
8.95132
9.08848
9.21137
9.31982
9.41371
9.49294
9.55737
9.60695
9.64163
9.66137
9.66615
9.65597
9.63085
9.59088
9.53607
-16.7906
-16.8165
-16.8265
-16.8207
-16.7993
-16.7622
-16.7095
-16.6415
-16.5581
-16.4596
-16.346
-16.2176
-16.0744
-15.9168
-15.7449
-15.5588
-15.359
-15.1456
-14.9188
-14.6789
-14.4262
-14.161
-13.8837
-13.5944
-13.2935
-12.9816
-12.6588
-12.3254
-11.9819
-11.6288
-11.2662
-10.8948
-10.5149
-10.1269
-9.73123
-9.32834
-8.91871
-8.50275
-8.08094
-7.65384
-7.22175
-6.78519
-6.34469
-5.90066
-5.45363
-5.00413
-4.55268
-4.09964
-3.64557
-3.191
-2.73633
-2.28225
-1.82918
-1.37762
-0.928147
-0.48112
-0.0371547
0.403275
0.839626
1.27136
1.69807
2.11919
2.53431
2.94291
3.34447
3.73853
4.12464
4.50233
4.87123
5.23079
5.58066
5.92033
6.24949
6.56766
6.8745
7.16961
7.45263
7.72321
7.981
8.22569
8.45695
8.67449
8.87807
9.06737
9.24218
9.40228
9.54746
9.67752
9.79231
9.89166
9.97545
10.0436
10.096
10.1326
10.1534
10.1584
10.1475
10.1208
10.0783
10.0201
-17.8699
-17.8951
-17.9037
-17.8956
-17.871
-17.83
-17.7727
-17.699
-17.6092
-17.5035
-17.382
-17.2448
-17.0921
-16.9242
-16.7413
-16.5435
-16.3311
-16.1045
-15.8638
-15.6092
-15.3413
-15.0602
-14.7662
-14.4597
-14.141
-13.8107
-13.4688
-13.1159
-12.7523
-12.3785
-11.995
-11.602
-11.2
-10.7895
-10.371
-9.94487
-9.51168
-9.07184
-8.62576
-8.17406
-7.71715
-7.25549
-6.78972
-6.32031
-5.84763
-5.37236
-4.89496
-4.41595
-3.93587
-3.45519
-2.9745
-2.49429
-2.01519
-1.53768
-1.06233
-0.589677
-0.120135
0.345635
0.80711
1.26375
1.71508
2.16053
2.59961
3.03183
3.45658
3.87347
4.28196
4.68159
5.07183
5.45233
5.82251
6.18194
6.53028
6.86701
7.19173
7.50404
7.80359
8.08995
8.36279
8.62178
8.86653
9.09679
9.31222
9.51257
9.69756
9.86698
10.0206
10.1582
10.2796
10.3847
10.4733
10.5454
10.6008
10.6394
10.6613
10.6665
10.6548
10.6264
10.5812
10.5195
-19.0127
-19.0373
-19.0443
-19.0338
-19.006
-18.9609
-18.8985
-18.8189
-18.7225
-18.6093
-18.4793
-18.333
-18.1703
-17.9917
-17.7972
-17.5871
-17.3615
-17.121
-16.8657
-16.5958
-16.3119
-16.014
-15.7027
-15.3781
-15.0408
-14.691
-14.3292
-13.9558
-13.5713
-13.1759
-12.7702
-12.3545
-11.9296
-11.4956
-11.053
-10.6025
-10.1446
-9.67959
-9.20814
-8.73069
-8.24774
-7.75989
-7.26762
-6.77143
-6.27191
-5.76959
-5.26507
-4.75879
-4.25134
-3.74334
-3.23527
-2.72774
-2.22133
-1.71658
-1.21406
-0.714379
-0.218087
0.274295
0.762149
1.24496
1.72214
2.19314
2.65739
3.11435
3.56355
4.00437
4.43642
4.85908
5.27183
5.67424
6.0658
6.44605
6.81447
7.17067
7.51423
7.84467
8.16156
8.46454
8.75321
9.02718
9.28613
9.52974
9.75765
9.96958
10.1653
10.3445
10.507
10.6525
10.7809
10.892
10.9857
11.0618
11.1204
11.1612
11.1842
11.1895
11.177
11.1467
11.0987
11.0331
-20.223
-20.2468
-20.2522
-20.2392
-20.2079
-20.1584
-20.0907
-20.0051
-19.9017
-19.7805
-19.6418
-19.4858
-19.3128
-19.1227
-18.9161
-18.6931
-18.4538
-18.1987
-17.9282
-17.6423
-17.3414
-17.0262
-16.6965
-16.353
-15.9961
-15.6262
-15.2435
-14.8487
-14.4419
-14.0239
-13.5951
-13.1558
-12.7066
-12.2479
-11.7803
-11.3043
-10.8204
-10.3292
-9.83111
-9.32657
-8.81636
-8.30098
-7.78095
-7.25682
-6.72908
-6.19838
-5.66535
-5.13057
-4.59449
-4.05781
-3.521
-2.98486
-2.44984
-1.91659
-1.38568
-0.857632
-0.333117
0.187157
0.702716
1.21293
1.7172
2.21507
2.70573
3.18879
3.66355
4.12958
4.58626
5.03309
5.46952
5.89496
6.30894
6.71101
7.10068
7.47738
7.84064
8.19009
8.52523
8.84563
9.15094
9.44068
9.71455
9.97216
10.2132
10.4373
10.6442
10.8337
11.0055
11.1593
11.2951
11.4125
11.5115
11.5919
11.6537
11.6967
11.7209
11.7263
11.7129
11.6806
11.6297
11.56
-21.5047
-21.5278
-21.5315
-21.5157
-21.4808
-21.4267
-21.3535
-21.2615
-21.1507
-21.0212
-20.8733
-20.7072
-20.5233
-20.3214
-20.102
-19.8654
-19.6118
-19.3415
-19.0549
-18.7523
-18.4338
-18.1002
-17.7515
-17.3881
-17.0108
-16.6196
-16.2151
-15.7978
-15.368
-14.9263
-14.4732
-14.009
-13.5345
-13.0501
-12.5562
-12.0534
-11.5424
-11.0236
-10.4977
-9.96501
-9.42621
-8.88194
-8.33276
-7.77933
-7.22214
-6.66178
-6.09894
-5.53421
-4.96809
-4.40129
-3.83456
-3.26827
-2.70317
-2.13999
-1.57927
-1.02158
-0.467622
0.0819775
0.626616
1.16556
1.69831
2.22425
2.74265
3.25296
3.75463
4.24704
4.72968
5.20188
5.66303
6.11272
6.55029
6.97529
7.38713
7.78531
8.16934
8.53876
8.89302
9.23177
9.55447
9.86078
10.1503
10.4226
10.6773
10.9142
11.1329
11.3332
11.5147
11.6773
11.8207
11.9448
12.0494
12.1343
12.1994
12.2447
12.2701
12.2756
12.2612
12.2268
12.1727
12.0988
-22.8622
-22.8844
-22.8863
-22.8677
-22.8289
-22.77
-22.6911
-22.5924
-22.4738
-22.3357
-22.1781
-22.0014
-21.806
-21.5918
-21.3591
-21.1082
-20.8396
-20.5534
-20.2501
-19.9298
-19.593
-19.2401
-18.8714
-18.4874
-18.0886
-17.6753
-17.2479
-16.807
-16.3531
-15.8866
-15.4082
-14.9181
-14.4171
-13.9056
-13.3842
-12.8535
-12.3142
-11.7665
-11.2114
-10.6492
-10.0805
-9.50616
-8.9265
-8.34225
-7.75418
-7.16279
-6.56866
-5.97266
-5.37515
-4.77682
-4.17854
-3.58076
-2.98419
-2.38976
-1.79774
-1.20893
-0.624087
-0.0438044
0.531245
1.10034
1.66289
2.2183
2.76574
3.30472
3.83461
4.3547
4.86442
5.36326
5.85045
6.32548
6.78779
7.23677
7.67189
8.09264
8.49844
8.88873
9.26309
9.621
9.96199
10.2857
10.5915
10.8793
11.1484
11.3987
11.6297
11.8413
12.0331
12.2048
12.3563
12.4873
12.5976
12.6872
12.7559
12.8036
12.8303
12.8358
12.8203
12.7836
12.7261
12.6477
-24.2999
-24.3213
-24.3211
-24.2995
-24.2568
-24.1929
-24.108
-24.0021
-23.8754
-23.7282
-23.5606
-23.3729
-23.1654
-22.9383
-22.6916
-22.4259
-22.1416
-21.8388
-21.5179
-21.1791
-20.8231
-20.4502
-20.0607
-19.6551
-19.2337
-18.7972
-18.346
-17.8805
-17.4014
-16.909
-16.404
-15.8867
-15.3579
-14.8183
-14.2682
-13.7083
-13.1392
-12.5615
-11.9758
-11.3826
-10.7828
-10.1768
-9.56541
-8.94903
-8.32864
-7.70479
-7.07805
-6.44905
-5.8188
-5.18754
-4.55626
-3.92549
-3.29615
-2.66868
-2.04401
-1.42272
-0.805559
-0.193089
0.413832
1.01448
1.60823
2.19444
2.7724
3.34142
3.90077
4.4498
4.98804
5.51467
6.0292
6.53083
7.01905
7.49323
7.95275
8.39713
8.82567
9.23788
9.6333
10.0113
10.3715
10.7132
11.0363
11.3401
11.6244
11.8887
12.1327
12.3561
12.5585
12.7399
12.8997
13.038
13.1544
13.2489
13.3212
13.3714
13.3993
13.4048
13.3881
13.3491
13.2879
13.2047
-25.8225
-25.843
-25.8407
-25.8161
-25.7692
-25.7
-25.6087
-25.4954
-25.3602
-25.2035
-25.0255
-24.8263
-24.6062
-24.3655
-24.1043
-23.8232
-23.5223
-23.2021
-22.863
-22.505
-22.1288
-21.7349
-21.3236
-20.8954
-20.4506
-19.9898
-19.5137
-19.0225
-18.517
-17.9975
-17.4647
-16.9192
-16.3616
-15.7924
-15.2122
-14.6219
-14.0217
-13.4125
-12.7948
-12.1693
-11.5369
-10.898
-10.2532
-9.60339
-8.94915
-8.29132
-7.63042
-6.9672
-6.30241
-5.63682
-4.97106
-4.30596
-3.64207
-2.9803
-2.32131
-1.66602
-1.01506
-0.368983
0.271203
0.904874
1.53135
2.14987
2.75974
3.36007
3.95032
4.5298
5.09782
5.65366
6.19661
6.72611
7.24144
7.74204
8.22711
8.69616
9.14855
9.58377
10.0011
10.4002
10.7803
11.1412
11.4822
11.8029
12.1029
12.3819
12.6394
12.8751
13.0888
13.2801
13.4488
13.5946
13.7173
13.8168
13.893
13.9456
13.9748
13.9804
13.9623
13.9207
13.8558
13.7676
-27.4351
-27.4546
-27.4502
-27.4222
-27.3709
-27.2962
-27.1983
-27.0773
-26.9333
-26.7667
-26.5776
-26.3663
-26.1331
-25.8783
-25.6019
-25.3046
-24.9866
-24.6482
-24.29
-23.9119
-23.5147
-23.0989
-22.6649
-22.213
-21.7438
-21.2578
-20.7556
-20.2375
-19.7045
-19.1568
-18.5951
-18.02
-17.4322
-16.8322
-16.2206
-15.5983
-14.9657
-14.3236
-13.6727
-13.0135
-12.347
-11.6737
-10.9941
-10.3093
-9.61986
-8.92634
-8.22971
-7.53085
-6.83015
-6.1285
-5.42656
-4.7254
-4.02563
-3.32809
-2.63345
-1.94241
-1.25589
-0.574833
0.100283
0.768366
1.42901
2.08128
2.72435
3.35758
3.98025
4.59147
5.19058
5.77695
6.34977
6.90837
7.45205
7.98014
8.49196
8.98691
9.46425
9.92337
10.3638
10.7848
11.1859
11.5665
11.9263
12.2647
12.5812
12.8755
13.1471
13.3958
13.6211
13.8228
14.0006
14.1543
14.2836
14.3884
14.4684
14.5237
14.5541
14.5596
14.5402
14.4959
14.4269
14.3334
-29.1429
-29.1613
-29.1548
-29.1233
-29.0675
-28.987
-28.8821
-28.753
-28.5999
-28.4229
-28.2223
-27.9984
-27.7515
-27.482
-27.1898
-26.8755
-26.5396
-26.1823
-25.804
-25.4051
-24.986
-24.5474
-24.0896
-23.613
-23.1182
-22.606
-22.0766
-21.5306
-20.9687
-20.3916
-19.7998
-19.1938
-18.5744
-17.9423
-17.2981
-16.6424
-15.9761
-15.2996
-14.6138
-13.9196
-13.2174
-12.5082
-11.7924
-11.071
-10.3446
-9.61418
-8.88044
-8.14401
-7.40575
-6.66654
-5.92706
-5.18818
-4.45088
-3.71571
-2.98381
-2.2557
-1.53232
-0.814421
-0.102948
0.601284
1.29761
1.98501
2.66292
3.33053
3.98683
4.63133
5.26308
5.88124
6.48528
7.07432
7.6476
8.20444
8.74417
9.26604
9.76943
10.2536
10.718
11.1619
11.5849
11.9863
12.3656
12.7223
13.0561
13.3663
13.6527
13.9148
14.1523
14.3649
14.5522
14.714
14.8501
14.9604
15.0445
15.1024
15.134
15.1394
15.1185
15.0713
14.9981
14.8991
-30.9515
-30.9689
-30.96
-30.925
-30.8643
-30.7778
-30.6657
-30.5282
-30.3654
-30.1777
-29.965
-29.728
-29.4669
-29.1818
-28.873
-28.5412
-28.1866
-27.8096
-27.4105
-26.9897
-26.548
-26.0854
-25.6029
-25.1007
-24.5793
-24.0396
-23.4818
-22.9067
-22.3148
-21.707
-21.0837
-20.4455
-19.7932
-19.1276
-18.4493
-17.759
-17.0574
-16.3453
-15.6234
-14.8923
-14.1529
-13.4061
-12.6526
-11.8929
-11.1284
-10.3592
-9.58659
-8.81112
-8.03369
-7.25534
-6.47659
-5.6987
-4.92202
-4.14773
-3.37682
-2.60991
-1.84809
-1.09196
-0.34241
0.399483
1.13304
1.85738
2.57155
3.27494
3.9665
4.64553
5.31119
5.96275
6.5993
7.22003
7.82428
8.41111
8.97998
9.52996
10.0605
10.5708
11.0601
11.528
11.9737
12.3967
12.7964
13.1723
13.5239
13.8508
14.1525
14.4286
14.6787
14.9026
15.0998
15.2701
15.4133
15.5291
15.6174
15.678
15.7109
15.7161
15.6936
15.6433
15.5657
15.4608
-32.8669
-32.883
-32.8717
-32.833
-32.7672
-32.6745
-32.5548
-32.4085
-32.2357
-32.0366
-31.8116
-31.5608
-31.2848
-30.9836
-30.6577
-30.3076
-29.9334
-29.5358
-29.115
-28.6715
-28.206
-27.7186
-27.2103
-26.6813
-26.1322
-25.5639
-24.9767
-24.3713
-23.7481
-23.1083
-22.4522
-21.7805
-21.094
-20.3934
-19.6797
-18.9533
-18.2149
-17.4656
-16.7059
-15.9367
-15.1586
-14.3728
-13.5799
-12.7806
-11.9757
-11.1663
-10.3531
-9.5369
-8.719
-7.8996
-7.08005
-6.26099
-5.44381
-4.62869
-3.81708
-3.0099
-2.20762
-1.41162
-0.622512
0.158504
0.930938
1.69378
2.44582
3.18638
3.91477
4.62991
5.33089
6.01716
6.6876
7.34147
7.97787
8.59605
9.1952
9.77453
10.3332
10.8707
11.3861
11.8789
12.3482
12.7937
13.2146
13.6104
13.9806
14.3248
14.6424
14.9331
15.1963
15.4319
15.6394
15.8185
15.9689
16.0905
16.183
16.2464
16.2805
16.2854
16.2612
16.2078
16.1255
16.0144
-34.895
-34.9099
-34.8959
-34.8534
-34.7825
-34.6831
-34.5555
-34.3999
-34.2167
-34.0059
-33.7679
-33.5027
-33.2113
-32.8935
-32.5497
-32.1803
-31.7859
-31.3669
-30.9236
-30.4563
-29.966
-29.4528
-28.9178
-28.3609
-27.783
-27.1848
-26.5669
-25.9298
-25.2744
-24.6011
-23.911
-23.2043
-22.4823
-21.7455
-20.9947
-20.2306
-19.4541
-18.6659
-17.8669
-17.058
-16.2398
-15.4133
-14.5793
-13.7386
-12.8923
-12.0408
-11.1855
-10.327
-9.46633
-8.60443
-7.74242
-6.8808
-6.02074
-5.16349
-4.30959
-3.46006
-2.61598
-1.77841
-0.948118
-0.126137
0.686614
1.48922
2.28082
3.06036
3.82687
4.57966
5.31763
6.03993
6.74557
7.43391
8.10378
8.75455
9.38519
9.99499
10.5831
11.1488
11.6913
12.2099
12.7038
13.1727
13.6155
14.0321
14.4217
14.7837
15.1178
15.4235
15.7004
15.9481
16.1661
16.3542
16.5121
16.6396
16.7365
16.8027
16.8381
16.8427
16.8166
16.7598
16.6725
16.555
-37.0423
-37.056
-37.0391
-36.9926
-36.9163
-36.8101
-36.6743
-36.5092
-36.315
-36.092
-35.8402
-35.5604
-35.2527
-34.9176
-34.5552
-34.1659
-33.7503
-33.309
-32.8423
-32.3504
-31.8342
-31.2943
-30.7313
-30.1455
-29.5376
-28.9084
-28.2586
-27.5886
-26.8994
-26.1916
-25.466
-24.7231
-23.964
-23.1894
-22.4001
-21.597
-20.7808
-19.9523
-19.1125
-18.2621
-17.4021
-16.5334
-15.6565
-14.7729
-13.8829
-12.9881
-12.089
-11.1865
-10.2816
-9.37533
-8.46891
-7.56308
-6.65882
-5.7572
-4.85922
-3.96617
-3.07844
-2.19757
-1.32457
-0.459997
0.395003
1.23904
2.07158
2.8916
3.69798
4.48974
5.26607
6.02585
6.76822
7.49225
8.19699
8.88148
9.54493
10.1865
10.805
11.4
11.9705
12.5159
13.0354
13.5283
13.9941
14.4321
14.8416
15.2223
15.5735
15.8948
16.1857
16.4458
16.6747
16.8721
17.0377
17.1713
17.2727
17.3417
17.3783
17.3826
17.3544
17.294
17.2016
17.0773
-39.3156
-39.3279
-39.3085
-39.2574
-39.1753
-39.0622
-38.9178
-38.7427
-38.537
-38.3012
-38.0355
-37.7403
-37.4156
-37.0624
-36.6808
-36.2707
-35.8331
-35.3687
-34.8775
-34.3601
-33.8172
-33.2494
-32.6574
-32.0415
-31.4025
-30.7412
-30.0581
-29.3538
-28.6296
-27.8859
-27.1235
-26.3429
-25.5454
-24.7316
-23.9022
-23.0584
-22.201
-21.3306
-20.4482
-19.5551
-18.6515
-17.7387
-16.8179
-15.8895
-14.9543
-14.014
-13.0694
-12.1213
-11.1704
-10.2181
-9.26576
-8.31372
-7.36322
-6.41586
-5.47236
-4.53354
-3.60046
-2.67478
-1.75718
-0.848385
0.0502292
0.937434
1.81253
2.67446
3.52212
4.35451
5.17068
5.96951
6.74986
7.51109
8.25186
8.97149
9.6688
10.3431
10.9933
11.6186
12.2182
12.7913
13.3372
13.8552
14.3446
14.8046
15.2349
15.6347
16.0036
16.3409
16.6463
16.9192
17.1594
17.3663
17.5398
17.6795
17.7854
17.8573
17.8952
17.8989
17.8687
17.8045
17.7067
17.5754
-41.7219
-41.7327
-41.7104
-41.6548
-41.5667
-41.4461
-41.2929
-41.1073
-40.8899
-40.641
-40.3607
-40.0493
-39.707
-39.3349
-38.9333
-38.5018
-38.0411
-37.5527
-37.0361
-36.4922
-35.9216
-35.3246
-34.7027
-34.0555
-33.3842
-32.6895
-31.9719
-31.2323
-30.4718
-29.6906
-28.8899
-28.0702
-27.2328
-26.3783
-25.5076
-24.6217
-23.7213
-22.8075
-21.8812
-20.9432
-19.9944
-19.036
-18.0692
-17.0943
-16.1126
-15.1252
-14.133
-13.1374
-12.139
-11.1391
-10.1384
-9.13893
-8.1409
-7.14568
-6.15468
-5.1686
-4.1887
-3.21607
-2.25216
-1.2978
-0.354048
0.578274
1.49762
2.40307
3.29357
4.16808
5.02535
5.86457
6.68446
7.48405
8.26232
9.01822
9.75063
10.4588
11.1416
11.7984
12.428
13.0298
13.6029
14.1468
14.6605
15.1434
15.595
16.0146
16.4016
16.7555
17.0758
17.3619
17.6135
17.8302
18.0118
18.1578
18.2683
18.3431
18.3821
18.3853
18.3528
18.2847
18.1812
18.0425
-44.2686
-44.2778
-44.2522
-44.1922
-44.0979
-43.9695
-43.807
-43.6108
-43.3813
-43.1184
-42.823
-42.4947
-42.1343
-41.7427
-41.32
-40.8662
-40.3819
-39.8684
-39.3256
-38.7541
-38.1545
-37.5277
-36.8744
-36.1949
-35.49
-34.7605
-34.0072
-33.231
-32.4326
-31.6127
-30.7723
-29.9121
-29.0334
-28.1365
-27.2229
-26.2932
-25.3484
-24.3895
-23.4175
-22.4332
-21.4379
-20.4322
-19.4172
-18.3944
-17.3643
-16.3281
-15.287
-14.2417
-13.194
-12.1445
-11.0946
-10.0451
-8.99775
-7.95331
-6.9127
-5.8778
-4.84918
-3.82838
-2.81647
-1.81428
-0.823636
0.154813
1.12001
2.07055
3.00536
3.92339
4.82342
5.70453
6.56512
7.40459
8.22144
9.01476
9.7836
10.5268
11.2434
11.9325
12.5932
13.2245
13.8258
14.3962
14.935
15.4415
15.9151
16.3549
16.7606
17.1315
17.4671
17.7667
18.0301
18.2568
18.4466
18.5991
18.7142
18.7919
18.832
18.8345
18.7997
18.7274
18.618
18.4717
-46.9635
-46.971
-46.9424
-46.8778
-46.7768
-46.6402
-46.4682
-46.2608
-46.0185
-45.7413
-45.4299
-45.0842
-44.7052
-44.2931
-43.8485
-43.3717
-42.8631
-42.3235
-41.7532
-41.1532
-40.5239
-39.866
-39.1801
-38.4668
-37.7273
-36.9617
-36.1716
-35.3573
-34.5195
-33.6597
-32.7782
-31.8761
-30.9543
-30.0137
-29.0556
-28.0808
-27.0899
-26.0843
-25.0649
-24.0327
-22.9887
-21.9341
-20.8699
-19.7969
-18.7167
-17.6299
-16.5379
-15.4416
-14.3428
-13.2419
-12.1404
-11.0395
-9.94085
-8.84529
-7.75372
-6.66794
-5.58926
-4.51837
-3.45662
-2.40566
-1.36617
-0.339508
0.672896
1.66997
2.65088
3.61377
4.55789
5.48199
6.38507
7.26537
8.12225
8.95428
9.76053
10.5399
11.2911
12.0137
12.7061
13.368
13.9983
14.596
15.1606
15.6913
16.1875
16.6483
17.0731
17.4613
17.8124
18.126
18.4014
18.6384
18.8365
18.9956
19.1154
19.196
19.2372
19.2391
19.2016
19.125
19.0095
18.8551
-49.815
-49.8208
-49.7889
-49.7193
-49.6115
-49.4663
-49.2843
-49.0653
-48.8095
-48.5174
-48.1893
-47.8258
-47.4276
-46.9943
-46.527
-46.0263
-45.492
-44.9257
-44.3271
-43.6974
-43.0371
-42.3471
-41.6275
-40.8795
-40.1039
-39.3012
-38.4728
-37.619
-36.7406
-35.8391
-34.9151
-33.9696
-33.0034
-32.0177
-31.0134
-29.9915
-28.953
-27.899
-26.8307
-25.7489
-24.6547
-23.5494
-22.434
-21.3096
-20.177
-19.0381
-17.8936
-16.7443
-15.5923
-14.4382
-13.284
-12.13
-10.9783
-9.82925
-8.68521
-7.54714
-6.41585
-5.29337
-4.18062
-3.07863
-1.98891
-0.912948
0.148441
1.19391
2.22185
3.23147
4.22127
5.18978
6.13608
7.05891
7.95691
8.82882
9.67366
10.4901
11.2772
12.0339
12.7593
13.4524
14.1124
14.7383
15.3294
15.885
16.4042
16.8863
17.3308
17.737
18.104
18.4317
18.7194
18.9667
19.1734
19.3391
19.4638
19.5473
19.5896
19.5906
19.5505
19.4694
19.3475
19.1849
-52.8317
-52.8358
-52.8
-52.7249
-52.6102
-52.4563
-52.2638
-52.0325
-51.7629
-51.4553
-51.1102
-50.7283
-50.3098
-49.8547
-49.3639
-48.838
-48.2776
-47.6834
-47.0556
-46.3949
-45.7026
-44.9792
-44.2251
-43.441
-42.628
-41.7869
-40.9189
-40.0244
-39.104
-38.1595
-37.1914
-36.2009
-35.1889
-34.1563
-33.1043
-32.0338
-30.946
-29.8422
-28.7232
-27.5902
-26.444
-25.2862
-24.1179
-22.9399
-21.7538
-20.5606
-19.3616
-18.1578
-16.9509
-15.7421
-14.5325
-13.3238
-12.1171
-10.9134
-9.71518
-8.52249
-7.33769
-6.16144
-4.99546
-3.84117
-2.69965
-1.57239
-0.460768
0.634105
1.71116
2.76874
3.80526
4.81979
5.81083
6.7771
7.71742
8.63036
9.51471
10.3694
11.1932
11.9852
12.7442
13.4695
14.1598
14.8146
15.4328
16.0139
16.5568
17.061
17.5255
17.9498
18.3333
18.6754
18.9756
19.2335
19.4488
19.6213
19.7509
19.8374
19.8807
19.8809
19.8381
19.7523
19.6237
19.4525
-56.0223
-56.0245
-55.9848
-55.904
-55.782
-55.6192
-55.4157
-55.1717
-54.888
-54.5643
-54.2018
-53.8005
-53.3607
-52.883
-52.368
-51.8162
-51.2285
-50.6052
-49.9475
-49.2553
-48.5295
-47.7715
-46.9817
-46.1603
-45.3084
-44.4275
-43.5186
-42.5818
-41.6183
-40.6291
-39.6156
-38.5786
-37.5189
-36.438
-35.3367
-34.216
-33.0774
-31.9218
-30.7503
-29.5642
-28.3645
-27.1523
-25.9293
-24.6963
-23.4545
-22.2053
-20.9502
-19.6903
-18.4268
-17.1613
-15.8945
-14.6289
-13.3654
-12.1055
-10.8508
-9.60263
-8.362
-7.13062
-5.91032
-4.70178
-3.50686
-2.32688
-1.16305
-0.0167135
1.11022
2.21703
3.30199
4.36357
5.40086
6.41199
7.39556
8.35064
9.27562
10.1694
11.0308
11.859
12.6526
13.4107
14.1322
14.8165
15.4628
16.0698
16.6368
17.1633
17.6485
18.0914
18.4916
18.8484
19.1614
19.4302
19.6543
19.8338
19.9683
20.0577
20.1022
20.1016
20.0559
19.9652
19.8298
19.6498
-59.3963
-59.3964
-59.353
-59.2662
-59.1366
-58.9645
-58.7496
-58.4923
-58.1938
-57.8536
-57.4729
-57.0513
-56.5896
-56.0884
-55.5483
-54.9703
-54.3541
-53.7009
-53.0119
-52.2866
-51.5267
-50.7328
-49.9056
-49.0459
-48.1542
-47.2322
-46.2808
-45.3003
-44.2921
-43.2568
-42.1962
-41.111
-40.0024
-38.8715
-37.7194
-36.5466
-35.3555
-34.1464
-32.9207
-31.6799
-30.4249
-29.1567
-27.877
-26.587
-25.2879
-23.9809
-22.6676
-21.3493
-20.0271
-18.7028
-17.3779
-16.0538
-14.7319
-13.4139
-12.1007
-10.7944
-9.4967
-8.20907
-6.93208
-5.66794
-4.41805
-3.18374
-1.96626
-0.767396
0.411292
1.56881
2.70322
3.81354
4.89778
5.95485
6.9832
7.98135
8.94798
9.88196
10.782
11.647
12.4759
13.2676
14.0213
14.7359
15.4103
16.044
16.636
17.1853
17.6914
18.1532
18.5705
18.9424
19.2684
19.5483
19.7815
19.968
20.1076
20.2002
20.2458
20.2442
20.1956
20.1001
19.9578
19.7687
-62.9634
-62.9611
-62.9136
-62.821
-62.6835
-62.5014
-62.2745
-62.0035
-61.6899
-61.3329
-60.9329
-60.4901
-60.0062
-59.4806
-58.9148
-58.3091
-57.6635
-56.9796
-56.2579
-55.4985
-54.7034
-53.8724
-53.0066
-52.107
-51.1743
-50.2098
-49.2145
-48.1887
-47.1342
-46.0517
-44.9424
-43.8072
-42.648
-41.4652
-40.2606
-39.0344
-37.7885
-36.5243
-35.2427
-33.9452
-32.6327
-31.3069
-29.9687
-28.6197
-27.2611
-25.8943
-24.521
-23.1424
-21.76
-20.3754
-18.9898
-17.6049
-16.2231
-14.845
-13.4724
-12.1066
-10.7495
-9.40272
-8.06817
-6.74707
-5.44024
-4.14987
-2.87763
-1.6248
-0.392596
0.816876
2.00203
3.16187
4.29465
5.39895
6.47288
7.51516
8.52449
9.49968
10.4391
11.3419
12.2069
13.0331
13.8193
14.5646
15.2681
15.929
16.5462
17.119
17.6464
18.1278
18.5623
18.9495
19.2888
19.58
19.8225
20.0163
20.1611
20.2569
20.3036
20.3013
20.2498
20.1493
20
19.8017
-66.7332
-66.7285
-66.6767
-66.5781
-66.4324
-66.2397
-66.0007
-65.7158
-65.386
-65.0111
-64.5911
-64.1269
-63.62
-63.0691
-62.4765
-61.8417
-61.1662
-60.4502
-59.6948
-58.9006
-58.0683
-57.1991
-56.2934
-55.3524
-54.3767
-53.3686
-52.3277
-51.2551
-50.1529
-49.0211
-47.8614
-46.6748
-45.463
-44.2269
-42.9676
-41.6857
-40.3835
-39.0622
-37.7226
-36.3663
-34.9947
-33.609
-32.2104
-30.8003
-29.3803
-27.9521
-26.5169
-25.076
-23.6311
-22.1838
-20.7359
-19.2889
-17.8443
-16.4038
-14.9696
-13.5432
-12.1253
-10.7183
-9.32385
-7.94345
-6.57906
-5.23144
-3.90236
-2.59395
-1.30778
-0.0447882
1.19294
2.40346
3.58587
4.73819
5.85882
6.94634
7.99905
9.016
9.99596
10.9372
11.8391
12.7002
13.5197
14.2964
15.0297
15.7181
16.3611
16.9577
17.5068
18.0079
18.4602
18.863
19.2159
19.5185
19.7707
19.9719
20.1222
20.2213
20.2694
20.2663
20.212
20.1067
19.9503
19.7429
-70.7162
-70.7088
-70.653
-70.5475
-70.3929
-70.1896
-69.9378
-69.6384
-69.2914
-68.8979
-68.4571
-67.9707
-67.4394
-66.8625
-66.242
-65.5773
-64.8699
-64.1208
-63.3306
-62.5
-61.6289
-60.7201
-59.7734
-58.7893
-57.769
-56.7151
-55.6271
-54.5063
-53.3541
-52.171
-50.959
-49.7189
-48.4525
-47.1608
-45.8444
-44.5054
-43.145
-41.764
-40.3642
-38.9472
-37.5143
-36.0661
-34.6046
-33.1317
-31.6482
-30.1561
-28.6566
-27.1511
-25.6418
-24.1302
-22.6177
-21.1063
-19.5976
-18.0936
-16.5956
-15.1058
-13.6258
-12.1571
-10.7014
-9.26021
-7.8359
-6.42984
-5.04328
-3.67769
-2.33546
-1.01843
0.272731
1.53557
2.76841
3.96974
5.13796
6.27131
7.36862
8.42806
9.44858
10.4292
11.3685
12.2652
13.1183
13.9271
14.6903
15.407
16.076
16.6966
17.2679
17.789
18.2592
18.6779
19.0448
19.3592
19.6209
19.8298
19.9858
20.0886
20.1382
20.1345
20.0776
19.9675
19.8042
19.5876
-74.9218
-74.9116
-74.8507
-74.7376
-74.5738
-74.3592
-74.0937
-73.7784
-73.4143
-73.0008
-72.5384
-72.0283
-71.4712
-70.8669
-70.217
-69.5214
-68.7804
-67.9968
-67.1701
-66.3005
-65.3896
-64.439
-63.4494
-62.4203
-61.3539
-60.2516
-59.1144
-57.943
-56.7381
-55.5018
-54.2353
-52.9392
-51.6158
-50.266
-48.8905
-47.4917
-46.0703
-44.6274
-43.1652
-41.6849
-40.1877
-38.675
-37.1486
-35.6101
-34.0607
-32.5022
-30.9362
-29.3643
-27.7883
-26.21
-24.631
-23.0532
-21.4785
-19.9087
-18.3457
-16.7912
-15.2467
-13.7144
-12.196
-10.6936
-9.20807
-7.74149
-6.29583
-4.8729
-3.47429
-2.10128
-0.75629
0.559361
1.84363
3.09483
4.31103
5.49087
6.63285
7.73557
8.79756
9.81783
10.7945
11.7272
12.6144
13.4554
14.2488
14.9938
15.6892
16.334
16.9276
17.4688
17.9572
18.392
18.7727
19.0991
19.3708
19.5877
19.7494
19.8561
19.9075
19.9035
19.8441
19.7296
19.5597
19.3342
-79.3564
-79.3427
-79.2754
-79.1542
-78.9799
-78.7525
-78.4721
-78.14
-77.7569
-77.3222
-76.8367
-76.3013
-75.7167
-75.0832
-74.4016
-73.6727
-72.8969
-72.0761
-71.2104
-70.3003
-69.3472
-68.3522
-67.3165
-66.2401
-65.1248
-63.9714
-62.782
-61.5573
-60.2977
-59.0051
-57.6808
-56.326
-54.9427
-53.5317
-52.0945
-50.6324
-49.147
-47.6397
-46.1117
-44.5652
-43.0013
-41.4216
-39.8275
-38.2206
-36.6029
-34.9759
-33.3411
-31.7003
-30.0556
-28.4085
-26.7611
-25.1153
-23.4728
-21.8356
-20.2058
-18.585
-16.9755
-15.3783
-13.7963
-12.2305
-10.6836
-9.15646
-7.65087
-6.16946
-4.71315
-3.28434
-1.88479
-0.516233
0.819623
2.12057
3.38539
4.61198
5.79871
6.94438
8.04783
9.10725
10.122
11.0902
12.0115
12.8845
13.7081
14.4811
15.2028
15.872
16.4876
17.049
17.5555
18.0062
18.4011
18.7395
19.0212
19.246
19.414
19.5247
19.578
19.5741
19.5126
19.394
19.2179
18.984
-84.0198
-84.0009
-83.926
-83.7949
-83.6085
-83.3664
-83.0691
-82.7182
-82.3135
-81.8555
-81.3442
-80.7807
-80.1661
-79.5005
-78.7844
-78.0192
-77.2057
-76.3444
-75.4365
-74.4828
-73.4836
-72.441
-71.3556
-70.2282
-69.0602
-67.8529
-66.6076
-65.3254
-64.0073
-62.6547
-61.2693
-59.8525
-58.4055
-56.93
-55.4274
-53.8988
-52.346
-50.7709
-49.1746
-47.5589
-45.9254
-44.2754
-42.6109
-40.9335
-39.2449
-37.547
-35.8413
-34.1297
-32.4144
-30.697
-28.9796
-27.2642
-25.5528
-23.8472
-22.1496
-20.4621
-18.786
-17.1242
-15.4778
-13.8491
-12.2398
-10.6517
-9.08712
-7.54697
-6.03361
-4.54927
-3.09548
-1.67414
-0.287202
1.06327
2.3755
3.648
4.87906
6.06716
7.21108
8.3094
9.3609
10.3645
11.319
12.2235
13.0765
13.8772
14.6245
15.3174
15.9548
16.5359
17.0599
17.5266
17.9352
18.2855
18.5772
18.8102
18.9842
19.0992
19.1549
19.1512
19.0881
18.9659
18.7842
18.5426
-88.8972
-88.8707
-88.7856
-88.642
-88.4405
-88.1807
-87.8633
-87.49
-87.0603
-86.5746
-86.0334
-85.4382
-84.7895
-84.0876
-83.3331
-82.5273
-81.6711
-80.7649
-79.8102
-78.8077
-77.758
-76.6632
-75.5237
-74.3408
-73.1159
-71.8498
-70.544
-69.1999
-67.8186
-66.4021
-64.9512
-63.4678
-61.9533
-60.4094
-58.8376
-57.239
-55.6157
-53.9692
-52.3014
-50.6134
-48.9074
-47.1849
-45.4476
-43.6975
-41.9362
-40.1656
-38.3875
-36.6039
-34.8169
-33.0284
-31.2404
-29.4549
-27.6742
-25.9002
-24.1352
-22.3809
-20.6395
-18.9129
-17.2032
-15.5124
-13.8423
-12.1941
-10.5706
-8.97345
-7.40459
-5.86651
-4.35988
-2.88753
-1.4514
-0.0532925
1.30524
2.62167
3.89543
5.12425
6.30717
7.44265
8.52947
9.56704
10.5532
11.4879
12.369
13.196
13.968
14.6832
15.3413
15.9412
16.4824
16.964
17.3859
17.7478
18.0492
18.2902
18.4703
18.5896
18.6478
18.6448
18.5806
18.4554
18.2688
18.0202
-93.9496
-93.9109
-93.8109
-93.6498
-93.428
-93.1455
-92.8034
-92.4019
-91.9419
-91.4231
-90.8468
-90.2139
-89.5253
-88.7815
-87.9825
-87.13
-86.2253
-85.2685
-84.261
-83.2038
-82.0981
-80.9449
-79.746
-78.5018
-77.2141
-75.8839
-74.5126
-73.1016
-71.6524
-70.1671
-68.646
-67.0922
-65.5057
-63.8897
-62.2447
-60.5728
-58.8758
-57.1551
-55.4133
-53.651
-51.8706
-50.0741
-48.2626
-46.4385
-44.6038
-42.76
-40.9093
-39.0538
-37.1954
-35.3363
-33.4785
-31.6243
-29.7756
-27.9348
-26.1039
-24.2849
-22.48
-20.6912
-18.9206
-17.1701
-15.4412
-13.736
-12.0573
-10.4059
-8.7849
-7.19509
-5.63922
-4.11902
-2.63646
-1.19391
0.207241
1.56531
2.87865
4.14503
5.36385
6.53396
7.6538
8.72212
9.73769
10.7
11.6073
12.4585
13.253
13.989
14.6663
15.2837
15.8402
16.3359
16.7703
17.1428
17.4533
17.7017
17.8879
18.0116
18.0724
18.0704
18.0055
17.8779
17.6873
17.4329
-99.0969
-99.039
-98.9176
-98.7316
-98.4826
-98.1701
-97.7954
-97.3587
-96.8609
-96.302
-95.6831
-95.005
-94.2691
-93.4758
-92.6255
-91.7191
-90.7586
-89.7441
-88.6771
-87.5585
-86.3902
-85.1727
-83.9083
-82.5962
-81.2402
-79.8401
-78.3982
-76.9158
-75.3942
-73.8354
-72.2408
-70.6124
-68.9511
-67.2604
-65.5393
-63.7926
-62.0199
-60.224
-58.4069
-56.5695
-54.7148
-52.8439
-50.9589
-49.062
-47.1548
-45.2393
-43.3181
-41.3926
-39.4654
-37.5384
-35.6138
-33.694
-31.7809
-29.8768
-27.9841
-26.1045
-24.2404
-22.3938
-20.5666
-18.7608
-16.9785
-15.2211
-13.4918
-11.7915
-10.1221
-8.48678
-6.88563
-5.32292
-3.79867
-2.31653
-0.876642
0.517562
1.8659
3.16613
4.4168
5.61741
6.76573
7.86161
8.90302
9.88993
10.8199
11.6923
12.5064
13.2612
13.9549
14.5872
15.1578
15.6659
16.1111
16.4931
16.8118
17.0671
17.2587
17.3864
17.4498
17.449
17.3838
17.2548
17.061
16.8018
-104.203
-104.118
-103.966
-103.746
-103.461
-103.11
-102.694
-102.213
-101.669
-101.061
-100.391
-99.6596
-98.8682
-98.0172
-97.108
-96.1399
-95.1172
-94.0379
-92.9043
-91.7185
-90.482
-89.1941
-87.8583
-86.4742
-85.0455
-83.5718
-82.055
-80.4985
-78.9013
-77.2665
-75.5971
-73.8923
-72.1555
-70.389
-68.5926
-66.7709
-64.9233
-63.0535
-61.1626
-59.2524
-57.3254
-55.3832
-53.4278
-51.4614
-49.4857
-47.5029
-45.5155
-43.5251
-41.5341
-39.5446
-37.559
-35.5793
-33.6078
-31.6468
-29.6986
-27.765
-25.8481
-23.9504
-22.0735
-20.2195
-18.3905
-16.5881
-14.8146
-13.0721
-11.3617
-9.68715
-8.04793
-6.44864
-4.89008
-3.37337
-1.90248
-0.477369
0.900511
2.22808
3.50542
4.73107
5.90302
7.02185
8.08464
9.0914
10.0402
10.9301
11.7606
12.5303
13.2374
13.8826
14.4646
14.9827
15.4367
15.8268
16.1524
16.4135
16.6098
16.741
16.8069
16.8072
16.7422
16.612
16.4162
16.1537
-109.075
-108.952
-108.76
-108.497
-108.167
-107.768
-107.302
-106.768
-106.168
-105.504
-104.776
-103.984
-103.13
-102.214
-101.239
-100.204
-99.1144
-97.965
-96.7607
-95.5037
-94.1956
-92.8339
-91.4252
-89.9665
-88.4634
-86.9156
-85.3233
-83.692
-82.0208
-80.311
-78.5679
-76.7888
-74.9791
-73.1394
-71.2716
-69.3782
-67.4604
-65.5212
-63.5618
-61.5844
-59.591
-57.5837
-55.5644
-53.5353
-51.4983
-49.4557
-47.4097
-45.3621
-43.3154
-41.2715
-39.2333
-37.2024
-35.1812
-33.1719
-31.1769
-29.1981
-27.2375
-25.2975
-23.3797
-21.4864
-19.6193
-17.7804
-15.9717
-14.1953
-12.4527
-10.7463
-9.07792
-7.44991
-5.86413
-4.32144
-2.82601
-1.37715
0.0230375
1.37149
2.66938
3.91423
5.10424
6.23986
7.3187
8.34109
9.30376
10.2067
11.0494
11.8306
12.5478
13.2024
13.7927
14.3185
14.7795
15.1757
15.5065
15.772
15.972
16.1061
16.174
16.1756
16.1108
15.9802
15.7829
15.5183
-113.473
-113.303
-113.064
-112.751
-112.367
-111.914
-111.391
-110.799
-110.138
-109.414
-108.621
-107.766
-106.847
-105.863
-104.82
-103.717
-102.558
-101.338
-100.064
-98.7351
-97.3565
-95.9226
-94.4437
-92.9137
-91.3385
-89.7205
-88.058
-86.3565
-84.6158
-82.8373
-81.026
-79.1798
-77.3042
-75.399
-73.4672
-71.5105
-69.5309
-67.5309
-65.5121
-63.4766
-61.4263
-59.3637
-57.2904
-55.2086
-53.1207
-51.0285
-48.9343
-46.84
-44.7483
-42.6607
-40.5805
-38.5088
-36.4486
-34.4017
-32.3703
-30.3567
-28.363
-26.3908
-24.4422
-22.5195
-20.6242
-18.7584
-16.9239
-15.1229
-13.357
-11.6282
-9.93895
-8.29058
-6.68602
-5.12532
-3.61278
-2.14742
-0.732523
0.630664
1.94241
3.19967
4.40195
5.54969
6.63891
7.67137
8.64343
9.55529
10.406
11.1947
11.9189
12.5794
13.1751
13.7063
14.1721
14.572
14.9066
15.1752
15.3778
15.514
15.5834
15.5858
15.5214
15.3907
15.1927
14.9269
-117.152
-116.932
-116.644
-116.274
-115.837
-115.33
-114.748
-114.098
-113.377
-112.592
-111.739
-110.821
-109.838
-108.792
-107.683
-106.518
-105.294
-104.01
-102.672
-101.279
-99.8364
-98.339
-96.7958
-95.205
-93.5658
-91.8871
-90.1649
-88.4026
-86.6024
-84.7673
-82.8981
-80.9967
-79.0661
-77.1074
-75.1233
-73.1156
-71.0863
-69.0378
-66.972
-64.8909
-62.7962
-60.6907
-58.5759
-56.454
-54.3274
-52.198
-50.0678
-47.9388
-45.8142
-43.6951
-41.5842
-39.4834
-37.3957
-35.3222
-33.2656
-31.228
-29.2113
-27.2173
-25.2482
-23.3059
-21.3919
-19.5085
-17.6575
-15.8407
-14.0599
-12.3173
-10.6148
-8.95424
-7.33785
-5.76684
-4.24345
-2.76938
-1.34525
0.0269632
1.34629
2.61047
3.82084
4.97457
6.06992
7.10813
8.08531
9.00241
9.85767
10.6502
11.3785
12.042
12.6412
13.1752
13.6435
14.0459
14.3827
14.6531
14.8573
14.9946
15.065
15.0681
15.0039
14.873
14.6749
14.4086
-119.926
-119.663
-119.323
-118.907
-118.421
-117.865
-117.23
-116.531
-115.756
-114.92
-114.017
-113.043
-112.01
-110.911
-109.747
-108.533
-107.253
-105.919
-104.529
-103.087
-101.591
-100.044
-98.4516
-96.8129
-95.1259
-93.3997
-91.6315
-89.824
-87.9801
-86.1016
-84.1903
-82.2482
-80.2772
-78.2801
-76.2585
-74.2142
-72.1499
-70.0672
-67.9682
-65.8555
-63.7306
-61.5954
-59.4524
-57.3038
-55.1511
-52.9966
-50.843
-48.6917
-46.5455
-44.406
-42.2758
-40.1568
-38.0516
-35.9617
-33.8899
-31.8375
-29.8069
-27.8003
-25.8189
-23.8651
-21.9405
-20.0472
-18.1867
-16.3611
-14.5724
-12.8222
-11.1128
-9.44597
-7.8234
-6.24704
-4.71863
-3.23959
-1.81132
-0.434891
0.888125
2.15607
3.36994
4.52616
5.62487
6.66536
7.64565
8.56492
9.422
10.2159
10.9464
11.6111
12.2121
12.7473
13.2168
13.6207
13.9584
14.2296
14.4346
14.5725
14.6433
14.6465
14.5824
14.4514
14.2531
13.987
-121.731
-121.438
-121.058
-120.61
-120.088
-119.493
-118.824
-118.09
-117.278
-116.403
-115.464
-114.453
-113.386
-112.248
-111.052
-109.802
-108.486
-107.115
-105.692
-104.217
-102.686
-101.109
-99.4845
-97.8127
-96.097
-94.3399
-92.5423
-90.7072
-88.8353
-86.9301
-84.9924
-83.0255
-81.03
-79.0095
-76.9651
-74.8989
-72.8134
-70.7106
-68.592
-66.4607
-64.3177
-62.1657
-60.0061
-57.8419
-55.6745
-53.5058
-51.3386
-49.1749
-47.0163
-44.8656
-42.7246
-40.5957
-38.4806
-36.3821
-34.3017
-32.2413
-30.2034
-28.1898
-26.202
-24.2421
-22.3119
-20.4133
-18.5478
-16.7178
-14.9249
-13.171
-11.4581
-9.78824
-8.16269
-6.58384
-5.05285
-3.57157
-2.14107
-0.762918
0.561931
1.83213
3.04701
4.20532
5.30525
6.34658
7.32858
8.2484
9.10628
9.90104
10.6325
11.2982
11.8996
12.4359
12.9057
13.3103
13.6485
13.9202
14.1255
14.2634
14.3342
14.3374
14.273
14.1418
13.943
13.6769
-122.722
-122.409
-122.014
-121.547
-121.007
-120.392
-119.711
-118.954
-118.13
-117.233
-116.275
-115.253
-114.162
-113.007
-111.797
-110.526
-109.196
-107.807
-106.369
-104.876
-103.331
-101.737
-100.096
-98.4096
-96.6795
-94.9076
-93.0957
-91.2468
-89.3614
-87.443
-85.4925
-83.5133
-81.5055
-79.473
-77.4174
-75.34
-73.2436
-71.1302
-69.0019
-66.8605
-64.7077
-62.5467
-60.378
-58.2051
-56.0295
-53.8527
-51.6777
-49.5065
-47.3406
-45.1831
-43.0351
-40.8997
-38.7785
-36.6738
-34.5876
-32.5216
-30.4783
-28.4594
-26.4663
-24.5017
-22.5666
-20.6635
-18.794
-16.9599
-15.1631
-13.4055
-11.6892
-10.0159
-8.3873
-6.80547
-5.27167
-3.78767
-2.35445
-0.973804
0.353544
1.62619
2.84313
4.00335
5.10551
6.14867
7.13174
8.05345
8.91249
9.70893
10.4412
11.1085
11.7107
12.248
12.7191
13.1243
13.463
13.7354
13.9407
14.0787
14.1491
14.1519
14.0871
13.955
13.7556
13.489
-123.296
-122.979
-122.586
-122.117
-121.575
-120.96
-120.277
-119.515
-118.692
-117.791
-116.829
-115.806
-114.708
-113.553
-112.337
-111.061
-109.727
-108.335
-106.89
-105.392
-103.842
-102.243
-100.596
-98.9039
-97.1675
-95.3895
-93.5716
-91.7157
-89.8241
-87.8989
-85.9412
-83.955
-81.9402
-79.9003
-77.8373
-75.7525
-73.6485
-71.527
-69.391
-67.2417
-65.0807
-62.9117
-60.7348
-58.5537
-56.3695
-54.1845
-52.0011
-49.8212
-47.647
-45.481
-43.3245
-41.1806
-39.0509
-36.9376
-34.8428
-32.7684
-30.7166
-28.6893
-26.6878
-24.715
-22.7717
-20.8606
-18.9834
-17.1416
-15.3373
-13.5725
-11.8493
-10.1692
-8.53389
-6.94564
-5.40548
-3.91533
-2.47646
-1.09011
0.242687
1.52058
2.7424
3.90725
5.01383
6.061
7.04788
7.97303
8.83562
9.63485
10.3699
11.0401
11.645
12.1843
12.6577
13.0644
13.4045
13.6778
13.8835
14.0216
14.0917
14.0938
14.028
13.8945
13.6934
13.425
-121.169
-120.581
-119.444
-117.371
-114.285
-110.329
-105.74
-100.778
-95.6657
-90.5696
-85.6001
-80.8201
-76.2592
-71.928
-67.8249
-63.9427
-60.2715
-56.8008
-53.5205
-50.4207
-47.4924
-44.7258
-42.1127
-39.6448
-37.3142
-35.1134
-33.0354
-31.0736
-29.2215
-27.4732
-25.8228
-24.265
-22.7945
-21.4065
-20.0965
-18.8599
-17.6929
-16.5913
-15.5515
-14.5702
-13.6439
-12.7696
-11.9444
-11.1655
-10.4303
-9.73638
-9.08138
-8.46313
-7.87953
-7.32864
-6.80864
-6.31785
-5.85463
-5.41745
-5.00481
-4.61524
-4.24743
-3.9002
-3.57245
-3.26317
-2.97139
-2.69601
-2.43591
-2.19014
-1.958
-1.73898
-1.53255
-1.33802
-1.15446
-0.98081
-0.816265
-0.660699
-0.51432
-0.376819
-0.247208
-0.124422
-0.00782946
0.102676
0.206787
0.304283
0.395795
0.482668
0.565675
0.644347
0.717969
0.786886
0.852314
0.914989
0.97457
1.03032
1.08225
1.13155
1.17921
1.22476
1.26725
1.30694
1.34479
1.38147
1.41654
1.44933
1.48035
1.51049
1.5396
1.56693
1.59249
1.61722
1.64157
1.66504
1.68715
1.70839
1.72923
1.74944
1.76879
1.78762
1.80619
1.82431
1.8418
1.85883
1.87562
1.89221
1.90864
1.92493
1.94098
1.95678
1.97249
1.98832
2.00422
2.01998
2.03576
2.05182
2.06797
2.08412
2.10056
2.11727
2.13408
2.15118
2.16872
2.18662
2.2048
2.22325
2.24223
2.26176
2.2817
2.30213
2.32318
2.34487
2.36714
2.39003
2.41368
2.4381
2.46335
2.48939
2.51632
2.54418
2.57306
2.60302
2.63408
2.66631
2.69973
2.73453
2.77073
2.80842
2.84762
2.88849
2.93134
2.97591
3.02261
3.07136
3.12253
3.17636
3.23271
3.29188
3.35447
3.42038
3.49
3.56368
3.64176
3.7247
3.81309
3.90753
4.00858
4.11726
4.23431
4.36101
4.49892
4.64958
4.81537
4.999
5.20387
5.43521
5.70007
6.00849
6.37605
6.82751
7.40562
8.18714
9.32326
10.5194
20.8629
1.7926
-121.598
-121.019
-119.912
-117.883
-114.854
-110.953
-106.397
-101.439
-96.3068
-91.1787
-86.1736
-81.3598
-76.7692
-72.412
-68.2862
-64.3838
-60.6941
-57.2061
-53.9093
-50.7938
-47.8499
-45.0689
-42.4421
-39.9609
-37.6175
-35.4044
-33.3147
-31.3416
-29.4787
-27.72
-26.0598
-24.4925
-23.0129
-21.6162
-20.2977
-19.0533
-17.8785
-16.7697
-15.723
-14.7349
-13.8023
-12.9218
-12.0908
-11.3062
-10.5657
-9.86657
-9.20662
-8.5836
-7.99548
-7.44026
-6.91609
-6.42125
-5.95413
-5.51323
-5.09704
-4.70411
-4.33313
-3.98291
-3.65224
-3.34001
-3.04529
-2.76713
-2.50439
-2.25615
-2.02184
-1.8008
-1.59217
-1.39533
-1.20968
-1.03415
-0.867845
-0.710671
-0.562623
-0.423152
-0.291565
-0.167337
-0.0498514
0.061529
0.166908
0.266108
0.359521
0.447978
0.531858
0.611004
0.685423
0.755652
0.822356
0.885794
0.945957
1.00266
1.05605
1.10652
1.15439
1.19983
1.24303
1.28411
1.32315
1.36028
1.39542
1.42877
1.46061
1.49119
1.52055
1.54851
1.57501
1.60033
1.62468
1.64812
1.67078
1.69276
1.71402
1.73449
1.75418
1.77334
1.79218
1.81059
1.82847
1.84574
1.86261
1.87944
1.89614
1.91249
1.92869
1.94491
1.96087
1.97661
1.99251
2.00857
2.02455
2.04049
2.05661
2.07299
2.08951
2.10602
2.12282
2.14009
2.1576
2.17532
2.19351
2.21207
2.23092
2.25015
2.26998
2.29043
2.31131
2.33272
2.35481
2.37756
2.40095
2.42505
2.45002
2.47582
2.50238
2.52981
2.5583
2.58786
2.61842
2.65013
2.68301
2.7172
2.75271
2.78968
2.82815
2.86809
2.90994
2.95372
2.99942
3.04705
3.09681
3.14916
3.20417
3.26169
3.32232
3.38641
3.45392
3.52518
3.60056
3.68057
3.76548
3.85609
3.95295
4.05666
4.16828
4.28866
4.41912
4.5613
4.71687
4.88839
5.07897
5.29256
5.53569
5.81706
6.15044
6.55868
7.08185
7.79369
8.82091
9.77341
18.3341
-12.6956
-121.917
-121.341
-120.225
-118.183
-115.14
-111.234
-106.693
-101.764
-96.6656
-91.5658
-86.5802
-81.7758
-77.1863
-72.8245
-68.6894
-64.775
-61.0727
-57.5717
-54.2617
-51.1335
-48.1774
-45.3839
-42.745
-40.2524
-37.8976
-35.6735
-33.5734
-31.5902
-29.7176
-27.9495
-26.2801
-24.7041
-23.2162
-21.8116
-20.4855
-19.2336
-18.0518
-16.9361
-15.8828
-14.8886
-13.9499
-13.0638
-12.2273
-11.4376
-10.6919
-9.98803
-9.3235
-8.6961
-8.10375
-7.54447
-7.01642
-6.51785
-6.04714
-5.60278
-5.18332
-4.78736
-4.41348
-4.06045
-3.72707
-3.41214
-3.11468
-2.83389
-2.56881
-2.31846
-2.0821
-1.859
-1.64836
-1.44957
-1.26197
-1.08468
-0.916997
-0.758427
-0.608472
-0.466933
-0.333805
-0.208514
-0.0899786
0.0224807
0.128899
0.229418
0.324474
0.414276
0.498915
0.578827
0.65451
0.726035
0.793421
0.85717
0.917957
0.97588
1.03063
1.08195
1.13015
1.17603
1.22005
1.26187
1.30138
1.33895
1.37494
1.40925
1.44158
1.47226
1.50183
1.53038
1.55764
1.58352
1.60824
1.632
1.65495
1.67717
1.69868
1.71959
1.73985
1.75934
1.77825
1.79675
1.81482
1.83248
1.84982
1.86686
1.8836
1.90007
1.91644
1.93276
1.94894
1.96493
1.98085
1.99686
2.01292
2.02902
2.04528
2.06168
2.0782
2.09485
2.11173
2.12884
2.1462
2.16393
2.18207
2.20059
2.21937
2.23852
2.25821
2.27846
2.29921
2.32049
2.34233
2.36481
2.38799
2.41188
2.43648
2.46189
2.48812
2.51523
2.54329
2.57233
2.60241
2.63359
2.66592
2.69946
2.73431
2.77053
2.80823
2.84746
2.88828
2.93103
2.97553
3.02203
3.07054
3.12124
3.17466
3.23074
3.28939
3.35128
3.4165
3.4853
3.55791
3.63482
3.71629
3.80288
3.89522
3.99378
4.09952
4.21332
4.33604
4.46914
4.61388
4.7723
4.94702
5.14128
5.35979
5.60954
5.90086
6.25104
6.68789
7.25467
7.99994
8.68139
13.8797
-17.8844
-122.148
-121.58
-120.47
-118.419
-115.364
-111.454
-106.922
-102.017
-96.9507
-91.8816
-86.9186
-82.1273
-77.5429
-73.1794
-69.0389
-65.1165
-61.4043
-57.8928
-54.5725
-51.434
-48.4675
-45.6638
-43.0145
-40.5118
-38.1477
-35.9145
-33.8053
-31.8134
-29.9323
-28.156
-26.4789
-24.8953
-23.4001
-21.9884
-20.6555
-19.3971
-18.2091
-17.0874
-16.0283
-15.0286
-14.0847
-13.1934
-12.352
-11.5576
-10.8075
-10.0994
-9.43074
-8.79942
-8.20327
-7.64036
-7.10879
-6.60689
-6.133
-5.68554
-5.26315
-4.86443
-4.48789
-4.13233
-3.79651
-3.47923
-3.17947
-2.89643
-2.62917
-2.37682
-2.13856
-1.91355
-1.70108
-1.50058
-1.31132
-1.1325
-0.963487
-0.803567
-0.652096
-0.509018
-0.374379
-0.247561
-0.127691
-0.0143194
0.0928331
0.194303
0.290473
0.381329
0.467047
0.548191
0.625044
0.697397
0.765361
0.829792
0.891334
0.949985
1.00544
1.0576
1.10684
1.15362
1.19801
1.23998
1.27991
1.31827
1.35511
1.38996
1.42278
1.45407
1.48405
1.5128
1.54038
1.56677
1.59209
1.61637
1.63957
1.66197
1.6838
1.705
1.72554
1.74538
1.76453
1.78319
1.80144
1.81944
1.83709
1.85426
1.87112
1.8878
1.90431
1.92071
1.93702
1.95314
1.96916
1.98522
2.00139
2.01765
2.03397
2.05034
2.06684
2.08358
2.1005
2.11755
2.13487
2.15257
2.17058
2.18894
2.20769
2.22683
2.24638
2.26642
2.28699
2.30807
2.3297
2.35194
2.37484
2.39843
2.42272
2.44775
2.47363
2.50035
2.52798
2.55653
2.58609
2.61669
2.64843
2.68133
2.71552
2.751
2.78787
2.82633
2.86627
2.90784
2.95108
2.99631
3.04367
3.09305
3.1447
3.19904
3.25586
3.3154
3.37811
3.44427
3.51408
3.58767
3.66548
3.74804
3.83573
3.92894
4.02849
4.13522
4.24996
4.37335
4.50683
4.65159
4.80913
4.98232
5.1739
5.38827
5.63083
5.90955
6.23483
6.60915
7.0051
7.25171
9.29792
-17.3444
-122.296
-121.743
-120.665
-118.661
-115.651
-111.774
-107.263
-102.367
-97.3013
-92.2288
-87.2597
-82.4602
-77.8669
-73.4939
-69.3438
-65.4118
-61.6898
-58.1687
-54.839
-51.6911
-48.7153
-45.9029
-43.2453
-40.7342
-38.362
-36.1212
-34.0044
-32.0051
-30.1171
-28.3341
-26.6504
-25.0606
-23.5593
-22.1418
-20.8033
-19.5396
-18.3464
-17.2197
-16.156
-15.1516
-14.2033
-13.3079
-12.4625
-11.6642
-10.9104
-10.1987
-9.52664
-8.89204
-8.29277
-7.72683
-7.19235
-6.68767
-6.2111
-5.761
-5.33608
-4.93493
-4.55606
-4.19829
-3.86041
-3.54115
-3.2395
-2.95459
-2.68544
-2.43124
-2.19126
-1.96462
-1.75053
-1.54845
-1.35771
-1.17747
-1.00701
-0.845811
-0.69337
-0.549286
-0.413228
-0.284868
-0.163788
-0.0494195
0.0588123
0.16128
0.258153
0.349745
0.436536
0.518766
0.59633
0.669296
0.738209
0.803745
0.86613
0.92523
0.980999
1.03382
1.08403
1.13162
1.17653
1.21902
1.25957
1.29854
1.3357
1.37081
1.40418
1.43607
1.46656
1.49566
1.52351
1.55026
1.5759
1.60053
1.62424
1.64709
1.66922
1.69065
1.71137
1.73149
1.75098
1.76989
1.78839
1.80651
1.82428
1.84169
1.85881
1.87569
1.89233
1.90882
1.9252
1.94142
1.95759
1.97377
1.98999
2.00627
2.02259
2.03902
2.05556
2.07221
2.08907
2.10621
2.12354
2.14111
2.15902
2.17727
2.19589
2.21489
2.2343
2.25419
2.27459
2.29547
2.31688
2.33887
2.36147
2.38476
2.40875
2.43346
2.45896
2.48524
2.51239
2.54048
2.56951
2.59954
2.63064
2.6629
2.69635
2.73108
2.7671
2.80448
2.84333
2.88397
2.92628
2.97022
3.01612
3.06413
3.11409
3.1664
3.22138
3.27884
3.33914
3.4025
3.4693
3.53949
3.61336
3.69172
3.77468
3.86226
3.95547
4.05485
4.16108
4.27457
4.39624
4.52679
4.66646
4.81685
4.97995
5.15625
5.34475
5.54429
5.74575
5.91492
5.96263
5.67682
5.38543
-14.4217
-122.36
-121.813
-120.763
-118.807
-115.849
-112.018
-107.541
-102.664
-97.6054
-92.5308
-87.5545
-82.7458
-78.1427
-73.7605
-69.6009
-65.66
-61.93
-58.4008
-55.0631
-51.9073
-48.9242
-46.1046
-43.4401
-40.9224
-38.5436
-36.2962
-34.1734
-32.1681
-30.2743
-28.4859
-26.7969
-25.202
-23.6959
-22.2736
-20.9307
-19.6627
-18.4653
-17.3346
-16.267
-15.259
-14.3071
-13.4083
-12.5596
-11.7582
-11.0014
-10.2868
-9.61191
-8.97459
-8.37276
-7.80435
-7.26749
-6.76052
-6.28173
-5.82948
-5.40245
-4.99922
-4.61834
-4.25862
-3.91892
-3.59792
-3.29459
-3.00808
-2.73743
-2.48173
-2.24025
-2.0122
-1.79677
-1.59329
-1.4011
-1.21945
-1.04772
-0.885401
-0.731984
-0.586941
-0.449911
-0.320616
-0.198502
-0.0829003
0.0265425
0.129927
0.227538
0.319951
0.407574
0.490408
0.568482
0.642234
0.712198
0.778619
0.841584
0.901181
0.957564
1.01099
1.06169
1.10981
1.15535
1.19862
1.23989
1.27921
1.31654
1.35208
1.38595
1.41823
1.44912
1.47873
1.50698
1.53403
1.55998
1.5849
1.60898
1.63225
1.65469
1.67637
1.69736
1.71766
1.73738
1.75658
1.77538
1.79371
1.81163
1.82926
1.8465
1.86348
1.88033
1.89692
1.91334
1.92971
1.94599
1.96224
1.97848
1.99477
2.01113
2.02756
2.04412
2.06079
2.07763
2.09473
2.11204
2.12956
2.14741
2.16555
2.184
2.20282
2.22211
2.24183
2.26203
2.28272
2.30389
2.32561
2.34794
2.37094
2.3946
2.41895
2.44402
2.46988
2.49654
2.52413
2.55265
2.58214
2.61259
2.64414
2.67684
2.71073
2.74591
2.78241
2.82019
2.85947
2.90074
2.94357
2.98794
3.03426
3.0826
3.13311
3.18587
3.24115
3.29896
3.35966
3.42336
3.49023
3.55986
3.6341
3.71228
3.79388
3.88056
3.97243
4.07
4.17322
4.28255
4.39849
4.51981
4.64692
4.78007
4.91732
5.04936
5.16812
5.2465
5.22413
4.97347
4.22509
2.58409
-11.1348
-122.35
-121.805
-120.766
-118.844
-115.936
-112.154
-107.717
-102.869
-97.8271
-92.7604
-87.7847
-82.9728
-78.3643
-73.9758
-69.8096
-65.8621
-62.1254
-58.5905
-55.2467
-52.0851
-49.0963
-46.2712
-43.601
-41.078
-38.6941
-36.4418
-34.314
-32.3043
-30.4061
-28.6133
-26.9203
-25.3214
-23.8114
-22.3854
-21.0389
-19.7675
-18.5669
-17.4331
-16.3625
-15.3515
-14.3968
-13.4953
-12.6441
-11.8402
-11.081
-10.364
-9.68693
-9.04745
-8.44351
-7.87311
-7.33433
-6.82548
-6.34488
-5.89092
-5.46217
-5.05724
-4.67474
-4.3134
-3.97208
-3.64955
-3.34477
-3.05688
-2.78495
-2.52804
-2.28535
-2.05613
-1.83955
-1.63484
-1.44138
-1.25862
-1.0859
-0.922542
-0.768018
-0.62203
-0.484284
-0.354226
-0.231139
-0.114572
-0.00434574
0.0998129
0.198382
0.291734
0.37998
0.463262
0.541992
0.616612
0.687343
0.754291
0.817676
0.877881
0.935059
0.989093
1.04019
1.08867
1.13469
1.17858
1.22047
1.26018
1.29788
1.33388
1.36821
1.40094
1.43223
1.46216
1.49079
1.51821
1.54453
1.56982
1.59416
1.61764
1.64031
1.66226
1.68354
1.7041
1.72402
1.74347
1.76246
1.781
1.79906
1.81679
1.8342
1.85132
1.86828
1.88503
1.90154
1.91797
1.9343
1.95064
1.967
1.98333
1.9997
2.01609
2.0326
2.04933
2.06618
2.08316
2.10045
2.11795
2.13569
2.15374
2.17209
2.19076
2.20987
2.2294
2.24934
2.26976
2.29072
2.31222
2.33429
2.35694
2.38023
2.4042
2.42885
2.45429
2.48052
2.50757
2.5355
2.56438
2.59421
2.62505
2.65701
2.69006
2.72434
2.75994
2.79694
2.83501
2.87466
2.91617
2.95915
3.00392
3.05056
3.09919
3.14982
3.20277
3.25789
3.31574
3.37626
3.4396
3.50553
3.57514
3.64803
3.72418
3.80434
3.88847
3.97695
4.06981
4.16645
4.26763
4.37025
4.47398
4.57654
4.6752
4.75229
4.79334
4.76114
4.57774
4.10487
3.05578
0.883264
-8.37309
-122.251
-121.709
-120.691
-118.801
-115.935
-112.199
-107.804
-102.989
-97.9707
-92.9189
-87.9511
-83.1412
-78.5315
-74.14
-69.9701
-66.018
-62.277
-58.7378
-55.3898
-52.2244
-49.2317
-46.4025
-43.7284
-41.2016
-38.8141
-36.5582
-34.4271
-32.4141
-30.5127
-28.7168
-27.0207
-25.4189
-23.9062
-22.4776
-21.1284
-19.8544
-18.6514
-17.5154
-16.4425
-15.4294
-14.4727
-13.5692
-12.716
-11.9102
-11.1492
-10.4304
-9.75166
-9.11056
-8.50502
-7.93306
-7.39279
-6.88247
-6.40044
-5.94511
-5.51502
-5.10879
-4.72507
-4.36252
-4.01993
-3.69619
-3.39025
-3.1012
-2.82813
-2.57019
-2.32656
-2.09637
-1.87875
-1.67302
-1.47867
-1.29508
-1.12148
-0.957175
-0.801785
-0.655024
-0.516439
-0.385438
-0.261549
-0.144456
-0.0337038
0.0712334
0.170698
0.264762
0.353538
0.437431
0.516924
0.592252
0.663495
0.730897
0.794864
0.855707
0.913401
0.967934
1.01954
1.06841
1.11492
1.1593
1.2015
1.24166
1.27988
1.3163
1.35103
1.38413
1.41575
1.44598
1.475
1.50279
1.52943
1.55508
1.57964
1.60322
1.62611
1.64837
1.6699
1.69073
1.71092
1.73056
1.74961
1.76825
1.78648
1.80432
1.82193
1.83925
1.85629
1.8732
1.88986
1.90634
1.92275
1.93911
1.9555
1.97189
1.98828
2.00472
2.02119
2.03782
2.05462
2.07156
2.08873
2.10618
2.12384
2.14177
2.15999
2.17855
2.19747
2.21681
2.23655
2.25675
2.27745
2.29866
2.32042
2.34274
2.36567
2.38926
2.41352
2.43849
2.46426
2.49078
2.5181
2.54632
2.57551
2.60565
2.63684
2.66908
2.70243
2.73696
2.77289
2.81011
2.84828
2.88826
2.92999
2.97308
3.01794
3.06458
3.11321
3.16384
3.21644
3.27131
3.32851
3.38823
3.4503
3.51513
3.58285
3.65322
3.72662
3.80304
3.8822
3.96416
4.04811
4.13349
4.21787
4.29893
4.37315
4.43316
4.46113
4.43171
4.3075
4.00137
3.38701
2.20453
0.0236937
-6.29872
-122.084
-121.539
-120.53
-118.674
-115.855
-112.168
-107.817
-103.038
-98.0473
-93.0137
-88.0567
-83.2527
-78.6455
-74.2535
-70.0818
-66.1281
-62.385
-58.843
-55.4927
-52.3246
-49.3296
-46.4983
-43.822
-41.2927
-38.903
-36.6452
-34.5121
-32.497
-30.5937
-28.7959
-27.0978
-25.4942
-23.9798
-22.5496
-21.1988
-19.9233
-18.7187
-17.5811
-16.5069
-15.4924
-14.5344
-13.6296
-12.7751
-11.9681
-11.2059
-10.486
-9.80608
-9.16387
-8.55727
-7.98422
-7.4429
-6.93155
-6.44849
-5.99216
-5.56112
-5.15397
-4.76932
-4.4059
-4.06247
-3.73789
-3.43107
-3.14109
-2.86715
-2.60841
-2.36398
-2.13293
-1.91447
-1.70803
-1.51301
-1.32864
-1.15423
-0.989269
-0.83333
-0.685879
-0.546405
-0.414578
-0.290143
-0.172592
-0.0612175
0.0444478
0.144514
0.23904
0.328356
0.412941
0.493087
0.568916
0.640608
0.708532
0.773091
0.834422
0.892512
0.947521
0.999622
1.049
1.09602
1.14081
1.18334
1.22384
1.26248
1.29928
1.33428
1.36769
1.39962
1.4302
1.45957
1.48766
1.51454
1.54039
1.56519
1.58904
1.61222
1.63474
1.65639
1.67736
1.69774
1.71753
1.73681
1.75561
1.77406
1.79208
1.80975
1.8272
1.84436
1.8613
1.87812
1.89475
1.91124
1.92762
1.94397
1.96037
1.9768
1.99327
2.00976
2.0263
2.04303
2.05994
2.077
2.09433
2.11188
2.12967
2.14774
2.16618
2.18495
2.2041
2.22366
2.24363
2.26404
2.28495
2.3064
2.32838
2.35094
2.37414
2.39797
2.42246
2.44769
2.4737
2.50048
2.52806
2.55656
2.58597
2.61634
2.64774
2.68018
2.71371
2.74834
2.78448
2.82175
2.8602
2.90041
2.94188
2.98492
3.02957
3.07595
3.12418
3.17427
3.22617
3.2801
3.33607
3.39418
3.45437
3.51681
3.58132
3.64782
3.7165
3.78654
3.85758
3.92882
3.99863
4.06474
4.12329
4.16903
4.19296
4.17682
4.09297
3.89625
3.50757
2.82287
1.63316
-0.284675
-4.75735
-121.832
-121.285
-120.297
-118.476
-115.704
-112.067
-107.761
-103.021
-98.0598
-93.0466
-88.1037
-83.3083
-78.7052
-74.3157
-70.1449
-66.1915
-62.4479
-58.9051
-55.5541
-52.3856
-49.3901
-46.5581
-43.8812
-41.3514
-38.9609
-36.7024
-34.5686
-32.5528
-30.6488
-28.8502
-27.1516
-25.5472
-24.0322
-22.6013
-21.2499
-19.9737
-18.7686
-17.6304
-16.5555
-15.5405
-14.5818
-13.6765
-12.8214
-12.0138
-11.2511
-10.5307
-9.8502
-9.20743
-8.60025
-8.02666
-7.48478
-6.97284
-6.48919
-6.03226
-5.60061
-5.19285
-4.80762
-4.44363
-4.09966
-3.7745
-3.46706
-3.17649
-2.90199
-2.64266
-2.39756
-2.16588
-1.9469
-1.73994
-1.54426
-1.3592
-1.18424
-1.01886
-0.862427
-0.714335
-0.574216
-0.441896
-0.317017
-0.198884
-0.0868598
0.0193282
0.119781
0.214729
0.304604
0.389756
0.470356
0.546585
0.61874
0.687154
0.752149
0.813822
0.872322
0.927834
0.980388
1.03026
1.07776
1.12287
1.16569
1.20645
1.24543
1.2826
1.31795
1.35166
1.3839
1.41484
1.44442
1.47275
1.49987
1.52582
1.55093
1.57523
1.59865
1.62122
1.64303
1.66418
1.68472
1.70469
1.72421
1.74325
1.76187
1.78006
1.79783
1.81531
1.83255
1.84953
1.86639
1.88308
1.8996
1.9161
1.93253
1.94892
1.96532
1.98172
1.99821
2.01479
2.03147
2.04832
2.06532
2.0825
2.0999
2.11757
2.13551
2.15374
2.17233
2.19127
2.21061
2.23032
2.25045
2.27107
2.29223
2.31386
2.33603
2.35881
2.38222
2.40627
2.43096
2.4564
2.48261
2.50958
2.53736
2.56602
2.59558
2.6261
2.65761
2.69017
2.72371
2.75854
2.79475
2.8318
2.87018
2.9101
2.95134
2.99405
3.03813
3.08391
3.13136
3.18028
3.23099
3.28332
3.33737
3.39295
3.45016
3.50878
3.56849
3.62926
3.69031
3.7507
3.80939
3.86432
3.91248
3.94965
3.96899
3.96004
3.90476
3.77518
3.52868
3.09857
2.39613
1.27888
-0.273597
-3.47869
-121.51
-120.963
-119.991
-118.204
-115.476
-111.89
-107.636
-102.938
-98.0079
-93.0183
-88.0915
-83.3074
-78.7114
-74.3262
-70.1587
-66.2077
-62.4661
-58.925
-55.5752
-52.4075
-49.413
-46.5822
-43.9063
-41.3774
-38.9875
-36.7296
-34.5967
-32.5815
-30.6779
-28.8799
-27.1817
-25.578
-24.0632
-22.6326
-21.2817
-20.0058
-18.8009
-17.6631
-16.5884
-15.5736
-14.6151
-13.7099
-12.855
-12.0475
-11.2848
-10.5644
-9.88401
-9.24121
-8.63398
-8.06035
-7.51838
-7.00631
-6.5225
-6.06538
-5.63349
-5.22548
-4.84
-4.47574
-4.13144
-3.80594
-3.49819
-3.20734
-2.93252
-2.67279
-2.42728
-2.19528
-1.976
-1.76859
-1.57238
-1.38689
-1.21163
-1.04588
-0.888956
-0.740392
-0.599934
-0.467301
-0.341961
-0.223271
-0.110788
-0.00427322
0.0965083
0.191909
0.28228
0.367831
0.448765
0.525361
0.597964
0.66684
0.732191
0.794203
0.853048
0.908876
0.961761
1.01204
1.05986
1.10524
1.1484
1.18952
1.22877
1.26625
1.30203
1.33607
1.36857
1.39971
1.42945
1.45801
1.48547
1.51172
1.53704
1.56158
1.5852
1.60793
1.62998
1.65136
1.67209
1.69226
1.71188
1.73106
1.74973
1.76802
1.78592
1.80347
1.82085
1.83797
1.85478
1.87146
1.88805
1.90457
1.92104
1.93745
1.95382
1.97021
1.98668
2.00323
2.01985
2.03658
2.05348
2.07055
2.08786
2.10538
2.12318
2.14125
2.15961
2.17832
2.19739
2.21687
2.23679
2.25707
2.27786
2.29919
2.32099
2.34334
2.36629
2.38986
2.41406
2.4389
2.46449
2.49083
2.51792
2.54583
2.57458
2.60421
2.63478
2.66632
2.69884
2.73225
2.76699
2.80279
2.83958
2.87778
2.91722
2.95797
2.99995
3.0432
3.08797
3.13402
3.18132
3.23005
3.27993
3.331
3.38296
3.4357
3.48885
3.54167
3.59388
3.64395
3.6905
3.73116
3.76246
3.77964
3.7751
3.73768
3.64997
3.48522
3.20647
2.76051
2.07888
1.08477
-0.178921
-2.16451
-121.121
-120.57
-119.605
-117.851
-115.174
-111.643
-107.44
-102.785
-97.8915
-92.9287
-88.0214
-83.2507
-78.6646
-74.2864
-70.1244
-66.1773
-62.4393
-58.902
-55.5557
-52.3908
-49.3986
-46.5704
-43.8972
-41.3707
-38.9832
-36.7273
-34.5962
-32.5831
-30.6814
-28.8851
-27.1886
-25.5864
-24.0731
-22.6439
-21.2942
-20.0197
-18.8159
-17.6792
-16.6057
-15.5918
-14.6343
-13.73
-12.8759
-12.0691
-11.3071
-10.5873
-9.90746
-9.26519
-8.65842
-8.08519
-7.54359
-7.03185
-6.5483
-6.0914
-5.65967
-5.25179
-4.86642
-4.50217
-4.15784
-3.83232
-3.52457
-3.23366
-2.95869
-2.69881
-2.45321
-2.22112
-2.00163
-1.79391
-1.59746
-1.41182
-1.23635
-1.07026
-0.912998
-0.764215
-0.623566
-0.49063
-0.364874
-0.245816
-0.133081
-0.0263309
0.0747767
0.170582
0.26131
0.347151
0.428372
0.50531
0.578296
0.647579
0.71326
0.775563
0.834703
0.89073
0.943915
0.994467
1.04246
1.08814
1.13177
1.17334
1.21282
1.25048
1.28647
1.32079
1.35355
1.38488
1.41492
1.44368
1.47136
1.49799
1.5235
1.54811
1.57189
1.59491
1.61719
1.63869
1.65954
1.67985
1.69961
1.71885
1.73763
1.75598
1.77395
1.79162
1.80908
1.82627
1.84319
1.85996
1.8766
1.8931
1.90954
1.92592
1.94228
1.95868
1.9751
1.99157
2.00812
2.02477
2.04156
2.05855
2.07572
2.0931
2.11072
2.12865
2.14681
2.16529
2.18412
2.20333
2.22297
2.24298
2.2634
2.28435
2.30579
2.3277
2.35018
2.37325
2.39692
2.42119
2.44616
2.47184
2.49825
2.52538
2.5533
2.58204
2.61165
2.64216
2.6736
2.70572
2.73894
2.77343
2.80884
2.84535
2.8829
2.92154
2.96136
3.00218
3.04415
3.08731
3.13126
3.17628
3.22209
3.26862
3.31543
3.36231
3.40892
3.45424
3.49766
3.53781
3.57276
3.59988
3.61551
3.61445
3.58878
3.52749
3.41379
3.22423
2.9274
2.48273
1.84539
0.987683
-0.0163588
-1.12592
-120.646
-120.098
-119.154
-117.431
-114.799
-111.323
-107.174
-102.567
-97.712
-92.779
-87.8936
-83.1392
-78.5652
-74.1965
-70.0423
-66.1016
-62.369
-58.8367
-55.4953
-52.3355
-49.3478
-46.5234
-43.8539
-41.3313
-38.9477
-36.6956
-34.5679
-32.5579
-30.6593
-28.8659
-27.1722
-25.5726
-24.0619
-22.6351
-21.2877
-20.0153
-18.8136
-17.6788
-16.6072
-15.5951
-14.6392
-13.7365
-12.8839
-12.0786
-11.3179
-10.5993
-9.92061
-9.27939
-8.67361
-8.10127
-7.5605
-7.0495
-6.56661
-6.11031
-5.67915
-5.27178
-4.88681
-4.52291
-4.1789
-3.8537
-3.54621
-3.25543
-2.98056
-2.72082
-2.47538
-2.24331
-2.02376
-1.81601
-1.61958
-1.43391
-1.25827
-1.09201
-0.93467
-0.785844
-0.645056
-0.511846
-0.385815
-0.266587
-0.153726
-0.046769
0.054629
0.150714
0.241662
0.327707
0.409171
0.486411
0.559699
0.629242
0.695138
0.75765
0.817054
0.873411
0.926914
0.977678
1.02587
1.07182
1.11571
1.1576
1.19742
1.23528
1.27135
1.30584
1.33888
1.37057
1.40095
1.42991
1.4576
1.48437
1.51016
1.53491
1.55883
1.58203
1.60447
1.62611
1.64706
1.66744
1.68734
1.70672
1.72564
1.74408
1.76217
1.77993
1.79734
1.81456
1.8316
1.84843
1.86508
1.88159
1.89801
1.9144
1.9307
1.94706
1.96347
1.97986
1.99633
2.01293
2.02964
2.04651
2.06355
2.0808
2.09823
2.11592
2.13393
2.15218
2.1708
2.18973
2.20901
2.22873
2.24882
2.26935
2.29037
2.31188
2.33391
2.35648
2.37961
2.40334
2.42766
2.45265
2.47833
2.50469
2.53177
2.55961
2.58825
2.61771
2.64806
2.6792
2.7111
2.74398
2.77777
2.8125
2.84817
2.88473
2.92229
2.96073
3.00002
3.04015
3.08094
3.12224
3.16406
3.20599
3.24782
3.28895
3.32901
3.36715
3.40215
3.43274
3.4567
3.47122
3.47258
3.45511
3.41124
3.32997
3.19629
2.99016
2.68616
2.25484
1.67135
0.93861
0.143446
-0.547316
-120.107
-119.553
-118.623
-116.938
-114.354
-110.932
-106.839
-102.283
-97.4698
-92.5691
-87.7083
-82.9728
-78.4132
-74.0561
-69.9113
-65.979
-62.2543
-58.7292
-55.3947
-52.2411
-49.2596
-46.4413
-43.7775
-41.2602
-38.8817
-36.6345
-34.5115
-32.5059
-30.6116
-28.8224
-27.1326
-25.5367
-24.0296
-22.6062
-21.262
-19.9927
-18.7941
-17.6621
-16.5931
-15.5836
-14.6301
-13.7297
-12.8793
-12.076
-11.3172
-10.6005
-9.92347
-9.28387
-8.67958
-8.10863
-7.56914
-7.05932
-6.57751
-6.12223
-5.692
-5.28544
-4.90121
-4.53802
-4.19468
-3.87005
-3.56303
-3.27267
-2.99822
-2.73888
-2.49373
-2.26185
-2.04248
-1.83497
-1.6387
-1.45307
-1.27743
-1.11123
-0.953996
-0.80521
-0.664345
-0.530989
-0.404862
-0.285595
-0.172665
-0.0655642
0.0360226
0.132262
0.223329
0.309505
0.391169
0.468645
0.542138
0.611826
0.677922
0.740645
0.800235
0.856883
0.910649
0.961635
1.01012
1.05631
1.10026
1.14222
1.18231
1.22042
1.25669
1.29146
1.32476
1.35662
1.3871
1.41629
1.44423
1.47108
1.49698
1.52194
1.54611
1.56941
1.59189
1.61371
1.63481
1.65528
1.67526
1.69476
1.71376
1.7323
1.75049
1.76836
1.78585
1.80311
1.82013
1.83692
1.85357
1.87009
1.88651
1.90288
1.91919
1.93547
1.95179
1.96815
1.98454
2.00105
2.01768
2.03441
2.05133
2.0684
2.08567
2.10316
2.12096
2.13899
2.15733
2.17599
2.19497
2.21435
2.2341
2.25426
2.27485
2.29593
2.31748
2.33955
2.36214
2.3853
2.40899
2.43327
2.4582
2.48379
2.51004
2.53699
2.56464
2.59302
2.62221
2.65225
2.68298
2.71429
2.74639
2.77935
2.81313
2.84769
2.88306
2.91905
2.95569
2.99276
3.03034
3.06812
3.1059
3.14336
3.18023
3.21587
3.24953
3.28061
3.3076
3.32913
3.3428
3.34577
3.33408
3.30218
3.24266
3.14532
2.99698
2.78094
2.47739
2.06651
1.53808
0.910477
0.266923
-0.228743
-119.498
-118.944
-118.026
-116.37
-113.837
-110.474
-106.439
-101.935
-97.165
-92.2992
-87.4661
-82.7517
-78.2094
-73.8663
-69.7334
-65.8116
-62.0963
-58.58
-55.2539
-52.1085
-49.1349
-46.3241
-43.6677
-41.1573
-38.7852
-36.5441
-34.4271
-32.4271
-30.5383
-28.7545
-27.0697
-25.4786
-23.9761
-22.5573
-21.2174
-19.9521
-18.7573
-17.629
-16.5635
-15.5573
-14.6071
-13.7097
-12.8621
-12.0615
-11.3053
-10.591
-9.91619
-9.27869
-8.67639
-8.1073
-7.56956
-7.06135
-6.58106
-6.12719
-5.69824
-5.29284
-4.90969
-4.54754
-4.20515
-3.88135
-3.57508
-3.28544
-3.01168
-2.75292
-2.50823
-2.27678
-2.05786
-1.85077
-1.65478
-1.46933
-1.29391
-1.12796
-0.970944
-0.822266
-0.681437
-0.548118
-0.422047
-0.302828
-0.189878
-0.0827242
0.0189189
0.115199
0.206318
0.29259
0.374397
0.452019
0.525644
0.595452
0.661755
0.724666
0.784341
0.841108
0.895065
0.946314
0.995068
1.04147
1.08557
1.12759
1.16773
1.20599
1.24256
1.27755
1.31101
1.34291
1.37344
1.40287
1.43115
1.45817
1.48415
1.50927
1.53357
1.55699
1.57951
1.60139
1.6227
1.64335
1.66338
1.68292
1.70199
1.72063
1.73884
1.7568
1.77445
1.79174
1.80876
1.82555
1.84217
1.8587
1.87514
1.89148
1.9078
1.924
1.94018
1.95646
1.97278
1.98915
2.00566
2.02227
2.03902
2.05592
2.07303
2.09033
2.10786
2.12569
2.14374
2.1621
2.18079
2.19984
2.21927
2.23906
2.25926
2.27986
2.30091
2.32247
2.3445
2.36706
2.39014
2.41374
2.43794
2.46274
2.48814
2.51416
2.5408
2.56809
2.59608
2.62476
2.65413
2.68423
2.71483
2.74611
2.77804
2.81052
2.84366
2.87724
2.91114
2.94532
2.97955
3.01386
3.04768
3.0808
3.11278
3.14305
3.1707
3.19495
3.21434
3.22727
3.23142
3.22382
3.20034
3.15592
3.08332
2.9735
2.81491
2.59408
2.29607
1.90887
1.43167
0.88911
0.351709
-0.0519545
-118.82
-118.265
-117.366
-115.745
-113.257
-109.949
-105.971
-101.522
-96.7985
-91.9708
-87.1676
-82.4771
-77.954
-73.627
-69.5076
-65.5984
-61.8951
-58.3895
-55.0733
-51.9378
-48.9739
-46.172
-43.5239
-41.0219
-38.6579
-36.4245
-34.3148
-32.3221
-30.4399
-28.6626
-26.984
-25.3989
-23.9019
-22.4884
-21.1538
-19.8936
-18.7035
-17.5797
-16.5185
-15.5164
-14.5701
-13.6764
-12.8324
-12.0351
-11.2821
-10.5708
-9.89878
-9.26394
-8.66413
-8.09735
-7.56177
-7.05563
-6.5773
-6.12521
-5.6979
-5.29402
-4.91232
-4.55151
-4.21032
-3.88762
-3.58242
-3.29379
-3.0209
-2.76291
-2.51892
-2.28818
-2.06992
-1.86336
-1.66779
-1.48274
-1.30773
-1.14218
-0.985484
-0.837033
-0.696387
-0.563252
-0.437361
-0.31826
-0.205382
-0.0982789
0.00330665
0.0995387
0.19065
0.276975
0.358841
0.436519
0.510222
0.580109
0.646448
0.709459
0.769306
0.826166
0.880227
0.931645
0.980509
1.02701
1.07135
1.11358
1.15383
1.1923
1.22902
1.26401
1.29752
1.32965
1.36042
1.38992
1.41824
1.44543
1.4716
1.49683
1.52113
1.54464
1.56735
1.58932
1.61071
1.6315
1.65158
1.6712
1.69036
1.70908
1.72736
1.7453
1.76294
1.78023
1.79728
1.81416
1.8308
1.84731
1.86374
1.88006
1.89627
1.91245
1.92862
1.94479
1.96102
1.97728
1.9936
2.01006
2.02661
2.04337
2.06028
2.0774
2.09472
2.11229
2.1301
2.14817
2.16654
2.18524
2.20431
2.22371
2.2435
2.26367
2.28425
2.30527
2.32673
2.34866
2.37111
2.39405
2.41751
2.4415
2.46604
2.49114
2.51678
2.54298
2.56976
2.59716
2.62508
2.65376
2.68296
2.71257
2.74266
2.77311
2.80395
2.83514
2.8664
2.8978
2.9289
2.95955
2.98956
3.01846
3.04568
3.07068
3.09263
3.11037
3.12261
3.12748
3.12287
3.10568
3.07191
3.01666
2.93334
2.81393
2.6487
2.42682
2.13769
1.77507
1.34318
0.86747
0.40395
0.045168
-118.073
-117.517
-116.63
-115.043
-112.608
-109.36
-105.442
-101.047
-96.372
-91.5847
-86.814
-82.1497
-77.6473
-73.3381
-69.2352
-65.3406
-61.6503
-58.1574
-54.8534
-51.7294
-48.7763
-45.985
-43.347
-40.8547
-38.5003
-36.2761
-34.175
-32.1907
-30.3166
-28.5468
-26.8755
-25.2974
-23.8072
-22.4001
-21.0716
-19.8172
-18.6327
-17.5143
-16.4582
-15.461
-14.5194
-13.6301
-12.7902
-11.997
-11.2477
-10.5399
-9.87129
-9.23963
-8.6428
-8.07885
-7.54592
-7.04225
-6.56623
-6.11629
-5.69099
-5.28902
-4.9091
-4.54993
-4.21023
-3.88897
-3.58511
-3.2977
-3.02589
-2.76889
-2.52588
-2.29606
-2.07863
-1.87275
-1.6778
-1.49334
-1.31892
-1.15389
-0.997613
-0.849528
-0.70923
-0.576415
-0.450785
-0.331879
-0.219184
-0.112247
-0.0108137
0.0852998
0.176342
0.262629
0.344461
0.422127
0.495831
0.565745
0.632021
0.695068
0.755123
0.812121
0.866183
0.917551
0.966411
1.01301
1.05752
1.09993
1.14037
1.179
1.21581
1.25093
1.2846
1.31688
1.34778
1.37729
1.40561
1.43292
1.45922
1.48455
1.50897
1.53258
1.55549
1.57761
1.599
1.61981
1.64001
1.65963
1.67884
1.69761
1.71595
1.73388
1.75151
1.76884
1.78589
1.80278
1.81946
1.83594
1.85229
1.86855
1.88471
1.90083
1.91693
1.93304
1.94916
1.96534
1.98156
1.99786
2.01426
2.03082
2.04753
2.06446
2.08156
2.09884
2.11638
2.13418
2.15222
2.17057
2.18924
2.20826
2.22761
2.24733
2.26744
2.28792
2.30883
2.33015
2.35194
2.37418
2.39688
2.42007
2.44374
2.46794
2.49261
2.51774
2.54335
2.56948
2.59607
2.62317
2.65081
2.6787
2.707
2.73554
2.76417
2.7929
2.8216
2.85013
2.87833
2.90549
2.93169
2.95643
2.97909
2.99909
3.01544
3.02702
3.03259
3.03009
3.01741
2.99165
2.9489
2.88441
2.79245
2.66601
2.49694
2.27674
1.99849
1.65948
1.26663
0.843349
0.431962
0.0973269
-117.258
-116.699
-115.829
-114.278
-111.892
-108.703
-104.846
-100.509
-95.8855
-91.1408
-86.4052
-81.7696
-77.2912
-73.0021
-68.9168
-65.0384
-61.3632
-57.8846
-54.5943
-51.4838
-48.5431
-45.7639
-43.1378
-40.6568
-38.3131
-36.0992
-34.0081
-32.0332
-30.1684
-28.4074
-26.7445
-25.1744
-23.6919
-22.2922
-20.9707
-19.7231
-18.5451
-17.4329
-16.3828
-15.3912
-14.4549
-13.5707
-12.7357
-11.9471
-11.2021
-10.4985
-9.83382
-9.20584
-8.61247
-8.0518
-7.52198
-7.02123
-6.54791
-6.10051
-5.67762
-5.27789
-4.90004
-4.5428
-4.20495
-3.88542
-3.58316
-3.29718
-3.0267
-2.77095
-2.52915
-2.30044
-2.08398
-1.87897
-1.68484
-1.50117
-1.32747
-1.16307
-1.00735
-0.859783
-0.719983
-0.587603
-0.462315
-0.343715
-0.231301
-0.124634
-0.023454
0.0724662
0.163364
0.24953
0.331259
0.408836
0.482468
0.552361
0.618689
0.681721
0.741693
0.798747
0.852867
0.904212
0.953121
0.999793
1.04434
1.08684
1.12734
1.16594
1.20289
1.23827
1.27204
1.30434
1.33521
1.36483
1.39333
1.42077
1.44714
1.47254
1.49711
1.52086
1.54382
1.56601
1.58745
1.6083
1.62862
1.64827
1.66746
1.68624
1.70462
1.72257
1.74021
1.75759
1.77465
1.79149
1.80814
1.82462
1.84096
1.85714
1.87326
1.88931
1.90529
1.92129
1.93729
1.95331
1.96945
1.98563
2.00191
2.01825
2.03476
2.05142
2.06826
2.08529
2.10256
2.12007
2.13781
2.15582
2.17411
2.19272
2.21162
2.23087
2.25048
2.27045
2.29078
2.31152
2.33267
2.35419
2.37614
2.39852
2.42132
2.44457
2.46826
2.49237
2.51688
2.54176
2.56699
2.59261
2.61866
2.64481
2.67125
2.69785
2.72437
2.75081
2.77695
2.80259
2.82769
2.85169
2.87417
2.89487
2.91315
2.92834
2.93936
2.94521
2.94448
2.93524
2.91528
2.88176
2.83119
2.75906
2.66033
2.52895
2.35813
2.14166
1.875
1.55783
1.19834
0.816467
0.443179
0.124011
-116.379
-115.822
-114.966
-113.449
-111.113
-107.982
-104.187
-99.9104
-95.3399
-90.6405
-85.9425
-81.3376
-76.885
-72.6185
-68.5528
-64.6923
-61.0342
-57.572
-54.297
-51.2007
-48.2741
-45.5087
-42.8958
-40.4274
-38.096
-35.8938
-33.814
-31.8499
-29.9954
-28.2444
-26.591
-25.03
-23.5563
-22.165
-20.8516
-19.6116
-18.441
-17.3357
-16.2923
-15.3071
-14.3769
-13.4985
-12.669
-11.8855
-11.1456
-10.4467
-9.78642
-9.16264
-8.57324
-8.01631
-7.49003
-6.99261
-6.52243
-6.07796
-5.65783
-5.26066
-4.88522
-4.53023
-4.19451
-3.87698
-3.57654
-3.29226
-3.02337
-2.76915
-2.52875
-2.30132
-2.08599
-1.88206
-1.68895
-1.50622
-1.33336
-1.16974
-1.01472
-0.867836
-0.728651
-0.596797
-0.47196
-0.353776
-0.241752
-0.13547
-0.0346209
0.0610331
0.151711
0.237689
0.319243
0.396644
0.470146
0.539949
0.606276
0.669251
0.729035
0.785961
0.840165
0.891686
0.940721
0.987406
1.03192
1.07441
1.1149
1.15353
1.19051
1.22592
1.25975
1.29211
1.32307
1.35278
1.38142
1.40894
1.4354
1.46089
1.48551
1.5093
1.53223
1.55441
1.57598
1.59687
1.61721
1.637
1.65624
1.675
1.69336
1.71138
1.72903
1.74639
1.76347
1.78026
1.79689
1.81337
1.82966
1.84579
1.8618
1.8778
1.89374
1.90961
1.92547
1.94131
1.95725
1.97331
1.9894
2.00558
2.0219
2.03833
2.05491
2.07172
2.08871
2.10589
2.12332
2.14097
2.15888
2.17706
2.19554
2.21435
2.23344
2.25287
2.27264
2.29277
2.31324
2.33409
2.35529
2.37686
2.39879
2.42109
2.44378
2.46682
2.49023
2.51393
2.53784
2.56195
2.58638
2.61098
2.6355
2.66015
2.68451
2.7087
2.73235
2.75528
2.7772
2.79804
2.81709
2.8339
2.84798
2.8585
2.86463
2.86506
2.85847
2.84302
2.8165
2.77619
2.71885
2.6405
2.53653
2.40181
2.23105
2.01956
1.76455
1.46741
1.13612
0.78715
0.442915
0.136164
-115.435
-114.879
-114.041
-112.556
-110.268
-107.198
-103.468
-99.2519
-94.7361
-90.0841
-85.426
-80.8545
-76.4294
-72.187
-68.1436
-64.3028
-60.663
-57.2187
-53.9609
-50.8807
-47.9701
-45.2199
-42.6217
-40.1674
-37.8494
-35.6601
-33.5928
-31.6409
-29.798
-28.0579
-26.4152
-24.8644
-23.4005
-22.0187
-20.7142
-19.4827
-18.3202
-17.2228
-16.1869
-15.2089
-14.2854
-13.4135
-12.5901
-11.8125
-11.0781
-10.3845
-9.72921
-9.11013
-8.52521
-7.97248
-7.45017
-6.9565
-6.48981
-6.04869
-5.63165
-5.2374
-4.86469
-4.51229
-4.17898
-3.86368
-3.56534
-3.28301
-3.01597
-2.76348
-2.52467
-2.29868
-2.08473
-1.88207
-1.69016
-1.50852
-1.33664
-1.17393
-1.01978
-0.8737
-0.735244
-0.604018
-0.479738
-0.362067
-0.250554
-0.144754
-0.0443056
0.05101
0.141395
0.227096
0.308388
0.385549
0.458867
0.528517
0.594662
0.657541
0.717312
0.774074
0.828149
0.879723
0.928817
0.975514
1.02
1.0625
1.10299
1.14168
1.17865
1.21401
1.2479
1.2803
1.3114
1.34121
1.36986
1.39742
1.42393
1.44949
1.4741
1.49787
1.52081
1.54308
1.56471
1.58566
1.60597
1.62581
1.64508
1.66384
1.6822
1.70028
1.71798
1.73529
1.75238
1.76916
1.78573
1.80209
1.81831
1.8344
1.85035
1.86624
1.88207
1.89781
1.9136
1.92938
1.94511
1.96097
1.97688
1.9929
2.009
2.02521
2.04155
2.05808
2.07479
2.09166
2.10874
2.12605
2.14358
2.16135
2.1794
2.19774
2.21633
2.23521
2.25442
2.2739
2.2937
2.31384
2.33429
2.35506
2.37616
2.39751
2.41919
2.44117
2.46339
2.48585
2.50853
2.5312
2.55402
2.57703
2.59978
2.62244
2.64474
2.66655
2.68778
2.70811
2.72711
2.74473
2.76045
2.77359
2.78367
2.78981
2.79126
2.78663
2.77459
2.75349
2.72114
2.67489
2.61183
2.52841
2.42057
2.28397
2.11447
1.9086
1.66501
1.38591
1.07858
0.756394
0.435326
0.140047
-114.429
-113.873
-113.048
-111.6
-109.365
-106.356
-102.689
-98.535
-94.0755
-89.4727
-84.8561
-80.3201
-75.9254
-71.7088
-67.6887
-63.8704
-60.2515
-56.8261
-53.5868
-50.5248
-47.6315
-44.8979
-42.3156
-39.8768
-37.5736
-35.3988
-33.3453
-31.4067
-29.5765
-27.8485
-26.2175
-24.678
-23.2249
-21.8533
-20.5586
-19.3366
-18.1832
-17.0945
-16.0668
-15.0966
-14.1807
-13.3159
-12.4993
-11.7282
-10.9999
-10.3121
-9.66231
-9.04847
-8.46845
-7.9204
-7.40247
-6.91294
-6.45017
-6.01273
-5.59916
-5.20816
-4.8385
-4.48899
-4.15837
-3.84559
-3.54959
-3.26949
-3.00454
-2.75397
-2.51694
-2.29261
-2.08022
-1.87904
-1.68848
-1.50807
-1.33733
-1.17568
-1.02253
-0.877392
-0.739771
-0.609285
-0.485672
-0.368629
-0.257732
-0.152484
-0.0525238
0.0423643
0.132379
0.217724
0.298676
0.375549
0.448623
0.518086
0.584042
0.646717
0.706389
0.763098
0.817038
0.868424
0.917362
0.964015
1.00851
1.051
1.09155
1.13023
1.16724
1.20263
1.23651
1.26893
1.30005
1.32989
1.3585
1.3861
1.41263
1.43819
1.46284
1.48663
1.50969
1.53199
1.5536
1.57458
1.59493
1.61473
1.63404
1.65289
1.67128
1.68928
1.70698
1.72427
1.74129
1.75809
1.77456
1.79078
1.80695
1.823
1.8389
1.85468
1.87037
1.886
1.90167
1.91739
1.93304
1.94866
1.96439
1.98019
1.99607
2.01203
2.02816
2.04441
2.06077
2.07735
2.09408
2.11104
2.1282
2.14556
2.16315
2.18102
2.19912
2.21745
2.23607
2.25495
2.2741
2.29352
2.3132
2.33316
2.35339
2.37385
2.39454
2.41545
2.4365
2.45769
2.47908
2.50041
2.52171
2.543
2.56405
2.58477
2.60508
2.62464
2.64346
2.66117
2.67748
2.69197
2.70434
2.71402
2.72029
2.72234
2.71927
2.70999
2.69304
2.6668
2.6292
2.57785
2.51002
2.42257
2.31196
2.17461
2.00722
1.8074
1.57478
1.31183
1.02509
0.725216
0.423476
0.139404
-113.361
-112.806
-111.996
-110.582
-108.397
-105.449
-101.849
-97.759
-93.3584
-88.8069
-84.2347
-79.7361
-75.3736
-71.1855
-67.1908
-63.3957
-59.7989
-56.3949
-53.1757
-50.1332
-47.2587
-44.5431
-41.978
-39.5559
-37.2692
-35.11
-33.0715
-31.1473
-29.3309
-27.6164
-25.9982
-24.471
-23.0296
-21.6693
-20.3854
-19.1737
-18.0301
-16.9509
-15.9322
-14.9706
-14.0628
-13.2058
-12.3967
-11.6326
-10.9111
-10.2296
-9.58584
-8.97765
-8.40307
-7.86013
-7.34703
-6.86205
-6.4036
-5.9702
-5.56044
-5.17299
-4.80672
-4.46039
-4.13275
-3.82276
-3.52938
-3.25174
-2.98909
-2.74067
-2.50562
-2.28316
-2.07252
-1.87299
-1.68393
-1.5049
-1.33545
-1.175
-1.02301
-0.878924
-0.742241
-0.61261
-0.489781
-0.373489
-0.263295
-0.158679
-0.0592948
0.0350885
0.124649
0.209565
0.29011
0.366637
0.439411
0.508623
0.574401
0.636789
0.696129
0.752774
0.806717
0.857928
0.906653
0.953232
0.997699
1.04005
1.08057
1.11925
1.15622
1.19163
1.22554
1.25795
1.28895
1.31877
1.34743
1.37504
1.40161
1.42713
1.45183
1.47569
1.4988
1.5211
1.54269
1.56363
1.58397
1.60379
1.62313
1.64201
1.66043
1.67841
1.696
1.7133
1.73024
1.74699
1.76345
1.7797
1.79577
1.81169
1.82752
1.84321
1.85882
1.87435
1.88982
1.90532
1.92083
1.93633
1.95185
1.96742
1.98311
1.99886
2.0147
2.03069
2.04675
2.063
2.0794
2.09598
2.11277
2.1297
2.14683
2.16421
2.18181
2.19962
2.21764
2.23592
2.2544
2.27311
2.29204
2.31119
2.33056
2.3501
2.3698
2.38965
2.40958
2.42958
2.44965
2.46966
2.48941
2.50903
2.52836
2.54726
2.56554
2.58292
2.59939
2.61457
2.6282
2.63978
2.64894
2.65525
2.65788
2.65607
2.64888
2.63531
2.61392
2.58299
2.54077
2.48507
2.41331
2.32266
2.21018
2.07291
1.90831
1.71484
1.49256
1.2441
0.97511
0.694039
0.408991
0.136207
-112.233
-111.679
-110.887
-109.507
-107.373
-104.488
-100.952
-96.9268
-92.5865
-88.0881
-83.5618
-79.1029
-74.775
-70.6171
-66.6494
-62.8792
-59.3062
-55.925
-52.7279
-49.7061
-46.8516
-44.1557
-41.6098
-39.2059
-36.9366
-34.7942
-32.7721
-30.8635
-29.062
-27.3619
-25.7576
-24.2436
-22.8149
-21.4667
-20.1945
-18.994
-17.8611
-16.7921
-15.7832
-14.8309
-13.932
-13.0834
-12.2824
-11.526
-10.8117
-10.1371
-9.49984
-8.89787
-8.32918
-7.79179
-7.28396
-6.80392
-6.35013
-5.92113
-5.51553
-5.13204
-4.76945
-4.42657
-4.10219
-3.79524
-3.50475
-3.22981
-2.96966
-2.72359
-2.49075
-2.27035
-2.06165
-1.86393
-1.67653
-1.49904
-1.33103
-1.17195
-1.02123
-0.87831
-0.742689
-0.614024
-0.492097
-0.376651
-0.267245
-0.163365
-0.0646271
0.0291842
0.118205
0.202611
0.282695
0.358809
0.431219
0.5001
0.565581
0.627742
0.686803
0.743182
0.79693
0.84806
0.896744
0.943153
0.987451
1.02973
1.07015
1.10876
1.14563
1.18099
1.21485
1.24723
1.27817
1.30804
1.33681
1.36436
1.39088
1.41643
1.44113
1.46503
1.48807
1.51037
1.53197
1.55293
1.57327
1.59305
1.61235
1.63113
1.64955
1.66754
1.68511
1.70235
1.71926
1.73595
1.75241
1.76868
1.78466
1.80046
1.81616
1.83176
1.84728
1.86271
1.87803
1.89331
1.90859
1.92396
1.93929
1.95467
1.97013
1.98565
2.00119
2.0169
2.03272
2.04862
2.0647
2.08089
2.09728
2.11381
2.13051
2.14737
2.16444
2.18172
2.19915
2.21681
2.23464
2.25264
2.27082
2.28917
2.30767
2.32627
2.34499
2.36378
2.38262
2.40141
2.42013
2.43878
2.45713
2.47513
2.49275
2.50975
2.52611
2.54146
2.55559
2.56835
2.57934
2.58816
2.59433
2.59736
2.59651
2.59111
2.5802
2.5626
2.53706
2.50204
2.45583
2.39638
2.32134
2.22831
2.11478
1.97826
1.81691
1.62975
1.41713
1.18159
0.928011
0.663211
0.393021
0.131514
-111.046
-110.494
-109.717
-108.373
-106.29
-103.465
-99.9964
-96.038
-91.7592
-87.3166
-82.8385
-78.4209
-74.1289
-70.003
-66.0646
-62.3215
-58.774
-55.4169
-52.243
-49.2439
-46.4112
-43.7362
-41.2105
-38.8263
-36.5758
-34.4516
-32.4469
-30.5551
-28.7698
-27.0852
-25.4958
-23.9961
-22.581
-21.2459
-19.9862
-18.7977
-17.6764
-16.6184
-15.62
-14.6776
-13.7883
-12.9489
-12.1565
-11.4084
-10.7019
-10.0347
-9.4045
-8.80928
-8.2469
-7.71552
-7.21332
-6.73865
-6.28992
-5.86566
-5.46457
-5.08534
-4.72675
-4.38759
-4.06674
-3.76311
-3.47574
-3.20373
-2.94633
-2.70282
-2.47239
-2.25424
-2.04766
-1.8519
-1.66633
-1.49054
-1.32412
-1.16654
-1.01722
-0.875577
-0.741139
-0.613566
-0.492642
-0.378136
-0.269615
-0.166556
-0.068537
0.0246199
0.113018
0.196849
0.276412
0.352037
0.424018
0.492524
0.557628
0.619542
0.678412
0.734448
0.787889
0.838875
0.887404
0.933552
0.977665
1.01994
1.06025
1.09873
1.13555
1.17085
1.2046
1.23695
1.26794
1.29777
1.32646
1.35396
1.38039
1.40597
1.43069
1.45454
1.47755
1.49979
1.52138
1.54233
1.56271
1.58248
1.60177
1.62049
1.63881
1.65679
1.67438
1.69152
1.7084
1.72501
1.74139
1.75752
1.77348
1.78923
1.80479
1.82028
1.83568
1.85096
1.86616
1.88131
1.89646
1.9116
1.92674
1.94191
1.95709
1.97235
1.98768
2.00308
2.01861
2.03418
2.04992
2.06574
2.0817
2.09782
2.11409
2.13049
2.14703
2.16374
2.1806
2.19762
2.21481
2.23212
2.24954
2.26708
2.28473
2.30242
2.32017
2.33791
2.35562
2.37323
2.39066
2.40784
2.42481
2.44131
2.45729
2.47241
2.48681
2.50025
2.51219
2.52252
2.53103
2.53715
2.54048
2.54042
2.53636
2.52759
2.51312
2.49185
2.46256
2.42395
2.37425
2.3116
2.23397
2.13921
2.02526
1.89008
1.73229
1.55129
1.34765
1.12379
0.883916
0.633555
0.376765
0.126171
-109.801
-109.252
-108.491
-107.18
-105.148
-102.387
-98.9865
-95.0953
-90.8795
-86.4937
-82.0654
-77.691
-73.4372
-69.345
-65.4372
-61.723
-58.2027
-54.8712
-51.7222
-48.7473
-45.9379
-43.2851
-40.7811
-38.4177
-36.1873
-34.0826
-32.0965
-30.2225
-28.4546
-26.7866
-25.2131
-23.7286
-22.3282
-21.0072
-19.761
-18.5853
-17.4763
-16.43
-15.4427
-14.5112
-13.6321
-12.8025
-12.0193
-11.28
-10.5819
-9.92263
-9.3
-8.71191
-8.15633
-7.6314
-7.13528
-6.66634
-6.22301
-5.8039
-5.40763
-5.03295
-4.67864
-4.34353
-4.02648
-3.72642
-3.44243
-3.17359
-2.91915
-2.67841
-2.45058
-2.23488
-2.03059
-1.83695
-1.65337
-1.47944
-1.31476
-1.15881
-1.011
-0.870753
-0.73762
-0.611248
-0.491435
-0.377971
-0.270424
-0.168246
-0.0710369
0.0213695
0.109074
0.192263
0.271233
0.346314
0.417815
0.485896
0.550595
0.612084
0.670632
0.726397
0.779615
0.83033
0.878558
0.924501
0.968482
1.01061
1.05077
1.08914
1.12589
1.16111
1.1948
1.22709
1.25803
1.28769
1.31626
1.34377
1.37023
1.39574
1.42042
1.4442
1.46715
1.4894
1.51099
1.53191
1.55223
1.572
1.59126
1.61001
1.62826
1.64615
1.66366
1.68079
1.69768
1.7142
1.73044
1.74644
1.76231
1.77799
1.79346
1.80884
1.82409
1.83924
1.85431
1.86933
1.88432
1.89922
1.91416
1.92909
1.94403
1.95904
1.97412
1.98922
2.00441
2.0197
2.03507
2.05055
2.06608
2.08177
2.09758
2.11351
2.12955
2.14571
2.16201
2.1784
2.19491
2.21154
2.22822
2.24496
2.26175
2.27856
2.29534
2.31205
2.32865
2.3451
2.36134
2.3772
2.3926
2.40758
2.42192
2.43542
2.44787
2.45924
2.46916
2.4772
2.48328
2.48682
2.48742
2.48449
2.47745
2.46548
2.4477
2.42315
2.39057
2.34871
2.29595
2.23061
2.15094
2.05506
1.94122
1.80779
1.65372
1.47864
1.28342
1.07029
0.842715
0.605198
0.360658
0.120739
-108.501
-107.955
-107.21
-105.934
-103.953
-101.254
-97.9218
-94.0983
-89.9471
-85.6199
-81.2433
-76.9142
-72.7002
-68.6444
-64.7694
-61.0853
-57.5933
-54.2892
-51.1664
-48.217
-45.4319
-42.8028
-40.3219
-37.9809
-35.772
-33.6877
-31.7214
-29.8666
-28.117
-26.4667
-24.9099
-23.4417
-22.0569
-20.7507
-19.5188
-18.3569
-17.261
-16.2271
-15.2518
-14.3316
-13.4635
-12.6442
-11.8709
-11.141
-10.4518
-9.80101
-9.18643
-8.60599
-8.05762
-7.53953
-7.04989
-6.58706
-6.14954
-5.7359
-5.34481
-4.97497
-4.62524
-4.29446
-3.98148
-3.68526
-3.40489
-3.13945
-2.88818
-2.6504
-2.42537
-2.2123
-2.01046
-1.81913
-1.63771
-1.46577
-1.30297
-1.14877
-1.00259
-0.863867
-0.732155
-0.607096
-0.488507
-0.376176
-0.269674
-0.168459
-0.0721587
0.0194154
0.106359
0.188847
0.267161
0.341643
0.412603
0.480184
0.54443
0.605434
0.66351
0.718935
0.771888
0.822345
0.870336
0.916108
0.959866
1.00172
1.04178
1.08004
1.1166
1.15163
1.18525
1.21743
1.24827
1.27784
1.3064
1.33387
1.3603
1.38575
1.41035
1.43412
1.45703
1.47924
1.50081
1.52175
1.54199
1.5617
1.58084
1.59956
1.61777
1.63557
1.65303
1.67015
1.68695
1.70345
1.71957
1.73549
1.75125
1.76685
1.7822
1.79744
1.81255
1.82756
1.84249
1.85735
1.87211
1.88684
1.90156
1.91629
1.93102
1.94577
1.96054
1.97536
1.99022
2.00518
2.02019
2.03529
2.05045
2.06571
2.08105
2.0965
2.11203
2.12766
2.14338
2.15915
2.175
2.19092
2.20687
2.22284
2.23876
2.25466
2.2705
2.2862
2.30171
2.31699
2.33197
2.34664
2.36067
2.37406
2.38673
2.39858
2.40928
2.41863
2.42648
2.43242
2.43611
2.43721
2.43523
2.42963
2.41975
2.40483
2.38408
2.35652
2.32099
2.2762
2.22082
2.15333
2.07211
1.97564
1.86231
1.73089
1.58055
1.4112
1.22386
1.02045
0.803855
0.577921
0.344848
0.115318
-107.147
-106.603
-105.875
-104.633
-102.703
-100.066
-96.8021
-93.0483
-88.9633
-84.6963
-80.3733
-76.0916
-71.9197
-67.9013
-64.0605
-60.4082
-56.9466
-53.6714
-50.5765
-47.6536
-44.8944
-42.2904
-39.8336
-37.5159
-35.3297
-33.2673
-31.322
-29.4874
-27.7572
-26.1255
-24.5867
-23.1356
-21.7673
-20.4769
-19.2601
-18.1127
-17.0306
-16.0101
-15.0474
-14.1393
-13.2827
-12.4743
-11.7115
-10.9915
-10.3118
-9.66997
-9.06398
-8.49158
-7.95093
-7.44003
-6.95728
-6.50097
-6.06961
-5.66179
-5.27619
-4.91153
-4.56667
-4.2405
-3.93183
-3.6397
-3.3632
-3.10136
-2.85347
-2.61887
-2.39683
-2.18656
-1.98735
-1.79849
-1.61936
-1.44958
-1.28879
-1.13648
-0.992047
-0.854968
-0.724789
-0.601151
-0.483879
-0.372764
-0.267394
-0.167242
-0.0719263
0.0187436
0.104859
0.186585
0.264181
0.337999
0.408343
0.475362
0.53911
0.599673
0.657299
0.712344
0.764929
0.815042
0.862744
0.908293
0.951808
0.99344
1.03329
1.07136
1.10775
1.14264
1.17612
1.20814
1.2389
1.26844
1.29694
1.32434
1.3506
1.376
1.40057
1.42431
1.4472
1.46931
1.49078
1.51166
1.53187
1.55153
1.57061
1.58921
1.6074
1.6252
1.6426
1.65957
1.67623
1.69268
1.70881
1.72466
1.74032
1.75577
1.77101
1.78607
1.80102
1.81588
1.83063
1.84532
1.85992
1.87448
1.88899
1.90349
1.91799
1.93245
1.94698
1.96151
1.97605
1.99065
2.00532
2.02001
2.03479
2.04963
2.06453
2.07948
2.0945
2.10959
2.12472
2.13989
2.15508
2.17027
2.18549
2.20068
2.21578
2.23078
2.24567
2.26036
2.27482
2.28896
2.30269
2.316
2.32881
2.34075
2.35186
2.36198
2.37091
2.37843
2.38428
2.38815
2.3896
2.38842
2.38397
2.37583
2.36331
2.34566
2.32216
2.29184
2.25364
2.20639
2.14886
2.07967
1.99737
1.90062
1.78807
1.65885
1.51231
1.34858
1.16851
0.973871
0.767317
0.552075
0.329571
0.109932
-105.74
-105.2
-104.488
-103.279
-101.4
-98.8271
-95.632
-91.9483
-87.9295
-83.7237
-79.4561
-75.2239
-71.0958
-67.1164
-63.3112
-59.6921
-56.2624
-53.0177
-49.952
-47.0574
-44.3254
-41.748
-39.3167
-37.0236
-34.861
-32.8216
-30.8986
-29.0854
-27.3757
-25.7635
-24.2436
-22.8106
-21.4596
-20.186
-18.9852
-17.8531
-16.7856
-15.779
-14.8297
-13.9343
-13.0898
-12.2931
-11.5413
-10.8318
-10.162
-9.52973
-8.93272
-8.36892
-7.83633
-7.33315
-6.85762
-6.40819
-5.98334
-5.5817
-5.20189
-4.84271
-4.503
-4.18169
-3.87762
-3.58983
-3.31739
-3.05938
-2.81509
-2.58388
-2.36501
-2.15772
-1.9613
-1.77507
-1.5984
-1.43092
-1.27227
-1.12196
-0.9794
-0.844087
-0.715548
-0.593439
-0.477568
-0.367751
-0.263603
-0.164613
-0.0703594
0.0193356
0.10456
0.185451
0.262267
0.335364
0.40503
0.471445
0.534655
0.594747
0.651944
0.706572
0.75872
0.808455
0.855813
0.901012
0.944267
0.985702
1.0253
1.06311
1.09932
1.13409
1.16744
1.19932
1.22988
1.25937
1.28772
1.31503
1.34121
1.36651
1.39102
1.41468
1.43748
1.45957
1.48097
1.50169
1.52184
1.54143
1.5605
1.57906
1.59721
1.61494
1.63218
1.64908
1.66568
1.68205
1.6981
1.71388
1.72939
1.74464
1.75976
1.77473
1.78956
1.80426
1.81881
1.83328
1.84775
1.86214
1.8764
1.89064
1.9049
1.91914
1.93339
1.94762
1.96187
1.97612
1.99042
2.00475
2.0191
2.03351
2.04797
2.06244
2.07696
2.09148
2.10602
2.12059
2.13514
2.14964
2.1641
2.1785
2.19279
2.20693
2.22087
2.23458
2.24799
2.26103
2.27361
2.28557
2.29698
2.30756
2.31722
2.32575
2.33294
2.33865
2.34257
2.34445
2.34381
2.3404
2.33368
2.32312
2.30813
2.288
2.26198
2.22918
2.18866
2.1393
2.07992
2.00931
1.92627
1.82955
1.71814
1.59125
1.44852
1.2901
1.11686
0.930433
0.73319
0.527738
0.315001
0.104765
-104.282
-103.746
-103.049
-101.875
-100.046
-97.5361
-94.4107
-90.7968
-86.8462
-82.7034
-78.4926
-74.3113
-70.2285
-66.2898
-62.5228
-58.939
-55.5421
-52.3291
-49.2939
-46.4286
-43.7254
-41.1759
-38.7717
-36.5046
-34.3669
-32.3515
-30.4517
-28.6608
-26.9726
-25.3812
-23.8812
-22.4672
-21.1345
-19.8783
-18.6943
-17.5783
-16.5262
-15.5342
-14.5989
-13.717
-12.8853
-12.1008
-11.3605
-10.662
-10.0028
-9.38047
-8.79294
-8.23811
-7.71403
-7.21891
-6.75105
-6.30889
-5.89087
-5.49569
-5.122
-4.76859
-4.43432
-4.11814
-3.81893
-3.53572
-3.26757
-3.01361
-2.77313
-2.54548
-2.32997
-2.12583
-1.93237
-1.74892
-1.57487
-1.40982
-1.25343
-1.10524
-0.964687
-0.831247
-0.704461
-0.583982
-0.469604
-0.361171
-0.25834
-0.160585
-0.0674765
0.0211743
0.105435
0.185428
0.261406
0.333713
0.402664
0.468438
0.53106
0.590586
0.647262
0.701404
0.753159
0.802568
0.849575
0.894323
0.937231
0.978405
1.01777
1.05536
1.09136
1.12592
1.15906
1.19082
1.22123
1.25056
1.27877
1.30594
1.33209
1.3573
1.38167
1.40524
1.42798
1.44998
1.47135
1.49194
1.51196
1.5315
1.55054
1.56903
1.58708
1.60474
1.62195
1.6388
1.65532
1.67152
1.68741
1.70308
1.71849
1.73364
1.7486
1.76347
1.77814
1.79268
1.80707
1.82132
1.83557
1.84976
1.86383
1.87786
1.89186
1.90584
1.91976
1.9337
1.94763
1.96156
1.97548
1.98945
2.00342
2.0174
2.03138
2.04536
2.05937
2.07337
2.08732
2.10126
2.11519
2.12902
2.14275
2.15638
2.16984
2.18312
2.19614
2.20887
2.22124
2.23319
2.2446
2.25538
2.26543
2.27462
2.28279
2.28982
2.29541
2.29936
2.30143
2.30137
2.29875
2.29321
2.28436
2.27152
2.25424
2.23185
2.20356
2.16856
2.126
2.07475
2.01384
1.94218
1.85869
1.76235
1.65226
1.52783
1.38878
1.2354
1.06868
0.889997
0.701274
0.50479
0.301171
0.0998824
-102.775
-102.243
-101.562
-100.421
-98.643
-96.1945
-93.1383
-89.5964
-85.7151
-81.6369
-77.4842
-73.355
-69.3193
-65.4232
-61.6953
-58.1484
-54.7862
-51.6061
-48.6029
-45.7689
-43.0957
-40.5753
-38.1989
-35.9588
-33.8475
-31.8573
-29.9818
-28.2144
-26.5488
-24.979
-23.4996
-22.1057
-20.7922
-19.5543
-18.3878
-17.2885
-16.2526
-15.2759
-14.3555
-13.4876
-12.6693
-11.8975
-11.1694
-10.4824
-9.83423
-9.22239
-8.64475
-8.09934
-7.58422
-7.09751
-6.63769
-6.20315
-5.79233
-5.40393
-5.03666
-4.68929
-4.36076
-4.04996
-3.75584
-3.47745
-3.21383
-2.96413
-2.72765
-2.50375
-2.29178
-2.09095
-1.90062
-1.72011
-1.54882
-1.38633
-1.23232
-1.08639
-0.947951
-0.816495
-0.691572
-0.572816
-0.460024
-0.353073
-0.251637
-0.155194
-0.0632982
0.024239
0.107472
0.186507
0.261578
0.333028
0.401217
0.466304
0.528286
0.587189
0.643276
0.696886
0.748236
0.797228
0.843868
0.888268
0.930806
0.971634
1.01072
1.04804
1.08378
1.1181
1.15103
1.18261
1.21291
1.24204
1.27015
1.2972
1.32322
1.34831
1.37258
1.396
1.41866
1.44052
1.4618
1.4824
1.50232
1.52175
1.5407
1.55904
1.57701
1.59461
1.61181
1.62854
1.64495
1.66101
1.67676
1.69229
1.70765
1.72275
1.73757
1.75224
1.76674
1.7811
1.79536
1.80946
1.82345
1.83739
1.85127
1.86507
1.87882
1.89251
1.90615
1.91977
1.93339
1.947
1.96059
1.97413
1.98772
2.00127
2.01479
2.02829
2.04179
2.05526
2.06864
2.08197
2.09523
2.1084
2.12142
2.13429
2.14695
2.15936
2.17148
2.18325
2.19459
2.20545
2.21573
2.22533
2.23411
2.24196
2.24864
2.25415
2.25821
2.26049
2.26084
2.2589
2.25443
2.2469
2.23599
2.22109
2.20169
2.17721
2.14685
2.1099
2.06548
2.01269
1.9506
1.87819
1.79452
1.69876
1.59011
1.46819
1.3328
1.18437
1.02373
0.852106
0.671196
0.48308
0.288155
0.0953409
-101.22
-100.692
-100.028
-98.9198
-97.1912
-94.8062
-91.8199
-88.3493
-84.5373
-80.5241
-76.4316
-72.3562
-68.3692
-64.5176
-60.8303
-57.3215
-53.9954
-50.8499
-47.8801
-45.0783
-42.4365
-39.9462
-37.5991
-35.3873
-33.3033
-31.3395
-29.4894
-27.7464
-26.1043
-24.5571
-23.0994
-21.7262
-20.4328
-19.2142
-18.0661
-16.9843
-15.9651
-15.0046
-14.0994
-13.2463
-12.442
-11.6835
-10.9681
-10.2932
-9.65655
-9.05562
-8.48836
-7.9528
-7.44697
-6.96914
-6.51772
-6.09112
-5.68783
-5.30655
-4.94598
-4.60496
-4.28241
-3.97725
-3.68849
-3.41511
-3.15625
-2.91102
-2.67873
-2.45876
-2.25049
-2.05316
-1.8661
-1.68869
-1.52029
-1.3605
-1.20901
-1.06545
-0.929238
-0.799879
-0.676921
-0.559971
-0.448859
-0.343475
-0.243515
-0.148467
-0.0578597
0.0284964
0.110645
0.188661
0.262767
0.333315
0.400673
0.465009
0.526308
0.584565
0.640014
0.693038
0.743868
0.792388
0.838608
0.882684
0.924869
0.965379
1.00417
1.04117
1.07656
1.11065
1.14349
1.17485
1.20489
1.23383
1.26181
1.28871
1.31458
1.33953
1.3637
1.38697
1.40944
1.43122
1.45237
1.47297
1.49287
1.51215
1.53098
1.54928
1.56709
1.58453
1.60158
1.61821
1.63458
1.65059
1.66622
1.6816
1.69684
1.7118
1.72652
1.74104
1.75539
1.76956
1.78366
1.79761
1.81141
1.82509
1.83873
1.85225
1.86578
1.8792
1.89256
1.90588
1.9192
1.93246
1.94568
1.95883
1.97199
1.98512
1.99819
2.01124
2.02422
2.03713
2.04997
2.0627
2.07531
2.08779
2.10011
2.11222
2.12409
2.13566
2.1469
2.15772
2.16806
2.17786
2.18702
2.19542
2.20297
2.20951
2.21488
2.21888
2.22138
2.22209
2.22076
2.21711
2.21085
2.20148
2.1886
2.17179
2.15046
2.12404
2.09185
2.05316
2.00716
1.95306
1.88995
1.81703
1.73342
1.6384
1.53134
1.412
1.2803
1.13662
0.981607
0.816468
0.642839
0.462607
0.275842
0.0910712
-99.6193
-99.0971
-98.448
-97.372
-95.6925
-93.3691
-90.4526
-87.0548
-83.3138
-79.3674
-75.3357
-71.316
-67.3789
-63.5732
-59.9283
-56.459
-53.1704
-50.0611
-47.1262
-44.3578
-41.7484
-39.2894
-36.9725
-34.7902
-32.7347
-30.7984
-28.9748
-27.2573
-25.6397
-24.116
-22.681
-21.3295
-20.0569
-18.8582
-17.7292
-16.6659
-15.6641
-14.7204
-13.8313
-12.9934
-12.2036
-11.459
-10.7569
-10.0947
-9.46989
-8.88035
-8.32395
-7.79866
-7.30254
-6.83396
-6.3913
-5.97295
-5.57751
-5.20365
-4.85011
-4.51569
-4.19938
-3.90013
-3.61695
-3.34883
-3.09491
-2.85436
-2.62643
-2.41059
-2.20619
-2.01251
-1.82889
-1.65473
-1.48936
-1.33237
-1.18353
-1.04245
-0.908588
-0.781433
-0.66053
-0.545485
-0.436131
-0.332398
-0.234009
-0.14043
-0.0511919
0.033923
0.114922
0.19186
0.264945
0.334543
0.401015
0.464559
0.525128
0.5827
0.637488
0.689896
0.740157
0.788161
0.833862
0.877514
0.919371
0.959572
0.998056
1.03477
1.06986
1.10365
1.13623
1.16742
1.19724
1.22597
1.25375
1.28042
1.3061
1.33095
1.35501
1.37821
1.40054
1.42223
1.44321
1.46363
1.48343
1.50268
1.52141
1.53969
1.55738
1.57469
1.59158
1.60812
1.62438
1.64029
1.65582
1.67108
1.68614
1.7009
1.71547
1.72987
1.74409
1.75809
1.77196
1.78569
1.79931
1.81281
1.82619
1.83949
1.85271
1.86589
1.87898
1.89201
1.90498
1.9179
1.93075
1.94356
1.95629
1.96898
1.98159
1.99417
2.00665
2.01901
2.0313
2.04344
2.05543
2.06722
2.07884
2.0902
2.10127
2.11203
2.12239
2.13229
2.14167
2.15043
2.15849
2.16574
2.17206
2.17735
2.18144
2.18407
2.18504
2.18422
2.18131
2.17602
2.16801
2.15691
2.14222
2.12363
2.10053
2.07237
2.03852
1.99829
1.95094
1.89571
1.83189
1.75866
1.67527
1.58115
1.47588
1.3591
1.23093
1.09166
0.941984
0.783044
0.616341
0.443423
0.264172
0.086994
-97.9737
-97.4568
-96.8233
-95.7795
-94.1491
-91.888
-89.0409
-85.7153
-82.0455
-78.1667
-74.1978
-70.2351
-66.35
-62.5916
-58.9906
-55.5623
-52.3126
-49.2404
-46.3414
-43.6079
-41.032
-38.6057
-36.3205
-34.1687
-32.1427
-30.235
-28.4388
-26.7476
-25.1553
-23.6562
-22.2449
-20.916
-19.6648
-18.4871
-17.3779
-16.3335
-15.35
-14.4237
-13.5512
-12.7292
-11.9545
-11.2244
-10.536
-9.88681
-9.2745
-8.69688
-8.15174
-7.63709
-7.15111
-6.69211
-6.25853
-5.84883
-5.46155
-5.09539
-4.74915
-4.42161
-4.1118
-3.81871
-3.54132
-3.27866
-3.02992
-2.79422
-2.57086
-2.35931
-2.15896
-1.96909
-1.78908
-1.61828
-1.45605
-1.30201
-1.15594
-1.01746
-0.886048
-0.761193
-0.642436
-0.529389
-0.42189
-0.319892
-0.223147
-0.131113
-0.0432965
0.0405062
0.120291
0.196086
0.268092
0.336682
0.402238
0.464952
0.524742
0.581574
0.635675
0.687439
0.737102
0.784581
0.829762
0.872946
0.914388
0.954191
0.992297
1.02873
1.06358
1.09705
1.12928
1.16022
1.18986
1.21838
1.24595
1.27248
1.29797
1.32267
1.34658
1.36967
1.39189
1.41343
1.43432
1.45455
1.47415
1.49331
1.51195
1.5301
1.54775
1.56499
1.58179
1.5982
1.61431
1.63007
1.64547
1.66062
1.67552
1.69014
1.70448
1.71874
1.73278
1.74662
1.76029
1.77382
1.78722
1.80053
1.81367
1.82675
1.83971
1.8526
1.8654
1.87811
1.89074
1.90332
1.91582
1.92826
1.94061
1.95287
1.96503
1.97711
1.98909
2.00093
2.01264
2.02421
2.03557
2.04673
2.05765
2.06827
2.07856
2.08851
2.098
2.10699
2.11542
2.12319
2.13019
2.13633
2.14145
2.1455
2.14828
2.14956
2.14918
2.14691
2.14249
2.13563
2.12595
2.1132
2.09689
2.07664
2.05191
2.02218
1.98683
1.94522
1.8967
1.84063
1.77631
1.7029
1.61993
1.5269
1.42342
1.3092
1.18433
1.04927
0.904733
0.751736
0.591506
0.425382
0.253268
0.0831822
-96.2865
-95.7751
-95.1572
-94.1446
-92.5621
-90.3623
-87.5851
-84.3327
-80.735
-76.9245
-73.019
-69.1148
-65.283
-61.5735
-58.0178
-54.6319
-51.4222
-48.3889
-45.5268
-42.8293
-40.2882
-37.8954
-35.643
-33.523
-31.5277
-29.6494
-27.8817
-26.2178
-24.652
-23.1783
-21.7913
-20.4859
-19.2572
-18.1008
-17.0123
-15.9876
-15.0231
-14.1148
-13.2596
-12.454
-11.695
-10.9798
-10.3057
-9.6701
-9.07078
-8.50547
-7.97189
-7.46829
-6.99281
-6.5438
-6.11965
-5.71889
-5.34007
-4.98192
-4.64321
-4.32284
-4.01977
-3.73307
-3.46171
-3.20476
-2.96137
-2.73071
-2.51209
-2.30502
-2.10887
-1.92297
-1.74669
-1.5794
-1.42045
-1.26949
-1.1263
-0.990528
-0.861669
-0.739208
-0.622688
-0.511733
-0.40618
-0.305998
-0.21096
-0.120532
-0.0342037
0.0482222
0.126725
0.201315
0.272192
0.339729
0.404325
0.466148
0.525115
0.581164
0.634531
0.685616
0.734659
0.781665
0.826367
0.868987
0.909915
0.949295
0.987014
1.02303
1.05759
1.09082
1.12273
1.15335
1.18274
1.21108
1.23846
1.26485
1.29018
1.31465
1.33839
1.36128
1.38331
1.40471
1.42559
1.44569
1.46516
1.48414
1.50263
1.52056
1.53813
1.55527
1.57199
1.58825
1.60422
1.61986
1.63514
1.65016
1.66493
1.67941
1.6936
1.70766
1.72152
1.73517
1.74867
1.76202
1.77523
1.78829
1.80119
1.81403
1.82677
1.83934
1.85184
1.86424
1.87655
1.88878
1.90092
1.91297
1.92492
1.93676
1.94849
1.9601
1.97157
1.9829
1.99404
2.00502
2.01576
2.02628
2.03651
2.04641
2.05595
2.06508
2.07373
2.08184
2.08933
2.09611
2.10209
2.10716
2.11118
2.114
2.11552
2.11545
2.11375
2.11013
2.10427
2.0959
2.08474
2.07041
2.05259
2.03081
2.00461
1.97344
1.93674
1.89394
1.84446
1.78772
1.72294
1.64957
1.56725
1.47539
1.37368
1.26198
1.14043
1.0095
0.869837
0.722348
0.568029
0.408349
0.242978
0.0795894
-94.5589
-94.0535
-93.4504
-92.4687
-90.9335
-88.7946
-86.0866
-82.9066
-79.3813
-75.6408
-71.8007
-67.956
-64.1788
-60.5192
-57.0101
-53.6685
-50.5006
-47.5069
-44.6832
-42.0227
-39.5176
-37.1598
-34.9412
-32.8538
-30.89
-29.0424
-27.3042
-25.6688
-24.1301
-22.6827
-21.3208
-20.0396
-18.8342
-17.6999
-16.6327
-15.6285
-14.6836
-13.794
-12.9567
-12.1681
-11.4254
-10.7257
-10.0664
-9.44482
-8.85884
-8.30617
-7.78465
-7.29249
-6.82791
-6.38918
-5.9748
-5.58332
-5.21325
-4.86335
-4.53248
-4.21952
-3.92343
-3.64335
-3.37825
-3.12719
-2.88934
-2.66392
-2.45022
-2.24777
-2.05599
-1.87421
-1.7018
-1.53815
-1.38262
-1.23485
-1.09465
-0.961698
-0.835489
-0.715523
-0.601338
-0.492564
-0.389033
-0.290737
-0.197479
-0.108731
-0.0239595
0.0570295
0.134193
0.207529
0.277225
0.343656
0.407229
0.468116
0.526224
0.581457
0.634042
0.684445
0.732876
0.779313
0.823512
0.865538
0.905936
0.944862
0.98219
1.01778
1.0519
1.08483
1.1165
1.14687
1.17601
1.20411
1.23124
1.25741
1.28254
1.30681
1.33037
1.35307
1.37494
1.39619
1.41691
1.43689
1.45628
1.47511
1.49346
1.51123
1.52864
1.54564
1.56222
1.57837
1.5942
1.60972
1.62487
1.63974
1.65438
1.66869
1.68277
1.69667
1.71036
1.7238
1.73708
1.75023
1.76325
1.7761
1.78876
1.80131
1.81379
1.8261
1.83829
1.85041
1.86241
1.87428
1.88607
1.89772
1.90926
1.92066
1.93196
1.94311
1.95408
1.96489
1.9755
1.98588
1.99602
2.00588
2.01544
2.02463
2.03343
2.04176
2.04958
2.05683
2.06341
2.06924
2.07422
2.07824
2.08118
2.08286
2.08316
2.08189
2.07884
2.07389
2.06665
2.05687
2.04432
2.02857
2.00934
1.98614
1.95858
1.92608
1.88821
1.84444
1.79419
1.73685
1.67181
1.59874
1.5171
1.42643
1.3265
1.21732
1.09908
0.972156
0.837045
0.694632
0.545963
0.392343
0.233228
0.0762145
-92.7923
-92.2929
-91.7046
-90.7532
-89.2648
-87.1861
-84.5472
-81.4406
-77.9883
-74.3177
-70.5432
-66.7594
-63.0383
-59.4307
-55.9692
-52.6723
-49.5476
-46.5949
-43.8108
-41.1888
-38.721
-36.3994
-34.2156
-32.1621
-30.2308
-28.4146
-26.7067
-25.1006
-23.5901
-22.1698
-20.834
-19.5779
-18.3962
-17.285
-16.2398
-15.2567
-14.3319
-13.4617
-12.6428
-11.8718
-11.1459
-10.4622
-9.81805
-9.21109
-8.63885
-8.09924
-7.59023
-7.10989
-6.65652
-6.22845
-5.82416
-5.44227
-5.08125
-4.73988
-4.4171
-4.11177
-3.82293
-3.54971
-3.29104
-3.04606
-2.81396
-2.59393
-2.38533
-2.18768
-2.00043
-1.82291
-1.6545
-1.4946
-1.34262
-1.19815
-1.06105
-0.931026
-0.807571
-0.690188
-0.578428
-0.471911
-0.370476
-0.274148
-0.182746
-0.0957383
-0.0125919
0.0668957
0.142669
0.214699
0.283163
0.348436
0.410937
0.470856
0.528073
0.582451
0.634223
0.683892
0.731691
0.77742
0.821027
0.862505
0.90236
0.940852
0.977765
1.01297
1.04666
1.07921
1.11067
1.14077
1.16956
1.19735
1.22425
1.25018
1.27509
1.29918
1.32252
1.34511
1.36687
1.38792
1.4084
1.42828
1.44748
1.46619
1.48444
1.50215
1.51934
1.53621
1.55262
1.56866
1.58438
1.59974
1.61471
1.62939
1.64388
1.65806
1.672
1.68573
1.69922
1.71248
1.72557
1.73851
1.75126
1.7639
1.77634
1.78864
1.80084
1.81289
1.82479
1.8366
1.8483
1.85981
1.87121
1.8825
1.89363
1.90462
1.91545
1.92613
1.93663
1.94691
1.95698
1.96679
1.97635
1.98558
1.99446
2.00295
2.01102
2.01858
2.02558
2.03198
2.03767
2.04257
2.04657
2.04957
2.05144
2.05204
2.05114
2.04876
2.04451
2.03822
2.02966
2.0186
2.00468
1.98764
1.96709
1.9426
1.91375
1.88011
1.84124
1.79662
1.74569
1.68792
1.6229
1.55019
1.46926
1.37983
1.28176
1.17509
1.06002
0.936835
0.80603
0.668471
0.525206
0.377283
0.22412
0.0731056
-90.9891
-90.496
-89.9223
-89.0005
-87.5577
-85.5384
-82.9682
-79.9344
-76.5556
-72.956
-69.2484
-65.5264
-61.8627
-58.3082
-54.8962
-51.6454
-48.5649
-45.6547
-42.9113
-40.3286
-37.899
-35.6146
-33.4668
-31.448
-29.5503
-27.7666
-26.0899
-24.5139
-23.0327
-21.6403
-20.3312
-19.1008
-17.9439
-16.8565
-15.8339
-14.8726
-13.9687
-13.1183
-12.3183
-11.5655
-10.8568
-10.1896
-9.56124
-8.96912
-8.41119
-7.88506
-7.38887
-6.92073
-6.47893
-6.06183
-5.66798
-5.2959
-4.94419
-4.61166
-4.29721
-3.99977
-3.7184
-3.45222
-3.20021
-2.9615
-2.7353
-2.52087
-2.31753
-2.12483
-1.94226
-1.76912
-1.60484
-1.44884
-1.3005
-1.15946
-1.02557
-0.898575
-0.777964
-0.663248
-0.553993
-0.449816
-0.350561
-0.256271
-0.166787
-0.0815849
-0.000125626
0.0777975
0.152121
0.222795
0.289981
0.354059
0.415452
0.474358
0.530632
0.58412
0.635045
0.683906
0.731011
0.776065
0.818996
0.859941
0.89926
0.937289
0.973783
1.00859
1.04188
1.07406
1.10517
1.13493
1.16338
1.19086
1.21757
1.24324
1.2679
1.29179
1.31493
1.33735
1.35893
1.37979
1.40012
1.41983
1.43886
1.45746
1.47558
1.49313
1.51016
1.52692
1.54319
1.55907
1.57462
1.58982
1.60465
1.6192
1.63353
1.64753
1.66128
1.67482
1.68813
1.70121
1.71411
1.72684
1.73936
1.75174
1.76395
1.77601
1.78794
1.79971
1.81133
1.8228
1.83417
1.84535
1.85637
1.8673
1.87805
1.88862
1.89902
1.90922
1.91922
1.929
1.93853
1.94777
1.95673
1.96535
1.97357
1.98139
1.98874
1.99555
2.00176
2.00732
2.01214
2.01613
2.01919
2.02119
2.02203
2.02157
2.01959
2.01603
2.01065
2.00313
1.99335
1.98106
1.96589
1.94761
1.92582
1.90015
1.87015
1.83554
1.79577
1.75039
1.69891
1.64093
1.576
1.50365
1.42356
1.3355
1.23933
1.13518
1.02308
0.903379
0.776708
0.643805
0.505578
0.363042
0.215555
0.0701748
-89.1505
-88.6644
-88.1054
-87.2121
-85.8144
-83.8539
-81.3517
-78.3908
-75.0853
-71.557
-67.9172
-64.2584
-60.6531
-57.1526
-53.7914
-50.5887
-47.5533
-44.6865
-41.9852
-39.443
-37.0527
-34.8063
-32.6955
-30.7124
-28.8492
-27.0988
-25.4544
-23.9096
-22.4582
-21.0943
-19.813
-18.609
-17.4777
-16.4146
-15.4155
-14.4767
-13.5939
-12.7641
-11.9836
-11.2493
-10.5585
-9.9083
-9.29602
-8.7194
-8.17604
-7.66382
-7.1808
-6.7252
-6.29532
-5.88952
-5.50638
-5.14441
-4.80226
-4.4788
-4.17295
-3.88366
-3.60997
-3.35103
-3.10587
-2.87361
-2.65352
-2.44484
-2.24691
-2.05931
-1.88155
-1.71294
-1.55292
-1.40093
-1.25636
-1.11885
-0.988278
-0.864394
-0.746718
-0.634757
-0.528087
-0.426333
-0.32933
-0.23714
-0.149641
-0.0663118
0.0134011
0.0897099
0.16253
0.231796
0.297658
0.3605
0.420745
0.478586
0.533875
0.586432
0.636474
0.684504
0.730856
0.775293
0.817557
0.857915
0.896701
0.934184
0.970219
1.0046
1.03747
1.06921
1.0999
1.12933
1.15754
1.18472
1.21114
1.23659
1.26101
1.28462
1.30757
1.32973
1.35109
1.37179
1.39195
1.41149
1.4304
1.44886
1.46681
1.48418
1.50111
1.51769
1.53387
1.54957
1.56496
1.58001
1.59468
1.60911
1.62327
1.63706
1.6506
1.66398
1.67711
1.68999
1.70268
1.71518
1.72753
1.73967
1.75162
1.76343
1.77509
1.78656
1.79789
1.80904
1.82005
1.83093
1.8416
1.85213
1.86249
1.87266
1.88263
1.89238
1.90188
1.91116
1.92014
1.92883
1.93719
1.9452
1.95277
1.95993
1.96657
1.97264
1.97809
1.98285
1.98683
1.98993
1.99207
1.99312
1.99296
1.99147
1.9885
1.98378
1.97726
1.9686
1.9577
1.94424
1.92795
1.90849
1.88552
1.8588
1.82782
1.7923
1.75174
1.70574
1.6539
1.59579
1.53095
1.45907
1.37997
1.29331
1.19907
1.09727
0.988025
0.871753
0.74904
0.62056
0.487066
0.349583
0.207418
0.067406
-87.2802
-86.8006
-86.2549
-85.3898
-84.0364
-82.1337
-79.699
-76.8106
-73.579
-70.1227
-66.5512
-62.9563
-59.4105
-55.9658
-52.6563
-49.5026
-46.5136
-43.6914
-41.0331
-38.5328
-36.1828
-33.9756
-31.9025
-29.9561
-28.1282
-26.4123
-24.8008
-23.288
-21.8673
-20.5328
-19.2799
-18.1031
-16.9979
-15.96
-14.985
-14.069
-13.2083
-12.3994
-11.6389
-10.9239
-10.2514
-9.61854
-9.02287
-8.46208
-7.93371
-7.43575
-6.96629
-6.52353
-6.1059
-5.71171
-5.33953
-4.98796
-4.65567
-4.34153
-4.04453
-3.76357
-3.49776
-3.24627
-3.00816
-2.78253
-2.5687
-2.36594
-2.17358
-1.99124
-1.81841
-1.65445
-1.49882
-1.35095
-1.21026
-1.07638
-0.949217
-0.828543
-0.713888
-0.604768
-0.500766
-0.401507
-0.30682
-0.2168
-0.131346
-0.0499534
0.0279582
0.102599
0.173863
0.241675
0.306168
0.367718
0.426772
0.483521
0.53779
0.589382
0.638507
0.685698
0.731267
0.775052
0.816655
0.856314
0.894518
0.931511
0.967021
1.00088
1.03331
1.06462
1.09493
1.12408
1.15196
1.17886
1.20495
1.23018
1.25437
1.27768
1.3004
1.32235
1.3435
1.36403
1.38398
1.40332
1.42205
1.44032
1.45814
1.47537
1.49218
1.50861
1.52462
1.54015
1.55539
1.57031
1.58479
1.59903
1.61303
1.62667
1.64002
1.6532
1.66612
1.67883
1.6913
1.70357
1.71571
1.72762
1.73931
1.75086
1.76225
1.77344
1.78446
1.79534
1.80601
1.81655
1.82688
1.83702
1.84697
1.85672
1.86626
1.87555
1.8846
1.89337
1.90183
1.90998
1.91776
1.92516
1.9321
1.93859
1.94454
1.94989
1.95458
1.95856
1.96171
1.96396
1.96522
1.96536
1.96424
1.96176
1.95779
1.95203
1.94441
1.93474
1.92271
1.90815
1.89077
1.87025
1.84625
1.81854
1.78668
1.75033
1.70913
1.66264
1.61051
1.55231
1.48771
1.41649
1.33838
1.25311
1.16074
1.06118
0.954747
0.841841
0.722933
0.598598
0.469628
0.336952
0.19977
0.0647747
-85.3786
-84.9059
-84.374
-83.5362
-82.2257
-80.3798
-78.0119
-75.1955
-72.0375
-68.6536
-65.1513
-61.6217
-58.1365
-54.7488
-51.4921
-48.3882
-45.4472
-42.6706
-40.0564
-37.5988
-35.29
-33.1227
-31.0884
-29.1797
-27.3885
-25.7074
-24.1301
-22.6498
-21.2604
-19.9564
-18.7324
-17.5835
-16.5052
-15.493
-14.5426
-13.6502
-12.8121
-12.0247
-11.2849
-10.5895
-9.93567
-9.3207
-8.74213
-8.19741
-7.68442
-7.2011
-6.74554
-6.31603
-5.9109
-5.52863
-5.16767
-4.82677
-4.5046
-4.20002
-3.91206
-3.63968
-3.38195
-3.1381
-2.90719
-2.68837
-2.48097
-2.28428
-2.09764
-1.92067
-1.75292
-1.59374
-1.4426
-1.29896
-1.16226
-1.03212
-0.908457
-0.791084
-0.679531
-0.573331
-0.472075
-0.37538
-0.283083
-0.195294
-0.111947
-0.0325399
0.0435114
0.116424
0.186086
0.252401
0.315481
0.375698
0.433519
0.489141
0.542357
0.592951
0.641128
0.687454
0.732229
0.775284
0.816197
0.855161
0.892725
0.929145
0.964191
0.997511
1.02946
1.06041
1.09038
1.11914
1.14663
1.17323
1.19905
1.224
1.24794
1.27103
1.29348
1.31522
1.33615
1.35644
1.37625
1.39538
1.41387
1.43196
1.44963
1.46669
1.48331
1.49959
1.51542
1.53078
1.54586
1.56062
1.57496
1.589
1.60281
1.6163
1.6295
1.64249
1.65521
1.66772
1.68001
1.69205
1.70391
1.71558
1.72703
1.73834
1.74945
1.76035
1.77108
1.78165
1.79202
1.80221
1.81218
1.82194
1.83151
1.84084
1.84994
1.85877
1.86736
1.87565
1.88359
1.89121
1.89844
1.90523
1.91157
1.9174
1.92268
1.92731
1.93127
1.93448
1.93683
1.93825
1.93865
1.9379
1.93588
1.93245
1.92747
1.92077
1.91212
1.90145
1.88838
1.87279
1.85439
1.83288
1.80797
1.77934
1.74669
1.70965
1.66789
1.62098
1.56867
1.51053
1.44631
1.37579
1.29861
1.21473
1.12417
1.02691
0.923273
0.813567
0.698218
0.577825
0.453157
0.32504
0.192569
0.0623069
-83.4473
-82.9819
-82.4638
-81.6527
-80.3839
-78.5939
-76.292
-73.5474
-70.4631
-67.1518
-63.7191
-60.2556
-56.8322
-53.502
-50.2999
-47.2469
-44.3545
-41.6248
-39.0556
-36.6415
-34.3751
-32.2489
-30.2545
-28.3839
-26.63
-24.9851
-23.4424
-21.9954
-20.6382
-19.3653
-18.1712
-17.051
-16.0001
-15.0141
-14.089
-13.2207
-12.4057
-11.6404
-10.9216
-10.2463
-9.61179
-9.01516
-8.45393
-7.92579
-7.42849
-6.96018
-6.5189
-6.10286
-5.71061
-5.34045
-4.99103
-4.66106
-4.34921
-4.05443
-3.77573
-3.51211
-3.26265
-3.02664
-2.80311
-2.59126
-2.39045
-2.19996
-2.01919
-1.84774
-1.68518
-1.5309
-1.38435
-1.24506
-1.11245
-0.986138
-0.866066
-0.752076
-0.643707
-0.540504
-0.442068
-0.348002
-0.258157
-0.172663
-0.0914781
-0.0141138
0.0600199
0.131154
0.199175
0.263945
0.325571
0.384428
0.440975
0.495418
0.547549
0.597118
0.644321
0.689746
0.733708
0.775976
0.816185
0.854454
0.891397
0.927186
0.961735
0.994604
1.02603
1.05656
1.08612
1.11448
1.14158
1.16779
1.19335
1.21798
1.24167
1.26454
1.28676
1.30823
1.32892
1.349
1.36865
1.38759
1.40588
1.42378
1.44126
1.45816
1.47457
1.49067
1.50634
1.52154
1.53644
1.55102
1.5652
1.57907
1.59268
1.60598
1.61902
1.63185
1.64439
1.65666
1.66873
1.68057
1.6922
1.70362
1.71483
1.72586
1.73673
1.74735
1.75777
1.76801
1.77807
1.78791
1.79754
1.80692
1.81611
1.82505
1.83371
1.8421
1.85022
1.85802
1.86544
1.87252
1.8792
1.88541
1.89114
1.89634
1.90096
1.9049
1.90815
1.91061
1.91219
1.91282
1.91238
1.91077
1.90787
1.90353
1.89762
1.89
1.88038
1.8687
1.85471
1.83816
1.81882
1.79637
1.77062
1.74118
1.70784
1.67019
1.62792
1.58077
1.52837
1.47034
1.40655
1.33673
1.26055
1.17815
1.08935
0.994406
0.893446
0.786756
0.674762
0.558144
0.43755
0.313715
0.185757
0.0600028
-81.4904
-81.0323
-80.5268
-79.741
-78.5134
-76.7782
-74.5413
-71.8677
-68.8569
-65.6186
-62.256
-58.8592
-55.4986
-52.2268
-49.0798
-46.0797
-43.2369
-40.5549
-38.0316
-35.6624
-33.4392
-31.3548
-29.401
-27.5697
-25.8539
-24.246
-22.7387
-21.3259
-20.0017
-18.7604
-17.5967
-16.5058
-15.483
-14.5241
-13.6246
-12.781
-11.9896
-11.2468
-10.5496
-9.89497
-9.28003
-8.70212
-8.1587
-7.64745
-7.16624
-6.71328
-6.2865
-5.88435
-5.50519
-5.14744
-4.80982
-4.49097
-4.18969
-3.90492
-3.63573
-3.38105
-3.14006
-2.91204
-2.69605
-2.49133
-2.29724
-2.11312
-1.93834
-1.77253
-1.61529
-1.46601
-1.32418
-1.18933
-1.0609
-0.938504
-0.822116
-0.711587
-0.606479
-0.506347
-0.410792
-0.319421
-0.232091
-0.148944
-0.0699816
0.00528152
0.0774542
0.146769
0.213099
0.276284
0.336418
0.393872
0.449108
0.502339
0.553353
0.601867
0.648067
0.692555
0.735674
0.777149
0.816618
0.854153
0.890451
0.925716
0.95964
0.99203
1.02296
1.05298
1.08214
1.1101
1.13685
1.16267
1.18785
1.21218
1.23556
1.25818
1.28018
1.30144
1.32186
1.34175
1.36112
1.37989
1.39803
1.41572
1.43297
1.44969
1.46594
1.48189
1.49738
1.5124
1.52717
1.54159
1.55556
1.56924
1.5827
1.59578
1.60861
1.62124
1.63359
1.64563
1.65749
1.66911
1.68054
1.69174
1.70269
1.71346
1.72404
1.73441
1.74455
1.75447
1.76419
1.77368
1.78296
1.79198
1.80077
1.80932
1.81755
1.82551
1.83317
1.84047
1.84738
1.85395
1.86008
1.86571
1.87084
1.87544
1.8794
1.88268
1.88523
1.88696
1.88779
1.88765
1.88642
1.88397
1.88022
1.87503
1.86824
1.85968
1.84921
1.83659
1.82169
1.80424
1.78401
1.76074
1.73421
1.70408
1.67009
1.63191
1.58929
1.54196
1.48946
1.43165
1.36834
1.29922
1.22418
1.1432
1.0562
0.963446
0.865022
0.76123
0.652511
0.539521
0.422774
0.302998
0.179296
0.057818
-79.5074
-79.0567
-78.5641
-77.8034
-76.6158
-74.9341
-72.7612
-70.1583
-67.2208
-64.0553
-60.7636
-57.4339
-54.1368
-50.9247
-47.8338
-44.8871
-42.0953
-39.4622
-36.9861
-34.6623
-32.4831
-30.4414
-28.5288
-26.7383
-25.0614
-23.4905
-22.0196
-20.6418
-19.3511
-18.1421
-17.0096
-15.9486
-14.9546
-14.023
-13.1499
-12.3315
-11.5642
-10.8445
-10.1694
-9.53576
-8.94082
-8.38192
-7.85668
-7.3627
-6.898
-6.46061
-6.04874
-5.6607
-5.29491
-4.94983
-4.6242
-4.31675
-4.02626
-3.7517
-3.49218
-3.24664
-3.01432
-2.79444
-2.58614
-2.38869
-2.20148
-2.02386
-1.8552
-1.69515
-1.54334
-1.39916
-1.26214
-1.13184
-1.00767
-0.889293
-0.776671
-0.669677
-0.567908
-0.470914
-0.378301
-0.289688
-0.204932
-0.124192
-0.0475057
0.0256103
0.0957756
0.163227
0.227823
0.289389
0.347991
0.403994
0.457882
0.509879
0.559748
0.607176
0.65234
0.695867
0.738115
0.778795
0.817482
0.854303
0.889865
0.924571
0.95792
0.989711
1.02013
1.04968
1.07846
1.10604
1.13239
1.15787
1.18271
1.20674
1.22971
1.252
1.27373
1.2948
1.31499
1.33463
1.3538
1.37233
1.39023
1.40778
1.42483
1.44131
1.45738
1.47317
1.48852
1.50336
1.51797
1.53224
1.546
1.55951
1.5728
1.5857
1.59829
1.6107
1.62284
1.6347
1.64636
1.65775
1.66892
1.67989
1.6906
1.7011
1.71138
1.72146
1.73132
1.74095
1.75034
1.7595
1.76841
1.77708
1.7855
1.79364
1.80145
1.80897
1.81618
1.823
1.82944
1.83548
1.84107
1.84615
1.8507
1.85469
1.85801
1.86063
1.86251
1.86354
1.86365
1.86276
1.86075
1.85751
1.85295
1.84693
1.83928
1.82986
1.81857
1.80511
1.78933
1.77102
1.74999
1.72601
1.69874
1.66797
1.63344
1.59482
1.55193
1.50441
1.45194
1.39448
1.33168
1.26333
1.18944
1.10979
1.02462
0.933962
0.837977
0.736965
0.63145
0.521877
0.408744
0.292846
0.173186
0.0557741
-77.5024
-77.0591
-76.5788
-75.8423
-74.693
-73.0637
-70.9541
-68.421
-65.5563
-62.4637
-59.243
-55.9811
-52.7481
-49.5969
-46.5633
-43.6707
-40.9309
-38.3475
-35.9194
-33.6418
-31.5077
-29.5094
-27.6395
-25.8898
-24.2524
-22.7199
-21.2858
-19.9436
-18.687
-17.5112
-16.4105
-15.38
-14.4151
-13.5116
-12.6654
-11.8728
-11.13
-10.4339
-9.78117
-9.169
-8.59455
-8.055
-7.54826
-7.07189
-6.62398
-6.20258
-5.80583
-5.43213
-5.07999
-4.74783
-4.43443
-4.13858
-3.8591
-3.59495
-3.34528
-3.10909
-2.88555
-2.67397
-2.47354
-2.28349
-2.1033
-1.93231
-1.76989
-1.61572
-1.46943
-1.33046
-1.19835
-1.07267
-0.952863
-0.838581
-0.729797
-0.626416
-0.52805
-0.434255
-0.344649
-0.258857
-0.176727
-0.0984513
-0.0240893
0.046834
0.114942
0.180493
0.243315
0.303219
0.360248
0.41477
0.46728
0.518009
0.566704
0.613019
0.657126
0.699665
0.741019
0.78088
0.81877
0.854854
0.889714
0.923752
0.956542
0.987718
1.0176
1.0467
1.07505
1.10226
1.12814
1.15324
1.17778
1.20149
1.22413
1.24606
1.26751
1.28833
1.30832
1.32768
1.34663
1.36493
1.38261
1.39998
1.41691
1.43314
1.449
1.46462
1.4798
1.49443
1.5088
1.5229
1.5365
1.54984
1.56295
1.5757
1.58807
1.60027
1.61219
1.62385
1.63527
1.64645
1.65737
1.66808
1.67854
1.68878
1.69881
1.70858
1.71812
1.72746
1.73655
1.74538
1.75395
1.76226
1.7703
1.77802
1.78543
1.79253
1.79929
1.80565
1.8116
1.81714
1.82218
1.82671
1.83071
1.8341
1.8368
1.83879
1.84001
1.84036
1.83976
1.83814
1.83539
1.8314
1.82606
1.81924
1.81078
1.80055
1.78845
1.77419
1.75763
1.73855
1.71677
1.69207
1.66416
1.63285
1.59781
1.55884
1.51575
1.46812
1.41583
1.35871
1.29643
1.22896
1.15611
1.07789
0.994524
0.905924
0.812269
0.713949
0.611433
0.505061
0.395429
0.283236
0.167438
0.053865
-75.476
-75.0407
-74.5723
-73.8588
-72.7472
-71.1692
-69.1215
-66.6575
-63.8652
-60.8454
-57.6958
-54.5024
-51.3343
-48.2445
-45.2691
-42.4318
-39.7447
-37.2121
-34.8327
-32.6021
-30.5137
-28.5602
-26.7332
-25.025
-23.4278
-21.9343
-20.5381
-19.2319
-18.0107
-16.8683
-15.8001
-14.8005
-13.8655
-12.9905
-12.1717
-11.4052
-10.6875
-10.0153
-9.38547
-8.79515
-8.24138
-7.7217
-7.23382
-6.77539
-6.34453
-5.93935
-5.55801
-5.19897
-4.86068
-4.54168
-4.24072
-3.9567
-3.68841
-3.43488
-3.19525
-2.96854
-2.75394
-2.55079
-2.35836
-2.17589
-2.00284
-1.83859
-1.68252
-1.53432
-1.39365
-1.25999
-1.13289
-1.01191
-0.896554
-0.786444
-0.68157
-0.581873
-0.486971
-0.396433
-0.309891
-0.226975
-0.147529
-0.0717652
0.000230433
0.0689132
0.13493
0.198532
0.259542
0.317743
0.373169
0.426184
0.47729
0.526717
0.574203
0.619381
0.662407
0.703937
0.744368
0.783381
0.820458
0.855757
0.889937
0.923299
0.955491
0.986105
1.01543
1.04402
1.07192
1.09869
1.12414
1.14878
1.17298
1.19641
1.2188
1.24043
1.26161
1.28207
1.3018
1.3209
1.3396
1.35771
1.37519
1.39231
1.40908
1.42513
1.44078
1.45622
1.47116
1.48559
1.49979
1.51369
1.52711
1.54023
1.55313
1.5657
1.5779
1.58989
1.60162
1.61304
1.62422
1.63517
1.64588
1.65635
1.66654
1.67655
1.68633
1.6958
1.70503
1.71407
1.72285
1.73134
1.73955
1.7475
1.75517
1.76249
1.76949
1.77619
1.7825
1.78839
1.79387
1.79891
1.80343
1.80741
1.81086
1.81367
1.81578
1.81716
1.81773
1.81741
1.81614
1.81382
1.81034
1.80562
1.79954
1.79196
1.78274
1.77176
1.75887
1.74386
1.72655
1.70678
1.68432
1.65896
1.63054
1.59871
1.5632
1.52402
1.48074
1.43309
1.381
1.32418
1.26251
1.19587
1.12412
1.04743
0.965759
0.879091
0.787714
0.692026
0.592359
0.489112
0.382848
0.274139
0.161971
0.0520284
-73.4307
-73.003
-72.5462
-71.8553
-70.7806
-69.2525
-67.2655
-64.8693
-62.1488
-59.2017
-56.1236
-52.999
-49.8967
-46.8691
-43.9529
-41.1715
-38.5377
-36.0567
-33.7268
-31.5446
-29.5028
-27.5944
-25.8112
-24.1453
-22.589
-21.1354
-19.7771
-18.5079
-17.3222
-16.2143
-15.1787
-14.2109
-13.3062
-12.4602
-11.6691
-10.9293
-10.2371
-9.58933
-8.98277
-8.41455
-7.88188
-7.38242
-6.91362
-6.47346
-6.05997
-5.67131
-5.30566
-4.96147
-4.63723
-4.33161
-4.04333
-3.77131
-3.51441
-3.27169
-3.04225
-2.82515
-2.61963
-2.42509
-2.2408
-2.06601
-1.90022
-1.74281
-1.59319
-1.45107
-1.31613
-1.18786
-1.06584
-0.949658
-0.83882
-0.732949
-0.632057
-0.53611
-0.444735
-0.357512
-0.274089
-0.1941
-0.117388
-0.0441811
0.0254031
0.0918078
0.155691
0.217305
0.27647
0.33294
0.386732
0.438206
0.487874
0.535972
0.582223
0.626239
0.668161
0.708661
0.748149
0.78629
0.822539
0.857026
0.890475
0.923207
0.95481
0.984827
1.01355
1.04158
1.06902
1.09533
1.12038
1.14463
1.16846
1.19156
1.21361
1.23491
1.25581
1.27597
1.29539
1.31428
1.33275
1.35062
1.36785
1.38476
1.40127
1.41718
1.43262
1.44786
1.46261
1.47684
1.4909
1.50461
1.5178
1.53073
1.54345
1.55578
1.56779
1.57958
1.5911
1.60231
1.61328
1.62396
1.63446
1.64472
1.65463
1.66436
1.67388
1.68309
1.69204
1.70074
1.70919
1.71735
1.72521
1.73281
1.74012
1.74706
1.75365
1.75992
1.7658
1.77122
1.77625
1.7808
1.78482
1.78828
1.79117
1.7934
1.79494
1.79573
1.79567
1.79471
1.79279
1.78979
1.78562
1.7802
1.7734
1.7651
1.75517
1.74347
1.72984
1.71412
1.69612
1.67571
1.65264
1.62674
1.59777
1.56542
1.52964
1.49026
1.44682
1.39924
1.34734
1.29094
1.22991
1.16411
1.09355
1.01827
0.938166
0.853408
0.764323
0.671201
0.574282
0.474011
0.370881
0.265474
0.156756
0.0502475
-71.3687
-70.9489
-70.5034
-69.8345
-68.7948
-67.3153
-65.388
-63.0589
-60.4094
-57.5345
-54.5278
-51.4724
-48.4364
-45.4717
-42.6154
-39.8911
-37.3114
-34.8827
-32.6036
-30.47
-28.4757
-26.613
-24.8743
-23.2512
-21.7367
-20.3232
-19.0038
-17.7722
-16.6228
-15.5496
-14.5473
-13.6117
-12.7377
-11.9211
-11.1584
-10.4456
-9.77951
-9.1564
-8.5735
-8.02777
-7.51652
-7.03743
-6.58816
-6.16652
-5.77069
-5.39879
-5.04902
-4.71989
-4.40994
-4.11789
-3.84248
-3.58266
-3.33733
-3.10556
-2.88645
-2.6791
-2.48282
-2.29702
-2.12098
-1.95398
-1.79556
-1.64511
-1.50204
-1.36609
-1.23696
-1.11417
-0.997299
-0.885992
-0.779736
-0.678177
-0.581338
-0.489199
-0.401407
-0.31755
-0.237301
-0.160282
-0.0863532
-0.0157486
0.0513793
0.115471
0.177186
0.236784
0.294068
0.348772
0.400895
0.450796
0.498997
0.545744
0.59074
0.63357
0.674361
0.713808
0.752335
0.789587
0.824987
0.858658
0.891365
0.923438
0.954436
0.98382
1.01195
1.03943
1.06637
1.09223
1.11685
1.14074
1.1642
1.18688
1.20855
1.2295
1.25009
1.27006
1.28919
1.30783
1.32602
1.34365
1.36065
1.37737
1.39363
1.4093
1.42456
1.43959
1.45415
1.46819
1.48202
1.49559
1.50856
1.52131
1.53387
1.54597
1.55774
1.56935
1.58065
1.59164
1.60242
1.61287
1.62312
1.63313
1.64279
1.65224
1.66148
1.6704
1.67908
1.68747
1.69559
1.70344
1.71096
1.7182
1.72514
1.73169
1.73789
1.74375
1.7492
1.75419
1.75875
1.76282
1.76635
1.7693
1.77165
1.77334
1.7743
1.7745
1.77383
1.77226
1.76971
1.76605
1.76123
1.75514
1.74766
1.73867
1.72805
1.71567
1.70135
1.68496
1.66634
1.64533
1.62171
1.59524
1.56573
1.53307
1.49709
1.45744
1.41396
1.3665
1.31487
1.25895
1.19856
1.13365
1.06423
0.990261
0.911766
0.828984
0.742119
0.651366
0.55705
0.459581
0.359446
0.257224
0.151806
0.0485839
-69.2919
-68.8802
-68.4459
-67.7973
-66.7915
-65.3595
-63.4905
-61.2274
-58.6483
-55.8455
-52.9102
-49.9243
-46.9549
-44.0537
-41.2577
-38.5913
-36.067
-33.6914
-31.4635
-29.3792
-27.4328
-25.6167
-23.923
-22.344
-20.8718
-19.499
-18.2189
-17.0254
-15.9128
-14.8749
-13.9067
-13.0033
-12.1605
-11.3741
-10.6401
-9.95484
-9.31492
-8.71695
-8.15797
-7.63506
-7.14559
-6.68719
-6.2577
-5.85488
-5.47694
-5.122
-4.78838
-4.4745
-4.17908
-3.90077
-3.63842
-3.39094
-3.15734
-2.93666
-2.728
-2.53058
-2.34367
-2.16672
-1.99903
-1.83995
-1.689
-1.54559
-1.40919
-1.27948
-1.15624
-1.039
-0.927365
-0.820997
-0.719399
-0.622217
-0.529494
-0.441212
-0.357044
-0.276608
-0.199574
-0.125578
-0.0544747
0.0134811
0.0781246
0.139867
0.199381
0.256923
0.312287
0.365194
0.415626
0.463931
0.510644
0.556014
0.599734
0.641351
0.680991
0.719363
0.75691
0.793253
0.827791
0.860637
0.892575
0.923932
0.954282
0.98306
1.01059
1.03757
1.06402
1.08942
1.11355
1.13698
1.16009
1.18239
1.20373
1.22434
1.24459
1.2643
1.28315
1.30148
1.31944
1.33681
1.3536
1.37006
1.38612
1.40154
1.4166
1.43144
1.44579
1.45963
1.47326
1.48662
1.49943
1.51195
1.52431
1.53623
1.54779
1.5592
1.5703
1.58107
1.5916
1.60184
1.61183
1.62157
1.631
1.64019
1.64916
1.65779
1.66617
1.67427
1.68209
1.68962
1.6968
1.70369
1.71026
1.71642
1.72224
1.7277
1.73271
1.73727
1.74137
1.74496
1.74801
1.75047
1.7523
1.75346
1.75386
1.75349
1.75224
1.75008
1.7469
1.74262
1.73717
1.73043
1.7223
1.71266
1.70138
1.68836
1.67341
1.65641
1.63719
1.6156
1.59143
1.56447
1.5346
1.50168
1.46543
1.42561
1.38217
1.33483
1.28351
1.22807
1.16837
1.10438
1.03609
0.963459
0.886589
0.805677
0.720844
0.632355
0.54054
0.445791
0.348565
0.249391
0.147123
0.0470401
-67.2021
-66.7984
-66.3747
-65.7466
-64.7739
-63.3876
-61.5753
-59.3771
-56.8676
-54.1363
-51.2725
-48.3561
-45.4537
-42.6166
-39.8817
-37.2737
-34.8055
-32.4835
-30.3079
-28.2738
-26.376
-24.6073
-22.9591
-21.4241
-19.9946
-18.6633
-17.4234
-16.2688
-15.193
-14.1909
-13.2571
-12.3867
-11.5757
-10.8196
-10.1146
-9.45727
-8.84396
-8.27146
-7.73669
-7.23687
-6.76944
-6.33209
-5.92266
-5.53888
-5.17903
-4.84129
-4.52402
-4.22559
-3.94487
-3.68048
-3.43133
-3.19641
-2.97469
-2.7652
-2.56717
-2.37978
-2.20236
-2.03434
-1.87514
-1.72407
-1.58068
-1.44442
-1.31474
-1.19137
-1.07408
-0.962471
-0.856131
-0.754766
-0.657894
-0.565158
-0.476588
-0.392212
-0.311721
-0.234749
-0.160973
-0.090046
-0.0218114
0.0434645
0.105589
0.164953
0.222226
0.27768
0.331096
0.382183
0.430902
0.477591
0.522788
0.566756
0.609177
0.649564
0.688035
0.725319
0.761868
0.797288
0.830948
0.86295
0.894094
0.924733
0.954386
0.982548
1.00947
1.03591
1.06191
1.08681
1.11047
1.13343
1.15615
1.17811
1.19906
1.21937
1.23929
1.25866
1.27724
1.29528
1.31303
1.33011
1.34664
1.36288
1.37876
1.39396
1.4088
1.42346
1.43759
1.4512
1.46467
1.47778
1.4904
1.50269
1.51486
1.52658
1.53797
1.54914
1.56001
1.57056
1.58082
1.59084
1.6006
1.61009
1.61927
1.62821
1.63689
1.64526
1.65333
1.66115
1.66866
1.67586
1.6827
1.68926
1.69545
1.70126
1.7067
1.71175
1.71634
1.72048
1.72413
1.72726
1.72982
1.73179
1.73312
1.73375
1.73363
1.73269
1.73089
1.72815
1.72438
1.71949
1.71344
1.70608
1.69733
1.68707
1.67519
1.66154
1.646
1.62843
1.60865
1.58651
1.56188
1.53455
1.50437
1.47114
1.43466
1.39481
1.35139
1.30423
1.25326
1.19835
1.13935
1.07628
1.00909
0.937773
0.86248
0.783312
0.700458
0.61419
0.524816
0.432703
0.338268
0.241941
0.14267
0.0455693
-65.1018
-64.7063
-64.2928
-63.6836
-62.7426
-61.4007
-59.6441
-57.5098
-55.0692
-52.4089
-49.6161
-46.7693
-43.9342
-41.1617
-38.4887
-35.9395
-33.5282
-31.2606
-29.1378
-27.1546
-25.3058
-23.5849
-21.983
-20.493
-19.1066
-17.8173
-16.618
-15.5024
-14.4643
-13.4984
-12.5993
-11.7624
-10.9834
-10.258
-9.58264
-8.95354
-8.36719
-7.82033
-7.31012
-6.83369
-6.38862
-5.97262
-5.58338
-5.21889
-4.87737
-4.55704
-4.25619
-3.97343
-3.70758
-3.45729
-3.22151
-2.9993
-2.78959
-2.59142
-2.40411
-2.22688
-2.05902
-1.90007
-1.74944
-1.60648
-1.47074
-1.3417
-1.21882
-1.10185
-0.9906
-0.884672
-0.7837
-0.687398
-0.595311
-0.507059
-0.422699
-0.342275
-0.265506
-0.192035
-0.121565
-0.0537432
0.011588
0.0741542
0.133724
0.190677
0.245685
0.299026
0.350473
0.399712
0.44669
0.491737
0.535399
0.577941
0.619039
0.658183
0.695469
0.731647
0.767185
0.801668
0.834433
0.865576
0.895919
0.925853
0.954807
0.982301
1.00862
1.03449
1.05999
1.0844
1.10758
1.13014
1.15243
1.17401
1.19455
1.21454
1.23417
1.25321
1.2715
1.28927
1.30672
1.32357
1.33983
1.35587
1.37152
1.38651
1.40113
1.41559
1.4295
1.44289
1.45615
1.46906
1.48143
1.49354
1.50548
1.517
1.52818
1.53914
1.54978
1.56009
1.57014
1.57992
1.58947
1.5987
1.60763
1.61631
1.62471
1.6328
1.64059
1.6481
1.65531
1.66217
1.6687
1.67491
1.68074
1.68618
1.69125
1.69589
1.70009
1.70381
1.70702
1.7097
1.71179
1.71327
1.71412
1.71423
1.71359
1.71213
1.70978
1.70648
1.70213
1.69669
1.69004
1.68209
1.67275
1.6619
1.64944
1.63521
1.61913
1.601
1.58071
1.55813
1.53307
1.50538
1.4749
1.4414
1.40478
1.36493
1.32155
1.27464
1.22409
1.16968
1.11141
1.04923
0.98311
0.913109
0.839352
0.761915
0.681007
0.596895
0.509861
0.420251
0.328432
0.234832
0.138422
0.0441649
-62.9921
-62.6047
-62.2015
-61.6109
-60.7004
-59.4021
-57.6997
-55.6277
-53.2548
-50.6648
-47.9428
-45.1656
-42.398
-39.6905
-37.0798
-34.5904
-32.2362
-30.024
-27.954
-26.0225
-24.224
-22.5508
-20.9959
-19.5509
-18.2091
-16.9621
-15.8038
-14.7275
-13.7274
-12.7979
-11.934
-11.1311
-10.3845
-9.69037
-9.04484
-8.44409
-7.88499
-7.36413
-6.87865
-6.42599
-6.00354
-5.60901
-5.2403
-4.89532
-4.5723
-4.26949
-3.98529
-3.71838
-3.46752
-3.23149
-3.00925
-2.79983
-2.60222
-2.41552
-2.23904
-2.07204
-1.91385
-1.76407
-1.62211
-1.48734
-1.35932
-1.23758
-1.12157
-1.01106
-0.9059
-0.805717
-0.710168
-0.618986
-0.531723
-0.448013
-0.367899
-0.291469
-0.218459
-0.148531
-0.0814003
-0.0167218
0.045676
0.105497
0.162485
0.217002
0.269718
0.320919
0.37037
0.417736
0.462953
0.50634
0.548447
0.589545
0.6293
0.667181
0.703267
0.738321
0.772828
0.80636
0.838213
0.868491
0.898028
0.927246
0.955538
0.98236
1.00804
1.03335
1.0583
1.08222
1.10487
1.12699
1.14889
1.17013
1.19027
1.20986
1.22919
1.24795
1.2659
1.28337
1.30054
1.31719
1.33317
1.34895
1.36432
1.37908
1.39347
1.40771
1.42142
1.43461
1.44764
1.46039
1.47256
1.48448
1.49617
1.50747
1.51842
1.52918
1.53962
1.54971
1.55956
1.5691
1.57839
1.58739
1.59605
1.60447
1.61262
1.62042
1.62792
1.63513
1.64205
1.64858
1.65479
1.66066
1.66613
1.67122
1.67591
1.68016
1.68395
1.68725
1.69004
1.69229
1.69393
1.69495
1.69531
1.69492
1.69377
1.69179
1.68892
1.68507
1.68018
1.67418
1.66697
1.65846
1.64856
1.63715
1.62414
1.60938
1.59277
1.57414
1.55341
1.53038
1.50491
1.4769
1.44613
1.41243
1.37576
1.3359
1.29265
1.24603
1.19588
1.14199
1.08445
1.02315
0.958126
0.889451
0.81719
0.741441
0.662422
0.580391
0.495578
0.408336
0.318992
0.228058
0.13438
0.042823
-60.876
-60.4969
-60.1034
-59.5302
-58.6491
-57.3926
-55.7432
-53.7325
-51.4263
-48.9059
-46.2541
-43.5464
-40.8465
-38.2043
-35.6565
-33.2275
-30.931
-28.7749
-26.7584
-24.8791
-23.1307
-21.5063
-19.9987
-18.6
-17.3022
-16.0982
-14.9812
-13.9446
-12.9832
-12.0904
-11.2622
-10.4935
-9.77963
-9.11699
-8.50155
-7.92967
-7.39796
-6.90331
-6.44295
-6.01417
-5.61462
-5.24182
-4.89377
-4.56849
-4.2641
-3.97897
-3.71158
-3.46065
-3.22497
-3.00335
-2.79473
-2.59822
-2.41283
-2.2377
-2.07214
-1.91545
-1.76706
-1.62652
-1.4933
-1.36679
-1.24656
-1.13217
-1.02309
-0.919104
-0.820092
-0.725708
-0.635634
-0.549621
-0.467229
-0.388093
-0.312274
-0.239872
-0.170655
-0.104305
-0.0405495
0.0209607
0.080391
0.137441
0.191822
0.24388
0.294281
0.343314
0.390748
0.436223
0.479663
0.521374
0.561903
0.60154
0.639938
0.676535
0.71141
0.745326
0.778785
0.811349
0.842283
0.871682
0.900408
0.92888
0.956512
0.982671
1.00769
1.03243
1.05684
1.08024
1.10239
1.124
1.14553
1.16639
1.18619
1.20535
1.22436
1.24282
1.26045
1.27761
1.29451
1.31089
1.32664
1.34214
1.35726
1.37177
1.38596
1.39997
1.41346
1.42643
1.43927
1.45181
1.46379
1.47548
1.48697
1.49805
1.50876
1.51931
1.52954
1.53942
1.54903
1.55836
1.56739
1.57616
1.58456
1.59272
1.6006
1.60813
1.61534
1.62225
1.62887
1.63509
1.64096
1.6465
1.65163
1.65636
1.66067
1.66455
1.66794
1.67084
1.6732
1.67502
1.67622
1.6768
1.67668
1.67581
1.67417
1.67168
1.6683
1.66393
1.65852
1.65198
1.64424
1.6352
1.62476
1.61283
1.59929
1.58403
1.56692
1.54785
1.52666
1.50324
1.47746
1.44916
1.41813
1.38432
1.3476
1.30774
1.26469
1.21838
1.16861
1.11529
1.05847
0.998086
0.934145
0.866756
0.795924
0.721814
0.644628
0.564581
0.481908
0.396945
0.310025
0.221604
0.130526
0.0415484
-58.7548
-58.384
-57.9999
-57.444
-56.5915
-55.3751
-53.7769
-51.826
-49.5855
-47.1338
-44.5518
-41.9135
-39.2814
-36.705
-34.2204
-31.852
-29.6146
-27.5143
-25.552
-23.7253
-22.028
-20.4528
-18.9931
-17.6404
-16.387
-15.2265
-14.1511
-13.1551
-12.232
-11.3769
-10.5844
-9.8502
-9.1696
-8.53854
-7.9535
-7.41068
-6.90666
-6.43849
-6.00345
-5.59884
-5.22223
-4.87138
-4.54419
-4.23869
-3.95309
-3.68581
-3.43542
-3.20063
-2.98022
-2.77309
-2.57823
-2.39472
-2.22165
-2.05816
-1.90359
-1.75732
-1.6188
-1.48758
-1.36317
-1.24498
-1.13261
-1.02562
-0.923517
-0.8261
-0.733288
-0.644754
-0.560198
-0.479388
-0.401912
-0.327391
-0.255899
-0.187557
-0.122166
-0.0594215
0.000934232
0.059246
0.115681
0.169935
0.221691
0.271266
0.319329
0.366178
0.411571
0.455141
0.496786
0.536802
0.575741
0.613899
0.650924
0.686229
0.719878
0.752647
0.785047
0.816632
0.84664
0.875145
0.903046
0.930757
0.957685
0.983166
1.00754
1.03167
1.05557
1.07843
1.10012
1.12128
1.14235
1.16277
1.18222
1.20101
1.21964
1.23782
1.25515
1.27199
1.28862
1.30468
1.32022
1.33545
1.35037
1.36466
1.37862
1.3924
1.40566
1.41842
1.43104
1.44336
1.45508
1.46655
1.47789
1.48875
1.49924
1.50957
1.51955
1.52919
1.53857
1.54766
1.55647
1.56499
1.57315
1.58104
1.58865
1.5959
1.60283
1.60947
1.61575
1.62169
1.62723
1.63243
1.63724
1.64161
1.64555
1.64906
1.65207
1.65456
1.65652
1.6579
1.65867
1.65881
1.65823
1.6569
1.65479
1.65182
1.64793
1.64306
1.63715
1.6301
1.62185
1.6123
1.60135
1.58892
1.57488
1.55915
1.54159
1.52208
1.5005
1.47677
1.4507
1.4221
1.39087
1.357
1.32025
1.28045
1.23763
1.19162
1.14223
1.08953
1.03345
0.973963
0.911105
0.844957
0.775521
0.702979
0.627542
0.54941
0.468804
0.386062
0.301475
0.215427
0.126846
0.0403492
-56.6308
-56.2686
-55.8937
-55.3538
-54.5282
-53.351
-51.8026
-49.9102
-47.7341
-45.3504
-42.8377
-40.2685
-37.7043
-35.1938
-32.7729
-30.4654
-28.2873
-26.2436
-24.3358
-22.562
-20.9159
-19.3911
-17.9795
-16.6732
-15.4652
-14.348
-13.3149
-12.3591
-11.4751
-10.6577
-9.90164
-9.20207
-8.55483
-7.95595
-7.40135
-6.88774
-6.4116
-5.97014
-5.56062
-5.18036
-4.82695
-4.49815
-4.19191
-3.90634
-3.63966
-3.39038
-3.15712
-2.93855
-2.73355
-2.54104
-2.35998
-2.18958
-2.02888
-1.87708
-1.73362
-1.59786
-1.46925
-1.34741
-1.23187
-1.12207
-1.01759
-0.918048
-0.822987
-0.732175
-0.645596
-0.56296
-0.483955
-0.408395
-0.335862
-0.265988
-0.198848
-0.134597
-0.0730568
-0.0139452
0.0429886
0.0980774
0.151495
0.202932
0.252044
0.299117
0.344824
0.389471
0.432806
0.474455
0.514289
0.552597
0.589932
0.626596
0.662231
0.696237
0.728651
0.760263
0.791596
0.822191
0.85126
0.878867
0.905921
0.932854
0.959058
0.983851
1.00756
1.03108
1.05448
1.07685
1.09803
1.11873
1.13932
1.15934
1.17837
1.19683
1.2151
1.23295
1.24994
1.26648
1.28285
1.29863
1.3139
1.32888
1.34356
1.35763
1.37134
1.38489
1.39794
1.41047
1.42287
1.43499
1.44648
1.4577
1.46886
1.47951
1.48978
1.4999
1.50966
1.51906
1.52822
1.53705
1.54562
1.5539
1.56179
1.56943
1.57679
1.58375
1.5904
1.59676
1.60275
1.60838
1.6136
1.61847
1.62295
1.62697
1.63056
1.63369
1.63633
1.63841
1.63998
1.64095
1.6413
1.64099
1.63997
1.6382
1.63562
1.63219
1.62782
1.62247
1.61606
1.60853
1.59978
1.58975
1.57832
1.56542
1.55092
1.53475
1.51676
1.49685
1.47495
1.4509
1.42452
1.39567
1.36433
1.33041
1.29364
1.25399
1.21138
1.16563
1.11672
1.06463
1.00929
0.950704
0.88894
0.823985
0.755915
0.684917
0.611193
0.534877
0.456262
0.375629
0.293253
0.209521
0.123342
0.0392023
-54.5058
-54.1523
-53.7862
-53.2619
-52.462
-51.3224
-49.8225
-47.9873
-45.8744
-43.5576
-41.1137
-38.6133
-36.117
-33.6725
-31.3151
-29.0695
-26.9505
-24.9636
-23.1116
-21.3914
-19.7967
-18.3217
-16.9587
-15.6998
-14.5372
-13.4636
-12.4729
-11.558
-10.7135
-9.93402
-9.21441
-8.54972
-7.93618
-7.36938
-6.8456
-6.3614
-5.91331
-5.49884
-5.11503
-4.75924
-4.42914
-4.12254
-3.8374
-3.57185
-3.32423
-3.09305
-2.87698
-2.67474
-2.48524
-2.30741
-2.14028
-1.98304
-1.83477
-1.69473
-1.56242
-1.43724
-1.31862
-1.20621
-1.09958
-0.998196
-0.901655
-0.809612
-0.721602
-0.637452
-0.557146
-0.480432
-0.407024
-0.336731
-0.269164
-0.203967
-0.141201
-0.0810618
-0.0234017
0.0320604
0.0855475
0.13739
0.187777
0.236379
0.282828
0.327385
0.370723
0.413149
0.454413
0.494126
0.53214
0.568728
0.604445
0.639603
0.673838
0.706534
0.737704
0.768146
0.798399
0.827992
0.856109
0.882813
0.909011
0.935163
0.960656
0.984753
1.00781
1.03075
1.05359
1.07546
1.0961
1.11629
1.13646
1.15609
1.17472
1.19277
1.21072
1.22822
1.24489
1.26111
1.27717
1.29272
1.30769
1.32243
1.33684
1.35068
1.36414
1.37745
1.39028
1.40258
1.41477
1.42668
1.43795
1.44896
1.4599
1.47034
1.48039
1.4903
1.49983
1.50901
1.51795
1.52654
1.53487
1.5429
1.55053
1.55791
1.56503
1.57169
1.57807
1.58414
1.58984
1.59516
1.60008
1.60463
1.60876
1.61244
1.61567
1.61845
1.62071
1.62241
1.62359
1.62417
1.6241
1.62336
1.62191
1.6197
1.61668
1.61279
1.60796
1.60215
1.59528
1.58727
1.57806
1.56757
1.55568
1.54233
1.52741
1.51082
1.49243
1.47219
1.44996
1.4256
1.39894
1.36991
1.33851
1.30452
1.26779
1.22829
1.18588
1.14049
1.09208
1.04059
0.986009
0.92832
0.867583
0.803774
0.737058
0.667607
0.595526
0.520987
0.444288
0.365661
0.285399
0.203882
0.119987
0.0380825
-52.3818
-52.0366
-51.6792
-51.1697
-50.3949
-49.2914
-47.8384
-46.0588
-44.0079
-41.7572
-39.3814
-36.9496
-34.5206
-32.1423
-29.8489
-27.6654
-25.6054
-23.6761
-21.8803
-20.2134
-18.6713
-17.2466
-15.9326
-14.7207
-13.6038
-12.5746
-11.6262
-10.7526
-9.94769
-9.20638
-8.52334
-7.89403
-7.31416
-6.7796
-6.28678
-5.83215
-5.41247
-5.02509
-4.66703
-4.33589
-4.02923
-3.74491
-3.48097
-3.23555
-3.0071
-2.79414
-2.59535
-2.4095
-2.23556
-2.07251
-1.91934
-1.77531
-1.63952
-1.51132
-1.39024
-1.27566
-1.16705
-1.06414
-0.966477
-0.873526
-0.784954
-0.700418
-0.619499
-0.542045
-0.468048
-0.397284
-0.329497
-0.264493
-0.201914
-0.141404
-0.0830373
-0.027034
0.0267341
0.0785232
0.128549
0.177134
0.224469
0.270222
0.313994
0.356027
0.396982
0.437173
0.476353
0.514121
0.550303
0.585162
0.619249
0.652891
0.685719
0.717093
0.747013
0.776271
0.805436
0.83402
0.861176
0.886971
0.912327
0.93771
0.962495
0.985885
1.00828
1.03061
1.05285
1.07419
1.09433
1.11403
1.1338
1.153
1.17118
1.1888
1.20645
1.22362
1.23997
1.25587
1.27163
1.28693
1.30159
1.31606
1.33023
1.34382
1.35703
1.37011
1.38271
1.39478
1.40677
1.41846
1.42952
1.44033
1.45104
1.46126
1.47109
1.48077
1.49008
1.49904
1.50775
1.51612
1.52421
1.53199
1.53936
1.5465
1.55333
1.55974
1.56584
1.57163
1.57703
1.58202
1.58664
1.59089
1.59469
1.59803
1.60093
1.60335
1.60523
1.60657
1.60737
1.60754
1.60707
1.60593
1.60405
1.60142
1.59795
1.59363
1.58836
1.5821
1.57478
1.56633
1.55668
1.54574
1.53342
1.51965
1.50432
1.48734
1.4686
1.44803
1.42551
1.40087
1.37399
1.34485
1.31339
1.27935
1.24269
1.20335
1.16119
1.11618
1.06824
1.01738
0.963539
0.906724
0.846977
0.784325
0.718952
0.650958
0.580455
0.507669
0.432817
0.356136
0.277895
0.198482
0.11676
0.0370145
-50.2607
-49.9243
-49.575
-49.0794
-48.3286
-47.26
-45.8521
-44.1268
-42.1369
-39.9513
-37.6427
-35.2785
-32.9174
-30.6046
-28.3756
-26.2537
-24.2537
-22.3828
-20.6428
-19.0304
-17.5404
-16.1669
-14.9016
-13.7371
-12.6659
-11.6813
-10.7758
-9.94361
-9.17876
-8.4757
-7.82935
-7.23562
-6.68954
-6.18739
-5.72564
-5.3007
-4.90959
-4.54932
-4.21724
-3.9108
-3.62767
-3.36573
-3.12303
-2.89787
-2.68863
-2.49396
-2.31251
-2.14319
-1.98487
-1.83658
-1.69742
-1.56663
-1.44339
-1.32709
-1.21725
-1.1133
-1.01478
-0.921355
-0.832673
-0.748202
-0.667616
-0.590628
-0.516827
-0.44608
-0.378414
-0.313632
-0.251467
-0.191776
-0.134201
-0.0783933
-0.0244429
0.0274129
0.0772727
0.125384
0.171933
0.217249
0.26152
0.304409
0.345498
0.384994
0.423556
0.461505
0.498595
0.534405
0.568748
0.601869
0.634317
0.666428
0.697846
0.727892
0.756557
0.78463
0.8127
0.84027
0.866461
0.891339
0.915841
0.940452
0.964515
0.987191
1.0089
1.0306
1.05229
1.07306
1.0927
1.11193
1.13127
1.15006
1.16779
1.18503
1.20234
1.21917
1.23515
1.25073
1.26622
1.28125
1.29561
1.30979
1.32374
1.33708
1.35006
1.36292
1.37527
1.38711
1.39888
1.41036
1.42118
1.43178
1.44226
1.45224
1.46186
1.47133
1.48043
1.48914
1.49762
1.50576
1.5136
1.52115
1.52828
1.53517
1.54172
1.54788
1.55371
1.55922
1.56432
1.56901
1.57332
1.57725
1.58074
1.58374
1.5863
1.58837
1.58988
1.59087
1.59129
1.59108
1.59021
1.58867
1.5864
1.58335
1.57946
1.5747
1.56902
1.56233
1.55458
1.5457
1.53563
1.52426
1.51154
1.49737
1.48166
1.46432
1.44527
1.4244
1.4016
1.3767
1.34963
1.32045
1.2889
1.25486
1.21832
1.17914
1.13726
1.09261
1.04518
0.994942
0.941793
0.885857
0.827115
0.765649
0.701552
0.634953
0.565995
0.494883
0.421783
0.346968
0.270707
0.19331
0.113686
0.0360199
-48.1446
-47.8168
-47.4756
-46.9934
-46.265
-45.2299
-43.8662
-42.1937
-40.2632
-38.1415
-35.8993
-33.6026
-31.3079
-29.0612
-26.8966
-24.8367
-22.8969
-21.085
-19.4006
-17.8427
-16.4057
-15.0831
-13.867
-12.7501
-11.7254
-10.7852
-9.92292
-9.13222
-8.40735
-7.74262
-7.13341
-6.57492
-6.06285
-5.59335
-5.16281
-4.7678
-4.40522
-4.07221
-3.76613
-3.48447
-3.22496
-2.98545
-2.76403
-2.55916
-2.36919
-2.19288
-2.02887
-1.87603
-1.7334
-1.59991
-1.47479
-1.35725
-1.24659
-1.14223
-1.04365
-0.950386
-0.86194
-0.778064
-0.698364
-0.622367
-0.549787
-0.480364
-0.413706
-0.349678
-0.288366
-0.229567
-0.173047
-0.118673
-0.0661139
-0.015021
0.0345051
0.0822042
0.128149
0.17257
0.21564
0.257673
0.29887
0.33889
0.377287
0.414241
0.450405
0.486104
0.521095
0.554944
0.587443
0.618818
0.649622
0.680197
0.710196
0.738913
0.766314
0.793203
0.820169
0.846716
0.87194
0.895895
0.919526
0.943346
0.966679
0.98864
1.00968
1.03077
1.05191
1.07213
1.09118
1.10996
1.12883
1.14723
1.16456
1.18142
1.19836
1.21485
1.23045
1.24571
1.26093
1.27566
1.28976
1.30366
1.31737
1.33047
1.34321
1.35583
1.36795
1.37955
1.39107
1.40232
1.41292
1.42329
1.43357
1.44333
1.45272
1.46199
1.47086
1.47932
1.48757
1.49548
1.50309
1.51038
1.51729
1.52391
1.53021
1.53609
1.54166
1.54689
1.5517
1.55611
1.56012
1.56373
1.56688
1.56957
1.5718
1.57353
1.57469
1.57533
1.57537
1.57478
1.57354
1.57161
1.56894
1.56549
1.5612
1.55603
1.54993
1.54284
1.53467
1.52539
1.51491
1.50315
1.49004
1.47549
1.45943
1.44177
1.42243
1.40125
1.37817
1.35307
1.32591
1.29663
1.26501
1.23103
1.1946
1.15561
1.11402
1.06979
1.02289
0.973219
0.92083
0.865774
0.808025
0.747668
0.684825
0.619603
0.552137
0.482584
0.411189
0.338185
0.263805
0.188346
0.110752
0.0350796
-46.0345
-45.7154
-45.3823
-44.9129
-44.2063
-43.2033
-41.8821
-40.261
-38.3887
-36.3298
-34.153
-31.9228
-29.6949
-27.5136
-25.4132
-23.4159
-21.5369
-19.783
-18.1556
-16.652
-15.2682
-13.9963
-12.8301
-11.7612
-10.7828
-9.88742
-9.06811
-8.319
-7.63417
-7.00814
-6.43591
-5.91305
-5.43497
-4.99816
-4.5989
-4.23392
-3.89997
-3.5943
-3.31424
-3.0574
-2.82148
-2.60439
-2.40434
-2.21984
-2.04926
-1.89127
-1.74471
-1.60841
-1.48143
-1.36281
-1.25169
-1.14745
-1.04939
-0.956951
-0.869675
-0.787101
-0.70877
-0.634412
-0.563701
-0.496198
-0.43162
-0.369759
-0.310256
-0.252973
-0.198008
-0.145208
-0.0943308
-0.0452744
0.00225897
0.0486298
0.0937269
0.137266
0.179293
0.220018
0.259601
0.298349
0.336467
0.373611
0.409314
0.443726
0.477483
0.510929
0.543815
0.575697
0.606348
0.635975
0.66513
0.694171
0.722742
0.750126
0.776259
0.80196
0.827819
0.853334
0.877589
0.900623
0.92338
0.94641
0.968975
0.990228
1.01061
1.03108
1.05166
1.07134
1.08983
1.10811
1.12656
1.14452
1.16144
1.17789
1.19445
1.21061
1.22587
1.24079
1.25576
1.27018
1.28399
1.29763
1.31108
1.32394
1.33641
1.34879
1.36069
1.37206
1.38335
1.39436
1.40473
1.41493
1.42498
1.43451
1.44368
1.45273
1.46136
1.46961
1.47763
1.4853
1.49266
1.4997
1.50637
1.51273
1.51877
1.52439
1.52969
1.53463
1.53917
1.5433
1.54703
1.55033
1.55316
1.55553
1.55743
1.55881
1.55964
1.55993
1.5596
1.55866
1.55705
1.55474
1.55168
1.54784
1.54316
1.5376
1.53111
1.52361
1.51505
1.50538
1.49452
1.48238
1.4689
1.45402
1.43763
1.41968
1.40003
1.37855
1.35527
1.33003
1.30278
1.27338
1.24176
1.20785
1.17154
1.13278
1.0915
1.04769
1.00127
0.952225
0.900615
0.846398
0.789592
0.730323
0.668721
0.604811
0.538758
0.470752
0.401038
0.329762
0.257169
0.183589
0.10794
0.0341717
-43.9337
-43.6234
-43.2977
-42.8404
-42.1546
-41.1824
-39.9022
-38.3307
-36.5152
-34.5181
-32.4057
-30.2413
-28.0794
-25.9642
-23.9272
-21.9926
-20.1747
-18.479
-16.9082
-15.4596
-14.1287
-12.9084
-11.7914
-10.771
-9.83882
-8.98836
-8.21248
-7.50525
-6.86045
-6.27304
-5.73798
-5.25058
-4.80666
-4.40256
-4.03471
-3.69968
-3.39437
-3.11611
-2.86211
-2.63001
-2.4177
-2.22307
-2.04445
-1.88032
-1.72909
-1.58949
-1.46037
-1.34063
-1.22926
-1.12547
-1.02839
-0.937444
-0.852005
-0.771491
-0.695528
-0.623655
-0.555421
-0.490573
-0.428862
-0.36983
-0.31326
-0.258977
-0.206616
-0.156076
-0.107476
-0.060664
-0.0154295
0.0283115
0.0708262
0.112475
0.153146
0.192523
0.23063
0.267659
0.303755
0.339216
0.374251
0.408523
0.441533
0.4734
0.504752
0.535939
0.566718
0.596631
0.625429
0.653306
0.680811
0.708315
0.735457
0.761504
0.786374
0.81088
0.835627
0.86011
0.883396
0.9055
0.927382
0.949616
0.971417
0.991973
1.01165
1.03151
1.05154
1.07067
1.08865
1.10643
1.12444
1.14195
1.15841
1.17445
1.19065
1.20647
1.2214
1.23601
1.25067
1.26482
1.27829
1.29168
1.30487
1.31748
1.32968
1.34182
1.35351
1.36465
1.37573
1.38653
1.39667
1.40664
1.41648
1.42576
1.43472
1.44354
1.45194
1.45996
1.46776
1.4752
1.48233
1.48914
1.49555
1.50166
1.50744
1.51281
1.51784
1.52251
1.52676
1.53061
1.53404
1.53703
1.53957
1.54163
1.5432
1.54424
1.54474
1.54468
1.544
1.54271
1.54074
1.53806
1.53463
1.53041
1.52535
1.51942
1.51254
1.50466
1.49573
1.48569
1.47445
1.46196
1.44815
1.43293
1.41623
1.398
1.37803
1.35636
1.33293
1.30753
1.28017
1.25072
1.21914
1.18527
1.14914
1.1106
1.06964
1.02625
0.98033
0.931931
0.881033
0.827619
0.771774
0.713631
0.653187
0.590529
0.52588
0.45941
0.391277
0.321663
0.250817
0.179022
0.105237
0.0332953
-41.8429
-41.5414
-41.2234
-40.7777
-40.1114
-39.1687
-37.928
-36.4049
-34.6446
-32.7076
-30.6593
-28.56
-26.464
-24.4134
-22.4407
-20.5689
-18.8108
-17.1742
-15.6601
-14.2665
-12.9887
-11.8199
-10.753
-9.78065
-8.89479
-8.08922
-7.35693
-6.69131
-6.08673
-5.53791
-5.03996
-4.5882
-4.17853
-3.80722
-3.47072
-3.16572
-2.88903
-2.63807
-2.41012
-2.20283
-2.01408
-1.84197
-1.68479
-1.54101
-1.40908
-1.28788
-1.1762
-1.07292
-0.977212
-0.888189
-0.805159
-0.727485
-0.654667
-0.586104
-0.521413
-0.460229
-0.402062
-0.346738
-0.293982
-0.243423
-0.194853
-0.148133
-0.102917
-0.0591196
-0.016869
0.0239572
0.0635591
0.10199
0.139499
0.176431
0.212681
0.247899
0.282091
0.315425
0.34804
0.380216
0.41217
0.443571
0.47389
0.503214
0.532166
0.561094
0.589767
0.617709
0.644657
0.670785
0.696638
0.722602
0.748318
0.773029
0.796635
0.819946
0.843578
0.867023
0.889338
0.910494
0.931528
0.952955
0.974021
0.993866
1.01284
1.03208
1.05153
1.07009
1.08758
1.10483
1.12238
1.13945
1.15548
1.17112
1.18698
1.20244
1.21703
1.23133
1.24568
1.25955
1.27273
1.28582
1.29878
1.31113
1.32308
1.33497
1.34643
1.35734
1.36819
1.37876
1.38869
1.3984
1.40804
1.4171
1.42583
1.43445
1.44261
1.4504
1.45797
1.46517
1.47208
1.47866
1.48481
1.49069
1.49623
1.50133
1.5061
1.51049
1.51445
1.51803
1.52116
1.52385
1.52609
1.52784
1.5291
1.52982
1.52999
1.52959
1.52857
1.52693
1.5246
1.52156
1.51779
1.51319
1.50778
1.50148
1.49423
1.48599
1.47669
1.4663
1.45471
1.44189
1.42775
1.41222
1.39524
1.37672
1.35651
1.33471
1.31106
1.28554
1.25809
1.22864
1.19706
1.16329
1.12735
1.08903
1.04844
1.00545
0.96007
0.912278
0.862092
0.80951
0.754638
0.697528
0.638176
0.5768
0.513542
0.448515
0.381886
0.31388
0.244705
0.174635
0.102655
0.0324587
-39.7648
-39.4722
-39.1615
-38.7266
-38.0788
-37.1643
-35.9614
-34.4851
-32.7783
-30.9005
-28.9147
-26.8801
-24.8494
-22.8633
-20.955
-19.1451
-17.4475
-15.8698
-14.4127
-13.074
-11.8497
-10.7321
-9.71531
-8.79085
-7.95201
-7.19144
-6.50229
-5.87818
-5.31393
-4.80387
-4.34288
-3.92674
-3.5513
-3.2127
-2.90756
-2.63251
-2.3845
-2.16082
-1.95886
-1.77632
-1.61113
-1.46152
-1.32571
-1.2022
-1.08963
-0.98676
-0.892461
-0.805673
-0.725524
-0.651309
-0.582255
-0.517868
-0.457632
-0.40099
-0.347568
-0.29702
-0.24891
-0.203059
-0.15925
-0.117138
-0.0765538
-0.0373805
0.000706296
0.0377806
0.0736924
0.108547
0.142536
0.175675
0.208186
0.240417
0.27225
0.303319
0.333604
0.363256
0.392393
0.42129
0.45017
0.478702
0.506337
0.533126
0.55968
0.586357
0.612923
0.638895
0.663997
0.688382
0.712585
0.73701
0.761297
0.784675
0.80702
0.829136
0.851649
0.874056
0.895395
0.915625
0.935803
0.95642
0.976754
0.99587
1.01417
1.03279
1.05163
1.06965
1.08658
1.10333
1.12043
1.13708
1.1527
1.16793
1.18343
1.19854
1.21277
1.22674
1.24083
1.25438
1.26727
1.28008
1.29281
1.30489
1.31656
1.32821
1.33944
1.35011
1.36071
1.37106
1.38078
1.39025
1.39966
1.40853
1.41703
1.42543
1.43338
1.44094
1.44829
1.45525
1.46192
1.46826
1.47417
1.4798
1.48509
1.48992
1.49444
1.49856
1.50225
1.50555
1.50839
1.51079
1.51274
1.51418
1.51514
1.51554
1.51539
1.51465
1.51331
1.51133
1.50865
1.50527
1.50114
1.4962
1.49043
1.48378
1.47618
1.46759
1.45795
1.44721
1.4353
1.42216
1.40771
1.3919
1.37467
1.35587
1.33549
1.31347
1.28966
1.26405
1.23656
1.20711
1.17555
1.14193
1.10613
1.06812
1.02786
0.985289
0.940435
0.893265
0.843798
0.792031
0.738077
0.681931
0.62371
0.563599
0.501649
0.438004
0.372855
0.306399
0.23884
0.170448
0.100184
0.031651
-37.7011
-37.4172
-37.1132
-36.6887
-36.0586
-35.1708
-34.0045
-32.5735
-30.9195
-29.0994
-27.175
-25.2045
-23.2375
-21.3159
-19.4712
-17.7229
-16.0862
-14.567
-13.1669
-11.8836
-10.7124
-9.64648
-8.6794
-7.8033
-7.01112
-6.29537
-5.64945
-5.06716
-4.54299
-4.07146
-3.64756
-3.26692
-2.92571
-2.61991
-2.34605
-2.10087
-1.88134
-1.68483
-1.50878
-1.35095
-1.20932
-1.0821
-0.967627
-0.864416
-0.771099
-0.6865
-0.609505
-0.539112
-0.474518
-0.415044
-0.359953
-0.308827
-0.261127
-0.216351
-0.174173
-0.13423
-0.0961179
-0.0597037
-0.0248087
0.00887075
0.0414902
0.0731398
0.10412
0.134485
0.164087
0.193
0.221402
0.249263
0.276802
0.304345
0.331774
0.358705
0.385095
0.411077
0.436749
0.462377
0.488192
0.513867
0.538827
0.563092
0.587255
0.611686
0.636147
0.660153
0.683414
0.706058
0.728621
0.75151
0.774367
0.796417
0.817506
0.838424
0.859821
0.881199
0.901552
0.920874
0.940182
0.959982
0.979568
0.997963
1.01559
1.03357
1.05185
1.06932
1.08569
1.10196
1.11861
1.13486
1.15001
1.16484
1.17998
1.19476
1.20861
1.22226
1.23605
1.24931
1.2619
1.27443
1.28691
1.29873
1.31013
1.32154
1.33255
1.34296
1.35333
1.36347
1.37296
1.38222
1.39139
1.40005
1.40833
1.4165
1.42423
1.43157
1.43867
1.44543
1.45185
1.45794
1.46362
1.469
1.47404
1.47862
1.48288
1.48674
1.49016
1.4932
1.49574
1.49786
1.49952
1.50066
1.5013
1.5014
1.50093
1.49988
1.49821
1.4959
1.49289
1.48918
1.4847
1.47942
1.47332
1.46632
1.45838
1.44946
1.43949
1.42843
1.41621
1.40276
1.38803
1.37196
1.35448
1.33543
1.31488
1.29267
1.26876
1.24309
1.21555
1.18607
1.15459
1.12113
1.08552
1.0478
1.00786
0.965739
0.921408
0.874854
0.826067
0.775115
0.722044
0.666892
0.609801
0.550858
0.490163
0.427878
0.36416
0.299213
0.233215
0.16641
0.097781
0.0308719
-35.6529
-35.3781
-35.0808
-34.6659
-34.0526
-33.1906
-32.0594
-30.6722
-29.0693
-27.3055
-25.4415
-23.5337
-21.6308
-19.7729
-17.9905
-16.3045
-14.7283
-13.2675
-11.9242
-10.6963
-9.57806
-8.56406
-7.64673
-6.81881
-6.07306
-5.40205
-4.7994
-4.25887
-3.77457
-3.34152
-2.95476
-2.60973
-2.30246
-2.02934
-1.78669
-1.57118
-1.38013
-1.21061
-1.0604
-0.927251
-0.809109
-0.704191
-0.610988
-0.528
-0.453846
-0.387439
-0.327671
-0.273568
-0.224474
-0.179689
-0.138525
-0.100593
-0.0653935
-0.0324212
-0.00143447
0.0279662
0.0561208
0.083153
0.109154
0.134457
0.159147
0.183295
0.207191
0.230889
0.254207
0.277212
0.300049
0.322662
0.345249
0.368127
0.391173
0.413984
0.436493
0.458823
0.481046
0.503418
0.526183
0.549014
0.571312
0.593062
0.614848
0.63704
0.6594
0.68145
0.702875
0.723787
0.744716
0.76607
0.787507
0.808231
0.828069
0.847793
0.868076
0.888428
0.907789
0.926212
0.944647
0.963641
0.982472
1.00014
1.01709
1.03444
1.05215
1.06909
1.08492
1.10068
1.11689
1.13271
1.1474
1.16182
1.17662
1.19104
1.20453
1.21785
1.23133
1.24432
1.2566
1.26885
1.28109
1.29266
1.30379
1.31498
1.32576
1.33592
1.34606
1.35599
1.36525
1.37428
1.38323
1.39165
1.39972
1.40766
1.41517
1.42228
1.42915
1.43568
1.44188
1.44773
1.45318
1.45831
1.4631
1.46744
1.47143
1.47502
1.47819
1.48095
1.48321
1.48506
1.48642
1.48728
1.48761
1.48741
1.48664
1.48527
1.48329
1.48065
1.47732
1.47328
1.46847
1.46287
1.45643
1.4491
1.44084
1.4316
1.42132
1.40996
1.39744
1.3837
1.36871
1.3524
1.33463
1.31541
1.29471
1.27235
1.24834
1.22259
1.195
1.16554
1.13419
1.10088
1.06547
1.02802
0.988449
0.946785
0.902974
0.856994
0.808898
0.75876
0.70655
0.652395
0.596379
0.53857
0.479105
0.418123
0.355793
0.292291
0.227778
0.162497
0.0954696
0.0301381
-33.6225
-33.3566
-33.0659
-32.6602
-32.0625
-31.225
-30.1274
-28.7824
-27.2292
-25.5215
-23.7163
-21.8701
-20.0301
-18.2358
-16.5155
-14.8914
-13.3746
-11.9728
-10.6863
-9.51307
-8.44842
-7.48554
-6.61828
-5.83834
-5.13895
-4.51264
-3.9532
-3.45402
-3.0098
-2.61519
-2.26519
-1.95571
-1.68237
-1.44162
-1.23004
-1.04419
-0.881331
-0.738862
-0.614336
-0.50573
-0.410919
-0.328276
-0.25624
-0.193305
-0.138255
-0.0899349
-0.04727
-0.00941641
0.0242773
0.054456
0.0817603
0.106575
0.129356
0.150535
0.170444
0.189367
0.207627
0.225309
0.242501
0.259454
0.276259
0.292957
0.309802
0.326869
0.343947
0.361079
0.378379
0.395778
0.413439
0.43168
0.450364
0.469077
0.487731
0.50643
0.525224
0.544359
0.564087
0.584092
0.603744
0.622995
0.642418
0.662374
0.682644
0.702748
0.722349
0.741538
0.760841
0.780666
0.800691
0.820096
0.838686
0.857222
0.876395
0.895706
0.914106
0.931643
0.94919
0.967392
0.985478
1.00243
1.0187
1.03541
1.05255
1.06893
1.08423
1.09949
1.11527
1.13062
1.14488
1.15888
1.17334
1.18739
1.20053
1.2135
1.22672
1.23941
1.2514
1.26338
1.27537
1.28667
1.29753
1.30851
1.31905
1.32897
1.33886
1.34857
1.35762
1.36642
1.37515
1.38335
1.3912
1.3989
1.40618
1.41308
1.41973
1.42603
1.432
1.43762
1.44283
1.44772
1.45226
1.45635
1.46009
1.46342
1.46633
1.4688
1.47081
1.47239
1.47346
1.47402
1.47407
1.47356
1.4725
1.47082
1.46853
1.46558
1.46194
1.45758
1.45245
1.44653
1.43977
1.43213
1.42356
1.41401
1.40344
1.39178
1.37898
1.36498
1.34974
1.33318
1.31519
1.29584
1.27494
1.25245
1.22835
1.20254
1.17494
1.14557
1.11433
1.08112
1.04596
1.0088
0.969609
0.928378
0.885065
0.839676
0.792306
0.742919
0.691581
0.638406
0.58342
0.526723
0.468445
0.408712
0.347723
0.285613
0.222535
0.15874
0.0932721
0.0294418
-31.6118
-31.3546
-31.0702
-30.6733
-30.0907
-29.2763
-28.2112
-26.9078
-25.4028
-23.7483
-22.0018
-20.2157
-18.4376
-16.7055
-15.0479
-13.4843
-12.0275
-10.6839
-9.45403
-8.33553
-7.32409
-6.41287
-5.59501
-4.86291
-4.20979
-3.62809
-3.11147
-2.65375
-2.24938
-1.89295
-1.57984
-1.30556
-1.06608
-0.857527
-0.67676
-0.520345
-0.38565
-0.26997
-0.171063
-0.086825
-0.0153079
0.0451891
0.0962353
0.139195
0.175332
0.205741
0.231395
0.25308
0.271454
0.287126
0.300653
0.312426
0.322855
0.332364
0.341264
0.34979
0.358215
0.366624
0.37505
0.383716
0.392678
0.401968
0.411821
0.422294
0.433178
0.444487
0.456295
0.468522
0.481293
0.494925
0.509272
0.523913
0.538736
0.55383
0.569218
0.585138
0.601853
0.619051
0.636074
0.652845
0.669917
0.687652
0.705845
0.724013
0.741803
0.759283
0.776966
0.795275
0.813892
0.831986
0.849334
0.866691
0.88476
0.903013
0.920491
0.937117
0.953781
0.971207
0.988542
1.00478
1.02039
1.0365
1.05305
1.06885
1.08362
1.09839
1.11371
1.1286
1.14242
1.15605
1.17014
1.18385
1.19663
1.20926
1.22222
1.23462
1.24628
1.258
1.26974
1.28076
1.29136
1.30211
1.31242
1.32209
1.33174
1.34125
1.35007
1.35862
1.36715
1.37514
1.38275
1.39023
1.39729
1.40396
1.4104
1.41648
1.4222
1.42761
1.43256
1.43722
1.44153
1.44536
1.44885
1.45194
1.45457
1.45678
1.45853
1.45983
1.46063
1.4609
1.46066
1.45987
1.45851
1.45653
1.45394
1.45069
1.44674
1.44207
1.43664
1.43041
1.42335
1.4154
1.40654
1.39669
1.38583
1.3739
1.36083
1.34658
1.33112
1.31431
1.29617
1.27663
1.25554
1.23297
1.20882
1.18295
1.15541
1.12608
1.09493
1.06189
1.02699
0.990124
0.951298
0.910492
0.867678
0.822937
0.776241
0.727606
0.677136
0.624885
0.570888
0.515265
0.458129
0.399644
0.339957
0.279179
0.217502
0.155148
0.0911672
0.0287643
-29.6227
-29.3743
-29.096
-28.7073
-28.1388
-27.3466
-26.3122
-25.0475
-23.5895
-21.9882
-20.2982
-18.5719
-16.855
-15.1846
-13.588
-12.0853
-10.6885
-9.40265
-8.22895
-7.16532
-6.20654
-5.34665
-4.57812
-3.89377
-3.28649
-2.74921
-2.27542
-1.85905
-1.49421
-1.17583
-0.899382
-0.660039
-0.454047
-0.277622
-0.127393
-0.000328414
0.106486
0.195412
0.268876
0.328884
0.377309
0.415858
0.446043
0.469224
0.486588
0.499207
0.507957
0.513611
0.516778
0.518039
0.51788
0.516711
0.514902
0.512845
0.510814
0.509029
0.507711
0.506915
0.506643
0.507078
0.508259
0.510203
0.513123
0.517054
0.521794
0.527329
0.533697
0.540795
0.548724
0.557777
0.567819
0.578418
0.589442
0.600957
0.612967
0.625702
0.639429
0.653842
0.668258
0.682568
0.697301
0.712834
0.728966
0.74521
0.761201
0.776988
0.793065
0.809868
0.827082
0.843877
0.859995
0.876186
0.89314
0.910356
0.926919
0.942599
0.958412
0.975064
0.991641
1.00717
1.02213
1.03763
1.0536
1.06884
1.08308
1.09735
1.11221
1.12667
1.14005
1.15329
1.16701
1.18039
1.19282
1.20514
1.2178
1.22989
1.24122
1.25268
1.26417
1.27494
1.28529
1.29577
1.30586
1.31528
1.32471
1.334
1.34259
1.3509
1.35921
1.367
1.37438
1.38165
1.3885
1.39494
1.40116
1.40701
1.4125
1.41768
1.4224
1.42683
1.43089
1.43447
1.43773
1.44057
1.44293
1.44489
1.44638
1.4474
1.44792
1.44792
1.4474
1.44632
1.44467
1.44241
1.43952
1.43598
1.43173
1.42676
1.42103
1.41451
1.40715
1.39891
1.38976
1.37964
1.36851
1.35631
1.34299
1.32851
1.31282
1.2958
1.27749
1.25775
1.23659
1.21395
1.18972
1.16385
1.13632
1.10705
1.07603
1.04319
1.00852
0.97195
0.933499
0.893126
0.850857
0.806709
0.760655
0.712785
0.663154
0.611785
0.558756
0.504186
0.448197
0.390936
0.332473
0.272987
0.212658
0.151677
0.0891148
0.0281104
-27.6568
-27.4174
-27.1453
-26.7642
-26.2086
-25.4372
-24.4327
-23.2062
-21.7937
-20.243
-18.6084
-16.9406
-15.2839
-13.6742
-12.1385
-10.6964
-9.35838
-8.12993
-7.01263
-6.00319
-5.0972
-4.28801
-3.56838
-2.93162
-2.37015
-1.87719
-1.4459
-1.07045
-0.745064
-0.464697
-0.224396
-0.0198293
0.152838
0.297527
0.417292
0.515296
0.594363
0.656809
0.70495
0.74091
0.76641
0.783272
0.792783
0.796354
0.79513
0.790105
0.782094
0.77186
0.759938
0.74687
0.733166
0.719195
0.70526
0.691752
0.678913
0.666894
0.655938
0.646018
0.637107
0.629384
0.622861
0.617519
0.613566
0.611029
0.609702
0.609507
0.610488
0.612501
0.615626
0.620145
0.625922
0.632517
0.639776
0.647749
0.656416
0.665994
0.676763
0.688411
0.700246
0.712116
0.724535
0.737883
0.751966
0.766302
0.780515
0.794624
0.80911
0.824415
0.840238
0.855743
0.870645
0.885676
0.901515
0.917749
0.933362
0.948115
0.963108
0.978958
0.994773
1.00961
1.02392
1.03879
1.05416
1.06889
1.08262
1.09639
1.11078
1.12481
1.13777
1.15061
1.16398
1.17699
1.18905
1.20108
1.21343
1.22521
1.23627
1.24746
1.25868
1.26919
1.27928
1.28951
1.29937
1.30854
1.31774
1.32683
1.33519
1.34328
1.35137
1.35894
1.3661
1.37316
1.37979
1.386
1.39201
1.39763
1.4029
1.40785
1.41234
1.41655
1.42036
1.42369
1.42672
1.4293
1.43141
1.43312
1.43435
1.4351
1.43535
1.43508
1.43428
1.43293
1.431
1.42845
1.42528
1.42145
1.4169
1.41165
1.40564
1.39883
1.39118
1.38267
1.37324
1.36285
1.35146
1.33901
1.32545
1.31075
1.29483
1.27765
1.25916
1.23932
1.21807
1.19532
1.17104
1.14517
1.11765
1.08849
1.05761
1.02496
0.990521
0.954276
0.916197
0.876268
0.834517
0.79092
0.745544
0.698434
0.649605
0.599095
0.547029
0.493504
0.438627
0.382492
0.325229
0.26701
0.20797
0.148314
0.0871491
0.0274842
-25.7159
-25.4853
-25.219
-24.8452
-24.3024
-23.5511
-22.5745
-21.3845
-20.015
-18.5144
-16.9342
-15.3234
-13.726
-12.1764
-10.7011
-9.31834
-8.03891
-6.86778
-5.80576
-4.85058
-3.99684
-3.23787
-2.56755
-1.97785
-1.46207
-1.01291
-0.623992
-0.289138
-0.00285921
0.239979
0.444208
0.61425
0.754021
0.867065
0.956623
1.02592
1.07739
1.11355
1.13676
1.14881
1.15173
1.14699
1.13608
1.12025
1.10062
1.0781
1.05348
1.02749
1.00063
0.973396
0.946302
0.919629
0.893695
0.868891
0.845339
0.82322
0.802698
0.783746
0.766294
0.750496
0.736336
0.723792
0.713036
0.704118
0.696775
0.690921
0.686571
0.683555
0.681922
0.681949
0.683506
0.686135
0.689673
0.694142
0.699505
0.70596
0.713797
0.722712
0.731991
0.741443
0.751576
0.762758
0.774809
0.787261
0.799712
0.812163
0.825072
0.838889
0.853336
0.867563
0.881261
0.895129
0.909881
0.92514
0.939792
0.953662
0.967836
0.982873
0.997939
1.01211
1.02577
1.04
1.05479
1.069
1.0822
1.09547
1.10942
1.12301
1.13556
1.14802
1.16102
1.17365
1.18536
1.1971
1.20915
1.22063
1.23141
1.24231
1.25327
1.26352
1.27334
1.28335
1.29298
1.30191
1.31088
1.31975
1.32788
1.33575
1.34363
1.35098
1.35791
1.36475
1.37115
1.37716
1.38295
1.38835
1.39339
1.39811
1.40239
1.40636
1.40992
1.41303
1.41582
1.41814
1.42
1.42147
1.42244
1.42293
1.42292
1.42238
1.42131
1.4197
1.41748
1.41465
1.41121
1.40709
1.40227
1.39674
1.39045
1.38336
1.37544
1.36666
1.35697
1.34632
1.33468
1.32199
1.30821
1.29329
1.27719
1.25984
1.24123
1.22126
1.19988
1.17707
1.15275
1.12688
1.09944
1.07039
1.03963
1.00719
0.973014
0.937077
0.89936
0.859874
0.818628
0.775626
0.730929
0.68454
0.636469
0.586819
0.535711
0.483189
0.429347
0.374315
0.318236
0.261237
0.203454
0.145095
0.0852661
0.0268802
-23.8024
-23.5805
-23.3197
-22.9525
-22.421
-21.6877
-20.7379
-19.5831
-18.2573
-16.8047
-15.2774
-13.7227
-12.1837
-10.693
-9.27713
-7.95315
-6.73147
-5.61715
-4.61025
-3.70873
-2.9067
-2.1982
-1.57612
-1.03343
-0.562772
-0.157327
0.189716
0.484125
0.731507
0.9372
1.10574
1.24161
1.34869
1.43047
1.49018
1.53083
1.55508
1.56528
1.56364
1.55221
1.53267
1.50665
1.47553
1.4405
1.40267
1.36283
1.3218
1.28022
1.23858
1.19736
1.157
1.1178
1.08002
1.04404
1.00992
0.977799
0.947824
0.919931
0.89404
0.87025
0.848559
0.828895
0.811424
0.79619
0.782905
0.771466
0.761847
0.753863
0.747528
0.743117
0.740498
0.739205
0.739065
0.740075
0.742172
0.745543
0.750483
0.756696
0.763442
0.770512
0.778381
0.787417
0.797463
0.808051
0.818761
0.829573
0.840923
0.853269
0.866353
0.879318
0.891819
0.904536
0.918218
0.932481
0.946195
0.959213
0.972551
0.986786
1.00113
1.01464
1.02763
1.04124
1.05548
1.06916
1.08181
1.0946
1.10811
1.12126
1.1334
1.14548
1.15811
1.17039
1.18178
1.1932
1.20493
1.21613
1.2266
1.23721
1.24794
1.25795
1.26749
1.27729
1.28669
1.29539
1.30412
1.31276
1.32066
1.32831
1.33598
1.3431
1.34981
1.35643
1.36262
1.36841
1.374
1.37916
1.38396
1.38846
1.39253
1.39626
1.3996
1.40248
1.40502
1.4071
1.40872
1.40994
1.41065
1.41088
1.41062
1.40982
1.40849
1.40661
1.40412
1.40102
1.39731
1.39292
1.38783
1.38202
1.37546
1.3681
1.35993
1.35089
1.34094
1.33005
1.31817
1.30525
1.29126
1.27615
1.25988
1.24239
1.22362
1.20351
1.18208
1.15921
1.13487
1.10903
1.08168
1.0527
1.02211
0.989879
0.955947
0.920317
0.882987
0.84396
0.80322
0.760816
0.716753
0.671037
0.62373
0.574958
0.52476
0.47319
0.420368
0.366438
0.311493
0.25567
0.199105
0.141977
0.0834244
0.0262978
-21.9171
-21.704
-21.4484
-21.0876
-20.5668
-19.8519
-18.9278
-17.8064
-16.5204
-15.1156
-13.6395
-12.1403
-10.6581
-9.226
-7.86838
-6.60251
-5.43806
-4.37964
-3.42758
-2.5788
-1.8282
-1.16949
-0.595694
-0.0993999
0.326277
0.688579
0.993935
1.24839
1.45743
1.62619
1.75944
1.86153
1.93626
1.98707
2.01715
2.02952
2.02682
2.01132
1.98522
1.95049
1.90879
1.86178
1.81074
1.75674
1.70091
1.64402
1.58673
1.52974
1.47352
1.41844
1.36503
1.31347
1.26402
1.21698
1.17243
1.13044
1.09113
1.05442
1.02017
0.988502
0.959376
0.932688
0.908601
0.887138
0.867998
0.851041
0.836223
0.823329
0.812358
0.803562
0.796819
0.791653
0.787888
0.785484
0.784358
0.784687
0.786768
0.79031
0.794558
0.799278
0.804909
0.811827
0.819894
0.828637
0.837632
0.846824
0.856632
0.867529
0.879263
0.890982
0.902298
0.913889
0.92651
0.939772
0.952566
0.964741
0.977231
0.990689
1.00434
1.01718
1.02951
1.04252
1.05623
1.06934
1.08146
1.09379
1.10685
1.11955
1.1313
1.14298
1.15524
1.16718
1.17826
1.18934
1.20076
1.21169
1.22185
1.23221
1.24271
1.25244
1.26172
1.27129
1.28046
1.28891
1.29741
1.30583
1.31351
1.32095
1.32841
1.3353
1.3418
1.3482
1.35417
1.35975
1.36514
1.37006
1.37464
1.37893
1.38278
1.38627
1.38938
1.39203
1.39433
1.39618
1.39756
1.39854
1.39899
1.39897
1.39846
1.3974
1.39582
1.39367
1.39091
1.38757
1.38358
1.37892
1.37357
1.36751
1.36068
1.35307
1.34464
1.33535
1.32516
1.31404
1.30193
1.28881
1.27462
1.25933
1.2429
1.22525
1.20633
1.18615
1.16465
1.14174
1.1174
1.0916
1.06431
1.03543
1.00502
0.97299
0.939321
0.904035
0.867094
0.82849
0.788261
0.746419
0.702964
0.657927
0.611409
0.563477
0.514143
0.463505
0.411711
0.358839
0.304979
0.250286
0.19488
0.138948
0.0816618
0.0257534
-20.0624
-19.8579
-19.6073
-19.2522
-18.7418
-18.0424
-17.1431
-16.0545
-14.8085
-13.4488
-12.0237
-10.5779
-9.15162
-7.7769
-6.47677
-5.26793
-4.16002
-3.15682
-2.25858
-1.46232
-0.762702
-0.153319
0.372752
0.823108
1.20439
1.52378
1.78806
2.00288
2.17386
2.30624
2.40464
2.47338
2.51599
2.53614
2.53704
2.52142
2.49212
2.45116
2.40095
2.3433
2.27976
2.21205
2.14129
2.06864
1.99504
1.92123
1.84793
1.77575
1.70512
1.63644
1.57016
1.50642
1.44546
1.38754
1.3327
1.28097
1.23245
1.18703
1.14455
1.10511
1.06865
1.03505
1.00445
0.97685
0.951938
0.929546
0.909602
0.891873
0.876322
0.863204
0.852386
0.84341
0.83607
0.830304
0.826006
0.823339
0.822602
0.823506
0.825296
0.827697
0.831122
0.835953
0.842065
0.848985
0.856292
0.863887
0.872178
0.881641
0.892044
0.90253
0.912681
0.923165
0.934739
0.947007
0.958911
0.97022
0.981877
0.994589
1.00754
1.0197
1.03141
1.04383
1.05696
1.06952
1.08115
1.09301
1.10562
1.11789
1.12925
1.14055
1.15242
1.16402
1.17478
1.18552
1.19667
1.20731
1.21719
1.22729
1.23753
1.24697
1.25602
1.26536
1.27429
1.28249
1.29078
1.29897
1.30643
1.31367
1.32092
1.32759
1.33386
1.34007
1.34582
1.3512
1.35636
1.36106
1.36543
1.36951
1.37312
1.37639
1.37927
1.38168
1.38376
1.38537
1.38652
1.38725
1.38745
1.38719
1.38644
1.38512
1.38329
1.38089
1.37788
1.37427
1.37002
1.36511
1.35951
1.35319
1.34611
1.33825
1.32957
1.32005
1.30962
1.29828
1.28596
1.27264
1.25826
1.24281
1.22621
1.20842
1.1894
1.16916
1.14759
1.12464
1.1003
1.07456
1.04733
1.01859
0.988357
0.956529
0.923153
0.888189
0.851604
0.813441
0.773724
0.732434
0.689584
0.645239
0.599495
0.552347
0.503863
0.454157
0.403347
0.351475
0.29867
0.245075
0.19081
0.136048
0.0799782
0.0252216
-18.2397
-18.0433
-17.7977
-17.4481
-16.9467
-16.2633
-15.3865
-14.3289
-13.1217
-11.8062
-10.4304
-9.03736
-7.66612
-6.34734
-5.10349
-3.95128
-2.89874
-1.95013
-1.10512
-0.360685
0.288772
0.849309
1.32825
1.73288
2.07029
2.34748
2.571
2.74678
2.8803
2.97665
3.04052
3.07617
3.08715
3.07709
3.04912
3.00601
2.95032
2.88444
2.81041
2.7301
2.64515
2.557
2.46682
2.37573
2.28461
2.19416
2.10509
2.01796
1.93315
1.85109
1.77211
1.6964
1.62412
1.5555
1.49053
1.42919
1.3716
1.3176
1.26702
1.21993
1.17626
1.13586
1.09885
1.06522
1.03463
1.00688
0.981889
0.959397
0.939338
0.921957
0.907132
0.894408
0.883552
0.874478
0.867064
0.861452
0.857934
0.856242
0.855612
0.855727
0.85698
0.859755
0.863934
0.869065
0.87471
0.880738
0.887536
0.89558
0.90467
0.91394
0.922957
0.932346
0.942881
0.954169
0.965202
0.975646
0.986505
0.998463
1.01071
1.02222
1.03331
1.04513
1.05769
1.06973
1.08086
1.09227
1.10442
1.11629
1.12725
1.13815
1.14967
1.16094
1.17137
1.18178
1.19265
1.20297
1.21259
1.22243
1.23241
1.24158
1.2504
1.25952
1.26822
1.27618
1.28424
1.29221
1.29946
1.30647
1.31351
1.31996
1.32602
1.33202
1.33756
1.34273
1.34767
1.35215
1.35631
1.36018
1.36356
1.36661
1.36927
1.37145
1.3733
1.37467
1.37559
1.37609
1.37605
1.37556
1.37455
1.37299
1.37091
1.36826
1.365
1.36114
1.35663
1.35148
1.34563
1.33906
1.33174
1.32364
1.31473
1.30497
1.29433
1.28277
1.27025
1.25674
1.24219
1.22656
1.20983
1.19192
1.17282
1.15249
1.13085
1.10788
1.08358
1.0579
1.03074
1.00216
0.972087
0.940487
0.907392
0.872734
0.836533
0.79883
0.759596
0.718836
0.676595
0.632949
0.587923
0.541546
0.493901
0.445111
0.395227
0.344328
0.292569
0.240052
0.186889
0.133246
0.0783393
0.0247008
-16.4509
-16.2628
-16.0218
-15.6769
-15.1843
-14.5164
-13.6621
-12.6338
-11.4628
-10.1909
-8.86247
-7.52066
-6.20302
-4.93894
-3.75073
-2.65364
-1.65555
-0.760887
0.0315539
0.724972
1.32457
1.83715
2.26944
2.62907
2.9232
3.15878
3.34201
3.47922
3.57563
3.63652
3.66643
3.66937
3.64923
3.60931
3.55283
3.48261
3.401
3.31056
3.21311
3.11057
3.0045
2.89623
2.78694
2.67769
2.56935
2.46251
2.35792
2.25607
2.15735
2.06211
1.97068
1.88321
1.79979
1.72065
1.6457
1.57492
1.5084
1.44597
1.38742
1.33282
1.28207
1.235
1.19169
1.15213
1.11596
1.08294
1.05299
1.02581
1.00132
0.979748
0.960991
0.944585
0.930272
0.917953
0.907478
0.898967
0.892716
0.888473
0.885459
0.883322
0.88244
0.883194
0.885474
0.88885
0.892858
0.897348
0.902676
0.909321
0.917119
0.925199
0.933095
0.94141
0.950906
0.961246
0.971394
0.981007
0.991097
1.0023
1.01385
1.02472
1.0352
1.04643
1.05842
1.06994
1.08059
1.09155
1.10324
1.11471
1.12527
1.13579
1.14697
1.15791
1.168
1.17812
1.18867
1.19871
1.20806
1.21764
1.22736
1.23627
1.24486
1.25375
1.26221
1.26995
1.27778
1.28554
1.29256
1.29936
1.30617
1.31241
1.31827
1.32405
1.32939
1.33435
1.33907
1.34334
1.3473
1.35093
1.3541
1.35694
1.35937
1.36133
1.36296
1.3641
1.36479
1.36504
1.36478
1.36405
1.36281
1.361
1.35868
1.35578
1.35228
1.34817
1.34342
1.33804
1.33194
1.32512
1.31757
1.30924
1.30011
1.29012
1.27927
1.26751
1.25481
1.24111
1.22638
1.21062
1.19378
1.17573
1.15654
1.13613
1.11446
1.09151
1.06724
1.0416
1.01455
0.986114
0.956205
0.924848
0.892022
0.857688
0.821878
0.784601
0.745836
0.705611
0.663992
0.621013
0.576682
0.531069
0.484253
0.436336
0.387349
0.337423
0.286675
0.23519
0.183084
0.130529
0.07675
0.0242007
-14.6976
-14.5177
-14.2813
-13.9409
-13.4562
-12.8016
-11.9685
-10.9692
-9.83399
-8.60349
-7.32116
-6.02929
-4.7637
-3.55354
-2.41983
-1.37652
-0.432533
0.409364
1.14996
1.79299
2.34367
2.8087
3.19527
3.5106
3.76215
3.95643
4.10014
4.19927
4.25927
4.28514
4.28147
4.25223
4.20135
4.13212
4.0476
3.95064
3.84371
3.72905
3.60862
3.48421
3.35737
3.2293
3.10127
2.97418
2.84883
2.72595
2.60609
2.48982
2.37744
2.2693
2.16566
2.06662
1.9723
1.88279
1.79803
1.71799
1.64269
1.57198
1.50562
1.44365
1.38596
1.33234
1.28286
1.23748
1.19582
1.15763
1.12281
1.09103
1.06219
1.03651
1.01389
0.993867
0.976166
0.960666
0.947187
0.93583
0.9269
0.920148
0.914784
0.910441
0.90747
0.906239
0.906657
0.908303
0.910708
0.913689
0.917567
0.922843
0.929372
0.936286
0.943073
0.950326
0.958791
0.968202
0.977487
0.986309
0.995629
1.00607
1.01694
1.02719
1.03706
1.04771
1.05915
1.07015
1.08035
1.09083
1.10208
1.11316
1.12332
1.13348
1.14431
1.15492
1.16468
1.17449
1.18475
1.19451
1.20358
1.21291
1.22236
1.23104
1.23938
1.24804
1.25627
1.26377
1.2714
1.27895
1.28573
1.29231
1.29893
1.30496
1.3106
1.31618
1.32131
1.32605
1.33057
1.33464
1.33837
1.34179
1.34475
1.34738
1.34958
1.35133
1.35273
1.35365
1.35411
1.35414
1.35364
1.35267
1.35119
1.34915
1.3466
1.34346
1.33973
1.33537
1.33039
1.32477
1.31843
1.31139
1.30361
1.29505
1.28569
1.27551
1.26445
1.2525
1.23961
1.22574
1.21086
1.195
1.17799
1.15983
1.14056
1.12012
1.09844
1.07548
1.05125
1.02567
0.99873
0.970431
0.940716
0.909594
0.877031
0.843024
0.80759
0.770735
0.732454
0.692782
0.651771
0.609425
0.565784
0.520912
0.474907
0.427826
0.37973
0.330754
0.280964
0.23047
0.179399
0.127892
0.075212
0.0237199
-12.9819
-12.81
-12.5781
-12.2427
-11.7657
-11.1232
-10.3092
-9.33713
-8.2359
-7.04571
-5.80854
-4.56513
-3.35067
-2.1925
-1.11212
-0.122292
0.769015
1.55902
2.24889
2.8423
3.34483
3.76329
4.10471
4.37645
4.5858
4.73963
4.84451
4.90614
4.93023
4.92161
4.88487
4.82413
4.74292
4.64486
4.53289
4.40971
4.27785
4.13942
3.99644
3.85058
3.70332
3.55589
3.40938
3.26477
3.12279
2.98416
2.84935
2.71891
2.59318
2.4724
2.35679
2.24643
2.14137
2.04172
1.94734
1.8582
1.77431
1.69547
1.62147
1.55228
1.4878
1.42778
1.37224
1.32115
1.27412
1.23086
1.19126
1.15498
1.12187
1.09217
1.06576
1.04219
1.02117
1.00256
0.98614
0.971999
0.960435
0.951214
0.94355
0.937052
0.932036
0.928854
0.927447
0.927397
0.928228
0.929729
0.932189
0.936124
0.941404
0.947168
0.952861
0.959077
0.966539
0.97504
0.98349
0.991523
1.00007
1.00978
1.02
1.02962
1.03889
1.04896
1.05987
1.07036
1.08011
1.09011
1.10095
1.11162
1.1214
1.1312
1.14168
1.15196
1.1614
1.17091
1.18089
1.19037
1.19915
1.20824
1.21745
1.22587
1.23396
1.2424
1.2504
1.25766
1.26509
1.27242
1.27897
1.28534
1.29178
1.2976
1.30302
1.3084
1.31332
1.31785
1.32217
1.32603
1.32954
1.33276
1.33551
1.33792
1.3399
1.34144
1.34262
1.34331
1.34355
1.34336
1.34262
1.34143
1.33972
1.33745
1.33466
1.33129
1.32733
1.32275
1.31753
1.31167
1.30511
1.29785
1.28985
1.28107
1.2715
1.26112
1.24987
1.23773
1.22466
1.21064
1.19564
1.17962
1.16247
1.14424
1.12494
1.10445
1.08271
1.05979
1.03561
1.01008
0.983265
0.955119
0.925597
0.894698
0.862413
0.828737
0.793684
0.757266
0.719457
0.680324
0.639891
0.598156
0.555187
0.511054
0.465843
0.419572
0.372352
0.324281
0.27542
0.225904
0.175836
0.125343
0.0737301
0.023265
-11.3056
-11.1415
-10.9136
-10.5811
-10.1111
-9.48207
-8.6868
-7.74059
-6.67172
-5.5197
-4.32644
-3.13004
-1.96492
-0.858488
0.170314
1.1081
1.94759
2.68664
3.32683
3.87149
4.32676
4.69925
4.9965
5.22533
5.39336
5.50756
5.57408
5.59901
5.58776
5.54523
5.47608
5.38421
5.27344
5.14703
5.00805
4.85921
4.7029
4.54126
4.37616
4.20924
4.04195
3.87553
3.71092
3.54914
3.39089
3.2368
3.08739
2.94316
2.80432
2.67116
2.54384
2.42238
2.30684
2.19722
2.09344
1.99541
1.90309
1.81632
1.73483
1.6586
1.58747
1.52117
1.45972
1.40306
1.35075
1.30254
1.25826
1.21757
1.18029
1.14664
1.11654
1.0895
1.06524
1.04358
1.02429
1.00742
0.993273
0.981638
0.971725
0.963119
0.956094
0.951006
0.947811
0.946096
0.945391
0.945446
0.946523
0.949137
0.953194
0.957815
0.962459
0.967653
0.974144
0.981751
0.989367
0.996615
1.0044
1.01343
1.02299
1.03198
1.04067
1.05018
1.06055
1.07055
1.07984
1.08939
1.09982
1.11009
1.1195
1.12895
1.13909
1.14902
1.15815
1.16738
1.17708
1.18627
1.19479
1.20363
1.21259
1.22075
1.22859
1.23682
1.2446
1.25164
1.25885
1.26597
1.27229
1.27846
1.28471
1.2903
1.29552
1.30072
1.30543
1.30974
1.31386
1.31752
1.32081
1.32382
1.32638
1.32856
1.33033
1.33166
1.33262
1.33309
1.33312
1.33269
1.33174
1.33032
1.32838
1.3259
1.32287
1.31927
1.31508
1.31028
1.30484
1.29875
1.29198
1.2845
1.27628
1.26729
1.25753
1.24695
1.23551
1.2232
1.20998
1.1958
1.18066
1.16449
1.14727
1.12897
1.10961
1.08904
1.06733
1.04446
1.02028
0.994838
0.968157
0.94016
0.910831
0.88017
0.848164
0.814821
0.78016
0.744149
0.706809
0.668203
0.628313
0.587184
0.5449
0.501503
0.457038
0.411565
0.365199
0.317997
0.270056
0.221494
0.172391
0.122888
0.0723129
0.0228265
-9.67004
-9.51356
-9.28928
-8.96113
-8.49643
-7.87763
-7.10081
-6.17886
-5.14184
-4.02737
-2.8758
-1.72571
-0.609249
0.447521
1.42561
2.31249
3.10154
3.79062
4.38206
4.87917
5.28809
5.61573
5.86947
6.05645
6.18404
6.2591
6.28813
6.27695
6.231
6.15526
6.05421
5.93193
5.7921
5.63799
5.47266
5.29863
5.11845
4.93402
4.74727
4.55976
4.37288
4.18781
4.00552
3.82693
3.65281
3.48362
3.31995
3.16222
3.01061
2.86535
2.72658
2.5943
2.46847
2.34913
2.23616
2.12941
2.02887
1.93436
1.84558
1.76246
1.68485
1.61243
1.5452
1.48308
1.42563
1.37257
1.32372
1.27871
1.23737
1.19987
1.16615
1.13573
1.10831
1.08368
1.06157
1.04204
1.02537
1.01138
0.999265
0.988594
0.979605
0.972663
0.967715
0.964373
0.962172
0.960817
0.960537
0.961863
0.964713
0.968227
0.971866
0.976042
0.981572
0.988291
0.995099
1.00159
1.00865
1.01699
1.02589
1.03428
1.0424
1.05137
1.0612
1.07074
1.07956
1.08867
1.0987
1.10857
1.11761
1.12672
1.13651
1.14611
1.15494
1.16389
1.17331
1.1822
1.19047
1.19906
1.2078
1.2157
1.2233
1.23133
1.23888
1.24569
1.25268
1.2596
1.2657
1.27166
1.2777
1.28308
1.2881
1.29313
1.29762
1.30171
1.30564
1.3091
1.31218
1.315
1.31735
1.31931
1.32088
1.322
1.32273
1.32299
1.32281
1.32216
1.321
1.31934
1.31719
1.31449
1.31124
1.30741
1.303
1.29798
1.29232
1.28602
1.27903
1.27134
1.26291
1.25373
1.24377
1.233
1.22139
1.20891
1.19553
1.18121
1.16593
1.14968
1.13236
1.11398
1.09455
1.07397
1.0523
1.02941
1.00526
0.979944
0.953385
0.925546
0.896408
0.865985
0.83427
0.801266
0.766964
0.731352
0.694496
0.656384
0.617043
0.576548
0.534927
0.492219
0.448481
0.403809
0.358259
0.311905
0.264863
0.217217
0.16905
0.120503
0.070925
0.0223913
-8.07699
-7.92799
-7.70785
-7.38262
-6.92416
-6.31565
-5.5548
-4.65614
-3.64934
-2.57078
-1.46008
-0.35404
0.715448
1.72353
2.65198
3.48936
4.22912
4.86976
5.41319
5.86385
6.22772
6.51153
6.7226
6.86849
6.95645
6.99333
6.98554
6.93894
6.85906
6.75082
6.61866
6.46659
6.29841
6.1172
5.92607
5.72754
5.52392
5.31722
5.10932
4.90165
4.69564
4.49238
4.29285
4.09789
3.90822
3.72434
3.54678
3.37586
3.2118
3.05474
2.9048
2.76194
2.62609
2.49726
2.3753
2.26006
2.15152
2.04945
1.95357
1.86376
1.77982
1.70144
1.62858
1.56112
1.49865
1.44085
1.38754
1.33834
1.29302
1.25178
1.21454
1.18082
1.15031
1.12279
1.09795
1.07581
1.05668
1.04038
1.02612
1.01344
1.00254
0.993792
0.987129
0.982205
0.978546
0.975813
0.974211
0.974275
0.975946
0.978412
0.981021
0.984198
0.988813
0.99467
1.00068
1.00644
1.0128
1.02045
1.02868
1.03653
1.04408
1.05249
1.06181
1.07089
1.07925
1.08797
1.09757
1.10704
1.11575
1.12453
1.13396
1.14323
1.15177
1.16044
1.16958
1.17819
1.18619
1.19456
1.20307
1.21071
1.21809
1.22589
1.23321
1.2398
1.24658
1.2533
1.25919
1.26494
1.27078
1.27596
1.28079
1.28562
1.28991
1.29378
1.29751
1.30078
1.30366
1.30627
1.30841
1.31017
1.31154
1.31245
1.31296
1.31302
1.31261
1.31175
1.31038
1.30851
1.30614
1.30322
1.29975
1.2957
1.29109
1.28585
1.27997
1.27346
1.26626
1.25837
1.24974
1.24037
1.23022
1.21928
1.20749
1.19485
1.18133
1.16687
1.15149
1.13513
1.11769
1.09927
1.0798
1.05922
1.03754
1.01465
0.990593
0.965374
0.938941
0.911253
0.882314
0.852147
0.820724
0.788038
0.754083
0.718901
0.682501
0.644883
0.606116
0.566222
0.525221
0.48319
0.440189
0.396276
0.351509
0.305999
0.259822
0.213058
0.165802
0.118183
0.0695775
0.0219744
-6.52799
-6.38603
-6.16943
-5.84638
-5.39241
-4.79353
-4.04825
-3.17261
-2.19438
-1.15086
-0.0792406
0.983339
2.00716
2.96804
3.84838
4.6371
5.329
5.92239
6.41917
6.8246
7.14427
7.38519
7.55475
7.66064
7.70987
7.70926
7.66559
7.58437
7.47136
7.33128
7.16866
6.98765
6.79167
6.58414
6.36779
6.14525
5.91881
5.69047
5.46186
5.23455
5.00985
4.78885
4.57253
4.36161
4.15685
3.95869
3.76757
3.58385
3.40766
3.23911
3.07828
2.9251
2.77948
2.64141
2.5107
2.38721
2.27088
2.16148
2.05867
1.96235
1.87226
1.78808
1.70973
1.63709
1.56972
1.50731
1.44966
1.39637
1.34719
1.3023
1.26164
1.22472
1.19121
1.16087
1.13336
1.10869
1.08716
1.06861
1.05226
1.03762
1.02488
1.01436
1.00603
0.999562
0.994482
0.990407
0.987522
0.986347
0.986886
0.988307
0.989882
0.992138
0.995875
1.00086
1.00609
1.01115
1.01684
1.02376
1.0314
1.03868
1.04568
1.05356
1.06238
1.07099
1.07893
1.08725
1.09642
1.10551
1.11391
1.12233
1.13143
1.14037
1.14863
1.15703
1.16589
1.17424
1.18196
1.1901
1.19838
1.20579
1.21293
1.2205
1.22761
1.23398
1.24056
1.24709
1.25276
1.2583
1.26395
1.26893
1.27357
1.27821
1.28229
1.28594
1.28948
1.29257
1.29524
1.29765
1.29958
1.30114
1.30232
1.303
1.30331
1.30317
1.30254
1.30148
1.2999
1.29782
1.29523
1.29209
1.28841
1.28416
1.27933
1.27387
1.2678
1.26108
1.25367
1.24558
1.23677
1.2272
1.21689
1.20577
1.19382
1.18103
1.16736
1.15279
1.13731
1.12081
1.10331
1.08485
1.06534
1.04474
1.02306
1.00021
0.976238
0.951121
0.924809
0.897275
0.868568
0.838651
0.807501
0.775123
0.741547
0.706784
0.670816
0.633712
0.595491
0.556161
0.515782
0.474426
0.432131
0.38894
0.344965
0.300276
0.254929
0.209029
0.162658
0.115941
0.0682826
0.021581
-5.02425
-4.88903
-4.67486
-4.35524
-3.90699
-3.31668
-2.58603
-1.73131
-0.780641
0.229857
1.26309
2.28431
3.26401
4.17899
5.01278
5.75474
6.39963
6.94684
7.39893
7.75988
8.03669
8.23578
8.36496
8.43167
8.44306
8.40605
8.3271
8.21233
8.06689
7.89586
7.70371
7.49434
7.27137
7.0381
6.79724
6.55138
6.3027
6.05316
5.80445
5.558
5.31515
5.07692
4.84424
4.61784
4.39839
4.18636
3.98211
3.78593
3.59794
3.41821
3.24679
3.08358
2.92846
2.78139
2.64221
2.51069
2.38681
2.27029
2.16078
2.05812
1.96207
1.87225
1.78856
1.71087
1.63874
1.57185
1.50999
1.45273
1.3998
1.35139
1.3074
1.26736
1.23094
1.19786
1.16777
1.14063
1.11677
1.09603
1.07765
1.06111
1.04657
1.03433
1.02438
1.01642
1.00995
1.00458
1.00045
0.998067
0.997504
0.99786
0.998493
0.999886
1.0027
1.00683
1.01133
1.01573
1.02071
1.02695
1.03402
1.04073
1.04721
1.05457
1.06289
1.07104
1.07859
1.0865
1.09524
1.10398
1.11205
1.12014
1.12892
1.13754
1.1455
1.15363
1.16224
1.17032
1.17778
1.18569
1.19375
1.20092
1.20782
1.21518
1.22209
1.22823
1.23461
1.24095
1.2464
1.25173
1.25719
1.26198
1.26641
1.27087
1.27475
1.27819
1.28156
1.28445
1.2869
1.28913
1.29087
1.29221
1.2932
1.29368
1.29378
1.29343
1.2926
1.29133
1.28954
1.28725
1.28446
1.2811
1.27722
1.27277
1.26772
1.26206
1.25579
1.24887
1.24127
1.23299
1.22398
1.21425
1.20375
1.19247
1.18037
1.16743
1.15363
1.13895
1.12336
1.10675
1.0892
1.07071
1.05115
1.03055
1.00887
0.986074
0.962186
0.937174
0.910978
0.883634
0.855153
0.825463
0.794584
0.762526
0.729328
0.694951
0.659438
0.622831
0.585128
0.546365
0.506603
0.465901
0.424281
0.381824
0.338623
0.29471
0.250177
0.205118
0.159608
0.113769
0.0670311
0.0211959
-3.56772
-3.439
-3.22851
-2.91051
-2.46642
-1.88489
-1.16843
-0.333576
0.590763
1.56936
2.56614
3.5474
4.48428
5.35523
6.14368
6.83991
7.43988
7.94244
8.35054
8.66872
8.90366
9.06203
9.15195
9.18045
9.15502
9.0826
8.96961
8.82194
8.64505
8.44392
8.22301
7.98611
7.73695
7.47863
7.21391
6.94536
6.67505
6.40495
6.13665
5.87165
5.61115
5.35621
5.10766
4.86625
4.63259
4.40711
4.1901
3.98184
3.7824
3.59181
3.41013
3.23718
3.07285
2.91707
2.76965
2.63038
2.49919
2.37577
2.25975
2.15097
2.04913
1.95384
1.86497
1.78238
1.70564
1.6344
1.56846
1.50734
1.4508
1.39896
1.35175
1.30869
1.26945
1.23371
1.20111
1.17159
1.14546
1.12259
1.10224
1.08387
1.06759
1.05368
1.04216
1.03275
1.02494
1.01831
1.01296
1.00942
1.00775
1.0071
1.00688
1.00736
1.00924
1.0126
1.01641
1.02013
1.02441
1.03004
1.03652
1.04268
1.04866
1.0555
1.06333
1.07105
1.07822
1.0857
1.09405
1.10245
1.11017
1.11795
1.12641
1.13474
1.14239
1.15026
1.15863
1.16645
1.17365
1.18133
1.18916
1.1961
1.20277
1.20993
1.21662
1.22255
1.22875
1.23486
1.24011
1.24526
1.25053
1.25511
1.25934
1.26361
1.26729
1.27054
1.27374
1.27641
1.27867
1.28072
1.28225
1.2834
1.28419
1.28447
1.28437
1.28382
1.28279
1.28131
1.27932
1.27683
1.27382
1.27027
1.26618
1.26153
1.25628
1.25042
1.24395
1.23683
1.22905
1.22058
1.21139
1.20149
1.19082
1.17938
1.16714
1.15406
1.14014
1.12536
1.10964
1.09294
1.07537
1.05682
1.03722
1.01664
0.994969
0.972244
0.948436
0.923507
0.897458
0.870324
0.842029
0.812569
0.781965
0.750241
0.717398
0.68342
0.648358
0.612229
0.575036
0.536828
0.497678
0.457607
0.416653
0.374918
0.332447
0.289297
0.245562
0.20132
0.156648
0.111659
0.0658099
0.0208196
-2.15986
-2.03795
-1.83002
-1.51389
-1.07337
-0.499715
0.203997
1.01971
1.91864
2.86708
3.82881
4.77104
5.66679
6.49485
7.23952
7.89202
8.44801
8.90751
9.27276
9.54956
9.74393
9.863
9.91454
9.90614
9.84501
9.73808
9.59197
9.41245
9.20513
8.97478
8.72588
8.46233
8.18771
7.90509
7.61724
7.32663
7.03539
6.74532
6.45811
6.17507
5.8975
5.62638
5.3625
5.10658
4.85917
4.62066
4.39129
4.17135
3.96081
3.75972
3.56806
3.38571
3.21245
3.04826
2.8929
2.74614
2.60786
2.47778
2.35549
2.24077
2.13333
2.03274
1.93886
1.85153
1.77032
1.69488
1.62499
1.56016
1.50011
1.44497
1.39464
1.34867
1.30668
1.26837
1.23335
1.20152
1.17319
1.14827
1.12602
1.10587
1.0879
1.07239
1.05935
1.04852
1.03941
1.03157
1.02504
1.02037
1.01763
1.01606
1.01495
1.01449
1.01556
1.01819
1.02129
1.02433
1.02795
1.03298
1.03887
1.04452
1.05001
1.05636
1.06371
1.07101
1.07779
1.08487
1.09285
1.10091
1.10829
1.11576
1.12392
1.13195
1.13932
1.14691
1.15504
1.16261
1.16957
1.17701
1.18461
1.19133
1.1978
1.20474
1.21121
1.21694
1.22294
1.22885
1.23391
1.23886
1.24395
1.24832
1.25236
1.25646
1.25993
1.263
1.26601
1.26847
1.27055
1.27242
1.27374
1.27469
1.27529
1.27537
1.27507
1.27433
1.27309
1.27142
1.26923
1.26653
1.26333
1.25958
1.25529
1.25044
1.24499
1.23894
1.23228
1.22497
1.217
1.20835
1.19899
1.18892
1.17809
1.1665
1.15413
1.14092
1.12687
1.11197
1.09615
1.07941
1.0618
1.04318
1.02358
1.003
0.981365
0.958694
0.934953
0.910129
0.884265
0.857296
0.82918
0.799969
0.769655
0.738263
0.705768
0.672186
0.63756
0.601894
0.565199
0.527554
0.488991
0.449525
0.40924
0.3682
0.326441
0.28404
0.241082
0.197633
0.15377
0.109605
0.0646271
0.0204592
-0.802104
-0.685819
-0.48133
-0.167053
0.270702
0.837845
1.52924
2.32654
3.2016
4.12006
5.04826
5.95369
6.81009
7.59655
8.29913
8.90933
9.42295
9.84045
10.1648
10.4013
10.5562
10.6373
10.6518
10.6075
10.5118
10.3716
10.1934
9.98315
9.7463
9.48767
9.21176
8.92236
8.62311
8.31697
8.00676
7.69481
7.38323
7.07388
6.76832
6.46795
6.17388
5.88714
5.60847
5.33854
5.07784
4.82674
4.58546
4.35419
4.13295
3.92171
3.72044
3.52898
3.34714
3.17482
3.0118
2.85781
2.71272
2.57621
2.44785
2.32741
2.21456
2.10886
2.01012
1.91822
1.8327
1.75321
1.6795
1.6111
1.54768
1.48936
1.43602
1.38723
1.34259
1.30181
1.26444
1.23039
1.19994
1.17303
1.14893
1.12707
1.10748
1.09041
1.0759
1.06371
1.05335
1.04433
1.03667
1.03091
1.02715
1.02466
1.02265
1.02137
1.02168
1.02352
1.02592
1.02831
1.03134
1.03577
1.04109
1.04623
1.05126
1.05713
1.064
1.0709
1.0773
1.084
1.09163
1.09933
1.10638
1.11355
1.12144
1.12918
1.13626
1.14359
1.15147
1.15881
1.16554
1.17271
1.1801
1.18664
1.19288
1.19958
1.20586
1.2114
1.21718
1.22291
1.22779
1.23255
1.23744
1.24161
1.24548
1.24938
1.25266
1.25555
1.25837
1.26064
1.26253
1.26421
1.26533
1.26609
1.2665
1.26638
1.2659
1.26497
1.26352
1.26166
1.25926
1.25637
1.25298
1.24903
1.24455
1.2395
1.23386
1.22762
1.22078
1.21328
1.20513
1.19631
1.18678
1.17655
1.16557
1.15384
1.14132
1.12799
1.11382
1.09882
1.08292
1.06613
1.04846
1.0298
1.01021
0.989621
0.968011
0.9454
0.921748
0.897068
0.871356
0.844518
0.81662
0.787671
0.757644
0.726559
0.69441
0.661223
0.627023
0.591804
0.555617
0.518521
0.480519
0.441665
0.402036
0.361662
0.3206
0.278932
0.236727
0.194047
0.150974
0.107616
0.0634843
0.0201102
0.503906
0.614518
0.817196
1.12931
1.56313
2.12338
2.80312
3.58379
4.43686
5.32809
6.22393
7.0939
7.91205
8.65911
9.32125
9.89028
10.3632
10.7404
11.025
11.2226
11.3397
11.3839
11.3626
11.2839
11.1548
10.9824
10.7732
10.5333
10.2679
9.982
9.67996
9.3657
9.04258
8.7137
8.38188
8.04934
7.71819
7.39023
7.06701
6.74988
6.43995
6.13819
5.84525
5.56182
5.28835
5.02512
4.77234
4.53017
4.2986
4.07758
3.86704
3.66683
3.47672
3.2966
3.12622
2.96528
2.81362
2.67092
2.53673
2.41077
2.29272
2.18209
2.07869
1.98238
1.8927
1.80931
1.73194
1.6601
1.59345
1.53206
1.47583
1.42431
1.37713
1.33396
1.29435
1.25814
1.22565
1.19682
1.17095
1.14745
1.1263
1.10774
1.09181
1.0783
1.06674
1.05659
1.04784
1.04102
1.03627
1.03286
1.03004
1.02799
1.02748
1.02856
1.03031
1.03211
1.03456
1.03839
1.04316
1.04785
1.05242
1.05779
1.06421
1.07072
1.07676
1.0831
1.09037
1.09773
1.10445
1.11133
1.11895
1.12642
1.13322
1.14028
1.14792
1.15506
1.16153
1.16845
1.17566
1.18199
1.188
1.19449
1.20059
1.20592
1.21149
1.21705
1.22173
1.2263
1.231
1.235
1.23867
1.24238
1.24548
1.24818
1.25083
1.25291
1.25461
1.2561
1.25703
1.2576
1.25782
1.25752
1.25685
1.25572
1.25408
1.25202
1.24943
1.24635
1.24277
1.23862
1.23396
1.22872
1.22288
1.21646
1.20944
1.20176
1.19344
1.18445
1.17476
1.16437
1.15325
1.14137
1.12872
1.11527
1.101
1.0859
1.06991
1.05309
1.03537
1.01668
0.997083
0.976493
0.954921
0.932387
0.908834
0.884292
0.858683
0.83202
0.804358
0.77565
0.745898
0.715126
0.683326
0.650527
0.616733
0.581966
0.546289
0.509717
0.472271
0.434026
0.395021
0.355296
0.314917
0.273965
0.23249
0.19056
0.148261
0.105683
0.0623696
0.0197708
1.7567
1.86149
2.06078
2.37115
2.80292
3.35802
4.02788
4.79254
5.62372
6.48908
7.35416
8.19021
8.97197
9.68088
10.304
10.8339
11.2676
11.6057
11.8522
12.0124
12.0931
12.1017
12.0462
11.9341
11.7729
11.5695
11.3306
11.0621
10.7692
10.4571
10.1299
9.79155
9.4455
9.09484
8.74216
8.38979
8.0398
7.69396
7.35379
7.02057
6.69541
6.37918
6.07258
5.77618
5.49043
5.21553
4.9517
4.69906
4.45755
4.22713
4.0077
3.79909
3.60105
3.41344
3.23601
3.0684
2.91046
2.76182
2.62202
2.49076
2.3677
2.25234
2.14447
2.04392
1.95026
1.86313
1.78225
1.7071
1.63735
1.57302
1.51401
1.45987
1.41025
1.3648
1.32302
1.28475
1.25029
1.21962
1.19206
1.16697
1.14432
1.12433
1.10704
1.09226
1.07955
1.06831
1.05851
1.05067
1.04495
1.04071
1.03712
1.03425
1.03295
1.03336
1.03451
1.03573
1.0376
1.04084
1.04508
1.04932
1.05343
1.05833
1.06435
1.07049
1.07614
1.08213
1.08908
1.0961
1.10251
1.1091
1.11644
1.12367
1.1302
1.13696
1.1444
1.15134
1.15755
1.16425
1.17126
1.17739
1.18316
1.18946
1.19538
1.2005
1.20589
1.21126
1.21574
1.22013
1.22465
1.22845
1.23195
1.23548
1.23838
1.24092
1.24339
1.24528
1.24679
1.2481
1.24884
1.24923
1.24927
1.24877
1.2479
1.2466
1.24477
1.2425
1.23973
1.23647
1.2327
1.22836
1.22351
1.21808
1.21206
1.20546
1.19826
1.19042
1.18193
1.17276
1.16292
1.15238
1.14112
1.12911
1.11633
1.10276
1.0884
1.07321
1.05717
1.0403
1.0225
1.00379
0.984191
0.96362
0.942111
0.919637
0.896182
0.871747
0.846278
0.819822
0.792368
0.763898
0.734426
0.703969
0.672505
0.640075
0.606686
0.572386
0.5372
0.501131
0.46424
0.426578
0.38818
0.349096
0.309391
0.269131
0.228366
0.18717
0.145618
0.103796
0.0612888
0.0194455
2.9551
3.05413
3.25199
3.56184
3.99059
4.53969
5.20023
5.95055
6.76145
7.60126
8.43768
9.24109
9.98834
10.6607
11.2464
11.7386
12.1345
12.4355
12.6453
12.7696
12.8152
12.7898
12.7014
12.5573
12.3653
12.1323
11.8648
11.5688
11.2497
10.9123
10.5609
10.1995
9.83146
9.4598
9.08709
8.7157
8.3477
7.98472
7.62831
7.27969
6.93993
6.60986
6.29016
5.98134
5.68379
5.39772
5.12331
4.86061
4.60961
4.37019
4.14225
3.92561
3.72
3.52523
3.34105
3.16707
3.0031
2.84879
2.70361
2.56728
2.43942
2.31952
2.20736
2.10276
2.0053
1.91458
1.83034
1.75205
1.67933
1.61219
1.55051
1.49388
1.44191
1.39427
1.35042
1.31018
1.27384
1.2414
1.2122
1.1856
1.16153
1.14017
1.12157
1.10558
1.09176
1.07948
1.06868
1.05984
1.05322
1.0482
1.0438
1.04014
1.03816
1.03793
1.03846
1.03911
1.04042
1.04309
1.04685
1.05064
1.05429
1.05877
1.06442
1.07017
1.07544
1.0811
1.08774
1.09445
1.10055
1.10684
1.11393
1.12093
1.12717
1.13368
1.1409
1.14761
1.1536
1.1601
1.1669
1.17282
1.17838
1.1845
1.19022
1.19515
1.20036
1.20552
1.20984
1.21405
1.21837
1.222
1.22532
1.22866
1.23139
1.23375
1.23603
1.23774
1.23908
1.24019
1.24076
1.24096
1.24082
1.24013
1.23909
1.2376
1.23557
1.23313
1.23017
1.22673
1.22276
1.21824
1.2132
1.2076
1.2014
1.19462
1.18725
1.17924
1.17058
1.16126
1.15127
1.14058
1.12918
1.11704
1.10414
1.09046
1.07602
1.06075
1.04465
1.0277
1.00986
0.99114
0.971537
0.951007
0.929554
0.907139
0.883776
0.859456
0.834166
0.807886
0.780635
0.752407
0.723218
0.693052
0.661919
0.629869
0.596898
0.563041
0.528319
0.492756
0.456411
0.419318
0.381518
0.343059
0.30401
0.264422
0.224349
0.183869
0.143045
0.101966
0.0602423
0.0191295
4.09822
4.19283
4.38883
4.6969
5.12403
5.66856
6.31969
7.05599
7.84816
8.66417
9.4728
10.2456
10.9593
11.5971
12.147
12.6031
12.9631
13.2284
13.403
13.493
13.5052
13.4474
13.3272
13.1527
12.9312
12.6699
12.3751
12.0528
11.7085
11.3469
10.9724
10.5889
10.1998
9.80807
9.41629
9.02677
8.64147
8.26215
7.89022
7.52692
7.17322
6.82994
6.49773
6.17703
5.86821
5.57147
5.28693
5.01466
4.75458
4.50657
4.27054
4.04625
3.83341
3.63184
3.44121
3.26116
3.09145
2.9317
2.78139
2.64021
2.50778
2.38355
2.2673
2.15885
2.05774
1.96361
1.87617
1.79489
1.71935
1.64952
1.5853
1.52627
1.47207
1.42233
1.37651
1.33438
1.29624
1.26213
1.23136
1.20332
1.1779
1.15523
1.13538
1.11823
1.10334
1.09008
1.07832
1.06854
1.06107
1.05524
1.05005
1.04572
1.04311
1.0422
1.04212
1.04224
1.04301
1.04515
1.04846
1.05181
1.05503
1.05912
1.06438
1.06975
1.0747
1.08004
1.08632
1.09273
1.09858
1.10457
1.1114
1.11816
1.12417
1.13044
1.1374
1.1439
1.14971
1.15598
1.16258
1.1683
1.17368
1.17958
1.1851
1.18987
1.19488
1.19986
1.20401
1.20805
1.21218
1.21563
1.21876
1.22193
1.2245
1.22668
1.22877
1.23031
1.23146
1.2324
1.23278
1.23281
1.23248
1.23161
1.23039
1.22871
1.22651
1.22388
1.22074
1.21711
1.21297
1.20826
1.20305
1.19726
1.19089
1.18395
1.1764
1.16823
1.1594
1.14993
1.1398
1.12897
1.11743
1.10517
1.09215
1.07838
1.06386
1.04851
1.03231
1.01532
0.997455
0.97873
0.959136
0.938635
0.917229
0.894893
0.871625
0.847439
0.822298
0.796191
0.769153
0.74117
0.712247
0.68237
0.651588
0.619913
0.587339
0.553912
0.519654
0.484596
0.448781
0.412244
0.375025
0.33718
0.298767
0.259831
0.220436
0.180657
0.140545
0.100187
0.0592227
0.0188226
5.18516
5.27424
5.46791
5.77583
6.20159
6.74209
7.38444
8.10775
8.88259
9.67651
10.4586
11.2021
11.8842
12.4887
13.0048
13.4264
13.7519
13.9833
14.1245
14.1817
14.162
14.0732
13.9231
13.7196
13.4701
13.1816
12.8606
12.5133
12.145
11.7603
11.3639
10.9594
10.5502
10.1392
9.72927
9.32246
8.9208
8.52591
8.13925
7.76194
7.39497
7.03915
6.69501
6.363
6.04346
5.73655
5.44239
5.16099
4.89229
4.63613
4.39241
4.16084
3.94115
3.73311
3.53637
3.35055
3.17537
3.01046
2.85527
2.70948
2.57269
2.44435
2.32421
2.21209
2.10753
2.01016
1.91969
1.83557
1.75733
1.68495
1.61833
1.55702
1.50069
1.44895
1.40125
1.35733
1.31749
1.28177
1.24952
1.22011
1.19341
1.1695
1.14845
1.13019
1.11429
1.10009
1.08741
1.07675
1.06846
1.06181
1.05593
1.05102
1.04772
1.04615
1.04551
1.04512
1.04539
1.04707
1.04991
1.05281
1.05564
1.05936
1.06421
1.06925
1.07389
1.07888
1.08482
1.091
1.09659
1.10229
1.10884
1.11538
1.1212
1.1272
1.13391
1.14023
1.14585
1.1519
1.15828
1.16383
1.16902
1.1747
1.18005
1.18466
1.18947
1.19427
1.19825
1.20211
1.20606
1.20933
1.21229
1.21529
1.21769
1.21969
1.22161
1.22297
1.22395
1.22471
1.22491
1.22476
1.22425
1.22321
1.22181
1.21994
1.21757
1.21476
1.21145
1.20764
1.2033
1.19843
1.19304
1.18708
1.18054
1.17343
1.16571
1.15738
1.1484
1.13878
1.12851
1.11754
1.10587
1.09349
1.08037
1.06651
1.0519
1.03644
1.02019
1.00317
0.985289
0.966559
0.946967
0.9265
0.905151
0.882882
0.859722
0.835667
0.81066
0.784747
0.75792
0.730176
0.701511
0.671943
0.641506
0.610174
0.578
0.545005
0.511204
0.476637
0.441337
0.405341
0.36869
0.331443
0.293653
0.255358
0.216631
0.177532
0.138108
0.0984508
0.0582308
0.0185252
6.21336
6.29874
6.49135
6.79864
7.22202
7.75857
8.39424
9.10525
9.86308
10.6359
11.3936
12.1091
12.7615
13.3344
13.8183
14.207
14.5002
14.6992
14.8087
14.8348
14.7849
14.6668
14.4881
14.257
13.9808
13.6665
13.321
12.9499
12.5586
12.1521
11.7347
11.3102
10.8819
10.4529
10.0257
9.60253
9.18527
8.77567
8.37503
7.98446
7.60494
7.23718
6.88175
6.53901
6.2093
5.89277
5.58947
5.29945
5.02258
4.75871
4.50771
4.26929
4.04311
3.82895
3.62642
3.43513
3.25478
3.08496
2.92515
2.77499
2.63407
2.50184
2.37802
2.26243
2.15461
2.05418
1.96084
1.87402
1.79325
1.71846
1.64954
1.58607
1.52771
1.47409
1.42461
1.379
1.33755
1.3003
1.26664
1.23594
1.20802
1.18294
1.16076
1.14145
1.12459
1.10949
1.09595
1.08446
1.07535
1.06794
1.06147
1.05594
1.05196
1.04979
1.04863
1.04778
1.04758
1.04879
1.05112
1.05361
1.05612
1.05947
1.06394
1.06866
1.07299
1.07762
1.08329
1.08925
1.09455
1.09997
1.10628
1.1126
1.11822
1.12397
1.13043
1.13659
1.14202
1.14784
1.15401
1.1594
1.16441
1.16987
1.17505
1.17952
1.18413
1.18873
1.19257
1.19625
1.20002
1.20312
1.20591
1.20874
1.21096
1.2128
1.21455
1.21572
1.21654
1.21712
1.21715
1.21682
1.21614
1.21493
1.21334
1.2113
1.20875
1.20577
1.20228
1.19828
1.19378
1.18874
1.18318
1.17704
1.17034
1.16307
1.15518
1.14669
1.13757
1.12781
1.11739
1.10629
1.0945
1.08201
1.06878
1.05483
1.04011
1.02458
1.00832
0.991247
0.973324
0.954608
0.935027
0.914604
0.893298
0.871104
0.848066
0.82412
0.799267
0.773542
0.746926
0.719416
0.691013
0.661756
0.631631
0.600656
0.568885
0.536303
0.502947
0.468856
0.434062
0.3986
0.362509
0.325851
0.288666
0.251002
0.212924
0.174479
0.135731
0.0967622
0.0572668
0.018238
7.18307
7.26434
7.45575
7.76253
8.18532
8.71811
9.34641
10.0464
10.7886
11.5419
12.2761
12.9656
13.5897
14.1331
14.5863
14.9444
15.2066
15.3751
15.4545
15.4514
15.373
15.227
15.0214
14.7642
14.4627
14.1243
13.7553
13.3616
12.9488
12.5216
12.0844
11.641
11.1948
10.7486
10.3052
9.86651
9.43464
9.01113
8.59727
8.19422
7.80282
7.42381
7.05769
6.70483
6.36552
6.0399
5.72802
5.42985
5.1453
4.87418
4.61632
4.37143
4.13915
3.91923
3.71125
3.51479
3.32955
3.15511
2.99093
2.83665
2.69184
2.55594
2.42867
2.30982
2.19893
2.09561
1.99957
1.91021
1.82704
1.74998
1.6789
1.61338
1.55312
1.49771
1.44655
1.39936
1.35639
1.31769
1.2827
1.25079
1.22173
1.19553
1.17229
1.15199
1.1342
1.11827
1.10391
1.09164
1.08175
1.07365
1.06659
1.06044
1.05586
1.05312
1.05149
1.05021
1.04954
1.05023
1.05212
1.05429
1.05649
1.05944
1.06352
1.06796
1.07199
1.0763
1.08173
1.08742
1.09246
1.09765
1.10369
1.1098
1.11523
1.12074
1.12699
1.13296
1.13821
1.14381
1.14977
1.15502
1.15985
1.16511
1.17013
1.17442
1.17885
1.18328
1.18695
1.19047
1.19406
1.197
1.19963
1.20227
1.20432
1.206
1.20757
1.20858
1.20923
1.20964
1.20949
1.209
1.20815
1.20676
1.205
1.20278
1.20006
1.19691
1.19324
1.18907
1.1844
1.17919
1.17345
1.16715
1.16029
1.15286
1.14481
1.13617
1.12691
1.117
1.10645
1.09522
1.08331
1.07071
1.05739
1.04334
1.02852
1.01295
0.996673
0.97952
0.961577
0.942876
0.923317
0.902921
0.881663
0.859569
0.836632
0.8128
0.788113
0.762569
0.736159
0.708878
0.680744
0.65178
0.621968
0.591362
0.55997
0.527792
0.494878
0.461254
0.426962
0.392022
0.356481
0.320398
0.283804
0.246753
0.209302
0.171504
0.13342
0.0951174
0.0563286
0.017959
8.09322
8.17072
8.36024
8.66675
9.08854
9.61852
10.2408
10.9306
11.6584
12.3929
13.1057
13.7706
14.3679
14.8837
15.308
15.6372
15.8703
16.0101
16.0615
16.0307
15.9254
15.7532
15.5223
15.2404
14.9153
14.554
14.1629
13.7481
13.3149
12.8683
12.4125
11.9514
11.4883
11.026
10.5673
10.1142
9.66855
9.23194
8.8057
8.3909
7.98834
7.59876
7.2226
6.86024
6.51193
6.17779
5.85783
5.55205
5.2603
4.98239
4.71811
4.46716
4.22917
4.00383
3.79073
3.58943
3.3996
3.22082
3.05254
2.89439
2.74594
2.60661
2.4761
2.35419
2.24042
2.1344
2.03582
1.94408
1.85867
1.77948
1.70636
1.63893
1.57687
1.51978
1.46706
1.41838
1.37397
1.33392
1.29769
1.26464
1.2345
1.20727
1.18303
1.16177
1.14313
1.1264
1.1113
1.09826
1.08762
1.0789
1.07126
1.06458
1.05945
1.05615
1.05406
1.05235
1.05122
1.05143
1.05296
1.05484
1.05668
1.05924
1.06299
1.06716
1.07092
1.07495
1.08007
1.08551
1.09039
1.09529
1.10105
1.10699
1.11225
1.11753
1.12355
1.12934
1.13444
1.13981
1.14557
1.15067
1.15533
1.16042
1.16526
1.16937
1.17364
1.17789
1.18141
1.18476
1.18817
1.19095
1.19343
1.1959
1.19778
1.19929
1.20069
1.20154
1.20202
1.20227
1.20195
1.20129
1.20026
1.19871
1.19678
1.19438
1.1915
1.18818
1.18433
1.17999
1.17516
1.16978
1.16387
1.15741
1.1504
1.1428
1.13461
1.12582
1.11641
1.10636
1.09568
1.08433
1.0723
1.0596
1.04618
1.03204
1.01714
1.00154
0.985183
0.967991
0.950078
0.931355
0.911811
0.891449
0.870256
0.848259
0.825417
0.801711
0.77718
0.751813
0.72561
0.698558
0.670694
0.642012
0.612525
0.582276
0.551243
0.519474
0.486998
0.453837
0.420028
0.385598
0.350599
0.315074
0.279056
0.242603
0.20577
0.168607
0.131163
0.0935114
0.0554152
0.0176869
8.94151
9.0163
9.20515
9.51161
9.93239
10.4598
11.076
11.7563
12.4706
13.1883
13.8805
14.5227
15.0955
15.5849
15.9826
16.2846
16.4906
16.6036
16.6286
16.5719
16.4414
16.2447
15.99
15.6851
15.3379
14.9551
14.5433
14.1087
13.6566
13.1918
12.7186
12.2409
11.762
11.2848
10.8118
10.3451
9.88666
9.43785
9.00005
8.57425
8.16129
7.7618
7.37628
7.00505
6.64833
6.30625
5.97878
5.66589
5.36746
5.08321
4.81296
4.55637
4.31304
4.08265
3.86478
3.65895
3.46483
3.282
3.1099
2.94815
2.7963
2.65377
2.52025
2.39549
2.27903
2.17049
2.06955
1.97559
1.8881
1.80691
1.7319
1.66267
1.59893
1.54027
1.48609
1.43602
1.39029
1.34897
1.31157
1.27745
1.24633
1.21814
1.19295
1.1708
1.15135
1.13389
1.11808
1.10432
1.093
1.0837
1.07555
1.06835
1.06266
1.05885
1.0563
1.05418
1.05264
1.05244
1.05362
1.05518
1.05668
1.0589
1.06235
1.06625
1.06978
1.07351
1.0783
1.08356
1.08829
1.0929
1.09837
1.10416
1.10926
1.11434
1.12012
1.12575
1.13068
1.13584
1.14141
1.14635
1.15086
1.15578
1.16043
1.1644
1.1685
1.17256
1.17593
1.17912
1.18236
1.18499
1.18732
1.18962
1.19133
1.19268
1.19392
1.1946
1.19492
1.195
1.19452
1.19369
1.19249
1.19077
1.18867
1.18611
1.18305
1.17957
1.17556
1.17105
1.16605
1.1605
1.15444
1.14782
1.14065
1.1329
1.12456
1.11563
1.10608
1.09589
1.08509
1.07362
1.06148
1.04867
1.03515
1.02092
1.00599
0.99033
0.973862
0.956685
0.938778
0.92004
0.90051
0.880194
0.859076
0.837162
0.814414
0.790836
0.766459
0.741282
0.715271
0.688454
0.660854
0.632454
0.603295
0.573377
0.542711
0.511349
0.479296
0.446584
0.413249
0.379326
0.344854
0.309871
0.274419
0.238555
0.202326
0.165776
0.12896
0.091945
0.0545244
0.0174225
9.72764
9.7993
9.9873
10.294
10.7147
11.2398
11.8511
12.5227
13.2249
13.9269
14.6004
15.2213
15.7711
16.2363
16.6092
16.8858
17.0667
17.1547
17.155
17.0744
16.9203
16.7008
16.4239
16.0977
15.7297
15.327
14.896
14.443
13.9732
13.4915
13.0023
12.5093
12.0157
11.5246
11.0383
10.5591
10.0887
9.62859
9.18002
8.74402
8.32138
7.91274
7.51853
7.13907
6.77458
6.42514
6.09071
5.77127
5.46663
5.17653
4.90075
4.63894
4.39066
4.15559
3.93329
3.72326
3.52517
3.33858
3.16293
2.99784
2.84285
2.69736
2.56106
2.43366
2.31473
2.20385
2.10072
2.00471
1.91527
1.83225
1.75547
1.68458
1.61927
1.55916
1.50362
1.45228
1.40531
1.36282
1.32433
1.28922
1.25719
1.2281
1.20203
1.17905
1.15885
1.14071
1.12425
1.10982
1.09787
1.08804
1.0794
1.07167
1.06548
1.06119
1.05823
1.05574
1.05381
1.05325
1.05407
1.05531
1.05653
1.05843
1.06157
1.06523
1.06854
1.07199
1.07647
1.08154
1.0861
1.09049
1.09571
1.10131
1.10627
1.11116
1.1167
1.12215
1.12693
1.13191
1.13728
1.14207
1.14646
1.15117
1.15566
1.15951
1.16341
1.1673
1.17052
1.17356
1.17663
1.17911
1.18129
1.18341
1.18495
1.18617
1.18724
1.18775
1.18793
1.18784
1.18719
1.1862
1.18483
1.18294
1.18068
1.17796
1.17473
1.17109
1.16691
1.16225
1.15708
1.15137
1.14515
1.13838
1.13105
1.12315
1.11467
1.10559
1.0959
1.0856
1.07466
1.06307
1.05083
1.03791
1.02431
1.01001
0.995023
0.979263
0.962768
0.945599
0.927654
0.908929
0.889428
0.869149
0.8481
0.826265
0.803613
0.780176
0.755959
0.730955
0.705142
0.678564
0.651218
0.623103
0.594251
0.564663
0.534371
0.503397
0.471758
0.439492
0.406627
0.373192
0.339234
0.304786
0.269891
0.234603
0.198959
0.163011
0.126809
0.0904158
0.0536563
0.0171662
10.4497
10.5193
10.7075
11.0147
11.435
11.958
12.5646
13.2286
13.9196
14.6073
15.2636
15.8654
16.3939
16.837
17.1868
17.4402
17.5977
17.6626
17.64
17.5372
17.3614
17.1207
16.8235
16.4774
16.0904
15.6692
15.2205
14.7506
14.2644
13.7673
13.2632
12.756
12.249
11.745
11.2466
10.7558
10.2744
9.80386
9.34539
8.90001
8.46845
8.05135
7.64915
7.26214
6.89052
6.53431
6.19351
5.86804
5.55771
5.26224
4.98138
4.71476
4.46193
4.22255
3.99617
3.78228
3.58054
3.39049
3.21158
3.04342
2.88554
2.73734
2.59848
2.46868
2.34746
2.23444
2.12928
2.03138
1.94017
1.85545
1.77704
1.70461
1.63785
1.57641
1.51964
1.46712
1.41902
1.37544
1.33594
1.29994
1.26705
1.23715
1.21027
1.18652
1.16561
1.14685
1.12979
1.11476
1.10222
1.09186
1.08277
1.07459
1.06791
1.0632
1.05987
1.05701
1.05474
1.05384
1.05429
1.05526
1.05624
1.05782
1.06065
1.06409
1.0672
1.07038
1.0746
1.07945
1.08385
1.08806
1.09305
1.09843
1.10326
1.10797
1.11328
1.11855
1.12322
1.12802
1.13318
1.13785
1.14209
1.1466
1.15095
1.15466
1.15838
1.16211
1.16519
1.16809
1.17098
1.17331
1.17534
1.17728
1.17869
1.17976
1.18065
1.18101
1.18104
1.18077
1.17996
1.17882
1.17729
1.17523
1.17282
1.16992
1.16654
1.16274
1.1584
1.15358
1.14824
1.14238
1.13601
1.12908
1.1216
1.11355
1.10492
1.09571
1.0859
1.07546
1.0644
1.0527
1.04035
1.02734
1.01365
0.999289
0.984203
0.968384
0.951903
0.934706
0.916727
0.898008
0.878547
0.858307
0.83732
0.815566
0.793031
0.76973
0.745663
0.72082
0.69522
0.668879
0.641774
0.613938
0.58539
0.556137
0.526205
0.495612
0.464385
0.432558
0.400146
0.36719
0.333741
0.299816
0.265467
0.230738
0.195669
0.160309
0.124706
0.0889214
0.0528105
0.0169188
11.1075
11.1758
11.3634
11.671
12.0913
12.6131
13.2162
13.8734
14.5546
15.2293
15.8699
16.454
16.9634
17.3861
17.7147
17.9469
18.083
18.1266
18.0832
17.9598
17.7641
17.5041
17.188
16.8239
16.4192
15.9812
15.5165
15.0309
14.53
14.0186
13.5009
12.9809
12.4615
11.9459
11.4364
10.935
10.4435
9.96344
9.49592
9.04198
8.60229
8.17749
7.76801
7.37412
6.99599
6.63365
6.28705
5.9561
5.64059
5.34022
5.05474
4.78373
4.52675
4.28345
4.05334
3.83592
3.63085
3.43765
3.25578
3.08482
2.92432
2.77367
2.63248
2.50048
2.37718
2.2622
2.15521
2.05558
1.96275
1.87647
1.79659
1.72275
1.65467
1.59202
1.53411
1.48053
1.4314
1.38682
1.34641
1.30957
1.27592
1.24528
1.21766
1.19318
1.17163
1.1523
1.1347
1.11911
1.106
1.09518
1.0857
1.07709
1.06997
1.06488
1.06119
1.05801
1.05542
1.05413
1.05428
1.05504
1.05578
1.05704
1.05958
1.06283
1.06575
1.0687
1.07266
1.07727
1.08154
1.0856
1.09035
1.09554
1.10023
1.10477
1.10989
1.11498
1.11952
1.12415
1.12912
1.13367
1.13775
1.1421
1.14629
1.14985
1.15343
1.15699
1.15994
1.16268
1.16541
1.16759
1.16947
1.17125
1.17252
1.17343
1.17415
1.17437
1.17424
1.1738
1.17285
1.17155
1.16986
1.16765
1.16507
1.16201
1.15848
1.15451
1.15001
1.14504
1.13954
1.13352
1.127
1.11992
1.1123
1.10411
1.09534
1.08599
1.07605
1.06549
1.05431
1.0425
1.03005
1.01694
1.00317
0.988722
0.973568
0.957741
0.941227
0.923967
0.905993
0.8873
0.867849
0.847659
0.826747
0.805076
0.782648
0.759473
0.73556
0.710892
0.685494
0.659371
0.632519
0.60496
0.576712
0.547784
0.518208
0.487994
0.45717
0.425764
0.393799
0.361325
0.328369
0.294956
0.261139
0.226957
0.192452
0.157667
0.122653
0.0874635
0.0519859
0.0166772
11.7002
11.7672
11.9548
12.2626
12.6834
13.2043
13.8041
14.4554
15.1278
15.7913
16.4184
16.9865
17.4786
17.8828
18.1925
18.4052
18.5218
18.5461
18.4838
18.3418
18.1279
17.8503
17.5172
17.1365
16.716
16.2628
15.7834
15.2837
14.7694
14.2452
13.7153
13.1835
12.6531
12.1269
11.6073
11.0964
10.5958
10.1071
9.63144
9.16974
8.72274
8.29102
7.87498
7.47489
7.0909
6.72304
6.37122
6.03534
5.71517
5.41039
5.12073
4.84576
4.58504
4.33819
4.10472
3.88413
3.67605
3.48002
3.29548
3.12201
2.95915
2.80629
2.66301
2.52902
2.40386
2.28711
2.17845
2.07727
1.98297
1.8953
1.81408
1.73896
1.6697
1.60594
1.54702
1.49248
1.44242
1.39695
1.3557
1.31811
1.28378
1.25246
1.22416
1.19903
1.1769
1.15705
1.13897
1.12286
1.10928
1.09804
1.08815
1.07917
1.07168
1.06619
1.06216
1.05872
1.0558
1.05418
1.05409
1.05463
1.05511
1.0561
1.0584
1.06143
1.06419
1.06695
1.07062
1.07504
1.0792
1.08309
1.08762
1.09262
1.09718
1.10158
1.10649
1.11143
1.11584
1.1203
1.12512
1.12951
1.13345
1.13765
1.14168
1.14511
1.14855
1.15195
1.15474
1.15734
1.15991
1.16196
1.16369
1.16532
1.16643
1.1672
1.16777
1.16782
1.16753
1.16695
1.16585
1.1644
1.16254
1.16018
1.15744
1.15422
1.15054
1.14641
1.14175
1.13663
1.13098
1.12481
1.11813
1.11091
1.10314
1.09481
1.08591
1.07643
1.06635
1.05567
1.04438
1.03246
1.01991
1.00672
0.992853
0.97834
0.963145
0.947275
0.930708
0.913424
0.895455
0.876767
0.85734
0.83722
0.816366
0.794766
0.772447
0.749412
0.725647
0.701155
0.675958
0.650049
0.623444
0.596161
0.568206
0.539607
0.510374
0.480528
0.450102
0.419109
0.387591
0.355585
0.323106
0.290199
0.256903
0.223259
0.189304
0.155085
0.120647
0.0860373
0.0511801
0.0164416
12.2278
12.2939
12.4815
12.7904
13.2115
13.7312
14.3284
14.9749
15.6399
16.2931
16.9079
17.462
17.9387
18.3265
18.6193
18.8145
18.9137
18.9207
18.8413
18.6826
18.4524
18.159
17.8105
17.4152
16.9805
16.5135
16.021
15.5089
14.9825
14.4468
13.906
13.3638
12.8235
12.2878
11.7592
11.2398
10.7311
10.2347
9.75178
9.28318
8.82966
8.39176
7.96991
7.56432
7.17514
6.80236
6.44591
6.10566
5.78135
5.47265
5.17926
4.90078
4.63673
4.38671
4.15026
3.92685
3.7161
3.51755
3.33063
3.15494
2.98999
2.83516
2.69003
2.55429
2.42746
2.30913
2.19899
2.09642
2.00082
1.91191
1.8295
1.75324
1.68291
1.61817
1.55835
1.50297
1.45209
1.40581
1.36381
1.32555
1.29061
1.25869
1.22978
1.20406
1.1814
1.1611
1.14258
1.12603
1.11204
1.10034
1.09007
1.08082
1.07302
1.06711
1.06275
1.05909
1.05593
1.05402
1.05365
1.05399
1.05428
1.05504
1.05706
1.05988
1.06253
1.06511
1.06853
1.07276
1.07678
1.08052
1.08486
1.08967
1.09413
1.09838
1.10309
1.10789
1.11218
1.11648
1.12114
1.12539
1.12921
1.13323
1.13712
1.14044
1.14372
1.14696
1.14963
1.15209
1.1545
1.1564
1.158
1.15947
1.16043
1.16107
1.16149
1.16138
1.16093
1.1602
1.15896
1.15736
1.15534
1.15282
1.14993
1.14656
1.14272
1.13843
1.13363
1.12834
1.12255
1.11623
1.10941
1.10204
1.09413
1.08566
1.07663
1.06701
1.05681
1.04602
1.03461
1.02259
1.00994
0.996657
0.982725
0.968131
0.952878
0.936975
0.920377
0.903083
0.885093
0.866408
0.847033
0.826956
0.806156
0.784653
0.762448
0.739542
0.715917
0.691602
0.666603
0.640906
0.614546
0.58753
0.559871
0.53159
0.502695
0.473212
0.44317
0.412593
0.381516
0.349958
0.317953
0.285542
0.252758
0.219639
0.186224
0.152559
0.118683
0.0846417
0.050393
0.0162127
12.6911
12.7567
12.9446
13.2535
13.6747
14.194
14.7889
15.4309
16.0895
16.7342
17.3385
17.8803
18.3434
18.7169
18.9944
19.1744
19.2581
19.2498
19.1552
18.9817
18.7371
18.4297
18.0678
17.6594
17.2121
16.7332
16.2291
15.7059
15.169
14.6232
14.0728
13.5214
12.9724
12.4284
11.8919
11.365
10.8492
10.3461
9.85678
9.38214
8.92291
8.47964
8.0527
7.64231
7.2486
6.87155
6.51104
6.16697
5.83902
5.5269
5.23026
4.9487
4.68173
4.42896
4.18989
3.96401
3.75093
3.55018
3.36119
3.18356
3.01679
2.86025
2.71351
2.57623
2.44794
2.32824
2.2168
2.11301
2.01626
1.92628
1.84282
1.76556
1.69429
1.62868
1.56808
1.51197
1.46037
1.41338
1.37072
1.33187
1.29639
1.26395
1.23451
1.20826
1.18512
1.16443
1.14553
1.12862
1.1142
1.10208
1.09153
1.08207
1.07395
1.06764
1.063
1.05917
1.05583
1.05363
1.05296
1.05312
1.05328
1.05383
1.05555
1.05819
1.06075
1.06319
1.06638
1.07038
1.07427
1.07794
1.08209
1.08671
1.09105
1.09517
1.09971
1.10436
1.10853
1.1127
1.11718
1.12131
1.12501
1.12887
1.13262
1.13582
1.13895
1.14204
1.1446
1.14691
1.14915
1.15093
1.1524
1.15371
1.15453
1.15502
1.15528
1.15503
1.15445
1.15357
1.15217
1.15043
1.14825
1.14558
1.14254
1.13901
1.13502
1.13059
1.12563
1.12019
1.11426
1.1078
1.10082
1.09331
1.08526
1.07666
1.06749
1.05775
1.04743
1.03652
1.02501
1.01288
1.00014
0.98677
0.972769
0.958087
0.942785
0.926849
0.910224
0.892913
0.874899
0.856248
0.83692
0.816859
0.796132
0.774735
0.752628
0.729844
0.706372
0.682224
0.65741
0.63194
0.605818
0.579066
0.551699
0.523722
0.495163
0.46604
0.436378
0.406211
0.37556
0.344444
0.312907
0.28098
0.248696
0.216093
0.183209
0.150085
0.116759
0.0832761
0.0496241
0.0159894
13.0904
13.1551
13.3432
13.6527
14.0744
14.5931
15.186
15.8246
16.4774
17.1146
17.7097
18.2409
18.6922
19.053
19.3175
19.4841
19.5544
19.5326
19.4249
19.2385
18.9814
18.6619
18.2883
17.8686
17.4105
16.9212
16.4072
15.8745
15.3285
14.7741
14.2153
13.6561
13.0995
12.5484
12.0052
11.4718
10.95
10.4411
9.94628
9.46648
9.00239
8.55452
8.12325
7.70876
7.31119
6.93048
6.56653
6.21917
5.88814
5.57306
5.27365
4.98946
4.71999
4.46486
4.22356
3.99558
3.78051
3.57789
3.38714
3.20786
3.03953
2.88153
2.73341
2.59483
2.46528
2.3444
2.23184
2.127
2.02928
1.93838
1.85402
1.7759
1.70382
1.63747
1.5762
1.51947
1.46725
1.41966
1.37642
1.33706
1.30112
1.26823
1.23834
1.21163
1.18807
1.16703
1.14783
1.13058
1.11575
1.10332
1.09255
1.08287
1.07443
1.06781
1.06296
1.05897
1.05546
1.05299
1.05203
1.05201
1.0521
1.05248
1.05393
1.05636
1.05884
1.06117
1.06414
1.06793
1.07175
1.07532
1.07927
1.08372
1.08796
1.09197
1.09634
1.10083
1.1049
1.10895
1.11326
1.11726
1.12086
1.12457
1.12816
1.13126
1.13426
1.13719
1.13962
1.1418
1.1439
1.14555
1.14688
1.14804
1.14872
1.14907
1.14917
1.14879
1.14808
1.14704
1.1455
1.1436
1.14127
1.13846
1.13526
1.13159
1.12746
1.12286
1.11776
1.11218
1.10609
1.09949
1.09237
1.08473
1.07654
1.0678
1.05851
1.04864
1.0382
1.02718
1.01555
1.00333
0.990496
0.977044
0.962962
0.948233
0.932885
0.916883
0.900225
0.882904
0.864908
0.846269
0.826961
0.806955
0.786298
0.76498
0.74298
0.720318
0.696995
0.673015
0.648392
0.623138
0.597254
0.570761
0.543674
0.516004
0.487775
0.459007
0.429723
0.399953
0.369716
0.33904
0.30796
0.276507
0.244714
0.212619
0.180254
0.147659
0.114874
0.081938
0.0488717
0.0157718
)
;

boundaryField
{
    front
    {
        type            empty;
    }
    wall
    {
        type            zeroGradient;
    }
    inlet
    {
        type            zeroGradient;
    }
    back
    {
        type            empty;
    }
    outlet
    {
        type            fixedValue;
        value           uniform 0;
    }
}


// ************************************************************************* //
