/*--------------------------------*- C++ -*----------------------------------*\
| =========                 |                                                 |
| \\      /  F ield         | OpenFOAM: The Open Source CFD Toolbox           |
|  \\    /   O peration     | Version:  2412                                  |
|   \\  /    A nd           | Website:  www.openfoam.com                      |
|    \\/     M anipulation  |                                                 |
\*---------------------------------------------------------------------------*/
FoamFile
{
    version     2.0;
    format      ascii;
    arch        "LSB;label=32;scalar=64";
    class       volScalarField;
    location    "0.44";
    object      p;
}
// * * * * * * * * * * * * * * * * * * * * * * * * * * * * * * * * * * * * * //

dimensions      [0 2 -2 0 0 0 0];

internalField   nonuniform List<scalar> 
80000
(
0.238606
0.224583
0.205394
0.20608
0.187318
0.180597
0.181847
0.181779
0.197263
0.197172
0.18503
0.189699
0.19505
0.199745
0.204686
0.20377
0.203885
0.204323
0.207782
0.218048
0.221367
0.21749
0.216584
0.223114
0.230115
0.231676
0.231866
0.233613
0.234975
0.238808
0.24456
0.246297
0.245531
0.245754
0.250544
0.256213
0.256474
0.256583
0.258834
0.261397
0.26559
0.266978
0.267423
0.269606
0.272208
0.275412
0.276005
0.277521
0.279652
0.281626
0.284349
0.285257
0.28648
0.288523
0.290861
0.29183
0.292893
0.295378
0.296405
0.29777
0.299238
0.300863
0.30167
0.30317
0.304705
0.305363
0.306905
0.307911
0.308996
0.309819
0.311221
0.311752
0.312953
0.313734
0.314496
0.315407
0.31604
0.316808
0.31746
0.318083
0.318659
0.3192
0.319695
0.320146
0.320557
0.320927
0.321246
0.321538
0.321787
0.321977
0.322121
0.322237
0.322312
0.322341
0.322332
0.322269
0.322161
0.322009
0.321835
0.321613
0.157105
0.17096
0.16679
0.168886
0.158526
0.184923
0.206172
0.179907
0.178071
0.183977
0.182628
0.202884
0.203009
0.190569
0.197783
0.198248
0.201621
0.21581
0.216406
0.209764
0.207841
0.215867
0.227908
0.228368
0.224883
0.226697
0.229866
0.23414
0.24042
0.242403
0.241134
0.239032
0.245037
0.254847
0.253546
0.250755
0.253333
0.25709
0.262907
0.263239
0.263141
0.265195
0.267362
0.27224
0.272425
0.273146
0.276289
0.277864
0.280912
0.281643
0.282674
0.284807
0.287452
0.28962
0.289082
0.292238
0.293758
0.294728
0.296505
0.297938
0.299513
0.300509
0.302429
0.303163
0.304779
0.305677
0.307275
0.307953
0.309466
0.310073
0.311549
0.311935
0.313496
0.313822
0.315023
0.315624
0.31642
0.317106
0.317746
0.31839
0.318969
0.319504
0.320008
0.320475
0.320874
0.321254
0.321569
0.321841
0.322079
0.322264
0.322427
0.32254
0.322627
0.322663
0.322629
0.322548
0.322459
0.322306
0.3221
0.321889
0.130275
0.136126
0.144793
0.169821
0.167224
0.178275
0.179257
0.146657
0.181108
0.21304
0.182779
0.184968
0.191569
0.183148
0.20612
0.212029
0.200146
0.20461
0.204093
0.20835
0.222158
0.225486
0.220199
0.216256
0.223394
0.234244
0.235903
0.233833
0.235623
0.236413
0.240123
0.248247
0.249008
0.247159
0.247951
0.251986
0.260491
0.25851
0.258287
0.262954
0.262967
0.268197
0.269717
0.270105
0.273205
0.272942
0.277368
0.278151
0.280654
0.282689
0.282143
0.287083
0.287115
0.288156
0.290198
0.292662
0.29391
0.29406
0.297627
0.297394
0.299625
0.300866
0.302219
0.303353
0.304596
0.306275
0.306792
0.308451
0.309127
0.310748
0.311089
0.312693
0.313314
0.314178
0.315283
0.315782
0.316882
0.317437
0.318123
0.318747
0.319368
0.31992
0.320405
0.320893
0.321311
0.321693
0.322046
0.322318
0.322554
0.322775
0.322954
0.32306
0.323157
0.323199
0.323137
0.323078
0.323015
0.322898
0.322655
0.3224
0.126102
0.149869
0.153657
0.158268
0.136688
0.154563
0.179527
0.158245
0.185261
0.201139
0.153436
0.177302
0.214262
0.193732
0.194749
0.199129
0.192003
0.206135
0.214108
0.217548
0.217044
0.209404
0.216731
0.22834
0.233289
0.231374
0.227049
0.232083
0.239313
0.241178
0.242773
0.246973
0.244366
0.244327
0.254397
0.255715
0.255768
0.256084
0.257042
0.265168
0.264663
0.266227
0.269177
0.267943
0.275275
0.275443
0.276271
0.279692
0.279825
0.282887
0.283924
0.287448
0.287605
0.288662
0.293413
0.291731
0.294397
0.295939
0.297627
0.298505
0.300103
0.302087
0.302171
0.304535
0.304969
0.30688
0.306973
0.309253
0.30912
0.311267
0.311042
0.313363
0.312838
0.314953
0.314991
0.316095
0.316815
0.317575
0.318317
0.318866
0.319476
0.320041
0.320534
0.320971
0.321412
0.321764
0.32211
0.322407
0.32265
0.322898
0.323073
0.323186
0.323231
0.323242
0.323243
0.323231
0.323107
0.322986
0.322823
0.322555
0.150951
0.141966
0.128966
0.155873
0.144466
0.158948
0.18622
0.140515
0.153014
0.19285
0.159375
0.184604
0.216535
0.177527
0.181038
0.20642
0.208848
0.212012
0.204436
0.207688
0.213671
0.212939
0.230255
0.229906
0.218532
0.227841
0.232285
0.236126
0.242718
0.240869
0.23875
0.242963
0.248107
0.25177
0.256067
0.252099
0.252011
0.261377
0.261108
0.263528
0.265217
0.263694
0.270116
0.270483
0.273623
0.275352
0.274258
0.280902
0.279868
0.28255
0.28577
0.284813
0.288684
0.28947
0.292809
0.29183
0.295527
0.297683
0.296537
0.300843
0.300422
0.302714
0.303326
0.305656
0.306245
0.307419
0.308848
0.31002
0.310848
0.311961
0.313042
0.313852
0.314405
0.316086
0.316028
0.317595
0.317582
0.31856
0.319205
0.31978
0.320309
0.320856
0.321403
0.321794
0.32221
0.322543
0.322837
0.323133
0.323346
0.323502
0.32366
0.323821
0.323823
0.323821
0.323895
0.323843
0.323634
0.323437
0.323341
0.323124
0.136547
0.141322
0.140714
0.174355
0.153647
0.147059
0.180766
0.137825
0.151633
0.205552
0.152971
0.150481
0.201231
0.178153
0.186098
0.216268
0.210559
0.19982
0.19535
0.219617
0.230212
0.2094
0.224373
0.226487
0.213175
0.237616
0.241233
0.22827
0.237263
0.239855
0.239234
0.247994
0.251896
0.247217
0.248856
0.254459
0.257208
0.263782
0.260445
0.260752
0.268816
0.266019
0.271935
0.273822
0.270979
0.277287
0.276242
0.281255
0.281431
0.282196
0.286496
0.284341
0.290362
0.289794
0.290758
0.294142
0.294507
0.297133
0.296558
0.301176
0.300329
0.302339
0.304292
0.304902
0.306872
0.307351
0.309888
0.309509
0.312143
0.311873
0.314618
0.3138
0.316465
0.316024
0.31764
0.31854
0.318974
0.319879
0.320405
0.321189
0.321698
0.322228
0.322783
0.323254
0.323657
0.324059
0.324376
0.324677
0.324935
0.325076
0.325214
0.325372
0.325441
0.325477
0.325506
0.325405
0.325296
0.325097
0.324926
0.324728
0.14162
0.152996
0.137696
0.172008
0.159555
0.139878
0.192278
0.168883
0.156455
0.197556
0.152055
0.148842
0.203942
0.176382
0.165528
0.197013
0.202598
0.198133
0.20238
0.233776
0.227302
0.188275
0.225897
0.244931
0.213942
0.236718
0.241696
0.220444
0.240419
0.24756
0.239952
0.246916
0.248014
0.244543
0.251721
0.259817
0.255527
0.256778
0.260208
0.261795
0.269916
0.267055
0.269848
0.275117
0.271484
0.280119
0.279524
0.279968
0.284029
0.283107
0.287998
0.288139
0.291079
0.291444
0.291709
0.297365
0.294315
0.29849
0.299507
0.300172
0.302095
0.30288
0.305451
0.304756
0.307622
0.307895
0.309929
0.309551
0.312434
0.311672
0.314363
0.31384
0.316789
0.315354
0.318099
0.317712
0.31939
0.319834
0.320513
0.321386
0.322018
0.322558
0.323042
0.323582
0.323992
0.324433
0.324789
0.325096
0.325447
0.325708
0.325847
0.325927
0.326089
0.326147
0.326059
0.32598
0.326014
0.325908
0.325654
0.32546
0.140536
0.158951
0.123824
0.160744
0.176362
0.138443
0.189066
0.187606
0.151699
0.195931
0.185707
0.176389
0.202393
0.171272
0.165613
0.190842
0.193869
0.193687
0.188345
0.219152
0.220259
0.185767
0.238484
0.25212
0.191358
0.22927
0.253127
0.219487
0.245336
0.253732
0.231786
0.244862
0.252267
0.249841
0.256152
0.257476
0.253143
0.258326
0.265084
0.263106
0.266549
0.266633
0.267673
0.274874
0.27268
0.278142
0.279803
0.278424
0.285548
0.284394
0.287769
0.289758
0.289268
0.294283
0.294049
0.298104
0.296375
0.300549
0.302433
0.300457
0.306004
0.304688
0.307309
0.307488
0.309681
0.310372
0.311218
0.312549
0.313803
0.314129
0.315222
0.316332
0.317163
0.317528
0.319119
0.318607
0.320535
0.320442
0.321303
0.32184
0.322555
0.323114
0.323564
0.324053
0.324397
0.324729
0.325048
0.325307
0.325574
0.325833
0.325973
0.326025
0.326198
0.326228
0.326075
0.32601
0.32598
0.32591
0.325656
0.325424
0.126594
0.163062
0.135778
0.150281
0.177568
0.136796
0.176713
0.192682
0.152267
0.20138
0.20883
0.17873
0.19885
0.197156
0.199475
0.198192
0.189157
0.19562
0.175406
0.201057
0.222364
0.182339
0.226121
0.245921
0.18041
0.232336
0.264191
0.203862
0.234876
0.258466
0.226553
0.249229
0.261433
0.244751
0.252058
0.257976
0.257057
0.264515
0.267101
0.262815
0.267808
0.271307
0.270547
0.276787
0.274175
0.27569
0.280881
0.278679
0.285431
0.284925
0.286135
0.290019
0.288613
0.295474
0.293141
0.295793
0.298282
0.299219
0.302911
0.301499
0.306884
0.30518
0.30792
0.309778
0.310324
0.31236
0.312854
0.315494
0.31504
0.317564
0.317011
0.319725
0.318689
0.321714
0.320936
0.32225
0.323049
0.32337
0.324243
0.324446
0.325176
0.325711
0.32617
0.32661
0.326966
0.327236
0.327566
0.327821
0.327926
0.32806
0.328227
0.328354
0.328417
0.328406
0.328332
0.32828
0.328118
0.328003
0.3278
0.327509
0.125549
0.169602
0.151706
0.138275
0.181146
0.151162
0.162827
0.189909
0.161093
0.1934
0.20031
0.178751
0.208433
0.212897
0.212575
0.202659
0.198926
0.222658
0.189068
0.198309
0.227692
0.168791
0.203875
0.247925
0.183969
0.230242
0.267193
0.19082
0.227991
0.265684
0.220968
0.244448
0.26218
0.237328
0.25326
0.264432
0.255804
0.261558
0.265315
0.263192
0.270962
0.275186
0.272023
0.278564
0.278458
0.278545
0.285992
0.281931
0.286106
0.287596
0.287094
0.292808
0.291024
0.295582
0.293899
0.296514
0.300754
0.297431
0.303151
0.302495
0.304698
0.305764
0.30724
0.309863
0.309333
0.312211
0.312669
0.315114
0.314495
0.318275
0.316916
0.320196
0.318957
0.322943
0.321161
0.32425
0.323612
0.325294
0.325942
0.326432
0.327161
0.327744
0.328289
0.328765
0.329297
0.329683
0.330085
0.330442
0.330638
0.330818
0.331037
0.331195
0.331144
0.331173
0.331282
0.331284
0.331105
0.330936
0.330801
0.330541
0.127585
0.163508
0.169382
0.138214
0.182605
0.171712
0.156985
0.185259
0.172737
0.184607
0.186361
0.186162
0.213739
0.194605
0.205961
0.217917
0.203768
0.237917
0.210065
0.200066
0.241188
0.181725
0.201222
0.251638
0.174346
0.212093
0.270245
0.19399
0.233576
0.278808
0.212198
0.233517
0.264723
0.236945
0.255839
0.266768
0.250161
0.260713
0.267327
0.263419
0.270904
0.272853
0.269288
0.277943
0.280227
0.279824
0.287787
0.284531
0.287926
0.291786
0.290461
0.296023
0.294072
0.297066
0.299126
0.300333
0.303682
0.29993
0.306477
0.305944
0.305397
0.309872
0.308274
0.311181
0.310973
0.313305
0.313723
0.314888
0.315242
0.318126
0.317089
0.319671
0.319358
0.321643
0.321072
0.323831
0.322721
0.325034
0.325111
0.326159
0.326678
0.327364
0.327983
0.328493
0.329123
0.329584
0.329917
0.330274
0.33067
0.330985
0.331197
0.331302
0.331293
0.331421
0.331583
0.331566
0.331428
0.331227
0.331118
0.330932
0.143535
0.150679
0.176549
0.15197
0.177521
0.178282
0.166139
0.190323
0.177857
0.185129
0.185861
0.18488
0.209016
0.17953
0.202834
0.230185
0.188883
0.230228
0.228902
0.197415
0.252823
0.215587
0.206796
0.253579
0.180096
0.20498
0.265756
0.189031
0.22801
0.286474
0.21132
0.237639
0.280602
0.235808
0.247982
0.268125
0.251826
0.26557
0.272169
0.2637
0.271641
0.27333
0.270099
0.27949
0.279354
0.276402
0.285355
0.284008
0.28704
0.292742
0.291102
0.295948
0.295304
0.298036
0.302188
0.300612
0.305398
0.304671
0.308875
0.309448
0.308598
0.314555
0.311189
0.314989
0.315693
0.316602
0.317851
0.318467
0.319748
0.320509
0.321108
0.322279
0.323141
0.323058
0.324771
0.32516
0.325333
0.326646
0.326444
0.327573
0.32773
0.328408
0.328913
0.329316
0.329808
0.330209
0.330378
0.330559
0.330906
0.331171
0.331289
0.331348
0.331458
0.331568
0.331578
0.331447
0.331329
0.331136
0.330972
0.330754
0.15697
0.148923
0.177267
0.161288
0.173591
0.181624
0.17587
0.194724
0.178597
0.192291
0.195534
0.178491
0.210208
0.183795
0.193421
0.229751
0.176333
0.218738
0.24285
0.188032
0.252149
0.242663
0.202055
0.261871
0.218922
0.214967
0.259964
0.187761
0.216967
0.275301
0.207371
0.245231
0.293073
0.230631
0.246439
0.27837
0.254167
0.264598
0.274458
0.265824
0.27537
0.27837
0.276313
0.284277
0.281643
0.278745
0.287845
0.285638
0.286084
0.292107
0.290129
0.294454
0.296365
0.298033
0.301411
0.298708
0.30547
0.305579
0.306223
0.31051
0.309615
0.314688
0.312844
0.316606
0.317961
0.318113
0.32071
0.321674
0.32337
0.323178
0.325818
0.325396
0.327858
0.326617
0.329975
0.328441
0.330895
0.330536
0.331221
0.331943
0.332165
0.332819
0.333219
0.333552
0.333852
0.334257
0.334491
0.334621
0.334784
0.334918
0.335003
0.335083
0.335217
0.335198
0.335076
0.334923
0.334849
0.334705
0.334468
0.334178
0.168092
0.153717
0.174968
0.16826
0.174304
0.181816
0.177274
0.197638
0.179415
0.196528
0.208925
0.17431
0.215904
0.20122
0.179287
0.230375
0.185124
0.203054
0.244888
0.183137
0.238908
0.25314
0.19518
0.269854
0.255482
0.21676
0.267713
0.221774
0.222137
0.262001
0.205288
0.237897
0.282647
0.226607
0.257049
0.290352
0.249109
0.26063
0.278721
0.26632
0.276587
0.281409
0.278057
0.286141
0.285616
0.286322
0.295039
0.290857
0.290636
0.296551
0.293236
0.296844
0.299644
0.299193
0.302735
0.30134
0.307247
0.305873
0.304856
0.312091
0.309083
0.312606
0.313705
0.31513
0.317273
0.317455
0.320113
0.321303
0.322863
0.323063
0.326655
0.325003
0.328866
0.327533
0.3313
0.329523
0.333268
0.331999
0.334162
0.334331
0.335216
0.335888
0.33649
0.336983
0.337267
0.337787
0.338326
0.338672
0.33881
0.338973
0.339185
0.339377
0.339469
0.33939
0.339333
0.339323
0.339317
0.339209
0.33895
0.338676
0.170405
0.163704
0.174785
0.168786
0.179535
0.184966
0.169774
0.201714
0.184918
0.186126
0.219892
0.17931
0.212201
0.220814
0.176366
0.234234
0.207067
0.188111
0.244424
0.191671
0.218307
0.251884
0.19643
0.26196
0.261213
0.210697
0.28271
0.261491
0.23184
0.270581
0.228191
0.233196
0.265056
0.22854
0.260019
0.285125
0.245588
0.266871
0.284633
0.264568
0.275688
0.281665
0.275287
0.284363
0.286437
0.287639
0.295217
0.293026
0.295955
0.302309
0.298794
0.3024
0.304544
0.302524
0.30766
0.307202
0.31082
0.310409
0.310111
0.316979
0.311734
0.314935
0.31809
0.315986
0.319521
0.319647
0.320867
0.322012
0.322945
0.323642
0.32656
0.324509
0.328662
0.327229
0.330046
0.329288
0.332161
0.33112
0.33371
0.333383
0.334799
0.335229
0.336098
0.33676
0.337105
0.337599
0.338259
0.338773
0.339007
0.339254
0.339579
0.339882
0.339962
0.339927
0.339985
0.340079
0.340054
0.33992
0.339669
0.339437
0.170771
0.164665
0.181883
0.171719
0.175717
0.194765
0.167501
0.196913
0.195674
0.173525
0.221488
0.190369
0.198151
0.234715
0.186203
0.230439
0.228566
0.187048
0.249775
0.212271
0.203107
0.253546
0.203699
0.237544
0.253969
0.211985
0.281209
0.267989
0.230774
0.290777
0.2617
0.240584
0.272152
0.242425
0.250815
0.272183
0.251203
0.274777
0.28498
0.26511
0.280022
0.283691
0.276149
0.28739
0.286587
0.284104
0.291313
0.291077
0.295277
0.301058
0.299404
0.304713
0.306581
0.305356
0.311701
0.310034
0.312573
0.315436
0.315083
0.320623
0.317198
0.321226
0.324385
0.320378
0.325657
0.325465
0.325632
0.327512
0.327983
0.328487
0.330139
0.329037
0.332188
0.330908
0.332445
0.332939
0.333511
0.333842
0.33521
0.334885
0.336052
0.33602
0.336818
0.337365
0.337723
0.337971
0.338365
0.338768
0.339018
0.339194
0.3394
0.339631
0.339701
0.339705
0.339711
0.339719
0.339595
0.339421
0.339189
0.338968
0.177764
0.164533
0.182625
0.182024
0.169474
0.201652
0.175881
0.186776
0.208935
0.171292
0.213346
0.203949
0.184076
0.237673
0.198636
0.215527
0.244544
0.199572
0.249432
0.234188
0.204714
0.262134
0.21931
0.220596
0.257178
0.220005
0.257462
0.255524
0.23047
0.293187
0.270833
0.248538
0.29379
0.262088
0.248032
0.275434
0.261683
0.268709
0.279804
0.272185
0.284924
0.285667
0.283236
0.294292
0.289527
0.287953
0.296057
0.293265
0.294048
0.29811
0.297635
0.30303
0.304867
0.305759
0.311803
0.308871
0.31248
0.317
0.31419
0.319833
0.320132
0.322958
0.326086
0.323651
0.32953
0.329102
0.329468
0.332524
0.33325
0.333855
0.335448
0.335845
0.337182
0.337402
0.338144
0.339825
0.338768
0.340916
0.340509
0.341252
0.341733
0.34171
0.342244
0.342617
0.343046
0.343149
0.343268
0.343489
0.343727
0.343798
0.343794
0.343823
0.343876
0.343901
0.343791
0.343665
0.343477
0.343316
0.343137
0.342942
0.182651
0.169101
0.176957
0.194083
0.168376
0.19997
0.192595
0.178461
0.218171
0.183145
0.200535
0.219217
0.182196
0.228757
0.211425
0.201037
0.248599
0.210776
0.235783
0.249063
0.217578
0.265425
0.237808
0.22518
0.270627
0.230007
0.238929
0.257551
0.237224
0.274054
0.259736
0.251665
0.30019
0.269364
0.25848
0.29403
0.268033
0.25919
0.282037
0.278598
0.280107
0.285373
0.29
0.29537
0.291146
0.298034
0.305926
0.299393
0.30066
0.304354
0.301884
0.304886
0.305823
0.307294
0.311687
0.30904
0.314515
0.317763
0.31267
0.319469
0.320347
0.319745
0.324557
0.324077
0.328088
0.328406
0.329458
0.332549
0.333618
0.334449
0.336822
0.338143
0.338097
0.340766
0.340672
0.343507
0.342179
0.345572
0.344212
0.346545
0.346476
0.347316
0.347727
0.348241
0.348888
0.349181
0.349379
0.349636
0.349993
0.350171
0.350187
0.350156
0.350284
0.35041
0.350333
0.350191
0.350026
0.349907
0.349783
0.349605
0.181406
0.180207
0.168219
0.200041
0.177013
0.189059
0.208778
0.178778
0.214961
0.203048
0.193445
0.22921
0.194598
0.217672
0.224762
0.198758
0.242229
0.217768
0.220863
0.254634
0.224755
0.254502
0.251399
0.237331
0.277029
0.242074
0.243521
0.275195
0.244316
0.256658
0.260412
0.255851
0.285789
0.265302
0.27084
0.303711
0.269097
0.265226
0.295601
0.278747
0.271117
0.289128
0.291945
0.287001
0.290561
0.303385
0.305092
0.300914
0.310001
0.313892
0.309821
0.312666
0.313098
0.313174
0.315725
0.314154
0.319983
0.321177
0.316816
0.32486
0.323571
0.320572
0.327265
0.32583
0.327042
0.329358
0.329896
0.331518
0.332798
0.333145
0.335753
0.337182
0.336398
0.340644
0.33893
0.342539
0.341473
0.344862
0.343489
0.346551
0.346117
0.347873
0.34816
0.348998
0.349771
0.350359
0.350813
0.351214
0.351719
0.352127
0.352357
0.352445
0.352687
0.352919
0.352971
0.352901
0.352789
0.352678
0.352545
0.352325
0.173186
0.19307
0.169078
0.193609
0.192272
0.180393
0.21239
0.188226
0.204877
0.218026
0.194602
0.229505
0.212015
0.212289
0.236928
0.208356
0.234562
0.228819
0.217129
0.252193
0.226362
0.239454
0.257785
0.240511
0.267824
0.253621
0.255961
0.284532
0.250273
0.259107
0.277543
0.259728
0.271448
0.268452
0.276723
0.294458
0.270071
0.283899
0.30683
0.275307
0.274919
0.300655
0.289593
0.280666
0.295275
0.301757
0.29378
0.297679
0.312225
0.312386
0.311156
0.318899
0.319376
0.319103
0.321901
0.320712
0.325166
0.325636
0.324131
0.332499
0.32967
0.327761
0.33549
0.331558
0.331629
0.336095
0.334874
0.33563
0.33764
0.336792
0.338787
0.339728
0.338526
0.343014
0.33963
0.343542
0.342345
0.344535
0.343875
0.346107
0.345452
0.347247
0.347176
0.348067
0.348589
0.34921
0.3497
0.350063
0.35048
0.350908
0.351215
0.351367
0.351552
0.351707
0.351787
0.351745
0.351652
0.351503
0.35132
0.351049
0.169871
0.195636
0.181683
0.18577
0.204016
0.181246
0.206955
0.201359
0.196087
0.22285
0.200985
0.22132
0.225294
0.212341
0.241292
0.222484
0.23103
0.242457
0.224829
0.248082
0.233804
0.235611
0.258503
0.238133
0.255039
0.260718
0.257637
0.276434
0.25726
0.27072
0.288456
0.261685
0.27231
0.282035
0.275825
0.282302
0.278471
0.295743
0.302114
0.276824
0.293631
0.311818
0.287095
0.28748
0.308214
0.299589
0.288941
0.301934
0.309491
0.302199
0.307487
0.318283
0.317068
0.319762
0.32463
0.322958
0.32665
0.327803
0.327782
0.334957
0.332788
0.334126
0.341748
0.336782
0.338517
0.344032
0.341027
0.342793
0.346023
0.344319
0.346158
0.347166
0.346058
0.350097
0.346362
0.350445
0.3489
0.34994
0.350397
0.350929
0.350786
0.351815
0.351544
0.352191
0.352268
0.352689
0.352984
0.353165
0.353284
0.353459
0.353623
0.353716
0.353709
0.353656
0.353636
0.353546
0.353446
0.353265
0.35305
0.352765
0.174793
0.189559
0.196741
0.183473
0.207677
0.193127
0.20029
0.213142
0.196223
0.219173
0.210799
0.212939
0.229879
0.215643
0.236154
0.232035
0.230811
0.249826
0.2346
0.247458
0.247271
0.242314
0.258749
0.24216
0.252871
0.264082
0.252318
0.266401
0.264949
0.273728
0.282936
0.264462
0.281915
0.290887
0.273226
0.282564
0.290192
0.292642
0.290898
0.286811
0.308863
0.309711
0.288007
0.304996
0.31962
0.300035
0.299952
0.316386
0.309391
0.300083
0.311469
0.31657
0.311928
0.31917
0.324178
0.321514
0.326757
0.328243
0.327023
0.332692
0.331808
0.334535
0.34085
0.337334
0.341531
0.346324
0.342805
0.346561
0.350314
0.348574
0.35137
0.353274
0.35234
0.355936
0.353872
0.357873
0.3566
0.35737
0.359004
0.358329
0.359606
0.35976
0.360056
0.360527
0.360541
0.360902
0.361129
0.361318
0.361303
0.361318
0.361398
0.361503
0.361424
0.361285
0.3612
0.361085
0.361002
0.360828
0.360603
0.360305
0.187156
0.183262
0.202776
0.189449
0.203096
0.206603
0.199388
0.217526
0.205831
0.215783
0.220171
0.212285
0.229636
0.220519
0.229132
0.236107
0.230532
0.248076
0.240208
0.247212
0.257024
0.248572
0.260389
0.254162
0.259095
0.267551
0.253957
0.267216
0.271457
0.268533
0.275465
0.271721
0.286772
0.288247
0.274234
0.291184
0.29556
0.284313
0.289376
0.29893
0.30709
0.298787
0.295045
0.317707
0.317431
0.30151
0.317107
0.328209
0.31247
0.312376
0.325087
0.319083
0.314488
0.324904
0.325328
0.322702
0.330952
0.330844
0.328223
0.333835
0.332681
0.333619
0.338347
0.33675
0.341269
0.344171
0.341585
0.346195
0.348754
0.347542
0.35129
0.353712
0.352644
0.356294
0.356227
0.358924
0.359047
0.360124
0.36253
0.361507
0.364289
0.363782
0.365216
0.365653
0.366173
0.366728
0.367166
0.367645
0.36785
0.368035
0.368257
0.368519
0.368575
0.368558
0.368534
0.368477
0.368437
0.368299
0.368081
0.367763
0.195307
0.185184
0.200226
0.198109
0.199059
0.211609
0.203078
0.216776
0.215843
0.215889
0.226894
0.218455
0.229612
0.228326
0.227643
0.238625
0.232411
0.24262
0.243403
0.245442
0.257184
0.250839
0.260413
0.263987
0.263477
0.270447
0.263929
0.274169
0.276261
0.267995
0.278544
0.280937
0.284598
0.284312
0.281832
0.297783
0.293793
0.283906
0.298752
0.303712
0.296268
0.295125
0.305588
0.316524
0.306369
0.304866
0.325772
0.325145
0.314123
0.327712
0.335161
0.323309
0.325935
0.335326
0.329078
0.329649
0.339466
0.335999
0.334889
0.342033
0.33904
0.33814
0.342519
0.341099
0.343375
0.345236
0.344492
0.347863
0.348543
0.347852
0.350949
0.35301
0.351603
0.355176
0.355597
0.356097
0.35823
0.358829
0.361202
0.360262
0.363589
0.362526
0.364779
0.36495
0.36604
0.366666
0.367286
0.367972
0.368444
0.368866
0.369233
0.369595
0.3698
0.369941
0.370004
0.370021
0.369998
0.369888
0.369704
0.369407
0.197716
0.192568
0.197918
0.205037
0.198742
0.211641
0.208334
0.213787
0.221301
0.217418
0.228769
0.22629
0.230688
0.235813
0.232671
0.241324
0.23827
0.242227
0.246943
0.245885
0.253831
0.252106
0.259091
0.265206
0.2631
0.271095
0.272224
0.277436
0.278811
0.27508
0.286745
0.286662
0.283205
0.288628
0.29228
0.29873
0.293277
0.293667
0.308572
0.302524
0.294023
0.305098
0.312836
0.30771
0.302087
0.312359
0.322996
0.313892
0.315514
0.333202
0.33133
0.324451
0.336629
0.340422
0.331857
0.338771
0.34608
0.339609
0.343573
0.351624
0.34655
0.34715
0.352453
0.349732
0.350343
0.353065
0.35326
0.354453
0.354872
0.354834
0.356114
0.357796
0.356182
0.35931
0.359208
0.358
0.361731
0.360407
0.362385
0.361661
0.364235
0.362836
0.365066
0.364629
0.365865
0.36616
0.366651
0.367139
0.36757
0.367956
0.368229
0.368456
0.368626
0.368766
0.368817
0.368829
0.368748
0.368616
0.368462
0.368232
0.195904
0.201533
0.197739
0.208546
0.204187
0.210257
0.214407
0.212928
0.222202
0.220201
0.227387
0.230655
0.231825
0.239415
0.237891
0.244256
0.245179
0.246912
0.252312
0.250018
0.255213
0.256136
0.25937
0.263905
0.262691
0.270917
0.27394
0.275465
0.279727
0.281786
0.289788
0.287672
0.286694
0.296856
0.298143
0.297491
0.298701
0.305325
0.311861
0.302986
0.304848
0.318962
0.314663
0.306091
0.312617
0.321433
0.317185
0.31066
0.321362
0.329821
0.321646
0.32566
0.33978
0.335709
0.332278
0.344493
0.34521
0.339171
0.349123
0.354605
0.348823
0.354216
0.359916
0.355875
0.357556
0.361895
0.361628
0.361906
0.364362
0.365052
0.364887
0.367242
0.365661
0.3684
0.368422
0.36672
0.371307
0.367857
0.370204
0.369724
0.371057
0.370153
0.371708
0.370838
0.371913
0.371779
0.372029
0.372122
0.372322
0.372479
0.372524
0.372503
0.372514
0.372529
0.372488
0.372421
0.37223
0.372018
0.371843
0.371662
0.195132
0.204475
0.202235
0.208335
0.211406
0.211761
0.218411
0.216476
0.222605
0.224175
0.22676
0.232776
0.232616
0.239547
0.240746
0.24496
0.250071
0.250869
0.256561
0.256145
0.259978
0.262922
0.262928
0.266689
0.267037
0.272475
0.274269
0.274549
0.281071
0.283898
0.28717
0.287641
0.291649
0.300265
0.297743
0.298131
0.305984
0.310199
0.30984
0.308267
0.318053
0.324862
0.314958
0.315992
0.328826
0.327399
0.318578
0.322422
0.331475
0.326648
0.320908
0.33246
0.338174
0.329876
0.33573
0.346707
0.340096
0.33907
0.351585
0.350482
0.346446
0.356602
0.359986
0.355821
0.3606
0.36505
0.363589
0.364934
0.369862
0.370544
0.370148
0.37426
0.372904
0.375672
0.376766
0.37545
0.380714
0.37635
0.379965
0.37968
0.380319
0.380808
0.381519
0.381065
0.382037
0.38188
0.382192
0.382173
0.382348
0.382427
0.382423
0.382328
0.382292
0.382253
0.382179
0.382065
0.381808
0.381541
0.381318
0.381138
0.19825
0.204093
0.206368
0.209246
0.215094
0.21523
0.220716
0.221763
0.224689
0.228853
0.229425
0.23456
0.235482
0.239017
0.24278
0.245365
0.251108
0.252879
0.257284
0.260444
0.263736
0.267825
0.268315
0.272181
0.274194
0.27647
0.278038
0.279144
0.284599
0.285394
0.286551
0.290493
0.294947
0.298517
0.296516
0.301351
0.309358
0.308259
0.308355
0.314841
0.322612
0.321463
0.31746
0.328577
0.336865
0.328311
0.327694
0.339167
0.339483
0.330334
0.333887
0.343678
0.337879
0.333006
0.345292
0.348281
0.339026
0.345936
0.355028
0.34701
0.347459
0.358572
0.356729
0.354323
0.361809
0.363859
0.361621
0.364723
0.369983
0.369371
0.369666
0.375491
0.373899
0.376773
0.37909
0.378041
0.383674
0.379676
0.384729
0.384319
0.385015
0.387063
0.387034
0.387796
0.388687
0.388996
0.389683
0.389945
0.390388
0.390653
0.390868
0.390962
0.391074
0.391127
0.391136
0.391079
0.390882
0.390664
0.390434
0.390228
0.201595
0.204993
0.20953
0.210675
0.216638
0.218051
0.222177
0.225687
0.227865
0.232483
0.234068
0.237628
0.239521
0.241778
0.245273
0.247694
0.251704
0.253974
0.257721
0.261746
0.265074
0.269179
0.271694
0.27607
0.279037
0.280947
0.283911
0.286255
0.289534
0.289755
0.291698
0.296412
0.297918
0.298592
0.30011
0.306079
0.309459
0.30667
0.310974
0.31865
0.319435
0.317366
0.322556
0.333655
0.333012
0.327509
0.337774
0.347246
0.340474
0.338466
0.349712
0.351386
0.341798
0.346163
0.357126
0.350533
0.345957
0.358842
0.36003
0.350245
0.357233
0.364615
0.35752
0.358936
0.366467
0.36453
0.362995
0.367142
0.370141
0.368123
0.369718
0.375593
0.372713
0.375591
0.378303
0.376565
0.382072
0.379193
0.384635
0.383511
0.384428
0.387233
0.386481
0.388536
0.388976
0.389853
0.390764
0.391314
0.391979
0.392425
0.392864
0.393181
0.393462
0.39363
0.393737
0.393773
0.393719
0.393617
0.393414
0.393181
0.206248
0.206642
0.21234
0.213332
0.217474
0.220811
0.223305
0.228099
0.230082
0.235036
0.237584
0.240928
0.243876
0.245804
0.249658
0.251343
0.254617
0.256853
0.259761
0.263425
0.265775
0.269727
0.272933
0.277056
0.280566
0.283505
0.287885
0.290759
0.293371
0.295419
0.298792
0.302353
0.302316
0.303985
0.307983
0.311222
0.311098
0.310986
0.317366
0.320656
0.317574
0.319909
0.328124
0.331423
0.327027
0.330014
0.342639
0.343658
0.337663
0.346274
0.356604
0.350714
0.347434
0.359568
0.362975
0.353069
0.358264
0.370545
0.363587
0.358985
0.371448
0.372012
0.36392
0.370577
0.375364
0.370576
0.371883
0.37553
0.375372
0.373412
0.375901
0.380064
0.375866
0.378943
0.381476
0.378589
0.383709
0.38164
0.385637
0.383831
0.384895
0.387407
0.38593
0.388672
0.388147
0.389348
0.389985
0.390512
0.391061
0.391428
0.391839
0.392172
0.392448
0.392606
0.392696
0.392728
0.392744
0.392698
0.392489
0.39222
0.208518
0.210541
0.21372
0.217252
0.219193
0.223709
0.225452
0.229556
0.232488
0.236045
0.240315
0.242797
0.247066
0.249526
0.253229
0.256031
0.258453
0.261651
0.263729
0.266819
0.268862
0.271896
0.274988
0.277899
0.281472
0.284796
0.288991
0.29195
0.295136
0.299148
0.302859
0.305599
0.307031
0.31101
0.31503
0.315822
0.31642
0.319787
0.324493
0.323877
0.322652
0.328674
0.333045
0.329971
0.329028
0.337205
0.343147
0.337909
0.3386
0.351151
0.353504
0.346675
0.353552
0.365173
0.359932
0.355198
0.368463
0.373833
0.363768
0.368871
0.381671
0.375383
0.371785
0.382754
0.382891
0.378549
0.384002
0.386073
0.384484
0.384433
0.386818
0.388868
0.384895
0.388973
0.390924
0.387083
0.392194
0.390126
0.391836
0.390622
0.391756
0.39337
0.391598
0.3944
0.392837
0.394205
0.394226
0.394548
0.394755
0.394873
0.39506
0.395223
0.395334
0.395362
0.395323
0.395224
0.395163
0.395053
0.394785
0.394471
0.210004
0.21349
0.216116
0.219925
0.22271
0.225994
0.228885
0.231578
0.235169
0.238115
0.241813
0.245002
0.248485
0.252205
0.255555
0.259206
0.262303
0.265644
0.268425
0.271117
0.273696
0.276289
0.278972
0.281314
0.284298
0.287141
0.290138
0.293007
0.296558
0.300707
0.303765
0.306657
0.310219
0.31493
0.317917
0.319077
0.322615
0.327281
0.329429
0.329072
0.332014
0.337824
0.337488
0.334848
0.339492
0.345934
0.343945
0.339947
0.346929
0.354602
0.349398
0.347845
0.35995
0.363725
0.355279
0.359952
0.373232
0.36907
0.362692
0.37608
0.38313
0.373535
0.378045
0.389404
0.384606
0.38391
0.392326
0.391876
0.391484
0.394358
0.395947
0.397325
0.395392
0.400115
0.401365
0.397652
0.402896
0.400669
0.401191
0.402328
0.403241
0.404088
0.402756
0.405243
0.403226
0.404882
0.404415
0.404751
0.404753
0.404768
0.404804
0.404834
0.404811
0.404741
0.404601
0.404387
0.404224
0.404027
0.403709
0.403363
0.212051
0.215475
0.218432
0.222498
0.225416
0.228935
0.23175
0.234963
0.238147
0.24105
0.244311
0.247171
0.25074
0.253991
0.257553
0.261155
0.264683
0.268441
0.271641
0.274981
0.278056
0.281029
0.283879
0.286382
0.28912
0.291449
0.293837
0.296593
0.299672
0.302649
0.305005
0.308233
0.312264
0.315868
0.318294
0.321279
0.326396
0.330125
0.331485
0.334087
0.339365
0.342748
0.341631
0.343772
0.350696
0.352263
0.34839
0.350484
0.358412
0.35828
0.352398
0.357823
0.366996
0.362067
0.357481
0.368827
0.374804
0.365037
0.366801
0.381305
0.378824
0.371229
0.382998
0.389885
0.382068
0.386856
0.395064
0.39169
0.394227
0.398871
0.39895
0.401164
0.401289
0.405661
0.406564
0.404124
0.410353
0.408335
0.408979
0.412427
0.411962
0.413008
0.412918
0.415008
0.413521
0.415582
0.415007
0.41572
0.415819
0.416027
0.41614
0.416225
0.416233
0.41621
0.416118
0.415944
0.415797
0.415607
0.415309
0.414957
0.213602
0.217827
0.220645
0.224479
0.228052
0.230988
0.23496
0.237687
0.24152
0.244177
0.247405
0.250552
0.253482
0.256925
0.259731
0.263363
0.266643
0.270307
0.273873
0.277352
0.281087
0.284426
0.287881
0.290929
0.293902
0.296581
0.299244
0.302119
0.304582
0.306793
0.309078
0.312184
0.315219
0.317462
0.32001
0.323863
0.328072
0.33037
0.33265
0.337393
0.341989
0.343599
0.345121
0.350973
0.356116
0.354978
0.355175
0.362151
0.366568
0.362667
0.362274
0.37106
0.373187
0.365846
0.368923
0.379809
0.376384
0.368554
0.378221
0.386853
0.377101
0.375888
0.389744
0.388627
0.3814
0.391133
0.395562
0.390278
0.396075
0.400068
0.398406
0.40214
0.402814
0.405774
0.407128
0.406148
0.412536
0.410815
0.412137
0.416734
0.414502
0.41661
0.417575
0.419116
0.418835
0.420992
0.420586
0.421783
0.422098
0.422637
0.42295
0.423209
0.423365
0.423493
0.423557
0.423534
0.423495
0.423377
0.423145
0.422805
0.216714
0.21944
0.223584
0.226349
0.230266
0.233437
0.237013
0.240682
0.243772
0.247482
0.250474
0.254058
0.257079
0.260133
0.263216
0.266213
0.269541
0.272667
0.27611
0.27951
0.283166
0.2868
0.290382
0.29391
0.2973
0.300723
0.304051
0.307186
0.309767
0.312294
0.315077
0.317873
0.320077
0.322008
0.324845
0.328117
0.330562
0.332324
0.335556
0.339954
0.342522
0.344111
0.348237
0.353989
0.356131
0.3561
0.36118
0.368259
0.368682
0.366986
0.372906
0.379927
0.376899
0.374103
0.383067
0.388348
0.380403
0.380088
0.392273
0.391885
0.381954
0.388914
0.399252
0.390965
0.388256
0.399859
0.398376
0.39338
0.401739
0.402669
0.400071
0.405471
0.405184
0.406694
0.408834
0.408103
0.41346
0.411442
0.412933
0.417359
0.413828
0.417724
0.418777
0.419443
0.420327
0.421882
0.421724
0.423112
0.423464
0.424188
0.424598
0.424965
0.425225
0.425453
0.425617
0.425694
0.425709
0.425617
0.425416
0.425079
0.218844
0.222409
0.225627
0.229199
0.232316
0.235874
0.239321
0.242786
0.246393
0.249827
0.253563
0.256971
0.260367
0.263607
0.266779
0.270025
0.273088
0.2762
0.279276
0.282468
0.285819
0.289181
0.29261
0.296091
0.299729
0.30349
0.30715
0.310573
0.313776
0.317129
0.320457
0.323307
0.325734
0.328329
0.331335
0.33381
0.335573
0.337811
0.341095
0.343825
0.345142
0.34761
0.352112
0.355351
0.356002
0.358613
0.365115
0.368875
0.368029
0.37103
0.379048
0.381722
0.378703
0.382812
0.392144
0.391143
0.385905
0.393641
0.402459
0.395643
0.391819
0.403985
0.407187
0.397177
0.401661
0.411571
0.404833
0.40312
0.412324
0.409314
0.407502
0.414124
0.411814
0.41259
0.415449
0.413781
0.417814
0.415876
0.417389
0.421004
0.416714
0.421596
0.421432
0.421415
0.423209
0.423613
0.42375
0.424865
0.425012
0.42566
0.425955
0.42626
0.426479
0.42666
0.42678
0.426818
0.426767
0.426612
0.426385
0.426036
0.221402
0.224637
0.228508
0.231491
0.235079
0.238296
0.241737
0.245324
0.248665
0.252516
0.255921
0.259646
0.263057
0.266615
0.270183
0.273553
0.276972
0.280042
0.283234
0.286326
0.289497
0.292612
0.295699
0.298984
0.302388
0.305975
0.309487
0.313016
0.316648
0.320396
0.323971
0.327199
0.330449
0.333836
0.337001
0.339509
0.341955
0.344969
0.347805
0.349547
0.351187
0.354365
0.357595
0.358766
0.359934
0.364053
0.368508
0.369097
0.369708
0.375563
0.381099
0.380453
0.380976
0.388935
0.394187
0.390496
0.391763
0.402565
0.404931
0.39796
0.402818
0.414413
0.41045
0.404387
0.41508
0.420364
0.411941
0.415785
0.423958
0.417889
0.418965
0.425859
0.421413
0.423024
0.426471
0.423557
0.427027
0.425727
0.427022
0.42994
0.425663
0.430854
0.429037
0.428948
0.431253
0.430339
0.430947
0.431518
0.431457
0.431901
0.43199
0.432143
0.432223
0.432258
0.432251
0.43218
0.43201
0.431769
0.431507
0.431156
0.223427
0.22727
0.230533
0.234383
0.237391
0.241155
0.244396
0.247975
0.251539
0.254961
0.258651
0.261976
0.265697
0.269255
0.27304
0.276712
0.280236
0.283691
0.286997
0.290417
0.293665
0.296837
0.299885
0.302974
0.306123
0.309314
0.312577
0.315947
0.319487
0.323026
0.326504
0.330025
0.33376
0.337454
0.340804
0.343981
0.347427
0.350897
0.35359
0.355785
0.35863
0.361984
0.364083
0.36514
0.367699
0.371549
0.373352
0.373281
0.376082
0.381419
0.383033
0.382047
0.386144
0.393017
0.39334
0.391289
0.397941
0.405933
0.402902
0.400558
0.411036
0.417419
0.410302
0.411563
0.423887
0.423051
0.416817
0.426019
0.431079
0.424369
0.429547
0.435519
0.429874
0.433883
0.437663
0.433878
0.43807
0.437685
0.438468
0.441084
0.437304
0.442639
0.439998
0.440758
0.44309
0.441148
0.442548
0.442589
0.442581
0.442903
0.442904
0.442988
0.44298
0.442911
0.442822
0.442694
0.44246
0.442188
0.441937
0.441613
0.225583
0.22936
0.233029
0.236433
0.240207
0.243587
0.247349
0.250803
0.254399
0.257923
0.261317
0.264868
0.268325
0.272052
0.275752
0.279491
0.283128
0.286691
0.290353
0.294003
0.297605
0.301006
0.304281
0.307462
0.310595
0.313733
0.31688
0.320068
0.323254
0.326417
0.329672
0.333142
0.336742
0.340244
0.343685
0.347327
0.351128
0.354608
0.357647
0.360951
0.364739
0.367983
0.370079
0.372426
0.376022
0.37894
0.379838
0.381293
0.385309
0.388405
0.387975
0.388947
0.394281
0.397453
0.395516
0.397086
0.404773
0.407182
0.402931
0.406492
0.416573
0.416056
0.410673
0.418586
0.427801
0.422226
0.42099
0.432335
0.432717
0.427584
0.436458
0.439916
0.43458
0.441547
0.444655
0.44079
0.446531
0.44655
0.446819
0.450006
0.447474
0.452831
0.449977
0.451708
0.453707
0.451501
0.454022
0.453679
0.454059
0.454414
0.45454
0.454718
0.454763
0.454724
0.454669
0.454582
0.454373
0.454136
0.453928
0.453641
0.227898
0.231554
0.235106
0.238889
0.242436
0.246308
0.24991
0.253652
0.257289
0.260827
0.264411
0.267831
0.27147
0.275045
0.278758
0.28236
0.285927
0.289596
0.293354
0.297228
0.30096
0.304607
0.308119
0.311598
0.315052
0.318456
0.321767
0.324926
0.327983
0.331011
0.334166
0.337419
0.340644
0.343839
0.347178
0.350704
0.354171
0.357455
0.360897
0.364831
0.368718
0.371845
0.374699
0.378322
0.382145
0.38461
0.386471
0.389862
0.393802
0.39529
0.395623
0.39894
0.403298
0.403527
0.402741
0.407269
0.412419
0.410615
0.408952
0.416062
0.421571
0.416811
0.416101
0.426326
0.429279
0.422709
0.427274
0.436978
0.432852
0.431033
0.441268
0.441014
0.43713
0.446301
0.447374
0.444009
0.451489
0.451035
0.450934
0.455241
0.453531
0.4584
0.455849
0.458352
0.459848
0.45819
0.461739
0.460985
0.461921
0.462353
0.462718
0.463067
0.463257
0.46335
0.46341
0.463412
0.463264
0.463075
0.462897
0.462625
0.230107
0.233748
0.23748
0.241059
0.245005
0.248612
0.252535
0.256217
0.26003
0.263742
0.267353
0.271057
0.274658
0.278412
0.281981
0.285546
0.289063
0.292741
0.29656
0.300361
0.304107
0.307749
0.311439
0.315187
0.319
0.322736
0.326301
0.329673
0.332929
0.336177
0.339436
0.342624
0.345702
0.348799
0.351981
0.355134
0.358167
0.361292
0.364795
0.368517
0.371915
0.375004
0.378501
0.38249
0.385962
0.388637
0.391921
0.396213
0.399478
0.400997
0.403488
0.407987
0.410748
0.410609
0.412679
0.418016
0.419887
0.417623
0.420059
0.427
0.427249
0.422883
0.42732
0.435408
0.432486
0.428393
0.436775
0.441986
0.435735
0.438235
0.447237
0.44324
0.441909
0.451385
0.449532
0.447331
0.455665
0.453836
0.45377
0.458795
0.456837
0.460745
0.458766
0.461782
0.46297
0.462228
0.466082
0.464711
0.466157
0.466522
0.467054
0.467487
0.467781
0.467989
0.468139
0.468198
0.468082
0.467907
0.467719
0.467435
0.232418
0.236026
0.239769
0.243603
0.24731
0.251215
0.254915
0.258834
0.262612
0.266457
0.270266
0.27407
0.27794
0.281674
0.285355
0.288905
0.292552
0.296298
0.300083
0.303794
0.307393
0.311013
0.314741
0.318631
0.322572
0.32644
0.330173
0.33381
0.337426
0.341029
0.34455
0.347922
0.351195
0.354449
0.357626
0.360645
0.363609
0.366735
0.370022
0.373188
0.376118
0.379213
0.382784
0.386337
0.389354
0.39243
0.396366
0.400327
0.40305
0.405593
0.409707
0.413941
0.415784
0.41724
0.421627
0.426003
0.426181
0.426389
0.431744
0.436231
0.433878
0.433174
0.440428
0.444188
0.43911
0.43984
0.44861
0.448429
0.443025
0.449372
0.45519
0.449175
0.451197
0.459345
0.454617
0.454426
0.462392
0.458486
0.459007
0.464196
0.461002
0.464295
0.463684
0.46656
0.467262
0.467053
0.470246
0.468241
0.470125
0.470215
0.470761
0.471115
0.471399
0.471618
0.471757
0.471793
0.471663
0.471467
0.471242
0.470938
0.234495
0.238344
0.242177
0.246
0.249894
0.253674
0.257571
0.261372
0.265247
0.269115
0.273036
0.277037
0.280964
0.284841
0.288564
0.29233
0.296152
0.300031
0.303831
0.307479
0.311064
0.314691
0.318472
0.32234
0.326208
0.329996
0.333751
0.337549
0.341408
0.345271
0.349041
0.352705
0.356305
0.359834
0.363215
0.366471
0.369726
0.373003
0.376147
0.379052
0.381926
0.38507
0.388352
0.391331
0.394125
0.39738
0.40104
0.404172
0.406773
0.410192
0.414486
0.417706
0.419626
0.42292
0.427858
0.43071
0.431276
0.434526
0.44033
0.442115
0.440608
0.444265
0.451162
0.450942
0.447679
0.453078
0.459704
0.455999
0.454005
0.462175
0.463788
0.458183
0.463576
0.469229
0.463057
0.465549
0.472322
0.466625
0.468471
0.473454
0.469212
0.472709
0.473131
0.475111
0.475327
0.475154
0.477153
0.474982
0.477268
0.47693
0.477418
0.477604
0.477804
0.477942
0.477984
0.47794
0.477772
0.477545
0.477284
0.476968
0.236652
0.240578
0.244483
0.248468
0.252336
0.256322
0.260169
0.264086
0.267931
0.271859
0.275866
0.27989
0.28391
0.2878
0.291713
0.29565
0.299686
0.303672
0.307533
0.311262
0.314964
0.318748
0.322594
0.326432
0.330176
0.333868
0.337594
0.341423
0.34533
0.349248
0.35313
0.356985
0.360815
0.364571
0.368236
0.371871
0.375497
0.379002
0.382276
0.385402
0.388589
0.391856
0.394934
0.397727
0.400616
0.403833
0.406922
0.409533
0.412323
0.415907
0.419364
0.421729
0.424251
0.428382
0.432405
0.434232
0.436221
0.441086
0.445453
0.445857
0.447006
0.453108
0.457613
0.455782
0.456428
0.46397
0.467066
0.463099
0.465789
0.473557
0.471651
0.46845
0.476074
0.478472
0.472819
0.478211
0.483053
0.476995
0.480901
0.485194
0.48069
0.48527
0.48597
0.486035
0.486129
0.48602
0.48723
0.485709
0.488251
0.487455
0.48796
0.488014
0.488151
0.4882
0.488139
0.48802
0.48783
0.487586
0.487297
0.486974
0.238741
0.24276
0.24678
0.250771
0.254838
0.258815
0.262851
0.266773
0.270753
0.274729
0.278769
0.282811
0.286805
0.2908
0.294822
0.298941
0.303065
0.307127
0.311071
0.314967
0.3189
0.322881
0.326843
0.330699
0.334451
0.338173
0.341944
0.345773
0.349624
0.353474
0.357332
0.361213
0.365099
0.368962
0.372827
0.376716
0.380564
0.384269
0.387843
0.391409
0.395003
0.398468
0.401649
0.404699
0.407883
0.411073
0.413929
0.416627
0.419704
0.422963
0.425563
0.42774
0.430828
0.434681
0.437412
0.439087
0.442303
0.446926
0.449384
0.450014
0.453616
0.459453
0.46118
0.460217
0.464513
0.471278
0.471174
0.469322
0.475579
0.481188
0.477782
0.478416
0.486447
0.485754
0.482063
0.489672
0.492103
0.486897
0.493198
0.49625
0.491842
0.497766
0.498065
0.496719
0.497448
0.497544
0.498619
0.498219
0.500687
0.499579
0.500298
0.500336
0.5005
0.500523
0.500428
0.500296
0.500124
0.499883
0.49957
0.499227
0.24088
0.244926
0.248999
0.253096
0.257188
0.261314
0.265395
0.269492
0.273569
0.277661
0.281741
0.285784
0.289826
0.293892
0.298044
0.302224
0.306381
0.310461
0.314506
0.318591
0.322738
0.326893
0.330961
0.334921
0.338816
0.342715
0.346627
0.350519
0.354361
0.35817
0.361982
0.365815
0.369666
0.373546
0.377472
0.381414
0.385296
0.389106
0.39293
0.396821
0.400681
0.404352
0.407832
0.4113
0.4148
0.418125
0.421224
0.424395
0.427714
0.430677
0.433067
0.435668
0.439037
0.442176
0.444184
0.446357
0.450025
0.453427
0.454752
0.456499
0.461093
0.465024
0.465146
0.466262
0.472143
0.4763
0.474776
0.476099
0.4833
0.485647
0.48276
0.487078
0.493947
0.491215
0.490602
0.498812
0.498689
0.49517
0.503112
0.504396
0.500484
0.507175
0.50647
0.50488
0.50757
0.507874
0.509136
0.509663
0.511554
0.510403
0.511484
0.511575
0.511844
0.511919
0.511876
0.511801
0.511689
0.511467
0.511134
0.510758
0.242987
0.247094
0.251243
0.25537
0.259554
0.263718
0.267923
0.272123
0.276338
0.280535
0.284684
0.288813
0.292938
0.297132
0.301353
0.30557
0.309718
0.313836
0.317987
0.322222
0.326506
0.330751
0.334913
0.339011
0.343107
0.347221
0.351319
0.355349
0.359297
0.363186
0.367044
0.370891
0.374747
0.378638
0.382554
0.386441
0.390268
0.394099
0.398018
0.402003
0.405934
0.409737
0.413477
0.417238
0.420951
0.424522
0.428066
0.431699
0.435169
0.438162
0.440977
0.444221
0.447643
0.450326
0.452461
0.455348
0.458852
0.461192
0.462553
0.46546
0.469647
0.471614
0.471795
0.474905
0.48018
0.481546
0.480535
0.484536
0.490456
0.489987
0.488857
0.495176
0.499415
0.496181
0.49881
0.506259
0.503929
0.502743
0.510847
0.510007
0.507269
0.514115
0.512096
0.511171
0.515912
0.516251
0.517731
0.518649
0.519656
0.518805
0.520198
0.520288
0.520658
0.520803
0.520846
0.520853
0.520807
0.520613
0.520272
0.519867
0.245044
0.249262
0.253452
0.257685
0.261891
0.266151
0.270409
0.274717
0.279018
0.283307
0.287565
0.291813
0.296094
0.300403
0.304709
0.308954
0.313149
0.317348
0.321613
0.325946
0.330283
0.334572
0.338809
0.343043
0.347306
0.351586
0.355842
0.360039
0.36417
0.368239
0.372254
0.376232
0.380201
0.38417
0.388106
0.391967
0.395778
0.399622
0.403544
0.407488
0.411379
0.415218
0.419058
0.422906
0.426709
0.430496
0.434358
0.438195
0.441741
0.445022
0.448459
0.452171
0.455573
0.458315
0.461112
0.464556
0.467741
0.469794
0.471969
0.475544
0.478778
0.47986
0.481231
0.485373
0.488956
0.488836
0.489552
0.494699
0.498164
0.496541
0.497888
0.504178
0.505298
0.502705
0.507696
0.513117
0.509612
0.510957
0.518258
0.515374
0.514366
0.521228
0.518033
0.5183
0.523984
0.523318
0.525011
0.525915
0.526113
0.525876
0.527381
0.527373
0.527793
0.527965
0.528063
0.528116
0.528105
0.527924
0.527585
0.527167
0.247055
0.251351
0.255656
0.259951
0.264258
0.268573
0.272921
0.277286
0.281658
0.286023
0.290387
0.294779
0.2992
0.303629
0.308017
0.312347
0.316653
0.320986
0.325369
0.329766
0.334136
0.338467
0.342789
0.347134
0.351507
0.355888
0.360253
0.364592
0.368899
0.373163
0.37738
0.381563
0.385724
0.389845
0.393883
0.397829
0.401734
0.405662
0.409612
0.41353
0.417392
0.421224
0.425058
0.428885
0.432716
0.436606
0.44054
0.444345
0.447933
0.45153
0.455371
0.459215
0.462619
0.465749
0.469226
0.472915
0.475937
0.478389
0.481504
0.485203
0.487724
0.489136
0.49194
0.496069
0.498094
0.49818
0.500875
0.505687
0.506869
0.505799
0.509367
0.514371
0.513295
0.512361
0.51825
0.520851
0.517331
0.520917
0.526625
0.522645
0.523679
0.530148
0.526406
0.528135
0.53353
0.530953
0.532731
0.533404
0.53316
0.533728
0.535073
0.53493
0.535364
0.535512
0.53561
0.535649
0.535622
0.535429
0.535088
0.534664
0.249
0.253389
0.257781
0.262178
0.266579
0.270991
0.275422
0.279856
0.284298
0.288737
0.29321
0.297714
0.302248
0.306766
0.311252
0.315708
0.320172
0.324662
0.329161
0.333635
0.338069
0.342485
0.34691
0.351356
0.355811
0.360262
0.364708
0.36915
0.373581
0.377991
0.38238
0.386759
0.391115
0.395413
0.399621
0.403752
0.407854
0.411952
0.416016
0.420005
0.423921
0.427794
0.431642
0.435481
0.439346
0.443252
0.447115
0.450825
0.454465
0.458247
0.462162
0.465901
0.469351
0.472877
0.476708
0.480364
0.483433
0.486511
0.490211
0.493719
0.496097
0.498465
0.502201
0.505738
0.507113
0.508487
0.5125
0.516189
0.516289
0.516921
0.521658
0.524766
0.523159
0.524584
0.530216
0.530298
0.52774
0.532847
0.536392
0.532439
0.535522
0.540875
0.537117
0.540316
0.544663
0.540504
0.542446
0.542797
0.542498
0.543848
0.544785
0.544568
0.545012
0.545112
0.545176
0.545163
0.545085
0.544856
0.5445
0.544063
0.250908
0.255362
0.259849
0.264335
0.268843
0.273358
0.277883
0.282407
0.286931
0.291474
0.296044
0.300648
0.305255
0.309854
0.314438
0.319034
0.323655
0.328291
0.332911
0.337492
0.342044
0.34659
0.351141
0.355697
0.360244
0.364781
0.369312
0.373839
0.378355
0.382862
0.387373
0.39189
0.396392
0.400843
0.405232
0.409581
0.413913
0.418219
0.42246
0.42661
0.430678
0.434686
0.438651
0.442598
0.446547
0.45047
0.454289
0.457996
0.461725
0.465564
0.469373
0.47298
0.476515
0.480254
0.484085
0.487585
0.490813
0.494349
0.498165
0.501425
0.504094
0.507352
0.51129
0.51418
0.515828
0.518671
0.522999
0.525485
0.525842
0.528441
0.533204
0.534612
0.533792
0.53735
0.542049
0.540781
0.540189
0.545858
0.547258
0.544041
0.54882
0.552541
0.548804
0.553194
0.556127
0.551463
0.554435
0.554445
0.554323
0.556213
0.556559
0.556395
0.556865
0.556928
0.556967
0.556902
0.556771
0.55651
0.556135
0.555677
0.252749
0.257294
0.261851
0.266436
0.271038
0.275658
0.280279
0.284906
0.28954
0.294197
0.298878
0.303569
0.308255
0.312935
0.317627
0.32235
0.327102
0.331861
0.3366
0.341314
0.346015
0.350713
0.355407
0.360092
0.364762
0.369418
0.374061
0.378685
0.38329
0.387887
0.392493
0.397106
0.401707
0.406276
0.410818
0.41535
0.419873
0.424361
0.428783
0.43313
0.43741
0.441629
0.445799
0.449931
0.454023
0.458034
0.461933
0.46577
0.469634
0.4735
0.477236
0.480839
0.484495
0.488277
0.491948
0.495338
0.498738
0.50244
0.506079
0.509201
0.512277
0.515972
0.51961
0.52215
0.524528
0.528295
0.532164
0.533923
0.535324
0.539267
0.543253
0.543776
0.544516
0.549216
0.552437
0.551105
0.552876
0.558437
0.558189
0.556411
0.562015
0.563944
0.560564
0.565542
0.566969
0.562839
0.567431
0.567263
0.567465
0.569561
0.569257
0.569298
0.569793
0.569849
0.569895
0.56981
0.569655
0.569386
0.569007
0.568533
0.25453
0.259156
0.263801
0.268477
0.273171
0.277884
0.282604
0.28734
0.292095
0.296876
0.301669
0.306461
0.311246
0.316032
0.32084
0.325679
0.33054
0.335403
0.34026
0.34511
0.34996
0.354808
0.359649
0.364477
0.369296
0.374102
0.378887
0.383641
0.388368
0.393081
0.397794
0.402503
0.407197
0.411872
0.416536
0.421197
0.425845
0.430461
0.435033
0.439563
0.444051
0.448495
0.452889
0.457231
0.461504
0.465683
0.469773
0.473825
0.477857
0.481804
0.485616
0.489374
0.493181
0.496959
0.500534
0.503961
0.507516
0.511194
0.514623
0.517767
0.521147
0.524838
0.528056
0.530621
0.533699
0.537642
0.54075
0.542423
0.545006
0.549312
0.552174
0.552722
0.555141
0.55991
0.561612
0.560976
0.564628
0.569389
0.568315
0.568453
0.574138
0.574424
0.572047
0.577134
0.577195
0.574219
0.580092
0.579791
0.580401
0.582435
0.581581
0.58197
0.582466
0.582539
0.582618
0.582548
0.582402
0.582152
0.581791
0.581314
0.256231
0.260944
0.265687
0.270451
0.27524
0.280042
0.284867
0.289712
0.294588
0.299483
0.304392
0.309298
0.314207
0.319124
0.324061
0.329016
0.333981
0.338949
0.343923
0.348905
0.353892
0.358878
0.363859
0.368836
0.373811
0.378779
0.383724
0.388638
0.393521
0.398386
0.403238
0.408074
0.41289
0.417685
0.422464
0.427228
0.431969
0.436684
0.441377
0.446054
0.45071
0.455333
0.459911
0.464438
0.4689
0.473286
0.477609
0.481887
0.486099
0.490205
0.494222
0.49822
0.502194
0.506032
0.509684
0.513298
0.517002
0.52064
0.524008
0.527306
0.530841
0.53434
0.537317
0.540154
0.543636
0.547258
0.549781
0.551838
0.555234
0.559141
0.561086
0.562255
0.565835
0.569905
0.570604
0.571142
0.575663
0.57897
0.577788
0.57977
0.58504
0.58413
0.58322
0.588434
0.587453
0.585904
0.592211
0.591212
0.592268
0.594121
0.592958
0.59381
0.594264
0.594372
0.594493
0.594448
0.594324
0.594101
0.593762
0.593289
0.257835
0.262646
0.267487
0.272348
0.277232
0.282138
0.287068
0.292026
0.297013
0.302019
0.307039
0.31207
0.317114
0.322175
0.327249
0.332329
0.337414
0.342504
0.347604
0.352716
0.357834
0.362951
0.368068
0.373191
0.378319
0.383443
0.38855
0.393632
0.39869
0.40373
0.408751
0.41375
0.418722
0.423664
0.428576
0.433458
0.438311
0.443142
0.447957
0.452759
0.457538
0.462284
0.466996
0.471672
0.476305
0.480887
0.485416
0.489883
0.494272
0.498581
0.502844
0.507077
0.51122
0.515207
0.51908
0.522956
0.526822
0.53051
0.534003
0.537531
0.541144
0.54451
0.547529
0.550718
0.554303
0.557503
0.559865
0.562505
0.566187
0.569375
0.570949
0.573007
0.57698
0.579964
0.5804
0.582287
0.586809
0.588558
0.587708
0.591024
0.595308
0.593903
0.594593
0.599739
0.598272
0.598207
0.604135
0.601988
0.603382
0.604981
0.603781
0.605139
0.605497
0.605654
0.605808
0.60578
0.605667
0.605456
0.605125
0.604648
0.259335
0.264246
0.269184
0.274149
0.279138
0.284156
0.2892
0.294272
0.299366
0.304483
0.309618
0.314777
0.319959
0.325161
0.330372
0.335591
0.340813
0.346045
0.351287
0.356539
0.361793
0.367047
0.372306
0.377575
0.38285
0.388121
0.393378
0.398623
0.403855
0.409076
0.414281
0.419462
0.424611
0.429723
0.434797
0.439837
0.444848
0.449834
0.454797
0.459729
0.464619
0.469472
0.474298
0.479104
0.483884
0.488621
0.493304
0.497923
0.502477
0.506985
0.511461
0.515877
0.52018
0.524366
0.528506
0.532634
0.536664
0.540505
0.544244
0.548016
0.551712
0.555119
0.55839
0.56189
0.565431
0.568404
0.570999
0.57417
0.577756
0.580356
0.58211
0.58498
0.588755
0.590782
0.591552
0.594535
0.598519
0.599187
0.599172
0.603136
0.606074
0.604651
0.606781
0.611374
0.60988
0.611173
0.616229
0.613106
0.614714
0.616008
0.614976
0.616778
0.616972
0.617189
0.617362
0.617336
0.617215
0.616994
0.61665
0.616157
0.26072
0.265729
0.270767
0.275839
0.280941
0.286075
0.291238
0.296427
0.301639
0.306874
0.312134
0.317423
0.322739
0.328075
0.333426
0.338789
0.344164
0.349551
0.354948
0.360349
0.365753
0.37116
0.376575
0.381997
0.38742
0.392834
0.398239
0.403639
0.40904
0.414437
0.419823
0.425187
0.430518
0.435811
0.441071
0.446302
0.451508
0.456685
0.461825
0.466911
0.47194
0.476927
0.48189
0.486834
0.491748
0.496613
0.50142
0.506172
0.510884
0.515564
0.520197
0.524747
0.529199
0.533588
0.537956
0.542274
0.54646
0.550508
0.554513
0.558499
0.562317
0.565914
0.56951
0.573228
0.576731
0.579758
0.582785
0.586297
0.589648
0.592037
0.594331
0.597716
0.601007
0.602561
0.604075
0.60765
0.610779
0.611076
0.612267
0.616385
0.618046
0.616975
0.620152
0.623787
0.622258
0.624625
0.628608
0.625113
0.62718
0.628137
0.627353
0.629433
0.629391
0.629671
0.629844
0.629811
0.629674
0.629432
0.629065
0.62855
0.26198
0.267085
0.272229
0.277408
0.282627
0.28788
0.293165
0.298477
0.303816
0.309182
0.314577
0.320001
0.325452
0.330924
0.336417
0.341929
0.347462
0.353008
0.358563
0.364124
0.369692
0.375267
0.380851
0.386438
0.392019
0.397587
0.403149
0.408712
0.414279
0.419848
0.425408
0.430946
0.436455
0.441934
0.447389
0.452824
0.458237
0.463619
0.468952
0.474221
0.47943
0.4846
0.489742
0.49485
0.499908
0.504905
0.509846
0.514744
0.51961
0.524437
0.529197
0.53387
0.538472
0.543038
0.54757
0.55202
0.55635
0.560602
0.564828
0.568976
0.572945
0.57679
0.580672
0.584527
0.588075
0.591351
0.5948
0.598452
0.601628
0.604181
0.607097
0.610666
0.613482
0.6151
0.617488
0.621186
0.623474
0.62396
0.626332
0.630273
0.631066
0.63079
0.634496
0.637005
0.635514
0.638501
0.641353
0.63811
0.641001
0.641656
0.64114
0.6433
0.642973
0.643322
0.643477
0.643437
0.643286
0.643027
0.642639
0.642108
0.263096
0.268305
0.273557
0.278851
0.284186
0.289559
0.294967
0.30041
0.305886
0.311393
0.316929
0.322494
0.328085
0.333702
0.339345
0.345012
0.350701
0.356406
0.362123
0.367851
0.373591
0.379346
0.385109
0.39087
0.396623
0.402366
0.408104
0.413845
0.419589
0.425331
0.431062
0.436772
0.442458
0.448125
0.453776
0.459412
0.465026
0.470605
0.476134
0.481606
0.48703
0.49242
0.497773
0.503072
0.508302
0.513463
0.518572
0.523642
0.528674
0.533649
0.538542
0.543357
0.548119
0.552842
0.557502
0.562065
0.566538
0.570966
0.575351
0.579623
0.583748
0.587821
0.591902
0.595851
0.599526
0.603106
0.606845
0.610513
0.613667
0.616593
0.619994
0.623508
0.62606
0.628111
0.631212
0.634709
0.636459
0.637534
0.640727
0.644146
0.644574
0.64537
0.649272
0.650743
0.649604
0.652808
0.654606
0.652028
0.655763
0.656214
0.655989
0.658074
0.657473
0.657909
0.658036
0.657992
0.657836
0.657567
0.657167
0.656626
0.264053
0.269374
0.274739
0.280151
0.285605
0.291102
0.296639
0.302218
0.307833
0.313485
0.319169
0.324883
0.330624
0.336397
0.342198
0.348026
0.353876
0.359744
0.365627
0.371528
0.377448
0.383385
0.38933
0.395275
0.401215
0.407151
0.413086
0.419022
0.424955
0.43088
0.43679
0.44268
0.448552
0.454413
0.460261
0.466092
0.471897
0.477665
0.483389
0.489071
0.494722
0.500342
0.505916
0.511423
0.516856
0.522222
0.527537
0.532808
0.538023
0.543164
0.548224
0.553216
0.558154
0.563033
0.567826
0.572524
0.577153
0.581737
0.586246
0.590629
0.59491
0.599165
0.603377
0.607414
0.61126
0.615098
0.618988
0.622644
0.625924
0.62925
0.632901
0.636257
0.638812
0.64144
0.644934
0.64806
0.649677
0.651549
0.655116
0.657821
0.658241
0.660083
0.66391
0.664633
0.664183
0.667546
0.668493
0.666763
0.670994
0.671237
0.671318
0.673247
0.672453
0.673012
0.67311
0.673072
0.672917
0.672643
0.672236
0.671687
0.264836
0.270271
0.275756
0.281289
0.286869
0.292495
0.298168
0.303885
0.309645
0.315445
0.321281
0.327151
0.333055
0.338991
0.34496
0.350956
0.356975
0.363014
0.369076
0.375159
0.381263
0.387383
0.393514
0.39965
0.405787
0.411929
0.418074
0.424217
0.430352
0.436473
0.442577
0.448665
0.45474
0.460804
0.466854
0.472883
0.478879
0.484839
0.490763
0.496658
0.502529
0.508369
0.514158
0.519881
0.525536
0.531132
0.536678
0.542168
0.547587
0.552925
0.558188
0.563385
0.568518
0.57357
0.578528
0.583401
0.58821
0.592951
0.597586
0.602102
0.606545
0.610954
0.615271
0.619416
0.623441
0.627466
0.631427
0.635121
0.638614
0.642246
0.645956
0.649184
0.651943
0.65508
0.658661
0.661429
0.663234
0.665861
0.669447
0.671504
0.672193
0.67482
0.678258
0.678607
0.679052
0.682571
0.682981
0.682171
0.686479
0.686301
0.686694
0.688461
0.6876
0.688323
0.6884
0.688379
0.688228
0.687951
0.687533
0.686973
0.265426
0.270978
0.276586
0.282246
0.287959
0.293723
0.299537
0.305398
0.311307
0.31726
0.323255
0.329289
0.335362
0.341471
0.347614
0.353786
0.359985
0.366211
0.372461
0.378736
0.385031
0.391342
0.397664
0.403997
0.41034
0.416693
0.423053
0.42941
0.435757
0.44209
0.448408
0.454713
0.461007
0.467288
0.47355
0.479786
0.485988
0.492155
0.498292
0.504404
0.510488
0.516537
0.522534
0.528473
0.534356
0.540189
0.54597
0.551688
0.557328
0.562888
0.568376
0.573796
0.579139
0.584391
0.589553
0.594636
0.599646
0.604561
0.609355
0.614042
0.618665
0.623227
0.627665
0.631951
0.636153
0.640317
0.644345
0.648151
0.651881
0.6557
0.659379
0.662594
0.665657
0.669126
0.67259
0.675153
0.677347
0.680502
0.683846
0.685516
0.686731
0.689821
0.69267
0.692915
0.694265
0.697779
0.697973
0.698062
0.702112
0.701412
0.70209
0.703699
0.702885
0.703794
0.703854
0.703862
0.703718
0.703434
0.703003
0.702426
0.265801
0.271476
0.277211
0.283005
0.288857
0.294765
0.300727
0.306741
0.312805
0.318919
0.325079
0.331285
0.337534
0.343823
0.350148
0.356506
0.362896
0.369318
0.375769
0.382244
0.38874
0.395252
0.401778
0.408318
0.414874
0.421442
0.428018
0.434594
0.441163
0.447722
0.45427
0.460808
0.467334
0.473844
0.480333
0.486794
0.49322
0.499615
0.505982
0.512319
0.518622
0.524881
0.53109
0.537248
0.54336
0.549426
0.555438
0.561383
0.567252
0.573046
0.578771
0.584421
0.589986
0.59546
0.60085
0.606163
0.611387
0.616499
0.62149
0.626386
0.631212
0.635946
0.64054
0.645
0.649381
0.65368
0.657819
0.661798
0.665747
0.669673
0.673338
0.676669
0.680047
0.68367
0.68696
0.689521
0.692178
0.695587
0.698567
0.700149
0.702023
0.705331
0.707587
0.707945
0.710041
0.713299
0.713429
0.714318
0.717924
0.716818
0.717749
0.7192
0.718514
0.719597
0.719635
0.719677
0.719543
0.719254
0.718809
0.718213
0.265945
0.271747
0.277614
0.283548
0.289545
0.295605
0.301723
0.307896
0.314125
0.320408
0.326742
0.333127
0.339559
0.346034
0.35255
0.359103
0.365695
0.372323
0.37898
0.385665
0.392372
0.399099
0.405842
0.412604
0.419383
0.426174
0.432972
0.439774
0.446573
0.453368
0.460159
0.466942
0.473711
0.480463
0.487192
0.493893
0.500562
0.507204
0.513817
0.520394
0.526928
0.533415
0.539851
0.546241
0.552586
0.558882
0.565121
0.571294
0.577396
0.58343
0.589392
0.595273
0.601069
0.606779
0.612408
0.617954
0.623399
0.628727
0.633944
0.639073
0.644117
0.649044
0.653827
0.658488
0.66306
0.66752
0.671823
0.67601
0.680148
0.684158
0.687888
0.691432
0.695081
0.698748
0.701934
0.704673
0.707746
0.711196
0.713856
0.715596
0.71809
0.72141
0.723229
0.723935
0.726544
0.72936
0.72943
0.730949
0.734048
0.732791
0.734008
0.7353
0.734773
0.73598
0.735981
0.736056
0.735929
0.735637
0.73518
0.734565
0.265836
0.27177
0.277778
0.283857
0.290006
0.296222
0.302502
0.308844
0.315247
0.321708
0.328224
0.334796
0.34142
0.34809
0.354805
0.361564
0.368367
0.375206
0.38208
0.388984
0.395916
0.40287
0.409846
0.416842
0.423855
0.430881
0.437915
0.444953
0.451993
0.459034
0.466076
0.473111
0.480133
0.487137
0.494119
0.501076
0.508005
0.514906
0.521777
0.528608
0.535394
0.54213
0.548817
0.555456
0.562046
0.56858
0.575053
0.581461
0.587804
0.594077
0.600277
0.606395
0.612428
0.618379
0.624249
0.630026
0.635695
0.641252
0.646707
0.652076
0.657342
0.662479
0.667478
0.672359
0.677137
0.681786
0.686293
0.690694
0.694999
0.699119
0.703004
0.706806
0.71066
0.714342
0.717553
0.720587
0.723972
0.72734
0.729831
0.731912
0.734868
0.738018
0.73961
0.740833
0.743748
0.746055
0.746151
0.748089
0.750664
0.749505
0.751105
0.752236
0.751863
0.753127
0.753069
0.753171
0.753047
0.75275
0.752281
0.751648
0.26545
0.271526
0.27768
0.283911
0.290217
0.296597
0.303047
0.309566
0.31615
0.322798
0.329506
0.336275
0.343099
0.349974
0.3569
0.363875
0.370895
0.377957
0.385058
0.392192
0.399358
0.406553
0.413774
0.421016
0.428276
0.435551
0.442835
0.450126
0.457421
0.464722
0.472023
0.479316
0.486599
0.493867
0.501114
0.508339
0.515539
0.522711
0.52985
0.536951
0.544006
0.551013
0.557971
0.564877
0.571728
0.578517
0.585243
0.591903
0.598496
0.605017
0.611461
0.617824
0.624104
0.630301
0.63641
0.642419
0.648319
0.654113
0.659812
0.665416
0.670907
0.676263
0.681488
0.686598
0.691593
0.696454
0.70118
0.705789
0.710261
0.714537
0.71864
0.722694
0.726701
0.730427
0.733791
0.737154
0.740732
0.743993
0.746503
0.749012
0.75224
0.755126
0.756671
0.758455
0.761517
0.763376
0.763661
0.765863
0.767952
0.767069
0.769062
0.770041
0.769819
0.771084
0.770957
0.771081
0.770953
0.770647
0.770164
0.769512
0.264764
0.270987
0.277295
0.283686
0.290157
0.296708
0.303337
0.310039
0.316813
0.323657
0.330567
0.337542
0.344577
0.35167
0.358818
0.366018
0.373268
0.380564
0.387902
0.395278
0.402689
0.410136
0.417614
0.425115
0.432636
0.440174
0.447723
0.455282
0.462849
0.47042
0.47799
0.485556
0.493112
0.500655
0.508179
0.515685
0.523166
0.53062
0.53804
0.545422
0.552761
0.560053
0.567297
0.574488
0.581619
0.588685
0.595684
0.602615
0.609474
0.616258
0.622961
0.629582
0.63612
0.64257
0.648925
0.655176
0.661317
0.667357
0.673302
0.679142
0.684859
0.690442
0.695899
0.70124
0.706457
0.711539
0.716484
0.721297
0.725949
0.730421
0.734763
0.739041
0.743175
0.747005
0.750603
0.754263
0.757945
0.761153
0.763838
0.766762
0.7701
0.772735
0.774394
0.776675
0.779723
0.78127
0.781904
0.784323
0.786003
0.78549
0.787786
0.788621
0.788553
0.789786
0.789599
0.789745
0.789609
0.789293
0.788795
0.78812
0.263752
0.270129
0.276598
0.283156
0.289803
0.296534
0.303348
0.310243
0.317217
0.324267
0.331389
0.33858
0.345837
0.353158
0.36054
0.367979
0.375469
0.383011
0.3906
0.398231
0.405903
0.413613
0.421356
0.429128
0.436923
0.444737
0.452567
0.460409
0.46826
0.476116
0.483972
0.491825
0.49967
0.507502
0.515319
0.523117
0.530893
0.538639
0.546353
0.55403
0.561665
0.569255
0.576796
0.584282
0.591709
0.59907
0.606362
0.613583
0.62073
0.627795
0.634778
0.641674
0.648482
0.655198
0.661812
0.66832
0.674721
0.68102
0.687216
0.693295
0.699245
0.705065
0.710762
0.716338
0.721782
0.727086
0.732248
0.737266
0.742117
0.746808
0.751384
0.755852
0.760116
0.764109
0.76797
0.771864
0.775602
0.778846
0.781807
0.785069
0.7884
0.790884
0.792795
0.795459
0.798361
0.79975
0.800832
0.803426
0.804811
0.804708
0.807167
0.807855
0.807947
0.809136
0.808914
0.809092
0.808949
0.808625
0.80811
0.807411
0.262386
0.268924
0.275562
0.282297
0.289127
0.296048
0.30306
0.310158
0.317342
0.324607
0.331951
0.33937
0.346861
0.354421
0.362048
0.369737
0.377483
0.385284
0.393138
0.401038
0.408984
0.416969
0.42499
0.433044
0.441126
0.449231
0.457355
0.465495
0.473645
0.481801
0.489959
0.498116
0.506266
0.514404
0.522529
0.530636
0.538719
0.546774
0.554797
0.562782
0.570728
0.578627
0.586476
0.594272
0.602007
0.609677
0.617277
0.624805
0.632254
0.639621
0.6469
0.65409
0.661188
0.668185
0.675079
0.681864
0.688541
0.695112
0.70157
0.707902
0.714102
0.720173
0.726117
0.731933
0.737611
0.743142
0.748526
0.753756
0.758825
0.763746
0.76854
0.773181
0.777596
0.781794
0.785908
0.789975
0.793767
0.797138
0.800408
0.803902
0.807177
0.809644
0.811901
0.814828
0.817533
0.818893
0.820441
0.823124
0.824332
0.824652
0.827146
0.827667
0.827931
0.82908
0.828856
0.829078
0.828935
0.828606
0.828077
0.827352
0.26064
0.267348
0.274164
0.281083
0.288106
0.295228
0.302446
0.309759
0.317162
0.324654
0.332231
0.339891
0.347627
0.355439
0.363323
0.371275
0.37929
0.387366
0.395496
0.403679
0.411911
0.420188
0.428504
0.436854
0.445236
0.453645
0.46208
0.470531
0.478994
0.487466
0.495944
0.504422
0.512893
0.521355
0.529805
0.538237
0.546645
0.555026
0.563372
0.571684
0.579954
0.588177
0.596349
0.604465
0.612523
0.620516
0.628437
0.636284
0.644051
0.651736
0.65933
0.66683
0.674233
0.681533
0.688725
0.695806
0.702777
0.709634
0.71637
0.722975
0.729445
0.735781
0.741985
0.748053
0.753974
0.759743
0.765358
0.770817
0.776117
0.78127
0.786273
0.791091
0.795688
0.800113
0.804454
0.808658
0.812538
0.816103
0.819667
0.823307
0.826531
0.829106
0.831732
0.834824
0.837348
0.838806
0.84077
0.843434
0.844546
0.845273
0.847713
0.848082
0.848523
0.849638
0.849443
0.849717
0.849578
0.84925
0.84871
0.847962
0.258485
0.265372
0.272373
0.279487
0.286712
0.294044
0.301481
0.309019
0.316654
0.324384
0.332208
0.340119
0.348115
0.356192
0.364346
0.372573
0.38087
0.389233
0.397657
0.406138
0.414671
0.423253
0.431878
0.440543
0.449241
0.457972
0.46673
0.475508
0.484302
0.493107
0.50192
0.510734
0.519545
0.528349
0.537141
0.545914
0.554666
0.563388
0.572079
0.580734
0.589345
0.597908
0.606419
0.614874
0.623269
0.631597
0.639855
0.648035
0.656136
0.664151
0.672075
0.679901
0.687626
0.695245
0.702755
0.710151
0.717429
0.724587
0.731618
0.738514
0.745272
0.751892
0.758373
0.764706
0.770885
0.776909
0.782774
0.788478
0.794021
0.799407
0.804621
0.809631
0.814442
0.819104
0.823648
0.827983
0.831999
0.835802
0.839616
0.843343
0.846573
0.849349
0.852315
0.855482
0.857891
0.859557
0.861861
0.864421
0.865486
0.86658
0.868915
0.869186
0.86981
0.870891
0.870743
0.871069
0.870936
0.870609
0.870061
0.869291
0.25589
0.262963
0.270161
0.27748
0.284916
0.29247
0.300136
0.307911
0.315791
0.323773
0.331854
0.34003
0.348299
0.356654
0.365094
0.373612
0.382204
0.390869
0.399601
0.408395
0.417244
0.426148
0.435101
0.444096
0.45313
0.462198
0.471295
0.480417
0.489559
0.498716
0.507881
0.517049
0.526217
0.535379
0.54453
0.553663
0.562774
0.571859
0.580912
0.589927
0.598898
0.607822
0.616692
0.625502
0.634251
0.642934
0.651544
0.660074
0.668522
0.676883
0.68515
0.693317
0.701381
0.709336
0.717179
0.724905
0.732508
0.739982
0.747323
0.754526
0.761591
0.768511
0.775282
0.781897
0.788354
0.794651
0.800784
0.80675
0.812547
0.818172
0.823609
0.828841
0.833887
0.838784
0.84352
0.848006
0.852209
0.856263
0.860282
0.864077
0.867384
0.870422
0.873661
0.876842
0.879222
0.88117
0.883728
0.886146
0.887224
0.888635
0.890838
0.891084
0.891887
0.892931
0.892841
0.89321
0.89308
0.892755
0.892198
0.891407
0.25282
0.26009
0.267494
0.275028
0.282689
0.290474
0.298381
0.306405
0.314543
0.322791
0.331144
0.3396
0.348155
0.356805
0.365544
0.374367
0.383273
0.392256
0.401312
0.410433
0.419616
0.428859
0.438157
0.447501
0.456887
0.46631
0.475766
0.485252
0.49476
0.504284
0.513817
0.523358
0.532901
0.54244
0.551969
0.56148
0.57097
0.580434
0.589868
0.599263
0.608614
0.617917
0.627165
0.636353
0.645476
0.654532
0.663514
0.672412
0.681223
0.689945
0.698572
0.7071
0.71552
0.723826
0.732014
0.740084
0.748026
0.755832
0.763501
0.771031
0.778415
0.785649
0.792727
0.799641
0.806394
0.812982
0.819399
0.82564
0.831702
0.837577
0.843258
0.848737
0.854035
0.859167
0.864096
0.868763
0.873191
0.877493
0.881683
0.885561
0.889016
0.892334
0.895778
0.898949
0.901381
0.903638
0.906376
0.908661
0.909826
0.911502
0.913568
0.913855
0.914834
0.915838
0.915808
0.91621
0.916078
0.915753
0.915184
0.91437
0.249241
0.256719
0.26434
0.272101
0.279998
0.288028
0.296188
0.304475
0.312884
0.321411
0.330051
0.338802
0.347659
0.356618
0.365672
0.374819
0.384054
0.393372
0.402769
0.412237
0.421772
0.431372
0.44103
0.450741
0.460499
0.470295
0.480131
0.489998
0.49989
0.5098
0.519723
0.529656
0.539593
0.549527
0.559452
0.569362
0.579252
0.589116
0.598948
0.608744
0.618495
0.628197
0.637845
0.64743
0.656948
0.666395
0.675766
0.685052
0.694251
0.703355
0.712361
0.721263
0.730054
0.738728
0.747281
0.755709
0.764005
0.772164
0.780179
0.788047
0.795766
0.803329
0.810729
0.817962
0.825025
0.831919
0.838634
0.845164
0.851502
0.857645
0.863587
0.869333
0.874894
0.880263
0.8854
0.890281
0.894953
0.899491
0.903839
0.907837
0.911492
0.91508
0.918673
0.921847
0.924404
0.926962
0.929811
0.932002
0.933329
0.935227
0.937164
0.93755
0.938697
0.939657
0.939689
0.940113
0.939975
0.939649
0.939066
0.938227
0.245118
0.252814
0.260664
0.268663
0.27681
0.285098
0.293526
0.302089
0.310784
0.319605
0.328549
0.33761
0.346784
0.356068
0.365456
0.374944
0.384526
0.394196
0.40395
0.413784
0.423691
0.433667
0.443705
0.453801
0.463947
0.474141
0.484374
0.494641
0.504937
0.515255
0.525589
0.535935
0.546288
0.556638
0.56698
0.577308
0.587618
0.597901
0.608155
0.61837
0.62854
0.638661
0.648728
0.658733
0.668668
0.678529
0.688311
0.698007
0.70761
0.717117
0.726523
0.73582
0.745001
0.754063
0.762999
0.771802
0.780471
0.788997
0.797375
0.805601
0.813671
0.821578
0.829316
0.836883
0.844274
0.851485
0.85851
0.865342
0.871974
0.878401
0.884626
0.890652
0.89648
0.902093
0.907459
0.912579
0.917505
0.922266
0.926778
0.930936
0.934828
0.938661
0.942366
0.945583
0.948327
0.951152
0.954058
0.95621
0.957753
0.95984
0.961669
0.962194
0.963491
0.964408
0.964506
0.964945
0.964802
0.964473
0.963877
0.963014
0.24041
0.248338
0.256429
0.264681
0.273089
0.281651
0.29036
0.299215
0.308211
0.317342
0.326605
0.335994
0.345503
0.355129
0.364869
0.374715
0.384661
0.394704
0.404837
0.415055
0.425352
0.435723
0.446162
0.456663
0.467221
0.477829
0.48848
0.499169
0.50989
0.520638
0.531405
0.542186
0.552975
0.563764
0.574545
0.585314
0.596064
0.606791
0.617487
0.628143
0.638755
0.649317
0.659823
0.670266
0.680641
0.69094
0.701154
0.711279
0.721313
0.731245
0.741069
0.75078
0.760373
0.769842
0.77918
0.788381
0.797442
0.806356
0.815114
0.823715
0.832155
0.840424
0.848517
0.856433
0.864165
0.871711
0.879061
0.886208
0.893149
0.899881
0.906405
0.91272
0.918819
0.924686
0.930303
0.935684
0.940867
0.945843
0.950533
0.954895
0.959041
0.963088
0.966895
0.970205
0.973177
0.97623
0.979164
0.981335
0.983124
0.98536
0.987111
0.987803
0.989223
0.990103
0.990272
0.990726
0.990582
0.990252
0.989644
0.988755
0.23508
0.243249
0.251596
0.260114
0.268799
0.277648
0.286656
0.295819
0.305132
0.31459
0.32419
0.333923
0.343785
0.353773
0.363881
0.374104
0.384437
0.394871
0.405402
0.416025
0.426733
0.437521
0.448382
0.459311
0.470302
0.481345
0.492436
0.503571
0.514742
0.525941
0.537162
0.5484
0.559648
0.570898
0.582142
0.593375
0.604589
0.615782
0.626943
0.638064
0.649142
0.660169
0.671136
0.68204
0.692875
0.703632
0.714303
0.724882
0.735364
0.745743
0.75601
0.766157
0.776184
0.786081
0.795843
0.805463
0.814936
0.824257
0.833418
0.842416
0.851243
0.859893
0.868361
0.876641
0.884732
0.892626
0.900317
0.907796
0.915061
0.922115
0.928953
0.935566
0.941949
0.948085
0.953972
0.959627
0.965067
0.970266
0.975157
0.97975
0.984148
0.988391
0.992309
0.995766
0.998982
1.00223
1.00519
1.00743
1.00947
1.01182
1.01352
1.0144
1.01591
1.01677
1.01701
1.01748
1.01734
1.01702
1.01639
1.01548
0.22908
0.237509
0.246125
0.254923
0.263901
0.273055
0.282376
0.291863
0.30151
0.311315
0.321269
0.331364
0.3416
0.351969
0.362467
0.373087
0.383823
0.394671
0.405622
0.416672
0.427813
0.439039
0.450346
0.461725
0.473171
0.484675
0.496229
0.507832
0.519476
0.531152
0.54285
0.554567
0.566299
0.578035
0.589768
0.601488
0.613191
0.624872
0.636523
0.648135
0.659702
0.671217
0.682671
0.694061
0.705378
0.716616
0.727766
0.738821
0.749775
0.760623
0.771353
0.781963
0.792446
0.802796
0.813004
0.823066
0.832973
0.842722
0.852308
0.861722
0.870957
0.880007
0.888868
0.897534
0.906001
0.914263
0.922312
0.930142
0.93775
0.94514
0.952303
0.959228
0.965908
0.972333
0.978507
0.984447
0.990149
0.995577
1.0007
1.00554
1.01019
1.01461
1.01867
1.02231
1.02578
1.02918
1.03218
1.03455
1.03683
1.03925
1.04094
1.04201
1.0436
1.04444
1.04477
1.04525
1.04512
1.0448
1.04417
1.04323
0.22237
0.231071
0.239972
0.249067
0.258354
0.267827
0.277481
0.287312
0.297313
0.307478
0.317805
0.328286
0.338914
0.349687
0.360595
0.371633
0.382796
0.394078
0.405473
0.416972
0.428567
0.440256
0.452033
0.463888
0.475811
0.487798
0.499844
0.511941
0.524083
0.536258
0.548459
0.560682
0.572922
0.585168
0.597413
0.609648
0.621867
0.634061
0.646226
0.658354
0.670437
0.682465
0.694433
0.706332
0.718158
0.729902
0.741553
0.753106
0.764557
0.775899
0.78712
0.798214
0.809177
0.820003
0.83068
0.841206
0.851571
0.861773
0.871804
0.881655
0.89132
0.900792
0.910064
0.919135
0.927998
0.936648
0.945079
0.953279
0.961249
0.968989
0.976493
0.983746
0.990739
0.997471
1.00395
1.01018
1.01615
1.02183
1.0272
1.03231
1.03719
1.0418
1.04603
1.04989
1.05359
1.05714
1.06021
1.06275
1.06524
1.06771
1.06943
1.07069
1.07233
1.07317
1.07359
1.07409
1.07397
1.07366
1.07302
1.07205
0.214901
0.22389
0.233092
0.242501
0.252114
0.261926
0.271931
0.282122
0.292496
0.303045
0.313766
0.324652
0.335696
0.346891
0.358231
0.369711
0.381326
0.393067
0.404927
0.416898
0.428975
0.441153
0.453421
0.465775
0.478203
0.490701
0.503262
0.515878
0.528543
0.541245
0.553975
0.566732
0.579508
0.592292
0.605076
0.61785
0.630608
0.643345
0.656053
0.668723
0.681347
0.693917
0.706424
0.71886
0.73122
0.743494
0.755675
0.767755
0.779728
0.791588
0.803324
0.814928
0.826397
0.837721
0.848894
0.859905
0.870753
0.881432
0.891929
0.902239
0.912355
0.922272
0.93198
0.941476
0.950756
0.959814
0.968644
0.977239
0.985589
0.993698
1.00156
1.00915
1.01648
1.02354
1.03034
1.03687
1.04312
1.04907
1.05472
1.06009
1.06521
1.07002
1.07444
1.07854
1.08247
1.08614
1.08932
1.09206
1.09475
1.09726
1.09904
1.10048
1.10216
1.10302
1.10353
1.10404
1.10395
1.10364
1.10298
1.10199
0.206636
0.215928
0.225443
0.235182
0.245138
0.255307
0.265681
0.276254
0.287021
0.297977
0.309113
0.320424
0.331906
0.343549
0.355347
0.367295
0.379383
0.391607
0.403956
0.416428
0.429013
0.441703
0.454491
0.467368
0.480329
0.493365
0.506468
0.519631
0.532844
0.546099
0.55939
0.572711
0.58605
0.599397
0.612745
0.626089
0.639419
0.652726
0.666003
0.679243
0.692438
0.705576
0.718647
0.731647
0.74457
0.757405
0.770143
0.782776
0.795299
0.807705
0.819982
0.832122
0.844122
0.855973
0.867665
0.879189
0.890543
0.901719
0.912709
0.923502
0.934092
0.944474
0.954641
0.964589
0.974307
0.983793
0.993044
1.00205
1.0108
1.0193
1.02753
1.03549
1.04317
1.05058
1.05771
1.06456
1.0711
1.07734
1.08328
1.08893
1.09429
1.09931
1.10396
1.10831
1.11244
1.11626
1.11958
1.12252
1.12539
1.12795
1.12982
1.13144
1.13315
1.13404
1.13465
1.13518
1.1351
1.13479
1.13412
1.13311
0.197502
0.207116
0.21697
0.227058
0.237378
0.247923
0.258687
0.269664
0.280848
0.292231
0.303806
0.315569
0.327511
0.339627
0.351908
0.364346
0.376935
0.389666
0.402534
0.415531
0.428651
0.441881
0.455216
0.468649
0.482168
0.495768
0.509442
0.52318
0.536973
0.550813
0.564694
0.578603
0.592533
0.606474
0.62042
0.634362
0.64829
0.662198
0.676076
0.689916
0.703711
0.717442
0.731107
0.744703
0.758221
0.771645
0.784966
0.798183
0.811285
0.824267
0.837111
0.849815
0.862374
0.874777
0.887015
0.89908
0.910964
0.922663
0.934166
0.945465
0.956557
0.967431
0.978083
0.988503
0.998683
1.00862
1.01832
1.02775
1.03693
1.04583
1.05445
1.0628
1.07085
1.07862
1.0861
1.09328
1.10014
1.10669
1.11292
1.11886
1.12448
1.12974
1.13463
1.13923
1.14357
1.14754
1.15102
1.15418
1.15721
1.15984
1.16182
1.16361
1.16535
1.16629
1.16699
1.16754
1.16748
1.16718
1.1665
1.16545
0.187459
0.197413
0.207624
0.218082
0.228785
0.239729
0.250906
0.262308
0.27393
0.285765
0.297805
0.310044
0.322474
0.335086
0.347875
0.36083
0.373945
0.387214
0.400629
0.414181
0.427861
0.441662
0.455574
0.469587
0.483697
0.497893
0.512169
0.526512
0.540915
0.555368
0.569865
0.584397
0.59895
0.613517
0.628092
0.642664
0.657222
0.671761
0.68627
0.700741
0.715161
0.729523
0.743817
0.758039
0.772177
0.78622
0.800161
0.813989
0.8277
0.841283
0.854729
0.868025
0.881169
0.894153
0.906964
0.919596
0.932039
0.944287
0.956331
0.968166
0.979782
0.991175
1.00233
1.01325
1.02392
1.03434
1.04449
1.05438
1.06399
1.07332
1.08237
1.09111
1.09956
1.10771
1.11556
1.12309
1.13029
1.13715
1.14371
1.14994
1.15583
1.16134
1.16649
1.17135
1.17589
1.18003
1.18371
1.18709
1.19026
1.19297
1.1951
1.19705
1.19882
1.19983
1.20062
1.20118
1.20115
1.20086
1.20017
1.19909
0.176451
0.186765
0.197349
0.2082
0.219311
0.230676
0.242287
0.254138
0.266224
0.278537
0.291066
0.303806
0.316749
0.329887
0.343209
0.356711
0.370384
0.384219
0.398209
0.412344
0.426616
0.441016
0.455535
0.470166
0.484895
0.499718
0.514625
0.529607
0.544652
0.55975
0.574899
0.590082
0.605289
0.620518
0.635755
0.650988
0.666212
0.681416
0.696586
0.711718
0.726801
0.741824
0.75678
0.771657
0.786451
0.801145
0.815732
0.830208
0.844559
0.858773
0.872844
0.886767
0.90053
0.914123
0.927536
0.940762
0.953793
0.966622
0.979241
0.991634
1.0038
1.01574
1.02743
1.03887
1.05006
1.06097
1.07161
1.08198
1.09205
1.10183
1.11131
1.12048
1.12935
1.1379
1.14613
1.15402
1.16158
1.16879
1.17567
1.18221
1.18838
1.19417
1.19961
1.20471
1.20947
1.2138
1.21769
1.22128
1.2246
1.22742
1.2297
1.2318
1.23362
1.23471
1.23558
1.23617
1.23617
1.23588
1.23517
1.23407
0.164419
0.175113
0.186095
0.197358
0.208897
0.220708
0.232781
0.245107
0.257681
0.270495
0.283541
0.29681
0.310293
0.323984
0.337874
0.351954
0.366214
0.380644
0.395238
0.409989
0.424885
0.439916
0.455076
0.470352
0.485738
0.501223
0.516794
0.532444
0.548164
0.563947
0.57978
0.595648
0.611547
0.627465
0.6434
0.659332
0.675255
0.691155
0.707023
0.722849
0.73863
0.754352
0.769998
0.785568
0.801048
0.816429
0.831698
0.846849
0.861869
0.876752
0.891486
0.906066
0.920476
0.934707
0.948754
0.962607
0.976257
0.989697
1.00291
1.0159
1.02865
1.04116
1.05341
1.0654
1.07712
1.08856
1.09972
1.11058
1.12114
1.1314
1.14134
1.15096
1.16026
1.16923
1.17786
1.18614
1.19407
1.20164
1.20886
1.21572
1.2222
1.22829
1.23401
1.23938
1.24437
1.2489
1.25302
1.25683
1.26029
1.26324
1.26569
1.26793
1.2698
1.27098
1.27194
1.27255
1.27259
1.27231
1.27159
1.27045
0.151303
0.1624
0.173799
0.185499
0.197491
0.209772
0.222332
0.235161
0.24825
0.261596
0.275186
0.289011
0.303067
0.317342
0.331828
0.346513
0.361391
0.376454
0.391688
0.407085
0.422636
0.438334
0.454167
0.470127
0.486201
0.502379
0.51865
0.535007
0.551441
0.567942
0.58449
0.601081
0.617708
0.634359
0.651022
0.667688
0.684344
0.700977
0.717577
0.734142
0.750654
0.767104
0.783485
0.79978
0.815983
0.832081
0.848068
0.863928
0.879657
0.895241
0.910668
0.925935
0.941029
0.955937
0.97065
0.985158
0.99946
1.01354
1.02739
1.041
1.05436
1.06746
1.08031
1.09287
1.10516
1.11715
1.12884
1.14023
1.1513
1.16206
1.17249
1.18259
1.19234
1.20175
1.2108
1.21949
1.22781
1.23577
1.24335
1.25054
1.25735
1.26375
1.26977
1.27541
1.28064
1.28541
1.28977
1.29378
1.2974
1.30049
1.30312
1.3055
1.30743
1.30872
1.30977
1.3104
1.31047
1.3102
1.30947
1.3083
0.137037
0.148557
0.160401
0.172563
0.185037
0.197814
0.210887
0.224246
0.237881
0.251784
0.26595
0.280366
0.295024
0.309914
0.325027
0.340353
0.355884
0.371607
0.387516
0.403597
0.419841
0.436239
0.452783
0.469459
0.486258
0.503165
0.520175
0.537278
0.554458
0.571708
0.589017
0.606372
0.623766
0.641184
0.658613
0.676046
0.693473
0.710881
0.728257
0.745592
0.762875
0.780094
0.797239
0.814299
0.831261
0.848117
0.864856
0.881467
0.897936
0.914255
0.930417
0.946404
0.962211
0.977829
0.993244
1.00845
1.02343
1.03819
1.0527
1.06696
1.08096
1.0947
1.10816
1.12133
1.13421
1.14678
1.15904
1.17098
1.1826
1.19388
1.20482
1.21541
1.22565
1.23552
1.24501
1.25413
1.26287
1.27122
1.27917
1.28673
1.29388
1.30061
1.30694
1.31286
1.31834
1.32337
1.32798
1.33221
1.33599
1.33925
1.34206
1.34457
1.34658
1.34798
1.34911
1.34978
1.34988
1.34962
1.34888
1.34769
0.121555
0.133526
0.145838
0.158489
0.17147
0.184774
0.198389
0.212305
0.226515
0.241012
0.255785
0.270822
0.286116
0.301652
0.317426
0.333429
0.349649
0.366071
0.382687
0.399488
0.416462
0.433601
0.45089
0.46832
0.48588
0.503557
0.521345
0.53923
0.557201
0.575244
0.593348
0.611505
0.6297
0.647922
0.66616
0.684407
0.702645
0.720864
0.739054
0.757201
0.775294
0.79332
0.811268
0.829134
0.846897
0.864546
0.882075
0.899471
0.916722
0.933818
0.950742
0.967492
0.984053
1.00041
1.01657
1.0325
1.0482
1.06367
1.07888
1.09382
1.1085
1.1229
1.13701
1.15082
1.16432
1.1775
1.19036
1.20289
1.21507
1.2269
1.23838
1.24949
1.26023
1.27058
1.28054
1.29011
1.29929
1.30805
1.31641
1.32434
1.33185
1.33893
1.34559
1.3518
1.35756
1.36286
1.36772
1.37217
1.37614
1.37957
1.38257
1.38521
1.38731
1.38884
1.39004
1.39075
1.3909
1.39065
1.3899
1.38867
0.104782
0.11723
0.130041
0.143211
0.156731
0.170588
0.184777
0.199286
0.214102
0.229221
0.244634
0.260328
0.27629
0.292514
0.308986
0.325699
0.342642
0.359801
0.377163
0.394721
0.412464
0.430379
0.448456
0.46668
0.485043
0.503535
0.52214
0.540848
0.559647
0.578521
0.597464
0.616464
0.635505
0.654575
0.673665
0.692765
0.711857
0.730929
0.749972
0.768971
0.787911
0.806788
0.825589
0.844295
0.862896
0.881381
0.899743
0.917967
0.936035
0.953942
0.971674
0.989225
1.00658
1.02373
1.04066
1.05735
1.07381
1.09001
1.10596
1.12163
1.13701
1.1521
1.1669
1.18138
1.19553
1.20936
1.22284
1.23598
1.24876
1.26117
1.27321
1.28487
1.29614
1.307
1.31746
1.3275
1.33713
1.34634
1.35511
1.36345
1.37133
1.37878
1.38577
1.3923
1.39836
1.40393
1.40906
1.41373
1.4179
1.42154
1.42473
1.42749
1.42971
1.43136
1.43264
1.4334
1.43359
1.43335
1.43259
1.43133
0.0866443
0.0995999
0.112942
0.126663
0.14075
0.155196
0.169989
0.185121
0.200582
0.216358
0.232444
0.248827
0.265501
0.282447
0.299655
0.317116
0.33482
0.352754
0.370903
0.389258
0.407809
0.426546
0.445449
0.464513
0.483722
0.503065
0.522531
0.542105
0.561774
0.581527
0.601352
0.621237
0.641169
0.661134
0.68112
0.701112
0.721102
0.741071
0.761008
0.7809
0.800738
0.82051
0.840195
0.859786
0.879271
0.898642
0.917878
0.936964
0.955895
0.974656
0.99324
1.01163
1.02982
1.04779
1.06553
1.08303
1.10028
1.11727
1.13398
1.15041
1.16653
1.18236
1.19786
1.21305
1.22789
1.2424
1.25654
1.27032
1.28373
1.29675
1.30938
1.32161
1.33344
1.34484
1.35581
1.36636
1.37647
1.38614
1.39536
1.40411
1.4124
1.42021
1.42756
1.43443
1.4408
1.44667
1.45207
1.45699
1.46137
1.46522
1.46859
1.4715
1.47384
1.47562
1.47699
1.47779
1.47803
1.4778
1.47703
1.47574
0.0670644
0.0805618
0.0944643
0.108768
0.12346
0.138527
0.153958
0.169749
0.18589
0.202365
0.219163
0.236274
0.253688
0.271397
0.289381
0.307631
0.326138
0.344886
0.363866
0.383063
0.402464
0.42206
0.441839
0.461784
0.481881
0.502122
0.52249
0.542974
0.563561
0.58424
0.604992
0.62581
0.646674
0.667577
0.688505
0.709442
0.73037
0.751277
0.772156
0.792992
0.813774
0.834485
0.85511
0.875628
0.896043
0.916333
0.936483
0.956485
0.976324
0.995988
1.01546
1.03473
1.05379
1.07263
1.09122
1.10956
1.12765
1.14546
1.16298
1.1802
1.19711
1.2137
1.22997
1.24589
1.26146
1.27667
1.29151
1.30596
1.32003
1.3337
1.34695
1.35978
1.37218
1.38415
1.39568
1.40675
1.41737
1.42752
1.4372
1.44639
1.4551
1.46332
1.47104
1.47826
1.48496
1.49114
1.49683
1.502
1.50661
1.51068
1.51425
1.51732
1.51979
1.52169
1.52315
1.52401
1.5243
1.52409
1.52331
1.52198
0.0459586
0.0600291
0.0745292
0.0894503
0.104781
0.12051
0.136621
0.153108
0.169962
0.187173
0.204723
0.222604
0.240803
0.259309
0.27811
0.297193
0.316543
0.336153
0.356006
0.376088
0.396387
0.41689
0.437582
0.458453
0.479488
0.500672
0.521991
0.543435
0.564989
0.586637
0.608367
0.630161
0.65201
0.673899
0.695812
0.717736
0.739654
0.761554
0.783423
0.805253
0.827027
0.848722
0.870322
0.891825
0.913214
0.934475
0.95559
0.976552
0.997347
1.01795
1.03836
1.05856
1.07854
1.09828
1.11777
1.137
1.15595
1.17462
1.193
1.21106
1.22879
1.24619
1.26324
1.27995
1.29628
1.31224
1.3278
1.34297
1.35772
1.37206
1.38597
1.39943
1.41245
1.42501
1.43711
1.44874
1.45989
1.47055
1.48071
1.49037
1.49953
1.50816
1.51628
1.52386
1.53091
1.53742
1.54341
1.54884
1.55371
1.55801
1.56179
1.56501
1.56763
1.56966
1.57121
1.57215
1.57248
1.57228
1.5715
1.57014
0.0232388
0.0379223
0.0530578
0.0686342
0.084639
0.101064
0.117898
0.135123
0.152731
0.170713
0.18906
0.207754
0.226782
0.24613
0.265792
0.285749
0.305993
0.326508
0.347279
0.368294
0.389535
0.410992
0.432648
0.454494
0.476513
0.498689
0.52101
0.543465
0.566034
0.588702
0.611453
0.634276
0.657159
0.680085
0.703037
0.725999
0.748956
0.7719
0.794815
0.817683
0.840492
0.863219
0.885853
0.908383
0.930803
0.953085
0.975215
0.997183
1.01897
1.04057
1.06196
1.08314
1.10408
1.12478
1.14521
1.16537
1.18524
1.20482
1.22408
1.24302
1.26162
1.27987
1.29775
1.31527
1.33241
1.34915
1.36548
1.38138
1.39687
1.41191
1.4265
1.44064
1.4543
1.46749
1.48019
1.4924
1.50411
1.5153
1.52598
1.53613
1.54574
1.55482
1.56335
1.57133
1.57874
1.5856
1.59189
1.59761
1.60274
1.60729
1.61127
1.61468
1.61745
1.61963
1.62127
1.62227
1.62266
1.62248
1.62169
1.6203
-0.00117833
0.0141543
0.0299656
0.0462344
0.0629544
0.0801196
0.0977102
0.115718
0.134126
0.15293
0.172113
0.191659
0.21156
0.231804
0.252372
0.273253
0.294434
0.3159
0.337639
0.359628
0.381863
0.404326
0.427
0.449871
0.472925
0.496147
0.519519
0.543027
0.566664
0.590406
0.614237
0.638141
0.66211
0.686123
0.710165
0.734221
0.758276
0.782316
0.80632
0.830284
0.854182
0.877993
0.901718
0.92533
0.948819
0.972173
0.995367
1.0184
1.04124
1.06387
1.0863
1.1085
1.13046
1.15215
1.17358
1.19471
1.21555
1.23607
1.25627
1.27613
1.29564
1.31479
1.33355
1.35192
1.3699
1.38746
1.40459
1.42128
1.43752
1.45331
1.46863
1.48346
1.4978
1.51165
1.52499
1.53781
1.5501
1.56186
1.57307
1.58373
1.59384
1.60338
1.61235
1.62073
1.62854
1.63575
1.64238
1.64839
1.6538
1.6586
1.66281
1.6664
1.66933
1.67166
1.67341
1.67448
1.67493
1.67478
1.67397
1.67254
-0.0273868
-0.0113626
0.00515908
0.022169
0.0396493
0.0575904
0.0759868
0.094819
0.114077
0.133742
0.153807
0.174257
0.195081
0.216266
0.23779
0.25964
0.281807
0.304277
0.32703
0.350054
0.373332
0.396855
0.420598
0.444541
0.468682
0.493
0.517481
0.54211
0.566863
0.59173
0.616693
0.641735
0.666843
0.692003
0.717191
0.742397
0.767599
0.792785
0.817947
0.843056
0.868097
0.893056
0.917925
0.942676
0.967288
0.991758
1.01607
1.04021
1.06415
1.08789
1.1114
1.13467
1.15769
1.18044
1.2029
1.22506
1.24691
1.26844
1.28962
1.31045
1.33091
1.35099
1.37068
1.38995
1.40881
1.42723
1.4452
1.46272
1.47976
1.49633
1.5124
1.52797
1.54303
1.55757
1.57157
1.58503
1.59794
1.61029
1.62207
1.63327
1.64389
1.65392
1.66334
1.67217
1.68037
1.68797
1.69495
1.70128
1.70698
1.71204
1.71648
1.72027
1.72338
1.72586
1.72771
1.72888
1.72938
1.72925
1.72845
1.72698
-0.0554765
-0.0387232
-0.0214448
-0.00365727
0.0146269
0.0333997
0.0526448
0.0723493
0.0924952
0.113073
0.134073
0.15548
0.177273
0.199443
0.221979
0.244855
0.26806
0.291584
0.315412
0.339521
0.363895
0.388522
0.413388
0.438471
0.463754
0.48923
0.514874
0.540668
0.566599
0.592648
0.6188
0.645038
0.671351
0.69771
0.724103
0.750511
0.776926
0.803324
0.829688
0.856004
0.882247
0.908411
0.934472
0.960409
0.986211
1.01187
1.03735
1.06265
1.08775
1.11264
1.13729
1.16169
1.18582
1.20967
1.23322
1.25647
1.27939
1.30196
1.32417
1.34602
1.36749
1.38855
1.4092
1.42942
1.4492
1.46853
1.48739
1.50577
1.52365
1.54104
1.5579
1.57425
1.59006
1.60532
1.62002
1.63416
1.64772
1.66068
1.67306
1.68483
1.69599
1.70653
1.71644
1.72571
1.73435
1.74234
1.74969
1.75636
1.76236
1.76771
1.77239
1.77639
1.77969
1.78233
1.7843
1.78555
1.78611
1.78601
1.7852
1.7837
-0.0855505
-0.068021
-0.0499423
-0.0313312
-0.0121945
0.00745147
0.0275954
0.0482237
0.0693148
0.0908563
0.112838
0.135251
0.158068
0.18128
0.204874
0.228836
0.253136
0.277772
0.302722
0.327971
0.353502
0.379294
0.405341
0.431618
0.458106
0.484789
0.511651
0.538677
0.565847
0.59314
0.620542
0.648042
0.675607
0.703233
0.730889
0.758562
0.786247
0.813916
0.841549
0.869127
0.896633
0.92405
0.951364
0.978559
1.00561
1.0325
1.05922
1.08574
1.11206
1.13815
1.164
1.18959
1.21489
1.23989
1.2646
1.28898
1.31301
1.33668
1.35999
1.3829
1.40542
1.42751
1.44917
1.47039
1.49114
1.51141
1.5312
1.55049
1.56926
1.58751
1.60521
1.62237
1.63897
1.65499
1.67043
1.68528
1.69951
1.71313
1.72613
1.7385
1.75023
1.7613
1.77172
1.78148
1.79056
1.79897
1.8067
1.81373
1.82006
1.8257
1.83063
1.83486
1.83836
1.84116
1.84325
1.8446
1.84523
1.84516
1.84435
1.84282
-0.117703
-0.0993504
-0.0804227
-0.0609379
-0.0409042
-0.0203327
0.00075606
0.0223528
0.0444417
0.0670053
0.0900247
0.113496
0.137398
0.161709
0.186421
0.211512
0.236968
0.262771
0.288907
0.315357
0.342104
0.369125
0.396406
0.423933
0.451686
0.479647
0.507792
0.536106
0.564575
0.593181
0.621903
0.650714
0.679599
0.708544
0.737537
0.766547
0.795559
0.824558
0.853522
0.882423
0.911259
0.939999
0.968632
0.997137
1.0255
1.05369
1.0817
1.10951
1.13711
1.16446
1.19156
1.21838
1.24492
1.27115
1.29706
1.32263
1.34783
1.37266
1.3971
1.42114
1.44476
1.46793
1.49066
1.51292
1.53469
1.55596
1.57672
1.59696
1.61667
1.63582
1.6544
1.67241
1.68984
1.70666
1.72287
1.73846
1.75341
1.76772
1.78137
1.79437
1.80669
1.81834
1.82929
1.83955
1.84911
1.85796
1.86608
1.87349
1.88017
1.88611
1.89132
1.89578
1.89949
1.90246
1.90468
1.90614
1.90684
1.9068
1.90599
1.90443
-0.152032
-0.132819
-0.112994
-0.0925862
-0.0716048
-0.050059
-0.0279635
-0.00534307
0.0177962
0.0414314
0.0655544
0.0901402
0.115179
0.140652
0.166534
0.192822
0.219492
0.246524
0.273907
0.301617
0.329639
0.357955
0.386543
0.415387
0.444462
0.473759
0.503256
0.532931
0.562762
0.592742
0.622837
0.653031
0.683308
0.713648
0.744034
0.774446
0.804852
0.835244
0.865602
0.895906
0.926129
0.956262
0.98628
1.01617
1.0459
1.07545
1.10482
1.13398
1.16291
1.19159
1.22001
1.24814
1.27597
1.30348
1.33065
1.35746
1.3839
1.40995
1.43559
1.4608
1.48557
1.50988
1.53373
1.55708
1.57992
1.60224
1.62403
1.64527
1.66595
1.68605
1.70556
1.72446
1.74275
1.76042
1.77744
1.79381
1.80952
1.82454
1.83889
1.85254
1.86549
1.87773
1.88925
1.90004
1.91009
1.91939
1.92795
1.93575
1.94279
1.94906
1.95455
1.95927
1.9632
1.96635
1.96872
1.97028
1.97106
1.97105
1.97025
1.96864
-0.188647
-0.168526
-0.147762
-0.126376
-0.104392
-0.0818124
-0.0586643
-0.034956
-0.0107069
0.014065
0.0393391
0.0650979
0.0913322
0.118021
0.14515
0.172692
0.200643
0.228973
0.257661
0.286702
0.316064
0.345733
0.375692
0.405918
0.436391
0.467094
0.498007
0.529108
0.560375
0.591787
0.623329
0.654979
0.686719
0.718525
0.75037
0.782242
0.81412
0.845977
0.877802
0.909567
0.941252
0.972839
1.00432
1.03565
1.06682
1.09781
1.1286
1.15918
1.18951
1.21959
1.24938
1.27889
1.30807
1.33692
1.36542
1.39354
1.42127
1.44859
1.47549
1.50193
1.52792
1.55343
1.57844
1.60293
1.6269
1.65033
1.6732
1.69549
1.71719
1.73828
1.75876
1.77861
1.79781
1.81636
1.83423
1.85142
1.86792
1.8837
1.89877
1.91312
1.92673
1.93959
1.9517
1.96305
1.97362
1.98341
1.99241
2.00063
2.00804
2.01465
2.02045
2.02544
2.02959
2.03294
2.03546
2.03714
2.038
2.03803
2.03722
2.03558
-0.227667
-0.206577
-0.184819
-0.162407
-0.139359
-0.115696
-0.0914275
-0.0665803
-0.0411686
-0.0152016
0.011289
0.0382865
0.0657768
0.0937531
0.122191
0.151061
0.180348
0.210038
0.240112
0.27054
0.301314
0.332406
0.363805
0.395485
0.427425
0.459603
0.492008
0.524602
0.557377
0.590296
0.623358
0.656537
0.68981
0.723143
0.756526
0.789938
0.823351
0.85675
0.890109
0.923405
0.956631
0.989756
1.02275
1.0556
1.08828
1.12077
1.15306
1.18512
1.21693
1.24847
1.27972
1.31066
1.34127
1.37153
1.40141
1.4309
1.45999
1.48865
1.51686
1.54461
1.57186
1.59863
1.62487
1.65057
1.67571
1.7003
1.7243
1.74769
1.77047
1.7926
1.8141
1.83494
1.8551
1.87457
1.89334
1.91139
1.92872
1.9453
1.96114
1.97621
1.99051
2.00402
2.01675
2.02869
2.03981
2.05011
2.05959
2.06824
2.07604
2.08301
2.08914
2.0944
2.0988
2.10234
2.10503
2.10684
2.10778
2.10785
2.10704
2.10537
-0.269209
-0.247091
-0.224276
-0.200782
-0.176624
-0.151813
-0.126375
-0.100318
-0.0736767
-0.0464643
-0.0186915
0.00961664
0.0384429
0.0677655
0.0975716
0.127838
0.158536
0.189656
0.221176
0.253075
0.285335
0.317928
0.350831
0.384035
0.417518
0.45125
0.485207
0.519378
0.553731
0.588245
0.6229
0.657675
0.692546
0.72749
0.762488
0.797512
0.832545
0.867555
0.902525
0.937447
0.972279
1.007
1.04159
1.07603
1.1103
1.14437
1.17823
1.21185
1.24521
1.27828
1.31105
1.3435
1.37561
1.40734
1.43868
1.46961
1.50012
1.53018
1.55977
1.58888
1.61747
1.64555
1.67308
1.70005
1.72643
1.75223
1.77742
1.80197
1.82588
1.84911
1.87167
1.89355
1.91471
1.93515
1.95486
1.97382
1.99202
2.00944
2.02607
2.04191
2.05694
2.07115
2.08453
2.09707
2.10877
2.11961
2.12959
2.1387
2.14692
2.15426
2.16073
2.16629
2.17094
2.1747
2.17755
2.17949
2.18053
2.18065
2.17985
2.17813
-0.31339
-0.290198
-0.266265
-0.241618
-0.216283
-0.190271
-0.163587
-0.136274
-0.108342
-0.0798027
-0.0506805
-0.020997
0.00922735
0.0399726
0.0712147
0.102943
0.135134
0.167762
0.200804
0.234241
0.268052
0.302217
0.336721
0.371525
0.406618
0.441979
0.477575
0.513391
0.549398
0.585581
0.621911
0.658363
0.694918
0.731549
0.768237
0.804959
0.841684
0.87839
0.915056
0.951662
0.988174
1.02459
1.06086
1.09696
1.1329
1.16863
1.20413
1.23939
1.27436
1.30905
1.34342
1.37745
1.41112
1.4444
1.47727
1.50971
1.54172
1.57325
1.60429
1.63482
1.66482
1.69428
1.72316
1.75145
1.77914
1.80621
1.83264
1.85841
1.8835
1.90789
1.93158
1.95453
1.97675
1.99821
2.01891
2.03882
2.05793
2.07623
2.0937
2.11034
2.12614
2.14107
2.15514
2.16833
2.18064
2.19204
2.20253
2.21213
2.2208
2.22854
2.23535
2.24122
2.24615
2.25014
2.25317
2.25525
2.25638
2.25655
2.25576
2.25401
-0.360332
-0.335999
-0.310898
-0.285041
-0.258463
-0.23117
-0.203193
-0.174541
-0.145246
-0.115322
-0.084776
-0.0536517
-0.0219598
0.0102778
0.0430428
0.0763051
0.110055
0.144265
0.178904
0.213962
0.249409
0.28523
0.321398
0.357888
0.394673
0.431736
0.469058
0.5066
0.544348
0.582271
0.62036
0.65858
0.696905
0.735311
0.773766
0.812258
0.850756
0.889245
0.927692
0.966065
1.00436
1.04253
1.08055
1.11842
1.1561
1.19357
1.2308
1.26777
1.30445
1.34082
1.37686
1.41255
1.44786
1.48277
1.51724
1.55128
1.58484
1.61791
1.65047
1.6825
1.71398
1.74488
1.77519
1.80487
1.83393
1.86233
1.89006
1.9171
1.94344
1.96905
1.9939
2.018
2.04132
2.06386
2.08558
2.10649
2.12657
2.14579
2.16415
2.18163
2.19823
2.21393
2.22871
2.24258
2.25553
2.26752
2.27856
2.28866
2.2978
2.30597
2.31315
2.31935
2.32456
2.32879
2.33202
2.33424
2.33547
2.3357
2.33492
2.33313
-0.41018
-0.384636
-0.358288
-0.331161
-0.303277
-0.274649
-0.245291
-0.215233
-0.184501
-0.15312
-0.121094
-0.0884468
-0.0552077
-0.0213957
0.0129532
0.0478357
0.0832233
0.119087
0.155412
0.192172
0.229346
0.266895
0.304805
0.343064
0.381636
0.420492
0.45961
0.498964
0.538533
0.578295
0.618228
0.658298
0.698472
0.73873
0.779047
0.819403
0.859774
0.900124
0.940432
0.980672
1.02081
1.06084
1.10071
1.14042
1.17992
1.21921
1.25825
1.29701
1.33548
1.37362
1.41142
1.44885
1.48587
1.52248
1.55865
1.59434
1.62955
1.66424
1.6984
1.732
1.76502
1.79744
1.82923
1.86038
1.89087
1.92068
1.94978
1.97815
2.00579
2.03267
2.05877
2.08406
2.10854
2.1322
2.15502
2.17697
2.19805
2.21824
2.23753
2.2559
2.27334
2.28984
2.30538
2.31996
2.33357
2.3462
2.35781
2.36844
2.37807
2.38668
2.39426
2.4008
2.40632
2.41079
2.41423
2.41661
2.41794
2.41822
2.41746
2.41564
-0.463063
-0.43623
-0.40857
-0.380097
-0.35084
-0.320808
-0.290001
-0.258464
-0.226221
-0.193305
-0.15972
-0.125486
-0.090619
-0.0551574
-0.0191333
0.0174417
0.0545517
0.0921678
0.130251
0.168793
0.207765
0.247145
0.286888
0.326993
0.36743
0.408172
0.449184
0.490439
0.531928
0.573617
0.61547
0.657475
0.699594
0.7418
0.784081
0.826395
0.868713
0.911012
0.953266
0.995458
1.03755
1.07951
1.12132
1.16295
1.20438
1.24558
1.28651
1.32716
1.3675
1.4075
1.44714
1.48638
1.52521
1.56361
1.60154
1.63898
1.67591
1.7123
1.74813
1.78338
1.81802
1.85203
1.88539
1.91807
1.95006
1.98134
2.01187
2.04165
2.07066
2.09887
2.12626
2.15281
2.17851
2.20335
2.22731
2.25037
2.27251
2.29371
2.31397
2.33327
2.3516
2.36894
2.38527
2.4006
2.41492
2.4282
2.44043
2.45161
2.46174
2.47082
2.47882
2.48573
2.49156
2.49631
2.49996
2.50251
2.50396
2.5043
2.50355
2.5017
-0.519106
-0.490935
-0.461882
-0.431989
-0.401276
-0.369754
-0.337446
-0.304357
-0.270534
-0.235994
-0.200769
-0.164862
-0.128297
-0.0911054
-0.0533161
-0.0149614
0.0239529
0.0633929
0.103337
0.143746
0.184603
0.22589
0.267582
0.309623
0.352014
0.394721
0.437719
0.480988
0.524475
0.568175
0.612053
0.656086
0.700254
0.744514
0.788826
0.833175
0.877545
0.921901
0.966209
1.01044
1.05457
1.09857
1.1424
1.18606
1.2295
1.27269
1.31561
1.35824
1.40054
1.44248
1.48405
1.52521
1.56594
1.6062
1.64599
1.68526
1.72399
1.76216
1.79975
1.83672
1.87306
1.90874
1.94374
1.97804
2.01161
2.04442
2.07646
2.1077
2.13814
2.16775
2.19651
2.22438
2.25136
2.27743
2.30259
2.3268
2.35005
2.37233
2.39361
2.41388
2.43314
2.45137
2.46854
2.48465
2.4997
2.51367
2.52656
2.53833
2.54899
2.55854
2.56698
2.57429
2.58045
2.58547
2.58935
2.59208
2.59366
2.59407
2.59333
2.59144
-0.578458
-0.548868
-0.518363
-0.486978
-0.454735
-0.42165
-0.387739
-0.353034
-0.31755
-0.28132
-0.244351
-0.206687
-0.168341
-0.129333
-0.0897004
-0.0494715
-0.00867146
0.0326927
0.0745741
0.116946
0.159792
0.203081
0.246787
0.290881
0.335323
0.380095
0.425162
0.470522
0.516132
0.561949
0.607951
0.654109
0.700402
0.746798
0.793263
0.839769
0.886283
0.932782
0.979235
1.02561
1.07188
1.11801
1.16397
1.20974
1.25529
1.30058
1.34559
1.39028
1.43464
1.47862
1.52221
1.56538
1.60809
1.65032
1.69204
1.73323
1.77386
1.8139
1.85332
1.89211
1.93023
1.96766
2.00438
2.04036
2.07559
2.11002
2.14363
2.17642
2.20836
2.23944
2.26963
2.29889
2.32721
2.35458
2.38099
2.40642
2.43084
2.45423
2.47658
2.49787
2.5181
2.53726
2.55532
2.57225
2.58807
2.60277
2.61633
2.62872
2.63995
2.65001
2.65892
2.66663
2.67314
2.67845
2.68257
2.68549
2.68721
2.6877
2.68698
2.68504
-0.641264
-0.610173
-0.578143
-0.545199
-0.511358
-0.476629
-0.441037
-0.404611
-0.367381
-0.329365
-0.290598
-0.25108
-0.21086
-0.169959
-0.128396
-0.0862006
-0.0434049
-4.02902e-05
0.0438702
0.0883107
0.133246
0.178636
0.22445
0.270674
0.317274
0.364226
0.411485
0.459031
0.506841
0.554877
0.603108
0.651498
0.700023
0.748661
0.797375
0.846131
0.894899
0.943646
0.992345
1.04097
1.08947
1.13784
1.18603
1.23402
1.28177
1.32926
1.37646
1.42332
1.46983
1.51596
1.56167
1.60693
1.65172
1.69601
1.73977
1.78297
1.82558
1.86758
1.90894
1.94962
1.98961
2.02888
2.0674
2.10515
2.14211
2.17823
2.21351
2.24791
2.28144
2.31405
2.34573
2.37645
2.40618
2.43491
2.46263
2.48934
2.51498
2.53954
2.56302
2.5854
2.60665
2.62677
2.64575
2.66356
2.6802
2.69565
2.70991
2.72296
2.73478
2.74539
2.75477
2.76292
2.7698
2.77543
2.77979
2.78291
2.78476
2.78534
2.78465
2.78268
-0.707699
-0.675033
-0.641389
-0.606795
-0.571266
-0.534808
-0.497465
-0.459243
-0.420172
-0.380287
-0.33961
-0.298172
-0.255992
-0.213098
-0.169508
-0.125249
-0.0803721
-0.0348951
0.0111573
0.0577519
0.104859
0.152454
0.200498
0.248961
0.297816
0.347032
0.39659
0.446439
0.496563
0.546914
0.597475
0.648209
0.699085
0.750071
0.801139
0.85225
0.903376
0.954483
1.00554
1.05651
1.10736
1.15807
1.2086
1.25891
1.30898
1.35877
1.40825
1.45739
1.50616
1.55453
1.60246
1.64993
1.6969
1.74335
1.78924
1.83455
1.87924
1.92329
1.96667
2.00935
2.0513
2.09249
2.1329
2.17251
2.21127
2.24918
2.28619
2.3223
2.35748
2.3917
2.42494
2.45719
2.4884
2.51857
2.54767
2.5757
2.60263
2.62842
2.65308
2.67659
2.69892
2.72006
2.74
2.75873
2.77623
2.79249
2.80748
2.82121
2.83367
2.84484
2.85472
2.86332
2.8706
2.87655
2.88119
2.88452
2.88652
2.88718
2.88652
2.88453
-0.777907
-0.743594
-0.708255
-0.671925
-0.634617
-0.596346
-0.557149
-0.517057
-0.476074
-0.434224
-0.391558
-0.348093
-0.303847
-0.258855
-0.213137
-0.166724
-0.119665
-0.0719787
-0.0236801
0.025166
0.0745471
0.124455
0.17484
0.225645
0.276864
0.328468
0.380418
0.432681
0.485224
0.538014
0.591018
0.644206
0.69754
0.75099
0.804522
0.858104
0.9117
0.965274
1.0188
1.07224
1.12555
1.17871
1.23168
1.28443
1.33692
1.38913
1.44101
1.49253
1.54367
1.59439
1.64465
1.69442
1.74368
1.79239
1.84052
1.88804
1.93491
1.98111
2.02661
2.07137
2.11537
2.15859
2.20098
2.24252
2.28319
2.32296
2.3618
2.39969
2.4366
2.47252
2.50741
2.54125
2.57401
2.60568
2.63623
2.66566
2.69394
2.72103
2.74693
2.77161
2.79507
2.81729
2.83825
2.85793
2.87633
2.89343
2.9092
2.92365
2.93678
2.94855
2.95896
2.96802
2.97571
2.98201
2.98695
2.9905
2.99266
2.99342
2.99278
2.99076
-0.852028
-0.815997
-0.778889
-0.740741
-0.70158
-0.661416
-0.62027
-0.578198
-0.535202
-0.491312
-0.446553
-0.400955
-0.354534
-0.307342
-0.259415
-0.210759
-0.161402
-0.111398
-0.0607746
-0.00954363
0.042246
0.0945625
0.147375
0.200648
0.254349
0.308446
0.362906
0.417694
0.472777
0.528119
0.583684
0.639439
0.695349
0.751381
0.807496
0.863665
0.91985
0.976013
1.03212
1.08814
1.14403
1.19976
1.25529
1.31059
1.36563
1.42036
1.47475
1.52877
1.58239
1.63557
1.68827
1.74047
1.79212
1.8432
1.89367
1.9435
1.99266
2.04112
2.08883
2.13578
2.18194
2.22726
2.27173
2.31531
2.35798
2.3997
2.44046
2.48021
2.51895
2.55663
2.59325
2.62876
2.66316
2.6964
2.72848
2.75937
2.78906
2.81751
2.84471
2.87063
2.89528
2.91862
2.94065
2.96133
2.98067
2.99865
3.01525
3.03046
3.04428
3.05668
3.06766
3.07721
3.08533
3.09201
3.09724
3.10102
3.10335
3.10422
3.10361
3.10155
-0.930257
-0.892411
-0.853462
-0.813423
-0.772315
-0.730154
-0.686987
-0.642828
-0.597718
-0.551664
-0.504713
-0.456894
-0.408228
-0.358739
-0.308472
-0.25745
-0.205707
-0.153275
-0.10019
-0.0464813
0.00781593
0.0626644
0.118031
0.173884
0.230181
0.286894
0.343984
0.401418
0.459157
0.517169
0.575418
0.633864
0.692471
0.751204
0.810031
0.868907
0.927801
0.986675
1.04549
1.10421
1.1628
1.22122
1.27944
1.33741
1.39511
1.45249
1.50952
1.56616
1.62237
1.67813
1.73339
1.78812
1.84228
1.89584
1.94877
2.00103
2.05258
2.10339
2.15344
2.20268
2.25109
2.29863
2.34527
2.39099
2.43575
2.47952
2.52228
2.564
2.60464
2.64419
2.68261
2.71988
2.75598
2.79087
2.82455
2.85698
2.88815
2.91802
2.94658
2.97382
2.99971
3.02423
3.04737
3.06912
3.08944
3.10834
3.12581
3.14182
3.15636
3.16942
3.181
3.19108
3.19965
3.20672
3.21226
3.21628
3.21879
3.21978
3.21922
3.21712
-1.01278
-0.973069
-0.932159
-0.890113
-0.846961
-0.802724
-0.757428
-0.711104
-0.663775
-0.615472
-0.566228
-0.516076
-0.465039
-0.413151
-0.360438
-0.306939
-0.252687
-0.197719
-0.142064
-0.0857575
-0.0288371
0.0286615
0.0867064
0.145256
0.204275
0.263724
0.323568
0.383772
0.444299
0.505107
0.566163
0.627428
0.688861
0.750426
0.812085
0.873802
0.935534
0.997246
1.0589
1.12045
1.18187
1.24311
1.30413
1.36491
1.42539
1.48555
1.54533
1.60471
1.66365
1.72211
1.78005
1.83743
1.89422
1.95038
2.00588
2.06068
2.11474
2.16803
2.22051
2.27215
2.32292
2.37279
2.42171
2.46967
2.51662
2.56254
2.6074
2.65117
2.69382
2.73531
2.77563
2.81475
2.85263
2.88926
2.92461
2.95865
2.99137
3.02274
3.05273
3.08134
3.10853
3.13429
3.15861
3.18146
3.20283
3.2227
3.24107
3.25791
3.27322
3.28698
3.29918
3.30981
3.31887
3.32635
3.33223
3.33651
3.3392
3.3403
3.33979
3.33767
-1.09977
-1.05801
-1.01509
-0.970982
-0.925708
-0.879297
-0.831779
-0.783184
-0.733542
-0.682881
-0.631237
-0.578641
-0.525124
-0.470716
-0.415451
-0.359363
-0.302487
-0.24486
-0.186515
-0.127489
-0.0678197
-0.00754587
0.0532949
0.11467
0.176535
0.238851
0.301581
0.364686
0.428129
0.491866
0.55586
0.620077
0.684471
0.749001
0.81363
0.878318
0.943023
1.00771
1.07233
1.13685
1.20122
1.26542
1.32938
1.39309
1.4565
1.51955
1.58223
1.64448
1.70627
1.76755
1.8283
1.88846
1.948
2.00689
2.06508
2.12254
2.17922
2.2351
2.29015
2.3443
2.39755
2.44985
2.50117
2.55147
2.60072
2.64889
2.69596
2.74187
2.78662
2.83016
2.87246
2.91351
2.95327
2.99171
3.02882
3.06455
3.0989
3.13184
3.16333
3.19338
3.22194
3.249
3.27455
3.29857
3.32103
3.34192
3.36124
3.37895
3.39506
3.40956
3.42241
3.43363
3.44319
3.4511
3.45733
3.46189
3.46479
3.466
3.46554
3.46339
-1.19142
-1.14762
-1.10256
-1.05626
-1.00875
-0.960061
-0.910216
-0.859247
-0.807184
-0.754057
-0.699902
-0.644753
-0.588637
-0.531593
-0.473655
-0.414857
-0.355237
-0.294828
-0.23367
-0.171799
-0.109254
-0.0460746
0.0176965
0.0820232
0.146867
0.212183
0.277936
0.344078
0.410571
0.477377
0.544454
0.611757
0.679246
0.74688
0.814618
0.882419
0.950238
1.01803
1.08576
1.15339
1.22087
1.28815
1.3552
1.42198
1.48844
1.55454
1.62024
1.68549
1.75027
1.81451
1.87819
1.94126
2.00369
2.06543
2.12644
2.18669
2.24613
2.30472
2.36244
2.41924
2.47508
2.52993
2.58375
2.63651
2.68817
2.7387
2.78807
2.83624
2.88318
2.92887
2.97326
3.01633
3.05806
3.0984
3.13735
3.17486
3.21092
3.24549
3.27856
3.31011
3.34011
3.36854
3.39539
3.42062
3.44423
3.4662
3.48651
3.50515
3.5221
3.53736
3.55091
3.56273
3.57283
3.58119
3.5878
3.59266
3.59577
3.59711
3.5967
3.59452
-1.28795
-1.24199
-1.19471
-1.14614
-1.09629
-1.04521
-0.992931
-0.939475
-0.884879
-0.829172
-0.77239
-0.714571
-0.655741
-0.595938
-0.535204
-0.473574
-0.411079
-0.34776
-0.28366
-0.218813
-0.15326
-0.0870465
-0.0202071
0.0472133
0.115173
0.18363
0.252538
0.321862
0.391553
0.461567
0.531866
0.602402
0.673135
0.744017
0.81501
0.886067
0.957144
1.0282
1.09919
1.17006
1.24078
1.3113
1.38158
1.45157
1.52123
1.59052
1.65938
1.72779
1.79568
1.86303
1.92979
1.99591
2.06135
2.12608
2.19005
2.25321
2.31553
2.37698
2.43749
2.49705
2.55561
2.61314
2.66958
2.72492
2.7791
2.83211
2.88389
2.93443
2.98367
3.0316
3.07818
3.12337
3.16716
3.2095
3.25037
3.28975
3.3276
3.3639
3.39862
3.43175
3.46325
3.49312
3.52132
3.54783
3.57265
3.59574
3.6171
3.63671
3.65455
3.67061
3.68488
3.69735
3.708
3.71684
3.72385
3.72902
3.73235
3.73385
3.73349
3.73128
-1.38956
-1.34134
-1.29174
-1.24079
-1.18851
-1.13494
-1.08011
-1.02406
-0.966815
-0.908409
-0.848882
-0.788267
-0.726604
-0.663922
-0.600262
-0.535662
-0.470165
-0.403805
-0.336624
-0.268665
-0.199969
-0.130577
-0.0605343
0.0101201
0.0813421
0.153084
0.2253
0.297946
0.370978
0.444356
0.518028
0.59195
0.666073
0.740359
0.814757
0.889224
0.963712
1.03818
1.11257
1.18685
1.26097
1.33488
1.40853
1.48189
1.5549
1.62752
1.6997
1.77139
1.84256
1.91316
1.98313
2.05245
2.12105
2.18891
2.25597
2.32219
2.38753
2.45195
2.51541
2.57786
2.63927
2.69959
2.75879
2.81682
2.87365
2.92925
2.98356
3.03657
3.08824
3.13852
3.18738
3.2348
3.28075
3.32518
3.36807
3.4094
3.44913
3.48724
3.52369
3.55848
3.59157
3.62293
3.65256
3.68042
3.70649
3.73077
3.75323
3.77385
3.79262
3.80953
3.82456
3.83771
3.84895
3.85829
3.86572
3.87122
3.87479
3.87643
3.87614
3.87391
-1.4965
-1.44591
-1.39389
-1.34046
-1.28564
-1.22946
-1.17198
-1.11321
-1.05319
-0.991965
-0.929566
-0.866033
-0.8014
-0.735709
-0.668992
-0.601294
-0.532656
-0.463116
-0.392715
-0.321503
-0.249517
-0.176803
-0.103405
-0.0293686
0.0452618
0.120437
0.196112
0.272238
0.348769
0.425659
0.50286
0.580322
0.657999
0.735844
0.813809
0.891844
0.9699
1.04794
1.1259
1.20374
1.28141
1.35887
1.43606
1.51293
1.58945
1.66556
1.74121
1.81635
1.89094
1.96494
2.03828
2.11094
2.18285
2.25399
2.32429
2.39371
2.46221
2.52976
2.59629
2.66177
2.72616
2.78941
2.85149
2.91235
2.97195
3.03026
3.08724
3.14284
3.19703
3.24978
3.30104
3.3508
3.399
3.44562
3.49064
3.53401
3.57571
3.61572
3.65399
3.69051
3.72526
3.7582
3.78932
3.81859
3.84599
3.87151
3.89512
3.91681
3.93656
3.95436
3.97019
3.98405
3.99591
4.00578
4.01364
4.01949
4.02332
4.02512
4.0249
4.02265
-1.60898
-1.55593
-1.50138
-1.44536
-1.38788
-1.32899
-1.26873
-1.20712
-1.14421
-1.08004
-1.01464
-0.948056
-0.880321
-0.81148
-0.74157
-0.670633
-0.598712
-0.525845
-0.45208
-0.377469
-0.302046
-0.225857
-0.148952
-0.0713801
0.00681447
0.0855826
0.164871
0.244635
0.324825
0.40539
0.486282
0.56745
0.648843
0.730413
0.812105
0.893873
0.975672
1.05744
1.13914
1.2207
1.3021
1.38326
1.46415
1.54471
1.6249
1.70466
1.78394
1.86269
1.94087
2.01842
2.09529
2.17145
2.24683
2.32139
2.39508
2.46786
2.53967
2.61048
2.68024
2.74889
2.8164
2.88273
2.94782
3.01164
3.07415
3.1353
3.19506
3.25337
3.31022
3.36555
3.41933
3.47153
3.5221
3.57103
3.61826
3.66378
3.70755
3.74954
3.78972
3.82806
3.86455
3.89914
3.93183
3.96258
3.99137
4.01819
4.04301
4.06582
4.0866
4.10533
4.122
4.13661
4.14913
4.15955
4.16787
4.17408
4.17818
4.18016
4.18001
4.17774
-1.72728
-1.67166
-1.61447
-1.55574
-1.49548
-1.43376
-1.37059
-1.30603
-1.2401
-1.17285
-1.10432
-1.03454
-0.963561
-0.891427
-0.81818
-0.743859
-0.668508
-0.592167
-0.514887
-0.436715
-0.357698
-0.277883
-0.197317
-0.116047
-0.0341302
0.0483909
0.131461
0.215029
0.299047
0.383457
0.468208
0.553253
0.638528
0.723992
0.80959
0.895265
0.980969
1.06665
1.15225
1.23772
1.323
1.40805
1.49281
1.57723
1.66125
1.74483
1.82792
1.91045
1.99238
2.07365
2.15422
2.23404
2.31305
2.39119
2.46844
2.54472
2.62001
2.69424
2.76736
2.83934
2.91012
2.97966
3.04792
3.11484
3.18039
3.24451
3.30718
3.36835
3.42796
3.486
3.54242
3.59718
3.65024
3.70157
3.75114
3.79891
3.84484
3.88891
3.93109
3.97134
4.00965
4.04598
4.08031
4.11261
4.14287
4.17105
4.19714
4.22112
4.24299
4.2627
4.28026
4.29564
4.30885
4.31986
4.32867
4.33526
4.33965
4.34181
4.34174
4.33945
-1.85165
-1.79335
-1.7334
-1.67184
-1.6087
-1.54401
-1.47782
-1.41016
-1.34108
-1.27061
-1.1988
-1.12569
-1.05133
-0.975757
-0.89902
-0.821158
-0.742223
-0.662256
-0.581303
-0.499412
-0.416639
-0.333034
-0.248643
-0.16351
-0.0776956
0.00874735
0.095766
0.183313
0.271329
0.359759
0.448549
0.537638
0.626982
0.716519
0.806198
0.895955
0.985748
1.07551
1.1652
1.25475
1.34411
1.43322
1.52203
1.61048
1.69853
1.78611
1.87316
1.95965
2.04551
2.13068
2.21511
2.29876
2.38156
2.46347
2.54443
2.6244
2.70331
2.78112
2.85778
2.93324
3.00744
3.08035
3.15191
3.22208
3.29082
3.35806
3.42378
3.48792
3.55045
3.61132
3.67051
3.72795
3.78361
3.83747
3.88947
3.9396
3.98781
4.03406
4.07833
4.12059
4.16081
4.19896
4.23501
4.26894
4.30072
4.33034
4.35777
4.38298
4.40597
4.42672
4.44521
4.46142
4.47535
4.48697
4.49629
4.5033
4.50798
4.51034
4.51036
4.50805
-1.98237
-1.92127
-1.85845
-1.79394
-1.72778
-1.66
-1.59065
-1.51976
-1.44738
-1.37356
-1.29833
-1.22174
-1.14384
-1.06467
-0.984288
-0.902734
-0.82005
-0.736289
-0.651499
-0.565735
-0.479037
-0.391462
-0.303073
-0.213909
-0.124023
-0.0334824
0.0576666
0.149363
0.241558
0.334188
0.427193
0.520523
0.614116
0.707909
0.801852
0.895886
0.989951
1.08399
1.17795
1.27177
1.36539
1.45875
1.5518
1.64448
1.73673
1.82849
1.91971
2.01033
2.10029
2.18954
2.27803
2.36569
2.45246
2.5383
2.62315
2.70696
2.78967
2.87123
2.95159
3.03069
3.10848
3.18492
3.25994
3.33351
3.40558
3.47609
3.545
3.61227
3.67785
3.7417
3.80376
3.86402
3.92242
3.97891
4.03348
4.08607
4.13666
4.1852
4.23167
4.27603
4.31825
4.3583
4.39616
4.4318
4.46519
4.49631
4.52514
4.55165
4.57583
4.59766
4.61712
4.6342
4.64889
4.66116
4.67102
4.67846
4.68345
4.68602
4.68614
4.68382
-2.11974
-2.05572
-1.9899
-1.92232
-1.853
-1.78199
-1.70934
-1.63508
-1.55927
-1.48194
-1.40314
-1.32292
-1.24132
-1.1584
-1.07421
-0.988787
-0.902193
-0.814469
-0.725668
-0.635849
-0.545057
-0.453347
-0.360772
-0.267391
-0.173261
-0.0784383
0.0170257
0.113063
0.209617
0.306636
0.404052
0.501804
0.599834
0.698086
0.796488
0.894989
0.993526
1.09204
1.19046
1.28874
1.38682
1.48463
1.58211
1.6792
1.77585
1.87199
1.96756
2.06251
2.15677
2.25029
2.34301
2.43486
2.52579
2.61576
2.70468
2.79251
2.8792
2.96469
3.04891
3.13182
3.21337
3.29349
3.37215
3.44928
3.52484
3.59877
3.67103
3.74157
3.81034
3.8773
3.9424
4.0056
4.06685
4.12612
4.18337
4.23855
4.29163
4.34257
4.39134
4.4379
4.48222
4.52427
4.56403
4.60146
4.63654
4.66923
4.69953
4.7274
4.75283
4.77579
4.79628
4.81427
4.82975
4.84271
4.85314
4.86102
4.86636
4.86914
4.86937
4.86703
-2.26405
-2.19699
-2.12805
-2.05725
-1.98464
-1.91026
-1.83417
-1.7564
-1.67699
-1.59601
-1.51348
-1.42946
-1.34401
-1.25717
-1.169
-1.07955
-0.988859
-0.896997
-0.80401
-0.709956
-0.614885
-0.518849
-0.421911
-0.324129
-0.22556
-0.126257
-0.0262946
0.0742713
0.175388
0.276988
0.379011
0.481387
0.584055
0.686955
0.790021
0.893187
0.996399
1.09958
1.20268
1.30563
1.40836
1.51082
1.61294
1.71465
1.8159
1.91662
2.01674
2.11622
2.21498
2.31296
2.41011
2.50635
2.60164
2.69591
2.7891
2.88114
2.97199
3.06158
3.14985
3.23676
3.32223
3.40623
3.48868
3.56954
3.64875
3.72626
3.80202
3.87599
3.94811
4.01832
4.0866
4.15288
4.21713
4.27931
4.33936
4.39725
4.45295
4.50641
4.55759
4.60646
4.65298
4.69713
4.73887
4.77818
4.81502
4.84938
4.88121
4.91051
4.93725
4.96141
4.98296
5.00191
5.01823
5.03191
5.04293
5.05129
5.05698
5.06
5.06033
5.05799
-2.41563
-2.34538
-2.27317
-2.19903
-2.12299
-2.04511
-1.96542
-1.88398
-1.80083
-1.71602
-1.62961
-1.54163
-1.45215
-1.36122
-1.2689
-1.17523
-1.08028
-0.984089
-0.886732
-0.788249
-0.688708
-0.588162
-0.486668
-0.384286
-0.281081
-0.17711
-0.0724436
0.0328604
0.138736
0.245123
0.351951
0.459156
0.566672
0.67443
0.782363
0.890408
0.998501
1.10657
1.21455
1.32238
1.42998
1.5373
1.64426
1.75081
1.85687
1.96238
2.06727
2.17148
2.27495
2.3776
2.47938
2.58022
2.68006
2.77884
2.87648
2.97293
3.06814
3.16203
3.25454
3.34562
3.4352
3.52324
3.60967
3.69443
3.77747
3.85873
3.93817
4.01572
4.09134
4.16497
4.23657
4.30608
4.37348
4.43869
4.50169
4.56243
4.62086
4.67695
4.73066
4.78195
4.83079
4.87713
4.92096
4.96223
5.00093
5.03701
5.07047
5.10126
5.12937
5.15478
5.17747
5.19742
5.21462
5.22905
5.2407
5.24956
5.25563
5.25889
5.25935
5.25699
-2.57481
-2.50125
-2.42564
-2.348
-2.26838
-2.18683
-2.1034
-2.01813
-1.93107
-1.84227
-1.75179
-1.65969
-1.56601
-1.4708
-1.37414
-1.27608
-1.17667
-1.07597
-0.974042
-0.870943
-0.766729
-0.66147
-0.555218
-0.448038
-0.339996
-0.231151
-0.121569
-0.0113234
0.0995206
0.210902
0.322756
0.435005
0.547582
0.660412
0.773431
0.886574
0.999769
1.11294
1.22602
1.33895
1.45164
1.56404
1.67607
1.78766
1.89876
2.00927
2.11915
2.22831
2.33669
2.44423
2.55086
2.65651
2.76111
2.8646
2.96691
3.06798
3.16774
3.26612
3.36307
3.45852
3.55242
3.64469
3.73527
3.82412
3.91117
3.99636
4.07963
4.16094
4.24023
4.31744
4.39252
4.46543
4.5361
4.6045
4.67058
4.7343
4.7956
4.85445
4.91081
4.96464
5.01589
5.06454
5.11055
5.15389
5.19453
5.23243
5.26758
5.29995
5.3295
5.35622
5.3801
5.4011
5.41922
5.43445
5.44676
5.45615
5.46261
5.46614
5.46672
5.46435
-2.74193
-2.66492
-2.58576
-2.50449
-2.42113
-2.33575
-2.2484
-2.15914
-2.068
-1.97505
-1.88033
-1.78391
-1.68584
-1.58618
-1.485
-1.38234
-1.27828
-1.17288
-1.06618
-0.958257
-0.849169
-0.738982
-0.627761
-0.515567
-0.402475
-0.288543
-0.173838
-0.0584355
0.0576023
0.174197
0.29129
0.408804
0.526666
0.644796
0.763132
0.881595
1.00011
1.11861
1.23703
1.35528
1.47329
1.591
1.70833
1.8252
1.94154
2.0573
2.17238
2.28672
2.40025
2.5129
2.62461
2.73528
2.84486
2.95328
3.06047
3.16637
3.27089
3.37398
3.47557
3.5756
3.674
3.7707
3.86564
3.95877
4.05001
4.13931
4.22661
4.31185
4.39498
4.47593
4.55466
4.63111
4.70523
4.77697
4.84628
4.91311
4.97742
5.03916
5.0983
5.15479
5.20858
5.25964
5.30795
5.35345
5.39612
5.43594
5.47286
5.50687
5.53794
5.56604
5.59116
5.61327
5.63236
5.64842
5.66143
5.67137
5.67825
5.68205
5.68277
5.6804
-2.91736
-2.83675
-2.7539
-2.66882
-2.58157
-2.4922
-2.40077
-2.30733
-2.21194
-2.11464
-2.0155
-1.91459
-1.81194
-1.70764
-1.60173
-1.49428
-1.38537
-1.27504
-1.16336
-1.05041
-0.936243
-0.820922
-0.704517
-0.587093
-0.468725
-0.349476
-0.229425
-0.108636
0.0128195
0.134866
0.257426
0.380436
0.503807
0.627473
0.751352
0.875369
0.999447
1.12352
1.2475
1.37132
1.49489
1.61814
1.741
1.86339
1.98523
2.10645
2.22698
2.34674
2.46565
2.58364
2.70064
2.81657
2.93136
3.04494
3.15724
3.26818
3.37769
3.48571
3.59216
3.69697
3.80008
3.90142
4.00092
4.09852
4.19415
4.28776
4.37927
4.46863
4.55578
4.64066
4.7232
4.80337
4.8811
4.95633
5.02902
5.09913
5.16659
5.23136
5.2934
5.35267
5.40912
5.46272
5.51342
5.5612
5.60601
5.64782
5.68661
5.72235
5.755
5.78454
5.81096
5.83424
5.85436
5.87129
5.88503
5.89556
5.90287
5.90697
5.90783
5.90546
-3.10149
-3.01713
-2.93041
-2.84137
-2.75005
-2.65652
-2.56083
-2.46304
-2.3632
-2.26138
-2.15763
-2.05201
-1.9446
-1.83544
-1.72461
-1.61217
-1.49819
-1.38274
-1.26587
-1.14766
-1.02818
-0.907501
-0.785687
-0.662816
-0.538938
-0.414144
-0.288502
-0.162091
-0.0349867
0.0927372
0.221013
0.349752
0.478884
0.608324
0.737991
0.867804
0.99769
1.12757
1.25736
1.38699
1.51637
1.64542
1.77405
1.9022
2.02978
2.15672
2.28295
2.40836
2.53289
2.65647
2.77901
2.90044
3.02068
3.13965
3.25728
3.37351
3.48824
3.6014
3.71293
3.82275
3.9308
4.03699
4.14127
4.24355
4.34378
4.44189
4.53781
4.63148
4.72284
4.81182
4.89837
4.98242
5.06393
5.14283
5.21907
5.29259
5.36336
5.4313
5.49639
5.55857
5.61781
5.67407
5.72729
5.77744
5.82449
5.8684
5.90914
5.94669
5.981
6.01206
6.03986
6.06436
6.08554
6.10339
6.11789
6.12904
6.13681
6.14122
6.14223
6.13987
-3.29471
-3.20643
-3.11568
-3.0225
-2.92694
-2.82906
-2.72893
-2.6266
-2.52214
-2.41559
-2.30703
-2.19651
-2.08412
-1.9699
-1.85393
-1.73628
-1.61701
-1.49621
-1.37393
-1.25025
-1.12524
-0.998968
-0.871509
-0.742936
-0.613326
-0.482747
-0.351274
-0.219001
-0.0859977
0.0476635
0.181891
0.316612
0.451742
0.587205
0.722915
0.858785
0.994735
1.13068
1.26654
1.40223
1.53766
1.67275
1.80743
1.9416
2.07519
2.2081
2.34026
2.47159
2.602
2.73141
2.85974
2.98692
3.11285
3.23747
3.36069
3.48243
3.60262
3.72117
3.83802
3.95308
4.06628
4.17755
4.28682
4.39401
4.49905
4.60188
4.70242
4.8006
4.89636
4.98965
5.08038
5.16851
5.25397
5.3367
5.41665
5.49377
5.56799
5.63927
5.70755
5.77279
5.83494
5.89397
5.94983
6.00247
6.05187
6.09798
6.14078
6.18022
6.21628
6.24894
6.27817
6.30395
6.32625
6.34507
6.36038
6.37217
6.38043
6.38516
6.38634
6.38398
-3.49742
-3.40506
-3.31011
-3.2126
-3.11262
-3.01021
-2.90545
-2.79838
-2.68908
-2.57761
-2.46403
-2.34841
-2.23082
-2.11132
-1.98999
-1.86691
-1.74214
-1.61576
-1.48783
-1.35844
-1.22766
-1.09556
-0.962211
-0.827701
-0.692098
-0.555487
-0.417953
-0.279563
-0.140401
-0.000558147
0.139894
0.280855
0.422245
0.563987
0.706006
0.848192
0.990462
1.13274
1.27493
1.41695
1.55871
1.70012
1.84109
1.98155
2.1214
2.26055
2.39892
2.53643
2.67298
2.80848
2.94288
3.07605
3.20794
3.33845
3.46752
3.59504
3.72093
3.84512
3.96752
4.08806
4.20667
4.32326
4.43775
4.55007
4.66015
4.7679
4.87327
4.97618
5.07656
5.17434
5.26947
5.36186
5.45147
5.53821
5.62205
5.70291
5.78076
5.85552
5.92715
5.9956
6.06081
6.12275
6.18137
6.23664
6.28849
6.33691
6.38184
6.42328
6.46118
6.49551
6.52624
6.55336
6.57684
6.59667
6.61283
6.6253
6.63407
6.63914
6.6405
6.63814
-3.71007
-3.61343
-3.51409
-3.41208
-3.30747
-3.20034
-3.09074
-2.97874
-2.8644
-2.74779
-2.62897
-2.50803
-2.38501
-2.26003
-2.13312
-2.00437
-1.87386
-1.74167
-1.60786
-1.47252
-1.33571
-1.19753
-1.05804
-0.917343
-0.775503
-0.632604
-0.488737
-0.343971
-0.198396
-0.0521002
0.0948272
0.242307
0.390235
0.538531
0.687117
0.835894
0.984763
1.13364
1.28244
1.43106
1.57942
1.72742
1.87498
2.02199
2.16838
2.31405
2.45891
2.60286
2.74583
2.88771
3.02842
3.16788
3.306
3.44268
3.57784
3.71139
3.84325
3.97334
4.10156
4.22784
4.35209
4.47424
4.59419
4.71188
4.82722
4.94015
5.05058
5.15843
5.26364
5.36614
5.46585
5.56271
5.65665
5.74761
5.83551
5.92031
6.00195
6.08036
6.1555
6.2273
6.29573
6.36072
6.42224
6.48023
6.53467
6.5855
6.63269
6.67621
6.71603
6.75211
6.78442
6.81295
6.83767
6.85856
6.87561
6.88879
6.89811
6.90354
6.90508
6.90273
-3.93307
-3.83198
-3.72805
-3.62134
-3.51192
-3.39985
-3.28521
-3.16805
-3.04845
-2.92649
-2.80222
-2.67572
-2.54708
-2.41635
-2.28363
-2.14897
-2.01248
-1.87424
-1.7343
-1.59275
-1.44968
-1.30516
-1.15928
-1.01213
-0.863788
-0.714334
-0.563856
-0.412437
-0.260176
-0.107168
0.0465157
0.200782
0.355526
0.510663
0.666103
0.821738
0.977484
1.13326
1.28895
1.44446
1.59971
1.75459
1.90902
2.06288
2.21609
2.36856
2.52019
2.67089
2.82055
2.96909
3.11641
3.26243
3.40704
3.55017
3.69171
3.83158
3.96967
4.10592
4.24023
4.3725
4.50267
4.63063
4.7563
4.87961
5.00047
5.11879
5.23451
5.34754
5.4578
5.56524
5.66976
5.77129
5.86977
5.96513
6.0573
6.14623
6.23184
6.31408
6.39289
6.46821
6.53999
6.60818
6.67273
6.7336
6.79073
6.8441
6.89365
6.93937
6.98119
7.01911
7.05308
7.08308
7.1091
7.13111
7.14909
7.16302
7.1729
7.17871
7.18045
7.17811
-4.16687
-4.06113
-3.95243
-3.84082
-3.72636
-3.60915
-3.48925
-3.36672
-3.24165
-3.11409
-2.98415
-2.85187
-2.71733
-2.58064
-2.44186
-2.30106
-2.15834
-2.01377
-1.86745
-1.71944
-1.56984
-1.41873
-1.26619
-1.11231
-0.957189
-0.800915
-0.643556
-0.48522
-0.325992
-0.165969
-0.00524587
0.156093
0.317939
0.4802
0.642779
0.805583
0.968512
1.13146
1.29435
1.45705
1.61948
1.78153
1.94311
2.10413
2.26446
2.42403
2.58274
2.74047
2.89713
3.05262
3.20685
3.35973
3.51114
3.66099
3.80919
3.95566
4.10028
4.24297
4.38364
4.52219
4.65853
4.79257
4.92422
5.05341
5.18004
5.30402
5.42528
5.54373
5.65928
5.77188
5.88143
5.98786
6.09109
6.19106
6.2877
6.38094
6.47071
6.55696
6.63961
6.71862
6.79391
6.86546
6.93319
6.99707
7.05704
7.11306
7.16508
7.21308
7.25702
7.29686
7.33257
7.36413
7.39151
7.41469
7.43365
7.44837
7.45883
7.46504
7.46699
7.46467
-4.41195
-4.30136
-4.18767
-4.07093
-3.95123
-3.82866
-3.70327
-3.57515
-3.44436
-3.311
-3.17513
-3.03683
-2.89617
-2.75326
-2.60816
-2.46097
-2.31176
-2.16061
-2.00763
-1.85291
-1.69651
-1.53853
-1.37905
-1.21819
-1.05601
-0.892615
-0.728102
-0.562552
-0.396065
-0.228743
-0.0606746
0.108028
0.277277
0.446975
0.616998
0.787266
0.957675
1.12811
1.29848
1.46869
1.63861
1.80815
1.97721
2.14567
2.31345
2.48042
2.64649
2.81158
2.97555
3.1383
3.29974
3.45976
3.61828
3.77517
3.93034
4.08369
4.23514
4.38456
4.53188
4.67698
4.81979
4.9602
5.09811
5.23344
5.3661
5.496
5.62305
5.74717
5.86827
5.98627
6.10109
6.21264
6.32086
6.42566
6.52697
6.62473
6.71886
6.8093
6.89598
6.97885
7.05783
7.13288
7.20395
7.27098
7.33392
7.39272
7.44735
7.49774
7.54389
7.58575
7.62328
7.65647
7.68527
7.70968
7.72966
7.74521
7.75631
7.76294
7.7651
7.7628
-4.66878
-4.55312
-4.43422
-4.31214
-4.18696
-4.0588
-3.9277
-3.79375
-3.65702
-3.5176
-3.37556
-3.23098
-3.08396
-2.93455
-2.78289
-2.62905
-2.47308
-2.3151
-2.1552
-1.99347
-1.83
-1.66488
-1.49819
-1.33004
-1.16052
-0.989711
-0.817735
-0.644682
-0.470644
-0.295721
-0.120021
0.0563688
0.233343
0.410758
0.588542
0.766587
0.944793
1.12305
1.30122
1.47924
1.65697
1.83432
2.01117
2.18742
2.36295
2.53766
2.71142
2.88416
3.05576
3.22609
3.39506
3.56257
3.72849
3.89274
4.05518
4.21575
4.37432
4.53078
4.68505
4.83701
4.98657
5.13363
5.27809
5.41986
5.55884
5.69493
5.82805
5.95809
6.08499
6.20864
6.32897
6.44589
6.55932
6.66917
6.77538
6.87788
6.97657
7.0714
7.16231
7.24921
7.33206
7.41079
7.48535
7.55567
7.62173
7.68345
7.74079
7.79371
7.84217
7.88615
7.92559
7.96048
7.99078
8.01647
8.03754
8.05395
8.06571
8.07279
8.07518
8.07288
-4.93784
-4.81689
-4.69255
-4.56491
-4.43403
-4.30003
-4.16297
-4.02294
-3.88002
-3.73429
-3.58583
-3.43473
-3.28107
-3.12495
-2.96645
-2.80566
-2.64268
-2.4776
-2.3105
-2.14148
-1.97065
-1.7981
-1.62391
-1.44818
-1.27101
-1.0925
-0.912764
-0.731882
-0.549984
-0.367155
-0.183499
0.000883307
0.18586
0.37134
0.557217
0.743372
0.929687
1.11606
1.30239
1.48855
1.67443
1.85991
2.0449
2.22925
2.41287
2.59565
2.77747
2.95819
3.13774
3.31599
3.49282
3.66813
3.8418
4.01371
4.18377
4.35186
4.51788
4.6817
4.84324
5.00237
5.15899
5.31301
5.46431
5.61281
5.75838
5.90095
6.04042
6.17668
6.30963
6.43921
6.56531
6.68784
6.80673
6.92188
7.03322
7.14067
7.24414
7.34357
7.4389
7.53005
7.61693
7.69952
7.77774
7.85151
7.92082
7.9856
8.04579
8.10135
8.15224
8.19844
8.23989
8.27656
8.30843
8.33548
8.35767
8.375
8.38743
8.39498
8.39762
8.39534
-5.21963
-5.09314
-4.96315
-4.82968
-4.69287
-4.55278
-4.40953
-4.26317
-4.11381
-3.96152
-3.80639
-3.64849
-3.48794
-3.32481
-3.15921
-2.99122
-2.82094
-2.64846
-2.47388
-2.2973
-2.1188
-1.93851
-1.75652
-1.57292
-1.38781
-1.20129
-1.01348
-0.824476
-0.634387
-0.443329
-0.251397
-0.0587032
0.134632
0.328499
0.522778
0.71737
0.912164
1.10701
1.30181
1.49646
1.69083
1.88479
2.07826
2.27107
2.46312
2.65431
2.84449
3.03358
3.22143
3.40794
3.59297
3.77643
3.95818
4.13812
4.31612
4.49208
4.66586
4.83737
5.00651
5.17313
5.33715
5.49845
5.6569
5.81242
5.96492
6.11427
6.26036
6.40311
6.54243
6.6782
6.81034
6.93875
7.06334
7.18404
7.30075
7.41338
7.52186
7.62611
7.72606
7.82165
7.91278
7.9994
8.08145
8.15886
8.23158
8.29955
8.36274
8.42106
8.4745
8.52301
8.56656
8.60511
8.63862
8.66708
8.69046
8.70874
8.7219
8.72993
8.73282
8.73057
-5.51464
-5.38239
-5.24648
-5.10696
-4.96394
-4.81755
-4.66783
-4.51489
-4.35882
-4.19971
-4.03763
-3.87268
-3.70497
-3.53457
-3.36158
-3.1861
-3.00823
-2.82807
-2.64573
-2.46128
-2.27483
-2.08651
-1.8964
-1.70462
-1.51125
-1.31639
-1.12019
-0.922741
-0.724156
-0.524543
-0.323996
-0.122638
0.0793899
0.281989
0.485026
0.688395
0.89198
1.09566
1.2993
1.50279
1.70599
1.90879
2.11108
2.31271
2.51357
2.71352
2.91246
3.11024
3.30676
3.50188
3.69549
3.88744
4.07765
4.26595
4.45226
4.63641
4.81833
4.99788
5.17494
5.3494
5.52114
5.69004
5.85598
6.01887
6.17858
6.33502
6.48806
6.63761
6.78355
6.92582
7.06428
7.19884
7.32941
7.45592
7.57824
7.69632
7.81004
7.91934
8.02414
8.12436
8.21993
8.31078
8.39684
8.47805
8.55434
8.62568
8.69198
8.75321
8.80932
8.86026
8.90601
8.94652
8.98176
9.0117
9.03632
9.0556
9.06952
9.07807
9.08122
9.079
-5.82338
-5.68511
-5.54302
-5.39721
-5.24775
-5.09477
-4.93834
-4.77856
-4.61552
-4.44932
-4.28002
-4.10774
-3.93257
-3.75462
-3.57397
-3.39072
-3.20497
-3.01685
-2.82642
-2.63381
-2.43913
-2.24246
-2.04391
-1.84362
-1.64167
-1.43818
-1.23326
-1.02702
-0.819589
-0.611069
-0.401575
-0.191238
0.0198418
0.231519
0.443673
0.656195
0.86894
1.08179
1.29463
1.50732
1.71975
1.93175
2.14322
2.35405
2.56407
2.77317
2.98123
3.1881
3.39365
3.59776
3.80029
4.00113
4.20014
4.39719
4.59215
4.78489
4.97529
5.16324
5.3486
5.53124
5.71104
5.88789
6.06166
6.23223
6.39951
6.56337
6.72367
6.88033
7.03324
7.18228
7.32736
7.46837
7.6052
7.73777
7.86598
7.98973
8.10895
8.22354
8.33342
8.43851
8.53872
8.634
8.72427
8.80946
8.8895
8.96434
9.03392
9.09819
9.1571
9.21059
9.25864
9.30121
9.33826
9.36975
9.39568
9.416
9.43071
9.43979
9.44323
9.44103
-6.14636
-6.00182
-5.85332
-5.70093
-5.54477
-5.38494
-5.22153
-5.05464
-4.88437
-4.71079
-4.53401
-4.35412
-4.17122
-3.98542
-3.79683
-3.60552
-3.4116
-3.21519
-3.01639
-2.81532
-2.61206
-2.40673
-2.19945
-1.99032
-1.77947
-1.56699
-1.35302
-1.13766
-0.921033
-0.703267
-0.484475
-0.264778
-0.0443167
0.1768
0.398441
0.620467
0.842753
1.06515
1.28757
1.50984
1.73186
1.95346
2.17452
2.3949
2.61449
2.83311
3.05065
3.26701
3.48198
3.69547
3.90733
4.11743
4.32562
4.53181
4.73581
4.9375
5.13678
5.33349
5.52751
5.7187
5.90695
6.0921
6.27406
6.45267
6.62784
6.79945
6.96736
7.13147
7.29164
7.44779
7.59979
7.74754
7.89093
8.02985
8.16422
8.29394
8.4189
8.53902
8.65422
8.7644
8.86949
8.96939
9.06408
9.15343
9.2374
9.31592
9.38894
9.45639
9.51823
9.57439
9.62486
9.66959
9.70853
9.74165
9.76894
9.79036
9.8059
9.81555
9.81929
9.81711
-6.48412
-6.33303
-6.17785
-6.01863
-5.85549
-5.68855
-5.5179
-5.34363
-5.16584
-4.98462
-4.80007
-4.61229
-4.42139
-4.22745
-4.03059
-3.83092
-3.62855
-3.42355
-3.21607
-3.00621
-2.79408
-2.57977
-2.36342
-2.14514
-1.92503
-1.70321
-1.47985
-1.25502
-1.02887
-0.801497
-0.57304
-0.343634
-0.113407
0.117524
0.349014
0.580922
0.813099
1.04547
1.27785
1.5101
1.74208
1.97369
2.20472
2.43507
2.66461
2.89318
3.12062
3.34683
3.57165
3.79491
4.01651
4.23627
4.45408
4.66977
4.8832
5.09425
5.3028
5.50868
5.71173
5.91187
6.10892
6.30275
6.49326
6.68031
6.86374
7.04344
7.21931
7.39119
7.55897
7.72254
7.88177
8.03658
8.18684
8.33243
8.47323
8.60919
8.74018
8.86609
8.98686
9.10238
9.21256
9.31733
9.41662
9.51035
9.59842
9.6808
9.75742
9.82821
9.89312
9.95209
10.0051
10.0521
10.093
10.1278
10.1565
10.1791
10.1955
10.2058
10.2098
10.2077
-6.83714
-6.67925
-6.51711
-6.35081
-6.18044
-6.0061
-5.82792
-5.64599
-5.46043
-5.27129
-5.07869
-4.88273
-4.68351
-4.48116
-4.27577
-4.06743
-3.85628
-3.6424
-3.42591
-3.20694
-2.98559
-2.76198
-2.53623
-2.30848
-2.0788
-1.84731
-1.61417
-1.37952
-1.14346
-0.906118
-0.667652
-0.428153
-0.187779
0.0533463
0.295072
0.53726
0.779771
1.02245
1.26518
1.5078
1.7502
1.99218
2.23361
2.47436
2.71425
2.95318
3.19094
3.42744
3.66249
3.89595
4.12771
4.35756
4.58537
4.811
5.03428
5.25512
5.47332
5.68877
5.90127
6.11073
6.31701
6.51993
6.71938
6.91519
7.10727
7.29545
7.47962
7.65965
7.8354
8.00675
8.17356
8.33575
8.49318
8.64573
8.7933
8.93579
9.07308
9.20504
9.33163
9.45274
9.56828
9.67815
9.78226
9.88056
9.97295
10.0594
10.1397
10.214
10.2822
10.3441
10.3997
10.4491
10.4921
10.5287
10.5589
10.5827
10.6
10.6108
10.6152
10.6131
-7.20597
-7.041
-6.87164
-6.69796
-6.52008
-6.3381
-6.15213
-5.96228
-5.76863
-5.57129
-5.37035
-5.16593
-4.95812
-4.74703
-4.53279
-4.31551
-4.09526
-3.87219
-3.64638
-3.41798
-3.18711
-2.95386
-2.71838
-2.48078
-2.24117
-1.99968
-1.75643
-1.51159
-1.26526
-1.01758
-0.76868
-0.518701
-0.267784
-0.0160943
0.236255
0.489127
0.742356
0.995803
1.2493
1.50272
1.7559
2.00869
2.26095
2.51249
2.76321
3.01289
3.26142
3.50862
3.75437
3.99847
4.24078
4.48114
4.71941
4.9554
5.18899
5.42001
5.64832
5.87373
6.09612
6.31534
6.53122
6.74363
6.95242
7.15743
7.35854
7.5556
7.74847
7.937
8.12108
8.30056
8.47532
8.64524
8.81018
8.97002
9.12465
9.27396
9.41785
9.5562
9.68888
9.81585
9.93697
10.0522
10.1613
10.2644
10.3613
10.452
10.5363
10.6143
10.6858
10.7507
10.8092
10.861
10.9062
10.9447
10.9764
11.0015
11.0198
11.0312
11.036
11.0339
-7.59111
-7.41879
-7.24194
-7.06063
-6.87498
-6.68507
-6.49103
-6.29295
-6.09096
-5.88514
-5.67557
-5.4624
-5.24571
-5.02561
-4.80222
-4.57565
-4.34601
-4.11342
-3.87801
-3.63986
-3.3991
-3.1559
-2.91033
-2.66251
-2.41262
-2.16076
-1.90705
-1.65165
-1.39468
-1.13629
-0.876597
-0.61575
-0.353919
-0.0912072
0.172196
0.436146
0.700491
0.965107
1.22981
1.49444
1.75889
2.02293
2.28642
2.54924
2.81119
3.0721
3.33182
3.5902
3.84708
4.10227
4.3556
4.60692
4.85607
5.1029
5.34723
5.58888
5.82771
6.06358
6.29628
6.52567
6.75163
6.97394
7.19249
7.40712
7.61766
7.82399
8.02595
8.22341
8.41619
8.60417
8.78723
8.96522
9.13803
9.30551
9.46754
9.62399
9.77479
9.9198
10.0589
10.192
10.3189
10.4397
10.5542
10.6623
10.7639
10.859
10.9475
11.0293
11.1043
11.1725
11.2338
11.2883
11.3357
11.3762
11.4096
11.436
11.4552
11.4674
11.4724
11.4704
-7.99309
-7.81315
-7.62854
-7.43932
-7.24561
-7.04752
-6.84514
-6.63859
-6.42795
-6.21336
-5.99491
-5.77268
-5.54683
-5.31742
-5.08458
-4.84843
-4.60908
-4.36665
-4.12128
-3.87307
-3.62213
-3.36857
-3.11257
-2.85423
-2.59371
-2.3311
-2.06653
-1.80018
-1.53218
-1.26268
-0.991824
-0.719712
-0.446513
-0.172423
0.102459
0.37792
0.653791
0.930016
1.20637
1.48267
1.75878
2.03455
2.30976
2.58426
2.85789
3.1305
3.4019
3.67193
3.94039
4.20713
4.47196
4.73473
4.99526
5.25337
5.50889
5.76164
6.01148
6.25822
6.5017
6.74176
6.97818
7.21084
7.4396
7.66429
7.88469
8.1007
8.31218
8.51892
8.72082
8.91772
9.10945
9.29591
9.47695
9.65241
9.8222
9.98616
10.1442
10.2961
10.4419
10.5814
10.7146
10.8412
10.9612
11.0746
11.1811
11.2809
11.3737
11.4595
11.5382
11.6098
11.6741
11.7313
11.7811
11.8237
11.8588
11.8865
11.9068
11.9197
11.9251
11.9231
-8.41244
-8.2246
-8.03197
-7.83458
-7.63253
-7.42597
-7.21501
-6.9997
-6.78017
-6.55651
-6.32887
-6.09733
-5.862
-5.623
-5.38042
-5.13438
-4.88502
-4.63244
-4.3768
-4.11817
-3.85666
-3.59248
-3.3257
-3.05648
-2.78494
-2.5112
-2.23542
-1.95774
-1.67833
-1.39731
-1.11482
-0.831057
-0.546136
-0.260201
0.0265631
0.313967
0.601893
0.890134
1.17856
1.46699
1.75527
2.04317
2.33055
2.61724
2.90305
3.18782
3.47136
3.75353
4.03407
4.31284
4.58966
4.86435
5.13672
5.40662
5.6738
5.93815
6.19946
6.45758
6.7123
6.96346
7.21088
7.45437
7.69377
7.92893
8.15968
8.38582
8.60723
8.82373
9.03515
9.24134
9.44219
9.63749
9.82713
10.011
10.1888
10.3607
10.5262
10.6855
10.8383
10.9845
11.1241
11.2568
11.3827
11.5015
11.6133
11.7179
11.8152
11.9052
11.9878
12.0629
12.1305
12.1905
12.2428
12.2875
12.3244
12.3536
12.375
12.3887
12.3944
12.3924
-8.84967
-8.65366
-8.45273
-8.24691
-8.0363
-7.82101
-7.60112
-7.37681
-7.14812
-6.91517
-6.67808
-6.43691
-6.19182
-5.94292
-5.69031
-5.43408
-5.17439
-4.91136
-4.64508
-4.37572
-4.10337
-3.82817
-3.55026
-3.26977
-2.98688
-2.70164
-2.41427
-2.12488
-1.83366
-1.54072
-1.24624
-0.950364
-0.653254
-0.355066
-0.0559753
0.243849
0.544217
0.844961
1.14592
1.44695
1.74786
2.04843
2.34847
2.64784
2.94633
3.24374
3.53991
3.83465
4.1278
4.41913
4.70845
4.99555
5.28029
5.56245
5.84184
6.11827
6.39157
6.66155
6.928
7.19076
7.44965
7.70446
7.955
8.20112
8.44265
8.6794
8.91119
9.13786
9.35925
9.57519
9.78554
9.99012
10.1888
10.3813
10.5677
10.7477
10.9212
11.0881
11.2483
11.4015
11.5478
11.687
11.8189
11.9435
12.0607
12.1704
12.2725
12.3669
12.4536
12.5324
12.6033
12.6663
12.7212
12.7682
12.807
12.8377
12.8602
12.8746
12.8808
12.8788
-9.30528
-9.10086
-8.89138
-8.67689
-8.45744
-8.23317
-8.00417
-7.77057
-7.53245
-7.2899
-7.04307
-6.79204
-6.5369
-6.27781
-6.01485
-5.74815
-5.47782
-5.20401
-4.92683
-4.64639
-4.36281
-4.07625
-3.78688
-3.4948
-3.20015
-2.90305
-2.60366
-2.30219
-1.99874
-1.69347
-1.38656
-1.07816
-0.768427
-0.457561
-0.145691
0.166998
0.480283
0.794001
1.108
1.42211
1.73613
2.04983
2.36305
2.67559
2.98726
3.29786
3.60719
3.91507
4.22129
4.52569
4.82801
5.12808
5.42569
5.72065
6.01275
6.30181
6.58763
6.87
7.14873
7.42359
7.69443
7.96104
8.22325
8.48083
8.73361
8.98144
9.2241
9.4614
9.69322
9.91935
10.1396
10.3539
10.562
10.7637
10.959
11.1476
11.3294
11.5043
11.6721
11.8327
11.9861
12.1319
12.2703
12.4009
12.5238
12.6388
12.7459
12.8449
12.9358
13.0185
13.0929
13.159
13.2167
13.266
13.3068
13.3391
13.3628
13.378
13.3846
13.3826
-9.7798
-9.56674
-9.34848
-9.12503
-8.89651
-8.66303
-8.42465
-8.18151
-7.93372
-7.68134
-7.42449
-7.16329
-6.89786
-6.62832
-6.35474
-6.07723
-5.79597
-5.51108
-5.22265
-4.93082
-4.63569
-4.33745
-4.03623
-3.73217
-3.42539
-3.11605
-2.80427
-2.49029
-2.17421
-1.85621
-1.53645
-1.21505
-0.892268
-0.568237
-0.243124
0.0828636
0.40955
0.736759
1.06429
1.39193
1.71957
2.04695
2.37381
2.70005
3.02541
3.34972
3.67276
3.99431
4.3142
4.63219
4.94808
5.26164
5.57268
5.88098
6.18635
6.48857
6.78742
7.08272
7.37422
7.66176
7.94513
8.22405
8.4984
8.76796
9.03253
9.29192
9.54596
9.79442
10.0371
10.2739
10.5046
10.729
10.9469
11.1582
11.3628
11.5604
11.7509
11.9342
12.11
12.2784
12.4391
12.592
12.737
12.874
13.0028
13.1234
13.2357
13.3396
13.4349
13.5217
13.5998
13.6691
13.7297
13.7814
13.8243
13.8582
13.8832
13.8992
13.9062
13.9043
-10.2738
-10.0518
-9.82452
-9.59194
-9.35411
-9.11117
-8.86321
-8.61029
-8.35252
-8.09007
-7.823
-7.55138
-7.27535
-6.99507
-6.71058
-6.42201
-6.12952
-5.83323
-5.53325
-5.22968
-4.9227
-4.61242
-4.29901
-3.9826
-3.66331
-3.34131
-3.01678
-2.68986
-2.36074
-2.0296
-1.69654
-1.36175
-1.02544
-0.687745
-0.348933
-0.00916702
0.331389
0.672555
1.01412
1.3559
1.69764
2.03918
2.38028
2.72071
3.06032
3.39891
3.73619
4.07199
4.40607
4.73823
5.06825
5.39591
5.72092
6.04313
6.36231
6.67828
6.99075
7.29951
7.60438
7.90512
8.2015
8.49335
8.78041
9.06249
9.33937
9.61086
9.87674
10.1369
10.391
10.6389
10.8805
11.1155
11.3437
11.5651
11.7794
11.9864
12.186
12.378
12.5623
12.7387
12.9071
13.0674
13.2194
13.363
13.4981
13.6246
13.7423
13.8512
13.9512
14.0422
14.1242
14.1969
14.2605
14.3148
14.3598
14.3955
14.4218
14.4387
14.4461
14.4442
-10.7877
-10.5566
-10.3201
-10.0782
-9.83081
-9.5782
-9.3204
-9.05747
-8.78957
-8.51678
-8.23921
-7.95693
-7.6701
-7.37879
-7.08314
-6.78321
-6.47919
-6.17121
-5.85935
-5.54374
-5.22452
-4.90187
-4.57592
-4.24681
-3.91465
-3.57966
-3.24195
-2.90171
-2.55911
-2.21434
-1.86756
-1.51894
-1.16865
-0.81688
-0.463846
-0.109778
0.245156
0.60081
0.956938
1.31328
1.66974
2.02597
2.38184
2.73711
3.09153
3.4449
3.797
4.1476
4.49648
4.84341
5.18811
5.53041
5.87003
6.20676
6.54035
6.8706
7.19728
7.52016
7.83898
8.15347
8.46351
8.76877
9.06912
9.36428
9.65402
9.93815
10.2165
10.4887
10.7548
11.0144
11.2673
11.5134
11.7525
11.9843
12.2088
12.4256
12.6348
12.8359
13.0291
13.2139
13.3905
13.5584
13.7178
13.8683
14.0099
14.1425
14.266
14.3802
14.4851
14.5805
14.6665
14.7428
14.8096
14.8666
14.9138
14.9513
14.979
14.9968
15.0047
15.0027
-11.3221
-11.0817
-10.8358
-10.5843
-10.3272
-10.0647
-9.79688
-9.5238
-9.2455
-8.96218
-8.67387
-8.38072
-8.08278
-7.78024
-7.47312
-7.16158
-6.84577
-6.52577
-6.20177
-5.87379
-5.54201
-5.20665
-4.86782
-4.52562
-4.18025
-3.83181
-3.48055
-3.12656
-2.77011
-2.41131
-2.05033
-1.68737
-1.32261
-0.956289
-0.588573
-0.219689
0.150159
0.520799
0.891998
1.26355
1.63515
2.00671
2.37792
2.74851
3.11835
3.48713
3.85465
4.22065
4.58491
4.94717
5.30722
5.66477
6.01961
6.37144
6.72008
7.06524
7.40676
7.7443
8.07766
8.40661
8.73081
9.05017
9.36437
9.67319
9.97637
10.2737
10.565
10.85
11.1285
11.4003
11.6651
11.9228
12.1732
12.416
12.6511
12.8783
13.0973
13.3082
13.5105
13.7042
13.8892
14.0653
14.2323
14.3901
14.5386
14.6776
14.807
14.9268
15.0368
15.1369
15.227
15.3072
15.3772
15.437
15.4866
15.526
15.5551
15.5738
15.5822
15.5802
-11.8776
-11.6277
-11.3722
-11.1109
-10.844
-10.5714
-10.2934
-10.0099
-9.72104
-9.42693
-9.12772
-8.82344
-8.51422
-8.20015
-7.88135
-7.55794
-7.23004
-6.8978
-6.5613
-6.22067
-5.87603
-5.52756
-5.17551
-4.81993
-4.46094
-4.09869
-3.7334
-3.36528
-2.9945
-2.62123
-2.24563
-1.86791
-1.48818
-1.10679
-0.723905
-0.339698
0.0455837
0.431745
0.818572
1.20583
1.59328
1.98065
2.36779
2.75437
3.14014
3.52493
3.90845
4.29051
4.67083
5.04909
5.42507
5.79848
6.16916
6.53679
6.90108
7.26183
7.61875
7.97162
8.32019
8.66413
9.00324
9.33725
9.66593
9.989
10.3062
10.6174
10.9223
11.2205
11.5121
11.7966
12.0739
12.3437
12.6059
12.8602
13.1065
13.3445
13.574
13.7948
14.0068
14.2098
14.4037
14.5882
14.7632
14.9286
15.0843
15.23
15.3657
15.4913
15.6066
15.7116
15.8062
15.8902
15.9637
16.0265
16.0786
16.1199
16.1504
16.1702
16.179
16.177
-12.4546
-12.195
-11.9298
-11.6587
-11.3817
-11.099
-10.8105
-10.5164
-10.2169
-9.91188
-9.6015
-9.28592
-8.96522
-8.63943
-8.3087
-7.97313
-7.63288
-7.28808
-6.93885
-6.58526
-6.22745
-5.86562
-5.49993
-5.13055
-4.75754
-4.38115
-4.00153
-3.61884
-3.2333
-2.84505
-2.4544
-2.06143
-1.66628
-1.26926
-0.870672
-0.470665
-0.0694079
0.332827
0.735836
1.13937
1.54322
1.94709
2.35066
2.75384
3.15626
3.55768
3.95788
4.35659
4.75355
5.14847
5.54105
5.93105
6.31821
6.70223
7.08287
7.45985
7.83291
8.2018
8.56613
8.92577
9.2804
9.62974
9.97352
10.3115
10.6434
10.969
11.288
11.6002
11.9054
12.2033
12.4936
12.7761
13.0507
13.317
13.5749
13.8241
14.0645
14.2959
14.5181
14.7308
14.9339
15.1273
15.3107
15.4841
15.6472
15.8
15.9423
16.0739
16.1948
16.3049
16.4041
16.4923
16.5693
16.6352
16.6899
16.7333
16.7654
16.7861
16.7955
16.7935
-13.0538
-12.7844
-12.5093
-12.2283
-11.9411
-11.648
-11.3491
-11.0443
-10.7338
-10.4178
-10.0961
-9.76899
-9.43658
-9.0989
-8.756
-8.40807
-8.05524
-7.69763
-7.33536
-6.96852
-6.59723
-6.2217
-5.84208
-5.45857
-5.07124
-4.68025
-4.2858
-3.88815
-3.48742
-3.08382
-2.67753
-2.26883
-1.85781
-1.44473
-1.0299
-0.613533
-0.195716
0.223164
0.642953
1.06342
1.48419
1.90509
2.32586
2.7462
3.16586
3.58459
4.00212
4.41817
4.83245
5.24465
5.65454
6.06178
6.46612
6.86726
7.26492
7.65883
8.04868
8.43421
8.81514
9.19113
9.56191
9.92728
10.2869
10.6404
10.9877
11.3283
11.6621
11.9889
12.3083
12.6201
12.924
13.2199
13.5073
13.7862
14.0563
14.3174
14.5692
14.8116
15.0443
15.2672
15.48
15.6826
15.8749
16.0566
16.2276
16.3878
16.5369
16.6749
16.8017
16.9172
17.0212
17.1136
17.1944
17.2636
17.3209
17.3665
17.4002
17.422
17.4319
17.4299
-13.6757
-13.3965
-13.1114
-12.8202
-12.5228
-12.2194
-11.9098
-11.5942
-11.2727
-10.9454
-10.6123
-10.2736
-9.92925
-9.57945
-9.22425
-8.86374
-8.49807
-8.12742
-7.75185
-7.37147
-6.98641
-6.59685
-6.203
-5.80497
-5.40292
-4.99696
-4.58732
-4.17424
-3.75792
-3.33855
-2.91624
-2.49127
-2.06385
-1.63416
-1.20255
-0.769199
-0.3344
0.101729
0.53894
0.976822
1.41522
1.85382
2.29238
2.73057
3.16818
3.60486
4.04037
4.47443
4.90672
5.33694
5.76481
6.19002
6.61226
7.03123
7.44661
7.85816
8.26556
8.66847
9.06665
9.45973
9.84745
10.2294
10.6055
10.9753
11.3386
11.695
12.0443
12.3863
12.7206
13.047
13.3651
13.6748
13.9758
14.2679
14.5507
14.8242
15.0879
15.3418
15.5856
15.8191
16.0421
16.2545
16.456
16.6464
16.8256
16.9935
17.1498
17.2945
17.4274
17.5485
17.6575
17.7545
17.8392
17.9117
17.9719
18.0197
18.0551
18.078
18.0885
18.0864
-14.3208
-14.0317
-13.7366
-13.4354
-13.1277
-12.8137
-12.4935
-12.167
-11.8344
-11.4958
-11.1511
-10.8006
-10.4442
-10.0821
-9.71441
-9.34117
-8.96247
-8.57851
-8.18938
-7.79518
-7.39604
-6.99219
-6.58376
-6.17087
-5.75373
-5.33245
-4.90728
-4.47838
-4.04599
-3.61031
-3.17154
-2.72983
-2.28549
-1.83868
-1.38969
-0.938898
-0.486387
-0.0324426
0.422656
0.878683
1.3353
1.79225
2.24925
2.70595
3.16216
3.61751
4.07172
4.52451
4.9756
5.42455
5.87116
6.31502
6.75592
7.19346
7.62736
8.05728
8.48296
8.90399
9.32015
9.73104
10.1364
10.5358
10.9291
11.3159
11.6959
12.0688
12.4343
12.7921
13.142
13.4836
13.8166
14.1409
14.456
14.7618
15.058
15.3444
15.6206
15.8866
16.142
16.3866
16.6203
16.8428
17.0539
17.2534
17.4413
17.6172
17.7811
17.9328
18.0721
18.199
18.3133
18.415
18.5039
18.5799
18.643
18.6932
18.7303
18.7544
18.7654
18.7633
-14.9899
-14.6909
-14.3858
-14.0744
-13.7564
-13.4319
-13.1009
-12.7635
-12.4197
-12.0697
-11.7135
-11.351
-10.9825
-10.608
-10.2276
-9.84135
-9.44948
-9.05203
-8.64912
-8.24089
-7.8274
-7.40892
-6.98562
-6.55754
-6.12493
-5.68799
-5.24681
-4.80165
-4.35274
-3.90036
-3.44464
-2.98571
-2.52387
-2.05945
-1.59262
-1.12374
-0.652966
-0.180558
0.293113
0.76787
1.24339
1.71938
2.1955
2.6714
3.14688
3.62167
4.0953
4.56752
5.03809
5.50658
5.97261
6.43596
6.89625
7.3531
7.80622
8.25538
8.70011
9.14007
9.57498
10.0045
10.4282
10.8459
11.2571
11.6616
12.0591
12.4492
12.8316
13.206
13.5722
13.9297
14.2783
14.6177
14.9476
15.2678
15.578
15.8779
16.1672
16.4458
16.7133
16.9696
17.2144
17.4475
17.6687
17.8778
18.0747
18.2591
18.4308
18.5898
18.7359
18.8689
18.9888
19.0953
19.1885
19.2683
19.3345
19.3871
19.426
19.4513
19.4629
19.4607
-15.6835
-15.3746
-15.0596
-14.7382
-14.4098
-14.0748
-13.7331
-13.3847
-13.0298
-12.6683
-12.3003
-11.9259
-11.5452
-11.1581
-10.7649
-10.3656
-9.96032
-9.54919
-9.13229
-8.70975
-8.28169
-7.84828
-7.4098
-6.96631
-6.51789
-6.06479
-5.60721
-5.14545
-4.67966
-4.21006
-3.73681
-3.26011
-2.78037
-2.29774
-1.81249
-1.32492
-0.835355
-0.34389
0.149071
0.643185
1.13825
1.63394
2.12986
2.62579
3.12131
3.61615
4.10995
4.60241
5.09319
5.58197
6.06829
6.55192
7.0324
7.50941
7.98258
8.45166
8.91624
9.37599
9.83045
10.2793
10.7223
11.1589
11.5889
12.012
12.4277
12.8357
13.2358
13.6276
14.0107
14.3849
14.7498
15.1051
15.4505
15.7857
16.1105
16.4245
16.7275
17.0193
17.2995
17.5679
17.8244
18.0686
18.3004
18.5195
18.7258
18.919
19.0991
19.2657
19.4188
19.5582
19.6839
19.7956
19.8933
19.9769
20.0463
20.1015
20.1424
20.1689
20.181
20.1788
-16.4023
-16.0836
-15.7588
-15.4273
-15.0887
-14.7433
-14.3909
-14.0317
-13.6655
-13.2926
-12.9129
-12.5265
-12.1334
-11.7338
-11.3277
-10.9151
-10.4962
-10.0713
-9.6402
-9.20314
-8.76022
-8.31167
-7.85767
-7.3984
-6.93386
-6.4643
-5.98995
-5.51116
-5.02798
-4.54075
-4.04953
-3.55462
-3.05631
-2.55493
-2.05072
-1.54395
-1.03485
-0.523724
-0.0108526
0.50337
1.01862
1.53466
2.05116
2.56772
3.08406
3.59981
4.11458
4.62809
5.13995
5.64973
6.1572
6.66183
7.16335
7.66136
8.15544
8.64532
9.13062
9.6109
10.0858
10.5549
11.0178
11.4743
11.9239
12.3663
12.8011
13.2279
13.6464
14.0563
14.4572
14.8488
15.2307
15.6025
15.9642
16.3151
16.6551
16.984
17.3013
17.6068
17.9003
18.1815
18.4502
18.7061
18.9489
19.1785
19.3946
19.5971
19.7858
19.9604
20.1209
20.267
20.3987
20.5158
20.6183
20.7059
20.7786
20.8365
20.8793
20.9071
20.9199
20.9176
-17.147
-16.8187
-16.4841
-16.1428
-15.7941
-15.4383
-15.0754
-14.7053
-14.328
-13.9437
-13.5523
-13.1538
-12.7484
-12.3361
-11.917
-11.4912
-11.0587
-10.6196
-10.1743
-9.72245
-9.26447
-8.8005
-8.33074
-7.85536
-7.37437
-6.88801
-6.39656
-5.90022
-5.39926
-4.89386
-4.38426
-3.87061
-3.35332
-2.83259
-2.30875
-1.78213
-1.25296
-0.72153
-0.188141
0.346902
0.883137
1.42033
1.95812
2.49608
3.03396
3.57132
4.10789
4.64324
5.177
5.70876
6.23809
6.76467
7.28806
7.80789
8.3238
8.83533
9.34219
9.84387
10.3401
10.8303
11.3141
11.7913
12.2613
12.7239
13.1785
13.6249
14.0628
14.4916
14.911
15.3208
15.7204
16.1097
16.4882
16.8556
17.2116
17.5559
17.8882
18.2082
18.5156
18.8101
19.0915
19.3596
19.614
19.8545
20.081
20.2932
20.4908
20.6739
20.842
20.9952
21.1332
21.2559
21.3633
21.4552
21.5314
21.5921
21.637
21.6661
21.6795
21.6771
-17.9183
-17.5806
-17.2365
-16.8856
-16.527
-16.161
-15.7875
-15.4067
-15.0184
-14.6227
-14.2197
-13.8093
-13.3916
-12.9666
-12.5344
-12.0952
-11.649
-11.1958
-10.7359
-10.2692
-9.79593
-9.31638
-8.83059
-8.33875
-7.84102
-7.3375
-6.8285
-6.31428
-5.79515
-5.27119
-4.74264
-4.20974
-3.67283
-3.13225
-2.58823
-2.04119
-1.49125
-0.938826
-0.384185
0.172326
0.730285
1.28936
1.84913
2.40935
2.96956
3.52945
4.08859
4.64659
5.20313
5.75765
6.30981
6.85916
7.40535
7.94788
8.48643
9.02061
9.54993
10.074
10.5923
11.1045
11.6102
12.109
12.6003
13.0839
13.5593
14.0262
14.4842
14.9328
15.3716
15.8004
16.2186
16.626
17.0222
17.4068
17.7795
18.1399
18.4879
18.823
19.1449
19.4534
19.7481
20.0289
20.2954
20.5474
20.7847
21.007
21.2141
21.4059
21.5821
21.7426
21.8872
22.0159
22.1284
22.2247
22.3046
22.3681
22.4152
22.4457
22.4597
22.4572
-18.717
-18.3702
-18.0168
-17.6564
-17.2881
-16.9122
-16.5286
-16.1371
-15.7379
-15.3311
-14.9165
-14.4941
-14.0642
-13.6266
-13.1814
-12.7287
-12.2687
-11.8013
-11.3267
-10.8451
-10.3563
-9.86085
-9.35884
-8.85033
-8.33547
-7.81451
-7.28767
-6.75519
-6.21732
-5.67429
-5.12635
-4.57375
-4.0167
-3.4556
-2.89084
-2.32269
-1.7514
-1.17729
-0.60076
-0.022011
0.558354
1.14007
1.72274
2.30592
2.88938
3.4726
4.0552
4.63676
5.21687
5.79505
6.37095
6.94403
7.5139
8.08011
8.64224
9.19992
9.75272
10.3
10.8415
11.3767
11.9051
12.4264
12.94
13.4455
13.9426
14.4309
14.9098
15.3791
15.8382
16.2868
16.7244
17.1508
17.5655
17.968
18.3582
18.7356
19.0999
19.4507
19.7878
20.1109
20.4196
20.7137
20.9929
21.2569
21.5054
21.7383
21.9554
22.1563
22.3409
22.5091
22.6606
22.7954
22.9133
23.0142
23.098
23.1645
23.2138
23.2458
23.2605
23.2577
-19.5439
-19.1883
-18.826
-18.4565
-18.0788
-17.6932
-17.2995
-16.8978
-16.4879
-16.0701
-15.6441
-15.2099
-14.7677
-14.3176
-13.8594
-13.3933
-12.9194
-12.4378
-11.9485
-11.4516
-10.9473
-10.4358
-9.91733
-9.39182
-8.85959
-8.32081
-7.77567
-7.22456
-6.66766
-6.10513
-5.53731
-4.96436
-4.38666
-3.80455
-3.21838
-2.62856
-2.0352
-1.43874
-0.839443
-0.237825
0.365746
0.970864
1.57722
2.18432
2.79176
3.39917
4.00607
4.61209
5.21675
5.81957
6.41994
7.01767
7.61224
8.2031
8.78982
9.37202
9.94915
10.5208
11.0864
11.6455
12.1976
12.7424
13.2792
13.8077
14.3274
14.8379
15.3389
15.8297
16.31
16.7793
17.2372
17.6834
18.1173
18.5387
18.9471
19.3422
19.7235
20.0909
20.4439
20.7822
21.1055
21.4135
21.7059
21.9825
22.2428
22.4868
22.7142
22.9247
23.1181
23.2943
23.4531
23.5943
23.7178
23.8235
23.9113
23.981
24.0327
24.0662
24.0815
24.0786
-20.3998
-20.0359
-19.6651
-19.2868
-18.9001
-18.5052
-18.1018
-17.69
-17.2697
-16.8411
-16.4039
-15.9582
-15.5039
-15.0413
-14.5702
-14.0907
-13.603
-13.1071
-12.603
-12.0908
-11.5708
-11.043
-10.5078
-9.96522
-9.4153
-8.85842
-8.29471
-7.72449
-7.14808
-6.56565
-5.97743
-5.38373
-4.78476
-4.18102
-3.57292
-2.96067
-2.3446
-1.72504
-1.10241
-0.477032
0.150573
0.779893
1.41065
2.04247
2.67485
3.30734
3.93952
4.57088
5.20101
5.82935
6.45545
7.07878
7.69897
8.3154
8.9277
9.5354
10.138
10.7349
11.3256
11.9096
12.4865
13.0558
13.6168
14.1692
14.7126
15.2464
15.7702
16.2836
16.786
17.2769
17.756
18.2229
18.677
19.118
19.5455
19.959
20.3583
20.7429
21.1125
21.4667
21.8053
22.1279
22.4341
22.7237
22.9964
23.252
23.4902
23.7107
23.9134
24.0979
24.2643
24.4122
24.5416
24.6523
24.7442
24.8172
24.8713
24.9064
24.9224
24.9193
-21.2858
-20.9139
-20.5351
-20.1486
-19.7533
-19.3494
-18.9367
-18.5152
-18.0849
-17.6456
-17.1976
-16.7405
-16.2743
-15.7993
-15.3155
-14.8228
-14.3212
-13.8109
-13.2921
-12.7646
-12.2286
-11.6846
-11.1325
-10.5725
-10.0047
-9.42933
-8.84678
-8.25714
-7.66078
-7.05799
-6.44894
-5.83389
-5.21306
-4.58716
-3.95646
-3.32125
-2.68179
-2.03843
-1.39163
-0.741771
-0.0894055
0.565028
1.2212
1.87858
2.53674
3.1952
3.85351
4.51137
5.16788
5.82278
6.47554
7.12554
7.77227
8.41551
9.05444
9.68864
10.3176
10.9409
11.5579
12.1679
12.7705
13.3653
13.9516
14.529
15.097
15.6551
16.2027
16.7395
17.2651
17.7787
18.2799
18.7683
19.2435
19.7051
20.1524
20.5853
21.0032
21.4059
21.7928
22.1637
22.5182
22.856
23.1768
23.4801
23.7657
24.0334
24.2828
24.5138
24.7261
24.9194
25.0937
25.2486
25.3841
25.5001
25.5964
25.6728
25.7294
25.7661
25.7828
25.7795
-22.2026
-21.8235
-21.4373
-21.043
-20.6396
-20.2271
-19.8056
-19.3748
-18.9348
-18.4854
-18.0267
-17.5585
-17.0807
-16.5937
-16.0972
-15.5912
-15.076
-14.5514
-14.0178
-13.475
-12.9232
-12.3626
-11.7935
-11.2159
-10.63
-10.0359
-9.43403
-8.82468
-8.20799
-7.58435
-6.95392
-6.31695
-5.67398
-5.02531
-4.37128
-3.71233
-3.04884
-2.38101
-1.70929
-1.03411
-0.356137
0.324184
1.00661
1.69043
2.3753
3.06072
3.7463
4.43135
5.11546
5.79789
6.47833
7.15596
7.83055
8.50141
9.16811
9.82996
10.4865
11.1372
11.7814
12.4184
13.0479
13.6694
14.2821
14.8855
15.4792
16.0626
16.6353
17.1966
17.7461
18.2833
18.8077
19.3187
19.8159
20.2988
20.767
21.2201
21.6575
22.079
22.4841
22.8724
23.2436
23.5973
23.9331
24.2507
24.5499
24.8302
25.0914
25.3334
25.5557
25.7582
25.9406
26.1029
26.2448
26.3663
26.4671
26.5471
26.6063
26.6447
26.6621
26.6585
-23.1515
-22.7657
-22.3726
-21.9712
-21.5603
-21.1399
-20.71
-20.2705
-19.8212
-19.3621
-18.8931
-18.4141
-17.9251
-17.4261
-16.9173
-16.3983
-15.8695
-15.3308
-14.7823
-14.2242
-13.6564
-13.0793
-12.493
-11.8977
-11.2934
-10.6804
-10.059
-9.42945
-8.79208
-8.14724
-7.49497
-6.83568
-6.1698
-5.49776
-4.81986
-4.13649
-3.44807
-2.75492
-2.05767
-1.35645
-0.651995
0.0551163
0.764674
1.47589
2.18846
2.90184
3.61556
4.32892
5.04139
5.75253
6.4617
7.16829
7.87164
8.57131
9.26674
9.95736
10.6426
11.3218
11.9945
12.6598
13.3173
13.9664
14.6065
15.2371
15.8576
16.4676
17.0663
17.6532
18.2279
18.7897
19.3382
19.8727
20.3929
20.8982
21.3881
21.8622
22.32
22.7612
23.1852
23.5917
23.9803
24.3506
24.7023
25.0349
25.3481
25.6416
25.9152
26.1685
26.4013
26.6134
26.8045
26.9744
27.123
27.2501
27.3556
27.4394
27.5014
27.5414
27.5596
27.5558
-24.1334
-23.7418
-23.3425
-22.9347
-22.5169
-22.0893
-21.6516
-21.2039
-20.7457
-20.2774
-19.7986
-19.3093
-18.8093
-18.2989
-17.7778
-17.2461
-16.7039
-16.1512
-15.5881
-15.0146
-14.4309
-13.8371
-13.2336
-12.6204
-11.9975
-11.3653
-10.7241
-10.0741
-9.41568
-8.7491
-8.07458
-7.39244
-6.70307
-6.007
-5.30454
-4.59615
-3.88232
-3.16318
-2.43933
-1.7113
-0.979565
-0.244666
0.49278
1.23245
1.97372
2.71603
3.45884
4.20166
4.94375
5.68464
6.42353
7.16002
7.89334
8.6231
9.34853
10.0691
10.7841
11.493
12.1952
12.8899
13.5766
14.2546
14.9233
15.5823
16.2307
16.8682
17.4941
18.1078
18.7087
19.2962
19.8699
20.429
20.9732
21.5018
22.0144
22.5105
22.9896
23.4513
23.8952
24.3207
24.7275
25.1151
25.4832
25.8314
26.1594
26.4668
26.7532
27.0185
27.2622
27.4842
27.6843
27.8622
28.0178
28.1509
28.2613
28.349
28.4138
28.4556
28.4745
28.4703
-25.1495
-24.7529
-24.3483
-23.9349
-23.5109
-23.0768
-22.6321
-22.1767
-21.7105
-21.2334
-20.7453
-20.2461
-19.7356
-19.214
-18.6811
-18.1369
-17.5816
-17.015
-16.4374
-15.8487
-15.2491
-14.6387
-14.0178
-13.3866
-12.745
-12.0933
-11.432
-10.7613
-10.0815
-9.39275
-8.69549
-7.99001
-7.2767
-6.55593
-5.82839
-5.09435
-4.35404
-3.60815
-2.85715
-2.10135
-1.34146
-0.577883
0.18852
0.957545
1.72841
2.50068
3.27381
4.0471
4.81995
5.59156
6.36156
7.12897
7.89348
8.65437
9.411
10.1627
10.9088
11.6487
12.3815
13.1069
13.8239
14.5321
15.2307
15.9191
16.5968
17.263
17.9171
18.5587
19.1869
19.8013
20.4012
20.986
21.5552
22.1082
22.6445
23.1636
23.665
24.1481
24.6126
25.0579
25.4837
25.8895
26.2748
26.6393
26.9827
27.3044
27.6043
27.882
28.1372
28.3697
28.5791
28.7654
28.9282
29.0675
29.183
29.2747
29.3425
29.3862
29.4058
29.4013
-26.201
-25.8004
-25.3914
-24.9732
-24.544
-24.1041
-23.6531
-23.1908
-22.7172
-22.232
-21.7353
-21.2266
-20.7061
-20.1738
-19.6295
-19.0732
-18.505
-17.9248
-17.3329
-16.7291
-16.1136
-15.4867
-14.8484
-14.1991
-13.5387
-12.8674
-12.1858
-11.4939
-10.7924
-10.0811
-9.36067
-8.63127
-7.89347
-7.14757
-6.3942
-5.63379
-4.86646
-4.09307
-3.31377
-2.52936
-1.7404
-0.947396
-0.151032
0.648261
1.45002
2.2532
3.05768
3.86262
4.6671
5.47084
6.27285
7.07277
7.86949
8.66277
9.45183
10.2357
11.0143
11.7864
12.5513
13.3085
14.0571
14.7967
15.5265
16.2455
16.9536
17.6498
18.3335
19.004
19.6608
20.3032
20.9304
21.5421
22.1373
22.7158
23.2768
23.8198
24.3444
24.8499
25.336
25.802
26.2476
26.6724
27.0757
27.4572
27.8166
28.1534
28.4673
28.758
29.0251
29.2685
29.4877
29.6826
29.8531
29.9988
30.1197
30.2156
30.2864
30.332
30.3524
30.3475
-27.2892
-26.8857
-26.4734
-26.0513
-25.6179
-25.173
-24.7166
-24.2483
-23.768
-23.2755
-22.7706
-22.2534
-21.7233
-21.1808
-20.6255
-20.0576
-19.4768
-18.8834
-18.2773
-17.6586
-17.0274
-16.3839
-15.7283
-15.0609
-14.3815
-13.6905
-12.9882
-12.2751
-11.5514
-10.8173
-10.0732
-9.31945
-8.55653
-7.78496
-7.00503
-6.21747
-5.42257
-4.62079
-3.81254
-2.99872
-2.17975
-1.35627
-0.528987
0.301865
1.13525
1.97076
2.80757
3.64504
4.48277
5.31959
6.15495
6.98813
7.81877
8.6456
9.46824
10.286
11.0981
11.9037
12.7019
13.4924
14.274
15.0461
15.8082
16.5594
17.299
18.0264
18.741
19.4418
20.1283
20.7999
21.4557
22.0952
22.7177
23.3227
23.9095
24.4775
25.0263
25.5552
26.0638
26.5514
27.0177
27.4621
27.8843
28.2836
28.6597
29.0122
29.3408
29.645
29.9246
30.1792
30.4087
30.6127
30.791
30.9434
31.0699
31.1702
31.2442
31.2917
31.3129
31.3076
-28.4154
-28.0102
-27.5957
-27.1709
-26.7342
-26.2855
-25.8246
-25.3512
-24.8649
-24.3658
-23.8538
-23.3285
-22.7897
-22.2375
-21.6719
-21.0927
-20.4998
-19.8934
-19.2735
-18.6402
-17.9934
-17.3336
-16.6607
-15.9751
-15.2766
-14.5658
-13.8429
-13.1081
-12.3619
-11.6046
-10.8364
-10.0579
-9.26925
-8.47134
-7.66436
-6.84895
-6.02547
-5.19454
-4.35673
-3.51252
-2.66252
-1.80763
-0.94843
-0.0852845
0.781126
1.64982
2.52033
3.39178
4.26346
5.13474
6.00478
6.87282
7.73811
8.60002
9.45776
10.3104
11.1574
11.9979
12.8308
13.6556
14.4716
15.2778
16.0735
16.8581
17.6307
18.3907
19.1372
19.8696
20.5872
21.2891
21.9747
22.6433
23.2943
23.9269
24.5406
25.1347
25.7087
26.262
26.7941
27.3042
27.7921
28.2571
28.6988
29.1167
29.5103
29.8791
30.2229
30.5413
30.8339
31.1003
31.3404
31.5538
31.7404
31.8999
32.0321
32.1369
32.2142
32.2638
32.2857
32.28
-29.5812
-29.1755
-28.76
-28.3338
-27.895
-27.4435
-26.9791
-26.5015
-26.0105
-25.5058
-24.9873
-24.4547
-23.9079
-23.3467
-22.7712
-22.1814
-21.5769
-20.958
-20.3246
-19.6769
-19.015
-18.3388
-17.6488
-16.945
-16.2275
-15.4966
-14.7528
-13.9963
-13.2274
-12.4464
-11.6538
-10.8499
-10.0352
-9.21029
-8.37561
-7.53164
-6.67901
-5.81815
-4.94955
-4.07421
-3.19251
-2.30488
-1.41269
-0.516189
0.384028
1.28723
2.19241
3.09907
4.0063
4.91325
5.81902
6.72311
7.62477
8.52302
9.4169
10.306
11.1893
12.0659
12.9349
13.7958
14.6473
15.4888
16.3197
17.139
17.9459
18.7398
19.5197
20.285
21.0349
21.7685
22.4851
23.1841
23.8647
24.5261
25.1679
25.7892
26.3895
26.9682
27.5247
28.0585
28.5688
29.0553
29.5174
29.9545
30.3664
30.7523
31.1121
31.4451
31.7512
32.03
32.2811
32.5044
32.6995
32.8664
33.0046
33.1141
33.1948
33.2465
33.2693
33.2629
-30.7879
-30.3831
-29.9679
-29.5417
-29.102
-28.6489
-28.1824
-27.7018
-27.207
-26.6976
-26.1735
-25.6347
-25.0808
-24.5113
-23.9266
-23.3267
-22.7112
-22.0802
-21.434
-20.7721
-20.0952
-19.4031
-18.6959
-17.9742
-17.2376
-16.4868
-15.7219
-14.9434
-14.1515
-13.3466
-12.5291
-11.6994
-10.858
-10.0057
-9.14259
-8.26944
-7.38679
-6.49515
-5.59514
-4.68758
-3.7731
-2.85223
-1.9258
-0.994517
-0.0593096
0.879291
1.82052
2.76357
3.70735
4.65114
5.59455
6.53605
7.47503
8.41096
9.34276
10.2696
11.1905
12.1047
13.0114
13.9095
14.798
15.6764
16.5438
17.3993
18.242
19.0712
19.8859
20.6853
21.4689
22.2354
22.9845
23.715
24.4264
25.118
25.7889
26.4385
27.0664
27.6715
28.2536
28.8118
29.3456
29.8545
30.3378
30.7951
31.2259
31.6297
32.006
32.3544
32.6746
32.9662
33.2289
33.4624
33.6664
33.8408
33.9853
34.0997
34.1839
34.2378
34.2614
34.2545
-32.0369
-31.6348
-31.2214
-30.7964
-30.3574
-29.9043
-29.4367
-28.9544
-28.4569
-27.944
-27.4155
-26.8713
-26.311
-25.7342
-25.1412
-24.5319
-23.9061
-23.2637
-22.6049
-21.9295
-21.2379
-20.53
-19.8061
-19.0663
-18.3108
-17.54
-16.754
-15.9533
-15.1381
-14.3091
-13.4664
-12.6105
-11.742
-10.8615
-9.96929
-9.06632
-8.15289
-7.22969
-6.29736
-5.35665
-4.40823
-3.45304
-2.49154
-1.52468
-0.553089
0.422424
1.40077
2.38132
3.36316
4.34547
5.32693
6.30743
7.28555
8.26043
9.23146
10.1976
11.1578
12.111
13.0565
13.9934
14.9207
15.8374
16.7427
17.6358
18.5157
19.3815
20.2325
21.0676
21.8861
22.6871
23.4698
24.2332
24.9767
25.6996
26.401
27.0802
27.7366
28.3694
28.978
29.5617
30.1199
30.6522
31.1576
31.636
32.0865
32.5088
32.9024
33.2668
33.6017
33.9067
34.1814
34.4255
34.6389
34.8211
34.972
35.0915
35.1794
35.2355
35.2598
35.2523
-33.3301
-32.9323
-32.5225
-32.1003
-31.6635
-31.2116
-30.7446
-30.2618
-29.763
-29.2478
-28.7161
-28.1675
-27.6018
-27.0188
-26.4184
-25.8005
-25.1649
-24.5118
-23.841
-23.1526
-22.4467
-21.7234
-20.983
-20.2254
-19.4511
-18.6602
-17.853
-17.0301
-16.1916
-15.3379
-14.4697
-13.5872
-12.691
-11.7819
-10.86
-9.92646
-8.9815
-8.02591
-7.06043
-6.08564
-5.10241
-4.11164
-3.11401
-2.11033
-1.10137
-0.0878291
0.929023
1.94851
2.96963
3.99139
5.01313
6.0336
7.05217
8.06766
9.07931
10.0862
11.087
12.0808
13.0669
14.044
15.0114
15.968
16.9128
17.8449
18.7636
19.6676
20.5563
21.4284
22.2835
23.1202
23.9379
24.7356
25.5126
26.2681
27.0012
27.7111
28.3972
29.0588
29.6951
30.3055
30.8892
31.4456
31.9742
32.4743
32.9455
33.3871
33.7986
34.1797
34.5299
34.8487
35.136
35.3913
35.6142
35.8046
35.9623
36.087
36.1787
36.2371
36.2622
36.2539
-34.6687
-34.2772
-33.8727
-33.4551
-33.0223
-32.5734
-32.1083
-31.6266
-31.1279
-30.6118
-30.0781
-29.5264
-28.9565
-28.3684
-27.7614
-27.1358
-26.4914
-25.8282
-25.1464
-24.4453
-23.7256
-22.9873
-22.2308
-21.4557
-20.6627
-19.8519
-19.0234
-18.1782
-17.3162
-16.4377
-15.5436
-14.634
-13.7098
-12.7713
-11.8193
-10.8544
-9.87731
-8.88843
-7.88883
-6.87921
-5.86024
-4.83276
-3.79785
-2.75626
-1.70843
-0.655891
0.400719
1.46054
2.52236
3.58531
4.64831
5.71045
6.77079
7.82858
8.88239
9.93115
10.9744
12.0105
13.0385
14.0576
15.0667
16.0646
17.0504
18.0233
18.982
19.9258
20.8537
21.7645
22.6573
23.5313
24.3854
25.2189
26.0307
26.82
27.5862
28.3281
29.0452
29.7368
30.4019
31.0399
31.6501
32.2319
32.7845
33.3074
33.7999
34.2616
34.6919
35.0903
35.4563
35.7896
36.0898
36.3566
36.5897
36.7886
36.9533
37.0835
37.179
37.2398
37.2657
37.2566
-36.0538
-35.6707
-35.2738
-34.8629
-34.4356
-33.9916
-33.5303
-33.0513
-32.5543
-32.039
-31.5048
-30.9514
-30.3785
-29.7862
-29.1739
-28.5418
-27.8895
-27.217
-26.5245
-25.8119
-25.079
-24.3262
-23.5537
-22.7616
-21.9501
-21.1194
-20.2698
-19.4021
-18.5164
-17.6131
-16.6928
-15.7558
-14.8029
-13.8347
-12.852
-11.8551
-10.8448
-9.8221
-8.78743
-7.74181
-6.68617
-5.62112
-4.54767
-3.46679
-2.37933
-1.28628
-0.188537
0.912812
2.01681
3.12194
4.22807
5.33327
6.43724
7.53858
8.63604
9.72879
10.8156
11.8954
12.9672
14.0298
15.082
16.123
17.1515
18.1665
19.1672
20.1523
21.1208
22.0717
23.004
23.9167
24.8088
25.6794
26.5274
27.352
28.1525
28.9278
29.6771
30.3998
31.0949
31.7617
32.3995
33.0075
33.5851
34.1317
34.6466
35.1291
35.5789
35.9953
36.3779
36.7262
37.0399
37.3186
37.562
37.7698
37.9418
38.0777
38.1773
38.2404
38.2671
38.2573
-37.486
-37.1139
-36.7269
-36.325
-35.9056
-35.4684
-35.013
-34.5387
-34.0453
-33.5323
-32.9991
-32.4456
-31.8713
-31.276
-30.6597
-30.0221
-29.363
-28.6823
-27.9801
-27.2565
-26.5111
-25.7444
-24.9564
-24.1476
-23.318
-22.4676
-21.5971
-20.7069
-19.7974
-18.869
-17.9222
-16.9575
-15.9756
-14.9771
-13.9629
-12.9335
-11.8895
-10.8319
-9.76133
-8.67891
-7.58549
-6.48172
-5.36878
-4.24754
-3.11888
-1.98409
-0.843729
0.300437
1.44785
2.59715
3.74738
4.89752
6.04637
7.1927
8.33578
9.47382
10.6062
11.7315
12.8485
13.9562
15.0533
16.1387
17.2116
18.2707
19.3148
20.3427
21.3535
22.3461
23.3194
24.2724
25.2039
26.113
26.9987
27.8601
28.6962
29.5061
30.2891
31.0441
31.7704
32.4671
33.1337
33.7691
34.3727
34.9438
35.4818
35.9861
36.4561
36.8912
37.291
37.655
37.9827
38.2739
38.5281
38.7451
38.9245
39.0661
39.1699
39.2356
39.2631
39.2523
-38.9652
-38.6069
-38.2325
-37.8422
-37.4333
-37.0055
-36.5582
-36.0909
-35.603
-35.0943
-34.564
-34.0121
-33.438
-32.8416
-32.2225
-31.5807
-30.9161
-30.2282
-29.5173
-28.7834
-28.0265
-27.2465
-26.4437
-25.6186
-24.7712
-23.9015
-23.0102
-22.0976
-21.1643
-20.2107
-19.2372
-18.2445
-17.2333
-16.204
-15.1578
-14.095
-13.0165
-11.9234
-10.816
-9.69576
-8.56342
-7.41995
-6.26621
-5.10345
-3.93249
-2.75449
-1.57056
-0.382046
0.810348
2.0054
3.20144
4.39796
5.59337
6.78631
7.97611
9.16145
10.341
11.5131
12.6772
13.8317
14.9755
16.1074
17.2263
18.3307
19.42
20.4925
21.5473
22.5833
23.5992
24.5938
25.5664
26.5155
27.4404
28.3398
29.2131
30.0592
30.8769
31.6655
32.4243
33.1523
33.8485
34.5123
35.143
35.7397
36.3018
36.8287
37.3197
37.7742
38.1919
38.5721
38.9145
39.2185
39.4839
39.7103
39.8975
40.0453
40.1533
40.2215
40.2497
40.2379
-40.4887
-40.148
-39.7896
-39.4141
-39.0186
-38.6029
-38.1667
-37.7089
-37.2291
-36.7269
-36.2018
-35.6535
-35.0815
-34.4858
-33.8657
-33.2213
-32.5524
-31.8587
-31.1405
-30.3975
-29.6295
-28.8373
-28.0206
-27.1797
-26.3148
-25.4261
-24.5143
-23.5796
-22.6224
-21.6435
-20.6433
-19.6223
-18.5812
-17.5209
-16.4419
-15.3454
-14.2316
-13.1021
-11.9572
-10.7981
-9.62585
-8.44146
-7.24597
-6.04026
-4.82572
-3.60335
-2.37426
-1.13969
0.0991028
1.3409
2.58427
3.82862
5.07216
6.31392
7.55241
8.78624
10.0143
11.2356
12.4484
13.6513
14.8435
16.0236
17.1902
18.3419
19.478
20.5967
21.6972
22.7781
23.8382
24.8764
25.8914
26.8821
27.8477
28.7869
29.6987
30.5821
31.436
32.2598
33.0522
33.8124
34.5397
35.2331
35.8918
36.5151
37.1022
37.6525
38.1654
38.6401
39.0763
39.4733
39.8308
40.1482
40.4252
40.6614
40.8567
41.0107
41.1231
41.1939
41.2229
41.21
-42.0518
-41.733
-41.3946
-41.0376
-40.6594
-40.2595
-39.8373
-39.3922
-38.9234
-38.4307
-37.9135
-37.3714
-36.8039
-36.2109
-35.5917
-34.9468
-34.2754
-33.5776
-32.8531
-32.1024
-31.3249
-30.5212
-29.6913
-28.8355
-27.9539
-27.0467
-26.1148
-25.1582
-24.1774
-23.1732
-22.146
-21.0967
-20.0255
-18.9335
-17.8215
-16.6905
-15.541
-14.374
-13.1908
-11.992
-10.7789
-9.55238
-8.31386
-7.0643
-5.8047
-4.53647
-3.26084
-1.97904
-0.692282
0.597912
1.89052
3.18393
4.47732
5.76922
7.05825
8.34272
9.62149
10.893
12.1561
13.4097
14.652
15.8818
17.0978
18.2989
19.4834
20.65
21.7979
22.9255
24.0316
25.1147
26.174
27.208
28.2158
29.196
30.1479
31.0701
31.9618
32.8218
33.6492
34.443
35.2025
35.9265
36.6143
37.2652
37.8783
38.4529
38.9885
39.4842
39.9396
40.354
40.7271
41.0584
41.3475
41.5939
41.7974
41.9578
42.0749
42.1483
42.1779
42.1638
-43.6458
-43.3539
-43.0405
-42.7068
-42.3503
-41.9704
-41.5664
-41.1377
-40.6837
-40.2039
-39.698
-39.165
-38.605
-38.0174
-37.4018
-36.7586
-36.0868
-35.3868
-34.6582
-33.9012
-33.116
-32.3019
-31.4601
-30.5905
-29.6931
-28.7681
-27.8167
-26.8384
-25.8343
-24.805
-23.751
-22.6731
-21.5716
-20.4478
-19.3025
-18.1362
-16.9502
-15.7456
-14.523
-13.2835
-12.0285
-10.7592
-9.47634
-8.18155
-6.87575
-5.56026
-4.23683
-2.90631
-1.57013
-0.229725
1.11355
2.45839
3.80335
5.14676
6.48751
7.82447
9.15561
10.4795
11.7949
13.1004
14.3948
15.6764
16.9436
18.1954
19.4305
20.647
21.8438
23.0198
24.1735
25.3034
26.4085
27.4873
28.539
29.5622
30.5553
31.518
32.4486
33.3464
34.21
35.0388
35.8315
36.5875
37.3056
37.9849
38.6251
39.2249
39.784
40.3013
40.7766
41.2092
41.5986
41.9442
42.2457
42.5026
42.7148
42.8818
43.0035
43.0795
43.1099
43.0944
-45.2571
-44.998
-44.7153
-44.4105
-44.081
-43.7261
-43.3455
-42.938
-42.5033
-42.0407
-41.55
-41.0303
-40.4813
-39.9026
-39.2938
-38.6552
-37.9862
-37.2862
-36.5559
-35.7951
-35.0038
-34.1815
-33.3291
-32.4471
-31.5351
-30.5937
-29.6232
-28.6244
-27.5977
-26.5436
-25.4631
-24.3568
-23.2251
-22.0694
-20.8903
-19.6885
-18.4656
-17.2224
-15.9596
-14.6787
-13.381
-12.0676
-10.7396
-9.39826
-8.04501
-6.68118
-5.30838
-3.92754
-2.54051
-1.14848
0.247013
1.64459
3.04266
4.43993
5.83443
7.22509
8.61034
9.98858
11.3584
12.7177
14.0655
15.4007
16.7215
18.026
19.3128
20.5813
21.829
23.0551
24.2581
25.4366
26.5892
27.7146
28.8115
29.8788
30.9153
31.9199
32.891
33.8277
34.7291
35.5941
36.4214
37.2102
37.9597
38.6689
39.3368
39.9628
40.5462
41.0862
41.5822
42.0335
42.4395
42.8001
43.1145
43.3823
43.6033
43.7772
43.9036
43.9824
44.0133
43.9965
-46.8658
-46.6461
-46.4007
-46.1309
-45.8347
-45.5111
-45.1595
-44.7791
-44.3691
-43.9293
-43.4588
-42.957
-42.4237
-41.8584
-41.2607
-40.6306
-39.9677
-39.2716
-38.5428
-37.781
-36.9862
-36.1583
-35.2978
-34.4051
-33.4803
-32.5241
-31.5362
-30.5179
-29.4695
-28.3916
-27.2852
-26.1509
-24.9894
-23.8018
-22.5889
-21.3518
-20.0914
-18.8093
-17.5062
-16.1833
-14.842
-13.4834
-12.1094
-10.7205
-9.31863
-7.90513
-6.48159
-5.04927
-3.60982
-2.16462
-0.715321
0.73661
2.18954
3.64191
5.09208
6.5388
7.97979
9.41405
10.8394
12.255
13.6587
15.0489
16.4244
17.7833
19.1245
20.4462
21.7469
23.0249
24.2791
25.5076
26.7094
27.8832
29.0273
30.1405
31.2218
32.2693
33.2826
34.2599
35.2003
36.1027
36.966
37.789
38.5708
39.3108
40.0076
40.6607
41.2694
41.8327
42.35
42.8207
43.2443
43.6201
43.9478
44.2268
44.457
44.6378
44.7692
44.8507
44.8824
44.864
-48.4462
-48.2729
-48.0717
-47.8438
-47.5878
-47.302
-46.9861
-46.6396
-46.2608
-45.8498
-45.4055
-44.9278
-44.4158
-43.8692
-43.2878
-42.6711
-42.0192
-41.3315
-40.6082
-39.8492
-39.0546
-38.2245
-37.359
-36.4587
-35.5239
-34.5549
-33.552
-32.516
-31.4476
-30.3475
-29.2164
-28.0552
-26.8648
-25.6459
-24.3998
-23.1277
-21.8303
-20.5091
-19.1653
-17.7998
-16.4147
-15.0108
-13.5896
-12.1526
-10.701
-9.23701
-7.76162
-6.27653
-4.78338
-3.28369
-1.77915
-0.271335
1.23802
2.74728
4.25467
5.75849
7.25761
8.74934
10.2326
11.7054
13.1665
14.6144
16.0465
17.462
18.859
20.2357
21.5909
22.9227
24.2298
25.5106
26.7633
27.9868
29.1796
30.3404
31.4678
32.5604
33.617
34.6362
35.6171
36.5582
37.4586
38.3172
39.1327
39.9043
40.6312
41.3124
41.947
42.5344
43.074
43.5647
44.0062
44.398
44.7394
45.03
45.2695
45.4577
45.594
45.6783
45.7105
45.6904
-49.9679
-49.8469
-49.6964
-49.5176
-49.3082
-49.0677
-48.7944
-48.4886
-48.148
-47.7727
-47.3617
-46.9145
-46.4307
-45.9093
-45.3502
-44.7533
-44.1181
-43.4441
-42.7317
-41.9806
-41.1911
-40.3632
-39.4972
-38.5934
-37.6523
-36.674
-35.6592
-34.6087
-33.523
-32.403
-31.2494
-30.0633
-28.8456
-27.597
-26.3188
-25.0125
-23.6788
-22.3193
-20.9352
-19.5278
-18.0988
-16.6494
-15.1811
-13.6954
-12.194
-10.6785
-9.15059
-7.61185
-6.06404
-4.50882
-2.94793
-1.38301
0.184061
1.75157
3.31761
4.88053
6.43848
7.98972
9.53232
11.0646
12.5845
14.091
15.5819
17.0556
18.5104
19.9438
21.3553
22.7428
24.1043
25.4385
26.7442
28.0191
29.2622
30.472
31.6473
32.7863
33.8876
34.9504
35.9728
36.9542
37.8929
38.7879
39.6383
40.4429
41.2008
41.9108
42.5725
43.1849
43.7471
44.2586
44.7187
45.1269
45.4825
45.7851
46.0343
46.2297
46.3712
46.4583
46.4909
46.4691
-51.3979
-51.3339
-51.2393
-51.1152
-50.9579
-50.769
-50.5447
-50.2864
-49.9911
-49.6587
-49.2881
-48.8786
-48.43
-47.941
-47.4115
-46.8407
-46.2289
-45.5756
-44.8804
-44.1435
-43.3651
-42.5454
-41.6841
-40.7822
-39.8394
-38.8567
-37.8344
-36.7735
-35.6744
-34.538
-33.3656
-32.1575
-30.9153
-29.6395
-28.3319
-26.9933
-25.6254
-24.2292
-22.8063
-21.3581
-19.8859
-18.3919
-16.877
-15.3432
-13.7921
-12.2254
-10.6449
-9.0524
-7.44958
-5.83829
-4.22036
-2.59768
-0.972077
0.654433
2.28013
3.90305
5.52127
7.13293
8.73611
10.3289
11.9098
13.4767
15.0274
16.5606
18.0739
19.5662
21.0352
22.4797
23.8974
25.2869
26.6462
27.9744
29.2696
30.5299
31.7541
32.9409
34.0887
35.196
36.2617
37.2841
38.2623
39.195
40.0814
40.9197
41.7093
42.4496
43.139
43.7769
44.3628
44.8955
45.3748
45.7997
46.1699
46.4847
46.7438
46.9469
47.0936
47.1836
47.2167
47.1928
-52.7048
-52.7005
-52.6634
-52.5976
-52.4967
-52.3636
-52.1938
-51.9882
-51.7436
-51.4602
-51.136
-50.7711
-50.3641
-49.9144
-49.4217
-48.8847
-48.303
-47.6774
-47.0066
-46.2908
-45.5302
-44.725
-43.8751
-42.9816
-42.0433
-41.0622
-40.0382
-38.9722
-37.8653
-36.7177
-35.5306
-34.3054
-33.0428
-31.7439
-30.4105
-29.0433
-27.6441
-26.2143
-24.7554
-23.2687
-21.756
-20.219
-18.6594
-17.0791
-15.4796
-13.8629
-12.2308
-10.5853
-8.92818
-7.26141
-5.58688
-3.90666
-2.22265
-0.536908
1.14861
2.83184
4.51072
6.18338
7.84783
9.50197
11.144
12.772
14.3835
15.977
17.5506
19.1023
20.6301
22.1324
23.6075
25.0529
26.4681
27.8501
29.1979
30.5101
31.7846
33.0203
34.2154
35.3684
36.4778
37.5428
38.5617
39.533
40.4557
41.329
42.1516
42.9221
43.6399
44.3043
44.9142
45.4689
45.9676
46.4099
46.795
47.1224
47.3916
47.6023
47.7542
47.847
47.8805
47.8546
-53.8644
-53.9174
-53.938
-53.9302
-53.8869
-53.8107
-53.6972
-53.5467
-53.3562
-53.1255
-52.8522
-52.5372
-52.1766
-51.7719
-51.3215
-50.8244
-50.2788
-49.6878
-49.0484
-48.3602
-47.6242
-46.8413
-46.0096
-45.1308
-44.204
-43.2314
-42.2126
-41.1477
-40.0392
-38.8864
-37.6908
-36.4543
-35.177
-33.8606
-32.5063
-31.1156
-29.6901
-28.231
-26.7402
-25.2192
-23.6698
-22.0937
-20.4928
-18.869
-17.2242
-15.5602
-13.8791
-12.1829
-10.4736
-8.75323
-7.02381
-5.28753
-3.54653
-1.80286
-0.0587031
1.68386
3.42271
5.15573
6.88073
8.5958
10.2986
11.9873
13.6596
15.3137
16.9474
18.5584
20.1455
21.7062
23.2384
24.7408
26.2113
27.6481
29.0494
30.4138
31.7391
33.024
34.2667
35.4663
36.6206
37.728
38.7878
39.7985
40.7585
41.6668
42.5225
43.3242
44.0711
44.7621
45.3965
45.9733
46.4919
46.9516
47.3518
47.6918
47.9714
48.1899
48.3471
48.4427
48.4764
48.4482
-54.8621
-54.9668
-55.0418
-55.0871
-55.0988
-55.0768
-55.0178
-54.9217
-54.7857
-54.6075
-54.3859
-54.121
-53.8102
-53.4534
-53.0477
-52.5941
-52.0894
-51.5379
-50.9344
-50.2794
-49.5739
-48.8187
-48.0108
-47.1539
-46.2449
-45.287
-44.28
-43.2233
-42.1195
-40.9691
-39.7717
-38.5307
-37.2452
-35.9177
-34.5492
-33.1412
-31.6951
-30.213
-28.6963
-27.1466
-25.566
-23.9561
-22.319
-20.6568
-18.9712
-17.2646
-15.5388
-13.7962
-12.0386
-10.2685
-8.48774
-6.699
-4.90413
-3.10563
-1.30566
0.493587
2.28985
4.08077
5.86425
7.63806
9.39985
11.1476
12.8791
14.592
16.2843
17.9538
19.5986
21.2164
22.8054
24.3634
25.8889
27.379
28.8334
30.2493
31.6248
32.9588
34.2493
35.4942
36.6928
37.8431
38.9439
39.9933
40.9904
41.9338
42.8225
43.6552
44.431
45.1487
45.8072
46.4063
46.9448
47.422
47.8372
48.1899
48.4795
48.7058
48.8682
48.9666
49.0006
48.9701
-55.696
-55.8453
-55.9655
-56.0579
-56.1175
-56.1424
-56.133
-56.0859
-55.9993
-55.8689
-55.6974
-55.4786
-55.2158
-54.9058
-54.5446
-54.1335
-53.6711
-53.1595
-52.5938
-51.9749
-51.302
-50.5782
-49.7976
-48.9668
-48.0812
-47.1425
-46.1525
-45.11
-44.0174
-42.8743
-41.6818
-40.4422
-39.1551
-37.8233
-36.4473
-35.029
-33.57
-32.0712
-30.5354
-28.9639
-27.3588
-25.7218
-24.0554
-22.3613
-20.6416
-18.8985
-17.1345
-15.3514
-13.5515
-11.7375
-9.91128
-8.07549
-6.23217
-4.38405
-2.53333
-0.682255
1.16658
3.01085
4.84833
6.67668
8.49345
10.2963
12.083
13.8513
15.5987
17.3233
19.0226
20.6946
22.3372
23.9484
25.526
27.0683
28.5726
30.0377
31.4616
32.8427
34.1782
35.4675
36.7091
37.9001
39.0404
40.1275
41.1603
42.1376
43.0585
43.9213
44.7248
45.4681
46.1506
46.7712
47.3287
47.8229
48.2527
48.6177
48.9172
49.151
49.3184
49.4193
49.4535
49.4207
-56.3805
-56.5631
-56.7178
-56.8488
-56.9445
-57.0077
-57.0388
-57.0312
-56.9853
-56.8951
-56.7641
-56.5873
-56.3646
-56.0937
-55.774
-55.3999
-54.9761
-54.4999
-53.9693
-53.3847
-52.7436
-52.0501
-51.2983
-50.4921
-49.6319
-48.7137
-47.7429
-46.7177
-45.639
-44.5073
-43.3243
-42.0908
-40.8077
-39.4767
-38.099
-36.6762
-35.2099
-33.702
-32.1537
-30.5668
-28.9448
-27.2883
-25.5997
-23.8811
-22.1348
-20.363
-18.5681
-16.7524
-14.9178
-13.0675
-11.2033
-9.32801
-7.44359
-5.55337
-3.65904
-1.76342
0.130979
2.02176
3.90645
5.78264
7.64763
9.49931
11.3351
13.1525
14.9492
16.723
18.4714
20.1921
21.8831
23.5421
25.1671
26.7557
28.3062
29.8163
31.2842
32.7083
34.0853
35.4158
36.6961
37.9248
39.1012
40.2228
41.2889
42.2977
43.2479
44.1388
44.9677
45.7353
46.4396
47.0798
47.6554
48.1653
48.6086
48.9849
49.2936
49.5342
49.7065
49.8098
49.844
49.8092
-56.9366
-57.1412
-57.3225
-57.4776
-57.5994
-57.6899
-57.75
-57.7692
-57.7538
-57.6926
-57.5905
-57.446
-57.251
-57.011
-56.722
-56.3752
-55.9833
-55.5345
-55.0314
-54.4724
-53.8595
-53.1893
-52.4608
-51.6765
-50.837
-49.9382
-48.9846
-47.9749
-46.9098
-45.7899
-44.6166
-43.3907
-42.1136
-40.7858
-39.4095
-37.9861
-36.517
-35.0039
-33.449
-31.8538
-30.2195
-28.5494
-26.8455
-25.1092
-23.3438
-21.551
-19.733
-17.8926
-16.032
-14.1536
-12.2599
-10.3537
-8.43745
-6.51361
-4.58466
-2.6536
-0.722707
1.20584
3.12864
5.04355
6.94828
8.84004
10.7159
12.574
14.4115
16.226
18.0153
19.777
21.5084
23.2077
24.8725
26.5006
28.0897
29.6379
31.1431
32.6035
34.0162
35.3806
36.6949
37.9561
39.1628
40.3149
41.4094
42.4451
43.4199
44.3353
45.1866
45.9743
46.6981
47.3553
47.9463
48.47
48.9248
49.3112
49.6277
49.8745
50.0507
50.1562
50.1907
50.1538
-57.3887
-57.6059
-57.804
-57.9713
-58.11
-58.2179
-58.2925
-58.3281
-58.3297
-58.2872
-58.2022
-58.0748
-57.8966
-57.677
-57.4025
-57.0747
-56.6999
-56.2693
-55.7818
-55.2391
-54.6428
-53.9868
-53.2732
-52.5036
-51.6755
-50.7895
-49.8468
-48.8465
-47.7905
-46.6781
-45.5113
-44.29
-43.0167
-41.6912
-40.3159
-38.892
-37.4208
-35.9042
-34.3443
-32.7422
-31.1008
-29.4213
-27.7071
-25.9586
-24.1793
-22.372
-20.5378
-18.6797
-16.8005
-14.9019
-12.9876
-11.059
-9.11973
-7.1715
-5.21762
-3.26086
-1.30289
0.652939
2.60355
4.54749
6.48101
8.40234
10.3082
12.1965
14.0643
15.9093
17.7291
19.5213
21.2831
23.0129
24.7076
26.3655
27.9837
29.561
31.0943
32.5823
34.0225
35.4131
36.7526
38.0386
39.2691
40.4437
41.5604
42.6161
43.6109
44.5444
45.4138
46.2167
46.9553
47.6259
48.2291
48.7629
49.2268
49.6209
49.9439
50.1952
50.3747
50.482
50.5166
50.4785
-57.7935
-58.0192
-58.2236
-58.3992
-58.5456
-58.6615
-58.7401
-58.7852
-58.7904
-58.7575
-58.6779
-58.5528
-58.3847
-58.1685
-57.898
-57.5777
-57.2057
-56.7802
-56.2962
-55.7582
-55.1638
-54.511
-53.8005
-53.0324
-52.2056
-51.3211
-50.3788
-49.3783
-48.3216
-47.2079
-46.0394
-44.8151
-43.5388
-42.2094
-40.829
-39.3997
-37.9225
-36.3995
-34.8313
-33.2209
-31.571
-29.8812
-28.1566
-26.3975
-24.6068
-22.7867
-20.9385
-19.0659
-17.1719
-15.2576
-13.3276
-11.3821
-9.42577
-7.45986
-5.48764
-3.51216
-1.53542
0.439938
2.40998
4.37431
6.32762
8.26934
10.1963
12.1048
13.9933
15.8591
17.7
19.5128
21.295
23.0455
24.7602
26.4382
28.0762
29.6729
31.2252
32.7316
34.1901
35.5983
36.9548
38.2574
39.5041
40.6938
41.8251
42.8948
43.9031
44.8484
45.7295
46.5438
47.2908
47.9716
48.5829
49.1233
49.5942
49.9931
50.3207
50.5754
50.7572
50.8658
50.9009
50.8621
-58.2581
-58.4918
-58.701
-58.8821
-59.0329
-59.1513
-59.2322
-59.2799
-59.284
-59.2506
-59.1704
-59.0423
-58.8733
-58.6509
-58.3773
-58.0519
-57.6732
-57.2403
-56.7503
-56.2041
-55.6002
-54.9388
-54.2184
-53.4397
-52.6027
-51.7066
-50.7518
-49.7399
-48.6702
-47.5435
-46.3616
-45.1233
-43.8327
-42.4886
-41.0936
-39.649
-38.1563
-36.618
-35.0336
-33.4069
-31.7406
-30.0337
-28.2914
-26.5135
-24.7051
-22.8673
-21.0028
-19.1134
-17.2017
-15.2701
-13.3222
-11.3591
-9.38467
-7.40098
-5.41103
-3.4176
-1.42332
0.569804
2.55778
4.53984
6.51047
8.46966
10.4139
12.3391
14.2447
16.1272
17.9842
19.8134
21.6115
23.3776
25.1079
26.801
28.4537
30.064
31.6307
33.1508
34.622
36.043
37.4119
38.7259
39.9843
41.1848
42.3261
43.4057
44.4233
45.3773
46.2663
47.0889
47.8425
48.5297
49.1466
49.6923
50.168
50.5707
50.9016
51.159
51.3429
51.453
51.4888
51.4503
0.321344
0.321028
0.320652
0.320253
0.319809
0.319324
0.318781
0.318203
0.317592
0.316919
0.316216
0.315488
0.314712
0.313872
0.312985
0.312058
0.311112
0.310136
0.3091
0.308005
0.306872
0.305714
0.304563
0.303245
0.302099
0.300603
0.299359
0.29798
0.296232
0.295218
0.293286
0.291854
0.29036
0.288658
0.286682
0.285432
0.283421
0.281296
0.280124
0.27766
0.275914
0.273819
0.272316
0.269595
0.267394
0.266337
0.263309
0.260942
0.258879
0.257007
0.254529
0.251817
0.249268
0.246389
0.24548
0.242332
0.238735
0.236332
0.234142
0.232215
0.228921
0.225103
0.222222
0.219603
0.21881
0.21556
0.209168
0.205926
0.205757
0.204017
0.198591
0.194015
0.19129
0.186889
0.185237
0.185229
0.178792
0.169483
0.166739
0.168681
0.167258
0.158482
0.152176
0.148019
0.141523
0.142502
0.142941
0.131863
0.121617
0.11516
0.112647
0.115724
0.111911
0.0953588
0.0802382
0.0834366
0.080074
0.064748
0.0797571
0.0630715
0.321613
0.321268
0.32093
0.32056
0.320072
0.319583
0.319079
0.318528
0.317899
0.317235
0.316519
0.315771
0.314979
0.314163
0.313306
0.312384
0.311456
0.310471
0.309412
0.308355
0.307241
0.306045
0.304869
0.303567
0.302245
0.301165
0.299285
0.298638
0.296314
0.295613
0.293424
0.292383
0.290226
0.289127
0.28692
0.285565
0.283411
0.282026
0.279724
0.277975
0.276216
0.273811
0.271912
0.269934
0.268338
0.264606
0.263799
0.262055
0.258414
0.256486
0.253869
0.252453
0.250075
0.246889
0.244017
0.241302
0.241564
0.236759
0.23267
0.231692
0.228226
0.227708
0.224413
0.218723
0.215128
0.213941
0.215835
0.210052
0.201006
0.199885
0.199985
0.198035
0.192409
0.187768
0.183439
0.176841
0.178268
0.182415
0.171581
0.159184
0.157702
0.158319
0.160341
0.153345
0.142663
0.141679
0.129229
0.123997
0.140867
0.132396
0.106755
0.0981223
0.101551
0.101213
0.0957324
0.0975428
0.0790006
0.0423722
0.0469647
0.0659686
0.322116
0.3218
0.321502
0.321089
0.320602
0.320098
0.319614
0.319023
0.318349
0.317736
0.317064
0.316281
0.31546
0.314654
0.31379
0.312863
0.311875
0.310829
0.309814
0.308762
0.307599
0.30637
0.305058
0.304041
0.302366
0.301444
0.2996
0.298399
0.297106
0.295083
0.294028
0.292114
0.290615
0.288765
0.287333
0.285536
0.283426
0.282093
0.279641
0.278407
0.275299
0.275217
0.27131
0.269773
0.269163
0.26524
0.263574
0.261236
0.260617
0.256119
0.254532
0.25319
0.248886
0.249331
0.244198
0.24153
0.240636
0.237219
0.235801
0.231711
0.229148
0.226318
0.22151
0.223839
0.219271
0.211814
0.208872
0.209402
0.208965
0.201289
0.196677
0.195478
0.188283
0.190005
0.19257
0.18097
0.171418
0.169351
0.172198
0.176466
0.163514
0.151796
0.155065
0.142432
0.143153
0.161558
0.138481
0.116671
0.125282
0.120678
0.119316
0.12442
0.111915
0.0849497
0.0671952
0.0945545
0.103823
0.06709
0.0501568
0.0400433
0.322288
0.322022
0.321621
0.321146
0.320779
0.320307
0.31972
0.319084
0.318469
0.317835
0.317141
0.316381
0.315599
0.314731
0.313811
0.312899
0.311905
0.310892
0.309905
0.30875
0.307575
0.306517
0.305285
0.304168
0.302793
0.30104
0.300697
0.297715
0.298125
0.294861
0.294804
0.292032
0.291594
0.288787
0.288151
0.285758
0.284566
0.282041
0.280885
0.279177
0.27607
0.275827
0.27272
0.271201
0.268025
0.268054
0.264529
0.260952
0.26178
0.256925
0.255779
0.253201
0.249544
0.24862
0.244543
0.245316
0.238645
0.236424
0.236691
0.230186
0.231227
0.227216
0.220058
0.220237
0.21911
0.218502
0.209359
0.205642
0.207773
0.202547
0.200514
0.198532
0.192196
0.186103
0.18133
0.185721
0.188175
0.171363
0.16038
0.167539
0.161606
0.160419
0.168782
0.144322
0.132994
0.146656
0.134204
0.139274
0.147112
0.113469
0.0938653
0.108482
0.130801
0.116854
0.0774482
0.0807411
0.0723544
0.0490252
0.083813
0.092467
0.322838
0.322536
0.322062
0.321651
0.321336
0.320894
0.320256
0.319712
0.319233
0.318499
0.317682
0.316958
0.316246
0.3154
0.314531
0.313679
0.312782
0.311867
0.310802
0.309634
0.308548
0.307532
0.306433
0.304739
0.304252
0.301895
0.302014
0.299246
0.298605
0.296786
0.295672
0.293473
0.292671
0.290407
0.288931
0.286822
0.286081
0.282843
0.282246
0.27906
0.278683
0.27474
0.273789
0.272764
0.267137
0.268471
0.26481
0.262366
0.259841
0.257758
0.255638
0.251754
0.252716
0.246782
0.243729
0.24602
0.239301
0.238018
0.235655
0.230298
0.230745
0.228081
0.226743
0.220939
0.215281
0.217995
0.215753
0.211724
0.204926
0.201138
0.200749
0.195736
0.196753
0.193797
0.180555
0.17488
0.180501
0.179117
0.172559
0.171278
0.154084
0.149667
0.165672
0.150473
0.152261
0.159388
0.117664
0.115436
0.15041
0.141388
0.11581
0.0976638
0.100966
0.0921113
0.0767875
0.104688
0.0962324
0.0496099
0.063317
0.08099
0.324429
0.324055
0.323673
0.323357
0.322889
0.322366
0.321817
0.321316
0.320773
0.320048
0.319296
0.318577
0.317784
0.316965
0.316145
0.315236
0.314303
0.313317
0.312155
0.311066
0.310013
0.30867
0.307549
0.305779
0.305129
0.30368
0.301597
0.301483
0.298091
0.298452
0.295416
0.294671
0.292139
0.291449
0.28883
0.287406
0.285547
0.283411
0.282084
0.278091
0.279716
0.273985
0.273804
0.272099
0.268775
0.26739
0.263981
0.264728
0.25892
0.259571
0.256604
0.251527
0.25486
0.248075
0.246833
0.243906
0.240727
0.241896
0.235772
0.234975
0.232393
0.225536
0.227954
0.225278
0.219853
0.213289
0.210905
0.213812
0.207481
0.204237
0.201239
0.193093
0.190865
0.192148
0.193135
0.183304
0.174033
0.169896
0.1703
0.17916
0.164026
0.160112
0.167458
0.129901
0.143024
0.182742
0.139447
0.116802
0.131668
0.116224
0.110039
0.108974
0.11343
0.0954463
0.0642914
0.0955721
0.109925
0.0954301
0.100996
0.0716361
0.325202
0.324819
0.324542
0.324179
0.323557
0.322987
0.322574
0.321984
0.32118
0.320514
0.319937
0.319198
0.318259
0.317385
0.316516
0.315515
0.314485
0.313391
0.31225
0.311221
0.310114
0.308663
0.307397
0.306505
0.304377
0.304578
0.300454
0.302079
0.29788
0.298555
0.294951
0.295293
0.291851
0.291739
0.289134
0.288178
0.285037
0.28481
0.282314
0.280003
0.279605
0.276059
0.276017
0.271468
0.272626
0.268899
0.265499
0.26682
0.260971
0.261542
0.25809
0.254454
0.253771
0.24882
0.251913
0.243562
0.241873
0.243146
0.234421
0.235869
0.23334
0.226368
0.223219
0.220788
0.224448
0.217541
0.211462
0.210384
0.206719
0.207412
0.203064
0.202042
0.194949
0.183141
0.189752
0.188797
0.185031
0.178417
0.168528
0.170785
0.15373
0.171175
0.190583
0.133175
0.133797
0.16556
0.119359
0.125151
0.142197
0.107632
0.0945697
0.101031
0.12382
0.120916
0.104485
0.122647
0.0906892
0.0866574
0.125797
0.0908724
0.325171
0.324858
0.324593
0.324119
0.323547
0.323073
0.32272
0.322126
0.321294
0.320643
0.320037
0.319267
0.31841
0.317571
0.316685
0.31578
0.314876
0.313856
0.312856
0.311856
0.310675
0.309579
0.30811
0.308034
0.305106
0.305595
0.302557
0.302524
0.3006
0.299691
0.297116
0.297096
0.294518
0.293206
0.291483
0.290542
0.287404
0.287603
0.283761
0.284524
0.27977
0.278815
0.278888
0.272281
0.274382
0.270077
0.267795
0.265934
0.262497
0.261266
0.257137
0.257954
0.252584
0.247556
0.251989
0.243561
0.241743
0.241668
0.234115
0.233597
0.232389
0.231611
0.227391
0.221956
0.221318
0.219746
0.221313
0.212399
0.209526
0.208324
0.196344
0.207496
0.202665
0.187189
0.194689
0.180634
0.175554
0.184279
0.184653
0.180512
0.144468
0.159784
0.186495
0.127306
0.137526
0.162318
0.0975199
0.10716
0.140841
0.128573
0.127591
0.122294
0.126711
0.117495
0.118382
0.139182
0.0998006
0.0971379
0.114017
0.0783892
0.327196
0.326933
0.326606
0.32613
0.325726
0.325295
0.324792
0.324252
0.323705
0.323083
0.32232
0.321545
0.32089
0.320139
0.319245
0.318422
0.317596
0.316606
0.315684
0.314635
0.313339
0.312497
0.310938
0.310345
0.308589
0.306899
0.307227
0.30374
0.304123
0.301192
0.300291
0.298399
0.29743
0.294852
0.293518
0.291541
0.289484
0.288466
0.283517
0.285934
0.279243
0.279493
0.277969
0.273087
0.273276
0.268409
0.269209
0.264158
0.263658
0.261317
0.255463
0.259064
0.252962
0.249156
0.25042
0.243964
0.244575
0.243494
0.23913
0.237873
0.23425
0.231954
0.231542
0.230691
0.220608
0.217682
0.221321
0.210262
0.217785
0.211484
0.191788
0.210581
0.196192
0.181824
0.207442
0.189131
0.168457
0.171458
0.187422
0.192935
0.14234
0.15316
0.174015
0.0998566
0.127985
0.169021
0.12028
0.135045
0.144072
0.129767
0.149863
0.144463
0.139052
0.121792
0.117592
0.12771
0.100688
0.11583
0.113109
0.0833338
0.33024
0.329945
0.329505
0.329095
0.328779
0.328273
0.327528
0.326894
0.326477
0.325859
0.325028
0.324222
0.323523
0.322692
0.321737
0.320804
0.319734
0.318615
0.317576
0.316397
0.315059
0.313944
0.312783
0.310536
0.310937
0.306712
0.308894
0.303483
0.304658
0.300609
0.301272
0.297601
0.297198
0.294559
0.293226
0.290184
0.289459
0.287167
0.283712
0.284739
0.279391
0.280785
0.276169
0.275207
0.274263
0.269027
0.271597
0.265087
0.266258
0.263757
0.258172
0.260537
0.254321
0.255551
0.253514
0.24697
0.249302
0.24554
0.241082
0.240836
0.237224
0.228835
0.227451
0.231706
0.221382
0.223094
0.219753
0.201363
0.223479
0.2126
0.188576
0.221105
0.19469
0.165285
0.204971
0.205211
0.18365
0.16844
0.17413
0.177783
0.126022
0.149434
0.173784
0.115036
0.149934
0.162753
0.134225
0.180483
0.159297
0.130093
0.154878
0.140269
0.133219
0.127043
0.130296
0.125123
0.0977965
0.123848
0.113017
0.0933747
0.330666
0.330331
0.329832
0.329452
0.329105
0.328587
0.32784
0.327102
0.326514
0.325842
0.325065
0.324232
0.323309
0.322354
0.321458
0.320475
0.319247
0.318129
0.317029
0.315768
0.314657
0.313102
0.312775
0.309506
0.310874
0.30641
0.307714
0.303694
0.304443
0.300571
0.301819
0.298006
0.297069
0.295531
0.294303
0.29144
0.291795
0.288088
0.288149
0.285883
0.282553
0.285108
0.27788
0.279333
0.277807
0.27289
0.27452
0.268099
0.269092
0.265666
0.263274
0.263486
0.25458
0.258825
0.25528
0.247082
0.24924
0.244035
0.236886
0.238271
0.239095
0.229618
0.230028
0.229778
0.214986
0.232836
0.225819
0.197277
0.229987
0.207365
0.175101
0.2297
0.208876
0.171813
0.202423
0.194654
0.179171
0.165856
0.161944
0.166282
0.128882
0.16106
0.177292
0.14529
0.194441
0.168279
0.13293
0.187404
0.154824
0.136251
0.15629
0.13142
0.133739
0.127627
0.126765
0.12745
0.116234
0.129977
0.108189
0.113968
0.33046
0.330143
0.329731
0.329349
0.328911
0.32846
0.327939
0.327312
0.326609
0.325945
0.325296
0.324545
0.323614
0.322763
0.322056
0.321165
0.32012
0.319218
0.318239
0.317002
0.316251
0.314608
0.314587
0.312105
0.312088
0.310395
0.308892
0.307621
0.307358
0.304378
0.304662
0.302159
0.300591
0.299826
0.298107
0.296015
0.296199
0.290659
0.293545
0.2884
0.285912
0.287914
0.280359
0.281836
0.278617
0.275081
0.274613
0.269599
0.270273
0.264011
0.264309
0.264085
0.252927
0.256782
0.252756
0.244575
0.24883
0.246003
0.237885
0.240927
0.241742
0.229706
0.239498
0.235626
0.209897
0.237644
0.225124
0.191903
0.238842
0.209681
0.170026
0.232414
0.210356
0.176615
0.2008
0.173686
0.157505
0.158984
0.170788
0.180955
0.158986
0.196769
0.183327
0.150245
0.209288
0.17023
0.139196
0.177931
0.137088
0.143024
0.152154
0.124827
0.145407
0.134618
0.127293
0.131803
0.128356
0.132939
0.113071
0.124397
0.333878
0.333598
0.333302
0.332905
0.332376
0.33192
0.331509
0.331032
0.330376
0.329732
0.329108
0.328437
0.327705
0.327019
0.326298
0.325355
0.324489
0.323676
0.322681
0.321471
0.32064
0.319346
0.318234
0.31786
0.314835
0.316126
0.312061
0.312465
0.310277
0.308697
0.307062
0.305577
0.303888
0.302574
0.299541
0.297997
0.297323
0.291219
0.294287
0.287876
0.286861
0.286171
0.280211
0.281777
0.276511
0.275427
0.273294
0.269995
0.271067
0.262659
0.263363
0.263634
0.254171
0.258571
0.255673
0.247623
0.254118
0.253742
0.242141
0.247441
0.245809
0.224522
0.2441
0.240051
0.207923
0.242781
0.21783
0.180269
0.249918
0.218106
0.172602
0.231045
0.188623
0.154284
0.193989
0.175991
0.171555
0.179273
0.193278
0.199883
0.179488
0.213566
0.186264
0.152407
0.192979
0.151246
0.153404
0.172577
0.123809
0.159207
0.153912
0.124317
0.156184
0.142031
0.137243
0.137793
0.132725
0.135857
0.117831
0.127667
0.338411
0.338107
0.337831
0.337419
0.33685
0.336283
0.335752
0.335253
0.334617
0.333861
0.333062
0.332299
0.331614
0.330814
0.329775
0.328631
0.327712
0.326741
0.325445
0.324275
0.322817
0.322144
0.319195
0.320494
0.315337
0.317699
0.312292
0.313511
0.30936
0.309653
0.306714
0.304968
0.303586
0.301452
0.29809
0.297451
0.295529
0.291503
0.293286
0.286666
0.288551
0.285211
0.281077
0.283888
0.277923
0.278495
0.274935
0.272287
0.273998
0.266332
0.267542
0.267691
0.259514
0.265906
0.264055
0.252201
0.257905
0.256278
0.238736
0.249419
0.247954
0.221382
0.24641
0.232988
0.199759
0.253514
0.221347
0.176456
0.253985
0.210191
0.160796
0.22099
0.18004
0.160603
0.203095
0.192918
0.210063
0.207421
0.204071
0.205709
0.177223
0.197528
0.175394
0.16312
0.181485
0.13631
0.168995
0.169091
0.12916
0.177203
0.1515
0.139995
0.166451
0.136014
0.146342
0.143896
0.131024
0.133986
0.126126
0.132178
0.339176
0.33881
0.338488
0.338078
0.337548
0.336908
0.336267
0.335693
0.335051
0.33419
0.333267
0.332404
0.331599
0.330581
0.329342
0.328222
0.327256
0.326154
0.324623
0.323708
0.321749
0.321725
0.318029
0.319608
0.31465
0.316433
0.311597
0.313661
0.308485
0.310096
0.307079
0.304866
0.304508
0.302242
0.299906
0.300577
0.296707
0.296078
0.296445
0.289579
0.294112
0.289463
0.286225
0.288762
0.28233
0.283466
0.279314
0.276884
0.278261
0.271521
0.273846
0.272915
0.261752
0.267034
0.265537
0.249618
0.255076
0.254157
0.233364
0.250688
0.248576
0.219216
0.25349
0.231773
0.190572
0.263875
0.231275
0.173269
0.242682
0.195876
0.156976
0.22298
0.196152
0.204869
0.230204
0.197275
0.221941
0.20999
0.193273
0.197616
0.17569
0.182969
0.161192
0.173015
0.182992
0.144917
0.184229
0.167267
0.148963
0.185027
0.144432
0.157717
0.164143
0.130442
0.154184
0.139926
0.131927
0.139885
0.130607
0.132666
0.338683
0.338292
0.337931
0.33753
0.337086
0.33651
0.335949
0.335389
0.334777
0.334002
0.333231
0.332498
0.331701
0.330732
0.329706
0.328899
0.32801
0.326969
0.325597
0.325031
0.323306
0.323395
0.320794
0.320989
0.318571
0.318819
0.315407
0.31783
0.312581
0.314323
0.311841
0.309727
0.310248
0.307444
0.305773
0.307217
0.300881
0.302516
0.302075
0.294564
0.299062
0.293288
0.290315
0.29154
0.284761
0.285985
0.281726
0.279573
0.27982
0.271358
0.27343
0.272645
0.258482
0.261901
0.26226
0.245814
0.256813
0.259062
0.234872
0.257622
0.249934
0.212916
0.263169
0.243839
0.189647
0.259627
0.223929
0.169008
0.234949
0.198886
0.191953
0.246571
0.201053
0.231959
0.241383
0.185027
0.212629
0.196773
0.179286
0.189349
0.177605
0.18761
0.169526
0.183709
0.185718
0.165494
0.195304
0.162257
0.166393
0.182167
0.138027
0.166887
0.153915
0.134216
0.159854
0.135012
0.141966
0.145527
0.131956
0.138832
0.342653
0.342283
0.341894
0.341479
0.341086
0.340615
0.340176
0.33962
0.338994
0.338382
0.337825
0.337241
0.336496
0.335706
0.334976
0.334353
0.333459
0.332422
0.331408
0.33075
0.329685
0.328656
0.328156
0.325823
0.325969
0.324431
0.322014
0.323153
0.318714
0.319553
0.317004
0.315039
0.315246
0.311212
0.309229
0.310596
0.302941
0.30461
0.303012
0.295932
0.299033
0.292345
0.290412
0.291019
0.284462
0.2855
0.280791
0.278789
0.279031
0.268972
0.270041
0.271729
0.258955
0.264357
0.268294
0.25021
0.265164
0.268514
0.236229
0.261943
0.255744
0.209389
0.263358
0.249876
0.192225
0.245337
0.212298
0.185346
0.251532
0.210204
0.229862
0.264458
0.187218
0.223587
0.227078
0.176662
0.209251
0.187271
0.18463
0.198541
0.181567
0.198785
0.189823
0.193857
0.18534
0.178367
0.192864
0.156946
0.175235
0.168914
0.14195
0.175152
0.143734
0.148924
0.164403
0.13355
0.154272
0.145653
0.135807
0.144285
0.349318
0.348961
0.348531
0.34807
0.347659
0.347212
0.346737
0.346056
0.345306
0.344717
0.344125
0.343393
0.342472
0.341633
0.340883
0.340032
0.338923
0.337614
0.33681
0.335337
0.334886
0.331937
0.333022
0.328497
0.329836
0.326383
0.325001
0.323612
0.320668
0.320811
0.31726
0.315498
0.314755
0.310263
0.308461
0.308964
0.302151
0.303728
0.300318
0.29527
0.298449
0.291558
0.291096
0.291893
0.285674
0.286751
0.281877
0.279738
0.281838
0.272934
0.274336
0.278751
0.266084
0.273754
0.280504
0.255153
0.266617
0.271013
0.232642
0.259135
0.261026
0.21454
0.254907
0.237633
0.197729
0.250716
0.215535
0.218048
0.277389
0.204865
0.231399
0.258859
0.179619
0.217623
0.208173
0.181385
0.222705
0.18738
0.201199
0.216314
0.18924
0.204394
0.19525
0.194821
0.183239
0.178593
0.182318
0.160289
0.179259
0.159525
0.159041
0.177066
0.14328
0.168376
0.15799
0.140576
0.164277
0.138237
0.143358
0.147112
0.352018
0.351658
0.3512
0.350714
0.350258
0.349768
0.349146
0.348331
0.347472
0.346792
0.346006
0.345005
0.343865
0.342857
0.341896
0.340675
0.339416
0.3378
0.337139
0.334779
0.334843
0.330696
0.332453
0.327129
0.328953
0.324048
0.324812
0.32133
0.31985
0.319967
0.31548
0.314848
0.313675
0.310017
0.309814
0.308819
0.303614
0.306771
0.302006
0.298829
0.303147
0.296198
0.29608
0.296942
0.290695
0.292009
0.287951
0.285689
0.2892
0.281126
0.282587
0.288424
0.270872
0.273907
0.283166
0.253401
0.257423
0.267115
0.234437
0.255917
0.257479
0.222164
0.254434
0.22784
0.213037
0.277304
0.225025
0.232899
0.281798
0.195595
0.22199
0.23827
0.185334
0.234605
0.201554
0.195856
0.240943
0.191505
0.212544
0.218748
0.191378
0.205967
0.186616
0.188427
0.184274
0.17813
0.177984
0.17156
0.183547
0.163201
0.175206
0.172995
0.153229
0.175725
0.149632
0.154318
0.160901
0.135976
0.154506
0.142307
0.350739
0.350401
0.349971
0.349516
0.349031
0.348512
0.347823
0.347059
0.34629
0.345597
0.344761
0.343769
0.34274
0.341782
0.340795
0.339508
0.338477
0.336938
0.336556
0.334067
0.334537
0.330789
0.332425
0.327832
0.330226
0.324563
0.327904
0.323372
0.322874
0.323294
0.318543
0.319765
0.318344
0.315107
0.316902
0.314291
0.3096
0.314438
0.308991
0.305726
0.310308
0.302828
0.301522
0.302273
0.296022
0.29726
0.293869
0.29086
0.29431
0.283838
0.281762
0.289621
0.268946
0.262956
0.275384
0.253591
0.254834
0.264919
0.244801
0.262909
0.249351
0.227052
0.273356
0.237109
0.229051
0.293235
0.224632
0.227425
0.265782
0.197885
0.233904
0.22431
0.194426
0.256852
0.204575
0.210271
0.243811
0.191947
0.219039
0.203828
0.187799
0.209211
0.179749
0.189422
0.190569
0.183377
0.185383
0.182064
0.185172
0.172139
0.181672
0.167213
0.164239
0.172922
0.147546
0.164968
0.153552
0.143664
0.159797
0.13917
0.352479
0.352191
0.351826
0.35142
0.350923
0.350427
0.349824
0.349266
0.348719
0.34808
0.347347
0.346611
0.345945
0.345201
0.344381
0.343323
0.342685
0.341539
0.341232
0.339432
0.339559
0.337404
0.337899
0.33456
0.337409
0.331178
0.335804
0.330466
0.33038
0.330875
0.325785
0.328177
0.325969
0.321409
0.324248
0.320441
0.314712
0.319911
0.313999
0.309051
0.312904
0.305354
0.302787
0.303632
0.297604
0.298224
0.294399
0.289257
0.292945
0.281323
0.273078
0.283746
0.270541
0.259808
0.270866
0.263776
0.268674
0.266567
0.251696
0.277392
0.251288
0.231462
0.291645
0.250968
0.23299
0.283384
0.221117
0.23042
0.249366
0.203517
0.258726
0.22436
0.203623
0.262779
0.204606
0.220723
0.229215
0.188936
0.226572
0.191723
0.192465
0.213255
0.183552
0.202424
0.193949
0.190141
0.1947
0.183985
0.183925
0.177904
0.179375
0.165387
0.17257
0.166328
0.154933
0.171115
0.149217
0.158062
0.158324
0.140442
0.360021
0.359762
0.359434
0.359032
0.358505
0.358031
0.357534
0.357096
0.356629
0.355923
0.355185
0.354556
0.354043
0.353303
0.352481
0.351544
0.350864
0.350008
0.349035
0.348148
0.346768
0.346179
0.344949
0.342303
0.344736
0.337917
0.341966
0.335967
0.335861
0.335806
0.329871
0.332038
0.32915
0.322684
0.325606
0.321988
0.314978
0.319327
0.313637
0.30748
0.310913
0.30459
0.301765
0.303127
0.297159
0.297219
0.29364
0.285963
0.290885
0.284546
0.272467
0.281496
0.281322
0.275226
0.275992
0.273307
0.286902
0.269974
0.24838
0.288811
0.264845
0.235638
0.289633
0.25181
0.233997
0.266926
0.219688
0.250586
0.246281
0.206177
0.271369
0.226854
0.215403
0.253048
0.199563
0.232622
0.215037
0.19216
0.234094
0.192487
0.208429
0.213333
0.191344
0.213813
0.191114
0.1939
0.195295
0.181855
0.18453
0.178993
0.177247
0.171662
0.175975
0.164998
0.168684
0.168448
0.153797
0.169285
0.151152
0.152187
0.367452
0.367164
0.366803
0.366355
0.365775
0.365239
0.364705
0.364157
0.36353
0.362632
0.361737
0.360915
0.360156
0.359114
0.357996
0.356937
0.355637
0.354868
0.352659
0.352574
0.349304
0.349676
0.346955
0.344603
0.345535
0.339315
0.341981
0.335713
0.335879
0.335139
0.328698
0.330092
0.327719
0.321051
0.323687
0.321293
0.31416
0.31769
0.313349
0.307657
0.311626
0.307005
0.304095
0.306214
0.300125
0.299467
0.298684
0.289872
0.293559
0.295739
0.286094
0.286064
0.29048
0.294665
0.283591
0.270247
0.293191
0.276158
0.242971
0.287023
0.274676
0.241679
0.275352
0.243694
0.245592
0.263338
0.22034
0.26896
0.251188
0.213811
0.267501
0.223093
0.231153
0.242256
0.198904
0.24522
0.212007
0.206721
0.235378
0.196825
0.224334
0.206915
0.196364
0.215224
0.186161
0.197878
0.191172
0.182695
0.189644
0.179929
0.180961
0.17977
0.176668
0.170994
0.174923
0.165112
0.164308
0.166304
0.150825
0.162087
0.369082
0.36873
0.368297
0.367807
0.367207
0.366563
0.365899
0.365153
0.364337
0.363352
0.362382
0.36136
0.360293
0.359029
0.357674
0.356627
0.354692
0.354185
0.351056
0.351773
0.34746
0.348475
0.345017
0.343676
0.342569
0.338423
0.34059
0.334556
0.335546
0.334468
0.328946
0.330144
0.328943
0.323813
0.325871
0.324444
0.31842
0.321792
0.31907
0.314033
0.318416
0.314805
0.31047
0.313121
0.307674
0.304858
0.307493
0.300664
0.298272
0.303237
0.301467
0.291743
0.28701
0.300276
0.287724
0.259404
0.286186
0.284169
0.247576
0.277649
0.27116
0.252282
0.271992
0.239492
0.2624
0.271372
0.22475
0.272534
0.252794
0.229206
0.261593
0.217712
0.246048
0.238703
0.207229
0.250785
0.212837
0.224199
0.228433
0.19916
0.230376
0.198383
0.203624
0.209123
0.186576
0.206181
0.187978
0.191167
0.194394
0.181981
0.18858
0.181835
0.178348
0.176827
0.173367
0.166564
0.169374
0.162678
0.158604
0.163237
0.367922
0.367523
0.367047
0.366565
0.366034
0.365379
0.364682
0.363897
0.363092
0.362258
0.361433
0.360475
0.359405
0.358342
0.357118
0.356469
0.354411
0.354477
0.351294
0.352718
0.348565
0.350077
0.346315
0.347198
0.344235
0.342445
0.344834
0.339166
0.341112
0.339567
0.335793
0.337203
0.336134
0.332571
0.333898
0.332343
0.327051
0.330181
0.32835
0.322302
0.325831
0.323122
0.315988
0.317986
0.315054
0.308896
0.311105
0.309233
0.300489
0.298856
0.30536
0.295433
0.276416
0.291519
0.291529
0.258132
0.277795
0.288691
0.263247
0.2764
0.263638
0.264466
0.283014
0.244004
0.271841
0.277885
0.23546
0.270118
0.246019
0.244362
0.261334
0.217548
0.254918
0.236552
0.220524
0.247722
0.210407
0.235436
0.218965
0.204945
0.227896
0.196364
0.215323
0.203494
0.196682
0.210812
0.189229
0.202153
0.192424
0.187455
0.191542
0.179726
0.182055
0.177513
0.172932
0.171075
0.170631
0.163841
0.166516
0.162012
0.371378
0.37096
0.370498
0.370072
0.369669
0.369121
0.36853
0.367881
0.367239
0.366647
0.366025
0.365281
0.364405
0.363748
0.362801
0.362579
0.360755
0.361197
0.358604
0.359912
0.356535
0.358168
0.353658
0.357033
0.352587
0.352073
0.354122
0.348227
0.350868
0.348239
0.345533
0.346687
0.344034
0.340697
0.341343
0.339163
0.333298
0.335355
0.334248
0.325966
0.326996
0.326643
0.31747
0.316663
0.317784
0.310009
0.306845
0.310339
0.302496
0.290381
0.299331
0.299944
0.274673
0.283438
0.297711
0.273787
0.28008
0.286979
0.277982
0.288572
0.263723
0.272229
0.29375
0.252534
0.272894
0.274007
0.247952
0.271566
0.238334
0.253062
0.260221
0.22442
0.256572
0.231182
0.233847
0.241116
0.211238
0.239757
0.214474
0.217689
0.223918
0.202885
0.224465
0.202774
0.208807
0.208627
0.19416
0.205743
0.189312
0.193047
0.189058
0.18132
0.184886
0.1776
0.176818
0.175689
0.171235
0.168658
0.169819
0.160652
0.380841
0.380417
0.379993
0.379603
0.379258
0.37878
0.378253
0.377686
0.377098
0.376571
0.375958
0.375268
0.374403
0.373857
0.372883
0.372553
0.370922
0.370877
0.369051
0.369102
0.366226
0.367678
0.361726
0.366544
0.3607
0.360333
0.361174
0.35447
0.357422
0.353166
0.350367
0.35123
0.346744
0.342496
0.342666
0.340743
0.333918
0.334007
0.33476
0.325545
0.322958
0.326388
0.318749
0.31309
0.317505
0.312879
0.302913
0.307736
0.30882
0.291484
0.294851
0.307555
0.288473
0.286728
0.301962
0.292745
0.293138
0.284493
0.282538
0.301398
0.271165
0.273868
0.292731
0.260307
0.273444
0.263583
0.254718
0.274475
0.238413
0.256402
0.255449
0.234839
0.255851
0.228092
0.243289
0.237841
0.220645
0.241009
0.216582
0.230879
0.221621
0.212839
0.225999
0.203802
0.216363
0.203368
0.19939
0.204231
0.188845
0.197931
0.187631
0.186662
0.187504
0.179287
0.182384
0.177456
0.173424
0.173432
0.167694
0.16484
0.389904
0.389475
0.389061
0.388618
0.38817
0.387602
0.38697
0.386295
0.385542
0.384828
0.383987
0.383109
0.381993
0.381137
0.379823
0.378792
0.377322
0.375983
0.374901
0.373256
0.370458
0.371958
0.364577
0.369668
0.362485
0.362154
0.361855
0.354504
0.358013
0.352502
0.348928
0.350228
0.345634
0.340853
0.340623
0.340464
0.33398
0.331378
0.33497
0.328161
0.321445
0.327308
0.325112
0.314615
0.318134
0.320849
0.307962
0.308015
0.318553
0.305268
0.298567
0.313055
0.306345
0.298963
0.301486
0.299338
0.305832
0.286367
0.27948
0.303024
0.277956
0.274358
0.283462
0.263927
0.277986
0.258312
0.257012
0.274721
0.245557
0.260885
0.251107
0.245095
0.257515
0.23158
0.250015
0.237392
0.233361
0.241064
0.221071
0.237612
0.219336
0.221491
0.220829
0.206712
0.218362
0.199771
0.207172
0.200643
0.194724
0.201501
0.187963
0.194947
0.186907
0.183981
0.185282
0.176608
0.178251
0.173011
0.168878
0.169036
0.39284
0.392415
0.391984
0.391435
0.390814
0.3901
0.389313
0.388486
0.38754
0.386588
0.385505
0.384439
0.383132
0.381939
0.380477
0.378674
0.377753
0.375043
0.374845
0.372116
0.369424
0.371516
0.36351
0.368602
0.360611
0.361083
0.360589
0.353098
0.357639
0.352286
0.348066
0.350144
0.34724
0.343201
0.342161
0.344123
0.339878
0.334037
0.339084
0.33771
0.327192
0.331007
0.335707
0.323769
0.321313
0.33058
0.321095
0.312417
0.324
0.320217
0.307648
0.312623
0.313651
0.310425
0.299925
0.293253
0.308999
0.292123
0.27762
0.295488
0.280341
0.279378
0.277703
0.265579
0.284076
0.262611
0.26234
0.272643
0.254429
0.268128
0.250884
0.254215
0.25852
0.240186
0.254004
0.23678
0.242806
0.237943
0.22663
0.236408
0.218308
0.227087
0.215682
0.213698
0.216354
0.20379
0.212743
0.199851
0.204372
0.20001
0.193975
0.197587
0.186287
0.189898
0.182665
0.180073
0.179639
0.173201
0.173475
0.169605
0.391877
0.391473
0.391038
0.390441
0.389756
0.389037
0.388252
0.387435
0.386493
0.385492
0.384388
0.383366
0.382209
0.380976
0.379922
0.377705
0.377868
0.374369
0.37517
0.372322
0.369886
0.372655
0.365358
0.370476
0.362493
0.364348
0.364484
0.356869
0.362196
0.358306
0.353953
0.355977
0.354855
0.352505
0.349559
0.351851
0.351196
0.342255
0.345036
0.349808
0.33804
0.334933
0.344172
0.335771
0.325029
0.334161
0.332619
0.318192
0.321832
0.325478
0.316385
0.309824
0.308531
0.314583
0.302553
0.287246
0.304257
0.297684
0.283755
0.290869
0.281124
0.288407
0.281069
0.269841
0.287501
0.271252
0.272157
0.271545
0.261564
0.272969
0.254665
0.259943
0.256478
0.247906
0.253761
0.23762
0.245616
0.234797
0.23244
0.232814
0.221833
0.229424
0.216591
0.221264
0.21575
0.211745
0.214194
0.203637
0.208639
0.199381
0.199391
0.19561
0.189577
0.190724
0.183242
0.184013
0.179591
0.176874
0.175574
0.171267
0.394137
0.393771
0.393366
0.39282
0.392221
0.391655
0.391031
0.390375
0.389626
0.388788
0.387882
0.387069
0.386286
0.385173
0.384856
0.382463
0.383778
0.380057
0.381597
0.379207
0.377073
0.379183
0.373307
0.37865
0.370957
0.373734
0.374602
0.366611
0.371457
0.368823
0.364784
0.365568
0.364458
0.363858
0.358485
0.358317
0.36151
0.351377
0.347967
0.356621
0.347844
0.336144
0.344412
0.343613
0.328101
0.330264
0.336042
0.324343
0.317728
0.32116
0.321455
0.311719
0.302238
0.313478
0.310205
0.291784
0.301124
0.300927
0.29554
0.295619
0.28436
0.296131
0.289336
0.27795
0.287944
0.276606
0.280607
0.272665
0.26578
0.273015
0.25837
0.2627
0.25373
0.251613
0.252113
0.240472
0.246397
0.235048
0.238169
0.232755
0.228486
0.231285
0.221205
0.226621
0.216784
0.218142
0.213778
0.207499
0.209387
0.19957
0.202507
0.194877
0.193178
0.191542
0.185688
0.187171
0.180928
0.180002
0.177128
0.172607
0.403037
0.402707
0.402334
0.401851
0.401341
0.400898
0.400385
0.399825
0.399229
0.398548
0.397831
0.397102
0.396553
0.395324
0.395527
0.392832
0.394674
0.390928
0.392437
0.390285
0.388753
0.388806
0.383849
0.389181
0.381168
0.383605
0.384831
0.376602
0.379734
0.377139
0.373722
0.372777
0.369678
0.370672
0.364142
0.359393
0.365389
0.357423
0.346608
0.354686
0.353228
0.336709
0.338892
0.345958
0.333218
0.326118
0.333118
0.330659
0.320147
0.31706
0.324367
0.320755
0.305112
0.312801
0.318384
0.305453
0.305746
0.302934
0.305309
0.30469
0.290189
0.299208
0.294538
0.286384
0.287746
0.277372
0.283522
0.273737
0.268904
0.270214
0.26079
0.264608
0.253525
0.255174
0.251321
0.246275
0.248235
0.23895
0.243623
0.234877
0.235973
0.231882
0.226884
0.227996
0.218364
0.221555
0.212084
0.212339
0.207606
0.202825
0.204138
0.195633
0.198519
0.191212
0.19074
0.188343
0.182624
0.183314
0.176308
0.175974
0.414626
0.414299
0.413909
0.413414
0.412868
0.412366
0.411772
0.411102
0.410436
0.409709
0.408974
0.408044
0.40742
0.405727
0.405959
0.402799
0.404169
0.400481
0.401189
0.398536
0.398293
0.396073
0.391139
0.395933
0.387221
0.388376
0.389275
0.381314
0.382977
0.379481
0.376913
0.375207
0.369287
0.37153
0.36661
0.357005
0.363329
0.361372
0.346008
0.349412
0.35638
0.342275
0.335865
0.345731
0.341728
0.329646
0.331375
0.337347
0.331251
0.320636
0.326851
0.331947
0.317394
0.316417
0.322177
0.317687
0.315041
0.305423
0.308773
0.310163
0.296125
0.298908
0.294041
0.291235
0.288304
0.278008
0.282659
0.274724
0.272726
0.269213
0.264306
0.266512
0.257991
0.259766
0.253533
0.253058
0.250451
0.245323
0.24608
0.238332
0.239748
0.232067
0.231174
0.226452
0.221874
0.221043
0.213863
0.215193
0.207772
0.208303
0.203587
0.200927
0.199695
0.193476
0.19437
0.187439
0.187071
0.182397
0.178691
0.17754
0.422453
0.422099
0.42165
0.42108
0.420411
0.419733
0.418946
0.418052
0.41716
0.416212
0.415294
0.41401
0.413181
0.410991
0.410944
0.407698
0.407939
0.404523
0.404455
0.400376
0.401776
0.398254
0.393131
0.397499
0.388739
0.388801
0.38895
0.381823
0.383308
0.378766
0.377003
0.376404
0.368116
0.370748
0.370206
0.357682
0.36127
0.366948
0.352667
0.348514
0.359801
0.353684
0.340964
0.346743
0.351923
0.342138
0.335587
0.342445
0.344329
0.331156
0.329843
0.338162
0.330034
0.323222
0.32185
0.321561
0.321762
0.308787
0.308076
0.309862
0.30041
0.299204
0.292196
0.292762
0.290108
0.281796
0.283234
0.277248
0.277705
0.272428
0.269532
0.269423
0.263966
0.264439
0.257632
0.257642
0.252668
0.249716
0.246847
0.241084
0.240313
0.23335
0.232955
0.226837
0.225109
0.221502
0.217814
0.216809
0.21142
0.211186
0.205549
0.204452
0.200063
0.196984
0.194241
0.189663
0.188275
0.183338
0.181702
0.177684
0.424709
0.424323
0.423823
0.423209
0.422474
0.42168
0.420789
0.419781
0.418738
0.417612
0.41656
0.415052
0.414164
0.411878
0.411485
0.40893
0.408073
0.405227
0.405087
0.399329
0.402305
0.398762
0.39374
0.39806
0.390075
0.390194
0.389831
0.383693
0.386131
0.380942
0.379344
0.381421
0.372155
0.37332
0.378189
0.366125
0.363881
0.374511
0.366076
0.354551
0.363353
0.366593
0.353673
0.350774
0.358927
0.356007
0.344082
0.344699
0.351632
0.34199
0.333263
0.337341
0.335455
0.329722
0.321511
0.319526
0.323149
0.312621
0.308464
0.307932
0.303523
0.302448
0.294241
0.294903
0.293059
0.288401
0.287195
0.281924
0.28298
0.277507
0.275596
0.272239
0.26875
0.267238
0.260963
0.260074
0.253636
0.252268
0.246896
0.24363
0.240691
0.235689
0.234967
0.228947
0.228836
0.223323
0.222048
0.218472
0.21483
0.213165
0.20741
0.206588
0.200768
0.199143
0.194961
0.191617
0.189566
0.185126
0.183623
0.179162
0.425654
0.425248
0.424734
0.424156
0.423469
0.4227
0.421882
0.420981
0.420004
0.418898
0.417906
0.416438
0.415673
0.413811
0.413031
0.411776
0.410163
0.407925
0.408836
0.401976
0.405947
0.403034
0.398392
0.402658
0.395514
0.396555
0.396036
0.390394
0.394248
0.388936
0.38618
0.391201
0.382511
0.379803
0.388362
0.379735
0.370493
0.380247
0.380079
0.365509
0.366413
0.374793
0.366919
0.356188
0.359975
0.363775
0.352805
0.345274
0.351015
0.34778
0.337628
0.334665
0.334317
0.333747
0.324501
0.318791
0.322451
0.316973
0.312992
0.309432
0.307336
0.307768
0.30082
0.299738
0.297055
0.29501
0.292327
0.28744
0.286659
0.281768
0.279786
0.274447
0.271613
0.267896
0.263589
0.260709
0.25538
0.253713
0.248282
0.246845
0.242078
0.239999
0.236685
0.233185
0.23138
0.226251
0.22528
0.219422
0.218193
0.213115
0.210331
0.207131
0.202438
0.201186
0.195534
0.194717
0.189926
0.187817
0.184924
0.180625
0.430773
0.430354
0.429847
0.429331
0.42874
0.428055
0.42738
0.426688
0.425911
0.424966
0.424147
0.422887
0.422203
0.421027
0.419622
0.419714
0.41767
0.415612
0.418022
0.41069
0.414881
0.4125
0.408336
0.41219
0.405313
0.407131
0.406545
0.400222
0.404971
0.400166
0.394785
0.401289
0.394719
0.386715
0.395084
0.392224
0.378295
0.382146
0.388645
0.376649
0.368348
0.375108
0.374686
0.362142
0.358138
0.364033
0.358792
0.347402
0.347845
0.34897
0.343161
0.336202
0.333168
0.336291
0.3309
0.323714
0.324344
0.322032
0.320424
0.315319
0.312557
0.312913
0.308169
0.30577
0.301304
0.299489
0.296073
0.291576
0.288679
0.284025
0.281686
0.276289
0.2734
0.268914
0.265798
0.26221
0.258356
0.255827
0.251745
0.249861
0.245523
0.243548
0.239247
0.236791
0.232885
0.229518
0.226148
0.221779
0.219247
0.214381
0.212546
0.207702
0.2057
0.201631
0.198633
0.195894
0.191586
0.189955
0.185079
0.183241
0.441236
0.440797
0.440279
0.439783
0.439239
0.438579
0.437943
0.437341
0.436674
0.435831
0.435087
0.433997
0.433114
0.432571
0.430164
0.431103
0.428862
0.426352
0.429787
0.4223
0.425987
0.423358
0.419599
0.422875
0.415422
0.417323
0.416838
0.408733
0.413199
0.40978
0.400997
0.406777
0.403894
0.391649
0.396295
0.399653
0.385873
0.381342
0.389456
0.384229
0.371134
0.371817
0.376797
0.368536
0.358679
0.361693
0.362636
0.353539
0.348823
0.349693
0.34943
0.343527
0.337122
0.339576
0.338213
0.332664
0.329973
0.327372
0.327293
0.322425
0.318254
0.31644
0.312952
0.310179
0.304744
0.301971
0.297875
0.294228
0.290057
0.285835
0.282956
0.278496
0.275864
0.271327
0.269043
0.265022
0.262345
0.258953
0.255647
0.252952
0.248786
0.246281
0.241545
0.238992
0.234409
0.231478
0.227363
0.223825
0.220449
0.216618
0.213982
0.209995
0.207569
0.20345
0.200847
0.196849
0.193862
0.190342
0.186875
0.184024
0.453262
0.452787
0.452227
0.451696
0.451128
0.450399
0.449644
0.448921
0.448155
0.447228
0.44634
0.445287
0.443887
0.443852
0.440259
0.441336
0.439063
0.435611
0.439324
0.431681
0.43458
0.430994
0.42742
0.430422
0.421954
0.423215
0.423451
0.413427
0.416576
0.415601
0.404296
0.407507
0.409172
0.396188
0.394705
0.401907
0.39279
0.381724
0.386677
0.389017
0.37772
0.37154
0.376878
0.375553
0.365177
0.363049
0.366327
0.36257
0.356122
0.353502
0.35547
0.353135
0.345667
0.344558
0.343976
0.340913
0.336677
0.332126
0.331366
0.327422
0.322873
0.318741
0.315151
0.312272
0.307357
0.303835
0.299536
0.29652
0.292359
0.288794
0.285324
0.281987
0.27909
0.275371
0.272725
0.268752
0.266168
0.26196
0.259185
0.255043
0.251726
0.247812
0.243745
0.240478
0.235999
0.233417
0.228773
0.226308
0.221989
0.219221
0.215682
0.212215
0.209286
0.205113
0.202439
0.198108
0.1953
0.191353
0.188231
0.184869
0.462225
0.461703
0.46109
0.460497
0.459872
0.459048
0.45812
0.457172
0.456179
0.45506
0.453885
0.452822
0.45076
0.451235
0.446726
0.447388
0.445201
0.440804
0.444269
0.43666
0.439126
0.434512
0.430846
0.434214
0.425151
0.425221
0.427064
0.416296
0.417284
0.41953
0.408095
0.407314
0.41282
0.402611
0.395043
0.402044
0.400318
0.387902
0.386913
0.393136
0.387754
0.3779
0.379367
0.382853
0.376153
0.369968
0.371019
0.371311
0.366531
0.360416
0.360438
0.360496
0.354491
0.350204
0.347526
0.345584
0.341611
0.33587
0.333273
0.329827
0.326059
0.321117
0.317059
0.313905
0.310059
0.306626
0.302539
0.299743
0.296045
0.292965
0.289229
0.286141
0.28286
0.279501
0.276182
0.272308
0.268891
0.264686
0.261316
0.257042
0.25374
0.249392
0.246027
0.241866
0.238563
0.234953
0.231425
0.228279
0.224248
0.22153
0.217171
0.214533
0.210162
0.207113
0.203292
0.199628
0.196534
0.192355
0.189722
0.18562
0.467007
0.466446
0.465796
0.46515
0.464479
0.463617
0.462607
0.461511
0.460348
0.459111
0.457689
0.456735
0.454041
0.455101
0.450356
0.45057
0.4488
0.443903
0.446708
0.439407
0.442097
0.43698
0.432955
0.437421
0.428619
0.427099
0.431175
0.421224
0.419428
0.424591
0.415296
0.410094
0.416841
0.412105
0.40118
0.404554
0.408982
0.399789
0.392864
0.397694
0.398543
0.389485
0.385523
0.389008
0.386867
0.379811
0.376549
0.377138
0.375092
0.36795
0.364344
0.363922
0.360128
0.35509
0.35008
0.347588
0.344457
0.339216
0.335275
0.331708
0.32884
0.324537
0.320559
0.316997
0.313865
0.310676
0.307026
0.303936
0.300425
0.29739
0.293448
0.290158
0.286222
0.282865
0.278893
0.275081
0.271034
0.266888
0.263136
0.259034
0.255667
0.251592
0.248278
0.244214
0.24098
0.237158
0.233949
0.230156
0.226676
0.222917
0.2192
0.215688
0.211681
0.208477
0.204294
0.201363
0.19725
0.194175
0.190455
0.186973
0.470498
0.469926
0.469272
0.468596
0.467909
0.467087
0.466129
0.465045
0.463869
0.462688
0.461171
0.460534
0.457319
0.458877
0.454619
0.454655
0.453607
0.449003
0.451004
0.443954
0.447297
0.442417
0.437677
0.443384
0.435695
0.432174
0.438058
0.430215
0.425301
0.431507
0.426121
0.417391
0.42252
0.423678
0.413088
0.410606
0.41666
0.412901
0.403138
0.403053
0.406719
0.40115
0.393546
0.393409
0.393709
0.388481
0.382043
0.380072
0.379563
0.373879
0.368021
0.365385
0.362798
0.358947
0.353334
0.349783
0.347018
0.343125
0.339033
0.335178
0.332498
0.329088
0.325588
0.321788
0.318631
0.315345
0.311886
0.308264
0.304591
0.301062
0.297089
0.293278
0.289047
0.285334
0.28113
0.277437
0.273108
0.269342
0.265173
0.261578
0.257868
0.254278
0.250756
0.246818
0.243395
0.239339
0.236068
0.231961
0.228509
0.224382
0.220788
0.216903
0.21326
0.209592
0.205885
0.20244
0.198677
0.19537
0.191447
0.188231
0.476537
0.475984
0.475356
0.474676
0.473984
0.473229
0.472389
0.471419
0.470334
0.469328
0.467806
0.467657
0.464051
0.465662
0.462114
0.462018
0.461534
0.458238
0.459789
0.452527
0.456456
0.452424
0.446432
0.452531
0.446647
0.440756
0.446867
0.442047
0.434232
0.439348
0.438404
0.428373
0.429244
0.433869
0.426183
0.41844
0.421817
0.42284
0.414063
0.408515
0.410797
0.409036
0.401214
0.396808
0.396568
0.394003
0.387263
0.3824
0.38145
0.378042
0.372475
0.367998
0.365212
0.362731
0.35812
0.354071
0.351001
0.348044
0.344448
0.340513
0.337341
0.334146
0.330903
0.32701
0.323427
0.319678
0.316061
0.312
0.308035
0.303993
0.299968
0.295846
0.29161
0.287596
0.283531
0.279794
0.275768
0.272035
0.26795
0.264361
0.260449
0.257041
0.253093
0.249454
0.245343
0.241515
0.237624
0.233711
0.230025
0.225877
0.222347
0.218206
0.214833
0.210845
0.207392
0.203599
0.199981
0.196362
0.192554
0.189016
0.486554
0.486031
0.485439
0.484764
0.484052
0.483323
0.482563
0.481685
0.480667
0.479816
0.478218
0.478567
0.474782
0.475854
0.472774
0.472406
0.471791
0.469854
0.471394
0.463595
0.467704
0.46491
0.457166
0.46264
0.458968
0.450683
0.455472
0.453932
0.444454
0.446515
0.448984
0.439779
0.435298
0.439746
0.436433
0.426588
0.425028
0.427835
0.42246
0.414042
0.4127
0.412929
0.407471
0.400841
0.398364
0.397418
0.392588
0.386518
0.383973
0.381895
0.378094
0.373277
0.369636
0.367452
0.364072
0.36019
0.356543
0.353567
0.350268
0.346429
0.342609
0.338982
0.335468
0.331497
0.327474
0.323288
0.319343
0.315096
0.31099
0.306695
0.302694
0.29848
0.294441
0.290288
0.286397
0.282568
0.278788
0.274988
0.270991
0.267132
0.263107
0.259386
0.255354
0.251531
0.247275
0.24336
0.239163
0.235439
0.231403
0.227671
0.223694
0.219884
0.216144
0.212265
0.208715
0.204681
0.201187
0.197133
0.193591
0.189692
0.498802
0.49829
0.49772
0.497041
0.496279
0.495505
0.494726
0.493843
0.49278
0.491974
0.490107
0.490759
0.487158
0.487411
0.484477
0.483715
0.481706
0.480358
0.482305
0.474088
0.477699
0.476388
0.467057
0.471037
0.469764
0.460049
0.4622
0.463475
0.454022
0.451801
0.455481
0.44896
0.440611
0.442354
0.442921
0.434374
0.428263
0.429762
0.42819
0.420396
0.415594
0.415421
0.412934
0.406793
0.402177
0.401087
0.398506
0.393155
0.389145
0.386839
0.384469
0.380424
0.376158
0.373213
0.370211
0.366624
0.362547
0.358943
0.3554
0.351593
0.347383
0.343226
0.339196
0.335097
0.330847
0.326496
0.322303
0.318083
0.313964
0.309739
0.305733
0.301624
0.297686
0.293549
0.289656
0.285635
0.281874
0.277838
0.273887
0.269652
0.265553
0.261417
0.257374
0.253344
0.24917
0.245125
0.240933
0.237089
0.233045
0.229301
0.225226
0.221451
0.217406
0.213668
0.209694
0.205883
0.20197
0.198071
0.194344
0.190405
0.510306
0.509776
0.509199
0.508497
0.507661
0.506787
0.505903
0.504924
0.503718
0.502881
0.500603
0.501202
0.49817
0.497735
0.494728
0.493609
0.489636
0.488039
0.490696
0.48222
0.484568
0.484953
0.475078
0.476819
0.477888
0.468226
0.46694
0.469873
0.462006
0.455904
0.458792
0.456117
0.446928
0.444772
0.446974
0.441886
0.433816
0.432412
0.432968
0.42791
0.42157
0.419525
0.418703
0.414555
0.409067
0.406604
0.40502
0.401172
0.396594
0.393121
0.390834
0.38758
0.383253
0.379296
0.375788
0.372172
0.367938
0.36373
0.359673
0.355717
0.351419
0.347035
0.342655
0.338451
0.334169
0.329894
0.325621
0.321479
0.317363
0.313265
0.309206
0.30516
0.301158
0.297038
0.292945
0.288747
0.284686
0.280489
0.276371
0.272
0.267769
0.263396
0.259327
0.255118
0.251127
0.246915
0.242872
0.238755
0.23477
0.2308
0.226754
0.222799
0.218674
0.214785
0.210682
0.206841
0.202766
0.198952
0.194986
0.191217
0.519382
0.518821
0.518215
0.517476
0.516564
0.515583
0.514571
0.513481
0.512113
0.511274
0.50865
0.508767
0.506427
0.505594
0.502449
0.501803
0.496431
0.493971
0.497351
0.488728
0.489274
0.491516
0.482077
0.481172
0.484062
0.475705
0.471172
0.474283
0.469473
0.461388
0.462177
0.46279
0.455237
0.449697
0.451113
0.449709
0.442488
0.438162
0.438472
0.436269
0.430455
0.426356
0.425258
0.422918
0.417838
0.41383
0.411683
0.408845
0.404508
0.399948
0.396681
0.393521
0.38945
0.384937
0.380702
0.376738
0.372502
0.36806
0.363643
0.359459
0.355201
0.350865
0.346441
0.342192
0.337962
0.333796
0.32954
0.32539
0.3212
0.317087
0.312882
0.308757
0.304543
0.300345
0.295998
0.291642
0.28725
0.282924
0.27862
0.274275
0.269934
0.265549
0.261319
0.25709
0.253023
0.248815
0.244719
0.240453
0.23639
0.232175
0.228151
0.223942
0.219876
0.215723
0.211672
0.207654
0.203614
0.199704
0.195674
0.191855
0.526665
0.526081
0.525445
0.524673
0.523713
0.522663
0.521562
0.520408
0.518914
0.518138
0.515429
0.514776
0.512987
0.51205
0.508872
0.509721
0.504049
0.500395
0.504154
0.495797
0.494282
0.497963
0.489774
0.486264
0.489819
0.483946
0.477188
0.479409
0.478031
0.470101
0.467925
0.469842
0.465299
0.458208
0.457245
0.457823
0.452931
0.446979
0.445403
0.444568
0.440288
0.435007
0.432357
0.430561
0.42643
0.42156
0.418055
0.415197
0.411352
0.406414
0.402041
0.398348
0.394465
0.389966
0.385359
0.381022
0.376785
0.372402
0.367935
0.363596
0.359357
0.355107
0.350774
0.346491
0.34226
0.338079
0.333808
0.32953
0.325189
0.320883
0.316493
0.312141
0.307706
0.303315
0.298796
0.294312
0.289736
0.285313
0.280871
0.276575
0.272167
0.267832
0.263427
0.259154
0.254886
0.250664
0.246401
0.24209
0.237814
0.233511
0.229322
0.225053
0.220914
0.216664
0.212596
0.208427
0.204431
0.200329
0.19634
0.192306
0.534157
0.533568
0.532913
0.532131
0.531167
0.530109
0.528982
0.527831
0.526263
0.525571
0.523115
0.521627
0.520131
0.51931
0.516128
0.518663
0.513645
0.508759
0.5125
0.50514
0.501534
0.505593
0.499415
0.493732
0.496908
0.494066
0.486572
0.486812
0.487788
0.481323
0.476388
0.477576
0.475953
0.469215
0.465438
0.465719
0.463139
0.457167
0.453314
0.452031
0.449133
0.443808
0.43948
0.436995
0.43359
0.428728
0.424077
0.420487
0.416896
0.412237
0.407342
0.403003
0.399052
0.394811
0.390268
0.38575
0.381446
0.377157
0.372797
0.368409
0.364112
0.359827
0.355501
0.351114
0.346761
0.342409
0.338023
0.333544
0.329019
0.324459
0.319886
0.315296
0.310696
0.306109
0.30151
0.296925
0.29232
0.287785
0.283286
0.278895
0.274469
0.27007
0.265571
0.261157
0.256696
0.252365
0.247933
0.243583
0.239121
0.234779
0.230403
0.226138
0.221858
0.217618
0.213408
0.209199
0.205079
0.200901
0.196831
0.192673
0.543551
0.542962
0.542298
0.541523
0.540592
0.539574
0.538465
0.537365
0.535766
0.535086
0.533165
0.530992
0.529567
0.528997
0.525149
0.52867
0.524871
0.518899
0.522623
0.516868
0.511272
0.514882
0.511087
0.504062
0.505873
0.505592
0.498462
0.495976
0.497468
0.493194
0.486722
0.485773
0.485678
0.480431
0.474692
0.473157
0.471741
0.466788
0.46144
0.458659
0.45628
0.45165
0.446413
0.442744
0.439469
0.435115
0.430083
0.425708
0.421981
0.417792
0.41302
0.408333
0.404127
0.400022
0.395692
0.391178
0.386753
0.382415
0.37808
0.373657
0.369235
0.364787
0.360314
0.355742
0.351163
0.346563
0.341974
0.337299
0.332597
0.327839
0.323116
0.318367
0.313669
0.308954
0.304308
0.299644
0.295028
0.290384
0.285804
0.281237
0.276723
0.272178
0.267613
0.263018
0.258439
0.253903
0.249388
0.244908
0.240399
0.235953
0.231493
0.22715
0.222767
0.218485
0.214129
0.209879
0.20558
0.201376
0.197152
0.192974
0.555151
0.554554
0.553874
0.553099
0.552199
0.551222
0.550131
0.549082
0.547474
0.546655
0.545409
0.542817
0.541246
0.540843
0.535573
0.539048
0.536697
0.530042
0.533559
0.529718
0.522698
0.525178
0.5236
0.516219
0.5157
0.516704
0.510638
0.505673
0.50625
0.50408
0.4975
0.493973
0.493701
0.490255
0.484016
0.480302
0.478686
0.475002
0.46939
0.46509
0.462353
0.458537
0.453341
0.448744
0.445105
0.441233
0.436478
0.431705
0.427602
0.423641
0.419233
0.414541
0.410061
0.405834
0.401569
0.397088
0.392517
0.387985
0.383491
0.378945
0.374342
0.369684
0.36498
0.360197
0.355374
0.350543
0.345738
0.340912
0.336068
0.331193
0.326349
0.321518
0.316734
0.311956
0.307224
0.302485
0.297775
0.293023
0.288298
0.28355
0.27887
0.274161
0.269493
0.26476
0.260078
0.255376
0.250771
0.246163
0.241621
0.237062
0.232555
0.228062
0.223613
0.219186
0.214764
0.210382
0.205999
0.201696
0.197378
0.193153
0.56799
0.567371
0.566655
0.565851
0.564943
0.563968
0.562851
0.561806
0.560201
0.559063
0.558453
0.555706
0.553814
0.55343
0.54665
0.549217
0.548226
0.54139
0.544109
0.542157
0.534659
0.535321
0.535352
0.528256
0.525115
0.526073
0.521693
0.515368
0.514144
0.51322
0.507587
0.502167
0.500604
0.498442
0.492909
0.487703
0.485045
0.482193
0.477229
0.472102
0.468566
0.465182
0.460573
0.45565
0.451475
0.447727
0.443427
0.438669
0.434182
0.430076
0.425853
0.421276
0.4166
0.412084
0.407648
0.403092
0.398366
0.393588
0.388821
0.384054
0.379234
0.374371
0.369454
0.364496
0.35949
0.354493
0.349518
0.344579
0.339625
0.334673
0.329718
0.324805
0.319911
0.315051
0.310187
0.305331
0.300457
0.295576
0.290674
0.28578
0.280905
0.276064
0.271246
0.266431
0.261626
0.25683
0.252096
0.24739
0.242752
0.2381
0.233498
0.228872
0.224318
0.219751
0.215256
0.21075
0.206312
0.201885
0.197519
0.193185
0.580755
0.580106
0.57934
0.578476
0.577517
0.576494
0.5753
0.574196
0.572609
0.570983
0.570807
0.568066
0.565721
0.565706
0.558019
0.559195
0.559327
0.552382
0.553672
0.55336
0.546002
0.544503
0.545262
0.539177
0.533983
0.53412
0.531531
0.52508
0.521802
0.521014
0.516891
0.510827
0.507607
0.505798
0.501528
0.495926
0.492059
0.489311
0.485258
0.480104
0.475799
0.472315
0.468276
0.463504
0.458903
0.45489
0.450805
0.446219
0.441482
0.436999
0.432631
0.42806
0.423254
0.418436
0.413694
0.408937
0.404047
0.399055
0.394026
0.389009
0.383976
0.378931
0.373857
0.368771
0.363655
0.358546
0.353452
0.3484
0.343348
0.338297
0.333226
0.328179
0.323137
0.318124
0.313095
0.308073
0.303022
0.297985
0.292926
0.287897
0.282869
0.2779
0.272943
0.268035
0.263117
0.258237
0.253367
0.24856
0.243774
0.23903
0.234286
0.229565
0.224867
0.220208
0.215599
0.211015
0.206489
0.201975
0.19753
0.193095
0.592716
0.592038
0.591221
0.590287
0.589259
0.588163
0.586865
0.58565
0.584116
0.581905
0.581895
0.57927
0.576485
0.577405
0.569666
0.569277
0.570131
0.563078
0.562556
0.563288
0.556567
0.553059
0.5538
0.54939
0.54325
0.542052
0.540712
0.535026
0.53018
0.528713
0.525956
0.520313
0.515758
0.513477
0.510282
0.505127
0.500397
0.497155
0.493687
0.488962
0.484198
0.480242
0.476381
0.471888
0.467074
0.462603
0.458357
0.453839
0.448979
0.444115
0.439391
0.434646
0.429715
0.424667
0.419627
0.414616
0.409552
0.4044
0.39919
0.393973
0.388763
0.383559
0.378359
0.373161
0.367957
0.362744
0.357537
0.352347
0.347168
0.341977
0.336766
0.331543
0.326324
0.321111
0.315902
0.310692
0.305483
0.300282
0.295096
0.28993
0.284787
0.279678
0.274602
0.269565
0.264542
0.259546
0.254557
0.249612
0.244685
0.23981
0.234939
0.230114
0.225298
0.220547
0.215821
0.211163
0.206528
0.201944
0.197385
0.192875
0.604058
0.603354
0.602497
0.601509
0.600421
0.59926
0.597872
0.59652
0.595099
0.59232
0.592232
0.58983
0.586755
0.588769
0.58168
0.579774
0.580829
0.574027
0.571677
0.572677
0.567136
0.56219
0.56245
0.5598
0.55366
0.550876
0.549926
0.545523
0.539988
0.537373
0.535307
0.530636
0.525425
0.522209
0.519434
0.515027
0.509959
0.505957
0.502506
0.498222
0.493332
0.488809
0.484699
0.480319
0.475445
0.470552
0.465904
0.461243
0.456306
0.451189
0.446105
0.441081
0.435992
0.430787
0.425535
0.420293
0.415052
0.409768
0.40444
0.399089
0.393741
0.388395
0.383062
0.37773
0.372399
0.36705
0.361695
0.356333
0.35098
0.345613
0.340233
0.334826
0.32942
0.324011
0.318625
0.313242
0.307884
0.302537
0.297223
0.291923
0.286657
0.281407
0.276199
0.271011
0.265865
0.260727
0.255619
0.250523
0.245468
0.240443
0.235465
0.23052
0.225615
0.22075
0.215929
0.211161
0.206426
0.201744
0.197085
0.192486
0.615546
0.614817
0.613935
0.612916
0.611792
0.61059
0.609152
0.607663
0.606429
0.603208
0.602898
0.600796
0.597424
0.600138
0.594071
0.590837
0.591812
0.585802
0.581886
0.582705
0.578651
0.573
0.572237
0.570812
0.565243
0.56107
0.559782
0.556622
0.551166
0.547352
0.545183
0.541463
0.536233
0.532039
0.528997
0.525151
0.520156
0.515473
0.511579
0.507456
0.502623
0.497668
0.493078
0.488553
0.483654
0.478499
0.473432
0.468483
0.463433
0.458186
0.452862
0.447571
0.442296
0.436963
0.431568
0.426149
0.420735
0.415311
0.409869
0.404404
0.398928
0.393439
0.387943
0.382438
0.376925
0.371396
0.365849
0.36029
0.35473
0.349169
0.343599
0.338017
0.332433
0.326857
0.321302
0.315769
0.310261
0.304776
0.299316
0.293877
0.288463
0.283068
0.277701
0.272359
0.267056
0.261776
0.256527
0.251297
0.246107
0.240951
0.235853
0.230792
0.225785
0.220807
0.215883
0.210993
0.206158
0.20136
0.196615
0.191913
0.627915
0.627162
0.626263
0.625229
0.624088
0.622866
0.621417
0.619798
0.618812
0.615344
0.614753
0.612982
0.608958
0.611736
0.606819
0.602575
0.603516
0.598678
0.593691
0.593973
0.591308
0.585499
0.5833
0.582291
0.577651
0.572619
0.570461
0.568034
0.563105
0.558398
0.55555
0.552347
0.547464
0.542574
0.538847
0.535142
0.530388
0.525297
0.520785
0.516494
0.511729
0.506557
0.501501
0.496655
0.491676
0.486408
0.481053
0.475793
0.47057
0.465238
0.459784
0.454298
0.448828
0.443349
0.437827
0.432265
0.426683
0.421092
0.415491
0.409877
0.404244
0.398587
0.392901
0.387192
0.381464
0.375724
0.369967
0.364202
0.358432
0.352671
0.346911
0.341157
0.335406
0.329674
0.323959
0.318275
0.31261
0.306971
0.301348
0.295752
0.290173
0.28462
0.279085
0.273585
0.268114
0.262686
0.257289
0.251931
0.246606
0.241328
0.236097
0.230919
0.225786
0.220696
0.215651
0.210648
0.205698
0.200796
0.195954
0.19116
0.64145
0.640672
0.639757
0.638709
0.637552
0.636311
0.634876
0.633121
0.632397
0.628866
0.627946
0.626432
0.621526
0.623788
0.620015
0.615206
0.615955
0.612388
0.606911
0.606233
0.60452
0.598905
0.595283
0.594049
0.590391
0.585069
0.581792
0.579439
0.575159
0.570022
0.566258
0.563032
0.558565
0.553376
0.548895
0.544937
0.540375
0.535161
0.530122
0.525457
0.520654
0.515427
0.510066
0.504868
0.499724
0.4944
0.488901
0.483398
0.477958
0.472502
0.466949
0.461317
0.45566
0.450003
0.444324
0.438608
0.432851
0.427064
0.421257
0.415437
0.409599
0.403738
0.397844
0.391919
0.385972
0.380015
0.374051
0.368085
0.362121
0.356165
0.35022
0.344289
0.33837
0.332468
0.326588
0.320733
0.314898
0.309082
0.303283
0.297509
0.291758
0.286035
0.280337
0.274672
0.269044
0.263459
0.257916
0.252419
0.246963
0.241553
0.236186
0.230874
0.225607
0.220394
0.215224
0.21011
0.205045
0.200043
0.195096
0.190213
0.65595
0.655147
0.654209
0.653138
0.651952
0.650675
0.649259
0.647345
0.646834
0.643372
0.642082
0.640719
0.635041
0.636449
0.633707
0.628697
0.628887
0.626422
0.620795
0.618876
0.61756
0.612514
0.607862
0.605969
0.603024
0.597835
0.59355
0.590766
0.586979
0.581815
0.577238
0.573593
0.569388
0.564217
0.559173
0.554751
0.550207
0.545039
0.539687
0.534611
0.529642
0.524402
0.518902
0.513421
0.508048
0.502631
0.497053
0.491378
0.485712
0.480064
0.474368
0.468586
0.462742
0.456876
0.450996
0.445088
0.439135
0.433133
0.427094
0.421029
0.414952
0.408861
0.402748
0.39661
0.390452
0.384287
0.378124
0.371965
0.365814
0.359669
0.353539
0.347419
0.341316
0.335228
0.329161
0.323114
0.31709
0.311082
0.305097
0.299135
0.293206
0.287306
0.281445
0.27562
0.269836
0.264092
0.258399
0.252752
0.247154
0.2416
0.236096
0.23064
0.225238
0.219891
0.2146
0.209368
0.204194
0.199084
0.194034
0.18905
0.670994
0.670161
0.669193
0.668088
0.666858
0.665523
0.664113
0.662007
0.661608
0.658275
0.656594
0.655431
0.649362
0.649786
0.647859
0.642687
0.641983
0.640267
0.634739
0.631595
0.630254
0.626014
0.620851
0.618037
0.615371
0.610591
0.605657
0.602178
0.598578
0.593638
0.588553
0.584324
0.580133
0.575123
0.569793
0.564889
0.560178
0.555071
0.549597
0.544188
0.538962
0.533653
0.528091
0.522412
0.516788
0.511194
0.505505
0.499683
0.493798
0.48791
0.482002
0.47603
0.469984
0.463889
0.457772
0.451633
0.445457
0.439231
0.432956
0.426645
0.42032
0.413989
0.407654
0.401304
0.394943
0.388576
0.382212
0.375855
0.369508
0.36317
0.356842
0.350524
0.344219
0.337927
0.331653
0.325401
0.319172
0.312967
0.306787
0.300637
0.294521
0.288446
0.282412
0.276422
0.270475
0.264571
0.258716
0.25291
0.247156
0.241452
0.235801
0.230202
0.224662
0.219181
0.213765
0.208411
0.203124
0.197898
0.192742
0.18765
0.686258
0.685392
0.684388
0.68324
0.681956
0.680542
0.679126
0.676802
0.676389
0.673197
0.671133
0.670352
0.664295
0.663692
0.66226
0.656955
0.65518
0.653793
0.648667
0.644564
0.642899
0.639422
0.634157
0.630409
0.627622
0.623322
0.618142
0.61395
0.610235
0.605575
0.600303
0.595529
0.591129
0.586252
0.580852
0.575566
0.570563
0.565421
0.559913
0.554276
0.548756
0.543276
0.537631
0.531802
0.525929
0.520084
0.514205
0.508211
0.502114
0.495969
0.489804
0.483597
0.477325
0.470992
0.464622
0.458228
0.451809
0.44535
0.438847
0.432305
0.425742
0.419177
0.412614
0.40605
0.399479
0.392902
0.386325
0.379755
0.373192
0.366641
0.360099
0.353567
0.347046
0.340539
0.33405
0.327584
0.321145
0.314736
0.308359
0.302017
0.295713
0.289453
0.283237
0.27707
0.270947
0.264873
0.258847
0.252873
0.246953
0.241091
0.235288
0.229544
0.223862
0.218247
0.212698
0.207219
0.201808
0.196466
0.191195
0.185996
0.701686
0.700785
0.69974
0.698547
0.697205
0.6957
0.694268
0.691721
0.691189
0.688148
0.685746
0.685395
0.679649
0.678053
0.676779
0.671519
0.668704
0.66735
0.662846
0.658146
0.655877
0.652893
0.647827
0.643341
0.640155
0.636209
0.631078
0.626326
0.622283
0.617795
0.612547
0.607373
0.602629
0.597748
0.592363
0.586826
0.581484
0.576178
0.570614
0.564817
0.559015
0.553276
0.547465
0.54148
0.535373
0.529243
0.523101
0.516887
0.510572
0.504177
0.497743
0.491275
0.484758
0.478182
0.471556
0.464902
0.458228
0.451531
0.444801
0.438037
0.431249
0.424452
0.417657
0.410864
0.404065
0.397261
0.390454
0.383649
0.376851
0.370065
0.36329
0.356529
0.349782
0.343052
0.336343
0.329659
0.323005
0.316388
0.309809
0.303269
0.296769
0.290313
0.283905
0.277545
0.271236
0.264978
0.258773
0.252625
0.246535
0.240508
0.234546
0.228652
0.222825
0.217067
0.21138
0.205767
0.200227
0.194764
0.189375
0.184066
0.717446
0.716509
0.715422
0.714183
0.712785
0.711183
0.709735
0.706987
0.706261
0.703371
0.700676
0.700617
0.695331
0.692844
0.691551
0.686581
0.682913
0.681386
0.677531
0.672535
0.669492
0.666656
0.66196
0.65703
0.653291
0.649458
0.644515
0.639414
0.634939
0.630436
0.625272
0.619856
0.614726
0.609678
0.604276
0.598578
0.592915
0.587342
0.581638
0.575693
0.569634
0.563594
0.557537
0.551354
0.545022
0.538612
0.532176
0.525701
0.519149
0.512513
0.505818
0.499085
0.492311
0.485485
0.478609
0.471697
0.464766
0.45782
0.450853
0.44386
0.43684
0.429806
0.422766
0.415725
0.40868
0.401629
0.394574
0.387518
0.380469
0.373432
0.366412
0.359409
0.352426
0.345464
0.338527
0.331619
0.324746
0.317912
0.31112
0.30437
0.297664
0.291003
0.28439
0.277828
0.271321
0.26487
0.258481
0.252152
0.245887
0.23969
0.233564
0.22751
0.221529
0.215621
0.209791
0.204037
0.198364
0.192772
0.187264
0.18184
0.733772
0.732802
0.731677
0.730391
0.728941
0.727245
0.725787
0.722885
0.721931
0.719182
0.716171
0.716152
0.711374
0.708171
0.706842
0.702333
0.698063
0.696135
0.692783
0.687711
0.683899
0.680925
0.676602
0.671491
0.66718
0.663216
0.658445
0.653172
0.648259
0.643556
0.638418
0.632865
0.627379
0.622042
0.616526
0.610695
0.604755
0.598864
0.592931
0.586812
0.580522
0.574179
0.567826
0.561399
0.554841
0.548171
0.541447
0.53469
0.52788
0.521
0.514051
0.507053
0.500016
0.492936
0.485808
0.478641
0.471448
0.46424
0.457016
0.44977
0.442501
0.435211
0.42791
0.420602
0.413291
0.405977
0.398661
0.391344
0.384035
0.37674
0.369464
0.362209
0.354979
0.347775
0.3406
0.333458
0.326354
0.319292
0.312273
0.305299
0.298374
0.291496
0.284669
0.277898
0.271187
0.264538
0.257954
0.251438
0.244993
0.238619
0.23232
0.226098
0.219955
0.213891
0.207909
0.202011
0.1962
0.190475
0.184841
0.179299
0.750831
0.749831
0.748669
0.747339
0.745842
0.74406
0.742602
0.739606
0.738417
0.735794
0.732385
0.732175
0.727913
0.724215
0.722767
0.718772
0.714132
0.711611
0.708527
0.703571
0.699136
0.695802
0.691722
0.686605
0.681807
0.677533
0.672817
0.667474
0.662186
0.657159
0.651929
0.646275
0.640493
0.634815
0.629082
0.623098
0.616921
0.610714
0.604494
0.598155
0.591641
0.585018
0.57836
0.571657
0.564856
0.557942
0.550946
0.543904
0.536819
0.529676
0.52247
0.515208
0.5079
0.500553
0.493164
0.485734
0.478271
0.470785
0.463281
0.455757
0.448211
0.440646
0.433065
0.425475
0.417883
0.410292
0.402704
0.395119
0.387543
0.379983
0.372443
0.364927
0.357437
0.349979
0.342556
0.335168
0.327818
0.320511
0.313252
0.306042
0.298883
0.291778
0.284729
0.277741
0.270817
0.263962
0.257178
0.250466
0.24383
0.237271
0.230791
0.224393
0.218079
0.211853
0.205714
0.199666
0.19371
0.187849
0.182085
0.176421
0.768672
0.767641
0.766442
0.765069
0.76353
0.761668
0.760213
0.757173
0.75575
0.75323
0.749414
0.748843
0.745055
0.741041
0.739325
0.73578
0.730926
0.72774
0.724704
0.719983
0.71513
0.711303
0.707265
0.702224
0.697075
0.692395
0.687584
0.682197
0.676621
0.671224
0.665789
0.660016
0.653999
0.647983
0.641966
0.635784
0.629392
0.622895
0.616368
0.609765
0.603018
0.596137
0.589185
0.58219
0.575125
0.567961
0.560703
0.553378
0.546006
0.538583
0.531101
0.523562
0.515973
0.508342
0.500671
0.492959
0.485211
0.477432
0.469629
0.461806
0.453963
0.446101
0.438224
0.43034
0.422456
0.414577
0.406705
0.398842
0.390989
0.383154
0.37534
0.36755
0.35979
0.352065
0.344378
0.33673
0.329121
0.321557
0.314045
0.306586
0.299182
0.291838
0.284557
0.277344
0.2702
0.263128
0.256131
0.249213
0.242377
0.235623
0.228954
0.222372
0.215881
0.209483
0.203182
0.196977
0.190872
0.184869
0.17897
0.173175
0.787252
0.786191
0.784953
0.783534
0.781954
0.780014
0.778552
0.775503
0.773847
0.771407
0.767263
0.766239
0.76284
0.758583
0.756445
0.753207
0.748294
0.744484
0.741318
0.736848
0.731759
0.727408
0.723223
0.718249
0.712873
0.70778
0.702747
0.697284
0.691496
0.685746
0.680031
0.674091
0.667874
0.661557
0.65523
0.648803
0.642192
0.635431
0.628602
0.621712
0.614711
0.607577
0.600343
0.593049
0.585696
0.578262
0.570733
0.563125
0.555454
0.54773
0.539952
0.532115
0.524226
0.516292
0.508317
0.500302
0.492248
0.484161
0.476045
0.467907
0.459751
0.451579
0.443396
0.435207
0.42702
0.41884
0.41067
0.402512
0.394369
0.386243
0.378141
0.370066
0.362024
0.354018
0.346051
0.338125
0.330244
0.322413
0.314635
0.306916
0.299257
0.291664
0.284142
0.276691
0.269314
0.262014
0.254794
0.247659
0.240611
0.233651
0.226784
0.22001
0.213334
0.20676
0.200287
0.193919
0.187659
0.181507
0.175465
0.169535
0.806514
0.805419
0.804138
0.802669
0.801043
0.799019
0.797526
0.794483
0.792597
0.790226
0.785878
0.784363
0.781234
0.776768
0.774109
0.771013
0.76618
0.761861
0.758416
0.754116
0.748932
0.744113
0.739646
0.734664
0.729148
0.723691
0.71836
0.71276
0.7068
0.700744
0.694715
0.688556
0.682145
0.675564
0.668927
0.662222
0.655369
0.648355
0.641236
0.634046
0.626767
0.619366
0.611851
0.604254
0.596592
0.588859
0.581039
0.573132
0.565152
0.557111
0.549013
0.54086
0.532652
0.524395
0.516094
0.507753
0.499375
0.490964
0.482522
0.474059
0.46558
0.457088
0.448586
0.440081
0.431577
0.423082
0.414598
0.406127
0.397673
0.389241
0.380835
0.372459
0.364119
0.355816
0.347554
0.339339
0.331175
0.323063
0.31501
0.307018
0.299093
0.291241
0.283463
0.27576
0.268137
0.260597
0.253144
0.245781
0.23851
0.231336
0.22426
0.217286
0.210417
0.203656
0.197005
0.190466
0.184042
0.177733
0.171542
0.165472
0.826426
0.825296
0.823968
0.822442
0.820761
0.818643
0.817087
0.814047
0.811927
0.809637
0.8052
0.803182
0.800196
0.79559
0.792382
0.789285
0.784607
0.779912
0.776077
0.771816
0.766623
0.761437
0.756613
0.751527
0.745909
0.740156
0.734498
0.728696
0.722569
0.716251
0.709907
0.703485
0.696859
0.690034
0.6831
0.676094
0.66897
0.661694
0.654288
0.646789
0.639205
0.631515
0.623707
0.615799
0.607813
0.599755
0.591615
0.58339
0.575085
0.566712
0.558279
0.549788
0.541242
0.532644
0.524
0.515317
0.506599
0.497847
0.489068
0.480269
0.471453
0.462626
0.453793
0.444956
0.436121
0.427293
0.418476
0.409675
0.400895
0.392139
0.383412
0.374718
0.366061
0.357445
0.348876
0.340359
0.331896
0.32349
0.315148
0.306873
0.29867
0.290543
0.282494
0.274528
0.266647
0.258855
0.251157
0.243555
0.236052
0.228652
0.221359
0.214176
0.207104
0.200147
0.193308
0.186589
0.179993
0.173521
0.167175
0.160958
0.847005
0.845838
0.84446
0.842872
0.841129
0.838906
0.837257
0.834207
0.831852
0.829632
0.825193
0.822689
0.819743
0.81509
0.811373
0.808152
0.80363
0.79867
0.794397
0.790038
0.784859
0.779407
0.774208
0.768929
0.7632
0.75721
0.751229
0.745176
0.738859
0.732305
0.725657
0.718939
0.712064
0.70499
0.697767
0.690448
0.683025
0.675463
0.667762
0.659946
0.652037
0.644027
0.635905
0.627674
0.619348
0.610944
0.602461
0.593896
0.585249
0.576529
0.567744
0.558899
0.549998
0.541044
0.532044
0.523004
0.513928
0.504822
0.49569
0.486538
0.47737
0.468192
0.459008
0.44982
0.440635
0.431458
0.422293
0.413146
0.404022
0.394925
0.385859
0.376829
0.36784
0.358897
0.350006
0.341171
0.332392
0.323678
0.315033
0.30646
0.297964
0.289547
0.281215
0.272972
0.26482
0.256765
0.24881
0.240956
0.23321
0.225575
0.218054
0.21065
0.203365
0.196203
0.189167
0.18226
0.175484
0.168841
0.162332
0.155963
0.868304
0.867098
0.865669
0.864014
0.862204
0.859875
0.858108
0.855042
0.85245
0.850255
0.845866
0.842912
0.839946
0.835329
0.831177
0.827716
0.823292
0.818162
0.813458
0.808889
0.803687
0.798047
0.792497
0.786957
0.781081
0.774885
0.768601
0.76226
0.755717
0.748929
0.741987
0.734954
0.727793
0.720448
0.712932
0.705293
0.697546
0.689672
0.681656
0.673512
0.665262
0.656909
0.648447
0.639873
0.631197
0.622433
0.613586
0.604658
0.595651
0.586568
0.577415
0.568201
0.558928
0.549603
0.540232
0.530821
0.521373
0.511894
0.50239
0.492866
0.483328
0.473778
0.464221
0.454664
0.44511
0.435566
0.426036
0.416525
0.40704
0.397584
0.388163
0.378782
0.369446
0.36016
0.350929
0.341758
0.33265
0.32361
0.314646
0.305759
0.296953
0.288233
0.279603
0.271069
0.262634
0.254302
0.246075
0.237959
0.229958
0.222076
0.214316
0.206681
0.199172
0.191795
0.184553
0.177448
0.170483
0.16366
0.156982
0.150453
0.890388
0.889141
0.887659
0.885938
0.884058
0.881627
0.879729
0.876641
0.873815
0.871582
0.867266
0.863913
0.860874
0.856338
0.851836
0.848046
0.843633
0.838401
0.833316
0.828455
0.823166
0.817377
0.811516
0.805674
0.799597
0.793198
0.786629
0.779981
0.773172
0.766131
0.758899
0.751543
0.744065
0.736421
0.7286
0.720632
0.712543
0.70433
0.695979
0.687492
0.678884
0.670167
0.661342
0.652409
0.643369
0.634231
0.625004
0.615694
0.606305
0.59684
0.587306
0.577706
0.568046
0.558333
0.548572
0.538771
0.528932
0.519063
0.509166
0.499249
0.489317
0.479375
0.469427
0.459479
0.449538
0.439607
0.429693
0.419802
0.409938
0.400106
0.390313
0.380564
0.370863
0.361216
0.351628
0.342104
0.332649
0.323268
0.313967
0.304748
0.295617
0.286578
0.277637
0.268798
0.260064
0.251438
0.242928
0.234537
0.226269
0.218127
0.210114
0.202234
0.194491
0.186888
0.17943
0.172118
0.164955
0.157944
0.151089
0.144392
0.913318
0.912028
0.910492
0.908703
0.906755
0.904229
0.902195
0.899082
0.896025
0.893689
0.889452
0.885754
0.882574
0.878118
0.873343
0.86918
0.86469
0.859392
0.853992
0.848794
0.84334
0.837408
0.831272
0.825111
0.818783
0.812161
0.805317
0.798351
0.791242
0.783924
0.776395
0.768711
0.760894
0.752923
0.744778
0.73647
0.728024
0.71945
0.710742
0.701895
0.692916
0.683818
0.674612
0.665298
0.655875
0.646349
0.636729
0.627021
0.617232
0.607365
0.597427
0.587421
0.577356
0.567237
0.557069
0.546857
0.536606
0.526323
0.516013
0.505681
0.495336
0.48498
0.47462
0.464262
0.453911
0.443574
0.433258
0.422967
0.412705
0.402479
0.392296
0.382159
0.372076
0.362049
0.352085
0.342191
0.332372
0.322632
0.312976
0.303408
0.293934
0.284561
0.275293
0.266132
0.257082
0.248151
0.239342
0.230661
0.222111
0.213695
0.205417
0.19728
0.189291
0.181452
0.173766
0.166236
0.158865
0.151658
0.144616
0.137742
0.93714
0.935805
0.934214
0.932358
0.93034
0.927727
0.925554
0.922413
0.919131
0.916636
0.912468
0.908469
0.905077
0.900668
0.895687
0.891145
0.886497
0.881135
0.875477
0.869931
0.864249
0.85815
0.851763
0.845281
0.838664
0.831789
0.824666
0.817379
0.809946
0.80232
0.794482
0.786462
0.778294
0.769972
0.76148
0.752817
0.744003
0.735052
0.725965
0.716739
0.707375
0.697885
0.688279
0.678561
0.668735
0.658802
0.648771
0.638648
0.628441
0.618153
0.607789
0.597358
0.586865
0.576318
0.565719
0.555074
0.544389
0.533671
0.522926
0.512161
0.501381
0.49059
0.479797
0.469007
0.458228
0.447465
0.436725
0.426013
0.415332
0.40469
0.394096
0.383552
0.373066
0.362641
0.352282
0.341998
0.331795
0.321677
0.31165
0.301715
0.291883
0.282157
0.272542
0.263043
0.253664
0.24441
0.235288
0.226302
0.217454
0.20875
0.200193
0.191787
0.18354
0.175451
0.167525
0.159765
0.152177
0.144762
0.137524
0.130466
0.96189
0.960507
0.958857
0.956932
0.954844
0.952147
0.949834
0.946662
0.943164
0.940466
0.936343
0.93208
0.928417
0.923999
0.918868
0.913966
0.909092
0.903638
0.897767
0.891886
0.885923
0.879621
0.872991
0.866196
0.859264
0.852105
0.844693
0.837082
0.829309
0.821349
0.81318
0.804815
0.796283
0.787592
0.778732
0.769699
0.760502
0.751159
0.741675
0.732049
0.722283
0.712383
0.70236
0.692219
0.681967
0.671608
0.661143
0.650584
0.639939
0.629208
0.618397
0.607519
0.596578
0.585576
0.57452
0.56342
0.552279
0.541103
0.529902
0.518681
0.507445
0.496199
0.484952
0.473712
0.462482
0.451272
0.440085
0.428928
0.417805
0.406727
0.395698
0.384726
0.373815
0.36297
0.352198
0.341504
0.330899
0.320384
0.309964
0.299646
0.289435
0.279338
0.26936
0.259505
0.249778
0.240186
0.230734
0.221426
0.212265
0.203258
0.194408
0.18572
0.177199
0.168848
0.16067
0.15267
0.144852
0.137219
0.129774
0.122519
0.987594
0.986162
0.984451
0.982454
0.980291
0.977512
0.975052
0.971841
0.968144
0.965212
0.961105
0.956608
0.952633
0.948146
0.942899
0.937674
0.932524
0.926931
0.92087
0.914676
0.908403
0.901856
0.894977
0.887877
0.880614
0.873143
0.865424
0.857482
0.849356
0.841042
0.832523
0.823801
0.814894
0.805817
0.796567
0.787142
0.777549
0.767796
0.757896
0.747849
0.737657
0.727328
0.716868
0.706286
0.695585
0.684774
0.673857
0.662841
0.651732
0.640536
0.629258
0.617907
0.606488
0.595011
0.583478
0.571897
0.560277
0.548623
0.536943
0.525242
0.513524
0.501801
0.49008
0.478364
0.466662
0.454978
0.44332
0.431697
0.420113
0.408575
0.397089
0.385664
0.374306
0.363021
0.351813
0.34069
0.329659
0.318725
0.307893
0.297171
0.286564
0.276077
0.265714
0.255485
0.245394
0.235446
0.225646
0.215999
0.20651
0.197182
0.188026
0.179041
0.170232
0.161604
0.153162
0.144909
0.13685
0.128987
0.121323
0.113862
1.01428
1.0128
1.01103
1.00895
1.00671
1.00384
1.00123
0.997968
0.994095
0.990906
0.986779
0.982082
0.977781
0.973167
0.967814
0.962302
0.956844
0.95106
0.944808
0.938325
0.931727
0.924899
0.917754
0.910346
0.902746
0.894942
0.886895
0.878611
0.870122
0.861439
0.852549
0.843449
0.834154
0.824674
0.815015
0.805177
0.795164
0.784985
0.774647
0.764158
0.753521
0.742739
0.731821
0.720773
0.709603
0.698319
0.686923
0.675424
0.663828
0.652142
0.640372
0.628525
0.61661
0.604631
0.592596
0.580514
0.56839
0.556232
0.544046
0.531839
0.519619
0.507395
0.495172
0.482957
0.470755
0.458573
0.446423
0.43431
0.422241
0.410219
0.398253
0.386353
0.374525
0.362775
0.351109
0.339534
0.328054
0.316679
0.305413
0.294264
0.283239
0.272341
0.261577
0.250954
0.240477
0.230154
0.21999
0.209987
0.20015
0.190488
0.181007
0.171709
0.162598
0.153679
0.144957
0.136438
0.128125
0.120019
0.112125
0.104449
1.042
1.04046
1.03862
1.03647
1.03413
1.03118
1.0284
1.02508
1.02105
1.01759
1.0134
1.00854
1.00392
0.999124
0.993655
0.987883
0.982104
0.976082
0.969624
0.962863
0.955936
0.948798
0.941361
0.933645
0.925703
0.917544
0.909148
0.900506
0.891641
0.882571
0.873289
0.863793
0.854089
0.844189
0.834101
0.823829
0.813377
0.802748
0.791953
0.781
0.769892
0.758635
0.747234
0.735699
0.724036
0.712251
0.700352
0.688345
0.676238
0.664036
0.651749
0.639383
0.626945
0.614443
0.601881
0.58927
0.576617
0.563927
0.551209
0.538472
0.525726
0.512973
0.500221
0.487478
0.474753
0.462052
0.449383
0.436754
0.424172
0.411643
0.399174
0.386774
0.374452
0.362212
0.350063
0.338007
0.326058
0.314221
0.3025
0.290902
0.279434
0.268104
0.256916
0.245879
0.234997
0.224279
0.213729
0.20335
0.19315
0.183136
0.173312
0.163682
0.154253
0.145029
0.136014
0.127213
0.118631
0.110269
0.102134
0.0942296
1.07077
1.06918
1.06728
1.06504
1.06261
1.05956
1.05662
1.05321
1.04904
1.04531
1.04104
1.03603
1.0311
1.02608
1.02046
1.01446
1.00836
1.00206
0.995364
0.988328
0.981073
0.973603
0.965852
0.957808
0.949514
0.940988
0.93222
0.923205
0.913952
0.904475
0.894778
0.884862
0.87473
0.864392
0.853855
0.843126
0.832209
0.821109
0.809836
0.798395
0.786792
0.775034
0.763126
0.751077
0.738896
0.726587
0.714161
0.70162
0.688975
0.676234
0.663402
0.650488
0.637502
0.624447
0.611334
0.598166
0.584956
0.57171
0.558435
0.545141
0.531837
0.518528
0.505222
0.491926
0.478648
0.465398
0.452184
0.439014
0.425893
0.412828
0.399829
0.386906
0.374064
0.36131
0.348649
0.336092
0.323649
0.311323
0.299122
0.287052
0.27512
0.263332
0.251698
0.240226
0.228919
0.217784
0.206826
0.196051
0.185468
0.175082
0.164897
0.154921
0.145156
0.135608
0.126283
0.117187
0.108321
0.0996896
0.0912989
0.0831529
1.10067
1.09903
1.09705
1.09472
1.09219
1.08905
1.08593
1.08243
1.07813
1.07413
1.06973
1.06458
1.05936
1.05408
1.04829
1.04206
1.03564
1.02903
1.02208
1.01476
1.00718
0.999359
0.991267
0.982879
0.97422
0.965311
0.956154
0.946742
0.93708
0.927178
0.917049
0.90669
0.89611
0.88531
0.874302
0.863094
0.851689
0.840095
0.828317
0.816363
0.804241
0.791956
0.779515
0.766927
0.754201
0.741344
0.728362
0.715262
0.702053
0.688743
0.67534
0.661852
0.648287
0.634652
0.620955
0.607206
0.593413
0.579581
0.565721
0.551842
0.537951
0.524056
0.510163
0.496285
0.48243
0.468606
0.454818
0.441075
0.427386
0.413759
0.400205
0.386727
0.373337
0.360042
0.346847
0.333761
0.320797
0.307957
0.295251
0.282682
0.270261
0.257994
0.245891
0.233958
0.222202
0.210628
0.199241
0.188051
0.177063
0.166285
0.155721
0.145378
0.135258
0.125369
0.115716
0.106308
0.0971433
0.0882272
0.0795668
0.0711684
1.13175
1.13004
1.12799
1.12558
1.12294
1.11969
1.1164
1.11278
1.10836
1.10409
1.09952
1.09425
1.08876
1.08318
1.07719
1.07072
1.064
1.05707
1.04982
1.0422
1.03428
1.02611
1.01765
1.0089
0.999858
0.990551
0.980984
0.971154
0.961062
0.950718
0.940131
0.92931
0.918253
0.906971
0.89547
0.883757
0.87184
0.859723
0.847417
0.834927
0.82226
0.809422
0.796421
0.78327
0.769973
0.756538
0.742971
0.729284
0.715483
0.701577
0.687573
0.673481
0.659308
0.645064
0.630754
0.616392
0.601984
0.58754
0.573064
0.558569
0.544061
0.52955
0.515044
0.500555
0.48609
0.471659
0.457268
0.442926
0.42864
0.414421
0.400278
0.386218
0.372252
0.358387
0.344629
0.330989
0.317474
0.304095
0.290854
0.277762
0.264826
0.252054
0.239458
0.227041
0.21481
0.202772
0.190934
0.179305
0.16789
0.156699
0.145735
0.135003
0.124509
0.11426
0.104266
0.094527
0.0850477
0.0758303
0.0668822
0.058217
1.16405
1.16228
1.16016
1.15765
1.1549
1.15154
1.14808
1.14432
1.13978
1.13525
1.13049
1.12506
1.11931
1.11344
1.10721
1.1005
1.09347
1.0862
1.07863
1.0707
1.06244
1.05389
1.04505
1.03591
1.02647
1.01674
1.00675
0.996476
0.985933
0.975124
0.964061
0.952751
0.941198
0.929408
0.917387
0.905145
0.89269
0.880028
0.867166
0.854112
0.84087
0.827455
0.813871
0.800125
0.786227
0.772184
0.758008
0.743703
0.72928
0.714746
0.700112
0.685384
0.670573
0.655686
0.640737
0.62573
0.610674
0.59558
0.58046
0.565319
0.550162
0.535006
0.519856
0.504722
0.489617
0.474547
0.45952
0.444546
0.429635
0.414794
0.400031
0.385358
0.370785
0.356319
0.341971
0.327746
0.313654
0.299702
0.2859
0.272257
0.258779
0.245477
0.232359
0.219431
0.2067
0.194174
0.181862
0.16977
0.157907
0.146278
0.13489
0.123748
0.112858
0.102232
0.0918739
0.0817888
0.0719762
0.062447
0.0532038
0.0442485
1.19764
1.19581
1.1936
1.191
1.18813
1.18467
1.18102
1.17711
1.17244
1.16766
1.16268
1.15708
1.15108
1.1449
1.13839
1.13143
1.1241
1.11649
1.10857
1.1003
1.09168
1.08274
1.0735
1.06395
1.05409
1.04393
1.03348
1.02275
1.01173
1.00044
0.988875
0.977054
0.964979
0.952656
0.940089
0.927292
0.914275
0.901041
0.887596
0.873948
0.860107
0.84608
0.83188
0.817512
0.802984
0.788305
0.773485
0.758534
0.743457
0.728266
0.712965
0.697571
0.682091
0.666532
0.650904
0.63522
0.619487
0.603713
0.58791
0.572085
0.556251
0.540416
0.524589
0.508779
0.492999
0.477255
0.461559
0.445922
0.430351
0.414854
0.399442
0.384127
0.368915
0.353818
0.338844
0.324004
0.309301
0.29475
0.280357
0.266132
0.252085
0.238223
0.224554
0.211087
0.197829
0.18479
0.171977
0.159399
0.14706
0.13497
0.123134
0.11156
0.100256
0.0892293
0.0784882
0.0680341
0.0578722
0.0480083
0.0384466
0.0291952
1.23257
1.23068
1.22839
1.22569
1.2227
1.21911
1.21528
1.21121
1.2064
1.20137
1.19614
1.19035
1.18411
1.17762
1.17081
1.16357
1.15593
1.14796
1.13968
1.13105
1.12205
1.11271
1.10306
1.09308
1.08278
1.07216
1.06124
1.05001
1.0385
1.0267
1.01461
1.00226
0.98963
0.976749
0.963616
0.950238
0.936625
0.922787
0.908731
0.894462
0.879991
0.865328
0.850477
0.835454
0.820264
0.804918
0.789424
0.773788
0.758023
0.74214
0.726148
0.710055
0.69387
0.677602
0.661266
0.64487
0.628421
0.611934
0.595412
0.578874
0.562325
0.545775
0.529237
0.512714
0.496222
0.479773
0.463374
0.447037
0.430771
0.414584
0.39849
0.382499
0.366616
0.350852
0.335221
0.31973
0.304388
0.289202
0.274187
0.25935
0.244702
0.23025
0.216002
0.201966
0.188154
0.174572
0.161231
0.148137
0.135297
0.12272
0.110415
0.0983848
0.0866414
0.0751943
0.0640476
0.0532026
0.042667
0.0324468
0.0225496
0.0129821
1.2689
1.26695
1.26457
1.26177
1.25865
1.25495
1.25093
1.24667
1.24171
1.23644
1.23095
1.22494
1.21845
1.21165
1.20452
1.19698
1.18901
1.18069
1.17203
1.163
1.15361
1.14386
1.13376
1.12333
1.11257
1.10147
1.09006
1.07832
1.06629
1.05395
1.04131
1.02839
1.01519
1.00173
0.987993
0.974008
0.959774
0.945303
0.930603
0.915684
0.900549
0.885213
0.869688
0.853977
0.838092
0.822042
0.805837
0.78949
0.773007
0.756395
0.739669
0.722839
0.705917
0.68891
0.671828
0.65468
0.637481
0.62024
0.602971
0.585677
0.568373
0.551076
0.533787
0.516517
0.49928
0.482088
0.464947
0.447876
0.43088
0.413969
0.397153
0.380445
0.363857
0.347395
0.331071
0.314895
0.298875
0.283026
0.267354
0.251874
0.236591
0.221516
0.206658
0.192026
0.177627
0.163472
0.149572
0.135933
0.122566
0.109476
0.0966734
0.0841643
0.0719579
0.0600646
0.0484865
0.0372285
0.0263005
0.0157083
0.00545916
-0.004441
1.3067
1.30468
1.30221
1.2993
1.29605
1.29222
1.28801
1.28355
1.27843
1.27292
1.26715
1.26091
1.25416
1.24704
1.23959
1.23171
1.22341
1.21471
1.20566
1.19622
1.18641
1.17622
1.16567
1.15477
1.14352
1.13192
1.11999
1.10772
1.09514
1.08223
1.06902
1.05551
1.04171
1.02763
1.01327
0.998638
0.983755
0.968621
0.953247
0.93764
0.921815
0.905777
0.889537
0.873107
0.85649
0.839705
0.822757
0.805656
0.788412
0.771037
0.753546
0.735943
0.718241
0.700454
0.682588
0.664657
0.646669
0.62864
0.610578
0.592496
0.574403
0.55631
0.538232
0.520178
0.502157
0.484183
0.466267
0.44842
0.430653
0.412979
0.395408
0.377947
0.360613
0.343415
0.326362
0.309464
0.292734
0.276184
0.259824
0.243663
0.227712
0.211981
0.196478
0.181212
0.166197
0.15144
0.136949
0.122738
0.108812
0.0951829
0.0818553
0.068836
0.0561399
0.0437733
0.0317404
0.0200477
0.00870547
-0.00228216
-0.0129075
-0.0231646
1.34604
1.34394
1.34138
1.33835
1.33496
1.331
1.32661
1.32193
1.31663
1.31088
1.30483
1.29832
1.2913
1.28387
1.27606
1.26784
1.25918
1.2501
1.24063
1.23077
1.22051
1.20987
1.19884
1.18744
1.17568
1.16356
1.15108
1.13826
1.1251
1.1116
1.09779
1.08366
1.06923
1.05449
1.03948
1.02418
1.00861
0.992777
0.976696
0.960372
0.943819
0.927045
0.910058
0.892865
0.875483
0.857922
0.840191
0.8223
0.804263
0.78609
0.767788
0.749375
0.73086
0.712249
0.69356
0.674803
0.65599
0.63713
0.618238
0.599325
0.5804
0.561476
0.542566
0.523682
0.504838
0.486046
0.467314
0.448651
0.430072
0.411592
0.393222
0.374974
0.35686
0.338884
0.321062
0.303406
0.285926
0.26864
0.251553
0.234677
0.21802
0.201593
0.185409
0.169481
0.153816
0.138421
0.123309
0.108491
0.0939786
0.0797767
0.0658933
0.0523385
0.0391226
0.026256
0.0137435
0.00159329
-0.01019
-0.0215986
-0.0326245
-0.0432593
1.38697
1.38479
1.38214
1.379
1.37546
1.37135
1.36677
1.36187
1.35638
1.35039
1.34404
1.33725
1.32994
1.32218
1.31402
1.30543
1.29638
1.2869
1.277
1.26669
1.25597
1.24485
1.23332
1.22141
1.20911
1.19643
1.18339
1.16998
1.15621
1.1421
1.12766
1.11288
1.09778
1.08238
1.06667
1.05066
1.03438
1.01782
1.00099
0.983913
0.966594
0.949045
0.931272
0.913285
0.895098
0.876722
0.858167
0.83945
0.820577
0.801561
0.782418
0.763149
0.743774
0.724304
0.70475
0.685126
0.665442
0.645709
0.625945
0.606157
0.586357
0.566559
0.546778
0.527026
0.507315
0.487655
0.46806
0.448543
0.429116
0.409793
0.390585
0.371504
0.352561
0.333768
0.315136
0.296683
0.278416
0.260352
0.2425
0.224866
0.207465
0.190308
0.17341
0.156781
0.140427
0.124358
0.108591
0.0931374
0.0780008
0.0631955
0.0487251
0.0346001
0.0208372
0.00744339
-0.00557574
-0.0182146
-0.0304621
-0.0423147
-0.053762
-0.0647969
1.42958
1.42732
1.42457
1.4213
1.41761
1.41335
1.40858
1.40345
1.39774
1.3915
1.38486
1.37777
1.37015
1.36205
1.35351
1.34454
1.33509
1.32518
1.31484
1.30406
1.29286
1.28123
1.26918
1.25672
1.24386
1.23061
1.21696
1.20294
1.18855
1.17379
1.15868
1.14322
1.12743
1.11131
1.09487
1.07813
1.06109
1.04376
1.02616
1.00829
0.990176
0.971809
0.953208
0.934386
0.915359
0.896132
0.876717
0.857128
0.837377
0.817477
0.797441
0.777279
0.757005
0.736628
0.716165
0.695631
0.675034
0.654385
0.633697
0.612989
0.592276
0.571565
0.550867
0.5302
0.509575
0.489003
0.468502
0.448087
0.427766
0.407553
0.387461
0.367504
0.347691
0.328038
0.308557
0.289259
0.270163
0.251278
0.232615
0.214186
0.196002
0.178077
0.160426
0.143055
0.125975
0.109198
0.0927402
0.0766096
0.0608176
0.0453693
0.030278
0.0155576
0.0012168
-0.0127384
-0.0262968
-0.0394496
-0.0521918
-0.0645143
-0.0764095
-0.0878684
1.47393
1.4716
1.46874
1.46535
1.4615
1.45707
1.4521
1.44673
1.44079
1.4343
1.42736
1.41995
1.412
1.40354
1.39462
1.38524
1.37537
1.36502
1.35421
1.34295
1.33124
1.31908
1.30648
1.29345
1.28
1.26614
1.25187
1.2372
1.22215
1.20671
1.1909
1.17473
1.1582
1.14134
1.12414
1.10663
1.08879
1.07066
1.05225
1.03355
1.01459
0.995368
0.975902
0.956207
0.936296
0.916172
0.895853
0.875357
0.854684
0.833855
0.812881
0.791779
0.770559
0.749238
0.72782
0.706321
0.684761
0.66315
0.641502
0.61983
0.598152
0.576479
0.554819
0.53319
0.511604
0.490079
0.468629
0.447264
0.425999
0.404848
0.383825
0.362943
0.342217
0.321658
0.301281
0.2811
0.261127
0.241376
0.221861
0.20259
0.18358
0.164848
0.1464
0.128245
0.110399
0.0928761
0.075689
0.0588463
0.0423544
0.0262323
0.0104883
-0.00486362
-0.0198195
-0.0343669
-0.0484946
-0.0621946
-0.0754577
-0.0882796
-0.100652
-0.112559
1.52012
1.5177
1.51474
1.51121
1.5072
1.5026
1.49743
1.49181
1.48562
1.47886
1.4716
1.46386
1.45557
1.44674
1.43742
1.42761
1.4173
1.40649
1.39519
1.38341
1.37116
1.35845
1.34528
1.33166
1.31759
1.30309
1.28817
1.27282
1.25707
1.24092
1.22438
1.20746
1.19017
1.17253
1.15453
1.1362
1.11754
1.09857
1.07929
1.05973
1.03988
1.01976
0.999392
0.97878
0.957935
0.936874
0.915609
0.894148
0.872513
0.850714
0.828758
0.806668
0.784454
0.76213
0.739713
0.717212
0.694641
0.672022
0.649359
0.626673
0.603979
0.581289
0.558614
0.535975
0.513385
0.490855
0.468403
0.446042
0.423786
0.401645
0.379643
0.35779
0.336103
0.314592
0.293273
0.272157
0.251264
0.230602
0.210185
0.190032
0.170156
0.150567
0.131275
0.112296
0.0936422
0.0753303
0.0573723
0.0397726
0.0225523
0.00571816
-0.0107167
-0.0267434
-0.0423507
-0.0575242
-0.0722521
-0.0865307
-0.10035
-0.113701
-0.126573
-0.138957
1.56821
1.56571
1.56264
1.55898
1.55479
1.55001
1.54462
1.53875
1.53231
1.52526
1.51768
1.50958
1.50093
1.49172
1.48198
1.47172
1.46095
1.44965
1.43784
1.42552
1.41272
1.39942
1.38565
1.3714
1.35669
1.34152
1.32591
1.30986
1.29338
1.27649
1.25918
1.24148
1.22339
1.20493
1.1861
1.16691
1.14738
1.12752
1.10735
1.08687
1.06609
1.04504
1.02371
1.00214
0.980319
0.958269
0.936006
0.913543
0.890889
0.868065
0.845089
0.821964
0.798702
0.77533
0.751859
0.728302
0.704674
0.680989
0.657266
0.633514
0.609749
0.585989
0.562253
0.538549
0.514898
0.491313
0.46781
0.444402
0.421101
0.397926
0.374893
0.352021
0.329319
0.306804
0.28449
0.262392
0.240525
0.218904
0.197546
0.176461
0.155665
0.135172
0.114992
0.0951423
0.0756381
0.0564932
0.0377187
0.0193277
0.00133153
-0.0162567
-0.0334245
-0.050164
-0.0664555
-0.0822874
-0.097655
-0.112552
-0.126962
-0.140871
-0.154275
-0.167164
1.6183
1.61571
1.61253
1.60873
1.60437
1.59939
1.59378
1.58765
1.58093
1.57358
1.56567
1.55721
1.54816
1.53855
1.52838
1.51766
1.50639
1.49458
1.48224
1.46936
1.45597
1.44207
1.42766
1.41277
1.39738
1.38151
1.36518
1.34839
1.33114
1.31347
1.29536
1.27684
1.25791
1.23858
1.21888
1.19879
1.17835
1.15757
1.13645
1.11502
1.09327
1.07123
1.04891
1.02632
1.00347
0.980386
0.95708
0.933562
0.909846
0.885947
0.861885
0.83767
0.813319
0.788849
0.764274
0.739606
0.714856
0.690056
0.665215
0.640344
0.61546
0.590585
0.565726
0.540905
0.51614
0.491445
0.466833
0.442321
0.417924
0.393659
0.369548
0.345601
0.321832
0.298256
0.274894
0.251761
0.22887
0.206241
0.183888
0.16182
0.140055
0.118606
0.0974915
0.0767246
0.056321
0.0362969
0.0166631
-0.00256619
-0.021384
-0.0397728
-0.0577187
-0.0752041
-0.092218
-0.108753
-0.124802
-0.140351
-0.155381
-0.169883
-0.183851
-0.197276
1.67049
1.66781
1.6645
1.66056
1.65601
1.65083
1.645
1.63859
1.63157
1.62392
1.61566
1.60681
1.59737
1.58733
1.5767
1.56549
1.55372
1.54137
1.52847
1.51501
1.50101
1.48647
1.4714
1.45582
1.43972
1.42312
1.40603
1.38846
1.37043
1.35193
1.33298
1.31359
1.29378
1.27355
1.25293
1.23191
1.21051
1.18876
1.16665
1.14421
1.12144
1.09837
1.075
1.05135
1.02743
1.00326
0.978859
0.954234
0.929398
0.904373
0.879172
0.853819
0.82832
0.802694
0.776961
0.751123
0.725208
0.699234
0.673215
0.647173
0.621113
0.595058
0.56903
0.543034
0.517094
0.491227
0.465452
0.439782
0.414231
0.388822
0.363568
0.338486
0.313593
0.288911
0.264449
0.240223
0.216254
0.19256
0.169154
0.146048
0.12326
0.100812
0.0787111
0.0569778
0.0356262
0.0146727
-0.00586951
-0.0259921
-0.0456759
-0.0649066
-0.0836705
-0.101951
-0.119733
-0.137015
-0.153781
-0.17002
-0.185708
-0.200837
-0.215407
-0.229401
1.72486
1.72209
1.71865
1.71455
1.70982
1.70442
1.69835
1.69166
1.68434
1.67636
1.66773
1.65849
1.64864
1.63815
1.62703
1.61532
1.60302
1.59011
1.57662
1.56255
1.5479
1.53269
1.51693
1.50063
1.48379
1.46643
1.44855
1.43016
1.41129
1.39193
1.3721
1.35181
1.33107
1.3099
1.28831
1.26631
1.24392
1.22115
1.198
1.17451
1.15067
1.12651
1.10204
1.07727
1.05223
1.02692
1.00137
0.975581
0.949575
0.92337
0.896981
0.870426
0.843723
0.816886
0.789928
0.762874
0.735739
0.708531
0.681274
0.653996
0.626702
0.599411
0.572139
0.544912
0.517743
0.490647
0.463647
0.436755
0.409994
0.383378
0.356923
0.330651
0.304579
0.27872
0.253097
0.227725
0.202623
0.177813
0.153296
0.129092
0.10523
0.0817225
0.0585842
0.0358274
0.0134765
-0.00845542
-0.0299617
-0.0510261
-0.0716249
-0.0917463
-0.111376
-0.130494
-0.149095
-0.167164
-0.184691
-0.201654
-0.218043
-0.233846
-0.249051
-0.263652
1.78151
1.77864
1.77508
1.77081
1.76588
1.76027
1.75395
1.74697
1.73932
1.731
1.72199
1.71234
1.70204
1.69109
1.67948
1.66723
1.65437
1.64087
1.62677
1.61205
1.59674
1.58083
1.56435
1.54729
1.52968
1.51151
1.4928
1.47356
1.45381
1.43355
1.4128
1.39156
1.36986
1.3477
1.3251
1.30207
1.27863
1.25478
1.23055
1.20595
1.18099
1.15569
1.13007
1.10414
1.07791
1.05141
1.02465
0.997644
0.97041
0.942967
0.915332
0.887518
0.859546
0.831434
0.803201
0.774855
0.74643
0.717939
0.689394
0.660813
0.63222
0.603626
0.575059
0.546534
0.518067
0.489683
0.461395
0.433223
0.40518
0.377295
0.34958
0.322056
0.29474
0.267652
0.240807
0.214224
0.18793
0.161932
0.136245
0.110895
0.0859025
0.0612782
0.0370388
0.0132065
-0.0102003
-0.0331725
-0.0556998
-0.077752
-0.0993144
-0.12038
-0.140926
-0.160935
-0.180396
-0.199301
-0.217631
-0.235371
-0.252502
-0.269013
-0.284898
-0.300144
1.84056
1.83758
1.83388
1.82945
1.82432
1.81847
1.81189
1.80461
1.79662
1.78793
1.77854
1.76846
1.7577
1.74625
1.73412
1.72132
1.70787
1.69376
1.67901
1.66362
1.6476
1.63097
1.61373
1.59589
1.57746
1.55845
1.53887
1.51874
1.49806
1.47686
1.45514
1.43292
1.4102
1.387
1.36334
1.33924
1.31469
1.28973
1.26436
1.2386
1.21247
1.18598
1.15915
1.13199
1.10453
1.07677
1.04874
1.02046
0.991942
0.963196
0.934242
0.905107
0.875804
0.846358
0.816774
0.787085
0.75731
0.727458
0.697554
0.667615
0.637658
0.607703
0.577772
0.547882
0.518055
0.488318
0.458679
0.429152
0.399772
0.370549
0.34151
0.312669
0.28404
0.255653
0.227525
0.199674
0.172119
0.144872
0.117954
0.0913949
0.0652046
0.0394036
0.0140094
-0.0109606
-0.0354848
-0.0595606
-0.0831574
-0.106255
-0.128839
-0.1509
-0.172412
-0.193363
-0.213742
-0.233535
-0.252718
-0.271277
-0.289196
-0.306461
-0.323068
-0.339005
1.9021
1.89901
1.89517
1.89057
1.88522
1.87913
1.87227
1.86468
1.85635
1.84728
1.83748
1.82695
1.8157
1.80373
1.79106
1.77769
1.76362
1.74888
1.73345
1.71736
1.7006
1.6832
1.66516
1.6465
1.62722
1.60732
1.58683
1.56577
1.54413
1.52194
1.4992
1.47594
1.45216
1.42788
1.40311
1.37787
1.35218
1.32604
1.29947
1.27251
1.24514
1.2174
1.1893
1.16086
1.1321
1.10303
1.07368
1.04405
1.01418
0.984066
0.953747
0.923224
0.892523
0.861673
0.830687
0.799584
0.768386
0.737112
0.705777
0.674405
0.643013
0.611633
0.580269
0.548951
0.5177
0.486532
0.455461
0.424525
0.393736
0.363115
0.332676
0.302441
0.272439
0.242689
0.213208
0.184012
0.155128
0.126572
0.0983656
0.0705269
0.0430738
0.0160296
-0.0105879
-0.0367565
-0.0624618
-0.0876896
-0.112417
-0.136621
-0.160292
-0.183404
-0.205938
-0.22789
-0.24924
-0.269967
-0.290051
-0.309482
-0.328237
-0.346304
-0.363683
-0.380356
1.96624
1.96305
1.95906
1.95427
1.94871
1.94236
1.93522
1.9273
1.91861
1.90914
1.8989
1.88791
1.87615
1.86365
1.85041
1.83643
1.82173
1.80631
1.79017
1.77334
1.75582
1.73762
1.71874
1.69922
1.67904
1.65822
1.63679
1.61474
1.5921
1.56887
1.54507
1.52072
1.49583
1.47041
1.44448
1.41805
1.39115
1.36378
1.33597
1.30772
1.27907
1.25002
1.22059
1.19081
1.16069
1.13024
1.0995
1.06846
1.03716
1.00562
0.97385
0.941884
0.909727
0.877406
0.844944
0.81236
0.779673
0.7469
0.714064
0.681186
0.648296
0.615405
0.582539
0.549722
0.516974
0.4843
0.451736
0.419311
0.387039
0.354942
0.323037
0.291343
0.259897
0.228708
0.197799
0.167194
0.136917
0.106979
0.0774059
0.048215
0.0194342
-0.00891779
-0.0368252
-0.0642588
-0.0912094
-0.117657
-0.143575
-0.168954
-0.193768
-0.217992
-0.241617
-0.264621
-0.286995
-0.308712
-0.329761
-0.350114
-0.369757
-0.388679
-0.40688
-0.424326
2.03311
2.0298
2.02567
2.02069
2.0149
2.00828
2.00084
1.99258
1.98351
1.97363
1.96293
1.95145
1.93917
1.92611
1.91227
1.89766
1.88229
1.86616
1.84929
1.83169
1.81336
1.79432
1.77458
1.75415
1.73303
1.71125
1.68882
1.66575
1.64205
1.61774
1.59283
1.56734
1.54128
1.51466
1.48751
1.45984
1.43168
1.40302
1.3739
1.34432
1.31431
1.28389
1.25307
1.22188
1.19033
1.15844
1.12623
1.09372
1.06094
1.02789
0.994615
0.961121
0.927435
0.893575
0.859563
0.825423
0.791169
0.756823
0.722407
0.687959
0.653493
0.619024
0.584578
0.550184
0.515851
0.481608
0.447479
0.413486
0.379653
0.346003
0.312554
0.279334
0.246362
0.213662
0.181255
0.149165
0.117414
0.0860221
0.0550093
0.0244022
-0.00577683
-0.0355134
-0.0647736
-0.0935506
-0.121819
-0.149548
-0.176734
-0.203348
-0.229367
-0.254768
-0.279539
-0.303664
-0.327124
-0.349897
-0.371959
-0.393298
-0.413885
-0.433722
-0.452786
-0.471053
2.10282
2.0994
2.09511
2.08994
2.08391
2.07701
2.06925
2.06064
2.05118
2.04086
2.02969
2.0177
2.00488
1.99123
1.97676
1.96149
1.94542
1.92855
1.91091
1.8925
1.87333
1.85341
1.83276
1.81138
1.78929
1.7665
1.74302
1.71887
1.69407
1.66862
1.64254
1.61586
1.58858
1.56072
1.53229
1.50332
1.47383
1.44382
1.41332
1.38235
1.35093
1.31907
1.28679
1.25412
1.22107
1.18767
1.15394
1.11988
1.08553
1.05092
1.01606
0.98097
0.94567
0.910191
0.874556
0.83878
0.802884
0.76689
0.730832
0.694725
0.658597
0.622475
0.586373
0.550316
0.514331
0.478434
0.442657
0.407025
0.371551
0.336269
0.301198
0.26637
0.231793
0.197505
0.163516
0.129866
0.0965658
0.0636398
0.0311116
-0.000988469
-0.0326456
-0.0638295
-0.0945299
-0.124717
-0.154366
-0.183459
-0.211984
-0.239906
-0.267193
-0.29384
-0.31983
-0.345143
-0.369747
-0.393631
-0.416779
-0.439158
-0.460755
-0.481553
-0.501536
-0.520687
2.17551
2.17196
2.16751
2.16214
2.15586
2.14868
2.14059
2.13161
2.12173
2.11097
2.09931
2.08678
2.07338
2.05911
2.04399
2.02803
2.01123
1.99359
1.97514
1.95589
1.93584
1.915
1.89339
1.87102
1.84791
1.82405
1.79948
1.77421
1.74825
1.72161
1.69432
1.66639
1.63783
1.60866
1.5789
1.54856
1.51768
1.48626
1.45432
1.42188
1.38898
1.35561
1.32181
1.28759
1.25297
1.21798
1.18265
1.14698
1.111
1.07474
1.03821
1.00145
0.964463
0.927285
0.889936
0.852444
0.814827
0.777109
0.739324
0.701492
0.663627
0.625752
0.587911
0.550116
0.512387
0.474757
0.437247
0.399888
0.3627
0.325708
0.288937
0.252407
0.216145
0.180178
0.144538
0.109239
0.074305
0.0397702
0.00565586
-0.0280236
-0.0612401
-0.0939639
-0.126173
-0.157846
-0.188958
-0.219491
-0.24942
-0.278717
-0.30736
-0.335329
-0.362608
-0.389168
-0.414992
-0.440064
-0.464351
-0.48784
-0.510498
-0.532319
-0.553288
-0.573382
2.2513
2.24764
2.24301
2.23743
2.23089
2.22341
2.21498
2.20561
2.19531
2.18407
2.1719
2.15881
2.1448
2.12989
2.1141
2.09741
2.07984
2.0614
2.04211
2.02197
2.00099
1.97919
1.95658
1.93318
1.90899
1.88403
1.85832
1.83187
1.8047
1.77682
1.74825
1.71901
1.6891
1.65857
1.62741
1.59564
1.56331
1.53041
1.49697
1.463
1.42854
1.39359
1.35818
1.32234
1.28608
1.24943
1.21242
1.17505
1.13736
1.09937
1.0611
1.02258
0.983827
0.944871
0.905737
0.866446
0.827021
0.787505
0.747897
0.708234
0.668551
0.628856
0.589186
0.549563
0.510011
0.470554
0.431228
0.392057
0.353064
0.314273
0.275707
0.237392
0.199363
0.16164
0.124256
0.0872237
0.0505813
0.0143511
-0.0214528
-0.0567909
-0.0916417
-0.12598
-0.159783
-0.193029
-0.225691
-0.257739
-0.289146
-0.319902
-0.349976
-0.379342
-0.407983
-0.435874
-0.462985
-0.489304
-0.514815
-0.539472
-0.563265
-0.586185
-0.608205
-0.629292
2.33034
2.32655
2.32175
2.31594
2.30914
2.30135
2.29256
2.28278
2.27203
2.2603
2.24759
2.23392
2.21928
2.2037
2.1872
2.16975
2.15138
2.1321
2.11193
2.09086
2.06892
2.04612
2.02246
1.99797
1.97266
1.94654
1.91963
1.89195
1.86351
1.83433
1.80443
1.77381
1.7425
1.71053
1.67791
1.64466
1.6108
1.57635
1.54133
1.50576
1.46966
1.43306
1.39598
1.35844
1.32047
1.28207
1.2433
1.20415
1.16467
1.12486
1.08477
1.0444
1.0038
0.962983
0.921974
0.880793
0.839484
0.79806
0.756556
0.714991
0.673379
0.631774
0.590183
0.548639
0.507177
0.465813
0.424585
0.383506
0.34261
0.301922
0.26147
0.221293
0.181402
0.141833
0.102606
0.0637605
0.025318
-0.012704
-0.0502728
-0.0873599
-0.123937
-0.159982
-0.195462
-0.230365
-0.264656
-0.298298
-0.331279
-0.363573
-0.395157
-0.425999
-0.456087
-0.485372
-0.513849
-0.541505
-0.568299
-0.594213
-0.619213
-0.643296
-0.666423
-0.688574
2.41276
2.40883
2.40386
2.39783
2.39076
2.38264
2.37347
2.36327
2.35205
2.3398
2.32653
2.31225
2.29695
2.28068
2.26343
2.24519
2.22598
2.20582
2.18473
2.16269
2.13974
2.11588
2.09114
2.06552
2.03903
2.0117
1.98354
1.95456
1.9248
1.89426
1.86295
1.8309
1.79813
1.76466
1.73051
1.69569
1.66023
1.62416
1.58748
1.55023
1.51243
1.4741
1.43526
1.39594
1.35616
1.31595
1.27532
1.23432
1.19295
1.15125
1.10924
1.06695
1.02441
0.981642
0.938668
0.895519
0.852226
0.808812
0.765305
0.721729
0.678125
0.634506
0.590905
0.547354
0.503872
0.460502
0.41727
0.374196
0.331308
0.288629
0.246199
0.204053
0.162213
0.120703
0.0795526
0.038791
-0.00155643
-0.0414604
-0.0808813
-0.119802
-0.158208
-0.196049
-0.233303
-0.269945
-0.305952
-0.341288
-0.375917
-0.409841
-0.443025
-0.475437
-0.50704
-0.537805
-0.567733
-0.596801
-0.624974
-0.652211
-0.678489
-0.703799
-0.728117
-0.751413
2.49873
2.49466
2.48949
2.48324
2.47588
2.46742
2.45786
2.44723
2.43551
2.42272
2.40886
2.39394
2.37797
2.36097
2.34293
2.32386
2.30378
2.2827
2.26064
2.2376
2.21358
2.18862
2.16274
2.13593
2.10822
2.07961
2.05014
2.01982
1.98867
1.9567
1.92393
1.89037
1.85607
1.82103
1.78527
1.74881
1.71169
1.67391
1.63551
1.5965
1.55691
1.51676
1.47608
1.4349
1.39324
1.35112
1.30856
1.2656
1.22227
1.17858
1.13457
1.09027
1.04569
1.00087
0.95584
0.910623
0.86525
0.819749
0.774147
0.728477
0.682763
0.637036
0.591334
0.545679
0.500096
0.454615
0.409269
0.364097
0.319113
0.27435
0.229856
0.185644
0.141748
0.0981991
0.055015
0.0122329
-0.0301096
-0.0719811
-0.113352
-0.154222
-0.194541
-0.234273
-0.273385
-0.311872
-0.349692
-0.386804
-0.423187
-0.458833
-0.493707
-0.527763
-0.560972
-0.593311
-0.62478
-0.655347
-0.684978
-0.713614
-0.741245
-0.767868
-0.793453
-0.817979
2.58839
2.58418
2.57883
2.57232
2.56465
2.55583
2.54588
2.53479
2.52257
2.50921
2.49473
2.47915
2.46248
2.44471
2.42585
2.40591
2.38492
2.36289
2.33981
2.3157
2.29058
2.26448
2.23739
2.20934
2.18034
2.15041
2.11956
2.08783
2.05523
2.02177
1.98746
1.95234
1.91642
1.87974
1.84231
1.80414
1.76527
1.72571
1.68549
1.64465
1.60319
1.56114
1.51854
1.4754
1.43176
1.38764
1.34307
1.29807
1.25267
1.2069
1.16079
1.11437
1.06766
1.0207
0.973514
0.92613
0.878577
0.83089
0.783095
0.735223
0.687307
0.639377
0.591459
0.543583
0.495788
0.44811
0.400571
0.353187
0.305995
0.259051
0.212379
0.166005
0.119961
0.0742493
0.0289316
-0.0159614
-0.0603963
-0.104338
-0.147792
-0.190695
-0.233023
-0.274744
-0.315832
-0.35625
-0.395974
-0.434964
-0.473207
-0.51067
-0.547318
-0.583115
-0.618026
-0.652044
-0.685139
-0.717292
-0.748445
-0.77858
-0.807664
-0.835685
-0.862625
-0.88844
2.6819
2.67756
2.672
2.66523
2.65725
2.64806
2.63769
2.62613
2.61337
2.59943
2.58431
2.56803
2.55061
2.53204
2.51232
2.49148
2.46954
2.4465
2.42236
2.39714
2.37088
2.34357
2.31524
2.28589
2.25554
2.22422
2.19195
2.15874
2.12461
2.08959
2.05367
2.01691
1.97931
1.94091
1.90172
1.86176
1.82106
1.77963
1.73752
1.69475
1.65133
1.6073
1.56269
1.51751
1.4718
1.42559
1.37889
1.33176
1.2842
1.23625
1.18794
1.13931
1.09037
1.04116
0.991715
0.942058
0.892227
0.842248
0.792155
0.741979
0.691751
0.641505
0.59127
0.54108
0.49097
0.440967
0.391106
0.341415
0.291933
0.2427
0.19374
0.145086
0.0967568
0.0487963
0.00125381
-0.0458589
-0.0924966
-0.138639
-0.184253
-0.229299
-0.273748
-0.317565
-0.360722
-0.403186
-0.44491
-0.485887
-0.526087
-0.565469
-0.60399
-0.641627
-0.678361
-0.714141
-0.748958
-0.782775
-0.815567
-0.847291
-0.87792
-0.907431
-0.9358
-0.962993
2.77944
2.77495
2.76918
2.76214
2.75384
2.74427
2.73346
2.72139
2.70808
2.69352
2.67774
2.66074
2.64253
2.62313
2.60252
2.58074
2.5578
2.5337
2.50845
2.48209
2.45462
2.42604
2.3964
2.3657
2.33395
2.30117
2.2674
2.23265
2.19693
2.16027
2.12268
2.0842
2.04484
2.00464
1.9636
1.92177
1.87915
1.83579
1.79169
1.7469
1.70144
1.65533
1.6086
1.56129
1.51341
1.46501
1.4161
1.36672
1.3169
1.26668
1.21607
1.16511
1.11384
1.06228
1.01047
0.958435
0.906215
0.853835
0.801334
0.748743
0.696094
0.643421
0.590759
0.538142
0.4856
0.433169
0.380879
0.328769
0.27688
0.225241
0.173877
0.122828
0.0721258
0.021811
-0.0280877
-0.0775465
-0.126506
-0.17494
-0.222817
-0.270121
-0.31681
-0.36284
-0.40817
-0.452775
-0.496627
-0.539699
-0.581955
-0.623351
-0.66386
-0.703454
-0.742084
-0.77974
-0.816381
-0.851984
-0.886511
-0.919921
-0.95218
-0.983269
-1.01316
-1.04184
2.8812
2.87654
2.87055
2.86323
2.85459
2.84462
2.83335
2.82077
2.80688
2.79168
2.7752
2.75745
2.73842
2.71814
2.69662
2.67385
2.64985
2.62464
2.59825
2.57068
2.54194
2.51205
2.48104
2.44893
2.4157
2.3814
2.34606
2.3097
2.27231
2.23394
2.1946
2.15432
2.11312
2.07103
2.02808
1.98428
1.93966
1.89425
1.84809
1.80119
1.75358
1.7053
1.65636
1.60681
1.55667
1.50597
1.45475
1.40303
1.35084
1.29823
1.24521
1.19183
1.13811
1.08409
1.0298
0.975278
0.920554
0.865664
0.810641
0.75552
0.700337
0.645124
0.58992
0.534754
0.479667
0.424693
0.369862
0.315218
0.260795
0.206626
0.152746
0.0991955
0.0459954
-0.00680241
-0.0591774
-0.111077
-0.162468
-0.213314
-0.263591
-0.313272
-0.362302
-0.410646
-0.458274
-0.505149
-0.551238
-0.59652
-0.640943
-0.684468
-0.727071
-0.768712
-0.809368
-0.849005
-0.887589
-0.925075
-0.961427
-0.99663
-1.03063
-1.0634
-1.09494
-1.1252
2.98733
2.98251
2.9763
2.96869
2.9597
2.94931
2.93755
2.92443
2.90994
2.89408
2.87688
2.85833
2.83845
2.81726
2.79476
2.77095
2.74586
2.71951
2.69191
2.66307
2.63301
2.60175
2.56931
2.53571
2.50094
2.46506
2.42808
2.39002
2.35089
2.31073
2.26956
2.2274
2.18427
2.14021
2.09525
2.04939
2.00268
1.95515
1.90681
1.8577
1.80785
1.75729
1.70605
1.65415
1.60165
1.54855
1.4949
1.44073
1.38607
1.33095
1.27542
1.21949
1.16321
1.10662
1.04974
0.992609
0.935267
0.877746
0.820083
0.762317
0.704479
0.646606
0.588735
0.530907
0.473153
0.41551
0.35802
0.300717
0.24364
0.18682
0.130301
0.0741166
0.0183029
-0.0371014
-0.0920598
-0.146534
-0.200479
-0.253858
-0.306663
-0.358838
-0.410323
-0.4611
-0.511152
-0.560409
-0.608853
-0.65646
-0.70317
-0.748946
-0.793767
-0.837584
-0.880372
-0.922107
-0.962728
-1.0022
-1.0405
-1.07761
-1.11346
-1.14804
-1.18132
-1.21326
3.09802
3.09305
3.0866
3.07869
3.06932
3.05851
3.04626
3.03257
3.01744
3.00089
2.98293
2.96356
2.94278
2.92063
2.89711
2.87223
2.84601
2.81846
2.78959
2.75943
2.72799
2.69529
2.66136
2.6262
2.58983
2.55228
2.51359
2.47376
2.43281
2.39078
2.34769
2.30356
2.25842
2.2123
2.16523
2.11723
2.06833
2.01856
1.96795
1.91654
1.86434
1.8114
1.75774
1.7034
1.64841
1.59281
1.53662
1.47989
1.42264
1.36491
1.30674
1.24815
1.1892
1.1299
1.07031
1.01046
0.950371
0.890098
0.829673
0.769135
0.708517
0.64786
0.587203
0.526582
0.466034
0.405599
0.345321
0.285231
0.22537
0.165778
0.106491
0.0475484
-0.0110102
-0.0691451
-0.126817
-0.183987
-0.240616
-0.296667
-0.352104
-0.406885
-0.460974
-0.514335
-0.566909
-0.618677
-0.669611
-0.71965
-0.768754
-0.81691
-0.86408
-0.910199
-0.955243
-0.999177
-1.04196
-1.08355
-1.12394
-1.16306
-1.20087
-1.23736
-1.27249
-1.30622
3.2135
3.20834
3.20165
3.19343
3.18368
3.17242
3.15965
3.14537
3.12958
3.1123
3.09354
3.07331
3.05161
3.02846
3.00388
2.97787
2.95046
2.92165
2.89147
2.85993
2.82704
2.79284
2.75734
2.72056
2.68251
2.64323
2.60274
2.56105
2.51821
2.47422
2.42912
2.38294
2.33569
2.28742
2.23814
2.1879
2.13671
2.08461
2.03162
1.97779
1.92315
1.86771
1.81153
1.75463
1.69705
1.63882
1.57998
1.52056
1.46061
1.40014
1.33921
1.27785
1.21609
1.15398
1.09155
1.02884
0.965889
0.902737
0.839419
0.775977
0.712453
0.648881
0.585305
0.52176
0.45829
0.394935
0.33173
0.268723
0.205951
0.14345
0.0812627
0.0194335
-0.0419985
-0.102996
-0.163516
-0.223518
-0.282961
-0.34181
-0.400018
-0.457548
-0.514361
-0.570413
-0.625665
-0.680077
-0.733609
-0.786223
-0.837876
-0.888538
-0.938154
-0.986689
-1.03412
-1.0804
-1.12547
-1.16932
-1.21189
-1.25316
-1.29306
-1.33157
-1.36866
-1.40432
3.33394
3.3286
3.32166
3.31311
3.30297
3.29125
3.27794
3.26304
3.24656
3.22852
3.20893
3.18779
3.16513
3.14094
3.11525
3.08806
3.0594
3.02928
2.99772
2.96474
2.93035
2.89457
2.85743
2.81895
2.77915
2.73805
2.69568
2.65207
2.60723
2.5612
2.514
2.46567
2.41622
2.3657
2.31412
2.26152
2.20794
2.15339
2.09793
2.04157
1.98436
1.92633
1.8675
1.80793
1.74764
1.68666
1.62505
1.56282
1.50003
1.43671
1.37289
1.30862
1.24394
1.17887
1.11348
1.04778
0.981836
0.915669
0.849328
0.782852
0.716284
0.649665
0.583032
0.516428
0.449899
0.383481
0.31722
0.251158
0.185335
0.119789
0.0545673
-0.0102864
-0.0747337
-0.13873
-0.202234
-0.265204
-0.327601
-0.389381
-0.450501
-0.510916
-0.570587
-0.629473
-0.687529
-0.744714
-0.800991
-0.856315
-0.910648
-0.96394
-1.01615
-1.06725
-1.11719
-1.16593
-1.21344
-1.25966
-1.30455
-1.34809
-1.39021
-1.43089
-1.47009
-1.50778
3.45956
3.45404
3.44684
3.43796
3.4274
3.41519
3.40131
3.38577
3.36858
3.34975
3.32929
3.30721
3.28353
3.25826
3.23141
3.20299
3.17303
3.14154
3.10853
3.07404
3.03807
3.00065
2.96181
2.92155
2.87991
2.83692
2.79259
2.74695
2.70003
2.65187
2.60248
2.55189
2.50014
2.44726
2.39327
2.33822
2.28213
2.22504
2.16698
2.10798
2.04809
1.98733
1.92574
1.86337
1.80024
1.7364
1.67188
1.60673
1.54098
1.47466
1.40783
1.34052
1.27277
1.20463
1.13613
1.06732
0.998228
0.928912
0.859409
0.789762
0.720011
0.650198
0.580371
0.51057
0.44084
0.371221
0.301758
0.232498
0.163478
0.0947452
0.0263492
-0.0416711
-0.109276
-0.176415
-0.243048
-0.309132
-0.374622
-0.439476
-0.503643
-0.567086
-0.62976
-0.691621
-0.752624
-0.812727
-0.871887
-0.930061
-0.987205
-1.04327
-1.09823
-1.15202
-1.20462
-1.25597
-1.30603
-1.35476
-1.40212
-1.44806
-1.49254
-1.53552
-1.57697
-1.61683
3.59058
3.58487
3.57741
3.56818
3.55719
3.54447
3.53
3.51379
3.49585
3.47619
3.45483
3.43177
3.40703
3.38062
3.35256
3.32286
3.29153
3.25861
3.2241
3.18803
3.15041
3.11127
3.07064
3.02853
2.98497
2.93999
2.89361
2.84586
2.79677
2.74637
2.69468
2.64175
2.58759
2.53225
2.47575
2.41812
2.35942
2.29966
2.23888
2.17713
2.11443
2.05083
1.98635
1.92105
1.85496
1.78812
1.72057
1.65235
1.5835
1.51406
1.44408
1.37359
1.30264
1.23128
1.15953
1.08746
1.01509
0.94248
0.86967
0.796705
0.723625
0.650477
0.577308
0.504164
0.431084
0.358115
0.285304
0.212698
0.140341
0.0682779
-0.00344765
-0.074787
-0.145693
-0.216124
-0.286038
-0.355381
-0.424112
-0.492183
-0.559548
-0.626168
-0.691992
-0.756975
-0.821072
-0.884238
-0.946428
-1.0076
-1.0677
-1.1267
-1.18454
-1.24117
-1.29656
-1.35067
-1.40343
-1.45482
-1.50478
-1.55328
-1.60026
-1.64569
-1.68951
-1.7317
3.72723
3.72133
3.71358
3.70399
3.69256
3.6793
3.66422
3.64731
3.62859
3.60807
3.58577
3.56168
3.53583
3.50824
3.47891
3.44786
3.41512
3.3807
3.34461
3.30689
3.26755
3.22662
3.18412
3.14007
3.09451
3.04745
2.99893
2.94897
2.8976
2.84486
2.79078
2.73539
2.67871
2.6208
2.56167
2.50136
2.43992
2.37737
2.31376
2.24912
2.18349
2.11691
2.04942
1.98106
1.91188
1.8419
1.77118
1.69975
1.62767
1.55497
1.48169
1.40788
1.33359
1.25885
1.18371
1.10823
1.03244
0.956384
0.880119
0.803682
0.727125
0.650492
0.573831
0.497186
0.420606
0.344136
0.267825
0.191723
0.115871
0.040321
-0.0348825
-0.10969
-0.184057
-0.257937
-0.331276
-0.404033
-0.476157
-0.547603
-0.618323
-0.688267
-0.757394
-0.825652
-0.892994
-0.959377
-1.02475
-1.08907
-1.15228
-1.21436
-1.27523
-1.33486
-1.3932
-1.45021
-1.50583
-1.56003
-1.61275
-1.66395
-1.71358
-1.7616
-1.80796
-1.85261
3.86974
3.86364
3.8556
3.84564
3.83374
3.81993
3.8042
3.78656
3.76703
3.74561
3.72232
3.69716
3.67016
3.64133
3.61068
3.57823
3.544
3.50801
3.47028
3.43083
3.38969
3.34688
3.30243
3.25636
3.20869
3.15946
3.1087
3.05644
3.0027
2.94752
2.89093
2.83296
2.77366
2.71305
2.65117
2.58806
2.52376
2.4583
2.39172
2.32407
2.25537
2.18569
2.11504
2.04349
1.97107
1.89782
1.82378
1.74901
1.67355
1.59743
1.52071
1.44343
1.36564
1.28738
1.20871
1.12966
1.05028
0.970638
0.890758
0.8107
0.730508
0.650232
0.569919
0.489619
0.409382
0.329253
0.249284
0.169522
0.0900208
0.010824
-0.0680186
-0.146459
-0.224442
-0.301922
-0.37885
-0.45518
-0.53086
-0.605838
-0.680066
-0.753498
-0.826084
-0.897775
-0.968523
-1.03828
-1.10699
-1.17462
-1.24111
-1.30641
-1.37048
-1.43326
-1.49471
-1.55478
-1.61342
-1.67058
-1.72622
-1.78028
-1.83272
-1.88349
-1.93253
-1.97981
4.01836
4.01205
4.00371
3.99336
3.98098
3.96658
3.95019
3.93179
3.91141
3.88905
3.86473
3.83845
3.81025
3.78012
3.74809
3.71417
3.67839
3.64076
3.60131
3.56006
3.51704
3.47227
3.42578
3.37758
3.32773
3.27623
3.22312
3.16845
3.11222
3.05449
2.99528
2.93463
2.87258
2.80916
2.74441
2.67836
2.61107
2.54257
2.47289
2.40209
2.3302
2.25726
2.18333
2.10843
2.03262
1.95595
1.87846
1.80019
1.72119
1.64151
1.56119
1.48029
1.39884
1.31691
1.23453
1.15177
1.06865
0.985247
0.901596
0.817752
0.733768
0.649685
0.565556
0.481437
0.397379
0.313428
0.229634
0.146052
0.0627313
-0.0202767
-0.102922
-0.185153
-0.266918
-0.348167
-0.428851
-0.508916
-0.588312
-0.666987
-0.744892
-0.821975
-0.898188
-0.973475
-1.04779
-1.12109
-1.19331
-1.26441
-1.33433
-1.40303
-1.47045
-1.53654
-1.60127
-1.66456
-1.72638
-1.78668
-1.8454
-1.90249
-1.9579
-2.01157
-2.06348
-2.11355
4.17334
4.16681
4.15817
4.1474
4.13451
4.11952
4.10243
4.08324
4.06197
4.03863
4.01323
3.98579
3.95632
3.92483
3.89136
3.85591
3.81851
3.77917
3.73792
3.69479
3.64981
3.60298
3.55435
3.50395
3.4518
3.39793
3.34238
3.28518
3.22636
3.16596
3.10401
3.04055
2.97563
2.90927
2.84152
2.77241
2.70199
2.63031
2.5574
2.4833
2.40807
2.33173
2.25435
2.17597
2.09664
2.01639
1.93528
1.85335
1.77066
1.68726
1.60319
1.5185
1.43324
1.34747
1.26123
1.17457
1.08755
1.00022
0.912636
0.82484
0.736886
0.648831
0.560724
0.472618
0.384562
0.296619
0.208835
0.12126
0.0339522
-0.0530378
-0.139657
-0.22585
-0.311568
-0.396756
-0.481361
-0.565334
-0.648618
-0.73116
-0.812911
-0.893818
-0.973824
-1.05288
-1.13093
-1.20794
-1.28383
-1.35857
-1.4321
-1.50436
-1.57531
-1.64489
-1.71306
-1.77975
-1.84492
-1.90852
-1.97049
-2.03077
-2.08933
-2.14609
-2.20102
-2.25407
4.33493
4.32818
4.31921
4.30802
4.29461
4.27899
4.26117
4.24115
4.21896
4.19459
4.16807
4.13941
4.10862
4.07572
4.04074
4.00369
3.96459
3.92347
3.88034
3.83524
3.7882
3.73923
3.68837
3.63566
3.58111
3.52476
3.46665
3.40682
3.34528
3.28209
3.21728
3.15089
3.08297
3.01354
2.94265
2.87034
2.79666
2.72165
2.64536
2.56782
2.48909
2.40922
2.32824
2.24621
2.16319
2.07921
1.99432
1.90858
1.82204
1.73475
1.64674
1.5581
1.46886
1.37908
1.28881
1.19809
1.107
1.01558
0.923875
0.831952
0.739862
0.647658
0.555391
0.46312
0.3709
0.278789
0.186832
0.0950909
0.00362438
-0.0875258
-0.178292
-0.268626
-0.358475
-0.447779
-0.536487
-0.624541
-0.711884
-0.79847
-0.88424
-0.96914
-1.05312
-1.13612
-1.21809
-1.29898
-1.37872
-1.45727
-1.53457
-1.61058
-1.68523
-1.75848
-1.83026
-1.90053
-1.96922
-2.0363
-2.1017
-2.16536
-2.22724
-2.28727
-2.34541
-2.4016
4.50341
4.49643
4.48712
4.47548
4.46153
4.44526
4.42668
4.4058
4.38264
4.3572
4.32951
4.29957
4.26741
4.23303
4.19647
4.15775
4.11688
4.07388
4.0288
3.98164
3.93245
3.88124
3.82806
3.77292
3.71586
3.65693
3.59614
3.53355
3.46918
3.40308
3.33528
3.26583
3.19476
3.12212
3.04795
2.9723
2.89521
2.81673
2.7369
2.65578
2.5734
2.48982
2.40509
2.31926
2.23237
2.14449
2.05566
1.96593
1.87537
1.78401
1.69192
1.59915
1.50576
1.41179
1.3173
1.22236
1.127
1.03131
0.935315
0.839081
0.742671
0.646137
0.549531
0.452917
0.356349
0.259889
0.163582
0.0674933
-0.0283248
-0.123806
-0.218908
-0.313566
-0.407724
-0.501329
-0.594315
-0.686632
-0.778225
-0.869036
-0.959004
-1.04808
-1.13621
-1.22334
-1.30941
-1.39435
-1.47812
-1.56067
-1.64193
-1.72186
-1.8004
-1.87748
-1.95307
-2.02709
-2.0995
-2.17024
-2.23924
-2.30647
-2.37186
-2.43534
-2.49687
-2.55639
4.67905
4.67183
4.66217
4.65007
4.63555
4.6186
4.59923
4.57745
4.55327
4.52672
4.4978
4.46653
4.43293
4.39702
4.35881
4.31833
4.27561
4.23066
4.18353
4.13422
4.08278
4.02923
3.97361
3.91594
3.85627
3.79463
3.73105
3.66558
3.59825
3.5291
3.45817
3.38551
3.31117
3.23518
3.15759
3.07844
2.99779
2.91568
2.83216
2.74728
2.66109
2.57364
2.48499
2.39518
2.30428
2.21232
2.11937
2.02549
1.93073
1.83513
1.73876
1.64168
1.54395
1.44561
1.34673
1.24737
1.14758
1.04742
0.946944
0.846215
0.745298
0.644245
0.543117
0.44197
0.340868
0.239864
0.139022
0.0383982
-0.0619531
-0.16197
-0.261587
-0.360755
-0.459415
-0.557497
-0.654954
-0.751721
-0.84775
-0.942968
-1.03732
-1.13077
-1.22324
-1.31467
-1.40502
-1.49421
-1.5822
-1.66893
-1.75434
-1.83838
-1.92099
-2.0021
-2.08167
-2.15964
-2.23594
-2.31053
-2.38334
-2.45432
-2.5234
-2.59053
-2.65565
-2.71869
4.86213
4.85467
4.84465
4.83207
4.81695
4.79929
4.77909
4.75637
4.73115
4.70343
4.67323
4.64057
4.60546
4.56794
4.52801
4.4857
4.44104
4.39405
4.34477
4.29322
4.23943
4.18344
4.12527
4.06496
4.00255
3.93808
3.87158
3.80309
3.73267
3.66033
3.58615
3.51014
3.43237
3.35287
3.2717
3.1889
3.10453
3.01863
2.93125
2.84246
2.75229
2.6608
2.56805
2.47409
2.37898
2.28278
2.18554
2.0873
1.98815
1.88814
1.78731
1.68574
1.58348
1.48058
1.37711
1.27314
1.16872
1.0639
0.958756
0.853345
0.747726
0.641961
0.536113
0.430242
0.324406
0.218669
0.113092
0.00773015
-0.0973466
-0.202082
-0.306415
-0.410289
-0.513634
-0.616395
-0.718516
-0.819927
-0.920574
-1.0204
-1.11934
-1.21735
-1.31434
-1.41027
-1.50509
-1.59873
-1.69112
-1.78223
-1.87198
-1.96031
-2.04718
-2.13252
-2.21627
-2.29836
-2.37876
-2.45739
-2.5342
-2.60913
-2.68211
-2.75309
-2.82199
-2.88875
5.05295
5.04524
5.03484
5.02177
5.00602
4.98762
4.96656
4.94287
4.91654
4.8876
4.85607
4.82195
4.78527
4.74606
4.70433
4.66011
4.61343
4.56431
4.51279
4.45889
4.40264
4.34409
4.28326
4.22019
4.15492
4.08748
4.01793
3.94631
3.87264
3.79698
3.71938
3.63988
3.55852
3.47537
3.39046
3.30385
3.21559
3.12573
3.03433
2.94143
2.8471
2.7514
2.65437
2.55609
2.45659
2.35595
2.25422
2.15145
2.04773
1.9431
1.83762
1.73135
1.62436
1.51671
1.40847
1.29968
1.19042
1.08076
0.970737
0.860438
0.749919
0.63924
0.528474
0.417674
0.306902
0.196233
0.0857185
-0.0245735
-0.134578
-0.244234
-0.353485
-0.462259
-0.570498
-0.678132
-0.785109
-0.891371
-0.996843
-1.10147
-1.20519
-1.30795
-1.40967
-1.5103
-1.60978
-1.70806
-1.80506
-1.90073
-1.99501
-2.08784
-2.17917
-2.26893
-2.35705
-2.44348
-2.52816
-2.61103
-2.69203
-2.7711
-2.84819
-2.92323
-2.99618
-3.06683
5.25182
5.24384
5.23305
5.21946
5.20307
5.18389
5.16194
5.13722
5.10974
5.07953
5.04659
5.01095
4.97264
4.93167
4.88806
4.84184
4.79304
4.7417
4.68783
4.63147
4.57266
4.51143
4.44782
4.38186
4.3136
4.24308
4.17034
4.09542
4.01837
3.93923
3.85807
3.77491
3.68982
3.60283
3.51402
3.42343
3.3311
3.23711
3.1415
3.04433
2.94567
2.84556
2.74407
2.64126
2.53718
2.4319
2.3255
2.218
2.1095
2.00005
1.88971
1.77855
1.66663
1.55402
1.44079
1.32699
1.21269
1.09796
0.982866
0.867473
0.751846
0.636047
0.520148
0.404209
0.288298
0.172485
0.0568316
-0.058599
-0.173741
-0.288527
-0.402894
-0.516778
-0.630111
-0.742832
-0.854876
-0.966184
-1.07668
-1.18632
-1.29502
-1.40273
-1.50938
-1.61492
-1.71926
-1.82238
-1.92418
-2.02462
-2.12364
-2.22116
-2.31715
-2.41152
-2.50422
-2.59518
-2.68435
-2.77166
-2.85706
-2.94047
-3.02183
-3.10108
-3.17813
-3.25307
5.45905
5.45079
5.4396
5.42547
5.4084
5.38842
5.36552
5.33973
5.31105
5.27951
5.24511
5.20789
5.16786
5.12505
5.07947
5.03116
4.98015
4.92648
4.87016
4.81124
4.74974
4.68571
4.61919
4.55022
4.47883
4.40508
4.329
4.25065
4.17006
4.08729
4.0024
3.91542
3.82642
3.73544
3.64255
3.54779
3.45122
3.35291
3.25291
3.15128
3.04808
2.94337
2.83722
2.72969
2.62083
2.51072
2.39942
2.287
2.17352
2.05904
1.94363
1.82736
1.71031
1.59253
1.47409
1.35506
1.23551
1.11551
0.995118
0.874415
0.753464
0.632327
0.511084
0.389797
0.268529
0.147356
0.0263465
-0.0944356
-0.214928
-0.335058
-0.454762
-0.573965
-0.692603
-0.810616
-0.927943
-1.04451
-1.16024
-1.27509
-1.38898
-1.50185
-1.61364
-1.72428
-1.83371
-1.94186
-2.04868
-2.15409
-2.25805
-2.36048
-2.46132
-2.56051
-2.65799
-2.7537
-2.84756
-2.93952
-3.02952
-3.11749
-3.20338
-3.28711
-3.36863
-3.44788
5.67495
5.66641
5.65479
5.6401
5.62233
5.6015
5.57763
5.55072
5.52079
5.48785
5.45193
5.41305
5.37122
5.32648
5.27886
5.22836
5.17504
5.11893
5.06004
4.99844
4.93414
4.86719
4.79762
4.72549
4.65084
4.57371
4.49414
4.4122
4.32792
4.24135
4.15256
4.0616
3.96851
3.87336
3.7762
3.67709
3.5761
3.47328
3.36869
3.2624
3.15446
3.04495
2.93394
2.82147
2.70763
2.59248
2.47608
2.3585
2.23982
2.1201
1.99941
1.87782
1.75541
1.63223
1.50837
1.38389
1.25886
1.13336
1.00746
0.881219
0.754719
0.628026
0.501215
0.374355
0.247514
0.120762
-0.00583157
-0.132189
-0.258253
-0.383946
-0.509198
-0.633936
-0.758104
-0.881626
-1.00444
-1.12647
-1.24766
-1.36793
-1.48723
-1.60548
-1.72262
-1.83858
-1.9533
-2.0667
-2.17873
-2.28934
-2.39844
-2.50598
-2.6119
-2.71612
-2.81859
-2.91923
-3.018
-3.11482
-3.20964
-3.3024
-3.39302
-3.48143
-3.56758
-3.65141
5.89986
5.89102
5.87897
5.86368
5.84518
5.82348
5.79858
5.7705
5.73925
5.70486
5.66735
5.62673
5.58304
5.53629
5.48651
5.43373
5.378
5.31933
5.25777
5.19335
5.12612
5.05611
4.98337
4.90794
4.82987
4.7492
4.666
4.5803
4.49215
4.40162
4.30876
4.21362
4.11627
4.01675
3.91514
3.81149
3.70587
3.59834
3.48896
3.3778
3.26493
3.15041
3.03431
2.9167
2.79765
2.67723
2.55551
2.43256
2.30846
2.18328
2.05707
1.92993
1.80193
1.67314
1.54361
1.41345
1.28273
1.1515
1.01984
0.887843
0.755565
0.623081
0.49047
0.357799
0.225155
0.0925977
-0.0398
-0.171965
-0.303821
-0.435302
-0.566326
-0.696834
-0.826753
-0.95601
-1.08453
-1.21226
-1.33912
-1.46504
-1.58996
-1.7138
-1.8365
-1.95799
-2.07821
-2.1971
-2.31456
-2.43056
-2.54503
-2.65788
-2.76908
-2.87854
-2.9862
-3.09201
-3.1959
-3.2978
-3.39766
-3.49541
-3.59097
-3.68428
-3.77529
-3.86393
6.13411
6.12498
6.11246
6.09656
6.07729
6.05467
6.0287
5.9994
5.96679
5.93088
5.89169
5.84926
5.80361
5.75475
5.70272
5.64756
5.58929
5.52797
5.4636
5.39625
5.32595
5.25274
5.17668
5.09781
5.01616
4.93181
4.84479
4.75516
4.66298
4.5683
4.47118
4.37169
4.26987
4.1658
4.05954
3.95115
3.84069
3.72824
3.61385
3.49761
3.37958
3.25982
3.13842
3.01544
2.89096
2.76504
2.63778
2.50923
2.37947
2.24858
2.11663
1.9837
1.84988
1.71522
1.57981
1.44373
1.30706
1.16987
1.03223
0.894218
0.755917
0.617408
0.47876
0.340054
0.201365
0.062766
-0.0756739
-0.213877
-0.351769
-0.489266
-0.626304
-0.762802
-0.898696
-1.03392
-1.16839
-1.30204
-1.4348
-1.56658
-1.69734
-1.827
-1.95549
-2.08274
-2.20868
-2.33323
-2.45636
-2.57797
-2.69801
-2.81641
-2.93309
-3.04801
-3.16109
-3.27228
-3.3815
-3.4887
-3.5938
-3.69675
-3.79748
-3.89592
-3.99201
-4.08568
6.37807
6.36861
6.35561
6.33907
6.31901
6.29543
6.26834
6.23777
6.20372
6.16622
6.1253
6.08096
6.03326
5.98219
5.92782
5.87016
5.80924
5.74512
5.67783
5.60741
5.53391
5.45736
5.37783
5.29534
5.20997
5.12175
5.03074
4.93701
4.84061
4.74159
4.64004
4.53598
4.42951
4.32068
4.20955
4.0962
3.9807
3.8631
3.74349
3.62194
3.49852
3.37331
3.24637
3.11779
2.98764
2.85599
2.72293
2.58853
2.45288
2.31604
2.17811
2.03914
1.89925
1.75848
1.61694
1.47469
1.33182
1.1884
1.04452
0.900268
0.755711
0.610931
0.466
0.321006
0.176026
0.0311325
-0.113595
-0.258077
-0.402231
-0.545986
-0.689264
-0.832002
-0.974114
-1.11553
-1.25619
-1.39599
-1.53486
-1.67275
-1.80958
-1.94528
-2.07978
-2.213
-2.34488
-2.47535
-2.60434
-2.73179
-2.85762
-2.98178
-3.10418
-3.22477
-3.34349
-3.46027
-3.57504
-3.68774
-3.79831
-3.90669
-4.0128
-4.11659
-4.21798
-4.31693
6.63207
6.62228
6.60878
6.59158
6.57068
6.5461
6.51784
6.48593
6.45039
6.41123
6.36848
6.32216
6.2723
6.21894
6.16211
6.10183
6.03816
5.97112
5.90076
5.82713
5.75027
5.67023
5.58705
5.5008
5.41151
5.31926
5.2241
5.12608
5.02527
4.92173
4.81551
4.7067
4.59535
4.48155
4.36534
4.24681
4.12603
4.00307
3.878
3.75091
3.62186
3.49095
3.35824
3.2238
3.08774
2.95012
2.811
2.67051
2.5287
2.38567
2.24148
2.09624
1.95001
1.80288
1.65494
1.50627
1.35694
1.20705
1.05669
0.905927
0.754846
0.603534
0.452066
0.300531
0.149012
-0.00242196
-0.153693
-0.304696
-0.455363
-0.605622
-0.755404
-0.904614
-1.05319
-1.20104
-1.3481
-1.49428
-1.63953
-1.78375
-1.92688
-2.06885
-2.20959
-2.34902
-2.48707
-2.62367
-2.75875
-2.89225
-3.0241
-3.15423
-3.28257
-3.40906
-3.53363
-3.65622
-3.77676
-3.89519
-4.01145
-4.12547
-4.23719
-4.34655
-4.45348
-4.55792
6.89649
6.88636
6.87234
6.85444
6.83267
6.80703
6.77756
6.74425
6.70714
6.66624
6.62158
6.57319
6.52108
6.46532
6.40591
6.34291
6.27634
6.20625
6.13268
6.0557
5.97533
5.89163
5.80464
5.71444
5.62108
5.5246
5.42509
5.32258
5.21716
5.10887
4.99781
4.88402
4.76758
4.64858
4.52706
4.40312
4.27683
4.14826
4.0175
3.88462
3.74971
3.61284
3.47409
3.33355
3.19131
3.04745
2.90205
2.75519
2.60696
2.45746
2.30677
2.15497
2.00214
1.84838
1.69378
1.53841
1.38237
1.22574
1.06861
0.911075
0.753215
0.595103
0.436847
0.278508
0.120184
-0.0380527
-0.19611
-0.353895
-0.511338
-0.668368
-0.824887
-0.980826
-1.1361
-1.29064
-1.44434
-1.59716
-1.749
-1.89979
-2.04947
-2.19795
-2.34516
-2.49102
-2.63547
-2.77843
-2.91983
-3.05962
-3.1977
-3.33402
-3.46853
-3.60113
-3.73177
-3.86039
-3.98692
-4.1113
-4.23346
-4.35335
-4.47091
-4.58607
-4.69875
-4.80891
7.1717
7.16121
7.14664
7.12801
7.10533
7.07861
7.04785
7.01309
6.97433
6.93161
6.88496
6.83439
6.77995
6.72165
6.65956
6.59369
6.52409
6.45081
6.3739
6.29339
6.20935
6.12183
6.03087
5.93654
5.8389
5.73801
5.63394
5.52674
5.41649
5.30326
5.18711
5.06812
4.94638
4.82193
4.69487
4.56528
4.43324
4.29881
4.1621
4.02318
3.88213
3.73904
3.594
3.44709
3.29841
3.14804
2.99606
2.84257
2.68766
2.53141
2.37393
2.2153
2.0556
1.89493
1.73338
1.57105
1.40802
1.24437
1.08021
0.915623
0.750695
0.585523
0.420182
0.254767
0.0893772
-0.075914
-0.241029
-0.405868
-0.57035
-0.734399
-0.897918
-1.06083
-1.22306
-1.38453
-1.54516
-1.70485
-1.86353
-2.02113
-2.17759
-2.33282
-2.48674
-2.63927
-2.79034
-2.93988
-3.08784
-3.23413
-3.37868
-3.52143
-3.6623
-3.80124
-3.93817
-4.07304
-4.20578
-4.33633
-4.46463
-4.59061
-4.71422
-4.83538
-4.95406
-5.07017
7.45807
7.44721
7.43207
7.41269
7.38906
7.36118
7.32909
7.2928
7.25233
7.20771
7.15896
7.10612
7.04921
6.98829
6.92338
6.85451
6.78175
6.70513
6.6247
6.54051
6.45264
6.36111
6.26599
6.16734
6.06523
5.95973
5.85089
5.7388
5.62351
5.50509
5.38364
5.25921
5.13191
5.00178
4.86893
4.73343
4.59537
4.45483
4.3119
4.16667
4.01922
3.86965
3.71803
3.56447
3.40907
3.2519
3.09307
2.93267
2.77078
2.60751
2.44295
2.27718
2.11033
1.94247
1.77368
1.60409
1.43378
1.26283
1.09135
0.91943
0.747163
0.574636
0.401941
0.229178
0.0564309
-0.116209
-0.288649
-0.460807
-0.632592
-0.803927
-0.974709
-1.14487
-1.31432
-1.48297
-1.65076
-1.81757
-1.98335
-2.14803
-2.31151
-2.47371
-2.63457
-2.79402
-2.95194
-3.10832
-3.26304
-3.41608
-3.56731
-3.7167
-3.86419
-4.00968
-4.15313
-4.29447
-4.43363
-4.57058
-4.70522
-4.83751
-4.96739
-5.0948
-5.21967
-5.34196
7.75601
7.74476
7.72903
7.70885
7.68421
7.65514
7.62165
7.58376
7.5415
7.49488
7.44395
7.38873
7.32926
7.26557
7.1977
7.12571
7.04963
6.96951
6.88541
6.79738
6.70548
6.60976
6.51028
6.40713
6.30035
6.19001
6.07619
5.95896
5.8384
5.71458
5.58756
5.45746
5.32433
5.18827
5.04937
4.9077
4.76336
4.61643
4.46701
4.31518
4.16104
4.0047
3.84623
3.68574
3.52331
3.35907
3.19308
3.02546
2.8563
2.6857
2.51376
2.34058
2.16626
1.99089
1.81458
1.63744
1.45954
1.281
1.1019
0.922355
0.742444
0.562265
0.381938
0.201541
0.0211586
-0.159106
-0.339158
-0.518924
-0.698295
-0.877184
-1.05551
-1.23318
-1.41012
-1.58623
-1.76142
-1.93562
-2.10875
-2.28073
-2.45149
-2.62092
-2.78896
-2.95554
-3.12058
-3.28402
-3.44576
-3.60574
-3.7639
-3.92017
-4.07448
-4.22675
-4.37693
-4.52495
-4.67078
-4.81432
-4.95554
-5.09435
-5.23072
-5.36459
-5.49589
-5.62456
8.06591
8.05424
8.0379
8.01689
7.9912
7.96087
7.92592
7.88636
7.84222
7.79352
7.74029
7.68258
7.62042
7.55383
7.48288
7.40761
7.32805
7.24428
7.15633
7.06427
6.96816
6.86807
6.76403
6.65616
6.54448
6.42909
6.31006
6.18747
6.06139
5.9319
5.79909
5.66304
5.52383
5.38158
5.23634
5.08823
4.93731
4.7837
4.62751
4.46879
4.30768
4.14426
3.97863
3.8109
3.64116
3.46951
3.29607
3.12092
2.94418
2.76594
2.58631
2.4054
2.2233
2.04013
1.85599
1.67098
1.48519
1.29873
1.1117
0.924215
0.736369
0.548251
0.359989
0.17164
-0.0166774
-0.204859
-0.392815
-0.580448
-0.767702
-0.954444
-1.14058
-1.32604
-1.51072
-1.69454
-1.87742
-2.05928
-2.24002
-2.41957
-2.59784
-2.77474
-2.95022
-3.12419
-3.29657
-3.46729
-3.63628
-3.80345
-3.96875
-4.13213
-4.29348
-4.45276
-4.6099
-4.76483
-4.91751
-5.06788
-5.21587
-5.36142
-5.5045
-5.64504
-5.78298
-5.91825
8.38816
8.37607
8.35908
8.33719
8.31042
8.27878
8.24229
8.20097
8.15486
8.10398
8.04835
7.98803
7.92305
7.85345
7.77927
7.70054
7.61736
7.52976
7.43779
7.34151
7.241
7.13631
7.02751
6.91469
6.7979
6.67722
6.55274
6.42452
6.29267
6.15727
6.01839
5.87612
5.73058
5.58183
5.42997
5.27511
5.11735
4.95677
4.79348
4.62758
4.45918
4.28838
4.11528
3.93999
3.7626
3.58324
3.402
3.21902
3.03437
2.84816
2.66053
2.47156
2.28137
2.09008
1.89776
1.70454
1.51054
1.31586
1.12058
0.924847
0.728739
0.532367
0.335837
0.139254
-0.0572861
-0.253696
-0.449866
-0.645693
-0.84108
-1.03595
-1.23019
-1.42371
-1.61642
-1.80825
-1.99909
-2.18886
-2.37747
-2.56484
-2.75089
-2.93552
-3.11867
-3.30028
-3.48024
-3.65848
-3.83494
-4.00955
-4.18223
-4.35291
-4.52153
-4.68804
-4.85235
-5.01441
-5.17417
-5.33157
-5.48655
-5.63905
-5.78904
-5.93645
-6.08124
-6.22333
8.72318
8.71064
8.69297
8.67017
8.64226
8.60924
8.57114
8.52799
8.47982
8.42665
8.36852
8.30546
8.23753
8.16476
8.08719
8.00488
7.91789
7.82626
7.73008
7.6294
7.52427
7.41477
7.30099
7.18299
7.06084
6.93463
6.80444
6.67036
6.53247
6.39087
6.24564
6.09688
5.94469
5.78916
5.6304
5.4685
5.30355
5.1357
4.96501
4.79161
4.61558
4.43707
4.25616
4.07298
3.88764
3.70023
3.51088
3.31969
3.1268
2.93229
2.73631
2.53895
2.34031
2.14053
1.93973
1.73799
1.53545
1.3322
1.12834
0.924031
0.719341
0.514389
0.309291
0.10414
-0.100975
-0.305917
-0.510582
-0.714895
-0.918745
-1.12204
-1.32467
-1.52654
-1.72758
-1.92768
-2.12674
-2.3247
-2.52145
-2.7169
-2.91097
-3.10359
-3.29469
-3.48417
-3.67195
-3.85796
-4.04213
-4.22439
-4.40467
-4.5829
-4.75901
-4.93296
-5.10465
-5.27405
-5.44108
-5.60573
-5.7679
-5.92757
-6.08466
-6.23916
-6.39098
-6.54009
9.07138
9.05838
9.03999
9.01624
8.98712
8.95266
8.91288
8.86782
8.81748
8.76192
8.70115
8.63524
8.56421
8.48812
8.40701
8.32093
8.22995
8.13413
8.03354
7.92822
7.81827
7.70376
7.58474
7.46132
7.33357
7.20156
7.06541
6.92518
6.78098
6.6329
6.48103
6.32547
6.16634
6.00372
5.83773
5.66847
5.49603
5.32055
5.14214
4.96089
4.77692
4.59035
4.4013
4.20988
4.01621
3.82042
3.62259
3.42288
3.22138
3.01823
2.81353
2.60741
2.39999
2.19141
1.98173
1.77114
1.55969
1.34752
1.13476
0.921526
0.707924
0.494053
0.280046
0.065988
-0.147986
-0.361773
-0.575268
-0.788384
-1.001
-1.21304
-1.42437
-1.63489
-1.84452
-2.05318
-2.26075
-2.46718
-2.67233
-2.87613
-3.0785
-3.27937
-3.47865
-3.67625
-3.87208
-4.0661
-4.25821
-4.44836
-4.63647
-4.82246
-5.00629
-5.18788
-5.36718
-5.54411
-5.71865
-5.89073
-6.0603
-6.22731
-6.39172
-6.55348
-6.71253
-6.86884
9.43318
9.41969
9.40056
9.3758
9.34543
9.30946
9.26792
9.22084
9.16824
9.11017
9.04665
8.97774
8.90347
8.82389
8.73907
8.64905
8.5539
8.45368
8.34845
8.2383
8.12331
8.00352
7.87903
7.74994
7.61631
7.47826
7.33585
7.1892
7.03839
6.88353
6.72471
6.56205
6.39564
6.22562
6.05207
5.87509
5.69483
5.51139
5.3249
5.13546
4.94319
4.74822
4.55067
4.35064
4.1483
3.94374
3.73708
3.52845
3.31799
3.10582
2.89206
2.67683
2.46027
2.24247
2.02359
1.80374
1.58304
1.36161
1.13959
0.917089
0.694205
0.471071
0.247815
0.0245391
-0.198641
-0.421626
-0.644282
-0.866519
-1.08823
-1.30929
-1.52963
-1.74911
-1.96764
-2.18515
-2.40153
-2.61668
-2.83052
-3.04294
-3.25389
-3.46326
-3.67095
-3.87692
-4.08107
-4.28332
-4.48362
-4.68188
-4.87804
-5.07201
-5.26375
-5.45321
-5.64032
-5.825
-6.00723
-6.18694
-6.3641
-6.53865
-6.71054
-6.87975
-7.04622
-7.20992
9.80901
9.79501
9.77509
9.74928
9.71759
9.68005
9.63666
9.58747
9.5325
9.47179
9.40539
9.33333
9.25567
9.17244
9.08372
8.98958
8.89005
8.78522
8.67515
8.55994
8.43964
8.31434
8.18413
8.04909
7.90933
7.76492
7.61598
7.4626
7.30487
7.14291
6.97684
6.80674
6.63274
6.45495
6.27349
6.08847
5.90003
5.70829
5.51334
5.31534
5.1144
4.91065
4.70421
4.49522
4.2838
4.0701
3.85424
3.63631
3.41651
3.19494
2.97172
2.747
2.5209
2.29352
2.06505
1.8356
1.60527
1.37422
1.14255
0.910405
0.677875
0.44513
0.212265
-0.0205853
-0.253329
-0.485836
-0.717996
-0.949686
-1.18079
-1.41122
-1.64087
-1.86962
-2.09737
-2.32403
-2.54949
-2.77366
-2.99645
-3.21779
-3.43756
-3.65569
-3.87209
-4.08665
-4.29936
-4.51009
-4.71881
-4.9254
-5.12981
-5.332
-5.53188
-5.72941
-5.92452
-6.11714
-6.30724
-6.49478
-6.67972
-6.86197
-7.04154
-7.21837
-7.39242
-7.56367
10.1993
10.1848
10.164
10.1371
10.104
10.0648
10.0195
9.96811
9.91065
9.84718
9.77775
9.7024
9.62118
9.53413
9.44133
9.34284
9.23875
9.12908
9.01394
8.89342
8.76758
8.6365
8.5003
8.35904
8.21284
8.06179
7.906
7.74557
7.5806
7.41122
7.23754
7.05967
6.87773
6.69184
6.50211
6.30869
6.1117
5.91123
5.70747
5.50053
5.29054
5.0776
4.8619
4.64354
4.42265
4.19941
3.97394
3.74635
3.51678
3.28541
3.05233
2.81771
2.58166
2.34434
2.10589
1.86641
1.62606
1.38499
1.14331
0.901118
0.658604
0.415867
0.173026
-0.0698019
-0.312432
-0.554813
-0.796808
-1.03829
-1.27914
-1.51927
-1.75855
-1.99688
-2.23414
-2.47025
-2.70508
-2.93859
-3.17065
-3.40115
-3.63002
-3.85718
-4.0825
-4.30594
-4.52744
-4.74691
-4.96423
-5.1794
-5.39231
-5.60291
-5.81113
-6.01692
-6.22022
-6.42099
-6.61915
-6.81469
-7.00755
-7.1977
-7.38511
-7.56973
-7.75151
-7.93047
10.6045
10.5894
10.5678
10.5397
10.5052
10.4642
10.4169
10.3632
10.3031
10.2367
10.1641
10.0853
10.0004
9.90931
9.81225
9.70923
9.60032
9.48559
9.36515
9.23904
9.10738
8.97026
8.82777
8.68003
8.52708
8.36907
8.20611
8.03831
7.86576
7.68861
7.50698
7.32097
7.13071
6.93633
6.73797
6.53575
6.3298
6.12028
5.90729
5.691
5.47152
5.24902
5.02365
4.79549
4.56475
4.33153
4.09602
3.85833
3.61861
3.377
3.13364
2.88871
2.64233
2.39463
2.14578
1.89589
1.64514
1.39362
1.14151
0.888925
0.63599
0.38288
0.129691
-0.123419
-0.376359
-0.628987
-0.881175
-1.1328
-1.38375
-1.6339
-1.88313
-2.13137
-2.37848
-2.62435
-2.8689
-3.11203
-3.3536
-3.59352
-3.83177
-4.06821
-4.30274
-4.53532
-4.76586
-4.99427
-5.22048
-5.44442
-5.66602
-5.88523
-6.10199
-6.31625
-6.52794
-6.73701
-6.94339
-7.1471
-7.34808
-7.54629
-7.74167
-7.93421
-8.12389
-8.3107
11.025
11.0092
10.9867
10.9575
10.9214
10.8787
10.8292
10.773
10.7102
10.6408
10.5649
10.4825
10.3936
10.2983
10.1968
10.089
9.97507
9.85505
9.72902
9.59709
9.45936
9.31589
9.16683
9.01224
8.85224
8.68695
8.51649
8.34098
8.16051
7.97522
7.78525
7.59072
7.39176
7.18851
6.98111
6.76968
6.55438
6.33535
6.11273
5.88667
5.65731
5.4248
5.1893
4.95096
4.70989
4.4663
4.2203
3.97208
3.72174
3.46949
3.21545
2.95977
2.70259
2.44409
2.18442
1.92372
1.66209
1.39974
1.13678
0.873391
0.609683
0.345792
0.0818679
-0.181973
-0.445581
-0.708829
-0.971569
-1.23368
-1.49508
-1.75563
-2.01519
-2.27367
-2.53093
-2.78688
-3.04143
-3.29444
-3.54584
-3.79552
-4.0434
-4.28939
-4.53338
-4.77533
-5.01515
-5.25275
-5.48804
-5.72096
-5.95148
-6.17953
-6.40502
-6.62791
-6.84817
-7.06571
-7.28052
-7.49255
-7.70177
-7.90816
-8.11167
-8.31229
-8.51
-8.70478
11.4612
11.4448
11.4214
11.3908
11.3532
11.3085
11.2568
11.1981
11.1324
11.0599
10.9804
10.8942
10.8012
10.7016
10.5953
10.4826
10.3633
10.2377
10.1059
9.96786
9.82374
9.67365
9.51768
9.35593
9.18854
9.01564
8.83732
8.65371
8.46493
8.27114
8.07245
7.86902
7.66097
7.44842
7.23156
7.01051
6.78544
6.55647
6.32377
6.08751
5.8478
5.60485
5.35878
5.10975
4.85795
4.60351
4.34659
4.08735
3.82598
3.56262
3.29742
3.03054
2.76214
2.49239
2.22145
1.94946
1.67657
1.40292
1.12873
0.854093
0.579135
0.304067
0.0289868
-0.245965
-0.520612
-0.794851
-1.06855
-1.34157
-1.61376
-1.88504
-2.15526
-2.4243
-2.69206
-2.9584
-3.22325
-3.48647
-3.74799
-4.00772
-4.26553
-4.52132
-4.77506
-5.02662
-5.27593
-5.52293
-5.76755
-6.0097
-6.24933
-6.48639
-6.72079
-6.9525
-7.18149
-7.40767
-7.63103
-7.85155
-8.06917
-8.28389
-8.49563
-8.70443
-8.91027
-9.11313
11.9136
11.8966
11.8721
11.8402
11.8009
11.7542
11.7002
11.6388
11.5701
11.4942
11.4111
11.3209
11.2236
11.1194
11.0082
10.8902
10.7654
10.634
10.496
10.3516
10.2008
10.0437
9.88053
9.7113
9.53619
9.35528
9.16871
8.97665
8.77918
8.57647
8.36867
8.15589
7.9383
7.71607
7.4893
7.2582
7.02291
6.78354
6.5403
6.29338
6.0429
5.78901
5.5319
5.27174
5.0087
4.74295
4.47463
4.20393
3.93102
3.65605
3.37923
3.10068
2.8206
2.53913
2.25644
1.9727
1.68809
1.40276
1.11684
0.830487
0.543909
0.257227
-0.0294404
-0.315918
-0.601995
-0.887634
-1.17268
-1.45694
-1.74035
-2.02272
-2.30393
-2.58389
-2.86248
-3.13956
-3.41505
-3.68881
-3.96073
-4.23076
-4.49878
-4.76469
-5.02839
-5.28981
-5.54888
-5.80553
-6.05967
-6.31124
-6.56019
-6.80645
-7.04993
-7.29064
-7.5285
-7.76347
-7.99555
-8.22466
-8.45082
-8.67396
-8.89406
-9.11115
-9.32521
-9.53623
12.3826
12.3649
12.3394
12.3061
12.265
12.2162
12.1597
12.0955
12.0237
11.9442
11.8573
11.7629
11.6611
11.552
11.4357
11.3122
11.1817
11.0441
10.8997
10.7486
10.5908
10.4264
10.2556
10.0786
9.89533
9.70604
9.51086
9.30992
9.10335
8.89132
8.67394
8.45141
8.22387
7.99145
7.75434
7.51271
7.26669
7.01648
6.76226
6.50418
6.24238
5.97709
5.70847
5.43667
5.1619
4.88432
4.60414
4.32145
4.03651
3.74948
3.46052
3.16983
2.87756
2.58386
2.28897
1.99302
1.69621
1.39868
1.1006
0.80214
0.503438
0.204687
-0.0939655
-0.392357
-0.690374
-0.98782
-1.2846
-1.58053
-1.87547
-2.1693
-2.46193
-2.75317
-3.04293
-3.33108
-3.61751
-3.90212
-4.18478
-4.4654
-4.7439
-5.02015
-5.29411
-5.56565
-5.8347
-6.10122
-6.3651
-6.6263
-6.88475
-7.14036
-7.39311
-7.64296
-7.88986
-8.13379
-8.37467
-8.61249
-8.84724
-9.07891
-9.30752
-9.53299
-9.75533
-9.97459
12.8686
12.8502
12.8236
12.7888
12.7459
12.6949
12.6357
12.5686
12.4934
12.4104
12.3194
12.2206
12.1141
11.9999
11.8782
11.7489
11.6123
11.4684
11.3172
11.159
10.9939
10.8219
10.6431
10.4579
10.2661
10.0681
9.86386
9.65362
9.43753
9.21571
8.98833
8.75557
8.51759
8.27455
8.02662
7.77396
7.51676
7.2552
6.98946
6.71971
6.44611
6.16889
5.88824
5.60429
5.31728
5.02738
4.73475
4.4396
4.14211
3.84249
3.54088
3.2375
2.93252
2.62616
2.31856
2.00993
1.70041
1.39019
1.07947
0.768383
0.457097
0.145823
-0.165264
-0.476041
-0.786363
-1.09607
-1.405
-1.71299
-2.0199
-2.32559
-2.62996
-2.93286
-3.23412
-3.53369
-3.8314
-4.12717
-4.42083
-4.71237
-5.00164
-5.28853
-5.57296
-5.85484
-6.13415
-6.41074
-6.68458
-6.9556
-7.2237
-7.48888
-7.75106
-8.01022
-8.26629
-8.51924
-8.76907
-9.01572
-9.25921
-9.4995
-9.7366
-9.9705
-10.2012
-10.4288
13.372
13.3528
13.3251
13.2888
13.2439
13.1905
13.1287
13.0585
12.9798
12.8929
12.7977
12.6943
12.5828
12.4633
12.3359
12.2006
12.0576
11.9069
11.7488
11.5832
11.4103
11.2303
11.0433
10.8494
10.6487
10.4415
10.2278
10.0078
9.78175
9.54968
9.31184
9.06839
8.81948
8.56532
8.30605
8.04185
7.77296
7.49952
7.22173
6.93978
6.65388
6.36422
6.07096
5.77433
5.47451
5.1717
4.86612
4.55795
4.2474
3.93462
3.61985
3.30326
2.98509
2.6655
2.34467
2.0228
1.70006
1.37666
1.05277
0.728598
0.40427
0.0800073
-0.244015
-0.567637
-0.890724
-1.21313
-1.53463
-1.85507
-2.17435
-2.49229
-2.8088
-3.12372
-3.43689
-3.74817
-4.05752
-4.36476
-4.66979
-4.9725
-5.27279
-5.57058
-5.86578
-6.15829
-6.44802
-6.73492
-7.01892
-7.29992
-7.57791
-7.85278
-8.12456
-8.39313
-8.65848
-8.92063
-9.17948
-9.43503
-9.68732
-9.9363
-10.182
-10.4243
-10.6634
-10.8993
13.8933
13.8733
13.8443
13.8064
13.7595
13.7037
13.639
13.5655
13.4832
13.3922
13.2926
13.1844
13.0677
12.9426
12.8092
12.6676
12.5178
12.3601
12.1946
12.0213
11.8403
11.6519
11.4561
11.2532
11.0432
10.8263
10.6027
10.3726
10.136
9.89326
9.64447
9.38979
9.12946
8.86363
8.59247
8.31623
8.03509
7.74923
7.45886
7.16419
6.86537
6.56266
6.25628
5.94639
5.63323
5.31698
4.99788
4.67613
4.3519
4.02543
3.69692
3.3666
3.03465
2.70127
2.36665
2.031
1.69453
1.35743
1.01991
0.682102
0.344217
0.00651363
-0.330918
-0.667889
-1.00421
-1.33971
-1.67423
-2.00759
-2.33964
-2.6703
-2.99933
-3.32662
-3.65204
-3.97544
-4.29675
-4.61578
-4.93247
-5.24667
-5.5583
-5.86726
-6.17347
-6.4768
-6.77723
-7.07463
-7.36896
-7.66018
-7.94818
-8.23292
-8.51438
-8.79251
-9.0673
-9.3387
-9.60665
-9.8712
-10.1323
-10.39
-10.6443
-10.8952
-11.1426
-11.3867
14.4328
14.4119
14.3817
14.342
14.293
14.2346
14.1669
14.09
14.0039
13.9086
13.8043
13.6911
13.5689
13.4379
13.2983
13.15
12.9933
12.8282
12.6549
12.4734
12.284
12.0868
11.8819
11.6695
11.4497
11.2227
10.9888
10.7479
10.5004
10.2464
9.9861
9.71969
9.44739
9.16934
8.8858
8.59694
8.30299
8.00412
7.70058
7.39254
7.08029
6.76399
6.44386
6.12015
5.79304
5.46273
5.12951
4.79357
4.45514
4.11437
3.77154
3.42686
3.08057
2.73283
2.38386
2.03387
1.68313
1.33181
0.980069
0.628141
0.276232
-0.0755238
-0.426866
-0.777643
-1.12765
-1.47672
-1.8247
-2.17145
-2.51673
-2.86044
-3.20242
-3.54246
-3.88051
-4.2164
-4.54999
-4.88117
-5.20984
-5.53585
-5.8591
-6.1795
-6.49693
-6.81136
-7.12267
-7.43078
-7.73565
-8.03723
-8.33542
-8.63016
-8.92147
-9.20928
-9.49354
-9.77425
-10.0514
-10.325
-10.595
-10.8614
-11.1243
-11.3837
-11.6395
-11.8919
14.9908
14.9691
14.9375
14.896
14.8447
14.7836
14.7128
14.6323
14.5422
14.4425
14.3333
14.2147
14.0868
13.9497
13.8034
13.6482
13.4841
13.3113
13.1298
12.9398
12.7416
12.5351
12.3206
12.0983
11.8682
11.6307
11.3858
11.1338
10.8748
10.609
10.3367
10.058
9.77317
9.48236
9.18581
8.88374
8.57639
8.26392
7.94658
7.62467
7.2983
6.96781
6.63332
6.2951
5.95341
5.60848
5.26053
4.90978
4.55646
4.2008
3.84308
3.48344
3.12218
2.7595
2.39562
2.03077
1.66515
1.29897
0.93247
0.565878
0.199318
-0.166892
-0.532673
-0.89778
-1.26198
-1.62513
-1.98707
-2.34761
-2.70654
-3.06373
-3.41902
-3.77229
-4.12336
-4.47208
-4.81833
-5.16195
-5.5029
-5.841
-6.17615
-6.50823
-6.8372
-7.16295
-7.48537
-7.8044
-8.12
-8.43209
-8.7406
-9.0455
-9.34674
-9.6443
-9.93815
-10.2283
-10.5147
-10.7973
-11.0762
-11.3514
-11.6229
-11.8906
-12.1548
-12.4153
15.5679
15.5452
15.5121
15.4688
15.4151
15.3512
15.2771
15.1928
15.0984
14.994
14.8797
14.7555
14.6216
14.478
14.3249
14.1623
13.9905
13.8095
13.6195
13.4206
13.213
12.9969
12.7724
12.5396
12.2988
12.0502
11.7939
11.5301
11.2591
10.9811
10.6961
10.4046
10.1066
9.80241
9.49226
9.17638
8.855
8.52831
8.19659
7.86005
7.51902
7.1736
6.82412
6.47082
6.11388
5.75366
5.39032
5.02413
4.6553
4.28412
3.9108
3.53563
3.1588
2.78056
2.40113
2.02077
1.63966
1.25813
0.876276
0.494385
0.112741
-0.268585
-0.649309
-1.02924
-1.40816
-1.7859
-2.16226
-2.53704
-2.91009
-3.28124
-3.65033
-4.01717
-4.38161
-4.74355
-5.10276
-5.45923
-5.81276
-6.16327
-6.51059
-6.85464
-7.19538
-7.53267
-7.8664
-8.19656
-8.52303
-8.84578
-9.16478
-9.47992
-9.79123
-10.0986
-10.4021
-10.7017
-10.9974
-11.289
-11.5768
-11.8607
-12.1407
-12.4169
-12.6893
-12.9579
16.1642
16.1405
16.106
16.0606
16.0044
15.9375
15.8599
15.7717
15.6729
15.5636
15.4438
15.3138
15.1735
15.0232
14.8628
14.6926
14.5127
14.3232
14.1242
13.916
13.6986
13.4723
13.2372
12.9936
12.7415
12.4812
12.213
11.9369
11.6533
11.3623
11.0642
10.7592
10.4474
10.1293
9.80489
9.47453
9.13846
8.7969
8.45011
8.09836
7.74188
7.38096
7.01578
6.64667
6.2739
5.89768
5.51829
5.13595
4.75094
4.3636
3.97407
3.58266
3.18955
2.79507
2.39949
2.00299
1.60587
1.20829
0.810486
0.4128
0.0153496
-0.381589
-0.77782
-1.17312
-1.56728
-1.9601
-2.35134
-2.74087
-3.12855
-3.51406
-3.89732
-4.27815
-4.6564
-5.03191
-5.40455
-5.77417
-6.14062
-6.50378
-6.86354
-7.21987
-7.57262
-7.92165
-8.26693
-8.60836
-8.94589
-9.27946
-9.60904
-9.93457
-10.256
-10.5733
-10.8864
-11.1955
-11.5004
-11.8012
-12.0978
-12.3903
-12.6788
-12.9633
-13.2438
-13.5204
16.7801
16.7553
16.7192
16.6718
16.613
16.5429
16.4617
16.3693
16.2658
16.1513
16.0259
15.8897
15.7429
15.5854
15.4175
15.2392
15.0507
14.8522
14.6439
14.4258
14.1982
13.9613
13.7151
13.46
13.1961
12.9237
12.6429
12.354
12.0572
11.7526
11.4407
11.1215
10.7954
10.4626
10.1233
9.77782
9.42637
9.06925
8.70672
8.33903
7.96644
7.58926
7.20778
6.82214
6.43274
6.03983
5.64367
5.24452
4.84268
4.43841
4.03196
3.6236
3.21362
2.80228
2.38984
1.97656
1.56268
1.14841
0.734135
0.319949
-0.093859
-0.507
-0.919298
-1.33051
-1.74045
-2.14884
-2.55551
-2.96035
-3.36307
-3.76341
-4.16126
-4.55657
-4.94903
-5.3385
-5.72482
-6.1079
-6.48762
-6.86379
-7.23635
-7.60517
-7.97014
-8.33114
-8.68812
-9.04103
-9.38978
-9.73433
-10.0746
-10.4106
-10.7422
-11.0694
-11.3923
-11.7108
-12.0249
-12.3347
-12.6401
-12.9413
-13.2381
-13.5308
-13.8192
-14.1036
17.4159
17.39
17.3522
17.3025
17.241
17.1677
17.0826
16.9858
16.8774
16.7575
16.6262
16.4835
16.3297
16.1647
15.9888
15.8021
15.6047
15.3969
15.1786
14.9503
14.7119
14.4638
14.2061
13.939
13.6627
13.3775
13.0836
12.7812
12.4705
12.1518
11.8253
11.4914
11.1502
10.802
10.4472
10.0858
9.71826
9.3449
8.96588
8.58149
8.19212
7.79796
7.39929
6.99646
6.58973
6.17939
5.76572
5.34902
4.92957
4.50767
4.08358
3.65762
3.23003
2.80111
2.37112
1.94036
1.50909
1.07755
0.646018
0.21478
-0.215926
-0.645939
-1.07492
-1.50264
-1.92895
-2.35346
-2.77608
-3.19667
-3.61488
-4.03051
-4.44354
-4.85368
-5.26075
-5.66456
-6.06502
-6.46195
-6.85521
-7.24467
-7.63027
-8.01182
-8.38926
-8.76245
-9.13134
-9.49588
-9.85598
-10.2116
-10.5627
-10.9092
-11.251
-11.5882
-11.9208
-12.2488
-12.5721
-12.8908
-13.205
-13.5146
-13.8197
-14.1203
-14.4165
-14.7085
18.0718
18.0447
18.0052
17.9532
17.8887
17.8119
17.7228
17.6214
17.5079
17.3823
17.2448
17.0953
16.9341
16.7613
16.5771
16.3815
16.1748
15.957
15.7285
15.4893
15.2397
14.9798
14.71
14.4303
14.1411
13.8424
13.5347
13.2182
12.893
12.5595
12.2179
11.8684
11.5114
11.1472
10.776
10.398
10.0137
9.62328
9.22698
8.82524
8.41822
8.00629
7.58973
7.1689
6.74404
6.3155
5.88358
5.44856
5.01075
4.57045
4.12798
3.68365
3.23773
2.79049
2.34229
1.89336
1.44396
0.994448
0.545033
0.0960403
-0.352311
-0.799702
-1.24602
-1.69087
-2.13398
-2.57526
-3.01438
-3.45119
-3.88545
-4.31694
-4.7455
-5.17088
-5.59294
-6.01152
-6.42646
-6.83758
-7.24473
-7.64782
-8.04669
-8.44126
-8.83139
-9.21697
-9.59797
-9.97428
-10.3459
-10.7127
-11.0746
-11.4316
-11.7837
-12.131
-12.4733
-12.8106
-13.1431
-13.4707
-13.7934
-14.1113
-14.4244
-14.7329
-15.0368
-15.3361
18.7481
18.7197
18.6783
18.6238
18.5563
18.4759
18.3825
18.2764
18.1574
18.0258
17.8817
17.7252
17.5563
17.3753
17.1823
16.9774
16.7608
16.5327
16.2933
16.0428
15.7814
15.5092
15.2266
14.9338
14.6309
14.3182
13.9961
13.6647
13.3244
12.9753
12.6178
12.2521
11.8786
11.4976
11.1092
10.714
10.312
9.90372
9.48942
9.0694
8.64401
8.21354
7.7783
7.33867
6.89489
6.44735
5.99634
5.5422
5.0852
4.62576
4.16411
3.70064
3.23554
2.76925
2.30205
1.8342
1.36598
0.897784
0.429798
-0.0376266
-0.504217
-0.969748
-1.43389
-1.89643
-2.3571
-2.8156
-3.27186
-3.7255
-4.17627
-4.62407
-5.06859
-5.50971
-5.94723
-6.38095
-6.81068
-7.23631
-7.65768
-8.07471
-8.48715
-8.89495
-9.298
-9.69619
-10.0895
-10.4777
-10.8609
-11.2389
-11.6118
-11.9794
-12.3418
-12.699
-13.051
-13.3977
-13.7392
-14.0755
-14.4066
-14.7326
-15.0537
-15.3697
-15.681
-15.9874
19.4448
19.4151
19.3718
19.3147
19.244
19.1597
19.0619
18.9507
18.826
18.6882
18.5372
18.3731
18.1962
18.0066
17.8043
17.5896
17.3628
17.1238
16.8731
16.6107
16.3368
16.0518
15.7559
15.4492
15.132
14.8047
14.4674
14.1205
13.7642
13.3988
13.0247
12.6421
12.2512
11.8526
11.4463
11.0329
10.6125
10.1856
9.75241
9.31332
8.8687
8.41883
7.96404
7.50474
7.0412
6.57375
6.10287
5.6288
5.15184
4.67237
4.19079
3.70731
3.22231
2.73622
2.24925
1.76165
1.27391
0.786311
0.299033
-0.187546
-0.673111
-1.15738
-1.64006
-2.121
-2.59979
-3.07619
-3.55004
-4.02098
-4.48888
-4.95345
-5.41442
-5.87169
-6.3251
-6.77439
-7.21936
-7.65983
-8.09577
-8.52699
-8.95327
-9.37456
-9.79076
-10.2017
-10.6074
-11.0077
-11.4025
-11.7919
-12.1758
-12.554
-12.9267
-13.2938
-13.6553
-14.0112
-14.3617
-14.7065
-15.046
-15.3799
-15.7086
-16.032
-16.3503
-16.6635
20.1621
20.1311
20.0856
20.0259
19.9518
19.8635
19.761
19.6444
19.5138
19.3693
19.2111
19.0392
18.8538
18.6551
18.4432
18.2183
17.9806
17.7303
17.4676
17.1927
16.9059
16.6074
16.2974
15.9762
15.6441
15.3014
14.9482
14.585
14.2121
13.8296
13.438
13.0376
12.6286
12.2115
11.7865
11.3541
10.9145
10.468
10.0151
9.55611
9.09135
8.62119
8.14601
7.66611
7.18194
6.69382
6.20218
5.70728
5.20948
4.70912
4.20668
3.70239
3.1967
2.68992
2.18239
1.67439
1.16631
0.658412
0.151126
-0.355319
-0.860541
-1.36422
-1.86619
-2.36612
-2.86359
-3.35852
-3.85055
-4.33941
-4.82483
-5.30674
-5.78476
-6.25868
-6.72836
-7.19355
-7.65414
-8.10991
-8.56073
-9.00635
-9.44671
-9.88175
-10.3113
-10.7351
-11.1534
-11.5658
-11.9725
-12.3732
-12.7681
-13.1569
-13.5399
-13.9168
-14.2878
-14.6529
-15.012
-15.3653
-15.7127
-16.0544
-16.3905
-16.7209
-17.0459
-17.3655
20.9001
20.8676
20.82
20.7573
20.6797
20.5871
20.4798
20.3576
20.2207
20.0693
19.9035
19.7234
19.5291
19.3209
19.0988
18.8632
18.6141
18.3519
18.0767
17.7887
17.4883
17.1756
16.8509
16.5145
16.1667
15.8078
15.4381
15.0578
14.6674
14.2671
13.8572
13.4381
13.0102
12.5738
12.1292
11.6768
11.217
10.7501
10.2766
9.79673
9.31098
8.81967
8.32311
7.82179
7.31604
6.8063
6.29295
5.7763
5.25673
4.73471
4.21048
3.68461
3.15728
2.62896
2.1
1.5707
1.04142
0.512582
-0.0155547
-0.542556
-1.0681
-1.59199
-2.11391
-2.63348
-3.15041
-3.6644
-4.17517
-4.6825
-5.18616
-5.68588
-6.18138
-6.67238
-7.15881
-7.64031
-8.11688
-8.58824
-9.05422
-9.51457
-9.96933
-10.4183
-10.8613
-11.2983
-11.7293
-12.1539
-12.5724
-12.9846
-13.3904
-13.7899
-14.183
-14.5697
-14.95
-15.324
-15.6917
-16.0531
-16.4084
-16.7575
-17.1006
-17.4378
-17.7691
-18.0947
21.6588
21.6247
21.5748
21.5091
21.4278
21.3308
21.2182
21.0901
20.9467
20.788
20.6142
20.4254
20.2219
20.0036
19.771
19.5241
19.2631
18.9883
18.7
18.3983
18.0835
17.756
17.4159
17.0636
16.6994
16.3235
15.9364
15.5383
15.1295
14.7104
14.2815
13.8429
13.3951
12.9384
12.4733
12.0001
11.5192
11.031
10.5359
10.0342
9.52648
9.01297
8.49414
7.97044
7.44219
6.9099
6.37385
5.83454
5.29231
4.74758
4.20079
3.65227
3.10243
2.55169
2.00042
1.44903
0.897803
0.34719
-0.202554
-0.750987
-1.29772
-1.84256
-2.38508
-2.92496
-3.46193
-3.99566
-4.52591
-5.05234
-5.57465
-6.0927
-6.60611
-7.11474
-7.61832
-8.11666
-8.60953
-9.09679
-9.57824
-10.0536
-10.523
-10.9861
-11.4429
-11.8932
-12.3368
-12.7739
-13.2042
-13.6278
-14.0445
-14.4545
-14.8577
-15.254
-15.6435
-16.0263
-16.4023
-16.7716
-17.1344
-17.4906
-17.8404
-18.1839
-18.5212
-18.8525
22.438
22.4022
22.3499
22.2811
22.1958
22.0941
21.9761
21.8419
21.6916
21.5252
21.3431
21.1452
20.9319
20.7032
20.4593
20.2006
19.9271
19.6392
19.3371
19.021
18.6913
18.3482
17.992
17.6229
17.2415
16.8479
16.4425
16.0257
15.5978
15.1591
14.7101
14.2511
13.7825
13.3047
12.818
12.3231
11.8201
11.3096
10.7919
10.2674
9.73662
9.19996
8.6579
8.11076
7.55902
7.00308
6.44344
5.88051
5.3146
4.74627
4.17586
3.60383
3.03053
2.4565
1.88208
1.30761
0.733555
0.160236
-0.411867
-0.98249
-1.55121
-2.11772
-2.68161
-3.24257
-3.8003
-4.35439
-4.90468
-5.45073
-5.99237
-6.5293
-7.06121
-7.58786
-8.109
-8.62452
-9.13413
-9.63765
-10.1349
-10.6256
-11.1098
-11.5872
-12.0579
-12.5215
-12.978
-13.4275
-13.8697
-14.3047
-14.7324
-15.1528
-15.5659
-15.9717
-16.3701
-16.7614
-17.1455
-17.5225
-17.8924
-18.2554
-18.6115
-18.9608
-19.3036
-19.64
23.2376
23.2001
23.1453
23.0731
22.9837
22.8771
22.7534
22.6127
22.4551
22.2807
22.0898
21.8824
21.6588
21.4191
21.1636
20.8924
20.6059
20.3042
19.9876
19.6565
19.311
18.9516
18.5784
18.1919
17.7924
17.3803
16.9558
16.5193
16.0713
15.6121
15.1421
14.6617
14.1713
13.6714
13.1623
12.6445
12.1184
11.5845
11.0432
10.4949
9.94017
9.37936
8.81291
8.24133
7.66498
7.08446
6.5002
5.91257
5.32201
4.72901
4.13398
3.53746
2.93983
2.34152
1.74295
1.14455
0.546689
-0.0501083
-0.645567
-1.23921
-1.83066
-2.41965
-3.00561
-3.58837
-4.16752
-4.74269
-5.31363
-5.88003
-6.44155
-6.99782
-7.54869
-8.09391
-8.63318
-9.16624
-9.6929
-10.213
-10.7263
-11.2326
-11.7318
-12.2238
-12.7085
-13.1855
-13.655
-14.1169
-14.571
-15.0173
-15.4559
-15.8866
-16.3094
-16.7245
-17.1317
-17.5312
-17.923
-18.3073
-18.684
-19.0533
-19.4153
-19.77
-20.1178
-20.4587
24.0574
24.0181
23.9606
23.8849
23.7911
23.6793
23.5496
23.4021
23.2369
23.0541
22.854
22.6366
22.4022
22.151
21.8832
21.599
21.2987
20.9826
20.6509
20.304
19.9421
19.5655
19.1746
18.7698
18.3514
17.9197
17.4752
17.0182
16.5491
16.0684
15.5764
15.0737
14.5605
14.0374
13.5047
12.9632
12.4129
11.8547
11.2886
10.7154
10.1356
9.54946
8.95756
8.36044
7.75854
7.1523
6.54229
5.92889
5.31257
4.6939
4.07344
3.45137
2.82831
2.20475
1.58113
0.957837
0.335337
-0.285965
-0.905632
-1.52314
-2.13818
-2.75035
-3.35934
-3.96464
-4.56595
-5.16283
-5.75512
-6.34239
-6.92434
-7.50065
-8.07099
-8.63522
-9.19293
-9.74395
-10.2881
-10.8251
-11.3548
-11.877
-12.3914
-12.8981
-13.3969
-13.8875
-14.3701
-14.8443
-15.3102
-15.7678
-16.2171
-16.6579
-17.0903
-17.5144
-17.9301
-18.3376
-18.7368
-19.1279
-19.5109
-19.8861
-20.2534
-20.6131
-20.9653
-21.3101
24.8971
24.8558
24.7954
24.7161
24.6177
24.5005
24.3645
24.2099
24.0366
23.845
23.6352
23.4074
23.1617
22.8984
22.6177
22.3198
22.0052
21.6739
21.3264
20.9628
20.5836
20.1891
19.7797
19.3557
18.9174
18.4654
17.9999
17.5214
17.0303
16.5271
16.0121
15.4859
14.9489
14.4015
13.8443
13.2777
12.7022
12.1184
11.5266
10.9274
10.3212
9.70874
9.09035
8.46652
7.83783
7.20479
6.56795
5.92776
5.28464
4.63926
3.99198
3.34338
2.69391
2.04408
1.39434
0.745189
0.0970109
-0.549688
-1.19435
-1.83659
-2.47613
-3.11246
-3.7451
-4.37374
-4.99792
-5.61733
-6.23154
-6.84035
-7.4434
-8.04018
-8.63056
-9.21422
-9.79089
-10.3603
-10.9223
-11.4765
-12.0228
-12.5611
-13.091
-13.6125
-14.1255
-14.6298
-15.1253
-15.6119
-16.0897
-16.5584
-17.0182
-17.4689
-17.9108
-18.3436
-18.7674
-19.1824
-19.5886
-19.9862
-20.3752
-20.7556
-21.1277
-21.4917
-21.8476
-22.1957
25.7561
25.7128
25.6494
25.5662
25.4631
25.3401
25.1975
25.0353
24.8537
24.6528
24.4329
24.1941
23.9365
23.6605
23.3663
23.0542
22.7244
22.3773
22.0131
21.6322
21.2349
20.8217
20.3928
19.9486
19.4896
19.0162
18.5287
18.0277
17.5136
16.9868
16.4478
15.897
15.335
14.7623
14.1794
13.5868
12.9849
12.3743
11.7555
11.1291
10.4956
9.85552
9.20932
8.55766
7.90109
7.24014
6.57529
5.90696
5.23602
4.56273
3.88761
3.21133
2.53441
1.85709
1.18027
0.504261
-0.170519
-0.843526
-1.5143
-2.18228
-2.84713
-3.50841
-4.1656
-4.81834
-5.46617
-6.10867
-6.74555
-7.37649
-8.00125
-8.61916
-9.23003
-9.83362
-10.4297
-11.018
-11.598
-12.1698
-12.733
-13.2875
-13.8331
-14.3695
-14.8968
-15.4148
-15.9233
-16.4223
-16.9117
-17.3915
-17.8615
-18.322
-18.7729
-19.2142
-19.6457
-20.0679
-20.4807
-20.8841
-21.2784
-21.6636
-22.0399
-22.4075
-22.7665
-23.1172
26.634
26.5884
26.522
26.4346
26.3265
26.1975
26.048
25.8779
25.6875
25.4769
25.2463
24.9959
24.726
24.4367
24.1283
23.8012
23.4556
23.0918
22.7102
22.3112
21.8949
21.462
21.0127
20.5475
20.0668
19.5709
19.0605
18.5359
17.9976
17.4461
16.882
16.3055
15.7175
15.1183
14.5084
13.8885
13.259
12.6205
11.9735
11.3187
10.6565
9.98774
9.31259
8.6319
7.9462
7.25605
6.56192
5.86452
5.16432
4.46205
3.75795
3.05291
2.34721
1.6416
0.936461
0.232495
-0.469917
-1.17021
-1.86804
-2.56262
-3.25369
-3.94084
-4.62342
-5.30103
-5.97318
-6.63964
-7.29999
-7.95371
-8.60052
-9.24017
-9.87216
-10.4962
-11.1121
-11.7195
-12.318
-12.9077
-13.488
-14.059
-14.6203
-15.1719
-15.7136
-16.2451
-16.7665
-17.2778
-17.7788
-18.2694
-18.7496
-19.2194
-19.679
-20.1283
-20.5673
-20.9961
-21.4149
-21.8237
-22.2227
-22.6121
-22.9919
-23.3624
-23.7237
-24.0761
27.5299
27.4821
27.4123
27.3207
27.2072
27.072
26.9151
26.7368
26.5372
26.3164
26.0746
25.8121
25.5292
25.2259
24.9028
24.5599
24.1978
23.8166
23.4167
22.9985
22.5625
22.109
21.6383
21.151
20.6475
20.1283
19.5938
19.0445
18.481
17.9038
17.3132
16.71
16.0946
15.4677
14.8297
14.1811
13.5228
12.8551
12.1788
11.4942
10.8022
10.1033
9.39786
8.6869
7.97074
7.25017
6.52569
5.79789
5.06741
4.33468
3.60045
2.86533
2.12999
1.39484
0.660391
-0.0726273
-0.803746
-1.53242
-2.25826
-2.98044
-3.69873
-4.41255
-5.1212
-5.82461
-6.52208
-7.21327
-7.89768
-8.57485
-9.24455
-9.90639
-10.56
-11.2049
-11.841
-12.4679
-13.0853
-13.693
-14.2908
-14.8783
-15.4556
-16.0223
-16.5784
-17.1236
-17.6579
-18.1813
-18.6936
-19.1948
-19.6848
-20.1638
-20.6317
-21.0886
-21.5344
-21.9694
-22.3936
-22.8072
-23.2103
-23.6031
-23.9856
-24.3583
-24.721
-25.0744
28.4431
28.3929
28.3197
28.2235
28.1044
27.9626
27.7981
27.6111
27.4018
27.1703
26.9168
26.6417
26.3451
26.0273
25.6885
25.3292
24.9497
24.5503
24.1313
23.6932
23.2364
22.7612
22.2682
21.7578
21.2305
20.6868
20.1271
19.5521
18.9621
18.3578
17.7397
17.1084
16.4645
15.8085
15.141
14.4627
13.7743
13.0761
12.369
11.6535
10.9302
10.1998
9.46303
8.7204
7.97261
7.22028
6.46403
5.70442
4.94231
4.17809
3.41258
2.64624
1.87983
1.11388
0.349065
-0.414093
-1.17508
-1.93326
-2.68797
-3.43885
-4.18524
-4.92662
-5.66254
-6.39247
-7.11581
-7.83238
-8.54161
-9.243
-9.93623
-10.6208
-11.2965
-11.9629
-12.6196
-13.2664
-13.9029
-14.529
-15.1444
-15.7487
-16.342
-16.924
-17.4943
-18.0531
-18.6002
-19.1355
-19.6589
-20.1705
-20.67
-21.1576
-21.6334
-22.0974
-22.5496
-22.9901
-23.4192
-23.8369
-24.2433
-24.6386
-25.0232
-25.397
-25.7604
-26.1138
29.3727
29.3199
29.243
29.142
29.0171
28.8684
28.6959
28.4998
28.2803
28.0376
27.7719
27.4834
27.1725
26.8394
26.4844
26.1079
25.7101
25.2916
24.8526
24.3936
23.915
23.4173
22.9009
22.3664
21.8141
21.2447
20.6587
20.0566
19.439
18.8065
18.1596
17.499
16.8252
16.1388
15.4407
14.7313
14.0112
13.2812
12.542
11.794
11.0383
10.2751
9.50544
8.72983
7.94894
7.1635
6.37413
5.58155
4.78643
3.98955
3.19124
2.39254
1.59384
0.795933
-0.000617311
-0.795081
-1.58692
-2.37566
-3.16041
-3.94099
-4.71647
-5.48646
-6.25026
-7.0076
-7.758
-8.50067
-9.23532
-9.96163
-10.6789
-11.3869
-12.0851
-12.7734
-13.4512
-14.1182
-14.7742
-15.4189
-16.0521
-16.6733
-17.2826
-17.8798
-18.4645
-19.0368
-19.5964
-20.1434
-20.6777
-21.1992
-21.7078
-22.2037
-22.687
-23.1575
-23.6154
-24.0608
-24.494
-24.915
-25.324
-25.721
-26.1066
-26.4808
-26.8437
-27.1961
30.3173
30.2618
30.1811
30.0751
29.9441
29.7881
29.6071
29.4015
29.1714
28.9169
28.6384
28.336
28.0101
27.661
27.2889
26.8943
26.4775
26.039
25.5791
25.0982
24.5968
24.0755
23.5346
22.9748
22.3965
21.8002
21.1867
20.5563
19.9098
19.2477
18.5708
17.8794
17.1745
16.4565
15.7262
14.9843
14.2312
13.4681
12.6953
11.9135
11.1237
10.3264
9.52244
8.71238
7.89683
7.07707
6.2532
5.42623
4.59693
3.76563
2.93348
2.10089
1.26886
0.437669
-0.391772
-1.21861
-2.04274
-2.86304
-3.67899
-4.49014
-5.29572
-6.09526
-6.88825
-7.67385
-8.45192
-9.22147
-9.98239
-10.7341
-11.4761
-12.208
-12.9294
-13.64
-14.3392
-15.0269
-15.7026
-16.3662
-17.0172
-17.6554
-18.2809
-18.8932
-19.4922
-20.0778
-20.6498
-21.2083
-21.753
-22.2841
-22.8014
-23.305
-23.7951
-24.2716
-24.7345
-25.1842
-25.6206
-26.0441
-26.4547
-26.8526
-27.2381
-27.6116
-27.9732
-28.3233
31.2757
31.2174
31.1326
31.0214
30.8839
30.7202
30.5305
30.3149
30.0736
29.8068
29.5148
29.1979
28.8563
28.4904
28.1005
27.687
27.2503
26.7908
26.3089
25.8051
25.28
24.7339
24.1674
23.5811
22.9756
22.3513
21.7089
21.049
20.3723
19.6794
18.9709
18.2476
17.51
16.759
15.995
15.2191
14.4318
13.6339
12.826
12.0092
11.1838
10.3508
9.51105
8.66498
7.81365
6.95772
6.09806
5.23536
4.37
3.5034
2.63591
1.76832
0.901192
0.0356997
-0.827747
-1.68854
-2.5458
-3.39913
-4.24735
-5.09023
-5.92701
-6.75703
-7.57993
-8.39477
-9.20114
-9.99849
-10.7865
-11.5643
-12.3317
-13.0881
-13.8331
-14.5664
-15.2875
-15.996
-16.6918
-17.3743
-18.0434
-18.6987
-19.3403
-19.9677
-20.5808
-21.1795
-21.7637
-22.3333
-22.8882
-23.4283
-23.9538
-24.4646
-24.9609
-25.4425
-25.9098
-26.3628
-26.8017
-27.2267
-27.6379
-28.0356
-28.4202
-28.7919
-29.1508
-29.4973
32.2464
32.185
32.096
31.9793
31.8351
31.6634
31.4644
31.2383
30.9852
30.7055
30.3995
30.0673
29.7093
29.3258
28.9172
28.484
28.0264
27.545
27.0402
26.5125
25.9623
25.3905
24.7972
24.1833
23.5492
22.8956
22.2231
21.5324
20.8241
20.0989
19.3575
18.6007
17.829
17.0435
16.2445
15.4331
14.6099
13.7757
12.9315
12.0777
11.2152
10.3451
9.4681
8.58462
7.69579
6.80254
5.90536
5.00521
4.10296
3.19928
2.29494
1.3908
0.487727
-0.413663
-1.31266
-2.2084
-3.10038
-3.98755
-4.86921
-5.74487
-6.61398
-7.47561
-8.32912
-9.17408
-10.0099
-10.8358
-11.6515
-12.4561
-13.2496
-14.031
-14.8002
-15.5566
-16.3
-17.0298
-17.7456
-18.4473
-19.1346
-19.8071
-20.4647
-21.107
-21.7341
-22.3456
-22.9416
-23.5219
-24.0865
-24.6353
-25.1682
-25.6856
-26.1874
-26.6734
-27.144
-27.5995
-28.04
-28.4655
-28.8763
-29.2727
-29.6551
-30.0237
-30.3786
-30.7204
33.2275
33.163
33.0695
32.947
32.7957
32.6156
32.4069
32.1697
31.9045
31.6113
31.2905
30.9423
30.5671
30.1653
29.7372
29.2832
28.8038
28.2995
27.7707
27.2179
26.6418
26.0428
25.4216
24.7788
24.1149
23.4306
22.7267
22.0037
21.2624
20.5035
19.7278
18.936
18.1288
17.3071
16.4716
15.6231
14.7625
13.8906
13.0081
12.116
11.2151
10.306
9.39006
8.46772
7.53988
6.60751
5.67162
4.73259
3.79149
2.84936
1.90699
0.964932
0.0241278
-0.914592
-1.85028
-2.78244
-3.71001
-4.63227
-5.54853
-6.45852
-7.36075
-8.25481
-9.14035
-10.0163
-10.8822
-11.7376
-12.5817
-13.4139
-14.2339
-15.041
-15.8347
-16.6148
-17.3807
-18.132
-18.8682
-19.5893
-20.2948
-20.9844
-21.6579
-22.3152
-22.9558
-23.5799
-24.1873
-24.7779
-25.3516
-25.9083
-26.4482
-26.9715
-27.4778
-27.9674
-28.4406
-28.8975
-29.3383
-29.7632
-30.1725
-30.5664
-30.9454
-31.3094
-31.659
-31.9949
34.2171
34.1492
34.051
33.9224
33.7636
33.5747
33.3559
33.1073
32.8293
32.5219
32.1856
31.8207
31.4276
31.0065
30.558
30.0823
29.5801
29.0518
28.498
27.919
27.3157
26.6885
26.038
25.365
24.6699
23.9536
23.2169
22.4602
21.6845
20.8904
20.0788
19.2505
18.4061
17.5468
16.6732
15.786
14.8863
13.975
13.0527
12.1206
11.1796
10.2302
9.27347
8.31045
7.34219
6.36921
5.3926
4.41318
3.43213
2.44999
1.46746
0.486115
-0.493598
-1.47095
-2.44488
-3.41448
-4.37903
-5.33795
-6.29027
-7.23518
-8.17178
-9.09951
-10.0178
-10.9258
-11.8228
-12.7083
-13.5816
-14.4419
-15.2892
-16.1224
-16.9414
-17.7454
-18.5342
-19.3072
-20.064
-20.8044
-21.5282
-22.2348
-22.9242
-23.5961
-24.2501
-24.8864
-25.5047
-26.1051
-26.6873
-27.2513
-27.7974
-28.3257
-28.8357
-29.3278
-29.8026
-30.2599
-30.6999
-31.123
-31.5293
-31.9194
-32.2934
-32.6515
-32.9944
-33.3226
35.2128
35.1414
35.0383
34.9033
34.7368
34.5386
34.3092
34.0486
33.7571
33.435
33.0825
32.7001
32.2882
31.847
31.377
30.8788
30.3528
29.7995
29.2194
28.6131
27.9813
27.3246
26.6436
25.939
25.2114
24.4617
23.6905
22.8987
22.087
21.2563
20.4072
19.5408
18.6578
17.7591
16.8456
15.9182
14.9778
14.0253
13.0617
12.0879
11.1046
10.1131
9.11441
8.10926
7.09856
6.0832
5.06433
4.04311
3.02003
1.99609
0.972837
-0.0496503
-1.06998
-2.08731
-3.10064
-4.10945
-5.11254
-6.1091
-7.09843
-8.07944
-9.05174
-10.0143
-10.9663
-11.9072
-12.8362
-13.7526
-14.656
-15.5453
-16.4202
-17.2802
-18.1246
-18.953
-19.765
-20.5599
-21.3376
-22.0974
-22.8394
-23.5629
-24.268
-24.9542
-25.6213
-26.2693
-26.898
-27.5076
-28.0976
-28.6682
-29.2196
-29.7518
-30.2646
-30.7583
-31.2334
-31.6899
-32.1279
-32.5477
-32.9498
-33.3344
-33.7019
-34.0526
-34.3871
-34.7058
36.2123
36.1373
36.0289
35.8872
35.7125
35.5047
35.2641
34.9909
34.6854
34.3478
33.9784
33.5778
33.1461
32.684
32.1917
31.6699
31.1189
30.5393
29.9319
29.2971
28.6356
27.948
27.2351
26.4975
25.7361
24.9514
24.1444
23.3159
22.4667
21.5975
20.7095
19.8033
18.8798
17.9403
16.9851
16.0157
15.0328
14.0375
13.0307
12.0133
10.9865
9.95129
8.90842
7.85926
6.80457
5.74518
4.68251
3.61752
2.55093
1.48408
0.417602
-0.647137
-1.70949
-2.7684
-3.82279
-4.87207
-5.91488
-6.95048
-7.97801
-8.99666
-10.0056
-11.004
-11.9909
-12.9656
-13.9275
-14.8757
-15.8098
-16.7286
-17.632
-18.5191
-19.3895
-20.2427
-21.0781
-21.8951
-22.6937
-23.4731
-24.2331
-24.9735
-25.6939
-26.3941
-27.0739
-27.7331
-28.3716
-28.9895
-29.5867
-30.163
-30.7187
-31.2538
-31.7684
-32.2625
-32.7366
-33.1908
-33.6254
-34.0407
-34.4368
-34.8145
-35.1738
-35.5154
-35.8398
-36.1472
37.2126
37.1338
37.0199
36.8712
36.6879
36.47
36.2177
35.9314
35.6111
35.2573
34.8703
34.4506
33.9984
33.5143
32.9987
32.4521
31.8751
31.2683
30.6323
29.9676
29.2751
28.5553
27.8091
27.0371
26.2402
25.4192
24.5748
23.708
22.8196
21.9105
20.9817
20.034
19.0686
18.0861
17.0876
16.0744
15.0474
14.0073
12.9556
11.8931
10.8207
9.73971
8.65124
7.55619
6.45539
5.35067
4.24241
3.13173
2.02011
0.908401
-0.20247
-1.31145
-2.41746
-3.51952
-4.61645
-5.70735
-6.79155
-7.86746
-8.9346
-9.99213
-11.0389
-12.074
-13.0968
-14.1065
-15.102
-16.0829
-17.0483
-17.9975
-18.9297
-19.8447
-20.7415
-21.6197
-22.4788
-23.318
-24.1376
-24.9364
-25.7144
-26.4714
-27.2067
-27.9205
-28.6125
-29.2825
-29.93
-30.5556
-31.1589
-31.74
-32.2991
-32.8358
-33.3509
-33.8441
-34.3158
-34.7663
-35.196
-35.6049
-35.9937
-36.3626
-36.7118
-37.0424
-37.3546
-37.6489
38.2108
38.1277
38.0082
37.8521
37.6598
37.4313
37.1668
36.8666
36.531
36.1604
35.755
35.3153
34.8416
34.3346
33.7946
33.2223
32.6181
31.9827
31.3169
30.6211
29.8963
29.1429
28.3619
27.5541
26.7202
25.8611
24.9777
24.071
23.1418
22.191
21.2197
20.2288
19.2193
18.1923
17.149
16.09
15.0168
13.9304
12.8317
11.722
10.6024
9.47388
8.33758
7.19488
6.0468
4.8943
3.73874
2.58092
1.42215
0.263922
-0.893432
-2.04784
-3.19919
-4.34584
-5.48688
-6.62109
-7.74766
-8.86545
-9.97361
-11.0711
-12.1567
-13.23
-14.2898
-15.3351
-16.3654
-17.3797
-18.3772
-19.3574
-20.3193
-21.2624
-22.1859
-23.0895
-23.9724
-24.8341
-25.6746
-26.4929
-27.2887
-28.0617
-28.8119
-29.5389
-30.2424
-30.9221
-31.578
-32.2104
-32.819
-33.4037
-33.9648
-34.5022
-35.0164
-35.5073
-35.975
-36.4201
-36.8429
-37.2438
-37.6231
-37.9813
-38.3187
-38.6362
-38.9339
-39.2126
39.2032
39.1158
38.9902
38.8264
38.6246
38.3851
38.1079
37.7933
37.4417
37.0534
36.6287
36.1681
35.6721
35.1411
34.5757
33.9764
33.3439
32.6788
31.9818
31.2536
30.4948
29.7066
28.8893
28.044
27.1716
26.2729
25.3489
24.4005
23.4287
22.4345
21.4189
20.3829
19.3277
18.2544
17.164
16.0577
14.9365
13.8014
12.654
11.4953
10.3265
9.14859
7.96297
6.77061
5.57277
4.371
3.16583
1.95918
0.751774
-0.455089
-1.66007
-2.86216
-4.06031
-5.25307
-6.43993
-7.61897
-8.78964
-9.9506
-11.1009
-12.2397
-13.3655
-14.4778
-15.5757
-16.6579
-17.7237
-18.7721
-19.8026
-20.8143
-21.8063
-22.778
-23.7288
-24.6579
-25.5649
-26.4492
-27.3104
-28.148
-28.9614
-29.7502
-30.5147
-31.2543
-31.9687
-32.6573
-33.3209
-33.9591
-34.5717
-35.1588
-35.7206
-36.2573
-36.769
-37.2557
-37.7181
-38.1559
-38.57
-38.9608
-39.3285
-39.6738
-39.997
-40.2988
-40.5796
-40.8404
40.1861
40.0941
39.9622
39.7904
39.5788
39.3275
39.037
38.7074
38.339
37.9323
37.4874
37.0051
36.4857
35.9297
35.3378
34.7104
34.0484
33.3522
32.6226
31.8606
31.0668
30.2418
29.3867
28.5026
27.59
26.65
25.6835
24.6918
23.6756
22.6363
21.5745
20.4918
19.389
18.2671
17.1279
15.972
14.8007
13.6156
12.4173
11.2076
9.98744
8.7581
7.52077
6.27716
5.02782
3.77443
2.51838
1.26104
0.0030769
-1.25409
-2.50874
-3.76037
-5.00715
-6.24781
-7.48158
-8.70711
-9.92325
-11.1288
-12.3228
-13.504
-14.6714
-15.8241
-16.961
-18.0807
-19.1831
-20.2667
-21.3307
-22.3746
-23.3973
-24.398
-25.3763
-26.3312
-27.2624
-28.1692
-29.0512
-29.9078
-30.7383
-31.5427
-32.3209
-33.0723
-33.7966
-34.4937
-35.1637
-35.8066
-36.4219
-37.0101
-37.5713
-38.1054
-38.6128
-39.0936
-39.5484
-39.9771
-40.3805
-40.7588
-41.1124
-41.4422
-41.7485
-42.0319
-42.2931
-42.5328
41.1552
41.0584
40.9199
40.7396
40.5176
40.2543
39.9498
39.6045
39.2187
38.7927
38.3268
37.8218
37.278
36.696
36.0763
35.4196
34.7268
33.9983
33.235
32.4376
31.6069
30.7441
29.8497
28.9247
27.9703
26.9872
25.9767
24.9397
23.8774
22.7909
21.6812
20.5495
19.397
18.2251
17.0348
15.8275
14.6042
13.3667
12.1158
10.8528
9.57927
8.29662
7.00585
5.70828
4.40581
3.0994
1.79017
0.479581
-0.830814
-2.14002
-3.44608
-4.7484
-6.04551
-7.33603
-8.61865
-9.89208
-11.1552
-12.4069
-13.6458
-14.8709
-16.081
-17.2752
-18.4521
-19.6107
-20.7504
-21.8697
-22.9682
-24.0448
-25.0988
-26.1289
-27.1348
-28.1157
-29.0712
-30.0005
-30.9029
-31.7783
-32.6257
-33.4451
-34.2362
-34.9984
-35.7321
-36.4365
-37.1116
-37.7577
-38.3744
-38.9621
-39.5209
-40.0505
-40.5517
-41.0245
-41.4694
-41.8865
-42.2765
-42.6395
-42.9762
-43.2876
-43.574
-43.8359
-44.0739
-44.2889
42.1058
42.0041
41.8586
41.6694
41.4367
41.1607
40.8417
40.48
40.0758
39.6297
39.142
38.6134
38.0441
37.435
36.7864
36.0993
35.3743
34.612
33.8134
32.9793
32.1103
31.2079
30.2724
29.3052
28.3072
27.2793
26.2229
25.139
24.0285
22.8929
21.7332
20.5508
19.3466
18.1223
16.8789
15.6183
14.3412
13.0488
11.743
10.4251
9.09621
7.75763
6.41145
5.05869
3.70052
2.33855
0.973976
-0.391442
-1.75627
-3.11894
-4.47865
-5.83366
-7.18286
-8.52464
-9.85771
-11.1808
-12.4926
-13.7917
-15.0769
-16.3474
-17.6015
-18.8381
-20.0561
-21.2546
-22.4325
-23.5884
-24.7219
-25.8319
-26.9175
-27.9773
-29.0112
-30.0182
-30.998
-31.9495
-32.872
-33.7658
-34.6295
-35.4629
-36.2661
-37.0387
-37.7803
-38.4904
-39.1695
-39.8171
-40.4336
-41.0186
-41.5729
-42.096
-42.5886
-43.0508
-43.4828
-43.8853
-44.2589
-44.6036
-44.9201
-45.2093
-45.4719
-45.7083
-45.9191
-46.105
43.0332
42.9262
42.7734
42.5749
42.3309
42.0417
41.7075
41.3286
40.9054
40.4384
39.9279
39.3744
38.7787
38.1413
37.4627
36.7438
35.9852
35.188
34.3526
33.4801
32.5715
31.6275
30.6495
29.6382
28.5949
27.5203
26.4163
25.2832
24.1226
22.9361
21.7244
20.4891
19.2314
17.9525
16.6544
15.338
14.0043
12.6555
11.2929
9.91743
8.53085
7.13499
5.73106
4.3205
2.90466
1.48498
0.0636495
-1.3582
-2.77948
-4.19842
-5.61347
-7.02326
-8.42632
-9.82117
-11.2062
-12.5806
-13.9426
-15.2906
-16.6238
-17.9405
-19.2397
-20.5202
-21.7806
-23.0194
-24.2362
-25.4299
-26.5988
-27.7425
-28.8599
-29.9499
-31.0118
-32.0449
-33.0486
-34.0223
-34.9646
-35.8761
-36.7551
-37.6017
-38.4159
-39.1976
-39.9453
-40.6597
-41.3408
-41.9882
-42.6021
-43.1822
-43.7294
-44.2432
-44.724
-45.1725
-45.5884
-45.9728
-46.326
-46.6484
-46.9406
-47.2033
-47.4373
-47.6432
-47.8218
-47.9736
43.9317
43.8191
43.6586
43.4505
43.1948
42.8917
42.5416
42.1449
41.7019
41.2128
40.6787
40.0996
39.4762
38.8092
38.0993
37.3473
36.554
35.7201
34.8464
33.9341
32.9842
31.9973
30.9747
29.9177
28.8272
27.704
26.55
25.3661
24.1538
22.9141
21.6485
20.3582
19.0446
17.7094
16.354
14.9793
13.5878
12.1802
10.7578
9.32283
7.87691
6.42146
4.95725
3.48663
2.01108
0.53223
-0.948265
-2.42933
-3.90892
-5.38568
-6.85793
-8.32421
-9.78287
-11.2326
-12.6716
-14.0987
-15.5122
-16.9109
-18.2931
-19.6576
-21.003
-22.3282
-23.6319
-24.9124
-26.1688
-27.4005
-28.6056
-29.7832
-30.9328
-32.0528
-33.1426
-34.2017
-35.2289
-36.2236
-37.1854
-38.1132
-39.0066
-39.8651
-40.6889
-41.4775
-42.2298
-42.9462
-43.6267
-44.2715
-44.8798
-45.452
-45.9888
-46.4898
-46.9552
-47.3858
-47.7815
-48.1432
-48.4714
-48.7664
-49.0289
-49.2598
-49.4597
-49.6292
-49.7694
-49.8808
44.7955
44.677
44.5085
44.2901
44.0221
43.7046
43.338
42.9227
42.4589
41.9473
41.3882
40.7823
40.1302
39.4326
38.69
37.9036
37.0741
36.202
35.2888
34.3351
33.3419
32.3104
31.2416
30.137
28.9971
27.824
26.6181
25.3814
24.1149
22.8199
21.4981
20.151
18.7795
17.3856
15.9705
14.5359
13.0835
11.615
10.1315
8.63512
7.12707
5.60894
4.08319
2.55052
1.01326
-0.527544
-2.06942
-3.61128
-5.15127
-6.6878
-8.21916
-9.7438
-11.2599
-12.7661
-14.2606
-15.742
-17.2087
-18.6592
-20.0915
-21.5051
-22.898
-24.2689
-25.6162
-26.9388
-28.2358
-29.5055
-30.747
-31.9588
-33.1403
-34.29
-35.4074
-36.4915
-37.5414
-38.5564
-39.536
-40.4787
-41.3848
-42.2534
-43.0846
-43.8776
-44.6319
-45.3474
-46.0242
-46.6625
-47.2616
-47.822
-48.3439
-48.8274
-49.2728
-49.6804
-50.0507
-50.384
-50.6813
-50.9427
-51.1692
-51.3615
-51.5205
-51.6469
-51.7414
-51.8051
45.6181
45.4934
45.3165
45.0875
44.8066
44.4741
44.0903
43.6556
43.1703
42.6348
42.05
41.4163
40.7342
40.0047
39.2284
38.4061
37.5388
36.6273
35.6727
34.6757
33.6378
32.5599
31.4432
30.289
29.0984
27.8728
26.6133
25.3216
23.999
22.6471
21.2671
19.8603
18.4287
16.9739
15.4972
14.0007
12.4855
10.9534
9.40663
7.84581
6.27368
4.69184
3.10162
1.50507
-0.0966931
-1.70078
-3.30605
-4.91077
-6.51307
-8.11125
-9.70348
-11.2881
-12.8633
-14.4275
-15.979
-17.5158
-19.037
-20.5402
-22.0242
-23.4873
-24.9281
-26.3455
-27.7372
-29.1023
-30.4396
-31.7472
-33.0246
-34.2703
-35.483
-36.6616
-37.8054
-38.9132
-39.9842
-41.0177
-42.0128
-42.9685
-43.8844
-44.7604
-45.5955
-46.3896
-47.1421
-47.8529
-48.522
-49.149
-49.7341
-50.2774
-50.7791
-51.2394
-51.6586
-52.0369
-52.375
-52.6732
-52.9325
-53.153
-53.3359
-53.4823
-53.5924
-53.6676
-53.7087
-53.7166
46.3926
46.2614
46.0758
45.8358
45.5415
45.1934
44.7916
44.3366
43.8288
43.2688
42.6572
41.9944
41.2814
40.5187
39.7071
38.8478
37.9413
36.9888
35.9911
34.9496
33.8654
32.7392
31.5729
30.3671
29.124
27.844
26.5288
25.1803
23.7997
22.3885
20.9478
19.48
17.9864
16.4684
14.9279
13.3672
11.7869
10.1894
8.57652
6.95003
5.31211
3.66386
2.00741
0.344525
-1.3227
-2.99249
-4.6629
-6.33221
-7.99845
-9.65984
-11.3144
-12.9604
-14.596
-16.2194
-17.8287
-19.4223
-20.9984
-22.5552
-24.091
-25.6042
-27.0932
-28.5566
-29.9924
-31.3996
-32.7765
-34.1216
-35.434
-36.7121
-37.9544
-39.1601
-40.3282
-41.4575
-42.547
-43.5958
-44.6032
-45.5685
-46.4907
-47.3694
-48.2041
-48.9946
-49.7403
-50.441
-51.0965
-51.7068
-52.2715
-52.7912
-53.2658
-53.6958
-54.0813
-54.4229
-54.721
-54.9762
-55.1896
-55.361
-55.4925
-55.5841
-55.6373
-55.6529
-55.6324
-55.5769
47.1119
46.9741
46.7793
46.5276
46.2194
45.8549
45.4346
44.9587
44.4277
43.8422
43.2027
42.51
41.7647
40.9678
40.1199
39.2218
38.2748
37.28
36.2379
35.1502
34.0179
32.8422
31.6243
30.3657
29.0675
27.7315
26.3592
24.952
23.511
22.0384
20.5361
19.0049
17.4472
15.8642
14.2584
12.6309
10.9845
9.31987
7.6396
5.94525
4.23878
2.52276
0.79854
-0.931858
-2.66638
-4.40307
-6.13994
-7.87491
-9.60623
-11.3318
-13.0496
-14.7578
-16.4544
-18.1373
-19.8049
-21.4552
-23.0863
-24.6964
-26.2837
-27.8462
-29.3828
-30.8913
-32.3701
-33.8177
-35.2324
-36.6131
-37.958
-39.2658
-40.5351
-41.7649
-42.9537
-44.1008
-45.2048
-46.2648
-47.2801
-48.2497
-49.1731
-50.049
-50.8778
-51.6583
-52.3906
-53.0743
-53.7093
-54.2951
-54.8321
-55.3205
-55.7603
-56.1518
-56.4953
-56.7918
-57.0416
-57.2453
-57.4042
-57.5181
-57.59
-57.6188
-57.6081
-57.5564
-57.4674
-57.3417
47.7692
47.6242
47.4198
47.1563
46.8338
46.4525
46.013
45.5153
44.9603
44.3484
43.6803
42.9567
42.1782
41.3458
40.4604
39.5231
38.5343
37.4954
36.408
35.2728
34.091
32.8638
31.5933
30.2803
28.9261
27.5326
26.1014
24.6337
23.1316
21.5967
20.0299
18.4346
16.811
15.1621
13.4892
11.7943
10.0794
8.34659
6.59769
4.83436
3.05923
1.27421
-0.518787
-2.31756
-4.12001
-5.92419
-7.72791
-9.52903
-11.3255
-13.1152
-14.8961
-16.6661
-18.4231
-20.1651
-21.8901
-23.596
-25.2809
-26.9427
-28.5797
-30.1899
-31.7716
-33.3228
-34.8416
-36.3267
-37.7761
-39.1886
-40.5622
-41.8958
-43.1877
-44.4365
-45.6414
-46.8007
-47.9133
-48.9787
-49.9956
-50.963
-51.8808
-52.7469
-53.5622
-54.3255
-55.0368
-55.6958
-56.3021
-56.8554
-57.3567
-57.8052
-58.2013
-58.546
-58.8396
-59.0826
-59.2764
-59.4209
-59.518
-59.5675
-59.5726
-59.5324
-59.4516
-59.3272
-59.1662
-58.9659
48.3581
48.2059
47.9919
47.7161
47.3788
46.9803
46.5209
46.0012
45.4216
44.7829
44.0855
43.3304
42.5181
41.6497
40.7259
39.748
38.7168
37.6336
36.4997
35.3159
34.0839
32.8053
31.4809
30.1122
28.7014
27.2498
25.7589
24.2301
22.6657
21.0673
19.4367
17.7757
16.0865
14.3706
12.63
10.8675
9.08423
7.28265
5.46492
3.63304
1.78924
-0.0644342
-1.92559
-3.79222
-5.66203
-7.53279
-9.40227
-11.2683
-13.1286
-14.981
-16.8233
-18.6531
-20.4685
-22.2671
-24.0467
-25.8055
-27.5411
-29.2515
-30.9346
-32.5886
-34.2112
-35.8007
-37.3551
-38.8729
-40.3518
-41.7905
-43.1874
-44.5408
-45.8489
-47.1103
-48.3245
-49.4896
-50.6038
-51.6676
-52.6783
-53.6357
-54.5399
-55.3887
-56.1827
-56.92
-57.6023
-58.2286
-58.7979
-59.3102
-59.7684
-60.1693
-60.5146
-60.8051
-61.0425
-61.2251
-61.3567
-61.4363
-61.4667
-61.4476
-61.3824
-61.2707
-61.1171
-60.9192
-60.6846
-60.4109
48.8751
48.7156
48.4917
48.2035
47.8513
47.4354
46.9564
46.4145
45.8105
45.1446
44.4178
43.6308
42.7848
41.8803
40.9181
39.8997
38.8261
37.6985
36.5181
35.2862
34.004
32.6733
31.2953
29.8722
28.4046
26.8947
25.3447
23.7556
22.1293
20.4688
18.7745
17.0493
15.2947
13.5132
11.7066
9.87726
8.02721
6.15871
4.27384
2.37501
0.464529
-1.4555
-3.38264
-5.31452
-7.24897
-9.18349
-11.1157
-13.0433
-14.964
-16.8753
-18.7751
-20.6607
-22.5301
-24.3807
-26.2104
-28.017
-29.7981
-31.5516
-33.2752
-34.967
-36.6246
-38.2462
-39.8297
-41.3732
-42.8752
-44.3333
-45.7458
-47.1113
-48.4287
-49.6949
-50.9108
-52.0728
-53.1811
-54.2352
-55.2319
-56.1718
-57.055
-57.8779
-58.6435
-59.3478
-59.9939
-60.5805
-61.1068
-61.5716
-61.9804
-62.3285
-62.6193
-62.8513
-63.0275
-63.148
-63.2153
-63.2293
-63.1912
-63.1034
-62.9689
-62.7878
-62.5637
-62.2968
-61.9919
-61.6503
49.321
49.1543
48.9207
48.6205
48.2538
47.821
47.3226
46.759
46.1309
45.4386
44.6835
43.8656
42.9863
42.0469
41.0477
39.99
38.8749
37.7042
36.479
35.2004
33.8695
32.4891
31.0591
29.5828
28.0614
26.4957
24.8886
23.2417
21.557
19.8358
18.081
16.2943
14.4779
12.6341
10.7649
8.87266
6.95966
5.02807
3.08051
1.11911
-0.853646
-2.83536
-4.82349
-6.81557
-8.80925
-10.8021
-12.7914
-14.7748
-16.7499
-18.714
-20.6648
-22.5996
-24.5164
-26.4122
-28.2848
-30.1321
-31.9514
-33.7405
-35.4969
-37.2189
-38.9038
-40.5496
-42.1543
-43.7162
-45.2324
-46.7016
-48.1223
-49.4921
-50.8106
-52.0745
-53.2842
-54.437
-55.5318
-56.5686
-57.5448
-58.4614
-59.3166
-60.108
-60.8405
-61.507
-62.1133
-62.6562
-63.1362
-63.5521
-63.9091
-64.2046
-64.44
-64.6138
-64.7302
-64.7922
-64.7965
-64.7496
-64.6483
-64.4976
-64.2991
-64.0567
-63.7701
-63.4416
-63.0771
-62.6761
49.7051
49.5316
49.2889
48.9777
48.5972
48.1486
47.6324
47.0486
46.3983
45.6814
44.8994
44.0533
43.1435
42.1711
41.1381
40.0436
38.8906
37.6799
36.4128
35.0914
33.716
32.2897
30.8129
29.2871
27.7162
26.0994
24.4403
22.7406
21.002
19.2268
17.417
15.575
13.7029
11.803
9.87765
7.92911
5.95985
3.9724
1.96904
-0.0476685
-2.07498
-4.11074
-6.1521
-8.19656
-10.2415
-12.2844
-14.3227
-16.3532
-18.3744
-20.3826
-22.3759
-24.3512
-26.3066
-28.2387
-30.1457
-32.0248
-33.8737
-35.6897
-37.4706
-39.2141
-40.9177
-42.5799
-44.1978
-45.7693
-47.2928
-48.7663
-50.1878
-51.5556
-52.8685
-54.1242
-55.3218
-56.4602
-57.5376
-58.5531
-59.5054
-60.3967
-61.2207
-61.9815
-62.6787
-63.3077
-63.8746
-64.375
-64.8112
-65.1827
-65.4913
-65.74
-65.9235
-66.0473
-66.1124
-66.1211
-66.0732
-65.9743
-65.8202
-65.618
-65.3666
-65.074
-64.7397
-64.3605
-63.95
-63.5042
50.0459
49.8666
49.6165
49.2952
48.9033
48.4409
47.9094
47.3078
46.6386
45.9005
45.0955
44.2251
43.2881
42.2883
41.2257
40.0991
38.9146
37.6698
36.3672
35.0078
33.5954
32.1295
30.6117
29.0452
27.4318
25.7721
24.0692
22.3248
20.5411
18.7201
16.8643
14.9759
13.0573
11.1106
9.13845
7.14351
5.12795
3.09434
1.04566
-1.01625
-3.0883
-5.16756
-7.25166
-9.33839
-11.4241
-13.5066
-15.5833
-17.6513
-19.7078
-21.7502
-23.776
-25.7822
-27.7662
-29.7255
-31.6576
-33.5595
-35.4289
-37.264
-39.0612
-40.8188
-42.5346
-44.2058
-45.83
-47.406
-48.9314
-50.404
-51.8225
-53.1852
-54.4895
-55.7349
-56.9196
-58.0426
-59.1023
-60.0979
-61.0283
-61.895
-62.6927
-63.4256
-64.0933
-64.6924
-65.2239
-65.6915
-66.0926
-66.429
-66.6972
-66.9105
-67.0545
-67.1386
-67.1675
-67.1346
-67.0488
-66.9121
-66.7186
-66.4808
-66.1918
-65.8634
-65.4949
-65.0839
-64.6388
-64.1635
50.3679
50.184
49.9281
49.5994
49.1985
48.7261
48.1823
47.5674
46.8835
46.1299
45.3071
44.4177
43.4606
42.4403
41.3539
40.2038
38.9939
37.724
36.3939
35.0069
33.5655
32.0698
30.5217
28.9241
27.2783
25.5862
23.8504
22.0723
20.255
18.3997
16.5097
14.5863
12.6332
10.6519
8.64526
6.61595
4.56627
2.4988
0.416575
-1.67831
-3.78238
-5.89386
-8.00873
-10.1256
-12.2411
-14.3518
-16.4558
-18.5504
-20.632
-22.6987
-24.7467
-26.7746
-28.7785
-30.7566
-32.7056
-34.6228
-36.5067
-38.354
-40.1616
-41.9285
-43.6511
-45.3282
-46.9566
-48.5349
-50.0608
-51.5323
-52.9479
-54.3061
-55.6042
-56.8423
-58.0175
-59.13
-60.177
-61.1596
-62.0753
-62.9248
-63.707
-64.4207
-65.0686
-65.6487
-66.1585
-66.6046
-66.9849
-67.2976
-67.5432
-67.7318
-67.8562
-67.914
-67.9207
-67.8654
-67.7574
-67.5966
-67.3811
-67.1222
-66.8143
-66.4641
-66.0743
-65.6476
-65.1817
-64.6901
50.7497
50.5634
50.3039
49.9706
49.5643
49.0854
48.5334
47.911
47.2166
46.4536
45.6196
44.7164
43.7483
42.7135
41.6121
40.4476
39.2211
37.9343
36.5865
35.1817
33.7212
32.2061
30.6383
29.0204
27.3536
25.6404
23.8831
22.083
20.2435
18.3658
16.4534
14.507
12.5313
10.5272
8.49747
6.44528
4.37303
2.28351
0.178347
-1.93866
-4.06407
-6.19753
-8.33325
-10.471
-12.6065
-14.7371
-16.8606
-18.9739
-21.0734
-23.1578
-25.2223
-27.2666
-29.2858
-31.2788
-33.2418
-35.1717
-37.0668
-38.9249
-40.7424
-42.5192
-44.2499
-45.9345
-47.5705
-49.1544
-50.6854
-52.1613
-53.5808
-54.9416
-56.2413
-57.4809
-58.6564
-59.7685
-60.8146
-61.7956
-62.7089
-63.5551
-64.3339
-65.0442
-65.6869
-66.2617
-66.7677
-67.2068
-67.5817
-67.8871
-68.1282
-68.3071
-68.4257
-68.4786
-68.473
-68.4142
-68.2996
-68.1274
-67.9074
-67.6377
-67.3255
-66.9664
-66.5683
-66.1328
-65.6603
-65.1594
51.3373
51.15
50.8885
50.5528
50.1434
49.6608
49.1045
48.4775
47.7772
47.0078
46.1674
45.2568
44.2814
43.237
42.127
40.9529
39.7161
38.4184
37.0599
35.6435
34.1703
32.6429
31.0619
29.4304
27.7501
26.0225
24.2498
22.4354
20.5803
18.6869
16.7585
14.7957
12.8033
10.7821
8.73562
6.66611
4.57615
2.46946
0.346394
-1.78863
-3.93188
-6.08359
-8.23773
-10.3937
-12.5472
-14.6961
-16.8377
-18.9691
-21.0871
-23.1894
-25.272
-27.3337
-29.3707
-31.3805
-33.3609
-35.3091
-37.2225
-39.0996
-40.9351
-42.7295
-44.4768
-46.1781
-47.8307
-49.4301
-50.977
-52.4685
-53.903
-55.2789
-56.5932
-57.8469
-59.0366
-60.1622
-61.2217
-62.2145
-63.1411
-63.9995
-64.7893
-65.5108
-66.1644
-66.7486
-67.2651
-67.7135
-68.0953
-68.4094
-68.6585
-68.8438
-68.9667
-69.0277
-69.0241
-68.9701
-68.8576
-68.6875
-68.4706
-68.1998
-67.887
-67.5275
-67.1267
-66.6872
-66.2117
-65.7038
-0.0195341
0.0201066
0.0271656
0.0214555
0.00405505
-0.0119161
-0.00193606
0.012228
0.0178286
0.0108229
-0.00241141
-0.00304807
0.00205448
0.00762252
0.0127184
0.00507071
-0.00335254
-0.000304875
0.00525218
0.00762406
0.00561585
0.00441798
0.00483433
0.00140296
0.00284152
0.00664809
0.00364228
0.0038919
0.00494323
0.00187712
0.00429752
0.00580288
0.00339766
0.00592171
0.00722921
0.00611056
0.00983868
0.01152
0.00755222
0.00654641
0.00784656
0.00572642
0.00376629
0.00644507
0.00958445
0.00886786
0.00953126
0.0128423
0.013654
0.0140731
0.0172276
0.0181491
0.0162663
0.0167907
0.0187797
0.0174408
0.0140545
0.0136967
0.0161321
0.0171014
0.015109
0.0142813
0.0159628
0.0174165
0.0164748
0.0145085
0.0148496
0.0166844
0.0176829
0.0159006
0.01415
0.0140697
0.0159611
0.0177493
0.0177695
0.0170692
0.0157046
0.0156478
0.015623
0.0157844
0.015858
0.0151862
0.0150959
0.0146681
0.0137885
0.0146602
0.0120236
0.0139608
0.0104634
0.0102779
0.0091866
0.00348069
-0.000464112
-0.00120391
-0.0255283
-0.01717
-0.0250636
-0.0826968
-0.169238
-0.142295
0.0396783
-0.00432426
-0.0156303
-0.0085867
0.00912928
0.0245368
0.0161954
-0.00581436
-0.00438521
0.0197414
0.0330731
0.0284488
0.00792632
-0.00489851
0.00976033
0.0240044
0.0197434
0.012125
0.0103846
0.00950995
0.00974946
0.0150552
0.0151611
0.0100045
0.0128654
0.014179
0.0105629
0.0151276
0.0161735
0.0101096
0.0116274
0.0123034
0.00993667
0.0140007
0.0151068
0.0121535
0.014661
0.0176276
0.0153739
0.0145886
0.0176781
0.0167579
0.0147182
0.0201873
0.0260908
0.0253588
0.0242784
0.0259395
0.0254677
0.0243813
0.0267751
0.0300768
0.0311054
0.0314461
0.0332626
0.0366373
0.0382591
0.0365068
0.0349563
0.0368402
0.0391807
0.0392252
0.0383517
0.0383004
0.0396638
0.0399338
0.0394958
0.0396151
0.0413243
0.0432631
0.0434549
0.0427054
0.0415201
0.0420522
0.0425578
0.0437217
0.044032
0.0438646
0.0440623
0.0433555
0.0436894
0.0429111
0.0424964
0.0425826
0.040551
0.0416835
0.038524
0.0381102
0.0374885
0.0305655
0.0342237
0.0207476
0.0227493
0.00183527
-0.00164622
-0.04556
-0.022699
-0.148737
-0.196299
-0.192769
0.0233665
0.0502287
0.0627186
0.0395115
0.00947755
-0.000614727
0.0270316
0.0535976
0.0446162
0.0166042
-0.000898784
0.0144327
0.0427007
0.0418279
0.0233354
0.010746
0.00698713
0.0199424
0.0350933
0.0283697
0.015887
0.0171933
0.0172459
0.0178131
0.0261684
0.0260462
0.0185184
0.0171706
0.0193899
0.0226165
0.0238883
0.0221599
0.0241853
0.0241732
0.0188956
0.0203135
0.0223475
0.0183254
0.0217362
0.0284735
0.0301512
0.0325548
0.0292112
0.0201867
0.0190896
0.026561
0.032696
0.0326077
0.0344849
0.0415553
0.0434397
0.0413864
0.0463373
0.0524238
0.0491945
0.0463001
0.0528108
0.0585648
0.0553206
0.0509916
0.0534794
0.05844
0.0597014
0.0573935
0.0576857
0.0611371
0.0632205
0.0617648
0.059586
0.060957
0.0636311
0.0656832
0.0653335
0.0645534
0.0644007
0.0645757
0.0654844
0.0655102
0.0664129
0.0666889
0.067193
0.067622
0.0668971
0.0674333
0.0661071
0.0659499
0.0653332
0.0620003
0.0634869
0.0554803
0.0593491
0.0442282
0.0523702
0.019805
0.0499724
-0.0388926
0.0685965
-0.0700082
-0.0169811
-0.0505829
0.0493064
0.031405
0.0353743
0.0607159
0.0709946
0.0456595
0.0300805
0.0205037
0.0234288
0.0516729
0.0583658
0.0387971
0.0167262
0.00814272
0.0319496
0.0557672
0.0441657
0.0201099
0.0122239
0.0226999
0.0370365
0.0386764
0.0302546
0.0225282
0.0192462
0.0248755
0.0350997
0.0332665
0.0258396
0.0275751
0.0283425
0.0237285
0.0255728
0.0317482
0.0316906
0.029094
0.0323176
0.036542
0.0391793
0.0411743
0.0373667
0.0361974
0.0421716
0.0397691
0.0341158
0.0392736
0.0482938
0.0502768
0.0475441
0.0491157
0.0547011
0.0555883
0.0527268
0.0558197
0.0633358
0.0656928
0.0634525
0.064918
0.0702241
0.0723065
0.0693734
0.0672805
0.0708437
0.0760287
0.0773406
0.0760906
0.076417
0.0791702
0.0805504
0.0793504
0.0769305
0.0760972
0.0786068
0.0819165
0.0843866
0.0844443
0.0839204
0.0836134
0.0839521
0.085359
0.0860172
0.0872773
0.0877324
0.0881391
0.0895535
0.0888731
0.091213
0.0896288
0.0914512
0.0891746
0.0914612
0.0863826
0.0917767
0.0783316
0.0902936
0.0557977
0.0975887
0.0586598
0.194389
0.171987
0.0859461
0.0865035
0.0604247
0.046772
0.0471652
0.0495044
0.0666299
0.0581843
0.042638
0.0374002
0.0259361
0.0446352
0.0645426
0.0493513
0.0316588
0.023216
0.0278677
0.0464753
0.0531872
0.0415159
0.0253996
0.0188101
0.0330421
0.0495649
0.0448271
0.0298465
0.0270981
0.0322816
0.0355155
0.0380784
0.03973
0.0411463
0.0376964
0.0292092
0.0334705
0.0428776
0.0379637
0.0356855
0.0408246
0.0374882
0.0379853
0.0465611
0.0519938
0.0553392
0.0518829
0.0430526
0.0402601
0.047119
0.0567183
0.0574367
0.0557419
0.0640948
0.0716522
0.0676999
0.0665055
0.075963
0.0812277
0.0768155
0.0761381
0.0842588
0.0896287
0.0856198
0.0810948
0.0840932
0.0890609
0.0889506
0.086194
0.0867819
0.091079
0.0954076
0.0972316
0.096349
0.0957851
0.0959967
0.0970092
0.098426
0.0994285
0.100211
0.0997721
0.1002
0.100419
0.101422
0.102724
0.103155
0.10566
0.106069
0.10943
0.111599
0.114047
0.119273
0.121401
0.129602
0.13342
0.149996
0.15941
0.186515
0.202063
0.227379
0.287955
0.294851
0.0656249
0.0870209
0.0699284
0.0707634
0.0732506
0.0568667
0.0526183
0.0461745
0.0646957
0.0745384
0.0457957
0.0418074
0.0488359
0.0455037
0.0491764
0.0526198
0.0573425
0.0426824
0.0214852
0.0385529
0.0607264
0.0553454
0.0415408
0.0298186
0.0313564
0.0472176
0.051071
0.0454934
0.0428086
0.0371235
0.0343311
0.0400912
0.046473
0.0485428
0.0435954
0.0381786
0.0415172
0.0472416
0.0526452
0.0579075
0.0567142
0.0534285
0.0500436
0.0492243
0.0522985
0.0508651
0.0499276
0.0561897
0.0638899
0.0691604
0.069773
0.0676322
0.071725
0.0794323
0.0795039
0.0756909
0.079874
0.0881543
0.0888651
0.0852485
0.0879933
0.0957719
0.0984133
0.0952734
0.094237
0.0977354
0.101906
0.10219
0.100585
0.10092
0.103877
0.106581
0.107474
0.107876
0.108308
0.109421
0.110136
0.110884
0.111012
0.111439
0.112172
0.113197
0.11403
0.114831
0.1157
0.117222
0.119135
0.123034
0.12605
0.134764
0.138922
0.153835
0.160856
0.186642
0.204994
0.247054
0.313224
0.275055
0.203197
0.153935
0.0777415
0.091653
0.0718805
0.0753583
0.071791
0.0731356
0.0835834
0.0596547
0.0548428
0.0613445
0.0599713
0.0671424
0.0570111
0.0547969
0.060916
0.0469595
0.0446128
0.0554468
0.0627819
0.0562361
0.0356733
0.0356145
0.0520075
0.0584851
0.0568563
0.0468544
0.0375391
0.0422451
0.0511133
0.055178
0.055638
0.0491501
0.0389583
0.0399971
0.0519332
0.0554638
0.0539819
0.0564158
0.0494277
0.0458031
0.0574503
0.0606175
0.0584875
0.0657068
0.071201
0.0701864
0.0644888
0.0601282
0.0607142
0.0643218
0.0728063
0.080133
0.0799199
0.0820629
0.0908375
0.092986
0.0881453
0.0909227
0.0996244
0.100825
0.0956134
0.096317
0.102957
0.106114
0.105563
0.106106
0.109118
0.111118
0.110795
0.110772
0.111146
0.111464
0.111198
0.112498
0.11462
0.116861
0.118436
0.119593
0.121134
0.121715
0.1224
0.123238
0.123631
0.125298
0.124617
0.126039
0.125367
0.126582
0.12807
0.131086
0.135399
0.143382
0.150463
0.166258
0.178177
0.18847
0.27668
0.164149
0.0216078
-0.0744794
0.0961682
0.102314
0.0774418
0.0900214
0.0802083
0.0749101
0.0788597
0.0695716
0.0795805
0.070656
0.0608965
0.068008
0.060961
0.0662591
0.0649054
0.0559435
0.0656592
0.0588123
0.0478918
0.0542392
0.0600634
0.0658503
0.057965
0.0420163
0.0463621
0.0571203
0.0615509
0.0623083
0.0529431
0.0437816
0.0473703
0.0553171
0.0629432
0.0631625
0.0518902
0.0484974
0.0531418
0.054909
0.0642453
0.0696502
0.0623157
0.0626035
0.0685606
0.0657737
0.0584121
0.0601925
0.0701534
0.0699738
0.0669112
0.075485
0.080608
0.0781625
0.0807177
0.0853093
0.0870611
0.0913374
0.0959126
0.0954935
0.09574
0.101763
0.10702
0.106164
0.105577
0.108507
0.111681
0.112441
0.112067
0.113324
0.114325
0.114495
0.115923
0.1205
0.124551
0.125598
0.124915
0.124647
0.12558
0.126699
0.12804
0.128528
0.129062
0.129786
0.130865
0.132636
0.13314
0.134171
0.133728
0.132512
0.131685
0.127077
0.125154
0.117859
0.112423
0.103883
0.0878795
0.067587
0.0393363
-0.027279
-0.0597841
-0.0618393
0.10974
0.0933316
0.0817634
0.107024
0.085356
0.0803924
0.0856937
0.0796915
0.0812121
0.0677119
0.0771809
0.0823151
0.0627012
0.067356
0.0706065
0.068485
0.0661445
0.0593382
0.0702834
0.0695017
0.0552994
0.0559681
0.0572391
0.0640956
0.0696646
0.0579801
0.0518244
0.0543503
0.0592043
0.0689648
0.0680998
0.0564315
0.0496446
0.0523911
0.060549
0.0652493
0.0676323
0.0654583
0.0578147
0.061875
0.0706133
0.0680499
0.0666103
0.070236
0.0757748
0.0789037
0.076366
0.0772397
0.0770728
0.0736668
0.0773722
0.0833016
0.0858343
0.0904504
0.0958623
0.0993117
0.102416
0.103961
0.103144
0.104049
0.108713
0.110506
0.108631
0.109771
0.114025
0.11635
0.115537
0.116886
0.122324
0.125264
0.123609
0.122544
0.124714
0.126733
0.127621
0.128619
0.129421
0.130194
0.130726
0.131721
0.132644
0.132653
0.133698
0.13393
0.135863
0.136554
0.137899
0.137967
0.137366
0.133608
0.129241
0.117189
0.104656
0.0842928
0.0490061
0.0133764
-0.102494
-0.0751925
0.0232547
0.190554
0.121056
0.0972102
0.0950491
0.104612
0.0839475
0.0977344
0.0903398
0.0801172
0.0904955
0.081087
0.0818409
0.0749219
0.074286
0.0858537
0.0683908
0.0676613
0.078368
0.0701592
0.0680072
0.0653956
0.0678155
0.073787
0.0666232
0.0633705
0.0625522
0.0618944
0.0707191
0.0723059
0.0625019
0.0563283
0.0557161
0.0619429
0.0722174
0.0704244
0.0625768
0.0639775
0.0630263
0.0649477
0.0759639
0.0728557
0.0663389
0.0740309
0.078696
0.0760826
0.0733899
0.0745888
0.0753878
0.0724172
0.077039
0.0818619
0.0816509
0.0886648
0.0957039
0.0929699
0.0905651
0.0950189
0.10095
0.104622
0.106167
0.105864
0.10808
0.114578
0.117214
0.113788
0.113026
0.119684
0.125505
0.122865
0.119585
0.122247
0.125884
0.125407
0.124482
0.125466
0.127125
0.128745
0.130443
0.132454
0.133985
0.135776
0.136914
0.137287
0.137512
0.137142
0.13807
0.138083
0.139243
0.140564
0.14177
0.144713
0.145778
0.146666
0.147921
0.144384
0.143632
0.140942
0.128395
0.157899
0.192907
0.264098
0.127614
0.0924983
0.108416
0.109933
0.0893535
0.102413
0.0919222
0.0941276
0.0935753
0.0809284
0.0923685
0.0840643
0.0801689
0.0818137
0.075591
0.0848415
0.0747865
0.069971
0.0810062
0.0725248
0.0725758
0.0728849
0.0670342
0.0746794
0.0733071
0.0698249
0.0700219
0.0614831
0.0660811
0.075598
0.0726182
0.0698387
0.0644285
0.0625348
0.0704375
0.0713077
0.0709195
0.0717491
0.067303
0.0721526
0.0795175
0.0764792
0.0726772
0.0755578
0.0809039
0.0793639
0.0808618
0.0896213
0.0898119
0.0869645
0.0857228
0.0815898
0.0825154
0.0897416
0.0960101
0.0992728
0.102298
0.107529
0.113539
0.114931
0.110906
0.110752
0.117994
0.122427
0.117864
0.113553
0.11913
0.126676
0.126099
0.123469
0.126112
0.130553
0.132692
0.134279
0.135972
0.136291
0.136746
0.137591
0.138464
0.139221
0.14011
0.141956
0.142467
0.143506
0.143425
0.144079
0.144307
0.144885
0.146315
0.150621
0.155504
0.167027
0.180807
0.198525
0.229659
0.241274
0.383919
0.339479
0.201582
0.0760668
0.119658
0.0992226
0.121225
0.102584
0.0986624
0.113226
0.0928341
0.0988932
0.0968256
0.0916727
0.0960267
0.0834301
0.0917416
0.0893975
0.0789811
0.0857238
0.0806083
0.081448
0.0799425
0.0744641
0.080236
0.0765056
0.0767674
0.0777904
0.0707903
0.0746657
0.0761302
0.07586
0.0783567
0.0708641
0.0667239
0.0709786
0.0739267
0.0733501
0.0707542
0.0702749
0.0716376
0.0771753
0.0807602
0.0761627
0.0760849
0.0798617
0.0822734
0.0838555
0.0822198
0.0840491
0.0841905
0.080216
0.0789063
0.0792053
0.0869404
0.0964543
0.0996818
0.102577
0.10314
0.100069
0.0992631
0.101301
0.10412
0.108786
0.113256
0.11276
0.111075
0.115549
0.122951
0.122374
0.116664
0.118208
0.12364
0.124177
0.123386
0.126907
0.129911
0.130408
0.130697
0.131345
0.132107
0.133031
0.134859
0.136107
0.137579
0.139201
0.140727
0.142856
0.14407
0.146182
0.147019
0.147223
0.146985
0.145333
0.144271
0.145095
0.14432
0.15132
0.15543
0.1651
0.201703
0.139719
0.0548682
-0.000417833
0.118695
0.110771
0.12283
0.103374
0.113304
0.110389
0.0957564
0.111274
0.0978327
0.0961958
0.100582
0.0916817
0.0969317
0.0870108
0.089852
0.0934459
0.0795933
0.087453
0.0858322
0.0792262
0.0854561
0.0801281
0.079251
0.0818172
0.0793317
0.081064
0.0782622
0.0751894
0.0756439
0.0737486
0.0774811
0.0794162
0.0725587
0.074111
0.0793989
0.0784886
0.0796045
0.0761725
0.0738061
0.0813375
0.0821487
0.0792181
0.0806938
0.0817023
0.0820308
0.0813202
0.084414
0.0888473
0.0936506
0.0980395
0.093454
0.0878977
0.08565
0.0860169
0.0914873
0.0968778
0.100895
0.106226
0.111834
0.115824
0.117974
0.119244
0.119608
0.118261
0.119538
0.124811
0.126884
0.126111
0.129096
0.131112
0.126955
0.123396
0.124487
0.127622
0.130303
0.132699
0.133634
0.134456
0.135991
0.137292
0.138445
0.138161
0.138963
0.138831
0.139716
0.14017
0.141021
0.141577
0.141161
0.137352
0.13242
0.120632
0.104209
0.0841377
0.0388696
-0.00497835
-0.118261
-0.121437
-0.0417028
0.203406
0.116458
0.122973
0.126028
0.105712
0.121029
0.110431
0.105004
0.112924
0.099131
0.107244
0.101084
0.0958076
0.102103
0.0928935
0.0964753
0.0910313
0.0895651
0.0944621
0.0829427
0.0895349
0.0883963
0.0801228
0.0894599
0.0829961
0.0796773
0.0843731
0.0784817
0.0812568
0.0823806
0.0801327
0.0821243
0.0775084
0.0794007
0.0825635
0.075983
0.0752604
0.0781655
0.0809585
0.0835948
0.080816
0.0804605
0.0846307
0.0872528
0.0857343
0.0870373
0.0921349
0.0901675
0.0858177
0.0831997
0.083179
0.0870478
0.0901195
0.0967328
0.102303
0.104639
0.108155
0.107393
0.102025
0.0983954
0.101694
0.108399
0.111294
0.11224
0.114892
0.116137
0.116676
0.118526
0.117202
0.115456
0.118968
0.12475
0.127512
0.12886
0.130576
0.13331
0.13685
0.138463
0.138417
0.137929
0.139006
0.140182
0.141071
0.141734
0.141302
0.141439
0.140739
0.141207
0.141824
0.143216
0.145225
0.148148
0.147365
0.150779
0.141815
0.13968
0.110963
0.0840065
0.0953193
0.120155
0.217818
0.125264
0.131844
0.11982
0.116194
0.127935
0.105744
0.115254
0.116699
0.101336
0.111809
0.104355
0.103692
0.103017
0.0963739
0.101991
0.0947541
0.0945068
0.0950782
0.0908538
0.0933885
0.0883079
0.0895848
0.0880038
0.0842679
0.0902203
0.0849897
0.0842509
0.0887642
0.0828824
0.081935
0.0825173
0.0806597
0.0800944
0.0784846
0.0808849
0.0856687
0.085102
0.0805496
0.0819847
0.0864745
0.0862838
0.0852142
0.0842999
0.0856824
0.0860369
0.0822315
0.0827747
0.0893325
0.0954539
0.0941191
0.0939997
0.0977608
0.095129
0.0917905
0.0905442
0.091479
0.0951175
0.101499
0.108547
0.110519
0.112392
0.117716
0.120173
0.119292
0.118998
0.119503
0.122472
0.126763
0.127193
0.123899
0.121795
0.122403
0.124348
0.124044
0.122371
0.123217
0.127319
0.12981
0.130044
0.131448
0.133511
0.136587
0.138679
0.141522
0.143236
0.145109
0.146803
0.148311
0.150456
0.155401
0.161859
0.174313
0.193404
0.212342
0.25676
0.2619
0.42328
0.40925
0.261128
0.042098
0.131818
0.131034
0.123557
0.127243
0.122743
0.112377
0.126635
0.110364
0.11018
0.11893
0.102016
0.109307
0.106877
0.101334
0.104238
0.0974387
0.102075
0.0971191
0.093083
0.0982633
0.0913617
0.0922402
0.0942712
0.0897915
0.0905571
0.0902025
0.0889218
0.0856505
0.083485
0.0868459
0.0845563
0.0821843
0.0863585
0.0861424
0.0847684
0.0831413
0.080326
0.0862719
0.0878807
0.0818766
0.0838453
0.0870765
0.0865551
0.0863286
0.0882273
0.0931943
0.0955912
0.0907148
0.0862073
0.0897635
0.090847
0.0896275
0.0911031
0.0926628
0.0967047
0.102725
0.108471
0.10839
0.104278
0.101421
0.10089
0.103927
0.108494
0.111646
0.113708
0.114056
0.111919
0.112424
0.11796
0.124418
0.125945
0.123766
0.12415
0.127914
0.128235
0.125243
0.127037
0.13191
0.134075
0.132908
0.133088
0.133911
0.134636
0.135721
0.136776
0.138233
0.139261
0.14029
0.140404
0.139198
0.135811
0.135886
0.129304
0.1327
0.123592
0.133278
0.133247
0.0979942
0.0574398
0.0566398
0.133309
0.134339
0.128679
0.130815
0.124468
0.12183
0.12551
0.112654
0.121116
0.113695
0.10785
0.117184
0.104607
0.108274
0.107226
0.101234
0.105139
0.0977367
0.101327
0.0980574
0.0944438
0.10154
0.091667
0.0926965
0.096642
0.0881454
0.0902337
0.0901786
0.0891182
0.0895077
0.0859402
0.0891865
0.0876106
0.0826182
0.0845701
0.0862008
0.0874467
0.0846564
0.0825422
0.0878173
0.0894482
0.0867986
0.0877992
0.0920463
0.0909186
0.0845276
0.083505
0.0884131
0.0910341
0.0900428
0.0907409
0.0928123
0.0963428
0.0995928
0.099311
0.095018
0.0914061
0.0937852
0.0987036
0.102798
0.105247
0.10775
0.11158
0.114946
0.116687
0.117783
0.117854
0.115646
0.112882
0.112771
0.11519
0.116509
0.116423
0.121872
0.129642
0.130432
0.126136
0.127068
0.131371
0.131974
0.131359
0.131636
0.132863
0.132264
0.13254
0.131987
0.131513
0.130724
0.130759
0.127224
0.123122
0.111676
0.0939963
0.0703008
0.0251865
-0.0380931
-0.163814
-0.166074
-0.0731519
0.175062
0.132974
0.138597
0.133464
0.133025
0.126366
0.129294
0.125283
0.116974
0.125381
0.114453
0.115602
0.116543
0.108609
0.113663
0.106998
0.106517
0.10589
0.102424
0.104548
0.0993262
0.101708
0.0977925
0.0949614
0.100402
0.0924051
0.0935282
0.0969065
0.0912421
0.0916888
0.0902225
0.0901151
0.0892446
0.0846758
0.0881015
0.0904526
0.0852914
0.0842754
0.0889211
0.0897415
0.0876293
0.0865721
0.0877665
0.0894305
0.0845949
0.0834015
0.0916957
0.0945075
0.0905428
0.0900852
0.0936663
0.0947278
0.0927627
0.0908685
0.0886481
0.0873995
0.0902231
0.0961984
0.102029
0.105905
0.107554
0.10543
0.10195
0.101304
0.103094
0.106001
0.108279
0.110141
0.111763
0.113994
0.117279
0.12147
0.123186
0.119277
0.113641
0.114557
0.118856
0.116996
0.114242
0.117549
0.123542
0.125291
0.127157
0.130701
0.13415
0.136492
0.138777
0.141113
0.14273
0.145457
0.149528
0.157997
0.1635
0.180029
0.185447
0.20904
0.195805
0.243932
0.254365
0.142545
0.0955087
0.136595
0.145222
0.134159
0.135016
0.132737
0.131945
0.124402
0.126653
0.126015
0.114852
0.123953
0.115552
0.111466
0.117627
0.107999
0.110378
0.109553
0.105085
0.106229
0.10347
0.102248
0.100268
0.100907
0.0987702
0.0963159
0.0995897
0.0954939
0.0924724
0.0948079
0.0923545
0.0897868
0.089446
0.0909908
0.0909424
0.0856001
0.0878992
0.0931781
0.0872711
0.0851493
0.0880938
0.0877043
0.0873645
0.0864691
0.09075
0.0948733
0.0896383
0.0849682
0.0883579
0.0907108
0.0859408
0.0842796
0.0874797
0.0908605
0.0949225
0.0991451
0.101531
0.0987838
0.0934205
0.089616
0.0906063
0.0941325
0.0967255
0.100852
0.105236
0.108976
0.112539
0.11369
0.112157
0.10901
0.106263
0.107617
0.112231
0.116211
0.116466
0.11782
0.123507
0.128232
0.126044
0.123504
0.125771
0.127372
0.126081
0.125493
0.12767
0.128702
0.130616
0.133133
0.136528
0.137591
0.141598
0.143914
0.152528
0.162686
0.17777
0.2118
0.242977
0.351177
0.342713
0.190863
0.00895379
0.147249
0.145698
0.134857
0.141575
0.134774
0.132354
0.13076
0.130699
0.123389
0.124055
0.12525
0.113857
0.121556
0.115244
0.110158
0.117733
0.107532
0.109601
0.109572
0.103342
0.106874
0.103253
0.10201
0.101049
0.0996555
0.0993998
0.0946548
0.0974999
0.0960591
0.0906341
0.094359
0.0939635
0.0900856
0.0890527
0.0914639
0.0914693
0.0855202
0.0869851
0.090949
0.0886158
0.0872736
0.0898023
0.0915273
0.0872419
0.0833086
0.0854348
0.090284
0.0892432
0.0865324
0.0909853
0.0948128
0.0943955
0.0920379
0.0896962
0.0862305
0.0831484
0.0839232
0.0885046
0.0955162
0.101481
0.107308
0.107606
0.102009
0.0978996
0.0958604
0.0973951
0.101171
0.104778
0.107468
0.10718
0.104186
0.103731
0.105375
0.105499
0.10455
0.106724
0.111912
0.113954
0.112907
0.113754
0.118314
0.119782
0.119786
0.120522
0.122329
0.121525
0.120766
0.120426
0.119464
0.115795
0.10752
0.0989642
0.0770228
0.0576078
0.0087872
-0.0449969
-0.137652
-0.166698
-0.0802008
0.117341
0.157082
0.14154
0.140256
0.145586
0.133997
0.13735
0.134782
0.13019
0.127994
0.129103
0.122733
0.121659
0.123651
0.11426
0.119035
0.114718
0.110412
0.11494
0.107347
0.109778
0.107946
0.103665
0.106039
0.101442
0.101415
0.0992196
0.0985305
0.0992966
0.0937137
0.0969596
0.0967357
0.0902136
0.0925238
0.0936327
0.0889569
0.0879765
0.0906077
0.0910854
0.0885558
0.0872576
0.0902177
0.0883578
0.0835335
0.08668
0.0911095
0.090238
0.0870615
0.0880799
0.0897694
0.087124
0.0838235
0.0820842
0.083835
0.0860243
0.0895009
0.0949572
0.0988947
0.0973722
0.092905
0.0867592
0.0818343
0.0837131
0.0872149
0.0934821
0.100053
0.103045
0.105814
0.107752
0.108587
0.110001
0.110306
0.110018
0.111068
0.111494
0.108375
0.106207
0.107956
0.111488
0.111669
0.111953
0.115591
0.120154
0.121905
0.123283
0.127716
0.130835
0.132515
0.133184
0.137804
0.139362
0.145503
0.145326
0.151099
0.14536
0.140757
0.0977553
0.0541217
0.0402421
0.0262787
0.103143
0.1576
0.138271
0.15195
0.142541
0.136405
0.143772
0.133577
0.133784
0.133221
0.12879
0.125756
0.127141
0.122431
0.118587
0.121652
0.114959
0.114991
0.114624
0.110936
0.111727
0.108247
0.107821
0.105684
0.10379
0.103726
0.101142
0.10093
0.0978644
0.0979427
0.0981166
0.0923523
0.0948518
0.09528
0.0889176
0.0916522
0.0931223
0.0891575
0.0884476
0.0883558
0.0894798
0.0871466
0.0854828
0.0905681
0.0907294
0.0848906
0.0845293
0.0871715
0.0844435
0.0831079
0.0846955
0.0873316
0.0899166
0.0896185
0.0901259
0.0887201
0.0834917
0.0797579
0.0796152
0.0806638
0.0862658
0.0939161
0.101648
0.103961
0.097567
0.0914139
0.088228
0.0884746
0.0910474
0.0928037
0.0927177
0.0913181
0.088158
0.0868433
0.089223
0.0936575
0.0978125
0.103094
0.109539
0.112462
0.111886
0.111767
0.11483
0.115596
0.115029
0.11601
0.121631
0.12593
0.130481
0.135334
0.144553
0.155595
0.169788
0.195067
0.221465
0.273796
0.315608
0.431155
0.493426
0.285947
0.0453886
0.150009
0.147339
0.155354
0.138532
0.147163
0.141867
0.134494
0.140229
0.132812
0.130892
0.130683
0.128267
0.1229
0.124451
0.121977
0.115688
0.120538
0.114353
0.112011
0.11486
0.108964
0.109353
0.107972
0.105537
0.10559
0.102679
0.101268
0.100113
0.0983444
0.0959413
0.0963933
0.0958195
0.0914102
0.0935756
0.0937292
0.0889896
0.0896059
0.0904064
0.0887307
0.0872443
0.0878452
0.0893633
0.0861298
0.0826076
0.0857717
0.0868092
0.0838761
0.0854549
0.0875573
0.086827
0.0833219
0.0818135
0.081522
0.0787916
0.0787391
0.082348
0.0871064
0.0907389
0.091935
0.0904021
0.084062
0.0757295
0.0752298
0.0795543
0.0858699
0.0917457
0.0943733
0.0977816
0.101922
0.106094
0.108976
0.107638
0.10422
0.10097
0.0976926
0.0940938
0.0924046
0.0931593
0.0959471
0.0968529
0.0980418
0.101733
0.107052
0.107964
0.106501
0.106805
0.108558
0.108709
0.104772
0.103352
0.0962514
0.092097
0.0751189
0.0657325
0.03702
0.00987679
-0.0429419
-0.0809385
-0.0706002
0.0159759
0.150246
0.157307
0.151116
0.144381
0.151409
0.138784
0.141714
0.140516
0.133402
0.135894
0.132407
0.128094
0.127731
0.127028
0.120002
0.123094
0.120571
0.113571
0.11884
0.112247
0.110957
0.113188
0.107161
0.108557
0.105565
0.103386
0.103602
0.0996169
0.099453
0.098413
0.0961876
0.0949059
0.0944408
0.0937843
0.090688
0.0906978
0.0916048
0.0883575
0.0873249
0.0889195
0.0869141
0.08408
0.0849605
0.0870057
0.0854526
0.0837561
0.0845028
0.0839641
0.0804502
0.078716
0.0814504
0.0817697
0.0815139
0.083644
0.0859704
0.0847013
0.0801648
0.0775128
0.0748018
0.0731361
0.0767694
0.0826232
0.0898627
0.0929458
0.0887743
0.0848351
0.0806639
0.0779825
0.0772513
0.0756579
0.0763704
0.0788656
0.0792026
0.081434
0.0853152
0.0883974
0.0915063
0.0965575
0.101065
0.103605
0.104066
0.10554
0.110609
0.114711
0.116741
0.116633
0.120965
0.124172
0.128163
0.127577
0.131907
0.131456
0.129455
0.118835
0.102929
0.0533346
-0.021104
-0.0569634
-0.0313274
0.072754
0.154817
0.161467
0.1491
0.152386
0.150019
0.140211
0.147827
0.138586
0.137541
0.139227
0.130913
0.132061
0.131147
0.124968
0.125641
0.124941
0.118164
0.120833
0.117565
0.112557
0.115976
0.110913
0.109823
0.109303
0.105508
0.10602
0.102815
0.102124
0.100986
0.0974082
0.0979093
0.0959047
0.0937175
0.0929915
0.0914064
0.0915583
0.0889774
0.0877185
0.0896237
0.0860901
0.0845231
0.0871548
0.0854262
0.0829274
0.0827835
0.0821442
0.0809336
0.0795641
0.0808007
0.0827995
0.0808622
0.0787426
0.0794781
0.0782733
0.0734825
0.0732424
0.0745913
0.0762383
0.0808969
0.0826657
0.0839639
0.0804562
0.0714767
0.069816
0.0718013
0.0746819
0.0797717
0.0826306
0.0878293
0.0934557
0.0951971
0.0952942
0.0919248
0.0853329
0.0822026
0.0819432
0.0811612
0.0826643
0.0854622
0.0874911
0.0863133
0.0858756
0.0879247
0.0933425
0.097015
0.100145
0.104112
0.112778
0.122916
0.132844
0.146733
0.163316
0.192841
0.220779
0.268199
0.306251
0.403621
0.539429
0.352324
0.107181
0.162905
0.158825
0.15113
0.158572
0.1461
0.148946
0.147687
0.137514
0.145116
0.135993
0.134223
0.13641
0.128457
0.129704
0.128275
0.122992
0.1229
0.121919
0.116981
0.117214
0.115546
0.111142
0.112105
0.109432
0.106919
0.10628
0.10431
0.102932
0.100272
0.0997184
0.0975479
0.0949018
0.095014
0.0924647
0.0916237
0.090233
0.0887055
0.0896106
0.0861983
0.0855373
0.0871445
0.0834065
0.0818442
0.0826249
0.0810638
0.0803144
0.080407
0.0803507
0.0794359
0.0762417
0.0754632
0.0766187
0.0737603
0.0733897
0.0761499
0.0767713
0.0781643
0.0756177
0.0729463
0.0703274
0.0652063
0.0673183
0.0703578
0.0734624
0.0784693
0.0783813
0.0768045
0.0731953
0.066528
0.0630784
0.0632613
0.0663946
0.0734105
0.0779304
0.0794689
0.080368
0.0802413
0.0794707
0.0817053
0.0851451
0.0874813
0.0870555
0.0881712
0.0918566
0.0947842
0.0943341
0.0908355
0.0895891
0.0867825
0.0870953
0.0789394
0.0747505
0.0623027
0.0545574
0.0332862
0.0143472
-0.0180491
-0.058708
-0.106386
-0.0686794
0.165534
0.156696
0.159659
0.155495
0.149643
0.154441
0.142819
0.145934
0.143617
0.136055
0.141248
0.133185
0.132259
0.132422
0.126796
0.126283
0.124861
0.121513
0.119265
0.1196
0.114552
0.113494
0.113654
0.108413
0.109068
0.107231
0.103607
0.103311
0.101423
0.0990424
0.0974757
0.0964071
0.0942337
0.0927305
0.091427
0.0901523
0.0890343
0.0866919
0.0863114
0.0857373
0.0827507
0.0821802
0.0826588
0.0808252
0.0798994
0.0793449
0.0780874
0.076
0.0742687
0.0754016
0.0743842
0.0729823
0.0743237
0.0735356
0.072604
0.0693498
0.0661734
0.0665612
0.0649633
0.0682574
0.0719886
0.0728184
0.0730234
0.0680773
0.0641563
0.0623846
0.0611241
0.0641833
0.0694574
0.0744717
0.0773065
0.0761314
0.0730669
0.06977
0.0658378
0.0649884
0.0664447
0.0691887
0.0734919
0.0781395
0.0811952
0.0810676
0.0802145
0.0817599
0.0890475
0.0937368
0.0977808
0.0994679
0.104452
0.107265
0.111972
0.111048
0.107073
0.0969508
0.0835434
0.0362559
-0.0407202
-0.106546
-0.0716368
0.00391272
0.164144
0.162088
0.161647
0.154709
0.155782
0.151528
0.146942
0.149312
0.141266
0.142307
0.140005
0.134408
0.136133
0.131297
0.128969
0.128494
0.125092
0.122184
0.122456
0.118655
0.115599
0.117015
0.111146
0.110605
0.110623
0.104924
0.105858
0.103684
0.100002
0.100307
0.0977194
0.0960087
0.0945436
0.0923718
0.0915926
0.0889756
0.0875841
0.0869257
0.0845914
0.0834169
0.0827903
0.0818617
0.0805434
0.0788448
0.0778055
0.0766238
0.074085
0.074647
0.074788
0.0719495
0.0721973
0.0708581
0.0687333
0.0671168
0.0647456
0.0663026
0.0670932
0.0679613
0.0689884
0.066335
0.0632383
0.0585027
0.056948
0.0560439
0.0568763
0.0628877
0.0674403
0.0675585
0.0631181
0.0561129
0.0531209
0.0549628
0.0601982
0.0667295
0.0691143
0.0683556
0.066402
0.0625592
0.0595158
0.0615081
0.0634041
0.0649552
0.0645841
0.0643752
0.0676417
0.0753323
0.080722
0.0861645
0.0945406
0.10484
0.120898
0.137941
0.165606
0.19521
0.242366
0.282225
0.360789
0.527546
0.42808
0.197629
0.166624
0.16514
0.161484
0.15794
0.157584
0.15187
0.15126
0.148849
0.14337
0.145328
0.139046
0.13779
0.136969
0.131003
0.132128
0.128949
0.125017
0.125583
0.121801
0.118548
0.119491
0.114687
0.112602
0.113426
0.107455
0.107513
0.106401
0.10156
0.102416
0.099481
0.0972552
0.0963306
0.0935963
0.0926714
0.0896257
0.0887036
0.0877645
0.0846176
0.0844607
0.0829894
0.0810262
0.0802612
0.0775982
0.0769859
0.0759082
0.0736352
0.0747551
0.0723433
0.0700503
0.0698693
0.0674796
0.0662461
0.0652708
0.0657832
0.0659699
0.0645251
0.0627367
0.0591679
0.0565077
0.0544862
0.0557992
0.0585291
0.0604289
0.0633148
0.0614826
0.0563002
0.0501238
0.0462382
0.0486329
0.053637
0.0566957
0.0565716
0.054095
0.0523033
0.0527485
0.0517314
0.0524398
0.0545474
0.0554043
0.0584911
0.0648789
0.0676091
0.067837
0.066195
0.063249
0.0637268
0.0631368
0.0600178
0.0524449
0.0494284
0.0397606
0.0336611
0.0196312
0.0048851
-0.0192532
-0.0466553
-0.0769308
-0.134175
-0.186638
-0.161033
0.168951
0.166748
0.162588
0.161077
0.157881
0.153243
0.154426
0.147858
0.147859
0.145339
0.139307
0.1419
0.135032
0.134459
0.133522
0.127368
0.128906
0.124972
0.121545
0.121984
0.117678
0.115403
0.115471
0.110808
0.109348
0.108655
0.104103
0.103806
0.101744
0.098585
0.0975234
0.0952925
0.0934373
0.0910895
0.090135
0.0881738
0.0855314
0.0853273
0.0828928
0.0808284
0.0798233
0.077195
0.0767613
0.0751509
0.0736459
0.0731727
0.0702002
0.068818
0.0677376
0.0665503
0.0652013
0.0646331
0.0638177
0.0611703
0.0591408
0.05681
0.0558453
0.0558576
0.0570464
0.058437
0.056525
0.0544221
0.0498672
0.0449951
0.041432
0.0412864
0.047911
0.0545921
0.0549061
0.0511397
0.0462567
0.0436617
0.044984
0.0472493
0.048197
0.0475379
0.0438916
0.0415021
0.0396399
0.0373655
0.040063
0.0446923
0.047195
0.0482089
0.0517289
0.0553715
0.0651507
0.0728554
0.0789919
0.0826102
0.0896921
0.0929467
0.0951542
0.089627
0.0847979
0.0537843
-0.00451225
-0.0794046
-0.0477936
-0.0186649
0.171888
0.167102
0.164356
0.162869
0.157557
0.157884
0.153738
0.150046
0.150391
0.143263
0.144391
0.140385
0.136414
0.137767
0.130899
0.131214
0.128687
0.124238
0.124885
0.120623
0.118264
0.117366
0.11384
0.111852
0.110596
0.107158
0.104986
0.103958
0.100584
0.0986109
0.0976133
0.0942048
0.0925544
0.0916461
0.0884774
0.0870161
0.0857182
0.0829182
0.0813462
0.0795567
0.0777731
0.0765301
0.0747161
0.0734078
0.0711613
0.0693784
0.0679161
0.0666348
0.0655743
0.0635419
0.0623976
0.06011
0.0581815
0.0566634
0.0560656
0.0555735
0.0545668
0.0539486
0.0503709
0.0467815
0.0445322
0.0429275
0.0440275
0.047099
0.0507735
0.0507598
0.0446723
0.0358216
0.0315712
0.0319155
0.03502
0.0368202
0.0356979
0.0364752
0.0387985
0.0411392
0.0418333
0.0401387
0.0373678
0.0354353
0.0342238
0.0378702
0.0407452
0.0400856
0.0379225
0.0372188
0.0376712
0.0430923
0.0485089
0.0533139
0.0637613
0.0763798
0.0970022
0.122909
0.159802
0.199061
0.25626
0.425085
0.421642
0.270063
0.17225
0.168162
0.167584
0.162381
0.161114
0.158588
0.153917
0.153665
0.14871
0.146611
0.145185
0.139698
0.140306
0.135856
0.133338
0.132508
0.127247
0.127028
0.124066
0.121041
0.119899
0.116614
0.114169
0.112464
0.110137
0.106887
0.10603
0.102827
0.0998501
0.0998371
0.0955321
0.094084
0.093026
0.0890051
0.0884139
0.0860984
0.0833573
0.0820289
0.0798283
0.0784841
0.0763259
0.0745854
0.0727862
0.0701622
0.0689889
0.0672426
0.065696
0.064062
0.0620851
0.0599313
0.0584769
0.0570197
0.0552414
0.0545516
0.0521764
0.0505676
0.0482364
0.0450917
0.0443439
0.0444523
0.0446478
0.0448527
0.0432443
0.0387557
0.0325747
0.0268099
0.027315
0.0330143
0.0381409
0.0396256
0.0368018
0.033288
0.0302413
0.026377
0.02415
0.0208994
0.01706
0.0149261
0.0143612
0.0142675
0.0166635
0.0206498
0.0263641
0.0290859
0.0275336
0.0258988
0.0228678
0.0217705
0.0182154
0.0139312
0.00162837
-0.00826791
-0.0253696
-0.0482909
-0.0832699
-0.131643
-0.18236
-0.264624
-0.329661
-0.275746
0.17234
0.172046
0.167496
0.164684
0.162517
0.158398
0.15676
0.153708
0.150106
0.148582
0.144468
0.142323
0.140459
0.136233
0.135459
0.131533
0.128965
0.127594
0.123644
0.122244
0.119808
0.116479
0.114783
0.112486
0.109078
0.108155
0.105109
0.101765
0.101492
0.0972832
0.0956466
0.0943984
0.0902347
0.089299
0.086958
0.0842719
0.0828549
0.0805839
0.0786283
0.0764626
0.0744857
0.0723752
0.0700861
0.0685837
0.0669245
0.0645669
0.0629351
0.0608972
0.0584046
0.0576389
0.0552171
0.0533826
0.051792
0.0493371
0.0477813
0.0452975
0.0437276
0.0434133
0.0421357
0.040012
0.0370548
0.0328808
0.030094
0.0290105
0.03181
0.0359811
0.0346599
0.0293508
0.0211396
0.0154375
0.014595
0.0150696
0.0163314
0.0186448
0.0218989
0.0271103
0.0288003
0.0258397
0.0207125
0.013594
0.00713979
0.00468949
0.0072697
0.0108025
0.014466
0.0161799
0.0216072
0.0273757
0.037808
0.0465735
0.0570957
0.066304
0.0798349
0.0889963
0.101984
0.0984789
0.064712
0.0301187
0.0257152
0.00818699
0.17512
0.172656
0.168993
0.16668
0.163074
0.160114
0.157645
0.154401
0.151641
0.149174
0.145382
0.144022
0.140249
0.137644
0.135783
0.131515
0.130703
0.127029
0.12424
0.122963
0.11884
0.117384
0.11497
0.111304
0.110266
0.107173
0.104163
0.103029
0.0993909
0.0971932
0.0957267
0.0921301
0.0902788
0.088365
0.0852012
0.0837004
0.0815154
0.078748
0.0769478
0.0745147
0.0724984
0.0703061
0.0684099
0.0665373
0.0637913
0.0623614
0.0597898
0.057653
0.056372
0.0535527
0.0517806
0.049681
0.047759
0.045609
0.0432332
0.0419912
0.0404806
0.0375636
0.0349997
0.0319137
0.0302537
0.03023
0.0302659
0.0302157
0.0254779
0.0185508
0.0138185
0.0127091
0.0161196
0.0195631
0.0205453
0.0197421
0.0156252
0.00881361
0.00123654
-0.00537045
-0.00964933
-0.0123124
-0.0136639
-0.0122609
-0.0114056
-0.00909378
-0.00512912
-0.00121389
-0.00181541
-0.00506799
-0.0111145
-0.0144399
-0.0161895
-0.014331
-0.0106849
-0.00675865
0.00243809
0.0210483
0.0469507
0.0867225
0.129018
0.255053
0.270206
0.199044
0.176744
0.173739
0.170356
0.16812
0.164069
0.161293
0.158535
0.155017
0.153301
0.14942
0.146984
0.144452
0.140406
0.139317
0.134987
0.133055
0.130745
0.126696
0.125955
0.121756
0.11959
0.117639
0.113651
0.11244
0.109384
0.106447
0.104766
0.101556
0.0989168
0.0972075
0.0940156
0.0915705
0.0898619
0.0863793
0.0846284
0.0824222
0.0794282
0.0775579
0.0750195
0.0727533
0.070509
0.0685921
0.0660367
0.0637173
0.0618289
0.0589682
0.0572618
0.0550608
0.0526062
0.0505355
0.048266
0.0462962
0.0435117
0.0413518
0.0400023
0.0371713
0.034304
0.0321296
0.0298515
0.0292882
0.0275675
0.025131
0.0207193
0.0154947
0.0138526
0.0153848
0.0171783
0.016196
0.011329
0.00468161
-0.00117418
-0.00497224
-0.00501333
-0.00285501
0.00138463
0.00651759
0.00942608
0.00774915
0.00224898
-0.00619656
-0.0147701
-0.0231557
-0.0265919
-0.0250169
-0.0222025
-0.0207796
-0.0215714
-0.0234642
-0.0276409
-0.0315344
-0.0411351
-0.0544258
-0.0748287
-0.104705
-0.14796
-0.212237
-0.285704
-0.401425
-0.483517
-0.430997
0.178877
0.173877
0.172133
0.16854
0.165266
0.163042
0.158775
0.156829
0.1535
0.150228
0.148273
0.143943
0.142206
0.138961
0.135638
0.134168
0.129721
0.128327
0.125123
0.121796
0.120428
0.116297
0.114544
0.111918
0.108543
0.106847
0.103672
0.100864
0.0989058
0.0957585
0.0932651
0.091204
0.0880324
0.0857151
0.0834303
0.0805087
0.0781317
0.076103
0.0731073
0.0709994
0.0689184
0.0657243
0.0640406
0.0613325
0.0586578
0.0569501
0.0542281
0.0520118
0.0494974
0.0471223
0.0448736
0.0418438
0.0400343
0.0380739
0.0346426
0.0324217
0.0300362
0.0281823
0.0261896
0.0228904
0.0194667
0.0156519
0.0142959
0.0150559
0.0140656
0.0100176
0.00406826
-0.00104841
-0.00298911
-0.00320225
-0.00178879
-0.000425651
-0.00216797
-0.0077458
-0.0180352
-0.0281731
-0.0347732
-0.0380377
-0.0388358
-0.0380656
-0.0373446
-0.0373541
-0.0369702
-0.0350204
-0.0315724
-0.0310487
-0.0303478
-0.0306724
-0.0265251
-0.0212642
-0.00963486
0.00384237
0.0224271
0.0432889
0.0711417
0.0937563
0.0923396
0.119622
0.141695
0.0689803
0.17888
0.175744
0.173079
0.169013
0.167272
0.163129
0.160467
0.157453
0.153707
0.151731
0.147935
0.145273
0.14267
0.138767
0.137102
0.133257
0.130711
0.128404
0.124447
0.123006
0.119266
0.116693
0.114503
0.110747
0.108965
0.105823
0.103009
0.100788
0.0976339
0.0950895
0.0925199
0.089884
0.0869435
0.0847924
0.0818024
0.0789697
0.0773067
0.073684
0.0718025
0.0693075
0.0659185
0.0643696
0.0612588
0.0587899
0.056793
0.0538804
0.0514593
0.0486784
0.0463224
0.0438108
0.0408572
0.039081
0.0362199
0.0329813
0.0307308
0.0281596
0.0259658
0.0227879
0.0196054
0.0165905
0.0144302
0.0135694
0.0114761
0.00626899
0.00109792
-0.00230178
-0.00270285
-0.00290488
-0.00455306
-0.00767961
-0.0134267
-0.0201225
-0.0247397
-0.0257083
-0.022665
-0.0186075
-0.0160367
-0.0170571
-0.0227071
-0.0299796
-0.0383563
-0.0472473
-0.0561667
-0.061535
-0.0649989
-0.0674382
-0.0740671
-0.081339
-0.0917362
-0.101404
-0.112217
-0.123928
-0.138859
-0.149774
-0.157527
-0.156994
-0.146682
-0.0925121
-0.0875782
-0.0895803
0.180007
0.177485
0.173404
0.170823
0.16752
0.164268
0.161532
0.15766
0.155094
0.151761
0.148663
0.146041
0.142382
0.139911
0.136783
0.133635
0.13133
0.127636
0.125317
0.122264
0.119132
0.116922
0.113464
0.111042
0.108178
0.105192
0.10263
0.0997942
0.0968948
0.0942323
0.0916766
0.0883508
0.0863698
0.0831538
0.0803064
0.0783901
0.0746339
0.072691
0.0699204
0.0667105
0.0647651
0.0616823
0.0590688
0.056746
0.0538234
0.0510702
0.0482855
0.0459777
0.0431194
0.0403337
0.0380793
0.0347455
0.0318771
0.0293115
0.0267557
0.023959
0.0205622
0.0176463
0.0148759
0.0126162
0.0101938
0.00570623
0.00089254
-0.00152507
-0.00227208
-0.0033418
-0.0071602
-0.0120361
-0.0172428
-0.021765
-0.0243148
-0.0246395
-0.0244796
-0.0272668
-0.0353449
-0.0465589
-0.0558502
-0.0608294
-0.0617963
-0.0617604
-0.0609648
-0.0619259
-0.063844
-0.0655853
-0.0642705
-0.062145
-0.0606515
-0.0618786
-0.064653
-0.0693735
-0.0763346
-0.0866591
-0.102249
-0.131494
-0.174866
-0.241571
-0.324802
-0.449107
-0.531098
-0.489632
0.1814
0.178323
0.174689
0.171782
0.168318
0.165284
0.161898
0.158639
0.155504
0.152299
0.149276
0.14618
0.143005
0.140098
0.136935
0.133976
0.131059
0.127793
0.125213
0.121978
0.119188
0.11644
0.113094
0.11068
0.1075
0.104549
0.102138
0.0986655
0.0962955
0.0934426
0.0900814
0.0880164
0.084561
0.0819374
0.0794912
0.0760382
0.0737026
0.070815
0.0677803
0.0653507
0.0624581
0.0595558
0.056931
0.0540907
0.0510655
0.0483976
0.0459587
0.0427079
0.0400044
0.0371747
0.0339591
0.0312269
0.0283772
0.025644
0.0223474
0.01896
0.0161128
0.013202
0.0104317
0.0069509
0.00240779
-0.000439775
-0.00209783
-0.00424654
-0.00896743
-0.0146974
-0.0190366
-0.0220468
-0.0240378
-0.0252867
-0.027964
-0.0331855
-0.0404178
-0.045725
-0.0470608
-0.0454146
-0.0441441
-0.0455488
-0.0510542
-0.0586816
-0.0665689
-0.0740228
-0.0824928
-0.0912028
-0.09832
-0.103565
-0.107825
-0.112672
-0.115158
-0.116751
-0.113496
-0.105518
-0.0922794
-0.07155
-0.0417099
0.00192347
0.0362534
0.114521
0.179286
0.137449
0.182852
0.179208
0.175791
0.172705
0.168924
0.166067
0.162436
0.159234
0.156139
0.15259
0.1499
0.146382
0.143366
0.140362
0.136766
0.134375
0.130649
0.128077
0.124986
0.121556
0.119334
0.115433
0.113175
0.109956
0.106689
0.10451
0.100667
0.0984159
0.0952852
0.0920314
0.0897432
0.0862327
0.0836374
0.0807728
0.0776248
0.0749316
0.0720028
0.069008
0.0661875
0.0633984
0.0603163
0.0574609
0.0547123
0.0514211
0.048831
0.0460612
0.0426501
0.0399365
0.0367816
0.0338067
0.0308803
0.0277355
0.0247521
0.0212515
0.0179966
0.0150991
0.0119135
0.00871281
0.00465551
0.000909567
-0.00153422
-0.0042965
-0.0085802
-0.0141255
-0.0179728
-0.0201125
-0.0221735
-0.0251937
-0.029608
-0.0359573
-0.0423523
-0.0469854
-0.0485357
-0.0499418
-0.0544367
-0.0632072
-0.0731023
-0.0800967
-0.0830724
-0.0838655
-0.0845443
-0.0860822
-0.0897881
-0.0945735
-0.0997217
-0.102732
-0.107416
-0.113691
-0.125523
-0.140047
-0.159319
-0.183499
-0.214198
-0.251046
-0.29704
-0.358599
-0.413025
-0.442013
-0.439178
-0.363847
0.183881
0.179906
0.177077
0.172966
0.169976
0.166461
0.162986
0.160091
0.156178
0.153455
0.149865
0.146708
0.143803
0.139978
0.13748
0.133749
0.130921
0.12797
0.124307
0.12201
0.118167
0.115621
0.112518
0.109072
0.10674
0.103005
0.100489
0.0973658
0.0941082
0.0915449
0.0881673
0.0853722
0.0823792
0.0792898
0.0763734
0.073406
0.0703935
0.0673385
0.0645332
0.0613098
0.058341
0.0555754
0.0521347
0.0495122
0.0463676
0.0430292
0.0401788
0.0369249
0.0339696
0.0307364
0.0273986
0.0242971
0.0208135
0.0176073
0.0143812
0.0109742
0.00732046
0.00331555
0.000134616
-0.00279858
-0.00664554
-0.0115974
-0.0158494
-0.0183722
-0.0210372
-0.0254398
-0.0311149
-0.0370339
-0.0420513
-0.0450303
-0.0464025
-0.0488853
-0.0546839
-0.0621881
-0.0680616
-0.0708403
-0.07203
-0.0745173
-0.0796188
-0.0874593
-0.0955352
-0.102799
-0.108633
-0.115414
-0.121049
-0.125526
-0.126528
-0.126746
-0.124799
-0.121971
-0.116333
-0.108994
-0.0985786
-0.0917161
-0.0928111
-0.113989
-0.166243
-0.260662
-0.340245
-0.359281
0.184356
0.181157
0.17745
0.17392
0.170547
0.166811
0.16387
0.160107
0.157058
0.153508
0.150119
0.147089
0.143463
0.140574
0.137038
0.133873
0.13085
0.127373
0.124602
0.121146
0.118093
0.115085
0.111679
0.108939
0.105589
0.102577
0.0996038
0.0962996
0.0934513
0.0902751
0.0871708
0.0842091
0.0810756
0.0779982
0.0750134
0.0718893
0.0687443
0.0658852
0.0625367
0.0595625
0.0565936
0.0531706
0.0503919
0.047042
0.0438064
0.0407513
0.0374682
0.0343567
0.0309594
0.0275587
0.0243723
0.0209035
0.017467
0.0139626
0.0104984
0.00663529
0.00293643
-0.000323893
-0.0039486
-0.00845558
-0.0129792
-0.0163512
-0.019313
-0.0237903
-0.0294571
-0.0346323
-0.0384632
-0.0411106
-0.0439578
-0.0487017
-0.0562663
-0.0643496
-0.0700408
-0.0729216
-0.0758805
-0.0813802
-0.0895749
-0.0973314
-0.102919
-0.106003
-0.108918
-0.112406
-0.11812
-0.125709
-0.135451
-0.144759
-0.154236
-0.163425
-0.174259
-0.186023
-0.197324
-0.206037
-0.210922
-0.203398
-0.178979
-0.12274
-0.052147
0.0506113
0.112501
0.0726998
0.185216
0.181807
0.17811
0.174663
0.170995
0.167543
0.164063
0.160669
0.157271
0.153777
0.150392
0.146967
0.143676
0.140388
0.137059
0.133791
0.130514
0.127236
0.124126
0.120765
0.117695
0.114422
0.111233
0.108216
0.10484
0.101895
0.0986183
0.0954701
0.0924854
0.0891343
0.0861681
0.0830145
0.0797567
0.0768169
0.0735249
0.0703726
0.0674049
0.0639807
0.0610194
0.0578177
0.0544817
0.0514744
0.0480935
0.0448562
0.0416662
0.0383245
0.0350373
0.0316004
0.028148
0.0248398
0.0213426
0.0176392
0.0141124
0.0106151
0.0066711
0.00297097
-0.000623415
-0.00472709
-0.00919466
-0.0131326
-0.01652
-0.0205923
-0.0259768
-0.0310258
-0.0349021
-0.0382005
-0.0424198
-0.0484606
-0.0556391
-0.0620484
-0.0656296
-0.067395
-0.0706861
-0.0773483
-0.0854007
-0.0924123
-0.0973643
-0.101937
-0.107339
-0.114429
-0.122259
-0.129622
-0.135112
-0.139804
-0.144342
-0.148534
-0.151989
-0.154719
-0.159762
-0.167245
-0.178576
-0.197478
-0.224754
-0.267108
-0.329546
-0.422615
-0.513431
-0.582029
-0.573765
-0.47638
0.186028
0.182437
0.178696
0.175302
0.171487
0.168055
0.164388
0.160908
0.157505
0.153884
0.150561
0.146947
0.143654
0.140296
0.136866
0.133687
0.130109
0.127006
0.123587
0.120359
0.117225
0.113739
0.110771
0.107299
0.104211
0.101061
0.0976551
0.0947387
0.0912754
0.0882091
0.08509
0.0816676
0.0787466
0.0753355
0.0721753
0.069096
0.0656537
0.0626285
0.0593076
0.0559998
0.0528253
0.049455
0.0461366
0.0428822
0.03946
0.0360624
0.0326225
0.029098
0.0256646
0.0221411
0.018303
0.0148075
0.0111928
0.00712409
0.00330305
-0.00044295
-0.00466605
-0.00888337
-0.0127792
-0.0167057
-0.021588
-0.0266807
-0.0309151
-0.0346532
-0.0392252
-0.0450963
-0.0514106
-0.0565014
-0.0598985
-0.0630915
-0.0688343
-0.0776061
-0.0866268
-0.0930107
-0.0970787
-0.101191
-0.107213
-0.11449
-0.121738
-0.128081
-0.134039
-0.140609
-0.148004
-0.157291
-0.167598
-0.178619
-0.18751
-0.194343
-0.197746
-0.197813
-0.193005
-0.180735
-0.159114
-0.127205
-0.0900059
-0.0520574
-0.0430876
-0.0474351
-0.0682484
-0.127086
0.186844
0.182907
0.179423
0.175609
0.172032
0.16837
0.164631
0.161191
0.157452
0.154107
0.150461
0.146996
0.143578
0.140011
0.136789
0.133207
0.12992
0.126529
0.12309
0.119976
0.116437
0.113326
0.109923
0.106594
0.10352
0.0999971
0.0970101
0.0935771
0.0903413
0.087244
0.0837441
0.0807491
0.0773404
0.0741005
0.0709531
0.0675129
0.0643674
0.0610365
0.0576751
0.0544334
0.0510486
0.0476608
0.0443512
0.0408732
0.0374028
0.0339697
0.0303805
0.0268512
0.0233053
0.0194201
0.0158829
0.0121491
0.0080118
0.00418142
0.000383367
-0.00387409
-0.00810899
-0.0122004
-0.0165282
-0.0214402
-0.0259742
-0.0300985
-0.0346066
-0.0401676
-0.0459641
-0.0510233
-0.0550628
-0.0596186
-0.0661587
-0.0743966
-0.0814594
-0.0856292
-0.0883572
-0.0931346
-0.100929
-0.110031
-0.118532
-0.125855
-0.132786
-0.139565
-0.146779
-0.153917
-0.160977
-0.166892
-0.173665
-0.181083
-0.190304
-0.200474
-0.214361
-0.232519
-0.256615
-0.286446
-0.321277
-0.357384
-0.386273
-0.399223
-0.380424
-0.325176
-0.273858
-0.241932
0.187369
0.183566
0.17982
0.175993
0.172366
0.168538
0.164946
0.161183
0.157599
0.154014
0.150401
0.146945
0.143307
0.139886
0.136358
0.13288
0.129526
0.125969
0.122721
0.119225
0.115914
0.11261
0.109125
0.105986
0.102469
0.0992989
0.0959704
0.0925895
0.0894591
0.0859675
0.0828102
0.0794828
0.0761259
0.0729477
0.0695115
0.066249
0.0629428
0.0595172
0.0562423
0.0528377
0.0494005
0.0460397
0.0425443
0.039018
0.035596
0.0319554
0.0283765
0.0248008
0.0209193
0.0172997
0.0135116
0.00940044
0.00557701
0.00169607
-0.00263427
-0.00694659
-0.011075
-0.0155078
-0.0202152
-0.024676
-0.0291784
-0.0343038
-0.0398047
-0.0449137
-0.0494991
-0.0544116
-0.0606498
-0.0677824
-0.0738966
-0.0780784
-0.082328
-0.0893665
-0.0990737
-0.108497
-0.115405
-0.120521
-0.12569
-0.132279
-0.139943
-0.148747
-0.157806
-0.167537
-0.176865
-0.186252
-0.195191
-0.204178
-0.210785
-0.214914
-0.215185
-0.212007
-0.20698
-0.202216
-0.199823
-0.209554
-0.241238
-0.308995
-0.395407
-0.482284
-0.51889
-0.490447
0.187863
0.184068
0.180125
0.176332
0.172512
0.16873
0.165023
0.161227
0.1576
0.153866
0.150302
0.146676
0.14308
0.139551
0.135925
0.132504
0.128937
0.125526
0.122071
0.118587
0.115269
0.111755
0.108474
0.105039
0.101667
0.0983927
0.094931
0.0917168
0.0882953
0.0849688
0.0817052
0.0782597
0.0750349
0.0716259
0.0682692
0.0649774
0.0615161
0.0581926
0.0547934
0.0513123
0.0479311
0.0444316
0.0408836
0.0374518
0.0337909
0.0301897
0.0265882
0.0227538
0.0190605
0.0152756
0.0112152
0.0073599
0.00340459
-0.000944355
-0.00520515
-0.00931122
-0.013776
-0.0184641
-0.0230378
-0.0277567
-0.0328922
-0.038008
-0.0429121
-0.0479373
-0.0537484
-0.0601604
-0.0661738
-0.0710943
-0.0763094
-0.0836358
-0.0924989
-0.0999643
-0.104958
-0.109269
-0.115928
-0.125076
-0.135487
-0.145415
-0.154515
-0.162434
-0.16975
-0.177011
-0.185635
-0.195019
-0.205627
-0.217898
-0.231882
-0.247314
-0.263906
-0.280869
-0.298268
-0.310074
-0.311635
-0.295316
-0.257415
-0.186109
-0.113412
-0.0519649
-0.0466653
-0.116427
0.188318
0.184376
0.180391
0.176541
0.172598
0.168833
0.164969
0.161227
0.157448
0.15371
0.150048
0.146334
0.142748
0.139076
0.135513
0.131944
0.128383
0.124921
0.121359
0.117939
0.11444
0.110999
0.107625
0.104133
0.100829
0.0973522
0.0940122
0.0906556
0.0872196
0.0839617
0.0804969
0.0771875
0.0738232
0.0703945
0.0671046
0.0636411
0.0602654
0.0568878
0.0533777
0.0499936
0.0464949
0.0429503
0.0394938
0.0358523
0.0322409
0.0286408
0.0248582
0.0211346
0.0173673
0.0133676
0.00948131
0.00550372
0.00123061
-0.00295424
-0.00706998
-0.0115825
-0.0162574
-0.0208033
-0.0255044
-0.0304931
-0.0355404
-0.0405979
-0.046003
-0.0518614
-0.057714
-0.0631471
-0.0686051
-0.0753505
-0.083137
-0.0900112
-0.0952448
-0.10096
-0.109351
-0.119703
-0.129303
-0.136934
-0.143167
-0.149812
-0.157631
-0.167323
-0.178622
-0.190792
-0.202562
-0.212708
-0.221221
-0.22883
-0.23591
-0.242136
-0.248419
-0.256594
-0.269442
-0.292596
-0.328117
-0.382078
-0.45365
-0.536495
-0.593843
-0.606663
-0.560174
-0.482363
0.188649
0.184561
0.180593
0.176596
0.172665
0.168769
0.164874
0.161067
0.157207
0.153453
0.149661
0.145946
0.142259
0.138569
0.134973
0.131311
0.127768
0.124177
0.120638
0.117149
0.113592
0.110191
0.106659
0.103268
0.0998207
0.0963679
0.0930273
0.0895402
0.0862296
0.0827982
0.0794009
0.0760741
0.0726003
0.0692903
0.0658474
0.0624339
0.0590768
0.0555645
0.0521731
0.0486906
0.0451595
0.0416959
0.0380954
0.0344991
0.030913
0.0271847
0.0234668
0.0197226
0.0158017
0.0119132
0.00797315
0.00379965
-0.000322142
-0.00445887
-0.00894375
-0.0134945
-0.0179548
-0.0225892
-0.0275589
-0.0325938
-0.0376748
-0.0430264
-0.0486188
-0.0542062
-0.0597911
-0.0659292
-0.0728998
-0.0796714
-0.0855373
-0.0916799
-0.0998755
-0.109099
-0.11705
-0.123204
-0.129586
-0.138161
-0.148857
-0.160485
-0.171761
-0.181944
-0.1907
-0.199084
-0.208647
-0.220958
-0.235076
-0.250683
-0.266863
-0.282103
-0.29421
-0.301723
-0.302045
-0.292143
-0.272298
-0.24218
-0.213163
-0.198595
-0.213567
-0.25211
-0.301026
-0.361252
0.188828
0.184692
0.180649
0.176574
0.172612
0.168597
0.164688
0.160757
0.156882
0.153043
0.149198
0.145454
0.141666
0.137993
0.134282
0.130631
0.127013
0.12337
0.119842
0.116232
0.112748
0.109215
0.105718
0.102283
0.0987643
0.095393
0.0919015
0.0885091
0.0851114
0.0816561
0.078337
0.0748633
0.0715158
0.0681057
0.0646692
0.0613211
0.0578347
0.054431
0.0509841
0.0474713
0.044021
0.0404658
0.0369011
0.0333407
0.0296718
0.0259893
0.0222898
0.0184529
0.0146116
0.0107271
0.00666696
0.00260698
-0.00150785
-0.00587062
-0.0102749
-0.0146472
-0.0192465
-0.0241423
-0.0290398
-0.0339801
-0.0391771
-0.0446711
-0.0501894
-0.0559138
-0.0620717
-0.0685555
-0.0746908
-0.0808231
-0.0881315
-0.0964513
-0.104022
-0.11055
-0.117913
-0.127582
-0.138391
-0.148427
-0.157033
-0.164854
-0.173383
-0.183379
-0.195733
-0.209642
-0.224001
-0.236808
-0.247814
-0.257581
-0.268851
-0.282167
-0.299107
-0.32241
-0.352554
-0.388518
-0.429552
-0.46959
-0.492
-0.485652
-0.446916
-0.400309
-0.376993
-0.387373
0.188898
0.18474
0.180567
0.176475
0.172391
0.168345
0.164346
0.160346
0.156433
0.152498
0.148659
0.144807
0.141019
0.137261
0.13351
0.129839
0.126131
0.12252
0.118886
0.115303
0.111761
0.108185
0.10472
0.101175
0.097738
0.0942635
0.0908031
0.0874145
0.0839355
0.0805854
0.0771419
0.0737518
0.070379
0.0669332
0.0635867
0.0601398
0.0567316
0.0533297
0.0498444
0.0464227
0.0429172
0.0393961
0.0358787
0.0322764
0.0286565
0.0250145
0.0212696
0.0175008
0.0136883
0.00974916
0.00577252
0.00174055
-0.0024703
-0.00672242
-0.0110189
-0.0155193
-0.0202374
-0.0249398
-0.0297145
-0.0348308
-0.0401771
-0.0455369
-0.0510855
-0.0570079
-0.0631174
-0.0691538
-0.0756852
-0.0830744
-0.0904729
-0.097206
-0.104391
-0.11334
-0.122909
-0.131604
-0.139378
-0.148039
-0.158604
-0.170937
-0.183915
-0.196585
-0.207879
-0.218284
-0.229051
-0.242542
-0.258456
-0.275831
-0.292384
-0.306318
-0.315664
-0.320532
-0.321157
-0.319736
-0.32338
-0.342306
-0.38352
-0.453179
-0.537505
-0.602305
-0.628021
-0.612533
0.188886
0.184632
0.180392
0.17622
0.172049
0.167955
0.16386
0.159835
0.155828
0.15187
0.147959
0.144062
0.140236
0.136402
0.132646
0.128892
0.125188
0.121524
0.117858
0.114275
0.110654
0.107124
0.103571
0.100062
0.0965923
0.0930897
0.0896811
0.0862071
0.0828107
0.0794008
0.0759785
0.0726293
0.0691971
0.0658478
0.0624464
0.0590448
0.055683
0.0522402
0.0488464
0.0454028
0.0419309
0.0384741
0.0349445
0.0314
0.0278318
0.0241821
0.0205109
0.0167909
0.0129791
0.00912105
0.00519726
0.00115767
-0.002951
-0.00713002
-0.011467
-0.015961
-0.0204657
-0.0250991
-0.0300506
-0.0351439
-0.040223
-0.0455481
-0.0512682
-0.0570906
-0.0630326
-0.0694326
-0.0763085
-0.0829713
-0.0896984
-0.0975321
-0.10624
-0.114507
-0.122355
-0.131259
-0.141959
-0.153271
-0.164207
-0.17426
-0.184351
-0.195318
-0.208429
-0.223755
-0.240803
-0.257846
-0.274082
-0.29015
-0.307897
-0.328851
-0.353924
-0.38222
-0.412016
-0.437714
-0.453764
-0.451781
-0.427724
-0.371576
-0.324245
-0.304701
-0.336681
-0.415306
0.188733
0.184376
0.180081
0.175804
0.171581
0.1674
0.163255
0.159169
0.1551
0.151103
0.147115
0.143195
0.139294
0.13544
0.131631
0.127841
0.124121
0.120397
0.116746
0.113095
0.10949
0.105924
0.102357
0.0988656
0.0953423
0.0918941
0.0884335
0.0849951
0.0816055
0.0781735
0.0748269
0.0714236
0.0680685
0.0647149
0.0613315
0.0580055
0.0546147
0.0512534
0.04788
0.0444635
0.041079
0.0376238
0.0341644
0.0306823
0.027137
0.0235758
0.0199654
0.0162861
0.0125631
0.00877374
0.00490436
0.000957722
-0.00306289
-0.00720025
-0.0114548
-0.0157741
-0.0202129
-0.024919
-0.0296944
-0.0344996
-0.0396175
-0.0450487
-0.0505214
-0.0561385
-0.0622056
-0.0685449
-0.0748535
-0.0816412
-0.0892663
-0.0970521
-0.104442
-0.112502
-0.12192
-0.131869
-0.141422
-0.15098
-0.161693
-0.174218
-0.188239
-0.2031
-0.217521
-0.230885
-0.243794
-0.258025
-0.274643
-0.293358
-0.312197
-0.330149
-0.347448
-0.364704
-0.384496
-0.414454
-0.458425
-0.524666
-0.607055
-0.692849
-0.747952
-0.769114
-0.738846
-0.706879
0.188406
0.183975
0.179597
0.175246
0.170959
0.166697
0.162506
0.158341
0.154237
0.150166
0.146139
0.142164
0.138215
0.134334
0.130471
0.126673
0.122898
0.119168
0.115483
0.111811
0.108209
0.104602
0.101067
0.097533
0.0940393
0.0905834
0.0871199
0.0837292
0.0803055
0.0769479
0.073579
0.0702223
0.0669083
0.063554
0.060258
0.0569264
0.053605
0.0503011
0.0469479
0.0436329
0.0402646
0.0368915
0.0335091
0.0300744
0.0266303
0.0231424
0.0195987
0.0160265
0.0123857
0.00869369
0.00492768
0.00108929
-0.0028305
-0.00685366
-0.0109589
-0.015165
-0.019568
-0.0240343
-0.0285751
-0.033414
-0.0384679
-0.0435081
-0.0487891
-0.054468
-0.0603292
-0.0662711
-0.0727078
-0.0796429
-0.0865015
-0.093533
-0.101603
-0.110417
-0.119182
-0.128004
-0.138018
-0.149287
-0.161169
-0.173043
-0.184764
-0.197109
-0.211161
-0.228052
-0.248021
-0.270082
-0.292861
-0.31615
-0.339988
-0.365269
-0.392012
-0.417302
-0.439678
-0.456525
-0.46625
-0.467006
-0.468841
-0.493586
-0.544532
-0.611921
-0.650618
-0.672212
0.187915
0.183412
0.178943
0.174536
0.170166
0.165848
0.161583
0.15736
0.153198
0.149068
0.145003
0.140967
0.136994
0.13306
0.129175
0.125342
0.121536
0.117796
0.11407
0.110413
0.106774
0.103185
0.0996353
0.0961023
0.0926329
0.0891571
0.0857495
0.0823407
0.0789691
0.0756295
0.0722801
0.0689928
0.0656774
0.0624089
0.0591363
0.0558594
0.0526205
0.0493393
0.0460929
0.0428181
0.0395344
0.0362581
0.0329348
0.029611
0.026253
0.0228524
0.019436
0.0159594
0.0124432
0.00887066
0.00523016
0.00153091
-0.00225146
-0.00612334
-0.0100632
-0.0141581
-0.0183228
-0.022572
-0.0270707
-0.0316937
-0.0363381
-0.0412572
-0.0464956
-0.0518181
-0.057262
-0.0631739
-0.0693545
-0.0755898
-0.0822785
-0.0897731
-0.0974666
-0.105052
-0.113375
-0.122758
-0.132729
-0.142908
-0.153736
-0.166
-0.180005
-0.195576
-0.21194
-0.227632
-0.242694
-0.258163
-0.276186
-0.297786
-0.322647
-0.350439
-0.381494
-0.416457
-0.458957
-0.515038
-0.586563
-0.665376
-0.733519
-0.780162
-0.821666
-0.841083
-0.841644
-0.801465
0.187264
0.18267
0.178127
0.173644
0.169201
0.164821
0.16048
0.156205
0.151973
0.147802
0.14368
0.139608
0.135595
0.13162
0.127713
0.123836
0.120026
0.116249
0.112526
0.10885
0.105208
0.101627
0.0980628
0.0945639
0.0910805
0.0876482
0.084249
0.0808676
0.0775436
0.0742124
0.0709411
0.0676666
0.0644233
0.0612064
0.0579794
0.0547984
0.0515934
0.0484156
0.0452368
0.0420436
0.0388731
0.035666
0.0324617
0.0292408
0.025985
0.0227271
0.0194201
0.0160821
0.0127069
0.00927175
0.00579862
0.0022566
-0.00136295
-0.00503168
-0.0088186
-0.0126794
-0.0166161
-0.0207345
-0.0249482
-0.0292044
-0.0337267
-0.0384538
-0.0432105
-0.0481602
-0.053486
-0.0590009
-0.0646012
-0.070679
-0.077198
-0.0837072
-0.0904934
-0.0981696
-0.106539
-0.115086
-0.124013
-0.133977
-0.14484
-0.156514
-0.168564
-0.181328
-0.195642
-0.212873
-0.233905
-0.258394
-0.284669
-0.311378
-0.338089
-0.364753
-0.390169
-0.412105
-0.428756
-0.440945
-0.449319
-0.456538
-0.476023
-0.517658
-0.614107
-0.721293
-0.834277
-0.953045
0.186428
0.181744
0.177125
0.172555
0.168047
0.163589
0.15919
0.154848
0.150561
0.14634
0.142167
0.138061
0.134
0.130004
0.126054
0.122162
0.118327
0.114537
0.110811
0.107118
0.103492
0.0998975
0.0963599
0.0928644
0.0894058
0.0860045
0.0826195
0.0792974
0.0759865
0.072725
0.0694892
0.0662729
0.0631025
0.0599281
0.0568003
0.053672
0.0505625
0.0474758
0.0443758
0.0413056
0.0382156
0.0351317
0.0320495
0.0289414
0.0258381
0.0227004
0.0195412
0.0163646
0.0131397
0.00988773
0.00658861
0.00322382
-0.0001732
-0.00365915
-0.00721322
-0.01082
-0.0145646
-0.0183808
-0.0222572
-0.0263391
-0.030547
-0.0347859
-0.0392334
-0.0439724
-0.0487839
-0.0537223
-0.0590484
-0.0646173
-0.0702579
-0.0763201
-0.0830728
-0.08995
-0.0969015
-0.104447
-0.112834
-0.121874
-0.131496
-0.142015
-0.153917
-0.167317
-0.182183
-0.197419
-0.212433
-0.227852
-0.245841
-0.268281
-0.296325
-0.330217
-0.370359
-0.41784
-0.473964
-0.535117
-0.590068
-0.62094
-0.610431
-0.559382
-0.511556
-0.545862
-0.679327
-0.935553
0.185387
0.18062
0.175911
0.17126
0.166675
0.162147
0.157686
0.15328
0.148944
0.144664
0.140451
0.136297
0.132204
0.128175
0.124198
0.12029
0.11643
0.11264
0.108897
0.105215
0.101585
0.0980049
0.0944854
0.0910022
0.0875851
0.0841973
0.0808678
0.0775736
0.0743193
0.071113
0.0679253
0.0647926
0.0616719
0.0585924
0.0555366
0.0524951
0.0494923
0.0464855
0.0435129
0.040541
0.0375758
0.034627
0.0316622
0.0287117
0.0257442
0.0227624
0.0197801
0.0167621
0.0137299
0.0106659
0.00755581
0.00442425
0.00123299
-0.00201392
-0.00529795
-0.00867685
-0.012119
-0.0156077
-0.0192457
-0.0229645
-0.0267174
-0.0306657
-0.0347825
-0.0389389
-0.0432279
-0.0478264
-0.0525606
-0.0573702
-0.0625781
-0.068088
-0.0735892
-0.079376
-0.085853
-0.092917
-0.100133
-0.107771
-0.115946
-0.124837
-0.134449
-0.144768
-0.156278
-0.170204
-0.18775
-0.209657
-0.234893
-0.261987
-0.290278
-0.320578
-0.352274
-0.388761
-0.436072
-0.503749
-0.608925
-0.767848
-0.98979
-1.29259
-1.6275
-1.82712
-1.78423
-1.59585
0.184127
0.179269
0.17447
0.169741
0.165074
0.16048
0.15595
0.151488
0.147093
0.142764
0.138505
0.134308
0.130184
0.12612
0.122128
0.118194
0.114328
0.110526
0.106782
0.103106
0.0994806
0.0959251
0.0924151
0.0889712
0.085576
0.0822337
0.0789464
0.0756982
0.0725108
0.0693516
0.0662479
0.0631761
0.0601417
0.0571501
0.0541766
0.0512516
0.0483363
0.0454559
0.0425947
0.0397461
0.036927
0.0341032
0.031299
0.0284972
0.0256901
0.0228951
0.0200789
0.0172589
0.014425
0.0115635
0.00869069
0.00578223
0.00283115
-0.000137884
-0.0031731
-0.00625107
-0.00936462
-0.012575
-0.0158402
-0.0191407
-0.0225827
-0.0261238
-0.0296788
-0.0333724
-0.0372761
-0.0412171
-0.0452446
-0.0495338
-0.0539799
-0.0584277
-0.0632376
-0.068461
-0.0736918
-0.0789332
-0.0845408
-0.0907229
-0.0975082
-0.104745
-0.112643
-0.121194
-0.130628
-0.140543
-0.15015
-0.159824
-0.17174
-0.188829
-0.214386
-0.251505
-0.301593
-0.367164
-0.447085
-0.537242
-0.641344
-0.772845
-0.986624
-1.35839
-2.01856
-2.45506
-2.48676
-2.07067
0.182628
0.177673
0.172789
0.167975
0.163233
0.158566
0.153969
0.149447
0.144995
0.140619
0.13631
0.132079
0.127918
0.123829
0.119813
0.115864
0.11199
0.108179
0.104443
0.100768
0.0971653
0.093623
0.0901451
0.0867322
0.0833735
0.0800825
0.0768367
0.0736573
0.0705224
0.0674412
0.0644104
0.0614187
0.0584833
0.0555739
0.052717
0.0498885
0.0470972
0.0443418
0.0416043
0.0389056
0.0362181
0.0335565
0.0309136
0.0282751
0.0256591
0.0230366
0.0204232
0.0178104
0.0151869
0.0125612
0.00992067
0.0072566
0.00458643
0.00187936
-0.000856142
-0.00360976
-0.00642184
-0.00927097
-0.0121392
-0.0151036
-0.0181114
-0.0211369
-0.0242677
-0.027516
-0.030759
-0.0340692
-0.0375771
-0.0411223
-0.044692
-0.0485069
-0.0524137
-0.0562375
-0.0601828
-0.0645719
-0.0691474
-0.0736366
-0.0780225
-0.0822962
-0.0867513
-0.0913723
-0.0960902
-0.101307
-0.107583
-0.115091
-0.12268
-0.127157
-0.126313
-0.119502
-0.107625
-0.096045
-0.0930285
-0.102157
-0.115918
-0.143728
-0.216259
-0.413641
-0.871113
-1.41841
-1.82203
-2.07136
0.18087
0.175818
0.170845
0.165947
0.161129
0.156385
0.151723
0.147137
0.142631
0.138202
0.133851
0.129581
0.125387
0.121275
0.117235
0.113278
0.109393
0.105585
0.101851
0.0981912
0.0946064
0.0910882
0.0876461
0.084265
0.0809589
0.077711
0.0745304
0.0714107
0.068347
0.0653472
0.0623929
0.0595028
0.0566536
0.0538599
0.0511103
0.0484005
0.0457412
0.0431106
0.0405264
0.037969
0.0354434
0.0329502
0.0304723
0.028027
0.0255912
0.023174
0.0207726
0.0183745
0.0159866
0.0135992
0.0112061
0.00882026
0.00641885
0.00400687
0.00159026
-0.000853312
-0.00331488
-0.00578289
-0.00830082
-0.0108401
-0.0133817
-0.0159917
-0.0186516
-0.0212826
-0.0239786
-0.0267723
-0.0295492
-0.0323204
-0.0352291
-0.0381335
-0.0409668
-0.0440082
-0.0471462
-0.0501038
-0.0528834
-0.0557038
-0.0588118
-0.0620208
-0.0650914
-0.0676997
-0.0695775
-0.0706663
-0.0699893
-0.0668492
-0.0617537
-0.0555246
-0.0484259
-0.0378914
-0.017588
0.0251046
0.0965632
0.214596
0.395874
0.602213
0.761912
0.78842
0.56903
0.0139514
-0.914281
-2.15933
0.178834
0.173685
0.168618
0.163636
0.158736
0.153918
0.149185
0.144537
0.139974
0.135495
0.131102
0.126792
0.122571
0.118431
0.114377
0.110406
0.106519
0.102714
0.0989878
0.0953472
0.0917813
0.0882979
0.084887
0.0815549
0.0782955
0.0751068
0.0719918
0.0689388
0.0659596
0.0630375
0.0601838
0.0573856
0.0546464
0.0519674
0.0493359
0.046764
0.0442323
0.0417537
0.0393172
0.0369208
0.0345694
0.0322437
0.0299598
0.0277012
0.0254714
0.0232693
0.0210828
0.01892
0.0167727
0.0146372
0.0125172
0.0104013
0.00829072
0.00618928
0.00408503
0.00197885
-0.000117621
-0.00223323
-0.00434812
-0.00645516
-0.00858968
-0.010732
-0.012843
-0.0149823
-0.0171622
-0.0192705
-0.0213749
-0.0235391
-0.0256279
-0.0276643
-0.0297468
-0.0317399
-0.0335139
-0.0352936
-0.0372357
-0.0390511
-0.0405849
-0.0416733
-0.0425777
-0.043736
-0.0450607
-0.0467352
-0.0488196
-0.0517345
-0.0550681
-0.0573838
-0.0569955
-0.0553405
-0.0549432
-0.0599254
-0.0735617
-0.0920423
-0.120628
-0.18689
-0.383989
-0.805021
-1.44976
-2.187
-2.87527
-3.46596
0.176503
0.171252
0.166089
0.161017
0.156033
0.151139
0.146334
0.141622
0.137002
0.132474
0.128036
0.123692
0.11944
0.115278
0.111209
0.107228
0.103341
0.0995397
0.0958302
0.0922061
0.0886708
0.0852197
0.0818519
0.0785689
0.0753631
0.0722414
0.0691922
0.0662229
0.0633229
0.0604974
0.0577427
0.0550516
0.0524316
0.0498684
0.0473741
0.044935
0.0425557
0.0402313
0.0379541
0.0357339
0.0335532
0.0314225
0.0293302
0.0272759
0.0252623
0.0232769
0.021327
0.0194045
0.0175082
0.0156395
0.0137891
0.0119606
0.0101525
0.00836081
0.00658267
0.00482478
0.00307593
0.00133946
-0.000371702
-0.00208246
-0.00377526
-0.00542771
-0.00708246
-0.00872185
-0.0102846
-0.0118257
-0.0133651
-0.014798
-0.016137
-0.0174695
-0.0186178
-0.019627
-0.0206011
-0.0213902
-0.0217887
-0.0217797
-0.0216278
-0.0214547
-0.0210365
-0.0201413
-0.0184729
-0.0165441
-0.01471
-0.0134632
-0.0142154
-0.0198741
-0.0334322
-0.0579002
-0.0964526
-0.159642
-0.258325
-0.435244
-0.771147
-1.35165
-2.27345
-3.49966
-4.82268
-5.8967
-6.29058
-5.76182
0.173851
0.168494
0.163233
0.158067
0.152997
0.148022
0.143146
0.138369
0.133692
0.129113
0.124632
0.120253
0.115971
0.111789
0.107704
0.103719
0.0998311
0.0960409
0.0923467
0.0887473
0.085243
0.0818293
0.0785115
0.0752795
0.072138
0.0690815
0.0661125
0.0632263
0.0604191
0.0576948
0.0550432
0.0524733
0.0499728
0.0475468
0.0451884
0.0428977
0.0406766
0.0385126
0.0364144
0.0343679
0.0323798
0.0304443
0.0285558
0.0267191
0.024922
0.0231728
0.0214629
0.0197904
0.018157
0.0165553
0.014989
0.0134539
0.0119501
0.0104739
0.00902844
0.00761015
0.00621952
0.00486474
0.00353278
0.00223239
0.000979788
-0.000245719
-0.0014347
-0.00253655
-0.00360751
-0.00462723
-0.00551985
-0.00632415
-0.00705788
-0.00761214
-0.00800684
-0.00825908
-0.00822808
-0.0078129
-0.00723509
-0.00635254
-0.00496323
-0.00268773
0.000597584
0.00462799
0.00934267
0.0152241
0.0225078
0.0317613
0.0429006
0.0565605
0.0719601
0.0870971
0.0946469
0.083375
0.048868
-0.0317925
-0.230938
-0.662678
-1.45202
-2.60992
-3.96609
-5.17299
-5.77728
-5.52558
0.170854
0.165388
0.160024
0.15476
0.1496
0.144545
0.139596
0.134753
0.130017
0.125386
0.120863
0.116447
0.112138
0.107935
0.103839
0.0998497
0.0959651
0.0921875
0.0885123
0.0849413
0.0814696
0.078102
0.0748328
0.0716616
0.0685865
0.0656053
0.0627198
0.0599227
0.0572189
0.0545978
0.0520653
0.0496152
0.0472491
0.0449642
0.0427541
0.0406235
0.0385616
0.0365757
0.0346554
0.0328009
0.0310108
0.0292776
0.027608
0.0259888
0.0244273
0.0229169
0.0214545
0.0200432
0.0186745
0.0173543
0.0160743
0.014836
0.0136396
0.012483
0.0113691
0.010291
0.00925848
0.00826563
0.00731466
0.00642016
0.00556755
0.00476969
0.00405203
0.00338578
0.00279148
0.00231998
0.00193897
0.00164124
0.00154378
0.00158817
0.00181415
0.00232024
0.00308901
0.00412717
0.00561865
0.00776992
0.0106033
0.0139588
0.0181243
0.0235111
0.0309802
0.0410156
0.0537462
0.0704484
0.092462
0.122072
0.161842
0.217562
0.294505
0.397075
0.529459
0.681813
0.755827
0.618316
0.2431
-0.365732
-1.24733
-2.38644
-3.58837
-4.573
0.167486
0.161905
0.156433
0.151071
0.14582
0.140682
0.135657
0.130746
0.125949
0.121267
0.1167
0.112248
0.107912
0.10369
0.0995845
0.0955917
0.0917142
0.0879493
0.0842975
0.0807557
0.0773253
0.074005
0.0707907
0.0676838
0.0646804
0.0617829
0.0589836
0.0562868
0.0536861
0.0511823
0.0487727
0.0464544
0.0442295
0.042091
0.0400432
0.0380755
0.0361909
0.0343851
0.032654
0.031
0.0294124
0.0278986
0.0264472
0.0250626
0.0237404
0.0224762
0.021274
0.0201243
0.0190331
0.0179941
0.0170061
0.0160707
0.0151823
0.0143475
0.0135598
0.0128238
0.0121398
0.0115037
0.0109299
0.0104093
0.00994782
0.00956903
0.00924966
0.00901347
0.00888966
0.0088483
0.00891304
0.00914282
0.00950676
0.0100216
0.0107649
0.0117269
0.012923
0.0145365
0.0165366
0.01891
0.0218586
0.0256361
0.0307586
0.0371605
0.0449774
0.0547552
0.0676127
0.0850423
0.108329
0.139207
0.180308
0.235691
0.310609
0.409491
0.542012
0.725166
0.871544
0.841184
0.601829
0.16735
-0.517208
-1.46544
-2.85452
-4.31104
0.163719
0.158019
0.152436
0.146971
0.141626
0.136402
0.131299
0.126319
0.12146
0.116725
0.112113
0.107626
0.103262
0.0990233
0.0949073
0.090915
0.0870445
0.0832966
0.0796702
0.0761629
0.0727767
0.0695066
0.0663535
0.063314
0.0603908
0.0575782
0.0548766
0.0522829
0.049795
0.0474147
0.0451359
0.0429607
0.0408819
0.0389036
0.0370195
0.0352275
0.0335269
0.0319101
0.0303815
0.0289301
0.0275622
0.0262686
0.0250505
0.023906
0.022829
0.0218251
0.0208842
0.0200097
0.019197
0.0184443
0.0177553
0.0171205
0.0165471
0.0160281
0.0155678
0.0151681
0.014823
0.0145438
0.014325
0.0141701
0.0140934
0.0140845
0.0141565
0.0143325
0.0145889
0.0149484
0.0154558
0.0160662
0.0168181
0.0177579
0.0188533
0.0201593
0.0216927
0.0234487
0.0254056
0.0277255
0.030478
0.0335242
0.0368662
0.040652
0.0454463
0.0517664
0.0596153
0.0693432
0.0824265
0.100812
0.127288
0.164964
0.217586
0.283941
0.364538
0.46307
0.496987
0.331748
-0.0687014
-0.642668
-1.36948
-2.29817
-3.40096
-4.4711
0.159524
0.153701
0.148003
0.142431
0.136988
0.131674
0.126491
0.121439
0.116517
0.111727
0.107071
0.102548
0.0981578
0.0939011
0.0897775
0.0857856
0.0819251
0.0781967
0.0745974
0.0711288
0.0677878
0.0645751
0.0614863
0.0585224
0.0556819
0.0529627
0.0503639
0.047881
0.0455159
0.0432632
0.0411258
0.0390974
0.0371783
0.0353661
0.0336558
0.0320493
0.0305377
0.0291247
0.0278007
0.0265687
0.0254235
0.0243623
0.0233866
0.0224877
0.0216705
0.0209274
0.0202599
0.0196652
0.0191369
0.0186806
0.0182866
0.0179613
0.0176992
0.0174997
0.0173679
0.0172949
0.0172904
0.0173511
0.0174768
0.0176816
0.0179546
0.0183076
0.0187558
0.0192827
0.0199126
0.0206608
0.021508
0.0224792
0.0236108
0.0248654
0.0262697
0.0278515
0.0295608
0.031451
0.0335247
0.0356708
0.0377829
0.0398083
0.0417573
0.0434623
0.0442016
0.0435608
0.0411231
0.0366526
0.0293233
0.0169595
-0.00197751
-0.0304172
-0.0701376
-0.123204
-0.201183
-0.33554
-0.627739
-1.17418
-1.98355
-2.93106
-3.81751
-4.49827
-4.90982
-5.05043
0.154873
0.148921
0.143102
0.13742
0.131875
0.126468
0.121201
0.116073
0.111086
0.106241
0.101539
0.0969802
0.0925638
0.0882902
0.084159
0.0801681
0.0763207
0.0726132
0.0690459
0.0656174
0.0623275
0.0591748
0.0561568
0.0532733
0.0505215
0.0479023
0.0454111
0.0430486
0.0408108
0.0386977
0.036707
0.0348363
0.0330852
0.0314471
0.0299235
0.0285068
0.0271991
0.0259934
0.0248884
0.0238817
0.0229686
0.0221517
0.0214231
0.0207853
0.0202317
0.0197612
0.019374
0.0190625
0.0188316
0.0186705
0.0185829
0.0185661
0.0186165
0.01874
0.0189281
0.0191878
0.0195161
0.01991
0.02038
0.0209198
0.0215353
0.0222393
0.023018
0.0238929
0.0248739
0.0259453
0.0271369
0.0284625
0.0299043
0.0314901
0.0332345
0.03511
0.0371352
0.0392798
0.041473
0.0436562
0.045856
0.0478109
0.0491867
0.0495595
0.0483827
0.0452505
0.0383796
0.0256617
0.00428686
-0.0294427
-0.0802958
-0.159947
-0.282624
-0.468193
-0.76118
-1.26027
-2.07856
-3.1855
-4.50018
-5.84454
-6.88484
-7.39273
-7.2958
-6.63074
0.149734
0.143646
0.137702
0.131904
0.126252
0.120749
0.115394
0.110189
0.105135
0.100233
0.0954842
0.0908882
0.0864449
0.0821547
0.0780161
0.0740292
0.0701948
0.0665117
0.062979
0.0595947
0.0563591
0.0532705
0.0503286
0.0475302
0.0448749
0.0423607
0.0399862
0.0377495
0.0356493
0.0336834
0.0318477
0.0301445
0.0285678
0.0271167
0.0257847
0.0245714
0.0234729
0.0224864
0.0216109
0.0208388
0.0201726
0.019605
0.0191379
0.0187671
0.0184885
0.0183024
0.0181992
0.0181842
0.0182496
0.0183952
0.0186195
0.0189156
0.0192886
0.0197299
0.0202446
0.0208314
0.0214853
0.0222134
0.0230099
0.0238788
0.0248293
0.0258522
0.0269601
0.0281609
0.0294461
0.0308404
0.0323539
0.0339736
0.035739
0.0376641
0.0397348
0.0420048
0.0444481
0.0470837
0.0499349
0.0529217
0.0559924
0.0588912
0.0616236
0.0638923
0.0650465
0.0642272
0.060094
0.0513161
0.0346492
0.00523646
-0.0441346
-0.125347
-0.253471
-0.447225
-0.761219
-1.34334
-2.2638
-3.41949
-4.73143
-6.26943
-7.30016
-7.78379
-7.63058
-6.87641
0.144074
0.137844
0.131768
0.125848
0.120085
0.11448
0.109035
0.10375
0.0986268
0.0936664
0.0888684
0.0842337
0.0797632
0.0754565
0.0713121
0.0673302
0.0635108
0.0598546
0.0563585
0.0530224
0.0498452
0.0468267
0.0439644
0.0412572
0.0387039
0.0363029
0.034052
0.0319496
0.0299955
0.0281843
0.0265161
0.0249866
0.0235949
0.0223369
0.0212095
0.0202097
0.0193307
0.0185745
0.0179347
0.0174127
0.0170014
0.0166983
0.0165021
0.0164077
0.0164175
0.0165216
0.0167199
0.0170062
0.0173788
0.0178381
0.0183758
0.0189962
0.0196915
0.0204618
0.021307
0.0222193
0.0232056
0.0242588
0.0253792
0.0265735
0.0278324
0.0291689
0.0305834
0.0320705
0.0336498
0.0353241
0.0370973
0.0389974
0.0410382
0.0432332
0.045614
0.0482349
0.0510966
0.0543141
0.0578969
0.0619097
0.0665221
0.0717998
0.0778189
0.0845355
0.0918899
0.0999982
0.108623
0.116735
0.123486
0.127261
0.125258
0.110099
0.0669279
-0.0156569
-0.188471
-0.59922
-1.2713
-2.1203
-3.11762
-4.19908
-5.11768
-5.71079
-5.94438
-5.83218
0.137854
0.131477
0.125264
0.119217
0.113338
0.107627
0.102085
0.0967162
0.0915217
0.0865
0.0816514
0.0769777
0.0724792
0.0681564
0.0640073
0.0600307
0.056229
0.0526005
0.0491451
0.0458608
0.0427473
0.0398028
0.0370251
0.0344152
0.0319712
0.0296917
0.027572
0.0256119
0.0238101
0.0221651
0.0206726
0.0193284
0.0181302
0.0170757
0.0161633
0.0153861
0.0147421
0.0142247
0.0138353
0.0135715
0.0134282
0.013403
0.0134883
0.0136861
0.0139904
0.0143996
0.0149071
0.0155081
0.0162029
0.0169823
0.0178488
0.0187963
0.0198235
0.020929
0.0221049
0.0233541
0.0246696
0.02605
0.0274982
0.0290055
0.0305771
0.0322123
0.033907
0.0356684
0.0375016
0.0393981
0.0413931
0.0434807
0.0456844
0.0480434
0.0505814
0.0533572
0.0564412
0.0599148
0.0639385
0.0686702
0.0743364
0.0812015
0.0896282
0.100424
0.114143
0.131755
0.154366
0.183143
0.220445
0.266306
0.322694
0.389531
0.461605
0.537893
0.562836
0.389399
-0.0300575
-0.646751
-1.3887
-2.20689
-3.0662
-3.93286
-4.75952
-5.4832
0.131038
0.124505
0.118147
0.111969
0.105969
0.100148
0.0945075
0.0890513
0.0837793
0.0786932
0.0737932
0.0690791
0.0645517
0.0602118
0.0560581
0.0520901
0.0483067
0.0447088
0.0412963
0.0380674
0.0350221
0.032157
0.029471
0.0269648
0.0246383
0.0224862
0.0205066
0.0186972
0.0170578
0.0155864
0.014279
0.0131305
0.0121368
0.0112978
0.0106088
0.0100678
0.0096683
0.00940646
0.009281
0.00928794
0.00942668
0.00968958
0.0100748
0.0105759
0.0111909
0.0119157
0.0127426
0.0136723
0.0146964
0.0158145
0.0170201
0.0183095
0.0196827
0.0211302
0.0226526
0.0242433
0.0258962
0.0276135
0.0293849
0.0312142
0.0330939
0.0350189
0.0369914
0.0390054
0.0410563
0.0431537
0.0452924
0.0474816
0.0497383
0.0520774
0.0545233
0.0571325
0.0599731
0.0631309
0.0668003
0.0711009
0.0764038
0.0831328
0.0917568
0.103134
0.117907
0.137814
0.164725
0.200983
0.250165
0.315609
0.403321
0.51595
0.647345
0.79162
0.895315
0.816692
0.512453
0.0579064
-0.437888
-1.0334
-1.86399
-2.98928
-4.33127
-5.74939
0.123587
0.116891
0.110382
0.104063
0.0979352
0.0919985
0.086256
0.0807084
0.0753573
0.0702036
0.0652494
0.0604935
0.0559371
0.05158
0.0474218
0.0434617
0.0397004
0.036137
0.0327705
0.0296006
0.0266256
0.0238455
0.0212587
0.0188645
0.0166601
0.0146441
0.0128131
0.0111653
0.00969869
0.00840971
0.00729633
0.00635298
0.00557753
0.00496529
0.004514
0.00422004
0.00407797
0.00408558
0.00423719
0.00453217
0.00496509
0.00553261
0.00622886
0.00705003
0.00799242
0.00904723
0.0102131
0.0114826
0.0128541
0.0143223
0.0158811
0.017529
0.019258
0.021066
0.0229469
0.0248937
0.0269038
0.0289669
0.0310823
0.0332431
0.0354401
0.0376706
0.0399233
0.0421875
0.0444609
0.0467288
0.0489828
0.0512255
0.0534331
0.0556144
0.0577634
0.0598941
0.0620383
0.0642292
0.0665693
0.0691536
0.0722323
0.0760344
0.0810389
0.0879945
0.0978494
0.11192
0.131704
0.159248
0.197519
0.249511
0.318389
0.407532
0.512573
0.627979
0.716778
0.640695
0.334457
-0.0882392
-0.527989
-1.05454
-1.82649
-2.91659
-4.27499
-5.7563
0.115456
0.108591
0.101926
0.0954611
0.0891973
0.0831377
0.0772852
0.0716419
0.0662082
0.0609856
0.0559735
0.0511742
0.0465877
0.0422139
0.0380516
0.0341001
0.0303618
0.0268357
0.0235203
0.0204132
0.0175145
0.0148248
0.0123434
0.0100677
0.00799402
0.00612082
0.00444793
0.00297209
0.00168752
0.000592799
-0.000316252
-0.00104146
-0.00158806
-0.00195992
-0.00215976
-0.00219286
-0.00206146
-0.00177153
-0.00132571
-0.000728178
1.72829e-05
0.000905077
0.00192795
0.00308509
0.00436831
0.00577299
0.00729209
0.00892144
0.0106574
0.012493
0.0144271
0.0164494
0.0185559
0.0207412
0.0229984
0.0253238
0.0277059
0.030141
0.032622
0.0351383
0.0376846
0.0402452
0.0428089
0.0453621
0.0478855
0.05036
0.0527672
0.0550739
0.057249
0.0592581
0.0610449
0.0625781
0.0637908
0.064653
0.065107
0.0651109
0.064625
0.0636629
0.0623181
0.0606632
0.0589697
0.0576592
0.0578097
0.0605262
0.0673882
0.0801884
0.0997493
0.127306
0.154973
0.168517
0.137171
-0.041185
-0.451933
-1.02966
-1.64256
-2.26559
-2.97579
-3.82007
-4.75935
-5.68972
0.106606
0.0995588
0.0927267
0.08611
0.0797078
0.0735213
0.0675534
0.061807
0.0562855
0.0509902
0.0459195
0.0410734
0.036455
0.0320637
0.0278973
0.0239575
0.020245
0.0167575
0.0134951
0.0104559
0.00764007
0.00504785
0.00267795
0.000526969
-0.00140744
-0.00312737
-0.00463314
-0.00592895
-0.00702037
-0.00791043
-0.00860114
-0.00909604
-0.00940074
-0.00951845
-0.00945269
-0.00920739
-0.00878878
-0.00819924
-0.00744378
-0.00652549
-0.0054494
-0.00422448
-0.00285419
-0.00134516
0.000299312
0.00207133
0.0039642
0.00597362
0.00809167
0.0103164
0.0126406
0.0150602
0.0175668
0.0201516
0.0228117
0.0255381
0.0283232
0.0311592
0.0340363
0.0369497
0.0398844
0.0428265
0.0457616
0.0486678
0.0515241
0.054303
0.0569685
0.0594752
0.0617738
0.0637798
0.065416
0.066564
0.0670806
0.0668092
0.0655048
0.0629402
0.0587901
0.0526745
0.0441103
0.0325398
0.0173007
-0.00249476
-0.0280719
-0.0612135
-0.103627
-0.158495
-0.230987
-0.326887
-0.457408
-0.647492
-0.935916
-1.38628
-2.08729
-3.03169
-4.0252
-4.87434
-5.52405
-5.99065
-6.29397
-6.42311
0.0969903
0.0897555
0.0827451
0.075962
0.0694108
0.0630921
0.0570054
0.0511534
0.04554
0.0401672
0.0350334
0.0301403
0.0254891
0.0210789
0.0169092
0.0129817
0.00929637
0.00585172
0.00264663
-0.000319774
-0.00304758
-0.00553736
-0.00778985
-0.00980632
-0.0115924
-0.0131488
-0.0144784
-0.0155848
-0.016472
-0.0171448
-0.0176039
-0.0178549
-0.0179033
-0.0177525
-0.0174043
-0.0168653
-0.0161402
-0.0152343
-0.0141507
-0.0128928
-0.0114692
-0.00988557
-0.00814986
-0.00626681
-0.00424261
-0.0020836
0.000206085
0.00261676
0.00514418
0.00777984
0.0105199
0.0133587
0.0162857
0.0192963
0.0223821
0.0255377
0.0287552
0.0320241
0.0353391
0.03869
0.0420652
0.0454531
0.0488344
0.0521936
0.0555046
0.058737
0.0618533
0.0647995
0.0675093
0.0698916
0.0718341
0.0731826
0.0737429
0.0732474
0.0713571
0.0676074
0.0614108
0.0519849
0.03834
0.0191937
-0.00732139
-0.0434175
-0.0922403
-0.157985
-0.246195
-0.367017
-0.533699
-0.761591
-1.07606
-1.53179
-2.20328
-3.12381
-4.28564
-5.62464
-6.93211
-7.96374
-8.57375
-8.73707
-8.48279
-7.85606
0.0865582
0.0791235
0.0719279
0.0649735
0.0582622
0.0517988
0.0455873
0.039627
0.0339182
0.0284621
0.0232617
0.0183199
0.0136348
0.0092054
0.00503183
0.00111782
-0.00253741
-0.00593619
-0.00907914
-0.0119685
-0.0146034
-0.0169833
-0.0191097
-0.020986
-0.0226144
-0.0239976
-0.0251407
-0.0260455
-0.0267165
-0.0271586
-0.0273733
-0.0273659
-0.0271433
-0.0267071
-0.0260601
-0.0252081
-0.0241581
-0.0229156
-0.0214838
-0.0198681
-0.0180744
-0.0161116
-0.0139869
-0.0117076
-0.00928083
-0.00671029
-0.00400377
-0.00116703
0.00179136
0.00486334
0.00804408
0.0113259
0.0147024
0.0181631
0.0217035
0.0253169
0.0289943
0.0327306
0.0365173
0.0403483
0.044215
0.0481064
0.0520121
0.0559193
0.0598082
0.0636603
0.0674446
0.0711187
0.0746259
0.0778861
0.0807863
0.0831905
0.0848901
0.0856275
0.0850336
0.0825776
0.0776288
0.0691951
0.0559924
0.0363155
0.00760081
-0.0332838
-0.0913916
-0.173305
-0.28789
-0.450708
-0.680159
-0.99708
-1.44792
-2.13276
-3.16199
-4.53252
-6.11926
-7.70906
-9.06201
-10.0056
-10.4583
-10.3809
-9.77923
-8.72186
0.0752576
0.0676158
0.0602236
0.053084
0.0462045
0.0395922
0.0332482
0.0271706
0.021361
0.0158204
0.0105509
0.00555565
0.000834414
-0.00361522
-0.00779046
-0.0116899
-0.0153142
-0.0186638
-0.0217414
-0.0245474
-0.0270822
-0.0293468
-0.0313413
-0.0330669
-0.034528
-0.0357291
-0.0366734
-0.0373661
-0.0378089
-0.0380058
-0.0379603
-0.0376798
-0.0371686
-0.036429
-0.035464
-0.0342797
-0.0328849
-0.0312832
-0.0294817
-0.0274854
-0.0253003
-0.0229363
-0.0203993
-0.0176987
-0.0148414
-0.0118343
-0.00868321
-0.00539497
-0.00197963
0.00155498
0.00520129
0.00895338
0.0128008
0.0167372
0.0207567
0.0248528
0.0290191
0.0332475
0.0375352
0.0418774
0.0462697
0.0507091
0.0551926
0.0597161
0.0642774
0.0688683
0.0734847
0.0781119
0.082733
0.0873146
0.0917989
0.0961126
0.100125
0.103674
0.106513
0.108258
0.108435
0.106214
0.100575
0.0899843
0.0721095
0.0438749
0.000234582
-0.0654265
-0.163534
-0.312629
-0.533661
-0.85455
-1.35017
-2.17693
-3.45438
-5.12129
-6.95845
-8.59154
-9.70625
-10.2764
-10.4253
-10.1893
-9.55272
-8.54111
0.0630375
0.0551713
0.0475691
0.0402391
0.0331876
0.0264169
0.0199287
0.0137272
0.0078117
0.00218087
-0.00316258
-0.0082144
-0.0129743
-0.0174419
-0.0216173
-0.0255017
-0.0290941
-0.0323935
-0.0354004
-0.0381172
-0.0405463
-0.0426884
-0.0445414
-0.0461088
-0.0473942
-0.0484017
-0.0491364
-0.0496015
-0.0498018
-0.0497393
-0.0494201
-0.0488495
-0.0480321
-0.046969
-0.0456662
-0.0441309
-0.0423682
-0.0403856
-0.0381891
-0.0357857
-0.0331844
-0.0303922
-0.0274176
-0.0242676
-0.0209533
-0.017481
-0.0138567
-0.0100897
-0.00618848
-0.00216401
0.00197722
0.00622626
0.0105727
0.0150106
0.019532
0.0241316
0.0288017
0.0335385
0.0383389
0.0432025
0.0481302
0.0531251
0.0581942
0.0633473
0.0685974
0.0739603
0.0794602
0.085119
0.0909716
0.0970559
0.103406
0.110077
0.117077
0.124447
0.132181
0.140231
0.148536
0.156849
0.164812
0.171765
0.176553
0.17749
0.171575
0.154065
0.117314
0.0470335
-0.0759313
-0.279806
-0.649122
-1.36683
-2.55591
-4.19996
-6.00338
-7.55508
-8.51236
-8.92259
-9.01395
-8.87034
-8.46947
-7.81567
0.0498406
0.0417345
0.0339095
0.0263782
0.0191447
0.0122066
0.0055698
-0.000763152
-0.00679194
-0.0125188
-0.0179399
-0.0230514
-0.0278517
-0.0323395
-0.0365164
-0.0403836
-0.0439401
-0.0471852
-0.0501189
-0.0527432
-0.05506
-0.0570705
-0.0587737
-0.0601734
-0.0612747
-0.0620792
-0.0625906
-0.0628148
-0.0627564
-0.0624196
-0.0618089
-0.0609307
-0.0597862
-0.0583798
-0.0567177
-0.0548081
-0.0526565
-0.0502677
-0.0476508
-0.0448152
-0.0417693
-0.0385214
-0.0350783
-0.0314508
-0.0276473
-0.0236761
-0.0195454
-0.0152652
-0.0108478
-0.00630288
-0.00163866
0.00313502
0.00800855
0.0129722
0.0180202
0.0231435
0.028335
0.0335881
0.0389009
0.0442756
0.0497171
0.0552329
0.0608379
0.0665506
0.0724008
0.0784257
0.08468
0.0912257
0.0981505
0.105552
0.11356
0.122342
0.132097
0.143081
0.155589
0.169958
0.186624
0.206044
0.22875
0.25545
0.286514
0.322414
0.363231
0.407257
0.452412
0.491375
0.504437
0.468685
0.318473
-0.0910501
-0.900176
-2.10381
-3.51777
-4.78994
-5.69182
-6.29512
-6.74768
-7.09349
-7.31222
-7.38322
0.0355898
0.0272322
0.0191849
0.0114464
0.00401643
-0.00309774
-0.00989392
-0.016367
-0.0225171
-0.028344
-0.0338469
-0.0390216
-0.043864
-0.0483744
-0.0525534
-0.0564021
-0.0599207
-0.0631082
-0.065966
-0.0684933
-0.0706915
-0.0725619
-0.0741073
-0.0753316
-0.0762364
-0.0768244
-0.0771012
-0.077071
-0.0767394
-0.0761112
-0.0751904
-0.0739818
-0.0724901
-0.07072
-0.0686766
-0.0663671
-0.0637991
-0.0609792
-0.0579149
-0.0546172
-0.0510956
-0.0473603
-0.043419
-0.0392806
-0.0349546
-0.0304496
-0.0257771
-0.0209483
-0.015976
-0.0108726
-0.00564971
-0.000315457
0.00511639
0.0106367
0.016233
0.0218972
0.0276211
0.033395
0.0392142
0.0450793
0.0509971
0.0569753
0.0630287
0.0691804
0.0754607
0.0819188
0.0886235
0.0956661
0.103172
0.111293
0.120219
0.130193
0.141525
0.154616
0.170003
0.188284
0.210275
0.236919
0.2693
0.308994
0.357356
0.416308
0.487915
0.571872
0.669752
0.778037
0.87352
0.927454
0.883815
0.631867
0.118713
-0.59526
-1.39907
-2.18559
-2.96655
-3.8112
-4.72505
-5.6647
-6.58078
-7.41688
0.0202529
0.0116331
0.00334001
-0.00462691
-0.012263
-0.0195658
-0.026531
-0.0331533
-0.0394307
-0.0453652
-0.0509547
-0.056195
-0.0610832
-0.0656177
-0.0697999
-0.0736299
-0.0771087
-0.0802369
-0.0830139
-0.0854378
-0.0875103
-0.0892342
-0.0906129
-0.0916505
-0.0923484
-0.0927091
-0.0927381
-0.0924388
-0.0918168
-0.0908789
-0.0896292
-0.0880719
-0.0862113
-0.0840527
-0.0816025
-0.0788677
-0.0758562
-0.0725755
-0.069035
-0.0652444
-0.0612153
-0.0569566
-0.0524792
-0.0477912
-0.0429033
-0.0378256
-0.0325706
-0.0271523
-0.0215844
-0.0158821
-0.0100568
-0.004123
0.00190824
0.00802319
0.0142079
0.0204457
0.0267227
0.0330269
0.0393478
0.0456826
0.0520298
0.0583954
0.0647894
0.0712276
0.0777345
0.0843511
0.0911389
0.098185
0.105611
0.113581
0.1223
0.13204
0.143143
0.156036
0.171299
0.189595
0.211846
0.239105
0.272582
0.313928
0.364577
0.426312
0.500864
0.587551
0.686411
0.791944
0.880023
0.917936
0.861255
0.639452
0.269961
-0.12029
-0.515189
-0.937181
-1.54712
-2.43657
-3.58585
-4.92453
-6.35774
-7.76774
0.00374836
-0.00514852
-0.0137032
-0.0219114
-0.0297677
-0.0372687
-0.0444111
-0.0511924
-0.0576085
-0.0636566
-0.0693364
-0.0746472
-0.0795836
-0.0841451
-0.0883313
-0.0921431
-0.0955813
-0.0986475
-0.101338
-0.103652
-0.105593
-0.107164
-0.108368
-0.109209
-0.109687
-0.109807
-0.109574
-0.10899
-0.108061
-0.106795
-0.105198
-0.10327
-0.101016
-0.0984453
-0.0955639
-0.0923755
-0.0888894
-0.0851163
-0.0810667
-0.076751
-0.0721794
-0.0673628
-0.0623073
-0.0570275
-0.0515351
-0.0458411
-0.0399583
-0.0339
-0.0276851
-0.0213299
-0.0148521
-0.00826563
-0.00158557
0.00517262
0.0119891
0.018844
0.0257182
0.0325894
0.0394413
0.046257
0.0530254
0.0597381
0.0663889
0.0729788
0.0795139
0.0860121
0.0925127
0.099076
0.105783
0.11275
0.120129
0.128134
0.137053
0.147256
0.159222
0.173508
0.190831
0.212062
0.238182
0.270374
0.309716
0.357235
0.413637
0.478299
0.548361
0.617852
0.669454
0.674125
0.593238
0.378942
0.0493646
-0.277355
-0.545933
-0.863669
-1.39758
-2.24262
-3.39789
-4.80358
-6.43706
-8.08093
-0.0139939
-0.0231894
-0.0320205
-0.0404813
-0.0485697
-0.0562819
-0.0636144
-0.0705645
-0.0771248
-0.0832921
-0.0890706
-0.0944561
-0.099444
-0.104035
-0.108228
-0.112022
-0.115419
-0.118417
-0.121016
-0.123218
-0.125024
-0.126434
-0.127455
-0.128086
-0.128333
-0.1282
-0.127688
-0.126804
-0.125553
-0.123939
-0.121968
-0.119646
-0.116978
-0.113971
-0.110627
-0.106957
-0.102968
-0.0986705
-0.0940774
-0.0892002
-0.0840474
-0.0786289
-0.0729565
-0.0670398
-0.0608932
-0.0545309
-0.0479665
-0.0412187
-0.0343028
-0.0272363
-0.0200401
-0.0127319
-0.00533243
0.00213868
0.00965789
0.0171992
0.0247323
0.0322304
0.0396643
0.0470119
0.0542446
0.0613318
0.0682467
0.0749586
0.0814396
0.0876698
0.0936412
0.0993594
0.104846
0.110139
0.115293
0.120396
0.125573
0.131022
0.137003
0.143845
0.151932
0.161703
0.173682
0.188319
0.206069
0.226836
0.249985
0.274087
0.294697
0.305955
0.297339
0.250456
0.143293
-0.0505315
-0.35342
-0.723839
-1.1027
-1.52398
-2.09495
-2.89435
-3.94091
-5.21663
-6.67421
-8.2274
-0.0330515
-0.0425602
-0.0516814
-0.0604111
-0.0687478
-0.0766846
-0.084218
-0.0913453
-0.0980578
-0.104356
-0.110239
-0.115705
-0.120752
-0.125375
-0.129574
-0.133348
-0.136701
-0.139633
-0.14214
-0.144223
-0.145885
-0.147128
-0.147956
-0.14837
-0.148373
-0.14797
-0.147166
-0.145965
-0.144373
-0.142392
-0.140026
-0.137284
-0.134175
-0.130704
-0.126873
-0.122689
-0.118165
-0.11331
-0.108135
-0.102656
-0.0968823
-0.0908221
-0.084486
-0.0778873
-0.0710359
-0.0639514
-0.0566479
-0.0491428
-0.0414565
-0.03361
-0.0256252
-0.0175197
-0.00931643
-0.00104296
0.00727511
0.0156034
0.0239074
0.032146
0.0402813
0.0482703
0.0560699
0.0636343
0.0709057
0.0778252
0.0843272
0.0903433
0.0957978
0.100623
0.104744
0.108084
0.110568
0.11213
0.112696
0.112202
0.110571
0.10776
0.103689
0.0982492
0.0912615
0.0823164
0.0708628
0.0556776
0.0348855
0.0051285
-0.0391036
-0.105133
-0.201892
-0.341681
-0.533578
-0.785128
-1.12683
-1.56533
-2.0651
-2.60802
-3.23414
-3.99068
-4.88668
-5.89862
-7.00283
-8.17402
-0.053499
-0.0633362
-0.0727663
-0.0817834
-0.0903838
-0.0985574
-0.106305
-0.11362
-0.120496
-0.126932
-0.132929
-0.138485
-0.143593
-0.148253
-0.152459
-0.156214
-0.159524
-0.162385
-0.164796
-0.166756
-0.168268
-0.169337
-0.169963
-0.170148
-0.169896
-0.169209
-0.168096
-0.166561
-0.164608
-0.162238
-0.159458
-0.156276
-0.152698
-0.14873
-0.144381
-0.139656
-0.134565
-0.129116
-0.123325
-0.117201
-0.11076
-0.104011
-0.0969646
-0.08963
-0.0820225
-0.0741581
-0.0660529
-0.0577256
-0.049199
-0.0404943
-0.0316308
-0.0226343
-0.0135295
-0.00434323
0.00488873
0.0141287
0.0233368
0.0324682
0.0414733
0.0502971
0.0588793
0.0671464
0.0750137
0.0823888
0.0891644
0.0952268
0.100446
0.104674
0.107733
0.109411
0.109472
0.107648
0.103639
0.0970927
0.0875729
0.0745527
0.057373
0.0352505
0.00713378
-0.0283197
-0.0730501
-0.129602
-0.201428
-0.293761
-0.413284
-0.568031
-0.767585
-1.02275
-1.33916
-1.71868
-2.1765
-2.72708
-3.35292
-4.02309
-4.72824
-5.46498
-6.21943
-6.96325
-7.66368
-8.29653
-0.0754129
-0.0856028
-0.0953601
-0.104681
-0.113559
-0.121988
-0.129962
-0.137477
-0.144529
-0.151116
-0.157235
-0.162884
-0.168061
-0.172757
-0.176976
-0.180716
-0.183982
-0.186771
-0.189081
-0.190914
-0.192271
-0.193156
-0.193571
-0.193517
-0.192997
-0.192014
-0.190576
-0.188687
-0.186351
-0.183573
-0.180356
-0.176709
-0.172639
-0.16815
-0.163249
-0.157948
-0.152254
-0.146179
-0.139731
-0.132926
-0.125774
-0.118289
-0.110479
-0.102357
-0.093937
-0.0852322
-0.076259
-0.06704
-0.057594
-0.0479443
-0.0381163
-0.0281279
-0.0180078
-0.00778535
0.00250314
0.0128135
0.0231027
0.033319
0.043404
0.0532978
0.0629308
0.0722149
0.0810472
0.0893013
0.0968366
0.103489
0.109072
0.113364
0.1161
0.116963
0.115563
0.111433
0.104022
0.0926557
0.0765099
0.0545778
0.0255619
-0.0121241
-0.0605437
-0.122284
-0.200799
-0.300415
-0.427043
-0.58856
-0.794492
-1.05463
-1.3803
-1.78453
-2.27758
-2.86335
-3.54084
-4.30356
-5.12443
-5.95746
-6.76199
-7.50022
-8.12568
-8.59213
-8.86435
-8.92529
-0.0988825
-0.109445
-0.119549
-0.129193
-0.13837
-0.147068
-0.155284
-0.163013
-0.170252
-0.176999
-0.183251
-0.189003
-0.194249
-0.198991
-0.203227
-0.206953
-0.210173
-0.212889
-0.215098
-0.2168
-0.217996
-0.218688
-0.218882
-0.218579
-0.217778
-0.216485
-0.214706
-0.212444
-0.209706
-0.206495
-0.202818
-0.198681
-0.194092
-0.189055
-0.183575
-0.177664
-0.171335
-0.164592
-0.157451
-0.149925
-0.142024
-0.133755
-0.12513
-0.116164
-0.106874
-0.09727
-0.087367
-0.0771839
-0.066741
-0.0560609
-0.0451674
-0.0340829
-0.022833
-0.0114452
4.3972e-05
0.0115916
0.0231558
0.0346852
0.0461209
0.0573936
0.0684213
0.0791125
0.0893549
0.0990119
0.107927
0.115913
0.122746
0.128147
0.13178
0.133235
0.132007
0.127488
0.118927
0.105376
0.0856374
0.0582034
0.0211496
-0.0279513
-0.0922662
-0.175953
-0.284381
-0.424551
-0.606166
-0.841685
-1.14491
-1.53031
-2.01606
-2.62408
-3.37593
-4.28387
-5.33879
-6.49721
-7.68086
-8.79068
-9.73365
-10.4411
-10.8643
-10.9693
-10.7482
-10.2189
-0.123996
-0.134953
-0.145428
-0.155414
-0.164906
-0.173893
-0.182369
-0.190327
-0.197766
-0.204685
-0.211079
-0.216941
-0.222268
-0.227059
-0.231314
-0.235029
-0.238207
-0.240848
-0.242953
-0.244522
-0.245551
-0.246045
-0.246006
-0.24544
-0.244346
-0.242728
-0.240591
-0.237939
-0.234777
-0.231113
-0.226951
-0.222297
-0.217159
-0.211544
-0.205458
-0.198908
-0.191905
-0.184463
-0.176591
-0.168304
-0.159609
-0.150515
-0.141031
-0.131172
-0.120955
-0.110388
-0.0994887
-0.088276
-0.0767637
-0.0649741
-0.0529266
-0.0406423
-0.0281439
-0.0154615
-0.00262333
0.0103322
0.0233592
0.0364151
0.0494497
0.0624036
0.0752002
0.0877448
0.0999252
0.111604
0.122626
0.132801
0.141906
0.14966
0.155706
0.159591
0.160757
0.158511
0.151987
0.140076
0.121352
0.093965
0.0554625
0.00269405
-0.0685579
-0.164034
-0.29113
-0.460181
-0.686207
-0.987359
-1.38187
-1.89297
-2.55615
-3.41668
-4.51724
-5.8738
-7.45597
-9.17293
-10.8782
-12.3935
-13.5483
-14.2191
-14.3561
-13.9752
-13.1454
-11.9654
-0.150842
-0.162223
-0.173089
-0.183441
-0.193269
-0.202562
-0.211315
-0.219522
-0.227178
-0.234282
-0.240827
-0.246808
-0.252224
-0.257073
-0.261351
-0.265059
-0.268196
-0.270761
-0.27276
-0.274191
-0.275049
-0.275336
-0.275058
-0.274216
-0.272814
-0.270855
-0.268343
-0.265282
-0.261679
-0.257539
-0.252868
-0.247671
-0.241957
-0.235735
-0.22901
-0.22179
-0.214086
-0.205906
-0.197263
-0.188174
-0.178645
-0.168681
-0.158294
-0.147498
-0.136304
-0.124725
-0.112773
-0.100461
-0.0878128
-0.0748442
-0.061566
-0.0479977
-0.0341559
-0.0200619
-0.00574489
0.00876799
0.0234431
0.0382363
0.0531142
0.068025
0.0829091
0.0976928
0.112287
0.126571
0.140416
0.153659
0.1661
0.177488
0.187508
0.195748
0.201694
0.204687
0.203886
0.198182
0.18613
0.165805
0.134613
0.0890944
0.0244249
-0.0660451
-0.191203
-0.364508
-0.605673
-0.93548
-1.37506
-1.96208
-2.76272
-3.86158
-5.32498
-7.1623
-9.30328
-11.59
-13.799
-15.6938
-17.0542
-17.7052
-17.591
-16.7669
-15.3821
-13.6293
-0.179527
-0.191353
-0.202638
-0.213382
-0.223568
-0.233185
-0.242234
-0.250707
-0.258597
-0.265897
-0.272604
-0.278719
-0.284234
-0.289146
-0.293456
-0.297161
-0.300257
-0.302748
-0.304637
-0.305924
-0.306604
-0.306679
-0.306152
-0.305024
-0.303301
-0.300986
-0.29808
-0.294592
-0.290527
-0.285889
-0.280685
-0.274919
-0.268604
-0.261748
-0.254354
-0.246432
-0.237989
-0.229039
-0.219596
-0.209666
-0.19926
-0.188386
-0.177053
-0.165276
-0.153065
-0.140426
-0.127371
-0.113916
-0.100072
-0.0858573
-0.0712871
-0.0563656
-0.041102
-0.0255146
-0.00962237
0.00655889
0.0230044
0.0396915
0.0565949
0.0736898
0.0909378
0.108288
0.125675
0.143028
0.160254
0.177246
0.193871
0.20996
0.225281
0.239531
0.252319
0.263145
0.271353
0.276052
0.276049
0.26971
0.254754
0.228104
0.185226
0.119749
0.0228773
-0.12015
-0.329585
-0.623361
-1.02559
-1.59536
-2.43495
-3.66017
-5.34361
-7.47151
-9.93789
-12.5335
-14.9803
-17.0282
-18.5216
-19.1372
-18.903
-17.896
-16.2941
-14.334
-0.210145
-0.222449
-0.234184
-0.245344
-0.255908
-0.265874
-0.27524
-0.283998
-0.292137
-0.299649
-0.306538
-0.312796
-0.318417
-0.323403
-0.327753
-0.331457
-0.334517
-0.336934
-0.338711
-0.339849
-0.340345
-0.340199
-0.339415
-0.337992
-0.335933
-0.333243
-0.329929
-0.325994
-0.321442
-0.316284
-0.310523
-0.304165
-0.297221
-0.289701
-0.281608
-0.272951
-0.26374
-0.253987
-0.243704
-0.232903
-0.221585
-0.209763
-0.197453
-0.184657
-0.171385
-0.15765
-0.143457
-0.12882
-0.113747
-0.0982504
-0.0823399
-0.0660195
-0.0492913
-0.0321589
-0.0146317
0.0032868
0.0215843
0.0402452
0.0592668
0.0786524
0.0983943
0.118475
0.138876
0.159564
0.180502
0.201649
0.222956
0.244353
0.265731
0.286942
0.307774
0.327957
0.347124
0.364745
0.380071
0.39204
0.399065
0.399
0.388421
0.362421
0.313794
0.229446
0.0930745
-0.11081
-0.413036
-0.887756
-1.64502
-2.79179
-4.39707
-6.44465
-8.816
-11.2932
-13.6182
-15.5471
-16.8939
-17.523
-17.4048
-16.6039
-15.2709
-13.6023
-0.242812
-0.255626
-0.26784
-0.279436
-0.290407
-0.300747
-0.31045
-0.319512
-0.32792
-0.33567
-0.342751
-0.349161
-0.354902
-0.359974
-0.364368
-0.368079
-0.371105
-0.373448
-0.375113
-0.3761
-0.376406
-0.37603
-0.374979
-0.37325
-0.370842
-0.367762
-0.364019
-0.359615
-0.354558
-0.348854
-0.342511
-0.335535
-0.327935
-0.319719
-0.310897
-0.301474
-0.291463
-0.280875
-0.269721
-0.258009
-0.245749
-0.23295
-0.219625
-0.20578
-0.191419
-0.176555
-0.1612
-0.145356
-0.129031
-0.112233
-0.0949649
-0.0772312
-0.0590224
-0.0403379
-0.0211766
-0.001525
0.0186128
0.0392484
0.0603975
0.0820728
0.104306
0.127114
0.150509
0.174526
0.199176
0.224488
0.250491
0.277217
0.304679
0.332873
0.361769
0.391312
0.421404
0.451851
0.482362
0.512426
0.541156
0.567326
0.588676
0.60181
0.601311
0.577264
0.515381
0.393714
0.175598
-0.199224
-0.782672
-1.68655
-2.94517
-4.56884
-6.46649
-8.47736
-10.408
-12.0605
-13.287
-13.998
-14.1701
-13.8405
-13.0938
-12.0482
-0.277637
-0.290998
-0.303715
-0.315782
-0.327188
-0.337923
-0.347989
-0.357376
-0.366078
-0.374078
-0.381369
-0.387952
-0.393831
-0.398994
-0.403436
-0.407159
-0.410159
-0.412432
-0.413983
-0.414817
-0.414928
-0.414314
-0.412981
-0.410931
-0.408162
-0.404677
-0.400486
-0.395593
-0.390007
-0.383734
-0.376782
-0.36916
-0.360875
-0.351936
-0.342353
-0.332133
-0.321287
-0.309829
-0.297767
-0.285114
-0.271879
-0.258074
-0.243703
-0.228778
-0.213305
-0.197294
-0.180756
-0.163691
-0.146111
-0.128015
-0.1094
-0.090259
-0.0705897
-0.0503793
-0.029616
-0.00829237
0.01361
0.0361245
0.0592829
0.0831172
0.107684
0.133036
0.159227
0.186312
0.21436
0.243463
0.273705
0.3052
0.338039
0.372333
0.408169
0.445627
0.484755
0.525552
0.567933
0.611619
0.656056
0.700314
0.742626
0.779875
0.807318
0.81703
0.79149
0.698136
0.50423
0.192027
-0.251755
-0.892212
-1.76727
-2.88421
-4.2022
-5.64225
-7.10227
-8.46737
-9.62626
-10.4986
-11.0458
-11.2594
-11.1591
-10.7895
-0.314744
-0.328678
-0.341935
-0.354505
-0.366376
-0.377543
-0.387995
-0.397731
-0.406741
-0.415013
-0.422536
-0.429311
-0.435337
-0.4406
-0.445101
-0.448843
-0.451822
-0.454028
-0.455469
-0.456145
-0.456054
-0.455195
-0.45357
-0.451188
-0.448044
-0.444137
-0.439477
-0.434072
-0.427933
-0.421067
-0.41348
-0.405184
-0.396183
-0.386486
-0.376109
-0.365058
-0.353342
-0.340978
-0.327975
-0.314344
-0.3001
-0.285253
-0.269817
-0.253792
-0.237184
-0.220004
-0.202267
-0.183981
-0.165145
-0.145764
-0.125832
-0.105334
-0.0842632
-0.0626044
-0.0403397
-0.0174413
0.00610363
0.0303333
0.0552991
0.0810592
0.107677
0.135235
0.163809
0.193493
0.22438
0.256592
0.290262
0.325537
0.362569
0.401487
0.442429
0.485512
0.530792
0.578266
0.627794
0.679003
0.731158
0.783048
0.832621
0.876046
0.908275
0.921748
0.895614
0.794631
0.597891
0.321001
-0.0307179
-0.494138
-1.09413
-1.83342
-2.71694
-3.73827
-4.86486
-6.03806
-7.18045
-8.22171
-9.10475
-9.78633
-10.2393
-10.4527
-0.354254
-0.368796
-0.382628
-0.395736
-0.408109
-0.419732
-0.430604
-0.440717
-0.45006
-0.458627
-0.466402
-0.473384
-0.479568
-0.484949
-0.489521
-0.49329
-0.49625
-0.498395
-0.499723
-0.500238
-0.49994
-0.49883
-0.496907
-0.494176
-0.490638
-0.48629
-0.481143
-0.475206
-0.468488
-0.460997
-0.452747
-0.443744
-0.433992
-0.423504
-0.412295
-0.400378
-0.387757
-0.374447
-0.360463
-0.34582
-0.330532
-0.314612
-0.298072
-0.280921
-0.263165
-0.244809
-0.225865
-0.206355
-0.186279
-0.165631
-0.144411
-0.122613
-0.100219
-0.0772146
-0.0535693
-0.0292661
-0.00427737
0.0214469
0.047948
0.0752983
0.10358
0.132885
0.163312
0.194964
0.227951
0.262402
0.298463
0.336308
0.376074
0.417918
0.461931
0.508187
0.556685
0.607304
0.659714
0.7133
0.766974
0.819045
0.866986
0.906395
0.931993
0.93602
0.900149
0.798294
0.62035
0.379782
0.08058
-0.289088
-0.736983
-1.28059
-1.9526
-2.77819
-3.7536
-4.85064
-6.0236
-7.21633
-8.37063
-9.42815
-10.3347
-11.0437
-0.396294
-0.411488
-0.425931
-0.439617
-0.452524
-0.464637
-0.475958
-0.486474
-0.49618
-0.505066
-0.513116
-0.520325
-0.526684
-0.532196
-0.536857
-0.540659
-0.543608
-0.545694
-0.546912
-0.547265
-0.546755
-0.545385
-0.54315
-0.540058
-0.536108
-0.531299
-0.525642
-0.519149
-0.511825
-0.50368
-0.494732
-0.484985
-0.474447
-0.463134
-0.451052
-0.438222
-0.424654
-0.410356
-0.395348
-0.379651
-0.363277
-0.346244
-0.328567
-0.310258
-0.291327
-0.27178
-0.251631
-0.230893
-0.209575
-0.187689
-0.165235
-0.142197
-0.118564
-0.0943224
-0.0694491
-0.0439171
-0.0176985
0.00924116
0.0369584
0.0655168
0.0950083
0.125515
0.157159
0.190038
0.224271
0.259986
0.297323
0.336419
0.37741
0.420427
0.465536
0.512729
0.5619
0.612789
0.66489
0.71741
0.768977
0.817592
0.860412
0.893099
0.910152
0.903853
0.861892
0.76972
0.618888
0.408744
0.138734
-0.192362
-0.592094
-1.08357
-1.70904
-2.48392
-3.4244
-4.52135
-5.7551
-7.09318
-8.48837
-9.88188
-11.2073
-12.3955
-0.440999
-0.45689
-0.471988
-0.486288
-0.499766
-0.512411
-0.524218
-0.535169
-0.545265
-0.554491
-0.562843
-0.570298
-0.576853
-0.582513
-0.58727
-0.591124
-0.59407
-0.596099
-0.597205
-0.597394
-0.596671
-0.595031
-0.592475
-0.589009
-0.58463
-0.579338
-0.573149
-0.566072
-0.558112
-0.549283
-0.539595
-0.529066
-0.517703
-0.50552
-0.492519
-0.478725
-0.464159
-0.448828
-0.432746
-0.415941
-0.398433
-0.380239
-0.361379
-0.341871
-0.32173
-0.300967
-0.279594
-0.257629
-0.235083
-0.211976
-0.188307
-0.164089
-0.139303
-0.113936
-0.0879789
-0.0614106
-0.0342025
-0.00632307
0.022273
0.0516405
0.0818516
0.113001
0.145186
0.178506
0.213078
0.249019
0.286445
0.325472
0.366194
0.408704
0.453011
0.499086
0.546702
0.595539
0.64495
0.694017
0.741281
0.78469
0.821315
0.847279
0.857127
0.843767
0.799594
0.716414
0.583228
0.38837
0.126568
-0.206338
-0.622424
-1.1429
-1.79052
-2.58674
-3.55986
-4.70426
-6.02913
-7.52455
-9.15835
-10.8804
-12.6218
-14.2971
-0.488514
-0.505149
-0.520948
-0.535904
-0.549996
-0.563211
-0.57553
-0.586957
-0.597477
-0.60708
-0.615749
-0.623474
-0.630252
-0.636076
-0.64095
-0.644867
-0.647819
-0.649791
-0.650789
-0.650818
-0.649874
-0.647957
-0.645068
-0.641211
-0.636385
-0.630593
-0.623846
-0.616153
-0.607527
-0.597975
-0.587511
-0.576156
-0.563919
-0.550809
-0.536836
-0.522027
-0.506402
-0.489978
-0.472766
-0.454792
-0.436088
-0.416677
-0.396574
-0.375809
-0.354405
-0.332379
-0.309747
-0.286531
-0.26275
-0.238424
-0.213581
-0.188219
-0.162346
-0.135959
-0.109051
-0.0816208
-0.053642
-0.0250984
0.00404709
0.0338176
0.0642776
0.0954955
0.127557
0.160539
0.194543
0.229652
0.265966
0.303575
0.342533
0.382876
0.42457
0.46753
0.511494
0.556068
0.600578
0.644058
0.685083
0.72168
0.751089
0.769882
0.773162
0.755062
0.710184
0.632217
0.508616
0.322689
0.0615219
-0.285618
-0.73307
-1.29666
-1.99515
-2.84751
-3.87311
-5.09425
-6.52666
-8.17663
-10.0235
-12.0305
-14.1267
-16.2156
-0.538987
-0.556415
-0.572967
-0.588626
-0.603377
-0.617196
-0.630075
-0.64201
-0.65299
-0.662998
-0.672015
-0.680042
-0.687069
-0.693083
-0.698084
-0.702076
-0.705038
-0.706963
-0.707865
-0.707731
-0.706565
-0.704364
-0.70113
-0.696865
-0.691571
-0.685255
-0.677922
-0.669581
-0.66025
-0.649937
-0.638657
-0.626428
-0.613257
-0.599159
-0.584155
-0.568268
-0.551519
-0.533928
-0.51551
-0.496297
-0.476322
-0.455612
-0.434196
-0.4121
-0.389362
-0.366005
-0.342055
-0.317535
-0.292474
-0.26691
-0.240876
-0.214391
-0.187468
-0.160127
-0.13238
-0.104229
-0.0756737
-0.0467067
-0.0173285
0.0124836
0.0427486
0.0734959
0.104788
0.136682
0.169232
0.2025
0.236534
0.271373
0.307049
0.343533
0.380756
0.418557
0.456665
0.494601
0.531727
0.567046
0.599224
0.62642
0.646179
0.655354
0.649838
0.62485
0.575535
0.495571
0.37373
0.193976
-0.0619252
-0.411913
-0.872645
-1.46003
-2.19101
-3.0834
-4.15653
-5.43506
-6.93812
-8.67165
-10.6253
-12.7628
-15.0123
-17.2636
-0.592575
-0.610857
-0.628209
-0.644618
-0.660071
-0.674542
-0.688026
-0.700518
-0.711995
-0.722437
-0.731839
-0.7402
-0.747501
-0.753722
-0.758872
-0.762951
-0.765937
-0.767832
-0.768635
-0.768342
-0.766949
-0.764455
-0.760865
-0.75618
-0.7504
-0.743531
-0.735582
-0.726564
-0.716487
-0.705368
-0.693223
-0.680062
-0.665897
-0.650751
-0.634645
-0.6176
-0.599645
-0.580803
-0.561094
-0.540549
-0.519207
-0.497105
-0.474276
-0.450755
-0.426582
-0.401797
-0.376432
-0.350522
-0.324107
-0.297235
-0.269955
-0.24231
-0.214331
-0.186053
-0.157505
-0.128722
-0.099723
-0.0705259
-0.0411565
-0.0116304
0.0180456
0.0478675
0.0778209
0.10793
0.138211
0.168663
0.199293
0.230066
0.260942
0.291845
0.322642
0.353113
0.38293
0.411584
0.438364
0.46229
0.482067
0.495956
0.501696
0.496375
0.476487
0.437895
0.375606
0.282742
0.150112
-0.0348056
-0.289005
-0.632978
-1.08667
-1.6678
-2.39319
-3.27878
-4.3423
-5.60153
-7.07101
-8.757
-10.6451
-12.6977
-14.8487
-17.0016
-0.649437
-0.668628
-0.686837
-0.704052
-0.720261
-0.735438
-0.749578
-0.762656
-0.774671
-0.785597
-0.795422
-0.804146
-0.811738
-0.818195
-0.823526
-0.827714
-0.830741
-0.832613
-0.833327
-0.832874
-0.83125
-0.828458
-0.824505
-0.819383
-0.813096
-0.805649
-0.797056
-0.787324
-0.77646
-0.764485
-0.751413
-0.737259
-0.722036
-0.705769
-0.688479
-0.670192
-0.650937
-0.630743
-0.609639
-0.587653
-0.56483
-0.541216
-0.516848
-0.491776
-0.466042
-0.439697
-0.412791
-0.385362
-0.357469
-0.329171
-0.300535
-0.271623
-0.2425
-0.213223
-0.183849
-0.154433
-0.125027
-0.0957005
-0.0664872
-0.0374524
-0.0086686
0.0198248
0.047967
0.0757077
0.10299
0.129759
0.155927
0.181393
0.206023
0.229652
0.252052
0.272913
0.291807
0.30818
0.321229
0.32992
0.332925
0.328506
0.314476
0.28805
0.245972
0.184368
0.0980977
-0.019854
-0.177567
-0.38459
-0.653584
-1.00107
-1.44554
-2.00509
-2.69623
-3.53334
-4.52804
-5.68992
-7.02474
-8.52642
-10.1769
-11.939
-13.7504
-15.5227
-0.709743
-0.729901
-0.749023
-0.767105
-0.784132
-0.800077
-0.814908
-0.828632
-0.841234
-0.852686
-0.862973
-0.87208
-0.879997
-0.88673
-0.892275
-0.896593
-0.899677
-0.901539
-0.902174
-0.901571
-0.899719
-0.896631
-0.892296
-0.886718
-0.879906
-0.871858
-0.86259
-0.8521
-0.840406
-0.827526
-0.813466
-0.798244
-0.781887
-0.764417
-0.745858
-0.726231
-0.705572
-0.683915
-0.661289
-0.637732
-0.613291
-0.588016
-0.561957
-0.535171
-0.507713
-0.479636
-0.451011
-0.421891
-0.392346
-0.36245
-0.332286
-0.30194
-0.271505
-0.24107
-0.210729
-0.180565
-0.15069
-0.121181
-0.0921526
-0.0637
-0.0359314
-0.00899663
0.0169994
0.0419221
0.0656255
0.0879727
0.108772
0.127814
0.144839
0.159561
0.171631
0.180582
0.185854
0.186734
0.182331
0.171472
0.152715
0.124216
0.0837531
0.0285648
-0.044644
-0.139762
-0.261831
-0.417369
-0.61383
-0.859205
-1.16284
-1.53583
-1.99099
-2.54207
-3.20227
-3.98168
-4.88679
-5.91853
-7.07164
-8.33288
-9.67609
-11.0627
-12.4381
-13.7331
-0.773667
-0.794854
-0.814963
-0.833976
-0.851886
-0.868642
-0.884228
-0.898646
-0.911884
-0.923914
-0.934701
-0.94424
-0.952527
-0.959573
-0.965351
-0.969826
-0.972991
-0.97486
-0.975433
-0.974684
-0.972606
-0.969213
-0.964499
-0.95846
-0.951099
-0.942426
-0.932443
-0.92116
-0.908592
-0.894751
-0.879638
-0.863273
-0.845698
-0.826936
-0.807009
-0.785934
-0.763748
-0.740494
-0.716202
-0.690924
-0.664706
-0.637596
-0.609661
-0.580964
-0.551572
-0.521552
-0.490982
-0.459938
-0.428505
-0.39677
-0.364833
-0.332804
-0.300804
-0.268958
-0.237395
-0.206251
-0.175671
-0.145793
-0.116779
-0.0887918
-0.0620225
-0.0366593
-0.012924
0.00895729
0.0287451
0.0461595
0.0608987
0.0725995
0.0808554
0.0852094
0.0851088
0.079914
0.068833
0.0509598
0.025198
-0.00983356
-0.0558307
-0.114813
-0.189184
-0.281797
-0.396067
-0.535971
-0.706422
-0.913163
-1.16278
-1.46246
-1.81952
-2.24136
-2.73514
-3.30841
-3.96769
-4.71696
-5.55568
-6.47747
-7.46942
-8.51124
-9.57319
-10.6163
-11.5943
-12.4536
-0.841394
-0.863689
-0.884846
-0.904868
-0.923716
-0.941345
-0.957749
-0.972919
-0.98685
-0.999503
-1.01085
-1.02087
-1.02957
-1.03696
-1.04301
-1.04768
-1.05095
-1.05286
-1.05338
-1.05249
-1.05019
-1.04649
-1.0414
-1.03489
-1.02697
-1.01763
-1.0069
-0.994786
-0.981301
-0.966439
-0.950207
-0.932627
-0.913743
-0.893592
-0.872187
-0.84954
-0.825696
-0.800701
-0.774593
-0.747418
-0.719231
-0.690088
-0.660058
-0.629216
-0.597639
-0.56541
-0.532617
-0.499355
-0.465725
-0.431833
-0.397796
-0.363746
-0.32983
-0.296209
-0.263053
-0.230546
-0.198878
-0.168254
-0.138894
-0.111039
-0.0849552
-0.0609324
-0.0392964
-0.0203864
-0.00457217
0.00772284
0.016038
0.0198233
0.0184703
0.011289
-0.00252517
-0.0238765
-0.0538768
-0.0937176
-0.144862
-0.208983
-0.288099
-0.384594
-0.50119
-0.641103
-0.807888
-1.00566
-1.23915
-1.51368
-1.83463
-2.20775
-2.63889
-3.13303
-3.69336
-4.32115
-5.0159
-5.7744
-6.58931
-7.44716
-8.32855
-9.20782
-10.0545
-10.8318
-11.5
-12.0199
-0.913099
-0.936579
-0.958882
-0.979978
-0.99983
-1.0184
-1.03568
-1.05168
-1.06636
-1.0797
-1.09165
-1.10222
-1.11139
-1.11916
-1.12551
-1.1304
-1.13383
-1.1358
-1.13629
-1.13528
-1.13278
-1.12879
-1.1233
-1.11631
-1.10781
-1.09779
-1.08629
-1.0733
-1.05884
-1.0429
-1.02548
-1.00662
-0.98634
-0.964691
-0.941685
-0.917342
-0.8917
-0.864804
-0.836704
-0.807446
-0.777084
-0.745682
-0.713315
-0.680059
-0.646005
-0.611251
-0.575897
-0.540055
-0.503842
-0.467387
-0.430826
-0.394314
-0.358023
-0.322146
-0.286892
-0.252491
-0.219188
-0.187254
-0.156974
-0.128672
-0.102705
-0.0794717
-0.0594137
-0.0430177
-0.0308199
-0.0234066
-0.0214479
-0.0257038
-0.037047
-0.0564703
-0.0850864
-0.124182
-0.175252
-0.240006
-0.320381
-0.418542
-0.53703
-0.678771
-0.847177
-1.04584
-1.27883
-1.55063
-1.86597
-2.22966
-2.64647
-3.12033
-3.65455
-4.25108
-4.90964
-5.62654
-6.39426
-7.20167
-8.03295
-8.86811
-9.68241
-10.4478
-11.1329
-11.7049
-12.1314
-12.3834
-0.988981
-1.01375
-1.03727
-1.05951
-1.08045
-1.10003
-1.11828
-1.13517
-1.15067
-1.16474
-1.17737
-1.18854
-1.19824
-1.20644
-1.21313
-1.2183
-1.22193
-1.224
-1.22447
-1.22337
-1.22069
-1.21642
-1.21054
-1.20307
-1.19397
-1.18326
-1.17095
-1.15705
-1.14157
-1.12449
-1.10582
-1.0856
-1.06384
-1.04058
-1.01586
-0.989679
-0.962087
-0.933123
-0.90284
-0.871292
-0.838533
-0.804628
-0.769653
-0.733691
-0.696839
-0.659201
-0.620896
-0.582049
-0.542798
-0.503288
-0.463678
-0.424147
-0.384892
-0.346137
-0.308128
-0.271135
-0.235463
-0.20144
-0.169431
-0.139842
-0.113129
-0.0898052
-0.0704407
-0.0556788
-0.0462377
-0.0429218
-0.0466525
-0.0584547
-0.079513
-0.111186
-0.155
-0.212774
-0.286513
-0.378563
-0.491518
-0.628402
-0.79261
-0.987966
-1.21882
-1.48974
-1.80566
-2.17187
-2.59358
-3.07549
-3.62152
-4.23427
-4.91391
-5.65804
-6.46079
-7.31244
-8.19885
-9.09986
-9.99151
-10.8449
-11.629
-12.3114
-12.8613
-13.2506
-13.456
-13.4605
-1.06926
-1.0954
-1.12021
-1.14368
-1.16578
-1.18649
-1.20578
-1.22363
-1.24002
-1.25491
-1.26828
-1.28012
-1.29039
-1.29909
-1.30619
-1.31168
-1.31555
-1.31774
-1.31825
-1.3171
-1.31426
-1.30971
-1.30347
-1.29551
-1.28582
-1.27439
-1.26127
-1.24643
-1.22987
-1.2116
-1.19163
-1.16997
-1.14664
-1.12168
-1.0951
-1.06695
-1.03724
-1.00604
-0.973383
-0.939326
-0.903928
-0.867257
-0.829385
-0.790398
-0.750398
-0.709496
-0.667812
-0.625489
-0.582679
-0.539547
-0.496274
-0.453057
-0.410123
-0.367722
-0.326134
-0.285675
-0.246695
-0.209583
-0.174776
-0.142763
-0.114102
-0.0894199
-0.0694363
-0.0549578
-0.0469
-0.0463053
-0.0543571
-0.0724137
-0.102045
-0.145051
-0.203496
-0.279814
-0.376685
-0.49737
-0.64543
-0.825105
-1.04096
-1.29827
-1.60299
-1.96153
-2.38059
-2.86691
-3.4267
-4.06518
-4.7857
-5.58862
-6.47082
-7.42459
-8.4367
-9.48825
-10.5545
-11.606
-12.608
-13.5232
-14.3132
-14.9406
-15.3738
-15.5884
-15.5695
-15.3125
-1.15414
-1.18172
-1.20793
-1.23274
-1.25611
-1.278
-1.29841
-1.31732
-1.33468
-1.35046
-1.36466
-1.37723
-1.38815
-1.39742
-1.40499
-1.41086
-1.415
-1.41737
-1.41798
-1.41682
-1.41384
-1.40904
-1.40245
-1.39403
-1.38374
-1.3716
-1.35764
-1.34183
-1.32417
-1.30467
-1.28333
-1.26016
-1.23519
-1.20842
-1.17988
-1.14961
-1.11765
-1.08402
-1.04879
-1.012
-0.973709
-0.933992
-0.892919
-0.850574
-0.807055
-0.762476
-0.716966
-0.670667
-0.623744
-0.576373
-0.528754
-0.481109
-0.433682
-0.386746
-0.340613
-0.295635
-0.252205
-0.210773
-0.171839
-0.135975
-0.103829
-0.0761424
-0.0537686
-0.0376788
-0.0289993
-0.029015
-0.0392181
-0.0613278
-0.0973431
-0.149577
-0.220727
-0.313954
-0.432932
-0.581965
-0.765984
-0.99071
-1.26274
-1.58962
-1.9797
-2.44236
-2.98729
-3.62386
-4.36009
-5.20206
-6.1522
-7.20825
-8.36215
-9.59939
-10.8975
-12.2261
-13.5474
-14.8169
-15.9862
-17.0062
-17.8304
-18.4176
-18.7363
-18.7678
-18.5071
-17.9631
-1.24381
-1.27296
-1.30067
-1.32692
-1.35165
-1.37483
-1.39645
-1.4165
-1.43492
-1.45169
-1.4668
-1.48019
-1.49184
-1.50174
-1.50987
-1.51617
-1.52064
-1.52327
-1.52402
-1.52287
-1.51981
-1.51483
-1.50791
-1.49903
-1.48816
-1.47532
-1.46051
-1.44372
-1.42494
-1.40417
-1.38141
-1.35668
-1.32998
-1.30131
-1.27072
-1.23821
-1.20383
-1.16761
-1.12961
-1.08985
-1.04842
-1.00538
-0.960788
-0.914734
-0.867316
-0.818639
-0.768828
-0.718029
-0.666408
-0.614155
-0.561474
-0.508602
-0.455796
-0.403355
-0.35161
-0.300938
-0.251771
-0.204597
-0.159976
-0.118552
-0.0810508
-0.048322
-0.0213432
-0.00124257
0.0106664
0.012858
0.00354285
-0.0193653
-0.0583286
-0.116233
-0.196487
-0.303125
-0.440918
-0.615502
-0.833532
-1.10285
-1.43266
-1.83374
-2.31853
-2.90046
-3.59311
-4.40915
-5.35902
-6.44829
-7.67782
-9.04247
-10.5283
-12.1121
-13.7612
-15.4319
-17.0709
-18.6168
-20.0032
-21.1653
-22.0448
-22.5957
-22.7878
-22.6108
-22.0742
-21.2045
-1.33851
-1.36934
-1.39866
-1.42645
-1.45263
-1.4772
-1.50016
-1.52146
-1.54105
-1.55889
-1.57499
-1.58929
-1.60176
-1.61238
-1.62112
-1.62793
-1.63283
-1.63579
-1.63674
-1.63568
-1.6326
-1.62746
-1.62025
-1.61095
-1.59954
-1.58602
-1.57037
-1.55259
-1.53267
-1.51061
-1.48641
-1.46006
-1.43157
-1.40095
-1.3682
-1.33335
-1.29643
-1.25746
-1.21649
-1.17357
-1.12875
-1.0821
-1.03368
-0.983569
-0.931858
-0.878649
-0.824061
-0.768234
-0.711329
-0.65353
-0.595051
-0.536125
-0.477026
-0.418054
-0.359559
-0.301935
-0.245634
-0.191177
-0.139159
-0.0902706
-0.0453056
-0.00519101
0.0289913
0.0559793
0.0742947
0.082198
0.0776427
0.0581882
0.0209429
-0.0375443
-0.121408
-0.235612
-0.386117
-0.580113
-0.826269
-1.135
-1.51896
-1.99318
-2.57497
-3.28267
-4.13347
-5.14133
-6.31565
-7.66083
-9.17516
-10.8499
-12.6678
-14.6007
-16.6075
-18.6314
-20.6027
-22.4409
-24.0619
-25.3815
-26.3296
-26.8519
-26.92
-26.5309
-25.7103
-24.5048
-1.43847
-1.4711
-1.50214
-1.53156
-1.55932
-1.58542
-1.60981
-1.63247
-1.65333
-1.67237
-1.68956
-1.70486
-1.71823
-1.72966
-1.73912
-1.74656
-1.75197
-1.7553
-1.75654
-1.75564
-1.75259
-1.74737
-1.73993
-1.73027
-1.71836
-1.70418
-1.68772
-1.66898
-1.64793
-1.62458
-1.5989
-1.57091
-1.54059
-1.50795
-1.47298
-1.4357
-1.39613
-1.35428
-1.3102
-1.26392
-1.21549
-1.16497
-1.11243
-1.05793
-1.00155
-0.94339
-0.883557
-0.822181
-0.759411
-0.695421
-0.630414
-0.564624
-0.498316
-0.43179
-0.365398
-0.299537
-0.234673
-0.171329
-0.11012
-0.0517605
0.00291636
0.052936
0.0971515
0.134214
0.162519
0.180173
0.184921
0.174049
0.144303
0.0917454
0.0115908
-0.101973
-0.256055
-0.45939
-0.722734
-1.05939
-1.48577
-2.02166
-2.68861
-3.50682
-4.49175
-5.65299
-6.99549
-8.52112
-10.2293
-12.115
-14.1645
-16.3503
-18.6266
-20.9273
-23.1681
-25.2508
-27.0716
-28.5319
-29.5485
-30.0613
-30.0434
-29.4986
-28.4637
-27.0015
-1.54391
-1.57844
-1.61133
-1.64253
-1.67202
-1.69975
-1.72569
-1.74981
-1.77206
-1.7924
-1.8108
-1.82722
-1.84162
-1.85397
-1.86424
-1.8724
-1.87841
-1.88223
-1.88383
-1.88319
-1.88026
-1.87502
-1.86743
-1.85747
-1.84512
-1.83035
-1.81313
-1.79346
-1.77131
-1.74667
-1.71953
-1.68988
-1.65772
-1.62302
-1.58579
-1.54601
-1.50371
-1.45889
-1.41157
-1.36178
-1.30956
-1.25496
-1.19803
-1.13884
-1.07745
-1.01396
-0.948445
-0.881029
-0.81185
-0.741061
-0.668846
-0.595423
-0.521041
-0.445986
-0.3706
-0.29527
-0.220447
-0.146651
-0.0744934
-0.00468207
0.0619489
0.124412
0.18154
0.231943
0.273967
0.305633
0.324558
0.327868
0.312078
0.272926
0.205167
0.102338
-0.0435786
-0.242562
-0.507142
-0.853219
-1.30058
-1.87179
-2.58766
-3.46155
-4.49832
-5.69849
-7.065
-8.60641
-10.3346
-12.2571
-14.3688
-16.6445
-19.034
-21.4625
-23.835
-26.0419
-27.9692
-29.5096
-30.5734
-31.0998
-31.0635
-30.4725
-29.3696
-27.8262
-1.65507
-1.69165
-1.72651
-1.75963
-1.79095
-1.82045
-1.84808
-1.8738
-1.89756
-1.91933
-1.93906
-1.95672
-1.97227
-1.98566
-1.99687
-2.00584
-2.01256
-2.01697
-2.01905
-2.01876
-2.01605
-2.01089
-2.00325
-1.99309
-1.98037
-1.96508
-1.94717
-1.92663
-1.90343
-1.87755
-1.84898
-1.8177
-1.78368
-1.74693
-1.70741
-1.66511
-1.62004
-1.57217
-1.52153
-1.46813
-1.41199
-1.35315
-1.29164
-1.22751
-1.16084
-1.09168
-1.02011
-0.946231
-0.870156
-0.792022
-0.71199
-0.630246
-0.547018
-0.462568
-0.377202
-0.291288
-0.205245
-0.119572
-0.0348499
0.048234
0.128884
0.206139
0.278852
0.345654
0.404908
0.454638
0.49244
0.515393
0.51995
0.501713
0.455251
0.373816
0.248904
0.0698288
-0.177032
-0.509155
-0.947501
-1.51191
-2.2126
-3.04702
-4.00806
-5.09745
-6.33281
-7.74252
-9.35308
-11.1767
-13.2054
-15.4126
-17.7401
-20.1091
-22.4267
-24.5863
-26.4775
-27.9961
-29.0576
-29.6061
-29.616
-29.0972
-28.0923
-26.666
-1.77219
-1.81095
-1.84794
-1.88311
-1.91641
-1.94781
-1.97726
-2.00472
-2.03013
-2.05346
-2.07467
-2.0937
-2.11052
-2.12509
-2.13736
-2.14729
-2.15485
-2.15998
-2.16265
-2.16282
-2.16044
-2.15548
-2.1479
-2.13764
-2.12467
-2.10895
-2.09045
-2.06913
-2.04496
-2.01792
-1.98798
-1.95511
-1.91929
-1.8805
-1.8387
-1.79389
-1.74603
-1.69511
-1.64111
-1.58404
-1.52391
-1.46072
-1.39451
-1.3253
-1.25313
-1.17806
-1.10015
-1.01947
-0.936122
-0.850207
-0.761857
-0.671236
-0.578527
-0.48396
-0.387804
-0.290384
-0.192076
-0.0933383
0.00529306
0.10318
0.199576
0.293578
0.384108
0.469861
0.549276
0.620443
0.681037
0.728216
0.758501
0.76757
0.750057
0.699254
0.606674
0.461567
0.250083
-0.0452044
-0.442466
-0.951276
-1.56516
-2.27064
-3.06783
-3.98147
-5.05089
-6.31029
-7.77593
-9.44484
-11.2987
-13.3039
-15.4094
-17.5484
-19.6404
-21.5938
-23.3127
-24.7086
-25.7097
-26.2658
-26.3543
-25.9832
-25.1854
-24.0125
-1.89551
-1.93661
-1.97587
-2.01324
-2.04867
-2.08212
-2.11354
-2.14288
-2.17009
-2.19514
-2.21796
-2.23852
-2.25676
-2.27264
-2.28613
-2.29716
-2.30569
-2.31168
-2.31508
-2.31585
-2.31395
-2.30932
-2.30191
-2.29169
-2.27859
-2.26258
-2.24361
-2.22163
-2.19661
-2.16851
-2.13729
-2.10293
-2.06538
-2.02462
-1.9806
-1.93331
-1.8827
-1.82874
-1.77141
-1.71068
-1.64653
-1.57898
-1.50801
-1.43363
-1.35588
-1.27478
-1.19036
-1.10267
-1.01179
-0.917794
-0.820781
-0.720877
-0.61823
-0.513026
-0.405495
-0.295904
-0.18458
-0.0719162
0.0415973
0.155398
0.268793
0.380958
0.490896
0.59741
0.699029
0.793966
0.880031
0.954519
1.01411
1.05469
1.07109
1.05687
1.00387
0.90169
0.737012
0.494057
0.161108
-0.258873
-0.751622
-1.31513
-1.97583
-2.77509
-3.7444
-4.89418
-6.21722
-7.70003
-9.32321
-11.0578
-12.8645
-14.6929
-16.4786
-18.1483
-19.6274
-20.8471
-21.7498
-22.2949
-22.464
-22.2597
-21.7039
-20.8352
-2.02528
-2.06888
-2.11057
-2.15029
-2.188
-2.22366
-2.25721
-2.28859
-2.31777
-2.34468
-2.36929
-2.39152
-2.41135
-2.42871
-2.44356
-2.45584
-2.46552
-2.47252
-2.47682
-2.47835
-2.47706
-2.47292
-2.46585
-2.45581
-2.44274
-2.42659
-2.4073
-2.38481
-2.35908
-2.33007
-2.29771
-2.26199
-2.22284
-2.18022
-2.1341
-2.08442
-2.03115
-1.97423
-1.91362
-1.84929
-1.7812
-1.70931
-1.63362
-1.55412
-1.47079
-1.38363
-1.29266
-1.1979
-1.09939
-0.997174
-0.891323
-0.781926
-0.669105
-0.552994
-0.43376
-0.311631
-0.186866
-0.059814
0.069127
0.199439
0.330516
0.461609
0.591809
0.720004
0.844844
0.964659
1.07739
1.1805
1.27082
1.34444
1.39642
1.4206
1.40916
1.35216
1.23695
1.05015
0.786618
0.454499
0.0580697
-0.424015
-1.0294
-1.78488
-2.69336
-3.7436
-4.92299
-6.22027
-7.62059
-9.10257
-10.636
-12.1794
-13.6816
-15.0881
-16.3442
-17.3983
-18.2075
-18.7407
-18.9818
-18.9299
-18.5978
-18.0115
-2.16175
-2.208
-2.25229
-2.29454
-2.3347
-2.37273
-2.40857
-2.44217
-2.47348
-2.50244
-2.52899
-2.55308
-2.57467
-2.59368
-2.61007
-2.62379
-2.63477
-2.64297
-2.64833
-2.6508
-2.65031
-2.64683
-2.64028
-2.6306
-2.61774
-2.60162
-2.58218
-2.55937
-2.53313
-2.50338
-2.47007
-2.43315
-2.39257
-2.34827
-2.3002
-2.24829
-2.1925
-2.13277
-2.06903
-2.00123
-1.92931
-1.85323
-1.77295
-1.68842
-1.59962
-1.50652
-1.40911
-1.30736
-1.20129
-1.09091
-0.976259
-0.857394
-0.734385
-0.607332
-0.476366
-0.34165
-0.203399
-0.061886
0.0825442
0.22945
0.37828
0.528377
0.678901
0.828822
0.976866
1.12147
1.26068
1.39205
1.51255
1.61837
1.70473
1.7656
1.79338
1.77837
1.70825
1.57175
1.36687
1.09671
0.748768
0.292224
-0.297337
-1.02217
-1.86891
-2.82584
-3.88622
-5.04225
-6.28081
-7.58174
-8.91722
-10.2529
-11.5505
-12.7694
-13.8689
-14.8109
-15.5626
-16.1001
-16.4093
-16.4867
-16.3391
-15.9833
-2.30516
-2.35426
-2.40131
-2.44626
-2.48904
-2.52962
-2.56794
-2.60393
-2.63755
-2.66873
-2.69742
-2.72356
-2.74709
-2.76794
-2.78607
-2.80141
-2.8139
-2.82349
-2.83011
-2.83372
-2.83423
-2.8316
-2.82576
-2.81665
-2.80419
-2.78832
-2.76896
-2.74604
-2.71948
-2.68922
-2.65518
-2.6173
-2.57551
-2.52975
-2.47995
-2.42604
-2.36795
-2.30562
-2.23896
-2.1679
-2.09237
-2.01231
-1.92764
-1.83831
-1.74427
-1.64545
-1.54183
-1.43333
-1.31994
-1.20164
-1.07845
-0.95035
-0.817412
-0.679684
-0.537249
-0.390233
-0.238808
-0.0831831
0.076346
0.239407
0.405511
0.574037
0.74422
0.915085
1.08543
1.25372
1.41807
1.57609
1.72479
1.8604
1.97815
2.07205
2.13454
2.15586
2.1239
2.0288
1.86742
1.63297
1.30356
0.855637
0.283092
-0.403881
-1.19492
-2.08464
-3.06779
-4.13453
-5.26975
-6.45371
-7.663
-8.87058
-10.0464
-11.1584
-12.1745
-13.0645
-13.8021
-14.3671
-14.7464
-14.9346
-14.9343
-14.7559
-2.45577
-2.50789
-2.55789
-2.60572
-2.65132
-2.69463
-2.73561
-2.77419
-2.81031
-2.84391
-2.87493
-2.90331
-2.92898
-2.95188
-2.97195
-2.98913
-3.00335
-3.01453
-3.02264
-3.0276
-3.02934
-3.02779
-3.02289
-3.01457
-3.00275
-2.98736
-2.9683
-2.94551
-2.9189
-2.88839
-2.85389
-2.81531
-2.77259
-2.72565
-2.6744
-2.61878
-2.55868
-2.49403
-2.42475
-2.35074
-2.2719
-2.18817
-2.09943
-2.00563
-1.90668
-1.8025
-1.69302
-1.57817
-1.45788
-1.33211
-1.2008
-1.06396
-0.921587
-0.773707
-0.620377
-0.461676
-0.297736
-0.128738
0.0450833
0.223391
0.40574
0.591568
0.780136
0.970505
1.16149
1.35161
1.53897
1.7212
1.89527
2.05744
2.2029
2.32563
2.41802
2.4702
2.47047
2.40939
2.2794
2.06584
1.74738
1.31157
0.761732
0.107661
-0.644581
-1.49031
-2.42199
-3.42882
-4.49744
-5.61156
-6.7516
-7.89457
-9.01452
-10.0842
-11.0757
-11.963
-12.723
-13.337
-13.792
-14.0812
-14.2045
-14.1675
-2.61384
-2.66917
-2.72231
-2.77321
-2.82182
-2.86807
-2.9119
-2.95326
-2.99208
-3.0283
-3.06186
-3.09268
-3.12072
-3.1459
-3.16813
-3.18737
-3.20354
-3.21657
-3.2264
-3.23295
-3.23616
-3.23596
-3.23225
-3.22498
-3.21405
-3.19939
-3.18092
-3.15854
-3.13216
-3.10168
-3.06701
-3.02807
-2.98475
-2.93696
-2.88461
-2.82763
-2.76588
-2.6993
-2.62776
-2.55118
-2.46944
-2.38244
-2.29007
-2.19224
-2.08883
-1.97976
-1.86494
-1.74426
-1.61764
-1.48499
-1.34624
-1.20135
-1.05029
-0.893048
-0.729671
-0.560208
-0.384745
-0.203451
-0.0165374
0.175708
0.372853
0.574359
0.779527
0.987426
1.19689
1.4064
1.6141
1.81758
2.01381
2.19898
2.36831
2.51577
2.63376
2.71253
2.74099
2.70856
2.60273
2.40557
2.09971
1.67906
1.14949
0.519982
-0.203219
-1.01519
-1.90996
-2.87983
-3.91425
-4.99911
-6.11632
-7.24427
-8.35894
-9.4348
-10.4462
-11.3687
-12.1805
-12.8634
-13.4039
-13.7937
-14.0303
-14.1159
-2.77961
-2.83835
-2.89483
-2.94901
-3.00082
-3.0502
-3.0971
-3.14146
-3.18319
-3.22224
-3.25856
-3.29206
-3.32269
-3.35036
-3.37501
-3.39656
-3.41492
-3.43005
-3.44186
-3.45028
-3.45522
-3.45662
-3.45439
-3.44845
-3.43871
-3.42509
-3.4075
-3.38585
-3.36001
-3.3299
-3.29543
-3.25646
-3.21291
-3.16466
-3.11162
-3.05368
-2.99073
-2.92265
-2.84933
-2.77065
-2.68651
-2.59676
-2.50128
-2.39997
-2.2927
-2.17935
-2.05981
-1.93399
-1.80175
-1.663
-1.51763
-1.36558
-1.20679
-1.04124
-0.868915
-0.689868
-0.504185
-0.311991
-0.113501
0.0910158
0.301143
0.516352
0.735947
0.959002
1.18433
1.41043
1.6354
1.85682
2.07168
2.27616
2.4655
2.63375
2.77344
2.87527
2.92845
2.92066
2.83612
2.65585
2.36414
1.95736
1.4432
0.831874
0.129125
-0.662774
-1.54187
-2.50325
-3.53756
-4.63086
-5.76515
-6.91909
-8.06908
-9.1903
-10.2576
-11.2471
-12.1366
-12.9075
-13.5451
-14.0396
-14.3859
-14.5839
-2.95334
-3.01568
-3.07571
-3.13338
-3.18861
-3.24134
-3.29153
-3.33908
-3.38396
-3.42608
-3.46538
-3.50179
-3.53525
-3.56567
-3.59297
-3.61708
-3.63793
-3.65542
-3.66948
-3.68005
-3.68703
-3.69033
-3.68988
-3.68558
-3.67735
-3.66511
-3.64874
-3.62814
-3.60321
-3.57385
-3.53994
-3.50136
-3.45799
-3.40972
-3.35644
-3.29802
-3.23435
-3.1653
-3.09074
-3.01054
-2.92456
-2.83267
-2.73474
-2.63062
-2.52019
-2.4033
-2.27984
-2.14966
-2.01267
-1.86875
-1.71775
-1.55961
-1.39425
-1.2216
-1.04167
-0.854473
-0.660092
-0.458664
-0.25038
-0.035543
0.185457
0.412085
0.643614
0.879125
1.11741
1.35696
1.59585
1.83167
2.06139
2.28125
2.48656
2.67152
2.82893
2.94999
3.02401
3.03741
2.97277
2.80995
2.53255
2.13676
1.63102
1.02657
0.32744
-0.467293
-1.35819
-2.34139
-3.40743
-4.54218
-5.7275
-6.94193
-8.1617
-9.36168
-10.5163
-11.6006
-12.5917
-13.4694
-14.2175
-14.824
-15.2817
-15.5881
-3.13527
-3.20143
-3.26523
-3.3266
-3.38547
-3.44178
-3.49547
-3.54646
-3.59471
-3.64013
-3.68266
-3.72223
-3.75876
-3.79218
-3.82241
-3.84936
-3.87294
-3.8931
-3.90972
-3.92274
-3.93206
-3.9376
-3.93924
-3.93694
-3.93058
-3.92005
-3.90528
-3.88613
-3.86251
-3.83431
-3.80138
-3.76363
-3.72091
-3.6731
-3.62008
-3.56172
-3.49788
-3.42844
-3.35324
-3.27214
-3.18501
-3.09169
-2.99204
-2.8859
-2.77312
-2.65356
-2.52706
-2.39351
-2.25277
-2.10473
-1.94926
-1.78624
-1.6156
-1.43727
-1.25126
-1.05755
-0.856225
-0.647435
-0.431383
-0.208383
0.0211582
0.256679
0.49743
0.74247
0.990584
1.24021
1.48944
1.73584
1.97641
2.20745
2.42437
2.62155
2.79212
2.9277
3.01774
3.04834
3.00134
2.85532
2.59152
2.203
1.69657
1.08269
0.365692
-0.456457
-1.38487
-2.41595
-3.54056
-4.74468
-6.01015
-7.31526
-8.6357
-9.94528
-11.2172
-12.4251
-13.544
-14.5516
-15.4293
-16.1625
-16.7412
-17.1603
-3.32567
-3.39588
-3.46366
-3.52894
-3.59168
-3.65179
-3.70922
-3.7639
-3.81575
-3.86472
-3.91073
-3.95371
-3.99358
-4.03028
-4.0637
-4.09377
-4.1204
-4.14351
-4.163
-4.17879
-4.19079
-4.1989
-4.20303
-4.20307
-4.19894
-4.19054
-4.17776
-4.16049
-4.13861
-4.11199
-4.08054
-4.0441
-4.00255
-3.95573
-3.90352
-3.8458
-3.78241
-3.7132
-3.63803
-3.55675
-3.46921
-3.37525
-3.2747
-3.1674
-3.05319
-2.93192
-2.80345
-2.6676
-2.52425
-2.3733
-2.2146
-2.04809
-1.87363
-1.69118
-1.50072
-1.30229
-1.09595
-0.881834
-0.660218
-0.4314
-0.195833
0.045881
0.292971
0.544456
0.799094
1.05529
1.31108
1.56408
1.8113
2.04905
2.27287
2.47732
2.65582
2.80034
2.90067
2.94327
2.91009
2.77893
2.5278
2.14412
1.6296
0.993172
0.240487
-0.628594
-1.61465
-2.71467
-3.92024
-5.21798
-6.58999
-8.0144
-9.46593
-10.9171
-12.3392
-13.7033
-14.9814
-16.1481
-17.1811
-18.0625
-18.7787
-19.3216
-3.52477
-3.59924
-3.67123
-3.74068
-3.80751
-3.87167
-3.93308
-3.99168
-4.0474
-4.10017
-4.14992
-4.19658
-4.24007
-4.28031
-4.31721
-4.35069
-4.38067
-4.40705
-4.42974
-4.44864
-4.46367
-4.47472
-4.48169
-4.48449
-4.48301
-4.47714
-4.46679
-4.45184
-4.43217
-4.40765
-4.37815
-4.34356
-4.30371
-4.25847
-4.2077
-4.15124
-4.08895
-4.02068
-3.94628
-3.86558
-3.77843
-3.68466
-3.58412
-3.47662
-3.362
-3.2401
-3.11074
-2.97379
-2.82912
-2.67658
-2.51607
-2.3475
-2.17079
-1.9859
-1.79281
-1.59155
-1.3822
-1.16496
-0.940078
-0.707925
-0.468985
-0.223863
0.0265884
0.281339
0.539114
0.798275
1.05684
1.31237
1.56188
1.80175
2.02759
2.23412
2.41497
2.56242
2.66671
2.71517
2.6907
2.57115
2.33198
1.95399
1.43092
0.767679
-0.0291017
-0.956511
-2.01374
-3.19815
-4.50235
-5.91405
-7.41571
-8.98525
-10.5966
-12.2202
-13.8245
-15.377
-16.8459
-18.2015
-19.4173
-20.471
-21.3451
-22.0283
-3.73284
-3.81179
-3.88823
-3.96207
-4.03324
-4.10168
-4.16733
-4.23011
-4.28995
-4.34679
-4.40054
-4.45115
-4.49853
-4.54261
-4.58329
-4.6205
-4.65413
-4.68411
-4.71033
-4.7327
-4.75112
-4.76549
-4.7757
-4.78167
-4.78327
-4.7804
-4.77294
-4.76079
-4.74383
-4.72191
-4.69494
-4.66275
-4.6252
-4.58217
-4.53346
-4.47895
-4.41849
-4.35191
-4.27905
-4.19977
-4.11388
-4.02122
-3.92165
-3.81495
-3.70098
-3.57958
-3.45057
-3.31379
-3.16912
-3.01644
-2.85562
-2.68659
-2.50931
-2.32372
-2.12984
-1.92774
-1.71754
-1.49942
-1.27366
-1.04069
-0.801027
-0.555357
-0.304568
-0.0497462
0.207777
0.46632
0.723861
0.977917
1.2255
1.46301
1.68611
1.88959
2.0673
2.21174
2.31373
2.3616
2.33975
2.22739
1.99917
1.63056
1.10623
0.423448
-0.41314
-1.39875
-2.53055
-3.80559
-5.21666
-6.75288
-8.39746
-10.128
-11.917
-13.7327
-15.5403
-17.3032
-18.9852
-20.5522
-21.9729
-23.2205
-24.2735
-25.1172
-3.95012
-4.0338
-4.11492
-4.19338
-4.26913
-4.34211
-4.41224
-4.47946
-4.54369
-4.60486
-4.6629
-4.71774
-4.76931
-4.81752
-4.86228
-4.90351
-4.94115
-4.97505
-5.00516
-5.03136
-5.05355
-5.07163
-5.08551
-5.09507
-5.1002
-5.10078
-5.09672
-5.08789
-5.07416
-5.05541
-5.03152
-5.00233
-4.96772
-4.92753
-4.88161
-4.82979
-4.77192
-4.70782
-4.63735
-4.56036
-4.47666
-4.3861
-4.2885
-4.1837
-4.07153
-3.95181
-3.8244
-3.68915
-3.54592
-3.39458
-3.23503
-3.06721
-2.89109
-2.70666
-2.51392
-2.31301
-2.10408
-1.88734
-1.66312
-1.43188
-1.19418
-0.95078
-0.702626
-0.450824
-0.19683
0.0576652
0.310574
0.55936
0.801012
1.03194
1.24784
1.44362
1.61323
1.74945
1.84355
1.88485
1.85954
1.74911
1.52966
1.17432
0.660288
-0.0248757
-0.883139
-1.9113
-3.10521
-4.46044
-5.96995
-7.62446
-9.40563
-11.2921
-13.2557
-15.2613
-17.2711
-19.2458
-21.1447
-22.9286
-24.5618
-26.013
-27.257
-28.2757
-4.17687
-4.26551
-4.35154
-4.43487
-4.51546
-4.59322
-4.6681
-4.74001
-4.8089
-4.87467
-4.93728
-4.99665
-5.0527
-5.10533
-5.1545
-5.20009
-5.24204
-5.28023
-5.31456
-5.34495
-5.37131
-5.39354
-5.4115
-5.4251
-5.43422
-5.43875
-5.43859
-5.43361
-5.42368
-5.40867
-5.38848
-5.36294
-5.33191
-5.29528
-5.25286
-5.20449
-5.15001
-5.08926
-5.02208
-4.9483
-4.86776
-4.78032
-4.6858
-4.58403
-4.47485
-4.35808
-4.23358
-4.10125
-3.96091
-3.81247
-3.65583
-3.49095
-3.31782
-3.13642
-2.94683
-2.74917
-2.54368
-2.3306
-2.1103
-1.88327
-1.65016
-1.41176
-1.16908
-0.92328
-0.675902
-0.428687
-0.183767
0.0562875
0.288442
0.509111
0.713994
0.898056
1.05545
1.17919
1.26098
1.29103
1.2571
1.14341
0.929052
0.588424
0.095086
-0.571767
-1.42328
-2.46222
-3.68652
-5.09138
-6.66955
-8.41001
-10.296
-12.3055
-14.417
-16.5797
-18.7618
-20.9208
-23.0122
-24.9919
-26.82
-28.4616
-29.8882
-31.0787
-4.41335
-4.50718
-4.59836
-4.68681
-4.77247
-4.85527
-4.93515
-5.01203
-5.08584
-5.15651
-5.22398
-5.28816
-5.34899
-5.40637
-5.46024
-5.51052
-5.55712
-5.59994
-5.63889
-5.67387
-5.7048
-5.73156
-5.75405
-5.77213
-5.78573
-5.79471
-5.79896
-5.79839
-5.79285
-5.7822
-5.76633
-5.74509
-5.71834
-5.68598
-5.64783
-5.60371
-5.55348
-5.49695
-5.43399
-5.36443
-5.28809
-5.20483
-5.11449
-5.01693
-4.91199
-4.79948
-4.67926
-4.55124
-4.41534
-4.27138
-4.11934
-3.95914
-3.7908
-3.6144
-3.42998
-3.23769
-3.03781
-2.83066
-2.61664
-2.39631
-2.17032
-1.93952
-1.705
-1.46802
-1.23009
-0.993062
-0.759114
-0.530846
-0.311296
-0.104024
0.0867145
0.255965
0.398029
0.506174
0.572633
0.588258
0.542213
0.421072
0.207661
-0.120009
-0.587443
-1.21947
-2.03527
-3.04578
-4.25444
-5.65921
-7.2537
-9.027
-10.9629
-13.0395
-15.2279
-17.4911
-19.788
-22.0743
-24.3037
-26.4283
-28.4052
-30.1966
-31.7716
-33.1065
-4.6598
-4.75906
-4.85562
-4.94943
-5.04042
-5.12853
-5.21367
-5.29577
-5.37479
-5.45063
-5.52323
-5.59252
-5.65843
-5.72089
-5.77981
-5.8351
-5.8867
-5.9345
-5.97843
-6.01839
-6.05428
-6.08601
-6.11346
-6.13652
-6.15507
-6.16902
-6.17824
-6.18263
-6.18206
-6.17639
-6.16549
-6.14925
-6.12751
-6.10016
-6.06705
-6.02801
-5.98286
-5.9315
-5.87373
-5.80939
-5.73832
-5.6604
-5.57543
-5.48328
-5.38384
-5.27694
-5.16244
-5.04025
-4.91026
-4.77241
-4.62663
-4.4729
-4.31124
-4.14172
-3.96446
-3.77967
-3.58761
-3.38864
-3.18321
-2.97193
-2.7555
-2.53484
-2.31103
-2.08545
-1.85964
-1.63543
-1.41506
-1.20122
-0.996859
-0.805524
-0.631407
-0.479276
-0.354702
-0.264077
-0.214705
-0.215076
-0.274992
-0.405861
-0.621724
-0.940102
-1.38247
-1.97261
-2.73308
-3.68135
-4.82785
-6.17599
-7.72262
-9.45888
-11.3697
-13.434
-15.6233
-17.9029
-20.2319
-22.5643
-24.8525
-27.0484
-29.1065
-30.9866
-32.656
-34.088
-4.91648
-5.0214
-5.12359
-5.22301
-5.31958
-5.41323
-5.50388
-5.59149
-5.67597
-5.75727
-5.8353
-5.91
-5.9813
-6.04914
-6.11342
-6.17408
-6.23103
-6.28419
-6.33347
-6.37879
-6.42006
-6.45719
-6.49005
-6.51854
-6.54254
-6.56197
-6.57672
-6.58666
-6.59166
-6.59159
-6.58634
-6.57578
-6.5598
-6.53824
-6.51097
-6.47784
-6.4387
-6.39342
-6.34183
-6.28376
-6.21907
-6.14761
-6.06925
-5.9838
-5.89117
-5.79126
-5.68393
-5.56906
-5.44659
-5.31647
-5.17867
-5.0332
-4.88005
-4.71938
-4.55131
-4.37607
-4.19399
-4.0054
-3.8108
-3.61089
-3.40641
-3.19826
-2.98762
-2.77586
-2.56453
-2.35554
-2.15113
-1.95391
-1.76687
-1.5935
-1.43782
-1.30445
-1.19873
-1.12667
-1.09515
-1.112
-1.18599
-1.32717
-1.54709
-1.85946
-2.2809
-2.83087
-3.53032
-4.39862
-5.45094
-6.69633
-8.13679
-9.76741
-11.5766
-13.5451
-15.6479
-17.8522
-20.1192
-22.4053
-24.6632
-26.8454
-28.9059
-30.8029
-32.5017
-33.9753
-5.18366
-5.29447
-5.40254
-5.50779
-5.61016
-5.70961
-5.80605
-5.89942
-5.98964
-6.07666
-6.16041
-6.24082
-6.31782
-6.39134
-6.46132
-6.52768
-6.59035
-6.64922
-6.70424
-6.75532
-6.80238
-6.84532
-6.88403
-6.91844
-6.9484
-6.97383
-6.99464
-7.01068
-7.02188
-7.02808
-7.02915
-7.02498
-7.0155
-7.00052
-6.97991
-6.95359
-6.92136
-6.8831
-6.83869
-6.78795
-6.73073
-6.66693
-6.59636
-6.51894
-6.43454
-6.34301
-6.24431
-6.13834
-6.02501
-5.90432
-5.77625
-5.64081
-5.49809
-5.34817
-5.1913
-5.0277
-4.85763
-4.68162
-4.50013
-4.31386
-4.12361
-3.93028
-3.73507
-3.53939
-3.34481
-3.15323
-2.96689
-2.78827
-2.62037
-2.46659
-2.33074
-2.21727
-2.13125
-2.07829
-2.06471
-2.09769
-2.18512
-2.33589
-2.55975
-2.86767
-3.27219
-3.78797
-4.43136
-5.21938
-6.16755
-7.28762
-8.58577
-10.0622
-11.7094
-13.5133
-15.4522
-17.4978
-19.6155
-21.7656
-23.9043
-25.9866
-27.9679
-29.8072
-31.4689
-32.9249
-5.4616
-5.57853
-5.69268
-5.80401
-5.91246
-6.01794
-6.1204
-6.21978
-6.31601
-6.40904
-6.49879
-6.58519
-6.66819
-6.74773
-6.82374
-6.89614
-6.96484
-7.0298
-7.09095
-7.14817
-7.20141
-7.2506
-7.29562
-7.33639
-7.37282
-7.40478
-7.43218
-7.45494
-7.47292
-7.48602
-7.49412
-7.49709
-7.49484
-7.48723
-7.47416
-7.45549
-7.43109
-7.40082
-7.36457
-7.32223
-7.27365
-7.21868
-7.15718
-7.08906
-7.01421
-6.93257
-6.84401
-6.74848
-6.64595
-6.53639
-6.41982
-6.29629
-6.16588
-6.02872
-5.88502
-5.73508
-5.57928
-5.41797
-5.25177
-5.08135
-4.90755
-4.73134
-4.55385
-4.37644
-4.20073
-4.02862
-3.86225
-3.70412
-3.55703
-3.42425
-3.30941
-3.21679
-3.15103
-3.11733
-3.12156
-3.1701
-3.27012
-3.42936
-3.65614
-3.95955
-4.34943
-4.83644
-5.4323
-6.14982
-7.00134
-7.99788
-9.14676
-10.4509
-11.9074
-13.5067
-15.2324
-17.0617
-18.9652
-20.909
-22.8546
-24.7618
-26.5896
-28.2994
-29.8569
-31.2338
-5.75056
-5.87383
-5.99431
-6.11195
-6.22668
-6.33844
-6.44717
-6.55281
-6.65532
-6.75461
-6.85062
-6.94331
-7.03261
-7.11848
-7.20083
-7.27959
-7.35469
-7.42608
-7.49372
-7.55751
-7.61736
-7.67321
-7.72498
-7.77259
-7.81596
-7.85496
-7.88951
-7.91954
-7.94492
-7.96556
-7.98133
-7.99214
-7.99791
-7.9985
-7.99376
-7.98364
-7.96802
-7.94674
-7.91971
-7.88683
-7.84797
-7.803
-7.75186
-7.69436
-7.63047
-7.56011
-7.48319
-7.39972
-7.30961
-7.21291
-7.10965
-6.99988
-6.88371
-6.76128
-6.63287
-6.49874
-6.35926
-6.2149
-6.06619
-5.91392
-5.75882
-5.60189
-5.44431
-5.28741
-5.13273
-4.9822
-4.83779
-4.70184
-4.57722
-4.46693
-4.37434
-4.30341
-4.25852
-4.24443
-4.26641
-4.3302
-4.4421
-4.60889
-4.83771
-5.13612
-5.51208
-5.97361
-6.52923
-7.18748
-7.95697
-8.84551
-9.85934
-11.0013
-12.2703
-13.6601
-15.1591
-16.7497
-18.4089
-20.1084
-21.8162
-23.4977
-25.1171
-26.6402
-28.035
-29.2743
-6.05084
-6.18066
-6.30769
-6.43185
-6.5531
-6.67136
-6.78659
-6.89874
-7.00775
-7.11357
-7.21613
-7.31538
-7.41127
-7.50374
-7.59274
-7.67819
-7.76004
-7.83823
-7.91272
-7.98343
-8.0503
-8.11326
-8.17219
-8.22709
-8.27787
-8.32442
-8.36665
-8.40453
-8.43789
-8.46668
-8.49081
-8.5102
-8.52472
-8.53428
-8.53875
-8.53807
-8.53212
-8.52081
-8.50404
-8.48171
-8.45372
-8.41997
-8.38035
-8.33485
-8.28331
-8.22569
-8.16197
-8.09208
-8.01611
-7.93397
-7.8458
-7.75167
-7.65166
-7.54602
-7.43494
-7.31877
-7.19784
-7.07264
-6.94379
-6.81187
-6.6778
-6.54251
-6.40715
-6.27302
-6.1416
-6.01471
-5.89429
-5.78258
-5.68215
-5.59591
-5.52699
-5.47904
-5.45596
-5.46214
-5.50238
-5.58163
-5.70542
-5.87966
-6.11038
-6.40381
-6.76658
-7.20494
-7.72508
-8.33289
-9.03385
-9.83255
-10.7327
-11.7357
-12.8403
-14.0417
-15.3309
-16.6941
-18.1131
-19.5656
-21.0254
-22.4634
-23.85
-25.155
-26.3502
-27.4103
-6.36271
-6.49931
-6.63308
-6.76397
-6.89194
-7.01694
-7.13891
-7.25779
-7.37355
-7.48614
-7.59549
-7.70155
-7.8043
-7.90368
-7.99963
-8.09207
-8.18099
-8.26633
-8.34802
-8.42602
-8.5003
-8.57074
-8.6373
-8.69993
-8.75858
-8.81318
-8.86364
-8.90987
-8.95181
-8.9894
-9.02254
-9.05115
-9.07514
-9.09446
-9.10897
-9.1186
-9.12326
-9.12288
-9.1174
-9.1067
-9.09072
-9.06937
-9.0426
-9.01033
-8.97255
-8.92917
-8.88015
-8.82551
-8.76528
-8.69951
-8.62826
-8.5516
-8.46978
-8.38294
-8.2913
-8.19519
-8.09509
-7.99141
-7.88468
-7.77558
-7.66496
-7.55377
-7.44305
-7.33414
-7.22836
-7.12745
-7.03327
-6.94801
-6.87395
-6.81375
-6.77032
-6.74698
-6.7473
-6.77515
-6.83471
-6.93052
-7.06725
-7.24987
-7.48355
-7.77345
-8.12483
-8.54269
-9.03163
-9.59573
-10.2385
-10.9625
-11.7686
-12.6568
-13.6248
-14.6677
-15.7775
-16.943
-18.1492
-19.3777
-20.607
-21.8134
-22.9716
-24.0561
-25.0425
-25.9079
-6.68646
-6.83003
-6.97074
-7.10857
-7.24348
-7.37543
-7.50433
-7.63017
-7.7529
-7.87249
-7.98886
-8.102
-8.21189
-8.31842
-8.42158
-8.52133
-8.61762
-8.71041
-8.79966
-8.88532
-8.96735
-9.04567
-9.12028
-9.19108
-9.25805
-9.32119
-9.38035
-9.43547
-9.48657
-9.53352
-9.5763
-9.61484
-9.64901
-9.67882
-9.70415
-9.72491
-9.74109
-9.75263
-9.75943
-9.76145
-9.7586
-9.75084
-9.73816
-9.7205
-9.69786
-9.67013
-9.63738
-9.5996
-9.55687
-9.50916
-9.45669
-9.39951
-9.33779
-9.27179
-9.20179
-9.12804
-9.051
-8.97116
-8.88902
-8.80528
-8.72069
-8.63621
-8.55284
-8.47176
-8.39434
-8.32215
-8.25685
-8.20061
-8.15545
-8.12376
-8.10836
-8.11204
-8.13802
-8.18978
-8.27089
-8.38538
-8.53728
-8.73064
-8.96981
-9.25912
-9.60256
-10.004
-10.467
-10.9943
-11.5879
-12.2489
-12.9771
-13.7708
-14.6265
-15.5389
-16.5003
-17.5005
-18.5268
-19.5636
-20.5927
-21.5943
-22.5467
-23.4283
-24.2175
-24.8945
-7.02239
-7.17311
-7.32097
-7.46594
-7.60798
-7.74704
-7.88309
-8.01609
-8.14602
-8.27281
-8.39643
-8.51689
-8.63412
-8.74807
-8.85872
-8.96602
-9.06997
-9.17054
-9.26764
-9.36127
-9.4514
-9.53801
-9.62105
-9.70045
-9.7762
-9.84827
-9.91663
-9.98118
-10.0419
-10.0989
-10.1519
-10.2009
-10.246
-10.287
-10.3239
-10.3567
-10.3852
-10.4096
-10.4296
-10.4454
-10.4568
-10.4638
-10.4664
-10.4647
-10.4585
-10.448
-10.433
-10.4137
-10.3901
-10.3623
-10.3305
-10.2947
-10.2552
-10.2122
-10.166
-10.1169
-10.0654
-10.0119
-9.95689
-9.9011
-9.84528
-9.79035
-9.73723
-9.68697
-9.64092
-9.60049
-9.56733
-9.54323
-9.53014
-9.53027
-9.54599
-9.57991
-9.63489
-9.71392
-9.82002
-9.95677
-10.1274
-10.3355
-10.5845
-10.8778
-11.2185
-11.6097
-12.0535
-12.552
-13.1061
-13.7158
-14.3798
-15.0956
-15.859
-16.6643
-17.5035
-18.367
-19.2432
-20.1183
-20.9768
-21.8015
-22.5741
-23.2757
-23.8876
-24.3921
-7.37082
-7.52889
-7.68408
-7.83634
-7.98568
-8.13206
-8.27544
-8.41579
-8.55309
-8.68729
-8.81838
-8.94634
-9.07114
-9.19273
-9.31111
-9.42622
-9.53809
-9.64669
-9.75194
-9.85385
-9.95242
-10.0476
-10.1395
-10.2278
-10.3128
-10.3942
-10.4722
-10.5467
-10.6177
-10.685
-10.7488
-10.8091
-10.8656
-10.9186
-10.9678
-11.0133
-11.0551
-11.0931
-11.1274
-11.1579
-11.1846
-11.2075
-11.2267
-11.2421
-11.2537
-11.2617
-11.2661
-11.2669
-11.2641
-11.258
-11.2487
-11.2364
-11.2211
-11.2034
-11.1833
-11.1613
-11.1377
-11.1131
-11.0881
-11.0631
-11.039
-11.0166
-10.9969
-10.9807
-10.9695
-10.9645
-10.967
-10.9788
-11.0017
-11.0376
-11.0888
-11.1572
-11.2456
-11.3564
-11.4925
-11.6565
-11.8513
-12.0798
-12.3447
-12.6488
-12.9941
-13.383
-13.8168
-14.2965
-14.8222
-15.393
-16.0068
-16.6606
-17.3495
-18.0674
-18.8064
-19.5568
-20.3077
-21.0465
-21.7592
-22.4308
-23.0452
-23.5863
-24.0378
-24.3841
-7.7321
-7.89768
-8.06034
-8.22007
-8.37689
-8.53075
-8.68162
-8.82949
-8.97433
-9.11611
-9.25483
-9.3905
-9.52305
-9.6525
-9.77879
-9.90196
-10.022
-10.1388
-10.2525
-10.363
-10.4703
-10.5744
-10.6753
-10.773
-10.8675
-10.9588
-11.0468
-11.1317
-11.2133
-11.2916
-11.3668
-11.4387
-11.5074
-11.5729
-11.6351
-11.6941
-11.7499
-11.8025
-11.8518
-11.898
-11.9411
-11.981
-12.0178
-12.0516
-12.0824
-12.1103
-12.1355
-12.1579
-12.1777
-12.195
-12.2102
-12.2232
-12.2344
-12.244
-12.2524
-12.26
-12.267
-12.2741
-12.2818
-12.2908
-12.3016
-12.3151
-12.3322
-12.3539
-12.3813
-12.4156
-12.4582
-12.5105
-12.574
-12.6506
-12.7422
-12.8508
-12.9782
-13.127
-13.2993
-13.4974
-13.7237
-13.9803
-14.2695
-14.5932
-14.9529
-15.3499
-15.785
-16.2581
-16.7687
-17.3149
-17.8941
-18.5024
-19.1344
-19.7837
-20.442
-21.1
-21.7468
-22.3705
-22.9582
-23.4959
-23.9696
-24.365
-24.668
-24.8652
-8.10658
-8.27981
-8.45009
-8.61746
-8.7819
-8.94337
-9.10187
-9.25741
-9.40994
-9.55946
-9.70598
-9.84949
-9.98999
-10.1274
-10.2618
-10.3932
-10.5216
-10.6469
-10.7692
-10.8885
-11.0048
-11.1181
-11.2284
-11.3357
-11.4401
-11.5415
-11.64
-11.7356
-11.8283
-11.9181
-12.0051
-12.0892
-12.1706
-12.2493
-12.3251
-12.3983
-12.4688
-12.5367
-12.602
-12.6648
-12.7251
-12.783
-12.8386
-12.8919
-12.9431
-12.9923
-13.0396
-13.0852
-13.1292
-13.1717
-13.2131
-13.2535
-13.2932
-13.3325
-13.3718
-13.4114
-13.4518
-13.4935
-13.537
-13.583
-13.6322
-13.6853
-13.7432
-13.8068
-13.8771
-13.9554
-14.0428
-14.1406
-14.2504
-14.3737
-14.512
-14.6672
-14.8409
-15.0352
-15.2519
-15.4929
-15.7598
-16.0546
-16.3788
-16.7335
-17.1197
-17.538
-17.9884
-18.4699
-18.9809
-19.5193
-20.0813
-20.6622
-21.2561
-21.856
-22.4532
-23.0382
-23.6001
-24.1274
-24.6076
-25.0277
-25.3749
-25.6362
-25.7994
-25.8529
-8.49463
-8.67563
-8.85368
-9.02879
-9.20096
-9.37019
-9.53649
-9.6998
-9.86013
-10.0175
-10.172
-10.3235
-10.472
-10.6176
-10.7603
-10.9001
-11.0369
-11.1709
-11.302
-11.4303
-11.5558
-11.6784
-11.7984
-11.9156
-12.0301
-12.142
-12.2513
-12.3579
-12.4621
-12.5638
-12.663
-12.7599
-12.8545
-12.9467
-13.0368
-13.1248
-13.2107
-13.2946
-13.3766
-13.4568
-13.5353
-13.6122
-13.6876
-13.7616
-13.8344
-13.9061
-13.9769
-14.0471
-14.1168
-14.1862
-14.2556
-14.3252
-14.3955
-14.4667
-14.5393
-14.6136
-14.6901
-14.7693
-14.8518
-14.9383
-15.0295
-15.1261
-15.2288
-15.3387
-15.4569
-15.5843
-15.7221
-15.8715
-16.0338
-16.2106
-16.403
-16.6127
-16.8413
-17.0903
-17.3613
-17.6558
-17.9749
-18.32
-18.6925
-19.0925
-19.5203
-19.976
-20.4585
-20.9662
-21.4965
-22.046
-22.6105
-23.1843
-23.7605
-24.3311
-24.8873
-25.4186
-25.914
-26.3621
-26.7506
-27.0671
-27.2992
-27.4356
-27.4653
-27.3782
-8.89663
-9.08552
-9.27146
-9.45445
-9.63445
-9.81152
-9.98566
-10.1569
-10.3252
-10.4905
-10.653
-10.8125
-10.9693
-11.1231
-11.2742
-11.4224
-11.5679
-11.7107
-11.8508
-11.9882
-12.123
-12.2553
-12.385
-12.5123
-12.6372
-12.7598
-12.8801
-12.9981
-13.114
-13.2279
-13.3398
-13.4498
-13.5579
-13.6643
-13.7691
-13.8724
-13.9743
-14.0749
-14.1743
-14.2727
-14.3701
-14.4668
-14.5629
-14.6586
-14.7541
-14.8495
-14.9452
-15.0413
-15.1381
-15.236
-15.3352
-15.436
-15.5389
-15.6442
-15.7523
-15.8638
-15.9792
-16.0989
-16.2237
-16.3541
-16.4911
-16.6352
-16.7874
-16.9486
-17.1197
-17.3018
-17.496
-17.7036
-17.9257
-18.1637
-18.4189
-18.6925
-18.9858
-19.3003
-19.6373
-19.998
-20.3831
-20.7937
-21.2299
-21.6921
-22.1796
-22.6915
-23.2261
-23.7806
-24.3516
-24.9344
-25.5236
-26.1123
-26.6925
-27.2553
-27.7907
-28.2876
-28.7344
-29.1194
-29.4302
-29.6549
-29.7816
-29.7998
-29.7
-29.4735
-9.31301
-9.5099
-9.7038
-9.89472
-10.0827
-10.2677
-10.4498
-10.6289
-10.8052
-10.9786
-11.1491
-11.3168
-11.4818
-11.644
-11.8035
-11.9603
-12.1145
-12.2662
-12.4153
-12.562
-12.7063
-12.8482
-12.9879
-13.1254
-13.2609
-13.3943
-13.5258
-13.6554
-13.7834
-13.9097
-14.0344
-14.1579
-14.2799
-14.4009
-14.5208
-14.6398
-14.7581
-14.8759
-14.9933
-15.1105
-15.2276
-15.345
-15.4626
-15.5808
-15.7
-15.8203
-15.942
-16.0653
-16.1906
-16.3184
-16.4491
-16.5829
-16.7202
-16.8616
-17.0076
-17.1588
-17.3158
-17.479
-17.6492
-17.8272
-18.0138
-18.2098
-18.416
-18.6334
-18.863
-19.106
-19.3635
-19.6365
-19.9262
-20.2341
-20.5614
-20.9092
-21.2788
-21.6714
-22.088
-22.5294
-22.9964
-23.4894
-24.008
-24.5516
-25.1194
-25.7092
-26.3182
-26.9427
-27.5778
-28.2177
-28.8552
-29.482
-30.0886
-30.6648
-31.1993
-31.6801
-32.0949
-32.4311
-32.6764
-32.8189
-32.8474
-32.7521
-32.5246
-32.158
-9.74423
-9.94918
-10.1511
-10.35
-10.546
-10.739
-10.929
-11.1162
-11.3005
-11.4819
-11.6606
-11.8365
-12.0097
-12.1803
-12.3483
-12.5137
-12.6767
-12.8372
-12.9954
-13.1514
-13.3052
-13.4569
-13.6066
-13.7545
-13.9006
-14.045
-14.1878
-14.3292
-14.4693
-14.6082
-14.7461
-14.8831
-15.0193
-15.1551
-15.2904
-15.4256
-15.5607
-15.6961
-15.8319
-15.9684
-16.1058
-16.2443
-16.3842
-16.5258
-16.6694
-16.8155
-16.9642
-17.116
-17.2711
-17.4302
-17.5937
-17.7621
-17.9358
-18.1152
-18.3013
-18.4946
-18.6957
-18.9053
-19.1242
-19.3533
-19.5933
-19.8454
-20.1103
-20.3892
-20.6831
-20.9933
-21.3209
-21.6671
-22.0332
-22.4205
-22.8303
-23.2638
-23.7221
-24.2063
-24.7175
-25.2561
-25.8224
-26.4165
-27.0375
-27.6842
-28.3545
-29.0451
-29.7524
-30.471
-31.1942
-31.9146
-32.6233
-33.3101
-33.9639
-34.5726
-35.1236
-35.6037
-35.9996
-36.2982
-36.487
-36.5541
-36.4893
-36.2831
-35.9286
-35.4205
-10.1908
-10.4038
-10.6138
-10.8208
-11.0248
-11.2258
-11.4238
-11.619
-11.8113
-12.0008
-12.1876
-12.3717
-12.5532
-12.7321
-12.9085
-13.0826
-13.2543
-13.4237
-13.5911
-13.7563
-13.9196
-14.0811
-14.2408
-14.399
-14.5557
-14.7111
-14.8653
-15.0185
-15.1708
-15.3224
-15.4735
-15.6243
-15.7748
-15.9255
-16.0765
-16.228
-16.3803
-16.5335
-16.688
-16.8442
-17.0022
-17.1624
-17.3251
-17.4908
-17.6595
-17.832
-18.0086
-18.1896
-18.3758
-18.5674
-18.7651
-18.9694
-19.181
-19.4005
-19.6286
-19.8662
-20.1138
-20.3725
-20.6432
-20.9267
-21.2241
-21.5364
-21.8647
-22.2103
-22.5743
-22.9581
-23.3631
-23.7906
-24.2419
-24.7183
-25.2216
-25.7528
-26.3132
-26.9037
-27.525
-28.1779
-28.862
-29.5767
-30.3207
-31.0916
-31.8865
-32.7006
-33.5283
-34.3627
-35.1952
-36.0162
-36.8146
-37.5782
-38.2942
-38.9486
-39.5274
-40.0162
-40.401
-40.6682
-40.8055
-40.8011
-40.6452
-40.3296
-39.8484
-39.1982
-10.6531
-10.8743
-11.0925
-11.3075
-11.5194
-11.7284
-11.9345
-12.1376
-12.3379
-12.5355
-12.7303
-12.9226
-13.1122
-13.2995
-13.4843
-13.6668
-13.8472
-14.0255
-14.2018
-14.3763
-14.5491
-14.7202
-14.89
-15.0584
-15.2257
-15.3921
-15.5576
-15.7225
-15.8871
-16.0514
-16.2157
-16.3802
-16.5451
-16.7108
-16.8775
-17.0454
-17.2148
-17.3861
-17.5596
-17.7356
-17.9146
-18.0967
-18.2826
-18.4725
-18.6669
-18.8664
-19.0715
-19.2826
-19.5004
-19.7254
-19.9584
-20.2
-20.4509
-20.7118
-20.9838
-21.2676
-21.5642
-21.8745
-22.1996
-22.5406
-22.8988
-23.2755
-23.6717
-24.0888
-24.5287
-24.9926
-25.482
-25.9986
-26.5439
-27.1196
-27.7272
-28.3682
-29.0438
-29.755
-30.5023
-31.2859
-32.1051
-32.9588
-33.8444
-34.7585
-35.696
-36.6509
-37.6158
-38.5809
-39.5358
-40.4684
-41.3652
-42.2124
-42.9951
-43.698
-44.306
-44.8042
-45.178
-45.414
-45.5
-45.4251
-45.1798
-44.757
-44.1519
-43.3628
-11.1318
-11.3612
-11.5874
-11.8104
-12.0304
-12.2474
-12.4613
-12.6724
-12.8806
-13.0861
-13.289
-13.4893
-13.687
-13.8825
-14.0756
-14.2665
-14.4555
-14.6425
-14.8277
-15.0112
-15.1933
-15.374
-15.5536
-15.7322
-15.91
-16.0872
-16.2639
-16.4404
-16.617
-16.7938
-16.9712
-17.1494
-17.3287
-17.5093
-17.6916
-17.8758
-18.0625
-18.2518
-18.4442
-18.6401
-18.84
-19.0442
-19.2533
-19.4678
-19.6882
-19.915
-20.1489
-20.3905
-20.6405
-20.8995
-21.1686
-21.4483
-21.7395
-22.0431
-22.3603
-22.692
-23.0393
-23.4033
-23.7853
-24.1867
-24.6089
-25.0533
-25.5215
-26.015
-26.5358
-27.0858
-27.6663
-28.2795
-28.9273
-29.6114
-30.3336
-31.0957
-31.8985
-32.7432
-33.6299
-34.5581
-35.5267
-36.5329
-37.5728
-38.6414
-39.7318
-40.8352
-41.9416
-43.0394
-44.1154
-45.1555
-46.1441
-47.0659
-47.9052
-48.6459
-49.2726
-49.7707
-50.1258
-50.3252
-50.3573
-50.212
-49.8809
-49.3572
-48.6369
-47.7192
-11.6275
-11.865
-12.0992
-12.3302
-12.5582
-12.783
-13.0048
-13.2237
-13.4398
-13.6531
-13.8638
-14.072
-14.2777
-14.4812
-14.6824
-14.8816
-15.079
-15.2745
-15.4684
-15.6608
-15.852
-16.0421
-16.2313
-16.4198
-16.6078
-16.7956
-16.9832
-17.1712
-17.3596
-17.5488
-17.739
-17.9307
-18.1239
-18.3193
-18.517
-18.7175
-18.9211
-19.1282
-19.3394
-19.5551
-19.7758
-20.002
-20.2342
-20.4732
-20.7194
-20.9736
-21.2364
-21.5086
-21.791
-22.0845
-22.3899
-22.7083
-23.0404
-23.3876
-23.7509
-24.1316
-24.5308
-24.9501
-25.391
-25.855
-26.3438
-26.859
-27.4026
-27.9765
-28.5828
-29.2236
-29.9012
-30.6176
-31.3749
-32.1754
-33.0207
-33.9125
-34.8518
-35.839
-36.8741
-37.955
-39.0794
-40.2428
-41.4394
-42.6614
-43.8996
-45.1427
-46.378
-47.5914
-48.7679
-49.8919
-50.9471
-51.9175
-52.7877
-53.5424
-54.1669
-54.6478
-54.9721
-55.1279
-55.1044
-54.8923
-54.4839
-53.8727
-53.0548
-52.0293
-12.1408
-12.3863
-12.6285
-12.8674
-13.1032
-13.3357
-13.5653
-13.7919
-14.0157
-14.2367
-14.455
-14.6709
-14.8844
-15.0957
-15.3049
-15.5121
-15.7175
-15.9213
-16.1237
-16.3248
-16.5248
-16.724
-16.9225
-17.1206
-17.3185
-17.5165
-17.7149
-17.9139
-18.1138
-18.315
-18.5177
-18.7224
-18.9295
-19.1391
-19.3519
-19.5681
-19.7883
-20.013
-20.2426
-20.4777
-20.7188
-20.9667
-21.2218
-21.4848
-21.7566
-22.0379
-22.3294
-22.6321
-22.9468
-23.2745
-23.6164
-23.9734
-24.3467
-24.7376
-25.1475
-25.5778
-26.0299
-26.5055
-27.0064
-27.5344
-28.0914
-28.6798
-29.3013
-29.9584
-30.6536
-31.3893
-32.1679
-32.9922
-33.864
-34.7858
-35.7593
-36.7855
-37.8652
-38.9979
-40.1815
-41.4134
-42.6885
-44
-45.3392
-46.6958
-48.0576
-49.411
-50.741
-52.0321
-53.2687
-54.4349
-55.5154
-56.4955
-57.3614
-58.0997
-58.6979
-59.144
-59.427
-59.536
-59.4609
-59.1927
-58.7234
-58.0467
-57.1578
-56.0548
-12.6723
-12.9258
-13.1758
-13.4226
-13.666
-13.9062
-14.1433
-14.3774
-14.6087
-14.8372
-15.063
-15.2864
-15.5074
-15.7262
-15.943
-16.158
-16.3712
-16.583
-16.7935
-17.0028
-17.2114
-17.4192
-17.6267
-17.834
-18.0415
-18.2494
-18.4579
-18.6676
-18.8785
-19.0912
-19.306
-19.5233
-19.7434
-19.9669
-20.1942
-20.4257
-20.662
-20.9036
-21.1511
-21.405
-21.6661
-21.9349
-22.2123
-22.499
-22.7958
-23.1035
-23.4232
-23.7557
-24.1021
-24.4637
-24.8414
-25.2367
-25.6508
-26.0852
-26.5415
-27.0212
-27.5262
-28.0584
-28.6198
-29.2124
-29.8387
-30.5008
-31.2016
-31.9436
-32.7293
-33.5617
-34.4435
-35.3771
-36.365
-37.4088
-38.5099
-39.6689
-40.8846
-42.1552
-43.4769
-44.8436
-46.2483
-47.6808
-49.1297
-50.5818
-52.0225
-53.4368
-54.8092
-56.1242
-57.3675
-58.5253
-59.5847
-60.5341
-61.3619
-62.0581
-62.6122
-63.0142
-63.2538
-63.3213
-63.2066
-62.9003
-62.3938
-61.6795
-60.7517
-59.6071
-13.2228
-13.4841
-13.7419
-13.9962
-14.2471
-14.4948
-14.7393
-14.9807
-15.2192
-15.4549
-15.688
-15.9185
-16.1468
-16.3728
-16.5969
-16.8193
-17.04
-17.2594
-17.4775
-17.6948
-17.9113
-18.1275
-18.3435
-18.5595
-18.776
-18.9933
-19.2116
-19.4312
-19.6526
-19.8763
-20.1025
-20.3317
-20.5644
-20.801
-21.0421
-21.2882
-21.5398
-21.7975
-22.0622
-22.3341
-22.6143
-22.9033
-23.2021
-23.5115
-23.8323
-24.1656
-24.5125
-24.874
-25.2513
-25.6456
-26.0583
-26.4909
-26.9448
-27.4218
-27.9237
-28.4522
-29.0093
-29.5973
-30.2185
-30.8754
-31.5702
-32.3061
-33.0856
-33.9119
-34.7877
-35.7158
-36.6991
-37.74
-38.8401
-40.0006
-41.2216
-42.5019
-43.8385
-45.227
-46.6605
-48.1306
-49.626
-51.1346
-52.6419
-54.1333
-55.5937
-57.0084
-58.3632
-59.6456
-60.8442
-61.9489
-62.9506
-63.8407
-64.6112
-65.2538
-65.7599
-66.1205
-66.3257
-66.3655
-66.2293
-65.9068
-65.3884
-64.6649
-63.7294
-62.5772
-13.7931
-14.0621
-14.3274
-14.5891
-14.8473
-15.1022
-15.3537
-15.6022
-15.8477
-16.0904
-16.3303
-16.5677
-16.8028
-17.0358
-17.2668
-17.4961
-17.7238
-17.9503
-18.1757
-18.4004
-18.6245
-18.8484
-19.0723
-19.2965
-19.5215
-19.7475
-19.9748
-20.2039
-20.4351
-20.669
-20.906
-21.1463
-21.3907
-21.6397
-21.8937
-22.1533
-22.4193
-22.6923
-22.973
-23.262
-23.5601
-23.8683
-24.1874
-24.5183
-24.862
-25.2196
-25.5923
-25.9814
-26.3881
-26.8137
-27.26
-27.7284
-28.2207
-28.7388
-29.2845
-29.8601
-30.4676
-31.1098
-31.7892
-32.5082
-33.27
-34.0773
-34.9332
-35.8408
-36.8031
-37.8224
-38.9012
-40.0412
-41.2434
-42.5068
-43.8299
-45.2091
-46.6387
-48.1108
-49.6156
-51.1415
-52.6746
-54.2008
-55.7053
-57.1739
-58.5932
-59.9513
-61.2381
-62.4451
-63.5651
-64.592
-65.5201
-66.3436
-67.0561
-67.6504
-68.1183
-68.4506
-68.637
-68.6663
-68.5274
-68.2086
-67.6991
-66.9889
-66.07
-64.9364
-14.384
-14.6604
-14.933
-15.2019
-15.4672
-15.729
-15.9874
-16.2425
-16.4947
-16.7439
-16.9903
-17.2343
-17.4758
-17.7152
-17.9527
-18.1885
-18.4228
-18.6559
-18.888
-19.1195
-19.3506
-19.5816
-19.8129
-20.0447
-20.2774
-20.5113
-20.747
-20.9848
-21.225
-21.4683
-21.715
-21.9656
-22.2207
-22.481
-22.747
-23.0192
-23.2985
-23.5855
-23.8809
-24.1856
-24.5005
-24.8264
-25.1642
-25.5152
-25.8802
-26.2605
-26.6575
-27.0723
-27.5065
-27.9617
-28.4395
-28.9416
-29.47
-30.0267
-30.614
-31.2341
-31.8896
-32.5831
-33.3174
-34.0955
-34.9202
-35.7947
-36.7219
-37.7048
-38.7459
-39.8471
-41.0098
-42.2345
-43.5199
-44.8633
-46.2601
-47.7042
-49.1862
-50.6954
-52.219
-53.7437
-55.2551
-56.7392
-58.1831
-59.5756
-60.9074
-62.1714
-63.3622
-64.4757
-65.5086
-66.4574
-67.318
-68.0859
-68.7547
-69.3167
-69.7629
-70.0833
-70.2661
-70.2996
-70.1715
-69.8694
-69.3819
-68.6985
-67.8107
-66.7117
-14.9963
-15.28
-15.5596
-15.8354
-16.1074
-16.3758
-16.6407
-16.9022
-17.1606
-17.416
-17.6685
-17.9185
-18.1661
-18.4115
-18.6549
-18.8967
-19.137
-19.3761
-19.6144
-19.852
-20.0894
-20.3269
-20.5647
-20.8032
-21.0429
-21.2842
-21.5274
-21.7728
-22.0212
-22.2729
-22.5284
-22.7883
-23.053
-23.3235
-23.6002
-23.8837
-24.1749
-24.4745
-24.7834
-25.1023
-25.4322
-25.7742
-26.1291
-26.4982
-26.8826
-27.2836
-27.7026
-28.1411
-28.6006
-29.0828
-29.5895
-30.1227
-30.6843
-31.2767
-31.9023
-32.5636
-33.2631
-34.0038
-34.7885
-35.6203
-36.502
-37.4368
-38.4271
-39.4751
-40.583
-41.751
-42.9792
-44.2659
-45.6074
-46.9981
-48.4308
-49.8958
-51.3812
-52.8744
-54.3618
-55.8298
-57.2661
-58.6596
-60.0021
-61.2868
-62.5099
-63.6688
-64.7622
-65.789
-66.7474
-67.635
-68.4476
-69.1797
-69.8239
-70.3708
-70.8104
-71.1313
-71.3208
-71.3664
-71.2555
-70.9755
-70.5148
-69.8635
-69.0125
-67.9558
-15.631
-15.9217
-16.2081
-16.4904
-16.7688
-17.0434
-17.3143
-17.5818
-17.8461
-18.1072
-18.3654
-18.6209
-18.874
-19.1247
-19.3736
-19.6207
-19.8665
-20.111
-20.3546
-20.5978
-20.8407
-21.0839
-21.3275
-21.5721
-21.8178
-22.0654
-22.315
-22.5674
-22.8228
-23.0818
-23.3451
-23.613
-23.8863
-24.1656
-24.4517
-24.7451
-25.0467
-25.3573
-25.6779
-26.0093
-26.3525
-26.7085
-27.0785
-27.4636
-27.8651
-28.2844
-28.723
-29.1824
-29.6643
-30.1706
-30.7031
-31.2639
-31.8553
-32.4796
-33.1392
-33.837
-34.5756
-35.3579
-36.1867
-37.0649
-37.9952
-38.9799
-40.0212
-41.1202
-42.2768
-43.4909
-44.7593
-46.078
-47.4407
-48.8391
-50.2628
-51.7004
-53.1389
-54.5656
-55.9686
-57.337
-58.6625
-59.9392
-61.1641
-62.3354
-63.4536
-64.5192
-65.5326
-66.4938
-67.4006
-68.2497
-69.0351
-69.7499
-70.3846
-70.9287
-71.3705
-71.6979
-71.8977
-71.9571
-71.8638
-71.6056
-71.1713
-70.5518
-69.7385
-68.7262
-16.2892
-16.5864
-16.8792
-17.1677
-17.4521
-17.7325
-18.0091
-18.2821
-18.5517
-18.8181
-19.0814
-19.3419
-19.5998
-19.8554
-20.109
-20.3609
-20.6113
-20.8606
-21.109
-21.3568
-21.6045
-21.8525
-22.101
-22.3506
-22.6016
-22.8544
-23.1096
-23.3676
-23.629
-23.8942
-24.1638
-24.4386
-24.719
-25.0058
-25.2997
-25.6015
-25.9119
-26.2319
-26.5623
-26.9042
-27.2586
-27.6264
-28.0091
-28.4077
-28.8237
-29.2587
-29.7138
-30.1911
-30.6922
-31.219
-31.7735
-32.3579
-32.9747
-33.6261
-34.3147
-35.0432
-35.8144
-36.6308
-37.4953
-38.4101
-39.3773
-40.3985
-41.4744
-42.6047
-43.7879
-45.0206
-46.2982
-47.6135
-48.9577
-50.3206
-51.6905
-53.0559
-54.4047
-55.7268
-57.0136
-58.2598
-59.462
-60.6193
-61.7332
-62.8054
-63.8384
-64.8339
-65.7919
-66.7111
-67.5881
-68.4171
-69.1905
-69.8993
-70.5328
-71.0788
-71.5253
-71.8594
-72.0682
-72.1392
-72.0606
-71.821
-71.4105
-70.8204
-70.0438
-69.0759
-16.9718
-17.2753
-17.5741
-17.8684
-18.1583
-18.444
-18.7258
-19.0038
-19.2782
-19.5492
-19.8169
-20.0819
-20.3441
-20.6039
-20.8616
-21.1175
-21.3718
-21.6249
-21.8772
-22.129
-22.3807
-22.6326
-22.8851
-23.1387
-23.3938
-23.6508
-23.9104
-24.1729
-24.439
-24.7091
-24.9838
-25.2639
-25.55
-25.8427
-26.1429
-26.4513
-26.7687
-27.096
-27.4344
-27.7846
-28.1478
-28.5252
-28.918
-29.3276
-29.7552
-30.2025
-30.671
-31.1626
-31.6791
-32.2223
-32.7944
-33.3978
-34.0346
-34.7074
-35.4185
-36.1708
-36.9664
-37.8077
-38.6969
-39.6358
-40.6251
-41.6653
-42.7555
-43.8934
-45.0754
-46.2958
-47.5476
-48.8216
-50.1082
-51.396
-52.6742
-53.933
-55.1641
-56.3616
-57.5219
-58.6445
-59.7307
-60.7837
-61.807
-62.8035
-63.7761
-64.7251
-65.6488
-66.5444
-67.4059
-68.2256
-68.9942
-69.7011
-70.3345
-70.882
-71.331
-71.6686
-71.8827
-71.9613
-71.8936
-71.6692
-71.2795
-70.7169
-69.9758
-69.0522
-17.68
-17.9893
-18.2937
-18.5932
-18.8883
-19.1789
-19.4652
-19.7476
-20.0262
-20.3012
-20.5729
-20.8414
-21.1073
-21.3706
-21.6316
-21.8907
-22.1482
-22.4044
-22.6598
-22.9145
-23.1691
-23.424
-23.6795
-23.9361
-24.1942
-24.4543
-24.7171
-24.9828
-25.2522
-25.5258
-25.8042
-26.0882
-26.3782
-26.6752
-26.9799
-27.293
-27.6155
-27.9482
-28.2922
-28.6485
-29.0181
-29.4024
-29.8027
-30.2201
-30.6562
-31.1125
-31.5908
-32.0927
-32.6203
-33.1755
-33.7603
-34.377
-35.028
-35.7153
-36.4413
-37.2084
-38.0185
-38.8733
-39.774
-40.7212
-41.7148
-42.753
-43.8335
-44.952
-46.1026
-47.2781
-48.4699
-49.6682
-50.8632
-52.0456
-53.207
-54.3413
-55.4446
-56.5162
-57.5569
-58.5702
-59.5603
-60.5319
-61.4883
-62.4326
-63.3653
-64.2854
-65.189
-66.071
-66.9234
-67.7371
-68.5017
-69.2052
-69.8357
-70.3806
-70.8277
-71.1645
-71.3796
-71.462
-71.4019
-71.1902
-70.8194
-70.2835
-69.5776
-68.699
-18.4149
-18.7296
-19.0391
-19.3434
-19.643
-19.9378
-20.2282
-20.5144
-20.7965
-21.0749
-21.3497
-21.6213
-21.8899
-22.1559
-22.4194
-22.6809
-22.9407
-23.1992
-23.4566
-23.7134
-23.97
-24.2268
-24.4842
-24.7426
-25.0026
-25.2646
-25.5293
-25.7969
-26.0682
-26.3438
-26.6244
-26.9105
-27.203
-27.5024
-27.8096
-28.1255
-28.4509
-28.7869
-29.1342
-29.4941
-29.8676
-30.2559
-30.6606
-31.0828
-31.5239
-31.9857
-32.4698
-32.9779
-33.5119
-34.0738
-34.6656
-35.2894
-35.9474
-36.6414
-37.3733
-38.1449
-38.9576
-39.8121
-40.7086
-41.6461
-42.6229
-43.636
-44.6811
-45.7521
-46.8419
-47.9423
-49.0446
-50.14
-51.2211
-52.281
-53.3159
-54.3238
-55.3055
-56.264
-57.2036
-58.1293
-59.0463
-59.9587
-60.8689
-61.778
-62.6847
-63.5857
-64.4756
-65.3468
-66.1904
-66.9964
-67.7532
-68.4489
-69.0717
-69.6091
-70.0494
-70.381
-70.5936
-70.6768
-70.6222
-70.4219
-70.0694
-69.5603
-68.8905
-68.0584
-19.1778
-19.4975
-19.8114
-20.1201
-20.4235
-20.722
-21.0158
-21.305
-21.59
-21.871
-22.1482
-22.422
-22.6926
-22.9604
-23.2256
-23.4886
-23.7497
-24.0094
-24.268
-24.5258
-24.7833
-25.0409
-25.299
-25.5581
-25.8188
-26.0814
-26.3466
-26.6148
-26.8866
-27.1627
-27.4438
-27.7305
-28.0234
-28.3235
-28.6313
-28.9479
-29.2741
-29.6109
-29.9591
-30.32
-30.6946
-31.0841
-31.49
-31.9135
-32.3561
-32.8193
-33.3049
-33.8144
-34.3498
-34.9128
-35.5053
-36.1291
-36.786
-37.4775
-38.2049
-38.9691
-39.7707
-40.6091
-41.4835
-42.3915
-43.3298
-44.2937
-45.2778
-46.2753
-47.2785
-48.2801
-49.2725
-50.2498
-51.207
-52.1421
-53.0551
-53.9476
-54.8245
-55.6902
-56.5505
-57.4103
-58.2742
-59.1448
-60.0225
-60.9069
-61.794
-62.6795
-63.5558
-64.4145
-65.2459
-66.0393
-66.7831
-67.4656
-68.0753
-68.6002
-69.0296
-69.3526
-69.5598
-69.6421
-69.592
-69.4027
-69.0692
-68.588
-67.9558
-67.172
-19.9701
-20.294
-20.612
-20.9242
-21.231
-21.5325
-21.8289
-22.1204
-22.4075
-22.6903
-22.9691
-23.2442
-23.5159
-23.7846
-24.0506
-24.3141
-24.5756
-24.8355
-25.0942
-25.3519
-25.6092
-25.8664
-26.1241
-26.3827
-26.6427
-26.9047
-27.169
-27.4363
-27.7071
-27.9823
-28.2621
-28.5475
-28.8393
-29.138
-29.4445
-29.7595
-30.0842
-30.4193
-30.766
-31.1252
-31.4979
-31.8856
-32.2893
-32.7106
-33.1507
-33.6112
-34.0936
-34.5995
-35.1305
-35.6883
-36.2743
-36.89
-37.5368
-38.2153
-38.9263
-39.6698
-40.4451
-41.2507
-42.0841
-42.942
-43.8201
-44.7128
-45.6139
-46.5171
-47.4156
-48.304
-49.1774
-50.033
-50.8698
-51.6894
-52.4948
-53.2909
-54.083
-54.8767
-55.6776
-56.4893
-57.3144
-58.1542
-59.0073
-59.8707
-60.7399
-61.6085
-62.4683
-63.3101
-64.1242
-64.8994
-65.6246
-66.2886
-66.8804
-67.3887
-67.8038
-68.1157
-68.3158
-68.3964
-68.3507
-68.173
-67.8596
-67.4078
-66.8148
-66.0816
-20.7929
-21.1205
-21.4419
-21.7571
-22.0664
-22.3702
-22.6684
-22.9616
-23.25
-23.5337
-23.8132
-24.0888
-24.3607
-24.6293
-24.895
-25.1581
-25.4189
-25.6779
-25.9355
-26.192
-26.4479
-26.7037
-26.9597
-27.2164
-27.4745
-27.7343
-27.9963
-28.2613
-28.5297
-28.802
-29.0792
-29.3616
-29.6502
-29.9456
-30.2486
-30.5601
-30.8809
-31.2121
-31.5544
-31.909
-32.2769
-32.6593
-33.0575
-33.4727
-33.9063
-34.3594
-34.8335
-35.3302
-35.8506
-36.3961
-36.9677
-37.5664
-38.1927
-38.8469
-39.5286
-40.2368
-40.97
-41.7253
-42.4997
-43.2887
-44.0876
-44.891
-45.6931
-46.489
-47.274
-48.0455
-48.8017
-49.543
-50.2719
-50.9923
-51.7094
-52.4287
-53.1561
-53.8961
-54.6526
-55.4282
-56.2236
-57.038
-57.8691
-58.7118
-59.5609
-60.4092
-61.2476
-62.0673
-62.8579
-63.6111
-64.3121
-64.953
-65.5227
-66.0116
-66.41
-66.7092
-66.9014
-66.98
-66.9392
-66.7741
-66.4819
-66.0609
-65.5091
-64.8278
-21.6478
-21.9785
-22.3025
-22.6199
-22.9311
-23.2363
-23.5357
-23.8296
-24.1183
-24.4022
-24.6814
-24.9564
-25.2276
-25.4951
-25.7594
-26.0209
-26.28
-26.537
-26.7924
-27.0465
-27.2998
-27.5528
-27.8057
-28.0594
-28.3141
-28.5704
-28.8288
-29.0898
-29.3541
-29.6223
-29.8949
-30.1726
-30.4562
-30.7464
-31.0439
-31.3494
-31.664
-31.9886
-32.324
-32.6711
-33.0311
-33.405
-33.7939
-34.199
-34.6214
-35.0623
-35.5228
-36.004
-36.5069
-37.0323
-37.5806
-38.1525
-38.7475
-39.365
-40.0039
-40.6623
-41.3377
-42.0269
-42.726
-43.4307
-44.1364
-44.8389
-45.5339
-46.2184
-46.8908
-47.5509
-48.2004
-48.8422
-49.4804
-50.121
-50.7689
-51.4298
-52.1081
-52.8074
-53.5299
-54.2766
-55.0464
-55.8374
-56.6457
-57.4657
-58.2911
-59.1145
-59.927
-60.7198
-61.4829
-62.2067
-62.8805
-63.4949
-64.04
-64.507
-64.8872
-65.1729
-65.357
-65.4338
-65.3984
-65.247
-64.9772
-64.5882
-64.0785
-63.4502
-22.5362
-22.8693
-23.1952
-23.514
-23.8263
-24.132
-24.4317
-24.7254
-25.0136
-25.2965
-25.5745
-25.848
-26.1173
-26.3827
-26.6446
-26.9033
-27.1595
-27.4133
-27.6653
-27.9157
-28.1652
-28.414
-28.6627
-28.9118
-29.1619
-29.4131
-29.6664
-29.922
-30.1806
-30.4428
-30.7093
-30.9804
-31.2572
-31.5402
-31.83
-32.1275
-32.4337
-32.7492
-33.0748
-33.4116
-33.7604
-34.1222
-34.498
-34.8887
-35.2953
-35.7186
-36.1595
-36.6185
-37.0964
-37.5933
-38.1092
-38.6437
-39.1959
-39.7644
-40.3474
-40.9424
-41.5464
-42.1562
-42.7679
-43.3779
-43.983
-44.5804
-45.1681
-45.7456
-46.3141
-46.8756
-47.4341
-47.994
-48.5602
-49.1387
-49.7341
-50.3506
-50.9914
-51.6589
-52.3535
-53.0745
-53.8201
-54.5868
-55.37
-56.1641
-56.9619
-57.7563
-58.5384
-59.2998
-60.031
-60.7231
-61.3663
-61.9515
-62.47
-62.9138
-63.2751
-63.5466
-63.7226
-63.798
-63.7686
-63.6317
-63.3851
-63.0288
-62.5618
-61.9865
-23.4598
-23.7944
-24.1213
-24.4408
-24.7531
-25.0586
-25.3576
-25.6502
-25.9368
-26.2178
-26.4935
-26.7644
-27.0307
-27.2929
-27.5511
-27.806
-28.058
-28.3075
-28.5547
-28.8002
-29.0445
-29.2879
-29.531
-29.7742
-30.018
-30.2629
-30.5093
-30.758
-31.0094
-31.2641
-31.5225
-31.7854
-32.0535
-32.3272
-32.6074
-32.8947
-33.1899
-33.4938
-33.807
-34.1304
-34.4648
-34.8108
-35.1695
-35.5413
-35.927
-36.327
-36.7418
-37.1717
-37.6165
-38.0762
-38.5497
-39.0365
-39.5347
-40.0428
-40.5582
-41.0785
-41.6006
-42.122
-42.6395
-43.1511
-43.6549
-44.1504
-44.6381
-45.1196
-45.598
-46.077
-46.5619
-47.0573
-47.5683
-48.0996
-48.6551
-49.2374
-49.8482
-50.4889
-51.1583
-51.8546
-52.5754
-53.3159
-54.0717
-54.8363
-55.603
-56.3647
-57.1129
-57.8395
-58.5361
-59.1938
-59.8043
-60.3588
-60.8496
-61.2693
-61.611
-61.8686
-62.0367
-62.1111
-62.0882
-61.9659
-61.743
-61.4194
-60.995
-60.4721
-24.42
-24.7554
-25.0824
-25.4015
-25.7131
-26.0173
-26.3145
-26.6049
-26.8889
-27.167
-27.4394
-27.7064
-27.9686
-28.2263
-28.4798
-28.7297
-28.9762
-29.22
-29.4613
-29.7005
-29.9382
-30.1749
-30.4108
-30.6467
-30.8828
-31.1199
-31.3581
-31.5982
-31.8408
-32.0862
-32.3349
-32.5878
-32.8453
-33.1079
-33.3763
-33.6512
-33.933
-34.2226
-34.5206
-34.8275
-35.144
-35.4705
-35.8076
-36.1557
-36.515
-36.8858
-37.2679
-37.6611
-38.0649
-38.4783
-38.9004
-39.3295
-39.7641
-40.202
-40.641
-41.0788
-41.5131
-41.9425
-42.3649
-42.7802
-43.1886
-43.5912
-43.9911
-44.3908
-44.7952
-45.2086
-45.6363
-46.0828
-46.5519
-47.0473
-47.5716
-48.1264
-48.7119
-49.3281
-49.9732
-50.6446
-51.3388
-52.0512
-52.7766
-53.5091
-54.242
-54.9681
-55.6799
-56.3696
-57.0297
-57.6515
-58.228
-58.7508
-59.2134
-59.6087
-59.931
-60.1745
-60.335
-60.4085
-60.3923
-60.2848
-60.0853
-59.794
-59.4112
-58.9394
-25.4186
-25.7536
-26.0799
-26.3977
-26.7074
-27.0093
-27.3037
-27.5908
-27.8711
-28.1451
-28.4128
-28.675
-28.9319
-29.1839
-29.4313
-29.6748
-29.9147
-30.1514
-30.3854
-30.617
-30.8468
-31.0753
-31.3029
-31.5299
-31.757
-31.9845
-32.2131
-32.4431
-32.6751
-32.9096
-33.1471
-33.388
-33.633
-33.8824
-34.1369
-34.397
-34.6632
-34.9359
-35.2155
-35.5026
-35.7975
-36.1003
-36.4114
-36.7307
-37.0581
-37.3933
-37.7358
-38.0849
-38.4397
-38.7988
-39.1611
-39.5247
-39.888
-40.2491
-40.6063
-40.9584
-41.304
-41.6428
-41.9752
-42.3019
-42.6254
-42.9483
-43.2748
-43.6086
-43.955
-44.318
-44.7022
-45.1116
-45.5488
-46.0162
-46.5151
-47.0462
-47.6086
-48.2014
-48.822
-49.4673
-50.1335
-50.8157
-51.5089
-52.207
-52.904
-53.5929
-54.2667
-54.9183
-55.5405
-56.1259
-56.6677
-57.1587
-57.5929
-57.964
-58.2669
-58.4967
-58.6496
-58.7224
-58.7129
-58.6199
-58.443
-58.183
-57.8403
-57.4176
-26.4572
-26.791
-27.1155
-27.4308
-27.7376
-28.036
-28.3264
-28.6091
-28.8846
-29.1531
-29.4151
-29.671
-29.9213
-30.1664
-30.4065
-30.6422
-30.8741
-31.1025
-31.3278
-31.5504
-31.7709
-31.9898
-32.2074
-32.4243
-32.6407
-32.8575
-33.0747
-33.2931
-33.513
-33.7349
-33.9592
-34.1864
-34.4169
-34.6511
-34.8896
-35.1325
-35.3802
-35.6331
-35.8913
-36.155
-36.4245
-36.6993
-36.9794
-37.2647
-37.5542
-37.8477
-38.144
-38.4422
-38.741
-39.0391
-39.3351
-39.6275
-39.915
-40.1967
-40.4713
-40.7392
-41
-41.2551
-41.5065
-41.7559
-42.0078
-42.2653
-42.5333
-42.8161
-43.118
-43.4431
-43.7947
-44.1755
-44.5878
-45.0322
-45.5093
-46.0186
-46.559
-47.1283
-47.7239
-48.3419
-48.9787
-49.6295
-50.2888
-50.9514
-51.6112
-52.2618
-52.8969
-53.5097
-54.094
-54.6429
-55.1502
-55.6096
-56.0156
-56.3629
-56.6467
-56.863
-57.0085
-57.0806
-57.0775
-56.9983
-56.8431
-56.6128
-56.3082
-55.932
-27.5377
-27.8692
-28.1906
-28.5024
-28.8051
-29.0988
-29.384
-29.6611
-29.9303
-30.1921
-30.447
-30.6954
-30.9378
-31.1745
-31.4058
-31.6325
-31.855
-32.0736
-32.2888
-32.5011
-32.7109
-32.9187
-33.125
-33.3301
-33.5346
-33.7389
-33.9434
-34.1485
-34.3546
-34.5622
-34.7716
-34.9831
-35.1972
-35.4141
-35.634
-35.8571
-36.0837
-36.3137
-36.5471
-36.7837
-37.0234
-37.2656
-37.51
-37.7558
-38.002
-38.2479
-38.4921
-38.7336
-38.9711
-39.2033
-39.4294
-39.6482
-39.8593
-40.0627
-40.2581
-40.4474
-40.6314
-40.8128
-40.9949
-41.1804
-41.3746
-41.5809
-41.804
-42.0483
-42.3169
-42.6136
-42.9402
-43.2988
-43.6903
-44.1148
-44.572
-45.0604
-45.5789
-46.1243
-46.694
-47.284
-47.8905
-48.5088
-49.1335
-49.7599
-50.382
-50.9943
-51.5907
-52.1651
-52.7117
-53.2245
-53.6979
-54.1263
-54.5048
-54.8287
-55.094
-55.2972
-55.4353
-55.5065
-55.5093
-55.4431
-55.3081
-55.1058
-54.8368
-54.5042
-28.6621
-28.99
-29.3072
-29.6142
-29.9114
-30.1991
-30.4777
-30.7477
-31.0094
-31.2632
-31.5096
-31.7491
-31.982
-32.2089
-32.4302
-32.6465
-32.858
-33.0654
-33.269
-33.4694
-33.6671
-33.8623
-34.0558
-34.2477
-34.4386
-34.629
-34.8191
-35.0093
-35.2
-35.3915
-35.5841
-35.778
-35.9735
-36.1707
-36.3696
-36.5702
-36.7725
-36.9762
-37.1811
-37.3867
-37.5924
-37.7974
-38.0013
-38.2026
-38.4004
-38.5938
-38.7813
-38.9622
-39.1351
-39.2996
-39.455
-39.6015
-39.739
-39.869
-39.9925
-40.112
-40.2298
-40.3495
-40.4752
-40.6101
-40.7596
-40.9273
-41.1169
-41.3324
-41.5762
-41.851
-42.1578
-42.4979
-42.8713
-43.2774
-43.7154
-44.1834
-44.6796
-45.2008
-45.744
-46.3054
-46.8811
-47.4665
-48.0564
-48.6466
-49.2314
-49.8057
-50.3638
-50.9004
-51.4103
-51.888
-52.3284
-52.7269
-53.0786
-53.3801
-53.6275
-53.8178
-53.9489
-54.0188
-54.0268
-53.9725
-53.8563
-53.6797
-53.4438
-53.1514
-29.832
-30.1551
-30.4667
-30.7676
-31.058
-31.3384
-31.6089
-31.8704
-32.123
-32.3673
-32.6038
-32.8327
-33.0549
-33.2706
-33.4803
-33.6844
-33.8835
-34.0783
-34.2689
-34.4558
-34.6397
-34.8209
-35
-35.1772
-35.3529
-35.5277
-35.7017
-35.8753
-36.0487
-36.2223
-36.3961
-36.5702
-36.7447
-36.9196
-37.0948
-37.2699
-37.4446
-37.6185
-37.791
-37.9614
-38.129
-38.2925
-38.4513
-38.6039
-38.7496
-38.8869
-39.0152
-39.1337
-39.2416
-39.3396
-39.4269
-39.5053
-39.5756
-39.6402
-39.7011
-39.7615
-39.8252
-39.8953
-39.9771
-40.0737
-40.1897
-40.3287
-40.4937
-40.6878
-40.9126
-41.17
-41.4602
-41.784
-42.1404
-42.529
-42.9479
-43.3953
-43.8688
-44.3654
-44.8819
-45.4145
-45.9591
-46.5117
-47.0672
-47.6218
-48.1698
-48.707
-49.2281
-49.7282
-50.2025
-50.6463
-51.0551
-51.4248
-51.7512
-52.031
-52.2611
-52.4391
-52.5631
-52.6316
-52.6439
-52.6002
-52.5011
-52.3481
-52.1423
-51.8866
-31.0497
-31.3665
-31.6711
-31.9644
-32.2466
-32.5179
-32.779
-33.0304
-33.2724
-33.5056
-33.7304
-33.9474
-34.1571
-34.3599
-34.5564
-34.7469
-34.9321
-35.1125
-35.2884
-35.4603
-35.6289
-35.7944
-35.9574
-36.1181
-36.277
-36.4343
-36.5904
-36.7455
-36.8997
-37.0532
-37.2059
-37.3578
-37.5088
-37.6585
-37.8068
-37.9531
-38.0968
-38.2373
-38.3737
-38.505
-38.6305
-38.7487
-38.8589
-38.9599
-39.051
-39.131
-39.1998
-39.2567
-39.3025
-39.3375
-39.3626
-39.3801
-39.3921
-39.4007
-39.41
-39.4229
-39.4439
-39.4763
-39.5248
-39.5929
-39.6845
-39.8024
-39.9493
-40.127
-40.3367
-40.5793
-40.8549
-41.1633
-41.5035
-41.8744
-42.2742
-42.7006
-43.1511
-43.623
-44.1125
-44.6161
-45.13
-45.6501
-46.1721
-46.6916
-47.2043
-47.7057
-48.191
-48.6561
-49.0965
-49.5081
-49.8868
-50.229
-50.5313
-50.7905
-51.0042
-51.1702
-51.2872
-51.3539
-51.37
-51.3357
-51.2518
-51.1199
-50.9412
-50.7186
-32.317
-32.6261
-32.9223
-33.2062
-33.4784
-33.7394
-33.9893
-34.2288
-34.4585
-34.6789
-34.8905
-35.0938
-35.2892
-35.4774
-35.659
-35.8341
-36.0036
-36.1679
-36.3274
-36.4826
-36.6341
-36.7821
-36.9272
-37.0696
-37.2096
-37.3476
-37.4837
-37.618
-37.7506
-37.8816
-38.0106
-38.1375
-38.2619
-38.3836
-38.5018
-38.6158
-38.725
-38.8285
-38.9251
-39.014
-39.0943
-39.1647
-39.2244
-39.2723
-39.3087
-39.3323
-39.3438
-39.3428
-39.3314
-39.3103
-39.281
-39.2465
-39.2098
-39.1735
-39.1417
-39.1178
-39.1067
-39.1112
-39.1355
-39.183
-39.2572
-39.3596
-39.4925
-39.6571
-39.854
-40.0834
-40.3453
-40.6388
-40.9626
-41.3158
-41.696
-42.1012
-42.5284
-42.9751
-43.4377
-43.9126
-44.3961
-44.8847
-45.3738
-45.8598
-46.3384
-46.8053
-47.2568
-47.6885
-48.0969
-48.478
-48.8282
-49.1445
-49.4239
-49.6638
-49.8619
-50.0166
-50.1266
-50.1912
-50.2102
-50.184
-50.1135
-50.0002
-49.8456
-49.6524
-33.6361
-33.9358
-34.2219
-34.4948
-34.7554
-35.004
-35.241
-35.467
-35.6825
-35.8883
-36.0848
-36.2724
-36.4517
-36.6235
-36.7882
-36.9461
-37.0979
-37.2442
-37.3854
-37.522
-37.6543
-37.7827
-37.9079
-38.0298
-38.1488
-38.265
-38.3786
-38.4896
-38.5979
-38.7035
-38.8058
-38.9046
-38.9993
-39.0895
-39.1741
-39.2526
-39.3239
-39.3872
-39.4412
-39.4854
-39.5184
-39.5398
-39.5487
-39.5448
-39.5284
-39.499
-39.4576
-39.4052
-39.3436
-39.2741
-39.2
-39.1235
-39.0482
-38.9771
-38.9144
-38.8637
-38.8292
-38.8138
-38.8211
-38.8542
-38.9153
-39.0061
-39.1277
-39.2811
-39.4663
-39.6832
-39.9313
-40.2099
-40.5173
-40.8523
-41.2126
-41.5961
-41.9998
-42.4212
-42.857
-43.3036
-43.7575
-44.2153
-44.6727
-45.1264
-45.5724
-46.0067
-46.426
-46.8263
-47.2044
-47.5568
-47.8804
-48.1725
-48.4305
-48.6521
-48.8355
-48.9794
-49.0827
-49.1449
-49.1661
-49.1467
-49.0877
-48.9907
-48.8571
-48.6896
-35.0092
-35.2977
-35.5717
-35.832
-36.079
-36.3133
-36.5354
-36.7459
-36.9454
-37.1345
-37.3138
-37.4837
-37.6448
-37.7981
-37.9438
-38.0823
-38.2143
-38.3405
-38.4611
-38.5767
-38.6875
-38.7941
-38.8967
-38.9956
-39.0908
-39.1825
-39.2707
-39.3554
-39.4364
-39.5131
-39.5854
-39.6528
-39.7142
-39.7696
-39.8174
-39.8572
-39.8879
-39.9086
-39.9185
-39.9168
-39.9024
-39.8756
-39.8357
-39.783
-39.7179
-39.6407
-39.5534
-39.4572
-39.3534
-39.2453
-39.1356
-39.0267
-38.9221
-38.8259
-38.7413
-38.6716
-38.6209
-38.5921
-38.5876
-38.6104
-38.6617
-38.7431
-38.8552
-38.9983
-39.1723
-39.3769
-39.6111
-39.8744
-40.1647
-40.4811
-40.821
-41.1824
-41.5626
-41.9588
-42.3679
-42.7868
-43.2118
-43.6396
-44.0665
-44.4893
-44.9042
-45.3078
-45.6967
-46.0676
-46.4173
-46.7429
-47.0418
-47.3113
-47.5493
-47.7538
-47.9234
-48.057
-48.1538
-48.2134
-48.236
-48.2221
-48.1729
-48.0899
-47.9745
-47.8293
-36.4383
-36.7136
-36.9738
-37.2194
-37.4507
-37.6686
-37.8737
-38.0666
-38.2478
-38.4179
-38.5776
-38.7275
-38.8683
-39.0005
-39.1247
-39.2415
-39.3513
-39.4547
-39.5521
-39.644
-39.7306
-39.8124
-39.8896
-39.9622
-40.0304
-40.0944
-40.1538
-40.2087
-40.2587
-40.3031
-40.3419
-40.3741
-40.3992
-40.4164
-40.4247
-40.4233
-40.4119
-40.3889
-40.3541
-40.3071
-40.2474
-40.1751
-40.0903
-39.9939
-39.8861
-39.7685
-39.6429
-39.5111
-39.3743
-39.2367
-39.0998
-38.9678
-38.8427
-38.729
-38.6297
-38.5478
-38.4865
-38.4488
-38.4366
-38.4518
-38.4957
-38.5692
-38.6726
-38.8057
-38.9687
-39.1606
-39.3806
-39.628
-39.901
-40.198
-40.5172
-40.8562
-41.2127
-41.5838
-41.9665
-42.358
-42.7547
-43.1536
-43.5514
-43.9446
-44.3301
-44.7046
-45.065
-45.4082
-45.7316
-46.0324
-46.3081
-46.5567
-46.7762
-46.9649
-47.1216
-47.2454
-47.3358
-47.3925
-47.4158
-47.4064
-47.3652
-47.294
-47.1942
-47.0681
-37.9256
-38.1857
-38.4298
-38.6583
-38.8717
-39.0709
-39.2566
-39.4292
-39.5895
-39.7382
-39.8758
-40.003
-40.1208
-40.2292
-40.3292
-40.4212
-40.5057
-40.5833
-40.6543
-40.7192
-40.7783
-40.8319
-40.88
-40.9228
-40.9605
-40.9929
-41.0197
-41.0408
-41.0559
-41.0644
-41.0661
-41.0598
-41.0455
-41.022
-40.9888
-40.9454
-40.8909
-40.8248
-40.7471
-40.6572
-40.5558
-40.4427
-40.3187
-40.1848
-40.0419
-39.8919
-39.736
-39.577
-39.416
-39.2573
-39.1019
-38.9542
-38.8159
-38.6914
-38.583
-38.4939
-38.4264
-38.3833
-38.3658
-38.3755
-38.4134
-38.4798
-38.5749
-38.6984
-38.8501
-39.0291
-39.2346
-39.4655
-39.7206
-39.998
-40.2961
-40.6125
-40.9451
-41.2911
-41.6478
-42.0123
-42.3816
-42.7526
-43.1222
-43.4873
-43.8448
-44.1919
-44.5255
-44.8429
-45.1417
-45.4194
-45.6738
-45.903
-46.1053
-46.2794
-46.424
-46.5387
-46.6228
-46.6765
-46.6999
-46.6938
-46.6592
-46.5977
-46.5109
-46.4009
-39.4728
-39.7154
-39.9407
-40.1496
-40.3426
-40.5204
-40.6839
-40.8336
-40.9701
-41.0943
-41.2068
-41.3085
-41.3998
-41.4812
-41.5535
-41.6172
-41.6728
-41.721
-41.7618
-41.7958
-41.8233
-41.8446
-41.8595
-41.8684
-41.8712
-41.8679
-41.8579
-41.8414
-41.8179
-41.7869
-41.7482
-41.7011
-41.6451
-41.5797
-41.5043
-41.419
-41.3229
-41.2162
-41.0986
-40.9704
-40.8324
-40.6847
-40.5281
-40.3643
-40.194
-40.0194
-39.8412
-39.6631
-39.4858
-39.3129
-39.1459
-38.9888
-38.8432
-38.7132
-38.6002
-38.5076
-38.4373
-38.3911
-38.3703
-38.3759
-38.4088
-38.4686
-38.5557
-38.6696
-38.8099
-38.9758
-39.1664
-39.3807
-39.6173
-39.8749
-40.1516
-40.4453
-40.7539
-41.0751
-41.406
-41.7442
-42.0867
-42.4307
-42.7732
-43.1114
-43.4424
-43.7635
-44.0719
-44.3653
-44.6412
-44.8974
-45.132
-45.3433
-45.5298
-45.6903
-45.8238
-45.9298
-46.0079
-46.0583
-46.0813
-46.0776
-46.0482
-45.9947
-45.9184
-45.8218
-41.0814
-41.3036
-41.5074
-41.6937
-41.8632
-42.0167
-42.1547
-42.278
-42.3876
-42.4839
-42.5678
-42.6399
-42.7009
-42.7513
-42.7919
-42.8231
-42.8456
-42.8598
-42.866
-42.8647
-42.8561
-42.8403
-42.8175
-42.7878
-42.7513
-42.7079
-42.657
-42.5992
-42.5336
-42.4606
-42.3792
-42.2895
-42.1913
-42.084
-41.9675
-41.8425
-41.7075
-41.5639
-41.4114
-41.2505
-41.082
-40.9066
-40.7248
-40.5386
-40.3484
-40.1568
-39.9641
-39.7738
-39.5867
-39.4054
-39.233
-39.0712
-38.9229
-38.791
-38.677
-38.5839
-38.5128
-38.4656
-38.4428
-38.4454
-38.4738
-38.5277
-38.607
-38.7114
-38.8402
-38.993
-39.1685
-39.366
-39.5843
-39.8219
-40.0771
-40.3482
-40.6331
-40.9296
-41.2352
-41.5476
-41.864
-42.1818
-42.4982
-42.8105
-43.1164
-43.4129
-43.6977
-43.9684
-44.2229
-44.4592
-44.6754
-44.8702
-45.042
-45.1898
-45.313
-45.4108
-45.4833
-45.5303
-45.5524
-45.5503
-45.5249
-45.4775
-45.41
-45.3242
-42.7515
-42.9501
-43.1292
-43.2895
-43.4319
-43.5572
-43.6661
-43.7592
-43.8376
-43.9018
-43.9527
-43.9908
-44.0169
-44.0317
-44.0358
-44.0297
-44.0141
-43.9892
-43.9557
-43.914
-43.8639
-43.8062
-43.7409
-43.668
-43.588
-43.5004
-43.4052
-43.3031
-43.1931
-43.0763
-42.9514
-42.8195
-42.6796
-42.5324
-42.3775
-42.2164
-42.0471
-41.8722
-41.6908
-41.5035
-41.3114
-41.1152
-40.9155
-40.7137
-40.5106
-40.3081
-40.1072
-39.91
-39.7182
-39.5339
-39.3602
-39.198
-39.0504
-38.9195
-38.8071
-38.7153
-38.6452
-38.5981
-38.5745
-38.5749
-38.5993
-38.6476
-38.7196
-38.8148
-38.9324
-39.072
-39.2327
-39.4136
-39.6136
-39.8313
-40.0654
-40.3141
-40.5756
-40.8479
-41.1288
-41.416
-41.7071
-41.9995
-42.2908
-42.5786
-42.8603
-43.1334
-43.3959
-43.6454
-43.8799
-44.0976
-44.2968
-44.4761
-44.6343
-44.7705
-44.8839
-44.9741
-45.0409
-45.0845
-45.1053
-45.104
-45.0815
-45.039
-44.9784
-44.9013
-44.4816
-44.6527
-44.803
-44.9334
-45.0445
-45.1372
-45.2121
-45.2704
-45.3128
-45.34
-45.3526
-45.3516
-45.3374
-45.3112
-45.2731
-45.2242
-45.1648
-45.0956
-45.0167
-44.9292
-44.8327
-44.7283
-44.6159
-44.4957
-44.3686
-44.2337
-44.092
-43.9441
-43.7888
-43.6281
-43.4607
-43.2883
-43.1095
-42.926
-42.7368
-42.5444
-42.347
-42.1462
-41.9421
-41.735
-41.5261
-41.3154
-41.104
-40.8926
-40.6824
-40.4746
-40.27
-40.0708
-39.8785
-39.6951
-39.5228
-39.3633
-39.2187
-39.0911
-38.982
-38.8931
-38.8252
-38.7791
-38.7555
-38.7542
-38.7754
-38.8187
-38.8837
-38.9701
-39.077
-39.2041
-39.3502
-39.5149
-39.697
-39.8955
-40.109
-40.3359
-40.5746
-40.8234
-41.0802
-41.343
-41.6096
-41.8776
-42.1449
-42.409
-42.6676
-42.9187
-43.16
-43.3894
-43.6051
-43.8055
-43.9888
-44.1538
-44.2994
-44.4245
-44.5288
-44.6118
-44.6733
-44.7133
-44.7324
-44.7313
-44.7107
-44.6719
-44.6165
-44.5463
-46.2672
-46.4062
-46.523
-46.6183
-46.6929
-46.7477
-46.7835
-46.8012
-46.8018
-46.786
-46.7546
-46.7084
-46.648
-46.5748
-46.4884
-46.3909
-46.2819
-46.1626
-46.0333
-45.8946
-45.7477
-45.5919
-45.4288
-45.2584
-45.0821
-44.8981
-44.7095
-44.5157
-44.3161
-44.1134
-43.9063
-43.6967
-43.4835
-43.2678
-43.0503
-42.8324
-42.6124
-42.3919
-42.1714
-41.9508
-41.7304
-41.5109
-41.2931
-41.0773
-40.8644
-40.655
-40.4507
-40.253
-40.0631
-39.8832
-39.7147
-39.5597
-39.4199
-39.297
-39.1924
-39.1073
-39.0424
-38.9983
-38.9752
-38.9728
-38.9913
-39.0301
-39.0889
-39.167
-39.2639
-39.3791
-39.5116
-39.6609
-39.826
-40.0061
-40.1997
-40.4057
-40.6226
-40.8488
-41.0825
-41.3219
-41.565
-41.8097
-42.0539
-42.2954
-42.5323
-42.7623
-42.9836
-43.1941
-43.3922
-43.5761
-43.7446
-43.8962
-44.03
-44.1449
-44.2406
-44.3166
-44.3728
-44.4092
-44.4264
-44.4248
-44.4054
-44.3691
-44.3177
-44.2527
-48.0997
-48.2011
-48.2785
-48.3329
-48.3648
-48.3754
-48.3657
-48.3364
-48.2888
-48.2232
-48.1413
-48.0434
-47.9305
-47.8039
-47.6634
-47.5112
-47.3475
-47.173
-46.9885
-46.7949
-46.594
-46.3845
-46.1683
-45.9468
-45.7207
-45.4887
-45.2541
-45.0159
-44.7756
-44.5344
-44.2918
-44.0497
-43.8071
-43.5651
-43.3257
-43.087
-42.8501
-42.6164
-42.3846
-42.1549
-41.9279
-41.7045
-41.4839
-41.2671
-41.0546
-40.8466
-40.6454
-40.4514
-40.2661
-40.0912
-39.9284
-39.7793
-39.6454
-39.5282
-39.4289
-39.3481
-39.2868
-39.245
-39.2227
-39.2201
-39.2363
-39.2713
-39.3245
-39.3953
-39.4831
-39.5873
-39.7073
-39.8422
-39.9916
-40.1543
-40.3294
-40.5157
-40.712
-40.9169
-41.1288
-41.346
-41.5668
-41.7894
-42.0117
-42.232
-42.4481
-42.6583
-42.8607
-43.0534
-43.2349
-43.4035
-43.558
-43.6969
-43.8195
-43.925
-44.0124
-44.0818
-44.1327
-44.1655
-44.1804
-44.1779
-44.1589
-44.1241
-44.0756
-44.0146
-49.9645
-50.0215
-50.0527
-50.0591
-50.0414
-50.0008
-49.9385
-49.8554
-49.7522
-49.6305
-49.4912
-49.3352
-49.1634
-48.9777
-48.7779
-48.566
-48.3437
-48.1098
-47.8673
-47.617
-47.3601
-47.0965
-46.8274
-46.5562
-46.2809
-46.0044
-45.7264
-45.4483
-45.172
-44.8967
-44.6239
-44.3549
-44.0884
-43.8266
-43.5694
-43.3159
-43.0677
-42.8246
-42.5855
-42.351
-42.1215
-41.8964
-41.676
-41.4603
-41.2504
-41.0461
-40.8494
-40.6604
-40.481
-40.3124
-40.1561
-40.0136
-39.8863
-39.7752
-39.6815
-39.6056
-39.548
-39.5088
-39.4879
-39.4851
-39.4999
-39.5318
-39.5801
-39.6445
-39.7242
-39.8185
-39.9272
-40.0493
-40.1842
-40.3312
-40.4893
-40.6576
-40.8349
-41.0201
-41.2117
-41.4084
-41.6085
-41.8103
-42.0123
-42.2126
-42.4094
-42.6009
-42.7856
-42.9617
-43.1275
-43.2817
-43.423
-43.5502
-43.6623
-43.7585
-43.8382
-43.9011
-43.9471
-43.976
-43.9883
-43.9846
-43.9654
-43.9313
-43.8846
-43.8263
-51.8391
-51.8442
-51.8216
-51.7725
-51.6975
-51.5984
-51.4762
-51.332
-51.1669
-50.9824
-50.7797
-50.5602
-50.3246
-50.075
-49.8123
-49.538
-49.2539
-48.9599
-48.6589
-48.3515
-48.0396
-47.7234
-47.4048
-47.086
-46.7664
-46.4496
-46.1333
-45.8208
-45.513
-45.21
-44.9129
-44.6223
-44.3376
-44.0604
-43.7897
-43.5267
-43.2703
-43.0209
-42.7783
-42.5414
-42.3108
-42.0859
-41.8673
-41.6546
-41.4481
-41.2485
-41.0569
-40.874
-40.701
-40.5392
-40.3899
-40.2544
-40.1338
-40.0291
-39.941
-39.87
-39.8163
-39.7799
-39.7607
-39.7581
-39.7718
-39.8011
-39.8456
-39.9045
-39.9773
-40.0633
-40.162
-40.2728
-40.3951
-40.5281
-40.6711
-40.8232
-40.9835
-41.1508
-41.3242
-41.502
-41.6832
-41.8661
-42.0494
-42.2313
-42.4102
-42.5845
-42.7527
-42.9133
-43.0646
-43.2054
-43.3344
-43.4505
-43.5528
-43.6403
-43.7127
-43.7693
-43.8103
-43.8354
-43.8449
-43.8394
-43.8194
-43.7855
-43.7396
-43.683
-53.6929
-53.6383
-53.5542
-53.4421
-53.3025
-53.1378
-52.9495
-52.7376
-52.5054
-52.2524
-51.9825
-51.6955
-51.3931
-51.0776
-50.7506
-50.4134
-50.0673
-49.7155
-49.3571
-48.9951
-48.6327
-48.2674
-47.9046
-47.5428
-47.1854
-46.8326
-46.4844
-46.1436
-45.8102
-45.4855
-45.1688
-44.8612
-44.5634
-44.2746
-43.9943
-43.7246
-43.4628
-43.2093
-42.9646
-42.7263
-42.496
-42.2726
-42.056
-41.8465
-41.6438
-41.4491
-41.263
-41.086
-40.9196
-40.7646
-40.6222
-40.4936
-40.3796
-40.2811
-40.1986
-40.1324
-40.0826
-40.0491
-40.0316
-40.0297
-40.0428
-40.0702
-40.1115
-40.1659
-40.233
-40.312
-40.4025
-40.5037
-40.6152
-40.7362
-40.8662
-41.0043
-41.1497
-41.3015
-41.4587
-41.62
-41.7843
-41.9504
-42.1167
-42.2821
-42.4447
-42.6035
-42.7568
-42.9031
-43.0411
-43.1696
-43.2872
-43.3929
-43.486
-43.5654
-43.6306
-43.6815
-43.7174
-43.7387
-43.7452
-43.7376
-43.7164
-43.6819
-43.6361
-43.5803
-55.4876
-55.3659
-55.2137
-55.0319
-54.8222
-54.5864
-54.3271
-54.0436
-53.7399
-53.4169
-53.0773
-52.7224
-52.353
-51.9723
-51.5829
-51.1853
-50.7807
-50.3744
-49.963
-49.5529
-49.1446
-48.7367
-48.3352
-47.938
-47.5483
-47.1658
-46.7919
-46.4292
-46.0755
-45.7332
-45.4015
-45.0819
-44.7736
-44.4759
-44.1893
-43.9137
-43.6481
-43.3918
-43.145
-42.9064
-42.6762
-42.4539
-42.2393
-42.0325
-41.8336
-41.6433
-41.4622
-41.291
-41.1306
-40.982
-40.8462
-40.724
-40.6163
-40.5236
-40.4463
-40.3847
-40.3386
-40.308
-40.2924
-40.2913
-40.3042
-40.3305
-40.3694
-40.4204
-40.4829
-40.5563
-40.64
-40.7336
-40.8362
-40.9474
-41.0666
-41.193
-41.326
-41.4644
-41.6079
-41.7552
-41.905
-42.0564
-42.208
-42.359
-42.5074
-42.6522
-42.7923
-42.9258
-43.0519
-43.1691
-43.2763
-43.3727
-43.4573
-43.5291
-43.5876
-43.6327
-43.6638
-43.6813
-43.6846
-43.6746
-43.6516
-43.6161
-43.5697
-43.5139
-57.1808
-56.9866
-56.7616
-56.505
-56.2225
-55.9123
-55.5802
-55.2246
-54.8496
-54.457
-54.0491
-53.6291
-53.196
-52.7543
-52.3066
-51.8539
-51.3981
-50.9421
-50.4857
-50.034
-49.5869
-49.1439
-48.71
-48.2845
-47.8685
-47.4628
-47.0695
-46.6887
-46.3193
-45.9638
-45.6208
-45.2916
-44.9744
-44.6701
-44.3779
-44.0973
-43.8282
-43.569
-43.3204
-43.0806
-42.8499
-42.6281
-42.4147
-42.2099
-42.014
-41.8272
-41.6503
-41.4839
-41.3288
-41.1858
-41.0557
-40.9393
-40.8371
-40.7497
-40.6772
-40.6197
-40.5772
-40.5493
-40.5356
-40.5356
-40.5487
-40.5744
-40.6117
-40.6604
-40.7197
-40.7889
-40.8676
-40.9551
-41.0509
-41.1544
-41.2651
-41.3821
-41.5052
-41.633
-41.7652
-41.9008
-42.0387
-42.1779
-42.3173
-42.456
-42.5922
-42.725
-42.8536
-42.9761
-43.0917
-43.199
-43.2969
-43.3848
-43.4617
-43.5264
-43.5788
-43.6185
-43.645
-43.6584
-43.6584
-43.6459
-43.6206
-43.5836
-43.536
-43.4794
-58.731
-58.4609
-58.1621
-57.8306
-57.4747
-57.0923
-56.6886
-56.2634
-55.8212
-55.3631
-54.893
-54.4123
-53.9229
-53.4279
-52.9286
-52.4284
-51.9294
-51.4314
-50.9385
-50.4524
-49.9739
-49.503
-49.0444
-48.5954
-48.1597
-47.7362
-47.3273
-46.9323
-46.551
-46.1847
-45.8323
-45.4947
-45.1702
-44.8602
-44.5619
-44.277
-44.0034
-43.741
-43.4895
-43.2476
-43.0156
-42.793
-42.5798
-42.3759
-42.1816
-41.9972
-41.8234
-41.6607
-41.5097
-41.3712
-41.2459
-41.1342
-41.0368
-40.9538
-40.8854
-40.8316
-40.7923
-40.7669
-40.7552
-40.7565
-40.7702
-40.7959
-40.8326
-40.8798
-40.937
-41.0034
-41.0788
-41.162
-41.253
-41.3509
-41.4553
-41.5656
-41.6811
-41.8009
-41.9244
-42.051
-42.1794
-42.3091
-42.4385
-42.5672
-42.6935
-42.8165
-42.9353
-43.0487
-43.1551
-43.2538
-43.3439
-43.4242
-43.4941
-43.5525
-43.5992
-43.6338
-43.6558
-43.6653
-43.662
-43.6466
-43.6188
-43.5799
-43.5303
-43.4725
-60.1019
-59.7592
-59.3888
-58.9868
-58.5616
-58.112
-57.6428
-57.155
-56.6529
-56.1376
-55.6136
-55.0804
-54.5436
-54.0038
-53.4627
-52.9228
-52.3895
-51.8594
-51.3362
-50.8233
-50.3213
-49.8291
-49.35
-48.8834
-48.4328
-47.9957
-47.5737
-47.1679
-46.7762
-46.4004
-46.0405
-45.6945
-45.3635
-45.0467
-44.7426
-44.4522
-44.1735
-43.9068
-43.6511
-43.4061
-43.1714
-42.9469
-42.7324
-42.528
-42.334
-42.1507
-41.9786
-41.8182
-41.6701
-41.5348
-41.4129
-41.305
-41.2111
-41.1317
-41.0667
-41.016
-40.9794
-40.9564
-40.9466
-40.9494
-40.9642
-40.9904
-41.0272
-41.0741
-41.1304
-41.1955
-41.2689
-41.3497
-41.4377
-41.5323
-41.6325
-41.7382
-41.8487
-41.9627
-42.0803
-42.2004
-42.3217
-42.4442
-42.5663
-42.6874
-42.8057
-42.9209
-43.0322
-43.1379
-43.2365
-43.3284
-43.4117
-43.4855
-43.549
-43.6021
-43.6435
-43.6733
-43.6909
-43.6965
-43.6898
-43.6713
-43.6408
-43.5993
-43.5474
-43.4876
-61.2733
-60.8655
-60.4294
-59.9656
-59.4794
-58.972
-58.4475
-57.9072
-57.3544
-56.7922
-56.2241
-55.6499
-55.0747
-54.4986
-53.9259
-53.3564
-52.7963
-52.2407
-51.6953
-51.1625
-50.642
-50.1325
-49.6388
-49.1589
-48.6955
-48.247
-47.8142
-47.3986
-46.9982
-46.6137
-46.2456
-45.8918
-45.5533
-45.2292
-44.9187
-44.6216
-44.3369
-44.0645
-43.8036
-43.554
-43.3153
-43.0875
-42.8704
-42.6641
-42.469
-42.2853
-42.1135
-41.954
-41.8073
-41.6739
-41.5542
-41.4487
-41.3574
-41.2806
-41.2182
-41.1699
-41.1356
-41.1148
-41.1069
-41.1113
-41.1275
-41.1549
-41.1926
-41.2401
-41.2968
-41.3619
-41.4348
-41.515
-41.6019
-41.695
-41.7932
-41.8966
-42.0041
-42.1148
-42.2288
-42.3446
-42.4614
-42.579
-42.6957
-42.8115
-42.9241
-43.0333
-43.1386
-43.2386
-43.3311
-43.4171
-43.4945
-43.563
-43.6213
-43.6693
-43.7058
-43.731
-43.7447
-43.7464
-43.736
-43.714
-43.6805
-43.636
-43.5816
-43.519
-62.243
-61.7793
-61.2903
-60.7754
-60.2398
-59.6873
-59.1184
-58.5368
-57.9444
-57.3475
-56.7445
-56.1409
-55.5363
-54.9331
-54.3365
-53.7461
-53.1649
-52.5909
-52.0291
-51.4802
-50.9454
-50.423
-49.9175
-49.426
-48.9516
-48.4934
-48.051
-47.6259
-47.2167
-46.8233
-46.4466
-46.0846
-45.7381
-45.4059
-45.0877
-44.783
-44.4912
-44.2119
-43.9447
-43.6892
-43.4453
-43.2128
-42.9918
-42.7823
-42.5847
-42.3992
-42.2263
-42.0662
-41.9196
-41.7867
-41.668
-41.5637
-41.474
-41.3989
-41.3383
-41.2919
-41.2595
-41.2406
-41.2346
-41.241
-41.2591
-41.2882
-41.3277
-41.3768
-41.4349
-41.5013
-41.5754
-41.6565
-41.7439
-41.8372
-41.9354
-42.0384
-42.1451
-42.2547
-42.367
-42.4807
-42.5952
-42.71
-42.8233
-42.9356
-43.0443
-43.1496
-43.2504
-43.3459
-43.434
-43.515
-43.5875
-43.6516
-43.7054
-43.7483
-43.7808
-43.8013
-43.811
-43.8087
-43.7946
-43.7686
-43.7317
-43.6838
-43.6258
-43.56
-63.0264
-62.5209
-61.9933
-61.4383
-60.8678
-60.2822
-59.6803
-59.069
-58.4491
-57.8266
-57.1996
-56.5733
-55.9483
-55.327
-54.7115
-54.1057
-53.5086
-52.9212
-52.3463
-51.7846
-51.2381
-50.7047
-50.1883
-49.687
-49.2018
-48.7342
-48.2825
-47.8475
-47.4289
-47.0267
-46.6404
-46.2696
-45.914
-45.573
-45.2462
-44.933
-44.6331
-44.346
-44.0714
-43.8091
-43.5588
-43.3206
-43.0945
-42.8807
-42.6793
-42.4907
-42.3154
-42.1536
-42.0057
-41.8722
-41.7533
-41.6493
-41.5601
-41.486
-41.4266
-41.3817
-41.351
-41.334
-41.3301
-41.3387
-41.3591
-41.3907
-41.4328
-41.4845
-41.5452
-41.6142
-41.6908
-41.7742
-41.8639
-41.9591
-42.0592
-42.1633
-42.2711
-42.3815
-42.4939
-42.6072
-42.7215
-42.835
-42.947
-43.0573
-43.1637
-43.2666
-43.3644
-43.4563
-43.5412
-43.618
-43.6871
-43.7467
-43.7963
-43.8352
-43.8632
-43.8792
-43.8845
-43.8777
-43.8597
-43.8292
-43.7876
-43.7363
-43.6737
-43.6036
-63.6551
-63.1233
-62.5666
-61.9872
-61.3935
-60.7853
-60.1612
-59.5312
-58.8917
-58.2516
-57.6093
-56.9656
-56.3268
-55.6921
-55.0626
-54.4452
-53.8349
-53.2366
-52.6507
-52.0783
-51.5202
-50.9768
-50.4497
-49.9387
-49.4434
-48.9655
-48.5039
-48.0589
-47.6305
-47.2184
-46.8223
-46.4418
-46.0766
-45.7261
-45.3899
-45.0677
-44.759
-44.4634
-44.1807
-43.9107
-43.6533
-43.4085
-43.1764
-42.9572
-42.7511
-42.5584
-42.3795
-42.2148
-42.0648
-41.9296
-41.8097
-41.7051
-41.6159
-41.5422
-41.4836
-41.4401
-41.411
-41.396
-41.3945
-41.4059
-41.4294
-41.4642
-41.5097
-41.5651
-41.6295
-41.7023
-41.7827
-41.8698
-41.9631
-42.0618
-42.1651
-42.2722
-42.3825
-42.4952
-42.6094
-42.7242
-42.8395
-42.9534
-43.0653
-43.175
-43.281
-43.3822
-43.478
-43.5675
-43.6503
-43.7234
-43.7895
-43.8454
-43.8904
-43.9257
-43.9489
-43.9601
-43.961
-43.9488
-43.9261
-43.8905
-43.8436
-43.7867
-43.7198
-43.6438
-64.1641
-63.6174
-63.0426
-62.451
-61.8422
-61.219
-60.5829
-59.9405
-59.289
-58.6363
-57.9823
-57.3276
-56.6785
-56.0316
-55.3927
-54.764
-54.1429
-53.534
-52.9378
-52.3553
-51.7862
-51.2328
-50.6952
-50.1734
-49.668
-49.1794
-48.7075
-48.2522
-47.8135
-47.3912
-46.985
-46.5946
-46.2194
-45.8593
-45.5136
-45.1821
-44.8643
-44.5601
-44.269
-43.991
-43.7261
-43.4742
-43.2356
-43.0103
-42.7987
-42.6012
-42.4181
-42.2498
-42.0968
-41.9593
-41.8377
-41.7321
-41.6425
-41.569
-41.5112
-41.469
-41.4418
-41.4292
-41.4306
-41.4453
-41.4725
-41.5114
-41.5613
-41.6212
-41.6904
-41.768
-41.8533
-41.9453
-42.0434
-42.1467
-42.2544
-42.3657
-42.4799
-42.596
-42.7134
-42.831
-42.9482
-43.064
-43.1772
-43.2873
-43.3936
-43.4943
-43.5889
-43.6771
-43.7578
-43.8286
-43.8909
-43.9441
-43.9848
-44.0157
-44.034
-44.0407
-44.0362
-44.0182
-43.9892
-43.9481
-43.8954
-43.8315
-43.7591
-43.676
-64.6263
-64.0702
-63.488
-62.8873
-62.2694
-61.636
-60.9929
-60.3395
-59.6797
-59.0152
-58.3511
-57.6875
-57.0262
-56.3688
-55.7197
-55.0785
-54.4466
-53.8257
-53.218
-52.6233
-52.0428
-51.4774
-50.9278
-50.3943
-49.8773
-49.3771
-48.8937
-48.4272
-47.9775
-47.5443
-47.1274
-46.7265
-46.3411
-45.9709
-45.6154
-45.2743
-44.9472
-44.6339
-44.3339
-44.0474
-43.7744
-43.5146
-43.2686
-43.0364
-42.8184
-42.6151
-42.4268
-42.2541
-42.0974
-41.9569
-41.8332
-41.7262
-41.6362
-41.563
-41.5063
-41.466
-41.4415
-41.4323
-41.4378
-41.457
-41.4893
-41.5338
-41.5895
-41.6556
-41.7311
-41.8153
-41.9071
-42.0057
-42.1102
-42.2198
-42.3336
-42.4507
-42.5704
-42.6916
-42.8137
-42.9356
-43.0564
-43.1753
-43.2912
-43.4032
-43.5106
-43.6122
-43.7066
-43.7942
-43.8732
-43.9425
-44.0015
-44.0508
-44.0886
-44.1136
-44.1265
-44.1282
-44.1163
-44.0924
-44.0549
-44.0065
-43.9459
-43.8742
-43.7931
-43.7019
-65.1674
-64.6027
-64.0135
-63.4035
-62.7757
-62.1325
-61.4784
-60.812
-60.1407
-59.4628
-58.7844
-58.1071
-57.4298
-56.7581
-56.093
-55.4358
-54.7881
-54.1513
-53.5271
-52.9163
-52.3198
-51.7386
-51.1732
-50.6244
-50.0924
-49.5775
-49.0798
-48.5995
-48.1363
-47.6901
-47.2607
-46.8475
-46.4502
-46.0684
-45.7017
-45.3495
-45.0115
-44.6876
-44.3772
-44.0804
-43.7972
-43.5277
-43.2722
-43.0309
-42.8044
-42.5932
-42.3979
-42.219
-42.057
-41.9125
-41.7859
-41.6772
-41.5868
-41.5144
-41.46
-41.423
-41.403
-41.3993
-41.4113
-41.4378
-41.4782
-41.5312
-41.5959
-41.6715
-41.7567
-41.8506
-41.9522
-42.0606
-42.1748
-42.2938
-42.4168
-42.5428
-42.6709
-42.8002
-42.9298
-43.0586
-43.1857
-43.3102
-43.431
-43.5472
-43.6577
-43.7616
-43.8577
-43.9455
-44.0237
-44.0915
-44.1482
-44.1931
-44.2266
-44.2455
-44.2518
-44.2457
-44.2246
-44.1915
-44.1436
-44.0839
-44.0117
-43.9281
-43.8341
-43.7307
-58.0031
-57.5432
-57.145
-56.707
-56.1739
-55.5224
-54.7295
-53.7822
-52.6784
-51.4281
-50.0541
-48.5846
-47.0506
-45.4821
-43.9049
-42.3392
-40.7994
-39.2948
-37.8312
-36.4112
-35.0358
-33.7048
-32.4172
-31.1718
-29.9673
-28.8022
-27.6751
-26.585
-25.5303
-24.5101
-23.5232
-22.5685
-21.6451
-20.752
-19.8883
-19.0532
-18.246
-17.4657
-16.7119
-15.9838
-15.2808
-14.6022
-13.9475
-13.3161
-12.7074
-12.121
-11.5563
-11.0128
-10.49
-9.98734
-9.50435
-9.04053
-8.59532
-8.16827
-7.75885
-7.36652
-6.99079
-6.63111
-6.28698
-5.95786
-5.64326
-5.34262
-5.05544
-4.78122
-4.51945
-4.26964
-4.03131
-3.80399
-3.5872
-3.38051
-3.18348
-2.9957
-2.81677
-2.64629
-2.4839
-2.32922
-2.18195
-2.04175
-1.9083
-1.78131
-1.6605
-1.54561
-1.43638
-1.33256
-1.23392
-1.14026
-1.05132
-0.966961
-0.886965
-0.811151
-0.739353
-0.671392
-0.607114
-0.546382
-0.48903
-0.43491
-0.383892
-0.335834
-0.290606
-0.248075
-0.20812
-0.170618
-0.135456
-0.102517
-0.0716979
-0.042899
-0.0160277
0.00901679
0.0323217
0.0539812
0.0740776
0.0927024
0.109934
0.125846
0.140519
0.154021
0.166413
0.177764
0.188131
0.197571
0.206135
0.213876
0.220844
0.227088
0.232652
0.237579
0.241911
0.245687
0.248944
0.251717
0.254041
0.255949
0.257468
0.258629
0.259456
0.259975
0.260211
0.260189
0.25993
0.259454
0.25878
0.257926
0.25691
0.255749
0.254457
0.25305
0.251539
0.24993
0.248232
0.246455
0.244639
0.24277
0.240849
0.238858
0.236808
0.234805
0.232724
0.230762
0.228535
0.226523
0.22413
0.222131
0.219698
0.217573
0.215482
0.213269
0.211713
0.208695
0.206687
0.203424
0.201568
0.200971
0.198848
0.196117
0.188792
0.183786
0.18369
0.188384
0.191026
0.184455
0.17032
0.16154
0.162851
0.164521
0.163124
0.155773
0.157683
0.162373
0.168473
0.162645
0.148542
0.136889
0.125848
0.126667
0.128585
0.126757
0.0983258
0.125906
0.0869557
0.191871
-57.7272
-57.2765
-56.8872
-56.4614
-55.9484
-55.3281
-54.5765
-53.6775
-52.6283
-51.436
-50.1182
-48.7014
-47.2146
-45.6874
-44.1451
-42.6085
-41.0926
-39.6077
-38.1599
-36.7528
-35.3875
-34.0644
-32.7828
-31.5416
-30.3395
-29.1754
-28.0481
-26.9563
-25.899
-24.8751
-23.8835
-22.9235
-21.9939
-21.0939
-20.2229
-19.38
-18.5645
-17.7758
-17.0132
-16.276
-15.5638
-14.876
-14.212
-13.5713
-12.9535
-12.3579
-11.7842
-11.2318
-10.7003
-10.1892
-9.69797
-9.2261
-8.7731
-8.33852
-7.92182
-7.52249
-7.14
-6.77385
-6.42349
-6.0884
-5.76807
-5.46196
-5.16954
-4.8903
-4.62374
-4.36934
-4.12662
-3.89509
-3.67429
-3.46375
-3.26302
-3.0717
-2.88937
-2.71564
-2.55013
-2.39245
-2.2423
-2.09934
-1.96324
-1.83371
-1.71046
-1.59323
-1.48175
-1.37579
-1.27509
-1.17945
-1.08865
-1.0025
-0.920772
-0.843322
-0.769964
-0.700526
-0.634832
-0.572748
-0.51413
-0.458806
-0.406654
-0.357521
-0.311275
-0.267779
-0.22692
-0.188567
-0.1526
-0.118902
-0.0873689
-0.0578977
-0.0303853
-0.00474112
0.0191269
0.041312
0.0619081
0.0809985
0.0986679
0.114995
0.130054
0.143925
0.156664
0.16834
0.179017
0.18875
0.197591
0.20559
0.212805
0.219283
0.225066
0.230201
0.234732
0.238695
0.242129
0.245071
0.247556
0.249616
0.251281
0.252581
0.253542
0.254189
0.254547
0.254641
0.254494
0.254124
0.253554
0.252801
0.251881
0.250811
0.249611
0.248295
0.246869
0.245343
0.243729
0.242047
0.240289
0.238489
0.236651
0.234749
0.232816
0.230777
0.22888
0.226814
0.224951
0.222593
0.220636
0.218163
0.216487
0.214205
0.212389
0.210018
0.207371
0.205847
0.203439
0.202396
0.198526
0.19464
0.192322
0.191641
0.194225
0.190831
0.181635
0.171966
0.170277
0.176197
0.182396
0.176995
0.168773
0.163925
0.162287
0.156747
0.142135
0.132036
0.127918
0.139721
0.145491
0.147896
0.139318
0.132788
0.136826
0.119111
0.117719
0.137139
0.0564774
0.180342
-57.4335
-56.9904
-56.6086
-56.1984
-55.7089
-55.1187
-54.4084
-53.5611
-52.5688
-51.436
-50.1778
-48.817
-47.3809
-45.8975
-44.3919
-42.8855
-41.3942
-39.9291
-38.4971
-37.1026
-35.7474
-34.4316
-33.1554
-31.9178
-30.7176
-29.5538
-28.4255
-27.3315
-26.2708
-25.2425
-24.2456
-23.2794
-22.343
-21.4357
-20.5567
-19.7053
-18.8811
-18.0833
-17.3114
-16.5649
-15.8431
-15.1457
-14.4722
-13.822
-13.1947
-12.5899
-12.007
-11.4457
-10.9055
-10.3859
-9.88639
-9.40654
-8.94582
-8.50378
-8.0799
-7.67368
-7.28457
-6.91207
-6.55563
-6.21474
-5.88884
-5.5774
-5.27992
-4.99582
-4.72461
-4.46578
-4.21882
-3.98323
-3.75854
-3.54428
-3.34
-3.14527
-2.95966
-2.78278
-2.61425
-2.45368
-2.30075
-2.1551
-2.01643
-1.88444
-1.75882
-1.63931
-1.52565
-1.4176
-1.3149
-1.21734
-1.12471
-1.03682
-0.953434
-0.874389
-0.799514
-0.72864
-0.661591
-0.598207
-0.538345
-0.481858
-0.428598
-0.378428
-0.331197
-0.286774
-0.245041
-0.205867
-0.169124
-0.134699
-0.102482
-0.0723652
-0.04425
-0.0180321
0.0063764
0.0290686
0.0501385
0.0696774
0.0877661
0.104489
0.11992
0.134138
0.14721
0.159197
0.170166
0.180176
0.189274
0.19752
0.204969
0.211666
0.217655
0.222988
0.227705
0.231845
0.235448
0.23855
0.241186
0.24339
0.245192
0.246623
0.247709
0.248478
0.248952
0.249157
0.249115
0.248848
0.248377
0.247718
0.246892
0.245915
0.244797
0.24356
0.242222
0.240782
0.239252
0.237636
0.235969
0.234242
0.232455
0.23065
0.228762
0.226921
0.224888
0.22302
0.220873
0.219143
0.216853
0.215104
0.212514
0.211013
0.208778
0.20722
0.204689
0.201537
0.199501
0.197036
0.197401
0.195142
0.191309
0.185725
0.181302
0.183618
0.187025
0.18592
0.175501
0.163681
0.160031
0.164857
0.165047
0.162444
0.15809
0.162137
0.16386
0.156892
0.14077
0.125681
0.12048
0.11634
0.121319
0.111305
0.111154
0.0982316
0.113143
0.0983804
0.0526333
0.102525
-57.1244
-56.6908
-56.3181
-55.9184
-55.4482
-54.8891
-54.2179
-53.4182
-52.4813
-51.4085
-50.2114
-48.9085
-47.5247
-46.0872
-44.6207
-43.1467
-41.6818
-40.2381
-38.8234
-37.4427
-36.0983
-34.7908
-33.5205
-32.2869
-31.0891
-29.9261
-28.7971
-27.701
-26.6371
-25.6046
-24.6025
-23.6303
-22.687
-21.7723
-20.8853
-20.0256
-19.1925
-18.3856
-17.6043
-16.8483
-16.117
-15.41
-14.7268
-14.0671
-13.4304
-12.8163
-12.2243
-11.6541
-11.1052
-10.5771
-10.0694
-9.58169
-9.11337
-8.66399
-8.23306
-7.82008
-7.42448
-7.04579
-6.68342
-6.33687
-6.00557
-5.68898
-5.38655
-5.09777
-4.82208
-4.55895
-4.3079
-4.0684
-3.83996
-3.62211
-3.4144
-3.21638
-3.02761
-2.8477
-2.67625
-2.51288
-2.35725
-2.20901
-2.06785
-1.93346
-1.80555
-1.68384
-1.56806
-1.45797
-1.35333
-1.25391
-1.1595
-1.0699
-0.984923
-0.904342
-0.827992
-0.755723
-0.687362
-0.622729
-0.561672
-0.504048
-0.44972
-0.39854
-0.350357
-0.305044
-0.262472
-0.222506
-0.185022
-0.149898
-0.117028
-0.0862975
-0.0576012
-0.0308435
-0.00592113
0.0172562
0.0387817
0.0587474
0.0772362
0.0943352
0.110122
0.12467
0.138052
0.150335
0.161579
0.171846
0.18119
0.189669
0.197338
0.204239
0.210424
0.215943
0.220834
0.225141
0.228901
0.232153
0.234932
0.237272
0.239203
0.240757
0.241962
0.242843
0.243427
0.243738
0.243797
0.243626
0.243248
0.242683
0.241946
0.241051
0.240018
0.238862
0.237595
0.236238
0.234792
0.233264
0.231653
0.229985
0.228303
0.22655
0.22479
0.222866
0.221052
0.219057
0.217304
0.215175
0.21349
0.211232
0.209815
0.207251
0.205606
0.202678
0.20117
0.199404
0.197106
0.194932
0.190454
0.189551
0.188712
0.189443
0.18572
0.176539
0.170455
0.171477
0.176732
0.178633
0.169769
0.161374
0.159508
0.156036
0.148782
0.137326
0.137332
0.141501
0.152727
0.148063
0.141603
0.132077
0.124941
0.122201
0.110321
0.10312
0.0989056
0.0549643
0.0564237
0.0454667
-56.8023
-56.3788
-56.0149
-55.628
-55.1758
-54.6423
-54.0074
-53.2526
-52.3675
-51.3507
-50.2104
-48.9633
-47.6322
-46.2416
-44.8156
-43.3757
-41.9392
-40.5187
-39.1229
-37.7574
-36.4251
-35.1272
-33.8643
-32.6359
-31.4415
-30.2804
-29.1516
-28.0544
-26.9882
-25.9522
-24.9457
-23.9682
-23.0188
-22.0972
-21.2029
-20.3352
-19.4939
-18.6783
-17.8882
-17.123
-16.3825
-15.6662
-14.9738
-14.3048
-13.6589
-13.0358
-12.435
-11.8561
-11.2987
-10.7624
-10.2467
-9.75125
-9.27551
-8.81897
-8.38117
-7.9616
-7.55971
-7.175
-6.80687
-6.45482
-6.11829
-5.7967
-5.48952
-5.19619
-4.91616
-4.6489
-4.39388
-4.15061
-3.91856
-3.69726
-3.48624
-3.28503
-3.09322
-2.91038
-2.73611
-2.57004
-2.41181
-2.26107
-2.1175
-1.98079
-1.85065
-1.72679
-1.60896
-1.4969
-1.39037
-1.28914
-1.19301
-1.10175
-1.0152
-0.933145
-0.855375
-0.781753
-0.712119
-0.646277
-0.584074
-0.525364
-0.469999
-0.417841
-0.368743
-0.322575
-0.27919
-0.238465
-0.200271
-0.164485
-0.13099
-0.0996755
-0.0704284
-0.043153
-0.0177462
0.00588981
0.0278478
0.0482173
0.0670866
0.084539
0.10066
0.115521
0.129195
0.141754
0.153254
0.163765
0.17334
0.182038
0.189911
0.197007
0.203375
0.209067
0.214122
0.218584
0.222492
0.225884
0.228796
0.231262
0.233316
0.234985
0.2363
0.237287
0.237975
0.238384
0.238538
0.238461
0.238172
0.23769
0.237038
0.236229
0.235272
0.234189
0.233004
0.231721
0.230348
0.228888
0.227362
0.225778
0.224117
0.222469
0.22073
0.219004
0.217074
0.215284
0.213412
0.21178
0.20974
0.207977
0.205589
0.204206
0.201695
0.200442
0.197283
0.195479
0.193351
0.192005
0.191499
0.186809
0.182956
0.178807
0.180359
0.183192
0.179494
0.168957
0.160963
0.160358
0.16614
0.164202
0.160318
0.15805
0.159638
0.1542
0.139461
0.125687
0.117742
0.121795
0.121938
0.126322
0.113679
0.119492
0.110155
0.109024
0.0968527
0.0698016
0.0711124
0.0359111
-56.469
-56.0556
-55.7018
-55.3281
-54.894
-54.3855
-53.7836
-53.0713
-52.2359
-51.2736
-50.1907
-48.9996
-47.7209
-46.3775
-44.9928
-43.5881
-42.1809
-40.7844
-39.4084
-38.0587
-36.7391
-35.4514
-34.1961
-32.9734
-31.7829
-30.6237
-29.4956
-28.3976
-27.3294
-26.2903
-25.2796
-24.297
-23.3418
-22.4136
-21.5121
-20.6367
-19.7873
-18.9632
-18.1643
-17.3903
-16.6406
-15.9152
-15.2137
-14.5356
-13.8808
-13.2487
-12.6392
-12.0517
-11.4861
-10.9417
-10.4182
-9.91516
-9.43214
-8.96863
-8.52414
-8.09814
-7.69013
-7.29956
-6.92586
-6.56849
-6.22688
-5.90048
-5.58869
-5.29098
-5.00678
-4.73554
-4.47673
-4.22982
-3.9943
-3.76967
-3.55547
-3.35121
-3.15646
-2.97081
-2.79382
-2.62515
-2.4644
-2.31124
-2.16534
-2.02638
-1.89408
-1.76816
-1.64833
-1.53436
-1.426
-1.32302
-1.22521
-1.13236
-1.04427
-0.960767
-0.881636
-0.806713
-0.735833
-0.668824
-0.605514
-0.545762
-0.489413
-0.43631
-0.386334
-0.339341
-0.295186
-0.253733
-0.21486
-0.178443
-0.144359
-0.112486
-0.0827238
-0.0549567
-0.0290895
-0.00501973
0.0173436
0.038096
0.0573207
0.0751087
0.0915404
0.106692
0.120641
0.133456
0.1452
0.155938
0.165729
0.17463
0.182693
0.18997
0.196511
0.202365
0.207572
0.212178
0.216223
0.219745
0.222781
0.225366
0.227531
0.229307
0.230725
0.231813
0.232596
0.233099
0.233343
0.233351
0.233146
0.232747
0.232171
0.231437
0.230564
0.229558
0.228434
0.227223
0.225926
0.22454
0.223075
0.221546
0.220006
0.21836
0.216714
0.214976
0.213302
0.211537
0.209746
0.207879
0.206132
0.204312
0.202587
0.200057
0.198422
0.196003
0.195636
0.192954
0.190894
0.186955
0.184858
0.185802
0.184472
0.181224
0.172511
0.168208
0.171068
0.175246
0.173239
0.163488
0.155774
0.156299
0.151971
0.145967
0.139796
0.145123
0.149844
0.151796
0.137661
0.128194
0.118761
0.112367
0.10697
0.0944146
0.0828105
0.0761945
0.062939
0.0708925
0.0394711
0.0292194
-56.1281
-55.7261
-55.3798
-55.017
-54.6012
-54.1182
-53.5496
-52.8781
-52.0914
-51.1833
-50.1562
-49.0208
-47.7946
-46.4993
-45.1568
-43.7881
-42.4111
-41.0398
-39.684
-38.351
-37.0446
-35.7672
-34.52
-33.3031
-32.1165
-30.9597
-29.8323
-28.7338
-27.6636
-26.6214
-25.6066
-24.6189
-23.6579
-22.7231
-21.8143
-20.9313
-20.0738
-19.2413
-18.4337
-17.6507
-16.8921
-16.1575
-15.4469
-14.7598
-14.096
-13.4552
-12.837
-12.2411
-11.6672
-11.1149
-10.5838
-10.0733
-9.58317
-9.11284
-8.66182
-8.22957
-7.81562
-7.41934
-7.04025
-6.67773
-6.33124
-6.00018
-5.68398
-5.38205
-5.09384
-4.81879
-4.55634
-4.30595
-4.06711
-3.8393
-3.62204
-3.41486
-3.2173
-3.02893
-2.84935
-2.67815
-2.51499
-2.3595
-2.21135
-2.07024
-1.93585
-1.80791
-1.68616
-1.57034
-1.4602
-1.35553
-1.25609
-1.16169
-1.07214
-0.987218
-0.90676
-0.830586
-0.758506
-0.690356
-0.625991
-0.56523
-0.507929
-0.453944
-0.40312
-0.355337
-0.310441
-0.268305
-0.228785
-0.191769
-0.157123
-0.124727
-0.0944733
-0.066248
-0.0399448
-0.0154676
0.00727589
0.028386
0.047946
0.0660447
0.0827681
0.0981911
0.112397
0.125449
0.137419
0.148368
0.158358
0.167448
0.175689
0.183133
0.189834
0.195837
0.201186
0.205925
0.210096
0.213738
0.216888
0.219581
0.22185
0.223726
0.22524
0.22642
0.227293
0.227881
0.228209
0.228299
0.228172
0.227847
0.227348
0.226689
0.225885
0.224951
0.223905
0.222751
0.221511
0.220202
0.218817
0.217367
0.215821
0.21429
0.212697
0.211099
0.209427
0.207694
0.206062
0.204224
0.202513
0.200507
0.198736
0.197124
0.195138
0.193615
0.190497
0.189758
0.187536
0.187156
0.183086
0.178648
0.176681
0.176964
0.179383
0.174075
0.164026
0.159677
0.161299
0.165499
0.161537
0.155945
0.155457
0.153624
0.143453
0.12812
0.122837
0.12351
0.132733
0.128993
0.129084
0.117162
0.123148
0.107751
0.0988424
0.0895688
0.0636047
0.0690093
0.0148746
0.024619
-55.7782
-55.389
-55.0539
-54.7028
-54.3027
-53.8429
-53.3053
-52.6727
-51.9325
-51.0767
-50.1049
-49.0253
-47.8531
-46.6068
-45.3075
-43.9761
-42.6305
-41.2851
-39.9505
-38.6346
-37.342
-36.0755
-34.8364
-33.6257
-32.4433
-31.289
-30.1624
-29.0634
-27.9914
-26.946
-25.9271
-24.9344
-23.9676
-23.0262
-22.1103
-21.2195
-20.3538
-19.5128
-18.6965
-17.9046
-17.1369
-16.3933
-15.6736
-14.9775
-14.3047
-13.6551
-13.0284
-12.4242
-11.8422
-11.282
-10.7433
-10.2256
-9.72847
-9.25146
-8.79407
-8.35574
-7.936
-7.53425
-7.14992
-6.78245
-6.43125
-6.09572
-5.77527
-5.46932
-5.17728
-4.89858
-4.63266
-4.37895
-4.13694
-3.90609
-3.68592
-3.47594
-3.27568
-3.08472
-2.90264
-2.72904
-2.56355
-2.40583
-2.25551
-2.11231
-1.97591
-1.84604
-1.72242
-1.60481
-1.49295
-1.38663
-1.28563
-1.18974
-1.09875
-1.01248
-0.930738
-0.853346
-0.780112
-0.71088
-0.645487
-0.583763
-0.525554
-0.470711
-0.419095
-0.370553
-0.324957
-0.282161
-0.242034
-0.204452
-0.169274
-0.136385
-0.10567
-0.0770128
-0.0503042
-0.0254476
-0.0023479
0.0190938
0.0389668
0.0573561
0.0743502
0.0900266
0.104467
0.117739
0.129916
0.141059
0.151234
0.160496
0.1689
0.176498
0.183346
0.189486
0.194964
0.199826
0.204113
0.207865
0.211119
0.213912
0.216276
0.218244
0.219846
0.22111
0.222063
0.222732
0.223138
0.223302
0.223249
0.222999
0.222566
0.221975
0.221243
0.220379
0.219389
0.218304
0.217134
0.21588
0.214559
0.213162
0.21174
0.210212
0.208678
0.207168
0.205594
0.204015
0.202089
0.200571
0.198733
0.19742
0.19519
0.193421
0.191621
0.190137
0.189067
0.185635
0.183865
0.180645
0.181602
0.180229
0.176343
0.170163
0.166445
0.169835
0.172346
0.166597
0.158244
0.152807
0.1548
0.149757
0.144678
0.143572
0.149769
0.148414
0.139836
0.124403
0.11711
0.112071
0.108469
0.102384
0.0934185
0.0924714
0.093489
0.0908106
0.0764945
0.0662004
0.0369501
0.0283917
-55.4253
-55.0478
-54.7214
-54.3819
-53.9986
-53.5606
-53.0531
-52.4582
-51.7625
-50.957
-50.0395
-49.0155
-47.8962
-46.6994
-45.4448
-44.1517
-42.8386
-41.52
-40.2075
-38.9093
-37.631
-36.3758
-35.1455
-33.941
-32.763
-31.6114
-30.4858
-29.3863
-28.3124
-27.2642
-26.2411
-25.2434
-24.2706
-23.3228
-22.3996
-21.5012
-20.6272
-19.7777
-18.9526
-18.1518
-17.3751
-16.6224
-15.8936
-15.1885
-14.5068
-13.8485
-13.2133
-12.6008
-12.0108
-11.4429
-10.8967
-10.3719
-9.8679
-9.38437
-8.92076
-8.47656
-8.05119
-7.64413
-7.25478
-6.88255
-6.52684
-6.18702
-5.86253
-5.55273
-5.25704
-4.97487
-4.70564
-4.44878
-4.20375
-3.97001
-3.74706
-3.53441
-3.33159
-3.13815
-2.95369
-2.77778
-2.61007
-2.45019
-2.2978
-2.15259
-2.01425
-1.88251
-1.75709
-1.63775
-1.52423
-1.41633
-1.31381
-1.21646
-1.1241
-1.03651
-0.953537
-0.874975
-0.800638
-0.730365
-0.663993
-0.601344
-0.542267
-0.486609
-0.434232
-0.384977
-0.338715
-0.295299
-0.254597
-0.216477
-0.1808
-0.147451
-0.116301
-0.087241
-0.0601592
-0.0349528
-0.0115228
0.0102269
0.0303883
0.0490474
0.0662929
0.0822022
0.0968565
0.11033
0.122694
0.134016
0.144358
0.153777
0.162329
0.170069
0.177048
0.183312
0.188908
0.193882
0.198275
0.202126
0.205476
0.208359
0.21081
0.212861
0.214543
0.215884
0.216912
0.217652
0.218128
0.218364
0.218378
0.218193
0.217831
0.217303
0.216629
0.215829
0.214915
0.213882
0.21276
0.211585
0.210326
0.208999
0.20759
0.206195
0.204757
0.203202
0.201705
0.200031
0.198673
0.19675
0.195353
0.193234
0.192282
0.19023
0.188721
0.186033
0.184202
0.183655
0.181622
0.180021
0.174299
0.173426
0.173774
0.174759
0.17007
0.160594
0.158233
0.160965
0.162059
0.158093
0.152218
0.152727
0.146647
0.135478
0.125617
0.128598
0.132039
0.137991
0.128152
0.125989
0.11473
0.114246
0.0918731
0.0848921
0.0742634
0.0517637
0.058429
0.0293851
0.0415744
0.0113286
-55.0676
-54.7032
-54.3887
-54.0614
-53.6936
-53.2764
-52.7953
-52.2354
-51.582
-50.8254
-49.9607
-48.9906
-47.9252
-46.7786
-45.5688
-44.3154
-43.0359
-41.7451
-40.4554
-39.1757
-37.9122
-36.6686
-35.4473
-34.2495
-33.076
-31.9271
-30.8026
-29.7026
-28.627
-27.5757
-26.5487
-25.5459
-24.5672
-23.6127
-22.6823
-21.776
-20.8939
-20.0359
-19.202
-18.3922
-17.6064
-16.8446
-16.1067
-15.3926
-14.7021
-14.0352
-13.3915
-12.7708
-12.1729
-11.5973
-11.0438
-10.512
-10.0014
-9.51145
-9.04181
-8.59188
-8.1611
-7.74892
-7.35473
-6.97793
-6.6179
-6.27402
-5.94567
-5.63222
-5.33307
-5.04761
-4.77524
-4.5154
-4.2675
-4.03103
-3.80544
-3.59026
-3.38501
-3.18922
-3.00247
-2.82436
-2.65452
-2.49257
-2.33819
-2.19105
-2.05085
-1.9173
-1.79015
-1.66914
-1.55403
-1.44458
-1.3406
-1.24186
-1.14815
-1.05931
-0.975133
-0.895447
-0.820051
-0.74879
-0.681474
-0.617947
-0.558043
-0.501614
-0.448512
-0.398592
-0.351703
-0.307702
-0.266462
-0.227836
-0.191691
-0.15791
-0.126362
-0.0969257
-0.0695017
-0.0439746
-0.0202405
0.00179196
0.0222157
0.0411222
0.058594
0.0747169
0.0895665
0.103223
0.115759
0.127241
0.137733
0.147293
0.155979
0.163846
0.170942
0.177318
0.183021
0.188094
0.192582
0.196524
0.199959
0.202923
0.205452
0.207577
0.209331
0.210742
0.211837
0.212644
0.213185
0.213482
0.213561
0.213439
0.213133
0.212666
0.212055
0.21131
0.210447
0.20949
0.208437
0.207288
0.206096
0.204839
0.203539
0.202155
0.200721
0.199348
0.197789
0.196381
0.194612
0.19342
0.191561
0.190379
0.187957
0.186983
0.184825
0.18409
0.181281
0.178854
0.177156
0.176142
0.176786
0.171516
0.167072
0.164315
0.16673
0.168867
0.161141
0.154185
0.151584
0.152771
0.148797
0.144115
0.145415
0.148031
0.140894
0.127918
0.117247
0.114935
0.114483
0.110732
0.107756
0.105141
0.107646
0.0983673
0.0928085
0.0654129
0.0718432
0.0322783
0.0415695
0.00179919
-54.71
-54.3594
-54.0553
-53.7397
-53.3858
-52.9883
-52.5344
-52.0077
-51.3942
-50.6839
-49.8707
-48.9543
-47.9413
-46.8451
-45.6813
-44.4682
-43.2229
-41.9611
-40.6951
-39.4345
-38.1862
-36.9546
-35.7425
-34.5516
-33.3827
-32.2365
-31.1133
-30.0128
-28.9354
-27.8811
-26.85
-25.8421
-24.8575
-23.8962
-22.9585
-22.0443
-21.1539
-20.2873
-19.4445
-18.6257
-17.8307
-17.0599
-16.3129
-15.5898
-14.8905
-14.215
-13.5629
-12.9341
-12.3283
-11.7453
-11.1846
-10.6459
-10.1287
-9.6326
-9.15709
-8.70162
-8.26563
-7.84852
-7.44969
-7.06853
-6.70438
-6.35663
-6.02463
-5.70774
-5.40531
-5.11675
-4.84143
-4.57877
-4.32818
-4.08912
-3.86105
-3.64348
-3.43591
-3.23788
-3.04897
-2.86877
-2.69689
-2.53297
-2.37668
-2.22768
-2.08569
-1.95041
-1.82159
-1.69897
-1.58231
-1.47139
-1.36599
-1.26591
-1.17092
-1.08086
-0.995534
-0.914748
-0.838341
-0.766113
-0.697906
-0.633544
-0.572869
-0.515711
-0.461929
-0.411376
-0.363904
-0.319363
-0.27761
-0.238514
-0.201937
-0.167755
-0.135841
-0.106067
-0.0783235
-0.0525025
-0.0284955
-0.00620745
0.0144547
0.0335819
0.0512587
0.0675711
0.0825993
0.0964212
0.109112
0.120736
0.131361
0.141047
0.149851
0.157829
0.165031
0.171506
0.177303
0.182466
0.187038
0.19106
0.19457
0.197605
0.200203
0.202395
0.204212
0.205686
0.206842
0.207706
0.208305
0.208662
0.208795
0.208729
0.208484
0.20807
0.207507
0.20682
0.206024
0.205113
0.20411
0.203044
0.201891
0.200686
0.199434
0.198152
0.196825
0.195313
0.193979
0.19251
0.191288
0.189436
0.188076
0.186241
0.185503
0.183105
0.181808
0.178963
0.178998
0.177129
0.175143
0.171302
0.168912
0.170838
0.16953
0.165475
0.157695
0.156038
0.160436
0.158387
0.154188
0.148948
0.149237
0.141574
0.131955
0.127808
0.134802
0.136376
0.135164
0.122364
0.119382
0.106911
0.102699
0.0838285
0.0844917
0.0728139
0.0709517
0.0754282
0.0611185
0.0528956
0.0355785
0.0133842
-54.3536
-54.0163
-53.7215
-53.417
-53.0791
-52.7007
-52.27
-51.7741
-51.1999
-50.5348
-49.7705
-48.9059
-47.9457
-46.8997
-45.7824
-44.6106
-43.4009
-42.1688
-40.9273
-39.6865
-38.4538
-37.2346
-36.032
-34.848
-33.684
-32.5405
-31.4183
-30.3175
-29.2382
-28.1808
-27.1455
-26.1324
-25.1417
-24.1736
-23.2284
-22.3063
-21.4074
-20.5321
-19.6803
-18.8523
-18.0483
-17.2682
-16.5121
-15.7801
-15.072
-14.3878
-13.7274
-13.0905
-12.477
-11.8865
-11.3188
-10.7733
-10.2498
-9.74768
-9.26649
-8.80568
-8.36467
-7.94284
-7.53959
-7.15427
-6.78623
-6.43481
-6.09936
-5.77922
-5.47373
-5.18226
-4.90418
-4.63887
-4.38576
-4.14428
-3.91388
-3.69404
-3.48429
-3.28415
-3.09318
-2.91099
-2.73717
-2.57137
-2.41324
-2.26247
-2.11876
-1.98181
-1.85139
-1.72722
-1.60908
-1.49673
-1.38997
-1.28858
-1.19237
-1.10114
-1.01471
-0.932883
-0.855491
-0.782349
-0.71328
-0.648131
-0.586723
-0.528894
-0.474475
-0.423326
-0.375303
-0.330256
-0.288037
-0.248507
-0.211534
-0.176984
-0.144731
-0.114651
-0.0866203
-0.0605321
-0.0362795
-0.0137658
0.00710926
0.0264333
0.0442935
0.0607742
0.075959
0.0899271
0.102752
0.114502
0.125244
0.13504
0.143947
0.152022
0.159315
0.165878
0.171757
0.176997
0.181643
0.185733
0.189309
0.192407
0.195065
0.197314
0.199187
0.200714
0.201923
0.202841
0.20349
0.203897
0.204085
0.204069
0.203871
0.203512
0.203005
0.202363
0.201611
0.200769
0.199827
0.198781
0.197704
0.196574
0.195366
0.194104
0.19279
0.191568
0.190118
0.188776
0.187276
0.186083
0.184449
0.182975
0.180977
0.180236
0.178343
0.177516
0.173774
0.173168
0.171589
0.171952
0.168236
0.16295
0.162001
0.162862
0.164155
0.156893
0.150549
0.151244
0.149992
0.146709
0.142566
0.145708
0.143521
0.132306
0.120842
0.118071
0.118075
0.119525
0.11512
0.113918
0.11016
0.107311
0.0878032
0.0826818
0.0570896
0.0670349
0.0255211
0.0415792
0.00926766
0.0110099
-53.9969
-53.6746
-53.3922
-53.0984
-52.7735
-52.4128
-52.0056
-51.5392
-51.0004
-50.3771
-49.6606
-48.8472
-47.9389
-46.9433
-45.873
-44.743
-43.5698
-42.3686
-41.1526
-39.9323
-38.716
-37.5093
-36.3162
-35.1393
-33.9801
-32.8396
-31.7184
-30.617
-29.5359
-28.4752
-27.4355
-26.4171
-25.4201
-24.4451
-23.4922
-22.5619
-21.6545
-20.7703
-19.9095
-19.0722
-18.2589
-17.4695
-16.7043
-15.9632
-15.2463
-14.5535
-13.8848
-13.2399
-12.6188
-12.021
-11.4463
-10.8943
-10.3645
-9.85653
-9.36985
-8.9039
-8.45808
-8.03175
-7.62429
-7.23505
-6.86334
-6.50849
-6.1698
-5.84663
-5.53827
-5.24409
-4.96344
-4.69567
-4.44021
-4.19647
-3.96388
-3.74194
-3.53013
-3.328
-3.1351
-2.95101
-2.77535
-2.60775
-2.44788
-2.2954
-2.15004
-2.0115
-1.87953
-1.75387
-1.6343
-1.52058
-1.41251
-1.30987
-1.21249
-1.12013
-1.03263
-0.94982
-0.871497
-0.797483
-0.727606
-0.661699
-0.599596
-0.541131
-0.486128
-0.434426
-0.385893
-0.340377
-0.297729
-0.257806
-0.220473
-0.18559
-0.153028
-0.122668
-0.0943827
-0.0680586
-0.0435916
-0.020875
0.000183515
0.0196815
0.0377008
0.0543311
0.0696513
0.0837435
0.0966836
0.10854
0.119382
0.129273
0.138269
0.146426
0.153798
0.160434
0.166383
0.171689
0.176396
0.180546
0.184178
0.18733
0.190038
0.192336
0.194255
0.195829
0.197084
0.198045
0.198741
0.199193
0.199423
0.199454
0.199306
0.198989
0.198529
0.197945
0.197241
0.19643
0.195541
0.194587
0.193531
0.192422
0.191301
0.190107
0.188889
0.187549
0.186365
0.185056
0.183647
0.182127
0.180773
0.179599
0.1782
0.176115
0.174773
0.17313
0.173331
0.169834
0.168037
0.164651
0.166402
0.165647
0.160569
0.155502
0.153483
0.157719
0.154643
0.149456
0.146929
0.144936
0.13781
0.130919
0.13174
0.137636
0.134449
0.128129
0.116376
0.113042
0.102371
0.0995247
0.08716
0.0951655
0.0851903
0.0917834
0.0781272
0.0695307
0.0472162
0.0450788
0.015191
0.00875808
-53.6446
-53.3357
-53.0639
-52.7825
-52.4707
-52.1262
-51.7412
-51.303
-50.7979
-50.2143
-49.5437
-48.78
-47.9227
-46.9776
-45.9544
-44.8673
-43.7313
-42.5616
-41.3716
-40.1725
-38.973
-37.7795
-36.5963
-35.4265
-34.2721
-33.1343
-32.014
-30.912
-29.8287
-28.7647
-27.7204
-26.6963
-25.693
-24.7107
-23.75
-22.8114
-21.8953
-21.002
-20.1319
-19.2853
-18.4625
-17.6638
-16.8893
-16.1391
-15.4134
-14.712
-14.035
-13.3823
-12.7535
-12.1485
-11.567
-11.0085
-10.4727
-9.95904
-9.46705
-8.99616
-8.54572
-8.11513
-7.70371
-7.31076
-6.93562
-6.57756
-6.23589
-5.90989
-5.5989
-5.30221
-5.01917
-4.74915
-4.49151
-4.24567
-4.01105
-3.78715
-3.57343
-3.36944
-3.17471
-2.98883
-2.81142
-2.64211
-2.48057
-2.32646
-2.17952
-2.03945
-1.906
-1.77891
-1.65797
-1.54293
-1.4336
-1.32977
-1.23125
-1.13782
-1.04931
-0.965544
-0.88634
-0.811505
-0.740866
-0.674252
-0.611487
-0.552416
-0.496862
-0.44466
-0.39566
-0.34972
-0.30668
-0.266399
-0.228737
-0.19356
-0.160726
-0.130114
-0.101604
-0.0750786
-0.0504236
-0.0275351
-0.00631481
0.0133279
0.0314845
0.0482404
0.0636766
0.0778745
0.0909096
0.102856
0.113781
0.123748
0.132816
0.141042
0.148478
0.155175
0.161181
0.166541
0.171299
0.175498
0.179176
0.182374
0.185123
0.187461
0.18942
0.191031
0.192324
0.193325
0.194057
0.194546
0.194818
0.194887
0.194776
0.194509
0.194095
0.193546
0.192888
0.192135
0.191288
0.190355
0.189387
0.18835
0.187212
0.186085
0.184926
0.183803
0.182475
0.181114
0.179969
0.178646
0.177416
0.17556
0.174508
0.173329
0.171944
0.16983
0.167475
0.16788
0.166158
0.16474
0.158844
0.158592
0.159907
0.15904
0.153819
0.147037
0.149631
0.14739
0.144066
0.141611
0.143453
0.137603
0.126762
0.118868
0.121137
0.121569
0.122824
0.115612
0.115188
0.106439
0.0975956
0.0781309
0.078414
0.0578761
0.0675826
0.0411413
0.0595597
0.0343594
0.0281574
0.0103351
-53.2971
-53.003
-52.7415
-52.4701
-52.1721
-51.8447
-51.4797
-51.0665
-50.5931
-50.0484
-49.4216
-48.7052
-47.8977
-47.0019
-46.0261
-44.9824
-43.8849
-42.748
-41.585
-40.4079
-39.2258
-38.0456
-36.8726
-35.7101
-34.5603
-33.4252
-32.3057
-31.2027
-30.1171
-29.0495
-28.0004
-26.9705
-25.9604
-24.9708
-24.002
-23.0548
-22.1297
-21.2271
-20.3476
-19.4915
-18.6592
-17.8509
-17.0671
-16.3078
-15.5732
-14.8632
-14.178
-13.5173
-12.881
-12.2689
-11.6806
-11.1159
-10.5742
-10.0551
-9.55795
-9.08233
-8.62752
-8.19287
-7.77771
-7.38133
-7.00298
-6.64196
-6.29754
-5.96897
-5.65556
-5.35658
-5.07137
-4.79927
-4.53964
-4.29187
-4.0554
-3.82967
-3.61418
-3.40843
-3.21199
-3.02443
-2.84536
-2.67444
-2.5113
-2.35566
-2.2072
-2.06566
-1.93078
-1.80233
-1.68007
-1.56377
-1.45323
-1.34825
-1.24864
-1.1542
-1.06472
-0.980045
-0.900001
-0.824396
-0.75304
-0.685758
-0.622387
-0.562747
-0.506681
-0.454019
-0.404599
-0.358269
-0.31488
-0.274276
-0.236324
-0.200882
-0.167814
-0.136989
-0.108285
-0.0815837
-0.056771
-0.033738
-0.0123852
0.00737932
0.0256466
0.0425055
0.0580373
0.0723206
0.0854335
0.0974507
0.108442
0.118468
0.127592
0.135871
0.143357
0.150102
0.156152
0.161554
0.166353
0.17059
0.174305
0.177536
0.180319
0.182689
0.18468
0.186323
0.187645
0.188675
0.189441
0.189962
0.190262
0.19037
0.190297
0.19006
0.189686
0.189187
0.188565
0.187843
0.18705
0.18619
0.185229
0.18422
0.183223
0.182117
0.180978
0.179807
0.178698
0.177556
0.176042
0.175001
0.173619
0.172885
0.170685
0.169491
0.167968
0.167686
0.165839
0.162642
0.161375
0.160594
0.161919
0.156083
0.152452
0.151654
0.15343
0.151658
0.144786
0.145285
0.141647
0.135591
0.13082
0.13368
0.136394
0.129655
0.120919
0.113391
0.110126
0.102997
0.102255
0.0971615
0.104589
0.0911198
0.0941442
0.0674964
0.0674208
0.0412463
0.0473454
0.013227
0.0200264
0.00220606
-52.9552
-52.6757
-52.4264
-52.1666
-51.8805
-51.5676
-51.2208
-50.8313
-50.3887
-49.8799
-49.2946
-48.6242
-47.8652
-47.0185
-46.0905
-45.0908
-44.032
-42.9284
-41.7935
-40.639
-39.4749
-38.3085
-37.1456
-35.9903
-34.8453
-33.7127
-32.5939
-31.4898
-30.4016
-29.3301
-28.2759
-27.2399
-26.2228
-25.2254
-24.2484
-23.2923
-22.358
-21.4459
-20.5566
-19.6908
-18.8488
-18.0309
-17.2376
-16.4691
-15.7255
-15.0069
-14.3134
-13.6449
-13.0011
-12.382
-11.7871
-11.2162
-10.6688
-10.1444
-9.64242
-9.16228
-8.70333
-8.26488
-7.84623
-7.44663
-7.06535
-6.70163
-6.35469
-6.02379
-5.70819
-5.40716
-5.11998
-4.84601
-4.58458
-4.33506
-4.09689
-3.86949
-3.65236
-3.44499
-3.24695
-3.05782
-2.8772
-2.70473
-2.54009
-2.38296
-2.23306
-2.09012
-1.95389
-1.82412
-1.70059
-1.58308
-1.47139
-1.3653
-1.26464
-1.16923
-1.07885
-0.99332
-0.912471
-0.836126
-0.764092
-0.696191
-0.632255
-0.572106
-0.515576
-0.462495
-0.412694
-0.366018
-0.322314
-0.281435
-0.243228
-0.207557
-0.174286
-0.14328
-0.114416
-0.0875708
-0.0626276
-0.0394795
-0.0180235
0.00183755
0.020193
0.0371299
0.052735
0.0670844
0.0802563
0.0923265
0.103366
0.113436
0.1226
0.130916
0.138438
0.145216
0.151298
0.15673
0.161558
0.165822
0.169564
0.17282
0.175626
0.178021
0.180035
0.181699
0.183045
0.1841
0.184887
0.185435
0.185766
0.185897
0.185854
0.185657
0.185311
0.184839
0.18427
0.183597
0.182827
0.181991
0.181124
0.180177
0.179131
0.178144
0.177105
0.175969
0.174798
0.173605
0.172783
0.171271
0.170164
0.168408
0.168177
0.166273
0.165111
0.162407
0.162546
0.161697
0.15945
0.155975
0.153736
0.156598
0.153952
0.149836
0.145226
0.146631
0.145553
0.140141
0.140634
0.140175
0.132349
0.123166
0.120088
0.125001
0.123324
0.122464
0.113786
0.111388
0.0986657
0.0918551
0.078826
0.0819507
0.0702893
0.0781455
0.0648426
0.0667795
0.0465146
0.0328913
0.0244826
0.00325483
-52.62
-52.3547
-52.1161
-51.8673
-51.5946
-51.297
-50.9688
-50.6016
-50.1858
-49.71
-49.1635
-48.5377
-47.8267
-47.0288
-46.1474
-45.1916
-44.1729
-43.1038
-41.9976
-40.8665
-39.7209
-38.5687
-37.4162
-36.2682
-35.1279
-33.9977
-32.8792
-31.7738
-30.6827
-29.607
-28.5473
-27.5049
-26.4805
-25.4749
-24.4892
-23.524
-22.5801
-21.6582
-20.759
-19.8832
-19.0312
-18.2036
-17.4007
-16.6228
-15.8702
-15.143
-14.4412
-13.7648
-13.1137
-12.4876
-11.8863
-11.3094
-10.7565
-10.2269
-9.72027
-9.23586
-8.77301
-8.33103
-7.90916
-7.50663
-7.12267
-6.75649
-6.40729
-6.0743
-5.75675
-5.45389
-5.165
-4.88936
-4.62632
-4.37523
-4.13553
-3.90661
-3.68797
-3.47912
-3.2796
-3.08898
-2.9069
-2.73299
-2.56692
-2.40839
-2.25711
-2.11283
-1.97529
-1.84426
-1.71951
-1.60085
-1.48805
-1.38092
-1.27927
-1.18291
-1.09167
-1.00534
-0.923738
-0.84669
-0.774016
-0.705539
-0.641085
-0.58047
-0.523518
-0.470063
-0.41993
-0.372954
-0.328981
-0.28786
-0.24944
-0.213579
-0.180138
-0.148986
-0.119993
-0.093035
-0.0679931
-0.0447579
-0.0232264
-0.00329588
0.0151236
0.0321169
0.0477727
0.0621673
0.0753791
0.0874846
0.0985534
0.10865
0.117839
0.126177
0.13372
0.140517
0.146619
0.152069
0.156914
0.161195
0.164951
0.168223
0.171046
0.173455
0.175484
0.177164
0.178524
0.179594
0.180402
0.180967
0.181317
0.181476
0.181458
0.181278
0.180969
0.180537
0.179987
0.179353
0.178642
0.177847
0.176979
0.176089
0.175195
0.17416
0.173109
0.172125
0.171076
0.170037
0.168633
0.167861
0.166569
0.165647
0.163505
0.16311
0.161683
0.161411
0.157642
0.156897
0.156228
0.156638
0.152926
0.147946
0.149359
0.149017
0.14797
0.141826
0.142078
0.138873
0.132421
0.13108
0.134003
0.132511
0.125215
0.116376
0.113347
0.109835
0.107598
0.105699
0.104707
0.105428
0.0896683
0.0856116
0.0618229
0.0673919
0.042994
0.0519546
0.0282444
0.0388092
0.0172852
0.00723795
-52.2924
-52.0412
-51.814
-51.5763
-51.3151
-51.0309
-50.7196
-50.3738
-49.984
-49.5407
-49.0324
-48.4483
-47.782
-47.0313
-46.1976
-45.2864
-44.308
-43.2742
-42.1979
-41.091
-39.9643
-38.8268
-37.6851
-36.5445
-35.4088
-34.2807
-33.1623
-32.0552
-30.9609
-29.8805
-28.8151
-27.7658
-26.7336
-25.7196
-24.7247
-23.7499
-22.7961
-21.8642
-20.9548
-20.0687
-19.2065
-18.3689
-17.5563
-16.7689
-16.0071
-15.2712
-14.5612
-13.877
-13.2185
-12.5856
-11.978
-11.3952
-10.8369
-10.3025
-9.79138
-9.30294
-8.83644
-8.39119
-7.96639
-7.56121
-7.17484
-6.80647
-6.4553
-6.12047
-5.80123
-5.49678
-5.20638
-4.92929
-4.66484
-4.41238
-4.1713
-3.94102
-3.72103
-3.51081
-3.30992
-3.11794
-2.93449
-2.75921
-2.5918
-2.43193
-2.27934
-2.13378
-1.99499
-1.86275
-1.73685
-1.61706
-1.50321
-1.39508
-1.29249
-1.19525
-1.10317
-1.01608
-0.93378
-0.856082
-0.782819
-0.713806
-0.648877
-0.587836
-0.530505
-0.476712
-0.42629
-0.379061
-0.334865
-0.293545
-0.254949
-0.218938
-0.185366
-0.154103
-0.125014
-0.0979739
-0.0728645
-0.0495717
-0.0279894
-0.00801546
0.0104408
0.0274685
0.0431506
0.0575702
0.0708031
0.0829243
0.0940051
0.104113
0.113309
0.121655
0.129205
0.136008
0.142115
0.147571
0.152421
0.156707
0.160469
0.163746
0.166576
0.168992
0.171028
0.172714
0.174084
0.175164
0.175979
0.17656
0.176926
0.177096
0.177099
0.176949
0.176654
0.176246
0.175747
0.17514
0.174446
0.173701
0.172909
0.172043
0.171108
0.170237
0.169299
0.168205
0.167222
0.166228
0.165367
0.163904
0.162861
0.161834
0.161319
0.159248
0.158052
0.156434
0.157393
0.154262
0.152337
0.149778
0.15164
0.150363
0.14487
0.143579
0.142485
0.14271
0.136729
0.138488
0.136583
0.127807
0.122126
0.122057
0.125873
0.122999
0.118653
0.110841
0.106988
0.0950302
0.0912399
0.0863326
0.0905898
0.0835723
0.0818527
0.0708986
0.0577237
0.0495787
0.0303551
0.0271342
0.00616081
0.0051522
-51.9735
-51.7367
-51.5205
-51.2934
-51.0438
-50.7729
-50.4772
-50.151
-49.7861
-49.3717
-48.8981
-48.355
-47.7335
-47.0289
-46.2417
-45.3753
-44.4377
-43.4402
-42.3945
-41.3128
-40.206
-39.0836
-37.9528
-36.8196
-35.6884
-34.5623
-33.4437
-32.3345
-31.2366
-30.1511
-29.0794
-28.0228
-26.9825
-25.9595
-24.9551
-23.9704
-23.0063
-22.0638
-21.1438
-20.2472
-19.3746
-18.5267
-17.7041
-16.9071
-16.1361
-15.3914
-14.6731
-13.9811
-13.3154
-12.6757
-12.0619
-11.4735
-10.91
-10.3709
-9.85558
-9.36338
-8.89353
-8.44527
-8.01779
-7.61024
-7.22177
-6.85152
-6.49863
-6.16226
-5.84159
-5.5358
-5.24411
-4.96579
-4.70014
-4.44648
-4.20421
-3.97274
-3.75152
-3.54007
-3.33793
-3.14469
-2.95997
-2.78342
-2.61473
-2.45359
-2.29976
-2.15297
-2.01299
-1.87959
-1.75257
-1.63172
-1.51685
-1.40776
-1.30427
-1.20619
-1.11333
-1.02551
-0.942558
-0.86428
-0.790477
-0.720982
-0.655616
-0.594192
-0.536527
-0.482448
-0.431771
-0.384331
-0.339954
-0.298479
-0.259755
-0.22363
-0.189968
-0.158628
-0.129477
-0.102387
-0.0772385
-0.0539162
-0.0323102
-0.0123203
0.00614841
0.0231854
0.0388728
0.0532946
0.0665281
0.0786472
0.0897231
0.0998235
0.109013
0.117352
0.124892
0.131688
0.137787
0.143236
0.14808
0.15236
0.156117
0.159391
0.162217
0.16463
0.166664
0.168352
0.169722
0.170804
0.171627
0.172209
0.172583
0.172771
0.172782
0.172644
0.172383
0.171998
0.171503
0.170943
0.170303
0.16957
0.168793
0.168006
0.167177
0.166222
0.165309
0.164509
0.163481
0.162405
0.16137
0.160628
0.159605
0.158121
0.157001
0.156614
0.155455
0.153707
0.151128
0.152319
0.150824
0.14922
0.144123
0.145421
0.145768
0.142439
0.139702
0.137656
0.13696
0.12982
0.130784
0.132377
0.127971
0.12159
0.11403
0.11473
0.110877
0.110709
0.108148
0.107332
0.098384
0.085747
0.0802466
0.0664278
0.0702389
0.0533132
0.0646318
0.0502338
0.0499222
0.0292358
0.0197627
0.00845834
-51.6638
-51.441
-51.2361
-51.0193
-50.781
-50.5233
-50.2433
-49.9354
-49.5931
-49.2066
-48.7657
-48.2602
-47.6815
-47.0224
-46.2806
-45.459
-44.5634
-43.6027
-42.5884
-41.5327
-40.4465
-39.3396
-38.22
-37.0943
-35.9674
-34.843
-33.7239
-32.6123
-31.5102
-30.4191
-29.3407
-28.2763
-27.2272
-26.1949
-25.1805
-24.1853
-23.2104
-22.2571
-21.3261
-20.4186
-19.5353
-18.6769
-17.8441
-17.0373
-16.257
-15.5034
-14.7768
-14.077
-13.4041
-12.7578
-12.1379
-11.544
-10.9755
-10.432
-9.9127
-9.41701
-8.94409
-8.49314
-8.06328
-7.65367
-7.26339
-6.89156
-6.53726
-6.19963
-5.87779
-5.57091
-5.2782
-4.99887
-4.73222
-4.47756
-4.23427
-4.00176
-3.77947
-3.56691
-3.36364
-3.16924
-2.98334
-2.8056
-2.63571
-2.47339
-2.31837
-2.1704
-2.02928
-1.89478
-1.76669
-1.64482
-1.52898
-1.41897
-1.31462
-1.21574
-1.12215
-1.03365
-0.950076
-0.871245
-0.796959
-0.727032
-0.661281
-0.599521
-0.541572
-0.487247
-0.436368
-0.388757
-0.344245
-0.30266
-0.263849
-0.227656
-0.193936
-0.162556
-0.133376
-0.10627
-0.0811126
-0.0577895
-0.0361887
-0.0162092
0.00224632
0.0192673
0.0349387
0.049342
0.0625561
0.0746539
0.0857077
0.0957858
0.104953
0.113267
0.120785
0.127558
0.133636
0.139065
0.14389
0.148153
0.151896
0.155155
0.157969
0.160371
0.162395
0.164074
0.16544
0.166516
0.167333
0.167921
0.168296
0.168481
0.168509
0.168388
0.168129
0.167769
0.167317
0.166755
0.166135
0.16548
0.164742
0.16394
0.163136
0.162359
0.161476
0.160481
0.159685
0.15886
0.157777
0.156738
0.155741
0.155397
0.153793
0.152433
0.151362
0.151375
0.150228
0.146775
0.146316
0.145852
0.146537
0.14072
0.140205
0.139678
0.13791
0.135022
0.134902
0.13389
0.124335
0.12163
0.123216
0.12424
0.121719
0.114256
0.109699
0.103018
0.0965645
0.0954118
0.0946182
0.0950767
0.0879502
0.0790445
0.06957
0.0522033
0.0527666
0.0317704
0.0370871
0.0194481
0.0199683
0.00557014
-51.3638
-51.1546
-50.9603
-50.7543
-50.528
-50.2828
-50.0174
-49.7268
-49.4054
-49.0449
-48.6354
-48.1664
-47.6276
-47.0124
-46.3161
-45.5385
-44.6841
-43.7612
-42.7799
-41.751
-40.6861
-39.5953
-38.4873
-37.3692
-36.2466
-35.1237
-34.0035
-32.8891
-31.7824
-30.6852
-29.5994
-28.5266
-27.4683
-26.426
-25.401
-24.3949
-23.4088
-22.4441
-21.5018
-20.5829
-19.6885
-18.8194
-17.9761
-17.1594
-16.3696
-15.6071
-14.872
-14.1645
-13.4844
-12.8316
-12.2057
-11.6065
-11.0333
-10.4855
-9.9626
-9.46368
-8.98798
-8.53464
-8.10275
-7.6914
-7.29964
-6.92654
-6.57115
-6.23254
-5.90981
-5.60211
-5.30862
-5.02853
-4.76109
-4.50564
-4.2615
-4.0281
-3.80488
-3.59136
-3.38707
-3.19162
-3.00463
-2.82578
-2.65476
-2.49131
-2.33516
-2.18608
-2.04387
-1.9083
-1.77919
-1.65634
-1.53957
-1.42869
-1.32352
-1.22387
-1.12959
-1.04048
-0.956335
-0.876986
-0.802248
-0.731939
-0.665854
-0.603809
-0.545626
-0.491105
-0.440069
-0.392337
-0.347732
-0.30608
-0.267223
-0.231002
-0.197267
-0.165881
-0.136709
-0.109618
-0.0844843
-0.0611902
-0.0396241
-0.0196817
-0.00126419
0.015717
0.031349
0.0457129
0.0588867
0.070945
0.0819596
0.0919989
0.101126
0.109402
0.116881
0.123618
0.129662
0.135059
0.139854
0.144089
0.147805
0.15104
0.153831
0.156212
0.15822
0.159884
0.161233
0.162299
0.163109
0.163685
0.164059
0.164249
0.164271
0.164156
0.163924
0.163568
0.163118
0.162613
0.162019
0.16135
0.160674
0.15996
0.159166
0.158335
0.157566
0.156821
0.155843
0.15487
0.154293
0.153331
0.15244
0.150817
0.150885
0.149681
0.148545
0.146235
0.146524
0.146337
0.143663
0.141281
0.140266
0.142419
0.137537
0.136664
0.134973
0.133315
0.12799
0.128545
0.130638
0.123697
0.118403
0.113719
0.115387
0.112927
0.110948
0.107777
0.104515
0.0929382
0.0848666
0.0809031
0.0750392
0.0769504
0.0688369
0.070965
0.0553054
0.0448527
0.0320833
0.021198
0.0126483
0.00141288
-51.0742
-50.8784
-50.6948
-50.4988
-50.2831
-50.0497
-49.7979
-49.5243
-49.2225
-48.8861
-48.5056
-48.0708
-47.5716
-46.9988
-46.3465
-45.6132
-44.8014
-43.917
-42.969
-41.968
-40.9253
-39.8514
-38.7553
-37.645
-36.5266
-35.4047
-34.2833
-33.1654
-32.0536
-30.9497
-29.856
-28.7742
-27.7059
-26.653
-25.6169
-24.5992
-23.6014
-22.6248
-21.6706
-20.7401
-19.8342
-18.954
-18.1
-17.2731
-16.4737
-15.7021
-14.9586
-14.2433
-13.5561
-12.8969
-12.2652
-11.6608
-11.0831
-10.5314
-10.0051
-9.50321
-9.02505
-8.56967
-8.13608
-7.72334
-7.33044
-6.95639
-6.60022
-6.26095
-5.93764
-5.62941
-5.3354
-5.05477
-4.78678
-4.53072
-4.28591
-4.05179
-3.82779
-3.61342
-3.40823
-3.21183
-3.02385
-2.84396
-2.6719
-2.50737
-2.35015
-2.20001
-2.05675
-1.92016
-1.79007
-1.66628
-1.54861
-1.43689
-1.33095
-1.23059
-1.13564
-1.04595
-0.961294
-0.881488
-0.806351
-0.735699
-0.669333
-0.607048
-0.548676
-0.49401
-0.442864
-0.395058
-0.350407
-0.308732
-0.269872
-0.233664
-0.199954
-0.168604
-0.139473
-0.112431
-0.0873534
-0.0641176
-0.0426151
-0.0227357
-0.00438286
0.0125356
0.028105
0.0424077
0.0555218
0.0675212
0.0784776
0.0884606
0.0975323
0.105753
0.113181
0.119868
0.125865
0.131217
0.135969
0.140165
0.143844
0.147043
0.149803
0.152156
0.154135
0.155775
0.157105
0.158151
0.158944
0.159513
0.159872
0.160053
0.160083
0.159966
0.159727
0.159398
0.158974
0.158451
0.157894
0.157302
0.15661
0.155896
0.155213
0.154479
0.153646
0.152825
0.152185
0.151446
0.150239
0.149687
0.14884
0.14842
0.146327
0.146084
0.145318
0.145222
0.141899
0.141329
0.141559
0.140956
0.137792
0.13531
0.137349
0.133122
0.132955
0.13143
0.129898
0.12162
0.12081
0.123747
0.121321
0.119124
0.110534
0.108916
0.101555
0.0988899
0.0996238
0.100669
0.0946111
0.0859618
0.0757342
0.0661692
0.0568267
0.0573344
0.0453289
0.0512732
0.0353072
0.0333344
0.0173798
0.00782297
-50.7955
-50.6126
-50.4395
-50.2536
-50.0489
-49.8275
-49.5886
-49.3301
-49.0477
-48.7338
-48.3809
-47.9783
-47.5151
-46.9827
-46.374
-45.6848
-44.9153
-44.0699
-43.1561
-42.184
-41.1645
-40.1082
-39.0246
-37.9222
-36.8079
-35.687
-34.5639
-33.4421
-32.3243
-31.2132
-30.1108
-29.0192
-27.9404
-26.8761
-25.8282
-24.7984
-23.7882
-22.7992
-21.8327
-20.89
-19.9722
-19.0805
-18.2156
-17.3782
-16.569
-15.7883
-15.0363
-14.3132
-13.619
-12.9534
-12.3161
-11.7068
-11.1247
-10.5694
-10.0399
-9.5355
-9.0552
-8.59811
-8.16318
-7.74941
-7.35571
-6.98106
-6.62443
-6.28482
-5.96125
-5.65277
-5.35851
-5.07761
-4.80928
-4.55281
-4.30754
-4.07286
-3.84821
-3.63314
-3.42716
-3.2299
-3.04101
-2.86018
-2.68712
-2.52158
-2.36334
-2.21219
-2.06792
-1.93036
-1.79932
-1.67462
-1.5561
-1.44358
-1.3369
-1.23587
-1.14032
-1.05007
-0.964934
-0.884724
-0.80924
-0.738297
-0.671694
-0.609232
-0.550717
-0.495955
-0.444748
-0.396914
-0.352262
-0.310613
-0.271793
-0.235642
-0.202001
-0.170721
-0.141669
-0.114711
-0.089718
-0.0665725
-0.0451589
-0.0253716
-0.0071088
0.00972107
0.0252059
0.0394261
0.0524599
0.0643818
0.0752627
0.0851704
0.0941706
0.102322
0.109684
0.116307
0.122243
0.127537
0.132237
0.136382
0.140011
0.143168
0.145884
0.148198
0.150144
0.151751
0.153049
0.154073
0.154844
0.155388
0.155738
0.155909
0.155921
0.155808
0.155579
0.155237
0.154824
0.154355
0.153793
0.153182
0.152594
0.151933
0.151188
0.150506
0.149857
0.149097
0.148241
0.147526
0.14712
0.145927
0.145139
0.144278
0.14435
0.14255
0.141526
0.140502
0.141507
0.138596
0.137224
0.136218
0.1371
0.134362
0.131897
0.133111
0.128355
0.126547
0.125804
0.127388
0.120075
0.116356
0.11482
0.114101
0.113586
0.108569
0.107707
0.0997586
0.0905361
0.0888239
0.0856255
0.0833764
0.0830901
0.0736978
0.069147
0.0545065
0.0450318
0.037265
0.0255389
0.0202871
0.0128545
0.00665876
-50.5277
-50.3573
-50.1943
-50.0187
-49.8241
-49.6135
-49.3875
-49.1435
-48.8788
-48.5869
-48.2594
-47.887
-47.4598
-46.967
-46.3997
-45.7533
-45.0261
-44.2201
-43.3416
-42.3996
-41.4042
-40.3661
-39.2955
-38.2014
-37.0913
-35.971
-34.8457
-33.7194
-32.5952
-31.476
-30.3642
-29.2621
-28.172
-27.0956
-26.0352
-24.9925
-23.9693
-22.9672
-21.9878
-21.0324
-20.1024
-19.1988
-18.3226
-17.4745
-16.6553
-15.8652
-15.1047
-14.3739
-13.6727
-13.0009
-12.3581
-11.7441
-11.158
-10.5992
-10.067
-9.5603
-9.07827
-8.61981
-8.18393
-7.76949
-7.37537
-7.00048
-6.64377
-6.30417
-5.98064
-5.67222
-5.37798
-5.09704
-4.82862
-4.57196
-4.32641
-4.09133
-3.86621
-3.65054
-3.44388
-3.24587
-3.05616
-2.87444
-2.70046
-2.53397
-2.37476
-2.22263
-2.0774
-1.93889
-1.80694
-1.68136
-1.56202
-1.44874
-1.34135
-1.23968
-1.14357
-1.05282
-0.967253
-0.886674
-0.810896
-0.739713
-0.672925
-0.610337
-0.551737
-0.496929
-0.445715
-0.397902
-0.353296
-0.311718
-0.272985
-0.236931
-0.203397
-0.17223
-0.143292
-0.116453
-0.0915788
-0.068552
-0.0472576
-0.027588
-0.00944226
0.00727545
0.0226505
0.036767
0.0496991
0.0615248
0.0723113
0.0821285
0.0910406
0.0991088
0.106389
0.112936
0.118798
0.124022
0.128655
0.132738
0.136309
0.139409
0.142075
0.144342
0.146241
0.147808
0.149072
0.150059
0.150803
0.151325
0.151647
0.151804
0.151811
0.151678
0.151441
0.151124
0.150708
0.150222
0.149717
0.149154
0.148506
0.147901
0.147314
0.146592
0.14587
0.145281
0.144659
0.143862
0.142937
0.142665
0.141957
0.140859
0.139835
0.139915
0.139181
0.137591
0.135729
0.137229
0.135421
0.133899
0.131363
0.132873
0.12985
0.128194
0.129287
0.12492
0.120712
0.119036
0.122195
0.118644
0.116343
0.109008
0.10712
0.102716
0.101669
0.103389
0.0996311
0.0921994
0.0831853
0.0750282
0.0684825
0.0664687
0.0634672
0.0623386
0.0545704
0.0430226
0.0309714
0.0192907
0.0125392
0.001129
-50.2713
-50.1127
-49.9596
-49.7933
-49.609
-49.41
-49.1964
-48.9668
-48.7184
-48.4462
-48.1431
-47.7995
-47.405
-46.9498
-46.4242
-45.8202
-45.1347
-44.3685
-43.526
-42.6147
-41.6444
-40.6255
-39.5686
-38.4831
-37.377
-36.2573
-35.1294
-33.998
-32.8666
-31.7386
-30.6166
-29.5032
-28.4009
-27.3118
-26.238
-25.1817
-24.1447
-23.1289
-22.136
-21.1674
-20.2245
-19.3087
-18.4208
-17.5618
-16.7323
-15.9328
-15.1637
-14.4251
-13.717
-13.0391
-12.3911
-11.7725
-11.1826
-10.6207
-10.086
-9.57745
-9.09403
-8.63466
-8.1982
-7.78348
-7.38934
-7.01462
-6.6582
-6.31896
-5.99582
-5.68776
-5.39382
-5.11312
-4.84483
-4.58821
-4.34256
-4.10727
-3.8818
-3.66567
-3.45845
-3.25978
-3.06931
-2.88679
-2.71194
-2.54454
-2.3844
-2.23134
-2.08518
-1.94575
-1.81291
-1.6865
-1.56636
-1.45234
-1.34428
-1.24201
-1.14537
-1.05416
-0.968215
-0.887323
-0.811299
-0.739931
-0.673018
-0.610352
-0.551723
-0.496924
-0.445754
-0.398012
-0.353504
-0.312042
-0.27344
-0.237526
-0.20414
-0.173126
-0.144343
-0.117655
-0.0929333
-0.0700565
-0.0489108
-0.0293881
-0.0113843
0.00519574
0.0204396
0.0344282
0.0472395
0.0589478
0.0696236
0.0793338
0.0881429
0.0961116
0.103297
0.109753
0.115527
0.12067
0.125225
0.129233
0.132735
0.135771
0.138374
0.140582
0.14243
0.143947
0.145166
0.146116
0.146819
0.147309
0.147612
0.147739
0.147723
0.147591
0.147343
0.147003
0.146612
0.146153
0.145617
0.145072
0.144537
0.143903
0.143258
0.142729
0.142118
0.141363
0.140744
0.140262
0.139659
0.138672
0.13804
0.138063
0.136934
0.135817
0.13513
0.135501
0.134306
0.131775
0.132436
0.131372
0.130727
0.127637
0.12935
0.124728
0.123027
0.124447
0.123173
0.118139
0.113774
0.1148
0.113124
0.113306
0.106259
0.106407
0.0971587
0.0915758
0.0925183
0.09017
0.0896422
0.0824554
0.0747283
0.0649908
0.0544315
0.0510812
0.043133
0.0397739
0.0336683
0.0310869
0.0170857
0.00456713
-50.0262
-49.8791
-49.7356
-49.5789
-49.4047
-49.2162
-49.0142
-48.7981
-48.5653
-48.312
-48.0318
-47.7158
-47.3533
-46.9335
-46.4463
-45.8836
-45.2405
-44.5146
-43.709
-42.8297
-41.8856
-40.8869
-39.8443
-38.7678
-37.666
-36.5465
-35.4157
-34.2785
-33.1393
-32.0016
-30.8685
-29.743
-28.6275
-27.5246
-26.4367
-25.3659
-24.3145
-23.2843
-22.2771
-21.2947
-20.3385
-19.4099
-18.51
-17.6397
-16.7997
-15.9907
-15.2129
-14.4665
-13.7515
-13.0676
-12.4145
-11.7916
-11.1983
-10.6337
-10.0968
-9.58675
-9.10236
-8.64247
-8.20588
-7.79131
-7.39757
-7.02345
-6.6677
-6.32918
-6.00676
-5.69939
-5.40607
-5.12588
-4.85798
-4.60159
-4.35605
-4.12071
-3.89505
-3.67858
-3.47091
-3.27166
-3.08053
-2.89725
-2.72158
-2.55333
-2.3923
-2.23832
-2.09125
-1.95094
-1.81724
-1.69001
-1.56911
-1.45439
-1.34568
-1.24285
-1.1457
-1.05409
-0.967802
-0.886651
-0.81044
-0.738943
-0.671954
-0.609267
-0.550665
-0.495931
-0.444855
-0.397235
-0.352874
-0.311575
-0.273151
-0.237423
-0.204229
-0.173409
-0.144818
-0.118319
-0.0937829
-0.0710894
-0.0501212
-0.030772
-0.0129369
0.0034804
0.0185685
0.0324085
0.0450784
0.0566507
0.0671976
0.076784
0.0854744
0.0933293
0.100406
0.106756
0.112431
0.117479
0.121943
0.125867
0.12929
0.132249
0.134782
0.136922
0.138707
0.140169
0.141334
0.142232
0.142898
0.143349
0.143611
0.143719
0.143682
0.143518
0.143268
0.142934
0.142515
0.142059
0.141581
0.141033
0.140452
0.13994
0.139386
0.138714
0.138165
0.13772
0.13704
0.136312
0.135929
0.135482
0.134835
0.133491
0.134
0.133121
0.132255
0.130589
0.131364
0.130839
0.128341
0.128161
0.127395
0.126814
0.123581
0.126283
0.120931
0.11842
0.118114
0.11913
0.116742
0.112198
0.108772
0.106262
0.104451
0.101751
0.105309
0.0964919
0.0888306
0.0834251
0.0794915
0.0737624
0.0772983
0.0683412
0.0690128
0.0509947
0.0470037
0.0312961
0.0282786
0.0209234
0.0101414
0.00618041
-49.7927
-49.6563
-49.522
-49.3744
-49.2099
-49.0316
-48.8411
-48.6382
-48.421
-48.1856
-47.926
-47.6354
-47.3028
-46.9175
-46.4689
-45.9466
-45.3443
-44.6587
-43.8905
-43.0441
-42.1275
-41.1501
-40.1229
-39.0558
-37.9585
-36.8392
-35.705
-34.5615
-33.4137
-32.2654
-31.1203
-29.9816
-28.8521
-27.7345
-26.6315
-25.5454
-24.4786
-23.4332
-22.4111
-21.4142
-20.4441
-19.5022
-18.5898
-17.708
-16.8573
-16.0385
-15.252
-14.4978
-13.776
-13.0862
-12.4282
-11.8013
-11.2048
-10.6378
-10.0992
-9.58806
-9.10312
-8.64316
-8.20685
-7.79288
-7.40001
-7.02688
-6.67222
-6.33481
-6.0135
-5.70715
-5.41477
-5.13537
-4.8681
-4.61219
-4.36694
-4.13173
-3.90601
-3.68934
-3.48131
-3.28158
-3.08985
-2.90587
-2.72943
-2.56035
-2.39845
-2.24359
-2.09564
-1.95446
-1.81992
-1.6919
-1.57025
-1.45485
-1.34555
-1.24218
-1.1446
-1.05261
-0.966023
-0.884656
-0.808299
-0.736731
-0.66973
-0.607076
-0.548552
-0.493939
-0.443015
-0.395571
-0.351407
-0.31032
-0.27212
-0.236624
-0.203664
-0.173079
-0.144718
-0.118445
-0.09413
-0.0716509
-0.0508917
-0.0317424
-0.0141005
0.00212963
0.0170377
0.0307058
0.0432134
0.0546318
0.0650309
0.074477
0.0830329
0.0907584
0.0977106
0.103943
0.109506
0.114448
0.118811
0.122638
0.12597
0.128844
0.131295
0.133361
0.135075
0.136467
0.137572
0.138418
0.139028
0.139436
0.139665
0.139728
0.139665
0.139492
0.13921
0.13886
0.138464
0.137997
0.137492
0.137005
0.136489
0.135895
0.135372
0.134926
0.134314
0.133682
0.133339
0.132921
0.132071
0.131696
0.131213
0.131283
0.129385
0.1297
0.129181
0.129026
0.126657
0.127075
0.126871
0.125277
0.124566
0.124004
0.122344
0.118735
0.122359
0.118405
0.115632
0.112406
0.113258
0.112272
0.110271
0.105707
0.103904
0.0954655
0.094274
0.097662
0.091131
0.0908446
0.0814422
0.0738408
0.0644128
0.0617372
0.0586203
0.0543561
0.0523003
0.0394808
0.0345269
0.0170209
0.0133407
0.00429266
-49.5707
-49.4444
-49.3188
-49.1799
-49.025
-48.8573
-48.6782
-48.488
-48.285
-48.0669
-47.8278
-47.5606
-47.2561
-46.9032
-46.491
-46.0086
-45.4471
-44.8016
-44.0712
-43.2587
-42.3704
-41.4156
-40.4044
-39.3475
-38.255
-37.1359
-35.9979
-34.8476
-33.6902
-32.5305
-31.3724
-30.2194
-29.0748
-27.9416
-26.8224
-25.7201
-24.637
-23.5755
-22.5378
-21.5256
-20.541
-19.5855
-18.6602
-17.7663
-16.9047
-16.076
-15.2806
-14.5186
-13.79
-13.0946
-12.4319
-11.8012
-11.2019
-10.6328
-10.0929
-9.58114
-9.0961
-8.63653
-8.201
-7.78814
-7.39655
-7.02487
-6.67175
-6.33589
-6.01605
-5.71109
-5.41995
-5.14165
-4.87528
-4.62006
-4.37531
-4.14038
-3.91477
-3.69801
-3.48972
-3.28958
-3.09732
-2.9127
-2.73552
-2.56564
-2.40289
-2.24717
-2.09834
-1.9563
-1.82094
-1.69214
-1.56978
-1.45372
-1.34385
-1.24
-1.142
-1.04969
-0.962861
-0.881328
-0.804878
-0.733283
-0.666321
-0.603763
-0.545377
-0.490938
-0.440223
-0.393013
-0.349098
-0.308274
-0.270343
-0.235127
-0.202444
-0.172135
-0.144044
-0.118035
-0.0939752
-0.0717421
-0.0512205
-0.0323005
-0.0148783
0.00114093
0.0158456
0.0293205
0.0416442
0.0528879
0.0631217
0.0724095
0.0808151
0.088396
0.0952108
0.101312
0.106751
0.111574
0.115825
0.119546
0.122776
0.125553
0.127915
0.129895
0.131529
0.132848
0.13388
0.134661
0.135219
0.13557
0.13575
0.135785
0.13568
0.135471
0.135189
0.13482
0.134389
0.13395
0.133471
0.13294
0.132445
0.131982
0.131426
0.130874
0.130497
0.130062
0.129399
0.128962
0.128897
0.128067
0.127653
0.126984
0.12756
0.125904
0.125536
0.125218
0.125611
0.12328
0.123605
0.12293
0.121748
0.120382
0.12137
0.118638
0.114159
0.116902
0.114915
0.114832
0.109421
0.107928
0.105271
0.104048
0.102663
0.103361
0.0928483
0.0902868
0.0857011
0.081291
0.0830668
0.0802114
0.0704373
0.0688498
0.0487628
0.0530477
0.0359465
0.0389271
0.0301146
0.0263431
0.0196254
0.00426144
-49.3601
-49.2432
-49.1259
-48.9956
-48.8499
-48.6924
-48.5241
-48.3459
-48.1571
-47.955
-47.7354
-47.4911
-47.2136
-46.8918
-46.5139
-46.0691
-45.5478
-44.9425
-44.2505
-43.4729
-42.6144
-41.6832
-40.6892
-39.6432
-38.5559
-37.437
-36.2949
-35.137
-33.9695
-32.7974
-31.6253
-30.457
-29.2962
-28.146
-27.0096
-25.89
-24.7897
-23.7112
-22.6569
-21.6289
-20.6292
-19.6593
-18.7206
-17.8144
-16.9415
-16.1027
-15.2983
-14.5285
-13.7933
-13.0924
-12.4252
-11.7911
-11.1892
-10.6185
-10.0777
-9.56575
-9.08112
-8.62244
-8.18821
-7.77696
-7.38718
-7.01743
-6.66629
-6.33239
-6.01445
-5.71125
-5.4217
-5.14478
-4.87957
-4.62529
-4.38122
-4.14676
-3.92138
-3.70466
-3.49621
-3.29574
-3.10298
-2.91776
-2.73988
-2.56922
-2.40565
-2.24906
-2.09937
-1.95648
-1.8203
-1.69074
-1.56768
-1.451
-1.34058
-1.23626
-1.1379
-1.04531
-0.958293
-0.876645
-0.80016
-0.72859
-0.661721
-0.599313
-0.541126
-0.486925
-0.436475
-0.389551
-0.34594
-0.305432
-0.267823
-0.23293
-0.20057
-0.170578
-0.142799
-0.11709
-0.0933193
-0.0713653
-0.0511109
-0.0324474
-0.0152725
0.000510921
0.0149905
0.0282501
0.0403684
0.0514181
0.0614667
0.0705791
0.078818
0.0862401
0.0929044
0.0988625
0.104164
0.108857
0.112983
0.116585
0.119705
0.122377
0.124638
0.126525
0.128069
0.129302
0.130261
0.13097
0.131456
0.131755
0.131882
0.131861
0.131729
0.13149
0.13116
0.13079
0.130367
0.129884
0.129414
0.128952
0.12843
0.127921
0.127512
0.127057
0.126509
0.126126
0.125888
0.125365
0.124684
0.124846
0.124323
0.123792
0.123019
0.123532
0.122914
0.121769
0.121468
0.122134
0.119999
0.120465
0.119281
0.118058
0.1157
0.118234
0.115577
0.111686
0.111956
0.110123
0.111863
0.106661
0.105153
0.101261
0.096321
0.096988
0.097648
0.0927122
0.090325
0.0778282
0.0767016
0.0687964
0.0696987
0.0670303
0.0607017
0.0555184
0.0405333
0.0363566
0.0239565
0.0240623
0.010278
0.0037227
-49.1606
-49.0523
-48.9429
-48.8209
-48.6845
-48.5365
-48.3791
-48.213
-48.038
-47.8517
-47.6503
-47.4279
-47.1752
-46.8827
-46.5386
-46.1305
-45.6481
-45.0826
-44.4292
-43.6867
-42.8589
-41.9526
-40.977
-39.943
-38.8616
-37.7429
-36.5965
-35.4306
-34.2521
-33.0666
-31.8793
-30.6946
-29.5163
-28.3481
-27.1934
-26.0552
-24.9367
-23.8402
-22.7685
-21.7238
-20.7081
-19.7233
-18.7707
-17.8518
-16.9674
-16.1182
-15.3047
-14.5272
-13.7854
-13.0791
-12.4077
-11.7705
-11.1664
-10.5945
-10.0534
-9.54167
-9.05801
-8.60075
-8.16835
-7.75925
-7.37182
-7.00451
-6.65584
-6.32436
-6.00873
-5.70768
-5.42006
-5.14483
-4.88107
-4.62795
-4.38478
-4.15095
-3.92595
-3.70937
-3.50084
-3.30011
-3.10692
-2.92112
-2.74256
-2.57112
-2.40672
-2.24928
-2.09873
-1.95499
-1.81801
-1.68768
-1.56393
-1.44665
-1.33571
-1.23097
-1.13228
-1.03944
-0.952283
-0.870578
-0.794112
-0.722635
-0.655917
-0.593719
-0.535789
-0.481882
-0.431758
-0.385182
-0.341931
-0.301793
-0.264559
-0.230035
-0.198044
-0.168412
-0.140983
-0.115612
-0.0921657
-0.0705216
-0.0505652
-0.0321858
-0.0152843
0.000237364
0.0144685
0.0274913
0.0393837
0.0502191
0.060065
0.0689846
0.0770399
0.0842903
0.0907901
0.0965918
0.101744
0.106293
0.110283
0.113757
0.116754
0.119311
0.121465
0.123246
0.124692
0.125837
0.126706
0.127336
0.127752
0.127978
0.128049
0.127983
0.127793
0.12752
0.127178
0.12676
0.12632
0.125874
0.125374
0.124879
0.124448
0.123979
0.123475
0.123102
0.122783
0.122304
0.121869
0.12173
0.121527
0.120725
0.120684
0.120769
0.12007
0.119582
0.119426
0.11982
0.11844
0.118076
0.118638
0.116236
0.116938
0.116301
0.115115
0.111137
0.114136
0.112134
0.111154
0.108188
0.105328
0.10582
0.102066
0.103546
0.100657
0.0922328
0.0905631
0.0880589
0.0875576
0.0854055
0.079708
0.0736862
0.063441
0.0573682
0.056618
0.0473982
0.0496279
0.0388117
0.0326466
0.0200521
0.00892628
0.0046236
-48.9717
-48.8714
-48.7695
-48.6557
-48.5281
-48.3902
-48.2436
-48.0893
-47.927
-47.7559
-47.572
-47.3702
-47.1417
-46.8768
-46.5644
-46.1917
-45.7472
-45.2209
-44.6062
-43.9001
-43.1042
-42.224
-41.2679
-40.2469
-39.1719
-38.0539
-36.9031
-35.7287
-34.5384
-33.3385
-32.1349
-30.9323
-29.7354
-28.548
-27.3737
-26.2158
-25.0777
-23.9624
-22.8722
-21.81
-20.7776
-19.7771
-18.8102
-17.8781
-16.9818
-16.1221
-15.2995
-14.5141
-13.7659
-13.0544
-12.3791
-11.739
-11.1333
-10.5606
-10.0196
-9.50875
-9.02658
-8.57132
-8.14135
-7.73495
-7.35043
-6.9861
-6.64042
-6.31183
-5.99894
-5.70044
-5.41512
-5.1419
-4.87986
-4.62817
-4.38609
-4.15306
-3.92858
-3.71224
-3.50372
-3.30277
-3.10919
-2.92283
-2.74359
-2.57139
-2.40615
-2.24785
-2.09642
-1.95184
-1.81404
-1.68297
-1.55854
-1.44067
-1.32924
-1.2241
-1.12511
-1.03207
-0.94481
-0.863097
-0.786705
-0.715384
-0.648887
-0.586964
-0.529356
-0.475805
-0.426065
-0.379898
-0.337072
-0.297358
-0.260548
-0.226445
-0.194867
-0.165638
-0.138599
-0.113603
-0.0905168
-0.0692156
-0.0495862
-0.0315206
-0.0149169
0.000318716
0.0142765
0.027041
0.0386867
0.0492886
0.0589131
0.0676238
0.0754812
0.0825439
0.0888654
0.094497
0.099487
0.103882
0.107725
0.11106
0.113925
0.116356
0.118389
0.12006
0.121399
0.122443
0.123222
0.123759
0.124093
0.124254
0.124251
0.124124
0.123898
0.123571
0.123183
0.122769
0.122298
0.121808
0.121356
0.12088
0.120375
0.119975
0.119607
0.11914
0.118779
0.118584
0.11825
0.117806
0.117655
0.117711
0.117196
0.116538
0.117383
0.116452
0.116417
0.115624
0.116482
0.115048
0.114766
0.115525
0.112818
0.112908
0.113075
0.112609
0.108338
0.11011
0.107322
0.109517
0.104669
0.103185
0.100221
0.095928
0.099812
0.0971676
0.0920695
0.0871592
0.0817701
0.0782455
0.0743594
0.0786234
0.067599
0.0657118
0.0537674
0.0451745
0.0404025
0.0338842
0.030337
0.0216479
0.0163562
0.0059145
-48.7931
-48.7001
-48.6053
-48.4992
-48.3804
-48.252
-48.1159
-47.9733
-47.8247
-47.6685
-47.5014
-47.3188
-47.1134
-46.8751
-46.5929
-46.2541
-45.8464
-45.3584
-44.782
-44.1125
-43.3494
-42.4966
-41.5618
-40.5548
-39.4872
-38.3702
-37.2151
-36.0318
-34.8288
-33.6136
-32.3924
-31.1708
-29.9538
-28.7457
-27.5505
-26.3718
-25.213
-24.0775
-22.9679
-21.8872
-20.8373
-19.8206
-18.8386
-17.8928
-16.9843
-16.1139
-15.2821
-14.4889
-13.7343
-13.0178
-12.3389
-11.6964
-11.0894
-10.5164
-9.97607
-9.4667
-8.98662
-8.53399
-8.10708
-7.704
-7.32296
-6.96221
-6.62003
-6.29485
-5.98518
-5.68964
-5.40698
-5.13612
-4.87609
-4.62603
-4.38527
-4.1532
-3.92937
-3.71338
-3.50493
-3.30381
-3.10986
-2.92296
-2.74303
-2.57004
-2.40396
-2.24478
-2.09247
-1.94703
-1.80841
-1.67659
-1.5515
-1.43305
-1.32114
-1.21564
-1.11638
-1.02319
-0.935866
-0.85419
-0.777927
-0.706821
-0.640612
-0.579031
-0.52181
-0.468686
-0.419398
-0.3737
-0.331355
-0.292127
-0.255796
-0.222164
-0.191045
-0.16226
-0.135651
-0.111068
-0.0883765
-0.0674526
-0.0481807
-0.0304555
-0.0141756
0.000750506
0.0144132
0.0268964
0.0382753
0.0486229
0.0580094
0.0664938
0.074138
0.0809981
0.0871264
0.0925752
0.0973916
0.10162
0.105306
0.108491
0.111212
0.113509
0.115413
0.116961
0.118189
0.119123
0.119795
0.120243
0.120489
0.120561
0.120495
0.120301
0.120005
0.119648
0.119223
0.118749
0.118284
0.117798
0.117282
0.116833
0.11642
0.115942
0.11556
0.115308
0.114942
0.11457
0.114471
0.114348
0.113941
0.113784
0.113825
0.114025
0.11271
0.113939
0.112972
0.113186
0.11238
0.113141
0.111474
0.111735
0.112536
0.11013
0.108615
0.10954
0.109744
0.107025
0.106457
0.102492
0.105366
0.09985
0.103267
0.0972322
0.0915513
0.0938245
0.0885926
0.090051
0.086576
0.0798607
0.0711691
0.0680825
0.0645726
0.0628153
0.0595998
0.0530005
0.0422967
0.0341038
0.0248784
0.0216768
0.0128837
0.00449088
-48.6242
-48.5377
-48.4497
-48.3513
-48.2411
-48.1222
-47.9967
-47.8658
-47.7298
-47.5881
-47.4378
-47.2739
-47.0897
-46.8763
-46.623
-46.3167
-45.9444
-45.4943
-44.9565
-44.3238
-43.5945
-42.7705
-41.8578
-40.8664
-39.8072
-38.692
-37.5326
-36.34
-35.1238
-33.8922
-32.6523
-31.4104
-30.1719
-28.9417
-27.724
-26.523
-25.3424
-24.1854
-23.0555
-21.9551
-20.8869
-19.8531
-18.8555
-17.8956
-16.9745
-16.0932
-15.252
-14.451
-13.6902
-12.969
-12.2867
-11.6422
-11.0343
-10.4617
-9.92258
-9.41527
-8.93794
-8.48862
-8.0654
-7.66629
-7.28939
-6.9328
-6.59472
-6.27349
-5.96752
-5.67538
-5.39579
-5.12762
-4.86987
-4.62171
-4.38245
-4.15151
-3.92845
-3.71288
-3.50457
-3.30332
-3.109
-2.92155
-2.74094
-2.56715
-2.4002
-2.2401
-2.08689
-1.94056
-1.80112
-1.66854
-1.54278
-1.42377
-1.3114
-1.20555
-1.10607
-1.01276
-0.925428
-0.843847
-0.767772
-0.696942
-0.631078
-0.569902
-0.513136
-0.460508
-0.411745
-0.366583
-0.324778
-0.286093
-0.250301
-0.217193
-0.186581
-0.158287
-0.132147
-0.108014
-0.0857517
-0.0652372
-0.0463518
-0.028994
-0.0130654
0.0015286
0.014875
0.0270537
0.0381463
0.0482226
0.0573509
0.0655931
0.0730077
0.0796501
0.0855726
0.0908246
0.095455
0.0995082
0.103025
0.106048
0.108617
0.110766
0.112534
0.113954
0.115054
0.115872
0.116437
0.116777
0.116931
0.116918
0.116761
0.116503
0.116152
0.115721
0.115262
0.114774
0.114245
0.113748
0.11328
0.112779
0.112336
0.112006
0.111613
0.111234
0.11108
0.110895
0.110538
0.110465
0.110587
0.110219
0.110242
0.110016
0.11081
0.109365
0.110399
0.109923
0.109747
0.109447
0.110426
0.107965
0.108521
0.108971
0.107985
0.105653
0.106093
0.105626
0.105306
0.10316
0.100153
0.100288
0.094842
0.101206
0.0936027
0.0923416
0.0869765
0.0821314
0.0831632
0.0815318
0.0779231
0.0701817
0.0657457
0.0536328
0.0550589
0.0467057
0.0461479
0.0376079
0.0318179
0.0206843
0.0104461
0.00442448
-48.4644
-48.3839
-48.3023
-48.2111
-48.1094
-48.0001
-47.8853
-47.7662
-47.6433
-47.5154
-47.3807
-47.2351
-47.0717
-46.882
-46.6556
-46.3803
-46.0427
-45.6291
-45.1289
-44.5335
-43.8386
-43.0447
-42.1562
-41.1816
-40.1319
-39.0191
-37.8559
-36.6539
-35.4238
-34.1747
-32.9149
-31.6512
-30.3897
-29.1359
-27.8944
-26.6696
-25.4656
-24.2861
-23.1343
-22.0134
-20.9259
-19.8743
-18.8604
-17.8858
-16.9519
-16.0594
-15.2087
-14.4
-13.633
-12.9073
-12.222
-11.576
-10.9678
-10.396
-9.85877
-9.35422
-8.88033
-8.43503
-8.01622
-7.62181
-7.24971
-6.89793
-6.56456
-6.24783
-5.94606
-5.65778
-5.38166
-5.11652
-4.86137
-4.61536
-4.37781
-4.14814
-3.92595
-3.71089
-3.50275
-3.30138
-3.1067
-2.9187
-2.73736
-2.56273
-2.39488
-2.23385
-2.07969
-1.93245
-1.79216
-1.65881
-1.53238
-1.41281
-1.3
-1.19383
-1.09415
-1.00077
-0.913478
-0.832054
-0.756227
-0.685726
-0.620271
-0.559569
-0.503329
-0.451265
-0.403098
-0.358544
-0.317346
-0.279265
-0.244067
-0.211538
-0.181483
-0.153723
-0.128094
-0.104447
-0.0826475
-0.0625717
-0.0441027
-0.0271407
-0.0115887
0.00264861
0.015654
0.0275103
0.0382965
0.0480835
0.0569367
0.0649187
0.0720883
0.0784989
0.084201
0.089245
0.0936772
0.0975407
0.100879
0.10373
0.106134
0.10813
0.10975
0.111029
0.112
0.11269
0.113137
0.113372
0.113415
0.113305
0.113073
0.112725
0.112303
0.111832
0.111304
0.110768
0.110249
0.109706
0.109195
0.108768
0.108326
0.107899
0.107646
0.107398
0.107055
0.106941
0.106984
0.106725
0.106584
0.10698
0.106674
0.10686
0.106543
0.107327
0.106609
0.106925
0.107284
0.106452
0.106302
0.107901
0.104828
0.10551
0.105261
0.105814
0.103865
0.103365
0.101045
0.102145
0.0991251
0.100755
0.0954926
0.0917158
0.0948997
0.0883569
0.0939334
0.0819422
0.0812411
0.075077
0.0721654
0.0715655
0.0683623
0.0614511
0.0539838
0.0447597
0.0400176
0.0343792
0.0309808
0.0193165
0.0154169
0.00541102
-48.313
-48.2379
-48.1622
-48.0782
-47.9849
-47.8852
-47.781
-47.6734
-47.5631
-47.4496
-47.3304
-47.2018
-47.0585
-46.892
-46.6918
-46.4452
-46.14
-45.7622
-45.2993
-44.7411
-44.0815
-43.3187
-42.4555
-41.4994
-40.4607
-39.3515
-38.1849
-36.9734
-35.7289
-34.4616
-33.1805
-31.8936
-30.6076
-29.3284
-28.0615
-26.8114
-25.5826
-24.379
-23.2044
-22.0617
-20.9541
-19.8838
-18.8529
-17.8632
-16.9159
-16.0119
-15.1516
-14.3351
-13.5623
-12.8323
-12.1444
-11.4973
-10.8894
-10.3191
-9.7844
-9.28331
-8.81361
-8.37308
-7.95946
-7.57049
-7.2039
-6.85762
-6.52959
-6.21794
-5.92091
-5.63698
-5.36474
-5.10301
-4.85076
-4.60714
-4.37148
-4.14324
-3.92201
-3.70753
-3.49959
-3.29812
-3.10307
-2.91447
-2.73237
-2.55686
-2.38805
-2.22603
-2.07089
-1.92271
-1.78153
-1.6474
-1.52029
-1.40015
-1.28691
-1.18044
-1.08059
-0.987181
-0.899988
-0.818765
-0.743253
-0.673149
-0.60817
-0.548017
-0.49238
-0.440954
-0.39345
-0.349575
-0.309058
-0.271647
-0.237104
-0.205205
-0.175755
-0.148574
-0.123495
-0.100371
-0.0790691
-0.0594624
-0.0414405
-0.0249022
-0.00975029
0.00410632
0.0167484
0.0282624
0.0387231
0.0482011
0.0567611
0.0644674
0.0713758
0.0775402
0.0830094
0.087832
0.0920542
0.0957177
0.0988634
0.101534
0.103766
0.105596
0.107061
0.10819
0.109017
0.109578
0.109898
0.11001
0.109949
0.109734
0.109399
0.108979
0.108477
0.107928
0.107368
0.106783
0.1062
0.105675
0.105158
0.104661
0.104281
0.103942
0.103569
0.10337
0.103292
0.103063
0.102944
0.103171
0.103148
0.102906
0.103464
0.103379
0.103415
0.103718
0.103817
0.103978
0.103698
0.104731
0.103479
0.102806
0.105093
0.102741
0.103107
0.101753
0.102722
0.101999
0.100705
0.0978906
0.0982772
0.0945722
0.100398
0.0917932
0.0914424
0.0866063
0.085549
0.0867202
0.0807903
0.0816542
0.0684274
0.0682179
0.0605394
0.0622648
0.0539974
0.0533034
0.0406576
0.0362474
0.0247367
0.0199709
0.0151361
0.00455869
-48.169
-48.0986
-48.0286
-47.9517
-47.8668
-47.7768
-47.6833
-47.5877
-47.4902
-47.3903
-47.2867
-47.1754
-47.0508
-46.9054
-46.73
-46.5122
-46.2384
-45.8949
-45.4682
-44.9467
-44.3224
-43.5915
-42.7553
-41.8194
-40.7932
-39.6887
-38.5195
-37.2987
-36.0394
-34.753
-33.4496
-32.1381
-30.8257
-29.5196
-28.2255
-26.9484
-25.6932
-24.4642
-23.2652
-22.0998
-20.9708
-19.8809
-18.8323
-17.8268
-16.8657
-15.95
-15.0801
-14.256
-13.4773
-12.7435
-12.0534
-11.4057
-10.7987
-10.2305
-9.69912
-9.20226
-8.73757
-8.30265
-7.895
-7.51225
-7.15197
-6.8119
-6.4899
-6.18396
-5.89225
-5.61316
-5.34524
-5.08726
-4.83821
-4.59723
-4.36365
-4.13697
-3.91681
-3.70295
-3.49525
-3.29365
-3.09819
-2.90895
-2.72603
-2.54959
-2.37975
-2.21668
-2.0605
-1.91133
-1.76924
-1.63429
-1.50648
-1.38577
-1.27211
-1.16536
-1.06537
-0.971968
-0.884914
-0.803948
-0.728805
-0.659178
-0.594757
-0.535233
-0.480279
-0.429576
-0.382812
-0.339689
-0.299923
-0.263246
-0.229412
-0.198198
-0.169404
-0.142846
-0.118359
-0.0957942
-0.0750221
-0.0559182
-0.0383733
-0.0222839
-0.00755622
0.00589422
0.0181543
0.0293051
0.0394207
0.0485709
0.0568215
0.0642347
0.0708672
0.0767702
0.0819928
0.0865831
0.0905828
0.0940347
0.0969804
0.0994584
0.101508
0.103164
0.10446
0.105432
0.106111
0.106526
0.106716
0.106702
0.106515
0.106197
0.105764
0.105238
0.104667
0.104052
0.103409
0.102793
0.102187
0.101591
0.101084
0.100631
0.100177
0.0998557
0.0996388
0.0993768
0.0992304
0.0992911
0.0992558
0.0991599
0.0994702
0.0997239
0.0995289
0.0999662
0.100535
0.0999119
0.101244
0.100635
0.101054
0.10069
0.102106
0.100822
0.100143
0.101677
0.101034
0.100983
0.0989814
0.0990738
0.0989492
0.0977922
0.0974718
0.0944587
0.0909544
0.0955015
0.0885627
0.0921993
0.0819683
0.0841382
0.0745594
0.0805297
0.0740836
0.0700923
0.0640003
0.0563306
0.0505132
0.0489975
0.0423968
0.0392891
0.028078
0.0229823
0.0121842
0.0049452
-48.0313
-47.9652
-47.9007
-47.8307
-47.7543
-47.674
-47.5913
-47.5074
-47.4228
-47.3372
-47.2485
-47.1536
-47.0475
-46.9229
-46.7707
-46.5796
-46.3358
-46.025
-45.6339
-45.1491
-44.5605
-43.863
-43.0548
-42.1406
-41.1285
-40.0302
-38.8591
-37.6296
-36.3553
-35.0491
-33.7222
-32.3844
-31.0443
-29.7096
-28.3864
-27.0806
-25.7974
-24.5413
-23.3166
-22.1269
-20.9755
-19.8651
-18.7981
-17.7762
-16.801
-15.8732
-14.9935
-14.1618
-13.3776
-12.6402
-11.9483
-11.3006
-10.6952
-10.1299
-9.6026
-9.11083
-8.65203
-8.22357
-7.82279
-7.4471
-7.09394
-6.76087
-6.44561
-6.14603
-5.86023
-5.58649
-5.32333
-5.0695
-4.82394
-4.58585
-4.35453
-4.12953
-3.91052
-3.69732
-3.48984
-3.2881
-3.09219
-2.90224
-2.71843
-2.54096
-2.37003
-2.20584
-2.04856
-1.89834
-1.75529
-1.61948
-1.49094
-1.36966
-1.25557
-1.14855
-1.04846
-0.95509
-0.868223
-0.787577
-0.712871
-0.643799
-0.580021
-0.52121
-0.467026
-0.417127
-0.371186
-0.32889
-0.289942
-0.254063
-0.221001
-0.190527
-0.162439
-0.136548
-0.112693
-0.0907266
-0.0705151
-0.0519468
-0.0349037
-0.0192909
-0.00501468
0.00800896
0.019865
0.0306315
0.0403835
0.0491881
0.0571131
0.0642173
0.0705582
0.0761867
0.0811495
0.0854934
0.0892607
0.0924907
0.0952249
0.0975031
0.0993582
0.100828
0.101951
0.102754
0.103273
0.103542
0.103583
0.103435
0.103129
0.102685
0.102145
0.101531
0.100858
0.100169
0.0994786
0.0987822
0.0981398
0.0975491
0.0969797
0.0965118
0.0961441
0.0957792
0.0955314
0.0954448
0.0953272
0.0952611
0.0954315
0.0956087
0.0956089
0.095966
0.0963587
0.0965463
0.0965953
0.0979463
0.0965951
0.0984888
0.0981587
0.0979615
0.0978823
0.0997145
0.0981842
0.0986055
0.0980276
0.0988403
0.0986474
0.0967224
0.096501
0.0951308
0.0942468
0.0975531
0.0903468
0.0902075
0.0880236
0.0858851
0.0888939
0.0822181
0.0791408
0.0713336
0.0732903
0.0649927
0.069809
0.0588598
0.0549322
0.044389
0.0403975
0.0345828
0.0310209
0.0220088
0.0136695
0.00647413
-47.8988
-47.8367
-47.7775
-47.7145
-47.6466
-47.576
-47.5042
-47.4323
-47.3606
-47.2886
-47.215
-47.1364
-47.0483
-46.9441
-46.8143
-46.648
-46.433
-46.1541
-45.7971
-45.3481
-44.7952
-44.1312
-43.3526
-42.462
-41.4659
-40.3753
-39.2037
-37.9659
-36.6767
-35.35
-33.9985
-32.6331
-31.2637
-29.8983
-28.5442
-27.2079
-25.8947
-24.6101
-23.3581
-22.1428
-20.9677
-19.8359
-18.7495
-17.7107
-16.7209
-15.7809
-14.8913
-14.052
-13.2624
-12.5218
-11.8287
-11.1816
-10.5783
-10.0168
-9.49449
-9.00873
-8.55676
-8.13569
-7.74273
-7.37503
-7.02985
-6.70461
-6.39684
-6.10432
-5.82503
-5.55718
-5.29925
-5.04994
-4.80821
-4.57321
-4.34434
-4.12113
-3.90333
-3.69081
-3.48354
-3.28161
-3.08517
-2.89443
-2.70964
-2.53106
-2.35895
-2.19354
-2.03508
-1.88373
-1.73965
-1.60295
-1.47365
-1.35177
-1.23725
-1.12998
-1.0298
-0.936517
-0.849884
-0.769627
-0.695438
-0.626999
-0.56395
-0.505937
-0.45261
-0.403602
-0.358567
-0.317175
-0.279116
-0.244105
-0.211879
-0.182203
-0.154869
-0.129691
-0.106507
-0.0851739
-0.0655596
-0.0475512
-0.0310416
-0.0159297
-0.00212942
0.0104445
0.0218742
0.0322367
0.041605
0.0500479
0.0576291
0.06441
0.0704452
0.0757843
0.0804749
0.0845613
0.0880834
0.0910824
0.0935964
0.0956613
0.0973146
0.0985909
0.0995262
0.100156
0.100506
0.100612
0.100507
0.100214
0.09977
0.0992098
0.0985477
0.0978252
0.0970719
0.0962884
0.0955202
0.0947917
0.0940818
0.0934456
0.0929021
0.0923985
0.0919919
0.091736
0.0914908
0.0913395
0.0913878
0.0914307
0.0914829
0.0917698
0.0921072
0.0922441
0.092809
0.0930905
0.093764
0.0935046
0.0952129
0.0939926
0.0952649
0.096113
0.0954617
0.0952251
0.0973134
0.0954823
0.0976289
0.0950034
0.0959842
0.0955968
0.0948035
0.0956146
0.0915135
0.0912687
0.094352
0.0870431
0.0916421
0.0814308
0.0840021
0.0807443
0.0814341
0.074966
0.0730184
0.0628366
0.0635341
0.0578087
0.0569814
0.0481049
0.0434939
0.0329311
0.0286143
0.0197846
0.0152776
0.00630953
-47.7704
-47.7121
-47.6582
-47.6021
-47.5426
-47.4817
-47.4209
-47.3611
-47.3025
-47.2447
-47.1859
-47.1236
-47.0529
-46.9674
-46.8593
-46.7173
-46.5293
-46.2808
-45.9569
-45.5429
-45.0256
-44.3958
-43.6479
-42.7822
-41.804
-40.7229
-39.5521
-38.307
-37.0032
-35.6556
-34.2786
-32.8842
-31.4836
-30.0858
-28.6989
-27.33
-25.9852
-24.67
-23.3892
-22.147
-20.9471
-19.7925
-18.6859
-17.6295
-16.6246
-15.6721
-14.7725
-13.9257
-13.1311
-12.3876
-11.6939
-11.048
-10.4478
-9.89088
-9.37446
-8.89568
-8.45152
-8.0389
-7.65476
-7.29603
-6.95977
-6.64323
-6.34377
-6.05903
-5.78689
-5.52549
-5.27327
-5.02888
-4.79126
-4.55961
-4.33332
-4.11201
-3.89546
-3.68361
-3.4765
-3.27432
-3.07726
-2.88564
-2.69976
-2.51995
-2.34654
-2.17982
-2.02007
-1.86752
-1.72234
-1.58467
-1.45459
-1.33209
-1.21713
-1.10962
-1.00938
-0.916211
-0.829871
-0.750071
-0.676474
-0.608746
-0.546518
-0.489401
-0.437019
-0.388991
-0.34495
-0.304545
-0.267455
-0.233383
-0.202056
-0.173233
-0.146705
-0.122284
-0.0998134
-0.0791455
-0.0601622
-0.0427445
-0.0267932
-0.0122103
0.00109146
0.0131931
0.0241756
0.0341137
0.0430804
0.0511424
0.0583641
0.0648059
0.0705208
0.0755587
0.079964
0.0837809
0.0870494
0.0898052
0.0920883
0.0939327
0.0953724
0.0964475
0.09719
0.0976295
0.0978056
0.0977433
0.0974729
0.0970348
0.0964497
0.0957482
0.0949735
0.0941382
0.0932719
0.0924161
0.0915683
0.0907582
0.0900285
0.0893461
0.0887489
0.0882841
0.0878787
0.0875615
0.0874369
0.0873425
0.0872997
0.0875032
0.0877121
0.0878932
0.0883331
0.0888459
0.0890145
0.0899318
0.0900744
0.09086
0.0909803
0.0922989
0.0920229
0.0921904
0.093744
0.0937617
0.0929231
0.0946497
0.0932429
0.0959099
0.092565
0.0937377
0.0920072
0.0930936
0.0947075
0.0882137
0.0898932
0.0871598
0.0871844
0.0890844
0.0794782
0.0819562
0.0736351
0.0756397
0.0734375
0.0686266
0.0628526
0.0560414
0.0534745
0.0457547
0.0471636
0.0339203
0.0296942
0.0216979
0.0136423
0.00561526
-47.6451
-47.5904
-47.5417
-47.4924
-47.4413
-47.3903
-47.3405
-47.2928
-47.2472
-47.2034
-47.1596
-47.1129
-47.0594
-46.9927
-46.9051
-46.7865
-46.6243
-46.4048
-46.1127
-45.7329
-45.2508
-44.6556
-43.9393
-43.1002
-42.1414
-41.0717
-39.9037
-38.6524
-37.3343
-35.9658
-34.5624
-33.1379
-31.7043
-30.2721
-28.8504
-27.4469
-26.0684
-24.7209
-23.4095
-22.1387
-20.9126
-19.7344
-18.6068
-17.532
-16.5115
-15.5462
-14.6365
-13.7823
-12.9829
-12.2371
-11.5432
-10.8994
-10.3031
-9.75166
-9.24214
-8.77141
-8.33616
-7.93308
-7.55882
-7.21011
-6.88379
-6.57687
-6.28656
-6.01037
-5.74607
-5.49172
-5.24568
-5.00658
-4.77339
-4.5453
-4.32175
-4.10242
-3.88714
-3.67594
-3.46893
-3.26639
-3.06862
-2.87598
-2.68888
-2.50771
-2.33287
-2.1647
-2.00356
-1.8497
-1.70335
-1.56465
-1.43373
-1.31058
-1.19517
-1.08741
-0.987137
-0.894138
-0.80815
-0.728872
-0.655952
-0.589032
-0.52771
-0.471585
-0.420249
-0.373297
-0.330341
-0.291012
-0.25497
-0.221905
-0.191538
-0.163627
-0.137955
-0.114339
-0.0926189
-0.0726568
-0.054333
-0.037536
-0.0221684
-0.00813813
0.00464029
0.016247
0.0267614
0.0362558
0.0448016
0.0524662
0.0593121
0.0653993
0.0707803
0.0755026
0.079612
0.0831491
0.0861514
0.0886564
0.0906978
0.0923108
0.0935332
0.0943955
0.094934
0.0951819
0.0951672
0.0949282
0.0944931
0.0938882
0.0931551
0.0923188
0.0914037
0.0904557
0.0894872
0.0885223
0.0876054
0.0867338
0.085923
0.0852278
0.0846113
0.0840889
0.0837296
0.0834589
0.0832545
0.0832776
0.0833596
0.0834465
0.0838105
0.0842156
0.0844945
0.0851362
0.0858322
0.0859577
0.0870621
0.0877178
0.0877109
0.0889735
0.0895107
0.0900788
0.0898635
0.0910743
0.0919623
0.0918149
0.0912444
0.0916373
0.0927883
0.0908354
0.0930293
0.088319
0.0912543
0.0908815
0.086871
0.0897407
0.0810868
0.0873214
0.0804909
0.0835187
0.0756876
0.0723462
0.0691873
0.0680368
0.0635605
0.061372
0.0527955
0.0460694
0.044647
0.0323141
0.0328651
0.0216683
0.0122055
0.00547596
-47.5216
-47.4706
-47.427
-47.3846
-47.3419
-47.3007
-47.2621
-47.2266
-47.1942
-47.1643
-47.1353
-47.1044
-47.0676
-47.0192
-46.9511
-46.8547
-46.7176
-46.5257
-46.2644
-45.9179
-45.4702
-44.9093
-44.2252
-43.4141
-42.4771
-41.4209
-40.2571
-39.001
-37.6695
-36.2804
-34.85
-33.3939
-31.9256
-30.4571
-28.9985
-27.5582
-26.144
-24.7622
-23.4184
-22.1175
-20.8639
-19.6608
-18.5111
-17.4172
-16.3806
-15.4022
-14.4824
-13.6209
-12.8171
-12.0694
-11.3761
-10.7351
-10.1436
-9.59869
-9.09716
-8.63562
-8.21045
-7.8181
-7.45491
-7.11734
-6.80199
-6.50567
-6.22544
-5.95862
-5.70286
-5.45615
-5.21679
-4.9834
-4.75493
-4.53061
-4.30994
-4.09264
-3.87863
-3.66802
-3.46104
-3.25802
-3.05939
-2.86559
-2.67711
-2.49442
-2.31799
-2.14824
-1.98557
-1.83028
-1.68266
-1.54287
-1.41103
-1.28719
-1.17133
-1.06333
-0.963049
-0.870256
-0.784681
-0.706001
-0.633845
-0.567826
-0.507515
-0.452481
-0.402297
-0.356524
-0.314746
-0.27658
-0.241667
-0.209682
-0.180341
-0.153398
-0.128632
-0.105863
-0.0849361
-0.0657148
-0.0480814
-0.0319335
-0.0171753
-0.00372284
0.00850917
0.0196002
0.0296239
0.0386552
0.0467629
0.0540125
0.0604669
0.0661846
0.0712176
0.0756128
0.0794137
0.0826607
0.085388
0.0876297
0.0894225
0.0907975
0.0917895
0.0924344
0.0927599
0.0928016
0.0925961
0.0921673
0.0915518
0.0907842
0.0898863
0.0889004
0.0878565
0.0867714
0.0856914
0.0846371
0.0836158
0.082678
0.0818246
0.081055
0.0804328
0.0799204
0.0795048
0.0792768
0.0791676
0.0791137
0.0792877
0.0795702
0.0798052
0.080336
0.0809499
0.081323
0.0821282
0.083008
0.083284
0.0841278
0.0859128
0.084683
0.0869454
0.087307
0.0878753
0.0882268
0.0888932
0.0893459
0.0910266
0.0881546
0.0908467
0.0888118
0.0901776
0.0918586
0.0854494
0.0896501
0.0856184
0.0875271
0.086526
0.0807116
0.0817999
0.0764642
0.0808222
0.0726782
0.071252
0.0659076
0.0598824
0.0610694
0.0523206
0.0520163
0.0408966
0.0362998
0.0306427
0.0205078
0.0144492
0.00552951
-47.3988
-47.3515
-47.3132
-47.2776
-47.2434
-47.212
-47.1845
-47.1612
-47.142
-47.1262
-47.1119
-47.0966
-47.0761
-47.0455
-46.9969
-46.9215
-46.8081
-46.643
-46.411
-46.0965
-45.6827
-45.156
-44.5049
-43.7229
-42.8092
-41.7684
-40.6109
-39.3517
-38.008
-36.5983
-35.1406
-33.652
-32.1476
-30.6409
-29.143
-27.6639
-26.2118
-24.7934
-23.4154
-22.0828
-20.8
-19.5708
-18.3981
-17.2843
-16.231
-15.2393
-14.3093
-13.4408
-12.6327
-11.8837
-11.1918
-10.5544
-9.96871
-9.43145
-8.93915
-8.48803
-8.07423
-7.69387
-7.34298
-7.01775
-6.71451
-6.42987
-6.16066
-5.90406
-5.65759
-5.41915
-5.18698
-4.9597
-4.73625
-4.5159
-4.29821
-4.08298
-3.87021
-3.66012
-3.45303
-3.2494
-3.04973
-2.85459
-2.66454
-2.48015
-2.30196
-2.13047
-1.96612
-1.80928
-1.66026
-1.51928
-1.38647
-1.26191
-1.14555
-1.03733
-0.937063
-0.844526
-0.759426
-0.681422
-0.610121
-0.545104
-0.485914
-0.432087
-0.383155
-0.338664
-0.298166
-0.261252
-0.227552
-0.196727
-0.168479
-0.142564
-0.118754
-0.0968749
-0.0767779
-0.0583294
-0.0414182
-0.0259451
-0.0118245
0.0010274
0.012692
0.0232439
0.032756
0.0413053
0.0489564
0.0557752
0.061822
0.0671561
0.0718284
0.0758844
0.0793671
0.082312
0.0847534
0.0867252
0.0882585
0.0893881
0.0901437
0.0905569
0.0906642
0.0904943
0.09008
0.0894596
0.088656
0.0877058
0.0866476
0.0855011
0.0843056
0.0830971
0.0818895
0.080724
0.0796237
0.0785944
0.0776804
0.0768872
0.0762014
0.075684
0.075311
0.0750379
0.0749657
0.0750406
0.0751644
0.0755095
0.0759895
0.0764077
0.0770813
0.0779161
0.0783575
0.0794177
0.0803172
0.0810415
0.0813335
0.0839603
0.0825555
0.0845891
0.0855557
0.0859472
0.0865434
0.0873155
0.0867002
0.0891328
0.0868226
0.0902427
0.0848006
0.0901123
0.0879653
0.0851476
0.0881185
0.0810735
0.0870958
0.0816856
0.0828581
0.074856
0.077344
0.0706357
0.0738323
0.0669605
0.0641578
0.0548687
0.0547161
0.0484347
0.0432049
0.039998
0.0271736
0.0248761
0.0159387
0.00561832
-47.2754
-47.232
-47.199
-47.1703
-47.1445
-47.1231
-47.1067
-47.0956
-47.0896
-47.0876
-47.0879
-47.088
-47.0838
-47.0705
-47.0407
-46.9859
-46.8952
-46.7555
-46.5516
-46.268
-45.8873
-45.3946
-44.7765
-44.0246
-43.1359
-42.1125
-40.9639
-39.7035
-38.3488
-36.9191
-35.434
-33.912
-32.3701
-30.8232
-29.2841
-27.7638
-26.2713
-24.8144
-23.4001
-22.0338
-20.7203
-19.4635
-18.2668
-17.1324
-16.062
-15.0565
-14.1163
-13.2408
-12.4291
-11.6794
-10.9895
-10.3568
-9.77793
-9.24951
-8.76769
-8.32834
-7.92732
-7.56031
-7.22304
-6.91144
-6.62154
-6.34969
-6.09253
-5.84704
-5.61065
-5.38111
-5.15665
-4.93588
-4.71773
-4.50154
-4.28693
-4.07377
-3.86219
-3.65251
-3.44517
-3.24073
-3.03984
-2.84313
-2.6513
-2.465
-2.28485
-2.11142
-1.94523
-1.78669
-1.63615
-1.49387
-1.36002
-1.23467
-1.11781
-1.00936
-0.909134
-0.816899
-0.732345
-0.655102
-0.584753
-0.520845
-0.462883
-0.410375
-0.362816
-0.319714
-0.280599
-0.24504
-0.212643
-0.183053
-0.155972
-0.131137
-0.108339
-0.0873964
-0.068161
-0.0505175
-0.034354
-0.0195836
-0.00612393
0.00610436
0.0171794
0.02717
0.0361527
0.0441988
0.0513756
0.0577465
0.0633711
0.0683081
0.0726079
0.0763137
0.0794658
0.0820998
0.0842462
0.0859376
0.0872063
0.0880788
0.0885876
0.088766
0.0886413
0.088252
0.0876276
0.0867966
0.0857998
0.0846653
0.083422
0.0821157
0.0807661
0.0794074
0.0780816
0.0767985
0.0755929
0.0744963
0.0735033
0.0726573
0.0719657
0.0714039
0.0710294
0.0708238
0.070724
0.0708406
0.0711108
0.0714296
0.0719735
0.0726373
0.0732434
0.0740637
0.0751589
0.0756181
0.0770431
0.0777207
0.0789548
0.0792854
0.0813345
0.0814624
0.0825155
0.0833823
0.084707
0.0846574
0.0857398
0.0851909
0.0858846
0.0871467
0.0881384
0.0825146
0.0895923
0.0822572
0.088297
0.0838192
0.0800135
0.0838046
0.0784988
0.0811008
0.0744828
0.0724085
0.0686721
0.0664269
0.0670505
0.0560746
0.057631
0.0444314
0.0461859
0.0360554
0.0306018
0.0264431
0.0130154
0.00545363
-47.1501
-47.111
-47.0834
-47.0617
-47.0444
-47.0329
-47.0276
-47.0286
-47.0354
-47.0472
-47.062
-47.0773
-47.0892
-47.0927
-47.0814
-47.0466
-46.9778
-46.8626
-46.6859
-46.432
-46.0833
-45.624
-45.0388
-44.3179
-43.4552
-42.4516
-41.3138
-40.0543
-38.6904
-37.2419
-35.7295
-34.1735
-32.5927
-31.0037
-29.4213
-27.8573
-26.3221
-24.8245
-23.3717
-21.9698
-20.624
-19.3383
-18.1163
-16.9604
-15.8723
-14.8529
-13.9023
-13.0202
-12.2052
-11.4554
-10.7685
-10.1414
-9.57063
-9.05235
-8.58239
-8.15632
-7.76951
-7.41731
-7.09515
-6.79855
-6.5233
-6.26544
-6.0214
-5.78798
-5.56244
-5.34248
-5.12628
-4.9124
-4.69983
-4.48797
-4.27649
-4.06538
-3.8549
-3.64548
-3.43771
-3.23226
-3.02989
-2.83138
-2.63752
-2.44906
-2.26672
-2.09115
-1.92292
-1.76251
-1.61031
-1.46662
-1.33164
-1.20545
-1.08806
-0.979367
-0.879211
-0.787327
-0.703391
-0.626998
-0.557706
-0.49502
-0.43841
-0.38734
-0.34127
-0.299675
-0.262058
-0.227956
-0.196953
-0.168683
-0.142835
-0.119145
-0.0974078
-0.0774392
-0.0591052
-0.0422943
-0.0269057
-0.0128602
-8.39317e-05
0.0115009
0.0219624
0.0313731
0.039805
0.0473294
0.0540135
0.0599194
0.0651077
0.0696348
0.0735491
0.0768936
0.0797058
0.0820177
0.0838619
0.0852658
0.086258
0.0868679
0.0871216
0.0870534
0.0866957
0.0860743
0.0852272
0.084187
0.0829795
0.0816486
0.0802237
0.0787334
0.077224
0.07572
0.0742477
0.0728506
0.0715424
0.0703489
0.0693013
0.0683927
0.0676612
0.0671083
0.0667084
0.0665129
0.0665068
0.0665961
0.0669386
0.0674147
0.0679188
0.0686855
0.0695601
0.0703292
0.0713089
0.0726516
0.0731658
0.0748138
0.0755429
0.0767085
0.0781882
0.078514
0.0804751
0.0812521
0.0809737
0.0833236
0.0832805
0.0838178
0.084748
0.0826989
0.0875975
0.0839104
0.0842057
0.0857769
0.0794373
0.0893548
0.0785966
0.0833319
0.076766
0.0779312
0.0762435
0.074674
0.0690794
0.0658739
0.0631409
0.060296
0.0540203
0.0514733
0.0420703
0.0371173
0.0346747
0.0204044
0.0130516
0.00589264
-47.022
-46.9875
-46.9654
-46.9508
-46.9421
-46.9404
-46.9459
-46.9588
-46.9784
-47.0037
-47.0327
-47.0629
-47.0907
-47.1111
-47.1176
-47.1023
-47.0546
-46.9628
-46.8121
-46.5869
-46.2693
-45.8426
-45.2908
-44.6013
-43.7664
-42.7839
-41.6591
-40.4026
-39.0314
-37.5651
-36.0262
-34.4357
-32.815
-31.1824
-29.5543
-27.9443
-26.364
-24.823
-23.3294
-21.8901
-20.51
-19.1941
-17.9457
-16.7674
-15.6609
-14.6272
-13.6664
-12.7778
-11.96
-11.2109
-10.5279
-9.90758
-9.34619
-8.83948
-8.38293
-7.97166
-7.60066
-7.26487
-6.95935
-6.67926
-6.42004
-6.17746
-5.94766
-5.72729
-5.51346
-5.30377
-5.09636
-4.88977
-4.68305
-4.47564
-4.26732
-4.05822
-3.84871
-3.63937
-3.43092
-3.2242
-3.02009
-2.81949
-2.62332
-2.43244
-2.24765
-2.06969
-1.89921
-1.73674
-1.58273
-1.43751
-1.30129
-1.17419
-1.05623
-0.947306
-0.847242
-0.755764
-0.672515
-0.597068
-0.528941
-0.467597
-0.412465
-0.362962
-0.318515
-0.278559
-0.242555
-0.210017
-0.180505
-0.153636
-0.129092
-0.10661
-0.0859798
-0.0670283
-0.0496292
-0.0336758
-0.0190875
-0.00578868
0.00628577
0.0172057
0.0270357
0.0358447
0.0437057
0.0506902
0.0568628
0.0622881
0.0670256
0.0711294
0.0746472
0.0776187
0.0800803
0.0820636
0.0835953
0.0847039
0.0854134
0.0857484
0.0857426
0.0854227
0.0848167
0.0839612
0.0828821
0.0816156
0.0801991
0.0786577
0.0770336
0.0753661
0.0736774
0.0720144
0.0704044
0.0688721
0.0674579
0.0661732
0.0650426
0.064093
0.0633115
0.0627407
0.0623707
0.0621562
0.0621821
0.0623969
0.06269
0.0632727
0.0640014
0.0646507
0.0656532
0.0667975
0.0676953
0.0687931
0.0702986
0.0711834
0.0725509
0.0740646
0.0744332
0.0772359
0.0766491
0.0787926
0.0801921
0.0794854
0.08121
0.0823518
0.0826464
0.0839153
0.0809929
0.0861049
0.0801857
0.0880638
0.0787138
0.0837541
0.0812309
0.0797342
0.0822867
0.0730694
0.0773646
0.0707996
0.0731735
0.0668487
0.0630639
0.0602137
0.0520599
0.054979
0.0404307
0.0429509
0.0317074
0.018141
0.0177927
0.00663545
-46.8899
-46.8605
-46.8443
-46.8368
-46.8366
-46.8445
-46.8608
-46.8852
-46.9173
-46.9558
-46.9988
-47.0437
-47.0869
-47.1236
-47.1476
-47.1513
-47.1244
-47.0553
-46.9298
-46.7322
-46.4446
-46.0496
-45.5304
-44.8728
-44.0663
-43.1069
-41.9973
-40.7464
-39.37
-37.888
-36.3229
-34.6981
-33.0366
-31.3587
-29.6828
-28.0243
-26.3963
-24.8095
-23.273
-21.7937
-20.3777
-19.03
-17.7538
-16.5522
-15.4268
-14.3785
-13.4074
-12.5126
-11.6926
-10.9451
-10.2669
-9.65463
-9.10398
-8.61042
-8.1689
-7.77411
-7.42062
-7.10298
-6.81579
-6.5538
-6.31209
-6.08611
-5.87177
-5.6655
-5.46426
-5.26556
-5.06747
-4.86855
-4.66792
-4.46506
-4.25991
-4.05272
-3.84401
-3.63453
-3.42513
-3.21684
-3.01066
-2.80765
-2.60884
-2.41523
-2.2277
-2.0471
-1.87413
-1.70939
-1.55339
-1.40648
-1.26892
-1.14085
-1.02227
-0.913116
-0.813168
-0.722149
-0.639667
-0.565266
-0.498418
-0.438543
-0.385025
-0.337236
-0.294553
-0.256365
-0.2221
-0.191239
-0.163317
-0.137937
-0.114774
-0.0935629
-0.0740852
-0.0561882
-0.0397488
-0.0246795
-0.0109095
0.00162156
0.0129746
0.023209
0.032387
0.0405766
0.0478473
0.054272
0.0599168
0.0648449
0.0691179
0.0727868
0.0758951
0.0784841
0.0805868
0.082232
0.0834457
0.0842487
0.0846666
0.0847241
0.0844471
0.0838676
0.0830095
0.0819033
0.0805885
0.0790908
0.0774445
0.0756923
0.0738623
0.0719939
0.07013
0.0682954
0.0665308
0.064869
0.0633317
0.0619518
0.0607421
0.0597284
0.0589284
0.0583144
0.0579499
0.0577961
0.057799
0.0580645
0.058548
0.0590363
0.0598611
0.0608946
0.0616918
0.0628544
0.0643396
0.0653252
0.0665982
0.0680699
0.0697817
0.0703532
0.0728552
0.0728566
0.0756363
0.0756027
0.0773342
0.0781183
0.079488
0.0796145
0.0806597
0.0824776
0.0815426
0.0817267
0.082208
0.0808335
0.0861566
0.077013
0.0849602
0.0743558
0.0838155
0.0740651
0.0781968
0.0695006
0.0717759
0.0674499
0.0635383
0.0616589
0.0546756
0.0516225
0.0467413
0.0395054
0.0296356
0.0225914
0.0188164
0.00633503
-46.753
-46.7293
-46.7193
-46.719
-46.7271
-46.7444
-46.7711
-46.8068
-46.851
-46.9024
-46.959
-47.0183
-47.0766
-47.1294
-47.1705
-47.1924
-47.1854
-47.1383
-47.0369
-46.8657
-46.6075
-46.244
-45.7569
-45.1309
-44.3539
-43.4191
-42.3265
-41.0834
-39.7043
-38.2082
-36.6183
-34.9597
-33.2566
-31.532
-29.8064
-28.097
-26.4188
-24.7835
-23.2014
-21.6801
-20.2262
-18.8447
-17.5397
-16.3137
-15.1688
-14.1057
-13.1243
-12.2236
-11.4019
-10.6568
-9.98469
-9.38174
-8.84339
-8.36461
-7.93987
-7.5634
-7.22933
-6.93169
-6.6646
-6.4224
-6.19978
-5.99187
-5.79427
-5.60321
-5.41547
-5.22848
-5.04025
-4.84938
-4.65503
-4.45681
-4.25478
-4.04936
-3.84124
-3.63132
-3.42067
-3.21043
-3.00183
-2.79604
-2.59425
-2.39755
-2.20697
-2.02342
-1.84769
-1.68046
-1.52226
-1.37352
-1.2345
-1.10537
-0.986138
-0.876729
-0.776927
-0.686419
-0.604789
-0.531539
-0.466095
-0.407828
-0.356075
-0.31015
-0.269378
-0.233104
-0.200711
-0.171648
-0.145423
-0.121622
-0.0999176
-0.0800332
-0.061754
-0.0449402
-0.0294875
-0.0153224
-0.00238889
0.00935811
0.0199723
0.0295022
0.0380096
0.0455596
0.0522201
0.0580662
0.0631651
0.0675822
0.0713762
0.0745972
0.0772871
0.0794837
0.0812205
0.082521
0.0834058
0.0838986
0.0840179
0.0837882
0.0832378
0.0823858
0.0812654
0.0799077
0.0783407
0.0766036
0.0747265
0.0727426
0.0706998
0.0686288
0.0665647
0.0645579
0.0626321
0.0608241
0.0591648
0.0576802
0.0563929
0.0553094
0.054464
0.0538638
0.0534609
0.0533303
0.0534453
0.0536705
0.0542048
0.0549891
0.0556824
0.0567217
0.058107
0.0590659
0.0602539
0.0622119
0.0632863
0.0647647
0.0660345
0.0686145
0.0689199
0.0709965
0.0723413
0.0737357
0.0743278
0.0770876
0.0757242
0.0798828
0.0785875
0.0785716
0.0820095
0.0792245
0.0837048
0.0780364
0.0831834
0.0790781
0.082936
0.0772869
0.0795887
0.0745223
0.0778982
0.0722667
0.071406
0.0672542
0.0628782
0.0636088
0.0562379
0.0526359
0.0490747
0.0340801
0.0343678
0.0256771
0.0162978
0.00582362
-46.6108
-46.5934
-46.5897
-46.5966
-46.6129
-46.6394
-46.6761
-46.7227
-46.7785
-46.8423
-46.9121
-46.9852
-47.0582
-47.1266
-47.1843
-47.2242
-47.2366
-47.2107
-47.133
-46.9877
-46.7576
-46.4243
-45.9687
-45.3742
-44.6269
-43.7179
-42.6445
-41.4119
-40.0322
-38.5244
-36.9113
-35.2192
-33.4745
-31.702
-29.9248
-28.1621
-26.4308
-24.7445
-23.1141
-21.5483
-20.0543
-18.6375
-17.3021
-16.0508
-14.8856
-13.8073
-12.8157
-11.9095
-11.0869
-10.3451
-9.68028
-9.0881
-8.56367
-8.1015
-7.69543
-7.33931
-7.02668
-6.75104
-6.50597
-6.2854
-6.0836
-5.89527
-5.71578
-5.54106
-5.36778
-5.19323
-5.01541
-4.83294
-4.64506
-4.45151
-4.25253
-4.04868
-3.84086
-3.63018
-3.41788
-3.20531
-2.99385
-2.78487
-2.57969
-2.37953
-2.18552
-1.9987
-1.81992
-1.64994
-1.48934
-1.33858
-1.19797
-1.06769
-0.947757
-0.838084
-0.738451
-0.648512
-0.567821
-0.495835
-0.431928
-0.37542
-0.325586
-0.281684
-0.242987
-0.208781
-0.178407
-0.151274
-0.126858
-0.104736
-0.0845574
-0.0660476
-0.0490106
-0.033311
-0.018867
-0.00562115
0.00645709
0.0174081
0.0272665
0.0360772
0.0438945
0.0507831
0.0568147
0.0620633
0.0665997
0.0704896
0.0737916
0.0765532
0.0788147
0.0806129
0.081975
0.082923
0.0834745
0.0836472
0.0834639
0.0829417
0.0821049
0.0809784
0.0795865
0.0779646
0.0761446
0.0741531
0.0720318
0.0698169
0.0675416
0.0652548
0.0629936
0.0607932
0.0586984
0.0567408
0.0549511
0.0533517
0.0519752
0.0508444
0.0499391
0.0493099
0.0489617
0.0488001
0.0489363
0.049355
0.0498288
0.0506354
0.0517538
0.0526354
0.0538705
0.0556425
0.0567876
0.0579258
0.0604135
0.0615543
0.0632839
0.0644184
0.0671222
0.0685912
0.0685653
0.0721724
0.0722934
0.0735863
0.076279
0.0747474
0.0792789
0.0771855
0.0789214
0.0795159
0.0793757
0.0827227
0.0772662
0.0823331
0.0769738
0.0824223
0.0763217
0.0777308
0.0731437
0.0756498
0.0702017
0.0706836
0.0637918
0.0620496
0.0587925
0.0529513
0.0457872
0.0385569
0.0371647
0.0257553
0.0158994
0.0063528
-46.4627
-46.4522
-46.455
-46.469
-46.4934
-46.5287
-46.5749
-46.6319
-46.6989
-46.7745
-46.8569
-46.9434
-47.0306
-47.114
-47.1878
-47.2449
-47.2763
-47.271
-47.216
-47.0954
-46.8924
-46.5884
-46.164
-45.6013
-44.8842
-44.0017
-42.9492
-41.729
-40.3516
-38.8341
-37.1999
-35.4755
-33.689
-31.8679
-30.0373
-28.2191
-26.4321
-24.6918
-23.0103
-21.3975
-19.8612
-18.4071
-17.0398
-15.762
-14.5759
-13.4821
-12.4804
-11.5691
-10.7464
-10.0089
-9.35264
-8.77289
-8.26423
-7.82054
-7.43529
-7.10166
-6.81265
-6.56111
-6.34019
-6.14322
-5.96403
-5.79695
-5.63699
-5.47985
-5.32198
-5.16063
-4.99374
-4.82
-4.63874
-4.44987
-4.25377
-4.05124
-3.84339
-3.63153
-3.41714
-3.20178
-2.987
-2.77436
-2.56533
-2.36128
-2.16346
-1.973
-1.79085
-1.61784
-1.4546
-1.30164
-1.15929
-1.02775
-0.907058
-0.797107
-0.697669
-0.608361
-0.528704
-0.458101
-0.395874
-0.341283
-0.293537
-0.251835
-0.215385
-0.183416
-0.155217
-0.130149
-0.107661
-0.0873123
-0.0687271
-0.051648
-0.0358854
-0.0213259
-0.00790618
0.00440247
0.0156194
0.0257604
0.0348489
0.0429228
0.0500324
0.0562399
0.061622
0.066253
0.0702097
0.0735576
0.0763538
0.0786459
0.0804717
0.0818629
0.0828449
0.0834325
0.0836437
0.083494
0.0829989
0.0821787
0.0810516
0.0796379
0.0779725
0.0760784
0.0739886
0.071741
0.0693636
0.0668996
0.0643922
0.0618751
0.0593984
0.0570045
0.054727
0.0526066
0.0506802
0.0489738
0.0474946
0.0462867
0.0453715
0.0446951
0.0443252
0.0442763
0.0443924
0.0448156
0.0455767
0.0462907
0.0473954
0.0488702
0.0498813
0.051377
0.0535121
0.0547783
0.0561156
0.058749
0.06019
0.0619775
0.0634717
0.0654487
0.0680922
0.0676299
0.0711441
0.0712207
0.0744306
0.0733943
0.0760912
0.077238
0.0765197
0.0803839
0.0757709
0.0821685
0.0780559
0.0806299
0.0781809
0.0785859
0.0776914
0.0797057
0.0711921
0.0786715
0.0654363
0.0757187
0.0628275
0.0635878
0.060477
0.0487129
0.0493675
0.0439084
0.0346407
0.0261588
0.0172593
0.00833615
-46.3082
-46.3051
-46.3147
-46.3357
-46.3679
-46.4117
-46.4671
-46.5339
-46.6114
-46.6983
-46.7925
-46.8917
-46.9924
-47.0903
-47.1796
-47.2536
-47.3031
-47.3177
-47.2845
-47.1884
-47.012
-46.7365
-46.3422
-45.8101
-45.1236
-44.2686
-43.2386
-42.0329
-40.6599
-39.1356
-37.4822
-35.7271
-33.8995
-32.0291
-30.1437
-28.2677
-26.4224
-24.625
-22.8896
-21.2271
-19.6459
-18.1526
-16.7517
-15.4463
-14.2385
-13.1289
-12.117
-11.2011
-10.3791
-9.64709
-9.0009
-8.43532
-7.94434
-7.52126
-7.15907
-6.85028
-6.58719
-6.36213
-6.16759
-5.99634
-5.84172
-5.69763
-5.55871
-5.4204
-5.27897
-5.13157
-4.97614
-4.81143
-4.6369
-4.45263
-4.2592
-4.05767
-3.84937
-3.63588
-3.41889
-3.20019
-2.98157
-2.76474
-2.55136
-2.34294
-2.14088
-1.94638
-1.76052
-1.58416
-1.41802
-1.26265
-1.1184
-0.98549
-0.86397
-0.753728
-0.654503
-0.565893
-0.487365
-0.418275
-0.357883
-0.305382
-0.259911
-0.2206
-0.186587
-0.157037
-0.131174
-0.10832
-0.0878782
-0.0693886
-0.0524722
-0.0368718
-0.0224158
-0.00901612
0.00336617
0.0147319
0.0250814
0.0344033
0.0427102
0.0500308
0.0564145
0.0619216
0.0666316
0.0706263
0.0739852
0.076775
0.079054
0.0808664
0.0822492
0.0832277
0.0838216
0.0840454
0.0839113
0.0834321
0.0826237
0.0814963
0.0800718
0.07837
0.0764168
0.0742445
0.0718795
0.0693571
0.0667204
0.0639984
0.0612377
0.0584879
0.0557859
0.0531774
0.0507124
0.0484279
0.0463465
0.0445134
0.0429572
0.0416638
0.0406796
0.0400465
0.0396444
0.0395791
0.0398616
0.0402722
0.041034
0.0421438
0.0430602
0.0445347
0.0463415
0.0474102
0.0493648
0.0517042
0.0529045
0.0549713
0.0571196
0.0593892
0.060459
0.0632393
0.0643302
0.0664923
0.0686587
0.0695524
0.0702602
0.0753868
0.0713272
0.0773831
0.0741756
0.0791679
0.0773796
0.0774287
0.0801937
0.0763792
0.0831709
0.0743549
0.0801554
0.0764316
0.0749944
0.0772335
0.0673322
0.0743764
0.0637701
0.0672517
0.0576856
0.051549
0.055857
0.0421137
0.0351452
0.0271391
0.0193805
0.01037
-46.1471
-46.1519
-46.1683
-46.1964
-46.2361
-46.288
-46.352
-46.4281
-46.5154
-46.6127
-46.7182
-46.8293
-46.9428
-47.0544
-47.1587
-47.2487
-47.316
-47.3501
-47.3379
-47.2648
-47.1138
-46.866
-46.5015
-46
-45.3433
-44.5165
-43.5099
-42.321
-40.9553
-39.4267
-37.7567
-35.9725
-34.1046
-32.1848
-30.2434
-28.3077
-26.4014
-24.544
-22.7515
-21.0364
-19.4078
-17.8729
-16.4367
-15.1024
-13.8722
-12.7463
-11.7243
-10.8044
-9.98378
-9.25863
-8.6241
-8.07448
-7.60326
-7.20316
-6.86646
-6.58499
-6.35038
-6.15432
-5.98857
-5.84534
-5.71737
-5.59813
-5.48185
-5.36369
-5.23975
-5.10707
-4.9636
-4.80818
-4.64042
-4.46061
-4.26959
-4.06865
-3.85941
-3.64372
-3.42356
-3.20093
-2.97784
-2.75625
-2.53796
-2.32467
-2.11787
-1.91892
-1.72895
-1.54891
-1.37959
-1.22156
-1.07524
-0.940836
-0.818418
-0.707858
-0.608875
-0.521028
-0.443733
-0.376293
-0.317903
-0.267678
-0.224688
-0.187978
-0.156609
-0.129673
-0.106324
-0.0858243
-0.0675605
-0.0510177
-0.0358381
-0.0217589
-0.00863721
0.00358622
0.0149237
0.0253508
0.0348277
0.043325
0.0508395
0.0573958
0.0630319
0.0678182
0.0718352
0.0751737
0.0779147
0.0801311
0.0818803
0.0832056
0.0841373
0.0846975
0.0849005
0.0847548
0.0842729
0.0834608
0.0823308
0.0808946
0.0791653
0.0771675
0.0749249
0.07246
0.0698112
0.0670118
0.0640947
0.0611069
0.0580875
0.0550818
0.0521446
0.0493188
0.0466461
0.0441779
0.0419555
0.0399853
0.0383126
0.0369816
0.0359373
0.0352373
0.0349283
0.0348525
0.0351345
0.0357714
0.0364771
0.0376469
0.0390613
0.0401564
0.0421533
0.0441448
0.0452313
0.0478336
0.0501754
0.0513711
0.0541784
0.0557809
0.0588124
0.0593316
0.0628914
0.0639284
0.0651818
0.0692536
0.0686737
0.0706939
0.073409
0.0732013
0.0752532
0.0748697
0.0790845
0.0750071
0.0817228
0.0731592
0.0838528
0.0750434
0.0802482
0.0754403
0.076884
0.0736794
0.0755301
0.0676153
0.0705411
0.0645687
0.0587627
0.0606185
0.0530458
0.0418704
0.0386512
0.0290168
0.0219032
0.00921274
-45.9789
-45.9922
-46.0156
-46.0506
-46.0977
-46.1572
-46.2294
-46.314
-46.4104
-46.5174
-46.6332
-46.7554
-46.8809
-47.0054
-47.1238
-47.2292
-47.3134
-47.3659
-47.3741
-47.3238
-47.1976
-46.9765
-46.6405
-46.1689
-45.5421
-44.7439
-43.7621
-42.5916
-41.2353
-39.7051
-38.0212
-36.2103
-34.3035
-32.3346
-30.3363
-28.3391
-26.369
-24.4487
-22.596
-20.8249
-19.1462
-17.5672
-16.0937
-14.7291
-13.4754
-12.3329
-11.3009
-10.3774
-9.55933
-8.84232
-8.22113
-7.68949
-7.24033
-6.8657
-6.55713
-6.30572
-6.10239
-5.93802
-5.80369
-5.69091
-5.59184
-5.49942
-5.40746
-5.31084
-5.20545
-5.08824
-4.95721
-4.8113
-4.65029
-4.47473
-4.28574
-4.08491
-3.87416
-3.65565
-3.43163
-3.20439
-2.97618
-2.74917
-2.52536
-2.30661
-2.09456
-1.89067
-1.69617
-1.51209
-1.33927
-1.17834
-1.02974
-0.893719
-0.770322
-0.659421
-0.560701
-0.473681
-0.397734
-0.332093
-0.275883
-0.22814
-0.187851
-0.153969
-0.12547
-0.101351
-0.0806999
-0.0627258
-0.0467521
-0.0322587
-0.0188741
-0.00635798
0.00540453
0.0164494
0.026745
0.0362353
0.0448427
0.052516
0.0592339
0.0650077
0.0698798
0.0739223
0.0772235
0.0798829
0.0819867
0.0836132
0.0848217
0.0856505
0.0861268
0.0862637
0.0860724
0.0855573
0.0847223
0.0835748
0.0821201
0.0803671
0.0783322
0.0760313
0.073488
0.0707299
0.0677841
0.0646941
0.0614934
0.0582198
0.0549272
0.0516627
0.0484708
0.0454093
0.0425317
0.0398695
0.0374714
0.0353896
0.0336024
0.0321611
0.031119
0.0303952
0.0300307
0.030098
0.03037
0.0310572
0.0320303
0.0330501
0.0347261
0.0363089
0.0376357
0.0402747
0.0421471
0.0436432
0.0465472
0.0488965
0.0504023
0.0534587
0.0550437
0.0576933
0.0597603
0.0617643
0.0636644
0.065731
0.0684443
0.0681555
0.0722327
0.070728
0.0756273
0.0732584
0.0775691
0.0743321
0.0811086
0.0749017
0.0798025
0.0781881
0.077001
0.0790867
0.0748665
0.0748361
0.078434
0.0651642
0.0758612
0.0605837
0.0667894
0.0609268
0.0487485
0.0474702
0.0393587
0.0332625
0.0221192
0.00648407
-45.8039
-45.8261
-45.8566
-45.8984
-45.9525
-46.0192
-46.0989
-46.1913
-46.296
-46.4118
-46.537
-46.6695
-46.806
-46.9426
-47.0743
-47.1941
-47.2944
-47.3646
-47.3923
-47.3635
-47.2609
-47.0658
-46.7578
-46.3158
-45.7188
-44.9492
-43.9927
-42.8422
-41.4978
-39.9691
-38.274
-36.4386
-34.4949
-32.4776
-30.4222
-28.3619
-26.3258
-24.3393
-22.4231
-20.5929
-18.8605
-17.2349
-15.7219
-14.3252
-13.0469
-11.8873
-10.8454
-9.91899
-9.10438
-8.39695
-7.79096
-7.27948
-6.85489
-6.50842
-6.23082
-6.01244
-5.84338
-5.71364
-5.61355
-5.53386
-5.46608
-5.40259
-5.33674
-5.26309
-5.17734
-5.07637
-4.95821
-4.82195
-4.66761
-4.49601
-4.30859
-4.10727
-3.89434
-3.67226
-3.44362
-3.21101
-2.97693
-2.74378
-2.51378
-2.28895
-2.07108
-1.86172
-1.66223
-1.4737
-1.29705
-1.13295
-0.981869
-0.844068
-0.719603
-0.608326
-0.509892
-0.423775
-0.34929
-0.285608
-0.231773
-0.186735
-0.149384
-0.118579
-0.0931851
-0.0721051
-0.0543593
-0.0390728
-0.0255232
-0.0131723
-0.00164547
0.00927331
0.019669
0.029536
0.0388041
0.0473667
0.0551145
0.0619674
0.0678835
0.0728632
0.0769521
0.080226
0.0827869
0.0847421
0.0861885
0.0872095
0.0878661
0.0881919
0.0882075
0.0879207
0.0873332
0.086446
0.0852575
0.0837691
0.0819868
0.0799156
0.077567
0.0749614
0.0721112
0.0690458
0.065801
0.0624058
0.0589041
0.0553418
0.0517589
0.0482157
0.0447662
0.0414554
0.0383434
0.0354912
0.0329222
0.0306699
0.0288037
0.0272868
0.0261467
0.0254653
0.025108
0.0251494
0.0255901
0.0262736
0.0274134
0.028647
0.0300726
0.0322757
0.0338364
0.0357191
0.038717
0.0403494
0.0427459
0.0455748
0.0476972
0.0499066
0.0530606
0.0546415
0.0564826
0.0608819
0.0611257
0.0630907
0.0669498
0.067483
0.0682726
0.072876
0.0707847
0.0748215
0.0756688
0.0747104
0.0776078
0.0784803
0.0750938
0.082866
0.0720869
0.0827078
0.074049
0.077614
0.0756061
0.070778
0.0730144
0.0658205
0.0694462
0.0554295
0.0540744
0.0504501
0.0401712
0.036571
0.0200214
0.00734283
-45.6222
-45.6537
-45.6915
-45.7399
-45.8006
-45.874
-45.9605
-46.06
-46.172
-46.2957
-46.4294
-46.5711
-46.7177
-46.8655
-47.0094
-47.1429
-47.2583
-47.3452
-47.3918
-47.3836
-47.3037
-47.1335
-46.8526
-46.4389
-45.8713
-45.1303
-44.2005
-43.0714
-41.7411
-40.2162
-38.513
-36.6563
-34.6779
-32.6137
-30.5011
-28.3764
-26.2721
-24.2167
-22.2334
-20.3404
-18.5511
-16.8757
-15.3206
-13.8899
-12.5858
-11.4084
-10.3566
-9.42771
-8.61768
-7.92145
-7.33257
-6.84368
-6.44624
-6.13082
-5.88735
-5.70524
-5.57366
-5.48173
-5.41891
-5.37517
-5.34126
-5.30892
-5.27107
-5.22188
-5.15686
-5.07286
-4.96796
-4.84144
-4.69359
-4.52554
-4.33911
-4.1366
-3.92069
-3.69421
-3.46009
-3.22125
-2.98048
-2.74041
-2.50348
-2.27187
-2.04754
-1.83216
-1.62717
-1.43377
-1.25292
-1.08535
-0.93155
-0.791812
-0.66618
-0.554489
-0.456357
-0.371218
-0.298323
-0.236769
-0.185517
-0.143425
-0.109277
-0.0818129
-0.0597859
-0.041994
-0.0273614
-0.0149354
-0.00395053
0.00616336
0.0157782
0.0250755
0.0341035
0.0428057
0.0510661
0.0587253
0.0656302
0.0716744
0.0767853
0.0809596
0.0842422
0.0867223
0.088515
0.0897384
0.0905064
0.0909071
0.0910006
0.0908178
0.0903715
0.0896594
0.0886771
0.0874171
0.085872
0.0840433
0.0819285
0.0795368
0.0768741
0.0739524
0.070792
0.0674145
0.0638525
0.0601474
0.0563332
0.0524596
0.0485806
0.0447455
0.0410113
0.0374471
0.0340977
0.0310169
0.0282797
0.0258891
0.0238651
0.0223003
0.0211269
0.0203628
0.0200829
0.0201793
0.0206567
0.0214498
0.0226468
0.0242148
0.025631
0.0276943
0.0301562
0.0317038
0.0344626
0.0374255
0.038956
0.0420937
0.0452547
0.0463561
0.0501824
0.0525334
0.0546115
0.0565954
0.0606204
0.0616108
0.0634319
0.0666686
0.0673378
0.0702816
0.0711847
0.0720161
0.0759585
0.0743056
0.0756176
0.0801747
0.0724391
0.084225
0.0724373
0.0825508
0.0766381
0.0752786
0.0769298
0.0751782
0.0701906
0.0743215
0.063257
0.0585787
0.0603841
0.0497742
0.0452416
0.0344869
0.0184198
0.0104497
-45.4343
-45.4755
-45.5205
-45.5753
-45.6423
-45.7218
-45.8144
-45.9201
-46.0386
-46.1692
-46.3104
-46.4603
-46.616
-46.7739
-46.929
-47.0751
-47.2044
-47.3069
-47.371
-47.3824
-47.3245
-47.1783
-46.9234
-46.5375
-45.9988
-45.2866
-44.3833
-43.2771
-41.9627
-40.4447
-38.7367
-36.8619
-34.8515
-32.742
-30.5731
-28.3836
-26.209
-24.0819
-22.0282
-20.0684
-18.2185
-16.4899
-14.8897
-13.4228
-12.0913
-10.8953
-9.83331
-8.90238
-8.098
-7.41454
-6.84498
-6.38119
-6.01381
-5.73258
-5.5266
-5.38423
-5.29365
-5.24298
-5.22073
-5.21598
-5.21867
-5.21988
-5.21199
-5.18881
-5.14565
-5.07931
-4.98801
-4.87122
-4.72955
-4.56453
-4.37839
-4.17386
-3.95405
-3.72221
-3.48165
-3.23563
-2.98723
-2.73937
-2.49469
-2.25557
-2.02409
-1.80207
-1.59105
-1.39231
-1.20687
-1.0355
-0.878741
-0.736882
-0.609971
-0.497816
-0.400002
-0.315916
-0.244744
-0.185502
-0.137064
-0.0981777
-0.0675137
-0.0436858
-0.0253096
-0.0110758
0.000219283
0.00959926
0.0178843
0.0256731
0.0333183
0.0409812
0.0486491
0.0562169
0.0635036
0.0702927
0.0763854
0.0816323
0.0859387
0.0892938
0.0917474
0.0934034
0.0943942
0.0948591
0.0949244
0.0946885
0.09421
0.0935145
0.0926067
0.0914727
0.0900957
0.0884648
0.0865635
0.0843916
0.0819465
0.0792286
0.0762468
0.0730089
0.0695276
0.065831
0.0619466
0.0579129
0.0537769
0.0495823
0.045382
0.0412449
0.0372198
0.033369
0.0297734
0.0264765
0.0235183
0.0209838
0.0188621
0.0171552
0.0159697
0.0152375
0.0148945
0.0150594
0.0156912
0.0165871
0.0177424
0.0195986
0.0213901
0.0230634
0.0259381
0.0283029
0.0301661
0.0335391
0.036469
0.0380998
0.0417638
0.0449537
0.045536
0.0512545
0.0514537
0.0550769
0.0579705
0.0594267
0.0619335
0.0655923
0.0651214
0.0678241
0.0732489
0.0677914
0.0768273
0.0733632
0.0751869
0.0794366
0.0734521
0.0819125
0.0775044
0.0775124
0.0809032
0.0738427
0.0803102
0.0748992
0.074236
0.0733036
0.0623592
0.0670594
0.0596377
0.0528641
0.0487918
0.030384
0.0201061
0.0118521
-45.2409
-45.2921
-45.3442
-45.4051
-45.478
-45.563
-45.6608
-45.7719
-45.896
-46.0325
-46.1802
-46.3372
-46.5009
-46.6677
-46.8329
-46.9904
-47.1326
-47.2497
-47.3302
-47.3598
-47.3224
-47.1991
-46.9691
-46.6102
-46.0997
-45.4162
-44.5402
-43.458
-42.1619
-40.6533
-38.9435
-37.0542
-35.0148
-32.8627
-30.6388
-28.3844
-26.1385
-23.9369
-21.809
-19.7788
-17.8642
-16.0783
-14.4298
-12.9238
-11.5629
-10.3471
-9.27451
-8.34185
-7.54418
-6.87521
-6.32718
-5.89119
-5.55696
-5.31338
-5.14853
-5.04968
-5.00386
-4.99821
-5.02011
-5.05764
-5.09988
-5.13715
-5.16129
-5.16571
-5.14553
-5.09753
-5.02005
-4.91288
-4.77699
-4.61432
-4.42761
-4.22008
-3.99532
-3.75703
-3.50894
-3.25467
-2.99763
-2.74103
-2.48772
-2.24026
-2.0009
-1.77158
-1.55395
-1.34935
-1.15889
-0.983381
-0.823386
-0.67921
-0.550894
-0.438215
-0.340735
-0.25778
-0.188471
-0.13174
-0.0863603
-0.0509665
-0.0240895
-0.00422016
0.0101928
0.0205885
0.0282972
0.0344384
0.0398846
0.0452535
0.0508911
0.0569109
0.0632525
0.069728
0.0760912
0.0820576
0.0873742
0.09184
0.0953448
0.0978666
0.0994638
0.100261
0.100413
0.100086
0.0994243
0.0985348
0.0974764
0.0962693
0.0949024
0.0933505
0.0915852
0.0895839
0.0873297
0.0848151
0.0820352
0.0789932
0.0756867
0.0721268
0.0683237
0.064296
0.0600784
0.0557108
0.0512324
0.0467005
0.0421718
0.037703
0.0333704
0.0292355
0.0253541
0.0218247
0.0186813
0.0159414
0.0137106
0.0119597
0.0106453
0.00991519
0.00971616
0.00981513
0.0104869
0.0117424
0.012922
0.0145785
0.0171238
0.0189066
0.0211989
0.0244974
0.0268825
0.029246
0.033019
0.0355039
0.0378613
0.042289
0.0435609
0.0468618
0.0511242
0.0516621
0.0554673
0.058881
0.0590887
0.0632849
0.0656153
0.0655699
0.0708434
0.0695191
0.0737792
0.0747461
0.072255
0.0800561
0.0760054
0.0782805
0.0814048
0.0733697
0.0842695
0.0768734
0.0790106
0.0784536
0.0757469
0.0694886
0.0703739
0.068654
0.0595917
0.0572415
0.0461878
0.0320731
0.025183
0.0115389
-45.0428
-45.104
-45.1632
-45.23
-45.3081
-45.3979
-45.5003
-45.6159
-45.7446
-45.886
-46.0392
-46.2022
-46.3728
-46.5473
-46.7215
-46.8891
-47.0428
-47.1731
-47.2686
-47.3152
-47.2971
-47.1954
-46.9895
-46.6566
-46.1738
-45.5186
-44.67
-43.6126
-42.3363
-40.8401
-39.1319
-37.2319
-35.1674
-32.9759
-30.699
-28.3805
-26.0625
-23.7842
-21.5791
-19.4741
-17.4904
-15.643
-13.942
-12.3937
-11.0008
-9.76349
-8.67954
-7.74545
-6.95538
-6.30248
-5.77826
-5.37292
-5.07521
-4.87301
-4.75321
-4.70192
-4.70508
-4.74844
-4.81834
-4.9017
-4.98664
-5.06268
-5.12101
-5.15467
-5.15856
-5.1295
-5.06602
-4.96821
-4.83751
-4.67638
-4.48808
-4.27641
-4.04549
-3.79951
-3.54266
-3.27896
-3.01217
-2.74577
-2.48285
-2.22618
-1.97814
-1.74082
-1.51593
-1.30495
-1.10901
-0.928974
-0.765451
-0.618739
-0.488868
-0.375605
-0.278465
-0.196724
-0.129426
-0.0754146
-0.0333606
-0.00176785
0.0209818
0.0365624
0.0466714
0.0529218
0.0567816
0.0594718
0.0619316
0.0647923
0.06839
0.0727825
0.0778451
0.083298
0.0888022
0.0940083
0.0985907
0.102303
0.10501
0.106681
0.10739
0.107285
0.106557
0.105402
0.103985
0.102426
0.100783
0.0990664
0.0972489
0.095287
0.0931393
0.0907744
0.0881669
0.0853111
0.0821969
0.0788241
0.0751954
0.0713091
0.0671756
0.0628138
0.0582512
0.0535335
0.0487033
0.0438151
0.0389351
0.0341301
0.0294607
0.0250181
0.0208669
0.0170576
0.0137041
0.0108221
0.00839226
0.00656734
0.00529891
0.00443112
0.00426989
0.00467439
0.00515666
0.00648914
0.00833703
0.00968657
0.0121655
0.0149588
0.0169719
0.0200346
0.0233335
0.0258764
0.0287541
0.0332102
0.0341895
0.0388507
0.0423503
0.0427401
0.049438
0.0492976
0.0534594
0.0568623
0.0573268
0.0613046
0.0652877
0.0626713
0.0710526
0.0694342
0.0696726
0.077071
0.0706252
0.0804186
0.0761133
0.0762789
0.0833139
0.0744516
0.0837184
0.0817139
0.0776426
0.0822288
0.0717013
0.0753337
0.07388
0.0679091
0.064455
0.0559107
0.0439674
0.0380693
0.0285102
0.0110484
-44.8407
-44.9122
-44.9783
-45.0505
-45.1333
-45.2273
-45.3335
-45.4527
-45.5851
-45.7305
-45.888
-46.056
-46.2322
-46.4133
-46.5951
-46.7714
-46.9352
-47.0774
-47.1865
-47.2487
-47.2486
-47.167
-46.9837
-46.6757
-46.2197
-45.5922
-44.7715
-43.7399
-42.4855
-41.0039
-39.3013
-37.3943
-35.3091
-33.0819
-30.755
-28.3741
-25.984
-23.6273
-21.342
-19.1585
-17.1009
-15.1872
-13.4291
-11.8345
-10.4063
-9.14515
-8.04866
-7.11261
-6.33093
-5.6956
-5.19758
-4.82581
-4.56814
-4.41132
-4.34081
-4.34158
-4.39812
-4.49496
-4.61701
-4.75002
-4.88103
-4.99868
-5.09348
-5.15805
-5.1871
-5.1775
-5.12802
-5.03919
-4.91293
-4.75231
-4.56122
-4.34408
-4.1056
-3.85053
-3.58355
-3.30911
-3.03134
-2.754
-2.48043
-2.21359
-1.95601
-1.70992
-1.47712
-1.25916
-1.05725
-0.872285
-0.704906
-0.555414
-0.423827
-0.309899
-0.213105
-0.132657
-0.0675275
-0.0164637
0.0219837
0.0494439
0.0677039
0.0786024
0.0840599
0.0858309
0.0855526
0.0845711
0.0838925
0.0841707
0.0857062
0.0885116
0.0923576
0.0968729
0.101613
0.106134
0.110042
0.113033
0.114945
0.115743
0.115522
0.114467
0.112809
0.110783
0.108583
0.10634
0.104112
0.101893
0.0996352
0.0972762
0.0947547
0.0920312
0.0890762
0.0858761
0.0824277
0.0787265
0.0747698
0.0705582
0.0660897
0.061383
0.0564685
0.0513863
0.0461878
0.0409301
0.0356771
0.0305079
0.0254999
0.0207146
0.016258
0.0122027
0.00857753
0.00551854
0.00301973
0.000989134
-0.00028761
-0.000999414
-0.00139941
-0.000822295
0.000140492
0.00100715
0.00322611
0.00529821
0.00711098
0.010466
0.0130679
0.0157408
0.0192604
0.0227384
0.0250573
0.0291817
0.0327889
0.0341889
0.0403035
0.0411094
0.0446217
0.0504882
0.048176
0.0560189
0.0572651
0.0571553
0.0646491
0.0632437
0.0673745
0.0698148
0.0682105
0.0770728
0.0715312
0.076719
0.0787646
0.0743675
0.08455
0.0785532
0.0820305
0.0848326
0.0775763
0.0809247
0.0741032
0.0829477
0.0702553
0.0732695
0.0656929
0.0541871
0.0480907
0.0401663
0.0275532
0.0112961
-44.6358
-44.7174
-44.7902
-44.8674
-44.9545
-45.0519
-45.1612
-45.2832
-45.4184
-45.5667
-45.7276
-45.8994
-46.0801
-46.2664
-46.4544
-46.6381
-46.8107
-46.963
-47.0842
-47.1604
-47.1766
-47.1137
-46.9516
-46.6674
-46.2372
-45.6374
-44.8445
-43.8395
-42.6083
-41.1444
-39.4505
-37.5409
-35.4394
-33.1812
-30.8082
-28.3675
-25.9063
-23.4711
-21.1031
-18.837
-16.7009
-14.7156
-12.8952
-11.2494
-9.78199
-8.49379
-7.38265
-6.44386
-5.67067
-5.05436
-4.5846
-4.24952
-4.0356
-3.92831
-3.91175
-3.96936
-4.08422
-4.23926
-4.41796
-4.60475
-4.78546
-4.94773
-5.08135
-5.17852
-5.23378
-5.24405
-5.20847
-5.12801
-5.00524
-4.8439
-4.64859
-4.42443
-4.17679
-3.91106
-3.63243
-3.34581
-3.05571
-2.76619
-2.48083
-2.20277
-1.93475
-1.67905
-1.43762
-1.21207
-1.00365
-0.813324
-0.641731
-0.489189
-0.355711
-0.24103
-0.144578
-0.0655039
-0.00270306
0.0451739
0.0797136
0.102686
0.116054
0.121883
0.122267
0.119191
0.114474
0.10958
0.105613
0.103237
0.102719
0.103996
0.106722
0.110409
0.114497
0.118434
0.121735
0.124043
0.12516
0.12506
0.123863
0.121797
0.119153
0.116208
0.113194
0.110255
0.107441
0.104732
0.102051
0.0993087
0.0964273
0.0933515
0.0900503
0.0865114
0.0827267
0.0786973
0.0744154
0.0698717
0.0650656
0.0600077
0.0547294
0.0492727
0.0436866
0.0380381
0.0323973
0.0268398
0.0214582
0.0163362
0.0115357
0.00719446
0.00336983
3.74106e-05
-0.00258004
-0.00460049
-0.00614552
-0.00670532
-0.00685268
-0.00670331
-0.00521426
-0.00397127
-0.00240664
0.000659514
0.00261124
0.00542155
0.0090948
0.0117996
0.0150564
0.0189952
0.0221751
0.0250965
0.0303396
0.0311091
0.0369715
0.0399398
0.0410083
0.0480618
0.0482244
0.0513021
0.0574347
0.0548335
0.0637551
0.0623571
0.0630789
0.0739039
0.0649727
0.0755863
0.0731275
0.0729347
0.0830248
0.0727844
0.0858443
0.0812588
0.081871
0.0835437
0.0797177
0.0808589
0.0821977
0.0814277
0.0721343
0.0779861
0.0615239
0.0589652
0.0528507
0.0384555
0.0262775
0.011046
-44.4288
-44.5206
-44.5998
-44.6815
-44.7723
-44.8726
-44.9841
-45.1081
-45.2453
-45.3956
-45.5587
-45.7332
-45.9172
-46.1076
-46.3004
-46.4901
-46.6698
-46.8309
-46.9624
-47.051
-47.0819
-47.0362
-46.8938
-46.6321
-46.2265
-45.6533
-44.8883
-43.9104
-42.7041
-41.2603
-39.5791
-37.6714
-35.559
-33.2746
-30.8607
-28.3639
-25.8337
-23.3205
-20.8682
-18.5164
-16.2972
-14.2347
-12.3464
-10.6437
-9.13196
-7.81259
-6.68382
-5.74061
-4.97536
-4.37881
-3.93938
-3.64389
-3.47757
-3.42424
-3.46658
-3.58628
-3.7647
-3.98311
-4.2234
-4.46844
-4.7027
-4.91278
-5.08771
-5.21916
-5.30157
-5.33202
-5.31
-5.23713
-5.11662
-4.95307
-4.75186
-4.51891
-4.26032
-3.98215
-3.69017
-3.38977
-3.08585
-2.78279
-2.48442
-2.19406
-1.91459
-1.64843
-1.3976
-1.16378
-0.948295
-0.752124
-0.575931
-0.420046
-0.284483
-0.16894
-0.0728148
0.00480159
0.0651055
0.109553
0.139859
0.15797
0.166018
0.16633
0.161189
0.152873
0.143367
0.134323
0.126914
0.121829
0.119288
0.119118
0.120854
0.123864
0.12744
0.130908
0.133687
0.135354
0.135681
0.134649
0.132417
0.129271
0.125569
0.121652
0.117788
0.114141
0.110749
0.107566
0.104484
0.101379
0.0981501
0.0947337
0.0910905
0.0872117
0.0830954
0.078737
0.0741278
0.069254
0.0641061
0.0586932
0.0530393
0.0471926
0.0412066
0.0351441
0.0290902
0.0231294
0.0173442
0.0118449
0.00672262
0.00203213
-0.00203967
-0.00551659
-0.0084346
-0.0104283
-0.0119068
-0.0128358
-0.012517
-0.01225
-0.0112538
-0.0089261
-0.00761726
-0.0048566
-0.00154257
0.000647273
0.00448281
0.00801862
0.0110844
0.0150589
0.0191745
0.0213796
0.0269087
0.0299384
0.0317399
0.0393089
0.0386627
0.0437041
0.0497093
0.0457312
0.0582784
0.053604
0.0587398
0.0654478
0.0608816
0.0720665
0.0647017
0.073652
0.0756632
0.0707704
0.0840702
0.0758348
0.0835585
0.0826855
0.082484
0.0824691
0.0841503
0.0832545
0.0859825
0.078454
0.0800683
0.0743174
0.0613907
0.0646476
0.0521542
0.039067
0.0267482
0.00977548
-44.2211
-44.3227
-44.4079
-44.4939
-44.5877
-44.6903
-44.8034
-44.9286
-45.0668
-45.2183
-45.3826
-45.5587
-45.7449
-45.9379
-46.1343
-46.3285
-46.5139
-46.682
-46.8223
-46.9216
-46.9654
-46.935
-46.8108
-46.57
-46.1883
-45.6409
-44.9034
-43.9533
-42.7735
-41.3522
-39.6869
-37.7858
-35.668
-33.3639
-30.9142
-28.3665
-25.7713
-23.1813
-20.6446
-18.205
-15.8984
-13.7535
-11.7912
-10.025
-8.46261
-7.10695
-5.9563
-5.00561
-4.24707
-3.6702
-3.26256
-3.00933
-2.8944
-2.89977
-3.00614
-3.19358
-3.44129
-3.72876
-4.03592
-4.344
-4.63598
-4.89725
-5.116
-5.28344
-5.39388
-5.44461
-5.43563
-5.36924
-5.24954
-5.08197
-4.87289
-4.62909
-4.35751
-4.06492
-3.75769
-3.44177
-3.12242
-2.80435
-2.49165
-2.18781
-1.89585
-1.61829
-1.35725
-1.11446
-0.891291
-0.688758
-0.507548
-0.347999
-0.210116
-0.093593
0.00222783
0.0783142
0.135951
0.176708
0.202453
0.215282
0.217574
0.211847
0.200716
0.186704
0.172043
0.158581
0.14759
0.139758
0.135247
0.13376
0.134676
0.137186
0.140422
0.143563
0.145921
0.146998
0.146539
0.144534
0.141192
0.13688
0.132038
0.127084
0.122334
0.117966
0.114007
0.110377
0.106922
0.10348
0.0999249
0.0961743
0.0921951
0.0879781
0.0835291
0.0788451
0.0739106
0.0687078
0.0632173
0.05744
0.0514036
0.0451501
0.0387425
0.03225
0.025754
0.0193576
0.0131586
0.00724009
0.00175749
-0.00322861
-0.00766095
-0.0112798
-0.0143083
-0.0166454
-0.0178477
-0.0188274
-0.018841
-0.0176844
-0.0170841
-0.0148351
-0.0122013
-0.0104367
-0.00648444
-0.0034508
-0.000448726
0.00411142
0.00739475
0.0107358
0.0161712
0.0183658
0.0228388
0.0280217
0.0290092
0.0356132
0.0383307
0.0397631
0.047968
0.0460772
0.052276
0.0565051
0.0542677
0.0676077
0.0564364
0.0706171
0.0688624
0.0686292
0.0779033
0.0713749
0.0816703
0.0811491
0.078792
0.086368
0.0819404
0.084947
0.0869717
0.0854999
0.0858542
0.0810455
0.0821913
0.0703375
0.0687526
0.0641257
0.0497537
0.0421162
0.0275781
0.00989808
-44.0137
-44.1247
-44.2157
-44.3054
-44.4018
-44.5061
-44.6201
-44.7458
-44.8842
-45.0358
-45.2004
-45.3771
-45.5642
-45.7588
-45.9574
-46.1546
-46.3442
-46.5178
-46.6651
-46.7735
-46.8283
-46.8116
-46.704
-46.4824
-46.1232
-45.6008
-44.8905
-43.9686
-42.8163
-41.4201
-39.7744
-37.8848
-35.7675
-33.4501
-30.9717
-28.3792
-25.724
-23.0608
-20.4409
-17.9123
-15.5153
-13.283
-11.2399
-9.40329
-7.78347
-6.3847
-5.20656
-4.24425
-3.48947
-2.93134
-2.55593
-2.34718
-2.28712
-2.3558
-2.53176
-2.79287
-3.11614
-3.47876
-3.85858
-4.23489
-4.58903
-4.90506
-5.17026
-5.37535
-5.51454
-5.58544
-5.5887
-5.5274
-5.40664
-5.23294
-5.0137
-4.75671
-4.46981
-4.16056
-3.83602
-3.50263
-3.1661
-2.83146
-2.50301
-2.18443
-1.87886
-1.58893
-1.3168
-1.06429
-0.832782
-0.623334
-0.436647
-0.273073
-0.132628
-0.0149788
0.0805708
0.155058
0.20986
0.246667
0.267498
0.27462
0.270635
0.258352
0.240687
0.220477
0.200271
0.182118
0.167395
0.156808
0.150422
0.147786
0.148093
0.150326
0.153433
0.156419
0.158477
0.159026
0.157779
0.154744
0.150201
0.144613
0.138533
0.132466
0.126788
0.121693
0.117188
0.113144
0.109356
0.105609
0.101748
0.0976756
0.0933606
0.0888075
0.0840276
0.0790199
0.073765
0.0682347
0.0624032
0.056256
0.0498225
0.0431511
0.0363004
0.0293514
0.0223961
0.015527
0.00888309
0.00254982
-0.00337455
-0.00866574
-0.0133793
-0.0173758
-0.020363
-0.0228796
-0.0243474
-0.024735
-0.0251735
-0.0239314
-0.0223238
-0.0210246
-0.0175477
-0.0150733
-0.0121763
-0.00757643
-0.00481435
-0.000766459
0.00434662
0.00659642
0.0121805
0.0164435
0.0182367
0.0259936
0.0269317
0.0311488
0.0383989
0.0361076
0.0454721
0.046523
0.0473561
0.059001
0.0501905
0.064926
0.0596762
0.0670453
0.070319
0.0654769
0.0787464
0.0746083
0.0772611
0.0852614
0.0771438
0.0892993
0.0805594
0.0897866
0.0873686
0.0870554
0.0861678
0.0843948
0.0783011
0.0739993
0.0745541
0.0616301
0.051545
0.0433712
0.0285308
0.0121428
-43.8077
-43.9279
-44.0242
-44.1172
-44.2157
-44.321
-44.4353
-44.5607
-44.6986
-44.8495
-45.0135
-45.1898
-45.3767
-45.5717
-45.7712
-45.9702
-46.1625
-46.3399
-46.4926
-46.6083
-46.6724
-46.6677
-46.5747
-46.3709
-46.0327
-45.5344
-44.8508
-43.9574
-42.8338
-41.465
-39.8427
-37.9696
-35.8588
-33.5352
-31.036
-28.4059
-25.6975
-22.9661
-20.2662
-17.6492
-15.16
-12.836
-10.7065
-8.79225
-7.1069
-5.65728
-4.44434
-3.46425
-2.70883
-2.16672
-1.82283
-1.6598
-1.65749
-1.79388
-2.04508
-2.38621
-2.79171
-3.23617
-3.69496
-4.14516
-4.56622
-4.94078
-5.25511
-5.49941
-5.66791
-5.75862
-5.77295
-5.71495
-5.59092
-5.40856
-5.17649
-4.90362
-4.59878
-4.27038
-3.92622
-3.57325
-3.21765
-2.86472
-2.51902
-2.18437
-1.86402
-1.56066
-1.27656
-1.01351
-0.772968
-0.556008
-0.363342
-0.195358
-0.0520762
0.0668679
0.162197
0.235026
0.286835
0.319436
0.334974
0.33594
0.325146
0.305698
0.280894
0.253953
0.227766
0.204631
0.186052
0.172726
0.164604
0.161045
0.161005
0.163241
0.166467
0.16951
0.171409
0.171499
0.169454
0.165318
0.159456
0.152462
0.145019
0.137749
0.131098
0.125275
0.120256
0.115848
0.111776
0.107767
0.103622
0.0992373
0.0945902
0.0896978
0.0845891
0.0792617
0.073696
0.067846
0.0616694
0.0551483
0.0483069
0.0411985
0.0338849
0.0264511
0.019006
0.0116456
0.00449385
-0.00227487
-0.00862128
-0.0143682
-0.0192667
-0.0235822
-0.0268637
-0.0291213
-0.0310033
-0.031301
-0.0310861
-0.0306128
-0.028143
-0.0263862
-0.0238112
-0.0196707
-0.0172608
-0.0129324
-0.00825624
-0.00574431
0.000351182
0.00392815
0.00698222
0.0146784
0.014796
0.022159
0.0259582
0.027521
0.0356697
0.0358259
0.0410526
0.0467425
0.045271
0.055235
0.0525443
0.0604403
0.0645335
0.0578135
0.0745068
0.0655082
0.0769294
0.0776481
0.0750143
0.0866147
0.0782851
0.0886936
0.0834792
0.0925491
0.0868995
0.0882678
0.0871402
0.0842089
0.0775817
0.0802931
0.0736823
0.0626936
0.0551789
0.0432394
0.0299095
0.0131953
-43.6046
-43.7335
-43.8347
-43.9305
-44.0307
-44.1364
-44.2503
-44.3748
-44.5113
-44.6607
-44.8233
-44.9982
-45.1839
-45.3782
-45.5774
-45.7769
-45.9704
-46.1504
-46.3068
-46.428
-46.4998
-46.5052
-46.4253
-46.2377
-45.9192
-45.4439
-44.7864
-43.9218
-42.8281
-41.4886
-39.8932
-38.0415
-35.9435
-33.6216
-31.1099
-28.451
-25.6979
-22.9049
-20.1302
-17.4278
-14.8464
-12.4279
-10.2069
-8.20801
-6.44898
-4.93963
-3.68318
-2.67717
-1.9146
-1.38378
-1.06889
-0.951176
-1.00857
-1.21646
-1.54835
-1.97611
-2.47103
-3.00454
-3.54921
-4.07946
-4.57259
-5.00965
-5.37582
-5.66084
-5.85896
-5.96876
-5.99257
-5.93564
-5.80565
-5.61167
-5.36367
-5.07183
-4.74609
-4.39578
-4.02945
-3.65461
-3.27787
-2.90484
-2.54027
-2.18815
-1.85176
-1.53391
-1.23685
-0.962431
-0.712106
-0.486981
-0.28781
-0.114998
0.0314338
0.151854
0.24704
0.318173
0.366838
0.394977
0.404849
0.39918
0.380989
0.353718
0.32111
0.286833
0.254188
0.225774
0.203229
0.187223
0.177559
0.17336
0.173311
0.175885
0.179537
0.182881
0.184789
0.184494
0.181635
0.176303
0.168974
0.160405
0.15145
0.142872
0.135201
0.128658
0.123171
0.118466
0.114175
0.10995
0.105553
0.100863
0.0958801
0.0906472
0.0852103
0.0795757
0.0737038
0.0675406
0.0610226
0.0541215
0.0468612
0.0392941
0.0314983
0.0235538
0.015574
0.00770094
2.57785e-05
-0.00727685
-0.0140065
-0.0202074
-0.0255093
-0.0298785
-0.0336117
-0.0358828
-0.0374677
-0.0383344
-0.0374395
-0.0367233
-0.0348812
-0.0316691
-0.0295912
-0.0255265
-0.0213204
-0.0186025
-0.0125544
-0.00919522
-0.00529365
0.00206293
0.00242057
0.0109927
0.0138271
0.0163304
0.0260364
0.0234006
0.033436
0.0351789
0.0366865
0.0465261
0.0432528
0.0529943
0.05559
0.0523575
0.0665807
0.0564294
0.0760316
0.0658071
0.0747276
0.0792853
0.0752443
0.0853162
0.0804074
0.0888818
0.0891993
0.0896977
0.0890584
0.0888136
0.0869468
0.0833306
0.082595
0.0819585
0.0712213
0.0652921
0.0567483
0.0452689
0.0306434
0.0113681
-43.4056
-43.5428
-43.6485
-43.7467
-43.8479
-43.9535
-44.0664
-44.1892
-44.3237
-44.4709
-44.6311
-44.8038
-44.9874
-45.1799
-45.3777
-45.5765
-45.77
-45.951
-46.1098
-46.235
-46.3129
-46.3268
-46.2583
-46.0854
-45.7851
-45.3318
-44.6999
-43.8639
-42.8012
-41.4932
-39.9283
-38.1029
-36.0245
-33.7118
-31.1967
-28.5192
-25.7304
-22.8857
-20.0433
-17.2601
-14.5889
-12.0757
-9.75935
-7.67003
-5.82918
-4.25069
-2.94053
-1.89902
-1.12036
-0.593573
-0.302681
-0.227764
-0.34496
-0.627302
-1.04469
-1.5656
-2.15747
-2.78798
-3.42607
-4.04311
-4.61396
-5.11775
-5.53854
-5.86559
-6.09334
-6.22108
-6.25228
-6.19366
-6.05444
-5.84533
-5.57783
-5.26351
-4.91354
-4.53826
-4.14693
-3.74773
-3.34764
-2.95256
-2.56742
-2.19632
-1.84263
-1.50915
-1.19813
-0.91143
-0.650534
-0.416562
-0.210309
-0.032201
0.117722
0.239836
0.334975
0.404394
0.449777
0.473207
0.477046
0.464236
0.438004
0.402202
0.361047
0.318754
0.279136
0.245127
0.21853
0.199962
0.189026
0.184551
0.184901
0.188219
0.192664
0.196597
0.198709
0.198107
0.194407
0.187755
0.178771
0.168419
0.157767
0.147758
0.13902
0.131776
0.12589
0.120974
0.11655
0.112173
0.107548
0.102561
0.0972344
0.091656
0.0858921
0.0799541
0.0737962
0.0673302
0.0604759
0.0531913
0.0455002
0.0374559
0.0291419
0.0206731
0.0121243
0.00366498
-0.00453034
-0.0124117
-0.0196577
-0.0261858
-0.0320217
-0.0365832
-0.0403504
-0.0430979
-0.0442825
-0.045118
-0.0445902
-0.0428097
-0.0413483
-0.0380295
-0.0345296
-0.0317329
-0.0262247
-0.0228289
-0.0184868
-0.0117571
-0.0104004
-0.00188387
0.000869548
0.00458962
0.0139063
0.0116282
0.0234694
0.0226916
0.0283821
0.0348414
0.0345569
0.044102
0.0436035
0.0481372
0.0553537
0.0493957
0.0685655
0.0584017
0.0700634
0.0708014
0.0716629
0.0802603
0.0746568
0.0859789
0.0824763
0.091687
0.0898658
0.0874301
0.093491
0.0869989
0.0872807
0.0859244
0.087085
0.0800228
0.0731619
0.0661831
0.0572503
0.0483523
0.0300131
0.00986957
-43.2122
-43.3571
-43.4668
-43.5669
-43.6686
-43.7736
-43.8849
-44.0054
-44.1372
-44.2814
-44.4386
-44.6081
-44.7889
-44.9787
-45.1742
-45.371
-45.5635
-45.7442
-45.9041
-46.0319
-46.1143
-46.1354
-46.0767
-45.917
-45.6337
-45.2015
-44.5946
-43.7875
-42.7565
-41.482
-39.951
-38.1565
-36.1045
-33.8095
-31.3003
-28.615
-25.8019
-22.9158
-20.0154
-17.1591
-14.4031
-11.7971
-9.38452
-7.19994
-5.27017
-3.61295
-2.2384
-1.15009
-0.344247
0.188552
0.463408
0.500868
0.326129
-0.0313475
-0.538016
-1.15821
-1.85483
-2.59084
-3.33073
-4.04214
-4.6969
-5.27197
-5.7502
-6.12039
-6.37739
-6.52146
-6.55738
-6.49365
-6.34131
-6.11295
-5.8218
-5.48102
-5.10309
-4.69938
-4.28
-3.85371
-3.42788
-3.00869
-2.6012
-2.20958
-1.83723
-1.48692
-1.16089
-0.860976
-0.588676
-0.345136
-0.131179
0.0527263
0.206518
0.330574
0.425785
0.493507
0.535502
0.553962
0.551437
0.530948
0.495998
0.450871
0.400328
0.349276
0.302119
0.262205
0.231496
0.210541
0.198685
0.194403
0.195658
0.200212
0.205885
0.210749
0.213282
0.212465
0.207876
0.199739
0.188864
0.176468
0.1639
0.152318
0.142464
0.134556
0.128365
0.123361
0.118905
0.114447
0.109628
0.104341
0.0986565
0.0927146
0.086627
0.0804031
0.073972
0.0672257
0.0600416
0.0523673
0.0442248
0.0356914
0.0268338
0.0177777
0.00865922
-0.000445915
-0.00925014
-0.0176508
-0.0255443
-0.0324507
-0.0386356
-0.0437045
-0.0473894
-0.0503519
-0.0517556
-0.0519777
-0.0517081
-0.0497209
-0.0472781
-0.0447827
-0.040145
-0.036863
-0.0324156
-0.0264374
-0.0239901
-0.0161497
-0.012878
-0.00836919
0.000507835
-0.000901307
0.0116406
0.0101438
0.0174414
0.0244482
0.0220064
0.0364644
0.0303164
0.0414934
0.0438017
0.0425867
0.0578064
0.0501518
0.0648556
0.0603104
0.066728
0.0745707
0.0677125
0.0819493
0.073616
0.0901631
0.0819297
0.0939868
0.0862728
0.0915123
0.0935157
0.0855706
0.0906725
0.090611
0.0870764
0.079984
0.0782264
0.0665657
0.0591391
0.0488129
0.0295496
0.0112525
-43.0257
-43.1776
-43.291
-43.3925
-43.4943
-43.598
-43.7071
-43.8247
-43.9532
-44.0938
-44.2472
-44.413
-44.5901
-44.7763
-44.9686
-45.1626
-45.353
-45.5324
-45.6921
-45.8214
-45.9071
-45.9338
-45.8837
-45.7362
-45.4688
-45.0568
-44.4743
-43.6961
-42.698
-41.4592
-39.965
-38.2067
-36.1871
-33.9183
-31.4253
-28.7434
-25.918
-23.0032
-20.0562
-17.1372
-14.3041
-11.6103
-9.10271
-6.82114
-4.79703
-3.05268
-1.60313
-0.455455
0.39068
0.942142
1.21227
1.2212
0.994713
0.564214
-0.0334873
-0.758046
-1.56702
-2.41757
-3.26866
-4.08304
-4.8287
-5.48015
-6.01877
-6.43303
-6.71847
-6.87655
-6.91379
-6.84078
-6.67069
-6.41825
-6.09869
-5.72691
-5.3168
-4.88086
-4.43006
-3.97372
-3.51961
-3.07412
-2.64241
-2.22868
-1.83627
-1.4679
-1.12576
-0.81166
-0.527082
-0.273198
-0.0508756
0.139365
0.297426
0.423721
0.519169
0.585224
0.623752
0.637042
0.627804
0.59908
0.554692
0.499361
0.438499
0.377838
0.32252
0.276388
0.241576
0.218504
0.206194
0.202682
0.20546
0.21184
0.219251
0.225442
0.22865
0.227711
0.222168
0.212342
0.199276
0.184514
0.169757
0.156438
0.145421
0.136913
0.130547
0.125604
0.121253
0.116794
0.111812
0.106213
0.100144
0.0938248
0.0874042
0.0809122
0.0742427
0.0672317
0.0597308
0.051671
0.043063
0.0340017
0.0245928
0.0149113
0.00515125
-0.00457491
-0.0141238
-0.0230775
-0.0315574
-0.0391069
-0.0455013
-0.0510586
-0.054974
-0.0577492
-0.059434
-0.0594193
-0.0586446
-0.0570395
-0.053713
-0.0508638
-0.0467296
-0.0416184
-0.0383697
-0.0314049
-0.027535
-0.0224612
-0.0144367
-0.0138851
-0.00253662
-0.00251699
0.00489303
0.0121752
0.0104969
0.0251412
0.0184993
0.0330594
0.0300187
0.0372072
0.0443898
0.0417018
0.0565395
0.049951
0.0603889
0.0648737
0.0639574
0.0730457
0.0683183
0.0829153
0.0742418
0.092629
0.0788663
0.0953854
0.0846923
0.0959998
0.0894161
0.0891643
0.0941958
0.0933006
0.0851052
0.0832205
0.0800271
0.0677862
0.0616355
0.0460733
0.0305867
0.0139144
-42.8473
-43.0058
-43.1222
-43.2247
-43.3259
-43.4279
-43.5343
-43.6485
-43.7731
-43.9095
-44.0585
-44.2199
-44.3927
-44.5747
-44.763
-44.9535
-45.1408
-45.3181
-45.4767
-45.6064
-45.6944
-45.7259
-45.6834
-45.547
-45.2946
-44.9021
-44.344
-43.5949
-42.6304
-41.4294
-39.9753
-38.2579
-36.2775
-34.0429
-31.5764
-28.9096
-26.0852
-23.155
-20.1753
-17.206
-14.3067
-11.5326
-8.93511
-6.55747
-4.43627
-2.59827
-1.06393
0.155719
1.05641
1.64152
1.9217
1.91513
1.64687
1.14947
0.462401
-0.369493
-1.29759
-2.2721
-3.24479
-4.17212
-5.01703
-5.75073
-6.35303
-6.81226
-7.12487
-7.29388
-7.32817
-7.24075
-7.04739
-6.76527
-6.41183
-6.0039
-5.55687
-5.08451
-4.5986
-4.10904
-3.62394
-3.14985
-2.69197
-2.25446
-1.84055
-1.45286
-1.0935
-0.764202
-0.466428
-0.20139
0.0299956
0.227152
0.389946
0.518791
0.614665
0.679117
0.714134
0.722115
0.705799
0.668339
0.61375
0.54722
0.474986
0.403758
0.339598
0.286939
0.248094
0.223299
0.211144
0.209126
0.214174
0.223082
0.232831
0.240812
0.244989
0.244031
0.237441
0.225663
0.210026
0.192497
0.175223
0.159971
0.147755
0.138742
0.132382
0.127698
0.123615
0.119258
0.114137
0.108205
0.101701
0.0949668
0.088223
0.08148
0.074609
0.0673802
0.0595714
0.051112
0.0420346
0.0324131
0.0224062
0.012101
0.00159009
-0.00879314
-0.0190762
-0.028814
-0.0377516
-0.0460286
-0.0528196
-0.0585739
-0.0629389
-0.0655982
-0.067208
-0.0673503
-0.0659183
-0.0641352
-0.060842
-0.0567945
-0.053306
-0.0472256
-0.0431733
-0.0375517
-0.0306922
-0.0278903
-0.0183532
-0.0161816
-0.0090602
-0.00149296
-0.00208154
0.0126698
0.00588645
0.0226119
0.0178161
0.0273461
0.0335437
0.0308036
0.0463203
0.039754
0.0519156
0.0533382
0.0578566
0.0644477
0.0623007
0.0726056
0.0720205
0.0809155
0.0765777
0.0902518
0.0770715
0.0973005
0.0846336
0.0957529
0.0894033
0.0947685
0.0944072
0.0933408
0.084611
0.0863795
0.0774021
0.0707052
0.0626637
0.0443616
0.033049
0.0145406
-42.6783
-42.8426
-42.9616
-43.0646
-43.1649
-43.2646
-43.3678
-43.4781
-43.5983
-43.73
-43.8742
-44.0306
-44.1984
-44.3756
-44.5593
-44.7456
-44.9293
-45.1037
-45.2605
-45.3899
-45.4795
-45.5149
-45.4793
-45.3532
-45.1154
-44.7421
-44.2084
-43.4889
-42.5595
-41.398
-39.9873
-38.3155
-36.3807
-34.1888
-31.7588
-29.1191
-26.3094
-23.3786
-20.3811
-17.3762
-14.4237
-11.5808
-8.90109
-6.432
-4.21395
-2.27885
-0.65166
0.651406
1.62128
2.25669
2.56458
2.55939
2.26429
1.71137
0.941204
0.00279122
-1.0492
-2.15675
-3.26266
-4.31476
-5.2692
-6.09261
-6.76269
-7.26785
-7.60574
-7.78188
-7.80795
-7.69999
-7.4768
-7.15842
-6.76481
-6.31486
-5.82569
-5.31226
-4.78721
-4.261
-3.74203
-3.23694
-2.7509
-2.28789
-1.85102
-1.44274
-1.06501
-0.71947
-0.407577
-0.130542
0.110652
0.315354
0.483381
0.615132
0.71165
0.774586
0.806098
0.808662
0.784992
0.738291
0.672693
0.59388
0.509065
0.426185
0.352443
0.292978
0.25027
0.224281
0.213063
0.213438
0.221661
0.233926
0.246716
0.257022
0.262508
0.261648
0.253893
0.239825
0.221138
0.200342
0.180147
0.162735
0.149298
0.139922
0.133804
0.129641
0.126032
0.121889
0.116645
0.110321
0.103322
0.0961271
0.0890467
0.0821056
0.0750799
0.0676609
0.0595808
0.0507092
0.0411374
0.0309575
0.0202697
0.00933306
-0.0019341
-0.0131686
-0.0240863
-0.0347472
-0.0442911
-0.0531026
-0.0606117
-0.066482
-0.0711843
-0.0740022
-0.075249
-0.0754055
-0.073758
-0.071192
-0.0682309
-0.0631252
-0.0594
-0.0535358
-0.0478065
-0.0432644
-0.0352779
-0.0313179
-0.0243572
-0.0168889
-0.0154266
-0.0023507
-0.00612891
0.00893873
0.00615968
0.0160673
0.0205249
0.0216303
0.0331902
0.0293525
0.0424209
0.0410641
0.0480736
0.0558603
0.0532979
0.0635024
0.0663323
0.0704937
0.0758345
0.0763757
0.0795146
0.0854006
0.0789601
0.0981461
0.0836688
0.0954684
0.0940973
0.0959373
0.0938027
0.0927522
0.0861716
0.0874588
0.0757019
0.0751339
0.061858
0.046588
0.0353489
0.0124051
-42.5198
-42.6892
-42.8102
-42.9133
-43.0121
-43.1092
-43.2088
-43.3147
-43.4301
-43.5567
-43.6955
-43.8466
-44.009
-44.181
-44.3597
-44.5413
-44.7208
-44.8918
-45.0464
-45.175
-45.2656
-45.3045
-45.2755
-45.1596
-44.9361
-44.5821
-44.073
-43.384
-42.4909
-41.3714
-40.0074
-38.3859
-36.5028
-34.3618
-31.9785
-29.3781
-26.597
-23.6806
-20.6819
-17.6573
-14.6672
-11.7691
-9.01842
-6.46568
-4.1547
-2.12196
-0.397005
0.998952
2.05144
2.75424
3.10916
3.12584
2.82374
2.23239
1.3917
0.353037
-0.823588
-2.07152
-3.32267
-4.51358
-5.59067
-6.51384
-7.25752
-7.81012
-8.17132
-8.35001
-8.36144
-8.22558
-7.96483
-7.60254
-7.1615
-6.66294
-6.12571
-5.56609
-4.99756
-4.43104
-3.87518
-3.33658
-2.82028
-2.33007
-1.86878
-1.43863
-1.04137
-0.678557
-0.351578
-0.0616682
0.190113
0.403029
0.57682
0.711865
0.809261
0.870809
0.898849
0.895947
0.864744
0.808335
0.730888
0.638583
0.539806
0.444038
0.359899
0.29338
0.24712
0.220685
0.211407
0.215273
0.227752
0.244356
0.261014
0.274278
0.281467
0.280834
0.27176
0.254979
0.232636
0.207943
0.184326
0.164499
0.149839
0.14031
0.134758
0.131439
0.128562
0.124759
0.119401
0.112605
0.104993
0.0972875
0.0898689
0.0827618
0.0756704
0.0681211
0.0597883
0.050528
0.0403907
0.0296379
0.0182848
0.00654453
-0.00539065
-0.0176197
-0.0293421
-0.0407698
-0.0512975
-0.0604947
-0.068735
-0.0749848
-0.0796572
-0.0828033
-0.0838256
-0.0835312
-0.0821198
-0.0783947
-0.0756136
-0.0699852
-0.0653351
-0.0599681
-0.0529619
-0.0481666
-0.0407896
-0.0341419
-0.0299646
-0.0193568
-0.0192344
-0.00645871
-0.0065732
0.00286559
0.00780102
0.00946866
0.0214229
0.0177596
0.030376
0.0315146
0.0339034
0.0478506
0.0392059
0.0585351
0.0506386
0.0672823
0.067056
0.0671796
0.0795018
0.0701183
0.0832252
0.0813989
0.0834955
0.0962718
0.084149
0.0975488
0.0956842
0.0941624
0.0956524
0.0917749
0.0889582
0.0867479
0.077431
0.0782244
0.0600892
0.0502496
0.0354441
0.0100805
-42.3727
-42.5465
-42.6691
-42.7718
-42.8688
-42.9629
-43.0584
-43.1596
-43.2698
-43.3909
-43.524
-43.6694
-43.8261
-43.9924
-44.1657
-44.3423
-44.5174
-44.6848
-44.8369
-44.9644
-45.0561
-45.0984
-45.0758
-44.9701
-44.7614
-44.4271
-43.9434
-43.2861
-42.431
-41.356
-40.0422
-38.4758
-36.6507
-34.5686
-32.2419
-29.6929
-26.9542
-24.0679
-21.0844
-18.0577
-15.0468
-12.1095
-9.30182
-6.67661
-4.27987
-2.15241
-0.328259
1.16712
2.31374
3.09964
3.52129
3.58238
3.29692
2.68976
1.79813
0.672658
-0.622872
-2.01418
-3.42127
-4.76656
-5.98295
-7.01975
-7.84612
-8.44954
-8.83257
-9.00853
-8.99778
-8.82527
-8.51791
-8.10282
-7.6061
-7.0514
-6.45958
-5.84814
-5.2314
-4.6207
-4.02473
-3.45003
-2.9014
-2.38222
-1.89507
-1.44176
-1.02387
-0.642746
-0.299715
0.00396625
0.267147
0.488987
0.669096
0.807826
0.906343
0.966647
0.991281
0.982956
0.944146
0.877673
0.787503
0.680358
0.566014
0.455938
0.36053
0.286793
0.237488
0.211608
0.205532
0.214237
0.232267
0.254364
0.275854
0.292808
0.30217
0.301917
0.29132
0.271287
0.244523
0.215139
0.187494
0.16496
0.149119
0.139725
0.135171
0.133127
0.131296
0.127985
0.122469
0.115071
0.10671
0.0983815
0.0906396
0.0834497
0.076378
0.0687998
0.0602103
0.0505492
0.0398679
0.0283892
0.0164438
0.00383354
-0.00895669
-0.0220093
-0.0349156
-0.0469893
-0.0585181
-0.0684586
-0.0770626
-0.084013
-0.0887446
-0.0917457
-0.0931635
-0.0917656
-0.0906846
-0.08625
-0.0825943
-0.0775914
-0.071008
-0.0665275
-0.0583219
-0.0529618
-0.0461556
-0.0379309
-0.0340939
-0.0236444
-0.0207238
-0.0122646
-0.00598837
-0.00366737
0.00794723
0.0060959
0.0178762
0.019403
0.0233296
0.0350657
0.0263795
0.0514517
0.0318542
0.0650597
0.0477485
0.0695992
0.0630584
0.0677167
0.0787774
0.0662826
0.0870855
0.079875
0.0882173
0.0928347
0.0866482
0.0977142
0.0933682
0.0957629
0.0977417
0.0906291
0.0934753
0.0859637
0.080611
0.0785141
0.0593684
0.0522231
0.0339785
0.010248
-42.2379
-42.4154
-42.5391
-42.641
-42.7358
-42.8264
-42.9176
-43.0138
-43.1185
-43.2338
-43.361
-43.5003
-43.651
-43.8115
-43.9793
-44.1507
-44.3212
-44.485
-44.6346
-44.7611
-44.8539
-44.8999
-44.8842
-44.7893
-44.5958
-44.2821
-43.8251
-43.201
-42.3862
-41.3586
-40.0988
-38.5923
-36.8316
-34.8164
-32.556
-30.0701
-27.3872
-24.547
-21.595
-18.5841
-15.5705
-12.6116
-9.76262
-7.07826
-4.60646
-2.39087
-0.468992
1.12876
2.37772
3.26037
3.76691
3.89502
3.65167
3.05567
2.13873
0.948029
-0.452135
-1.98229
-3.55151
-5.06627
-6.44141
-7.61081
-8.53382
-9.19507
-9.60007
-9.76818
-9.72687
-9.50764
-9.14302
-8.66493
-8.103
-7.48377
-6.83003
-6.1606
-5.49056
-4.8315
-4.19213
-3.5787
-2.99558
-2.44576
-1.9313
-1.45365
-1.01404
-0.613609
-0.253568
0.0647939
0.340227
0.571711
0.758714
0.901522
1.00139
1.06061
1.08196
1.06832
1.02198
0.945172
0.841443
0.717937
0.586142
0.460088
0.35246
0.271489
0.219937
0.195938
0.194659
0.209855
0.234983
0.263936
0.29138
0.312889
0.324974
0.325278
0.312909
0.288944
0.256794
0.221719
0.189309
0.16374
0.146813
0.137978
0.134976
0.13475
0.13435
0.131681
0.125961
0.117735
0.108422
0.0993749
0.0912952
0.0841525
0.0772128
0.0697052
0.0609522
0.050786
0.0395842
0.027354
0.0146573
0.00134862
-0.0125793
-0.0264383
-0.0405414
-0.0536807
-0.0659284
-0.0769244
-0.0860779
-0.0932603
-0.0986819
-0.100984
-0.102719
-0.100943
-0.0986825
-0.0952581
-0.0890734
-0.0856622
-0.0769183
-0.0728441
-0.0641808
-0.0577208
-0.0511432
-0.0423298
-0.0370281
-0.0290428
-0.0216106
-0.0184389
-0.00612464
-0.00814024
0.00638165
0.0045321
0.0136336
0.020969
0.0158491
0.0385536
0.019683
0.0539512
0.0300757
0.0673677
0.0421953
0.0709989
0.0596991
0.0678727
0.0750044
0.0684091
0.0889594
0.0809747
0.089969
0.0893497
0.088992
0.0961701
0.0927962
0.100078
0.0974392
0.0911644
0.0982018
0.0865665
0.0831968
0.0774877
0.0616555
0.0524022
0.0329553
0.0125317
-42.1164
-42.2966
-42.4209
-42.5216
-42.6139
-42.7008
-42.7874
-42.8784
-42.9773
-43.0866
-43.2077
-43.3407
-43.4853
-43.6399
-43.8019
-43.9682
-44.1343
-44.2945
-44.4418
-44.5678
-44.6621
-44.7123
-44.7042
-44.6209
-44.4438
-44.1521
-43.7234
-43.1346
-42.3627
-41.3855
-40.1838
-38.7425
-37.0526
-35.112
-32.9277
-30.516
-27.9027
-25.123
-22.2199
-19.2425
-16.2445
-13.2823
-10.4088
-7.68098
-5.14661
-2.85208
-0.83762
0.862161
2.218
3.20769
3.8147
4.03058
3.85476
3.29863
2.38616
1.15869
-0.322889
-1.97766
-3.70672
-5.40089
-6.95448
-8.27993
-9.32003
-10.0521
-10.483
-10.6396
-10.559
-10.2818
-9.8478
-9.29487
-8.65696
-7.96369
-7.23992
-6.50574
-5.7769
-5.06512
-4.37888
-3.72403
-3.10434
-2.52225
-1.97916
-1.47604
-1.01369
-0.592991
-0.215011
0.11893
0.407453
0.649307
0.843769
0.991022
1.09243
1.15061
1.16885
1.15014
1.09658
1.00937
0.891234
0.749607
0.598138
0.454184
0.333387
0.245371
0.192698
0.17234
0.177886
0.201577
0.235639
0.27304
0.307754
0.334824
0.350289
0.351373
0.336919
0.308167
0.269404
0.227398
0.189316
0.160355
0.142522
0.134811
0.134117
0.136403
0.137926
0.13606
0.13
0.120677
0.110094
0.10017
0.0917782
0.0848211
0.0782625
0.0708932
0.0620454
0.0513874
0.0394552
0.0266007
0.01297
-0.00105073
-0.0160731
-0.0311366
-0.0462686
-0.0607073
-0.0738947
-0.0856314
-0.0958259
-0.103032
-0.108818
-0.11143
-0.111826
-0.111397
-0.106396
-0.104635
-0.0961905
-0.0930767
-0.0840315
-0.078249
-0.0706758
-0.0622184
-0.0558961
-0.0474854
-0.0393471
-0.0351108
-0.0220481
-0.0237847
-0.00693122
-0.0113878
0.00357038
0.00339326
0.0100081
0.0190978
0.0145162
0.036187
0.0192012
0.0540957
0.0271232
0.0655154
0.0388809
0.0720426
0.0540185
0.0672767
0.0739664
0.0726301
0.0879834
0.081873
0.0889646
0.0872384
0.0909802
0.0967663
0.0941238
0.102686
0.0969067
0.0937576
0.100296
0.0882321
0.084334
0.0768152
0.065845
0.0519824
0.0331572
0.0147598
-42.0086
-42.1911
-42.3154
-42.4146
-42.504
-42.5871
-42.6688
-42.7542
-42.8472
-42.9503
-43.065
-43.1918
-43.3302
-43.4788
-43.6353
-43.7966
-43.9583
-44.1153
-44.2608
-44.3868
-44.4833
-44.5387
-44.5392
-44.4688
-44.3096
-44.0416
-43.6434
-43.0924
-42.3662
-41.4432
-40.3039
-38.9331
-37.3204
-35.4623
-33.3634
-31.0372
-28.5063
-25.802
-22.9635
-20.0372
-17.0732
-14.1253
-11.2466
-8.49117
-5.90856
-3.5466
-1.44756
0.350668
1.81493
2.91803
3.6379
3.95933
3.87449
3.38627
2.50973
1.27812
-0.254423
-2.00954
-3.88494
-5.75931
-7.50614
-9.01221
-10.196
-11.0195
-11.4867
-11.6319
-11.5044
-11.1571
-10.6401
-9.999
-9.27292
-8.49495
-7.69214
-6.88588
-6.09235
-5.32322
-4.58658
-3.8876
-3.22936
-2.61344
-2.04051
-1.51092
-1.02494
-0.583097
-0.186327
0.164055
0.466479
0.719415
0.921878
1.07387
1.17692
1.23407
1.24931
1.22592
1.16559
1.06817
0.934843
0.773071
0.599284
0.435217
0.300258
0.205687
0.153575
0.13918
0.154093
0.188729
0.23392
0.281622
0.325129
0.358938
0.378561
0.380695
0.363794
0.329202
0.282276
0.231769
0.186909
0.15417
0.135749
0.129949
0.132534
0.138232
0.142252
0.141379
0.134744
0.123862
0.111634
0.100603
0.0920013
0.0854151
0.0794737
0.0725049
0.063447
0.0523915
0.0395716
0.0259916
0.0115937
-0.00344733
-0.0193819
-0.0358598
-0.0522962
-0.0678945
-0.08236
-0.094991
-0.105814
-0.114127
-0.118864
-0.123051
-0.121184
-0.121889
-0.115333
-0.112913
-0.105097
-0.0991432
-0.0923186
-0.0832186
-0.0771097
-0.067586
-0.059551
-0.053605
-0.0407008
-0.0409212
-0.0231653
-0.0280176
-0.00911698
-0.0138888
0.00112721
0.000838535
0.00853653
0.0157911
0.0157768
0.0304841
0.0236845
0.0465094
0.0280545
0.0631274
0.0365922
0.0682446
0.0489449
0.0699528
0.0721301
0.0755553
0.0850054
0.0812
0.0892334
0.0865281
0.0938921
0.0990988
0.0941888
0.103853
0.0983842
0.0964478
0.0997987
0.0902974
0.0850371
0.0775238
0.0689549
0.0518105
0.0341948
0.0152666
-41.9155
-42.0992
-42.2232
-42.3205
-42.4068
-42.4856
-42.5622
-42.6421
-42.729
-42.8258
-42.9341
-43.0546
-43.1868
-43.3296
-43.4807
-43.6372
-43.795
-43.9493
-44.0936
-44.2203
-44.3201
-44.3817
-44.3922
-44.3363
-44.1968
-43.9548
-43.5894
-43.0792
-42.4021
-41.5372
-40.4651
-39.1701
-37.6412
-35.8734
-33.8691
-31.6392
-29.2029
-26.5881
-23.8305
-20.972
-18.0598
-15.1447
-12.2785
-9.5127
-6.89762
-4.48119
-2.30745
-0.41725
1.15357
2.37299
3.21427
3.65565
3.68229
3.28802
2.47847
1.27675
-0.271995
-2.0958
-4.09335
-6.13647
-8.08141
-9.78799
-11.1444
-12.0875
-12.6101
-12.7503
-12.5714
-12.1425
-11.5281
-10.784
-9.95595
-9.08137
-8.18969
-7.30337
-6.43886
-5.60758
-4.81693
-4.07118
-3.37244
-2.72127
-2.11746
-1.56056
-1.05021
-0.586528
-0.17023
0.197365
0.514444
0.779141
0.99007
1.14698
1.25158
1.30753
1.31976
1.2922
1.22589
1.11874
0.969518
0.785284
0.585969
0.399169
0.249177
0.149037
0.0998444
0.0944742
0.121954
0.170516
0.229423
0.289574
0.343624
0.385542
0.410271
0.413843
0.394098
0.352348
0.295299
0.234303
0.18131
0.144392
0.125854
0.123054
0.130197
0.140452
0.147684
0.147946
0.140422
0.127355
0.11294
0.100528
0.0917832
0.085976
0.0808989
0.0746307
0.0654329
0.0537778
0.0401105
0.0255307
0.0105304
-0.00560084
-0.0226537
-0.0405868
-0.0585779
-0.0756736
-0.0909947
-0.105527
-0.116072
-0.126095
-0.129798
-0.134439
-0.132346
-0.131172
-0.126299
-0.120028
-0.115122
-0.105176
-0.100293
-0.0893488
-0.0822447
-0.0741095
-0.0623995
-0.0597044
-0.0430346
-0.0450728
-0.0264931
-0.0295729
-0.0133507
-0.0147238
-0.00220336
-0.00214484
0.00893091
0.00997886
0.0188281
0.0249239
0.0265729
0.0403056
0.0326878
0.0553332
0.034919
0.0622305
0.0489612
0.071029
0.0680434
0.0788232
0.0809828
0.0819188
0.0919422
0.0864287
0.097208
0.100526
0.0942972
0.105546
0.100155
0.0979102
0.0990838
0.0923263
0.0862017
0.0792695
0.0697294
0.0522028
0.0354186
0.014183
-41.8373
-42.0216
-42.1448
-42.24
-42.323
-42.3972
-42.4686
-42.5426
-42.6234
-42.7139
-42.8158
-42.93
-43.0562
-43.1933
-43.3393
-43.4914
-43.6459
-43.798
-43.942
-44.0704
-44.1746
-44.2439
-44.2659
-44.2263
-44.1087
-43.895
-43.5653
-43.099
-42.4748
-41.6723
-40.6723
-39.459
-38.0205
-36.3506
-34.45
-32.3268
-29.9972
-27.4855
-24.8234
-22.0493
-19.2062
-16.3422
-13.5061
-10.7476
-8.11595
-5.65954
-3.423
-1.44884
0.223511
1.55929
2.52667
3.09857
3.25338
2.97638
2.26313
1.12539
-0.40329
-2.25963
-4.34748
-6.53665
-8.67132
-10.5881
-12.1424
-13.2377
-13.8438
-13.9943
-13.7653
-13.2458
-12.5195
-11.6563
-10.7112
-9.72692
-8.73545
-7.76043
-6.81831
-5.91991
-5.07159
-4.27651
-3.53549
-2.84788
-2.2124
-1.62761
-1.0924
-0.606361
-0.169954
0.21549
0.547899
0.824931
1.04466
1.20649
1.31226
1.3666
1.37562
1.34427
1.27301
1.15704
0.991398
0.78199
0.553249
0.340714
0.174957
0.0709623
0.0280519
0.0357946
0.0798696
0.145976
0.221618
0.296684
0.363281
0.414911
0.445899
0.45143
0.428403
0.37789
0.308197
0.234189
0.171422
0.129961
0.112054
0.113699
0.127091
0.143375
0.154733
0.156275
0.147285
0.131164
0.113761
0.099704
0.0909448
0.0863598
0.0827354
0.0773102
0.0681041
0.0555736
0.0409352
0.0253111
0.0096673
-0.00754531
-0.0257123
-0.045542
-0.0649104
-0.0840888
-0.10009
-0.116465
-0.127729
-0.137795
-0.142849
-0.145068
-0.145326
-0.14
-0.137875
-0.127769
-0.124434
-0.112717
-0.106915
-0.0967176
-0.0867671
-0.0804082
-0.0665407
-0.0632294
-0.0486
-0.0451085
-0.0336584
-0.0279496
-0.02032
-0.014203
-0.00685569
-0.00371201
0.00774099
0.00574568
0.0226226
0.0187345
0.0306204
0.0359449
0.032126
0.0465535
0.0366447
0.0563958
0.0505628
0.0695475
0.0665371
0.0817215
0.0787066
0.0841231
0.0936673
0.087287
0.0997295
0.101173
0.0959778
0.106628
0.100874
0.0988381
0.0996238
0.0942634
0.0875249
0.080935
0.0690966
0.052731
0.036136
0.0129026
-41.7747
-41.9588
-42.0806
-42.1731
-42.2525
-42.3223
-42.3885
-42.4566
-42.5311
-42.6152
-42.7108
-42.8188
-42.9392
-43.0709
-43.2121
-43.3603
-43.5121
-43.663
-43.8074
-43.9388
-44.0486
-44.1271
-44.1625
-44.1413
-44.048
-43.8654
-43.5745
-43.1557
-42.5883
-41.8526
-40.9298
-39.8039
-38.4626
-36.8984
-35.1103
-33.104
-30.8925
-28.4969
-25.9449
-23.2707
-20.5137
-17.7179
-14.9295
-12.1953
-9.56356
-7.08165
-4.7946
-2.74688
-0.979679
0.469238
1.56406
2.27327
2.56879
2.42836
1.83765
0.796251
-0.675156
-2.52589
-4.6674
-6.97174
-9.27627
-11.3996
-13.1675
-14.4455
-15.169
-15.3554
-15.0862
-14.472
-13.6208
-12.622
-11.5437
-10.4352
-9.33225
-8.25926
-7.23251
-6.26184
-5.35228
-4.50544
-3.72059
-2.99563
-2.32799
-1.71503
-1.15477
-0.646177
-0.18935
0.214373
0.562606
0.852413
1.08113
1.24763
1.35387
1.40561
1.41083
1.37598
1.30111
1.17778
0.995316
0.757395
0.494372
0.252609
0.0708071
-0.0341862
-0.066073
-0.0398669
0.0258879
0.113891
0.2098
0.302592
0.383998
0.447187
0.485867
0.494107
0.467394
0.406128
0.320598
0.230366
0.155828
0.109471
0.0933335
0.101426
0.123283
0.147445
0.163939
0.166888
0.155594
0.135238
0.113795
0.0976571
0.0893296
0.0864795
0.0850495
0.0807556
0.0715882
0.0579785
0.0420245
0.0253764
0.00918781
-0.0091477
-0.0284428
-0.050438
-0.0717872
-0.092441
-0.110611
-0.127365
-0.141359
-0.149539
-0.157283
-0.156218
-0.158444
-0.150122
-0.148557
-0.137292
-0.132557
-0.121505
-0.113192
-0.103678
-0.0928801
-0.083963
-0.074252
-0.0626812
-0.0583573
-0.0420256
-0.0439388
-0.0247828
-0.0290552
-0.0123959
-0.0122551
-0.00416098
0.00642591
0.00470843
0.0227126
0.015825
0.0316339
0.0276073
0.032309
0.0406386
0.038831
0.051275
0.0531387
0.0707189
0.0667859
0.0827163
0.0787326
0.0848335
0.0946488
0.089374
0.100676
0.102108
0.098147
0.106264
0.101672
0.100077
0.100965
0.0959536
0.0883662
0.0817677
0.0684574
0.0534045
0.036441
0.0123072
-41.7278
-41.9109
-42.031
-42.1208
-42.1963
-42.2613
-42.3219
-42.3842
-42.4525
-42.5303
-42.6197
-42.7218
-42.8365
-42.9631
-43.1001
-43.245
-43.3947
-43.5452
-43.6913
-43.8267
-43.9437
-44.0331
-44.084
-44.0835
-44.0171
-43.8684
-43.6197
-43.2519
-42.7456
-42.0814
-41.241
-40.2085
-38.971
-37.5202
-35.8533
-33.9735
-31.8914
-29.6241
-27.1958
-24.6366
-21.9816
-19.2707
-16.5461
-13.8525
-11.236
-8.74262
-6.41781
-4.30668
-2.45247
-0.895644
0.324849
1.17351
1.61757
1.6281
1.18176
0.266306
-1.11217
-2.91778
-5.07371
-7.45766
-9.90392
-12.2183
-14.202
-15.6847
-16.5605
-16.8162
-16.527
-15.8216
-14.8363
-13.6864
-12.4577
-11.2099
-9.98272
-8.80189
-7.68318
-6.63501
-5.66068
-4.75984
-3.92993
-3.16709
-2.46717
-1.82619
-1.24112
-0.710143
-0.232933
0.189172
0.553439
0.856193
1.09381
1.26441
1.37001
1.41768
1.41793
1.37935
1.30201
1.17318
0.973863
0.703493
0.40019
0.125161
-0.0722658
-0.173761
-0.187893
-0.136176
-0.0423809
0.072758
0.192998
0.306659
0.405404
0.48235
0.530546
0.542573
0.511821
0.437341
0.331836
0.221266
0.132565
0.081164
0.0684386
0.0856357
0.118834
0.153286
0.176239
0.180611
0.165833
0.139506
0.112714
0.0939688
0.0865397
0.0863489
0.0880733
0.0853687
0.0760862
0.0611035
0.0433202
0.0257736
0.00892922
-0.01013
-0.0312279
-0.0549335
-0.079736
-0.100786
-0.122386
-0.1389
-0.155902
-0.162666
-0.171678
-0.169334
-0.170684
-0.162245
-0.15825
-0.147997
-0.140634
-0.129842
-0.121122
-0.108286
-0.102067
-0.0844274
-0.085197
-0.0603645
-0.069916
-0.0388572
-0.0541282
-0.0220641
-0.0365428
-0.0108679
-0.0169282
-0.003641
0.00430716
0.00317953
0.0194361
0.013802
0.0260647
0.0235133
0.034913
0.033636
0.0426956
0.0500704
0.0581366
0.0723576
0.0650824
0.0830104
0.0792995
0.084504
0.0962851
0.0914387
0.100803
0.103069
0.099471
0.10563
0.103561
0.101827
0.102191
0.0970362
0.0887668
0.081848
0.0686173
0.0542864
0.0366099
0.0125321
-41.6971
-41.8783
-41.9963
-42.0831
-42.1545
-42.2146
-42.2697
-42.3259
-42.388
-42.4596
-42.5429
-42.6392
-42.7487
-42.8707
-43.0039
-43.1462
-43.2947
-43.4457
-43.5945
-43.7354
-43.8612
-43.9633
-44.0317
-44.0542
-44.0174
-43.9058
-43.7026
-43.3898
-42.9488
-42.3609
-41.6084
-40.6752
-39.5483
-38.2182
-36.6808
-34.9373
-32.9952
-30.8681
-28.5763
-26.1456
-23.6069
-20.9956
-18.3501
-15.7119
-13.1241
-10.6315
-8.28009
-6.11513
-4.18181
-2.52332
-1.18125
-0.194511
0.400794
0.570644
0.284382
-0.481042
-1.73406
-3.45585
-5.58542
-8.01009
-10.5648
-13.046
-15.2358
-16.933
-17.9902
-18.3522
-18.0728
-17.2893
-16.1666
-14.8525
-13.457
-12.0538
-10.689
-9.39001
-8.17172
-7.04086
-5.99837
-5.0416
-4.16576
-3.36495
-2.63313
-1.9648
-1.35569
-0.803042
-0.306025
0.134103
0.514209
0.829767
1.07591
1.24958
1.35255
1.39367
1.38683
1.34349
1.26425
1.13166
0.915387
0.607672
0.256933
-0.0553762
-0.266285
-0.357179
-0.344213
-0.2577
-0.127864
0.0206623
0.169892
0.307918
0.426824
0.520024
0.579902
0.597189
0.562201
0.471552
0.340775
0.20464
0.0989117
0.0425869
0.0357266
0.0656209
0.113976
0.161661
0.192698
0.198381
0.178447
0.143748
0.109606
0.0878816
0.0821015
0.0859265
0.0919255
0.0914301
0.0817734
0.0649666
0.044516
0.0265952
0.00876624
-0.0101425
-0.0337716
-0.0592716
-0.0880833
-0.109857
-0.13442
-0.152423
-0.170512
-0.178269
-0.185685
-0.18452
-0.182457
-0.175381
-0.168282
-0.158432
-0.150135
-0.136771
-0.131048
-0.111309
-0.112859
-0.0846426
-0.0958325
-0.0593766
-0.0788958
-0.0380622
-0.0607487
-0.0222167
-0.0412122
-0.0119722
-0.0204447
-0.00472402
-0.000828606
0.00192799
0.0133601
0.0107216
0.0225225
0.0228983
0.0341216
0.030412
0.0504208
0.0515992
0.0605588
0.0707343
0.063993
0.0829591
0.0798695
0.0855311
0.0974091
0.0923528
0.10087
0.103727
0.100776
0.106077
0.105599
0.103319
0.102627
0.0975397
0.0894246
0.0818889
0.069707
0.0553806
0.0367712
0.0129815
-41.6822
-41.861
-41.9764
-42.0596
-42.1267
-42.1818
-42.2314
-42.2817
-42.3378
-42.4033
-42.4808
-42.5716
-42.6762
-42.794
-42.9241
-43.0645
-43.2126
-43.3651
-43.5179
-43.6657
-43.8019
-43.9187
-44.0068
-44.0549
-44.0505
-43.9792
-43.8251
-43.5712
-43.1998
-42.6931
-42.0336
-41.2057
-40.1958
-38.994
-37.5943
-35.9959
-34.2034
-32.2273
-30.0837
-27.794
-25.3843
-22.8854
-20.3317
-17.7605
-15.2127
-12.7313
-10.3615
-8.15033
-6.1448
-4.39061
-2.93236
-1.81144
-1.06666
-0.735616
-0.853314
-1.45199
-2.5532
-4.15585
-6.21824
-8.64268
-11.2691
-13.8877
-16.2645
-18.1737
-19.4308
-19.9341
-19.701
-18.8623
-17.6075
-16.1207
-14.5435
-12.9691
-11.4528
-10.0249
-8.69933
-7.48056
-6.36678
-5.35258
-4.43041
-3.59204
-2.82931
-2.13497
-1.50326
-0.930348
-0.414821
0.0422561
0.43746
0.765399
1.0196
1.19488
1.29194
1.32143
1.30201
1.25068
1.17042
1.03832
0.806936
0.45531
0.0462497
-0.308371
-0.528162
-0.597103
-0.543567
-0.409928
-0.234129
-0.0447634
0.138747
0.30489
0.446946
0.559261
0.633555
0.658177
0.619104
0.508674
0.345769
0.177439
0.0513272
-0.00936864
-0.00692271
0.0404428
0.10897
0.173629
0.214672
0.22137
0.193873
0.147673
0.103634
0.0785232
0.0753265
0.0852887
0.0971206
0.099578
0.0891441
0.0697492
0.0456729
0.0277057
0.00923755
-0.00949247
-0.0351387
-0.0643005
-0.0962825
-0.120661
-0.146488
-0.16835
-0.185542
-0.195822
-0.200109
-0.20067
-0.194914
-0.188622
-0.179428
-0.168403
-0.160805
-0.143188
-0.141325
-0.114964
-0.121914
-0.0871746
-0.102471
-0.0622681
-0.0830023
-0.0414135
-0.0634452
-0.0263552
-0.0437473
-0.0166988
-0.024011
-0.0084509
-0.00677902
0.00107626
0.0058247
0.0114393
0.021209
0.0197667
0.0367439
0.0336764
0.054927
0.050777
0.0587812
0.0691038
0.0650225
0.082362
0.0816625
0.0863133
0.0966308
0.0937666
0.101453
0.103883
0.102653
0.107287
0.106827
0.104403
0.102775
0.097816
0.0903347
0.082375
0.0711886
0.0563807
0.0369788
0.0133179
-41.6834
-41.8587
-41.9708
-42.0506
-42.1135
-42.1635
-42.2074
-42.2518
-42.3019
-42.3615
-42.4334
-42.5191
-42.6192
-42.7335
-42.861
-43.0002
-43.1489
-43.3041
-43.4621
-43.6182
-43.7666
-43.9001
-44.01
-44.0863
-44.1171
-44.0892
-43.9877
-43.7967
-43.4994
-43.0786
-42.5176
-41.8007
-40.9143
-39.8475
-38.5931
-37.1481
-35.5143
-33.6986
-31.7133
-29.5748
-27.3048
-24.9287
-22.4766
-19.9817
-17.4819
-15.0185
-12.6367
-10.3844
-8.31111
-6.46607
-4.89647
-3.64667
-2.75768
-2.26823
-2.21658
-2.64001
-3.57137
-5.02593
-6.98348
-9.36605
-12.0249
-14.7477
-17.2868
-19.3957
-20.8593
-21.5317
-21.3832
-20.5211
-19.1489
-17.4875
-15.7167
-13.9562
-12.2749
-10.7071
-9.26662
-7.95499
-6.76716
-5.69442
-4.72612
-3.85128
-3.05938
-2.34116
-1.68913
-1.09831
-0.566514
-0.0944057
0.314338
0.653236
0.913776
1.08826
1.17577
1.18804
1.14747
1.07847
0.993926
0.870467
0.635308
0.23716
-0.246801
-0.654994
-0.878732
-0.909595
-0.796788
-0.599681
-0.365425
-0.126437
0.0972762
0.295472
0.463718
0.598313
0.69039
0.725262
0.682729
0.547992
0.343867
0.134785
-0.0155272
-0.0790055
-0.0622676
0.00896398
0.10407
0.190525
0.244152
0.251442
0.213015
0.150703
0.0932431
0.064569
0.0655492
0.084443
0.104314
0.110396
0.0989106
0.0748314
0.0468218
0.0282614
0.0108072
-0.00832421
-0.0348677
-0.0704217
-0.104464
-0.132804
-0.159186
-0.186094
-0.201867
-0.214586
-0.215923
-0.217155
-0.208729
-0.201694
-0.191601
-0.178266
-0.171343
-0.150737
-0.149393
-0.121314
-0.126918
-0.0932288
-0.10458
-0.0682729
-0.0835696
-0.0482636
-0.0639459
-0.0345949
-0.0450445
-0.0238061
-0.027091
-0.0113006
-0.01194
0.000137733
0.00203294
0.0126736
0.0185901
0.0211132
0.0426637
0.0331973
0.0535022
0.0490465
0.0570772
0.0697736
0.0670089
0.0815371
0.083133
0.0860473
0.0963063
0.0956854
0.101665
0.104668
0.104837
0.107921
0.107121
0.105083
0.103261
0.0983792
0.0917111
0.0835952
0.0723405
0.0569018
0.0371193
0.0133592
-41.7002
-41.8713
-41.98
-42.0559
-42.114
-42.159
-42.1974
-42.236
-42.2802
-42.3342
-42.4008
-42.4818
-42.578
-42.6892
-42.8149
-42.9537
-43.1039
-43.2629
-43.4274
-43.5934
-43.7556
-43.9076
-44.0418
-44.1487
-44.2176
-44.2363
-44.1911
-44.0668
-43.8478
-43.5176
-43.0601
-42.4599
-41.7029
-40.7776
-39.6752
-38.3908
-36.9234
-35.2764
-33.4572
-31.4784
-29.356
-27.1107
-24.7672
-22.355
-19.9085
-17.4675
-15.0769
-12.786
-10.6473
-8.7137
-7.03651
-5.66281
-4.6358
-3.99459
-3.77808
-4.02601
-4.77846
-6.06472
-7.88563
-10.1868
-12.8373
-15.6283
-18.3016
-20.5916
-22.2581
-23.1172
-23.0883
-22.2401
-20.7745
-18.9445
-16.9732
-15.014
-13.1548
-11.4367
-9.8737
-8.46453
-7.20036
-6.06853
-5.05499
-4.14559
-3.32711
-2.58807
-1.91916
-1.31403
-0.769351
-0.285319
0.133721
0.479536
0.741641
0.911341
0.987752
0.98289
0.917491
0.817537
0.712131
0.595932
0.374074
-0.0591858
-0.631589
-1.11228
-1.33955
-1.31315
-1.11678
-0.835139
-0.526948
-0.227989
0.0423147
0.276448
0.474057
0.634304
0.747458
0.795613
0.751003
0.587141
0.330599
0.0701258
-0.108732
-0.172247
-0.134345
-0.0304418
0.0997694
0.214018
0.283086
0.290075
0.236283
0.151604
0.0764451
0.0437898
0.0516966
0.0834216
0.114509
0.12445
0.111941
0.079846
0.0477185
0.0281442
0.0136466
-0.00576293
-0.0326519
-0.0770442
-0.113347
-0.145895
-0.173403
-0.205308
-0.22068
-0.23403
-0.233877
-0.233472
-0.224003
-0.21472
-0.204134
-0.189274
-0.180496
-0.160424
-0.1546
-0.130163
-0.129014
-0.101256
-0.104616
-0.0764151
-0.082816
-0.05753
-0.0635019
-0.0438979
-0.0450824
-0.0303335
-0.0283172
-0.0141204
-0.0160083
0.00129999
0.000398866
0.012636
0.0211058
0.0236444
0.0407814
0.0296679
0.0513098
0.048818
0.0579619
0.0708317
0.068116
0.0804229
0.0837538
0.0861817
0.097022
0.0973596
0.101936
0.105484
0.106123
0.108236
0.10758
0.105872
0.104073
0.0992193
0.0930585
0.0846563
0.073034
0.0574062
0.0373419
0.013147
-41.7323
-41.8988
-42.0034
-42.0749
-42.1283
-42.168
-42.2009
-42.2338
-42.2725
-42.3211
-42.3828
-42.4596
-42.5522
-42.661
-42.7855
-42.9249
-43.0775
-43.2414
-43.4138
-43.5912
-43.7689
-43.9415
-44.102
-44.2421
-44.352
-44.4204
-44.4347
-44.3811
-44.2445
-44.0094
-43.6602
-43.1816
-42.5595
-41.7813
-40.8369
-39.719
-38.4241
-36.9517
-35.3055
-33.4922
-31.5233
-29.4139
-27.184
-24.8585
-22.4686
-20.0521
-17.6535
-15.3244
-13.1201
-11.0982
-9.31445
-7.82048
-6.66084
-5.8756
-5.50228
-5.58041
-6.15319
-7.26011
-8.92096
-11.1064
-13.7086
-16.53
-19.3063
-21.7544
-23.6126
-24.6656
-24.7849
-23.9895
-22.4621
-20.4785
-18.3059
-16.1389
-14.0904
-12.2122
-10.5198
-9.00897
-7.66675
-6.47608
-5.41894
-4.47777
-3.63638
-2.88078
-2.1998
-1.58537
-1.0327
-0.542022
-0.119271
0.225775
0.482761
0.644583
0.712965
0.698892
0.615517
0.480806
0.33183
0.194885
-0.0179586
-0.470907
-1.13045
-1.69858
-1.93074
-1.82692
-1.51747
-1.12523
-0.724487
-0.353629
-0.0298885
0.243685
0.472974
0.66189
0.80038
0.866553
0.822222
0.622425
0.29859
-0.0264863
-0.238066
-0.296567
-0.227984
-0.0799882
0.0960664
0.245888
0.334426
0.339895
0.264784
0.148522
0.0504831
0.0137087
0.0326808
0.082565
0.129044
0.143736
0.12901
0.0847785
0.0473171
0.0273227
0.0175385
-0.000305609
-0.0290206
-0.0841464
-0.123921
-0.15943
-0.190227
-0.225746
-0.242404
-0.253847
-0.253945
-0.249738
-0.240586
-0.228168
-0.2167
-0.201221
-0.188455
-0.171416
-0.158233
-0.140048
-0.129956
-0.109659
-0.104633
-0.085014
-0.0823524
-0.067129
-0.0620752
-0.0521471
-0.0433012
-0.0348227
-0.0291111
-0.0152822
-0.0173132
0.00247737
0.000360078
0.0138746
0.0223108
0.0188767
0.035859
0.0296749
0.0503989
0.0505648
0.0592578
0.0703067
0.0686341
0.0791593
0.0846057
0.0876276
0.0973819
0.0981
0.10234
0.106316
0.107057
0.108193
0.108184
0.107078
0.105378
0.100344
0.0940259
0.085535
0.0735879
0.0574654
0.0372163
0.0129327
-41.7788
-41.9394
-42.0397
-42.107
-42.1554
-42.1898
-42.2173
-42.2449
-42.2783
-42.3219
-42.3792
-42.452
-42.5417
-42.6487
-42.7729
-42.9135
-43.0696
-43.2395
-43.421
-43.6112
-43.8062
-44.0013
-44.1903
-44.366
-44.5195
-44.6406
-44.7179
-44.7383
-44.6881
-44.5522
-44.3157
-43.9632
-43.4804
-42.854
-42.0723
-41.1258
-40.0079
-38.7145
-37.2447
-35.6012
-33.7895
-31.8196
-29.7062
-27.4701
-25.1384
-22.7472
-20.3407
-17.9716
-15.6995
-13.5869
-11.6954
-10.0814
-8.79297
-7.87026
-7.34931
-7.26681
-7.66542
-8.59059
-10.077
-12.1194
-14.6369
-17.4504
-20.2967
-22.8774
-24.911
-26.1565
-26.4434
-25.737
-24.1846
-22.0706
-19.7036
-17.3244
-15.0778
-13.0312
-11.2031
-9.58733
-8.16612
-6.91765
-5.8195
-4.85038
-3.99086
-3.22443
-2.53783
-1.92075
-1.36736
-0.879247
-0.463751
-0.129057
0.118989
0.276739
0.34574
0.332436
0.241808
0.0801792
-0.12461
-0.322531
-0.571532
-1.05889
-1.79591
-2.44799
-2.67745
-2.47044
-2.01352
-1.47979
-0.964158
-0.507479
-0.12302
0.192589
0.4547
0.674356
0.841799
0.931338
0.890931
0.646075
0.234369
-0.17275
-0.419959
-0.463837
-0.350417
-0.142759
0.0931483
0.288196
0.401076
0.40349
0.299003
0.138553
0.0106211
-0.0300293
0.00649643
0.0829846
0.148962
0.170414
0.150302
0.089216
0.04374
0.0256841
0.0219473
0.00984731
-0.0237677
-0.0913646
-0.137243
-0.173083
-0.209756
-0.247514
-0.267399
-0.274328
-0.275913
-0.266515
-0.258143
-0.2423
-0.229268
-0.213681
-0.196242
-0.182435
-0.162268
-0.149413
-0.131887
-0.117914
-0.105377
-0.0931528
-0.0816155
-0.0747664
-0.0599876
-0.0573045
-0.0420315
-0.0371869
-0.0289603
-0.0145434
-0.0166318
0.00323746
0.00156993
0.0111774
0.0171033
0.0142554
0.0353526
0.031471
0.0492303
0.052494
0.0594999
0.0683029
0.0687987
0.0793224
0.0862349
0.0881711
0.0971038
0.0992474
0.102659
0.106501
0.107961
0.10887
0.109411
0.108289
0.106145
0.101045
0.0948083
0.086279
0.0739599
0.0575974
0.037417
0.0128196
-41.8393
-41.9933
-42.0885
-42.1511
-42.1951
-42.2245
-42.2467
-42.2689
-42.2971
-42.3361
-42.3892
-42.4588
-42.5461
-42.652
-42.7764
-42.9192
-43.0797
-43.2567
-43.4486
-43.653
-43.867
-44.0864
-44.306
-44.5195
-44.7192
-44.8959
-45.039
-45.1369
-45.1763
-45.1432
-45.0229
-44.8004
-44.4607
-43.9894
-43.3736
-42.6015
-41.6633
-40.5516
-39.2608
-37.7889
-36.1364
-34.3084
-32.3135
-30.1682
-27.8961
-25.5304
-23.1146
-20.7034
-18.3599
-16.1524
-14.1489
-12.4123
-10.9952
-9.93942
-9.27873
-9.04597
-9.27988
-10.0274
-11.3335
-13.2139
-15.6161
-18.3853
-21.2669
-23.9529
-26.1424
-27.5724
-28.038
-27.451
-25.9119
-23.6976
-21.1506
-18.5604
-16.1107
-13.8892
-11.9208
-10.1977
-8.69744
-7.39319
-6.25769
-5.26553
-4.39402
-3.62414
-2.93999
-2.32908
-1.78615
-1.31488
-0.920917
-0.60416
-0.361505
-0.195478
-0.113296
-0.118255
-0.210773
-0.394323
-0.653359
-0.946765
-1.30194
-1.87981
-2.70294
-3.4166
-3.6139
-3.26555
-2.61942
-1.90869
-1.25276
-0.694468
-0.24181
0.118135
0.413195
0.66281
0.85545
0.965254
0.931591
0.637774
0.119984
-0.389511
-0.675505
-0.690779
-0.512449
-0.224197
0.089854
0.342594
0.484576
0.482616
0.337622
0.117041
-0.0492406
-0.092252
-0.0295265
0.0856373
0.176586
0.208027
0.176617
0.092444
0.0347282
0.0228082
0.0276832
0.027568
-0.0170566
-0.0989506
-0.153943
-0.187022
-0.232486
-0.271633
-0.294916
-0.297068
-0.298521
-0.285112
-0.275651
-0.25717
-0.242714
-0.225619
-0.206044
-0.191791
-0.167961
-0.158284
-0.134192
-0.12619
-0.106312
-0.100009
-0.0818411
-0.0790179
-0.05886
-0.0592189
-0.0401354
-0.0369715
-0.0273748
-0.0135864
-0.01709
0.00183828
-0.00112214
0.0032202
0.0150644
0.0158643
0.0341209
0.0327493
0.0491501
0.0525099
0.0577688
0.0666342
0.070516
0.080138
0.0862845
0.0882785
0.0975931
0.0998045
0.102818
0.107416
0.109226
0.109172
0.110303
0.109906
0.107135
0.101487
0.0951501
0.0867247
0.0744716
0.0578459
0.0373817
0.0126808
-41.9129
-42.0597
-42.1502
-42.2082
-42.2466
-42.2706
-42.2875
-42.3047
-42.3282
-42.3629
-42.4123
-42.4791
-42.5647
-42.67
-42.7956
-42.9414
-43.1072
-43.2923
-43.4958
-43.7159
-43.9503
-44.1957
-44.4479
-44.7014
-44.9495
-45.1842
-45.396
-45.5741
-45.7061
-45.7788
-45.7777
-45.6877
-45.4934
-45.1797
-44.7315
-44.1352
-43.3777
-42.4483
-41.3374
-40.0379
-38.5456
-36.8602
-34.9855
-32.9326
-30.7212
-28.3811
-25.9552
-23.4992
-21.0797
-18.7714
-16.6493
-14.7851
-13.2363
-12.0478
-11.2526
-10.8787
-10.9592
-11.5377
-12.6645
-14.372
-16.6351
-19.3273
-22.2103
-24.9727
-27.2963
-28.8985
-29.5454
-29.1012
-27.6121
-25.3323
-22.6269
-19.8336
-17.18
-14.78
-12.6684
-10.8369
-9.2588
-7.90181
-6.73376
-5.72476
-4.84897
-4.08465
-3.41288
-2.8202
-2.304
-1.86857
-1.51102
-1.21497
-0.966939
-0.775865
-0.666553
-0.657244
-0.753345
-0.961613
-1.28081
-1.69365
-2.22446
-2.97931
-3.92345
-4.67024
-4.78159
-4.23647
-3.35021
-2.42194
-1.59775
-0.921677
-0.393047
0.0136951
0.340215
0.613621
0.816705
0.933918
0.90857
0.56744
-0.0706625
-0.700653
-1.02559
-0.994729
-0.72684
-0.331974
0.082653
0.409421
0.587374
0.582017
0.380113
0.0769862
-0.139633
-0.181286
-0.077601
0.0922652
0.21472
0.260318
0.208706
0.0922931
0.0173305
0.0170912
0.0351718
0.055721
-0.00752605
-0.108848
-0.175067
-0.202152
-0.256953
-0.300226
-0.324017
-0.323215
-0.320938
-0.306296
-0.293548
-0.272704
-0.257442
-0.236509
-0.217586
-0.200032
-0.175345
-0.166002
-0.136971
-0.13352
-0.106925
-0.104832
-0.0815543
-0.0802348
-0.0582132
-0.0578537
-0.039069
-0.0354166
-0.0267023
-0.0151167
-0.0183786
-0.0032957
-0.00605782
0.000786348
0.017162
0.0147591
0.0321662
0.0355402
0.0463394
0.0504177
0.0577891
0.0660721
0.0721225
0.0805713
0.0855472
0.0887675
0.0984729
0.100152
0.103223
0.108421
0.110286
0.109883
0.11151
0.110693
0.107013
0.101751
0.0961639
0.0877394
0.0749962
0.0578835
0.037432
0.0126575
-41.9988
-42.1378
-42.2223
-42.2746
-42.3081
-42.3274
-42.3393
-42.3516
-42.3707
-42.4015
-42.4478
-42.5122
-42.5966
-42.7021
-42.8294
-42.979
-43.151
-43.3454
-43.5616
-43.7986
-44.0548
-44.3278
-44.6143
-44.9096
-45.2082
-45.5032
-45.7859
-46.0464
-46.2735
-46.454
-46.574
-46.6183
-46.5708
-46.4154
-46.1353
-45.7143
-45.1372
-44.3892
-43.4573
-42.33
-40.9981
-39.4558
-37.7023
-35.7435
-33.594
-31.2804
-28.844
-26.3403
-23.8404
-21.4244
-19.1764
-17.1762
-15.4897
-14.1655
-13.2373
-12.7288
-12.6661
-13.0866
-14.0403
-15.5716
-17.6791
-20.2669
-23.1192
-25.9282
-28.3627
-30.1212
-30.9464
-30.6603
-29.2537
-26.9451
-24.109
-21.1269
-18.2737
-15.6953
-13.4397
-11.5004
-9.84702
-8.44167
-7.24697
-6.2287
-5.35801
-4.6099
-3.96288
-3.40505
-2.93719
-2.55974
-2.25184
-1.97446
-1.70715
-1.47351
-1.32308
-1.29303
-1.39335
-1.63151
-2.02264
-2.58694
-3.36161
-4.3851
-5.50581
-6.26568
-6.22043
-5.40419
-4.21776
-3.02762
-2.00704
-1.19657
-0.582893
-0.127979
0.225018
0.511494
0.709602
0.822491
0.796271
0.391359
-0.399084
-1.16463
-1.50904
-1.39834
-1.00888
-0.476724
0.0664206
0.485699
0.705015
0.697836
0.417577
0.00404199
-0.277106
-0.311331
-0.143984
0.103914
0.268135
0.332345
0.247829
0.0847082
-0.0124723
0.00603542
0.048358
0.0964849
0.0060369
-0.124246
-0.200359
-0.219784
-0.282981
-0.333787
-0.354853
-0.353024
-0.343181
-0.330261
-0.31148
-0.289361
-0.272486
-0.246859
-0.230894
-0.206304
-0.184534
-0.172511
-0.139776
-0.140867
-0.10575
-0.108292
-0.0811856
-0.0774845
-0.0591289
-0.0542609
-0.0390357
-0.0368157
-0.0273581
-0.0195453
-0.0225626
-0.00692953
-0.00626969
0.000778205
0.0167884
0.0132459
0.0317701
0.0359268
0.0415535
0.0495488
0.0591109
0.065699
0.0731856
0.0798207
0.0848083
0.0906094
0.0992857
0.099681
0.104183
0.110152
0.110755
0.109873
0.112532
0.112034
0.107589
0.101716
0.0964287
0.0882449
0.0756096
0.0583635
0.0373734
0.0123352
-42.0955
-42.2252
-42.3032
-42.3509
-42.3795
-42.3935
-42.4007
-42.4086
-42.4237
-42.451
-42.4946
-42.5573
-42.6409
-42.7472
-42.877
-43.0312
-43.2103
-43.4148
-43.6447
-43.8998
-44.1791
-44.481
-44.8031
-45.1419
-45.4928
-45.8497
-46.2051
-46.5498
-46.8733
-47.1631
-47.4051
-47.5841
-47.6835
-47.6855
-47.5723
-47.3255
-46.9267
-46.3583
-45.6034
-44.6466
-43.4743
-42.0754
-40.4441
-38.5808
-36.4953
-34.2096
-31.7624
-29.2099
-26.6249
-24.0946
-21.7121
-19.5668
-17.7335
-16.2676
-15.2041
-14.5642
-14.3663
-14.6398
-15.4299
-16.787
-18.7297
-21.1919
-23.9849
-26.8115
-29.3327
-31.2296
-32.2245
-32.1042
-30.8069
-28.5053
-25.5705
-22.4199
-19.3772
-16.6242
-14.2267
-12.1823
-10.4576
-9.00956
-7.79542
-6.77701
-5.92226
-5.20276
-4.59626
-4.09485
-3.70157
-3.40554
-3.15768
-2.89406
-2.59314
-2.30019
-2.095
-2.03452
-2.13502
-2.40762
-2.88832
-3.6385
-4.72202
-6.10302
-7.46356
-8.22508
-7.94996
-6.77991
-5.2272
-3.73125
-2.48748
-1.52545
-0.816602
-0.312023
0.0607174
0.348225
0.526591
0.616019
0.552518
0.0256714
-0.993177
-1.90523
-2.20775
-1.94447
-1.38198
-0.674577
0.0283093
0.555503
0.819748
0.817076
0.436516
-0.118569
-0.480967
-0.497915
-0.23384
0.121998
0.342734
0.429912
0.295505
0.0623247
-0.0610888
-0.0163733
0.07223
0.154958
0.0274098
-0.150068
-0.23119
-0.239242
-0.311118
-0.373575
-0.389542
-0.385027
-0.366325
-0.355499
-0.328983
-0.307629
-0.287302
-0.25829
-0.24365
-0.211793
-0.194393
-0.176537
-0.142977
-0.145585
-0.103765
-0.110915
-0.0797983
-0.075209
-0.0617902
-0.0510199
-0.0424717
-0.0384669
-0.0283848
-0.025344
-0.0226045
-0.00758091
-0.00780236
-0.000523851
0.0150301
0.0127763
0.0307891
0.0326422
0.0380344
0.0524583
0.0602623
0.0630028
0.0738073
0.0804247
0.084724
0.0917451
0.0996138
0.0998043
0.105474
0.111085
0.110804
0.110488
0.113739
0.112349
0.107154
0.102217
0.0980397
0.089583
0.0760217
0.057906
0.0370431
0.0123383
-42.201
-42.3217
-42.3944
-42.4364
-42.4592
-42.4683
-42.471
-42.4748
-42.486
-42.5102
-42.5516
-42.613
-42.6966
-42.8042
-42.9371
-43.0964
-43.2834
-43.4989
-43.7435
-44.0176
-44.321
-44.6531
-45.0122
-45.3958
-45.8001
-46.2202
-46.6493
-47.0792
-47.5
-47.8993
-48.2633
-48.5765
-48.8213
-48.979
-49.0301
-48.954
-48.7304
-48.3383
-47.7578
-46.9693
-45.9547
-44.699
-43.1905
-41.4244
-39.4047
-37.1489
-34.6923
-32.0895
-29.417
-26.7652
-24.2404
-21.9399
-19.95
-18.3335
-17.1295
-16.3574
-16.0294
-16.1651
-16.8022
-17.9916
-19.7663
-22.088
-24.7976
-27.6151
-30.1983
-32.2139
-33.3662
-33.413
-32.2439
-29.9824
-26.9831
-23.6898
-20.4728
-17.5534
-15.0194
-12.8749
-11.0845
-9.60085
-8.37586
-7.36781
-6.54125
-5.86497
-5.31854
-4.89967
-4.61055
-4.41892
-4.23873
-3.98228
-3.63385
-3.26584
-2.99025
-2.8869
-2.98046
-3.28921
-3.87509
-4.84354
-6.29017
-8.10348
-9.7687
-10.5197
-9.95443
-8.35299
-6.37251
-4.53246
-3.04345
-1.91441
-1.10281
-0.550066
-0.161218
0.126693
0.272655
0.29928
0.110229
-0.669311
-2.01094
-3.07845
-3.23522
-2.69875
-1.88103
-0.947769
-0.0507303
0.595715
0.907334
0.919285
0.418444
-0.318244
-0.782114
-0.763758
-0.355699
0.146415
0.442074
0.553487
0.347435
0.0106578
-0.141003
-0.0550003
0.114453
0.236783
0.0588413
-0.191308
-0.269659
-0.260346
-0.341931
-0.4179
-0.430404
-0.416794
-0.391181
-0.381499
-0.346426
-0.328385
-0.299844
-0.271795
-0.255059
-0.216805
-0.205243
-0.176662
-0.147353
-0.148412
-0.100426
-0.114786
-0.0774915
-0.0736779
-0.0673169
-0.0468998
-0.0478594
-0.0414977
-0.0267396
-0.0304934
-0.0204477
-0.00760036
-0.0127764
-8.00736e-05
0.0156154
0.0086541
0.026601
0.0317434
0.0381776
0.0536692
0.0584827
0.0614592
0.0757816
0.0800523
0.0842668
0.0940225
0.0999002
0.099039
0.106992
0.112598
0.110476
0.11054
0.115319
0.113517
0.107113
0.101779
0.0981684
0.0903266
0.0769216
0.058405
0.0366565
0.0116508
-42.3168
-42.4271
-42.492
-42.5283
-42.5464
-42.5509
-42.5489
-42.5486
-42.5566
-42.5782
-42.6176
-42.6782
-42.7622
-42.8716
-43.0083
-43.1735
-43.3691
-43.5962
-43.8562
-44.1501
-44.4786
-44.8417
-45.2386
-45.6678
-46.1264
-46.6103
-47.1138
-47.6293
-48.1469
-48.6553
-49.1402
-49.5854
-49.9732
-50.2836
-50.495
-50.5859
-50.5328
-50.3125
-49.9022
-49.2785
-48.4199
-47.3059
-45.9207
-44.2527
-42.3009
-40.0775
-37.6127
-34.9605
-32.1989
-29.4189
-26.7449
-24.2802
-22.1231
-20.3463
-18.9938
-18.0857
-17.6291
-17.634
-18.1281
-19.1583
-20.767
-22.9392
-25.5465
-28.3304
-30.9517
-33.0657
-34.36
-34.5691
-33.5406
-31.3474
-28.3178
-24.9113
-21.5404
-18.4675
-15.8058
-13.5684
-11.7201
-10.2092
-8.98335
-7.99745
-7.21262
-6.59657
-6.13348
-5.82697
-5.67338
-5.60785
-5.50118
-5.24538
-4.83513
-4.37547
-4.01144
-3.84954
-3.92602
-4.2681
-4.96612
-6.17712
-8.02115
-10.308
-12.3101
-13.0632
-12.1708
-10.0836
-7.63184
-5.42366
-3.67509
-2.37108
-1.45653
-0.861853
-0.454216
-0.147904
-0.0176083
-0.0938864
-0.543987
-1.73984
-3.54329
-4.75314
-4.66832
-3.71527
-2.53468
-1.31621
-0.201828
0.540958
0.8806
0.906366
0.264233
-0.699127
-1.27036
-1.16607
-0.536171
0.168569
0.569964
0.70824
0.403347
-0.0806409
-0.268297
-0.115952
0.182107
0.351398
0.0971209
-0.260511
-0.320237
-0.279567
-0.373302
-0.467939
-0.477204
-0.447252
-0.419735
-0.407122
-0.365647
-0.349173
-0.31026
-0.287537
-0.262793
-0.224098
-0.214094
-0.175401
-0.155177
-0.147031
-0.100665
-0.119022
-0.0740281
-0.0765468
-0.0699225
-0.0427998
-0.0543044
-0.0396282
-0.0255794
-0.0363527
-0.0174431
-0.0123025
-0.0157965
0.0039114
0.00903189
0.00331959
0.028661
0.030971
0.0370453
0.054731
0.0556289
0.0601794
0.078697
0.0798067
0.083391
0.0954864
0.0999725
0.0992233
0.108623
0.112832
0.109967
0.11177
0.116796
0.113361
0.106556
0.102612
0.100072
0.0916958
0.0770695
0.0574386
0.0359593
0.0115484
-42.4392
-42.5389
-42.5965
-42.627
-42.6396
-42.6392
-42.6333
-42.6293
-42.6342
-42.6534
-42.6914
-42.7516
-42.8364
-42.9483
-43.0891
-43.2608
-43.4653
-43.7046
-43.9807
-44.2951
-44.6493
-45.0438
-45.4791
-45.9543
-46.4676
-47.0156
-47.5933
-48.1935
-48.8074
-49.4231
-50.0265
-50.6011
-51.1279
-51.5865
-51.9537
-52.2057
-52.3176
-52.264
-52.0185
-51.5554
-50.849
-49.8748
-48.6117
-47.0428
-45.1609
-42.9719
-40.5021
-37.8014
-34.9469
-32.0413
-29.2095
-26.5721
-24.2381
-22.291
-20.7812
-19.7308
-19.1438
-19.0216
-19.3811
-20.2617
-21.7093
-23.7281
-26.2191
-28.9489
-31.5861
-33.7775
-35.1967
-35.5586
-34.6758
-32.5733
-29.5459
-26.0581
-22.558
-19.3489
-16.5716
-14.2515
-12.3548
-10.8266
-9.61106
-8.66003
-7.93183
-7.39541
-7.04178
-6.88042
-6.89446
-6.97551
-6.94803
-6.6865
-6.20034
-5.62949
-5.15539
-4.91442
-4.9603
-5.32721
-6.13302
-7.58758
-9.8353
-12.5992
-14.9481
-15.7132
-14.4872
-11.8984
-8.96374
-6.38579
-4.3781
-2.90343
-1.895
-1.26553
-0.829924
-0.475743
-0.330736
-0.553767
-1.37834
-3.13139
-5.45973
-6.86041
-6.47874
-4.99154
-3.35231
-1.80545
-0.48431
0.301478
0.637043
0.634199
-0.193352
-1.43386
-2.11004
-1.81681
-0.82458
0.179192
0.729381
0.8872
0.446849
-0.238181
-0.476844
-0.208277
0.281807
0.510031
0.141545
-0.367842
-0.387334
-0.296865
-0.402977
-0.526499
-0.531434
-0.476579
-0.451931
-0.430635
-0.388273
-0.369177
-0.319635
-0.306223
-0.265451
-0.234317
-0.22145
-0.172745
-0.166148
-0.14171
-0.103666
-0.123774
-0.0673956
-0.0823949
-0.0705697
-0.0370862
-0.062491
-0.0352689
-0.0235226
-0.0450313
-0.0123286
-0.0138417
-0.0214193
0.00420659
0.00189647
0.000197609
0.0323809
0.029011
0.0337372
0.0543889
0.054803
0.0612116
0.0796608
0.0779174
0.0843914
0.0982271
0.0989281
0.0985034
0.111034
0.114154
0.109211
0.112039
0.118519
0.114183
0.105546
0.101439
0.100469
0.0933339
0.0784559
0.0573708
0.0346018
0.0104569
-42.5664
-42.6548
-42.7058
-42.7307
-42.7379
-42.7327
-42.7225
-42.715
-42.7172
-42.7344
-42.7714
-42.8315
-42.9177
-43.0324
-43.1777
-43.3564
-43.5704
-43.8224
-44.115
-44.4501
-44.8301
-45.2565
-45.7304
-46.2516
-46.8193
-47.4308
-48.0817
-48.7656
-49.4736
-50.1942
-50.913
-51.6128
-52.2743
-52.8753
-53.3921
-53.7989
-54.0695
-54.1756
-54.0888
-53.7806
-53.2215
-52.3837
-51.2405
-49.7704
-47.9599
-45.8085
-43.336
-40.5898
-37.6426
-34.6092
-31.6163
-28.7995
-26.2808
-24.154
-22.478
-21.278
-20.5564
-20.3079
-20.5385
-21.278
-22.5713
-24.4367
-26.8019
-29.4606
-32.0935
-34.3422
-35.8676
-36.3694
-35.6316
-33.6359
-30.6397
-27.1032
-23.502
-20.1781
-17.3012
-14.9111
-12.9773
-11.4431
-10.2501
-9.34739
-8.69182
-8.25629
-8.04054
-8.05893
-8.27301
-8.52117
-8.57917
-8.30534
-7.72989
-7.02343
-6.41199
-6.06772
-6.06264
-6.43945
-7.33486
-9.0069
-11.6237
-14.8263
-17.4972
-18.2827
-16.7507
-13.6936
-10.3093
-7.3881
-5.14301
-3.51777
-2.43537
-1.77912
-1.30935
-0.897866
-0.733513
-1.11508
-2.34553
-4.69879
-7.59187
-9.20203
-8.51437
-6.45516
-4.33322
-2.4668
-0.959912
-0.100863
0.242549
0.0859437
-0.984158
-2.5219
-3.33093
-2.80641
-1.31106
0.0926612
0.817568
0.976226
0.370376
-0.560837
-0.860215
-0.368144
0.437362
0.742448
0.184592
-0.537595
-0.478082
-0.303798
-0.42974
-0.600048
-0.591219
-0.507292
-0.484382
-0.452907
-0.415915
-0.38645
-0.332289
-0.322445
-0.267322
-0.249332
-0.221697
-0.174764
-0.175714
-0.132416
-0.113369
-0.120947
-0.0621735
-0.0914639
-0.0621857
-0.0375446
-0.0697965
-0.0266923
-0.0297595
-0.0489523
-0.00403275
-0.0230682
-0.0254273
0.00570629
-0.00584564
0.00320535
0.0341127
0.0199895
0.0339642
0.0576228
0.0505634
0.0609667
0.0827662
0.0764022
0.0835654
0.100098
0.0992364
0.0987716
0.112249
0.114207
0.109226
0.113696
0.119878
0.113828
0.104814
0.102055
0.102119
0.0947487
0.078731
0.0565494
0.0336914
0.00956396
-42.6994
-42.7754
-42.8177
-42.8366
-42.8388
-42.8292
-42.8152
-42.8047
-42.8043
-42.8199
-42.8562
-42.9166
-43.0044
-43.1221
-43.2726
-43.4582
-43.6821
-43.9471
-44.2562
-44.6124
-45.0184
-45.4765
-45.9886
-46.5555
-47.1768
-47.8507
-48.5733
-49.3388
-50.1382
-50.9602
-51.79
-52.6103
-53.4004
-54.1378
-54.7971
-55.3515
-55.7727
-56.0307
-56.0954
-55.9348
-55.5173
-54.8105
-53.7844
-52.4119
-50.673
-48.5612
-46.0898
-43.2995
-40.2656
-37.1022
-33.9466
-30.9463
-28.2365
-25.9228
-24.0724
-22.7154
-21.8534
-21.4767
-21.5814
-22.1866
-23.3327
-25.0469
-27.2804
-29.8543
-32.465
-34.7519
-36.3652
-36.9913
-36.3926
-34.5134
-31.5736
-28.0203
-24.3487
-20.9346
-17.9772
-15.5323
-13.5746
-12.0469
-10.8893
-10.0488
-9.48279
-9.17047
-9.12224
-9.356
-9.80258
-10.2397
-10.3905
-10.096
-9.41142
-8.5446
-7.76544
-7.28774
-7.20541
-7.5658
-8.5197
-10.3582
-13.2679
-16.8231
-19.755
-20.5643
-18.789
-15.3475
-11.5925
-8.38975
-5.9549
-4.21922
-3.0947
-2.42864
-1.93134
-1.48157
-1.31541
-1.82659
-3.40301
-6.28537
-9.68785
-11.4858
-10.5208
-7.96461
-5.43545
-3.29013
-1.55586
-0.496873
-0.140416
-0.506297
-1.90682
-3.75057
-4.75411
-4.08092
-2.07008
-0.222698
0.687473
0.848605
0.057488
-1.151
-1.52124
-0.666335
0.623192
1.03
0.187295
-0.811509
-0.609053
-0.284003
-0.446258
-0.694016
-0.659793
-0.542201
-0.513133
-0.479229
-0.448465
-0.397257
-0.350273
-0.335508
-0.269911
-0.266241
-0.216489
-0.18208
-0.1821
-0.120263
-0.126981
-0.113417
-0.0573071
-0.102627
-0.0492074
-0.0400089
-0.0776751
-0.013963
-0.036377
-0.0543435
0.00440818
-0.0360233
-0.0318945
0.0133938
-0.0126712
-0.00132515
0.0362865
0.0152446
0.0322692
0.0603199
0.0495203
0.0598094
0.0832728
0.0767003
0.085364
0.10116
0.0977379
0.0991761
0.11515
0.114902
0.107663
0.113807
0.122037
0.114567
0.102452
0.0999011
0.103408
0.0982015
0.0809263
0.0548492
0.0300655
0.00822876
-42.8337
-42.8977
-42.933
-42.9456
-42.9421
-42.9278
-42.9102
-42.8967
-42.8941
-42.9083
-42.944
-43.0051
-43.0948
-43.2159
-43.3716
-43.5646
-43.7985
-44.0765
-44.4022
-44.7792
-45.2109
-45.7003
-46.25
-46.8615
-47.5351
-48.2697
-49.0619
-49.9059
-50.7933
-51.7124
-52.6482
-53.583
-54.4954
-55.3617
-56.1558
-56.8493
-57.4123
-57.8138
-58.021
-57.9998
-57.7159
-57.1341
-56.2202
-54.9424
-53.2753
-51.2052
-48.7376
-45.9085
-42.7907
-39.4994
-36.1812
-32.9955
-30.0909
-27.5851
-25.5542
-24.0331
-23.0249
-22.5162
-22.4952
-22.9705
-23.9751
-25.5413
-27.6395
-30.1176
-32.6901
-34.9976
-36.6804
-37.4141
-36.945
-35.187
-32.324
-28.7844
-25.0739
-21.5971
-18.5812
-16.0991
-14.1321
-12.6245
-11.5154
-10.7511
-10.2918
-10.125
-10.2744
-10.759
-11.4707
-12.1208
-12.3731
-12.0488
-11.2321
-10.1731
-9.19183
-8.54605
-8.35371
-8.66326
-9.62852
-11.5612
-14.654
-18.4365
-21.5397
-22.3686
-20.4347
-16.7349
-12.7309
-9.34341
-6.79341
-5.00674
-3.8852
-3.23757
-2.73598
-2.27361
-2.11793
-2.70028
-4.47982
-7.69931
-11.4418
-13.397
-12.1925
-9.33598
-6.55291
-4.17001
-2.13975
-0.847767
-0.533525
-1.10184
-2.75908
-4.82131
-6.14708
-5.50709
-3.09082
-0.800009
0.32569
0.426653
-0.507583
-2.00807
-2.4852
-1.19448
0.688098
1.22369
0.0576732
-1.23154
-0.789924
-0.223012
-0.45427
-0.807722
-0.740777
-0.57982
-0.53456
-0.515482
-0.477736
-0.409282
-0.373306
-0.33878
-0.2818
-0.277062
-0.210415
-0.196016
-0.17563
-0.11712
-0.138647
-0.0957353
-0.0651964
-0.105182
-0.0335664
-0.0545708
-0.0721773
-0.0029218
-0.0517266
-0.0483987
0.0069198
-0.0514362
-0.0247383
0.013736
-0.0271153
0.00169991
0.0352848
0.00664561
0.0375799
0.0611122
0.0414987
0.0625115
0.0882442
0.07237
0.0842201
0.106126
0.098657
0.0967175
0.116258
0.117856
0.107989
0.113464
0.123423
0.115639
0.100861
0.0983758
0.104636
0.101626
0.083129
0.0541818
0.0275041
0.00484587
-42.9709
-43.0222
-43.0481
-43.0539
-43.0454
-43.0272
-43.0061
-42.9898
-42.9852
-42.9983
-43.0337
-43.0956
-43.1872
-43.3119
-43.4728
-43.6733
-43.9171
-44.208
-44.55
-44.9475
-45.4042
-45.9242
-46.5104
-47.1651
-47.8893
-48.6822
-49.5409
-50.4602
-51.4311
-52.4424
-53.4786
-54.5212
-55.5485
-56.5357
-57.4556
-58.279
-58.9745
-59.5093
-59.849
-59.9576
-59.7985
-59.3338
-58.5258
-57.339
-55.7425
-53.7153
-51.2558
-48.3925
-45.1951
-41.7801
-38.3013
-34.9305
-31.8298
-29.1294
-26.9139
-25.2235
-24.0634
-23.418
-23.2695
-23.6164
-24.4836
-25.9041
-27.8643
-30.237
-32.7569
-35.0685
-36.8036
-37.6282
-37.2768
-35.6404
-32.8701
-29.372
-25.6545
-22.1445
-19.0944
-16.5945
-14.6342
-13.1606
-12.1131
-11.4387
-11.1025
-11.1027
-11.4786
-12.2479
-13.2578
-14.1463
-14.5099
-14.1429
-13.1689
-11.8814
-10.6599
-9.80907
-9.46949
-9.68628
-10.607
-12.546
-15.6911
-19.5502
-22.7156
-23.5532
-21.553
-17.7459
-13.6453
-10.1985
-7.63048
-5.86846
-4.80654
-4.21992
-3.75387
-3.30324
-3.14485
-3.71801
-5.4992
-8.75085
-12.5326
-14.4875
-13.2479
-10.3888
-7.54449
-4.98433
-2.69835
-1.29016
-0.994849
-1.77055
-3.56308
-5.77422
-7.39812
-6.87697
-4.1987
-1.52555
-0.164262
-0.0688315
-1.29348
-3.10322
-3.70012
-2.01146
0.463744
1.19113
-0.347962
-1.86743
-1.04899
-0.134735
-0.466633
-0.935688
-0.841001
-0.611718
-0.540411
-0.561903
-0.499298
-0.427165
-0.394713
-0.334685
-0.305507
-0.276432
-0.207169
-0.214615
-0.157858
-0.122567
-0.14705
-0.0725285
-0.0810158
-0.10302
-0.0145485
-0.0752662
-0.0647472
0.00986897
-0.0742896
-0.0418253
0.0179564
-0.0711183
-0.0213818
0.0200902
-0.0471859
0.00144656
0.044994
-0.00550682
0.0345196
0.0698045
0.0364323
0.0578814
0.0943111
0.0738125
0.0813952
0.107218
0.0991003
0.0965359
0.118809
0.118651
0.104813
0.113623
0.127897
0.116339
0.0951995
0.0947488
0.10799
0.107817
0.0854792
0.0499658
0.0218676
0.0034395
-43.1071
-43.1451
-43.1628
-43.1627
-43.1489
-43.1261
-43.1014
-43.0823
-43.0758
-43.0878
-43.1232
-43.186
-43.2798
-43.4081
-43.5743
-43.7821
-44.0356
-44.339
-44.697
-45.1143
-45.5953
-46.1446
-46.7659
-47.4619
-48.2341
-49.0825
-50.0044
-50.9945
-52.0443
-53.142
-54.272
-55.4152
-56.5493
-57.6487
-58.6854
-59.6287
-60.4461
-61.1034
-61.5646
-61.7923
-61.7476
-61.3908
-60.6816
-59.5811
-58.0528
-56.0695
-53.6214
-50.7291
-47.4578
-43.924
-40.2887
-36.7354
-33.4402
-30.5451
-28.1435
-26.2807
-24.964
-24.1771
-23.8977
-24.1157
-24.8471
-26.1229
-27.9417
-30.1995
-32.6528
-34.9524
-36.7234
-37.6226
-37.3766
-35.8591
-33.1938
-29.7625
-26.0693
-22.5564
-19.4979
-17.0011
-15.0645
-13.6391
-12.6655
-12.0936
-11.8954
-12.082
-12.7102
-13.795
-15.1343
-16.2863
-16.7731
-16.369
-15.1878
-13.6322
-12.133
-11.0386
-10.513
-10.5935
-11.409
-13.2621
-16.3254
-20.1032
-23.2124
-24.0397
-22.0588
-18.3003
-14.2702
-10.9053
-8.43005
-6.77922
-5.84916
-5.38694
-5.00623
-4.58486
-4.39156
-4.85309
-6.42923
-9.37481
-12.8288
-14.5997
-13.5608
-11.0045
-8.29347
-5.67914
-3.33134
-1.98561
-1.76204
-2.56877
-4.34718
-6.61399
-8.46348
-7.97835
-5.18124
-2.29142
-0.811038
-0.737837
-2.24508
-4.29046
-5.03506
-3.03863
-0.132921
0.800665
-1.14065
-2.76008
-1.44292
-0.0640429
-0.52046
-1.10203
-0.970474
-0.613422
-0.543399
-0.614019
-0.507905
-0.457409
-0.400089
-0.335634
-0.333148
-0.259584
-0.222211
-0.220407
-0.137471
-0.142552
-0.134135
-0.0605945
-0.09916
-0.0802855
-0.0135717
-0.0906505
-0.0436364
0.000690619
-0.0889837
-0.0240896
0.00801895
-0.0859322
-0.0119834
0.00931521
-0.0581866
0.0105901
0.0387385
-0.0137918
0.0431727
0.0667814
0.0284332
0.0659608
0.0985403
0.0653081
0.0846837
0.117452
0.0955469
0.0891619
0.125453
0.126782
0.100513
0.10805
0.132974
0.122464
0.0905245
0.0866812
0.108774
0.117583
0.0934427
0.0477988
0.0111978
-0.00579845
-43.2417
-43.2665
-43.2758
-43.2696
-43.2504
-43.2229
-43.1948
-43.1733
-43.165
-43.176
-43.2111
-43.2748
-43.3708
-43.5025
-43.6739
-43.8889
-44.1517
-44.4672
-44.8405
-45.2766
-45.7808
-46.3579
-47.0122
-47.7472
-48.5647
-49.4652
-50.4461
-51.5024
-52.6256
-53.8034
-55.0202
-56.2563
-57.4887
-58.6911
-59.8343
-60.8868
-61.8152
-62.5834
-63.1545
-63.4894
-63.5478
-63.2889
-62.6703
-61.6498
-60.1868
-58.2476
-55.8139
-52.898
-49.5587
-45.9122
-42.1261
-38.3953
-34.9096
-31.8225
-29.2361
-27.2003
-25.7245
-24.7918
-24.377
-24.4634
-25.0583
-26.1889
-27.8618
-29.9944
-32.3658
-34.637
-36.428
-37.3868
-37.2337
-35.8312
-33.2802
-29.9382
-26.2992
-22.814
-19.774
-17.3018
-15.4062
-14.0426
-13.1544
-12.6963
-12.6482
-13.0367
-13.9384
-15.3639
-17.0594
-18.498
-19.1155
-18.6434
-17.24
-15.38
-13.5674
-12.1942
-11.4458
-11.3476
-12.0002
-13.68
-16.5381
-20.0906
-23.0268
-23.8193
-21.9241
-18.3602
-14.5613
-11.4199
-9.15007
-7.70653
-6.99976
-6.7448
-6.50228
-6.1086
-5.82275
-6.06093
-7.24722
-9.6127
-12.4419
-13.9337
-13.2031
-11.1446
-8.72586
-6.24935
-4.10035
-2.99757
-2.85364
-3.53496
-5.05531
-7.16914
-9.01419
-8.59341
-5.88303
-3.08975
-1.71648
-1.67498
-3.21397
-5.27732
-6.12745
-4.0533
-1.0642
-0.143219
-2.32941
-3.86759
-1.93407
-0.108847
-0.680477
-1.32655
-1.12277
-0.596156
-0.573578
-0.661321
-0.515496
-0.502474
-0.384227
-0.356483
-0.356783
-0.234857
-0.262011
-0.205156
-0.124788
-0.17704
-0.0970002
-0.0649482
-0.12107
-0.0365611
-0.0287737
-0.105556
-0.00143707
-0.0186228
-0.106618
0.0123294
-0.010796
-0.120586
0.012142
0.00247598
-0.0933328
0.0300399
0.0479311
-0.0425872
0.0540014
0.0840313
0.00402374
0.0620229
0.118199
0.0565135
0.0739674
0.127418
0.0985473
0.0808691
0.129654
0.13099
0.0934364
0.107335
0.14337
0.122738
0.0778446
0.0804926
0.117428
0.130697
0.0964302
0.041131
0.00414516
-0.0094918
-43.3729
-43.3846
-43.3856
-43.3722
-43.3472
-43.3161
-43.2848
-43.2606
-43.2507
-43.2608
-43.296
-43.3606
-43.4585
-43.5937
-43.7699
-43.9915
-44.2632
-44.59
-44.9775
-45.4313
-45.957
-46.5601
-47.2454
-48.0167
-48.8764
-49.8249
-50.8603
-51.9776
-53.1681
-54.4194
-55.7155
-57.0361
-58.3577
-59.6532
-60.8927
-62.0435
-63.0709
-63.9383
-64.6069
-65.0367
-65.187
-65.0151
-64.4777
-63.5308
-62.1298
-60.2341
-57.8169
-54.8815
-51.4799
-47.7272
-43.797
-39.896
-36.2264
-32.9532
-30.1863
-27.9798
-26.3442
-25.2629
-24.7083
-24.6589
-25.1141
-26.0966
-27.6183
-29.6146
-31.8877
-34.1123
-35.9065
-36.9103
-36.8387
-35.5468
-33.1175
-29.8848
-26.3285
-22.9011
-19.9064
-17.4809
-15.6432
-14.3542
-13.5614
-13.2258
-13.3364
-13.937
-15.1263
-16.909
-18.9799
-20.7226
-21.4775
-20.9259
-19.2699
-17.0712
-14.9156
-13.2353
-12.232
-11.9184
-12.3582
-13.7883
-16.3372
-19.5463
-22.2109
-22.951
-21.1773
-17.9293
-14.501
-11.7074
-9.74846
-8.61472
-8.23919
-8.28628
-8.23206
-7.84089
-7.37799
-7.27261
-7.9252
-9.55215
-11.6088
-12.7686
-12.3422
-10.8241
-8.81674
-6.71331
-5.00413
-4.30165
-4.24082
-4.65234
-5.64188
-7.32037
-8.94345
-8.61602
-6.25234
-3.93289
-2.89217
-2.8567
-4.02352
-5.79348
-6.63222
-4.8606
-2.17881
-1.51938
-3.46311
-4.72391
-2.32162
-0.35546
-0.917416
-1.55708
-1.21889
-0.592917
-0.628049
-0.682478
-0.530483
-0.542642
-0.36147
-0.394945
-0.359209
-0.224523
-0.313024
-0.175968
-0.140308
-0.207359
-0.0622442
-0.104701
-0.127025
-0.00687541
-0.0700659
-0.089947
0.0253942
-0.045819
-0.0905384
0.0335566
-0.0271081
-0.12647
0.0158832
-0.0105463
-0.106161
0.030322
0.0441456
-0.0488411
0.0583418
0.0803245
0.000882095
0.0713927
0.117062
0.0556855
0.0863862
0.133406
0.0853903
0.0755502
0.14901
0.137174
0.0751392
0.0979919
0.161632
0.13488
0.0571793
0.0541057
0.1176
0.154751
0.114388
0.0315264
-0.0252381
-0.0291438
-43.4989
-43.4968
-43.4889
-43.4698
-43.4403
-43.4048
-43.3702
-43.3437
-43.332
-43.3409
-43.376
-43.4413
-43.5412
-43.6793
-43.86
-44.0878
-44.3676
-44.705
-45.1056
-45.5756
-46.1211
-46.748
-47.4617
-48.2661
-49.1641
-50.1567
-51.2417
-52.4141
-53.6655
-54.9831
-56.3506
-57.7471
-59.1487
-60.5274
-61.8524
-63.0902
-64.205
-65.1588
-65.9124
-66.425
-66.6547
-66.5591
-66.0939
-65.2134
-63.8694
-62.0162
-59.6175
-56.6671
-53.2094
-49.3581
-45.2919
-41.2286
-37.3832
-33.9314
-30.9903
-28.6173
-26.8239
-25.5931
-24.8955
-24.7058
-25.0168
-25.8457
-27.2078
-29.055
-31.2124
-33.3709
-35.1505
-36.1849
-36.1843
-34.9989
-32.6978
-29.5928
-26.1457
-22.8049
-19.8816
-17.5241
-15.7607
-14.5576
-13.8683
-13.661
-13.9341
-14.7508
-16.2316
-18.3763
-20.8298
-22.8851
-23.7804
-23.1397
-21.2082
-18.6463
-16.1285
-14.1231
-12.8424
-12.2851
-12.4744
-13.5983
-15.7599
-18.5349
-20.8478
-21.5415
-19.8953
-17.0528
-14.0972
-11.7438
-10.1864
-9.4634
-9.53276
-9.98499
-10.164
-9.72865
-8.98115
-8.41716
-8.4406
-9.27518
-10.5409
-11.3452
-11.1306
-10.0977
-8.59353
-7.07083
-5.98833
-5.77175
-5.78798
-5.82643
-6.08406
-7.07561
-8.28078
-8.07144
-6.29391
-4.74342
-4.25905
-4.18896
-4.60169
-5.77689
-6.4146
-5.27353
-3.36551
-3.01044
-3.98255
-4.5511
-2.40676
-0.83321
-1.14985
-1.48421
-1.17415
-0.629609
-0.670906
-0.674065
-0.530186
-0.561008
-0.354975
-0.42107
-0.352634
-0.22779
-0.362675
-0.158867
-0.16687
-0.238204
-0.0356601
-0.184483
-0.124973
0.0198966
-0.170566
-0.0492535
0.0445037
-0.120804
-0.00638911
0.0596017
-0.0784746
-0.0587711
0.0460069
-0.0739741
-0.0949561
0.0658432
-0.00878815
-0.0793517
0.102099
0.0676029
-0.0555064
0.102299
0.148854
0.00562048
0.0729678
0.177466
0.0770975
0.0439313
0.171267
0.1601
0.0536739
0.0902593
0.18838
0.141765
0.0407495
0.0424113
0.135564
0.178536
0.121729
0.0214307
-0.0440867
-0.0449979
-43.6184
-43.6036
-43.5873
-43.5612
-43.526
-43.4862
-43.4486
-43.4196
-43.4061
-43.4143
-43.4491
-43.5151
-43.6165
-43.7574
-43.9422
-44.1756
-44.4628
-44.8094
-45.2219
-45.7066
-46.27
-46.9184
-47.6574
-48.4915
-49.424
-50.4559
-51.5852
-52.8069
-54.1125
-55.489
-56.9196
-58.3834
-59.8553
-61.3069
-62.7067
-64.0201
-65.2103
-66.2386
-67.0646
-67.6473
-67.9446
-67.914
-67.5112
-66.6895
-65.3981
-63.5851
-61.2062
-58.2448
-54.7377
-50.7958
-46.603
-42.3873
-38.3758
-34.7547
-31.6472
-29.1139
-27.1666
-25.7871
-24.9448
-24.611
-24.7729
-25.4417
-26.6341
-28.3168
-30.3385
-32.4097
-34.1557
-35.2061
-35.2669
-34.1849
-32.0179
-29.0567
-25.7428
-22.5154
-19.6887
-17.4199
-15.7456
-14.6382
-14.058
-13.9811
-14.4155
-15.444
-17.2085
-19.7059
-22.534
-24.8984
-25.9305
-25.1969
-22.9794
-20.0443
-17.1587
-14.8244
-13.2556
-12.439
-12.3549
-13.1393
-14.8674
-17.1538
-19.0418
-19.3739
-18.179
-15.8086
-13.3789
-11.5204
-10.43
-10.206
-10.8266
-11.7894
-12.2348
-11.6955
-10.5428
-9.42254
-8.77919
-8.84286
-9.37082
-9.80492
-9.67809
-9.04782
-8.10884
-7.30042
-6.95992
-7.2379
-7.33707
-6.93452
-6.35294
-6.49903
-7.15984
-7.06227
-6.0228
-5.40815
-5.66675
-5.5242
-4.94466
-5.30085
-5.56199
-5.16631
-4.57685
-4.52493
-3.89912
-3.50503
-2.26727
-1.46015
-1.37561
-1.23354
-1.07013
-0.722319
-0.683441
-0.684388
-0.489236
-0.587141
-0.382441
-0.405103
-0.39953
-0.191385
-0.424622
-0.202967
-0.15823
-0.33718
-0.00043052
-0.276731
-0.233316
0.0722818
-0.317257
-0.0790577
0.0658608
-0.248403
0.0657928
0.0606317
-0.149344
0.0464479
0.0553597
-0.0558813
-0.0374141
0.0501556
0.0510342
-0.0538336
0.0767508
0.107114
-0.0377571
0.069217
0.144293
0.0214472
0.0672374
0.143913
0.0572454
0.0360959
0.19553
0.123862
0.00311377
0.0779096
0.238912
0.133062
-0.0460222
-0.0261951
0.147397
0.247609
0.153201
-0.0032496
-0.102254
-0.084488
)
;

boundaryField
{
    front
    {
        type            empty;
    }
    wall
    {
        type            zeroGradient;
    }
    inlet
    {
        type            zeroGradient;
    }
    back
    {
        type            empty;
    }
    outlet
    {
        type            fixedValue;
        value           uniform 0;
    }
}


// ************************************************************************* //
