/*--------------------------------*- C++ -*----------------------------------*\
| =========                 |                                                 |
| \\      /  F ield         | OpenFOAM: The Open Source CFD Toolbox           |
|  \\    /   O peration     | Version:  2406                                  |
|   \\  /    A nd           | Website:  www.openfoam.com                      |
|    \\/     M anipulation  |                                                 |
\*---------------------------------------------------------------------------*/
FoamFile
{
    version     2.0;
    format      ascii;
    arch        "LSB;label=32;scalar=64";
    class       volScalarField;
    location    "0.699";
    object      p;
}
// * * * * * * * * * * * * * * * * * * * * * * * * * * * * * * * * * * * * * //

dimensions      [0 2 -2 0 0 0 0];

internalField   nonuniform List<scalar> 
80000
(
-0.258338
-0.210316
-0.138012
-0.13768
-0.111016
-0.0928662
-0.0949271
-0.0777644
-0.0733935
-0.0659585
-0.0562934
-0.0481822
-0.0388828
-0.0323721
-0.024903
-0.0215123
-0.0173687
-0.0136949
-0.0112716
-0.00730044
-0.00495596
-0.000476743
0.00387116
0.00842212
0.0147145
0.0190014
0.0222123
0.0249316
0.0277841
0.031156
0.0336272
0.0361639
0.0392153
0.0429696
0.0470565
0.0505059
0.0536601
0.0567989
0.0598819
0.062171
0.0641549
0.0672302
0.0710261
0.0742617
0.0765656
0.0788894
0.0818756
0.0851253
0.0878717
0.0899102
0.0922316
0.0953643
0.0984632
0.100772
0.102843
0.105318
0.108165
0.110929
0.11307
0.115116
0.117691
0.120287
0.122552
0.124676
0.126844
0.129173
0.131515
0.133641
0.135629
0.137735
0.139966
0.142056
0.143917
0.145836
0.147914
0.14983
0.151593
0.153448
0.155324
0.157086
0.158775
0.16046
0.162118
0.163741
0.165279
0.166818
0.168365
0.169828
0.171235
0.172672
0.174033
0.175338
0.176629
0.177858
0.179053
0.180207
0.18131
0.182375
0.183401
0.184384
-0.121487
-0.122546
-0.112814
-0.129676
-0.103286
-0.0951192
-0.0881676
-0.0661038
-0.0643972
-0.0496449
-0.0422515
-0.0391917
-0.0337909
-0.0378428
-0.0320495
-0.0293909
-0.0243812
-0.0163926
-0.0144267
-0.00497963
0.00269483
0.00790785
0.0122539
0.0113204
0.0127334
0.0143068
0.0172973
0.0225515
0.0257124
0.0299274
0.0346746
0.0393469
0.0434665
0.045478
0.047188
0.0494411
0.0525718
0.0553134
0.0579399
0.0622184
0.0664225
0.0690723
0.0706892
0.0728562
0.0763298
0.0800849
0.0827346
0.0842702
0.0868655
0.0907275
0.0937401
0.0955111
0.0975108
0.100373
0.103539
0.106244
0.108004
0.110164
0.113295
0.115945
0.117916
0.120044
0.122522
0.124975
0.127149
0.129263
0.131467
0.133695
0.13587
0.137942
0.14006
0.142121
0.144073
0.146067
0.148059
0.149912
0.151743
0.15365
0.155461
0.157211
0.158931
0.160641
0.16231
0.16389
0.165436
0.167007
0.168549
0.16996
0.171426
0.172864
0.174175
0.175526
0.176809
0.178031
0.179234
0.180387
0.181495
0.18256
0.18358
0.184557
-0.106973
-0.099337
-0.084619
-0.0947877
-0.0668439
-0.0650229
-0.0708692
-0.0578344
-0.0630514
-0.0535427
-0.0547904
-0.0527115
-0.0388359
-0.0354603
-0.0207381
-0.0180136
-0.0148757
-0.00453217
-0.00797447
-0.00366496
-0.00290607
-0.00400378
0.00547376
0.00871489
0.0133534
0.0192418
0.0219271
0.0273369
0.0290068
0.0305045
0.034221
0.0369925
0.0410589
0.0443308
0.0475165
0.0507327
0.0531977
0.0562639
0.0592443
0.0631039
0.0665216
0.0679408
0.0697904
0.0740248
0.0783742
0.079923
0.0811225
0.0843518
0.0883937
0.0917101
0.0933124
0.0945778
0.0978208
0.101942
0.104066
0.105266
0.107852
0.111208
0.113961
0.115801
0.117756
0.120471
0.123112
0.125267
0.127286
0.129505
0.131809
0.133966
0.136066
0.138178
0.140321
0.142334
0.144354
0.146444
0.148278
0.150118
0.152115
0.153999
0.155738
0.157499
0.159292
0.160996
0.162643
0.164186
0.165829
0.167414
0.168842
0.170306
0.17186
0.173177
0.174523
0.175904
0.177147
0.178399
0.1796
0.180742
0.181861
0.182933
0.18395
0.184931
-0.0643196
-0.063925
-0.0615168
-0.0784651
-0.0659343
-0.0715057
-0.0708428
-0.0548422
-0.0565216
-0.0434779
-0.0427479
-0.0340248
-0.0214135
-0.027102
-0.0210923
-0.0248755
-0.0186747
-0.00696818
-0.0130267
-0.00367945
-8.16836e-05
-0.00104213
0.011616
0.0114324
0.0126686
0.0211324
0.0221174
0.0269055
0.0304626
0.0312197
0.0351848
0.0363072
0.0386072
0.043374
0.0485363
0.0527785
0.0542787
0.0575327
0.0612555
0.0630158
0.0644362
0.0671729
0.0717991
0.0755824
0.0777357
0.0789515
0.0815557
0.0866368
0.0897192
0.0902316
0.0922053
0.0962438
0.0997937
0.101783
0.103066
0.105285
0.109272
0.112263
0.11346
0.115412
0.118473
0.121294
0.123331
0.125297
0.127659
0.130073
0.1323
0.134349
0.13642
0.138619
0.140673
0.142724
0.144837
0.146781
0.148576
0.150596
0.152589
0.154297
0.156124
0.157981
0.159792
0.161451
0.16307
0.164743
0.166411
0.167889
0.169315
0.170933
0.172346
0.173625
0.17512
0.176405
0.177655
0.178937
0.180123
0.181281
0.182402
0.183475
0.18451
0.185503
-0.0703555
-0.06353
-0.0573923
-0.0676069
-0.0511
-0.0531417
-0.0478765
-0.0385243
-0.0473042
-0.0345507
-0.0382726
-0.0344784
-0.0275827
-0.0324742
-0.0196076
-0.0204153
-0.0127963
-0.0075733
-0.0147216
0.00209841
0.0046463
0.0040711
0.0174673
0.011799
0.0122808
0.0216938
0.0185035
0.0223187
0.0294461
0.0310137
0.0366887
0.0405976
0.0433998
0.046318
0.0473411
0.0509088
0.053848
0.0570511
0.0608444
0.0629975
0.0658371
0.0694221
0.0732075
0.074666
0.0759118
0.0804094
0.084589
0.0866874
0.0879289
0.0899456
0.0938774
0.098045
0.0998729
0.100603
0.10349
0.107474
0.110251
0.111514
0.113201
0.116598
0.119666
0.121457
0.123321
0.125796
0.12842
0.130606
0.132595
0.134727
0.136925
0.139146
0.141184
0.14336
0.145389
0.147174
0.149253
0.151285
0.153005
0.154753
0.156721
0.158569
0.160269
0.161974
0.163696
0.165494
0.167008
0.168456
0.170076
0.171645
0.172844
0.174337
0.175805
0.176998
0.178347
0.179602
0.180787
0.181971
0.183085
0.184156
0.185202
0.186199
-0.0445649
-0.04783
-0.0463794
-0.0512653
-0.0390458
-0.0498873
-0.0480032
-0.0393801
-0.0460509
-0.030664
-0.0361931
-0.0323844
-0.0229585
-0.0233282
-0.0107345
-0.0166739
-0.00859047
-0.0038883
-0.00683261
0.00960504
-0.00105502
-0.00238669
0.0150076
0.00912077
0.0149038
0.0255676
0.0201921
0.0251557
0.0327572
0.0319822
0.036071
0.0398523
0.0429801
0.0481039
0.0485068
0.0505141
0.0541646
0.0569781
0.0607066
0.0638687
0.0680731
0.070587
0.0721661
0.0747528
0.0775696
0.0818868
0.0844428
0.0851035
0.0878993
0.0925002
0.0958685
0.0971982
0.0985819
0.101499
0.105644
0.1084
0.109216
0.111271
0.114923
0.118016
0.119735
0.121427
0.124131
0.126818
0.129074
0.131072
0.13314
0.13545
0.137619
0.139663
0.14177
0.143902
0.14587
0.147879
0.150136
0.151883
0.153547
0.155618
0.157521
0.159255
0.160917
0.162745
0.164543
0.166208
0.167639
0.169282
0.170982
0.172302
0.173638
0.175307
0.176508
0.177798
0.179203
0.180393
0.18161
0.1828
0.183921
0.185008
0.186056
0.187052
-0.0503699
-0.0471612
-0.0419672
-0.0460453
-0.0387791
-0.0473401
-0.039865
-0.0287775
-0.0365185
-0.0229249
-0.0267438
-0.0222839
-0.0162228
-0.018704
-0.0109921
-0.0191778
-0.00585345
-0.00356505
-0.00764617
0.00918034
-0.00199504
0.00433523
0.0205004
0.0097088
0.0164171
0.0245884
0.0221549
0.030683
0.0341383
0.0317202
0.0366689
0.0396219
0.0405391
0.0462171
0.0499557
0.0532866
0.0565925
0.0583215
0.0617554
0.0638991
0.0673177
0.0703749
0.0720135
0.0765651
0.0797968
0.0812267
0.0831358
0.0863639
0.0906904
0.0934937
0.0948796
0.0964878
0.0999539
0.103883
0.10615
0.107438
0.109295
0.113129
0.116401
0.117698
0.11949
0.122396
0.125319
0.127436
0.12935
0.13167
0.134011
0.136296
0.138399
0.14037
0.142579
0.144563
0.146634
0.148863
0.15076
0.152428
0.154443
0.156571
0.158233
0.159973
0.161826
0.163695
0.165406
0.166908
0.168555
0.170333
0.171816
0.17304
0.174752
0.176236
0.177334
0.178868
0.180173
0.181359
0.182613
0.183778
0.184915
0.186028
0.18708
0.188086
-0.0366728
-0.0334688
-0.0355616
-0.0419209
-0.0326891
-0.0334055
-0.0273249
-0.0238502
-0.0356915
-0.0239483
-0.0241368
-0.0201575
-0.0204205
-0.0194928
-0.00683987
-0.0144907
0.00151597
-0.00188644
-0.00879034
0.0121621
0.004164
0.0119091
0.0206636
0.0104271
0.0214261
0.0241859
0.021376
0.0299542
0.0313099
0.0332843
0.0401879
0.0423733
0.0431831
0.0465253
0.0498007
0.0542072
0.0574664
0.0587176
0.0628009
0.0645465
0.0665369
0.0711597
0.0735517
0.0769032
0.0795033
0.0814933
0.0850843
0.088432
0.0910533
0.0922661
0.0945636
0.0984427
0.102017
0.10422
0.105352
0.107934
0.111618
0.114624
0.116074
0.117546
0.120794
0.123861
0.125835
0.127773
0.130009
0.132643
0.13498
0.137023
0.139134
0.141177
0.143363
0.14538
0.147612
0.149775
0.1514
0.153475
0.155657
0.157366
0.158968
0.160863
0.162833
0.164558
0.166156
0.167759
0.169677
0.171307
0.172606
0.174123
0.175941
0.177047
0.178425
0.18002
0.181169
0.182468
0.183728
0.184862
0.186012
0.187137
0.188204
0.189227
-0.0325795
-0.0376897
-0.0351298
-0.0338116
-0.0249506
-0.0296188
-0.0359035
-0.0291333
-0.0292921
-0.0204923
-0.0203638
-0.0158496
-0.0172539
-0.0111036
-1.96851e-05
-0.0144026
0.00326338
0.00101146
-0.00366009
0.018275
0.00536863
0.00856013
0.0150534
0.0138449
0.0275161
0.0248316
0.0243516
0.0299846
0.0307104
0.0383496
0.0413265
0.0408997
0.0465675
0.0497082
0.0500933
0.053841
0.0571611
0.0584647
0.0635123
0.0668089
0.0680359
0.0720953
0.0743085
0.0767523
0.0797572
0.0829704
0.0868067
0.0881551
0.0900448
0.0931732
0.0968109
0.100223
0.101843
0.103435
0.106149
0.110096
0.11302
0.114112
0.115999
0.11932
0.122574
0.124494
0.12613
0.12876
0.131299
0.133687
0.135842
0.137836
0.1401
0.142278
0.144374
0.146512
0.148582
0.150462
0.152339
0.154771
0.15669
0.158192
0.160148
0.162113
0.163917
0.165483
0.167146
0.168944
0.170769
0.172148
0.17361
0.175506
0.177003
0.178078
0.179847
0.181159
0.182288
0.183703
0.184931
0.186097
0.187274
0.188392
0.189464
0.190502
-0.0402589
-0.0329018
-0.0238124
-0.0292036
-0.0321691
-0.029445
-0.0303742
-0.0198896
-0.0159908
-0.0178898
-0.0185466
-0.0100391
-0.0136879
-0.00899679
-0.00126109
-0.0164093
0.00661464
0.00469584
-0.00426781
0.0158364
0.00537396
0.0127143
0.0194302
0.0187112
0.025173
0.021672
0.0316582
0.0340533
0.0317792
0.0409936
0.0386875
0.0390427
0.0491877
0.0510872
0.0506038
0.0546992
0.0582049
0.0600498
0.0644227
0.0678942
0.0693056
0.0726683
0.0748457
0.0780493
0.0816001
0.0834399
0.0861951
0.0881012
0.0915468
0.095806
0.0978838
0.099648
0.101571
0.104786
0.108423
0.111037
0.112622
0.114226
0.11783
0.121194
0.122871
0.124623
0.12713
0.13011
0.13242
0.13447
0.136755
0.138922
0.141289
0.143531
0.14552
0.147728
0.14963
0.151558
0.153851
0.155943
0.157526
0.159351
0.161614
0.163385
0.165003
0.166667
0.168539
0.170377
0.17186
0.173264
0.175074
0.176924
0.178023
0.179546
0.181378
0.182386
0.183733
0.185145
0.18634
0.18759
0.188776
0.189875
0.190949
0.191997
-0.022306
-0.0284834
-0.0303834
-0.0333926
-0.02798
-0.0135464
-0.0175358
-0.0193483
-0.0191524
-0.022184
-0.0158519
-0.0069135
-0.0146717
-0.00922634
0.00030183
-0.0115842
0.00917988
0.00433397
-0.0031729
0.0170518
0.00873596
0.0188119
0.0226503
0.0204799
0.0226767
0.0216066
0.0371471
0.0329036
0.0309998
0.0428848
0.0386693
0.0425171
0.0509744
0.0486486
0.0516957
0.05773
0.0596892
0.0618558
0.0652843
0.0673257
0.069344
0.0740098
0.0766351
0.0792298
0.0822736
0.0834876
0.0869365
0.0904352
0.0934753
0.0961938
0.0972692
0.0999172
0.103559
0.106923
0.109267
0.110634
0.113138
0.116429
0.119724
0.121494
0.122871
0.125906
0.128832
0.131107
0.13317
0.135261
0.137852
0.140176
0.142427
0.144665
0.146628
0.148833
0.150797
0.152968
0.155275
0.156849
0.15869
0.160992
0.16305
0.164571
0.166241
0.168154
0.170061
0.171747
0.173103
0.174862
0.176801
0.178218
0.179325
0.181322
0.182755
0.183808
0.185445
0.18672
0.187926
0.189241
0.190423
0.191537
0.192627
0.193678
-0.0320986
-0.0336045
-0.025362
-0.0176976
-0.0206095
-0.0200602
-0.0253172
-0.0232753
-0.0159005
-0.0160422
-0.0105798
-0.00491297
-0.0108187
-0.00561461
0.00144485
-0.00698693
0.00888793
0.00430866
0.00481997
0.0215289
0.00798234
0.0168195
0.0187597
0.0220542
0.0278018
0.0255539
0.0371375
0.028457
0.0333082
0.046391
0.0406661
0.0471477
0.0503306
0.0468631
0.0551863
0.0602083
0.0595111
0.0624785
0.0660165
0.0682493
0.0708455
0.0751496
0.0774418
0.079568
0.0828307
0.0850365
0.089214
0.0918906
0.0930917
0.0957911
0.0984738
0.102257
0.105446
0.107356
0.109175
0.111477
0.115292
0.118353
0.120043
0.12174
0.124448
0.127954
0.130104
0.131842
0.134343
0.13666
0.139208
0.14149
0.143562
0.145837
0.147876
0.150033
0.152193
0.15443
0.156408
0.157961
0.160309
0.162566
0.164189
0.165918
0.167882
0.169896
0.171572
0.173128
0.174712
0.176721
0.178365
0.179501
0.181109
0.183111
0.184067
0.185549
0.187247
0.188334
0.189606
0.190929
0.192126
0.193296
0.194415
0.195466
-0.0256125
-0.0211915
-0.0198175
-0.0226619
-0.0303184
-0.0271614
-0.0189916
-0.0106011
-0.00718716
-0.0121569
-0.0113606
-0.00805252
-0.00547925
-0.00103636
-0.000853602
-0.00313076
0.00932841
0.00439824
0.00919351
0.0181925
0.00546091
0.0215797
0.0207468
0.0226033
0.0294626
0.0264742
0.0372465
0.029835
0.0392921
0.0468848
0.0390709
0.0492242
0.0499861
0.049842
0.0586874
0.0584547
0.0591984
0.0646998
0.0671446
0.0700989
0.0732744
0.0754262
0.0773463
0.0807114
0.0847175
0.0867879
0.0900829
0.0917738
0.0931606
0.0976615
0.100922
0.103479
0.105477
0.107419
0.110565
0.113785
0.116916
0.118629
0.120211
0.123522
0.126803
0.129138
0.130823
0.133029
0.136005
0.138244
0.140514
0.142797
0.144879
0.147297
0.149492
0.151635
0.153912
0.15592
0.157702
0.159752
0.162213
0.163971
0.165498
0.16772
0.16977
0.171608
0.173122
0.174809
0.176716
0.178589
0.179876
0.181217
0.183288
0.18476
0.185658
0.187613
0.189049
0.190132
0.191534
0.192796
0.193997
0.195215
0.196365
0.197436
-0.0233943
-0.0270956
-0.0299689
-0.0240025
-0.0175234
-0.0125162
-0.0108896
-0.0136775
-0.0150394
-0.0134996
-0.00878642
-0.00798978
-0.00215186
0.000897858
-0.0022415
0.00171623
0.00814206
0.00252897
0.0108439
0.0156427
0.00921095
0.0296576
0.0225207
0.0213117
0.0291593
0.0266691
0.0391295
0.0340146
0.0417191
0.042588
0.0387757
0.0526321
0.0498929
0.0532312
0.059419
0.0554131
0.06175
0.0683571
0.0675105
0.070862
0.0746862
0.0757236
0.078756
0.0832062
0.0860072
0.0869913
0.0901494
0.0929737
0.0957073
0.100219
0.10174
0.103208
0.106004
0.109109
0.112822
0.115159
0.11709
0.119068
0.121951
0.125796
0.12798
0.129494
0.132067
0.134822
0.137534
0.139603
0.141769
0.144207
0.146342
0.148826
0.151186
0.153268
0.15551
0.15741
0.15953
0.162001
0.163946
0.165425
0.167383
0.169852
0.171658
0.173284
0.174927
0.176857
0.178851
0.180352
0.181664
0.183495
0.185524
0.186437
0.187819
0.189853
0.190914
0.19228
0.193785
0.194948
0.19614
0.19736
0.19853
0.199658
-0.0292884
-0.0243101
-0.0190684
-0.01364
-0.0130225
-0.0176652
-0.0224431
-0.0216747
-0.0116501
-0.00442048
-0.00301937
-0.00712315
-0.00307658
0.00233333
0.000290991
0.00446413
0.00589257
0.00537758
0.0170498
0.0160023
0.0111438
0.0271714
0.0177683
0.0236527
0.0347574
0.0288926
0.0379289
0.0338769
0.0423929
0.0416511
0.0429432
0.0557847
0.0482194
0.0547613
0.0588881
0.0560325
0.0665515
0.0685424
0.0655703
0.071894
0.0763126
0.0768029
0.0807423
0.0847341
0.0857763
0.0873799
0.0920763
0.0954895
0.0975316
0.100768
0.101941
0.104467
0.108503
0.111216
0.113912
0.115461
0.11781
0.121188
0.124228
0.126899
0.128318
0.130602
0.134125
0.136463
0.138626
0.140948
0.143217
0.145786
0.147959
0.150365
0.152777
0.154758
0.157011
0.159015
0.161424
0.163774
0.165291
0.167206
0.169578
0.171683
0.173278
0.175032
0.177033
0.179022
0.180841
0.18215
0.183836
0.185919
0.187473
0.188364
0.190398
0.191996
0.192911
0.194643
0.196086
0.19721
0.198441
0.199653
0.200832
0.202002
-0.0198741
-0.0183388
-0.0211681
-0.0249247
-0.024426
-0.0197311
-0.0136548
-0.0102069
-0.005873
-0.00615637
-0.00648912
-0.00484891
-0.00211457
0.00283848
0.00501202
0.00874954
0.00768503
0.00946999
0.0172324
0.01278
0.0125961
0.0239534
0.0170403
0.0289728
0.0360173
0.0270158
0.0364731
0.0352492
0.0454947
0.0433082
0.0460984
0.0557503
0.0464125
0.05785
0.0600659
0.0580906
0.0687992
0.066134
0.0655052
0.0747173
0.077652
0.0774449
0.0816481
0.0851828
0.0862836
0.0895054
0.0945572
0.0963987
0.0972917
0.100937
0.103733
0.10712
0.110617
0.11203
0.114402
0.116756
0.120058
0.123643
0.125403
0.127415
0.129768
0.132981
0.136142
0.137702
0.139962
0.14272
0.14495
0.147496
0.149739
0.15198
0.154398
0.156425
0.158757
0.160953
0.163277
0.165271
0.16685
0.169349
0.171572
0.173146
0.174928
0.176992
0.179203
0.180994
0.182619
0.184129
0.186192
0.188079
0.189204
0.190649
0.19294
0.193923
0.195112
0.196997
0.198242
0.199468
0.200806
0.202033
0.203214
0.204374
-0.0267953
-0.0270356
-0.0252031
-0.0215889
-0.0159766
-0.00927539
-0.00653589
-0.0108301
-0.0139317
-0.0131728
-0.00612331
0.0017211
-0.000307791
0.00147197
0.00732825
0.0101445
0.00952386
0.011457
0.0136801
0.0136715
0.0203876
0.0251451
0.0197607
0.0301033
0.0301637
0.0261285
0.0401844
0.0384047
0.0469961
0.042397
0.0451784
0.0552069
0.0483055
0.0621296
0.0604255
0.058995
0.0687437
0.0656981
0.0700008
0.0774734
0.0769123
0.0775831
0.0827548
0.0864681
0.0882593
0.0916781
0.0952984
0.096066
0.0979757
0.103023
0.106078
0.10838
0.110914
0.112584
0.116027
0.119191
0.122109
0.124803
0.125988
0.128901
0.13242
0.135104
0.137434
0.139159
0.142003
0.144866
0.146879
0.149416
0.151694
0.153797
0.156272
0.15849
0.160855
0.163153
0.165111
0.167028
0.169186
0.171855
0.173555
0.174965
0.177198
0.179355
0.181383
0.182937
0.184594
0.186494
0.188577
0.19006
0.191216
0.193343
0.195307
0.196008
0.197742
0.199423
0.200517
0.201958
0.203379
0.204604
0.205771
0.206896
-0.0271088
-0.0212346
-0.0154754
-0.0126074
-0.0149669
-0.0189657
-0.018523
-0.0146203
-0.00980607
-0.00541302
-0.00117506
0.000936101
-0.0033596
-0.000166427
0.00650231
0.00810203
0.0102519
0.0139022
0.016723
0.0213858
0.0257544
0.0216028
0.020397
0.0305101
0.0289439
0.0318731
0.043953
0.0365024
0.0439393
0.0425076
0.047256
0.0562129
0.0492317
0.0627843
0.0594197
0.0604506
0.0698304
0.0680029
0.0744385
0.0767202
0.0760569
0.0800064
0.0849168
0.0880914
0.0897542
0.0924274
0.0955668
0.0974703
0.100852
0.105517
0.107065
0.108589
0.111667
0.114518
0.118401
0.120987
0.122898
0.12553
0.127574
0.13134
0.134601
0.136075
0.138583
0.141255
0.144137
0.146781
0.148742
0.151427
0.153751
0.155844
0.158429
0.160772
0.163049
0.165302
0.167139
0.169372
0.171921
0.174093
0.175618
0.177529
0.180089
0.18199
0.183713
0.185293
0.187173
0.189312
0.191094
0.19236
0.193952
0.196347
0.197661
0.198665
0.200837
0.202101
0.203259
0.204894
0.206291
0.207502
0.208666
0.209781
-0.0216254
-0.0224376
-0.022836
-0.021639
-0.0202652
-0.0188263
-0.0138492
-0.00699042
-0.00353493
-0.00399801
-0.00599923
-0.00455202
-0.00126175
0.00373063
0.00478852
0.00622339
0.0139353
0.0159988
0.0175551
0.0230007
0.0232324
0.0200096
0.0262002
0.0337574
0.0308356
0.0351279
0.0409842
0.0342359
0.0450605
0.0470412
0.0506024
0.0556383
0.0489312
0.0619705
0.059005
0.0631181
0.0709808
0.0690461
0.0752989
0.0747572
0.078288
0.0840232
0.0857719
0.0885183
0.0903682
0.093158
0.0973409
0.100337
0.103177
0.106268
0.107541
0.110174
0.114239
0.117073
0.120017
0.121796
0.123858
0.127505
0.130188
0.133387
0.135733
0.136993
0.140503
0.143635
0.145786
0.148364
0.150569
0.153278
0.155721
0.157888
0.160624
0.162936
0.16509
0.167387
0.169401
0.171916
0.17436
0.176044
0.178014
0.180446
0.182779
0.184387
0.186111
0.188067
0.19015
0.192211
0.193675
0.195126
0.19718
0.199263
0.20012
0.201842
0.20403
0.20494
0.206374
0.208047
0.209339
0.210586
0.21182
0.212999
-0.0276603
-0.0280552
-0.0259884
-0.0204469
-0.0126186
-0.00758828
-0.00876168
-0.0112514
-0.0111114
-0.00863191
-0.00516107
-0.000404104
0.004085
0.00525193
0.00336461
0.00715429
0.0151407
0.0123431
0.0136067
0.0209549
0.0233893
0.0282305
0.0324499
0.0305638
0.0305487
0.0355356
0.0374879
0.0376502
0.0495307
0.0500778
0.0504421
0.0530585
0.0514803
0.0645131
0.0603188
0.0650447
0.0696927
0.0684397
0.0756335
0.0750814
0.0821948
0.0854211
0.0844716
0.089324
0.0919236
0.0949113
0.0995548
0.101828
0.103486
0.106478
0.109339
0.113047
0.116625
0.118486
0.120973
0.123168
0.126181
0.130279
0.132377
0.134659
0.137166
0.139192
0.143123
0.145766
0.147269
0.150302
0.152759
0.155213
0.157823
0.160012
0.162701
0.164953
0.167095
0.169626
0.171852
0.174368
0.176429
0.1781
0.180744
0.183218
0.184994
0.186626
0.188633
0.19092
0.19295
0.194805
0.196253
0.198125
0.200319
0.201816
0.202757
0.205148
0.206896
0.207768
0.209542
0.211071
0.212278
0.213622
0.214979
0.216261
-0.023468
-0.0196352
-0.0192533
-0.0189392
-0.0163859
-0.0135272
-0.0143888
-0.0155715
-0.0106537
-0.0038581
0.000999346
0.00328354
0.00240906
0.00161615
0.00343519
0.0084142
0.0127419
0.0102832
0.015075
0.02204
0.024463
0.032994
0.0316881
0.0255276
0.0336435
0.0393935
0.0390684
0.0425661
0.0477018
0.0471085
0.0500751
0.0542131
0.0575733
0.0661236
0.0595578
0.0668212
0.0695434
0.0692933
0.0780554
0.0767233
0.0840883
0.0838327
0.0842506
0.092311
0.0939192
0.0963242
0.100567
0.101897
0.103986
0.108261
0.11193
0.114932
0.117252
0.119211
0.122635
0.125592
0.128764
0.132263
0.13357
0.136054
0.139666
0.142145
0.145423
0.147616
0.149282
0.152912
0.155295
0.157479
0.160378
0.162497
0.164985
0.167308
0.169525
0.17226
0.174502
0.176728
0.178666
0.180785
0.183708
0.185692
0.187198
0.18931
0.191577
0.193835
0.195574
0.197297
0.199043
0.201276
0.203256
0.204343
0.205833
0.2084
0.209527
0.21076
0.212746
0.214035
0.215254
0.216714
0.218158
0.219505
-0.0229031
-0.0207254
-0.0231981
-0.0260183
-0.0241504
-0.0173946
-0.00948935
-0.00618883
-0.0054376
-0.00495507
-0.00398457
-0.0015979
-0.000137956
0.00447486
0.0096175
0.00882109
0.00978551
0.0135735
0.0198417
0.0209439
0.0200456
0.0287031
0.0281989
0.0300778
0.043295
0.0416465
0.0387102
0.0440342
0.0435353
0.0468164
0.0535808
0.0561065
0.0603423
0.0634622
0.0588443
0.0702894
0.0710004
0.0714163
0.0806962
0.0771064
0.0840137
0.0835858
0.0873433
0.0954385
0.0941837
0.0970214
0.101333
0.103023
0.106358
0.110922
0.11349
0.115448
0.117663
0.12094
0.125163
0.127746
0.130242
0.133374
0.134863
0.138283
0.142444
0.144302
0.146881
0.149549
0.151848
0.155519
0.157722
0.159879
0.163127
0.165129
0.16758
0.170164
0.172472
0.175201
0.177359
0.179405
0.181629
0.184071
0.186669
0.188256
0.190082
0.192678
0.194871
0.196868
0.19847
0.2003
0.202371
0.204622
0.206265
0.207404
0.209549
0.211722
0.21248
0.214318
0.216245
0.217338
0.218691
0.220214
0.221634
0.222969
-0.0319104
-0.0259932
-0.0209448
-0.0203692
-0.0199844
-0.0158804
-0.00897454
-0.00665593
-0.0101472
-0.0104101
-0.00622962
-0.000651904
0.00323698
0.00767674
0.0116205
0.00944924
0.0119022
0.0169384
0.0173838
0.0162423
0.0174553
0.0273026
0.0305874
0.0361958
0.0431978
0.0359419
0.0400246
0.0475833
0.0440398
0.0516586
0.0568015
0.0547629
0.0597117
0.0606532
0.0619683
0.0745573
0.0705304
0.0721433
0.0815325
0.077006
0.0851993
0.0862449
0.0910347
0.0957795
0.0934477
0.0989695
0.103038
0.105469
0.109081
0.112475
0.114202
0.116547
0.119743
0.123745
0.12741
0.128861
0.131312
0.134988
0.137131
0.140843
0.144564
0.145563
0.148362
0.151909
0.154346
0.157513
0.159836
0.162168
0.165587
0.167561
0.170149
0.173083
0.175335
0.177974
0.180175
0.182337
0.184994
0.187436
0.189503
0.191199
0.193621
0.196319
0.198169
0.199991
0.201778
0.20386
0.206102
0.208081
0.209527
0.211105
0.21361
0.215134
0.216041
0.218418
0.220043
0.221136
0.222711
0.224218
0.225538
0.226828
-0.0309851
-0.0240732
-0.0164586
-0.0156332
-0.0195332
-0.021067
-0.0179771
-0.0129729
-0.0101593
-0.00605009
-0.0013385
0.00181633
0.00402976
0.00429646
0.00607161
0.00957982
0.0160486
0.018265
0.0147596
0.018749
0.0228499
0.0271595
0.029309
0.0326331
0.0359214
0.0335762
0.0465306
0.0518667
0.0456588
0.0549052
0.0550504
0.0529065
0.0620928
0.062513
0.0674472
0.0754359
0.0675523
0.0739424
0.0823661
0.0776793
0.0877172
0.0884421
0.092104
0.0945551
0.0946228
0.102721
0.104438
0.107359
0.110591
0.112887
0.115778
0.11921
0.122737
0.126127
0.128861
0.13004
0.133515
0.13774
0.139767
0.143005
0.146214
0.147292
0.150859
0.15474
0.156541
0.159328
0.162089
0.164536
0.167791
0.169949
0.1726
0.175718
0.177747
0.180387
0.182806
0.1852
0.188043
0.190207
0.19211
0.194474
0.197223
0.199568
0.201203
0.203191
0.205332
0.207514
0.209673
0.211375
0.212961
0.21507
0.217467
0.218469
0.219954
0.222501
0.223734
0.225085
0.226885
0.228337
0.229594
0.230879
-0.0302795
-0.0291219
-0.0246179
-0.0204867
-0.0201449
-0.0200206
-0.0171896
-0.0106138
-0.00503024
-0.00364621
-0.00411037
-0.00369476
-0.000208442
0.00185301
0.00532258
0.0121625
0.0167066
0.0173728
0.0181853
0.0253492
0.0258048
0.0241345
0.0269866
0.027727
0.0331144
0.039767
0.0509744
0.0488489
0.0437895
0.0555776
0.0532217
0.0555718
0.0669056
0.0635079
0.0696684
0.0736338
0.0674172
0.0794469
0.0833944
0.0787443
0.090057
0.0884181
0.0918234
0.0951225
0.0980096
0.105629
0.103969
0.108425
0.111618
0.113746
0.118613
0.121912
0.124532
0.127485
0.130259
0.132352
0.136729
0.140612
0.1418
0.144924
0.14834
0.150162
0.154068
0.157562
0.158757
0.161802
0.165003
0.167264
0.170267
0.172771
0.175293
0.178352
0.180259
0.182952
0.185666
0.188034
0.190763
0.19274
0.194886
0.197826
0.200349
0.202299
0.204128
0.206497
0.208907
0.210985
0.212948
0.214541
0.216472
0.218898
0.220868
0.221759
0.223923
0.226162
0.22714
0.228893
0.230799
0.232196
0.233495
0.234851
-0.0337262
-0.0338791
-0.0286004
-0.0200914
-0.0152363
-0.0146444
-0.0140985
-0.0117649
-0.00947724
-0.00972541
-0.00817506
-0.0039206
0.00120492
0.00445413
0.00744141
0.0115566
0.0124072
0.0158616
0.0226505
0.0265749
0.0230455
0.0227723
0.0304345
0.0321047
0.0376516
0.0418289
0.0429485
0.0428823
0.0464239
0.0578752
0.0541521
0.0590535
0.0672998
0.0606225
0.0701439
0.0731481
0.0712239
0.08528
0.0822997
0.0799158
0.0922361
0.0880788
0.0934404
0.0981737
0.100917
0.106141
0.103176
0.110698
0.113399
0.115496
0.121341
0.123137
0.125048
0.128919
0.132316
0.135137
0.13945
0.142465
0.143353
0.147222
0.151161
0.153316
0.156915
0.159887
0.16131
0.164968
0.168304
0.170245
0.173293
0.176088
0.178385
0.181314
0.183455
0.186193
0.189128
0.191257
0.193823
0.195867
0.198375
0.20141
0.203333
0.205175
0.207496
0.210089
0.212478
0.214372
0.216288
0.218052
0.220306
0.222673
0.224185
0.225429
0.228038
0.229696
0.230721
0.232836
0.234639
0.235992
0.237418
0.238883
-0.030924
-0.0303523
-0.0267358
-0.0217641
-0.0187561
-0.0182624
-0.0171525
-0.0153365
-0.0127629
-0.00929876
-0.00397844
0.00095971
0.00296306
0.00424726
0.00534838
0.00710626
0.00926242
0.0157505
0.021918
0.0221761
0.0243063
0.0304887
0.0352737
0.0330257
0.0367014
0.0385596
0.0369781
0.0456685
0.0530951
0.0576561
0.0543127
0.0598317
0.0644903
0.058917
0.0719392
0.0742879
0.0747007
0.0866466
0.0792399
0.0830169
0.0950893
0.0886854
0.0967824
0.101141
0.101573
0.106168
0.104739
0.114602
0.115298
0.11736
0.123335
0.12364
0.126305
0.131458
0.134716
0.137184
0.141153
0.143711
0.145308
0.150062
0.153947
0.155683
0.159026
0.162003
0.164221
0.168162
0.171304
0.17315
0.176543
0.179445
0.181609
0.184589
0.187165
0.189846
0.192851
0.194829
0.197447
0.199869
0.202494
0.205197
0.206776
0.20898
0.211702
0.21412
0.216292
0.218091
0.220127
0.222205
0.224632
0.22673
0.228041
0.229894
0.232551
0.233663
0.235061
0.237339
0.238883
0.240243
0.241816
0.243364
-0.0301097
-0.0302766
-0.0303957
-0.0286909
-0.0251369
-0.0209185
-0.0164527
-0.0123462
-0.00887788
-0.00595815
-0.00375276
-0.00160428
-0.000180541
0.00162793
0.00319095
0.00643335
0.0121483
0.0171019
0.0186118
0.0193978
0.027349
0.0335098
0.0328991
0.0321911
0.0358403
0.0373847
0.0402222
0.0528205
0.0537547
0.0522121
0.0553032
0.060527
0.063814
0.0628171
0.0744488
0.0734875
0.0746927
0.0848447
0.078173
0.0882723
0.0966103
0.088832
0.0998761
0.102292
0.101508
0.108215
0.108588
0.117787
0.116203
0.119204
0.125374
0.125011
0.129478
0.134619
0.136778
0.138699
0.142925
0.145622
0.14808
0.152995
0.156146
0.157488
0.161187
0.164537
0.167258
0.17091
0.173709
0.175867
0.179586
0.182445
0.184674
0.187924
0.190769
0.193328
0.196283
0.198397
0.201192
0.204004
0.206498
0.208924
0.210703
0.213462
0.216285
0.218321
0.220399
0.222353
0.2246
0.226878
0.229196
0.231026
0.232507
0.234947
0.237287
0.238168
0.240129
0.242319
0.243613
0.245094
0.246803
0.248392
-0.0338753
-0.0324327
-0.0314126
-0.0282013
-0.0236222
-0.0197803
-0.01627
-0.0121436
-0.0093653
-0.00936682
-0.00992629
-0.00637434
-0.000229063
0.00440938
0.00674857
0.00954811
0.0134819
0.0143764
0.0151858
0.0201542
0.0276633
0.0291666
0.0283755
0.0344909
0.0399303
0.0417736
0.045386
0.0510868
0.0469789
0.0495861
0.0599464
0.0626072
0.0662025
0.0675038
0.0730789
0.0718838
0.075287
0.0842836
0.0805861
0.0926661
0.0951861
0.0886733
0.10239
0.102043
0.102418
0.111539
0.111722
0.11848
0.116687
0.121782
0.127884
0.127336
0.1334
0.137092
0.138461
0.140939
0.145841
0.148575
0.151213
0.155713
0.158152
0.159835
0.164241
0.167712
0.170221
0.173454
0.176135
0.178808
0.182491
0.185236
0.187683
0.191188
0.193962
0.196421
0.19939
0.201858
0.204766
0.207731
0.20994
0.212382
0.214777
0.217828
0.220399
0.222196
0.224498
0.226797
0.229232
0.231566
0.233618
0.235307
0.237165
0.239905
0.241766
0.242821
0.245312
0.24723
0.248444
0.250161
0.251975
0.253562
-0.0355301
-0.0318857
-0.0283867
-0.0253757
-0.0239399
-0.0238551
-0.0224529
-0.0182586
-0.0137925
-0.0106726
-0.0077939
-0.00336216
0.00150079
0.00489411
0.00764577
0.00937858
0.0103078
0.0113107
0.0158699
0.0220349
0.0243818
0.0253069
0.0308374
0.0395396
0.0410746
0.0415839
0.0452602
0.0456413
0.0450004
0.0550753
0.0643056
0.0612777
0.0661873
0.0692662
0.0709001
0.0735148
0.0780645
0.0850194
0.0838069
0.0936141
0.0928281
0.0908946
0.105392
0.101817
0.104583
0.114225
0.112504
0.117991
0.118303
0.125067
0.129936
0.129447
0.136394
0.138365
0.140346
0.144314
0.149355
0.151674
0.154117
0.158385
0.160703
0.163255
0.168014
0.171098
0.173189
0.176475
0.179327
0.18238
0.185757
0.18841
0.191105
0.194607
0.197132
0.199639
0.202728
0.205463
0.208332
0.211218
0.213312
0.215983
0.218862
0.221707
0.22396
0.22586
0.228553
0.231114
0.233547
0.235825
0.23772
0.239549
0.241808
0.244474
0.2459
0.247431
0.250178
0.251741
0.253097
0.255069
0.256907
0.258464
-0.0382847
-0.0347722
-0.0312839
-0.0289937
-0.027747
-0.026043
-0.0232776
-0.0192261
-0.0142967
-0.00889922
-0.00446076
-0.00258052
-0.00161169
0.000369792
0.00386046
0.00678287
0.00981615
0.0146282
0.0195597
0.021779
0.0219692
0.0263269
0.0333915
0.037241
0.0372834
0.0405634
0.0448449
0.0456145
0.0516854
0.0602606
0.0599929
0.0574001
0.067057
0.0700481
0.0709198
0.0781482
0.0802116
0.0844299
0.0858256
0.092339
0.0928425
0.096011
0.107847
0.101976
0.107562
0.11581
0.112435
0.118973
0.121584
0.127853
0.13076
0.131012
0.138393
0.139274
0.142849
0.147835
0.152008
0.153978
0.156695
0.161248
0.1638
0.167067
0.171602
0.174142
0.17634
0.18019
0.183283
0.18638
0.189526
0.19224
0.195171
0.198438
0.200842
0.20357
0.206823
0.209577
0.212303
0.215057
0.217286
0.220236
0.223244
0.225576
0.227719
0.230018
0.232976
0.235545
0.237798
0.23999
0.241891
0.244055
0.246607
0.248962
0.250207
0.252308
0.254955
0.256203
0.257855
0.259991
0.261753
0.26328
-0.0417543
-0.038705
-0.0351277
-0.0308616
-0.0267671
-0.0232668
-0.0206297
-0.0180283
-0.0146846
-0.011946
-0.0102694
-0.00848164
-0.00441126
0.000445004
0.00383412
0.0071466
0.0125079
0.0181629
0.0194607
0.0186396
0.0211266
0.0277887
0.0321674
0.0326768
0.0357905
0.0425277
0.0472699
0.0494995
0.0555188
0.0573403
0.0541849
0.0590645
0.0700061
0.0708753
0.0730881
0.0807511
0.0792375
0.0838815
0.087734
0.0911935
0.0955774
0.100695
0.107562
0.102805
0.111051
0.116983
0.11356
0.122129
0.125207
0.129335
0.131254
0.133194
0.140523
0.14088
0.145867
0.150518
0.153398
0.155732
0.159311
0.164166
0.166785
0.17029
0.174409
0.176758
0.179675
0.18407
0.187162
0.190133
0.193401
0.196296
0.199453
0.20254
0.205127
0.208163
0.211491
0.214109
0.216795
0.219558
0.222091
0.225163
0.228016
0.230012
0.232426
0.235128
0.238008
0.240397
0.242514
0.244772
0.246838
0.249276
0.251859
0.253844
0.25524
0.257848
0.260142
0.261283
0.263295
0.265437
0.267078
0.268606
-0.0421789
-0.0397195
-0.0357591
-0.0305314
-0.0263625
-0.0248456
-0.0238009
-0.0213315
-0.0179685
-0.0159135
-0.0138976
-0.00897854
-0.002224
0.00277667
0.00498305
0.00793665
0.0116486
0.0137302
0.0145608
0.0183044
0.0246625
0.0285362
0.0293969
0.0320127
0.0388734
0.0442494
0.0466897
0.0500437
0.0539632
0.0531087
0.055256
0.066301
0.0717379
0.0693715
0.0743837
0.0808239
0.0785318
0.0855705
0.0898367
0.0909821
0.0985082
0.101891
0.105221
0.105236
0.114307
0.11788
0.116037
0.125875
0.127679
0.130182
0.133044
0.136779
0.143222
0.143345
0.149042
0.152537
0.154744
0.158096
0.162389
0.166935
0.16931
0.172892
0.176812
0.179363
0.183104
0.187507
0.190301
0.193278
0.196949
0.200006
0.203342
0.206491
0.209441
0.212729
0.215995
0.218535
0.221396
0.224382
0.227194
0.230254
0.232906
0.234968
0.237891
0.240811
0.24336
0.245599
0.247766
0.25026
0.252605
0.255198
0.257596
0.259306
0.261106
0.263997
0.265863
0.267184
0.269534
0.271558
0.273106
0.274705
-0.0434374
-0.0416947
-0.0386722
-0.0349661
-0.0314945
-0.0288772
-0.0259968
-0.0223171
-0.0187017
-0.0149338
-0.0105861
-0.00591489
-0.00315205
-0.00162201
0.0011084
0.00532662
0.00848715
0.0106588
0.0152544
0.0217222
0.0261691
0.0272527
0.0294264
0.034197
0.0389784
0.0416456
0.0446702
0.0489163
0.0516454
0.0546745
0.0623529
0.0693355
0.0673094
0.0681544
0.0769834
0.0804193
0.0803756
0.0891772
0.090808
0.091237
0.100478
0.100759
0.103979
0.10934
0.116028
0.118209
0.118879
0.128411
0.128869
0.131485
0.136415
0.140813
0.145712
0.146107
0.152149
0.154771
0.157343
0.161713
0.16594
0.169683
0.171867
0.175777
0.179684
0.182508
0.186626
0.190554
0.193033
0.196305
0.200331
0.203355
0.206784
0.210167
0.213343
0.216721
0.219874
0.222528
0.225692
0.228959
0.231903
0.234894
0.237523
0.239991
0.243323
0.24618
0.248454
0.250817
0.253215
0.255942
0.25848
0.261089
0.263318
0.26502
0.267321
0.270214
0.271719
0.273438
0.276007
0.277858
0.279413
0.281164
-0.0465617
-0.0439287
-0.0415135
-0.0386367
-0.0344915
-0.0291185
-0.0242865
-0.0208113
-0.0182442
-0.0150248
-0.0117899
-0.00990841
-0.00853825
-0.00538086
-0.000287637
0.00390684
0.00742589
0.0126339
0.0192636
0.0227696
0.0230283
0.0247064
0.0298466
0.0347445
0.0372109
0.039941
0.0444708
0.0492489
0.0529174
0.0582655
0.0639141
0.0649685
0.0640795
0.0712372
0.0798721
0.0806124
0.0837913
0.0912143
0.0905461
0.0933872
0.102114
0.100009
0.10578
0.113436
0.115594
0.118598
0.121644
0.12941
0.129776
0.133586
0.140088
0.143687
0.147245
0.148829
0.155149
0.157583
0.161064
0.165888
0.169486
0.172651
0.175083
0.179628
0.183392
0.186348
0.190419
0.193824
0.196288
0.200076
0.204116
0.206911
0.210375
0.213976
0.217072
0.220419
0.22354
0.226435
0.229855
0.233227
0.236087
0.239063
0.24185
0.244772
0.248224
0.250844
0.253081
0.25584
0.25854
0.261377
0.263923
0.266393
0.268548
0.270501
0.273253
0.275922
0.277277
0.279483
0.282078
0.283763
0.285451
0.287403
-0.0479361
-0.0443181
-0.0412687
-0.0382056
-0.0349125
-0.0313887
-0.0278171
-0.024093
-0.0203786
-0.0177004
-0.0161733
-0.0141219
-0.00925754
-0.00301092
0.00157881
0.00416928
0.00804127
0.0133959
0.0165776
0.0171671
0.0197514
0.0261056
0.0315527
0.0340333
0.0366289
0.0415948
0.0461242
0.0493942
0.0534443
0.0585073
0.0608466
0.0611955
0.0664269
0.0761506
0.0801621
0.0798502
0.0862195
0.091639
0.0912099
0.0972591
0.103438
0.101111
0.10964
0.115699
0.114463
0.120499
0.124434
0.129805
0.131439
0.136043
0.14276
0.144986
0.148237
0.151746
0.157975
0.1605
0.164694
0.169389
0.172516
0.175838
0.178928
0.184073
0.187401
0.190478
0.194499
0.197748
0.200541
0.204809
0.208563
0.211137
0.214711
0.218419
0.221253
0.224614
0.227858
0.230948
0.23444
0.237708
0.240389
0.243417
0.246441
0.249587
0.252853
0.255282
0.257746
0.260906
0.263763
0.266573
0.269073
0.271417
0.273606
0.275886
0.278864
0.281195
0.282643
0.285301
0.287733
0.289315
0.291208
0.293345
-0.0500618
-0.047044
-0.043477
-0.0399575
-0.03745
-0.0358853
-0.0332378
-0.0285951
-0.0231658
-0.0190086
-0.015646
-0.0112227
-0.00600301
-0.00243319
-0.00090788
0.0014902
0.00577513
0.00951452
0.0115202
0.0153014
0.0221806
0.0284674
0.0312839
0.033684
0.0379341
0.0420871
0.0451226
0.0491748
0.0540557
0.0569053
0.0586688
0.0634288
0.071454
0.076281
0.0764428
0.0797691
0.0879727
0.0912514
0.0933824
0.10108
0.103684
0.103571
0.113544
0.115998
0.114801
0.124293
0.12707
0.130719
0.134338
0.138488
0.144583
0.145886
0.149823
0.155103
0.160419
0.162963
0.167497
0.171856
0.175082
0.179027
0.182799
0.188172
0.190933
0.194368
0.19862
0.202047
0.20533
0.209853
0.213249
0.21588
0.219756
0.223487
0.22614
0.229693
0.233172
0.236292
0.239735
0.242853
0.245485
0.248682
0.251887
0.254984
0.257965
0.260382
0.2632
0.266547
0.269301
0.271977
0.2745
0.276895
0.27929
0.281853
0.284778
0.286755
0.288487
0.291428
0.293592
0.295174
0.297279
0.299517
-0.0539141
-0.0508831
-0.0474388
-0.0437824
-0.0401383
-0.0365595
-0.0327127
-0.0286999
-0.0247399
-0.0203997
-0.0154726
-0.0108872
-0.0083947
-0.00726088
-0.00488162
-0.000257093
0.00419445
0.00733743
0.0115641
0.0182985
0.0242362
0.0266588
0.0284024
0.0325724
0.0375023
0.0410037
0.0449717
0.0500546
0.0540039
0.0566102
0.0611272
0.0674352
0.0717699
0.0725865
0.0746768
0.0816664
0.0885563
0.0910325
0.095671
0.10227
0.103246
0.107075
0.115957
0.115423
0.117629
0.128577
0.128891
0.132627
0.138075
0.14087
0.146663
0.147845
0.152721
0.158821
0.162437
0.165187
0.16997
0.174093
0.177805
0.182181
0.18629
0.191471
0.19383
0.197908
0.202529
0.206116
0.209801
0.214365
0.217583
0.220581
0.224896
0.228619
0.231335
0.235235
0.238947
0.241957
0.245401
0.248541
0.251356
0.254825
0.258143
0.261064
0.263922
0.266577
0.2697
0.272979
0.275518
0.278088
0.280713
0.283267
0.285951
0.288724
0.291441
0.293216
0.295347
0.298363
0.300248
0.301977
0.304268
0.306503
-0.0564433
-0.052068
-0.0481933
-0.0446914
-0.0410455
-0.0370303
-0.0332926
-0.0302311
-0.0273959
-0.0238824
-0.0199453
-0.0163967
-0.0131206
-0.00883781
-0.00352776
0.00100803
0.00428078
0.00820655
0.0137562
0.0181451
0.019756
0.0216049
0.0268123
0.0328744
0.0368245
0.0404512
0.0459951
0.0508928
0.0536463
0.0574515
0.0636362
0.0682832
0.0695887
0.0714897
0.0773193
0.0844336
0.0881362
0.0906941
0.0966423
0.101737
0.103749
0.110401
0.116338
0.115472
0.122036
0.131303
0.129688
0.135378
0.141612
0.143171
0.149572
0.151085
0.156567
0.162576
0.164372
0.168026
0.173115
0.177042
0.18119
0.185482
0.189619
0.194407
0.196697
0.201527
0.206291
0.209751
0.213676
0.218167
0.221447
0.224947
0.229607
0.233279
0.236265
0.240528
0.244359
0.247258
0.250884
0.254258
0.257379
0.261106
0.264479
0.267302
0.270318
0.273374
0.27667
0.279765
0.282217
0.284875
0.287692
0.290387
0.293253
0.296093
0.298601
0.300434
0.303031
0.305965
0.307678
0.309687
0.312124
0.31429
-0.0586865
-0.0546759
-0.0504239
-0.0464844
-0.0432868
-0.0406099
-0.0378074
-0.0343102
-0.0302509
-0.0263901
-0.02295
-0.0190414
-0.0135655
-0.00732496
-0.00241159
0.00053534
0.00355212
0.00773596
0.0114161
0.0133067
0.0159336
0.0217106
0.0283987
0.0327622
0.0361789
0.0413099
0.0462639
0.0489456
0.0523282
0.0588019
0.0644531
0.0666444
0.0691364
0.0750885
0.0815216
0.0851401
0.0871824
0.0914504
0.0974765
0.101548
0.105582
0.112408
0.115476
0.117043
0.126212
0.131583
0.130202
0.138544
0.144049
0.145297
0.152848
0.154599
0.160383
0.165961
0.166662
0.172023
0.177221
0.180792
0.185193
0.189108
0.193291
0.197757
0.200271
0.205738
0.210242
0.213374
0.217514
0.221919
0.225361
0.22924
0.233989
0.237536
0.240838
0.245338
0.249145
0.252043
0.256003
0.259686
0.263021
0.266878
0.270249
0.273132
0.276503
0.279929
0.283232
0.286203
0.288808
0.291749
0.294826
0.297639
0.300564
0.303334
0.305694
0.307804
0.310814
0.313572
0.315286
0.317635
0.320147
0.322223
-0.0622549
-0.0593275
-0.0555677
-0.0512477
-0.0470444
-0.0432294
-0.0393987
-0.0353076
-0.031216
-0.0274204
-0.023371
-0.0185416
-0.0135292
-0.00969926
-0.00699758
-0.00361243
0.0012356
0.00582265
0.00877871
0.0120382
0.0178097
0.0244668
0.0286912
0.031306
0.0353419
0.0403482
0.0437882
0.0472299
0.0532926
0.0595703
0.06278
0.0657337
0.0718457
0.0784709
0.0821333
0.0844338
0.0882207
0.0936368
0.0987811
0.102823
0.107716
0.112811
0.115333
0.120279
0.128713
0.13043
0.131783
0.141701
0.145269
0.147381
0.155746
0.157373
0.163507
0.168707
0.169389
0.176758
0.181498
0.184628
0.189395
0.193061
0.197555
0.201862
0.20479
0.210651
0.214597
0.217537
0.222047
0.226381
0.229965
0.233987
0.23861
0.242009
0.245552
0.250114
0.25381
0.25685
0.261141
0.26501
0.268353
0.272207
0.275563
0.278615
0.282349
0.285957
0.289124
0.292109
0.29504
0.298282
0.301553
0.304452
0.307419
0.310131
0.312468
0.314946
0.318184
0.320702
0.322567
0.325238
0.327729
0.329713
-0.0653677
-0.0616672
-0.0579974
-0.054066
-0.0495794
-0.0446524
-0.0398141
-0.035701
-0.0323617
-0.0290911
-0.0252877
-0.0212823
-0.0178966
-0.0148403
-0.010824
-0.00536309
3.93532e-05
0.00428353
0.00856137
0.0143702
0.0201915
0.0234939
0.0252806
0.0289329
0.0344914
0.0390215
0.0426603
0.0482079
0.0547221
0.0585691
0.0610724
0.0664608
0.073559
0.0780133
0.0806573
0.0849356
0.0906736
0.0959353
0.100395
0.104586
0.109155
0.113319
0.117356
0.123893
0.12944
0.130108
0.135201
0.144415
0.145955
0.149812
0.158013
0.15939
0.166107
0.170946
0.172405
0.181281
0.184901
0.187902
0.193439
0.197104
0.202141
0.206377
0.209817
0.215861
0.219221
0.222379
0.227422
0.231663
0.235357
0.239418
0.243908
0.247247
0.25099
0.255503
0.259092
0.262374
0.266863
0.270712
0.273923
0.277757
0.281151
0.284402
0.288345
0.291923
0.294932
0.298072
0.301343
0.304733
0.308014
0.310915
0.313927
0.316691
0.319176
0.322016
0.325267
0.327526
0.329647
0.332569
0.334999
0.336954
-0.0675845
-0.0632936
-0.0592776
-0.0555881
-0.0519334
-0.0480438
-0.0440129
-0.039986
-0.0359704
-0.0318859
-0.0279804
-0.0244541
-0.0208859
-0.0164001
-0.010925
-0.00558921
-0.00116181
0.0031923
0.00844839
0.0135313
0.0168294
0.0192527
0.0234528
0.0293895
0.0344797
0.0383875
0.0436396
0.0499779
0.0540481
0.0561396
0.060738
0.0679972
0.0732021
0.0758475
0.0802464
0.086828
0.0924246
0.0967972
0.10141
0.105967
0.110371
0.115151
0.120696
0.126427
0.129628
0.132139
0.139791
0.146395
0.147108
0.152947
0.159989
0.161466
0.168803
0.173088
0.17567
0.185023
0.187187
0.190737
0.197296
0.200927
0.206498
0.210653
0.214656
0.220764
0.223741
0.227571
0.233136
0.237215
0.241056
0.245239
0.249769
0.253206
0.257192
0.261683
0.265265
0.268826
0.273363
0.277085
0.280204
0.28413
0.287663
0.291086
0.295067
0.298492
0.301438
0.304847
0.308354
0.311712
0.31489
0.317745
0.32078
0.323653
0.32638
0.329509
0.332619
0.334702
0.337129
0.340194
0.342558
0.344546
-0.0707906
-0.0672006
-0.0634219
-0.0596086
-0.0559236
-0.052251
-0.0482728
-0.0437714
-0.0389059
-0.0341546
-0.0297683
-0.0254628
-0.0207487
-0.0158336
-0.0114854
-0.00793993
-0.00419904
0.000569637
0.00561147
0.00964427
0.0132561
0.0182882
0.0246816
0.0301825
0.034155
0.0386771
0.0443108
0.0486251
0.051237
0.0556745
0.0629059
0.0687786
0.0715905
0.0754074
0.0820413
0.0880249
0.0920912
0.0967872
0.102179
0.10682
0.111802
0.117773
0.123243
0.12738
0.13076
0.136155
0.143821
0.14762
0.149391
0.156712
0.162162
0.164384
0.172015
0.175573
0.179343
0.188156
0.189135
0.193936
0.201199
0.204441
0.210379
0.214418
0.218974
0.225054
0.227918
0.232694
0.238543
0.242396
0.246502
0.250966
0.255685
0.25934
0.263637
0.268202
0.271918
0.275761
0.280289
0.283943
0.287175
0.291336
0.295078
0.298635
0.302585
0.305905
0.308941
0.312642
0.316247
0.319489
0.322618
0.325525
0.328616
0.3316
0.334533
0.337815
0.340726
0.342789
0.345539
0.348625
0.350932
0.353018
-0.0749014
-0.0710863
-0.0672431
-0.0632491
-0.0590592
-0.0546879
-0.0501396
-0.0455202
-0.0409468
-0.0364178
-0.0317472
-0.0269051
-0.0222903
-0.0183972
-0.015029
-0.0112424
-0.00650433
-0.00150199
0.00287229
0.00720733
0.0128523
0.0194939
0.0250278
0.0287729
0.0326641
0.0378981
0.0427452
0.0462148
0.0507188
0.0578102
0.0643839
0.0678435
0.0710886
0.0771631
0.083535
0.0876146
0.0917144
0.0974857
0.102805
0.107514
0.113504
0.119566
0.123901
0.127936
0.133337
0.140144
0.146008
0.148676
0.152785
0.160528
0.164673
0.168166
0.175569
0.178604
0.183552
0.191199
0.191801
0.198206
0.205347
0.207904
0.21413
0.218064
0.223087
0.229024
0.23195
0.237644
0.243397
0.247027
0.251543
0.256361
0.261257
0.265141
0.269759
0.27446
0.278393
0.282502
0.287068
0.290814
0.294371
0.298843
0.302785
0.306431
0.310394
0.313785
0.317078
0.321026
0.324617
0.327773
0.331
0.33411
0.337352
0.340477
0.34355
0.34685
0.349589
0.351801
0.354864
0.357877
0.360178
0.362476
-0.0783967
-0.0738515
-0.0695035
-0.0653112
-0.061088
-0.0567625
-0.0524754
-0.0483743
-0.0443633
-0.0401121
-0.0354696
-0.0307049
-0.0262285
-0.0219831
-0.0174553
-0.0124029
-0.00735005
-0.00281056
0.00169015
0.00705584
0.0129677
0.0179717
0.0217371
0.0258778
0.0313918
0.0368501
0.0410484
0.0456858
0.0524475
0.0592093
0.0631856
0.0662477
0.0719264
0.0788935
0.0836578
0.0873465
0.0928708
0.0988627
0.103434
0.108569
0.114975
0.120011
0.123921
0.129494
0.136374
0.142421
0.146686
0.150352
0.156644
0.163732
0.16732
0.172174
0.178977
0.18209
0.188089
0.194432
0.195653
0.203479
0.209641
0.211704
0.218362
0.222248
0.227604
0.233286
0.23636
0.24273
0.248015
0.251529
0.256545
0.261623
0.266549
0.2706
0.275477
0.280302
0.28442
0.288752
0.293425
0.297387
0.301354
0.306083
0.31015
0.313854
0.317917
0.321543
0.325191
0.329325
0.332875
0.336057
0.339507
0.342878
0.346302
0.349599
0.352795
0.356059
0.358714
0.361213
0.364534
0.367435
0.369782
0.372328
-0.0818114
-0.0774319
-0.0730168
-0.068713
-0.0645757
-0.0605694
-0.0566042
-0.0525261
-0.0481802
-0.0435542
-0.0388272
-0.0341458
-0.029356
-0.0241542
-0.0186
-0.0132725
-0.00860962
-0.00424851
0.000524021
0.00563389
0.0102634
0.0143069
0.0189215
0.0247807
0.0307654
0.0357096
0.0406
0.0468402
0.0531578
0.0573149
0.060516
0.0660228
0.0734196
0.0791654
0.083108
0.0883702
0.0948682
0.0998672
0.104219
0.110255
0.116174
0.120193
0.125086
0.132177
0.138557
0.143079
0.147423
0.153001
0.160094
0.166023
0.169869
0.175756
0.181943
0.185767
0.192455
0.197752
0.200377
0.208982
0.213756
0.216053
0.223363
0.227233
0.232825
0.238233
0.24154
0.24831
0.252939
0.256555
0.262085
0.267205
0.272013
0.276184
0.281241
0.286124
0.290331
0.294836
0.299634
0.303815
0.308109
0.312944
0.317048
0.320824
0.325056
0.328971
0.33292
0.337155
0.340718
0.344071
0.347803
0.351384
0.354916
0.358348
0.361655
0.364913
0.367614
0.370459
0.37394
0.376723
0.37918
0.381952
-0.0862886
-0.0822352
-0.0779619
-0.0734959
-0.0689636
-0.064462
-0.0599691
-0.0553992
-0.050731
-0.0460377
-0.0413475
-0.03653
-0.0314306
-0.0261609
-0.0210837
-0.0163773
-0.0117296
-0.00674666
-0.0016094
0.00311373
0.00747572
0.0123971
0.0183781
0.024525
0.0297977
0.0347485
0.0405332
0.046515
0.0510127
0.0546418
0.0600277
0.0673924
0.0737779
0.0781567
0.0831756
0.0898784
0.0957469
0.10017
0.105742
0.112319
0.117153
0.121352
0.127868
0.134881
0.139586
0.143765
0.149514
0.156182
0.16267
0.167744
0.172344
0.178775
0.18462
0.189395
0.196219
0.200968
0.205302
0.213861
0.217468
0.220882
0.228833
0.232658
0.238477
0.243718
0.247406
0.254398
0.258449
0.262465
0.268451
0.273412
0.278083
0.282404
0.287604
0.292483
0.296707
0.301378
0.306268
0.310584
0.315045
0.319839
0.323931
0.327826
0.332263
0.336417
0.340515
0.344735
0.348367
0.351986
0.355991
0.359696
0.363248
0.366745
0.370129
0.373424
0.376286
0.379462
0.38298
0.385659
0.388292
0.391279
-0.090668
-0.0863486
-0.081957
-0.0774048
-0.0726527
-0.0677467
-0.0627969
-0.0579354
-0.0532482
-0.0487022
-0.0441486
-0.039452
-0.034637
-0.0298336
-0.0250376
-0.0200246
-0.0146556
-0.00918255
-0.00399928
0.000977806
0.00632554
0.0122366
0.0180109
0.0230178
0.0278251
0.0334357
0.0394666
0.0445521
0.0488643
0.0543735
0.0615635
0.0681292
0.0726787
0.0772751
0.0837368
0.0903201
0.0953803
0.100763
0.107677
0.113721
0.118066
0.123709
0.131032
0.136619
0.140492
0.145933
0.15284
0.159148
0.164677
0.169657
0.175055
0.181641
0.187427
0.192891
0.199396
0.204167
0.209964
0.217787
0.220902
0.225973
0.234164
0.237896
0.244021
0.249265
0.253503
0.260632
0.264369
0.269075
0.275407
0.280122
0.284809
0.289389
0.294752
0.299612
0.303875
0.308757
0.313706
0.318091
0.32261
0.327325
0.331434
0.335503
0.340136
0.344435
0.348547
0.352695
0.356424
0.360297
0.364485
0.368246
0.371803
0.375351
0.378788
0.382142
0.385229
0.388677
0.392123
0.394723
0.397552
0.400726
-0.0945462
-0.0900471
-0.0855301
-0.0809694
-0.0763145
-0.0715626
-0.0667765
-0.0620243
-0.0573075
-0.0525637
-0.0477535
-0.0429229
-0.0381231
-0.0332621
-0.0281304
-0.0226454
-0.0170178
-0.0115305
-0.00614612
-0.000564927
0.00522471
0.0107291
0.0156379
0.0204995
0.0260978
0.0321869
0.0377456
0.0427705
0.0486211
0.0557209
0.0622984
0.0669863
0.0713268
0.0773821
0.0842257
0.0898513
0.0951421
0.101932
0.108866
0.113988
0.119153
0.126357
0.133144
0.137541
0.142379
0.149446
0.156223
0.161572
0.166867
0.172348
0.178285
0.18485
0.190668
0.196345
0.202463
0.207705
0.214327
0.221086
0.2245
0.231152
0.238966
0.242639
0.249164
0.254532
0.259413
0.266604
0.270324
0.27587
0.282396
0.286907
0.291859
0.296817
0.30238
0.307257
0.311672
0.316839
0.321844
0.326306
0.3309
0.335627
0.339856
0.344149
0.348933
0.353298
0.357381
0.361517
0.365397
0.369456
0.3737
0.377469
0.381075
0.384728
0.388241
0.391669
0.394987
0.398631
0.401971
0.404554
0.40757
0.410878
-0.0989305
-0.0945346
-0.0900824
-0.0855668
-0.0809841
-0.0763243
-0.0715591
-0.0666507
-0.0615863
-0.0564212
-0.0512589
-0.0461593
-0.0410534
-0.0358076
-0.0304011
-0.0249827
-0.0196769
-0.0143635
-0.00880292
-0.003029
0.00257212
0.00778784
0.0130124
0.0187888
0.0249454
0.0307599
0.0361868
0.0421673
0.0490678
0.0556346
0.0607103
0.065319
0.0712901
0.0782447
0.0842965
0.0895523
0.0958577
0.102947
0.108766
0.113855
0.120649
0.128274
0.133871
0.13855
0.145318
0.152913
0.158678
0.16378
0.169739
0.175768
0.181981
0.188537
0.194304
0.199936
0.20599
0.21186
0.218599
0.22444
0.228741
0.236379
0.243308
0.24713
0.254085
0.259595
0.265073
0.272207
0.276119
0.282463
0.288986
0.293417
0.298849
0.304226
0.309989
0.314944
0.319651
0.325151
0.330229
0.334836
0.3396
0.344495
0.348955
0.353506
0.358407
0.362811
0.366918
0.371172
0.375289
0.379493
0.383723
0.387501
0.391211
0.395029
0.398663
0.402193
0.405714
0.409476
0.412743
0.415418
0.41862
0.421997
-0.104112
-0.0995822
-0.094991
-0.0903238
-0.0855838
-0.0807602
-0.0758143
-0.0707047
-0.0654437
-0.0601026
-0.0547582
-0.0494274
-0.0440883
-0.038757
-0.0334995
-0.0283152
-0.0230484
-0.017523
-0.0117829
-0.00607913
-0.000514843
0.00518105
0.0113006
0.0176118
0.0235499
0.0290909
0.0349625
0.0415471
0.0480432
0.0535565
0.0587149
0.0649454
0.072146
0.078691
0.0841715
0.0900839
0.0969246
0.103127
0.108339
0.114607
0.12236
0.12905
0.134089
0.140321
0.148319
0.15513
0.160295
0.166272
0.173065
0.179337
0.185797
0.192393
0.19805
0.203809
0.21023
0.216549
0.222965
0.228419
0.233835
0.241693
0.247629
0.251932
0.259246
0.264829
0.270757
0.277691
0.281906
0.288856
0.295186
0.299682
0.305686
0.311392
0.317297
0.322379
0.327466
0.333286
0.338447
0.343268
0.3483
0.353466
0.358203
0.363017
0.36803
0.372506
0.376745
0.381237
0.385641
0.389987
0.394232
0.39809
0.40196
0.405968
0.409752
0.413412
0.417103
0.420916
0.424164
0.427044
0.43044
0.433833
-0.109224
-0.104444
-0.0996214
-0.0947646
-0.0898632
-0.0848974
-0.0798522
-0.0747319
-0.0695512
-0.0643139
-0.0589974
-0.0535894
-0.0481302
-0.0426931
-0.0372935
-0.0318413
-0.0262272
-0.0204707
-0.0146941
-0.00891794
-0.00296011
0.00330405
0.00964058
0.0156431
0.0213256
0.0272252
0.0336469
0.0400723
0.0458786
0.0514918
0.0579888
0.0653789
0.0723441
0.078243
0.0841511
0.09089
0.0974536
0.103035
0.108987
0.116421
0.123675
0.129237
0.134963
0.142684
0.150413
0.156196
0.161912
0.16912
0.176192
0.182535
0.189365
0.195971
0.201661
0.207974
0.214941
0.221367
0.227467
0.233178
0.239571
0.247082
0.252366
0.257464
0.264982
0.270582
0.276805
0.283452
0.288039
0.295358
0.301376
0.306079
0.312609
0.318478
0.324437
0.329667
0.335135
0.341192
0.346428
0.351501
0.35684
0.362274
0.367242
0.372284
0.377416
0.38203
0.3865
0.391288
0.395953
0.400427
0.404764
0.408811
0.412894
0.417086
0.421017
0.424824
0.428667
0.432492
0.435771
0.438924
0.442497
0.445879
-0.114374
-0.109502
-0.10457
-0.0996087
-0.0946331
-0.0896344
-0.0845963
-0.0795028
-0.0743299
-0.0690433
-0.0636207
-0.058077
-0.0524515
-0.046762
-0.0409891
-0.03512
-0.02921
-0.0233399
-0.01749
-0.0115175
-0.00534023
0.000892395
0.00694533
0.0128614
0.0189922
0.025502
0.032012
0.0380918
0.0440394
0.0506383
0.0579514
0.0650146
0.0712274
0.0773452
0.0842152
0.0912402
0.097466
0.103562
0.110752
0.118242
0.124344
0.129845
0.136931
0.144992
0.151591
0.157208
0.164176
0.171966
0.178751
0.185333
0.192556
0.199089
0.205145
0.212301
0.219599
0.225895
0.232064
0.238465
0.245458
0.252446
0.257672
0.263716
0.271265
0.276906
0.283343
0.289745
0.294791
0.302286
0.307996
0.313046
0.319973
0.325839
0.331801
0.337196
0.342985
0.34917
0.354457
0.359789
0.365414
0.371034
0.376142
0.381355
0.386604
0.391405
0.396158
0.401222
0.406067
0.410629
0.415114
0.419424
0.423744
0.428097
0.432154
0.43611
0.4401
0.443944
0.447306
0.450741
0.45445
0.457807
-0.1201
-0.115245
-0.110286
-0.105237
-0.10012
-0.094953
-0.0897432
-0.0844764
-0.079128
-0.0736715
-0.0680941
-0.0623984
-0.0565872
-0.050667
-0.0446694
-0.0386587
-0.0326913
-0.0267409
-0.0207108
-0.0145553
-0.00836342
-0.00224255
0.00388749
0.0102695
0.0169724
0.0236871
0.0300836
0.0363403
0.0429928
0.050122
0.0570842
0.0634355
0.0697233
0.0767086
0.0840832
0.0909532
0.0974869
0.104697
0.112379
0.119095
0.124839
0.131485
0.139477
0.14678
0.152651
0.159127
0.167028
0.174492
0.181007
0.188103
0.195495
0.201968
0.208727
0.216593
0.223797
0.230024
0.236723
0.243855
0.251039
0.257685
0.263397
0.270308
0.277767
0.28356
0.290217
0.296545
0.30216
0.309716
0.315241
0.320771
0.327956
0.333738
0.339734
0.345333
0.351376
0.357608
0.362942
0.36853
0.374387
0.380095
0.385284
0.390631
0.395991
0.400991
0.406014
0.411285
0.416228
0.420848
0.425497
0.430069
0.434599
0.439082
0.443247
0.44734
0.451469
0.455367
0.458873
0.462569
0.466367
0.469704
-0.126194
-0.121248
-0.116191
-0.111022
-0.105745
-0.100377
-0.0949354
-0.0894305
-0.0838684
-0.0782515
-0.0725707
-0.06681
-0.0609531
-0.055006
-0.0489957
-0.042945
-0.036839
-0.0306375
-0.0243446
-0.0180318
-0.0117466
-0.00539991
0.00117546
0.00799914
0.0148388
0.0214634
0.0279899
0.0347733
0.0418649
0.0488266
0.0553374
0.0617905
0.0688189
0.0763087
0.083543
0.0904333
0.0977229
0.105542
0.112844
0.119187
0.125856
0.133781
0.141657
0.148128
0.154377
0.161986
0.169942
0.176799
0.183551
0.191166
0.19842
0.205046
0.212624
0.220701
0.227537
0.234026
0.241475
0.249033
0.256159
0.262825
0.269294
0.276812
0.284148
0.290235
0.297156
0.303629
0.309887
0.317449
0.322987
0.329098
0.336435
0.342167
0.348309
0.354177
0.360443
0.366706
0.372127
0.377984
0.384015
0.389758
0.395039
0.400535
0.40602
0.411211
0.416453
0.421853
0.426849
0.431542
0.436361
0.441143
0.445822
0.450405
0.454674
0.458892
0.463141
0.467126
0.470825
0.474755
0.478604
0.48195
-0.132327
-0.127262
-0.122097
-0.116826
-0.111448
-0.10597
-0.100408
-0.0947794
-0.0891015
-0.0833797
-0.077606
-0.0717642
-0.0658432
-0.0598366
-0.053733
-0.0475085
-0.0411485
-0.03468
-0.0281695
-0.0216545
-0.0150833
-0.00836295
-0.00149936
0.00535883
0.0120933
0.0188135
0.025765
0.0329671
0.0401002
0.046919
0.0536753
0.0608313
0.0683579
0.0757295
0.0827831
0.0900607
0.0978595
0.105522
0.112473
0.119441
0.12741
0.135735
0.142982
0.149474
0.156844
0.165056
0.172528
0.179268
0.186689
0.194511
0.201551
0.208666
0.216847
0.224622
0.23121
0.238336
0.246387
0.253966
0.26103
0.268037
0.275221
0.283035
0.290294
0.296773
0.303991
0.310779
0.317653
0.325192
0.330946
0.337679
0.345103
0.350902
0.357333
0.363537
0.370029
0.376367
0.381961
0.388117
0.394293
0.40008
0.405524
0.411224
0.416873
0.422251
0.427666
0.43315
0.438207
0.443031
0.448042
0.452985
0.457758
0.46243
0.466823
0.47117
0.475519
0.479602
0.48352
0.487653
0.491531
0.49492
-0.138735
-0.133596
-0.128371
-0.123052
-0.117633
-0.112106
-0.106476
-0.100748
-0.0949356
-0.0890477
-0.0830899
-0.0770628
-0.0709605
-0.064764
-0.0584465
-0.0519957
-0.0454345
-0.038809
-0.0321442
-0.025415
-0.0185809
-0.0116648
-0.00475745
0.00209013
0.00897815
0.0160801
0.0234097
0.0307479
0.037916
0.0450555
0.0524604
0.0601078
0.0676168
0.0748269
0.0821251
0.0898526
0.0976516
0.105006
0.112269
0.120275
0.128828
0.136734
0.143744
0.15113
0.159485
0.167625
0.17481
0.182122
0.19018
0.197895
0.205014
0.212843
0.221198
0.228495
0.235294
0.243216
0.251476
0.258856
0.266057
0.273542
0.281199
0.289087
0.296361
0.303254
0.310768
0.317944
0.325296
0.332788
0.338921
0.346235
0.353702
0.359706
0.366534
0.373103
0.379834
0.386316
0.392179
0.398666
0.40499
0.410885
0.41658
0.422541
0.428401
0.433974
0.439547
0.445122
0.450293
0.45532
0.460555
0.465641
0.470493
0.475271
0.479825
0.484326
0.488776
0.492961
0.497092
0.501396
0.505305
0.508764
-0.145734
-0.140509
-0.13519
-0.129775
-0.124258
-0.118629
-0.112883
-0.107016
-0.101034
-0.0949477
-0.0887701
-0.0825117
-0.0761745
-0.0697536
-0.0632451
-0.0566554
-0.0499998
-0.0432787
-0.0364657
-0.0295415
-0.0225319
-0.0155008
-0.00847324
-0.00137671
0.00589592
0.013346
0.0208341
0.0282503
0.0356854
0.0433233
0.051139
0.0588617
0.0663489
0.0738512
0.0816551
0.089579
0.097221
0.104723
0.11272
0.121279
0.129552
0.137057
0.144605
0.153029
0.161687
0.169545
0.17705
0.185198
0.193526
0.201154
0.208803
0.217266
0.225426
0.23253
0.240029
0.248583
0.256691
0.263973
0.271562
0.279474
0.287353
0.295246
0.302635
0.309915
0.317707
0.325243
0.332885
0.340334
0.346938
0.354724
0.362201
0.368518
0.375771
0.382674
0.389639
0.396319
0.402523
0.409352
0.415836
0.42192
0.427936
0.434187
0.440282
0.446061
0.451814
0.457526
0.462879
0.46817
0.473645
0.478877
0.483838
0.488761
0.493514
0.498197
0.502771
0.507076
0.511401
0.515847
0.519814
0.523374
-0.153151
-0.147799
-0.142342
-0.136781
-0.131114
-0.125336
-0.119442
-0.113432
-0.107304
-0.101065
-0.0947243
-0.088291
-0.0817753
-0.0751872
-0.0685361
-0.0618229
-0.0550315
-0.0481369
-0.0411231
-0.0340081
-0.0268275
-0.0195949
-0.0122721
-0.00480799
0.00277861
0.0103922
0.0179714
0.0255891
0.0333735
0.041317
0.0492423
0.0570434
0.0648719
0.0729256
0.0810929
0.0890609
0.0968529
0.104919
0.113439
0.121882
0.129752
0.137498
0.145929
0.154851
0.163303
0.171194
0.179427
0.188145
0.196461
0.204344
0.212766
0.221525
0.229429
0.236883
0.245285
0.254097
0.261959
0.269474
0.277599
0.285793
0.293781
0.301747
0.309337
0.316975
0.325034
0.332852
0.340629
0.348098
0.355206
0.363313
0.370786
0.377475
0.385107
0.392276
0.39945
0.406352
0.412916
0.42006
0.426718
0.433051
0.439416
0.445948
0.45227
0.458259
0.464227
0.47013
0.475725
0.481303
0.487009
0.492398
0.49751
0.502622
0.507595
0.512475
0.517201
0.521656
0.526161
0.530726
0.534787
0.538498
-0.160851
-0.15537
-0.149778
-0.144077
-0.13827
-0.132358
-0.126341
-0.120218
-0.113984
-0.107635
-0.101173
-0.0946005
-0.0879307
-0.0811748
-0.0743386
-0.0674145
-0.0603885
-0.0532511
-0.0460125
-0.0386906
-0.0312888
-0.0237843
-0.0161593
-0.00844166
-0.00069777
0.00704051
0.0148254
0.0227441
0.0307982
0.038883
0.0469381
0.0550629
0.063388
0.0718337
0.0801558
0.088314
0.0966002
0.10521
0.113831
0.122042
0.130048
0.138515
0.14753
0.156373
0.164665
0.173016
0.181905
0.190774
0.199138
0.207621
0.216662
0.225389
0.233321
0.241569
0.250685
0.259425
0.267257
0.275341
0.283972
0.292329
0.300481
0.308647
0.316509
0.32451
0.332839
0.340862
0.348716
0.356331
0.363935
0.372226
0.379718
0.386804
0.394735
0.402102
0.409464
0.416588
0.423496
0.4309
0.437731
0.444343
0.451044
0.457822
0.464341
0.470538
0.476747
0.48288
0.48874
0.494596
0.500504
0.506053
0.511356
0.516685
0.521879
0.52695
0.531841
0.536474
0.541155
0.545825
0.550013
0.55393
-0.168958
-0.163386
-0.157692
-0.151881
-0.145955
-0.13992
-0.133777
-0.127525
-0.121157
-0.11467
-0.108059
-0.101329
-0.0944805
-0.0875205
-0.0804513
-0.0732726
-0.0659896
-0.0586155
-0.0511614
-0.0436235
-0.0359865
-0.0282414
-0.0204091
-0.0125281
-0.00461335
0.00336992
0.0114709
0.019683
0.0279423
0.0362152
0.044572
0.0531002
0.0617489
0.070349
0.0788452
0.087426
0.0962518
0.105139
0.113752
0.122139
0.130783
0.139895
0.149008
0.157672
0.166202
0.175162
0.184363
0.193218
0.201907
0.211043
0.220322
0.228955
0.237335
0.246457
0.25588
0.264467
0.272642
0.281434
0.290412
0.298918
0.307372
0.315843
0.324035
0.332438
0.341041
0.34923
0.357218
0.365128
0.373194
0.381587
0.389169
0.396669
0.404829
0.412364
0.419917
0.427267
0.43449
0.442102
0.449104
0.455999
0.463001
0.469984
0.476675
0.483074
0.489537
0.495909
0.502031
0.508132
0.51421
0.519918
0.525435
0.530992
0.536393
0.541637
0.546695
0.55152
0.556373
0.561142
0.565479
0.569626
-0.177612
-0.17195
-0.166155
-0.160227
-0.154171
-0.14799
-0.141688
-0.135264
-0.128718
-0.122049
-0.115258
-0.108342
-0.1013
-0.0941336
-0.0868471
-0.0794503
-0.0719562
-0.064377
-0.0567121
-0.0489499
-0.041084
-0.0331253
-0.0250941
-0.0169939
-0.00880008
-0.000488201
0.0079268
0.0163959
0.0248956
0.033468
0.0421694
0.0509711
0.059768
0.0685267
0.0773723
0.0864309
0.0955976
0.104617
0.113454
0.122417
0.131726
0.141114
0.150169
0.15899
0.168072
0.177484
0.186755
0.195753
0.204969
0.214523
0.223773
0.232541
0.241643
0.251368
0.260757
0.269386
0.278199
0.287595
0.296757
0.305499
0.314371
0.32318
0.331754
0.340596
0.349462
0.357833
0.366085
0.374414
0.382888
0.391371
0.399156
0.407082
0.415443
0.423166
0.430942
0.438541
0.446063
0.453857
0.461041
0.46822
0.475489
0.482648
0.489506
0.496123
0.502839
0.509438
0.515802
0.522115
0.52834
0.534216
0.539959
0.545739
0.551332
0.556735
0.561958
0.566977
0.571995
0.576866
0.581369
0.58575
-0.186765
-0.180992
-0.175074
-0.169013
-0.16281
-0.156469
-0.149994
-0.143387
-0.136653
-0.129797
-0.122819
-0.115718
-0.108493
-0.101142
-0.093671
-0.0860871
-0.0783981
-0.0706062
-0.0627056
-0.0546954
-0.0465848
-0.0383829
-0.030089
-0.0216897
-0.0131747
-0.00455893
0.00412313
0.0128513
0.0216482
0.0305457
0.0395239
0.0485184
0.057513
0.0665981
0.0758677
0.0852671
0.0946176
0.103858
0.11317
0.122738
0.132421
0.141892
0.15112
0.160461
0.170103
0.17975
0.189136
0.198536
0.208252
0.217949
0.227212
0.236443
0.246242
0.256185
0.265477
0.274465
0.283985
0.293744
0.30303
0.312139
0.321452
0.330583
0.339577
0.348853
0.357958
0.366572
0.375224
0.38403
0.39285
0.401468
0.409573
0.417936
0.426503
0.434473
0.442525
0.450407
0.458235
0.466216
0.473619
0.481088
0.488606
0.495942
0.502991
0.509852
0.516824
0.52364
0.530227
0.536732
0.543108
0.549171
0.555145
0.561136
0.566908
0.57247
0.577862
0.583075
0.588253
0.593238
0.597926
0.602553
-0.196376
-0.190481
-0.184434
-0.178237
-0.171893
-0.165402
-0.158769
-0.151997
-0.145091
-0.138056
-0.130894
-0.123604
-0.116188
-0.108646
-0.100979
-0.0931875
-0.0852732
-0.0772347
-0.0690736
-0.0607986
-0.0524192
-0.043938
-0.0353484
-0.0266471
-0.0178464
-0.00897006
-2.94338e-05
0.00899111
0.0181088
0.0273075
0.0365429
0.0458039
0.0551503
0.0646474
0.074264
0.0838804
0.0934404
0.103057
0.112873
0.122826
0.13268
0.142348
0.152052
0.161994
0.172018
0.181848
0.19157
0.201492
0.21154
0.221313
0.230861
0.240737
0.250986
0.260917
0.270319
0.279906
0.289988
0.299908
0.309387
0.318954
0.328653
0.338087
0.347527
0.357187
0.366503
0.375445
0.384585
0.393841
0.40295
0.41178
0.4203
0.429092
0.437892
0.446172
0.454548
0.46275
0.470904
0.479104
0.486773
0.494552
0.502324
0.509861
0.517144
0.524286
0.531519
0.53855
0.545359
0.55206
0.55861
0.564888
0.571099
0.57729
0.583238
0.588968
0.594541
0.599948
0.605282
0.610394
0.615279
0.620165
-0.206522
-0.200507
-0.194336
-0.188011
-0.18153
-0.174896
-0.168112
-0.161179
-0.1541
-0.146879
-0.139517
-0.132018
-0.124385
-0.116619
-0.10872
-0.100686
-0.0925194
-0.0842215
-0.0757991
-0.0672598
-0.0586085
-0.0498463
-0.0409752
-0.0320022
-0.022938
-0.0137891
-0.00454668
0.00479863
0.0142367
0.0237388
0.0332931
0.0429298
0.05269
0.0625493
0.0724264
0.0822774
0.0921728
0.102223
0.112416
0.122592
0.132659
0.14274
0.153008
0.163398
0.173678
0.183816
0.194042
0.204428
0.214695
0.224703
0.234802
0.245267
0.255713
0.26568
0.275493
0.285728
0.296151
0.30618
0.315998
0.326035
0.33604
0.345797
0.355688
0.365656
0.375188
0.384541
0.39418
0.403809
0.413175
0.422297
0.431278
0.440473
0.449532
0.458168
0.466896
0.475445
0.483942
0.492398
0.500383
0.508496
0.516536
0.524314
0.531877
0.53933
0.546834
0.554091
0.561134
0.568053
0.574817
0.581338
0.587792
0.59418
0.600309
0.606224
0.611993
0.617595
0.623077
0.628307
0.633344
0.63835
-0.217293
-0.211156
-0.204853
-0.198388
-0.191761
-0.184971
-0.17802
-0.170911
-0.163643
-0.156219
-0.148643
-0.140918
-0.13305
-0.125041
-0.116892
-0.108607
-0.100185
-0.0916335
-0.0829572
-0.0741584
-0.0652373
-0.0561989
-0.0470503
-0.0377976
-0.0284391
-0.0189717
-0.00939217
0.000288835
0.0100532
0.0198927
0.0298222
0.0398602
0.0499873
0.0601454
0.0703008
0.0804988
0.090816
0.101261
0.111734
0.122157
0.132594
0.143176
0.153894
0.164579
0.175147
0.185738
0.196474
0.207205
0.217734
0.228209
0.23893
0.249798
0.260364
0.270606
0.281033
0.291799
0.302415
0.312661
0.322944
0.333403
0.34368
0.353813
0.364131
0.374347
0.384144
0.393972
0.404063
0.413984
0.423612
0.433095
0.442535
0.452095
0.461435
0.470448
0.479534
0.48844
0.497287
0.506027
0.514363
0.522822
0.531149
0.539204
0.547085
0.554868
0.562648
0.57015
0.577446
0.58461
0.591625
0.598417
0.60512
0.611707
0.618032
0.624155
0.63014
0.635948
0.641589
0.64697
0.652198
0.657392
-0.228697
-0.222425
-0.215978
-0.209358
-0.202567
-0.195605
-0.188473
-0.181173
-0.173706
-0.166074
-0.15828
-0.15033
-0.142227
-0.133976
-0.125581
-0.117044
-0.108369
-0.0995565
-0.0906125
-0.0815382
-0.0723326
-0.0630013
-0.0535498
-0.043979
-0.0342881
-0.0244783
-0.0145572
-0.00454031
0.00556536
0.0157677
0.0260751
0.0364742
0.046924
0.0574011
0.0679289
0.0785582
0.0892997
0.10009
0.110867
0.121659
0.132557
0.143579
0.154621
0.16559
0.17656
0.187649
0.1988
0.209838
0.220769
0.231826
0.243069
0.254193
0.264993
0.275757
0.286815
0.29795
0.308767
0.319399
0.330198
0.341017
0.351598
0.362172
0.372879
0.383332
0.393485
0.403816
0.414287
0.42446
0.434392
0.444278
0.454148
0.464038
0.47368
0.483076
0.492515
0.501776
0.510969
0.520011
0.528712
0.537519
0.546143
0.554502
0.562721
0.570837
0.578896
0.586661
0.594228
0.601663
0.608955
0.616033
0.62299
0.629787
0.636325
0.642677
0.648894
0.654917
0.660734
0.666287
0.671719
0.677104
-0.240733
-0.234321
-0.227723
-0.220941
-0.213979
-0.206838
-0.199519
-0.192024
-0.184355
-0.176514
-0.168505
-0.16033
-0.151993
-0.143497
-0.134848
-0.126048
-0.1171
-0.108005
-0.0987664
-0.0893883
-0.0798715
-0.0702217
-0.0604399
-0.0505277
-0.0404915
-0.0303406
-0.0200843
-0.00972605
0.000735673
0.0113055
0.0219733
0.0327137
0.0435112
0.0543781
0.0653453
0.0764166
0.0875502
0.0986966
0.109863
0.121108
0.132455
0.14384
0.155196
0.16655
0.177994
0.189528
0.201026
0.212429
0.223876
0.235483
0.247098
0.258481
0.26971
0.281103
0.292679
0.304095
0.315231
0.326382
0.337668
0.348822
0.359791
0.370845
0.381906
0.392644
0.403247
0.414077
0.424871
0.435314
0.445616
0.455926
0.466192
0.4764
0.486365
0.496145
0.505932
0.515547
0.52508
0.534433
0.543505
0.55265
0.561579
0.57026
0.578821
0.587263
0.595603
0.603644
0.611498
0.619221
0.626803
0.634169
0.64138
0.648399
0.655168
0.661763
0.66822
0.674466
0.680469
0.68621
0.691845
0.69741
-0.253453
-0.246899
-0.240149
-0.233206
-0.226071
-0.218748
-0.211238
-0.203543
-0.195664
-0.187606
-0.179369
-0.170958
-0.162372
-0.153615
-0.144693
-0.135609
-0.126364
-0.116963
-0.107412
-0.09771
-0.0878648
-0.0778782
-0.0677561
-0.0575022
-0.0471232
-0.0366298
-0.0260248
-0.0153076
-0.00447532
0.00646585
0.0175003
0.0286151
0.0398149
0.0511193
0.062529
0.0740132
0.0855345
0.097088
0.108707
0.120413
0.13217
0.143923
0.155681
0.167507
0.179423
0.191348
0.203209
0.215072
0.227052
0.239104
0.251031
0.262788
0.274584
0.286563
0.298529
0.310252
0.32185
0.333558
0.345278
0.356799
0.368242
0.379775
0.391176
0.402286
0.413413
0.424706
0.435803
0.44658
0.457318
0.468061
0.478707
0.489245
0.49956
0.509726
0.519869
0.529846
0.539719
0.549393
0.558837
0.568319
0.577558
0.586572
0.595471
0.604231
0.612855
0.621186
0.629338
0.63736
0.645233
0.65288
0.660346
0.667599
0.674613
0.681458
0.688157
0.694629
0.700831
0.706772
0.712609
0.718348
-0.266921
-0.260222
-0.253318
-0.246208
-0.238894
-0.231379
-0.223667
-0.215759
-0.207656
-0.199362
-0.19088
-0.182212
-0.173359
-0.164325
-0.155113
-0.14573
-0.136177
-0.126461
-0.116585
-0.106554
-0.0963728
-0.086045
-0.0755783
-0.0649756
-0.0542438
-0.0433865
-0.0324054
-0.0213013
-0.0100768
0.00125352
0.0126839
0.0242143
0.0358518
0.0475965
0.0594267
0.0713147
0.0832523
0.0952579
0.107348
0.1195
0.131671
0.143859
0.156102
0.168425
0.180779
0.193098
0.205402
0.217781
0.230248
0.242676
0.254969
0.267226
0.27961
0.292068
0.304379
0.316508
0.328653
0.340882
0.353007
0.364961
0.376926
0.388913
0.40068
0.412252
0.423928
0.435645
0.447068
0.458264
0.469482
0.480656
0.491685
0.502586
0.513286
0.523852
0.534369
0.544723
0.554946
0.564962
0.574784
0.584604
0.594168
0.603523
0.612762
0.621838
0.630755
0.63939
0.647852
0.656179
0.664339
0.672263
0.679986
0.687487
0.694759
0.701855
0.708793
0.715494
0.721908
0.728061
0.734101
0.740012
-0.281172
-0.274322
-0.267253
-0.259965
-0.252461
-0.244744
-0.236816
-0.22868
-0.220339
-0.211795
-0.203053
-0.194114
-0.184982
-0.175661
-0.166153
-0.156463
-0.146596
-0.136557
-0.126353
-0.115985
-0.105458
-0.0947772
-0.0839482
-0.0729765
-0.0618642
-0.0506129
-0.0392271
-0.027712
-0.016076
-0.00432783
0.00752958
0.0194999
0.0315786
0.0437521
0.0560016
0.06832
0.0807152
0.0931972
0.105753
0.118354
0.130987
0.143673
0.156429
0.169227
0.182017
0.194794
0.207614
0.220511
0.23342
0.246243
0.259002
0.271824
0.284741
0.297605
0.310308
0.322945
0.33565
0.348344
0.360886
0.373341
0.385836
0.398253
0.410435
0.422542
0.434753
0.446866
0.458671
0.470355
0.48207
0.493672
0.505106
0.516412
0.527526
0.538515
0.549433
0.560183
0.570777
0.581159
0.591375
0.601548
0.611455
0.621168
0.63075
0.640151
0.649376
0.658332
0.667115
0.675753
0.684203
0.692406
0.700395
0.708158
0.715698
0.723051
0.730228
0.737159
0.743797
0.750176
0.756421
0.762506
-0.296229
-0.289218
-0.281974
-0.274499
-0.266796
-0.258867
-0.250714
-0.242342
-0.233754
-0.224953
-0.215942
-0.206724
-0.197305
-0.187687
-0.177875
-0.167872
-0.157679
-0.147305
-0.136756
-0.126035
-0.115142
-0.104084
-0.0928678
-0.0814993
-0.0699798
-0.058312
-0.0465019
-0.0345591
-0.0224926
-0.0103073
0.00199767
0.0144177
0.0269427
0.0395571
0.0522556
0.065043
0.0779258
0.0908916
0.103922
0.117002
0.130139
0.143346
0.156603
0.169874
0.183144
0.196446
0.209808
0.223202
0.236555
0.24985
0.26316
0.276547
0.289936
0.303213
0.316393
0.329594
0.342827
0.355968
0.368979
0.381977
0.394977
0.407824
0.420487
0.433158
0.445869
0.458379
0.470634
0.482848
0.495054
0.507089
0.518962
0.530706
0.542263
0.553698
0.565043
0.576208
0.587196
0.597976
0.608605
0.619149
0.629426
0.639514
0.649455
0.659196
0.668751
0.678043
0.687161
0.696119
0.704867
0.71336
0.721631
0.729674
0.737494
0.745109
0.752529
0.759696
0.76657
0.773185
0.77964
0.785904
-0.312137
-0.304958
-0.297533
-0.289864
-0.281954
-0.273807
-0.265423
-0.256807
-0.247965
-0.238898
-0.229609
-0.220104
-0.210385
-0.200457
-0.190323
-0.179986
-0.169451
-0.158722
-0.147804
-0.136704
-0.125425
-0.113968
-0.102344
-0.0905575
-0.0786125
-0.0665141
-0.0542669
-0.0418828
-0.0293679
-0.0167252
-0.00395823
0.00892777
0.0219197
0.0350104
0.0481998
0.0614898
0.074873
0.0883343
0.101861
0.115455
0.129118
0.142841
0.156598
0.170371
0.184174
0.198034
0.211936
0.225828
0.239676
0.253516
0.267407
0.281325
0.295182
0.30894
0.322674
0.336443
0.350177
0.363793
0.377334
0.390881
0.404367
0.417676
0.430877
0.444112
0.45729
0.470228
0.482993
0.495752
0.508435
0.52092
0.533261
0.545472
0.557495
0.569395
0.58119
0.592788
0.604194
0.615402
0.626462
0.637399
0.648067
0.658549
0.668868
0.678973
0.688879
0.698529
0.707996
0.717287
0.726345
0.735145
0.743715
0.752056
0.760166
0.768053
0.775725
0.783137
0.790258
0.79712
0.803791
0.810241
-0.328961
-0.321607
-0.313995
-0.306125
-0.298001
-0.289627
-0.281002
-0.272133
-0.263024
-0.253678
-0.244096
-0.234287
-0.224251
-0.213993
-0.203517
-0.192827
-0.181927
-0.170822
-0.159517
-0.148018
-0.136331
-0.12446
-0.112411
-0.100191
-0.0878079
-0.0752635
-0.0625657
-0.0497212
-0.0367361
-0.0236137
-0.0103603
0.0030159
0.0165085
0.0301117
0.0438213
0.0576321
0.0715328
0.0855105
0.0995641
0.113693
0.12789
0.142138
0.15642
0.17074
0.185112
0.199535
0.213975
0.228394
0.242795
0.257225
0.271693
0.286133
0.300496
0.314813
0.329142
0.343465
0.357707
0.37185
0.385962
0.400056
0.414032
0.427855
0.441633
0.455412
0.469054
0.48247
0.495786
0.509084
0.522242
0.535202
0.548041
0.560738
0.573243
0.585629
0.597887
0.609934
0.621779
0.633439
0.644947
0.656295
0.667379
0.678275
0.688989
0.699478
0.709761
0.719785
0.729617
0.739253
0.748639
0.757764
0.766651
0.775304
0.783718
0.791885
0.79982
0.80749
0.814868
0.821985
0.828882
0.835527
-0.34676
-0.339224
-0.331414
-0.323333
-0.314984
-0.306369
-0.297492
-0.288356
-0.278963
-0.26932
-0.259432
-0.249299
-0.238927
-0.228321
-0.217485
-0.206424
-0.195143
-0.183645
-0.171935
-0.160023
-0.147912
-0.13561
-0.123119
-0.11045
-0.0976071
-0.0845967
-0.0714239
-0.0580938
-0.0446134
-0.0309862
-0.0172209
-0.00332502
0.0106951
0.0248329
0.0390824
0.0534332
0.0678728
0.0823983
0.0970049
0.111689
0.126439
0.141239
0.156086
0.170987
0.185945
0.200936
0.215927
0.230912
0.245917
0.260951
0.275986
0.290974
0.305911
0.320836
0.335762
0.350642
0.365429
0.380154
0.394857
0.409495
0.423996
0.438387
0.452757
0.46707
0.481198
0.495148
0.509042
0.52287
0.536517
0.549986
0.563342
0.576537
0.589544
0.602431
0.615167
0.627678
0.63999
0.652118
0.664086
0.675865
0.687384
0.698708
0.709834
0.720729
0.731405
0.741821
0.752031
0.762026
0.771757
0.781225
0.790443
0.799423
0.80815
0.81661
0.824821
0.832759
0.840406
0.847786
0.854917
0.861768
-0.365579
-0.357852
-0.349833
-0.341528
-0.33294
-0.324073
-0.314928
-0.305508
-0.295819
-0.285864
-0.275651
-0.265182
-0.254458
-0.243488
-0.232278
-0.22083
-0.209149
-0.197242
-0.185113
-0.172769
-0.160218
-0.147463
-0.13451
-0.121366
-0.108039
-0.0945363
-0.0808602
-0.0670172
-0.0530149
-0.0388625
-0.0245612
-0.0101199
0.00445047
0.0191417
0.033948
0.0488601
0.0638699
0.0789728
0.0941623
0.109426
0.124757
0.140146
0.155595
0.171104
0.186658
0.202229
0.217809
0.233406
0.249032
0.264674
0.280295
0.295875
0.311434
0.32699
0.34252
0.357977
0.37336
0.388703
0.404005
0.419207
0.434279
0.449279
0.464246
0.479096
0.493757
0.50829
0.52277
0.53713
0.551295
0.56531
0.579203
0.59291
0.60644
0.619844
0.633073
0.646067
0.658866
0.671483
0.683922
0.696151
0.708121
0.719888
0.731442
0.742759
0.753848
0.764669
0.775269
0.785637
0.795731
0.805554
0.815119
0.824437
0.833488
0.842251
0.850751
0.858971
0.866895
0.874546
0.88192
0.88899
-0.385467
-0.377535
-0.369298
-0.360758
-0.351918
-0.342784
-0.333359
-0.323644
-0.313645
-0.303365
-0.292812
-0.281991
-0.270902
-0.259552
-0.24795
-0.236098
-0.224001
-0.211664
-0.199094
-0.186298
-0.17328
-0.160048
-0.146607
-0.132967
-0.119133
-0.105107
-0.0909026
-0.0765211
-0.0619732
-0.0472692
-0.0324112
-0.0174056
-0.00226282
0.0130073
0.0283971
0.043898
0.0595064
0.0752171
0.0910167
0.106893
0.122838
0.138851
0.15493
0.171063
0.187231
0.203421
0.219632
0.235872
0.252137
0.2684
0.284639
0.300858
0.31707
0.333265
0.349411
0.365486
0.381507
0.397491
0.413406
0.429202
0.444894
0.46053
0.476096
0.491511
0.506756
0.521906
0.536976
0.551888
0.56661
0.581198
0.595645
0.609892
0.623968
0.637907
0.651645
0.66515
0.678457
0.691577
0.704502
0.717197
0.729637
0.741863
0.753864
0.76562
0.777133
0.788373
0.799379
0.810135
0.820606
0.830799
0.840724
0.850391
0.859774
0.868854
0.877656
0.886169
0.894381
0.902308
0.909934
0.917238
-0.40648
-0.398335
-0.389869
-0.381081
-0.371981
-0.362569
-0.352849
-0.342825
-0.332501
-0.321883
-0.310976
-0.299783
-0.288312
-0.276565
-0.26455
-0.252272
-0.239737
-0.22695
-0.213915
-0.200641
-0.187134
-0.1734
-0.159446
-0.145281
-0.130915
-0.116347
-0.101586
-0.0866449
-0.0715294
-0.0562497
-0.0408074
-0.0252103
-0.00946934
0.00640604
0.02241
0.0385344
0.0547735
0.0711173
0.0875538
0.104073
0.120669
0.137335
0.154068
0.170849
0.187666
0.204514
0.221392
0.238302
0.255224
0.27214
0.28904
0.305932
0.322814
0.339663
0.356453
0.373188
0.389879
0.406518
0.423064
0.439499
0.455852
0.472139
0.488316
0.504333
0.520212
0.536002
0.551676
0.567166
0.582485
0.597672
0.612695
0.62751
0.642157
0.656648
0.67092
0.684956
0.698797
0.712441
0.725869
0.739054
0.751981
0.764684
0.77715
0.78936
0.801316
0.81299
0.824415
0.835573
0.846437
0.857018
0.867316
0.877341
0.887067
0.896477
0.905596
0.914415
0.922921
0.931131
0.939019
0.946566
-0.428686
-0.420321
-0.411614
-0.402568
-0.393192
-0.383489
-0.37346
-0.363112
-0.352446
-0.341471
-0.330191
-0.31861
-0.306734
-0.294571
-0.282122
-0.269395
-0.256398
-0.243135
-0.229614
-0.215839
-0.201817
-0.187557
-0.173069
-0.158357
-0.143431
-0.128295
-0.112957
-0.0974301
-0.0817194
-0.0658316
-0.0497777
-0.0335595
-0.0171895
-0.000674061
0.0159762
0.0327517
0.0496468
0.0666518
0.0837578
0.100953
0.118229
0.13558
0.152992
0.170456
0.18796
0.205503
0.223082
0.240687
0.258297
0.275902
0.2935
0.311092
0.328663
0.346192
0.363668
0.381096
0.398479
0.415791
0.433001
0.450116
0.467156
0.48411
0.500928
0.517592
0.534138
0.550583
0.566881
0.582992
0.598942
0.61475
0.630368
0.645785
0.661031
0.676096
0.690924
0.705522
0.719921
0.734108
0.748059
0.761757
0.775194
0.788396
0.801345
0.814029
0.826444
0.83857
0.850432
0.862008
0.873283
0.884264
0.894948
0.905346
0.915428
0.925181
0.93463
0.943764
0.952576
0.961077
0.969234
0.977036
-0.452153
-0.443553
-0.434593
-0.425275
-0.415609
-0.405599
-0.395249
-0.384558
-0.373533
-0.362181
-0.350509
-0.338521
-0.32622
-0.313615
-0.30071
-0.287512
-0.274031
-0.26027
-0.246238
-0.231938
-0.217379
-0.202571
-0.187519
-0.172235
-0.156724
-0.140993
-0.125051
-0.108907
-0.0925707
-0.0760464
-0.0593438
-0.0424722
-0.0254399
-0.00825628
0.00907059
0.0265301
0.0441125
0.0618102
0.0796148
0.0975154
0.115504
0.133566
0.151693
0.169875
0.188107
0.206382
0.224691
0.243019
0.261353
0.279685
0.298015
0.316333
0.334621
0.352865
0.371064
0.389218
0.407314
0.425325
0.44324
0.46107
0.47882
0.496458
0.513952
0.531307
0.548548
0.565667
0.582617
0.599385
0.615998
0.632448
0.648694
0.664739
0.680609
0.696273
0.711688
0.726875
0.741857
0.756606
0.771107
0.785343
0.799314
0.813035
0.826489
0.839666
0.85256
0.865156
0.877473
0.889489
0.901192
0.912586
0.923672
0.934457
0.944909
0.95502
0.964811
0.974273
0.983401
0.992201
1.00064
1.00871
-0.476937
-0.468093
-0.458866
-0.449266
-0.439294
-0.428961
-0.41827
-0.407221
-0.395817
-0.384071
-0.371985
-0.359566
-0.346821
-0.333753
-0.320372
-0.306683
-0.292693
-0.278411
-0.263841
-0.248993
-0.23387
-0.218486
-0.202845
-0.186957
-0.170833
-0.154477
-0.137899
-0.121107
-0.104111
-0.0869179
-0.0695348
-0.0519773
-0.0342531
-0.0163697
0.00166603
0.0198418
0.0381441
0.05657
0.0751081
0.0937476
0.11248
0.131286
0.150162
0.169105
0.188101
0.207138
0.226204
0.245291
0.264388
0.283487
0.302577
0.321652
0.340694
0.359696
0.378652
0.397558
0.416395
0.435145
0.453801
0.472375
0.490858
0.509212
0.527424
0.545505
0.563463
0.581278
0.598916
0.616378
0.633678
0.650793
0.667698
0.684403
0.700918
0.717207
0.733241
0.749047
0.764632
0.77997
0.795045
0.809847
0.824376
0.838638
0.852621
0.866313
0.879707
0.892791
0.905581
0.918056
0.930205
0.942033
0.953538
0.964723
0.97556
0.986042
0.996191
1.00599
1.01545
1.02455
1.03329
1.04163
-0.503116
-0.494014
-0.484505
-0.474603
-0.464312
-0.453638
-0.442589
-0.431162
-0.419365
-0.407202
-0.394684
-0.381814
-0.368599
-0.35505
-0.341168
-0.326963
-0.312441
-0.29761
-0.282476
-0.26705
-0.251337
-0.235346
-0.219087
-0.202568
-0.185795
-0.16878
-0.151532
-0.134061
-0.116373
-0.0984797
-0.0803888
-0.062111
-0.0436594
-0.0250412
-0.00626269
0.012662
0.0317213
0.0509111
0.0702181
0.0896323
0.10914
0.128733
0.148401
0.168136
0.187926
0.207757
0.22762
0.247501
0.267397
0.287294
0.307184
0.32705
0.346885
0.366681
0.386433
0.406121
0.425734
0.445259
0.464697
0.484051
0.503292
0.5224
0.541369
0.560208
0.578907
0.597448
0.615811
0.633999
0.65201
0.669821
0.687414
0.704806
0.721993
0.738933
0.755619
0.772071
0.788287
0.804235
0.819911
0.835306
0.850415
0.865243
0.879778
0.894007
0.907922
0.921516
0.9348
0.947754
0.96037
0.972649
0.984589
0.996193
1.00743
1.0183
1.02882
1.03898
1.04877
1.05819
1.06723
1.07587
-0.530757
-0.521379
-0.511577
-0.50136
-0.490734
-0.479703
-0.468276
-0.456456
-0.444242
-0.431643
-0.418671
-0.40533
-0.391625
-0.377565
-0.363158
-0.348409
-0.333327
-0.317919
-0.302193
-0.286159
-0.269826
-0.253199
-0.236288
-0.219101
-0.201651
-0.183946
-0.165996
-0.147809
-0.129395
-0.110769
-0.0919356
-0.0729065
-0.0536904
-0.0342984
-0.0147432
0.00496706
0.0248246
0.0448166
0.0649286
0.085154
0.105479
0.125891
0.146388
0.166951
0.187572
0.208232
0.228926
0.249647
0.27038
0.291112
0.311831
0.33253
0.353199
0.373829
0.394406
0.414914
0.435345
0.455689
0.475949
0.496104
0.51614
0.536041
0.555803
0.575432
0.59491
0.614211
0.63333
0.652273
0.671026
0.689563
0.707879
0.725985
0.743869
0.761495
0.778862
0.795987
0.812856
0.829445
0.845749
0.861762
0.877477
0.892897
0.908005
0.922793
0.937252
0.951379
0.965177
0.978633
0.991734
1.00448
1.01687
1.02891
1.04056
1.05184
1.06274
1.07327
1.08341
1.09317
1.10252
1.11146
-0.559947
-0.550274
-0.540165
-0.529618
-0.51864
-0.507233
-0.495408
-0.483171
-0.47052
-0.457465
-0.444015
-0.430177
-0.415956
-0.40136
-0.386398
-0.371076
-0.355404
-0.339392
-0.323044
-0.306372
-0.289384
-0.272089
-0.254494
-0.236612
-0.218448
-0.200018
-0.181332
-0.162397
-0.143226
-0.123826
-0.104209
-0.0843899
-0.0643748
-0.0441757
-0.0237968
-0.00325964
0.0174303
0.0382601
0.0592177
0.0802895
0.101473
0.122751
0.144106
0.165537
0.187025
0.20856
0.230129
0.25172
0.273324
0.294933
0.31653
0.338106
0.359646
0.38114
0.402581
0.423953
0.445244
0.46645
0.487556
0.508555
0.529428
0.550159
0.570754
0.591205
0.611488
0.631586
0.651505
0.671232
0.690754
0.710052
0.729129
0.747983
0.766591
0.784934
0.803014
0.820839
0.83839
0.855646
0.872605
0.889262
0.90561
0.921645
0.937353
0.952721
0.967748
0.982429
0.996766
1.01074
1.02435
1.03758
1.05045
1.06293
1.07502
1.08671
1.09802
1.10893
1.11943
1.12954
1.13922
1.14847
-0.590765
-0.580791
-0.570353
-0.559456
-0.548106
-0.536304
-0.52406
-0.511383
-0.498273
-0.484734
-0.47078
-0.45642
-0.441655
-0.426497
-0.410951
-0.395029
-0.378739
-0.362087
-0.345085
-0.327743
-0.310069
-0.292071
-0.27376
-0.255145
-0.236238
-0.217048
-0.197588
-0.177867
-0.157897
-0.137686
-0.117253
-0.096601
-0.0757429
-0.0546911
-0.0334578
-0.0120509
0.00951087
0.0312185
0.0530614
0.0750308
0.0971074
0.119283
0.141547
0.163881
0.186281
0.208726
0.23121
0.253719
0.276243
0.298767
0.321277
0.343768
0.366225
0.388632
0.410978
0.43325
0.455446
0.477547
0.499548
0.521425
0.543169
0.564779
0.586242
0.607546
0.628672
0.649612
0.670359
0.690907
0.711236
0.731333
0.751198
0.77083
0.790199
0.809292
0.828118
0.846671
0.864933
0.882886
0.90053
0.917859
0.934863
0.951538
0.967871
0.98385
0.999468
1.01472
1.02962
1.04414
1.05827
1.07201
1.08536
1.09832
1.11086
1.12299
1.13472
1.14602
1.1569
1.16736
1.17738
1.18695
-0.623303
-0.61301
-0.602225
-0.590956
-0.57921
-0.566993
-0.554309
-0.541169
-0.527572
-0.513527
-0.499042
-0.484128
-0.468795
-0.453045
-0.436888
-0.420331
-0.40339
-0.386074
-0.368384
-0.350335
-0.331938
-0.313203
-0.294139
-0.274758
-0.255068
-0.235081
-0.214808
-0.194259
-0.173454
-0.152398
-0.1311
-0.109575
-0.0878309
-0.0658848
-0.0437529
-0.0214438
0.00103276
0.0236659
0.0464387
0.069342
0.0923604
0.115479
0.138688
0.161976
0.185328
0.208731
0.232175
0.255648
0.279129
0.30261
0.326084
0.34953
0.37294
0.396303
0.419599
0.44282
0.46596
0.489005
0.511934
0.534733
0.557397
0.57992
0.602288
0.624489
0.646501
0.668316
0.689929
0.711331
0.732504
0.753438
0.774133
0.794571
0.814732
0.834613
0.854214
0.873527
0.892531
0.911213
0.929574
0.947602
0.965291
0.982634
0.999619
1.01623
1.03247
1.04833
1.06381
1.07888
1.09356
1.10783
1.12169
1.13514
1.14815
1.16073
1.17289
1.1846
1.19587
1.20671
1.21708
1.22699
-0.65764
-0.647008
-0.63586
-0.624201
-0.612042
-0.599383
-0.586237
-0.57261
-0.558503
-0.543921
-0.528878
-0.513386
-0.497449
-0.48108
-0.46428
-0.447058
-0.42943
-0.41141
-0.393002
-0.374213
-0.355057
-0.335543
-0.31569
-0.295503
-0.27499
-0.254166
-0.233038
-0.211624
-0.189935
-0.167986
-0.145785
-0.123345
-0.100682
-0.0778036
-0.0547244
-0.0314588
-0.00802197
0.0155754
0.0393227
0.0632044
0.087208
0.111317
0.13552
0.159808
0.18416
0.208566
0.233016
0.257492
0.281982
0.306474
0.330945
0.355398
0.37981
0.404168
0.428463
0.452679
0.476807
0.500832
0.524733
0.548501
0.57213
0.595609
0.618924
0.642055
0.664994
0.68773
0.710252
0.732544
0.754597
0.776406
0.797961
0.819244
0.84024
0.860943
0.881354
0.901457
0.921236
0.94068
0.959787
0.978548
0.996951
1.01499
1.03265
1.04992
1.0668
1.08329
1.09938
1.11504
1.13029
1.14511
1.1595
1.17345
1.18695
1.20001
1.21261
1.22475
1.23643
1.24764
1.25838
1.26864
-0.693877
-0.682887
-0.671355
-0.659286
-0.646688
-0.633569
-0.619933
-0.605788
-0.591144
-0.576004
-0.560374
-0.544269
-0.5277
-0.510673
-0.493198
-0.475279
-0.456932
-0.43817
-0.419004
-0.399439
-0.379485
-0.359158
-0.33847
-0.317434
-0.296056
-0.274348
-0.252326
-0.230003
-0.207391
-0.184506
-0.161356
-0.137955
-0.114322
-0.0904661
-0.0663967
-0.0421296
-0.0176854
0.00692955
0.0316987
0.056604
0.0816335
0.106783
0.132034
0.157368
0.182768
0.208225
0.233727
0.259258
0.284801
0.310345
0.335875
0.361378
0.38684
0.412246
0.437585
0.462837
0.487993
0.513042
0.537967
0.562754
0.587387
0.611862
0.636165
0.660276
0.684181
0.707877
0.731348
0.754576
0.777554
0.800277
0.822733
0.844899
0.866766
0.888329
0.909582
0.930513
0.951102
0.971342
0.99123
1.01075
1.0299
1.04866
1.06703
1.08499
1.10254
1.11968
1.1364
1.15268
1.16851
1.18391
1.19885
1.21333
1.22734
1.24088
1.25395
1.26654
1.27864
1.29025
1.30136
1.31198
-0.73211
-0.720745
-0.708805
-0.696301
-0.683244
-0.669638
-0.655488
-0.6408
-0.625585
-0.609855
-0.593612
-0.576866
-0.559625
-0.541908
-0.523722
-0.505072
-0.485968
-0.466425
-0.446459
-0.426079
-0.405288
-0.384102
-0.362539
-0.340608
-0.31832
-0.295689
-0.272728
-0.24945
-0.225871
-0.202002
-0.177856
-0.153448
-0.128792
-0.103904
-0.0787993
-0.0534882
-0.0279832
-0.00230551
0.0235338
0.0495167
0.0756322
0.101868
0.128207
0.154636
0.181138
0.207705
0.234312
0.26094
0.287587
0.314235
0.340872
0.36748
0.394041
0.420537
0.446965
0.473308
0.499544
0.525666
0.551657
0.577504
0.603194
0.628711
0.654044
0.679175
0.704099
0.728797
0.753256
0.777465
0.801413
0.825092
0.848486
0.871579
0.894358
0.91682
0.938955
0.960746
0.982182
1.00325
1.02395
1.04427
1.06419
1.08371
1.10282
1.1215
1.13975
1.15757
1.17494
1.19186
1.20832
1.2243
1.23981
1.25484
1.26938
1.28343
1.29699
1.31003
1.32257
1.33459
1.3461
1.35708
-0.772441
-0.760678
-0.748313
-0.735352
-0.721807
-0.707685
-0.692994
-0.677737
-0.661921
-0.645563
-0.62867
-0.611249
-0.593313
-0.574866
-0.55593
-0.536509
-0.51661
-0.496249
-0.475439
-0.454195
-0.432527
-0.410444
-0.387958
-0.365087
-0.341847
-0.318244
-0.294298
-0.270019
-0.245423
-0.220523
-0.195335
-0.169867
-0.144143
-0.118174
-0.0919761
-0.0655645
-0.0389585
-0.012166
0.0148019
0.0419199
0.0691743
0.0965532
0.12404
0.151615
0.179273
0.206989
0.234748
0.262542
0.290348
0.318152
0.345945
0.373702
0.401412
0.429061
0.456628
0.484104
0.511476
0.538721
0.565831
0.592788
0.619576
0.646183
0.672601
0.698805
0.724785
0.750534
0.776032
0.801264
0.826222
0.850899
0.875273
0.899332
0.923065
0.946466
0.969519
0.992213
1.01453
1.03647
1.05802
1.07916
1.09989
1.1202
1.14008
1.15951
1.17849
1.19702
1.21507
1.23266
1.24975
1.26636
1.28246
1.29807
1.31316
1.32774
1.34179
1.35531
1.36831
1.38076
1.39267
1.40404
-0.814978
-0.802796
-0.78998
-0.776541
-0.762481
-0.74781
-0.732543
-0.716688
-0.700247
-0.683227
-0.665647
-0.647515
-0.62884
-0.609634
-0.589907
-0.569673
-0.548939
-0.527717
-0.506022
-0.483872
-0.461276
-0.438246
-0.414799
-0.390944
-0.366699
-0.342078
-0.317093
-0.291759
-0.266094
-0.240115
-0.213829
-0.187255
-0.160406
-0.133305
-0.105965
-0.0784025
-0.0506308
-0.0226629
0.00547939
0.0337885
0.0622401
0.0908167
0.119502
0.148288
0.177151
0.206078
0.23505
0.264055
0.29308
0.322097
0.35109
0.380054
0.408973
0.43782
0.466584
0.495252
0.523806
0.552232
0.58051
0.608627
0.636568
0.664319
0.691862
0.719191
0.746285
0.773129
0.799709
0.826011
0.852029
0.877745
0.903145
0.928212
0.952942
0.977322
1.00133
1.02497
1.04821
1.07106
1.09349
1.11549
1.13707
1.1582
1.17888
1.1991
1.21884
1.2381
1.25687
1.27514
1.29291
1.31016
1.32688
1.34309
1.35875
1.37387
1.38844
1.40247
1.41593
1.42883
1.44116
1.45292
-0.859831
-0.847203
-0.833913
-0.819968
-0.80537
-0.790124
-0.774247
-0.757756
-0.740654
-0.722946
-0.704643
-0.685759
-0.666304
-0.646294
-0.625739
-0.60465
-0.583034
-0.560909
-0.538287
-0.515183
-0.491612
-0.467586
-0.443125
-0.418238
-0.392939
-0.367246
-0.34117
-0.314728
-0.287939
-0.260823
-0.233391
-0.205652
-0.177626
-0.149334
-0.120793
-0.0920195
-0.0630273
-0.0338278
-0.00444319
0.0251035
0.0548043
0.0846364
0.11458
0.144629
0.174769
0.204967
0.235209
0.265483
0.295771
0.326058
0.356324
0.386557
0.416735
0.446838
0.47685
0.50676
0.536559
0.566218
0.595717
0.62505
0.654196
0.683135
0.711863
0.740365
0.768619
0.796612
0.824326
0.851751
0.878875
0.905682
0.932152
0.958276
0.984046
1.00945
1.03446
1.05908
1.08329
1.10707
1.13042
1.15334
1.17579
1.19779
1.2193
1.24033
1.26086
1.28089
1.30041
1.31939
1.33786
1.35578
1.37315
1.38997
1.40623
1.42191
1.43703
1.45157
1.46553
1.47888
1.49164
1.50381
-0.907114
-0.89402
-0.880226
-0.865746
-0.85058
-0.834731
-0.818217
-0.801052
-0.78325
-0.764812
-0.74575
-0.726077
-0.705803
-0.684943
-0.663515
-0.641525
-0.618984
-0.595909
-0.572312
-0.548212
-0.523615
-0.498541
-0.473011
-0.447037
-0.420629
-0.393806
-0.366588
-0.33899
-0.311022
-0.282707
-0.254062
-0.225103
-0.195841
-0.166303
-0.136502
-0.106455
-0.0761779
-0.0456876
-0.0150114
0.0158452
0.0468562
0.0780006
0.109272
0.140644
0.172108
0.203642
0.235214
0.266819
0.298438
0.330049
0.361646
0.393201
0.424702
0.456124
0.487445
0.518664
0.549753
0.580695
0.611479
0.64208
0.672488
0.702683
0.732645
0.762371
0.791839
0.821032
0.849931
0.878526
0.906807
0.934752
0.962348
0.989579
1.01644
1.0429
1.06896
1.0946
1.11982
1.14459
1.16891
1.19276
1.21614
1.23902
1.26141
1.28328
1.30464
1.32547
1.34576
1.3655
1.38468
1.4033
1.42135
1.43881
1.45569
1.47197
1.48765
1.50272
1.51718
1.53101
1.54423
1.55681
-0.956958
-0.943368
-0.929045
-0.913994
-0.898226
-0.881744
-0.864557
-0.846688
-0.828144
-0.80894
-0.789077
-0.768571
-0.747438
-0.725684
-0.703331
-0.680397
-0.656886
-0.632807
-0.608184
-0.583031
-0.557362
-0.531183
-0.504527
-0.477414
-0.449845
-0.421839
-0.393415
-0.364591
-0.335389
-0.305821
-0.275904
-0.24566
-0.215103
-0.184251
-0.153129
-0.121746
-0.0901264
-0.058287
-0.0262403
0.00598412
0.0383696
0.0708973
0.10356
0.136324
0.169171
0.20209
0.235061
0.268063
0.301075
0.334081
0.367063
0.400005
0.432885
0.465687
0.498385
0.530962
0.563401
0.595694
0.627824
0.659756
0.691481
0.722985
0.754252
0.785258
0.815993
0.84644
0.876578
0.9064
0.935886
0.965019
0.993787
1.02217
1.05016
1.07774
1.1049
1.13161
1.15788
1.18367
1.20899
1.23383
1.25817
1.28199
1.30528
1.32805
1.35026
1.37193
1.39302
1.41355
1.43348
1.45282
1.47157
1.4897
1.50722
1.52411
1.54037
1.556
1.57098
1.58532
1.59899
1.61201
-1.00949
-0.995379
-0.980493
-0.964845
-0.948441
-0.931285
-0.913392
-0.894778
-0.87546
-0.855443
-0.834734
-0.813349
-0.791313
-0.768625
-0.745296
-0.72136
-0.696825
-0.671694
-0.645987
-0.619728
-0.592931
-0.565603
-0.537763
-0.509441
-0.480651
-0.451398
-0.421711
-0.391608
-0.361104
-0.33022
-0.298971
-0.267378
-0.235453
-0.203227
-0.170716
-0.137937
-0.104902
-0.0716409
-0.0381718
-0.00450838
0.029322
0.0633057
0.0974114
0.131623
0.16593
0.200316
0.234747
0.269209
0.303687
0.338155
0.37259
0.406981
0.441307
0.475544
0.509675
0.54369
0.577557
0.611258
0.644779
0.678107
0.711214
0.74409
0.776709
0.80906
0.841127
0.872884
0.90432
0.93542
0.96617
0.996546
1.02654
1.05613
1.0853
1.11404
1.14234
1.17017
1.19753
1.2244
1.25078
1.27664
1.30197
1.32676
1.35101
1.3747
1.39781
1.42034
1.44228
1.46361
1.48433
1.50443
1.5239
1.54273
1.56091
1.57844
1.59531
1.61151
1.62704
1.64188
1.65604
1.66951
-1.06486
-1.05019
-1.03471
-1.01843
-1.00135
-0.983488
-0.96485
-0.945449
-0.925306
-0.904434
-0.882838
-0.86053
-0.837535
-0.813861
-0.789516
-0.76452
-0.738903
-0.712664
-0.685824
-0.6584
-0.630409
-0.601871
-0.57279
-0.5432
-0.513122
-0.482567
-0.451555
-0.420103
-0.388228
-0.355958
-0.323309
-0.290298
-0.256949
-0.223272
-0.189303
-0.155058
-0.120545
-0.0857922
-0.0508243
-0.0156591
0.0196828
0.0551785
0.0908095
0.126554
0.162385
0.198295
0.234264
0.270256
0.306264
0.342263
0.378233
0.414146
0.449982
0.485722
0.521362
0.55687
0.59222
0.627404
0.662396
0.697175
0.731728
0.766033
0.800071
0.833827
0.867282
0.900409
0.9332
0.965642
0.997707
1.02938
1.06065
1.0915
1.12191
1.15187
1.18136
1.21036
1.23887
1.26686
1.29433
1.32125
1.34763
1.37344
1.39867
1.42332
1.44737
1.47081
1.49362
1.5158
1.53733
1.55822
1.57844
1.59799
1.61687
1.63506
1.65256
1.66935
1.68544
1.70082
1.71548
1.72943
-1.12321
-1.10794
-1.09182
-1.07487
-1.05709
-1.03848
-1.01905
-0.998829
-0.977817
-0.956037
-0.933508
-0.910229
-0.88622
-0.861504
-0.836086
-0.809986
-0.783228
-0.755824
-0.727787
-0.699137
-0.669891
-0.640072
-0.609695
-0.578779
-0.547348
-0.515413
-0.483005
-0.45014
-0.416832
-0.3831
-0.348976
-0.314483
-0.279634
-0.244449
-0.20894
-0.173147
-0.137087
-0.100774
-0.064233
-0.0274962
0.00943266
0.0465216
0.083751
0.121095
0.158533
0.196045
0.23361
0.271208
0.308823
0.346423
0.383979
0.421484
0.458914
0.496243
0.533453
0.570523
0.607431
0.644157
0.680685
0.716992
0.75306
0.788859
0.824383
0.859607
0.894507
0.929071
0.963286
0.997122
1.03056
1.06359
1.0962
1.12837
1.16007
1.19129
1.22202
1.25225
1.28195
1.31111
1.33972
1.36776
1.39523
1.4221
1.44837
1.47402
1.49904
1.52341
1.54714
1.5702
1.59259
1.61429
1.63529
1.6556
1.67519
1.69407
1.71221
1.72963
1.74631
1.76224
1.77742
1.79185
-1.18467
-1.16878
-1.15199
-1.13433
-1.1158
-1.0964
-1.07614
-1.05505
-1.03312
-1.01039
-0.986868
-0.962568
-0.937496
-0.911675
-0.885129
-0.857864
-0.829906
-0.801276
-0.771978
-0.74204
-0.711479
-0.68031
-0.64856
-0.616248
-0.583399
-0.550021
-0.516142
-0.481786
-0.446975
-0.411718
-0.37605
-0.339993
-0.303565
-0.26679
-0.229677
-0.192258
-0.154572
-0.116625
-0.0784375
-0.0400368
-0.00145175
0.0373086
0.0762131
0.115238
0.154356
0.193547
0.232792
0.272069
0.311355
0.35062
0.38986
0.429029
0.468122
0.507112
0.545973
0.58468
0.623214
0.66156
0.699695
0.737599
0.775244
0.812618
0.849697
0.886453
0.922865
0.958932
0.994627
1.02992
1.06481
1.09926
1.13326
1.16679
1.19984
1.23239
1.26443
1.29593
1.32687
1.35725
1.38705
1.41627
1.44486
1.47284
1.50019
1.52688
1.55291
1.57827
1.60293
1.62692
1.65019
1.67274
1.69456
1.71565
1.73599
1.75558
1.77441
1.79246
1.80975
1.82625
1.84197
1.85689
-1.2494
-1.23286
-1.21537
-1.19696
-1.17764
-1.1574
-1.13626
-1.11424
-1.09135
-1.06762
-1.04305
-1.01767
-0.991485
-0.964506
-0.936759
-0.908274
-0.879053
-0.84912
-0.818501
-0.787204
-0.755259
-0.72268
-0.689486
-0.655707
-0.62136
-0.586465
-0.551046
-0.515126
-0.478729
-0.441875
-0.404582
-0.366883
-0.328796
-0.290347
-0.251556
-0.212444
-0.173041
-0.133376
-0.0934603
-0.0533234
-0.0129941
0.0275081
0.0681721
0.108957
0.149838
0.190791
0.231799
0.272834
0.313873
0.354899
0.395877
0.4368
0.477632
0.518354
0.55894
0.599363
0.639606
0.679648
0.719471
0.759037
0.798336
0.837348
0.876049
0.914409
0.952415
0.990049
1.02729
1.06411
1.1005
1.13643
1.17189
1.20686
1.24132
1.27525
1.30864
1.34147
1.37372
1.40537
1.43642
1.46684
1.49662
1.52575
1.55422
1.582
1.60909
1.63546
1.66113
1.68606
1.71025
1.73368
1.75635
1.77826
1.79938
1.8197
1.83923
1.85796
1.87587
1.89297
1.90923
1.92466
-1.31759
-1.30034
-1.28211
-1.26291
-1.24274
-1.22162
-1.19955
-1.17656
-1.15266
-1.12787
-1.1022
-1.07568
-1.04832
-1.02012
-0.991107
-0.961325
-0.930781
-0.899484
-0.867463
-0.834746
-0.801341
-0.767277
-0.732567
-0.697241
-0.661322
-0.624835
-0.587792
-0.550231
-0.512165
-0.473631
-0.434634
-0.395212
-0.355385
-0.315185
-0.274625
-0.233733
-0.19254
-0.151068
-0.109342
-0.0673859
-0.0252224
0.0171198
0.0596116
0.10224
0.144965
0.187766
0.230615
0.273496
0.316385
0.359248
0.402062
0.444809
0.487466
0.530001
0.572388
0.614609
0.656639
0.69846
0.740035
0.78135
0.822382
0.863106
0.903499
0.943539
0.983203
1.02248
1.06134
1.09975
1.13771
1.17519
1.21217
1.24864
1.28457
1.31994
1.35475
1.38897
1.42258
1.45556
1.48791
1.5196
1.55061
1.58094
1.61057
1.63949
1.66768
1.69512
1.72181
1.74774
1.77288
1.79723
1.82079
1.84354
1.86546
1.88656
1.90682
1.92624
1.9448
1.96251
1.97934
1.99531
-1.38939
-1.3714
-1.35237
-1.33234
-1.3113
-1.28923
-1.26619
-1.24217
-1.2172
-1.19129
-1.16445
-1.13672
-1.10811
-1.07863
-1.0483
-1.01716
-0.98521
-0.952481
-0.918993
-0.884768
-0.849825
-0.814191
-0.777894
-0.740949
-0.703375
-0.665207
-0.62647
-0.587179
-0.547364
-0.507051
-0.46627
-0.425045
-0.383398
-0.341356
-0.29894
-0.256181
-0.213103
-0.16974
-0.126114
-0.0822365
-0.0381567
0.00609911
0.0505148
0.0950694
0.13973
0.184466
0.229256
0.27407
0.318886
0.363676
0.408418
0.453081
0.49764
0.542068
0.586346
0.630447
0.67435
0.718028
0.761445
0.804579
0.847418
0.889941
0.932105
0.973895
1.0153
1.05628
1.09683
1.13692
1.17652
1.21561
1.25418
1.29221
1.32968
1.36657
1.40285
1.43852
1.47355
1.50791
1.54161
1.57462
1.60693
1.63851
1.66936
1.69946
1.72879
1.75735
1.78511
1.81206
1.8382
1.86352
1.88799
1.91162
1.93438
1.95627
1.97729
1.99742
2.01666
2.035
2.05243
2.06895
-1.46498
-1.44622
-1.42636
-1.40543
-1.38345
-1.3604
-1.33631
-1.31121
-1.28511
-1.25802
-1.22996
-1.20096
-1.17103
-1.14019
-1.10848
-1.0759
-1.04247
-1.00822
-0.973191
-0.937386
-0.900833
-0.863552
-0.825568
-0.786918
-0.747615
-0.707682
-0.667157
-0.626056
-0.584408
-0.542234
-0.499571
-0.456448
-0.412886
-0.368914
-0.324554
-0.279829
-0.23478
-0.18943
-0.143808
-0.097935
-0.0518496
-0.00556849
0.0408739
0.0874413
0.134132
0.180898
0.22771
0.274549
0.321384
0.368195
0.41495
0.461624
0.508181
0.554598
0.600848
0.646917
0.692778
0.738386
0.783733
0.828788
0.873517
0.917907
0.961924
1.00555
1.04876
1.09154
1.13385
1.17568
1.21699
1.25778
1.29801
1.33767
1.37674
1.41521
1.45303
1.49021
1.52672
1.56253
1.59765
1.63203
1.66568
1.69857
1.73068
1.76202
1.79255
1.82226
1.85112
1.87916
1.90634
1.93265
1.95808
1.98262
2.00625
2.02897
2.05077
2.07164
2.09158
2.11058
2.12863
2.14571
-1.54456
-1.52497
-1.50423
-1.48237
-1.45939
-1.43529
-1.41011
-1.38385
-1.35655
-1.32823
-1.29887
-1.26853
-1.23722
-1.20495
-1.17176
-1.13768
-1.10269
-1.06686
-1.0302
-0.992725
-0.95447
-0.915458
-0.875713
-0.835261
-0.794138
-0.752359
-0.709948
-0.666944
-0.623365
-0.57925
-0.534613
-0.489489
-0.443911
-0.397907
-0.35151
-0.304735
-0.257619
-0.210185
-0.162466
-0.114499
-0.0662923
-0.0179042
0.0306493
0.0793475
0.128152
0.177048
0.225985
0.274943
0.323896
0.372818
0.421679
0.47045
0.519102
0.567602
0.615926
0.664059
0.711954
0.759599
0.806954
0.853999
0.900719
0.947065
0.993024
1.03857
1.08367
1.12831
1.17246
1.21611
1.25922
1.30177
1.34374
1.38511
1.42585
1.46596
1.5054
1.54415
1.5822
1.61953
1.65612
1.69194
1.72699
1.76124
1.79467
1.82729
1.85906
1.88997
1.92
1.94915
1.97741
2.00476
2.03118
2.05666
2.0812
2.10478
2.1274
2.14905
2.16971
2.18939
2.20806
2.22573
-1.62833
-1.60785
-1.58618
-1.56332
-1.5393
-1.5141
-1.48775
-1.46027
-1.4317
-1.40207
-1.37137
-1.33961
-1.30682
-1.27305
-1.23832
-1.20263
-1.16602
-1.12851
-1.09013
-1.0509
-1.01085
-0.970022
-0.92843
-0.88609
-0.843041
-0.799314
-0.754934
-0.709928
-0.664328
-0.618164
-0.571456
-0.524235
-0.476546
-0.428416
-0.379875
-0.330942
-0.281646
-0.232031
-0.182119
-0.131944
-0.0815437
-0.0309319
0.0198479
0.0707682
0.121798
0.172912
0.224076
0.275257
0.326427
0.377559
0.428625
0.479591
0.530428
0.581108
0.631603
0.681884
0.731918
0.781683
0.83115
0.880292
0.92907
0.977468
1.02545
1.073
1.12009
1.16669
1.21277
1.25831
1.30329
1.34769
1.39147
1.43462
1.47711
1.51893
1.56005
1.60045
1.64011
1.67902
1.71713
1.75445
1.79096
1.82663
1.86144
1.89539
1.92846
1.96062
1.99186
2.02217
2.05156
2.07998
2.10744
2.1339
2.15937
2.18385
2.20732
2.22977
2.25118
2.27155
2.29088
2.30916
-1.71649
-1.69507
-1.6724
-1.64849
-1.62337
-1.59701
-1.56942
-1.54066
-1.51075
-1.47973
-1.44759
-1.41434
-1.38001
-1.34465
-1.30828
-1.27092
-1.23258
-1.1933
-1.15312
-1.11206
-1.07012
-1.02736
-0.983823
-0.939509
-0.894447
-0.848668
-0.802204
-0.755095
-0.707366
-0.65905
-0.610181
-0.560766
-0.510855
-0.460491
-0.409689
-0.358489
-0.30692
-0.25502
-0.202815
-0.15033
-0.0976078
-0.044678
0.00843059
0.061681
0.115044
0.168487
0.221979
0.275489
0.328984
0.382433
0.435804
0.48907
0.542197
0.595158
0.64792
0.700453
0.752725
0.804708
0.856377
0.907698
0.958643
1.00919
1.05929
1.10893
1.15808
1.20672
1.25482
1.30234
1.34928
1.39561
1.44128
1.48629
1.53061
1.57422
1.61709
1.65922
1.70056
1.7411
1.78081
1.8197
1.85773
1.89488
1.93112
1.96646
2.00088
2.03435
2.06684
2.09837
2.12892
2.15846
2.18698
2.21447
2.24093
2.26633
2.29068
2.31395
2.33613
2.35723
2.37724
2.39615
-1.80924
-1.78684
-1.76311
-1.7381
-1.71179
-1.68419
-1.65532
-1.6252
-1.59388
-1.56138
-1.52772
-1.49291
-1.45696
-1.41992
-1.38182
-1.34269
-1.30254
-1.26141
-1.21932
-1.17631
-1.13241
-1.08763
-1.04201
-0.995619
-0.948445
-0.900519
-0.851872
-0.802536
-0.75258
-0.702011
-0.650859
-0.599146
-0.5469
-0.49418
-0.441031
-0.387466
-0.333507
-0.279197
-0.224576
-0.169676
-0.114527
-0.0591616
-0.00361647
0.0520753
0.107883
0.163767
0.2197
0.275645
0.331572
0.387447
0.443238
0.498911
0.554437
0.609782
0.664914
0.719801
0.774415
0.82872
0.88269
0.936294
0.989498
1.04227
1.09459
1.14643
1.19775
1.24852
1.29871
1.34831
1.3973
1.44563
1.49329
1.54024
1.58645
1.63193
1.67664
1.72055
1.76365
1.8059
1.8473
1.8878
1.92741
1.96611
2.00385
2.04064
2.07645
2.11128
2.1451
2.17788
2.20963
2.24033
2.26997
2.29854
2.326
2.35236
2.3776
2.40174
2.42474
2.44659
2.4673
2.48685
-1.90682
-1.88338
-1.85855
-1.83236
-1.80479
-1.77588
-1.74563
-1.71409
-1.68128
-1.64724
-1.61195
-1.57548
-1.53783
-1.49902
-1.4591
-1.41809
-1.37604
-1.33295
-1.28887
-1.24381
-1.19782
-1.15092
-1.10315
-1.05455
-1.00515
-0.954964
-0.904038
-0.852387
-0.800065
-0.747118
-0.693565
-0.639441
-0.584769
-0.529592
-0.473956
-0.41789
-0.361431
-0.304606
-0.247455
-0.190017
-0.132322
-0.0744071
-0.0163073
0.0419415
0.100305
0.158749
0.217237
0.275734
0.334207
0.39262
0.45094
0.509134
0.567167
0.625007
0.68262
0.739974
0.797033
0.853767
0.910144
0.966132
1.0217
1.07681
1.13145
1.18557
1.23915
1.29215
1.34455
1.39631
1.44743
1.49786
1.54758
1.59656
1.64477
1.6922
1.73881
1.7846
1.82952
1.87356
1.91669
1.95889
2.00015
2.04045
2.07976
2.11805
2.15532
2.19156
2.22675
2.26085
2.29385
2.32576
2.35656
2.38623
2.41475
2.44209
2.46828
2.49331
2.51715
2.53978
2.56121
2.58142
-2.00947
-1.98493
-1.95892
-1.93148
-1.9026
-1.8723
-1.8406
-1.80754
-1.77315
-1.73745
-1.70048
-1.66225
-1.62279
-1.58213
-1.54029
-1.49731
-1.45324
-1.4081
-1.36191
-1.3147
-1.26651
-1.21737
-1.16734
-1.11644
-1.06469
-1.01212
-0.958778
-0.904703
-0.84992
-0.794476
-0.7384
-0.681737
-0.624515
-0.56676
-0.508522
-0.449842
-0.390752
-0.33129
-0.271491
-0.211391
-0.151028
-0.0904413
-0.0296647
0.0312655
0.0923072
0.153427
0.214591
0.275759
0.336897
0.397968
0.458934
0.519763
0.580421
0.640872
0.701081
0.761011
0.820629
0.879904
0.938798
0.99728
1.05532
1.11288
1.16993
1.22644
1.28238
1.33771
1.3924
1.44644
1.49978
1.5524
1.60428
1.65538
1.70566
1.75512
1.80373
1.85147
1.8983
1.94419
1.98913
2.03311
2.07609
2.11805
2.15898
2.19886
2.23765
2.27536
2.31195
2.34742
2.38174
2.4149
2.4469
2.47772
2.50732
2.53571
2.56288
2.58882
2.61352
2.63696
2.65913
2.68004
-2.11748
-2.09175
-2.06448
-2.03571
-2.00543
-1.97365
-1.94042
-1.90576
-1.8697
-1.83226
-1.79349
-1.75342
-1.71205
-1.66943
-1.62558
-1.58052
-1.53433
-1.48701
-1.43859
-1.38913
-1.33863
-1.28714
-1.23471
-1.18139
-1.12717
-1.07211
-1.01623
-0.959599
-0.902227
-0.844171
-0.785454
-0.726121
-0.666209
-0.605753
-0.544792
-0.483372
-0.421527
-0.359294
-0.296719
-0.233832
-0.170676
-0.107289
-0.0437086
0.020025
0.0838747
0.1478
0.211763
0.275728
0.339654
0.403504
0.467244
0.530832
0.594234
0.657415
0.720335
0.782961
0.845257
0.907186
0.968712
1.0298
1.09042
1.15054
1.21011
1.26912
1.32752
1.38528
1.44238
1.49878
1.55445
1.60936
1.66349
1.71679
1.76925
1.82083
1.87152
1.92129
1.97011
2.01794
2.06477
2.11059
2.15537
2.19907
2.24169
2.2832
2.32359
2.36283
2.40089
2.43777
2.47346
2.50792
2.54117
2.57317
2.60392
2.63338
2.66155
2.68845
2.71404
2.73831
2.76127
2.7829
-2.23107
-2.20409
-2.17549
-2.1453
-2.11353
-2.08019
-2.04533
-2.00899
-1.97117
-1.93189
-1.89123
-1.8492
-1.80581
-1.76111
-1.71513
-1.66789
-1.61945
-1.56985
-1.51909
-1.46724
-1.41433
-1.36036
-1.30541
-1.24954
-1.19273
-1.13504
-1.07652
-1.01719
-0.957102
-0.896295
-0.834805
-0.772672
-0.709942
-0.646648
-0.582833
-0.518537
-0.453804
-0.388674
-0.323184
-0.257376
-0.191293
-0.124976
-0.0584596
0.00821368
0.0749988
0.141859
0.208756
0.275646
0.342494
0.409253
0.475891
0.542364
0.60864
0.674675
0.740434
0.805876
0.870967
0.935673
0.999952
1.06377
1.12708
1.18987
1.25209
1.3137
1.37468
1.43498
1.49458
1.55345
1.61155
1.66885
1.72532
1.78093
1.83565
1.88945
1.94231
1.9942
2.04509
2.09495
2.14376
2.1915
2.23814
2.28365
2.32803
2.37125
2.41328
2.45411
2.49371
2.53207
2.56918
2.60501
2.63954
2.67278
2.70469
2.73526
2.76449
2.79238
2.8189
2.84404
2.86779
2.89015
-2.3505
-2.32221
-2.29219
-2.26051
-2.22716
-2.19217
-2.15558
-2.11743
-2.07775
-2.03655
-1.99388
-1.94978
-1.90425
-1.85736
-1.80914
-1.75961
-1.70881
-1.65679
-1.60358
-1.54921
-1.49373
-1.43718
-1.37959
-1.32102
-1.26149
-1.20105
-1.13974
-1.07758
-1.01464
-0.950947
-0.886546
-0.821481
-0.755791
-0.689519
-0.622711
-0.555403
-0.487641
-0.419471
-0.350932
-0.282066
-0.212916
-0.143526
-0.0739352
-0.0041882
0.0656744
0.135608
0.205572
0.275525
0.345425
0.415232
0.4849
0.554395
0.623672
0.692694
0.76142
0.829809
0.897826
0.96543
1.03258
1.09925
1.16539
1.23096
1.29594
1.36028
1.42394
1.48691
1.54912
1.61057
1.6712
1.73099
1.78992
1.84793
1.90501
1.96113
2.01624
2.07034
2.1234
2.17537
2.22623
2.27596
2.32455
2.37197
2.41818
2.46316
2.50691
2.54939
2.59058
2.63048
2.66907
2.70631
2.74219
2.7767
2.80983
2.84156
2.87188
2.90079
2.92826
2.9543
2.97887
3.00198
-2.4761
-2.44638
-2.41488
-2.3816
-2.34658
-2.30984
-2.27142
-2.23136
-2.1897
-2.14644
-2.10166
-2.05537
-2.00761
-1.95841
-1.90782
-1.85586
-1.80258
-1.74801
-1.69221
-1.6352
-1.57703
-1.51774
-1.45738
-1.39598
-1.33359
-1.27025
-1.206
-1.14089
-1.07495
-1.00823
-0.940776
-0.87263
-0.803841
-0.734449
-0.664495
-0.594032
-0.523098
-0.451741
-0.380007
-0.307936
-0.235576
-0.162967
-0.0901543
-0.0171884
0.055889
0.12904
0.202216
0.275374
0.348469
0.421458
0.494301
0.566952
0.639369
0.711514
0.783343
0.854817
0.925889
0.996523
1.06668
1.13632
1.20541
1.2739
1.34176
1.40894
1.47542
1.54115
1.6061
1.67024
1.73352
1.79591
1.85739
1.91792
1.97746
2.03598
2.09346
2.14987
2.20517
2.25934
2.31235
2.36417
2.41478
2.46416
2.51228
2.55912
2.60465
2.64885
2.69171
2.7332
2.7733
2.81201
2.84929
2.88514
2.91953
2.95247
2.98391
3.01387
3.04234
3.06929
3.09471
3.11861
-2.60816
-2.57694
-2.54383
-2.50885
-2.47205
-2.43346
-2.3931
-2.35103
-2.30726
-2.26185
-2.21482
-2.16623
-2.1161
-2.06446
-2.01136
-1.95683
-1.90093
-1.8437
-1.78516
-1.72537
-1.66438
-1.60221
-1.53893
-1.47456
-1.40917
-1.34278
-1.27546
-1.20723
-1.13814
-1.06825
-0.997591
-0.926215
-0.854173
-0.781508
-0.708264
-0.634488
-0.560231
-0.485537
-0.410453
-0.335027
-0.259304
-0.183327
-0.107146
-0.0308064
0.0456417
0.122157
0.198691
0.275204
0.351641
0.427961
0.50412
0.580071
0.655772
0.731183
0.806255
0.880948
0.955217
1.02902
1.10232
1.17507
1.24724
1.31877
1.38964
1.4598
1.52921
1.59783
1.66564
1.73258
1.79862
1.86374
1.92788
1.99103
2.05313
2.11417
2.17411
2.23292
2.29058
2.34704
2.40228
2.45628
2.509
2.56042
2.61053
2.65929
2.70667
2.75267
2.79726
2.8404
2.8821
2.92233
2.96106
2.99829
3.034
3.06817
3.10078
3.13183
3.16132
3.18922
3.21553
3.24023
-2.74699
-2.71416
-2.67934
-2.64256
-2.60386
-2.5633
-2.52089
-2.47668
-2.4307
-2.383
-2.33361
-2.28257
-2.22992
-2.17571
-2.11997
-2.06275
-2.00409
-1.94404
-1.88263
-1.81991
-1.75594
-1.69075
-1.62439
-1.55691
-1.48836
-1.41878
-1.34821
-1.27672
-1.20433
-1.13111
-1.05709
-0.98233
-0.906875
-0.830778
-0.754081
-0.676838
-0.5991
-0.520912
-0.442322
-0.363378
-0.284131
-0.204632
-0.124924
-0.0450581
0.034918
0.114954
0.195005
0.27502
0.354955
0.434761
0.514388
0.593792
0.672928
0.751749
0.830212
0.908269
0.985879
1.063
1.13958
1.21558
1.29096
1.36568
1.43968
1.51295
1.58542
1.65707
1.72785
1.79772
1.86665
1.9346
2.00152
2.0674
2.13218
2.19585
2.25835
2.31967
2.37977
2.43862
2.49619
2.55245
2.60737
2.66093
2.71311
2.76387
2.81319
2.86105
2.90742
2.95229
2.99564
3.03745
3.07769
3.11635
3.15342
3.18888
3.2227
3.25489
3.28543
3.31431
3.34153
3.36706
-2.89289
-2.85836
-2.82172
-2.78302
-2.74232
-2.69966
-2.65507
-2.6086
-2.56028
-2.51015
-2.45825
-2.40464
-2.34934
-2.29241
-2.23389
-2.17382
-2.11225
-2.04922
-1.98479
-1.919
-1.85189
-1.78352
-1.71394
-1.64319
-1.57131
-1.49837
-1.42441
-1.34948
-1.27364
-1.19691
-1.11937
-1.04106
-0.962039
-0.882345
-0.802033
-0.721155
-0.639767
-0.557921
-0.47566
-0.393036
-0.310102
-0.226912
-0.143512
-0.0599534
0.0237124
0.107432
0.19116
0.274844
0.358435
0.44188
0.525136
0.608147
0.690874
0.773264
0.85527
0.936845
1.01794
1.09852
1.17853
1.25793
1.33666
1.4147
1.492
1.5685
1.64417
1.71897
1.79286
1.86579
1.93772
2.00863
2.07846
2.14719
2.21476
2.28116
2.34635
2.41028
2.47293
2.53426
2.59425
2.65287
2.71009
2.76587
2.8202
2.87304
2.92437
2.97417
3.02241
3.06907
3.11414
3.15759
3.19939
3.23954
3.27802
3.3148
3.34988
3.38324
3.41488
3.44478
3.47292
3.4993
-3.04622
-3.00986
-2.97129
-2.93055
-2.88772
-2.84284
-2.79593
-2.74706
-2.69625
-2.64355
-2.58901
-2.53268
-2.47458
-2.41477
-2.35332
-2.29025
-2.22561
-2.15946
-2.09184
-2.02281
-1.95241
-1.8807
-1.80772
-1.73353
-1.65817
-1.58171
-1.50419
-1.42565
-1.34617
-1.26578
-1.18455
-1.10252
-1.01975
-0.93629
-0.85219
-0.767508
-0.682301
-0.596617
-0.510515
-0.42404
-0.337248
-0.250193
-0.162931
-0.0755076
0.0120149
0.0995871
0.18716
0.274682
0.362096
0.449351
0.536396
0.623181
0.709657
0.795778
0.881488
0.966738
1.05148
1.13568
1.21926
1.3022
1.38445
1.46596
1.54668
1.62656
1.70557
1.78367
1.8608
1.93692
2.01199
2.08598
2.15884
2.23054
2.30103
2.37028
2.43825
2.50491
2.57022
2.63415
2.69667
2.75774
2.81734
2.87544
2.932
2.98701
3.04044
3.09225
3.14243
3.19095
3.2378
3.28295
3.32638
3.36807
3.40801
3.44617
3.48255
3.51713
3.5499
3.58084
3.60994
3.6372
-3.20732
-3.16901
-3.12838
-3.08547
-3.04038
-2.99313
-2.94377
-2.89235
-2.83891
-2.78349
-2.72615
-2.66693
-2.60589
-2.54306
-2.4785
-2.41226
-2.3444
-2.27495
-2.20399
-2.13155
-2.05769
-1.98246
-1.90592
-1.82811
-1.7491
-1.66893
-1.58767
-1.50536
-1.42207
-1.33784
-1.25273
-1.1668
-1.08011
-0.992696
-0.904632
-0.815966
-0.726759
-0.637064
-0.546935
-0.45643
-0.365602
-0.274507
-0.183199
-0.0917417
-0.000179714
0.091423
0.183019
0.274547
0.365956
0.457194
0.548205
0.638936
0.729331
0.819342
0.908923
0.998013
1.08657
1.17453
1.26186
1.34851
1.43441
1.51954
1.60384
1.68726
1.76975
1.85128
1.93179
2.01124
2.08959
2.1668
2.24282
2.31762
2.39114
2.46336
2.53424
2.60374
2.67182
2.73846
2.8036
2.86723
2.92932
2.98982
3.04872
3.10599
3.16159
3.2155
3.2677
3.31815
3.36685
3.41377
3.45888
3.50217
3.54362
3.58322
3.62094
3.65677
3.69071
3.72273
3.75283
3.78099
-3.37657
-3.33617
-3.29333
-3.24811
-3.20061
-3.15085
-3.09889
-3.04477
-2.98853
-2.93024
-2.86994
-2.80768
-2.74351
-2.6775
-2.60967
-2.5401
-2.46883
-2.39593
-2.32143
-2.24541
-2.16791
-2.08898
-2.0087
-1.9271
-1.84425
-1.7602
-1.67501
-1.58874
-1.50145
-1.41319
-1.32402
-1.23401
-1.1432
-1.05166
-0.959439
-0.866603
-0.77321
-0.679315
-0.584975
-0.490249
-0.395202
-0.299881
-0.204348
-0.108662
-0.0128806
0.0829375
0.178734
0.274457
0.370046
0.465442
0.560593
0.655441
0.749934
0.844019
0.937639
1.03074
1.12327
1.21518
1.30642
1.39693
1.48665
1.57556
1.66359
1.7507
1.83683
1.92194
2.00598
2.08891
2.17068
2.25124
2.33056
2.40858
2.48527
2.56059
2.6345
2.70696
2.77793
2.84738
2.91527
2.98156
3.04623
3.10925
3.17057
3.23018
3.28805
3.34414
3.39843
3.4509
3.50152
3.55027
3.59713
3.64208
3.6851
3.72618
3.76529
3.80242
3.83756
3.8707
3.90182
3.93091
-3.55432
-3.51169
-3.4665
-3.41882
-3.36875
-3.31632
-3.2616
-3.20461
-3.14543
-3.08409
-3.02066
-2.95518
-2.88772
-2.81834
-2.74707
-2.67399
-2.59914
-2.52259
-2.44438
-2.3646
-2.28327
-2.20046
-2.11624
-2.03066
-1.94377
-1.85565
-1.76635
-1.67593
-1.58445
-1.49197
-1.39855
-1.30425
-1.20914
-1.11327
-1.0167
-0.9195
-0.821719
-0.723431
-0.62469
-0.525555
-0.426084
-0.326342
-0.226391
-0.12629
-0.0260988
0.0741277
0.174321
0.274423
0.374378
0.474125
0.573599
0.672753
0.771526
0.86986
0.967699
1.06499
1.16168
1.2577
1.35301
1.44756
1.54128
1.63414
1.72606
1.81701
1.90694
1.99579
2.08351
2.17007
2.25539
2.33946
2.42221
2.50361
2.5836
2.66215
2.73921
2.81476
2.88874
2.96112
3.03186
3.10093
3.1683
3.23392
3.29777
3.35982
3.42004
3.47839
3.53486
3.58942
3.64204
3.69269
3.74137
3.78804
3.83269
3.8753
3.91584
3.95432
3.9907
4.02499
4.05716
4.08721
-3.74095
-3.69592
-3.64823
-3.59794
-3.54514
-3.48988
-3.43222
-3.3722
-3.30988
-3.24533
-3.17859
-3.10972
-3.03878
-2.96584
-2.89095
-2.81417
-2.73556
-2.65517
-2.57306
-2.48931
-2.40396
-2.31708
-2.22873
-2.13896
-2.04786
-1.95546
-1.86185
-1.76707
-1.67119
-1.57429
-1.47642
-1.37764
-1.27802
-1.17762
-1.0765
-0.97473
-0.87237
-0.76948
-0.666129
-0.562379
-0.458292
-0.353929
-0.249356
-0.144637
-0.039834
0.0649942
0.16978
0.27446
0.378976
0.483259
0.587264
0.690911
0.794154
0.896927
0.999174
1.10084
1.20186
1.30218
1.40175
1.50051
1.5984
1.69537
1.79137
1.88633
1.98022
2.07296
2.16453
2.25486
2.3439
2.43162
2.51795
2.60286
2.6863
2.76822
2.84858
2.92733
3.00445
3.07988
3.15359
3.22555
3.29572
3.36406
3.43054
3.49513
3.55779
3.61851
3.67723
3.73396
3.78865
3.84129
3.89184
3.9403
3.98663
4.03083
4.07286
4.11272
4.1504
4.18587
4.21913
4.25016
-3.93688
-3.8893
-3.83893
-3.78584
-3.73013
-3.67186
-3.61108
-3.54785
-3.48222
-3.41425
-3.34402
-3.27157
-3.19696
-3.12028
-3.04157
-2.96089
-2.87831
-2.7939
-2.70769
-2.61977
-2.53019
-2.43903
-2.34635
-2.2522
-2.15666
-2.05978
-1.96165
-1.8623
-1.76183
-1.66029
-1.55775
-1.45429
-1.34995
-1.2448
-1.13892
-1.03238
-0.925221
-0.817528
-0.709358
-0.600784
-0.491866
-0.382667
-0.273266
-0.163722
-0.0540981
0.0555357
0.165117
0.274583
0.383863
0.492894
0.601613
0.709956
0.817863
0.925276
1.03212
1.13836
1.24391
1.34872
1.45273
1.55588
1.65812
1.75938
1.85962
1.95878
2.0568
2.15361
2.24919
2.34346
2.43638
2.5279
2.61797
2.70654
2.79356
2.87899
2.96277
3.04488
3.12526
3.20388
3.28069
3.35565
3.42874
3.4999
3.56912
3.63635
3.70156
3.76472
3.8258
3.88478
3.94162
3.99631
4.04882
4.09912
4.1472
4.19304
4.23661
4.27791
4.31691
4.3536
4.38798
4.42002
-4.14251
-4.09219
-4.03896
-3.98288
-3.92409
-3.86261
-3.79852
-3.73188
-3.66274
-3.59118
-3.51725
-3.44102
-3.36255
-3.28192
-3.19918
-3.11441
-3.02766
-2.939
-2.84849
-2.7562
-2.66218
-2.56652
-2.4693
-2.37055
-2.27035
-2.16878
-2.06591
-1.96179
-1.8565
-1.75011
-1.64269
-1.53431
-1.42503
-1.31493
-1.20407
-1.09252
-0.980355
-0.867636
-0.754434
-0.640814
-0.52685
-0.412601
-0.298147
-0.183558
-0.0689049
0.0457514
0.160345
0.274804
0.389057
0.503043
0.616695
0.729943
0.842718
0.954965
1.06662
1.17762
1.2879
1.39739
1.50604
1.61378
1.72055
1.8263
1.93097
2.03449
2.13682
2.23788
2.33763
2.43601
2.53298
2.62847
2.72243
2.81482
2.90558
2.99466
3.08202
3.16761
3.2514
3.33333
3.41336
3.49146
3.56758
3.64168
3.71374
3.78371
3.85157
3.91728
3.98081
4.04212
4.10121
4.15802
4.21255
4.26477
4.31466
4.3622
4.40737
4.45014
4.49051
4.52847
4.56399
4.59707
-4.35825
-4.30499
-4.24871
-4.18945
-4.12736
-4.06249
-3.99489
-3.92464
-3.85179
-3.77642
-3.6986
-3.61838
-3.53584
-3.45105
-3.36407
-3.27498
-3.18384
-3.09072
-2.99568
-2.8988
-2.80014
-2.69977
-2.59777
-2.49419
-2.38913
-2.28264
-2.1748
-2.06568
-1.95535
-1.84388
-1.73135
-1.61783
-1.50339
-1.3881
-1.27203
-1.15526
-1.03784
-0.919871
-0.801408
-0.68252
-0.563278
-0.44376
-0.324034
-0.204179
-0.0842641
0.0356365
0.155459
0.275138
0.394589
0.513743
0.632541
0.750898
0.868761
0.986066
1.10273
1.21871
1.33391
1.44829
1.56178
1.67431
1.78581
1.89624
2.00553
2.11361
2.22043
2.32592
2.43003
2.5327
2.63388
2.7335
2.83152
2.92789
3.02254
3.11543
3.20652
3.29575
3.38307
3.46846
3.55185
3.6332
3.71248
3.78964
3.86466
3.93749
4.0081
4.07646
4.14252
4.20627
4.26767
4.3267
4.38333
4.43754
4.4893
4.53859
4.58541
4.62971
4.6715
4.71075
4.74746
4.7816
-4.58452
-4.52811
-4.46856
-4.40593
-4.34033
-4.27185
-4.20053
-4.12646
-4.04969
-3.9703
-3.88836
-3.80394
-3.7171
-3.62793
-3.53651
-3.44288
-3.34712
-3.24932
-3.14953
-3.04783
-2.94428
-2.83897
-2.73196
-2.62334
-2.51317
-2.40152
-2.28848
-2.17413
-2.05853
-1.94175
-1.82387
-1.70498
-1.58514
-1.46443
-1.34291
-1.22067
-1.09778
-0.974318
-0.850359
-0.725963
-0.601214
-0.476187
-0.350953
-0.225602
-0.100195
0.0251861
0.15047
0.275591
0.400467
0.525023
0.649187
0.772886
0.896056
1.01863
1.14053
1.2617
1.38205
1.50152
1.62005
1.73758
1.85402
1.96934
2.08344
2.19627
2.30778
2.41789
2.52654
2.63368
2.73925
2.84318
2.94544
3.04595
3.14466
3.24152
3.33649
3.42951
3.52052
3.6095
3.69638
3.78113
3.8637
3.94405
4.02214
4.09794
4.17141
4.24252
4.31122
4.37749
4.4413
4.50262
4.56143
4.61769
4.67139
4.72251
4.77102
4.81691
4.86015
4.90074
4.93867
4.97391
-4.82175
-4.76196
-4.69893
-4.6327
-4.56339
-4.49107
-4.41581
-4.33769
-4.25677
-4.17314
-4.08687
-3.998
-3.90665
-3.81288
-3.71676
-3.61836
-3.51776
-3.41504
-3.31026
-3.2035
-3.09483
-2.98434
-2.8721
-2.75818
-2.64266
-2.52562
-2.40715
-2.28731
-2.16619
-2.04385
-1.92039
-1.79588
-1.6704
-1.54402
-1.41682
-1.28887
-1.16025
-1.03105
-0.901346
-0.771201
-0.640702
-0.509924
-0.37895
-0.247851
-0.116713
0.0143894
0.145374
0.276176
0.406711
0.536897
0.666676
0.795947
0.924659
1.05273
1.18009
1.30667
1.43239
1.55719
1.68098
1.80371
1.92531
2.04571
2.16483
2.28263
2.39902
2.51394
2.62733
2.73913
2.84928
2.95771
3.06437
3.1692
3.27215
3.37315
3.47216
3.56912
3.66398
3.75669
3.84721
3.93549
4.02148
4.10515
4.18644
4.26533
4.34177
4.41573
4.48717
4.55606
4.62237
4.68608
4.74714
4.80553
4.86125
4.91425
4.96452
5.01203
5.05678
5.09875
5.13793
5.17429
-5.07037
-5.00696
-4.94023
-4.87017
-4.79691
-4.72052
-4.64109
-4.55869
-4.4734
-4.38529
-4.29443
-4.20091
-4.1048
-4.00618
-3.90512
-3.80171
-3.69603
-3.58814
-3.47812
-3.36606
-3.25202
-3.13611
-3.01838
-2.89892
-2.77781
-2.65513
-2.53096
-2.4054
-2.27851
-2.15037
-2.02106
-1.89068
-1.7593
-1.627
-1.49385
-1.35993
-1.22534
-1.09016
-0.954453
-0.818303
-0.681799
-0.545015
-0.40804
-0.270957
-0.133835
0.0032293
0.140172
0.276903
0.413339
0.549407
0.685028
0.820122
0.954609
1.08842
1.22147
1.3537
1.48503
1.61536
1.74465
1.87282
1.99978
2.12549
2.24986
2.37282
2.4943
2.61425
2.73258
2.84924
2.96416
3.07727
3.18853
3.29787
3.40522
3.51053
3.61374
3.71481
3.81367
3.91027
4.00458
4.09653
4.18609
4.2732
4.35783
4.43993
4.51946
4.59639
4.67068
4.74229
4.81119
4.87736
4.94076
5.00137
5.05916
5.11411
5.1662
5.2154
5.26171
5.30509
5.34555
5.38307
-5.33082
-5.26355
-5.19286
-5.11874
-5.04129
-4.9606
-4.87675
-4.78983
-4.69991
-4.60708
-4.5114
-4.41296
-4.31183
-4.20812
-4.10189
-3.99321
-3.88218
-3.76888
-3.65338
-3.53576
-3.4161
-3.29449
-3.17102
-3.04575
-2.9188
-2.79022
-2.66012
-2.52856
-2.39564
-2.26144
-2.12603
-1.98952
-1.85197
-1.71348
-1.57412
-1.43398
-1.29315
-1.15172
-1.00975
-0.86734
-0.724567
-0.581518
-0.438282
-0.294944
-0.15159
-0.00829295
0.134848
0.27777
0.420371
0.56257
0.704293
0.845447
0.98596
1.12576
1.26475
1.40288
1.54003
1.67616
1.81117
1.945
2.07758
2.20882
2.33865
2.467
2.59379
2.71897
2.84245
2.96417
3.08407
3.20207
3.31811
3.43214
3.54408
3.65388
3.76148
3.86682
3.96985
4.07051
4.16876
4.26454
4.3578
4.4485
4.53659
4.62202
4.70477
4.78479
4.86203
4.93647
5.00806
5.07679
5.14262
5.20551
5.26546
5.32242
5.37639
5.42733
5.47524
5.52009
5.56187
5.60056
-5.60354
-5.53215
-5.45726
-5.37882
-5.29692
-5.21168
-5.12316
-5.03145
-4.93665
-4.83883
-4.73808
-4.63448
-4.52809
-4.41903
-4.30735
-4.19315
-4.07652
-3.95753
-3.83627
-3.71283
-3.5873
-3.45974
-3.33027
-3.19894
-3.06586
-2.93112
-2.7948
-2.65699
-2.51777
-2.37722
-2.23545
-2.09253
-1.94855
-1.8036
-1.65776
-1.51113
-1.36379
-1.21582
-1.06732
-0.918375
-0.769064
-0.619482
-0.469712
-0.319853
-0.169994
-0.0202084
0.12942
0.278782
0.42781
0.576406
0.724492
0.871971
1.01877
1.1648
1.31
1.45426
1.59751
1.73967
1.88066
2.0204
2.15881
2.29582
2.43134
2.56532
2.69765
2.82828
2.95713
3.08413
3.2092
3.3323
3.45333
3.57224
3.68897
3.80345
3.91561
4.02541
4.13278
4.23766
4.34001
4.43977
4.53688
4.63131
4.72301
4.81192
4.898
4.98122
5.06153
5.1389
5.21329
5.28467
5.35301
5.41828
5.48046
5.53951
5.59542
5.64816
5.69771
5.74406
5.7872
5.82711
-5.88898
-5.8132
-5.73384
-5.65082
-5.56421
-5.47415
-5.3807
-5.28396
-5.18401
-5.08095
-4.97485
-4.8658
-4.75389
-4.63919
-4.52181
-4.40181
-4.2793
-4.15438
-4.0271
-3.89756
-3.76586
-3.63209
-3.49634
-3.35869
-3.21921
-3.07803
-2.93521
-2.79086
-2.64506
-2.49791
-2.34948
-2.19988
-2.04919
-1.89749
-1.74489
-1.59148
-1.43735
-1.28258
-1.12727
-0.971505
-0.815366
-0.658961
-0.502385
-0.345727
-0.189084
-0.0325273
0.123848
0.279943
0.435667
0.590933
0.74565
0.899726
1.05308
1.20562
1.35727
1.50794
1.65754
1.806
1.95321
2.09911
2.24361
2.38663
2.5281
2.66792
2.80603
2.94234
3.07679
3.20928
3.33977
3.46816
3.5944
3.7184
3.84011
3.95946
4.07638
4.19082
4.30271
4.41198
4.5186
4.6225
4.72363
4.82194
4.91738
5.00989
5.09945
5.186
5.26949
5.34991
5.4272
5.50133
5.57228
5.64001
5.70449
5.7657
5.82361
5.8782
5.92946
5.97736
6.02189
6.06304
-6.18759
-6.10713
-6.02304
-5.93515
-5.84357
-5.74841
-5.64976
-5.5477
-5.44234
-5.33376
-5.22203
-5.10726
-4.98954
-4.86895
-4.74557
-4.6195
-4.49084
-4.35969
-4.22611
-4.09021
-3.95207
-3.8118
-3.66949
-3.52521
-3.37907
-3.23116
-3.08157
-2.9304
-2.77773
-2.62366
-2.4683
-2.31173
-2.15404
-1.99532
-1.83566
-1.67517
-1.51395
-1.35209
-1.18967
-1.0268
-0.863563
-0.700054
-0.536371
-0.372616
-0.208891
-0.0452805
0.118128
0.281241
0.443949
0.606169
0.76779
0.928743
1.08892
1.24826
1.40665
1.564
1.72022
1.87523
2.02893
2.18125
2.33209
2.48138
2.62904
2.77498
2.9191
3.06134
3.20161
3.33984
3.47595
3.60987
3.74152
3.87084
3.99774
4.12216
4.24404
4.36331
4.4799
4.59375
4.70481
4.81302
4.91832
5.02066
5.12
5.21626
5.30943
5.39943
5.48625
5.56982
5.65012
5.72711
5.80076
5.87104
5.93791
6.00135
6.06133
6.11783
6.17084
6.22033
6.2663
6.30872
-6.49981
-6.41441
-6.32529
-6.23226
-6.13541
-6.03487
-5.93073
-5.82307
-5.712
-5.59761
-5.47999
-5.35921
-5.23539
-5.10861
-4.97896
-4.84653
-4.71144
-4.57376
-4.4336
-4.29103
-4.14617
-3.99912
-3.84995
-3.69877
-3.54566
-3.39074
-3.23409
-3.0758
-2.91597
-2.7547
-2.59208
-2.42825
-2.26326
-2.09722
-1.9302
-1.76234
-1.59373
-1.42447
-1.25465
-1.08437
-0.913714
-0.742804
-0.571729
-0.400583
-0.229477
-0.0585088
0.112239
0.282656
0.45265
0.622105
0.790949
0.959057
1.12637
1.29277
1.45819
1.6225
1.78562
1.94746
2.10793
2.26693
2.4244
2.58023
2.73433
2.88663
3.03702
3.18544
3.33179
3.47599
3.61796
3.75764
3.89494
4.02978
4.16209
4.2918
4.41883
4.54312
4.66461
4.78323
4.89892
5.01161
5.12126
5.2278
5.33118
5.43135
5.52826
5.62186
5.71211
5.79896
5.88239
5.96235
6.03879
6.1117
6.18104
6.24679
6.30892
6.36739
6.42221
6.47334
6.52077
6.56449
-6.82613
-6.73548
-6.64104
-6.54256
-6.44014
-6.33392
-6.22399
-6.11044
-5.99337
-5.87288
-5.74906
-5.62199
-5.49176
-5.35852
-5.2223
-5.08322
-4.94139
-4.79691
-4.64987
-4.50035
-4.34846
-4.19431
-4.03799
-3.87961
-3.71924
-3.55699
-3.39299
-3.22728
-3.05998
-2.8912
-2.72105
-2.54962
-2.37702
-2.20334
-2.02867
-1.85312
-1.67681
-1.49984
-1.32232
-1.14431
-0.965941
-0.787307
-0.608519
-0.42968
-0.250886
-0.0722469
0.106137
0.284172
0.461756
0.638771
0.815116
0.990702
1.16544
1.33922
1.51193
1.6835
1.85381
2.02278
2.1903
2.35629
2.52064
2.68328
2.84411
3.00303
3.15996
3.31481
3.46749
3.61791
3.766
3.91168
4.05485
4.19545
4.3334
4.46861
4.60101
4.73054
4.85713
4.98071
5.10122
5.21858
5.33275
5.44365
5.55125
5.65547
5.75628
5.85361
5.94743
6.03768
6.12435
6.20737
6.28672
6.36237
6.43427
6.5024
6.56674
6.62725
6.68393
6.73674
6.78568
6.83073
-7.16699
-7.07076
-6.97068
-6.86646
-6.75817
-6.64597
-6.52995
-6.4102
-6.28682
-6.15993
-6.02961
-5.89594
-5.75905
-5.619
-5.47592
-5.32988
-5.18101
-5.02943
-4.8752
-4.71843
-4.55922
-4.39768
-4.2339
-4.06799
-3.90006
-3.73019
-3.55849
-3.38505
-3.20997
-3.03339
-2.85538
-2.67605
-2.49552
-2.31387
-2.13121
-1.94768
-1.76336
-1.57836
-1.39279
-1.20674
-1.02033
-0.833653
-0.646824
-0.459969
-0.273183
-0.0865578
0.0997923
0.285774
0.471255
0.65614
0.840313
1.02368
1.20614
1.38761
1.56795
1.74708
1.92489
2.10128
2.27615
2.4494
2.62095
2.79068
2.95852
3.12435
3.28809
3.44964
3.60892
3.76582
3.92027
4.0722
4.2215
4.36809
4.5119
4.65285
4.79085
4.92584
5.05774
5.18648
5.31199
5.43421
5.55308
5.66853
5.7805
5.88894
5.99379
6.09501
6.19254
6.28634
6.37636
6.46257
6.54492
6.62339
6.69794
6.76854
6.83516
6.89778
6.95636
7.01091
7.06139
7.10781
-7.52285
-7.42073
-7.3147
-7.20441
-7.08993
-6.97144
-6.84901
-6.72274
-6.59276
-6.45915
-6.32202
-6.18145
-6.03753
-5.89041
-5.74016
-5.58686
-5.43066
-5.27164
-5.10993
-4.94557
-4.77873
-4.6095
-4.43796
-4.26421
-4.08838
-3.91057
-3.73087
-3.54939
-3.36621
-3.18147
-2.99527
-2.80772
-2.61894
-2.42901
-2.23805
-2.04617
-1.8535
-1.66015
-1.4662
-1.27178
-1.07699
-0.881949
-0.686768
-0.491552
-0.296434
-0.10149
0.0931639
0.287402
0.481117
0.674204
0.86654
1.05803
1.24854
1.438
1.62629
1.8133
1.99891
2.18304
2.36557
2.5464
2.72543
2.90255
3.07768
3.25071
3.42155
3.59009
3.75624
3.9199
4.08099
4.23942
4.39511
4.54795
4.69787
4.84478
4.98861
5.12927
5.2667
5.40082
5.53155
5.65882
5.78257
5.90275
6.01928
6.13211
6.24116
6.34642
6.44779
6.54525
6.63876
6.72828
6.81375
6.89515
6.97244
7.04559
7.11457
7.17935
7.23991
7.29623
7.3483
7.39611
-7.89416
-7.78583
-7.67351
-7.55682
-7.43583
-7.31072
-7.18156
-7.04847
-6.91154
-6.77091
-6.62666
-6.47887
-6.32764
-6.17311
-6.01536
-5.85451
-5.69065
-5.52389
-5.35435
-5.18212
-5.00732
-4.83007
-4.65043
-4.46854
-4.2845
-4.09841
-3.91039
-3.72053
-3.52892
-3.3357
-3.14097
-2.94487
-2.74749
-2.54893
-2.34932
-2.14877
-1.94742
-1.74537
-1.54273
-1.33958
-1.13607
-0.932307
-0.728415
-0.524522
-0.320714
-0.11712
0.0861678
0.289026
0.491327
0.692948
0.893778
1.0937
1.29262
1.49042
1.68698
1.88219
2.07595
2.26813
2.45864
2.64735
2.83418
3.01903
3.20176
3.3823
3.56052
3.73633
3.90963
4.08034
4.24835
4.41356
4.57589
4.73524
4.89153
5.04466
5.19456
5.34114
5.48431
5.62401
5.76017
5.89271
6.02156
6.14664
6.26791
6.38529
6.49873
6.60816
6.71355
6.81482
6.91195
7.00488
7.09359
7.17802
7.25815
7.33393
7.40534
7.47236
7.53495
7.59311
7.64681
7.69604
-8.28137
-8.16648
-8.04756
-7.92414
-7.79629
-7.66423
-7.52802
-7.38777
-7.2436
-7.09562
-6.94391
-6.78858
-6.62973
-6.46746
-6.3019
-6.13316
-5.96132
-5.78652
-5.60884
-5.42839
-5.24532
-5.05973
-4.87168
-4.6813
-4.4887
-4.294
-4.09731
-3.89873
-3.69836
-3.49632
-3.29274
-3.08772
-2.88138
-2.67388
-2.46527
-2.25571
-2.04531
-1.8342
-1.6225
-1.41029
-1.19772
-0.984882
-0.77192
-0.558961
-0.346121
-0.133501
0.0787622
0.290584
0.501813
0.712322
0.922003
1.13073
1.33839
1.54488
1.75005
1.95383
2.15606
2.35663
2.55544
2.75238
2.94733
3.14021
3.33086
3.51921
3.70515
3.88854
4.06931
4.24733
4.42255
4.59483
4.76408
4.93021
5.09313
5.25273
5.40895
5.56169
5.71086
5.85638
5.99819
6.13619
6.27034
6.40054
6.52673
6.64884
6.76684
6.88062
6.99015
7.09539
7.19627
7.29276
7.38482
7.47239
7.55545
7.63396
7.70788
7.7772
7.84189
7.90193
7.95729
8.00797
-8.68495
-8.56315
-8.43728
-8.30679
-8.17176
-8.03241
-7.88881
-7.74108
-7.58932
-7.43366
-7.27417
-7.11097
-6.94416
-6.77387
-6.60019
-6.4232
-6.24307
-6.0599
-5.87375
-5.68476
-5.49308
-5.29879
-5.102
-4.90279
-4.70129
-4.49764
-4.29194
-4.08428
-3.8748
-3.66359
-3.4508
-3.23652
-3.02092
-2.80407
-2.58611
-2.36716
-2.14738
-1.92686
-1.70573
-1.48409
-1.26207
-1.0398
-0.817408
-0.595033
-0.372783
-0.150769
0.0708792
0.29201
0.512537
0.73231
0.95119
1.16908
1.38586
1.60137
1.81554
2.02822
2.23928
2.4486
2.65607
2.86157
3.06499
3.26622
3.46513
3.66162
3.85556
4.04686
4.23541
4.42108
4.60378
4.78343
4.95989
5.13309
5.3029
5.46927
5.63207
5.79121
5.94662
6.0982
6.24589
6.38961
6.52925
6.66477
6.79609
6.92312
7.04583
7.16415
7.278
7.38733
7.49211
7.59229
7.68782
7.77864
7.86474
7.94606
8.02259
8.09429
8.16113
8.22309
8.28017
8.33234
-9.10534
-8.97628
-8.84312
-8.7052
-8.56266
-8.41568
-8.26436
-8.1088
-7.94913
-7.78547
-7.61788
-7.44648
-7.27139
-7.09272
-6.91057
-6.72505
-6.53629
-6.34439
-6.14945
-5.95159
-5.75093
-5.54761
-5.34172
-5.13335
-4.92262
-4.70966
-4.4946
-4.27753
-4.05855
-3.83782
-3.61545
-3.39157
-3.16631
-2.93977
-2.7121
-2.4834
-2.25382
-2.02352
-1.79259
-1.56114
-1.3293
-1.09723
-0.865016
-0.632834
-0.40081
-0.169034
0.0623415
0.293214
0.523421
0.752831
0.9813
1.20873
1.43498
1.65993
1.88344
2.10539
2.32564
2.54407
2.76057
2.97498
3.18723
3.39717
3.60468
3.80964
4.01196
4.21149
4.40811
4.60174
4.79227
4.97958
5.16356
5.34411
5.52113
5.69451
5.86416
6.02999
6.19189
6.34978
6.50359
6.65324
6.79863
6.93967
7.07631
7.20848
7.3361
7.4591
7.57744
7.69105
7.79987
7.90386
8.00298
8.09718
8.18641
8.27065
8.34986
8.42401
8.49306
8.55701
8.61584
8.66953
-9.54301
-9.40633
-9.26552
-9.11984
-8.96941
-8.81448
-8.6551
-8.49138
-8.32346
-8.15146
-7.97543
-7.79551
-7.61181
-7.42444
-7.23349
-7.03908
-6.84134
-6.64039
-6.43633
-6.22925
-6.01929
-5.80659
-5.59124
-5.37335
-5.15303
-4.9304
-4.70562
-4.47876
-4.24996
-4.01933
-3.78701
-3.55313
-3.31784
-3.08123
-2.84345
-2.60464
-2.36493
-2.12444
-1.88332
-1.64167
-1.39963
-1.15735
-0.91495
-0.672567
-0.43034
-0.188419
0.0531153
0.294078
0.534364
0.773799
1.01227
1.24963
1.48576
1.7205
1.95376
2.18535
2.41518
2.6431
2.86898
3.0927
3.31413
3.53314
3.74961
3.96342
4.17444
4.38254
4.5876
4.78952
4.98818
5.18349
5.3753
5.56351
5.74801
5.92872
6.1055
6.27829
6.44695
6.61143
6.77162
6.92742
7.07877
7.22558
7.36777
7.50525
7.63798
7.76587
7.88886
8.00689
8.11991
8.22786
8.33071
8.4284
8.52089
8.60814
8.69012
8.76679
8.83813
8.90412
8.96474
9.01998
-9.9984
-9.85373
-9.70491
-9.55113
-9.39249
-9.22925
-9.06147
-8.88927
-8.71276
-8.53208
-8.34728
-8.15849
-7.96584
-7.76944
-7.56936
-7.36572
-7.15868
-6.94833
-6.73478
-6.51813
-6.29855
-6.07611
-5.85093
-5.62316
-5.39287
-5.16024
-4.92536
-4.68834
-4.44933
-4.20842
-3.96578
-3.72155
-3.47583
-3.22877
-2.98051
-2.73115
-2.4809
-2.22986
-1.97816
-1.7259
-1.47325
-1.22036
-0.967364
-0.714382
-0.461574
-0.209064
0.0430192
0.29452
0.545281
0.795156
1.044
1.29169
1.53809
1.78306
2.02645
2.26811
2.5079
2.74571
2.98137
3.21475
3.44574
3.67421
3.90001
4.12302
4.34311
4.56017
4.77402
4.98457
5.19173
5.39534
5.59531
5.79151
5.98382
6.17215
6.35637
6.53638
6.7121
6.88341
7.05025
7.21248
7.37002
7.52283
7.67078
7.81381
7.95184
8.0848
8.21263
8.33526
8.45263
8.5647
8.67141
8.77271
8.86857
8.95893
9.04377
9.12304
9.19673
9.26481
9.32727
9.3841
-10.472
-10.319
-10.1618
-9.99955
-9.83235
-9.66047
-9.48394
-9.30292
-9.1175
-8.9278
-8.7339
-8.53591
-8.33397
-8.12818
-7.91864
-7.70545
-7.48873
-7.26864
-7.04524
-6.8187
-6.58909
-6.35657
-6.12123
-5.88318
-5.64259
-5.39955
-5.15421
-4.90667
-4.65705
-4.40548
-4.15213
-3.89714
-3.64064
-3.38273
-3.12355
-2.86329
-2.60208
-2.34007
-2.07737
-1.81411
-1.55042
-1.28649
-1.02246
-0.758474
-0.494646
-0.231151
0.0318919
0.294352
0.556013
0.816749
1.07642
1.33487
1.59195
1.84756
2.1015
2.35362
2.60381
2.85189
3.09774
3.3412
3.58217
3.82047
4.056
4.2886
4.51813
4.74448
4.9675
5.18707
5.40305
5.61535
5.82381
6.02833
6.22878
6.42503
6.617
6.80457
6.98761
7.16606
7.33979
7.50871
7.67273
7.83175
7.98571
8.13449
8.27804
8.41627
8.54913
8.67654
8.79843
8.91476
9.02548
9.13053
9.22987
9.32345
9.41124
9.4932
9.56931
9.63954
9.70388
9.76232
-10.9642
-10.8025
-10.6366
-10.4656
-10.2895
-10.1086
-9.92301
-9.73282
-9.53815
-9.3391
-9.13576
-8.92825
-8.71667
-8.50116
-8.28179
-8.05868
-7.83199
-7.60179
-7.3682
-7.13137
-6.89142
-6.64844
-6.40257
-6.1539
-5.90258
-5.64875
-5.39257
-5.13412
-4.87352
-4.61091
-4.34645
-4.08031
-3.8126
-3.54344
-3.27297
-3.00137
-2.72882
-2.45538
-2.18125
-1.90656
-1.63143
-1.35602
-1.08053
-0.80509
-0.529814
-0.25487
0.0195793
0.293402
0.56643
0.838469
1.1094
1.37904
1.64728
1.91393
2.17884
2.44187
2.70288
2.96167
3.21811
3.47209
3.72342
3.97198
4.21764
4.46025
4.69962
4.93565
5.16821
5.39716
5.62235
5.84366
6.06097
6.27417
6.48309
6.68763
6.88766
7.08308
7.27378
7.45964
7.64055
7.81645
7.98718
8.15269
8.31288
8.46767
8.61694
8.76066
8.89874
9.03111
9.1577
9.27846
9.39332
9.50226
9.6052
9.70212
9.79295
9.87769
9.95629
10.0287
10.095
10.1551
-11.4755
-11.3047
-11.1298
-10.9497
-10.7643
-10.5741
-10.3791
-10.1795
-9.97522
-9.76648
-9.55336
-9.33597
-9.11443
-8.88886
-8.65934
-8.42599
-8.18893
-7.94828
-7.70415
-7.45666
-7.20597
-6.95217
-6.69538
-6.43576
-6.17338
-5.90838
-5.64093
-5.37117
-5.09918
-4.82511
-4.54918
-4.27146
-3.99213
-3.71129
-3.42911
-3.14574
-2.86136
-2.57614
-2.29016
-2.00358
-1.71654
-1.42922
-1.14182
-0.854448
-0.567302
-0.28046
0.00586005
0.291531
0.576337
0.860128
1.14278
1.42408
1.70389
1.98206
2.2584
2.53281
2.80505
3.07501
3.34249
3.60738
3.86955
4.1288
4.38501
4.63799
4.88763
5.13376
5.37626
5.61498
5.84977
6.08051
6.30704
6.52926
6.74702
6.96017
7.1686
7.37222
7.57087
7.76443
7.95284
8.13598
8.31373
8.48601
8.65269
8.8137
8.96895
9.11836
9.26185
9.39937
9.53084
9.65619
9.77536
9.88832
9.99498
10.0953
10.1893
10.2769
10.3581
10.4328
10.501
10.5628
-12.0064
-11.8262
-11.6419
-11.4523
-11.2574
-11.0576
-10.8529
-10.6434
-10.4292
-10.2105
-9.98722
-9.75964
-9.52779
-9.2918
-9.05176
-8.80783
-8.56007
-8.30862
-8.05357
-7.79507
-7.5333
-7.26831
-7.00025
-6.72922
-6.45537
-6.17885
-5.89978
-5.61831
-5.33453
-5.04861
-4.76071
-4.47101
-4.17962
-3.8867
-3.59238
-3.29681
-3.00019
-2.70266
-2.40437
-2.10546
-1.80609
-1.50643
-1.20663
-0.906892
-0.607332
-0.30817
-0.00951116
0.288454
0.585564
0.881589
1.17639
1.4698
1.76168
2.05183
2.3401
2.62629
2.91027
3.19181
3.47081
3.74709
4.0205
4.29089
4.55808
4.82192
5.08224
5.33892
5.59177
5.84066
6.08546
6.32601
6.56217
6.7938
7.02075
7.24288
7.46006
7.67218
7.87914
8.08077
8.27696
8.46765
8.65268
8.83197
9.00542
9.17291
9.33437
9.4897
9.63884
9.7817
9.91823
10.0483
10.172
10.2891
10.3996
10.5036
10.6008
10.6913
10.7751
10.8522
10.9224
10.9859
-12.5574
-12.3675
-12.1735
-11.974
-11.7693
-11.5595
-11.3447
-11.1251
-10.9006
-10.6716
-10.4379
-10.1998
-9.95731
-9.71057
-9.45968
-9.20477
-8.94595
-8.68335
-8.41707
-8.14721
-7.87394
-7.59741
-7.31767
-7.03484
-6.74914
-6.46069
-6.1696
-5.87602
-5.58004
-5.28186
-4.98162
-4.6795
-4.37565
-4.07016
-3.76322
-3.45501
-3.14571
-2.83544
-2.52438
-2.21267
-1.90043
-1.58793
-1.27531
-0.962691
-0.650293
-0.338269
-0.0267946
0.283972
0.593828
0.902586
1.21005
1.51607
1.82046
2.1231
2.42376
2.72226
3.01841
3.31208
3.60304
3.89118
4.17634
4.45831
4.73695
5.0121
5.28355
5.55119
5.81483
6.07435
6.32955
6.58032
6.8265
7.06793
7.30447
7.53596
7.76227
7.98326
8.19884
8.40887
8.6132
8.81173
9.00436
9.19096
9.37142
9.54565
9.71357
9.87507
10.0301
10.1785
10.3203
10.4553
10.5836
10.705
10.8196
10.9272
11.0278
11.1214
11.2079
11.2873
11.3597
11.4249
-13.1289
-12.9289
-12.7249
-12.5154
-12.3004
-12.0804
-11.8552
-11.6251
-11.3901
-11.1504
-10.906
-10.657
-10.4036
-10.1457
-9.88366
-9.61746
-9.34723
-9.0731
-8.7952
-8.51363
-8.22853
-7.94001
-7.64822
-7.35326
-7.05532
-6.75452
-6.45097
-6.14485
-5.83625
-5.52537
-5.21239
-4.89742
-4.58061
-4.26215
-3.94213
-3.62081
-3.29839
-2.9749
-2.65056
-2.32556
-2.00004
-1.67416
-1.34818
-1.02225
-0.696514
-0.37113
-0.0463055
0.277768
0.600882
0.922856
1.24349
1.56265
1.88011
2.19572
2.50927
2.82056
3.12942
3.43566
3.73911
4.03962
4.33697
4.631
4.92158
5.20852
5.49155
5.77061
6.04552
6.31606
6.58214
6.84358
7.10018
7.35183
7.59836
7.83959
8.07543
8.3057
8.53025
8.749
8.9618
9.16854
9.36906
9.56327
9.75105
9.9323
10.1069
10.2748
10.4359
10.5901
10.7373
10.8775
11.0106
11.1365
11.2552
11.3666
11.4707
11.5674
11.6568
11.7386
11.8131
11.8801
-13.7215
-13.5111
-13.2968
-13.0769
-12.8514
-12.6208
-12.385
-12.1441
-11.8983
-11.6475
-11.3921
-11.1319
-10.8671
-10.5979
-10.3243
-10.0465
-9.76452
-9.47852
-9.18864
-8.89497
-8.59763
-8.29682
-7.99259
-7.6851
-7.3745
-7.06093
-6.74455
-6.42547
-6.10383
-5.7798
-5.45356
-5.12531
-4.79516
-4.46321
-4.12967
-3.79477
-3.45863
-3.12148
-2.78342
-2.44462
-2.10526
-1.76556
-1.42573
-1.08592
-0.746328
-0.407083
-0.0684112
0.269518
0.606428
0.942137
1.27648
1.60927
1.94032
2.26945
2.59639
2.921
3.24308
3.56245
3.87889
4.19224
4.50234
4.80896
5.11195
5.41111
5.70629
5.99725
6.28387
6.56597
6.84335
7.11586
7.38338
7.64568
7.90261
8.15402
8.39975
8.63966
8.8736
9.10144
9.32307
9.5383
9.74707
9.94922
10.1446
10.3332
10.5148
10.6893
10.8568
11.017
11.1699
11.3154
11.4534
11.584
11.707
11.8223
11.93
12.03
12.1222
12.2066
12.2832
12.352
-14.3358
-14.1147
-13.8897
-13.6591
-13.4229
-13.1814
-12.9346
-12.6827
-12.4257
-12.1637
-11.8968
-11.6251
-11.3487
-11.0678
-10.7824
-10.4925
-10.1985
-9.90028
-9.59801
-9.29189
-8.98201
-8.66849
-8.35143
-8.03098
-7.70735
-7.38061
-7.05097
-6.7185
-6.38339
-6.04578
-5.70588
-5.36386
-5.01985
-4.67398
-4.32643
-3.97741
-3.62714
-3.2758
-2.9235
-2.57039
-2.21666
-1.86259
-1.50837
-1.15414
-0.800129
-0.446511
-0.0934605
0.258791
0.610061
0.960091
1.3087
1.65566
2.00085
2.34401
2.68494
3.02342
3.35926
3.69226
4.02222
4.34897
4.67235
4.99209
5.30802
5.61997
5.92773
6.23112
6.52994
6.82404
7.11322
7.39733
7.67618
7.9496
8.21737
8.47938
8.73543
8.98541
9.22909
9.46641
9.69721
9.92135
10.1387
10.349
10.5524
10.7486
10.9374
11.1189
11.2929
11.4594
11.6182
11.7692
11.9125
12.0478
12.1753
12.2947
12.4061
12.5094
12.6045
12.6915
12.7704
12.841
-14.9722
-14.74
-14.5042
-14.2627
-14.0154
-13.7628
-13.5047
-13.2415
-12.973
-12.6994
-12.4209
-12.1374
-11.8491
-11.5561
-11.2585
-10.9564
-10.6498
-10.3391
-10.0242
-9.70519
-9.38233
-9.05572
-8.72549
-8.39172
-8.0546
-7.7143
-7.37093
-7.02469
-6.67564
-6.32398
-5.96994
-5.6137
-5.25535
-4.89509
-4.53303
-4.16941
-3.80448
-3.43841
-3.07132
-2.70338
-2.33478
-1.96581
-1.59663
-1.22747
-0.858477
-0.489878
-0.121875
0.245301
0.611426
0.976332
1.33976
1.70149
2.06135
2.41912
2.77459
3.12753
3.47773
3.82494
4.16901
4.5097
4.84686
5.18026
5.50971
5.83497
6.15585
6.47219
6.78376
7.09035
7.39184
7.688
7.97867
8.26366
8.54275
8.81578
9.08262
9.34306
9.59695
9.84414
10.0845
10.3179
10.5441
10.7631
10.9747
11.1788
11.3752
11.5639
11.7448
11.9177
12.0826
12.2394
12.388
12.5284
12.6604
12.7841
12.8993
13.0061
13.1043
13.1939
13.275
13.3476
-15.6313
-15.3879
-15.1409
-14.8882
-14.6296
-14.3656
-14.096
-13.8211
-13.5409
-13.2555
-12.965
-12.6694
-12.3689
-12.0635
-11.7534
-11.4387
-11.1194
-10.7958
-10.4678
-10.1357
-9.79947
-9.45941
-9.11555
-8.76805
-8.41705
-8.06276
-7.70526
-7.34475
-6.98133
-6.6152
-6.24656
-5.87555
-5.50239
-5.12718
-4.75011
-4.37142
-3.9913
-3.60994
-3.22752
-2.84424
-2.4602
-2.07574
-1.6911
-1.30641
-0.92191
-0.537765
-0.154216
0.228467
0.610119
0.990454
1.36929
1.74638
2.12153
2.49451
2.8651
3.23307
3.59816
3.9602
4.31891
4.67417
5.02575
5.37336
5.71685
6.05599
6.39056
6.72037
7.04524
7.36491
7.6792
7.98797
8.29094
8.58797
8.87886
9.16339
9.44146
9.71282
9.97734
10.2348
10.4852
10.7282
10.9637
11.1916
11.4118
11.6241
11.8284
12.0246
12.2126
12.3923
12.5636
12.7264
12.8805
13.0261
13.1629
13.2909
13.4101
13.5204
13.6218
13.7142
13.7976
13.8721
-16.3137
-16.0588
-15.8004
-15.5363
-15.2661
-14.9905
-14.7092
-14.4224
-14.1302
-13.8327
-13.5299
-13.222
-12.9089
-12.591
-12.2681
-11.9404
-11.608
-11.2712
-10.9298
-10.5841
-10.2343
-9.88036
-9.52251
-9.16085
-8.79553
-8.4268
-8.05477
-7.67953
-7.30127
-6.92021
-6.53647
-6.15026
-5.76176
-5.37106
-4.97847
-4.58416
-4.18834
-3.79117
-3.39286
-2.99356
-2.59358
-2.1931
-1.79235
-1.3916
-0.990971
-0.59066
-0.190979
0.207855
0.605563
1.00197
1.39683
1.78992
2.18095
2.56975
2.95608
3.33972
3.72034
4.09775
4.47178
4.84217
5.20869
5.57118
5.92933
6.28294
6.63178
6.97563
7.3143
7.64761
7.97527
8.29714
8.61301
8.9226
9.22578
9.52234
9.81207
10.0948
10.3704
10.6386
10.8993
11.1524
11.3976
11.6349
11.864
12.0849
12.2974
12.5014
12.6968
12.8835
13.0614
13.2304
13.3903
13.5413
13.683
13.8156
13.9389
14.0528
14.1575
14.2527
14.3385
14.4149
-17.0201
-16.7534
-16.4834
-16.2077
-15.9258
-15.6382
-15.345
-15.0461
-14.7417
-14.4318
-14.1166
-13.796
-13.4702
-13.1393
-12.8033
-12.4624
-12.1166
-11.7662
-11.4111
-11.0515
-10.6875
-10.3194
-9.9472
-9.571
-9.19099
-8.80743
-8.42038
-8.02999
-7.63642
-7.23986
-6.84056
-6.43867
-6.03433
-5.62769
-5.21898
-4.80848
-4.39638
-3.98282
-3.56803
-3.15228
-2.73566
-2.31856
-1.90112
-1.4836
-1.06622
-0.649204
-0.232784
0.182793
0.597254
1.01038
1.42185
1.83154
2.23915
2.64443
3.04714
3.44703
3.84383
4.23735
4.62731
5.01343
5.39561
5.77349
6.14693
6.51563
6.87933
7.23784
7.59096
7.93843
8.28004
8.61558
8.94482
9.26755
9.58355
9.89261
10.1945
10.4891
10.7763
11.0557
11.3272
11.5907
11.8461
12.093
12.3315
12.5613
12.7824
12.9945
13.1976
13.3916
13.5764
13.7518
13.9178
14.0743
14.2212
14.3584
14.4859
14.6037
14.7117
14.8098
14.898
14.9764
-17.7509
-17.4723
-17.1906
-16.9031
-16.6092
-16.3096
-16.0042
-15.6931
-15.3762
-15.0537
-14.7257
-14.3923
-14.0534
-13.7094
-13.36
-13.0055
-12.6461
-12.2817
-11.9126
-11.5388
-11.1604
-10.7777
-10.3907
-9.99952
-9.60443
-9.20553
-8.80308
-8.39705
-7.98772
-7.57525
-7.15983
-6.74168
-6.32095
-5.89782
-5.4725
-5.04524
-4.61627
-4.18575
-3.75394
-3.32099
-2.88727
-2.45286
-2.0181
-1.58329
-1.1485
-0.714087
-0.280243
0.152714
0.58455
1.01499
1.44383
1.87077
2.29561
2.71803
3.13781
3.55462
3.9683
4.3785
4.78504
5.18768
5.58606
5.9801
6.36944
6.75385
7.13304
7.50683
7.87498
8.23725
8.5934
8.9432
9.28644
9.62284
9.95218
10.2743
10.5889
10.8959
11.195
11.4861
11.7689
12.0434
12.3092
12.5663
12.8145
13.0536
13.2835
13.5041
13.7153
13.9169
14.1088
14.2909
14.4632
14.6254
14.7776
14.9197
15.0517
15.1734
15.2847
15.3858
15.4766
15.557
-18.5069
-18.2163
-17.9228
-17.6233
-17.3173
-17.0055
-16.6878
-16.3641
-16.0346
-15.6994
-15.3585
-15.0119
-14.6598
-14.3022
-13.9393
-13.571
-13.1975
-12.819
-12.4355
-12.047
-11.6539
-11.2561
-10.854
-10.4475
-10.0369
-9.62227
-9.20384
-8.78174
-8.35613
-7.92722
-7.49524
-7.06037
-6.62266
-6.18247
-5.73999
-5.2954
-4.84897
-4.40092
-3.95144
-3.50078
-3.04916
-2.59691
-2.14418
-1.69134
-1.2386
-0.786117
-0.334229
0.116846
0.566809
1.01529
1.46212
1.90699
2.34975
2.79004
3.22756
3.66204
4.0932
4.52084
4.94468
5.3644
5.77981
6.1906
6.59653
6.99731
7.39267
7.7824
8.16622
8.5439
8.91523
9.27988
9.63769
9.98836
10.3316
10.6673
10.9952
11.3151
11.6268
11.93
12.2246
12.5104
12.7872
13.0549
13.3132
13.562
13.8012
14.0306
14.2501
14.4596
14.6589
14.848
15.0267
15.195
15.3528
15.4999
15.6364
15.7621
15.8771
15.9812
16.0745
16.157
-19.2889
-18.9861
-18.6806
-18.3691
-18.0509
-17.7267
-17.3965
-17.0602
-16.7179
-16.3698
-16.0157
-15.6559
-15.2903
-14.919
-14.5422
-14.1598
-13.772
-13.379
-12.9807
-12.5774
-12.1691
-11.756
-11.3383
-10.916
-10.4894
-10.0587
-9.62393
-9.18528
-8.74289
-8.29697
-7.84792
-7.39577
-6.9406
-6.48272
-6.02246
-5.55999
-5.09551
-4.62931
-4.16157
-3.69253
-3.22242
-2.75157
-2.28033
-1.80876
-1.33727
-0.866046
-0.395368
0.0744626
0.543161
1.01044
1.476
1.9396
2.40096
2.85979
3.31579
3.76865
4.21811
4.66392
5.10568
5.54326
5.97636
6.40464
6.82784
7.24569
7.65793
8.06425
8.46441
8.85819
9.24532
9.62551
9.99847
10.364
10.7219
11.0718
11.4135
11.7468
12.0715
12.3874
12.6943
12.992
13.2802
13.5589
13.8277
14.0866
14.3354
14.574
14.8023
15.02
15.227
15.4234
15.6089
15.7834
15.9468
16.0992
16.2404
16.3703
16.4889
16.5962
16.6921
16.7767
-20.0976
-19.7826
-19.465
-19.1414
-18.8109
-18.4743
-18.1315
-17.7825
-17.4273
-17.066
-16.6986
-16.3252
-15.946
-15.5609
-15.1699
-14.7731
-14.3708
-13.9629
-13.5497
-13.1311
-12.7073
-12.2785
-11.8448
-11.4064
-10.9634
-10.5161
-10.0645
-9.60877
-9.14913
-8.68578
-8.21897
-7.749
-7.27586
-6.79979
-6.32115
-5.84019
-5.35699
-4.87199
-4.38531
-3.89717
-3.40799
-2.91797
-2.42736
-1.93647
-1.44555
-0.954852
-0.464651
0.0246964
0.512889
0.999631
1.48469
1.96772
2.44849
2.92664
3.40188
3.87388
4.34235
4.80699
5.26758
5.72376
6.17522
6.62178
7.06301
7.49861
7.92846
8.35207
8.76927
9.17985
9.58346
9.9798
10.3687
10.7497
11.1227
11.4874
11.8435
12.1909
12.5293
12.8584
13.1781
13.4881
13.7882
14.0783
14.3582
14.6276
14.8865
15.1346
15.3719
15.5982
15.8133
16.0172
16.2097
16.3907
16.5601
16.7179
16.8639
16.9981
17.1205
17.231
17.3297
17.4164
-20.9337
-20.6066
-20.2768
-19.9411
-19.5983
-19.2493
-18.8938
-18.5319
-18.1637
-17.7892
-17.4083
-17.0213
-16.6282
-16.2289
-15.8236
-15.4123
-14.9951
-14.5722
-14.1435
-13.7094
-13.2698
-12.8249
-12.3749
-11.9199
-11.4601
-10.9957
-10.5268
-10.0535
-9.57616
-9.09489
-8.60991
-8.12148
-7.62977
-7.13488
-6.63725
-6.13707
-5.63471
-5.13023
-4.62388
-4.11611
-3.60705
-3.09709
-2.58646
-2.07549
-1.56438
-1.05348
-0.543066
-0.033442
0.475019
0.982025
1.48732
1.9906
2.49154
2.98981
3.48505
3.97697
4.46527
4.94959
5.42971
5.90528
6.376
6.84146
7.30153
7.75574
8.2038
8.64553
9.08051
9.50854
9.92935
10.3426
10.748
11.1452
11.534
11.9141
12.2853
12.6473
12.9999
13.3428
13.6759
13.9988
14.3113
14.6134
14.9047
15.1851
15.4544
15.7125
15.9592
16.1944
16.418
16.6297
16.8295
17.0172
17.1928
17.3561
17.5072
17.6459
17.7722
17.886
17.9874
18.0763
-21.7982
-21.459
-21.1171
-20.7692
-20.4142
-20.0526
-19.6844
-19.3096
-18.9283
-18.5405
-18.1461
-17.7453
-17.3381
-16.9245
-16.5047
-16.0786
-15.6463
-15.208
-14.7637
-14.3137
-13.8579
-13.3966
-12.9299
-12.4579
-11.9808
-11.4989
-11.0123
-10.5211
-10.0254
-9.52564
-9.02196
-8.51454
-8.00365
-7.48939
-6.97206
-6.45216
-5.92977
-5.40519
-4.87867
-4.35043
-3.82086
-3.29024
-2.75886
-2.22707
-1.69502
-1.16313
-0.631687
-0.101008
0.428605
0.956673
1.48304
2.00732
2.52928
3.04848
3.56459
4.07726
4.58619
5.09099
5.59145
6.08718
6.57787
7.0632
7.54281
8.0164
8.4836
8.94408
9.39768
9.84398
10.2827
10.7135
11.1361
11.5502
11.9555
12.3517
12.7386
13.1159
13.4833
13.8406
14.1876
14.5239
14.8494
15.1639
15.4672
15.7591
16.0393
16.3078
16.5643
16.8088
17.0411
17.2609
17.4683
17.663
17.845
18.0142
18.1704
18.3138
18.4441
18.5614
18.6656
18.7567
-22.692
-22.3407
-21.987
-21.627
-21.2596
-20.8856
-20.5047
-20.117
-19.7224
-19.3212
-18.9133
-18.4985
-18.0772
-17.6492
-17.2145
-16.7734
-16.3259
-15.8719
-15.4118
-14.9455
-14.4732
-13.9951
-13.5114
-13.022
-12.5272
-12.0274
-11.5226
-11.0128
-10.4983
-9.97956
-9.45663
-8.92966
-8.39892
-7.86469
-7.32717
-6.78681
-6.24378
-5.69834
-5.15086
-4.60152
-4.05065
-3.49859
-2.9457
-2.39232
-1.83862
-1.28485
-0.731575
-0.179064
0.372424
0.922476
1.47069
2.01689
2.56068
3.10162
3.63939
4.17373
4.70415
5.23033
5.752
6.26877
6.78031
7.2863
7.78631
8.28006
8.76718
9.24733
9.72024
10.1855
10.643
11.0922
11.5327
11.9644
12.3869
12.7999
13.2032
13.5964
13.9793
14.3516
14.7131
15.0635
15.4025
15.73
16.0457
16.3495
16.6411
16.9204
17.1872
17.4414
17.6827
17.9111
18.1263
18.3283
18.5169
18.6921
18.8538
19.002
19.1364
19.2572
19.3643
19.4577
-23.616
-23.253
-22.8873
-22.5154
-22.1358
-21.7493
-21.3558
-20.9552
-20.5475
-20.1328
-19.7112
-19.2825
-18.8468
-18.4042
-17.9547
-17.4984
-17.0353
-16.5656
-16.0892
-15.6064
-15.1174
-14.6221
-14.1209
-13.6138
-13.101
-12.5827
-12.0591
-11.5304
-10.9967
-10.4583
-9.91546
-9.3683
-8.81725
-8.26237
-7.70398
-7.14247
-6.57821
-6.01124
-5.44199
-4.87083
-4.29793
-3.7237
-3.14852
-2.5726
-1.99637
-1.42007
-0.844136
-0.268875
0.305333
0.878174
1.4492
2.01822
2.58471
3.14833
3.70867
4.26546
4.81824
5.36674
5.91048
6.4492
6.98249
7.50994
8.03126
8.54607
9.05389
9.55453
10.0476
10.5328
11.0097
11.478
11.9374
12.3875
12.8279
13.2585
13.6788
14.0886
14.4877
14.8757
15.2523
15.6173
15.9704
16.3115
16.6402
16.9564
17.2598
17.5504
17.8279
18.0921
18.3429
18.5801
18.8035
19.0131
19.2086
19.3901
19.5574
19.7105
19.8493
19.9737
20.0837
20.1795
-24.5714
-24.1967
-23.8195
-23.4357
-23.044
-22.6452
-22.2391
-21.8257
-21.4049
-20.9768
-20.5414
-20.0987
-19.6486
-19.1913
-18.7269
-18.2551
-17.7763
-17.2905
-16.7977
-16.2982
-15.792
-15.2793
-14.7602
-14.235
-13.7037
-13.1666
-12.6238
-12.0757
-11.5221
-10.9636
-10.4003
-9.83244
-9.26028
-8.68412
-8.10426
-7.52099
-6.93462
-6.34544
-5.75372
-5.15987
-4.56425
-3.96709
-3.36874
-2.76962
-2.16996
-1.57017
-0.97066
-0.371747
0.226149
0.822583
1.41738
2.00999
2.60015
3.1874
3.77127
4.35147
4.92759
5.49922
6.06604
6.62755
7.18345
7.73334
8.27684
8.81358
9.34313
9.86512
10.3792
10.885
11.3823
11.8707
12.3496
12.8188
13.278
13.7268
14.165
14.5922
15.0081
15.4124
15.8048
16.1851
16.5529
16.9081
17.2504
17.5795
17.8954
18.1977
18.4863
18.761
19.0217
19.268
19.5
19.7174
19.9201
20.1081
20.2812
20.4394
20.5826
20.7108
20.8239
20.922
-25.5593
-25.1732
-24.7845
-24.3892
-23.9856
-23.5746
-23.1561
-22.7299
-22.2961
-21.8546
-21.4055
-20.9487
-20.4843
-20.0122
-19.5326
-19.0454
-18.5506
-18.0485
-17.5392
-17.0226
-16.4989
-15.9685
-15.4313
-14.8875
-14.3373
-13.7809
-13.2186
-12.6504
-12.0765
-11.4972
-10.913
-10.3238
-9.73002
-9.13189
-8.52972
-7.92396
-7.31486
-6.70274
-6.08786
-5.47051
-4.85123
-4.23022
-3.60789
-2.98469
-2.36081
-1.73671
-1.1127
-0.489255
0.133249
0.754389
1.37374
1.99103
2.60578
3.21756
3.82599
4.43054
5.03092
5.62665
6.21744
6.80281
7.38233
7.95566
8.52227
9.08184
9.63392
10.1782
10.7142
11.2417
11.7602
12.2693
12.7687
13.2579
13.7366
14.2046
14.6613
15.1066
15.5401
15.9614
16.3703
16.7665
17.1497
17.5197
17.8761
18.2187
18.5475
18.8621
19.1623
19.4479
19.7188
19.9748
20.2156
20.4412
20.6514
20.8461
21.0253
21.1888
21.3365
21.4685
21.5848
21.6853
-26.5808
-26.1838
-25.7839
-25.3773
-24.962
-24.5391
-24.1082
-23.6694
-23.2226
-22.7679
-22.3052
-21.8343
-21.3555
-20.8686
-20.3738
-19.871
-19.3602
-18.8416
-18.3154
-17.7816
-17.2402
-16.6917
-16.136
-15.5733
-15.0038
-14.4277
-13.8452
-13.2565
-12.6618
-12.0614
-11.4554
-10.8443
-10.2282
-9.6075
-8.98242
-8.35349
-7.72087
-7.08497
-6.44607
-5.80448
-5.16068
-4.51502
-3.86793
-3.21965
-2.57063
-1.92118
-1.27181
-0.62291
0.0251868
0.671899
1.31692
1.95979
2.60017
3.23747
3.87134
4.50137
5.12702
5.74794
6.36364
6.97383
7.57798
8.17568
8.76644
9.34982
9.92546
10.4929
11.0519
11.6019
12.1425
12.6734
13.194
13.7041
14.2032
14.691
15.1672
15.6314
16.0832
16.5223
16.9485
17.3613
17.7605
18.1458
18.517
18.8738
19.2159
19.5433
19.8556
20.1526
20.4342
20.7001
20.9502
21.1843
21.4022
21.604
21.7894
21.9584
22.111
22.2469
22.3664
22.4693
-27.6372
-27.2296
-26.8189
-26.4013
-25.9746
-25.54
-25.0972
-24.6459
-24.1863
-23.7185
-23.2422
-22.7574
-22.2642
-21.7625
-21.2524
-20.7338
-20.207
-19.6718
-19.1285
-18.5772
-18.0179
-17.451
-16.8765
-16.2945
-15.7053
-15.1091
-14.5061
-13.8964
-13.2802
-12.6579
-12.0298
-11.3962
-10.7571
-10.1131
-9.46438
-8.81148
-8.15462
-7.49417
-6.83051
-6.16379
-5.4947
-4.82349
-4.15058
-3.47641
-2.80122
-2.12553
-1.44976
-0.77437
-0.0997901
0.57352
1.24522
1.91478
2.58178
3.24571
3.90606
4.56249
5.21455
5.86165
6.50346
7.13946
7.7692
8.39235
9.0082
9.61646
10.2166
10.8083
11.3912
11.9647
12.5284
13.0819
13.6248
14.1566
14.677
15.1857
15.6821
16.1659
16.6369
17.0946
17.5387
17.9688
18.3847
18.7861
19.1726
19.5442
19.9004
20.2411
20.5659
20.8749
21.1675
21.4439
21.7035
21.9465
22.1725
22.3815
22.5735
22.7482
22.9056
23.0456
23.1684
23.2739
-28.7298
-28.3121
-27.8911
-27.4628
-27.0252
-26.5791
-26.1245
-25.6612
-25.1891
-24.7082
-24.2185
-23.7199
-23.2123
-22.6959
-22.1705
-21.6362
-21.0931
-20.5412
-19.9806
-19.4117
-18.8342
-18.2486
-17.655
-17.0533
-16.444
-15.8273
-15.2032
-14.572
-13.934
-13.2893
-12.6384
-11.9815
-11.3189
-10.6509
-9.97781
-9.30026
-8.61835
-7.93253
-7.24306
-6.55049
-5.85517
-5.15753
-4.45789
-3.75675
-3.05451
-2.35159
-1.64847
-0.94558
-0.243387
0.45762
1.15682
1.85408
2.54884
3.24048
3.92848
4.61246
5.29187
5.96626
6.63523
7.29819
7.9547
8.60427
9.2464
9.88053
10.5063
11.1232
11.731
12.329
12.9168
13.494
14.06
14.6146
15.1572
15.6875
16.205
16.7095
17.2004
17.6775
18.1403
18.5886
19.0219
19.44
19.8426
20.2295
20.6003
20.9549
21.293
21.6142
21.9185
22.2056
22.4753
22.7275
22.9619
23.1785
23.3771
23.5578
23.7203
23.8646
23.9907
24.0987
-29.8602
-29.4329
-29.0019
-28.5635
-28.1153
-27.6583
-27.1922
-26.717
-26.2326
-25.7391
-25.2362
-24.7238
-24.202
-23.6709
-23.1302
-22.5802
-22.0208
-21.4521
-20.8743
-20.2873
-19.6915
-19.087
-18.4739
-17.8523
-17.2225
-16.5848
-15.9393
-15.2861
-14.6255
-13.958
-13.2837
-12.603
-11.916
-11.2233
-10.5252
-9.82209
-9.11436
-8.40231
-7.68638
-6.96688
-6.24435
-5.51936
-4.79216
-4.0631
-3.33273
-2.60155
-1.86997
-1.13854
-0.407718
0.32199
1.05014
1.77618
2.49974
3.2201
3.93685
4.64949
5.35749
6.06036
6.75753
7.44852
8.1329
8.81008
9.47948
10.1407
10.7932
11.4365
12.0701
12.6937
13.3067
13.9085
14.4988
15.077
15.6428
16.1957
16.7353
17.2612
17.773
18.2703
18.7527
19.2198
19.6714
20.107
20.5263
20.9292
21.3152
21.6843
22.0361
22.3703
22.6866
22.985
23.2651
23.5268
23.77
23.9945
24.2001
24.3869
24.5546
24.7032
24.8329
24.9436
-31.0298
-30.5934
-30.1532
-29.7051
-29.2468
-28.7793
-28.3022
-27.8155
-27.3192
-26.8131
-26.2973
-25.7715
-25.2355
-24.6897
-24.134
-23.5683
-22.9925
-22.4069
-21.8116
-21.2067
-20.5923
-19.9687
-19.3358
-18.694
-18.0433
-17.3842
-16.7168
-16.0411
-15.3575
-14.6665
-13.9682
-13.263
-12.551
-11.8329
-11.109
-10.3797
-9.64528
-8.90616
-8.16279
-7.41552
-6.66494
-5.91151
-5.15556
-4.39763
-3.63816
-2.87768
-2.11665
-1.35538
-0.594856
0.164731
0.922881
1.67891
2.43231
3.18281
3.92946
4.67188
5.40957
6.14204
6.86873
7.58895
8.30234
9.00827
9.70616
10.3956
11.0759
11.7466
12.4073
13.0575
13.6968
14.3243
14.9398
15.5428
16.1327
16.7093
17.2719
17.8202
18.3537
18.8721
19.375
19.8618
20.3323
20.7861
21.223
21.6425
22.0446
22.4287
22.7947
23.1424
23.4714
23.7814
24.0724
24.3441
24.5963
24.829
25.0419
25.235
25.4082
25.5613
25.6946
25.8079
-32.2401
-31.7954
-31.3465
-30.8893
-30.4215
-29.9439
-29.4563
-28.9587
-28.4508
-27.9327
-27.4041
-26.865
-26.3153
-25.7551
-25.1843
-24.6028
-24.0108
-23.4082
-22.7955
-22.1725
-21.5393
-20.8962
-20.2434
-19.5809
-18.9092
-18.2282
-17.5384
-16.8398
-16.1327
-15.4176
-14.6947
-13.9642
-13.2267
-12.4825
-11.7319
-10.9755
-10.2136
-9.44662
-8.6749
-7.89886
-7.11924
-6.33647
-5.55078
-4.76294
-3.97328
-3.18236
-2.39057
-1.59867
-0.807055
-0.0164759
0.772834
1.55995
2.34468
3.12621
3.9041
4.67757
5.44621
6.20949
6.96685
7.71748
8.46108
9.19704
9.92467
10.6434
11.3527
12.0521
12.7411
13.4191
14.0856
14.74
15.3818
16.0106
16.6258
17.2269
17.8135
18.3853
18.9415
19.4819
20.006
20.5134
21.0038
21.4766
21.9317
22.3687
22.7873
23.1872
23.5681
23.9298
24.2719
24.5942
24.8965
25.1785
25.4402
25.6814
25.9019
26.1016
26.2803
26.4381
26.5751
26.6912
-33.493
-33.0407
-32.5838
-32.1182
-31.6415
-31.1545
-30.6569
-30.1487
-29.6298
-29.0999
-28.5591
-28.007
-27.4437
-26.8693
-26.2836
-25.6865
-25.0784
-24.4589
-23.8285
-23.1873
-22.5352
-21.8726
-21.1995
-20.5162
-19.8229
-19.1199
-18.4072
-17.6852
-16.954
-16.2143
-15.4661
-14.7099
-13.946
-13.175
-12.3969
-11.6125
-10.8222
-10.0262
-9.22543
-8.41977
-7.61006
-6.79687
-5.98042
-5.16153
-4.34055
-3.51803
-2.69446
-1.87064
-1.04707
-0.224131
0.597519
1.41725
2.23432
3.04826
3.85842
4.66421
5.46515
6.26045
7.0498
7.83219
8.60733
9.37451
10.1329
10.8823
11.6219
12.3513
13.0698
13.7767
14.4717
15.1541
15.8235
16.4791
17.1206
17.7474
18.3591
18.9552
19.5352
20.0985
20.6449
21.1737
21.6847
22.1774
22.6516
23.1068
23.5426
23.959
24.3554
24.7317
25.0874
25.4225
25.7365
26.0294
26.3009
26.5509
26.7793
26.9858
27.1704
27.333
27.4738
27.5927
-34.7902
-34.331
-33.8669
-33.3938
-32.9089
-32.4132
-31.9063
-31.3881
-30.8585
-30.3175
-29.7647
-29.2001
-28.6235
-28.0351
-27.4348
-26.8223
-26.1979
-25.5617
-24.9137
-24.2542
-23.5832
-22.9008
-22.2073
-21.5029
-20.7878
-20.0621
-19.3263
-18.5803
-17.8246
-17.0596
-16.2856
-15.5029
-14.712
-13.9131
-13.1069
-12.2937
-11.4743
-10.6486
-9.81743
-8.98121
-8.14044
-7.29567
-6.44756
-5.59642
-4.74289
-3.88765
-3.03122
-2.17415
-1.31713
-0.460669
0.394467
1.24786
2.09864
2.94643
3.79033
4.62977
5.46417
6.29293
7.11535
7.93091
8.73886
9.53851
10.3293
11.1106
11.8817
12.6421
13.3914
14.1286
14.8533
15.565
16.263
16.9467
17.6156
18.2693
18.9071
19.5286
20.1333
20.7206
21.2901
21.8414
22.3739
22.8874
23.3814
23.8555
24.3095
24.743
25.1556
25.5471
25.9171
26.2653
26.5916
26.8958
27.1775
27.4367
27.6732
27.8869
28.0775
28.2451
28.3898
28.5116
-36.1335
-35.6686
-35.1981
-34.7182
-34.2259
-33.7222
-33.2067
-32.6792
-32.1396
-31.5879
-31.0238
-30.447
-29.8575
-29.2554
-28.6406
-28.013
-27.3726
-26.7196
-26.0542
-25.3763
-24.6863
-23.9841
-23.27
-22.5443
-21.8069
-21.0583
-20.2988
-19.5286
-18.7478
-17.957
-17.1565
-16.3467
-15.528
-14.7006
-13.8654
-13.0228
-12.1729
-11.3166
-10.4543
-9.58637
-8.71349
-7.83606
-6.95504
-6.07054
-5.18347
-4.29429
-3.40356
-2.51205
-1.62033
-0.729187
0.161037
1.04926
1.93517
2.81796
3.69695
4.57142
5.44077
6.30429
7.16131
8.01131
8.85336
9.68704
10.5114
11.3259
12.13
12.9229
13.704
14.4728
15.2286
15.9706
16.6985
17.4115
18.1091
18.7907
19.4558
20.1039
20.7344
21.3467
21.9404
22.515
23.0701
23.6052
24.1198
24.6138
25.0866
25.5379
25.9674
26.3747
26.7596
27.1217
27.4608
27.7766
28.069
28.3378
28.5828
28.8038
29.0007
29.1734
29.3222
29.4469
-37.525
-37.0553
-36.5795
-36.0937
-35.595
-35.0842
-34.5608
-34.0247
-33.4759
-32.914
-32.3391
-31.7506
-31.1487
-30.5333
-29.9044
-29.2618
-28.6057
-27.9361
-27.2532
-26.5571
-25.8479
-25.1258
-24.3909
-23.6436
-22.8839
-22.1121
-21.3285
-20.5334
-19.7271
-18.9098
-18.0823
-17.2446
-16.3974
-15.5409
-14.6759
-13.8028
-12.9218
-12.0339
-11.1392
-10.2385
-9.33243
-8.42143
-7.50628
-6.58737
-5.66522
-4.74099
-3.81477
-2.88745
-1.95998
-1.03255
-0.106215
0.818672
1.74087
2.66012
3.5756
4.4863
5.39218
6.29194
7.18503
8.07079
8.94843
9.81742
10.6769
11.526
12.3644
13.1911
14.0056
14.8073
15.5953
16.3692
17.1282
17.8718
18.5992
19.31
20.0036
20.6793
21.3367
21.9751
22.5941
23.193
23.7716
24.3292
24.8655
25.38
25.8725
26.3425
26.7895
27.2134
27.6137
27.9903
28.3426
28.6706
28.9741
29.2528
29.5067
29.7353
29.9387
30.1168
30.2697
30.3975
-38.9665
-38.4935
-38.0134
-37.5228
-37.0186
-36.5014
-35.9712
-35.4273
-34.8699
-34.2987
-33.7134
-33.114
-32.5
-31.8719
-31.2292
-30.572
-29.9004
-29.2144
-28.5142
-27.7998
-27.0716
-26.3295
-25.5737
-24.8046
-24.0223
-23.227
-22.4189
-21.5986
-20.7661
-19.922
-19.0667
-18.2006
-17.3241
-16.4378
-15.5419
-14.6374
-13.7246
-12.804
-11.876
-10.9416
-10.0012
-9.05538
-8.10495
-7.15008
-6.19198
-5.23105
-4.26819
-3.30403
-2.33894
-1.37412
-0.410121
0.552282
1.51274
2.46977
3.42304
4.37186
5.31538
6.25296
7.18349
8.10668
9.02149
9.92708
10.823
11.7083
12.5823
13.4443
14.2937
15.1296
15.9514
16.7584
17.5498
18.3252
19.0838
19.825
20.5483
21.2529
21.9384
22.6039
23.2492
23.8736
24.4766
25.0577
25.6166
26.1527
26.6656
27.1549
27.6204
28.0615
28.4779
28.8694
29.2357
29.5764
29.8914
30.1805
30.4434
30.6801
30.8903
31.0738
31.2311
31.362
-40.4604
-39.9851
-39.5022
-39.0079
-38.4992
-37.9769
-37.4406
-36.89
-36.3247
-35.7448
-35.1502
-34.5403
-33.915
-33.2743
-32.6185
-31.9472
-31.2603
-30.5581
-29.8408
-29.1085
-28.3611
-27.5991
-26.8223
-26.0313
-25.226
-24.4069
-23.5742
-22.7281
-21.869
-20.9974
-20.1138
-19.2185
-18.312
-17.3949
-16.4676
-15.5308
-14.5849
-13.6307
-12.6686
-11.6993
-10.7233
-9.74156
-8.75464
-7.76297
-6.76725
-5.76858
-4.76747
-3.76479
-2.76125
-1.75744
-0.754227
0.247526
1.24703
2.24363
3.23645
4.22452
5.20742
6.18421
7.15374
8.11566
9.0692
10.0132
10.947
11.8699
12.7812
13.68
14.5656
15.4372
16.2941
17.1356
17.961
18.7695
19.5606
20.3336
21.0878
21.8225
22.5372
23.2312
23.9039
24.5547
25.1833
25.7889
26.3713
26.9298
27.4641
27.9736
28.4581
28.9172
29.3505
29.7576
30.1382
30.4922
30.8193
31.1191
31.3916
31.6366
31.8537
32.043
32.2047
32.3388
-42.0091
-41.5328
-41.0482
-40.5517
-40.0397
-39.5133
-38.972
-38.4155
-37.8436
-37.2559
-36.6524
-36.0329
-35.397
-34.7445
-34.0758
-33.3907
-32.6891
-31.9711
-31.2369
-30.4866
-29.7205
-28.9384
-28.1406
-27.3275
-26.4992
-25.6559
-24.7981
-23.926
-23.0398
-22.1402
-21.2277
-20.3025
-19.3652
-18.4166
-17.457
-16.487
-15.5073
-14.5184
-13.5208
-12.5156
-11.5032
-10.4839
-9.45924
-8.42946
-7.39523
-6.35729
-5.31676
-4.27409
-3.23023
-2.18603
-1.14241
-0.0999068
0.940672
1.97826
3.01181
4.04098
5.06477
6.08222
7.09243
8.09501
9.08851
10.0723
11.0458
12.0079
12.9579
13.895
14.8183
15.7272
16.6207
17.4982
18.3589
19.2021
20.0271
20.8331
21.6195
22.3857
23.1308
23.8544
24.5557
25.2342
25.8894
26.5206
27.1274
27.7093
28.2658
28.7965
29.3009
29.7787
30.2294
30.6528
31.0485
31.4162
31.7558
32.0669
32.3493
32.6029
32.8272
33.0225
33.1888
33.3263
-43.6146
-43.1389
-42.6539
-42.1565
-41.6427
-41.1134
-40.5684
-40.0072
-39.4296
-38.8351
-38.2237
-37.5953
-36.9496
-36.2859
-35.605
-34.9067
-34.1908
-33.4573
-32.7066
-31.9386
-31.1537
-30.3517
-29.5329
-28.6978
-27.8461
-26.9785
-26.0953
-25.1967
-24.283
-23.3549
-22.4127
-21.4571
-20.4884
-19.5075
-18.5146
-17.5105
-16.4959
-15.4713
-14.4374
-13.395
-12.3449
-11.2874
-10.2234
-9.15387
-8.07968
-7.00142
-5.91985
-4.83583
-3.75048
-2.66448
-1.57823
-0.493404
0.589323
1.66946
2.74579
3.81754
4.88364
5.94359
6.99629
8.0408
9.07601
10.1014
11.1161
12.119
13.1094
14.0864
15.0491
15.9966
16.9284
17.8433
18.7409
19.6201
20.4804
21.3209
22.1408
22.9397
23.7167
24.471
25.2022
25.9095
26.5924
27.2503
27.8826
28.4889
29.0685
29.6212
30.1464
30.6437
31.1126
31.553
31.9643
32.3464
32.6989
33.0217
33.3144
33.5769
33.8088
34.0102
34.1813
34.3223
-45.2793
-44.8061
-44.3224
-43.8254
-43.3112
-42.7806
-42.2331
-41.6684
-41.0862
-40.4859
-39.8677
-39.2314
-38.5764
-37.9025
-37.2101
-36.4992
-35.7695
-35.021
-34.2542
-33.4689
-32.6654
-31.8436
-31.0038
-30.1464
-29.2714
-28.3794
-27.4703
-26.5448
-25.6032
-24.6461
-23.6738
-22.687
-21.6862
-20.6721
-19.6451
-18.6061
-17.5556
-16.4943
-15.4229
-14.3422
-13.2528
-12.1559
-11.0517
-9.94131
-8.82551
-7.70508
-6.58126
-5.45453
-4.3259
-3.19617
-2.06681
-0.937802
0.189221
1.31331
2.43398
3.55011
4.66056
5.76445
6.86093
7.94919
9.02823
10.0968
11.1543
12.1997
13.2321
14.2505
15.2543
16.2423
17.2137
18.1678
19.1036
20.0203
20.9173
21.7938
22.6489
23.4818
24.2919
25.0784
25.8407
26.578
27.2897
27.9754
28.6343
29.266
29.8698
30.4453
30.9921
31.5097
31.9977
32.4557
32.8833
33.2804
33.6464
33.9813
34.2847
34.5565
34.7962
35.004
35.18
35.3245
-47.006
-46.537
-46.0563
-45.5614
-45.0485
-44.5178
-43.9694
-43.4025
-42.8168
-42.2121
-41.5881
-40.9448
-40.2816
-39.5985
-38.8954
-38.1725
-37.4296
-36.6667
-35.8842
-35.0819
-34.26
-33.4186
-32.558
-31.6782
-30.7799
-29.8631
-28.928
-27.9754
-27.0054
-26.0187
-25.0157
-23.9972
-22.9635
-21.9155
-20.8535
-19.7786
-18.6912
-17.5921
-16.4822
-15.362
-14.2324
-13.0944
-11.9486
-10.796
-9.63737
-8.47346
-7.30567
-6.13457
-4.96122
-3.78666
-2.61156
-1.43728
-0.264459
0.905581
2.07215
3.23432
4.39067
5.54041
6.68279
7.81636
8.94054
10.0543
11.1563
12.2458
13.3221
14.3838
15.4303
16.4602
17.4732
18.4678
19.4436
20.3996
21.3348
22.2487
23.1403
24.0087
24.8532
25.6732
26.4678
27.2365
27.9784
28.6929
29.3795
30.0376
30.6667
31.2661
31.8353
32.3741
32.8818
33.3582
33.8029
34.2154
34.5956
34.9431
35.2576
35.539
35.7869
36.0013
36.1825
36.3306
-48.797
-48.3342
-47.8583
-47.3673
-46.8574
-46.3285
-45.7803
-45.2128
-44.6252
-44.0173
-43.389
-42.7397
-42.0693
-41.378
-40.6651
-39.931
-39.1756
-38.3989
-37.6013
-36.7823
-35.9424
-35.0816
-34.2003
-33.2985
-32.3766
-31.4349
-30.4735
-29.4935
-28.4948
-27.478
-26.4439
-25.3928
-24.3257
-23.2428
-22.1452
-21.0333
-19.9082
-18.7702
-17.6205
-16.4598
-15.2888
-14.1084
-12.9196
-11.7234
-10.5202
-9.31162
-8.09835
-6.88123
-5.66147
-4.44004
-3.21804
-1.99649
-0.776348
0.441617
1.65589
2.86539
4.06982
5.26727
6.45698
7.63808
8.8094
9.96969
11.1181
12.2538
13.3753
14.4821
15.5729
16.6469
17.7027
18.7399
19.7572
20.7539
21.7291
22.6818
23.6115
24.5168
25.3974
26.2522
27.0805
27.8817
28.6549
29.3997
30.1152
30.8008
31.456
32.0803
32.6731
33.2337
33.7621
34.2575
34.7198
35.1486
35.5435
35.9041
36.2303
36.5217
36.778
36.9994
37.1859
37.3377
-50.6545
-50.1999
-49.7312
-49.2461
-48.7408
-48.2154
-47.6696
-47.1029
-46.5151
-45.9056
-45.2743
-44.6204
-43.944
-43.2453
-42.5237
-41.7795
-41.0124
-40.2225
-39.4103
-38.5754
-37.7179
-36.8379
-35.936
-35.0123
-34.067
-33.1002
-32.1124
-31.1046
-30.0768
-29.0296
-27.9638
-26.8797
-25.7781
-24.6598
-23.5256
-22.3761
-21.2119
-20.0342
-18.8435
-17.6409
-16.4273
-15.2033
-13.97
-12.7286
-11.4798
-10.2247
-8.96434
-7.69973
-6.43184
-5.16235
-3.89128
-2.62079
-1.35113
-0.0837998
1.17991
2.43925
3.69286
4.93982
6.17911
7.40935
8.62941
9.83851
11.0353
12.2186
13.3877
14.5413
15.6782
16.7976
17.8985
18.9797
20.0403
21.0795
22.0961
23.0895
24.0586
25.0025
25.9205
26.8116
27.675
28.5101
29.316
30.0921
30.8375
31.552
32.2345
32.8845
33.5017
34.0854
34.6352
35.1506
35.6312
36.0767
36.4868
36.8611
37.1994
37.5013
37.7664
37.9948
38.1869
38.3427
-52.5803
-52.1364
-51.6772
-51.2004
-50.7021
-50.1822
-49.6407
-49.077
-48.4905
-47.8811
-47.2479
-46.5911
-45.9102
-45.2053
-44.4761
-43.7227
-42.945
-42.1429
-41.3165
-40.4663
-39.5917
-38.693
-37.7706
-36.8251
-35.8564
-34.8646
-33.8504
-32.8144
-31.7572
-30.6793
-29.581
-28.4634
-27.3269
-26.1724
-25.0006
-23.8125
-22.6086
-21.3898
-20.1571
-18.9114
-17.6538
-16.3849
-15.1059
-13.8178
-12.5216
-11.2186
-9.90926
-8.59562
-7.27811
-5.95822
-4.63694
-3.31532
-1.99467
-0.676261
0.639233
1.94988
3.25523
4.5537
5.84405
7.12539
8.39627
9.65569
10.9026
12.136
13.3543
14.5564
15.7415
16.9082
18.0557
19.1829
20.2886
21.3718
22.4318
23.4673
24.4775
25.4615
26.4184
27.3473
28.2473
29.1176
29.9576
30.7663
31.5431
32.2872
32.9981
33.6752
34.3177
34.9253
35.4974
36.0335
36.5333
36.9963
37.4223
37.8108
38.1615
38.4742
38.7485
38.9844
39.1821
39.3421
-54.5757
-54.1456
-53.6984
-53.2325
-52.7435
-52.2317
-51.6968
-51.1381
-50.5549
-49.9473
-49.3142
-48.6561
-47.9723
-47.2627
-46.5271
-45.7658
-44.9785
-44.1649
-43.3255
-42.4603
-41.5692
-40.6523
-39.71
-38.7428
-37.7508
-36.7341
-35.6933
-34.6292
-33.5422
-32.4331
-31.3021
-30.1504
-28.9783
-27.7867
-26.5767
-25.3489
-24.104
-22.8434
-21.5674
-20.2775
-18.9744
-17.6592
-16.3329
-14.9968
-13.6517
-12.299
-10.9396
-9.57511
-8.2061
-6.83389
-5.46034
-4.0859
-2.71229
-1.34093
0.0276054
1.39196
2.75076
4.10232
5.44616
6.78055
8.10433
9.41635
10.7155
12.0003
13.2698
14.5227
15.7576
16.9739
18.1699
19.3446
20.4972
21.6263
22.7312
23.8106
24.8637
25.8895
26.8868
27.8548
28.7929
29.7001
30.5753
31.4179
32.2274
33.0026
33.7431
34.448
35.117
35.7494
36.3447
36.9024
37.4222
37.9034
38.3458
38.749
39.1129
39.4368
39.7206
39.9641
40.1678
40.332
-56.6398
-56.227
-55.7953
-55.3432
-54.8665
-54.3655
-53.8399
-53.2887
-52.7113
-52.1076
-51.4769
-50.8193
-50.1342
-49.4219
-48.6814
-47.9134
-47.1177
-46.2939
-45.4425
-44.5633
-43.656
-42.7217
-41.76
-40.7714
-39.7562
-38.7145
-37.6474
-36.555
-35.4379
-34.2973
-33.1334
-31.947
-30.7386
-29.5094
-28.2601
-26.9919
-25.7051
-24.4013
-23.0811
-21.7455
-20.3957
-19.0328
-17.6579
-16.272
-14.8765
-13.4726
-12.0613
-10.6438
-9.2216
-7.79593
-6.36832
-4.9393
-3.51086
-2.08391
-0.660008
0.759431
2.17333
3.58073
4.97976
6.36912
7.74784
9.11463
10.4679
11.8062
13.129
14.4344
15.7215
16.9887
18.2352
19.4597
20.661
21.8378
22.9894
24.1145
25.2121
26.2812
27.3206
28.3297
29.3073
30.2525
31.1647
32.0427
32.8858
33.6934
34.4645
35.1987
35.8952
36.5534
37.1728
37.7529
38.2934
38.7935
39.2531
39.6717
40.049
40.3847
40.6782
40.9298
41.1397
41.3082
-58.7693
-58.3781
-57.9658
-57.5314
-57.0707
-56.5839
-56.0706
-55.5299
-54.9611
-54.3641
-53.7385
-53.0838
-52.3996
-51.6862
-50.9428
-50.1701
-49.3673
-48.5347
-47.6722
-46.7802
-45.8581
-44.9066
-43.926
-42.9167
-41.8788
-40.8124
-39.719
-38.5983
-37.4512
-36.2788
-35.0813
-33.8599
-32.6146
-31.347
-30.0578
-28.7482
-27.4187
-26.0705
-24.7048
-23.3225
-21.9247
-20.5125
-19.0874
-17.6506
-16.2029
-14.7459
-13.2809
-11.8091
-10.3318
-8.85068
-7.36673
-5.88171
-4.39639
-2.91229
-1.43082
0.0462622
1.51783
2.98228
4.43848
5.88546
7.32111
8.74426
10.1538
11.5483
12.9261
14.2859
15.627
16.9475
18.2466
19.5225
20.7744
22.001
23.2012
24.3736
25.5175
26.6317
27.715
28.7665
29.7852
30.77
31.7205
32.6351
33.5135
34.3546
35.1577
35.9221
36.6473
37.3323
37.9769
38.5802
39.1421
39.662
40.1395
40.574
40.9653
41.3131
41.617
41.8768
42.0931
42.2661
-60.9569
-60.5924
-60.2044
-59.7924
-59.3522
-58.884
-58.3869
-57.8603
-57.3036
-56.7167
-56.0993
-55.4502
-54.7699
-54.0579
-53.3139
-52.5385
-51.7306
-50.8909
-50.019
-49.1153
-48.1798
-47.2121
-46.2136
-45.1843
-44.1243
-43.0337
-41.9142
-40.7652
-39.5881
-38.3837
-37.1525
-35.8955
-34.613
-33.3064
-31.9768
-30.6246
-29.2514
-27.8582
-26.4458
-25.0152
-23.5681
-22.1057
-20.6288
-19.1392
-17.6379
-16.1261
-14.6059
-13.0779
-11.5438
-10.005
-8.46298
-6.9191
-5.37487
-3.83202
-2.29159
-0.754682
0.776543
2.30066
3.81638
5.32228
6.81721
8.29937
9.76702
11.2192
12.6547
14.0713
15.4682
16.8441
18.1976
19.5271
20.8316
22.1096
23.3604
24.5824
25.7741
26.9352
28.0639
29.1596
30.2208
31.2472
32.2371
33.1901
34.105
34.9809
35.8174
36.6132
37.3681
38.081
38.7516
39.3794
39.9636
40.5038
40.9997
41.4508
41.8568
42.2172
42.5316
42.8001
43.023
43.2007
-63.1885
-62.8572
-62.4996
-62.116
-61.7017
-61.2569
-60.7813
-60.2737
-59.7338
-59.1611
-58.5555
-57.9161
-57.2431
-56.5358
-55.7941
-55.0186
-54.2086
-53.3636
-52.4845
-51.5712
-50.6237
-49.6417
-48.6262
-47.578
-46.4967
-45.3831
-44.2375
-43.061
-41.8543
-40.6179
-39.353
-38.0602
-36.7401
-35.3943
-34.0234
-32.628
-31.2104
-29.7709
-28.3104
-26.8307
-25.3331
-23.8188
-22.2889
-20.745
-19.1884
-17.6205
-16.043
-14.4569
-12.8642
-11.2661
-9.66411
-8.0598
-6.45479
-4.85035
-3.24855
-1.65038
-0.057444
1.52862
3.1064
4.67352
6.22931
7.77243
9.30118
10.8134
12.3078
13.7838
15.2388
16.672
18.082
19.4672
20.8262
22.1579
23.4607
24.7338
25.9757
27.1855
28.3615
29.5029
30.6087
31.6779
32.709
33.7015
34.6545
35.5667
36.4375
37.2661
38.0518
38.7938
39.4916
40.1444
40.7517
41.3134
41.8285
42.2968
42.7178
43.0914
43.4169
43.6941
43.924
44.1066
-65.4419
-65.1513
-64.8318
-64.4831
-64.1015
-63.687
-63.2389
-62.7564
-62.2388
-61.6861
-61.0973
-60.4723
-59.8109
-59.1127
-58.3775
-57.6056
-56.7966
-55.9499
-55.0665
-54.1463
-53.189
-52.1949
-51.1646
-50.0988
-48.9977
-47.8621
-46.6919
-45.4886
-44.2528
-42.9851
-41.6867
-40.3584
-39.0008
-37.6152
-36.2026
-34.7641
-33.3007
-31.8143
-30.3054
-28.7755
-27.2261
-25.6584
-24.0744
-22.4747
-20.8613
-19.2355
-17.5992
-15.9535
-14.3002
-12.6408
-10.977
-9.31026
-7.64236
-5.97482
-4.30933
-2.64706
-0.990455
0.659544
2.30057
3.93205
5.55149
7.15736
8.74852
10.3228
11.8793
13.4161
14.9317
16.4244
17.893
19.3357
20.7514
22.1387
23.4961
24.8222
26.1161
27.3759
28.6013
29.7902
30.9421
32.0556
33.1298
34.1634
35.1555
36.1055
37.0121
37.8746
38.6924
39.4645
40.1903
40.8694
41.501
42.0844
42.6195
43.1057
43.5425
43.9296
44.2664
44.5531
44.79
44.9777
-67.6851
-67.4442
-67.1709
-66.8654
-66.5247
-66.148
-65.735
-65.285
-64.7967
-64.2703
-63.705
-63.1007
-62.4567
-61.7731
-61.0497
-60.2862
-59.4827
-58.639
-57.755
-56.8311
-55.8676
-54.8644
-53.8223
-52.7417
-51.6233
-50.4675
-49.2748
-48.0461
-46.7826
-45.4849
-44.1538
-42.7905
-41.3959
-39.9708
-38.5167
-37.035
-35.5261
-33.9921
-32.4341
-30.853
-29.2511
-27.6296
-25.9898
-24.3335
-22.6617
-20.9769
-19.2801
-17.5732
-15.8577
-14.1354
-12.4079
-10.6769
-8.94413
-7.2113
-5.48022
-3.75256
-2.02941
-0.313695
1.39356
3.09035
4.77538
6.4471
8.10281
9.74185
11.3621
12.9619
14.5399
16.0942
17.6236
19.1264
20.6007
22.0454
23.4591
24.8404
26.188
27.5003
28.7763
30.0146
31.2142
32.3738
33.4923
34.5688
35.6018
36.5907
37.5345
38.4323
39.2832
40.0866
40.8418
41.5478
42.2044
42.8108
43.3666
43.8711
44.3242
44.7255
45.0742
45.3704
45.6148
45.8076
-69.8762
-69.6936
-69.4756
-69.2225
-68.9312
-68.6014
-68.2319
-67.8225
-67.3717
-66.8796
-66.3457
-65.7693
-65.1503
-64.4883
-63.783
-63.0346
-62.2427
-61.4071
-60.5281
-59.6059
-58.6408
-57.633
-56.5834
-55.492
-54.3598
-53.187
-51.9746
-50.7237
-49.4348
-48.109
-46.7471
-45.3506
-43.9203
-42.4569
-40.962
-39.4373
-37.8834
-36.3022
-34.6949
-33.063
-31.4083
-29.7323
-28.0364
-26.3223
-24.5919
-22.8466
-21.0885
-19.3189
-17.54
-15.7533
-13.9606
-12.1637
-10.3645
-8.56465
-6.76615
-4.97066
-3.18007
-1.39615
0.379061
2.1439
3.89619
5.63495
7.35804
9.0636
10.7501
12.4148
14.0574
15.6757
17.2676
18.8319
20.3674
21.8716
23.3435
24.7817
26.1849
27.5515
28.8799
30.1696
31.4184
32.6259
33.7903
34.9107
35.9863
37.0156
37.9979
38.932
39.8175
40.6533
41.4385
42.1728
42.8552
43.4854
44.0626
44.5865
45.0565
45.4722
45.8331
46.1393
46.3913
46.5895
-71.9652
-71.8493
-71.6948
-71.5027
-71.2689
-70.9949
-70.6775
-70.3179
-69.9136
-69.4649
-68.9709
-68.4312
-67.8456
-67.2133
-66.5344
-65.8083
-65.0355
-64.2156
-63.3484
-62.4347
-61.4745
-60.4683
-59.4164
-58.3198
-57.1785
-55.9936
-54.766
-53.4967
-52.1862
-50.8357
-49.4467
-48.0196
-46.556
-45.0567
-43.5235
-41.9574
-40.3601
-38.733
-37.0777
-35.3956
-33.6886
-31.9586
-30.2069
-28.4354
-26.6459
-24.8402
-23.0201
-21.1877
-19.3445
-17.4926
-15.6337
-13.7699
-11.903
-10.035
-8.16774
-6.30319
-4.4433
-2.58998
-0.745233
1.08896
2.91132
4.71929
6.51095
8.28476
10.0382
11.7707
13.4793
15.1632
16.8199
18.4481
20.0454
21.6113
23.1437
24.6405
26.1009
27.5234
28.9065
30.2486
31.5487
32.8051
34.017
35.183
36.3024
37.3733
38.3953
39.3674
40.2884
41.1575
41.9742
42.7374
43.4467
44.1012
44.7005
45.2441
45.7316
46.1625
46.5361
46.8526
47.1125
47.3162
-73.8993
-73.8561
-73.7703
-73.6464
-73.4775
-73.2667
-73.01
-72.7082
-72.3587
-71.9618
-71.5163
-71.0221
-70.4785
-69.8847
-69.2411
-68.5467
-67.801
-67.005
-66.1581
-65.2606
-64.3129
-63.3156
-62.269
-61.1741
-60.0305
-58.8401
-57.6033
-56.3212
-54.995
-53.6254
-52.2133
-50.7605
-49.2679
-47.7367
-46.1687
-44.5648
-42.9271
-41.257
-39.5563
-37.8264
-36.0693
-34.2869
-32.481
-30.6534
-28.806
-26.9407
-25.0596
-23.1646
-21.2577
-19.3408
-17.4159
-15.4851
-13.5504
-11.6137
-9.67727
-7.74303
-5.81316
-3.88955
-1.97424
-0.0693957
1.82311
3.70141
5.5629
7.40602
9.22887
11.0296
12.8061
14.5565
16.2796
17.9722
19.6344
21.2627
22.8563
24.4137
25.9328
27.4126
28.8514
30.2475
31.5996
32.907
34.1677
35.3805
36.5444
37.6585
38.7215
39.7321
40.6896
41.5932
42.442
43.2351
43.9718
44.6516
45.2737
45.8378
46.3432
46.7895
47.1761
47.5031
47.7713
47.9808
-75.63
-75.6601
-75.6466
-75.5937
-75.4943
-75.3512
-75.1601
-74.9218
-74.6335
-74.2955
-73.9057
-73.4652
-72.9708
-72.4241
-71.8237
-71.1691
-70.4587
-69.6959
-68.8779
-68.005
-67.0783
-66.0991
-65.0657
-63.9803
-62.8424
-61.6545
-60.4164
-59.1287
-57.7937
-56.4114
-54.9833
-53.5113
-51.9957
-50.4384
-48.8409
-47.2048
-45.5317
-43.8233
-42.0815
-40.308
-38.5049
-36.6739
-34.8171
-32.9366
-31.0342
-29.1122
-27.1725
-25.2174
-23.2487
-21.2687
-19.2793
-17.2829
-15.2816
-13.2775
-11.2729
-9.2698
-7.27044
-5.27699
-3.29169
-1.31651
0.646169
2.59438
4.52592
6.43887
8.33116
10.2003
12.0452
13.8632
15.6523
17.4112
19.1374
20.8294
22.4854
24.1038
25.6825
27.2201
28.7151
30.1664
31.5719
32.9301
34.2403
35.5009
36.7105
37.868
38.9725
40.0226
41.0176
41.9562
42.8377
43.6611
44.4258
45.1312
45.7766
46.3614
46.8852
47.3474
47.7474
48.0852
48.3615
48.5769
-77.1204
-77.22
-77.2776
-77.2933
-77.2632
-77.1875
-77.0632
-76.8904
-76.6668
-76.3902
-76.06
-75.6764
-75.2376
-74.7435
-74.1914
-73.5831
-72.9154
-72.1932
-71.4111
-70.5708
-69.6731
-68.7195
-67.7072
-66.6404
-65.5164
-64.3388
-63.1077
-61.8227
-60.4868
-59.1008
-57.6643
-56.1811
-54.6501
-53.0744
-51.4548
-49.7934
-48.0917
-46.3518
-44.5754
-42.7646
-40.9214
-39.0477
-37.1458
-35.2177
-33.2656
-31.2916
-29.2981
-27.2873
-25.2611
-23.222
-21.1719
-19.1137
-17.0491
-14.9808
-12.911
-10.8418
-8.7756
-6.71486
-4.6617
-2.61845
-0.587532
1.42903
3.429
5.41002
7.37009
9.30701
11.2187
13.103
14.958
16.7813
18.5716
20.3259
22.0439
23.7226
25.3602
26.9558
28.5073
30.0125
31.471
32.8807
34.2403
35.5483
36.8035
38.0045
39.1505
40.2401
41.2725
42.246
43.16
44.0141
44.8071
45.5382
46.2067
46.8123
47.3544
47.8326
48.246
48.5948
48.8795
49.1006
-78.3528
-78.5148
-78.6342
-78.7131
-78.7462
-78.7318
-78.6709
-78.5599
-78.3977
-78.1797
-77.9097
-77.5814
-77.1986
-76.7585
-76.2573
-75.6968
-75.0758
-74.3971
-73.6556
-72.8532
-71.9892
-71.0674
-70.082
-69.0404
-67.9382
-66.7776
-65.5608
-64.2868
-62.9584
-61.5754
-60.1391
-58.6521
-57.1141
-55.5283
-53.8952
-52.2167
-50.4947
-48.7314
-46.9288
-45.0887
-43.2133
-41.3047
-39.3654
-37.3974
-35.403
-33.3843
-31.3442
-29.2844
-27.2074
-25.1157
-23.0116
-20.8976
-18.7758
-16.649
-14.5196
-12.3897
-10.262
-8.13901
-6.02294
-3.91627
-1.82147
0.259138
2.32313
4.36845
6.39254
8.39328
10.3684
12.3157
14.233
16.1184
17.9696
19.7847
21.5612
23.2977
24.9924
26.6437
28.2486
29.8067
31.3166
32.7753
34.183
35.5369
36.8361
38.0794
39.266
40.394
41.4623
42.4697
43.4159
44.2997
45.1197
45.8759
46.5673
47.1932
47.7532
48.247
48.6735
49.0328
49.3259
49.5527
-79.3367
-79.5467
-79.7155
-79.8478
-79.9306
-79.9682
-79.9612
-79.9022
-79.7927
-79.6263
-79.4075
-79.1312
-78.7979
-78.4054
-77.9536
-77.4368
-76.8608
-76.2229
-75.5214
-74.7572
-73.9283
-73.0394
-72.0847
-71.0689
-69.993
-68.8529
-67.6549
-66.3972
-65.0811
-63.7075
-62.2781
-60.7942
-59.2568
-57.6679
-56.0288
-54.3416
-52.6081
-50.8297
-49.0088
-47.1483
-45.2498
-43.3153
-41.3474
-39.3484
-37.3206
-35.2665
-33.1884
-31.089
-28.97
-26.8348
-24.6852
-22.5241
-20.3537
-18.1772
-15.9963
-13.8141
-11.633
-9.45558
-7.28442
-5.12197
-2.971
-0.833607
1.28755
3.38995
5.47138
7.52937
9.56154
11.5656
13.5395
15.4806
17.3871
19.2566
21.0873
22.8768
24.6234
26.3256
27.9799
29.5871
31.1435
32.6477
34.0992
35.4954
36.8357
38.1184
39.3421
40.506
41.6073
42.6468
43.6225
44.5333
45.3791
46.1588
46.8709
47.5159
48.0925
48.6008
49.0399
49.4091
49.7098
49.9421
-80.0987
-80.3413
-80.5482
-80.7152
-80.8351
-80.9107
-80.9434
-80.9214
-80.8527
-80.7249
-80.5444
-80.3097
-80.0122
-79.6591
-79.2456
-78.7629
-78.2258
-77.6211
-76.9526
-76.2188
-75.4228
-74.561
-73.6328
-72.6419
-71.5889
-70.47
-69.2906
-68.0493
-66.7472
-65.3853
-63.9651
-62.4878
-60.955
-59.3675
-57.7276
-56.0373
-54.298
-52.5119
-50.6814
-48.8072
-46.8931
-44.9413
-42.9538
-40.9325
-38.881
-36.801
-34.6947
-32.5653
-30.4149
-28.2461
-26.0615
-23.8637
-21.6556
-19.4394
-17.2179
-14.9941
-12.7703
-10.5488
-8.33324
-6.12569
-3.9285
-1.74453
0.423196
2.57291
4.70168
6.80702
8.88684
10.9386
12.9594
14.9477
16.9007
18.8164
20.6924
22.5267
24.3173
26.0625
27.7592
29.407
31.0041
32.5476
34.0358
35.4694
36.8448
38.1611
39.4157
40.6111
41.7413
42.8074
43.8094
44.7438
45.6115
46.4115
47.1416
47.8032
48.3941
48.9152
49.3648
49.7431
50.0503
50.2872
-80.679
-80.9401
-81.1703
-81.3556
-81.4991
-81.5988
-81.6522
-81.6532
-81.6081
-81.5058
-81.3486
-81.1372
-80.8625
-80.536
-80.1422
-79.6842
-79.1693
-78.5879
-77.9395
-77.2264
-76.4511
-75.607
-74.6973
-73.7241
-72.6852
-71.5817
-70.4151
-69.1848
-67.8934
-66.5399
-65.127
-63.6546
-62.1258
-60.5403
-58.901
-57.2094
-55.4671
-53.6762
-51.8391
-49.957
-48.0337
-46.0703
-44.0699
-42.034
-39.9659
-37.8685
-35.7431
-33.5927
-31.4205
-29.2281
-27.0194
-24.7956
-22.5606
-20.3161
-18.0657
-15.8121
-13.5571
-11.3042
-9.05648
-6.81548
-4.58511
-2.36709
-0.164819
2.01967
4.18343
6.32394
8.43895
10.5259
12.5819
14.6055
16.5933
18.5437
20.4536
22.3219
24.1456
25.9232
27.6524
29.3312
30.9585
32.5317
34.0487
35.5098
36.9124
38.2534
39.5331
40.7515
41.905
42.9911
44.0127
44.9654
45.8504
46.6651
47.4092
48.0834
48.6859
49.2162
49.6742
50.0593
50.3717
50.6123
-81.162
-81.4332
-81.671
-81.8663
-82.0195
-82.1293
-82.1879
-82.201
-82.1611
-82.0712
-81.9214
-81.7139
-81.4525
-81.1313
-80.7437
-80.2958
-79.7856
-79.2116
-78.5687
-77.8626
-77.091
-76.2521
-75.3474
-74.3774
-73.3414
-72.2408
-71.076
-69.8467
-68.5556
-67.2016
-65.7878
-64.313
-62.7817
-61.1927
-59.5486
-57.8516
-56.1033
-54.3059
-52.4601
-50.5697
-48.6372
-46.6626
-44.6524
-42.6045
-40.5238
-38.4122
-36.2715
-34.1054
-31.917
-29.7073
-27.4813
-25.2389
-22.9851
-20.7212
-18.4505
-16.1763
-13.9005
-11.626
-9.3568
-7.0932
-4.8409
-2.60022
-0.374508
1.83252
4.01929
6.1831
8.32161
10.4317
12.5105
14.5574
16.5677
18.5408
20.4731
22.3635
24.2088
26.0075
27.7577
29.4569
31.1038
32.6963
34.2324
35.7111
37.1312
38.489
39.785
41.0176
42.1857
43.286
44.3182
45.2843
46.1801
47.0038
47.758
48.4392
49.0494
49.5857
50.0488
50.4382
50.7539
50.9964
-81.695
-81.9724
-82.2124
-82.4113
-82.5666
-82.6764
-82.7353
-82.7493
-82.7059
-82.6135
-82.4614
-82.249
-81.9853
-81.6558
-81.2638
-80.8094
-80.2913
-79.7086
-79.0588
-78.3435
-77.5614
-76.7133
-75.7979
-74.8167
-73.77
-72.6574
-71.4795
-70.2385
-68.9339
-67.5667
-66.1392
-64.6502
-63.1042
-61.5003
-59.8414
-58.129
-56.3649
-54.552
-52.6899
-50.7827
-48.8336
-46.8411
-44.8116
-42.7457
-40.6475
-38.5187
-36.3615
-34.1783
-31.972
-29.7448
-27.5006
-25.2404
-22.9682
-20.6862
-18.3975
-16.105
-13.8114
-11.5187
-9.23123
-6.94948
-4.67947
-2.42088
-0.177375
2.04671
4.25107
6.43207
8.58718
10.7141
12.8096
14.8724
16.899
18.8877
20.8353
22.7398
24.6002
26.4133
28.1767
29.8893
31.5494
33.1539
34.7024
36.1926
37.6232
38.9916
40.2976
41.5396
42.716
43.8254
44.8648
45.8379
46.7396
47.5693
48.3289
49.0145
49.6283
50.1679
50.6337
51.0253
51.3429
51.5863
0.18532
0.186213
0.187063
0.18787
0.188632
0.18934
0.190007
0.190639
0.1912
0.191752
0.192239
0.192631
0.193057
0.193406
0.193655
0.193912
0.194159
0.194293
0.194378
0.194439
0.194492
0.194454
0.194273
0.194113
0.194057
0.193781
0.193284
0.193032
0.192817
0.192269
0.191622
0.191129
0.190657
0.189947
0.189094
0.188298
0.187528
0.18674
0.185873
0.184707
0.183416
0.182576
0.181788
0.180308
0.178624
0.177432
0.176471
0.175164
0.173272
0.171256
0.169802
0.168682
0.166929
0.164581
0.162657
0.161316
0.159508
0.156934
0.154307
0.152201
0.150503
0.148257
0.145519
0.143396
0.141723
0.13895
0.134913
0.131147
0.128564
0.1264
0.123679
0.120195
0.116733
0.11473
0.112734
0.109286
0.103529
0.0976721
0.0937426
0.0897854
0.0856356
0.0803809
0.0765553
0.0739175
0.0707449
0.065128
0.0596261
0.0539517
0.044263
0.0387018
0.0269338
0.0170051
0.0119505
-0.00365276
-0.00605177
-0.0220309
-0.040205
-0.0535471
-0.096184
-0.12557
0.185495
0.186394
0.18725
0.18806
0.188818
0.189531
0.190191
0.190837
0.191404
0.191909
0.192465
0.19285
0.193211
0.193629
0.193893
0.194096
0.194349
0.194523
0.194602
0.194633
0.194672
0.194655
0.19456
0.194327
0.194181
0.194028
0.193618
0.193257
0.192945
0.192451
0.191907
0.191404
0.190767
0.19004
0.189349
0.188641
0.187895
0.186902
0.185781
0.184962
0.184245
0.182995
0.181242
0.180152
0.179661
0.178191
0.176062
0.174475
0.173525
0.172577
0.170742
0.168143
0.166377
0.165544
0.163688
0.160642
0.15848
0.157563
0.155931
0.153349
0.150521
0.148249
0.146211
0.142918
0.13912
0.136986
0.136509
0.135226
0.131889
0.127301
0.123884
0.120896
0.117571
0.112531
0.106566
0.10392
0.103002
0.103814
0.100695
0.0949002
0.0901324
0.08381
0.078596
0.0708514
0.0642094
0.0566036
0.054372
0.0545011
0.0453127
0.046436
0.0378922
0.0285895
0.0282259
0.00357193
-0.00558444
-0.0107938
-0.0310443
-0.0320681
-0.0329032
-0.0292088
0.185877
0.186782
0.187641
0.188444
0.189204
0.189935
0.190597
0.191212
0.191845
0.192298
0.192804
0.193345
0.193607
0.193983
0.194386
0.194575
0.194696
0.194935
0.19506
0.195095
0.195053
0.195043
0.195059
0.194861
0.194513
0.194362
0.19419
0.193682
0.193296
0.192906
0.19236
0.191854
0.19123
0.190533
0.189762
0.188982
0.188296
0.187517
0.186432
0.185014
0.184236
0.183866
0.182309
0.180239
0.179142
0.178747
0.17774
0.175213
0.172927
0.172428
0.171926
0.169586
0.166516
0.164703
0.164198
0.162666
0.159466
0.156664
0.15582
0.154759
0.151132
0.147898
0.146577
0.14532
0.141851
0.137625
0.135385
0.134284
0.131396
0.126912
0.123207
0.120367
0.12035
0.117555
0.113072
0.10845
0.103388
0.100985
0.0931886
0.0889209
0.0860666
0.0845019
0.0850272
0.077077
0.0759943
0.0690457
0.0630155
0.0577825
0.0389094
0.0398062
0.0318142
0.0228419
0.0288863
0.0139102
0.0155048
0.0149369
0.000210403
-0.00347678
-0.0142656
-0.0195721
0.186451
0.187345
0.188193
0.189
0.189768
0.190503
0.191195
0.191774
0.192418
0.192995
0.193318
0.193921
0.19434
0.194519
0.194917
0.195271
0.195352
0.195497
0.195673
0.1958
0.195715
0.195606
0.195527
0.19556
0.19525
0.194827
0.194779
0.194469
0.193919
0.193497
0.193013
0.192359
0.191811
0.191292
0.190497
0.189639
0.18873
0.188024
0.187461
0.186074
0.184394
0.18368
0.183592
0.182112
0.179379
0.178301
0.178339
0.177064
0.174576
0.172185
0.170993
0.170798
0.168893
0.165175
0.163413
0.163513
0.162066
0.158095
0.155118
0.153792
0.15251
0.149963
0.146476
0.145181
0.144409
0.141608
0.136554
0.132275
0.129468
0.128313
0.125859
0.122131
0.120783
0.116301
0.114256
0.109747
0.1059
0.104525
0.0967171
0.0950151
0.0880898
0.0854057
0.0839009
0.071868
0.0733859
0.0664075
0.063681
0.0655248
0.0521615
0.0565899
0.0473276
0.0339709
0.0345307
0.0173615
0.015333
0.0157911
0.00719604
0.00594988
0.00918885
0.0132786
0.187144
0.188039
0.188891
0.189716
0.190499
0.191216
0.191935
0.192544
0.19306
0.193788
0.194157
0.194514
0.195187
0.195413
0.195563
0.195977
0.196289
0.196291
0.19639
0.196545
0.196609
0.196514
0.196226
0.196226
0.196269
0.195774
0.195323
0.195267
0.194832
0.194311
0.193907
0.193241
0.192639
0.192043
0.191345
0.190636
0.189616
0.188615
0.187949
0.187502
0.186154
0.183943
0.183337
0.183487
0.181733
0.179124
0.177591
0.177542
0.176851
0.174012
0.171082
0.170259
0.169927
0.16818
0.16493
0.162403
0.161886
0.16062
0.157356
0.153785
0.153319
0.152316
0.148516
0.144734
0.142165
0.140814
0.138694
0.13652
0.133199
0.131515
0.127398
0.123394
0.120742
0.114332
0.11362
0.108708
0.106723
0.106168
0.101213
0.102495
0.0914411
0.0882227
0.0879809
0.0759996
0.078291
0.0703625
0.0637518
0.0641988
0.0531031
0.0555896
0.0474658
0.0421218
0.0479789
0.0355699
0.035132
0.0323823
0.0214148
0.017643
0.0134009
0.00847358
0.188001
0.188915
0.189788
0.190622
0.191411
0.192117
0.192816
0.193535
0.193965
0.194571
0.195264
0.19541
0.19597
0.196541
0.196623
0.196797
0.197265
0.19739
0.197403
0.197385
0.197568
0.197614
0.197384
0.197015
0.197082
0.197088
0.196429
0.19613
0.195896
0.195377
0.194892
0.194347
0.193679
0.192883
0.19231
0.191734
0.190908
0.189913
0.188525
0.188018
0.187823
0.186002
0.183749
0.182999
0.183228
0.181818
0.178865
0.177212
0.176982
0.176165
0.173936
0.171006
0.169325
0.169499
0.167503
0.163766
0.161396
0.160871
0.159982
0.156894
0.154218
0.151686
0.150529
0.147635
0.14295
0.140522
0.140167
0.138781
0.1342
0.132388
0.127245
0.125089
0.123681
0.117866
0.118468
0.112918
0.109678
0.105028
0.0983158
0.101097
0.0916831
0.0913667
0.0943321
0.0809454
0.0825927
0.0783232
0.0715797
0.0719884
0.0608431
0.0601727
0.0521441
0.0471981
0.0492062
0.0369434
0.0367992
0.0353784
0.0329999
0.0338165
0.0304709
0.0259911
0.189046
0.189979
0.190867
0.191693
0.192468
0.193203
0.193866
0.19465
0.195229
0.195541
0.196394
0.196747
0.196876
0.197564
0.19798
0.197976
0.19822
0.19858
0.198671
0.198527
0.19855
0.198632
0.198792
0.19836
0.197944
0.198156
0.197889
0.197242
0.196945
0.196599
0.196036
0.195596
0.195025
0.194183
0.193555
0.192774
0.192055
0.191443
0.19009
0.188651
0.18806
0.187999
0.186352
0.183684
0.183103
0.183157
0.181676
0.179055
0.17707
0.176402
0.175971
0.173851
0.170785
0.169123
0.16809
0.16717
0.164018
0.16114
0.160037
0.15908
0.15646
0.151717
0.150763
0.149651
0.147524
0.144684
0.141464
0.137251
0.133474
0.134278
0.128529
0.127739
0.127363
0.120031
0.119778
0.115119
0.112777
0.109133
0.103361
0.106173
0.0945864
0.0922444
0.0965061
0.0815581
0.0835031
0.0805851
0.0728644
0.0757359
0.0686938
0.0682552
0.0604839
0.0589388
0.0601326
0.0491691
0.0482926
0.0394752
0.0338886
0.0361732
0.0357431
0.0333336
0.190198
0.191137
0.192035
0.192863
0.193649
0.194441
0.195086
0.195734
0.196565
0.196828
0.197407
0.198227
0.198201
0.198528
0.199226
0.19945
0.199363
0.199687
0.199977
0.200042
0.199853
0.199705
0.199943
0.199989
0.199393
0.199081
0.199279
0.198801
0.198247
0.197929
0.197295
0.196853
0.196415
0.195749
0.195053
0.194072
0.193278
0.192625
0.192056
0.190787
0.188746
0.188472
0.188529
0.186585
0.184224
0.18314
0.183065
0.18189
0.179477
0.177079
0.176099
0.175364
0.173746
0.170808
0.168585
0.168679
0.166619
0.163897
0.160624
0.159136
0.15802
0.155044
0.153138
0.149618
0.148729
0.146753
0.143772
0.139236
0.136762
0.138699
0.130513
0.129449
0.129633
0.119987
0.119987
0.117893
0.114951
0.111244
0.106657
0.111872
0.0999866
0.09585
0.0999195
0.0847445
0.0911294
0.0888485
0.075486
0.0765983
0.0713504
0.0703272
0.065848
0.0636051
0.0568846
0.0526376
0.0617837
0.0567043
0.0500217
0.0446703
0.0396914
0.0388584
0.191496
0.192428
0.193321
0.194179
0.195
0.195812
0.196484
0.196934
0.197825
0.198453
0.198585
0.199532
0.199941
0.199881
0.200366
0.200979
0.200958
0.201034
0.20128
0.20159
0.201505
0.201255
0.201115
0.20147
0.201349
0.200503
0.200497
0.200429
0.199945
0.199546
0.198954
0.198421
0.197823
0.19735
0.196697
0.195775
0.195046
0.193849
0.193413
0.193162
0.191237
0.189363
0.188897
0.188943
0.187237
0.184664
0.183404
0.183079
0.182098
0.179826
0.177603
0.175804
0.175446
0.173703
0.171048
0.169029
0.16723
0.166857
0.163446
0.160965
0.159026
0.157801
0.156629
0.151665
0.149218
0.146635
0.146573
0.142783
0.139525
0.141928
0.13259
0.130742
0.132605
0.122491
0.123286
0.123311
0.118277
0.113007
0.107165
0.111785
0.101524
0.101687
0.106646
0.0878595
0.0943292
0.0939253
0.0828197
0.0857263
0.0785784
0.0736532
0.0716204
0.0727247
0.0648288
0.0563311
0.0554942
0.0515028
0.0562378
0.0573866
0.0520584
0.0466547
0.193032
0.193971
0.194859
0.195734
0.196553
0.197334
0.198131
0.198603
0.199234
0.200267
0.200285
0.20075
0.201714
0.201798
0.201834
0.202466
0.202861
0.202826
0.202773
0.203065
0.203292
0.203326
0.202803
0.202745
0.203157
0.202688
0.202154
0.202056
0.201785
0.201265
0.200843
0.200306
0.199479
0.199069
0.198404
0.197602
0.197078
0.195786
0.19468
0.194213
0.193862
0.192136
0.189909
0.189705
0.189479
0.18776
0.185334
0.183963
0.183144
0.182296
0.180717
0.177961
0.17666
0.175182
0.173985
0.171408
0.168759
0.168086
0.165955
0.164985
0.161125
0.158683
0.158255
0.15513
0.152655
0.148609
0.149263
0.145347
0.140117
0.143408
0.134975
0.132269
0.13752
0.127717
0.126236
0.125336
0.119988
0.11881
0.11432
0.116036
0.103387
0.103817
0.110221
0.092054
0.0976737
0.0946673
0.0841116
0.0910411
0.0861083
0.0786495
0.0744071
0.0738402
0.0734005
0.0765865
0.0694178
0.0553855
0.0548294
0.054486
0.054773
0.057082
0.19471
0.195683
0.196586
0.197451
0.198239
0.19895
0.199863
0.20063
0.200921
0.201949
0.202423
0.202314
0.203283
0.203928
0.203826
0.204007
0.204661
0.204869
0.204738
0.204717
0.20495
0.205363
0.20509
0.204461
0.204575
0.204828
0.204186
0.203729
0.203598
0.203087
0.202813
0.202361
0.201538
0.201028
0.200227
0.199519
0.198906
0.198177
0.197039
0.195316
0.195275
0.195077
0.193018
0.191073
0.190399
0.190086
0.188551
0.186651
0.184637
0.183636
0.182718
0.181027
0.179264
0.176642
0.176041
0.174424
0.171942
0.169776
0.167373
0.167395
0.163652
0.161162
0.159872
0.156985
0.156525
0.152318
0.151517
0.148388
0.142407
0.146531
0.138912
0.134147
0.141084
0.130949
0.129009
0.128343
0.121772
0.12223
0.118811
0.122249
0.109831
0.106249
0.111179
0.0986215
0.105322
0.0982345
0.087355
0.0912459
0.0870871
0.0866936
0.0850081
0.0759842
0.0682877
0.072764
0.0737925
0.0748422
0.0748434
0.0627283
0.0555445
0.0541105
0.196457
0.197458
0.1984
0.199269
0.200073
0.200739
0.201572
0.202649
0.202897
0.20346
0.204583
0.204486
0.204846
0.205805
0.206095
0.20592
0.206393
0.206842
0.207027
0.206865
0.206819
0.207095
0.207364
0.206844
0.206245
0.206763
0.206586
0.205944
0.205652
0.205144
0.204902
0.204457
0.203833
0.203211
0.202353
0.201869
0.200848
0.200345
0.199989
0.19805
0.196723
0.196659
0.196282
0.194313
0.19221
0.191342
0.190913
0.18981
0.187625
0.185793
0.184151
0.183219
0.182227
0.179352
0.177991
0.17618
0.174849
0.173144
0.169719
0.168761
0.16574
0.165295
0.163335
0.158263
0.159582
0.155883
0.153016
0.151918
0.146167
0.150105
0.143855
0.137742
0.143229
0.131825
0.132367
0.133823
0.126802
0.12632
0.118071
0.121586
0.115778
0.112649
0.114381
0.1028
0.106869
0.103263
0.099205
0.0980096
0.0870622
0.0847971
0.0911274
0.0905461
0.0821466
0.0758989
0.0672275
0.0681209
0.0722211
0.0720502
0.071254
0.0667409
0.198432
0.19943
0.200393
0.201286
0.202177
0.202936
0.20354
0.204602
0.205181
0.205207
0.206521
0.207104
0.206939
0.207615
0.208429
0.208413
0.208465
0.208826
0.209379
0.20945
0.209263
0.208984
0.209454
0.209718
0.208873
0.2088
0.208902
0.208561
0.208169
0.207653
0.207274
0.206623
0.206262
0.205655
0.204822
0.204537
0.203337
0.20236
0.202179
0.201429
0.199646
0.198121
0.197959
0.197477
0.195543
0.193567
0.192581
0.191879
0.190577
0.189101
0.186875
0.185315
0.184443
0.182148
0.181045
0.178447
0.177074
0.176134
0.173443
0.172279
0.167926
0.168282
0.16739
0.160726
0.162267
0.159062
0.154834
0.15604
0.149717
0.151209
0.147123
0.141867
0.147117
0.135563
0.136434
0.136407
0.129632
0.133065
0.122294
0.122193
0.119808
0.116511
0.11763
0.109397
0.107212
0.101789
0.102865
0.105243
0.0995312
0.0917834
0.085806
0.0852487
0.0903654
0.0922426
0.0859886
0.0787219
0.0675538
0.0649249
0.0686426
0.0699714
0.200729
0.201699
0.202628
0.203533
0.204501
0.20547
0.205963
0.206684
0.207755
0.207679
0.208478
0.209761
0.209707
0.209812
0.210703
0.211222
0.211142
0.211173
0.211653
0.212017
0.212141
0.211532
0.211473
0.212184
0.212026
0.211403
0.211188
0.211118
0.210737
0.210395
0.20994
0.20904
0.208804
0.208273
0.207459
0.207021
0.206155
0.20498
0.203958
0.203858
0.203258
0.201158
0.199578
0.199359
0.198695
0.197169
0.195321
0.194008
0.192725
0.192014
0.190273
0.188516
0.18693
0.184631
0.184589
0.181959
0.180113
0.178411
0.17647
0.176491
0.170838
0.170132
0.171053
0.163916
0.164549
0.16282
0.157406
0.160049
0.153581
0.153117
0.150375
0.144328
0.150303
0.141233
0.14208
0.137749
0.12941
0.137559
0.129078
0.127438
0.124492
0.118087
0.118385
0.116109
0.11412
0.107302
0.102131
0.0990556
0.10343
0.106115
0.0986828
0.0895233
0.0849548
0.0836343
0.0868334
0.0894747
0.0856603
0.0815163
0.075078
0.0692962
0.203121
0.204102
0.205034
0.205956
0.206909
0.208012
0.208664
0.208987
0.210316
0.210748
0.210761
0.212075
0.212637
0.212488
0.212938
0.21383
0.214027
0.213935
0.214025
0.214331
0.214798
0.214605
0.214087
0.214313
0.21482
0.214206
0.213587
0.213623
0.213271
0.213137
0.212738
0.211813
0.211456
0.210934
0.210291
0.209477
0.208862
0.208349
0.206776
0.205782
0.206022
0.20498
0.202942
0.20155
0.20106
0.200482
0.198919
0.197378
0.195431
0.194558
0.193054
0.192223
0.190334
0.187529
0.187533
0.185118
0.183899
0.181384
0.178306
0.179326
0.174944
0.172261
0.174118
0.167313
0.167577
0.167593
0.160074
0.16336
0.157496
0.15693
0.155744
0.147401
0.1519
0.143767
0.145425
0.142857
0.134342
0.139014
0.130653
0.129866
0.130206
0.124026
0.11905
0.117163
0.117441
0.117664
0.114016
0.102797
0.0996383
0.101451
0.103809
0.105239
0.101142
0.0906178
0.0819414
0.0795044
0.0822107
0.0857722
0.0856121
0.0834354
0.205467
0.206531
0.207555
0.208518
0.209363
0.21038
0.211348
0.211514
0.212608
0.213815
0.213503
0.214171
0.215264
0.215446
0.215407
0.216175
0.21674
0.216966
0.216804
0.216796
0.217182
0.217659
0.21731
0.216672
0.217246
0.217178
0.216571
0.216463
0.216039
0.215937
0.215551
0.214913
0.214442
0.213786
0.213474
0.212513
0.211561
0.211694
0.210664
0.208704
0.208215
0.20793
0.207114
0.205216
0.203855
0.203045
0.202061
0.201044
0.199102
0.197752
0.195629
0.195311
0.193502
0.191062
0.190612
0.187629
0.186912
0.185636
0.180996
0.181696
0.179777
0.175103
0.177453
0.171479
0.170863
0.171684
0.163377
0.167138
0.160127
0.15872
0.161258
0.152864
0.155127
0.146122
0.146008
0.147656
0.140983
0.140764
0.133544
0.131471
0.13207
0.12991
0.12603
0.121366
0.115489
0.115657
0.120093
0.12028
0.113442
0.102927
0.0993968
0.099547
0.102493
0.103101
0.0984573
0.0926487
0.0882294
0.0822342
0.0782702
0.0782933
0.207973
0.209124
0.210257
0.211286
0.212046
0.212801
0.213997
0.214428
0.214931
0.2166
0.216731
0.216685
0.217813
0.218603
0.218516
0.218829
0.219408
0.220027
0.220041
0.219906
0.219799
0.220499
0.220925
0.220008
0.219939
0.220155
0.220039
0.219865
0.219336
0.219057
0.218516
0.218254
0.217864
0.216969
0.216772
0.21611
0.214692
0.214546
0.214226
0.212765
0.211332
0.210255
0.210316
0.209098
0.207661
0.205961
0.204782
0.203924
0.202711
0.201386
0.198962
0.198412
0.196312
0.194542
0.1947
0.190947
0.18905
0.190461
0.18505
0.184031
0.184619
0.179237
0.180915
0.175446
0.173598
0.17473
0.166498
0.171892
0.164034
0.159749
0.164461
0.155923
0.159222
0.152542
0.148241
0.149637
0.144298
0.143187
0.1408
0.137821
0.132379
0.130094
0.131032
0.130948
0.126289
0.118352
0.114149
0.118268
0.120079
0.118185
0.113585
0.103469
0.0957559
0.0942854
0.0982966
0.101616
0.100668
0.0949794
0.089165
0.0836716
0.210897
0.212074
0.213238
0.214333
0.215162
0.215709
0.216895
0.217891
0.217881
0.219307
0.220278
0.220021
0.220705
0.221844
0.222155
0.22211
0.222387
0.223111
0.223487
0.223645
0.223185
0.223359
0.224219
0.223909
0.223374
0.223323
0.22351
0.223342
0.222902
0.222535
0.221742
0.221606
0.221464
0.220416
0.219941
0.219647
0.218369
0.217563
0.216867
0.216624
0.215481
0.213471
0.21288
0.212184
0.211516
0.209736
0.208281
0.206914
0.206009
0.204768
0.203028
0.202495
0.199921
0.197451
0.199131
0.195538
0.191266
0.19459
0.189915
0.18641
0.188573
0.182957
0.183522
0.179519
0.177066
0.178187
0.168585
0.17581
0.169022
0.163396
0.168341
0.157586
0.160432
0.15847
0.153825
0.152538
0.148361
0.145019
0.144909
0.144662
0.137704
0.134015
0.131773
0.132407
0.136027
0.132819
0.123702
0.116637
0.11176
0.113648
0.117623
0.116828
0.110908
0.104058
0.100441
0.097279
0.0931145
0.092624
0.0957051
0.0966005
0.214186
0.215319
0.216396
0.217494
0.218539
0.219125
0.220065
0.221587
0.221535
0.222155
0.223694
0.223841
0.223986
0.224938
0.225758
0.225811
0.225863
0.226273
0.226743
0.227323
0.227091
0.226685
0.227167
0.22758
0.227101
0.226599
0.226786
0.226611
0.226349
0.226156
0.225264
0.224936
0.224912
0.224002
0.223291
0.222807
0.222221
0.221456
0.219713
0.219725
0.219501
0.217867
0.216349
0.215368
0.214825
0.213759
0.212505
0.211086
0.209783
0.208155
0.206635
0.206882
0.20459
0.200317
0.202591
0.200484
0.193904
0.197498
0.195063
0.188801
0.191933
0.186408
0.186203
0.183018
0.181244
0.183367
0.171634
0.17785
0.173184
0.168559
0.172971
0.162659
0.161432
0.16172
0.158648
0.155821
0.155055
0.149199
0.145759
0.146255
0.144992
0.144514
0.139198
0.132145
0.131104
0.134575
0.135354
0.130145
0.12166
0.115333
0.11044
0.110926
0.11398
0.115779
0.113985
0.106963
0.0997289
0.096241
0.0938391
0.0915313
0.217499
0.218568
0.219534
0.220565
0.22181
0.222651
0.223227
0.224895
0.225378
0.225229
0.226722
0.227585
0.22757
0.228028
0.229064
0.229454
0.229576
0.22962
0.229877
0.230606
0.230992
0.23054
0.230129
0.230768
0.230876
0.230313
0.230316
0.229964
0.229783
0.229781
0.229058
0.228611
0.228347
0.227785
0.227297
0.226154
0.225999
0.225972
0.223897
0.223063
0.223016
0.222217
0.220919
0.219508
0.218413
0.217517
0.216446
0.215507
0.214085
0.212231
0.209658
0.210276
0.209179
0.203862
0.204998
0.205565
0.197145
0.199791
0.199714
0.192204
0.195818
0.190482
0.190155
0.186747
0.184308
0.188271
0.177693
0.180189
0.177141
0.17142
0.175148
0.170995
0.165556
0.16486
0.162766
0.158061
0.158935
0.15608
0.151398
0.148238
0.147226
0.148788
0.149032
0.144152
0.1359
0.129261
0.127893
0.129421
0.132627
0.131619
0.123101
0.115728
0.111849
0.111734
0.110405
0.108457
0.108962
0.109101
0.105082
0.0981604
0.220732
0.221802
0.222756
0.223714
0.224998
0.226177
0.226513
0.227835
0.229118
0.228786
0.229736
0.231164
0.231471
0.231475
0.232261
0.232927
0.23345
0.233459
0.233468
0.233807
0.234568
0.234835
0.233999
0.234253
0.234689
0.234473
0.234478
0.233904
0.233675
0.233642
0.23323
0.232978
0.232228
0.231795
0.231844
0.230282
0.229756
0.23022
0.228748
0.227385
0.226658
0.225858
0.225346
0.224048
0.222772
0.221313
0.220109
0.219053
0.218132
0.216779
0.213479
0.213023
0.213393
0.208176
0.207367
0.210408
0.201794
0.203054
0.204127
0.196593
0.199962
0.195076
0.194862
0.192218
0.186461
0.191286
0.183858
0.182865
0.183174
0.175755
0.175289
0.176191
0.170412
0.168951
0.168851
0.162406
0.160446
0.161139
0.160386
0.156933
0.152036
0.147624
0.147247
0.150056
0.147978
0.139738
0.131392
0.125737
0.126747
0.129425
0.131087
0.129482
0.124967
0.119269
0.112276
0.10837
0.107331
0.10701
0.105265
0.10398
0.224202
0.225368
0.226447
0.227388
0.228535
0.229983
0.230396
0.231058
0.232893
0.233059
0.233347
0.234814
0.235639
0.235606
0.23602
0.236705
0.237545
0.237799
0.237879
0.237719
0.238276
0.239238
0.238654
0.238472
0.238747
0.238879
0.238986
0.238407
0.238179
0.237821
0.237528
0.237645
0.236593
0.235855
0.236306
0.234962
0.23383
0.233884
0.23295
0.232192
0.230975
0.229489
0.228973
0.228147
0.227184
0.22562
0.22428
0.222539
0.221643
0.221194
0.218617
0.216543
0.217656
0.213448
0.210858
0.21477
0.207745
0.207094
0.208736
0.201178
0.204185
0.198802
0.198486
0.198994
0.189919
0.193685
0.189064
0.185018
0.188672
0.182962
0.17731
0.17967
0.175797
0.172746
0.173636
0.170137
0.165291
0.163878
0.165176
0.163694
0.161165
0.155172
0.146805
0.143462
0.144554
0.146625
0.14577
0.141
0.134893
0.128583
0.125608
0.125488
0.126563
0.125406
0.123286
0.120491
0.116784
0.110648
0.104463
0.102157
0.22809
0.22939
0.230659
0.231675
0.232594
0.234104
0.234931
0.234994
0.236805
0.23779
0.237724
0.238755
0.239967
0.240332
0.240488
0.240917
0.241743
0.242268
0.242762
0.242411
0.242324
0.243344
0.243461
0.243219
0.24297
0.243156
0.243303
0.242882
0.242778
0.24214
0.241643
0.241999
0.241098
0.23997
0.240308
0.23943
0.238425
0.237739
0.236534
0.236567
0.235754
0.233873
0.232773
0.232143
0.231289
0.230197
0.229156
0.227265
0.225562
0.225295
0.224026
0.221247
0.221843
0.219452
0.21513
0.218432
0.213311
0.211058
0.213229
0.205458
0.208948
0.202721
0.200658
0.204531
0.195395
0.197359
0.195255
0.187647
0.191036
0.190308
0.183434
0.183721
0.182356
0.177496
0.175338
0.17702
0.173803
0.168903
0.166398
0.163282
0.163325
0.16295
0.157235
0.1495
0.143187
0.142025
0.144883
0.148014
0.148152
0.142183
0.13412
0.128784
0.125593
0.123547
0.122469
0.121726
0.120654
0.117473
0.114951
0.112591
0.232173
0.233542
0.234945
0.236102
0.236844
0.238164
0.239573
0.239469
0.240731
0.242406
0.242484
0.24291
0.244053
0.244873
0.245068
0.245335
0.245905
0.246425
0.247283
0.247303
0.246847
0.247191
0.247717
0.247824
0.247326
0.247355
0.247324
0.247057
0.247165
0.246588
0.245766
0.246068
0.245561
0.244501
0.244364
0.24353
0.243292
0.242514
0.240627
0.240632
0.240574
0.238945
0.237648
0.236928
0.235755
0.234714
0.234082
0.23282
0.230649
0.229416
0.228884
0.226235
0.225448
0.225228
0.219685
0.221893
0.218028
0.214682
0.217582
0.209689
0.213933
0.208742
0.203782
0.208571
0.200927
0.200651
0.202201
0.19443
0.193157
0.195232
0.190646
0.186825
0.188233
0.184972
0.17822
0.179639
0.17931
0.175808
0.172444
0.165804
0.160181
0.158946
0.161844
0.163702
0.157982
0.150969
0.145553
0.143533
0.143865
0.143111
0.142505
0.140663
0.136773
0.131826
0.126305
0.121858
0.117887
0.116308
0.117615
0.117668
0.236188
0.23753
0.238945
0.24026
0.240991
0.241955
0.243798
0.244067
0.244598
0.246475
0.247055
0.247082
0.247835
0.248996
0.249523
0.249879
0.250165
0.250425
0.251285
0.251878
0.251671
0.251294
0.251808
0.252302
0.251944
0.251882
0.251667
0.251361
0.251597
0.251389
0.250522
0.250557
0.250167
0.249659
0.2492
0.247886
0.248152
0.248026
0.245859
0.245208
0.245357
0.244024
0.242995
0.242351
0.240906
0.239289
0.238476
0.237712
0.236215
0.233832
0.233363
0.231169
0.228568
0.230196
0.224253
0.226016
0.223309
0.218994
0.222664
0.214349
0.217956
0.215794
0.209037
0.21226
0.207259
0.203619
0.206701
0.203717
0.197514
0.198414
0.197843
0.190138
0.190596
0.191611
0.184741
0.182165
0.180826
0.179366
0.177752
0.173818
0.168627
0.160928
0.159117
0.162635
0.164271
0.163741
0.159314
0.15349
0.145831
0.140062
0.138859
0.139447
0.139523
0.137446
0.134567
0.131396
0.127019
0.123871
0.12097
0.11688
0.240274
0.241545
0.242867
0.244308
0.245242
0.245847
0.24774
0.248708
0.248724
0.250297
0.251507
0.251663
0.252071
0.253255
0.254044
0.254669
0.254907
0.254965
0.255428
0.256307
0.256868
0.256297
0.256421
0.256971
0.256965
0.257008
0.256792
0.256376
0.256542
0.256573
0.256011
0.255797
0.255051
0.255077
0.254822
0.253
0.25294
0.253464
0.251602
0.250495
0.250303
0.248806
0.247812
0.247459
0.246196
0.24418
0.242859
0.241599
0.24136
0.238453
0.238058
0.236553
0.232429
0.235342
0.229157
0.230978
0.229505
0.224102
0.22829
0.220448
0.220881
0.221545
0.215535
0.216218
0.215122
0.208516
0.208362
0.21107
0.203579
0.200411
0.203564
0.196262
0.192845
0.194755
0.19226
0.188515
0.183668
0.181091
0.178148
0.177333
0.178923
0.174735
0.168677
0.162954
0.160711
0.161433
0.162468
0.161697
0.156418
0.150752
0.14611
0.142649
0.139456
0.135534
0.133334
0.13278
0.132967
0.132334
0.128603
0.123077
0.244825
0.24606
0.247265
0.248753
0.250038
0.250476
0.252019
0.253712
0.253709
0.25473
0.256372
0.257
0.257198
0.258068
0.258907
0.259818
0.260264
0.260444
0.26048
0.261073
0.262191
0.261955
0.261803
0.262137
0.262273
0.262499
0.26245
0.261962
0.261907
0.261771
0.261632
0.261435
0.260184
0.260186
0.260458
0.258637
0.257815
0.258333
0.256876
0.255876
0.255495
0.253741
0.252266
0.252137
0.251175
0.249487
0.248263
0.245865
0.246401
0.243408
0.243338
0.24258
0.237696
0.241364
0.234697
0.235848
0.235895
0.229345
0.233094
0.228034
0.224515
0.226074
0.222081
0.218974
0.221828
0.21644
0.210126
0.215087
0.210444
0.203284
0.206772
0.203968
0.198731
0.196405
0.196938
0.195636
0.190128
0.18707
0.181208
0.176352
0.178111
0.182279
0.182582
0.175674
0.168275
0.162405
0.159118
0.156847
0.155984
0.157008
0.156207
0.153109
0.14802
0.142996
0.138946
0.135537
0.133769
0.131375
0.127895
0.123884
0.249895
0.251186
0.252335
0.253771
0.255419
0.255993
0.256971
0.259094
0.259517
0.259956
0.261539
0.262614
0.262913
0.263489
0.26419
0.265158
0.265792
0.266347
0.266242
0.266221
0.267363
0.267674
0.267533
0.267596
0.267614
0.267881
0.267932
0.267544
0.267371
0.266804
0.266824
0.266918
0.265519
0.264988
0.265606
0.264252
0.263035
0.263127
0.261725
0.26094
0.260878
0.259347
0.257312
0.257297
0.256244
0.254969
0.254696
0.251553
0.252078
0.249008
0.249049
0.248757
0.243407
0.247616
0.240971
0.240119
0.241889
0.234847
0.236207
0.235524
0.229769
0.230098
0.229152
0.221818
0.225132
0.224879
0.214803
0.217675
0.217459
0.209826
0.208781
0.209317
0.20761
0.201029
0.19893
0.198391
0.194596
0.193753
0.1918
0.186525
0.179869
0.178445
0.180791
0.181555
0.178935
0.173339
0.168016
0.162106
0.157758
0.155547
0.154831
0.153778
0.151869
0.150833
0.149043
0.14584
0.140915
0.135208
0.130116
0.125981
0.255069
0.256485
0.257656
0.258948
0.260804
0.261776
0.262214
0.264302
0.26532
0.265404
0.26658
0.267961
0.26867
0.269118
0.269587
0.270359
0.270956
0.271891
0.272131
0.271743
0.272389
0.272938
0.273085
0.273107
0.27288
0.273062
0.273082
0.272902
0.272857
0.272008
0.271816
0.272264
0.271236
0.270152
0.270659
0.269801
0.268836
0.268715
0.267153
0.266153
0.266521
0.265632
0.263298
0.263503
0.262038
0.260339
0.261082
0.257998
0.258256
0.255041
0.254796
0.254681
0.248464
0.252881
0.247857
0.244131
0.247301
0.241668
0.238833
0.241518
0.23589
0.233863
0.236933
0.227456
0.226954
0.231389
0.222606
0.220721
0.222091
0.218932
0.2134
0.211801
0.213921
0.208328
0.203346
0.201008
0.197856
0.196318
0.197744
0.198257
0.192594
0.185412
0.180141
0.178147
0.176549
0.175421
0.175305
0.174001
0.169852
0.163903
0.159685
0.156466
0.153463
0.15065
0.14861
0.146899
0.14398
0.140724
0.137734
0.135886
0.259986
0.261534
0.262788
0.263886
0.265695
0.267184
0.267372
0.269044
0.270652
0.270839
0.271584
0.272956
0.274046
0.274564
0.274976
0.275572
0.275964
0.277023
0.27779
0.277509
0.277645
0.278099
0.278551
0.278717
0.278412
0.278527
0.278419
0.278401
0.278696
0.278005
0.277379
0.277899
0.277455
0.276264
0.276411
0.275626
0.275067
0.275201
0.273727
0.272087
0.272478
0.27213
0.269544
0.270101
0.268596
0.265692
0.266678
0.264038
0.264199
0.260888
0.260198
0.260684
0.253354
0.256841
0.255269
0.2488
0.251925
0.249905
0.242945
0.246651
0.242826
0.237288
0.243327
0.236306
0.231006
0.235144
0.231242
0.225987
0.224009
0.225958
0.220871
0.214778
0.216278
0.215184
0.211028
0.207549
0.204877
0.199844
0.197007
0.199193
0.201612
0.198478
0.189762
0.182363
0.178472
0.176568
0.174685
0.173951
0.173632
0.172449
0.169815
0.166121
0.161856
0.156833
0.151764
0.147058
0.143535
0.141416
0.140252
0.139399
0.264838
0.266505
0.267915
0.268886
0.270439
0.2724
0.272735
0.273868
0.275853
0.276509
0.276951
0.278013
0.279345
0.280132
0.280739
0.28133
0.281498
0.2823
0.283375
0.283678
0.283701
0.283821
0.284394
0.2848
0.284619
0.284781
0.284595
0.284493
0.285016
0.284804
0.283844
0.284109
0.283974
0.283073
0.282993
0.281917
0.281288
0.281748
0.280757
0.278483
0.278476
0.278385
0.275317
0.276001
0.275333
0.271441
0.271935
0.269605
0.26983
0.266596
0.265208
0.267271
0.259669
0.260358
0.262971
0.255081
0.255765
0.258126
0.249182
0.251736
0.25055
0.242056
0.247075
0.244822
0.238081
0.237394
0.237891
0.233872
0.22667
0.228837
0.228778
0.222382
0.21893
0.218748
0.217045
0.214426
0.213775
0.210686
0.204209
0.197831
0.19678
0.198536
0.197514
0.19345
0.189783
0.186585
0.181476
0.176109
0.173311
0.172708
0.171247
0.168535
0.165891
0.163538
0.160118
0.155468
0.151254
0.148363
0.145749
0.141828
0.27021
0.271962
0.27359
0.27462
0.275842
0.278047
0.27884
0.279475
0.281457
0.282669
0.283122
0.283894
0.28528
0.286266
0.287109
0.28784
0.287999
0.288455
0.28943
0.290288
0.290524
0.29039
0.290908
0.291402
0.291398
0.291677
0.29151
0.291084
0.291509
0.291733
0.290758
0.290671
0.290357
0.289771
0.289787
0.288515
0.287262
0.287642
0.287275
0.284756
0.284264
0.284509
0.28093
0.28109
0.281772
0.277833
0.277755
0.275475
0.27584
0.273078
0.270157
0.274172
0.268166
0.264471
0.270213
0.263168
0.25976
0.264817
0.256245
0.256481
0.258018
0.249499
0.249752
0.250291
0.246539
0.240458
0.24117
0.242106
0.234262
0.231627
0.233907
0.231923
0.226167
0.223206
0.2211
0.21835
0.217495
0.218086
0.215768
0.207626
0.19959
0.196775
0.1972
0.195853
0.193909
0.193566
0.192769
0.18866
0.18257
0.177353
0.173394
0.169695
0.166009
0.162845
0.160597
0.159255
0.158269
0.156725
0.153632
0.148956
0.27636
0.278121
0.279949
0.281218
0.28215
0.2843
0.285669
0.28603
0.287675
0.28936
0.290144
0.290735
0.291897
0.29284
0.293823
0.294767
0.295221
0.295494
0.295958
0.296985
0.297583
0.297389
0.297715
0.298101
0.298125
0.298473
0.298497
0.297785
0.297856
0.298158
0.297405
0.297188
0.296475
0.29588
0.296148
0.29517
0.29328
0.293202
0.293308
0.290996
0.290093
0.291064
0.287467
0.286423
0.288062
0.284776
0.28451
0.282085
0.282513
0.281025
0.275582
0.280254
0.277791
0.269609
0.275942
0.271936
0.264904
0.269851
0.263464
0.260991
0.26313
0.258417
0.254386
0.253566
0.254528
0.247186
0.24374
0.247468
0.244863
0.238458
0.237346
0.238354
0.235002
0.230481
0.2269
0.223452
0.218978
0.217091
0.218829
0.218747
0.212801
0.205227
0.201504
0.199734
0.196942
0.194087
0.193212
0.192496
0.189672
0.185461
0.181563
0.178115
0.173806
0.16859
0.164075
0.161447
0.160027
0.157716
0.15395
0.149939
0.282879
0.284572
0.286496
0.28808
0.288873
0.290719
0.292631
0.293035
0.294222
0.296097
0.297238
0.297767
0.298649
0.299445
0.300447
0.301453
0.302255
0.30263
0.302584
0.303424
0.304229
0.304135
0.304352
0.304552
0.304455
0.304808
0.305111
0.304367
0.304156
0.304206
0.303695
0.303657
0.302752
0.301823
0.302176
0.301921
0.299922
0.299349
0.299694
0.297877
0.296431
0.298221
0.29539
0.292973
0.294673
0.292021
0.291878
0.289127
0.289039
0.289854
0.281912
0.284801
0.286751
0.275995
0.279983
0.279646
0.271647
0.274239
0.270674
0.266891
0.266604
0.266273
0.261781
0.257373
0.26066
0.257484
0.250249
0.250566
0.252853
0.248278
0.24259
0.24086
0.24006
0.237296
0.233759
0.231298
0.227149
0.220756
0.216709
0.218131
0.219533
0.216592
0.21199
0.209113
0.206214
0.200869
0.194937
0.190994
0.189166
0.187591
0.185187
0.182462
0.179995
0.177807
0.174992
0.171269
0.166775
0.161794
0.156411
0.151138
0.289185
0.290774
0.292665
0.294564
0.295431
0.296853
0.299094
0.299816
0.300554
0.302262
0.303654
0.304389
0.305207
0.305891
0.306781
0.307583
0.308592
0.309369
0.309149
0.309648
0.310465
0.310592
0.310875
0.311038
0.310809
0.311074
0.311555
0.311058
0.310903
0.310646
0.310196
0.31048
0.309855
0.308549
0.308649
0.309068
0.307466
0.306575
0.306943
0.305738
0.303414
0.305436
0.303903
0.300554
0.301705
0.299187
0.299285
0.296223
0.294513
0.298203
0.289476
0.288477
0.29393
0.283842
0.283882
0.285649
0.279585
0.279094
0.277669
0.275083
0.271265
0.272513
0.270913
0.263816
0.264589
0.266752
0.260944
0.255471
0.256378
0.255953
0.250714
0.244858
0.242433
0.241273
0.239067
0.237484
0.236755
0.232608
0.224593
0.219291
0.219286
0.219884
0.217469
0.214589
0.21297
0.210334
0.20492
0.198658
0.194159
0.191168
0.188046
0.184196
0.181101
0.179626
0.178705
0.176571
0.172668
0.168181
0.163837
0.159856
0.295193
0.296698
0.298475
0.300616
0.301758
0.302758
0.305049
0.30623
0.306734
0.308136
0.309698
0.310811
0.311732
0.312393
0.313213
0.313747
0.314766
0.315983
0.315971
0.316293
0.317008
0.317309
0.317817
0.318142
0.317856
0.318025
0.318487
0.318268
0.318434
0.318082
0.317494
0.317922
0.317915
0.316504
0.316084
0.316696
0.315592
0.314496
0.314644
0.314146
0.310818
0.31215
0.311838
0.308195
0.308827
0.305978
0.306396
0.30359
0.299229
0.305108
0.298262
0.293008
0.299437
0.29294
0.289692
0.29075
0.288232
0.285529
0.284058
0.284178
0.278756
0.277904
0.279576
0.27345
0.268701
0.271176
0.270464
0.263905
0.259511
0.259303
0.258196
0.253163
0.24818
0.246011
0.24404
0.240859
0.240098
0.241018
0.23792
0.230518
0.224956
0.223305
0.221368
0.216978
0.212802
0.211162
0.210399
0.208072
0.203873
0.199481
0.196028
0.192964
0.189202
0.184316
0.179433
0.175406
0.17232
0.169448
0.166782
0.164675
0.301421
0.302918
0.304562
0.306812
0.308341
0.309082
0.311209
0.312914
0.313545
0.314718
0.316267
0.317635
0.318697
0.319484
0.320452
0.320861
0.321692
0.323122
0.323531
0.323908
0.324476
0.324822
0.325518
0.326062
0.325855
0.326019
0.326275
0.326114
0.326585
0.326396
0.325549
0.325729
0.326274
0.325062
0.324126
0.324455
0.32363
0.322335
0.321986
0.322338
0.318425
0.318479
0.318886
0.315364
0.315897
0.312561
0.313254
0.311796
0.304627
0.310661
0.307759
0.30004
0.30424
0.302163
0.298223
0.296389
0.296575
0.29377
0.290425
0.292055
0.287964
0.283575
0.285482
0.283431
0.276098
0.273755
0.275174
0.272695
0.266324
0.26233
0.262543
0.261819
0.257576
0.253719
0.25171
0.247789
0.242611
0.241071
0.242558
0.241204
0.235984
0.230901
0.227664
0.223997
0.218836
0.213928
0.210827
0.209143
0.207436
0.205236
0.202839
0.20057
0.197609
0.193109
0.187411
0.181941
0.17764
0.173927
0.170217
0.166447
0.308458
0.31006
0.311599
0.313795
0.315742
0.316476
0.318329
0.320464
0.321478
0.322498
0.323814
0.325256
0.326455
0.327453
0.328691
0.329156
0.329735
0.331059
0.331788
0.332356
0.332836
0.333052
0.333761
0.334431
0.334337
0.334596
0.334634
0.334265
0.334753
0.334872
0.333848
0.333451
0.334137
0.333267
0.332062
0.331943
0.331203
0.329784
0.328693
0.329949
0.326244
0.325123
0.325801
0.322485
0.323306
0.319565
0.320071
0.320926
0.312171
0.315898
0.316897
0.309792
0.309738
0.310169
0.308085
0.303331
0.303858
0.302726
0.297536
0.298112
0.296745
0.290459
0.289216
0.29043
0.285877
0.279642
0.278024
0.278882
0.276015
0.269722
0.266288
0.26697
0.26605
0.262237
0.259468
0.257236
0.251874
0.245404
0.24269
0.242911
0.241578
0.237746
0.234107
0.231532
0.228347
0.223474
0.21822
0.21431
0.211955
0.209596
0.205838
0.201216
0.197413
0.195268
0.193417
0.190526
0.18652
0.182489
0.178703
0.174573
0.316302
0.318105
0.319609
0.321631
0.323928
0.324856
0.326361
0.32865
0.330054
0.33103
0.332106
0.33354
0.334797
0.335891
0.337311
0.337973
0.338408
0.339394
0.340195
0.340981
0.341452
0.341463
0.342035
0.342636
0.342576
0.342978
0.342947
0.342283
0.342494
0.342929
0.341983
0.340998
0.341465
0.34087
0.339695
0.339279
0.338656
0.337367
0.335416
0.337327
0.334497
0.332721
0.333509
0.330278
0.331513
0.327585
0.327068
0.330215
0.322124
0.322008
0.324624
0.320702
0.316809
0.316576
0.317325
0.311521
0.310012
0.31081
0.305687
0.303447
0.303921
0.299054
0.294105
0.294364
0.294321
0.289706
0.284246
0.283083
0.283965
0.280708
0.274365
0.271315
0.271078
0.268724
0.265079
0.263572
0.261845
0.256407
0.249703
0.246051
0.244732
0.24229
0.238079
0.23436
0.232526
0.231417
0.229107
0.224948
0.220087
0.215628
0.211546
0.207001
0.202015
0.197475
0.194048
0.191412
0.188979
0.18656
0.183953
0.180776
0.324289
0.326336
0.327908
0.329705
0.332183
0.333422
0.334579
0.336725
0.338439
0.339568
0.340556
0.341925
0.343096
0.344108
0.345529
0.346437
0.346946
0.347611
0.348279
0.349186
0.34974
0.349638
0.350057
0.350491
0.350356
0.350844
0.350982
0.350201
0.350017
0.350639
0.350059
0.348804
0.348976
0.348503
0.347562
0.347068
0.346704
0.345887
0.343124
0.345168
0.343346
0.34132
0.342177
0.338906
0.340401
0.336678
0.334414
0.33849
0.333141
0.329674
0.330746
0.330587
0.325505
0.322368
0.324811
0.320605
0.316392
0.317355
0.314245
0.309889
0.309819
0.308041
0.302689
0.299393
0.299873
0.299425
0.29458
0.289284
0.288693
0.289268
0.285132
0.279071
0.27628
0.274643
0.270588
0.266689
0.265815
0.265104
0.261013
0.255124
0.250748
0.24806
0.244956
0.240731
0.236606
0.233841
0.232119
0.229964
0.226431
0.22221
0.218526
0.215312
0.21138
0.206184
0.200866
0.196652
0.193554
0.190255
0.185941
0.181094
0.3318
0.334084
0.335826
0.337412
0.339898
0.341518
0.342484
0.344343
0.346281
0.347684
0.348697
0.349981
0.351036
0.351937
0.353229
0.354329
0.355119
0.355656
0.356095
0.35702
0.357737
0.357693
0.358105
0.35844
0.358204
0.358683
0.359156
0.358533
0.358015
0.358629
0.358535
0.357365
0.357426
0.356966
0.356283
0.355753
0.355623
0.355511
0.352153
0.35377
0.352637
0.350422
0.351201
0.347863
0.349295
0.346311
0.342327
0.345213
0.3433
0.338835
0.336446
0.338402
0.335132
0.329185
0.330902
0.329725
0.324435
0.323646
0.32247
0.318041
0.316034
0.315931
0.313213
0.30828
0.305446
0.305919
0.304732
0.298752
0.293534
0.293428
0.293455
0.288997
0.283772
0.281205
0.278504
0.273502
0.269135
0.267651
0.266818
0.26394
0.259574
0.255741
0.252832
0.249681
0.24537
0.240404
0.235993
0.23269
0.229689
0.226016
0.221804
0.21821
0.215754
0.213706
0.210906
0.206968
0.202177
0.196952
0.191621
0.186522
0.338923
0.341436
0.343417
0.344868
0.347245
0.349292
0.35031
0.351893
0.353901
0.35552
0.356627
0.357932
0.359018
0.35994
0.361068
0.362225
0.363341
0.363968
0.364251
0.365141
0.366021
0.366172
0.366736
0.367147
0.366891
0.367241
0.368002
0.367716
0.367044
0.367474
0.367736
0.366778
0.366929
0.366418
0.365862
0.365126
0.364954
0.365554
0.361915
0.36276
0.361953
0.359499
0.359939
0.356611
0.357601
0.355764
0.351146
0.351274
0.351645
0.34882
0.343343
0.344739
0.344792
0.338174
0.337131
0.338118
0.334082
0.331221
0.330442
0.327394
0.323855
0.322666
0.322212
0.319135
0.313747
0.310832
0.311225
0.308942
0.30229
0.29764
0.297592
0.29685
0.292708
0.288616
0.286265
0.282908
0.277588
0.272942
0.270595
0.268915
0.266067
0.262257
0.258798
0.256159
0.253509
0.249676
0.244607
0.239481
0.23528
0.231646
0.227586
0.223062
0.219043
0.216161
0.21372
0.210606
0.206518
0.202238
0.198407
0.194863
0.34652
0.34916
0.351365
0.35279
0.354998
0.357419
0.358693
0.360064
0.361979
0.363717
0.365008
0.366472
0.367726
0.368806
0.369811
0.370853
0.372197
0.373075
0.373366
0.374205
0.37517
0.375496
0.376234
0.376844
0.376658
0.376767
0.377601
0.377663
0.377019
0.377168
0.377521
0.376628
0.376889
0.376301
0.375742
0.374634
0.37403
0.375142
0.371552
0.37158
0.370964
0.368439
0.368335
0.365174
0.365428
0.364646
0.361005
0.358324
0.358729
0.358859
0.352531
0.35124
0.353728
0.349098
0.345106
0.345677
0.343852
0.340367
0.338519
0.336591
0.333261
0.329982
0.328622
0.327886
0.323924
0.317983
0.315655
0.316154
0.313132
0.306726
0.302826
0.302148
0.300163
0.29596
0.292591
0.29063
0.28757
0.28265
0.277864
0.274639
0.272167
0.268949
0.264695
0.260356
0.257001
0.254513
0.251745
0.24782
0.243252
0.239125
0.235668
0.232028
0.227526
0.222399
0.217429
0.213028
0.209109
0.205361
0.201616
0.197854
0.355234
0.357843
0.360225
0.361741
0.363746
0.366393
0.36802
0.369296
0.371072
0.372882
0.37438
0.375996
0.377387
0.378668
0.379641
0.380495
0.381919
0.383086
0.383496
0.384278
0.385191
0.385552
0.386328
0.387107
0.387032
0.38688
0.387565
0.387827
0.387281
0.387172
0.387428
0.386363
0.386594
0.385951
0.385411
0.383979
0.382704
0.384046
0.380835
0.380169
0.379745
0.377575
0.376918
0.374115
0.373569
0.373124
0.371527
0.367527
0.366029
0.36838
0.363719
0.359345
0.36161
0.360169
0.3552
0.353408
0.352437
0.349802
0.347048
0.344925
0.34259
0.33888
0.335124
0.333897
0.332854
0.328008
0.322414
0.321247
0.321718
0.318193
0.31214
0.308411
0.306692
0.303634
0.299203
0.295866
0.293926
0.291522
0.287655
0.283172
0.279148
0.275713
0.27212
0.267776
0.262979
0.258696
0.255374
0.252454
0.249159
0.245477
0.241974
0.238742
0.235171
0.230702
0.225601
0.22056
0.215936
0.211495
0.206951
0.202361
0.364825
0.367357
0.369898
0.371624
0.373426
0.376121
0.378104
0.379444
0.38114
0.382961
0.384559
0.38619
0.38759
0.38905
0.390128
0.390845
0.392196
0.393514
0.394048
0.394777
0.395567
0.395837
0.39646
0.397288
0.39735
0.397029
0.397431
0.3977
0.39724
0.396984
0.397145
0.395813
0.395873
0.395229
0.394862
0.393396
0.391508
0.39283
0.390292
0.389084
0.388724
0.38732
0.38628
0.383936
0.382835
0.381744
0.381994
0.378651
0.374664
0.377063
0.375397
0.369458
0.36906
0.369625
0.366045
0.362317
0.360279
0.358384
0.35577
0.352888
0.35084
0.348403
0.343943
0.340261
0.33971
0.338268
0.332911
0.32801
0.32728
0.326994
0.323014
0.317361
0.313549
0.311004
0.307527
0.303283
0.299802
0.297248
0.294551
0.291031
0.286946
0.282927
0.27927
0.275643
0.271463
0.26676
0.262248
0.258467
0.255019
0.251137
0.24666
0.242229
0.238417
0.235109
0.231658
0.227649
0.223213
0.218769
0.214533
0.210325
0.374751
0.377191
0.379848
0.381842
0.383491
0.386079
0.388355
0.389878
0.391545
0.393288
0.394869
0.396432
0.397762
0.399351
0.400633
0.401293
0.402437
0.403722
0.404343
0.405073
0.405785
0.405948
0.406331
0.407112
0.407319
0.406979
0.407132
0.407322
0.40689
0.406604
0.406835
0.405375
0.405213
0.404586
0.404527
0.403395
0.401164
0.40224
0.400563
0.398981
0.398313
0.39776
0.396551
0.394565
0.393374
0.391015
0.39177
0.390343
0.384835
0.385137
0.385923
0.380824
0.377305
0.377308
0.375824
0.37227
0.368759
0.366442
0.36453
0.361507
0.358646
0.357164
0.354402
0.349534
0.346604
0.346404
0.344099
0.338315
0.333706
0.332435
0.331012
0.326904
0.322045
0.318612
0.315863
0.312293
0.308047
0.304123
0.300796
0.297505
0.293714
0.289454
0.28533
0.281857
0.27884
0.275469
0.271268
0.2666
0.262117
0.257917
0.253572
0.248829
0.243971
0.239431
0.235297
0.23136
0.227455
0.223598
0.219774
0.215779
0.384517
0.386858
0.389557
0.391831
0.393424
0.395813
0.398269
0.400002
0.40167
0.403322
0.404896
0.406436
0.40769
0.409306
0.410765
0.411446
0.41239
0.413565
0.414252
0.415055
0.415805
0.415966
0.41617
0.416874
0.417208
0.417003
0.417059
0.417218
0.416773
0.416512
0.416993
0.415664
0.415319
0.414646
0.414846
0.414245
0.411967
0.412532
0.411709
0.410008
0.408593
0.408567
0.407349
0.405423
0.404566
0.401115
0.400807
0.401238
0.396017
0.393421
0.394692
0.392005
0.387193
0.384952
0.384105
0.382219
0.378672
0.37523
0.373389
0.371199
0.367655
0.365325
0.364122
0.360654
0.355721
0.353361
0.352691
0.349293
0.343291
0.338814
0.336924
0.334818
0.330963
0.326781
0.323566
0.320742
0.31723
0.312897
0.308366
0.304228
0.300557
0.2969
0.292815
0.288457
0.284433
0.280996
0.277681
0.273877
0.269545
0.265109
0.26083
0.256496
0.251841
0.246931
0.242137
0.237677
0.233411
0.229008
0.224296
0.219407
0.393967
0.39625
0.398935
0.401497
0.403166
0.40535
0.407858
0.409777
0.411514
0.413164
0.414823
0.41643
0.417622
0.419147
0.420712
0.421538
0.422439
0.423531
0.424272
0.425167
0.426055
0.426364
0.426523
0.427168
0.427589
0.427596
0.427694
0.427944
0.427494
0.4272
0.427955
0.426953
0.426501
0.425671
0.425878
0.425734
0.423618
0.423397
0.423174
0.421712
0.419326
0.419275
0.418157
0.415956
0.415574
0.411918
0.40973
0.410877
0.407423
0.402856
0.402655
0.402059
0.398352
0.394434
0.39234
0.391475
0.389381
0.385557
0.382761
0.381221
0.378181
0.374388
0.372508
0.370789
0.366383
0.361477
0.359264
0.357906
0.354006
0.348408
0.344236
0.341921
0.33944
0.335768
0.331678
0.327989
0.324607
0.321047
0.317033
0.312676
0.308373
0.304438
0.300688
0.296654
0.29218
0.287633
0.283384
0.279357
0.275221
0.270892
0.266599
0.262533
0.258582
0.254491
0.250118
0.245504
0.240722
0.235797
0.230775
0.225778
0.403511
0.405778
0.408434
0.411273
0.413153
0.415185
0.417655
0.41974
0.421625
0.423365
0.425158
0.426879
0.42806
0.429475
0.431117
0.432195
0.43321
0.434283
0.435042
0.435989
0.437044
0.437578
0.437804
0.438433
0.438871
0.439042
0.439216
0.439637
0.439213
0.438741
0.43959
0.438957
0.43846
0.437402
0.437299
0.437347
0.435547
0.434382
0.434303
0.433435
0.430278
0.429716
0.428789
0.426165
0.426004
0.42315
0.419412
0.419871
0.418521
0.413859
0.41151
0.41124
0.409577
0.405961
0.402254
0.400577
0.399749
0.396837
0.392982
0.390859
0.388814
0.384763
0.380963
0.379078
0.376449
0.371453
0.366852
0.364728
0.362995
0.359244
0.354353
0.350386
0.347486
0.344388
0.340467
0.336139
0.331972
0.328145
0.324482
0.320669
0.316578
0.312436
0.308519
0.304688
0.300497
0.295766
0.290847
0.286189
0.281832
0.277483
0.272955
0.268387
0.264003
0.259814
0.25561
0.251204
0.246597
0.241928
0.237306
0.232697
0.413745
0.416047
0.418686
0.421752
0.423917
0.425876
0.428271
0.4305
0.43256
0.434399
0.436292
0.438144
0.439424
0.440808
0.442497
0.443805
0.444995
0.446098
0.446849
0.447777
0.448928
0.449652
0.449976
0.450611
0.450996
0.451208
0.451368
0.451938
0.451577
0.450798
0.45146
0.451101
0.450594
0.449353
0.448758
0.4487
0.447366
0.44537
0.444934
0.444851
0.441492
0.440178
0.439503
0.4366
0.436164
0.434597
0.430414
0.429351
0.429222
0.425944
0.422298
0.420722
0.420024
0.418061
0.414095
0.410593
0.409383
0.407781
0.403878
0.400289
0.398294
0.395294
0.39068
0.387158
0.385122
0.381891
0.376949
0.372851
0.370701
0.368598
0.364916
0.360336
0.35619
0.352638
0.349009
0.344897
0.340449
0.336067
0.332067
0.328381
0.324575
0.320316
0.315795
0.311488
0.307531
0.30355
0.299152
0.294368
0.289547
0.284918
0.280405
0.275809
0.271052
0.266201
0.261353
0.256545
0.251786
0.247076
0.242405
0.237743
0.424953
0.427358
0.429987
0.433184
0.435628
0.437605
0.439933
0.442261
0.444452
0.446342
0.448281
0.450259
0.45173
0.453151
0.454801
0.45621
0.457546
0.458713
0.45946
0.460302
0.461427
0.462228
0.4626
0.463238
0.463542
0.463682
0.463695
0.464309
0.464071
0.462992
0.463245
0.463009
0.462514
0.461253
0.460216
0.45984
0.459099
0.456681
0.45551
0.456095
0.45319
0.451175
0.450699
0.447873
0.44674
0.44617
0.442625
0.440122
0.439836
0.438128
0.434678
0.431571
0.430007
0.429168
0.426474
0.42197
0.41895
0.417623
0.414757
0.410319
0.407122
0.404883
0.401227
0.396768
0.393751
0.391598
0.388097
0.383384
0.379457
0.376816
0.374038
0.370114
0.365511
0.361102
0.357149
0.353392
0.349478
0.345222
0.340751
0.336401
0.332329
0.328269
0.323861
0.319121
0.314417
0.310016
0.305816
0.30155
0.297108
0.292569
0.288001
0.283349
0.278521
0.273528
0.268479
0.263471
0.258509
0.253536
0.248518
0.243498
0.436883
0.439466
0.442085
0.445299
0.447984
0.450063
0.452355
0.454729
0.456991
0.4589
0.460849
0.46291
0.464562
0.466025
0.46756
0.468939
0.470347
0.471598
0.472366
0.473095
0.474098
0.474866
0.475215
0.475846
0.476106
0.476145
0.475931
0.476474
0.476437
0.475224
0.47501
0.474789
0.474319
0.47323
0.471989
0.471186
0.471049
0.468772
0.46673
0.467544
0.465532
0.463066
0.462577
0.460158
0.45823
0.457881
0.455409
0.452204
0.450841
0.449756
0.447342
0.443779
0.440555
0.43913
0.437802
0.433998
0.429418
0.426917
0.424997
0.42119
0.416888
0.414108
0.411601
0.407755
0.403738
0.400985
0.398481
0.394651
0.389917
0.385715
0.382318
0.378856
0.374762
0.37027
0.365858
0.361766
0.357935
0.354076
0.349884
0.345335
0.340727
0.336292
0.33191
0.327305
0.32245
0.317609
0.313001
0.308561
0.304053
0.299354
0.294541
0.289757
0.285045
0.28033
0.275526
0.270604
0.265595
0.260547
0.255496
0.25044
0.449025
0.451824
0.45445
0.457595
0.46048
0.462732
0.465022
0.467409
0.469718
0.471658
0.473601
0.47566
0.477415
0.478926
0.480352
0.481636
0.483046
0.484378
0.485199
0.485851
0.486726
0.487421
0.487715
0.488333
0.488623
0.488633
0.488213
0.488603
0.488827
0.487723
0.487144
0.486906
0.486454
0.485645
0.484482
0.483225
0.483486
0.481827
0.479063
0.479518
0.478428
0.475826
0.475031
0.473106
0.470627
0.469786
0.468106
0.464983
0.462518
0.460926
0.45923
0.456365
0.45227
0.449151
0.447861
0.445592
0.441039
0.436986
0.434854
0.432333
0.42822
0.424382
0.421781
0.418896
0.414901
0.411005
0.407984
0.404852
0.400645
0.395829
0.391379
0.387489
0.383694
0.379639
0.37532
0.370915
0.366625
0.362521
0.35842
0.35403
0.349303
0.34452
0.339957
0.33555
0.331007
0.326159
0.321135
0.316166
0.311335
0.306541
0.301653
0.29665
0.291604
0.286591
0.281628
0.276697
0.271778
0.266857
0.261904
0.256871
0.461044
0.46407
0.466738
0.469788
0.472827
0.475285
0.477608
0.480007
0.482374
0.484382
0.486321
0.488315
0.490113
0.491718
0.493124
0.494325
0.495691
0.497081
0.49799
0.498649
0.499475
0.50014
0.500394
0.500996
0.501386
0.501485
0.500967
0.501156
0.501622
0.500828
0.500054
0.499808
0.499333
0.498756
0.497872
0.496189
0.496452
0.495616
0.492508
0.492109
0.491594
0.48913
0.487823
0.486207
0.483551
0.481952
0.480455
0.477762
0.4748
0.47227
0.470355
0.468379
0.464814
0.460455
0.457865
0.456422
0.45323
0.448625
0.445308
0.443247
0.440227
0.43609
0.432485
0.429583
0.426091
0.421772
0.417663
0.414153
0.410503
0.406165
0.40149
0.397055
0.392985
0.389038
0.384957
0.380598
0.375988
0.371328
0.366816
0.362404
0.357857
0.353063
0.348182
0.34344
0.338861
0.334258
0.329457
0.324456
0.319364
0.314267
0.309165
0.304027
0.298858
0.29369
0.288545
0.283413
0.278263
0.273074
0.267837
0.262566
0.473032
0.476283
0.479043
0.482015
0.485155
0.487808
0.490196
0.492633
0.49508
0.497185
0.49915
0.501086
0.502918
0.50467
0.506164
0.507345
0.508656
0.510082
0.511103
0.511849
0.512728
0.513439
0.513697
0.514271
0.51478
0.515062
0.51458
0.514539
0.51513
0.514714
0.513873
0.513618
0.513062
0.512539
0.511986
0.509981
0.5098
0.50966
0.506671
0.505238
0.504778
0.502611
0.500808
0.499199
0.496617
0.494432
0.492671
0.490284
0.487427
0.484356
0.481626
0.479786
0.477397
0.473219
0.469209
0.467166
0.465237
0.461419
0.457113
0.4542
0.451771
0.448215
0.443966
0.44021
0.436734
0.43266
0.428095
0.423817
0.419997
0.416126
0.411875
0.407409
0.402999
0.398716
0.394479
0.390144
0.38557
0.380737
0.375819
0.371023
0.366363
0.361661
0.356783
0.351792
0.346847
0.341996
0.337138
0.332156
0.327043
0.321885
0.316758
0.311656
0.306517
0.301295
0.295991
0.290636
0.285255
0.279853
0.274433
0.269003
0.485377
0.488843
0.491753
0.494682
0.497869
0.500691
0.503181
0.505685
0.508218
0.510437
0.512482
0.514418
0.516294
0.518203
0.519854
0.52109
0.522364
0.523809
0.524941
0.525802
0.526784
0.527594
0.527894
0.528418
0.528996
0.529476
0.529131
0.528846
0.529385
0.529276
0.528407
0.528114
0.527433
0.526747
0.526447
0.524309
0.523379
0.523559
0.521074
0.518808
0.517961
0.516092
0.514007
0.512205
0.509732
0.507283
0.505192
0.502825
0.50024
0.497284
0.493946
0.491414
0.489643
0.486625
0.482232
0.478826
0.476897
0.47423
0.469985
0.465858
0.462811
0.459712
0.455647
0.451255
0.447267
0.443361
0.439021
0.434459
0.430168
0.426177
0.422143
0.417857
0.413364
0.408772
0.404149
0.399534
0.3949
0.390145
0.385215
0.380201
0.375256
0.370409
0.365532
0.360493
0.355302
0.350079
0.344918
0.339806
0.334672
0.329466
0.3242
0.318921
0.313656
0.308395
0.303105
0.297756
0.292335
0.286852
0.281334
0.275806
0.498456
0.502119
0.505227
0.508154
0.511351
0.514323
0.51695
0.519541
0.522144
0.524479
0.526657
0.528655
0.530564
0.532583
0.534398
0.535741
0.537015
0.538466
0.539673
0.540606
0.541671
0.542583
0.542937
0.543379
0.543933
0.544535
0.544373
0.543863
0.544179
0.544234
0.543319
0.54294
0.542148
0.541153
0.540959
0.538925
0.537206
0.537256
0.535449
0.532807
0.531378
0.529659
0.527546
0.525562
0.523119
0.520599
0.518349
0.515863
0.513329
0.510765
0.507471
0.504103
0.501894
0.499796
0.496102
0.491768
0.488717
0.486377
0.482896
0.478333
0.474168
0.470716
0.467021
0.462687
0.458293
0.454209
0.450121
0.445738
0.441231
0.436858
0.432582
0.428213
0.423658
0.418934
0.414081
0.409167
0.404278
0.399439
0.394566
0.389571
0.384471
0.379359
0.374286
0.369192
0.36399
0.358661
0.353271
0.347894
0.342546
0.3372
0.33182
0.326404
0.320962
0.315501
0.310011
0.304488
0.298941
0.29339
0.287849
0.282315
0.512415
0.516251
0.519568
0.522532
0.525732
0.528846
0.531624
0.534302
0.536955
0.539392
0.541722
0.543814
0.54573
0.547784
0.54972
0.551189
0.552493
0.553936
0.555168
0.556098
0.557172
0.55815
0.558551
0.558893
0.559325
0.559926
0.559945
0.559275
0.559271
0.559363
0.558388
0.557886
0.55705
0.555728
0.555481
0.553768
0.551482
0.551052
0.549835
0.547293
0.545359
0.543581
0.541556
0.539539
0.537084
0.534483
0.532196
0.529664
0.526925
0.524488
0.521642
0.517964
0.514758
0.512556
0.509749
0.505489
0.501256
0.498167
0.495173
0.491067
0.486363
0.48213
0.478341
0.474317
0.46994
0.465605
0.461435
0.457177
0.45268
0.448052
0.443412
0.438733
0.43396
0.429096
0.424155
0.419132
0.414052
0.408981
0.403954
0.398909
0.393763
0.3885
0.383185
0.377878
0.372573
0.367216
0.361776
0.356279
0.350773
0.345273
0.339754
0.334179
0.328537
0.32285
0.317153
0.311474
0.305811
0.300149
0.294468
0.288762
0.527129
0.531105
0.534615
0.537652
0.540871
0.544112
0.547033
0.549788
0.552474
0.554986
0.557448
0.559634
0.561541
0.563564
0.565564
0.567147
0.568495
0.569918
0.571139
0.57201
0.57302
0.574018
0.574463
0.574714
0.574974
0.575462
0.575634
0.574908
0.574589
0.574654
0.573645
0.573005
0.572214
0.570667
0.570237
0.56895
0.566463
0.565401
0.564481
0.562322
0.560134
0.558144
0.556125
0.554177
0.551766
0.549003
0.546595
0.544118
0.541153
0.538403
0.535829
0.532416
0.528494
0.52539
0.522794
0.519193
0.51459
0.510423
0.507101
0.503558
0.499156
0.494498
0.49024
0.486218
0.481992
0.47755
0.473109
0.468681
0.464111
0.459347
0.454469
0.44953
0.444522
0.439459
0.434384
0.429294
0.424145
0.418917
0.41365
0.408384
0.403099
0.397735
0.392273
0.386755
0.381236
0.375731
0.37021
0.36464
0.359013
0.353347
0.347656
0.341943
0.336202
0.330431
0.324637
0.318826
0.312999
0.307158
0.301306
0.295447
0.542351
0.546425
0.550101
0.553249
0.55651
0.55985
0.562889
0.565714
0.568425
0.570981
0.573534
0.57581
0.577719
0.579689
0.581698
0.583362
0.584758
0.586161
0.58737
0.58818
0.589092
0.59008
0.590576
0.590786
0.590893
0.591207
0.591498
0.590831
0.590273
0.590301
0.58932
0.588548
0.587856
0.586234
0.585533
0.584623
0.582275
0.580634
0.579653
0.577882
0.575699
0.573478
0.571281
0.56933
0.56704
0.564125
0.561402
0.558917
0.555901
0.552666
0.549869
0.546821
0.542851
0.538856
0.53569
0.532528
0.528338
0.523639
0.51953
0.515959
0.512061
0.507564
0.502961
0.498597
0.494287
0.489781
0.485101
0.480363
0.475559
0.47063
0.465593
0.460504
0.455367
0.450161
0.444909
0.439654
0.434389
0.429057
0.423628
0.41813
0.412609
0.407073
0.401491
0.395843
0.390146
0.384434
0.37872
0.372987
0.367213
0.361391
0.355537
0.349674
0.343805
0.337924
0.332023
0.326102
0.320167
0.314224
0.30827
0.302299
0.557872
0.56201
0.565835
0.569129
0.572453
0.575866
0.579
0.581902
0.58465
0.587232
0.589839
0.592208
0.59416
0.59609
0.598082
0.59979
0.601232
0.602634
0.603868
0.60466
0.60548
0.606449
0.607011
0.60725
0.607281
0.607417
0.607781
0.607264
0.60656
0.60655
0.60566
0.604767
0.604159
0.60259
0.60158
0.600862
0.598837
0.596808
0.595499
0.593902
0.591849
0.589497
0.586997
0.584833
0.582641
0.579711
0.576586
0.573874
0.57093
0.567411
0.564074
0.561039
0.55741
0.553109
0.54915
0.545806
0.54214
0.537639
0.532981
0.528856
0.525
0.520797
0.516167
0.511453
0.506819
0.502128
0.497267
0.492275
0.487215
0.482087
0.476887
0.471652
0.466405
0.461109
0.455729
0.450277
0.444795
0.439286
0.433717
0.428059
0.422333
0.416581
0.410821
0.405037
0.399206
0.393326
0.387412
0.381477
0.375522
0.369538
0.363528
0.357499
0.351463
0.345424
0.33938
0.333328
0.327262
0.321178
0.315078
0.308963
0.573663
0.577842
0.581808
0.585277
0.588686
0.59216
0.595385
0.598385
0.601196
0.603808
0.606456
0.608926
0.610968
0.6129
0.614874
0.616605
0.618093
0.619526
0.620823
0.62166
0.62242
0.623368
0.624
0.624322
0.624367
0.624357
0.624738
0.624403
0.623625
0.623552
0.622785
0.621781
0.621176
0.61972
0.618408
0.617643
0.615941
0.613747
0.612013
0.610314
0.608343
0.605991
0.603222
0.600656
0.598399
0.595594
0.592199
0.589067
0.586115
0.58262
0.578839
0.575429
0.572025
0.567937
0.563534
0.559609
0.55601
0.551943
0.547268
0.542592
0.538279
0.534028
0.529453
0.524569
0.519599
0.514625
0.509574
0.50441
0.499167
0.493871
0.488511
0.483099
0.477668
0.47222
0.466712
0.461104
0.455405
0.44966
0.443889
0.438075
0.432196
0.426261
0.420297
0.414319
0.408321
0.402286
0.396208
0.390096
0.383962
0.377814
0.371649
0.36547
0.359276
0.35307
0.346853
0.340625
0.334384
0.328134
0.321878
0.315622
0.58986
0.594084
0.598185
0.601848
0.605365
0.608907
0.612234
0.615357
0.618263
0.620929
0.623616
0.62619
0.628357
0.630338
0.632317
0.634071
0.635608
0.637087
0.63847
0.639397
0.640133
0.641052
0.641736
0.642155
0.642275
0.642157
0.642488
0.642309
0.641489
0.641303
0.640642
0.639541
0.638836
0.637477
0.635909
0.634904
0.633392
0.631197
0.629104
0.627116
0.625071
0.622777
0.619907
0.616913
0.614367
0.611692
0.608285
0.604739
0.60156
0.5982
0.594307
0.590441
0.586889
0.583084
0.578695
0.57426
0.570245
0.566294
0.56185
0.556973
0.552124
0.547465
0.542757
0.53779
0.532618
0.52738
0.522118
0.516797
0.511411
0.505972
0.500471
0.494887
0.489233
0.483545
0.477828
0.472048
0.466175
0.460221
0.454221
0.448203
0.442156
0.436062
0.429917
0.423735
0.417532
0.411307
0.405055
0.398775
0.392473
0.386157
0.37983
0.373494
0.367142
0.360772
0.354386
0.34799
0.341589
0.335185
0.328779
0.322371
0.606663
0.610965
0.615204
0.619069
0.622718
0.626344
0.629781
0.633036
0.636062
0.638807
0.641539
0.644207
0.64651
0.648575
0.65059
0.652377
0.65396
0.65548
0.656937
0.657969
0.658705
0.659584
0.66028
0.660762
0.660974
0.660781
0.660991
0.660907
0.660056
0.659695
0.659087
0.657911
0.657025
0.655708
0.653961
0.652624
0.651123
0.648995
0.646695
0.64439
0.642118
0.639824
0.637022
0.633757
0.630782
0.62807
0.624831
0.621076
0.617515
0.614138
0.610358
0.606235
0.602295
0.598481
0.594273
0.589643
0.58509
0.580805
0.576412
0.571578
0.566445
0.561331
0.556297
0.551185
0.545893
0.540474
0.535006
0.529504
0.523948
0.518336
0.512669
0.50692
0.501067
0.495129
0.489146
0.483134
0.477071
0.470938
0.464739
0.458501
0.452244
0.445964
0.439643
0.433275
0.426869
0.420439
0.41399
0.407526
0.401045
0.394548
0.388038
0.381518
0.374987
0.368445
0.361894
0.355338
0.348781
0.342225
0.33567
0.329119
0.62426
0.628683
0.633057
0.637117
0.640911
0.644629
0.648172
0.651554
0.654705
0.657545
0.660325
0.663066
0.665493
0.667655
0.669726
0.671556
0.673174
0.674709
0.676207
0.677333
0.678077
0.678903
0.67957
0.680058
0.680336
0.68009
0.680136
0.680076
0.679204
0.678626
0.677998
0.676774
0.675682
0.674346
0.672501
0.670849
0.669224
0.667141
0.664768
0.662243
0.659682
0.657257
0.654572
0.651266
0.647886
0.644908
0.641803
0.63808
0.634177
0.630532
0.626813
0.622662
0.618363
0.614236
0.61004
0.605424
0.600528
0.595732
0.591063
0.586215
0.581024
0.575644
0.570272
0.564921
0.559487
0.553925
0.548272
0.542563
0.536793
0.530958
0.525066
0.51911
0.513066
0.50692
0.500693
0.494425
0.488131
0.481799
0.475413
0.468971
0.462491
0.455988
0.449461
0.4429
0.436302
0.429675
0.423027
0.416363
0.409686
0.402994
0.396289
0.389571
0.382846
0.376117
0.369387
0.362657
0.35593
0.34921
0.342501
0.335803
0.642937
0.647371
0.651819
0.656035
0.659968
0.663779
0.667415
0.670904
0.674172
0.677118
0.679949
0.682737
0.685257
0.687506
0.689638
0.691515
0.693153
0.694676
0.696176
0.697365
0.698124
0.698895
0.699504
0.699941
0.700246
0.699968
0.699834
0.699744
0.69887
0.698073
0.697359
0.696112
0.694839
0.693441
0.691557
0.689668
0.687858
0.685754
0.683371
0.680752
0.677945
0.675262
0.672597
0.669401
0.665783
0.662398
0.659213
0.655609
0.65154
0.647512
0.643623
0.639483
0.634991
0.630465
0.626022
0.621382
0.616373
0.611194
0.606097
0.601033
0.59579
0.590305
0.5847
0.579085
0.573445
0.567716
0.561877
0.555947
0.549939
0.543853
0.537694
0.531479
0.525204
0.518855
0.512423
0.505926
0.499389
0.492823
0.486224
0.479579
0.472884
0.466148
0.459387
0.452607
0.445804
0.438976
0.432125
0.425255
0.418372
0.411477
0.404571
0.397657
0.390736
0.383814
0.376895
0.369982
0.363077
0.356183
0.349304
0.34244
0.662234
0.666779
0.671332
0.675705
0.679784
0.683694
0.687414
0.690992
0.694369
0.697426
0.700311
0.703127
0.705708
0.708025
0.710211
0.712133
0.713785
0.715281
0.71675
0.717977
0.718755
0.71948
0.720022
0.720374
0.720669
0.720386
0.720087
0.71993
0.719081
0.718101
0.717258
0.716
0.714594
0.71311
0.711212
0.709173
0.707176
0.704982
0.702565
0.699923
0.696971
0.693987
0.691164
0.688068
0.684403
0.68063
0.677128
0.673536
0.669452
0.665111
0.660868
0.656596
0.652014
0.647191
0.642377
0.637549
0.632484
0.627132
0.621686
0.616284
0.610857
0.60527
0.599508
0.593655
0.587763
0.58181
0.575758
0.569597
0.563343
0.557003
0.55058
0.54409
0.537549
0.530962
0.524317
0.517605
0.510835
0.504024
0.497182
0.490307
0.48339
0.476427
0.469432
0.462414
0.45538
0.44833
0.44126
0.434174
0.427075
0.419968
0.412854
0.405737
0.39862
0.391506
0.384397
0.377298
0.370211
0.363138
0.35608
0.349042
0.682129
0.686816
0.691487
0.696014
0.700247
0.704264
0.708068
0.711729
0.715207
0.718378
0.721329
0.724166
0.726786
0.729154
0.731383
0.733353
0.735028
0.736498
0.737924
0.739165
0.739964
0.740658
0.74115
0.741414
0.741673
0.741404
0.740977
0.740731
0.739924
0.738823
0.737833
0.736549
0.735053
0.733473
0.731552
0.729409
0.727247
0.72492
0.722403
0.719723
0.716712
0.71347
0.710347
0.707203
0.703582
0.699566
0.695644
0.691846
0.687757
0.683253
0.678641
0.674076
0.669367
0.664374
0.659235
0.654097
0.648885
0.643448
0.637799
0.632083
0.626366
0.620581
0.61465
0.608575
0.602413
0.596189
0.589883
0.583478
0.576973
0.570381
0.56371
0.556962
0.550155
0.543301
0.536403
0.529454
0.522448
0.51539
0.508291
0.501161
0.493998
0.486801
0.47957
0.472314
0.465036
0.457743
0.450438
0.443121
0.435795
0.428463
0.421129
0.413797
0.406471
0.399154
0.391849
0.384555
0.377277
0.370018
0.36278
0.355565
0.702611
0.707455
0.712253
0.716928
0.721316
0.72545
0.729347
0.733092
0.736668
0.739954
0.742984
0.745852
0.748506
0.750918
0.753188
0.755207
0.756919
0.758381
0.759765
0.761007
0.761828
0.762508
0.762975
0.763168
0.763375
0.763132
0.762614
0.762264
0.761496
0.760331
0.759191
0.757851
0.756278
0.754597
0.75262
0.750382
0.748068
0.745592
0.742915
0.740123
0.737067
0.733657
0.730191
0.726823
0.723201
0.719092
0.714805
0.710643
0.70642
0.701841
0.696973
0.692062
0.687124
0.681992
0.676632
0.671181
0.665707
0.660119
0.654332
0.64838
0.642358
0.636289
0.630121
0.623812
0.61738
0.610863
0.604272
0.597597
0.590832
0.583984
0.577062
0.570069
0.563005
0.555882
0.548709
0.541492
0.534226
0.526909
0.519546
0.512146
0.504718
0.497264
0.489784
0.482279
0.474754
0.46721
0.459657
0.452098
0.444533
0.436965
0.429399
0.42184
0.414291
0.406754
0.399234
0.391732
0.384251
0.376795
0.369365
0.361965
0.723727
0.728743
0.733678
0.738501
0.743041
0.7473
0.751303
0.755142
0.758812
0.762212
0.765336
0.768255
0.770952
0.77341
0.775718
0.777787
0.779551
0.781027
0.782382
0.783619
0.78446
0.785133
0.785596
0.78574
0.785885
0.785662
0.785083
0.784612
0.783856
0.782662
0.781383
0.779947
0.778283
0.776488
0.774426
0.772075
0.769606
0.766975
0.76411
0.761127
0.757977
0.754464
0.750711
0.747008
0.743251
0.739107
0.734597
0.730046
0.725545
0.720857
0.715841
0.710639
0.705402
0.700073
0.694542
0.688834
0.683049
0.677206
0.671228
0.665071
0.658776
0.652397
0.645939
0.639365
0.632664
0.625854
0.618963
0.611999
0.604957
0.597836
0.590644
0.583386
0.57606
0.568667
0.561215
0.553714
0.546166
0.538572
0.530934
0.523258
0.515552
0.507822
0.500072
0.492302
0.484515
0.476713
0.468903
0.461088
0.453272
0.445458
0.437651
0.429854
0.42207
0.414302
0.406555
0.398832
0.391135
0.383469
0.375835
0.368237
0.745578
0.75078
0.755865
0.760834
0.765526
0.76992
0.774043
0.777983
0.781747
0.785257
0.788484
0.791474
0.794227
0.796737
0.799083
0.801199
0.803022
0.80453
0.80587
0.8071
0.807953
0.808617
0.809081
0.809193
0.809265
0.809044
0.808417
0.807811
0.807021
0.805806
0.804403
0.802839
0.801057
0.799128
0.796952
0.794468
0.791829
0.789038
0.78599
0.782772
0.779449
0.775845
0.771899
0.767854
0.76383
0.759598
0.754973
0.750122
0.74527
0.740365
0.735218
0.729808
0.724273
0.718672
0.712936
0.707009
0.700932
0.694769
0.688514
0.682116
0.67556
0.66888
0.66211
0.655246
0.648266
0.641173
0.633984
0.626717
0.619378
0.611963
0.604477
0.596923
0.589307
0.581628
0.573887
0.566092
0.558249
0.550363
0.542438
0.534478
0.526487
0.518468
0.51043
0.502378
0.494312
0.486238
0.478157
0.470074
0.461993
0.453921
0.44586
0.437814
0.429785
0.421776
0.413793
0.405839
0.397917
0.390031
0.382183
0.374378
0.768264
0.773666
0.778914
0.784028
0.788871
0.793408
0.797664
0.801716
0.805574
0.809189
0.812522
0.815596
0.818416
0.820981
0.823365
0.82552
0.827398
0.828948
0.830282
0.831498
0.832354
0.832999
0.833457
0.833543
0.83353
0.833281
0.83261
0.831864
0.83099
0.829734
0.82822
0.826514
0.824587
0.822503
0.820196
0.817571
0.814744
0.81178
0.808565
0.805113
0.801553
0.797814
0.793737
0.789417
0.785063
0.780634
0.77591
0.770861
0.765679
0.760467
0.755122
0.749533
0.743736
0.737828
0.731819
0.725653
0.719308
0.712825
0.70624
0.699543
0.692707
0.685734
0.678649
0.671471
0.664197
0.656815
0.649329
0.641755
0.634102
0.626375
0.618573
0.6107
0.602764
0.594769
0.586719
0.578616
0.570465
0.562272
0.554044
0.545784
0.537495
0.529179
0.520844
0.512495
0.504137
0.495772
0.487404
0.479039
0.470682
0.462337
0.454007
0.445696
0.437409
0.429148
0.420918
0.412723
0.404566
0.39645
0.38838
0.380359
0.791858
0.797469
0.802889
0.80815
0.813144
0.817829
0.822228
0.8264
0.830356
0.83407
0.837506
0.840671
0.843561
0.846183
0.848602
0.850788
0.85271
0.8543
0.855634
0.856831
0.857679
0.858288
0.858721
0.858779
0.858674
0.858369
0.857651
0.856764
0.855764
0.854439
0.852819
0.850973
0.848888
0.846632
0.844178
0.841412
0.838394
0.835234
0.831854
0.828198
0.82438
0.820436
0.816227
0.811706
0.807035
0.802316
0.797426
0.792225
0.786776
0.781228
0.7756
0.76979
0.763754
0.75754
0.751211
0.744758
0.738139
0.731353
0.724435
0.717405
0.710257
0.702977
0.695574
0.688071
0.680474
0.67278
0.664983
0.657091
0.649113
0.641056
0.632925
0.624718
0.616445
0.608114
0.59973
0.591297
0.58282
0.574302
0.56575
0.557171
0.548566
0.539938
0.531292
0.522633
0.513968
0.505299
0.496631
0.48797
0.479321
0.470688
0.462075
0.453485
0.444924
0.436398
0.427908
0.419459
0.411054
0.402698
0.394394
0.386144
0.816392
0.822218
0.82782
0.833231
0.838376
0.843214
0.847761
0.85206
0.856116
0.859922
0.863456
0.866711
0.869673
0.872352
0.874805
0.877014
0.878965
0.880587
0.881918
0.883091
0.883924
0.884487
0.884873
0.884893
0.884698
0.884313
0.883539
0.882521
0.881372
0.879947
0.878223
0.876242
0.873998
0.871559
0.868939
0.86603
0.86283
0.859455
0.855895
0.852057
0.847989
0.843791
0.839403
0.83471
0.829771
0.824725
0.819572
0.814185
0.808518
0.802659
0.796694
0.790597
0.784299
0.777796
0.771137
0.764353
0.757429
0.750341
0.743099
0.735731
0.728246
0.720638
0.712907
0.705063
0.697119
0.689082
0.680948
0.672718
0.664398
0.655995
0.647516
0.638964
0.630344
0.621663
0.612928
0.604147
0.595322
0.58646
0.577566
0.568645
0.559701
0.550739
0.541762
0.532778
0.523789
0.5148
0.505817
0.496845
0.48789
0.478954
0.470044
0.461162
0.452316
0.443508
0.434745
0.426028
0.417362
0.40875
0.400197
0.391706
0.841881
0.847926
0.853714
0.859281
0.864579
0.869571
0.874267
0.878698
0.882858
0.886755
0.890381
0.89372
0.896754
0.899489
0.901978
0.904204
0.906172
0.907814
0.909142
0.910287
0.911096
0.911608
0.911931
0.911907
0.911622
0.911145
0.910304
0.909168
0.907866
0.906316
0.904475
0.902361
0.899964
0.897337
0.894534
0.891472
0.888096
0.884499
0.880731
0.87671
0.872414
0.867937
0.863306
0.858424
0.853254
0.847892
0.842413
0.836767
0.83087
0.824729
0.818423
0.811989
0.805393
0.798594
0.791609
0.784476
0.77721
0.769796
0.762228
0.754522
0.746688
0.738731
0.730652
0.722454
0.714147
0.705741
0.69724
0.688645
0.679958
0.671188
0.662342
0.653426
0.644444
0.635401
0.626303
0.617154
0.607967
0.598743
0.589488
0.580205
0.570902
0.561585
0.552258
0.542926
0.533593
0.524264
0.514948
0.505648
0.496368
0.487115
0.47789
0.468703
0.459555
0.450453
0.441401
0.432402
0.42346
0.41458
0.405766
0.397019
0.868336
0.874602
0.880582
0.886312
0.891766
0.896912
0.901759
0.906324
0.910592
0.91458
0.918292
0.921715
0.924819
0.927611
0.930136
0.932376
0.934352
0.936009
0.937332
0.938446
0.939229
0.939687
0.93994
0.939866
0.939494
0.93891
0.937994
0.936753
0.935301
0.933608
0.931632
0.929382
0.926835
0.924022
0.921015
0.917776
0.914228
0.91041
0.906404
0.902173
0.897658
0.892906
0.887985
0.882862
0.877462
0.871809
0.865987
0.860017
0.853845
0.847427
0.840795
0.834004
0.827064
0.819948
0.812637
0.805151
0.797522
0.789753
0.781839
0.773779
0.76558
0.757254
0.748805
0.740236
0.731551
0.722758
0.713866
0.70488
0.695805
0.686648
0.677413
0.668108
0.658741
0.649316
0.639837
0.630308
0.620738
0.611133
0.601499
0.591839
0.58216
0.572468
0.562769
0.553068
0.543372
0.533685
0.524013
0.514365
0.504743
0.49515
0.485596
0.476085
0.46662
0.457207
0.44785
0.438552
0.42932
0.420157
0.411066
0.402051
0.89578
0.90227
0.908449
0.91435
0.919964
0.925267
0.930265
0.934967
0.939348
0.943431
0.94723
0.950731
0.953905
0.956753
0.959316
0.961575
0.963557
0.965218
0.966533
0.967616
0.968373
0.968782
0.968961
0.968822
0.968366
0.967672
0.966666
0.965323
0.963726
0.961878
0.959751
0.95735
0.95465
0.951652
0.948426
0.944983
0.941246
0.93721
0.932946
0.928471
0.923727
0.918707
0.913477
0.908057
0.902399
0.89647
0.890314
0.88399
0.877489
0.870768
0.863813
0.856665
0.84936
0.84189
0.834234
0.826394
0.81839
0.810241
0.801948
0.793509
0.784926
0.77621
0.767367
0.758404
0.749323
0.740127
0.730828
0.721432
0.711948
0.702382
0.692738
0.683022
0.673244
0.663411
0.653526
0.643595
0.633622
0.623616
0.613581
0.603523
0.593449
0.583365
0.573276
0.563189
0.553108
0.543043
0.533
0.522983
0.512998
0.503049
0.493144
0.483289
0.473489
0.463745
0.454063
0.444451
0.434912
0.425448
0.416067
0.406769
0.924256
0.930974
0.93736
0.943439
0.949221
0.954684
0.959832
0.964672
0.969175
0.973359
0.977243
0.980822
0.984067
0.986973
0.989577
0.991855
0.993841
0.995504
0.996809
0.997859
0.998587
0.998947
0.999046
0.99884
0.998297
0.997489
0.996378
0.994923
0.993181
0.991173
0.988877
0.986306
0.983439
0.980253
0.976799
0.973122
0.969174
0.964912
0.960383
0.955633
0.950633
0.945346
0.939805
0.934061
0.9281
0.921879
0.915402
0.908717
0.901851
0.894787
0.887496
0.879992
0.872306
0.864453
0.856424
0.848212
0.839823
0.831273
0.822575
0.813727
0.804737
0.795608
0.786347
0.776964
0.767463
0.757847
0.748122
0.738298
0.728386
0.718391
0.708316
0.698166
0.687955
0.67769
0.667375
0.657013
0.646612
0.636179
0.625722
0.615246
0.604754
0.594255
0.583756
0.573261
0.56278
0.552318
0.541881
0.531477
0.52111
0.510787
0.500511
0.490292
0.480135
0.470043
0.460021
0.450073
0.440208
0.430428
0.420739
0.411142
0.95382
0.96077
0.967368
0.973636
0.979594
0.985221
0.990523
0.995505
1.00013
1.00442
1.0084
1.01205
1.01537
1.01833
1.02098
1.02328
1.02527
1.02693
1.02822
1.02923
1.02992
1.03024
1.03026
1.02997
1.02933
1.0284
1.02717
1.0256
1.02371
1.02153
1.01905
1.01629
1.01323
1.00985
1.00616
1.00223
0.998041
0.99354
0.988742
0.983697
0.978408
0.972842
0.966994
0.960908
0.954607
0.948065
0.941263
0.93422
0.926975
0.919534
0.911877
0.904
0.895923
0.887664
0.879231
0.870616
0.861821
0.852857
0.84373
0.83445
0.825026
0.815459
0.805759
0.795932
0.785983
0.77592
0.765749
0.755477
0.745114
0.734666
0.724138
0.713536
0.702869
0.692148
0.681376
0.67056
0.659706
0.648823
0.637916
0.626994
0.616063
0.605125
0.59419
0.583268
0.572363
0.561484
0.550634
0.539819
0.529051
0.518331
0.507667
0.497067
0.486534
0.476071
0.465688
0.455388
0.445179
0.435064
0.425049
0.415138
0.984534
0.991718
0.998536
1.005
1.01114
1.01694
1.0224
1.02752
1.03228
1.03668
1.04075
1.04449
1.04787
1.05089
1.05357
1.0559
1.05789
1.05955
1.06082
1.06179
1.06244
1.0627
1.06263
1.06225
1.06151
1.06046
1.05909
1.05738
1.05533
1.05298
1.0503
1.04733
1.04406
1.04047
1.03654
1.03235
1.02789
1.02313
1.01805
1.0127
1.0071
1.00123
0.995064
0.988633
0.981969
0.975072
0.967923
0.960518
0.952883
0.945041
0.936986
0.928714
0.92023
0.911546
0.902677
0.89363
0.884403
0.875
0.865426
0.855692
0.845809
0.835782
0.825615
0.815317
0.804899
0.794363
0.783718
0.772972
0.76213
0.751204
0.7402
0.729119
0.717973
0.706773
0.695521
0.684227
0.672897
0.661537
0.650159
0.638764
0.627365
0.615964
0.604571
0.593194
0.581841
0.570519
0.559232
0.547988
0.536793
0.525655
0.514581
0.503577
0.492647
0.481796
0.471029
0.460358
0.449786
0.439319
0.428961
0.418718
1.01646
1.02388
1.03093
1.0376
1.04393
1.0499
1.05552
1.06079
1.06568
1.0702
1.07436
1.07818
1.08163
1.0847
1.08742
1.08977
1.09176
1.09341
1.09466
1.09558
1.09617
1.09637
1.09621
1.09572
1.09488
1.09369
1.09218
1.09031
1.0881
1.08555
1.08268
1.07948
1.07598
1.07215
1.06798
1.06351
1.05876
1.05371
1.04835
1.04268
1.03674
1.03054
1.02404
1.01726
1.01022
1.00294
0.995414
0.987626
0.979592
0.971332
0.962852
0.954155
0.945241
0.936116
0.926791
0.917279
0.907589
0.897722
0.887679
0.877468
0.867101
0.856587
0.84593
0.835139
0.82422
0.813184
0.80204
0.790792
0.779444
0.768009
0.756498
0.744913
0.733264
0.721557
0.709801
0.698002
0.686168
0.674311
0.662433
0.650543
0.638649
0.62676
0.614885
0.603029
0.591202
0.579409
0.567659
0.555958
0.544313
0.532734
0.521225
0.509792
0.498442
0.487179
0.476011
0.464947
0.453992
0.443151
0.432433
0.42184
1.04964
1.05731
1.06459
1.07148
1.07801
1.08416
1.08994
1.09536
1.10038
1.10502
1.10927
1.11317
1.11669
1.11981
1.12257
1.12493
1.12693
1.12856
1.12978
1.13065
1.13118
1.1313
1.13105
1.13045
1.12948
1.12815
1.12647
1.12444
1.12204
1.1193
1.11621
1.11278
1.10903
1.10494
1.10052
1.09576
1.0907
1.08535
1.07967
1.07368
1.06739
1.06082
1.05397
1.04683
1.0394
1.03171
1.02377
1.01558
1.00712
0.998428
0.9895
0.980347
0.970977
0.961387
0.951589
0.941592
0.931406
0.921042
0.910503
0.899791
0.888913
0.877885
0.866712
0.855398
0.843958
0.832395
0.82072
0.808939
0.79706
0.785092
0.773043
0.760922
0.748737
0.736495
0.724206
0.711878
0.699516
0.687128
0.674724
0.662312
0.649899
0.637496
0.62511
0.61275
0.600422
0.588134
0.575894
0.56371
0.551591
0.539543
0.527573
0.515687
0.503889
0.492191
0.480599
0.469121
0.457761
0.446529
0.435427
0.424465
1.08415
1.09207
1.09958
1.10669
1.11342
1.11976
1.12571
1.13128
1.13644
1.14119
1.14555
1.14953
1.15311
1.15628
1.15906
1.16145
1.16344
1.16504
1.16624
1.16705
1.16749
1.16754
1.16718
1.16646
1.16536
1.16387
1.16203
1.15981
1.15722
1.15427
1.15095
1.14728
1.14326
1.1389
1.1342
1.12914
1.12376
1.11807
1.11206
1.10573
1.09907
1.09212
1.08488
1.07735
1.06952
1.06141
1.05303
1.0444
1.0355
1.02635
1.01695
1.00732
0.997463
0.987385
0.977085
0.96658
0.955879
0.944991
0.933923
0.922676
0.911262
0.899692
0.887972
0.87611
0.864117
0.851997
0.839761
0.82742
0.814979
0.802446
0.789832
0.777147
0.764397
0.75159
0.738736
0.725845
0.712923
0.699979
0.687021
0.674056
0.661097
0.648151
0.635226
0.622332
0.609477
0.596667
0.583911
0.571219
0.558597
0.546053
0.533595
0.521228
0.508963
0.496804
0.484762
0.472844
0.461058
0.449409
0.437903
0.426548
1.12002
1.1282
1.13596
1.1433
1.15024
1.15677
1.16289
1.16861
1.17391
1.17878
1.18324
1.1873
1.19094
1.19415
1.19696
1.19936
1.20134
1.20293
1.20408
1.20482
1.20519
1.20514
1.20467
1.20382
1.20257
1.20092
1.1989
1.19648
1.19368
1.1905
1.18695
1.18302
1.17872
1.17407
1.16907
1.16371
1.15799
1.15194
1.14557
1.13887
1.13183
1.12448
1.11683
1.10887
1.10062
1.09206
1.08323
1.07413
1.06475
1.05512
1.04523
1.0351
1.02473
1.01413
1.0033
0.992266
0.981021
0.969584
0.957956
0.946146
0.934165
0.922022
0.909727
0.897284
0.884704
0.871998
0.859171
0.846236
0.833205
0.820077
0.806866
0.793586
0.78024
0.766836
0.753387
0.739901
0.72639
0.712853
0.699308
0.685762
0.672225
0.658707
0.645214
0.631755
0.618342
0.604981
0.591682
0.578451
0.565298
0.55223
0.539257
0.526384
0.513621
0.500978
0.488463
0.47608
0.46384
0.451748
0.439818
0.428057
1.15732
1.16577
1.17378
1.18135
1.18851
1.19523
1.20153
1.2074
1.21284
1.21784
1.2224
1.22653
1.23024
1.2335
1.23634
1.23874
1.24071
1.24226
1.24337
1.24404
1.24431
1.24416
1.24358
1.24258
1.24118
1.23936
1.23714
1.23451
1.23149
1.22807
1.22426
1.22005
1.21546
1.21051
1.20518
1.19949
1.19342
1.187
1.18025
1.17315
1.16571
1.15793
1.14984
1.14144
1.13272
1.12371
1.11439
1.1048
1.09492
1.08478
1.07437
1.0637
1.05279
1.04164
1.03027
1.01867
1.00685
0.994832
0.982618
0.970215
0.957634
0.944891
0.931986
0.918929
0.90573
0.892402
0.878952
0.865396
0.851738
0.837984
0.824145
0.810232
0.796258
0.782229
0.768153
0.754039
0.739899
0.725743
0.711578
0.697418
0.68327
0.669144
0.655052
0.641001
0.626997
0.613051
0.599174
0.585374
0.571662
0.558041
0.544523
0.531118
0.517831
0.504674
0.491656
0.478783
0.466064
0.453507
0.44112
0.428919
1.1961
1.20483
1.2131
1.22092
1.2283
1.23522
1.2417
1.24773
1.25331
1.25843
1.26309
1.26731
1.27108
1.27438
1.27724
1.27964
1.2816
1.28311
1.28417
1.28477
1.28494
1.28467
1.28396
1.28282
1.28124
1.27923
1.27681
1.27396
1.2707
1.26702
1.26293
1.25843
1.25354
1.24826
1.24259
1.23653
1.2301
1.22329
1.21613
1.20861
1.20074
1.19252
1.18397
1.17509
1.16589
1.15638
1.14656
1.13645
1.12604
1.11535
1.1044
1.09317
1.08169
1.06996
1.058
1.0458
1.03339
1.02076
1.00792
0.994898
0.981688
0.968304
0.954758
0.941056
0.927206
0.913224
0.89912
0.884901
0.870579
0.856166
0.841667
0.827089
0.812449
0.797757
0.783021
0.768246
0.753446
0.738632
0.723816
0.709008
0.694217
0.679452
0.664723
0.650038
0.635412
0.620853
0.606365
0.591963
0.577655
0.563452
0.549361
0.535389
0.521549
0.507848
0.494297
0.480905
0.467682
0.454634
0.441773
0.429102
1.23645
1.24546
1.254
1.26207
1.26967
1.27681
1.28347
1.28967
1.29539
1.30063
1.3054
1.30969
1.31352
1.31687
1.31974
1.32214
1.32408
1.32555
1.32654
1.32706
1.32713
1.32674
1.32589
1.32458
1.32282
1.32061
1.31797
1.31488
1.31136
1.3074
1.30302
1.29822
1.293
1.28737
1.28134
1.27491
1.26808
1.26086
1.25327
1.24531
1.23698
1.22829
1.21926
1.20987
1.20016
1.19013
1.17977
1.16911
1.15814
1.14689
1.13535
1.12353
1.11145
1.09911
1.08653
1.0737
1.06065
1.04738
1.03389
1.02021
1.00634
0.992282
0.978057
0.963671
0.949137
0.934468
0.919674
0.90476
0.889739
0.874624
0.859422
0.844147
0.828809
0.813416
0.797981
0.78251
0.767015
0.75151
0.736005
0.720514
0.705042
0.6896
0.674198
0.65885
0.643566
0.628355
0.613225
0.598184
0.58325
0.568427
0.553727
0.53916
0.524733
0.510457
0.496343
0.482406
0.468646
0.455076
0.441702
0.428536
1.27842
1.28773
1.29654
1.30487
1.31271
1.32006
1.32691
1.33327
1.33914
1.34451
1.34938
1.35376
1.35764
1.36102
1.36392
1.36631
1.36822
1.36964
1.37056
1.37099
1.37095
1.37042
1.36941
1.36793
1.36598
1.36355
1.36067
1.35734
1.35354
1.34929
1.3446
1.33947
1.3339
1.32791
1.32149
1.31466
1.30741
1.29976
1.29171
1.28328
1.27447
1.26529
1.25574
1.24584
1.23558
1.22499
1.21407
1.20282
1.19127
1.17941
1.16726
1.15482
1.1421
1.12912
1.11588
1.10239
1.08867
1.07471
1.06054
1.04617
1.03159
1.01683
1.00189
0.986789
0.971535
0.956137
0.940613
0.924969
0.909213
0.893361
0.877425
0.86141
0.845331
0.8292
0.813024
0.796821
0.780594
0.764359
0.74813
0.731913
0.715722
0.699566
0.683458
0.667408
0.651427
0.635525
0.619715
0.604007
0.588406
0.572931
0.557588
0.542386
0.527338
0.512456
0.497749
0.483227
0.468901
0.454776
0.440864
0.427175
1.32209
1.33171
1.34081
1.3494
1.35748
1.36505
1.37209
1.37862
1.38464
1.39014
1.39511
1.39957
1.40351
1.40693
1.40983
1.41222
1.41409
1.41545
1.4163
1.41663
1.41646
1.41579
1.41462
1.41295
1.41078
1.40813
1.405
1.40139
1.3973
1.39274
1.38771
1.38223
1.3763
1.36992
1.36309
1.35584
1.34816
1.34004
1.33152
1.32259
1.31328
1.30357
1.29348
1.28302
1.27219
1.26102
1.2495
1.23764
1.22546
1.21296
1.20016
1.18706
1.17368
1.16001
1.14608
1.1319
1.11746
1.10279
1.0879
1.07279
1.05747
1.04197
1.02628
1.01042
0.994408
0.978246
0.961952
0.945535
0.929006
0.912378
0.895664
0.878875
0.862016
0.845105
0.828153
0.811169
0.79417
0.777166
0.760166
0.743188
0.726237
0.709327
0.692472
0.67568
0.658965
0.642337
0.625807
0.609386
0.593089
0.57692
0.560895
0.545027
0.529325
0.513799
0.498461
0.483325
0.468394
0.453683
0.439199
0.424952
1.36754
1.37748
1.38687
1.39573
1.40406
1.41185
1.4191
1.42581
1.43197
1.4376
1.44268
1.44722
1.45121
1.45466
1.45757
1.45994
1.46177
1.46307
1.46383
1.46405
1.46375
1.46292
1.46157
1.4597
1.45731
1.45441
1.45101
1.44711
1.44271
1.43782
1.43244
1.42659
1.42026
1.41347
1.40621
1.39851
1.39035
1.38176
1.37274
1.36329
1.35344
1.34317
1.33251
1.32146
1.31004
1.29825
1.28609
1.27359
1.26075
1.24758
1.2341
1.22031
1.20621
1.19183
1.17718
1.16225
1.14707
1.13164
1.11598
1.10009
1.084
1.06771
1.05124
1.03458
1.01777
1.0008
0.983697
0.966466
0.949122
0.931679
0.914145
0.896533
0.878856
0.861124
0.84335
0.82555
0.807734
0.789914
0.772107
0.754318
0.736565
0.718862
0.701218
0.683643
0.666151
0.648755
0.631465
0.614294
0.597252
0.580355
0.563611
0.547038
0.530642
0.514436
0.498432
0.48264
0.467073
0.451737
0.436642
0.421803
1.41485
1.42511
1.43481
1.44396
1.45254
1.46056
1.46801
1.4749
1.48122
1.48697
1.49215
1.49677
1.50082
1.50429
1.5072
1.50955
1.51134
1.51256
1.51323
1.51333
1.51288
1.51189
1.51034
1.50826
1.50563
1.50247
1.49877
1.49456
1.48983
1.48459
1.47884
1.47259
1.46585
1.45862
1.45091
1.44272
1.43408
1.42497
1.41542
1.40543
1.395
1.38415
1.37289
1.36122
1.34916
1.33672
1.3239
1.31072
1.29719
1.28332
1.26911
1.25458
1.23974
1.2246
1.20918
1.19348
1.17751
1.16129
1.14482
1.12812
1.1112
1.09408
1.07678
1.05929
1.04163
1.02381
1.00585
0.987765
0.969565
0.951256
0.932858
0.914379
0.895838
0.877244
0.858609
0.839945
0.82127
0.802592
0.783925
0.765288
0.746692
0.728148
0.709668
0.691268
0.672955
0.654746
0.636655
0.618688
0.600867
0.583199
0.565698
0.548373
0.53124
0.514313
0.497604
0.481122
0.464875
0.448877
0.43314
0.417671
1.4641
1.4747
1.48472
1.49415
1.503
1.51125
1.51891
1.52598
1.53246
1.53834
1.54362
1.54831
1.55241
1.55591
1.55882
1.56114
1.56287
1.56401
1.56457
1.56454
1.56394
1.56276
1.56101
1.55869
1.55581
1.55237
1.54837
1.54383
1.53875
1.53313
1.52699
1.52032
1.51313
1.50544
1.49725
1.48856
1.47939
1.46975
1.45963
1.44906
1.43804
1.42657
1.41466
1.40235
1.38963
1.3765
1.36298
1.34908
1.33481
1.32019
1.30523
1.28993
1.27431
1.25837
1.24213
1.22561
1.20881
1.19175
1.17444
1.15688
1.1391
1.1211
1.10291
1.08454
1.06599
1.04728
1.02842
1.00944
0.99033
0.971116
0.951805
0.932417
0.912963
0.893457
0.873914
0.854341
0.834756
0.815174
0.795611
0.776077
0.756588
0.737157
0.717797
0.698521
0.679345
0.66028
0.64134
0.622541
0.603891
0.585406
0.567102
0.548984
0.531074
0.513386
0.495928
0.478709
0.461742
0.445042
0.428621
0.412488
1.51537
1.52632
1.53667
1.5464
1.55552
1.56401
1.57188
1.57914
1.58577
1.59178
1.59717
1.60194
1.60608
1.6096
1.6125
1.61479
1.61645
1.6175
1.61795
1.61778
1.617
1.61562
1.61365
1.61109
1.60793
1.60419
1.59987
1.59499
1.58953
1.58352
1.57695
1.56983
1.56218
1.55401
1.54531
1.53609
1.52636
1.51614
1.50544
1.49425
1.48259
1.47047
1.45791
1.4449
1.43147
1.41762
1.40336
1.38871
1.37367
1.35827
1.3425
1.32639
1.30994
1.29316
1.27607
1.25868
1.241
1.22306
1.20485
1.1864
1.1677
1.14879
1.12967
1.11036
1.09088
1.07123
1.05143
1.03149
1.01143
0.991257
0.970992
0.950644
0.930231
0.909762
0.889256
0.868727
0.848186
0.827652
0.807141
0.786663
0.766235
0.745865
0.725577
0.705379
0.68529
0.665321
0.645487
0.625807
0.606284
0.586934
0.567774
0.548825
0.530095
0.511597
0.493341
0.475344
0.457617
0.440172
0.423024
0.406182
1.56876
1.58008
1.59076
1.6008
1.61019
1.61893
1.62702
1.63447
1.64126
1.64741
1.65289
1.65773
1.66191
1.66545
1.66834
1.67058
1.67217
1.67312
1.67344
1.67312
1.67216
1.67057
1.66836
1.66553
1.66209
1.65803
1.65337
1.6481
1.64225
1.63582
1.62881
1.62122
1.61308
1.60438
1.59514
1.58536
1.57505
1.56423
1.55289
1.54106
1.52873
1.51593
1.50266
1.48893
1.47475
1.46014
1.44511
1.42966
1.41381
1.39758
1.38097
1.364
1.34667
1.32901
1.31102
1.29273
1.27413
1.25525
1.2361
1.2167
1.19705
1.17716
1.15708
1.13679
1.11631
1.09567
1.07487
1.05393
1.03286
1.01169
0.990413
0.969053
0.947625
0.92615
0.904635
0.883094
0.861546
0.840006
0.818492
0.797018
0.775596
0.754247
0.732979
0.711812
0.69076
0.669838
0.649061
0.628441
0.607996
0.587738
0.56768
0.547841
0.528241
0.508885
0.489791
0.470966
0.452432
0.434201
0.41628
0.398686
1.62437
1.63607
1.64709
1.65744
1.66712
1.67611
1.68443
1.69206
1.69902
1.70529
1.71088
1.71579
1.72002
1.72357
1.72643
1.72862
1.73013
1.73097
1.73114
1.73066
1.7295
1.72769
1.72522
1.72211
1.71835
1.71395
1.70893
1.70327
1.697
1.69012
1.68263
1.67456
1.66589
1.65665
1.64683
1.63646
1.62553
1.61407
1.60207
1.58956
1.57653
1.563
1.54898
1.53449
1.51953
1.50411
1.48826
1.47198
1.45527
1.43817
1.42067
1.40279
1.38455
1.36596
1.34703
1.32778
1.30822
1.28836
1.26821
1.24781
1.22715
1.20625
1.18513
1.16381
1.1423
1.12061
1.09876
1.07677
1.05464
1.03241
1.01007
0.987646
0.965155
0.942607
0.920024
0.897423
0.874815
0.852223
0.829654
0.807124
0.784658
0.762267
0.739972
0.71778
0.695714
0.67379
0.652016
0.630405
0.608982
0.587763
0.566757
0.545985
0.525458
0.505195
0.485208
0.465515
0.446124
0.427052
0.408316
0.389921
1.68229
1.69438
1.70575
1.71643
1.72639
1.73565
1.7442
1.75203
1.75914
1.76555
1.77124
1.77621
1.78048
1.78403
1.78686
1.78899
1.79042
1.79113
1.79116
1.79049
1.78912
1.78706
1.78432
1.78091
1.77682
1.77207
1.76665
1.76058
1.75386
1.74651
1.73852
1.72992
1.7207
1.71087
1.70046
1.68946
1.67788
1.66574
1.65304
1.6398
1.62603
1.61174
1.59694
1.58164
1.56585
1.5496
1.53288
1.51571
1.49811
1.48009
1.46166
1.44283
1.42362
1.40405
1.38413
1.36387
1.34329
1.3224
1.30122
1.27976
1.25804
1.23607
1.21387
1.19146
1.16885
1.14607
1.12312
1.10001
1.07677
1.05342
1.02996
1.00642
0.982805
0.959139
0.935433
0.911707
0.887983
0.864273
0.840593
0.81696
0.793395
0.769909
0.746521
0.723254
0.700118
0.677129
0.654299
0.631651
0.609198
0.586958
0.564948
0.543187
0.521688
0.500464
0.479533
0.458909
0.438612
0.418655
0.39905
0.379811
1.74264
1.75511
1.76686
1.77786
1.78813
1.79765
1.80643
1.81446
1.82174
1.82828
1.83407
1.83911
1.8434
1.84695
1.84975
1.85181
1.85314
1.85372
1.85358
1.85271
1.85111
1.84879
1.84577
1.84203
1.83759
1.83245
1.82662
1.82011
1.81292
1.80506
1.79655
1.78739
1.77759
1.76715
1.7561
1.74443
1.73217
1.71931
1.70588
1.69188
1.67732
1.66223
1.6466
1.63046
1.6138
1.59665
1.57901
1.56092
1.54238
1.52339
1.50397
1.48414
1.46392
1.44332
1.42235
1.40103
1.37938
1.3574
1.33513
1.31257
1.28974
1.26664
1.24331
1.21975
1.19599
1.17205
1.14794
1.12367
1.09926
1.07472
1.05009
1.02537
1.00057
0.975723
0.950839
0.925939
0.901036
0.876149
0.851296
0.826501
0.801775
0.777137
0.752607
0.728198
0.703933
0.679816
0.655876
0.632129
0.60859
0.585274
0.562206
0.539398
0.516865
0.49462
0.472688
0.451085
0.429824
0.408927
0.388403
0.368264
1.80551
1.81839
1.83051
1.84186
1.85243
1.86223
1.87124
1.87948
1.88692
1.89359
1.89948
1.90458
1.9089
1.91244
1.9152
1.91718
1.91839
1.91883
1.91851
1.91742
1.91558
1.91299
1.90964
1.90557
1.90075
1.8952
1.88893
1.88195
1.87426
1.86588
1.85681
1.84706
1.83663
1.82556
1.81383
1.80147
1.78848
1.77487
1.76066
1.74585
1.73048
1.71453
1.69803
1.68099
1.66342
1.64533
1.62674
1.60766
1.58812
1.56811
1.54767
1.52679
1.5055
1.48382
1.46175
1.43931
1.41653
1.39342
1.36999
1.34627
1.32226
1.29798
1.27346
1.2487
1.22374
1.19858
1.17323
1.14774
1.1221
1.09633
1.07045
1.04449
1.01845
0.992361
0.966237
0.940091
0.913948
0.887828
0.86175
0.835726
0.809776
0.783922
0.758181
0.732572
0.707113
0.68182
0.656706
0.631798
0.607106
0.582654
0.558465
0.534546
0.510919
0.487601
0.464614
0.441971
0.419692
0.397796
0.376293
0.355197
1.87101
1.88432
1.89683
1.90853
1.91942
1.92949
1.93875
1.94719
1.9548
1.9616
1.96758
1.97274
1.97708
1.9806
1.98331
1.98521
1.9863
1.98658
1.98606
1.98474
1.98264
1.97974
1.97607
1.97162
1.9664
1.96042
1.95369
1.94621
1.93799
1.92905
1.91939
1.90901
1.89794
1.88619
1.87375
1.86064
1.84689
1.83249
1.81745
1.80181
1.78556
1.76871
1.75129
1.73331
1.71477
1.6957
1.6761
1.656
1.6354
1.61433
1.59279
1.57081
1.5484
1.52557
1.50235
1.47875
1.45479
1.43048
1.40584
1.38088
1.35564
1.33012
1.30434
1.27833
1.2521
1.22565
1.19903
1.17223
1.1453
1.11823
1.09106
1.06378
1.03644
1.00904
0.981607
0.954159
0.926717
0.899295
0.871918
0.844598
0.817362
0.79023
0.763213
0.73634
0.709622
0.68308
0.656738
0.630601
0.604695
0.579043
0.55366
0.528574
0.503792
0.47934
0.455227
0.431484
0.408128
0.385172
0.362628
0.340524
1.93926
1.95302
1.96593
1.97799
1.9892
1.99956
2.00906
2.01771
2.0255
2.03242
2.03849
2.0437
2.04805
2.05155
2.0542
2.05601
2.05696
2.05706
2.05633
2.05477
2.05238
2.04917
2.04514
2.0403
2.03466
2.02822
2.02099
2.01298
2.00421
1.99467
1.98438
1.97336
1.9616
1.94912
1.93593
1.92204
1.90748
1.89225
1.87636
1.85981
1.84265
1.82486
1.80647
1.78749
1.76793
1.74782
1.72717
1.70598
1.68427
1.66207
1.6394
1.61625
1.59266
1.56864
1.5442
1.51938
1.49417
1.4686
1.44268
1.41645
1.38991
1.36309
1.33599
1.30865
1.28108
1.2533
1.22532
1.19717
1.16886
1.14043
1.11189
1.08325
1.05453
1.02576
0.996948
0.968127
0.939313
0.910523
0.881779
0.853103
0.824515
0.796028
0.767677
0.739466
0.711417
0.683563
0.65591
0.628483
0.601299
0.574383
0.54775
0.52142
0.495415
0.469755
0.444463
0.419549
0.395049
0.370966
0.347328
0.324155
2.0104
2.02461
2.03793
2.05037
2.06191
2.07256
2.0823
2.09116
2.09912
2.10618
2.11233
2.11759
2.12196
2.12543
2.128
2.1297
2.1305
2.13041
2.12945
2.12763
2.12494
2.12138
2.11697
2.11172
2.10562
2.09869
2.09094
2.08238
2.07301
2.06284
2.05189
2.04018
2.0277
2.01446
2.00047
1.98577
1.97036
1.95424
1.93744
1.91996
1.90182
1.88304
1.86363
1.8436
1.82298
1.80178
1.78001
1.75768
1.73481
1.71143
1.68755
1.66318
1.63835
1.61306
1.58736
1.56124
1.53473
1.50783
1.48058
1.45299
1.42508
1.39689
1.36842
1.33968
1.31071
1.28151
1.25212
1.22255
1.19281
1.16294
1.13295
1.10288
1.07271
1.0425
1.01224
0.981979
0.951723
0.921494
0.891313
0.861208
0.831192
0.801293
0.77152
0.741907
0.712467
0.683221
0.654187
0.625392
0.596862
0.568612
0.540657
0.513014
0.485721
0.458792
0.432241
0.406097
0.380377
0.355106
0.330304
0.305992
2.08455
2.09922
2.11297
2.12578
2.13766
2.1486
2.15861
2.16768
2.17581
2.18299
2.18923
2.19454
2.19891
2.20234
2.20483
2.2064
2.20703
2.20674
2.20554
2.20343
2.20042
2.19649
2.19168
2.18598
2.17941
2.17196
2.16365
2.1545
2.1445
2.13367
2.12203
2.10958
2.09633
2.08229
2.06747
2.0519
2.03559
2.01855
2.00079
1.98232
1.96317
1.94334
1.92286
1.90173
1.87998
1.85763
1.83468
1.81116
1.78707
1.76244
1.73729
1.71165
1.68551
1.65891
1.63185
1.60437
1.57649
1.5482
1.51955
1.49055
1.46122
1.43157
1.40165
1.37145
1.341
1.31032
1.27943
1.24837
1.21713
1.18576
1.15426
1.12267
1.09099
1.05925
1.02749
0.995702
0.963925
0.932185
0.900503
0.868891
0.83737
0.805971
0.774714
0.743621
0.712712
0.682002
0.651521
0.621292
0.591329
0.561662
0.532312
0.5033
0.474641
0.446357
0.418486
0.391035
0.364037
0.337508
0.311465
0.285935
2.16183
2.17699
2.19118
2.20438
2.2166
2.22785
2.23812
2.2474
2.2557
2.26301
2.26933
2.27468
2.27903
2.2824
2.28481
2.28625
2.2867
2.28619
2.28473
2.28231
2.27894
2.27463
2.26939
2.26322
2.25613
2.24813
2.23924
2.22946
2.2188
2.20727
2.19489
2.18167
2.1676
2.15272
2.13703
2.12055
2.10329
2.08527
2.0665
2.04699
2.02676
2.00584
1.98423
1.96195
1.93901
1.91545
1.89127
1.86648
1.84111
1.81517
1.7887
1.7617
1.7342
1.7062
1.67774
1.64883
1.6195
1.58977
1.55964
1.52914
1.49832
1.46716
1.4357
1.40396
1.37197
1.33973
1.30728
1.27465
1.24184
1.20888
1.1758
1.14261
1.10934
1.07601
1.04266
1.00928
0.975913
0.942584
0.909303
0.87611
0.843019
0.81005
0.777228
0.744574
0.71211
0.67986
0.647858
0.616114
0.584649
0.553489
0.522664
0.49219
0.462097
0.432404
0.40312
0.374295
0.345938
0.318065
0.290704
0.263891
2.2424
2.25805
2.27268
2.28629
2.29887
2.31044
2.32096
2.33046
2.33892
2.34636
2.35277
2.35813
2.36246
2.36578
2.36809
2.36937
2.36963
2.36888
2.36713
2.36439
2.36064
2.35592
2.35022
2.34355
2.33592
2.32734
2.31782
2.30738
2.29601
2.28375
2.27059
2.25654
2.24162
2.22585
2.20924
2.19179
2.17354
2.1545
2.13467
2.11406
2.09271
2.07063
2.04783
2.02433
2.00016
1.97532
1.94984
1.92372
1.897
1.8697
1.84183
1.81341
1.78447
1.75501
1.72507
1.69466
1.66382
1.63255
1.60088
1.56883
1.53641
1.50367
1.47061
1.43725
1.40364
1.36977
1.33569
1.3014
1.26693
1.23231
1.19756
1.16271
1.12777
1.09277
1.05773
1.02269
0.987656
0.952655
0.917711
0.882849
0.848099
0.813475
0.77901
0.744715
0.710622
0.676758
0.643139
0.609802
0.576759
0.544034
0.511645
0.47964
0.448029
0.416831
0.386077
0.355779
0.32598
0.29669
0.267946
0.239766
2.32639
2.34254
2.35764
2.37166
2.38462
2.39649
2.40728
2.41699
2.42563
2.43319
2.43966
2.44505
2.44936
2.45261
2.4548
2.45591
2.45595
2.45495
2.4529
2.4498
2.44566
2.44049
2.4343
2.4271
2.4189
2.4097
2.39952
2.38837
2.37627
2.36323
2.34925
2.33433
2.31851
2.3018
2.28421
2.26576
2.24646
2.22632
2.20537
2.18362
2.16109
2.13779
2.11374
2.08897
2.06348
2.0373
2.01045
1.98295
1.95482
1.92607
1.89674
1.86683
1.83637
1.80539
1.77389
1.74192
1.70948
1.6766
1.64331
1.60961
1.57555
1.54114
1.5064
1.47135
1.43602
1.40045
1.36464
1.32863
1.29243
1.25607
1.21956
1.18295
1.14627
1.10952
1.07273
1.03593
0.999133
0.962375
0.925686
0.889085
0.852583
0.816219
0.780017
0.744008
0.708205
0.672633
0.637331
0.602309
0.567599
0.533216
0.499198
0.465574
0.432358
0.399574
0.367247
0.335408
0.304085
0.273302
0.243079
0.213447
2.41395
2.43063
2.4462
2.46065
2.47398
2.48617
2.49723
2.50717
2.51597
2.52364
2.53018
2.53558
2.53987
2.54304
2.54509
2.54602
2.54583
2.54455
2.54217
2.53869
2.53412
2.52848
2.52177
2.51401
2.5052
2.49535
2.48447
2.47258
2.4597
2.44583
2.43096
2.41514
2.39836
2.38067
2.36206
2.34254
2.32213
2.30085
2.27873
2.25576
2.23198
2.2074
2.18205
2.15593
2.12907
2.10149
2.07321
2.04424
2.01462
1.98437
1.95349
1.92202
1.88998
1.85738
1.82426
1.79064
1.75653
1.72196
1.68696
1.65155
1.61575
1.57959
1.54309
1.50628
1.46917
1.43179
1.39417
1.35634
1.31833
1.28013
1.24181
1.20336
1.16483
1.12624
1.08761
1.04896
1.01032
0.971728
0.933209
0.894765
0.85644
0.818251
0.780237
0.74241
0.704806
0.667449
0.630365
0.593573
0.557103
0.52099
0.485253
0.449923
0.415012
0.380552
0.346565
0.313101
0.280172
0.2478
0.216018
0.184835
2.50524
2.52246
2.53853
2.55342
2.56712
2.57963
2.59096
2.60113
2.6101
2.61788
2.62447
2.62989
2.63414
2.63722
2.63911
2.63983
2.6394
2.63782
2.63509
2.63119
2.62617
2.62004
2.61278
2.60441
2.59495
2.5844
2.57279
2.56012
2.54641
2.53166
2.51587
2.49908
2.48131
2.46258
2.44289
2.42224
2.40067
2.3782
2.35483
2.3306
2.30551
2.27958
2.25285
2.22532
2.19701
2.16796
2.13817
2.10768
2.07649
2.04465
2.01215
1.97904
1.94533
1.91106
1.87622
1.84087
1.80501
1.76868
1.73189
1.69468
1.65706
1.61906
1.58071
1.54203
1.50305
1.4638
1.4243
1.38456
1.34462
1.30452
1.26427
1.2239
1.18346
1.14293
1.10236
1.06178
1.02122
0.9807
0.940234
0.899869
0.85963
0.819534
0.779599
0.739876
0.700382
0.66115
0.622188
0.583536
0.545223
0.50728
0.469736
0.432597
0.395906
0.359679
0.323966
0.288774
0.254138
0.220083
0.186635
0.153832
2.60042
2.61821
2.63478
2.65011
2.66419
2.67703
2.68865
2.69904
2.70817
2.71606
2.72271
2.72813
2.73233
2.73529
2.73701
2.73751
2.73681
2.73491
2.73179
2.72746
2.72197
2.7153
2.70746
2.69846
2.68831
2.67702
2.66463
2.65113
2.63654
2.62086
2.60411
2.58631
2.56748
2.54765
2.52682
2.50499
2.4822
2.45845
2.43379
2.40821
2.38174
2.35441
2.32623
2.29721
2.2674
2.23679
2.20543
2.17332
2.1405
2.10698
2.0728
2.03796
2.00251
1.96646
1.92984
1.89267
1.85497
1.81679
1.77813
1.73902
1.6995
1.65958
1.61929
1.57866
1.53772
1.49649
1.455
1.41328
1.37135
1.32924
1.28698
1.2446
1.20211
1.15956
1.11698
1.07438
1.03179
0.989235
0.946754
0.90437
0.862112
0.820013
0.778083
0.736355
0.694884
0.653676
0.612752
0.572144
0.531893
0.492027
0.452556
0.413531
0.374963
0.336891
0.299331
0.262323
0.225886
0.190052
0.154853
0.120325
2.69968
2.71804
2.73511
2.75089
2.76537
2.77856
2.79047
2.80107
2.81037
2.81835
2.82505
2.83046
2.83459
2.83742
2.83896
2.83924
2.83824
2.83597
2.83244
2.82767
2.82167
2.81442
2.80595
2.79629
2.78541
2.77335
2.76013
2.74575
2.73023
2.71358
2.6958
2.67694
2.657
2.636
2.61396
2.59089
2.56681
2.54174
2.5157
2.48872
2.46081
2.43199
2.40228
2.37171
2.3403
2.30808
2.27505
2.24126
2.20671
2.17145
2.13549
2.09885
2.06156
2.02366
1.98516
1.94608
1.90647
1.86633
1.82571
1.78463
1.7431
1.70117
1.65885
1.61619
1.57319
1.52989
1.48632
1.44251
1.39849
1.35429
1.30992
1.26542
1.22082
1.17615
1.13144
1.08671
1.042
0.997324
0.952738
0.90824
0.86386
0.819643
0.775626
0.73182
0.688255
0.644968
0.601987
0.559339
0.517049
0.475145
0.433683
0.392659
0.352114
0.312074
0.272571
0.233643
0.195318
0.15762
0.120576
0.0842113
2.80319
2.82212
2.83972
2.85596
2.87085
2.88439
2.89657
2.90739
2.91685
2.92493
2.93168
2.93707
2.9411
2.94379
2.94515
2.94516
2.94384
2.94118
2.93722
2.93197
2.9254
2.91754
2.90843
2.89805
2.8864
2.87352
2.85942
2.84412
2.82762
2.80993
2.79109
2.7711
2.74998
2.72777
2.70446
2.68008
2.65464
2.62817
2.6007
2.57223
2.5428
2.51242
2.48111
2.44891
2.41583
2.38189
2.34713
2.31156
2.27522
2.23812
2.20029
2.16176
2.12256
2.08271
2.04223
2.00117
1.95954
1.91737
1.87469
1.83153
1.78791
1.74387
1.69943
1.65462
1.60947
1.56401
1.51827
1.47228
1.42606
1.37965
1.33308
1.28637
1.23955
1.19266
1.14572
1.09878
1.05184
1.00495
0.958133
0.911421
0.864839
0.818417
0.772192
0.726195
0.680449
0.634977
0.589829
0.545035
0.500613
0.456596
0.41301
0.369891
0.327258
0.285155
0.243622
0.202667
0.162341
0.122665
0.0836638
0.0453621
2.9111
2.93065
2.94879
2.96551
2.98082
2.99469
3.00714
3.01819
3.0278
3.03599
3.04276
3.04812
3.05205
3.05459
3.05573
3.05545
3.05377
3.05072
3.0463
3.0405
3.03335
3.02487
3.01506
3.00391
2.99144
2.97769
2.96267
2.94639
2.92885
2.91008
2.8901
2.86893
2.84658
2.82307
2.79842
2.77266
2.7458
2.71787
2.68888
2.65885
2.62782
2.5958
2.56282
2.5289
2.49406
2.45834
2.42175
2.38432
2.34608
2.30706
2.26728
2.22677
2.18555
2.14366
2.10113
2.05797
2.01423
1.96993
1.92509
1.87976
1.83395
1.7877
1.74104
1.69399
1.64659
1.59887
1.55085
1.50257
1.45406
1.40534
1.35646
1.30743
1.2583
1.20908
1.15982
1.11054
1.06128
1.01207
0.96292
0.91388
0.864996
0.816278
0.767737
0.719442
0.671413
0.623661
0.576235
0.529178
0.48251
0.436262
0.390462
0.345133
0.300325
0.256069
0.212383
0.169298
0.126853
0.0850827
0.0440132
0.00367363
3.02362
3.0438
3.0625
3.07971
3.09542
3.10965
3.1224
3.13366
3.14342
3.1517
3.1585
3.1638
3.16763
3.16998
3.17086
3.17027
3.16823
3.16475
3.15983
3.15347
3.14571
3.13654
3.12597
3.11402
3.1007
3.08603
3.07003
3.05271
3.03408
3.01417
2.99299
2.97056
2.94691
2.92205
2.896
2.86879
2.84043
2.81094
2.78036
2.7487
2.71599
2.68225
2.6475
2.61178
2.5751
2.5375
2.499
2.45962
2.4194
2.37835
2.33652
2.29393
2.25061
2.20658
2.16189
2.11655
2.07059
2.02406
1.97697
1.92936
1.88126
1.8327
1.78371
1.73432
1.68456
1.63447
1.58407
1.53339
1.48248
1.43135
1.38005
1.3286
1.27704
1.22539
1.1737
1.12199
1.0703
1.01865
0.967077
0.915616
0.864293
0.813143
0.762209
0.711507
0.661067
0.610942
0.561156
0.511724
0.462684
0.414087
0.365957
0.318331
0.271231
0.224696
0.178738
0.133419
0.0887598
0.0447829
0.00153419
-0.0409473
3.14096
3.16178
3.18104
3.19874
3.21488
3.22948
3.24252
3.25399
3.2639
3.27226
3.27906
3.2843
3.288
3.29014
3.29075
3.28984
3.28741
3.28346
3.278
3.27105
3.26262
3.25272
3.24136
3.22856
3.21433
3.19869
3.18165
3.16324
3.14346
3.12234
3.0999
3.07616
3.05113
3.02484
2.99731
2.96857
2.93863
2.90752
2.87527
2.84189
2.80741
2.77187
2.73527
2.69766
2.65905
2.61947
2.57896
2.53753
2.49523
2.45207
2.4081
2.36333
2.3178
2.27154
2.22458
2.17694
2.12868
2.07981
2.03036
1.98037
1.92987
1.87889
1.82746
1.77562
1.7234
1.67082
1.61793
1.56475
1.51133
1.45768
1.40385
1.34987
1.29577
1.24159
1.18735
1.1331
1.07886
1.02466
0.970549
0.916546
0.862689
0.809013
0.755549
0.702328
0.649386
0.596757
0.544474
0.492562
0.44107
0.390024
0.339453
0.289386
0.239877
0.190937
0.142616
0.0949331
0.0479431
0.00166526
-0.0438665
-0.0886345
3.26332
3.28478
3.30462
3.32283
3.33942
3.35438
3.36771
3.37939
3.38944
3.39787
3.40466
3.40982
3.41337
3.4153
3.41562
3.41434
3.41148
3.40703
3.401
3.39341
3.38428
3.37361
3.36141
3.34771
3.33251
3.31584
3.29771
3.27814
3.25715
3.23476
3.21098
3.18585
3.15938
3.13159
3.10251
3.07216
3.04056
3.00774
2.97373
2.93854
2.90221
2.86477
2.82623
2.78662
2.74599
2.70434
2.66172
2.61815
2.57367
2.5283
2.48207
2.43502
2.38718
2.33858
2.28925
2.23922
2.18853
2.13721
2.08529
2.03281
1.9798
1.92629
1.87232
1.81791
1.76311
1.70794
1.65245
1.59666
1.5406
1.48432
1.42785
1.37123
1.31447
1.25763
1.20074
1.14383
1.08693
1.03007
0.973299
0.916644
0.860138
0.803816
0.747712
0.69186
0.636292
0.581045
0.526152
0.471652
0.417575
0.363957
0.310828
0.258224
0.206181
0.154736
0.10392
0.0537706
0.00432155
-0.0443954
-0.0923454
-0.139496
3.39089
3.41303
3.43347
3.4522
3.46923
3.48455
3.49817
3.51006
3.52025
3.52873
3.5355
3.54057
3.54395
3.54564
3.54564
3.54398
3.54064
3.53565
3.52902
3.52075
3.51087
3.49938
3.48629
3.47163
3.45542
3.43766
3.41838
3.39759
3.37532
3.35158
3.32641
3.29981
3.27181
3.24245
3.21173
3.17968
3.14634
3.11173
3.07586
3.03878
3.0005
2.96106
2.92048
2.8788
2.83603
2.79222
2.74739
2.70157
2.6548
2.60711
2.55853
2.50908
2.45882
2.40777
2.35595
2.30342
2.25019
2.19631
2.14182
2.08673
2.03109
1.97494
1.9183
1.86121
1.80372
1.74584
1.68762
1.6291
1.5703
1.51127
1.45204
1.39265
1.33312
1.27351
1.21384
1.15415
1.09447
1.03484
0.975294
0.915865
0.856589
0.7975
0.738638
0.680034
0.621723
0.563742
0.506126
0.448911
0.392132
0.335822
0.280017
0.224752
0.170064
0.115989
0.0625604
0.00981591
-0.0422127
-0.0934894
-0.143978
-0.193644
3.52391
3.54674
3.56779
3.58706
3.60453
3.62022
3.63412
3.64623
3.65654
3.66506
3.67181
3.67677
3.67995
3.68137
3.68103
3.67894
3.67511
3.66954
3.66226
3.65327
3.64258
3.63022
3.6162
3.60053
3.58323
3.56432
3.54382
3.52175
3.49812
3.47297
3.44632
3.41818
3.38858
3.35755
3.32511
3.29129
3.25612
3.21961
3.1818
3.14273
3.10241
3.06087
3.01815
2.97428
2.92928
2.88319
2.83604
2.78787
2.7387
2.68858
2.63753
2.58559
2.53279
2.47916
2.42475
2.36959
2.31372
2.25716
2.19996
2.14215
2.08377
2.02484
1.96542
1.90554
1.84522
1.78451
1.72345
1.66207
1.60041
1.53851
1.4764
1.41412
1.35171
1.2892
1.22663
1.16404
1.10146
1.03893
0.976483
0.914156
0.851988
0.790014
0.728269
0.666791
0.605616
0.544779
0.484316
0.424265
0.364658
0.305538
0.246936
0.188887
0.131431
0.0746032
0.0184381
-0.0370301
-0.0917642
-0.145727
-0.198881
-0.251188
3.66261
3.68615
3.70782
3.72763
3.74556
3.76162
3.7758
3.7881
3.79853
3.8071
3.81379
3.81862
3.82159
3.82272
3.822
3.81945
3.81508
3.8089
3.80092
3.79116
3.77963
3.76635
3.75132
3.73458
3.71614
3.69601
3.67422
3.65079
3.62574
3.5991
3.57089
3.54112
3.50984
3.47706
3.44281
3.40712
3.37002
3.33153
3.29168
3.25051
3.20804
3.16431
3.11934
3.07317
3.02583
2.97736
2.92778
2.87714
2.82547
2.77279
2.71916
2.66459
2.60914
2.55283
2.4957
2.4378
2.37915
2.31979
2.25976
2.1991
2.13785
2.07604
2.01371
1.95089
1.88764
1.82397
1.75994
1.69558
1.63093
1.56603
1.50091
1.43562
1.37019
1.30466
1.23907
1.17345
1.10784
1.04229
0.976815
0.911471
0.846283
0.781296
0.716547
0.652067
0.5879
0.524083
0.46065
0.397636
0.335082
0.273026
0.2115
0.150543
0.0901932
0.0304827
-0.0285503
-0.0868684
-0.144436
-0.201211
-0.25716
-0.31224
3.80721
3.83148
3.85379
3.87414
3.89254
3.90897
3.92343
3.93593
3.94647
3.95506
3.96168
3.96636
3.9691
3.9699
3.96877
3.96573
3.96078
3.95394
3.94523
3.93464
3.92221
3.90794
3.89186
3.87399
3.85433
3.83292
3.80977
3.78491
3.75836
3.73014
3.70028
3.66881
3.63575
3.60113
3.56498
3.52732
3.48819
3.44761
3.40562
3.36225
3.31753
3.27149
3.22416
3.17559
3.1258
3.07483
3.0227
2.96947
2.91517
2.85982
2.80348
2.74617
2.68794
2.62882
2.56885
2.50807
2.44652
2.38424
2.32125
2.25762
2.19336
2.12853
2.06316
1.99729
1.93096
1.86421
1.79708
1.72961
1.66184
1.59381
1.52555
1.45712
1.38854
1.31986
1.25112
1.18234
1.11358
1.04487
0.976246
0.907749
0.839417
0.771288
0.703401
0.635794
0.568509
0.501578
0.435045
0.368946
0.303321
0.2382
0.173625
0.109629
0.0462545
-0.0164665
-0.0784961
-0.139795
-0.200325
-0.260049
-0.318932
-0.376912
3.95797
3.98298
4.00594
4.02686
4.04572
4.06252
4.07726
4.08996
4.10059
4.10918
4.11572
4.12022
4.1227
4.12314
4.12158
4.118
4.11244
4.10489
4.09538
4.08392
4.07053
4.05523
4.03803
4.01895
3.99801
3.97524
3.95065
3.92428
3.89614
3.86627
3.83468
3.8014
3.76648
3.72992
3.69176
3.65204
3.61078
3.56801
3.52377
3.47808
3.431
3.38254
3.33274
3.28164
3.22927
3.17568
3.12089
3.06495
3.00789
2.94975
2.89058
2.8304
2.76926
2.7072
2.64425
2.58047
2.51588
2.45054
2.38447
2.31772
2.25034
2.18235
2.1138
2.04474
1.97521
1.90524
1.83487
1.76415
1.69313
1.62183
1.55031
1.47859
1.40674
1.33477
1.26274
1.19067
1.11862
1.04662
0.974709
0.902929
0.831318
0.759917
0.688761
0.617896
0.54736
0.477191
0.407429
0.338114
0.26928
0.200968
0.133211
0.066048
-0.000485216
-0.066347
-0.131499
-0.19591
-0.259531
-0.322324
-0.384256
-0.445301
4.11513
4.1409
4.16453
4.18601
4.20534
4.22252
4.23754
4.25042
4.26114
4.26972
4.27615
4.28046
4.28263
4.28269
4.28064
4.2765
4.27027
4.26197
4.25162
4.23923
4.22482
4.20841
4.19002
4.16967
4.14737
4.12317
4.09707
4.0691
4.03929
4.00767
3.97425
3.93908
3.90219
3.86359
3.82333
3.78143
3.73793
3.69286
3.64625
3.59815
3.54858
3.49758
3.44518
3.39144
3.33638
3.28003
3.22245
3.16367
3.10372
3.04266
2.98052
2.91733
2.85315
2.78801
2.72196
2.65503
2.58727
2.51873
2.44943
2.37944
2.30877
2.2375
2.16564
2.09325
2.02036
1.94703
1.87329
1.79919
1.72477
1.65007
1.57514
1.50001
1.42473
1.34934
1.27388
1.19839
1.12291
1.04749
0.972151
0.896947
0.821922
0.747115
0.672558
0.598298
0.524379
0.450838
0.377714
0.305049
0.232875
0.161234
0.0901621
0.019698
-0.0501218
-0.11926
-0.187674
-0.255325
-0.322177
-0.38819
-0.453331
-0.517551
4.27896
4.30551
4.32982
4.35188
4.37168
4.38923
4.40453
4.41758
4.42837
4.43692
4.44323
4.4473
4.44915
4.44878
4.44622
4.44146
4.43452
4.42542
4.41417
4.40079
4.3853
4.36772
4.34806
4.32636
4.30264
4.27691
4.24921
4.21956
4.18799
4.15452
4.11918
4.08202
4.04305
4.00231
3.95983
3.91565
3.86979
3.8223
3.77321
3.72256
3.67039
3.61673
3.56161
3.50509
3.4472
3.38798
3.32747
3.26571
3.20275
3.13862
3.07337
3.00704
2.93967
2.87132
2.80201
2.7318
2.66072
2.58884
2.51617
2.44278
2.3687
2.29398
2.21867
2.1428
2.06643
1.98959
1.91233
1.8347
1.75674
1.6785
1.60001
1.52132
1.44248
1.36352
1.28449
1.20543
1.12639
1.04739
0.968497
0.88974
0.81116
0.732802
0.654708
0.576919
0.49948
0.422431
0.345811
0.269658
0.19401
0.118902
0.0443812
-0.0295206
-0.102762
-0.17531
-0.247121
-0.318155
-0.388374
-0.457737
-0.526215
-0.593752
4.44972
4.47707
4.50207
4.52471
4.545
4.56292
4.57849
4.59169
4.60254
4.61104
4.6172
4.62102
4.62251
4.62169
4.61855
4.61313
4.60543
4.59547
4.58326
4.56883
4.55219
4.53337
4.51238
4.48926
4.46402
4.43668
4.40729
4.37586
4.34243
4.30701
4.26965
4.23039
4.18924
4.14624
4.10143
4.05485
4.00652
3.95649
3.9048
3.85147
3.79657
3.74011
3.68214
3.62271
3.56185
3.49961
3.43604
3.37116
3.30504
3.2377
3.1692
3.09958
3.02888
2.95716
2.88445
2.81081
2.73627
2.66089
2.5847
2.50776
2.43012
2.35181
2.27289
2.1934
2.11338
2.03289
1.95197
1.87066
1.78901
1.70707
1.62488
1.54249
1.45993
1.37725
1.29451
1.21174
1.12898
1.04627
0.963674
0.881218
0.798944
0.716897
0.635126
0.55367
0.472574
0.391874
0.311618
0.23184
0.152576
0.0738709
-0.00423926
-0.0817169
-0.158522
-0.234611
-0.309951
-0.384505
-0.458227
-0.531077
-0.603032
-0.674024
4.6277
4.65587
4.68157
4.70481
4.72557
4.74387
4.75969
4.77305
4.78394
4.79236
4.79834
4.80187
4.80297
4.80164
4.79791
4.79177
4.78325
4.77237
4.75915
4.7436
4.72574
4.7056
4.6832
4.65856
4.63171
4.60269
4.57151
4.53821
4.50281
4.46535
4.42586
4.38437
4.34093
4.29556
4.2483
4.19919
4.14827
4.09557
4.04114
3.98501
3.92723
3.86784
3.80688
3.7444
3.68044
3.61504
3.54824
3.48011
3.41067
3.33998
3.26807
3.19501
3.12084
3.04559
2.96933
2.8921
2.81394
2.73491
2.65505
2.5744
2.49304
2.41098
2.3283
2.24503
2.16122
2.07691
1.99217
1.90703
1.82154
1.73575
1.6497
1.56345
1.47702
1.39049
1.30388
1.21724
1.13061
1.04406
0.957605
0.871297
0.785184
0.699313
0.61372
0.528454
0.443557
0.359071
0.275034
0.191486
0.108467
0.0260207
-0.0558123
-0.137
-0.217501
-0.297279
-0.376288
-0.454496
-0.531855
-0.608332
-0.683898
-0.75849
4.81318
4.84218
4.8686
4.89244
4.91369
4.93235
4.94843
4.96191
4.97282
4.98116
4.98693
4.99014
4.99081
4.98893
4.98454
4.97764
4.96825
4.95639
4.94207
4.92533
4.90618
4.88464
4.86074
4.83451
4.80597
4.77515
4.74209
4.7068
4.66933
4.62971
4.58798
4.54417
4.49831
4.45044
4.4006
4.34884
4.29518
4.23968
4.18237
4.1233
4.06251
4.00005
3.93595
3.87027
3.80305
3.73434
3.66419
3.59263
3.51973
3.44552
3.37006
3.29339
3.21558
3.13665
3.05667
2.97569
2.89375
2.81091
2.72721
2.64271
2.55745
2.47149
2.38488
2.29767
2.2099
2.12163
2.0329
1.94377
1.85428
1.76448
1.67441
1.58414
1.4937
1.40314
1.31251
1.22185
1.13122
1.04065
0.950191
0.85989
0.769793
0.679947
0.590387
0.501166
0.412324
0.323899
0.235941
0.148486
0.0615729
-0.0247545
-0.110455
-0.195494
-0.279835
-0.36343
-0.446249
-0.528244
-0.609382
-0.689624
-0.768948
-0.847271
5.00646
5.03631
5.06346
5.0879
5.10964
5.12866
5.14498
5.15859
5.1695
5.17771
5.18325
5.1861
5.18629
5.18382
5.17873
5.17101
5.16068
5.14778
5.13231
5.11429
5.09377
5.07075
5.04526
5.01733
4.987
4.95429
4.91923
4.88186
4.84221
4.80032
4.75622
4.70995
4.66155
4.61105
4.5585
4.50395
4.44743
4.38898
4.32866
4.26649
4.20254
4.13685
4.06947
4.00044
3.92981
3.85763
3.78394
3.70881
3.63228
3.55439
3.47521
3.39478
3.31315
3.23038
3.14652
3.06161
2.97573
2.8889
2.8012
2.71267
2.62336
2.53332
2.44262
2.3513
2.2594
2.167
2.07412
1.98083
1.88717
1.7932
1.69896
1.6045
1.50988
1.41514
1.32033
1.2255
1.13069
1.03596
0.941345
0.846893
0.75266
0.658689
0.565016
0.47169
0.378753
0.286251
0.194225
0.10272
0.0117696
-0.0785825
-0.168295
-0.257325
-0.345639
-0.433196
-0.519956
-0.605886
-0.690941
-0.775085
-0.858301
-0.940496
5.20784
5.23856
5.26645
5.2915
5.31372
5.3331
5.34965
5.36336
5.37425
5.38232
5.38758
5.39004
5.38971
5.38661
5.38075
5.37215
5.36082
5.3468
5.3301
5.31074
5.28875
5.26416
5.23699
5.20728
5.17505
5.14034
5.10318
5.0636
5.02165
4.97736
4.93077
4.88191
4.83083
4.77757
4.72218
4.66469
4.60516
4.54362
4.48012
4.41471
4.34745
4.27838
4.20755
4.135
4.06079
3.98497
3.90761
3.82872
3.74839
3.66666
3.58357
3.49921
3.4136
3.3268
3.23888
3.14989
3.05987
2.96889
2.87701
2.78427
2.69073
2.59645
2.50148
2.40587
2.30968
2.21297
2.11577
2.01815
1.92015
1.82184
1.72325
1.62445
1.52548
1.42639
1.32724
1.22807
1.12893
1.02987
0.930947
0.832199
0.733675
0.635418
0.537483
0.4399
0.342721
0.245992
0.149755
0.0540514
-0.0410814
-0.135603
-0.229463
-0.322624
-0.415057
-0.506715
-0.597561
-0.687555
-0.776661
-0.864844
-0.952092
-1.0383
5.41764
5.44924
5.47788
5.50355
5.52626
5.54599
5.56275
5.57655
5.58739
5.59528
5.60023
5.60226
5.60136
5.59757
5.59088
5.58134
5.56895
5.55373
5.53572
5.51493
5.49139
5.46513
5.43618
5.40457
5.37034
5.33352
5.29414
5.25224
5.20786
5.16104
5.11182
5.06025
5.00635
4.95018
4.89179
4.83122
4.76852
4.70373
4.63691
4.5681
4.49736
4.42474
4.35029
4.27406
4.1961
4.11648
4.03524
3.95244
3.86813
3.78237
3.69521
3.60672
3.51694
3.42595
3.33379
3.24052
3.14619
3.05088
2.95463
2.85751
2.75956
2.66085
2.56143
2.46136
2.36069
2.25949
2.15779
2.05567
1.95316
1.85032
1.74721
1.64389
1.54041
1.4368
1.33314
1.22946
1.12583
1.02229
0.918892
0.815681
0.712704
0.610014
0.507649
0.405661
0.304094
0.202986
0.102385
0.00233057
-0.0971287
-0.195955
-0.294108
-0.39155
-0.488232
-0.584127
-0.679193
-0.773398
-0.866697
-0.959056
-1.05047
-1.14082
5.63617
5.66868
5.69808
5.72438
5.74756
5.76763
5.7846
5.79846
5.80923
5.81691
5.82152
5.82306
5.82154
5.817
5.80944
5.79888
5.78534
5.76886
5.74944
5.72714
5.70195
5.67393
5.64309
5.60948
5.57313
5.53407
5.49235
5.448
5.40106
5.35158
5.29959
5.24515
5.18829
5.12907
5.06752
5.00371
4.93768
4.86948
4.79917
4.72679
4.6524
4.57605
4.49781
4.41772
4.33583
4.25222
4.16693
4.08002
3.99154
3.90157
3.81015
3.71735
3.62323
3.52784
3.43125
3.33351
3.23469
3.13485
3.03405
2.93235
2.8298
2.72647
2.62242
2.5177
2.41237
2.30649
2.20011
2.09329
1.98609
1.87855
1.77075
1.66273
1.55455
1.44626
1.33791
1.22956
1.12127
1.01308
0.90504
0.7972
0.68961
0.58232
0.475381
0.368835
0.262717
0.157077
0.0519629
-0.0525795
-0.156516
-0.259799
-0.362388
-0.464237
-0.565322
-0.665592
-0.765018
-0.863568
-0.961193
-1.05787
-1.15358
-1.2482
5.86378
5.8972
5.92738
5.9543
5.97796
5.99837
6.01552
6.02942
6.04009
6.04752
6.05173
6.05275
6.05057
6.04521
6.0367
6.02505
6.0103
5.99246
5.97156
5.94763
5.9207
5.8908
5.85797
5.82225
5.78366
5.74224
5.69804
5.65111
5.60147
5.54918
5.49428
5.43681
5.37683
5.31439
5.24954
5.18232
5.1128
5.04101
4.96703
4.8909
4.81268
4.73243
4.65021
4.56606
4.48007
4.39227
4.30274
4.21153
4.1187
4.02432
3.92844
3.83113
3.73246
3.63248
3.53126
3.42886
3.32535
3.22079
3.11523
3.00876
2.90142
2.79327
2.68439
2.57482
2.46464
2.35389
2.24263
2.13094
2.01885
1.90643
1.79375
1.68085
1.56779
1.45463
1.34143
1.22823
1.1151
1.00209
0.889239
0.77661
0.664251
0.552205
0.440518
0.32924
0.218424
0.108101
-0.00167222
-0.110856
-0.219412
-0.32729
-0.434451
-0.540866
-0.646482
-0.751273
-0.8552
-0.958223
-1.0603
-1.16141
-1.26158
-1.3606
6.1008
6.13516
6.16611
6.19366
6.21779
6.23852
6.25584
6.26976
6.28029
6.28744
6.29122
6.29165
6.28874
6.2825
6.27298
6.26017
6.24411
6.22483
6.20235
6.1767
6.14792
6.11604
6.0811
6.04313
6.00217
5.95826
5.91145
5.86178
5.8093
5.75404
5.69607
5.63543
5.57217
5.50635
5.43801
5.36721
5.29401
5.21847
5.14063
5.06056
4.97833
4.89398
4.80759
4.7192
4.62889
4.53671
4.44273
4.34702
4.24964
4.15064
4.0501
3.94808
3.84466
3.73988
3.63383
3.52656
3.41815
3.30866
3.19815
3.08669
2.97435
2.86119
2.74727
2.63266
2.51742
2.40161
2.28528
2.1685
2.05134
1.93385
1.81608
1.69812
1.58001
1.46179
1.34355
1.22532
1.10717
0.989167
0.871341
0.753751
0.636446
0.519471
0.402884
0.286729
0.171046
0.0558886
-0.0586994
-0.17268
-0.285999
-0.398622
-0.510505
-0.621615
-0.73191
-0.841353
-0.949908
-1.05754
-1.16422
-1.26991
-1.37464
-1.47819
6.34759
6.3829
6.41464
6.4428
6.46741
6.48844
6.50591
6.51982
6.53018
6.53701
6.54031
6.54009
6.53639
6.52921
6.51859
6.50454
6.48708
6.46626
6.4421
6.41463
6.38389
6.34991
6.31273
6.27238
6.22892
6.18238
6.13281
6.08026
6.02477
5.9664
5.9052
5.84121
5.77449
5.70511
5.63312
5.55855
5.48149
5.40199
5.3201
5.23591
5.14946
5.06081
4.97004
4.87721
4.78238
4.68561
4.58698
4.48654
4.38439
4.28057
4.17516
4.06821
3.95981
3.85003
3.73893
3.62658
3.51305
3.39841
3.28274
3.16609
3.04854
2.93015
2.81098
2.69112
2.57061
2.44952
2.32791
2.20586
2.08343
1.96066
1.83763
1.7144
1.59104
1.46758
1.34411
1.22067
1.09733
0.974147
0.851163
0.728434
0.606014
0.483956
0.3623
0.241099
0.120397
0.000243806
-0.119316
-0.238235
-0.35647
-0.473988
-0.59074
-0.706689
-0.821789
-0.936021
-1.04934
-1.16172
-1.27311
-1.38351
-1.49293
-1.60113
6.60449
6.64076
6.6733
6.7021
6.72716
6.74849
6.76608
6.77995
6.7901
6.79656
6.79932
6.79841
6.79384
6.78565
6.77386
6.75847
6.73954
6.71707
6.69112
6.66171
6.62888
6.59267
6.55312
6.51027
6.46416
6.41484
6.36236
6.30678
6.24813
6.18647
6.12185
6.05434
5.98399
5.91086
5.83501
5.75649
5.67537
5.59172
5.50559
5.41706
5.32617
5.23303
5.13767
5.04017
4.9406
4.83903
4.73551
4.63015
4.523
4.41413
4.30361
4.19152
4.07793
3.96291
3.84654
3.72888
3.61001
3.49001
3.36894
3.24688
3.1239
3.00005
2.87543
2.75008
2.6241
2.49752
2.37042
2.24289
2.11497
1.98673
1.85823
1.72954
1.60072
1.47183
1.34295
1.21411
1.08539
0.956841
0.828519
0.70048
0.572775
0.445448
0.318552
0.192141
0.0662622
-0.0590447
-0.183728
-0.307746
-0.431047
-0.5536
-0.675353
-0.796273
-0.916329
-1.03548
-1.1537
-1.27095
-1.38719
-1.50241
-1.61665
-1.7296
6.87189
6.90913
6.94248
6.9719
6.99741
7.01901
7.03671
7.0505
7.06041
7.06644
7.06861
7.06694
7.06144
7.05216
7.0391
7.0223
7.00177
6.97757
6.94971
6.91824
6.8832
6.84463
6.80257
6.75706
6.70815
6.6559
6.60035
6.54156
6.47957
6.41445
6.34625
6.27502
6.20085
6.12378
6.04387
5.96119
5.87581
5.78779
5.69721
5.60412
5.5086
5.41072
5.31055
5.20815
5.10361
4.99701
4.8884
4.77787
4.66548
4.55133
4.43548
4.31801
4.19898
4.0785
3.95662
3.83342
3.70898
3.58338
3.45668
3.32897
3.20033
3.07081
2.9405
2.80946
2.67776
2.54547
2.41267
2.27944
2.14582
2.01188
1.87771
1.74335
1.60888
1.47436
1.33986
1.20543
1.07114
0.937054
0.803205
0.669664
0.536485
0.403723
0.271422
0.139637
0.00841292
-0.122207
-0.252167
-0.381421
-0.509948
-0.637671
-0.764578
-0.890619
-1.01576
-1.13997
-1.2632
-1.38545
-1.50666
-1.62684
-1.746
-1.86382
7.15014
7.18839
7.22253
7.25258
7.27853
7.30039
7.31815
7.33184
7.34145
7.34701
7.34853
7.34603
7.33954
7.32907
7.31466
7.29633
7.27411
7.24805
7.21817
7.18452
7.14714
7.10606
7.06134
7.01302
6.96116
6.9058
6.84701
6.78483
6.71933
6.65056
6.57857
6.50344
6.42525
6.34403
6.25986
6.17281
6.08295
5.99035
5.89508
5.79721
5.69681
5.59397
5.48875
5.38123
5.2715
5.15961
5.04565
4.92971
4.81185
4.69217
4.57074
4.44764
4.32295
4.19674
4.06911
3.94014
3.80988
3.67844
3.54587
3.41228
3.27773
3.1423
3.00605
2.86907
2.73145
2.59323
2.4545
2.31533
2.17579
2.03595
1.89588
1.75565
1.61532
1.47496
1.33464
1.19442
1.05437
0.914538
0.774976
0.635751
0.496926
0.358545
0.22067
0.0833476
-0.0533907
-0.189485
-0.324873
-0.459535
-0.593406
-0.726468
-0.858658
-0.989949
-1.12031
-1.2497
-1.3781
-1.50546
-1.63175
-1.75698
-1.88119
-2.00398
7.43965
7.4789
7.51385
7.54452
7.5709
7.59299
7.6108
7.62433
7.6336
7.63864
7.63944
7.63604
7.62846
7.61672
7.60087
7.58091
7.55689
7.52884
7.49682
7.46084
7.42097
7.37725
7.32971
7.27842
7.22344
7.16481
7.10259
7.03685
6.96763
6.89501
6.81905
6.73981
6.65737
6.57179
6.48314
6.3915
6.29692
6.1995
6.09931
5.99643
5.89092
5.78288
5.67236
5.55946
5.44427
5.32685
5.2073
5.0857
4.96212
4.83665
4.70938
4.58039
4.44977
4.3176
4.18396
4.04894
3.91263
3.77508
3.63641
3.49668
3.35598
3.21438
3.07196
2.92881
2.785
2.6406
2.49571
2.35038
2.20469
2.05872
1.91254
1.76621
1.61981
1.47341
1.32706
1.18086
1.03483
0.889052
0.743589
0.598502
0.453848
0.309666
0.166039
0.0229904
-0.119412
-0.261143
-0.40212
-0.542321
-0.681712
-0.820236
-0.957858
-1.09455
-1.23025
-1.36496
-1.49863
-1.63123
-1.76272
-1.89311
-2.02247
-2.15031
7.74079
7.78106
7.81683
7.84812
7.8749
7.8972
7.91501
7.92835
7.93724
7.94168
7.9417
7.93732
7.92857
7.91548
7.89806
7.87637
7.85043
7.82027
7.78596
7.74752
7.70502
7.65848
7.60797
7.55355
7.49526
7.43317
7.36734
7.29783
7.2247
7.14803
7.06786
6.9843
6.89739
6.80722
6.71386
6.61738
6.51787
6.41539
6.31003
6.20187
6.091
5.97749
5.86143
5.74289
5.62198
5.49878
5.37336
5.24582
5.11625
4.98473
4.85136
4.71622
4.57941
4.44099
4.30108
4.15976
4.01711
3.87322
3.72816
3.58204
3.43492
3.2869
3.13806
2.98848
2.83824
2.68743
2.53613
2.38439
2.23232
2.07999
1.92746
1.77481
1.62211
1.46944
1.31687
1.16445
1.01225
0.860351
0.708783
0.557637
0.406958
0.256809
0.107237
-0.0416982
-0.18995
-0.337458
-0.484192
-0.6301
-0.775146
-0.919279
-1.06246
-1.20467
-1.34587
-1.48601
-1.62507
-1.76302
-1.89982
-2.03549
-2.1701
-2.30308
8.05397
8.09527
8.13187
8.16376
8.19093
8.21341
8.23119
8.2443
8.25274
8.25653
8.25569
8.25025
8.24024
8.22568
8.2066
8.18305
8.15505
8.12266
8.08592
8.04487
7.99957
7.95007
7.8964
7.83866
7.77688
7.71113
7.64148
7.568
7.49075
7.4098
7.32522
7.2371
7.1455
7.0505
6.95218
6.85062
6.7459
6.63811
6.52733
6.41364
6.29713
6.17789
6.056
5.93156
5.80466
5.67538
5.54382
5.41007
5.27423
5.13638
4.99662
4.85506
4.71176
4.56684
4.42039
4.27248
4.12322
3.97269
3.82098
3.66819
3.5144
3.35969
3.20417
3.04789
2.89097
2.73348
2.57551
2.41714
2.25843
2.09948
1.94038
1.78118
1.62197
1.46281
1.30379
1.14494
0.986359
0.828108
0.670246
0.512848
0.355961
0.199644
0.043962
-0.111032
-0.265297
-0.418756
-0.571394
-0.723167
-0.874009
-1.0239
-1.17279
-1.32065
-1.46745
-1.61315
-1.75772
-1.90113
-2.04334
-2.18439
-2.32434
-2.46254
8.3796
8.42194
8.45936
8.49183
8.51939
8.54201
8.55973
8.57254
8.58048
8.58355
8.58177
8.57518
8.56381
8.54768
8.52683
8.50129
8.47111
8.43635
8.39702
8.3532
8.30494
8.25228
8.19528
8.13403
8.06856
7.99896
7.92528
7.8476
7.766
7.68055
7.59132
7.49839
7.40185
7.30177
7.19824
7.09134
6.98116
6.86778
6.7513
6.6318
6.50938
6.38413
6.25613
6.12549
5.99231
5.85667
5.71867
5.57843
5.43602
5.29155
5.14512
4.99682
4.84676
4.69505
4.54174
4.38696
4.2308
4.07336
3.91472
3.75497
3.59422
3.43255
3.27005
3.10683
2.94296
2.77852
2.61362
2.44834
2.28277
2.11697
1.95104
1.78505
1.61909
1.45321
1.28749
1.12202
0.956839
0.792034
0.627671
0.463812
0.300523
0.137856
-0.0241252
-0.185352
-0.345786
-0.505385
-0.664084
-0.821849
-0.978639
-1.13442
-1.28915
-1.4428
-1.59533
-1.74671
-1.89689
-2.04587
-2.1936
-2.3401
-2.48549
-2.62899
8.71808
8.76147
8.7997
8.83277
8.86067
8.88342
8.90102
8.9135
8.92086
8.92313
8.92034
8.91251
8.89968
8.88186
8.8591
8.83145
8.79896
8.76164
8.71959
8.67283
8.62142
8.56541
8.5049
8.43992
8.37056
8.29689
8.21896
8.13686
8.05067
7.96047
7.86634
7.76836
7.66661
7.56119
7.45218
7.33966
7.22372
7.10449
6.98202
6.85643
6.72779
6.59623
6.46183
6.32469
6.18494
6.04263
5.8979
5.75084
5.60156
5.45016
5.29675
5.14143
4.98429
4.82545
4.66501
4.50306
4.33972
4.17505
4.00917
3.84219
3.67419
3.50526
3.33553
3.16506
2.99394
2.82229
2.6502
2.47775
2.30503
2.13213
1.95912
1.78611
1.61314
1.44031
1.26768
1.09533
0.92335
0.751789
0.580719
0.410196
0.240294
0.0710883
-0.0973701
-0.265019
-0.431804
-0.597682
-0.762604
-0.926528
-1.08942
-1.25123
-1.41193
-1.57148
-1.72985
-1.88701
-2.04292
-2.19759
-2.3509
-2.50296
-2.65387
-2.80274
9.06983
9.11428
9.15333
9.18697
9.21519
9.23802
9.25547
9.26755
9.27428
9.27567
9.27176
9.26259
9.24819
9.22857
9.20378
9.17387
9.13889
9.0989
9.05393
9.00404
8.9493
8.88978
8.82553
8.75663
8.68316
8.60517
8.52276
8.43599
8.34497
8.24977
8.15047
8.04716
7.93994
7.82889
7.71411
7.59569
7.47372
7.34831
7.21956
7.08757
6.95243
6.81424
6.67312
6.52918
6.38251
6.23324
6.08145
5.92727
5.77078
5.61214
5.45141
5.28874
5.12421
4.95795
4.79005
4.62062
4.44975
4.27756
4.10414
3.92961
3.75406
3.57759
3.40031
3.22229
3.04367
2.86452
2.68496
2.50507
2.32493
2.14464
1.9643
1.78399
1.60379
1.42377
1.244
1.06455
0.885527
0.706982
0.528982
0.351603
0.1749
-0.00104185
-0.176158
-0.350403
-0.523714
-0.69605
-0.867358
-1.03759
-1.20671
-1.37469
-1.54148
-1.70706
-1.87139
-2.03445
-2.19619
-2.3566
-2.51562
-2.67332
-2.82982
-2.98412
9.43527
9.48079
9.52065
9.55484
9.58337
9.60625
9.62349
9.63511
9.64112
9.64156
9.63645
9.62583
9.60972
9.58816
9.56121
9.5289
9.4913
9.44843
9.40037
9.34717
9.28892
9.22566
9.15746
9.08441
9.00657
8.92406
8.8369
8.74523
8.64911
8.54863
8.44388
8.33497
8.22198
8.10502
7.98418
7.85953
7.73122
7.59933
7.46398
7.32526
7.18329
7.03817
6.89
6.73891
6.58502
6.42843
6.26925
6.1076
5.94359
5.77736
5.60901
5.43865
5.2664
5.09237
4.91667
4.73942
4.56072
4.38067
4.1994
4.01701
3.83359
3.64926
3.46412
3.27828
3.09184
2.9049
2.71757
2.52994
2.34211
2.15419
1.96625
1.77838
1.59067
1.4032
1.21604
1.02927
0.842972
0.657224
0.472071
0.287615
0.103938
-0.0789335
-0.26091
-0.441931
-0.621941
-0.800896
-0.978746
-1.15543
-1.33094
-1.50522
-1.67825
-1.84997
-2.02037
-2.18942
-2.35707
-2.52334
-2.68812
-2.85152
-3.0137
-3.17349
9.81484
9.86144
9.90211
9.93683
9.96563
9.98851
10.0055
10.0166
10.0218
10.0212
10.0148
10.0026
9.98466
9.96104
9.93176
9.8969
9.85648
9.81058
9.75923
9.70254
9.64054
9.57332
9.50095
9.42351
9.34109
9.25376
9.16162
9.06476
8.96327
8.85722
8.74675
8.63194
8.51288
8.38968
8.26245
8.13128
7.99631
7.85762
7.71533
7.56955
7.4204
7.26799
7.11244
6.95387
6.79239
6.62814
6.46122
6.29175
6.11988
5.94571
5.76936
5.59097
5.41064
5.22849
5.04466
4.85926
4.67238
4.48415
4.29468
4.1041
3.91248
3.71997
3.52666
3.33268
3.13811
2.94307
2.74767
2.55203
2.35623
2.16037
1.96455
1.76886
1.57337
1.37819
1.1834
0.989056
0.795264
0.602068
0.409568
0.217834
0.0269348
-0.163042
-0.352062
-0.540047
-0.726938
-0.912675
-1.09721
-1.28052
-1.46255
-1.64328
-1.82265
-2.00063
-2.17721
-2.35234
-2.52601
-2.6982
-2.86881
-3.03799
-3.2059
-3.37122
10.209
10.2566
10.2981
10.3334
10.3624
10.3852
10.4019
10.4124
10.4167
10.415
10.4071
10.3933
10.3734
10.3475
10.3158
10.2782
10.2348
10.1857
10.1308
10.0704
10.0045
9.93307
9.85629
9.77422
9.68694
9.59454
9.49714
9.3948
9.28763
9.17573
9.05923
8.9382
8.81276
8.68301
8.54906
8.41105
8.26906
8.1232
7.97363
7.82045
7.66378
7.50372
7.34043
7.174
7.00457
6.83228
6.65727
6.47963
6.29949
6.11702
5.93231
5.74552
5.55675
5.36613
5.17381
4.97988
4.78446
4.5877
4.3897
4.19055
3.99042
3.78939
3.58758
3.3851
3.18211
2.97866
2.7749
2.57092
2.36685
2.16277
1.95878
1.75498
1.55146
1.34832
1.14563
0.943465
0.741905
0.541057
0.340984
0.141745
-0.0565468
-0.253852
-0.450101
-0.645235
-0.83916
-1.03186
-1.22327
-1.41334
-1.60204
-1.78932
-1.97516
-2.15953
-2.34238
-2.5237
-2.70344
-2.88162
-3.05815
-3.23316
-3.40684
-3.57772
10.6181
10.6668
10.7091
10.7448
10.7741
10.7968
10.8131
10.8229
10.8263
10.8233
10.8139
10.7982
10.7763
10.7481
10.7137
10.6732
10.6266
10.574
10.5155
10.4512
10.381
10.3052
10.2237
10.1368
10.0444
9.94662
9.84365
9.73554
9.6224
9.50434
9.38148
9.2539
9.12173
8.98508
8.84408
8.69884
8.54949
8.39614
8.23891
8.07795
7.91336
7.74529
7.57388
7.39921
7.22147
7.04076
6.85725
6.67105
6.4823
6.29112
6.09766
5.90209
5.70451
5.50504
5.30384
5.10101
4.89671
4.69102
4.48411
4.27608
4.06704
3.85716
3.64651
3.43524
3.22345
3.01127
2.79882
2.5862
2.37355
2.16094
1.94851
1.73631
1.52447
1.31308
1.10222
0.891963
0.682432
0.473705
0.265823
0.0588791
-0.147041
-0.351875
-0.55555
-0.757994
-0.959151
-1.15897
-1.35738
-1.55436
-1.74987
-1.94386
-2.1363
-2.32715
-2.51635
-2.70394
-2.88986
-3.07412
-3.2566
-3.43746
-3.61697
-3.79342
11.0426
11.0925
11.1355
11.1717
11.2011
11.2237
11.2395
11.2486
11.2509
11.2465
11.2355
11.2179
11.1937
11.1629
11.1257
11.0821
11.0322
10.976
10.9136
10.845
10.7705
10.6899
10.6036
10.5114
10.4136
10.3102
10.2014
10.0872
9.96775
9.84318
9.71361
9.57914
9.43989
9.29599
9.14756
8.99473
8.83763
8.67639
8.51113
8.342
8.16912
7.99264
7.81269
7.62941
7.44293
7.25343
7.06101
6.86584
6.66805
6.4678
6.26522
6.06045
5.85363
5.64493
5.43446
5.22237
5.00875
4.79378
4.57758
4.36029
4.14202
3.9229
3.70307
3.48262
3.26171
3.04046
2.81899
2.59744
2.37587
2.15442
1.93321
1.71233
1.49188
1.27197
1.05267
0.834101
0.616325
0.399444
0.183526
-0.0313465
-0.245077
-0.457636
-0.66893
-0.878878
-1.08743
-1.29451
-1.5001
-1.70415
-1.90661
-2.10742
-2.30657
-2.50401
-2.69971
-2.89364
-3.08578
-3.27616
-3.46463
-3.65143
-3.83679
-4.01881
11.483
11.5339
11.5777
11.6144
11.6439
11.6663
11.6816
11.6898
11.691
11.6851
11.6723
11.6526
11.626
11.5925
11.5523
11.5054
11.4519
11.3918
11.3253
11.2523
11.1731
11.0876
10.996
10.8984
10.7948
10.6855
10.5705
10.4499
10.3238
10.1924
10.0558
9.91404
9.76735
9.61581
9.45957
9.29876
9.13353
8.96398
8.79029
8.61258
8.43099
8.24569
8.0568
7.86446
7.66885
7.47011
7.26839
7.06382
6.85659
6.64683
6.43469
6.22033
6.00388
5.78552
5.56536
5.34357
5.12028
4.8956
4.66974
4.44279
4.21486
3.98615
3.75675
3.52678
3.29641
3.06575
2.83492
2.60404
2.37326
2.14266
1.91238
1.68251
1.45317
1.22445
0.996459
0.769288
0.543017
0.317721
0.0935254
-0.129492
-0.35129
-0.571758
-0.790834
-1.00847
-1.22458
-1.43912
-1.65204
-1.86329
-2.07281
-2.28057
-2.48655
-2.69067
-2.89292
-3.09331
-3.29176
-3.48832
-3.68283
-3.87557
-4.06679
-4.25437
11.9396
11.9917
12.0362
12.0733
12.1029
12.125
12.1397
12.147
12.1469
12.1395
12.1247
12.1027
12.0736
12.0372
11.9939
11.9435
11.8861
11.8219
11.751
11.6733
11.5891
11.4984
11.4013
11.2979
11.1883
11.0727
10.9511
10.8238
10.6907
10.5521
10.408
10.2587
10.1041
9.94457
9.78011
9.61092
9.43715
9.25887
9.07631
8.88961
8.69891
8.50432
8.30605
8.10424
7.89905
7.69065
7.47917
7.26478
7.04764
6.82793
6.6058
6.38141
6.15491
5.92643
5.69616
5.46425
5.23085
4.99611
4.76014
4.5231
4.28518
4.04647
3.80711
3.56724
3.32706
3.08662
2.84607
2.60557
2.3652
2.12512
1.88547
1.64631
1.40776
1.16994
0.932939
0.696882
0.461864
0.227941
-0.0047745
-0.236212
-0.466249
-0.694838
-0.92191
-1.1474
-1.37125
-1.59339
-1.81378
-2.03237
-2.24908
-2.46392
-2.67681
-2.88773
-3.09665
-3.30354
-3.50836
-3.71114
-3.91174
-4.11045
-4.30755
-4.50068
12.413
12.4661
12.5114
12.5489
12.5785
12.6003
12.6143
12.6205
12.6191
12.6099
12.5931
12.5687
12.5368
12.4974
12.4506
12.3965
12.3351
12.2666
12.191
12.1083
12.0189
11.9226
11.8196
11.7102
11.5942
11.472
11.3435
11.209
11.0686
10.9224
10.7705
10.6131
10.4503
10.2823
10.1092
9.93121
9.74841
9.561
9.36915
9.173
8.97269
8.7684
8.56029
8.34854
8.13331
7.91476
7.69309
7.46841
7.24093
7.01082
6.77823
6.54335
6.30633
6.06731
5.8265
5.58403
5.34009
5.09479
4.84833
4.60083
4.35244
4.10333
3.85363
3.6035
3.35306
3.10247
2.85185
2.60135
2.35111
2.10124
1.85183
1.60305
1.355
1.10778
0.861498
0.616276
0.372219
0.12941
-0.112066
-0.3521
-0.590639
-0.827562
-1.06282
-1.29636
-1.5281
-1.758
-1.98601
-2.21204
-2.43609
-2.65809
-2.87801
-3.09583
-3.31147
-3.52491
-3.73615
-3.94522
-4.15195
-4.35666
-4.55964
-4.75831
12.9035
12.9577
13.0037
13.0415
13.0711
13.0925
13.1057
13.1108
13.1078
13.0968
13.0778
13.0508
13.016
12.9733
12.9229
12.8648
12.7992
12.726
12.6454
12.5576
12.4625
12.3604
12.2513
12.1354
12.0128
11.8835
11.7478
11.6058
11.4576
11.3034
11.1432
10.9773
10.8059
10.629
10.4469
10.2596
10.0673
9.87032
9.66868
9.4626
9.25222
9.03774
8.81933
8.59715
8.3714
8.14225
7.90987
7.67444
7.43613
7.19514
6.95162
6.70577
6.45774
6.20775
5.95593
5.70247
5.44751
5.19122
4.9338
4.67538
4.4161
4.15617
3.89573
3.63491
3.37385
3.11272
2.85165
2.5908
2.3303
2.07026
1.81082
1.55208
1.29422
1.03729
0.781453
0.526785
0.273446
0.0214636
-0.229025
-0.477921
-0.725137
-0.9706
-1.21427
-1.45602
-1.69583
-1.93365
-2.16938
-2.40303
-2.63451
-2.8638
-3.09084
-3.31559
-3.53803
-3.75812
-3.97584
-4.19121
-4.40407
-4.61478
-4.82365
-5.02786
13.4115
13.4669
13.5136
13.5516
13.5811
13.6021
13.6144
13.6183
13.6137
13.6006
13.5792
13.5495
13.5115
13.4653
13.4111
13.3488
13.2786
13.2005
13.1147
13.0213
12.9204
12.8121
12.6965
12.5738
12.444
12.3074
12.1641
12.0141
11.8578
11.6951
11.5263
11.3515
11.1709
10.9847
10.793
10.5959
10.3938
10.1867
9.97477
9.75826
9.53734
9.31218
9.08294
8.84985
8.61305
8.37278
8.1292
7.88251
7.63289
7.3805
7.12556
6.86826
6.60877
6.34729
6.08398
5.81902
5.55257
5.28485
5.01599
4.7462
4.47561
4.20442
3.93278
3.66085
3.38877
3.1167
2.8448
2.57324
2.3021
2.03156
1.76171
1.49271
1.22469
0.957787
0.692054
0.42767
0.164734
-0.0966427
-0.356372
-0.614366
-0.87052
-1.12475
-1.37697
-1.62715
-1.8752
-2.12105
-2.3647
-2.60605
-2.84509
-3.08174
-3.31597
-3.54777
-3.77705
-4.00382
-4.22804
-4.44976
-4.66877
-4.88547
-5.10022
-5.30993
13.9375
13.9939
14.0413
14.0797
14.109
14.1294
14.1408
14.1432
14.1369
14.1217
14.0977
14.065
14.0237
13.9738
13.9154
13.8487
13.7737
13.6904
13.5991
13.4998
13.3927
13.2778
13.1554
13.0255
12.8882
12.7438
12.5924
12.4341
12.2691
12.0976
11.9197
11.7355
11.5453
11.3493
11.1475
10.9402
10.7277
10.5099
10.2873
10.0598
9.8278
9.59141
9.35085
9.1063
8.85798
8.60606
8.35076
8.09228
7.83078
7.5665
7.29962
7.03036
6.75889
6.48541
6.21009
5.93313
5.65473
5.37506
5.09435
4.8127
4.53032
4.24744
3.96417
3.68068
3.39715
3.11374
2.83061
2.54792
2.2658
1.98435
1.70377
1.42417
1.14568
0.868434
0.592538
0.318144
0.0453542
-0.225705
-0.494947
-0.76227
-1.02758
-1.29075
-1.55177
-1.81052
-2.06697
-2.32106
-2.57272
-2.8219
-3.06857
-3.31269
-3.55422
-3.7931
-4.02926
-4.26274
-4.4935
-4.72155
-4.94671
-5.16944
-5.39003
-5.60517
14.4819
14.5394
14.5874
14.626
14.6551
14.6748
14.6851
14.6861
14.6778
14.6603
14.6335
14.5977
14.5528
14.499
14.4363
14.3648
14.2846
14.1959
14.0987
13.9932
13.8795
13.7578
13.6281
13.4906
13.3455
13.1928
13.0329
12.8658
12.6918
12.5109
12.3233
12.1293
11.929
11.7226
11.5104
11.2923
11.0688
10.8399
10.6059
10.367
10.1234
9.87522
9.62277
9.36623
9.1058
8.84166
8.5741
8.30327
8.02941
7.75267
7.47331
7.19154
6.90755
6.62154
6.3337
6.04423
5.75336
5.46129
5.16816
4.87419
4.57959
4.28449
3.98912
3.69363
3.39823
3.10308
2.80831
2.51407
2.22055
1.92786
1.63617
1.34563
1.05634
0.768442
0.482086
0.197384
-0.0855467
-0.366565
-0.645571
-0.92246
-1.19711
-1.46948
-1.73946
-2.00697
-2.27198
-2.53444
-2.79426
-3.05139
-3.30582
-3.55749
-3.80633
-4.05233
-4.29546
-4.5357
-4.77296
-5.00735
-5.23865
-5.46734
-5.69374
-5.91429
15.0449
15.1035
15.1522
15.1909
15.2197
15.2387
15.2478
15.2472
15.2368
15.2168
15.1871
15.1479
15.0992
15.0412
14.9739
14.8974
14.8118
14.7172
14.6139
14.5018
14.3811
14.2521
14.1147
13.9692
13.8158
13.6545
13.4856
13.3093
13.1257
12.9349
12.7373
12.5329
12.322
12.1048
11.8814
11.652
11.417
11.1764
10.9305
10.6796
10.4237
10.1633
9.89836
9.62922
9.35609
9.07922
8.7988
8.51506
8.2282
7.93846
7.64608
7.35123
7.05417
6.75509
6.45421
6.15172
5.84785
5.54278
5.23675
4.92998
4.62259
4.31487
4.00691
3.69895
3.39122
3.08384
2.77698
2.47081
2.16552
1.86122
1.55806
1.25619
0.955752
0.656893
0.359753
0.0644783
-0.228863
-0.520087
-0.809095
-1.09577
-1.38003
-1.66178
-1.94092
-2.21739
-2.49113
-2.76209
-3.03018
-3.2954
-3.55766
-3.81694
-4.07319
-4.32639
-4.57646
-4.82344
-5.06723
-5.30795
-5.54534
-5.77996
-6.01214
-6.23797
15.627
15.6867
15.736
15.7748
15.8032
15.8214
15.8292
15.8268
15.8142
15.7915
15.7587
15.7159
15.6632
15.6007
15.5284
15.4466
15.3553
15.2546
15.1446
15.0256
14.8976
14.7608
14.6154
14.4615
14.2993
14.1289
13.9506
13.7645
13.5708
13.3697
13.1614
12.9462
12.7241
12.4954
12.2604
12.0192
11.772
11.5192
11.2608
10.9972
10.7286
10.4552
10.1772
9.89489
9.60846
9.31823
9.02435
8.7271
8.42668
8.12333
7.8173
7.50883
7.19813
6.88542
6.57091
6.25484
5.93739
5.61887
5.2994
4.97924
4.65864
4.33771
4.0167
3.69582
3.37526
3.0552
2.73583
2.41732
2.09981
1.78347
1.46844
1.15491
0.843013
0.532856
0.224647
-0.0815486
-0.385548
-0.687255
-0.986509
-1.28321
-1.5773
-1.86863
-2.1571
-2.4427
-2.72531
-3.0049
-3.28143
-3.55479
-3.82501
-4.09197
-4.35569
-4.61609
-4.87315
-5.12684
-5.37717
-5.62418
-5.86761
-6.1081
-6.34592
-6.57696
16.2286
16.2893
16.3391
16.378
16.406
16.4232
16.4296
16.4253
16.4103
16.3847
16.3485
16.3019
16.2449
16.1777
16.1002
16.0127
15.9153
15.8081
15.6912
15.5649
15.4291
15.2842
15.1303
14.9675
14.796
14.616
14.4278
14.2314
14.0271
13.8151
13.5957
13.3689
13.1351
12.8944
12.6471
12.3934
12.1336
11.8679
11.5965
11.3196
11.0376
10.7506
10.4589
10.1628
9.86244
9.55818
9.25024
8.93882
8.62419
8.30666
7.98639
7.66367
7.33869
7.01173
6.68304
6.3528
6.0213
5.68869
5.35523
5.02121
4.68678
4.35217
4.0176
3.68329
3.34944
3.01624
2.68392
2.3526
2.02243
1.69368
1.36643
1.04087
0.71713
0.395357
0.0756953
-0.2417
-0.556655
-0.869051
-1.17879
-1.48579
-1.7899
-2.09099
-2.38901
-2.68387
-2.97551
-3.26387
-3.54891
-3.83056
-4.10877
-4.3835
-4.65469
-4.92236
-5.1864
-5.44685
-5.70363
-5.95687
-6.20632
-6.45261
-6.69597
-6.93208
16.8499
16.9117
16.962
17.0008
17.0283
17.0445
17.0493
17.043
17.0254
16.9967
16.9569
16.9062
16.8447
16.7724
16.6894
16.596
16.4921
16.378
16.2538
16.1197
15.9758
15.8223
15.6593
15.4871
15.3059
15.1158
14.9171
14.7099
14.4945
14.271
14.0398
13.801
13.5548
13.3015
13.0414
12.7746
12.5014
12.2222
11.937
11.6463
11.3502
11.0489
10.743
10.4323
10.1174
9.79849
9.4758
9.1496
8.82015
8.48773
8.15259
7.81497
7.47513
7.13333
6.78983
6.44484
6.0986
5.75134
5.4034
5.05491
4.70611
4.3573
4.00865
3.66041
3.31277
2.96599
2.62023
2.27561
1.93239
1.5908
1.25095
0.912918
0.576972
0.243236
-0.088109
-0.416956
-0.743182
-1.06659
-1.3871
-1.70458
-2.01889
-2.32994
-2.63763
-2.94193
-3.24274
-3.54001
-3.83368
-4.1237
-4.40996
-4.69247
-4.97124
-5.24613
-5.51715
-5.78432
-6.04756
-6.30699
-6.56234
-6.81432
-7.0631
-7.30418
17.4912
17.554
17.6048
17.6436
17.6704
17.6855
17.6886
17.68
17.6596
17.6277
17.5841
17.5291
17.4627
17.385
17.2962
17.1964
17.0857
16.9643
16.8324
16.6901
16.5375
16.375
16.2026
16.0205
15.829
15.6283
15.4185
15.1999
14.9727
14.7372
14.4936
14.2421
13.9829
13.7164
13.4428
13.1623
12.8751
12.5817
12.2821
11.9768
11.6659
11.3498
11.0287
10.703
10.3728
10.0385
9.70041
9.35873
9.01377
8.6658
8.31511
7.96197
7.60662
7.24934
6.89037
6.52999
6.16845
5.80599
5.44288
5.07939
4.71575
4.35212
3.98885
3.62614
3.26417
2.9033
2.54364
2.18531
1.82864
1.47378
1.12082
0.769992
0.421484
0.0754565
-0.267985
-0.608642
-0.946362
-1.28101
-1.61252
-1.94068
-2.26542
-2.58659
-2.90415
-3.21802
-3.52811
-3.83438
-4.13678
-4.43519
-4.72958
-5.01996
-5.30627
-5.58841
-5.86641
-6.14025
-6.40988
-6.67544
-6.93662
-7.19415
-7.44826
-7.69413
18.1527
18.2166
18.2678
18.3064
18.3326
18.3463
18.3476
18.3366
18.3133
18.2778
18.2302
18.1705
18.099
18.0156
17.9207
17.8142
17.6963
17.5672
17.4271
17.2761
17.1144
16.9423
16.7599
16.5675
16.3651
16.1531
15.9317
15.7012
15.4617
15.2135
14.9569
14.692
14.4193
14.1388
13.851
13.556
13.2543
12.9459
12.6312
12.3107
11.9843
11.6526
11.3157
10.9741
10.6279
10.2776
9.92334
9.56548
9.20429
8.84007
8.47314
8.10377
7.73224
7.3588
6.98375
6.60736
6.22984
5.85154
5.47269
5.09357
4.71443
4.33553
3.95704
3.57932
3.20262
2.82709
2.45302
2.08056
1.70991
1.3413
0.974883
0.610905
0.249485
-0.109227
-0.465055
-0.817814
-1.16733
-1.51352
-1.85623
-2.19533
-2.53067
-2.86215
-3.18972
-3.51328
-3.83278
-4.14814
-4.45929
-4.76618
-5.06875
-5.367
-5.66085
-5.95023
-6.23515
-6.51563
-6.79159
-7.06314
-7.33003
-7.59303
-7.85232
-8.10283
18.8347
18.8996
18.9512
18.9896
19.015
19.0273
19.0266
19.013
18.9866
18.9473
18.8953
18.8308
18.7538
18.6644
18.5629
18.4493
18.3238
18.1866
18.0378
17.8777
17.7065
17.5243
17.3313
17.1279
16.9141
16.6903
16.4567
16.2136
15.9611
15.6996
15.4293
15.1504
14.8634
14.5683
14.2656
13.9555
13.6383
13.3143
12.9838
12.6472
12.3047
11.9566
11.6032
11.245
10.8821
10.515
10.1438
9.76901
9.39083
9.00968
8.62577
8.23947
7.85099
7.4607
7.06888
6.67577
6.28165
5.88689
5.49166
5.09632
4.70112
4.30628
3.91212
3.51886
3.12679
2.73618
2.34714
1.95999
1.57497
1.19219
0.811937
0.434346
0.0596008
-0.312119
-0.680615
-1.04577
-1.40739
-1.76538
-2.11953
-2.46974
-2.8159
-3.15787
-3.49559
-3.82899
-4.15799
-4.48247
-4.80244
-5.11785
-5.4286
-5.73469
-6.03607
-6.33267
-6.62445
-6.91148
-7.19367
-7.47113
-7.7436
-8.01194
-8.27621
-8.53118
19.5374
19.6032
19.6552
19.6933
19.7178
19.7286
19.7257
19.7093
19.6795
19.6362
19.5796
19.5099
19.4271
19.3314
19.2229
19.1018
18.9683
18.8225
18.6646
18.4949
18.3135
18.1207
17.9166
17.7016
17.4759
17.2396
16.9932
16.7367
16.4706
16.1951
15.9104
15.6169
15.3147
15.0044
14.686
14.3601
14.0267
13.6863
13.3393
12.9858
12.6263
12.2611
11.8905
11.5148
11.1344
10.7496
10.3609
9.96838
9.57251
9.17358
8.772
8.36798
7.96187
7.55404
7.14474
6.73418
6.32282
5.91091
5.49868
5.08647
4.67455
4.26322
3.85277
3.44337
3.0354
2.62913
2.2247
1.82245
1.4225
1.02514
0.630615
0.239055
-0.149408
-0.534511
-0.916075
-1.2939
-1.66792
-2.03795
-2.40378
-2.76533
-3.12249
-3.47507
-3.82308
-4.1664
-4.50492
-4.83866
-5.16753
-5.49144
-5.81035
-6.12428
-6.4331
-6.73682
-7.03541
-7.32887
-7.61718
-7.90042
-8.17832
-8.45185
-8.72088
-8.98014
20.2608
20.3276
20.3799
20.4177
20.441
20.4502
20.445
20.4256
20.3922
20.3446
20.2832
20.2079
20.119
20.0166
19.9007
19.7717
19.6297
19.4748
19.3073
19.1274
18.9354
18.7314
18.5157
18.2885
18.0501
17.8008
17.5408
17.2704
16.9899
16.6997
16.3999
16.0908
15.7729
15.4465
15.1117
14.7691
14.4188
14.0613
13.6968
13.3258
12.9485
12.5653
12.1766
11.7827
11.384
10.9808
10.5736
10.1627
9.74827
9.3308
8.9107
8.4882
8.06373
7.63758
7.21006
6.78145
6.35208
5.92226
5.49237
5.06263
4.63341
4.20499
3.77758
3.3515
2.92715
2.50464
2.08431
1.66642
1.2512
0.838745
0.429437
0.0234532
-0.379034
-0.777822
-1.17278
-1.56368
-1.95037
-2.33263
-2.71036
-3.08348
-3.45177
-3.81514
-4.17356
-4.52689
-4.87507
-5.21806
-5.55579
-5.88822
-6.21529
-6.53694
-6.85317
-7.16394
-7.46917
-7.76895
-8.06321
-8.35206
-8.63525
-8.91371
-9.18731
-9.45061
21.005
21.0727
21.1252
21.1626
21.1849
21.1921
21.1845
21.1619
21.1246
21.0725
21.0059
20.9248
20.8294
20.7198
20.5962
20.4589
20.3079
20.1434
19.9658
19.7752
19.5719
19.3562
19.1281
18.8881
18.6364
18.3733
18.0991
17.8141
17.5185
17.2128
16.8971
16.5718
16.2374
15.894
15.5421
15.1819
14.8139
14.4384
14.0557
13.6662
13.2704
12.8684
12.4607
12.0478
11.6299
11.2076
10.7811
10.3507
9.91696
9.48021
9.04074
8.59905
8.15538
7.7101
7.26359
6.81609
6.36798
5.91963
5.47133
5.02345
4.5763
4.1301
3.68515
3.24181
2.80039
2.3612
1.92447
1.49045
1.05933
0.631401
0.206921
-0.213839
-0.630791
-1.04363
-1.45229
-1.85651
-2.25613
-2.65089
-3.04079
-3.42563
-3.80526
-4.17956
-4.54848
-4.91187
-5.26978
-5.62207
-5.96866
-6.30958
-6.64473
-6.97408
-7.29757
-7.61523
-7.927
-8.23289
-8.5329
-8.82715
-9.11539
-9.39856
-9.67645
-9.94357
21.77
21.8387
21.8914
21.9282
21.9492
21.9545
21.9441
21.9182
21.8767
21.8199
21.7477
21.6604
21.5582
21.4411
21.3093
21.1631
21.0026
20.8281
20.6399
20.438
20.2228
19.9946
19.7537
19.5002
19.2345
18.9569
18.6678
18.3673
18.0559
17.7338
17.4015
17.0593
16.7074
16.3463
15.9763
15.5978
15.2112
14.8169
14.4151
14.0063
13.5909
13.1693
12.7418
12.309
11.8711
11.4286
10.9819
10.5314
10.0775
9.6205
9.16093
8.6991
8.23541
7.77023
7.30391
6.83682
6.36925
5.90163
5.43423
4.96744
4.50161
4.03695
3.57388
3.11269
2.6537
2.19721
1.74348
1.29278
0.845412
0.401537
-0.0384847
-0.474484
-0.906249
-1.33357
-1.75623
-2.17405
-2.58684
-2.99439
-3.39663
-3.79338
-4.18449
-4.56986
-4.94932
-5.32294
-5.69058
-6.05212
-6.40757
-6.75694
-7.10007
-7.43699
-7.76768
-8.09206
-8.41012
-8.72195
-9.0275
-9.3269
-9.61989
-9.90748
-10.1894
-10.46
22.5557
22.6253
22.6782
22.7144
22.734
22.7371
22.7239
22.6943
22.6484
22.5865
22.5085
22.4147
22.3052
22.1801
22.0397
21.8842
21.7137
21.5286
21.3291
21.1154
20.8877
20.6465
20.3919
20.1242
19.8438
19.551
19.2461
18.9295
18.6015
18.2623
17.9125
17.5524
17.1823
16.8026
16.4136
16.016
15.6098
15.1957
14.774
14.345
13.9091
13.4669
13.0188
12.5651
12.1063
11.6428
11.175
10.7035
10.2284
9.7504
9.2698
8.78703
8.30246
7.81657
7.32966
6.8421
6.3543
5.86658
5.37939
4.89299
4.40776
3.92402
3.44213
2.96245
2.48525
2.01094
1.53968
1.07185
0.607662
0.147388
-0.308655
-0.760262
-1.20716
-1.64925
-2.08627
-2.518
-2.94421
-3.36479
-3.77958
-4.18835
-4.59111
-4.98758
-5.37774
-5.76158
-6.13894
-6.50975
-6.87406
-7.23176
-7.58279
-7.92714
-8.26479
-8.59572
-8.91991
-9.23741
-9.54824
-9.8525
-10.15
-10.4416
-10.7272
-11.0009
23.3619
23.4325
23.4854
23.5209
23.539
23.5398
23.5235
23.49
23.4395
23.3722
23.288
23.1872
23.0701
22.9366
22.7871
22.6218
22.4408
22.2445
22.0331
21.8069
21.5662
21.3112
21.0423
20.7597
20.4639
20.1551
19.8337
19.5
19.1545
18.7974
18.4293
18.0504
17.6611
17.2619
16.8531
16.4353
16.0088
15.5739
15.1313
14.6811
14.224
13.7603
13.2904
12.815
12.3342
11.8488
11.3591
10.8655
10.3684
9.86843
9.36587
8.8613
8.35505
7.84754
7.33919
6.83035
6.32142
5.8129
5.30504
4.79829
4.293
3.78944
3.28814
2.7893
2.29333
1.80057
1.31127
0.825721
0.344229
-0.132841
-0.605317
-1.07295
-1.53547
-1.99266
-2.44427
-2.89013
-3.33006
-3.76384
-4.1913
-4.61234
-5.02681
-5.43449
-5.83538
-6.22946
-6.61653
-6.99659
-7.36963
-7.73559
-8.09435
-8.44601
-8.79043
-9.12765
-9.45771
-9.78065
-10.0964
-10.4052
-10.7067
-11.0021
-11.2909
-11.5674
24.1885
24.2599
24.3129
24.3475
24.364
24.3624
24.3427
24.3051
24.2497
24.1766
24.0859
23.9778
23.8526
23.7103
23.5511
23.3754
23.1834
22.9754
22.7515
22.5122
22.2576
21.9882
21.7042
21.406
21.0939
20.7683
20.4296
20.0781
19.7142
19.3383
18.9509
18.5523
18.143
17.7233
17.2938
16.8548
16.4069
15.9504
15.4858
15.0135
14.534
14.0478
13.5553
13.0571
12.5535
12.0451
11.5324
11.0159
10.4958
9.97292
9.44768
8.92032
8.39142
7.86144
7.33079
6.79984
6.26904
5.73879
5.20949
4.68164
4.15553
3.63153
3.10998
2.59135
2.07595
1.5642
1.05625
0.552511
0.0532756
-0.441174
-0.930502
-1.41454
-1.89294
-2.36552
-2.83212
-3.29241
-3.74624
-4.19347
-4.63377
-5.06716
-5.49341
-5.91236
-6.32405
-6.7283
-7.12504
-7.51427
-7.89597
-8.26996
-8.63636
-8.99506
-9.34608
-9.68938
-10.025
-10.353
-10.6733
-10.9862
-11.2915
-11.5902
-11.8817
-12.1605
25.0351
25.1074
25.1603
25.194
25.2086
25.2044
25.1812
25.1392
25.0786
24.9994
24.9018
24.786
24.6522
24.5005
24.3313
24.1447
23.9411
23.7206
23.4837
23.2305
22.9615
22.6769
22.377
22.0624
21.7332
21.39
21.033
20.6628
20.2796
19.884
19.4764
19.0572
18.6268
18.1857
17.7344
17.2734
16.803
16.3238
15.8363
15.3408
14.8379
14.3282
13.8121
13.29
12.7626
12.2303
11.6936
11.1531
10.6092
10.0624
9.51329
8.96226
8.40982
7.85647
7.30257
6.74863
6.19503
5.64226
5.09082
4.54109
3.99335
3.44806
2.9057
2.36657
1.83111
1.29966
0.772594
0.250104
-0.267456
-0.779641
-1.28628
-1.78706
-2.28174
-2.77013
-3.25192
-3.72685
-4.19484
-4.65557
-5.10893
-5.55474
-5.99287
-6.42316
-6.84556
-7.25994
-7.6663
-8.06457
-8.45469
-8.83662
-9.21043
-9.576
-9.93324
-10.2823
-10.6231
-10.9558
-11.2805
-11.5971
-11.9056
-12.207
-12.5009
-12.7815
25.9012
25.9743
26.0271
26.0598
26.0725
26.0654
26.0385
25.9918
25.9256
25.84
25.7351
25.6112
25.4684
25.3069
25.127
24.929
24.7131
24.4796
24.2289
23.9612
23.6769
23.3764
23.0599
22.728
22.3809
22.0192
21.6431
21.2532
20.8499
20.4336
20.0048
19.5639
19.1114
18.6479
18.1738
17.6896
17.1958
16.6929
16.1813
15.6617
15.1344
14.6001
14.0591
13.5122
12.9599
12.4027
11.841
11.2754
10.7066
10.135
9.56098
8.98528
8.40838
7.83054
7.25255
6.67473
6.09751
5.52139
4.94682
4.37434
3.80425
3.23698
2.67301
2.1127
1.55653
1.0049
0.458055
-0.0836857
-0.620084
-1.15055
-1.67487
-2.1928
-2.70413
-3.20857
-3.70576
-4.19566
-4.67794
-5.15239
-5.61889
-6.07717
-6.52723
-6.96881
-7.40186
-7.82636
-8.24222
-8.64932
-9.04769
-9.43736
-9.81827
-10.1903
-10.5535
-10.908
-11.2537
-11.5907
-11.9191
-12.239
-12.5502
-12.854
-13.1495
-13.4314
26.7863
26.8602
26.9128
26.9444
26.955
26.9448
26.9139
26.8623
26.7902
26.6978
26.5853
26.4528
26.3004
26.1286
25.9375
25.7274
25.4986
25.2515
24.9863
24.7033
24.403
24.0858
23.7519
23.4019
23.036
22.6548
22.2587
21.8482
21.4237
20.9857
20.5347
20.0711
19.5956
19.1086
18.6106
18.1022
17.5838
17.056
16.5194
15.9743
15.4215
14.8616
14.2948
13.722
13.1436
12.5603
11.9725
11.381
10.7861
10.1886
9.58872
8.98738
8.38484
7.78179
7.17861
6.57596
5.97421
5.37388
4.77536
4.17935
3.5861
2.99602
2.40971
1.82758
1.2501
0.67752
0.110242
-0.451309
-1.00683
-1.55608
-2.09858
-2.63407
-3.16238
-3.6831
-4.19606
-4.7011
-5.1978
-5.68611
-6.16578
-6.63669
-7.09864
-7.55142
-7.99506
-8.42956
-8.85469
-9.27049
-9.67688
-10.0739
-10.4616
-10.8398
-11.2087
-11.5681
-11.9182
-12.259
-12.5907
-12.9134
-13.2268
-13.5323
-13.829
-14.1115
27.6896
27.7643
27.8167
27.847
27.8553
27.8419
27.8067
27.7499
27.6717
27.5721
27.4514
27.3099
27.1476
26.9649
26.762
26.5392
26.2969
26.0354
25.7549
25.456
25.1389
24.8041
24.4519
24.0828
23.6973
23.2957
22.8786
22.4465
21.9998
21.5391
21.0648
20.5776
20.0779
19.5663
19.0433
18.5094
17.9653
17.4115
16.8487
16.2772
15.6977
15.1108
14.5171
13.9172
13.3116
12.7012
12.0863
11.4676
10.8456
10.221
9.59426
8.96612
8.33717
7.70784
7.07861
6.45014
5.82289
5.19742
4.5741
3.95369
3.33642
2.72284
2.11358
1.50881
0.909163
0.315003
-0.273226
-0.855142
-1.43049
-1.99888
-2.55995
-3.11332
-3.65889
-4.19628
-4.72523
-5.24549
-5.75687
-6.25909
-6.75207
-7.23553
-7.70933
-8.17329
-8.62744
-9.07173
-9.50591
-9.93013
-10.3442
-10.7483
-11.1424
-11.5264
-11.9003
-12.2643
-12.6183
-12.9624
-13.2969
-13.6216
-13.9367
-14.2433
-14.5404
-14.823
28.6104
28.6858
28.7379
28.7668
28.7728
28.7559
28.7162
28.6539
28.5691
28.462
28.3327
28.1816
28.0089
27.8147
27.5994
27.3633
27.1068
26.8302
26.5337
26.218
25.8833
25.5301
25.1587
24.7697
24.3635
23.9406
23.5015
23.0468
22.5768
22.0923
21.5937
21.0816
20.5565
20.0192
19.4699
18.9096
18.3387
17.7577
17.1673
16.5682
15.9609
15.3459
14.7241
14.0959
13.4621
12.8233
12.18
11.5329
10.8828
10.23
9.57543
8.91947
8.26289
7.60616
6.94993
6.29469
5.64097
4.98935
4.34048
3.69471
3.05265
2.4148
1.78159
1.15354
0.53125
-0.0850637
-0.694896
-1.2978
-1.89349
-2.48152
-3.06153
-3.63324
-4.1964
-4.75065
-5.29575
-5.83153
-6.35765
-6.8739
-7.38013
-7.87618
-8.36173
-8.83675
-9.30123
-9.75503
-10.1981
-10.6304
-11.0519
-11.4626
-11.8626
-12.2519
-12.6304
-12.9983
-13.3557
-13.7025
-14.039
-14.3653
-14.6813
-14.9882
-15.285
-15.567
29.5476
29.6238
29.6755
29.7029
29.7062
29.6857
29.6413
29.5731
29.4814
29.3663
29.2281
29.067
28.8831
28.6769
28.4486
28.1986
27.9271
27.6346
27.3215
26.9881
26.635
26.2624
25.871
25.4611
25.0332
24.588
24.1258
23.6473
23.1531
22.6436
22.1195
21.5815
21.0299
20.4655
19.889
19.301
18.7019
18.0925
17.4736
16.8454
16.209
15.5648
14.9136
14.2559
13.5926
12.9242
12.2514
11.5748
10.8952
10.2133
9.52953
8.84476
8.15943
7.4743
6.7899
6.1069
5.42583
4.74717
4.07172
3.39973
2.73203
2.069
1.41129
0.759222
0.113297
-0.52578
-1.15771
-1.78221
-2.39868
-3.00678
-3.60618
-4.19658
-4.77759
-5.34897
-5.91047
-6.46188
-7.00286
-7.53309
-8.0526
-8.5611
-9.05835
-9.54432
-10.0189
-10.482
-10.9335
-11.3735
-11.802
-12.2189
-12.6244
-13.0184
-13.4009
-13.7721
-14.1321
-14.481
-14.8189
-15.1458
-15.462
-15.7685
-16.0643
-16.3449
30.5001
30.577
30.6283
30.654
30.6546
30.6301
30.5807
30.5064
30.4074
30.284
30.1363
29.9646
29.7692
29.5503
29.3083
29.0436
28.7565
28.4474
28.1167
27.7649
27.3923
26.9996
26.5871
26.1553
25.7048
25.2361
24.7499
24.2465
23.7268
23.1913
22.6406
22.0753
21.4961
20.9036
20.2984
19.6814
19.0529
18.4139
17.7649
17.1066
16.4398
15.7651
15.0832
14.3948
13.7005
13.0014
12.2978
11.5906
10.8805
10.1679
9.45399
8.73906
8.0241
7.3094
6.59582
5.88412
5.17447
4.46789
3.76488
3.06594
2.37172
1.6827
0.999414
0.32261
-0.347476
-1.00997
-1.6647
-2.31122
-2.94897
-3.57768
-4.19683
-4.80625
-5.4054
-5.99419
-6.57226
-7.13939
-7.69524
-8.2395
-8.77226
-9.2931
-9.8019
-10.2986
-10.7829
-11.255
-11.7147
-12.1621
-12.597
-13.0196
-13.4299
-13.828
-14.2138
-14.5877
-14.9496
-15.2997
-15.6381
-15.965
-16.2804
-16.5857
-16.8795
-17.1577
31.4665
31.5441
31.5949
31.6189
31.6165
31.5879
31.5332
31.4524
31.3458
31.2135
31.0558
30.873
30.6655
30.4334
30.177
29.8969
29.5934
29.2669
28.9178
28.5466
28.1538
27.7398
27.3053
26.8506
26.3764
25.8832
25.3717
24.8425
24.2961
23.7333
23.1547
22.561
21.9529
21.3309
20.6958
20.0484
19.3894
18.7194
18.0391
17.3494
16.6509
15.9442
15.2304
14.5098
13.7835
13.0521
12.3166
11.5775
10.8353
10.0913
9.34585
8.59979
7.85365
7.10852
6.36477
5.62302
4.88405
4.1483
3.41683
2.68992
1.96828
1.25251
0.543024
-0.15934
-0.854117
-1.54077
-2.21898
-2.88802
-3.54763
-4.19732
-4.83667
-5.46535
-6.08298
-6.68933
-7.28413
-7.86705
-8.43778
-8.99606
-9.54195
-10.075
-10.5951
-11.1022
-11.5961
-12.0768
-12.5442
-12.9983
-13.4392
-13.8669
-14.2815
-14.6829
-15.0714
-15.4471
-15.8101
-16.1605
-16.4985
-16.8244
-17.1383
-17.4412
-17.7321
-18.0067
32.4453
32.5236
32.5738
32.596
32.5905
32.5575
32.4971
32.4095
32.2947
32.1532
31.9851
31.7907
31.5704
31.3243
31.053
30.7568
30.4361
30.0913
29.723
29.3315
28.9174
28.4813
28.0237
27.5451
27.046
26.5273
25.9894
25.4329
24.8588
24.2675
23.6597
23.0363
22.3979
21.7452
21.0789
20.3999
19.7088
19.0064
18.2936
17.571
16.8392
16.0994
15.3523
14.5983
13.8385
13.0738
12.3048
11.5323
10.7572
9.98017
9.20198
8.42344
7.64537
6.86838
6.09315
5.32049
4.55086
3.78522
3.02431
2.26855
1.51853
0.775089
0.0388089
-0.689836
-1.41022
-2.1217
-2.82383
-3.516
-4.19797
-4.86905
-5.52896
-6.17722
-6.81364
-7.43776
-8.04931
-8.64804
-9.23372
-9.80598
-10.3648
-10.9099
-11.4411
-11.9582
-12.4612
-12.9501
-13.4248
-13.8851
-14.3313
-14.7634
-15.1815
-15.5856
-15.9758
-16.3525
-16.7156
-17.0655
-17.4022
-17.726
-18.0371
-18.3367
-18.6233
-18.8936
33.4348
33.5138
33.5632
33.5834
33.5746
33.537
33.4707
33.3758
33.2526
33.1014
32.9223
32.7158
32.482
32.2214
31.9344
31.6212
31.2825
30.9186
30.5301
30.1174
29.6812
29.2219
28.7401
28.2364
27.7115
27.1659
26.6004
26.0157
25.4123
24.7913
24.1531
23.4987
22.8286
22.1438
21.445
20.7329
20.0084
19.2724
18.5254
17.7685
17.0024
16.2278
15.4458
14.6571
13.8625
13.0629
12.2593
11.4522
10.6425
9.83125
9.01923
8.20699
7.39544
6.58539
5.77771
4.97284
4.17177
3.37522
2.58384
1.79797
1.01892
0.2471
-0.517108
-1.27275
-2.0193
-2.75623
-3.48288
-4.19875
-4.90349
-5.59645
-6.2772
-6.94542
-7.60076
-8.24276
-8.87119
-9.48583
-10.0864
-10.6725
-11.244
-11.8009
-12.3427
-12.8695
-13.3812
-13.8778
-14.3591
-14.825
-15.2759
-15.7118
-16.1325
-16.5383
-16.9295
-17.3062
-17.6684
-18.0166
-18.3509
-18.6716
-18.9788
-19.2737
-19.555
-19.8196
34.4328
34.5124
34.5611
34.5792
34.5668
34.5244
34.4519
34.3495
34.2174
34.056
33.8654
33.6461
33.3983
33.1224
32.8189
32.488
32.1305
31.7466
31.337
30.9021
30.4427
29.9591
29.4521
28.9222
28.3702
27.7966
27.2023
26.5879
25.9543
25.3021
24.6322
23.9454
23.2423
22.5241
21.7912
21.0447
20.2853
19.514
18.7315
17.9389
17.1369
16.3263
15.508
14.6829
13.8522
13.0164
12.1765
11.3334
10.4881
9.6413
8.79358
7.94647
7.10041
6.25614
5.41465
4.57669
3.74302
2.91419
2.09116
1.27467
0.46557
-0.335649
-1.12837
-1.9118
-2.68529
-3.44823
-4.20005
-4.94006
-5.66804
-6.38322
-7.08527
-7.77361
-8.44803
-9.10811
-9.75349
-10.384
-10.9993
-11.5989
-12.1831
-12.7514
-13.3035
-13.8396
-14.3594
-14.863
-15.3502
-15.8211
-16.2759
-16.7147
-17.1371
-17.5437
-17.9349
-18.3105
-18.6709
-19.0162
-19.3468
-19.6631
-19.9651
-20.254
-20.5287
-20.7861
35.4372
35.5175
35.5653
35.5811
35.5651
35.5175
35.4385
35.3282
35.1868
35.0147
34.8121
34.5793
34.3168
34.025
33.7042
33.3549
32.9776
32.5728
32.1412
31.6831
31.1994
30.6905
30.1571
29.5999
29.0195
28.4167
27.7923
27.147
26.4816
25.797
25.094
24.3733
23.636
22.8827
22.1143
21.3319
20.5363
19.7283
18.9089
18.079
17.2394
16.3911
15.5352
14.6726
13.804
12.9304
12.0529
11.1725
10.2898
9.40585
8.52194
7.63831
6.75627
5.87663
5.00027
4.12776
3.26014
2.39824
1.54273
0.694614
-0.14565
-0.977135
-1.79921
-2.61116
-3.41227
-4.20181
-4.97938
-5.74411
-6.49567
-7.23349
-7.95697
-8.66571
-9.35941
-10.0376
-10.7
-11.3463
-11.9761
-12.5892
-13.1857
-13.765
-14.327
-14.8717
-15.399
-15.909
-16.4015
-16.8765
-17.3343
-17.7749
-18.1982
-18.6046
-18.9946
-19.368
-19.7252
-20.0665
-20.3922
-20.7026
-20.9979
-21.2794
-21.546
-21.7947
36.4454
36.5264
36.5734
36.5867
36.5668
36.5138
36.428
36.3093
36.1582
35.9749
35.7596
35.5129
35.235
34.9265
34.5877
34.219
33.8211
33.3945
32.9398
32.4576
31.9484
31.413
30.8521
30.2663
29.6564
29.0232
28.3673
27.6898
26.9913
26.2728
25.5352
24.7794
24.006
23.2164
22.4111
21.5912
20.7576
19.9114
19.0535
18.1847
17.3062
16.4189
15.5237
14.6217
13.7139
12.8011
11.8845
10.9652
10.0439
9.12171
8.19943
7.27831
6.35906
5.44265
4.53004
3.62187
2.71932
1.82313
0.934129
0.0531647
-0.819074
-1.6817
-2.53391
-3.37512
-4.20452
-5.02135
-5.82515
-6.615
-7.39065
-8.15135
-8.89661
-9.62602
-10.3391
-11.0354
-11.7148
-12.3767
-13.0209
-13.6473
-14.2555
-14.8454
-15.4168
-15.9696
-16.5038
-17.0193
-17.5162
-17.9944
-18.4542
-18.8956
-19.3187
-19.7238
-20.1113
-20.4812
-20.834
-21.1698
-21.489
-21.7922
-22.0793
-22.3519
-22.6086
-22.8469
37.4548
37.5364
37.5824
37.5932
37.5691
37.5105
37.4175
37.2901
37.1287
36.9336
36.7052
36.4439
36.1499
35.824
35.4662
35.0774
34.658
34.2086
33.7299
33.2223
32.6867
32.1237
31.534
30.9184
30.2776
29.6126
28.924
28.2128
27.4798
26.7261
25.9524
25.1598
24.3492
23.5215
22.6776
21.8187
20.9459
20.0597
19.1617
18.2527
17.3335
16.4054
15.4694
14.5266
13.5777
12.6244
11.6673
10.7074
9.74597
8.78397
7.82231
6.862
5.90411
4.94954
3.99944
3.05461
2.11568
1.18414
0.260516
-0.654373
-1.55946
-2.45396
-3.3372
-4.20847
-5.06673
-5.9115
-6.74195
-7.55756
-8.3575
-9.14153
-9.90876
-10.6589
-11.3914
-12.1058
-12.8022
-13.4796
-14.1379
-14.7771
-15.3967
-15.9967
-16.5769
-17.1372
-17.6773
-18.1976
-18.6979
-19.1783
-19.6391
-20.08
-20.5017
-20.9041
-21.2877
-21.6527
-21.9995
-22.3283
-22.6397
-22.9338
-23.211
-23.4729
-23.718
-23.9441
38.4621
38.5442
38.5892
38.5973
38.5689
38.5043
38.4037
38.2672
38.0951
37.8879
37.6457
37.3691
37.0584
36.7141
36.3367
35.9268
35.485
35.0117
34.5078
33.9739
33.4107
32.8189
32.1993
31.5526
30.8797
30.1814
29.4586
28.7123
27.9435
27.1529
26.3417
25.5109
24.6613
23.794
22.9101
22.0106
21.0965
20.1692
19.2293
18.2781
17.3168
16.3464
15.3678
14.3825
13.3915
12.3957
11.3965
10.3946
9.39138
8.38812
7.38525
6.3847
5.3867
4.39277
3.40379
2.42084
1.44473
0.47651
-0.482946
-1.43261
-2.37146
-3.2989
-4.21405
-5.11593
-6.00395
-6.87713
-7.73477
-8.57643
-9.40128
-10.2088
-10.9982
-11.7691
-12.5211
-13.2536
-13.9667
-14.6594
-15.3316
-15.983
-16.6136
-17.2232
-17.8114
-18.3782
-18.9235
-19.4476
-19.9504
-20.4318
-20.8922
-21.3315
-21.7504
-22.1488
-22.5269
-22.8853
-23.2243
-23.5444
-23.846
-24.1293
-24.3948
-24.6439
-24.8752
-25.0872
39.4638
39.5466
39.5904
39.5955
39.5626
39.4919
39.3835
39.2374
39.0542
38.8341
38.5776
38.285
37.9567
37.5934
37.1955
36.7636
36.2983
35.8003
35.2702
34.7088
34.1167
33.4949
32.8439
32.1648
31.4584
30.7256
29.9673
29.1845
28.3781
27.5493
26.699
25.8282
24.9381
24.0297
23.104
22.1624
21.2056
20.2349
19.2516
18.2569
17.2518
16.2373
15.2148
14.1853
13.15
12.1103
11.067
10.0218
8.97538
7.92899
6.88391
5.84117
4.80181
3.7672
2.73789
1.71556
0.700766
-0.305206
-1.30144
-2.28697
-3.26064
-4.22179
-5.16962
-6.10304
-7.0213
-7.92344
-8.80889
-9.67697
-10.5269
-11.3581
-12.1699
-12.9617
-13.7331
-14.4837
-15.2132
-15.921
-16.6066
-17.2698
-17.9108
-18.5292
-19.1247
-19.697
-20.2467
-20.7735
-21.2774
-21.7586
-22.2172
-22.6536
-23.068
-23.4605
-23.8318
-24.1818
-24.5112
-24.8205
-25.1101
-25.3804
-25.632
-25.8659
-26.0811
-26.2763
40.4561
40.5396
40.5821
40.5843
40.5467
40.4694
40.3527
40.1967
40.0019
39.7685
39.4969
39.1876
38.8411
38.4579
38.0386
37.5838
37.0941
36.5702
36.0127
35.4226
34.8006
34.1473
33.4638
32.7511
32.0098
31.241
30.4455
29.6247
28.7794
27.9107
27.0196
26.1075
25.1753
24.2239
23.2549
22.2691
21.2679
20.2526
19.2241
18.1839
17.1331
16.0728
15.0044
13.9292
12.8481
11.7626
10.6741
9.58388
8.49261
7.40164
6.3126
5.22609
4.14382
3.06701
1.9964
0.933253
-0.121344
-1.16623
-2.20048
-3.22285
-4.23242
-5.2283
-6.20962
-7.17508
-8.12439
-9.05618
-9.96981
-10.8648
-11.7401
-12.5952
-13.4295
-14.2421
-15.0329
-15.8013
-16.547
-17.2693
-17.9678
-18.6423
-19.293
-19.9193
-20.5211
-21.0982
-21.651
-22.1793
-22.6829
-23.1624
-23.618
-24.0495
-24.4576
-24.8425
-25.2047
-25.5444
-25.8621
-26.1583
-26.4334
-26.6882
-26.9231
-27.1393
-27.3356
-27.5112
41.4349
41.5189
41.5602
41.5593
41.5166
41.4326
41.3072
41.1409
40.9339
40.6866
40.3993
40.0727
39.7072
39.3034
38.8617
38.383
37.8679
37.317
36.7311
36.1111
35.4577
34.772
34.0546
33.3066
32.529
31.7227
30.8887
30.0283
29.1424
28.2323
27.2989
26.3436
25.3674
24.3716
23.3573
22.3259
21.2784
20.2166
19.1413
18.0537
16.9555
15.8478
14.7318
13.6087
12.4804
11.3478
10.2121
9.07464
7.93692
6.7999
5.6654
4.53408
3.40744
2.28675
1.17323
0.0681086
-1.02755
-2.11271
-3.18594
-4.24632
-5.29275
-6.32424
-7.33973
-8.33823
-9.31912
-10.2809
-11.2234
-12.1455
-13.0466
-13.9257
-14.7823
-15.6158
-16.4259
-17.2118
-17.9731
-18.7095
-19.4204
-20.1056
-20.7649
-21.3981
-22.0054
-22.586
-23.1404
-23.6687
-24.1707
-24.6468
-25.0973
-25.5221
-25.9219
-26.297
-26.6478
-26.9745
-27.2779
-27.5582
-27.816
-28.0524
-28.2676
-28.4627
-28.6368
-28.7893
42.3954
42.4801
42.52
42.5158
42.4679
42.3768
42.2426
42.0654
41.8457
41.5838
41.2803
40.9357
40.5503
40.1249
39.66
39.1565
38.6148
38.0358
37.4204
36.7694
36.0834
35.3637
34.611
33.8265
33.0111
32.1658
31.2917
30.3902
29.4621
28.5088
27.5314
26.5312
25.5093
24.4672
23.4059
22.3272
21.232
20.1214
18.9973
17.861
16.7135
15.5562
14.391
13.2188
12.041
10.8592
9.67442
8.48842
7.30252
6.11819
4.9363
3.75851
2.58596
1.42019
0.262417
-0.886179
-2.02435
-3.15069
-4.26415
-5.36367
-6.4479
-7.5158
-8.56633
-9.59861
-10.6116
-11.6041
-12.5756
-13.5252
-14.4522
-15.3553
-16.2345
-17.0886
-17.9177
-18.7207
-19.4971
-20.247
-20.9694
-21.6641
-22.3312
-22.9704
-23.5814
-24.1641
-24.7187
-25.2451
-25.7437
-26.2142
-26.6576
-27.0734
-27.4625
-27.825
-28.1614
-28.4722
-28.7581
-29.0193
-29.2566
-29.4707
-29.6623
-29.8325
-29.9803
-30.1057
43.3327
43.418
43.4565
43.4488
43.3956
43.2971
43.1535
42.9651
42.7322
42.4553
42.1348
41.7712
41.3652
40.9175
40.4284
39.899
39.3297
38.7217
38.0754
37.3919
36.6722
35.9171
35.1278
34.3052
33.4506
32.5647
31.6491
30.7046
29.7325
28.7345
27.7113
26.6646
25.5953
24.505
23.3952
22.2671
21.1217
19.9611
18.7866
17.5992
16.4005
15.1923
13.9758
12.7524
11.5235
10.2905
9.05543
7.81945
6.58363
5.34962
4.11889
2.89284
1.6729
0.460552
-0.742749
-1.93618
-3.11801
-4.2869
-5.44183
-6.58121
-7.70414
-8.80949
-9.89592
-10.9623
-12.008
-13.0319
-14.0326
-15.0099
-15.9628
-16.8901
-17.7915
-18.6661
-19.5135
-20.3331
-21.1241
-21.8865
-22.6193
-23.3223
-23.9957
-24.6395
-25.2525
-25.8353
-26.3881
-26.9107
-27.4033
-27.8658
-28.2992
-28.7033
-29.0784
-29.4252
-29.7438
-30.0352
-30.2996
-30.5378
-30.7503
-30.9379
-31.1013
-31.2419
-31.3586
-31.4518
44.2413
44.3273
44.3643
44.353
44.2941
44.1879
44.0346
43.8345
43.5879
43.2952
42.9571
42.574
42.1465
41.6754
41.1613
40.6049
40.0071
39.3685
38.6902
37.9731
37.2183
36.4265
35.599
34.7371
33.8415
32.9134
31.9544
30.9655
29.9481
28.9034
27.8328
26.7375
25.6191
24.479
23.3185
22.1388
20.9422
19.7295
18.502
17.2618
16.0105
14.7494
13.4795
12.2029
10.9211
9.63565
8.34824
7.05991
5.77259
4.48755
3.20642
1.93066
0.66189
-0.598607
-1.84901
-3.08837
-4.31506
-5.52776
-6.72503
-7.90546
-9.06789
-10.2112
-11.3344
-12.4357
-13.5144
-14.5698
-15.6003
-16.6051
-17.5838
-18.5351
-19.4582
-20.3528
-21.2178
-22.0529
-22.8576
-23.631
-24.3729
-25.0827
-25.7608
-26.4067
-27.0197
-27.6002
-28.1485
-28.6646
-29.1481
-29.5995
-30.0196
-30.4081
-30.7656
-31.0925
-31.3892
-31.6566
-31.895
-32.1052
-32.2877
-32.4437
-32.5737
-32.6791
-32.7592
-32.8149
45.1153
45.2019
45.2373
45.2222
45.1574
45.0433
44.8799
44.6676
44.4067
44.0978
43.7412
43.3378
42.8881
42.3927
41.8524
41.2681
40.6405
39.9704
39.259
38.507
37.7155
36.8856
36.0186
35.1155
34.1774
33.206
32.2018
31.1668
30.102
29.0089
27.8889
26.7436
25.574
24.3821
23.169
21.9364
20.6859
19.4192
18.1376
16.843
15.5366
14.2201
12.8956
11.5641
10.2277
8.88745
7.54579
6.20377
4.86315
3.52544
2.1923
0.86528
-0.453873
-1.76367
-3.06254
-4.34912
-5.62188
-6.87935
-8.11971
-9.34219
-10.545
-11.727
-12.8868
-14.0234
-15.1357
-16.2224
-17.2824
-18.3148
-19.3188
-20.2933
-21.2375
-22.1509
-23.0325
-23.8818
-24.6985
-25.4811
-26.23
-26.9445
-27.6247
-28.27
-28.8803
-29.4554
-29.9957
-30.5013
-30.972
-31.4083
-31.8106
-32.1791
-32.5141
-32.8162
-33.0859
-33.3238
-33.5306
-33.7069
-33.8537
-33.972
-34.0626
-34.1266
-34.1641
-34.1764
45.9482
46.0355
46.0693
46.0502
45.9793
45.8568
45.683
45.458
45.1823
44.8564
44.4809
44.0563
43.5834
43.0629
42.4956
41.8822
41.2236
40.5209
39.7749
38.9865
38.1572
37.2878
36.3796
35.434
34.4521
33.4352
32.3845
31.3015
30.1877
29.0446
27.8735
26.6758
25.4534
24.2078
22.9404
21.653
20.347
19.0241
17.6865
16.3349
14.9718
13.5989
12.2174
10.8294
9.43596
8.03984
6.64222
5.24476
3.84925
2.45731
1.07072
-0.30887
-1.67969
-3.04014
-4.38852
-5.72318
-7.043
-8.34579
-9.63035
-10.895
-12.1384
-13.3595
-14.5563
-15.7281
-16.8736
-17.991
-19.08
-20.1392
-21.1675
-22.1641
-23.1282
-24.0586
-24.9549
-25.8164
-26.6424
-27.4319
-28.1848
-28.9009
-29.5797
-30.2209
-30.8244
-31.3902
-31.9183
-32.4088
-32.8618
-33.2778
-33.657
-33.9998
-34.3067
-34.5779
-34.8145
-35.0166
-35.1855
-35.3215
-35.4261
-35.5004
-35.5448
-35.5612
-35.5499
-35.5126
46.7332
46.821
46.8531
46.8301
46.7529
46.6219
46.4371
46.199
45.9079
45.5643
45.1691
44.7226
44.2258
43.6791
43.0837
42.4403
41.7497
41.013
40.2311
39.4053
38.5367
37.6263
36.6758
35.6859
34.6586
33.5947
32.4956
31.3632
30.1987
29.0038
27.7795
26.5283
25.2513
23.9501
22.6264
21.2825
19.9189
18.5383
17.1423
15.7326
14.3114
12.8798
11.4398
9.99328
8.54208
7.08802
5.63299
4.17867
2.72696
1.27956
-0.161603
-1.59483
-3.01827
-4.43019
-5.82875
-7.21237
-8.57935
-9.92802
-11.2566
-12.5636
-13.8475
-15.1069
-16.3404
-17.5466
-18.7242
-19.8717
-20.9883
-22.0727
-23.1235
-24.1401
-25.1215
-26.0667
-26.9747
-27.845
-28.677
-29.4699
-30.2229
-30.9361
-31.609
-32.2414
-32.8332
-33.3843
-33.8946
-34.3646
-34.794
-35.1834
-35.5334
-35.8441
-36.1159
-36.3497
-36.5463
-36.7061
-36.8303
-36.9192
-36.9754
-36.9988
-36.9912
-36.9538
-36.888
-36.7962
47.463
47.5516
47.5818
47.5546
47.4708
47.3309
47.1349
46.8832
46.5763
46.2147
45.7989
45.3299
44.8081
44.2346
43.6102
42.9354
42.2118
41.4402
40.6212
39.7567
38.8476
37.8951
36.9005
35.8653
34.7907
33.6784
32.5297
31.3463
30.1292
28.8806
27.6024
26.2956
24.9623
23.6039
22.2228
20.82
19.3982
17.9584
16.5029
15.0333
13.5517
12.0604
10.5607
9.05464
7.54417
6.03123
4.51777
3.0058
1.49705
-0.00644764
-1.50287
-2.99024
-4.46664
-5.9301
-7.3789
-8.81119
-10.2251
-11.619
-12.9911
-14.3394
-15.6628
-16.9595
-18.2279
-19.4668
-20.6745
-21.8499
-22.9916
-24.0983
-25.1688
-26.2023
-27.1973
-28.1534
-29.0693
-29.9442
-30.7776
-31.5687
-32.3171
-33.0219
-33.6836
-34.3011
-34.875
-35.4051
-35.8914
-36.3339
-36.733
-37.0893
-37.403
-37.6747
-37.9045
-38.0941
-38.244
-38.3547
-38.4278
-38.4635
-38.4654
-38.4324
-38.3686
-38.2726
-38.1486
-37.9987
48.1308
48.22
48.2483
48.2168
48.1263
47.9773
47.7698
47.5041
47.1808
46.8005
46.3638
45.8714
45.3242
44.7229
44.0686
43.3622
42.6044
41.7965
40.9399
40.0356
39.0847
38.0887
37.0493
35.9676
34.8448
33.6827
32.4831
31.2472
29.977
28.674
27.3395
25.9765
24.5855
23.1692
21.7291
20.2671
18.7851
17.2851
15.7692
14.239
12.6969
11.1449
9.58474
8.01858
6.44844
4.87627
3.30422
1.73438
0.168746
-1.39064
-2.94186
-4.48277
-6.01138
-7.52566
-9.0236
-10.5032
-11.9627
-13.4001
-14.8136
-16.2015
-17.5619
-18.8933
-20.1938
-21.4622
-22.6967
-23.896
-25.0592
-26.1844
-27.2703
-28.3158
-29.3201
-30.2818
-31.1997
-32.0738
-32.9029
-33.6862
-34.4237
-35.1136
-35.7573
-36.3537
-36.9031
-37.4055
-37.8608
-38.2689
-38.6313
-38.9475
-39.2178
-39.4439
-39.6259
-39.7651
-39.8627
-39.9191
-39.9364
-39.915
-39.8583
-39.7659
-39.6428
-39.4861
-39.3037
-39.0941
48.7301
48.8201
48.8466
48.8106
48.7133
48.5549
48.3356
48.0557
47.7159
47.3166
46.8585
46.3426
45.7693
45.1399
44.455
43.716
42.9236
42.0794
41.1842
40.2394
39.2463
38.2067
37.1214
35.9921
34.8208
33.6087
32.3575
31.0686
29.7442
28.386
26.9958
25.5754
24.127
22.652
21.1526
19.6312
18.0892
16.5289
14.9526
13.3621
11.7598
10.1475
8.52761
6.90198
5.27286
3.64248
2.01304
0.386673
-1.23441
-2.84817
-4.45244
-6.04498
-7.62364
-9.18623
-10.7306
-12.2548
-13.7568
-15.2345
-16.6861
-18.1096
-19.503
-20.8648
-22.1932
-23.4869
-24.7437
-25.9627
-27.141
-28.2788
-29.3744
-30.426
-31.4334
-32.3947
-33.3086
-34.1756
-34.9936
-35.7621
-36.482
-37.1509
-37.7701
-38.338
-38.8565
-39.3251
-39.7428
-40.1102
-40.4305
-40.7008
-40.9231
-41.0986
-41.229
-41.3133
-41.3554
-41.3548
-41.3143
-41.2345
-41.1188
-40.9674
-40.7851
-40.57
-40.3301
-40.0643
49.2573
49.3479
49.3725
49.3322
49.228
49.0603
48.8293
48.5353
48.1789
47.7605
47.2811
46.7412
46.1422
45.4846
44.7693
43.9978
43.171
42.2903
41.3567
40.3718
39.3366
38.253
37.1222
35.9465
34.7265
33.4643
32.1622
30.8211
29.4431
28.0309
26.5852
25.1089
23.6034
22.0712
20.5139
18.934
17.3335
15.7146
14.0795
12.4305
10.7698
9.09946
7.42185
5.73924
4.05375
2.36786
0.683915
-0.99584
-2.66922
-4.33372
-5.98745
-7.6277
-9.25238
-10.859
-12.4455
-14.0096
-15.5492
-17.0622
-18.5466
-20.0004
-21.4214
-22.8078
-24.1577
-25.4709
-26.7438
-27.9751
-29.1636
-30.3078
-31.4068
-32.4578
-33.4618
-34.4154
-35.319
-36.1723
-36.9727
-37.7208
-38.417
-39.0583
-39.648
-40.1824
-40.665
-41.0949
-41.4714
-41.794
-42.0684
-42.2903
-42.4632
-42.5863
-42.6629
-42.6932
-42.6803
-42.6244
-42.5272
-42.3913
-42.2201
-42.014
-41.7768
-41.5092
-41.2166
-40.9009
49.7125
49.8038
49.8268
49.7824
49.6716
49.4949
49.2525
48.9447
48.5721
48.1353
47.6352
47.0723
46.4479
45.7631
45.0185
44.2154
43.3551
42.4391
41.4686
40.4448
39.3689
38.2435
37.0687
35.8476
34.5816
33.2715
31.9202
30.5293
29.1008
27.6361
26.1378
24.608
23.0486
21.4619
19.8501
18.2153
16.5598
14.8859
13.196
11.4923
9.77724
8.0531
6.32235
4.58735
2.85041
1.11393
-0.619421
-2.34733
-4.06758
-5.77739
-7.47469
-9.15676
-10.8215
-12.4661
-14.0882
-15.686
-17.2568
-18.7986
-20.3092
-21.7866
-23.2286
-24.6335
-25.9996
-27.3237
-28.6055
-29.8432
-31.035
-32.179
-33.2749
-34.3198
-35.3142
-36.2555
-37.143
-37.977
-38.7553
-39.4792
-40.1472
-40.7574
-41.315
-41.8135
-42.2588
-42.6483
-42.9827
-43.2614
-43.4898
-43.6655
-43.7905
-43.8638
-43.8897
-43.8716
-43.8069
-43.702
-43.5545
-43.3695
-43.149
-42.8969
-42.6131
-42.3006
-41.9653
-41.6072
50.1049
50.197
50.2184
50.1702
50.0533
49.8683
49.6154
49.2948
48.9074
48.4533
47.9338
47.3499
46.7021
45.9917
45.2204
44.388
43.4969
42.5483
41.5434
40.4841
39.371
38.2069
36.9924
35.7292
34.421
33.0672
31.6713
30.2349
28.7598
27.2483
25.7024
24.1244
22.5165
20.881
19.2202
17.5364
15.8319
14.1092
12.3706
10.6187
8.85607
7.08486
5.3078
3.52732
1.74595
-0.0338479
-1.8095
-3.57809
-5.33788
-7.08551
-8.81893
-10.5352
-12.2325
-13.9074
-15.558
-17.1819
-18.7766
-20.34
-21.8697
-23.3636
-24.8198
-26.236
-27.6104
-28.9411
-30.2266
-31.4651
-32.6548
-33.7942
-34.8822
-35.917
-36.8978
-37.8237
-38.6932
-39.5058
-40.2608
-40.9603
-41.5989
-42.1808
-42.7062
-43.1709
-43.5813
-43.9335
-44.23
-44.4707
-44.6578
-44.7944
-44.8761
-44.9085
-44.893
-44.8324
-44.7267
-44.5817
-44.3942
-44.1707
-43.9111
-43.6225
-43.3048
-42.9563
-42.5892
-42.2002
50.4527
50.5456
50.5657
50.5143
50.3922
50.1999
49.938
49.6061
49.206
48.737
48.2009
47.5988
46.9304
46.1987
45.4041
44.546
43.6295
42.653
41.6188
40.528
39.3839
38.1864
36.9372
35.6394
34.2949
32.9043
31.4707
29.9959
28.4818
26.9306
25.3447
23.7263
22.078
20.4016
18.7
16.9757
15.2308
13.4678
11.6896
9.89814
8.0964
6.28724
4.47294
2.65567
0.83885
-0.975292
-2.78439
-4.58533
-6.37558
-8.1526
-9.91377
-11.6563
-13.3777
-15.0754
-16.7471
-18.3897
-20.0013
-21.5799
-23.1226
-24.6273
-26.092
-27.515
-28.8935
-30.2266
-31.5122
-32.7484
-33.9338
-35.0671
-36.1462
-37.1705
-38.1386
-39.0496
-39.9026
-40.6968
-41.4319
-42.1094
-42.7248
-43.2825
-43.7824
-44.2219
-44.6023
-44.9272
-45.1947
-45.4068
-45.5609
-45.6693
-45.7195
-45.7208
-45.6775
-45.5847
-45.4509
-45.2779
-45.0614
-44.8126
-44.5261
-44.2123
-43.8709
-43.5007
-43.1095
-42.7005
50.7796
50.8729
50.8922
50.8384
50.7123
50.5146
50.2453
49.9048
49.4948
49.0148
48.4656
47.8493
47.1653
46.4176
45.6041
44.7272
43.7901
42.793
41.736
40.622
39.4535
38.2308
36.9559
35.6315
34.2591
32.8407
31.3787
29.8745
28.3313
26.7501
25.1342
23.4853
21.8066
20.0999
18.368
16.6135
14.8385
13.0456
11.2378
9.41726
7.58728
5.74971
3.90832
2.0645
0.221378
-1.61766
-3.45081
-5.27519
-7.08739
-8.88564
-10.6662
-12.4277
-14.1663
-15.8804
-17.5666
-19.2224
-20.8462
-22.4352
-23.9864
-25.4991
-26.9697
-28.3974
-29.7792
-31.114
-32.3998
-33.6347
-34.8174
-35.9467
-37.0201
-38.038
-38.9978
-39.8998
-40.7419
-41.5253
-42.2481
-42.9113
-43.5142
-44.0563
-44.5404
-44.9649
-45.3281
-45.6363
-45.8877
-46.0814
-46.2182
-46.3076
-46.3434
-46.3247
-46.2653
-46.1562
-46.0063
-45.816
-45.5841
-45.3206
-45.0212
-44.6922
-44.3358
-43.9551
-43.5487
-43.128
51.1648
51.2583
51.277
51.2215
51.0926
50.891
50.6164
50.2706
49.853
49.3659
48.808
48.1809
47.4881
46.7286
45.9029
45.0138
44.0628
43.0514
41.9793
40.85
39.665
38.4253
37.1331
35.7909
34.4
32.9629
31.4818
29.958
28.3948
26.7935
25.1575
23.4878
21.7888
20.0615
18.3087
16.5333
14.7378
12.9248
11.0961
9.25528
7.40576
5.54808
3.68753
1.82448
-0.0371404
-1.89457
-3.74568
-5.5873
-7.41608
-9.23071
-11.0266
-12.8033
-14.5563
-16.2842
-17.9833
-19.6507
-21.2849
-22.8848
-24.4456
-25.9679
-27.4465
-28.8818
-30.2712
-31.6119
-32.9031
-34.1429
-35.33
-36.4625
-37.5383
-38.5585
-39.5196
-40.4224
-41.2648
-42.0479
-42.7698
-43.4315
-44.0329
-44.5734
-45.0543
-45.4757
-45.8371
-46.1406
-46.3887
-46.5774
-46.7117
-46.7939
-46.8261
-46.8044
-46.7357
-46.6248
-46.4702
-46.2713
-46.0364
-45.7647
-45.4621
-45.1258
-44.7628
-44.3747
-43.9624
-43.5332
51.755
51.8483
51.866
51.8087
51.6774
51.4725
51.1941
50.8441
50.4211
49.9282
49.3644
48.7305
48.0307
47.2626
46.4287
45.5308
44.5701
43.5483
42.466
41.3256
40.1285
38.8771
37.5723
36.217
34.8131
33.3621
31.8662
30.3285
28.7502
27.1336
25.4821
23.7964
22.0811
20.3373
18.568
16.7757
14.9628
13.1329
11.2866
9.42811
7.56104
5.68536
3.80659
1.92547
0.0460324
-1.82959
-3.69865
-5.55824
-7.40535
-9.23776
-11.0517
-12.8459
-14.6164
-16.3611
-18.0779
-19.7639
-21.417
-23.0348
-24.6132
-26.1527
-27.6479
-29.0998
-30.5057
-31.8619
-33.1691
-34.4243
-35.6263
-36.7738
-37.8642
-38.8984
-39.8734
-40.7895
-41.6451
-42.4399
-43.1748
-43.8482
-44.4602
-45.0115
-45.5026
-45.9329
-46.3038
-46.6155
-46.8698
-47.0659
-47.2068
-47.294
-47.3293
-47.3137
-47.2457
-47.1378
-46.9837
-46.7849
-46.5508
-46.2761
-45.9708
-45.6318
-45.2639
-44.8698
-44.4522
-44.0142
-0.152914
-0.125483
-0.0596719
-0.0477161
-0.0329329
-0.00666066
0.0021081
0.00582401
-3.2996e-06
-0.000622327
-0.00641888
-0.00663452
0.00386556
0.000994714
0.00466522
0.0026252
-0.000878843
0.00366948
-0.000593234
0.00132817
0.000374423
-0.000527398
0.00268533
-0.000742777
0.00216129
0.0020362
2.1365e-07
0.00142124
-0.000718882
0.00106947
0.00122224
-0.000551005
0.000934986
0.000908843
0.000439705
1.58985e-05
-0.000370234
0.000646396
0.000733216
-0.000560146
-0.000152641
0.000675942
-0.000359552
-0.000659979
0.000151553
0.000149231
-8.52771e-05
-0.000121502
-0.000252503
-0.000433909
-0.000809394
-0.0010608
-0.00127917
-0.00101974
-0.000736035
-0.000444337
0.000119585
0.00045469
0.000354863
-6.7452e-05
-0.000756714
-0.00167471
-0.00248744
-0.00338297
-0.0035656
-0.00316839
-0.00243863
-0.00149904
4.63638e-05
0.00174239
0.00264418
0.00261852
0.0019145
0.00107078
-0.000356518
-0.00216819
-0.00423612
-0.00553066
-0.0065394
-0.00702277
-0.0071455
-0.00648675
-0.00554425
-0.00458665
-0.00351554
-0.00266454
-0.00158115
-0.000748715
0.000588522
0.00139586
0.00401888
0.00537353
0.0112896
0.0098414
0.0246015
0.00928991
0.0483593
-0.0177636
0.0799379
-0.054485
-0.00688523
0.0129613
0.0116792
-0.00369696
0.000256515
-0.0132773
-0.0249558
-0.0137825
-0.00651288
0.0108878
0.0121142
0.00959464
0.0063144
-0.00783214
0.000333112
0.00292448
0.0036049
0.00567173
0.00170897
0.00680936
0.00168422
0.0025698
0.00541208
0.000473875
0.00339056
0.00120836
0.00292655
0.00482894
0.000349494
0.002286
0.00238238
0.00177625
0.00139974
-0.000214379
0.00243196
0.00238485
-0.000671066
8.35746e-05
0.00170106
0.000339632
-0.00041974
0.000291763
0.000261123
-0.000117614
-0.000891395
-0.000850348
-0.000370191
-0.00112816
-0.00182573
-0.00136126
-0.00112317
-0.00139221
-0.00169198
-0.00187151
-0.00235015
-0.00304686
-0.00308208
-0.00292623
-0.00265702
-0.00219774
-0.00171561
-0.00167478
-0.00203102
-0.00272504
-0.00397245
-0.00524947
-0.00643177
-0.00711891
-0.00756499
-0.00666869
-0.00467879
-0.00265483
-0.00150655
-0.000744156
0.000302476
0.00039152
-0.000724778
-0.00297957
-0.00442484
-0.00650939
-0.00818599
-0.0102125
-0.010892
-0.011357
-0.0114103
-0.0109652
-0.0110385
-0.00947861
-0.00981118
-0.00694192
-0.00703052
-0.00295677
0.000305148
0.00591589
0.023241
0.015297
0.0718696
0.0165525
0.169853
-0.0306
-0.0285175
-0.0249468
-0.0174125
-0.0179171
0.00369422
0.01208
0.0169575
0.0218112
0.00570377
-0.00690155
-0.0132726
-0.0018951
0.00814795
0.0124856
0.0165417
0.00821291
0.00626421
0.00126543
0.00127622
0.00659904
0.00337336
0.00609491
0.00569812
0.00737107
0.00772929
0.00201055
0.00331133
0.00276894
0.0034972
0.00442653
0.00230705
0.00430073
0.00354413
0.000776324
0.00132379
0.00206097
0.00197397
0.000902948
1.58558e-05
0.000997
0.00118963
-0.00082807
-0.000745492
0.00052637
-0.000755817
-0.00141503
-0.000980021
-0.00156688
-0.00250069
-0.00309302
-0.00322832
-0.00333875
-0.00303209
-0.00283072
-0.00277658
-0.00266033
-0.00296241
-0.00400585
-0.00508652
-0.00622113
-0.00701434
-0.00701247
-0.00681641
-0.00574245
-0.0042618
-0.00333761
-0.00358765
-0.00400231
-0.00514197
-0.00736166
-0.00942181
-0.0105147
-0.0110502
-0.0121218
-0.0122504
-0.0109254
-0.00854005
-0.00747852
-0.00641372
-0.00544797
-0.00441565
-0.00474509
-0.00540037
-0.00597049
-0.00637219
-0.00668548
-0.00728803
-0.0075247
-0.00854749
-0.00746263
-0.0102849
-0.0080331
-0.0130001
-0.00525391
-0.0163318
0.0028076
-0.00579108
0.0252179
0.0404768
0.00643911
0.00645593
0.0127805
0.0131927
0.00660247
0.00871966
-0.00986019
-0.015118
-0.00404602
0.00800614
0.0220503
0.0248638
0.0193517
0.0046546
0.00216319
0.00427971
0.00191115
0.0094471
0.0115622
0.0120431
0.0108919
0.00804822
0.00647398
0.00211997
0.005349
0.00736141
0.00757692
0.00902922
0.00606328
0.00474365
0.00330058
0.00281866
0.00414743
0.00369951
0.00394401
0.00333679
0.00126394
0.00147713
0.00206807
0.000849693
0.000709895
0.000714692
7.73614e-06
-0.000366021
-0.00104932
-0.00113475
-0.0012429
-0.00230772
-0.002534
-0.00235696
-0.00289204
-0.00341772
-0.00385278
-0.00446594
-0.00561532
-0.00630145
-0.00596397
-0.0055437
-0.00523028
-0.00478767
-0.00469992
-0.00565996
-0.00719505
-0.00870559
-0.0101066
-0.0113176
-0.0115679
-0.0107807
-0.0098598
-0.00863563
-0.00730494
-0.00656823
-0.00669049
-0.00710799
-0.0080434
-0.0105137
-0.0133459
-0.0152739
-0.0159006
-0.0173911
-0.0179706
-0.0179279
-0.0161243
-0.0152988
-0.014146
-0.0131509
-0.0117786
-0.00996992
-0.00959416
-0.00646358
-0.00712431
-0.00414283
-0.00391989
-0.00437176
-0.00236766
-0.0116102
-0.00399332
-0.023823
-0.0198982
-0.046691
-0.0191084
0.00690422
0.012737
0.00168832
0.00193655
0.022627
0.0281569
0.0335467
0.0267377
0.00788247
-0.00362847
-0.00121787
0.00719049
0.00966178
0.0176836
0.0173401
0.0154878
0.0187715
0.0126333
0.00520081
-0.000515272
0.00693682
0.0157742
0.0139137
0.0118902
0.00695037
0.00503401
0.00488118
0.00527753
0.00969449
0.00899358
0.00585916
0.00415647
0.00278563
0.00373062
0.00359161
0.00291213
0.00344157
0.00199494
0.000759955
0.00112096
0.000118712
-0.000200043
5.35724e-05
-0.000985705
-0.00166875
-0.002003
-0.00262087
-0.00329159
-0.00376335
-0.00429474
-0.0048141
-0.00495532
-0.0052821
-0.00568009
-0.00590312
-0.00664988
-0.0077698
-0.00867465
-0.00969407
-0.00993712
-0.0095335
-0.00906496
-0.00849501
-0.00783898
-0.008045
-0.00935177
-0.0110693
-0.0128618
-0.0149789
-0.0168591
-0.0176648
-0.0172732
-0.0163286
-0.0146159
-0.0123696
-0.0106655
-0.0103496
-0.0100278
-0.00993549
-0.0109356
-0.0133197
-0.0152634
-0.016627
-0.0181162
-0.0202858
-0.0218016
-0.0233733
-0.0239125
-0.02426
-0.0251987
-0.022382
-0.0245623
-0.0225596
-0.0269388
-0.0262503
-0.0306791
-0.0493624
-0.0399094
-0.100183
-0.0469449
0.022233
0.0297109
0.0297031
0.025739
0.0129023
-0.00519133
-0.00142848
0.0117955
0.0256201
0.0324946
0.0298683
0.0214699
0.0162163
0.0191604
0.0148061
0.00888557
0.00205943
0.0043914
0.0205908
0.0267709
0.0205658
0.00732145
0.00135421
0.00553024
0.0111329
0.0168817
0.0136795
0.00772912
0.00443284
0.00341544
0.00759047
0.00845857
0.00668325
0.00565955
0.00314748
0.00267987
0.0027632
0.0021764
0.00281279
0.00140699
-0.000275056
-0.000141281
-0.00100489
-0.00175062
-0.00153837
-0.00236499
-0.00327936
-0.00367297
-0.00403004
-0.00466884
-0.00544233
-0.00640755
-0.00762537
-0.00844458
-0.00862527
-0.00851913
-0.00842271
-0.00827789
-0.00826635
-0.00928837
-0.0110816
-0.0125889
-0.0139417
-0.0154969
-0.0156875
-0.0143048
-0.012835
-0.0118308
-0.0108072
-0.0106659
-0.0121894
-0.014832
-0.0175357
-0.0204015
-0.0230283
-0.0245719
-0.024827
-0.0247988
-0.0233189
-0.0209808
-0.0181381
-0.0172527
-0.0157902
-0.0148012
-0.0134669
-0.0142813
-0.0153848
-0.0168505
-0.020952
-0.0227696
-0.0272073
-0.0311387
-0.0328727
-0.0407948
-0.0418573
-0.0601968
-0.0649195
-0.0886514
-0.153618
-0.0912481
0.0305433
0.0268731
0.0176346
0.0284616
0.0423734
0.0461991
0.0427152
0.0209008
0.00877527
0.00822136
0.0109037
0.0164539
0.0197649
0.0163121
0.0151143
0.028922
0.0365776
0.0302783
0.0138894
-0.00232835
-0.00312581
0.0122695
0.0278074
0.0234179
0.0101702
0.00290312
0.00413916
0.0125054
0.015311
0.0123027
0.00740555
0.00337288
0.00505932
0.00625961
0.0057524
0.00597321
0.00380879
0.00161612
0.00106352
0.000732225
0.00105294
0.000365489
-0.00101173
-0.00157166
-0.00243687
-0.00328688
-0.00354953
-0.00422414
-0.00550498
-0.00631638
-0.00659262
-0.00722399
-0.00771118
-0.00790984
-0.00883681
-0.0105029
-0.0117383
-0.0127835
-0.0133935
-0.0131483
-0.0122062
-0.0120129
-0.0122024
-0.0126458
-0.0142021
-0.0169659
-0.01912
-0.0206401
-0.0217342
-0.0217699
-0.0203253
-0.0185526
-0.0171906
-0.0157354
-0.0150262
-0.0156374
-0.0175626
-0.0196282
-0.0227889
-0.0256209
-0.0277841
-0.0286044
-0.0301451
-0.030559
-0.0295669
-0.0274988
-0.0248935
-0.0234008
-0.0201538
-0.0186003
-0.0188162
-0.0178155
-0.0164701
-0.0163551
-0.0114555
-0.0142345
-0.000839345
-0.0196357
2.23108e-05
-0.0411961
0.0425632
0.0437144
0.037134
0.0293827
0.011527
0.00982366
0.0242597
0.0348936
0.0452505
0.0427141
0.0325273
0.0274207
0.0305128
0.0290972
0.0216246
0.0126687
-0.000799565
0.000880599
0.0192487
0.0399034
0.043458
0.0225298
0.00146384
-0.00396553
0.0103684
0.0234352
0.021111
0.0114414
0.00351849
0.00567398
0.0108344
0.0122005
0.00994418
0.00545183
0.00377554
0.00372345
0.00369828
0.004644
0.00318985
0.000699479
-6.06933e-05
-0.000742726
-0.0011656
-0.00145798
-0.00273707
-0.00361681
-0.00429207
-0.00523531
-0.00588579
-0.00661346
-0.00782726
-0.00871968
-0.00947118
-0.0105459
-0.0113575
-0.0114733
-0.0117381
-0.0120589
-0.0128055
-0.0143402
-0.0163094
-0.0176032
-0.0186198
-0.0190112
-0.0183013
-0.0171373
-0.0165537
-0.0164651
-0.016993
-0.0188664
-0.0217869
-0.0246544
-0.0269839
-0.0291413
-0.0299718
-0.029071
-0.0274216
-0.0256439
-0.0236342
-0.0218803
-0.021627
-0.0213417
-0.0221137
-0.0233996
-0.0268028
-0.0282151
-0.0303631
-0.0309459
-0.031124
-0.0305689
-0.0281401
-0.024524
-0.0248205
-0.0191396
-0.0179223
-0.00766426
0.00750344
0.0196531
0.0845907
0.0169759
0.042132
0.0363428
0.0422425
0.0548491
0.0530923
0.0492411
0.0339245
0.0180424
0.0171646
0.0211052
0.0262779
0.0270725
0.02467
0.0212437
0.0282305
0.0389032
0.0462542
0.0459345
0.0236715
-0.00150001
-0.00930575
0.00463407
0.0287699
0.0384577
0.0260189
0.0066184
0.00111246
0.0103038
0.0188643
0.0178852
0.00954759
0.00446096
0.00554371
0.00837149
0.00966569
0.00699555
0.00365304
0.00179609
0.00116985
0.00218282
0.00168593
-0.000227228
-0.00133636
-0.00269048
-0.00368252
-0.00406088
-0.00492985
-0.00598851
-0.00706307
-0.00796084
-0.00861655
-0.00934378
-0.0101709
-0.0111548
-0.0126738
-0.0138805
-0.014794
-0.0159426
-0.0168243
-0.0164471
-0.0160879
-0.016522
-0.0171806
-0.018383
-0.0208973
-0.0236346
-0.0254422
-0.0263151
-0.0262624
-0.0248141
-0.0226541
-0.021251
-0.0205772
-0.0208273
-0.0224743
-0.0258156
-0.0286893
-0.0319507
-0.0344771
-0.0367345
-0.0366984
-0.0370317
-0.0354156
-0.0343217
-0.0320634
-0.0321828
-0.0317558
-0.0312872
-0.0335178
-0.034723
-0.0367434
-0.0372551
-0.0388736
-0.0378161
-0.0405098
-0.0429685
-0.0388759
-0.0612615
-0.0128679
-0.0722355
0.0567626
0.0483369
0.0407368
0.0320564
0.0279872
0.0408095
0.0504947
0.0561168
0.0526785
0.0412603
0.0359434
0.0357332
0.0352664
0.0338533
0.0284638
0.0113005
0.00206155
0.0082218
0.0244854
0.0462357
0.0550669
0.0426025
0.0138535
-0.00410089
-0.000574658
0.0166394
0.0299196
0.0220641
0.00863143
0.00441453
0.00938037
0.01593
0.0133892
0.00696746
0.0040801
0.00410479
0.0058045
0.00572091
0.00351948
0.00115639
-0.000745147
-0.00108611
-0.00119489
-0.00234268
-0.00351458
-0.00477181
-0.00593293
-0.0067776
-0.00754103
-0.00867312
-0.0100337
-0.0112012
-0.0124338
-0.0134555
-0.0135201
-0.0140365
-0.0152723
-0.0161563
-0.0171254
-0.0193491
-0.0211271
-0.0219929
-0.0227077
-0.0231004
-0.0222006
-0.0213135
-0.0216239
-0.0227858
-0.0248523
-0.0279681
-0.0313506
-0.0333793
-0.0348579
-0.0348956
-0.0335473
-0.031077
-0.0294922
-0.0276615
-0.0268966
-0.027208
-0.0290906
-0.0307944
-0.0329489
-0.0350772
-0.0360907
-0.0370461
-0.0362418
-0.0369435
-0.0338318
-0.0327198
-0.0310666
-0.0316323
-0.0277652
-0.0254382
-0.021638
-0.0128926
-0.0196869
-0.00460574
-0.0140066
-0.0349561
0.0536002
0.0569376
0.0640768
0.0599229
0.0514732
0.0419315
0.0291306
0.0292762
0.0331119
0.037442
0.0414288
0.0387352
0.032474
0.0334853
0.0408224
0.0492471
0.055846
0.0454009
0.0243966
0.00408741
-0.00726584
0.000714896
0.0231657
0.0441906
0.0441917
0.0245049
0.00612882
0.00245115
0.0141724
0.0217367
0.0165332
0.00787734
0.00478442
0.00918725
0.011127
0.00854928
0.00495792
0.00179659
0.00191908
0.00261229
0.00159943
-0.000169406
-0.00245292
-0.0036623
-0.00417494
-0.00532976
-0.0064283
-0.00747195
-0.00896602
-0.010203
-0.0110525
-0.0119869
-0.0128346
-0.0137706
-0.015544
-0.0173654
-0.0184879
-0.0196498
-0.0204194
-0.0202008
-0.0203548
-0.0213954
-0.0226307
-0.0243352
-0.0269702
-0.0292684
-0.0306048
-0.0310847
-0.0305223
-0.028793
-0.0273659
-0.0270403
-0.0275774
-0.0294335
-0.0328572
-0.0364607
-0.0395845
-0.0421194
-0.0436764
-0.0433642
-0.0426586
-0.0416276
-0.0411221
-0.0397092
-0.040912
-0.0407714
-0.042888
-0.0442473
-0.0457837
-0.0470155
-0.0469588
-0.047113
-0.0473784
-0.0489012
-0.0489259
-0.0436976
-0.0469781
-0.0237774
-0.0334236
0.00560427
0.0601333
0.0528351
0.0482633
0.0487839
0.0596276
0.0643252
0.0619755
0.0584435
0.0473699
0.0399276
0.0386951
0.0404455
0.0416224
0.0380152
0.026498
0.0168932
0.0143273
0.0195891
0.0381609
0.0557166
0.0609857
0.0502698
0.0268351
0.00294491
-0.00565133
0.00656195
0.0242158
0.031905
0.0225255
0.0095586
0.00734186
0.0123705
0.0163181
0.0120852
0.00523753
0.00435511
0.00609826
0.00664998
0.00468517
0.000898022
-0.000917806
-0.00126153
-0.00170475
-0.00263023
-0.00456666
-0.00627424
-0.00744867
-0.00854229
-0.0095625
-0.0108796
-0.0122523
-0.0135856
-0.0151338
-0.0164345
-0.0171255
-0.0178844
-0.0189121
-0.019822
-0.021258
-0.0235965
-0.0256224
-0.0267152
-0.027402
-0.0274833
-0.0269395
-0.026883
-0.0278276
-0.0296578
-0.0324167
-0.0360418
-0.0387738
-0.0404772
-0.0407539
-0.0399178
-0.0375535
-0.035706
-0.0341908
-0.0340071
-0.034521
-0.0368962
-0.0387627
-0.0411064
-0.0427729
-0.0448236
-0.0450818
-0.0458841
-0.0471834
-0.0467647
-0.0499633
-0.0511055
-0.0550397
-0.0574089
-0.0642413
-0.0711838
-0.0810947
-0.0977354
-0.112265
-0.144455
-0.181647
-0.14499
0.0711133
0.072399
0.067409
0.0561658
0.0499241
0.0437346
0.0441919
0.0492342
0.0538672
0.057437
0.0527337
0.0447532
0.042627
0.0454676
0.0493365
0.0551528
0.0521887
0.0394501
0.0224431
0.00430745
-0.00239136
0.00718397
0.0271039
0.045274
0.0528546
0.0434549
0.0210717
0.0063446
0.00551308
0.0143748
0.0211153
0.0160579
0.00843332
0.00677465
0.0104469
0.0111561
0.00659318
0.00280499
0.00160083
0.00220305
0.00204652
-0.000489623
-0.00305694
-0.00450257
-0.00536391
-0.00635133
-0.00772807
-0.00944719
-0.01103
-0.0121534
-0.0133766
-0.0149078
-0.0159921
-0.0172247
-0.0190297
-0.0205691
-0.0217097
-0.0232815
-0.0245732
-0.0249735
-0.0252706
-0.0263856
-0.0279086
-0.0300819
-0.0327985
-0.0349151
-0.0358332
-0.0359995
-0.0353432
-0.0341561
-0.0338278
-0.0345641
-0.0365538
-0.0393988
-0.043325
-0.0464418
-0.0489574
-0.0501894
-0.0507539
-0.0496476
-0.0490341
-0.047998
-0.047422
-0.0474551
-0.0474225
-0.0481146
-0.0466535
-0.0477558
-0.045851
-0.044952
-0.041787
-0.0401381
-0.0348778
-0.0309108
-0.0248306
-0.0218596
-0.0189214
-0.0242131
-0.0297976
-0.0415034
0.0640526
0.063658
0.0677684
0.0727132
0.0726398
0.0654434
0.0602319
0.0516111
0.0447005
0.0445564
0.046955
0.0490982
0.0481827
0.0414869
0.0337457
0.0292456
0.0288871
0.039794
0.0534672
0.0621928
0.0630553
0.0491895
0.0262102
0.00637205
-0.00285999
0.000377434
0.0162968
0.0319264
0.0346349
0.0250223
0.0130871
0.00932422
0.0129497
0.0147225
0.0103889
0.00535059
0.00495077
0.00654925
0.00531545
0.00202148
-0.00102089
-0.00211655
-0.00218316
-0.00363755
-0.00587499
-0.0075029
-0.00900006
-0.0102681
-0.0115826
-0.0134407
-0.0151469
-0.0161262
-0.0176987
-0.0195428
-0.0205997
-0.0215111
-0.0230619
-0.0244372
-0.0258736
-0.0277815
-0.0298264
-0.0312467
-0.0323646
-0.0326746
-0.0325164
-0.0328985
-0.034335
-0.036548
-0.0396862
-0.0430777
-0.0454537
-0.0464723
-0.0463183
-0.0450761
-0.0430504
-0.0420298
-0.0418587
-0.0426302
-0.0444323
-0.047265
-0.0496654
-0.0520046
-0.0544979
-0.0558419
-0.0582126
-0.0594273
-0.0615537
-0.0629453
-0.0644509
-0.0670457
-0.0699453
-0.072473
-0.0737844
-0.0749607
-0.0728899
-0.070415
-0.0592024
-0.048073
-0.0202724
-0.0125002
0.079128
0.0740494
0.0652998
0.060462
0.0594197
0.0624006
0.0677223
0.0686943
0.0675321
0.0615325
0.0536159
0.0494117
0.0489277
0.0503558
0.0542026
0.0531909
0.0454449
0.034365
0.0195447
0.0104817
0.0109263
0.021182
0.0392098
0.0546698
0.0590159
0.0509954
0.0335543
0.013624
0.0035987
0.00575314
0.0135325
0.0198577
0.0164434
0.00997984
0.00866667
0.0101652
0.00937908
0.00495474
0.00163405
0.0013326
0.00120653
-0.00038105
-0.00334088
-0.00556015
-0.00646324
-0.00774224
-0.0094599
-0.0112975
-0.0132073
-0.0144219
-0.0155819
-0.0176296
-0.0193776
-0.0205465
-0.0222444
-0.0243005
-0.0259422
-0.0273631
-0.0285895
-0.029433
-0.0304601
-0.0319148
-0.0335223
-0.0357179
-0.0383389
-0.04047
-0.0416237
-0.0419091
-0.0413465
-0.0406362
-0.0409045
-0.0426595
-0.0452747
-0.0490236
-0.0528758
-0.0557455
-0.0573322
-0.0581323
-0.0573826
-0.0564464
-0.0555091
-0.0549263
-0.05381
-0.0539868
-0.0535928
-0.053473
-0.0544317
-0.0536814
-0.0544402
-0.0536164
-0.0542478
-0.0541748
-0.058302
-0.0618649
-0.0712431
-0.0790744
-0.0929676
-0.120276
-0.132221
-0.14155
0.080248
0.0825285
0.081853
0.0784069
0.070102
0.0636632
0.0587631
0.0555512
0.0566938
0.0588665
0.0610659
0.0611324
0.0558671
0.0486973
0.0440941
0.0418905
0.0469176
0.0542626
0.0598964
0.0621798
0.0540846
0.0388491
0.0207715
0.00508486
-0.00141336
0.0039945
0.0178959
0.0324476
0.0408943
0.0385244
0.0270183
0.0148905
0.00961659
0.0110753
0.0120235
0.0087274
0.00521513
0.00458279
0.00511743
0.00307548
-0.000407302
-0.00262554
-0.00351129
-0.00462543
-0.00682671
-0.00917571
-0.0107675
-0.0121176
-0.0135316
-0.0155969
-0.0179133
-0.0195588
-0.0208003
-0.0225343
-0.0243068
-0.0257953
-0.0271796
-0.0286356
-0.0303763
-0.032762
-0.034893
-0.0363887
-0.0375242
-0.0382435
-0.0386595
-0.0394703
-0.0411458
-0.0433904
-0.0465019
-0.0498079
-0.0521664
-0.0528523
-0.0527851
-0.0513537
-0.0500709
-0.0495667
-0.0505379
-0.0520249
-0.0552135
-0.0581193
-0.0613147
-0.0640964
-0.0669441
-0.0688651
-0.0700218
-0.0714737
-0.0705298
-0.0711508
-0.070245
-0.0697798
-0.0666194
-0.0633855
-0.0557544
-0.0454149
-0.0330291
-0.016334
-0.00298745
0.0220398
0.0426564
0.00403437
0.080302
0.075513
0.0725339
0.0753997
0.0783576
0.0798733
0.0762997
0.070939
0.0652833
0.0586621
0.0544613
0.0535029
0.0548797
0.0580542
0.0572065
0.0520485
0.0450678
0.0344744
0.0273799
0.025614
0.0302969
0.0422201
0.0546877
0.0624331
0.0613152
0.0505233
0.0325281
0.0145006
0.00306904
0.0001356
0.00605517
0.0152905
0.0209367
0.0187645
0.0126524
0.00956496
0.00896556
0.0072342
0.0035288
0.00059113
-2.42629e-05
-0.000956693
-0.00362752
-0.00627701
-0.00811557
-0.00938442
-0.010971
-0.0132771
-0.0156401
-0.017325
-0.0185512
-0.0201589
-0.0224549
-0.0244307
-0.026018
-0.0277626
-0.0297378
-0.0318723
-0.0338123
-0.0347981
-0.0355546
-0.0370686
-0.0392004
-0.0416561
-0.0442858
-0.0464987
-0.0477399
-0.0485445
-0.0485031
-0.0482164
-0.0488148
-0.0508696
-0.053665
-0.0577682
-0.0615327
-0.0642566
-0.0656286
-0.0661243
-0.0649257
-0.0638548
-0.0628232
-0.0621059
-0.0622204
-0.062649
-0.0643317
-0.0657656
-0.0687066
-0.0710474
-0.0734158
-0.0759653
-0.080698
-0.0867474
-0.0942985
-0.104201
-0.110973
-0.120011
-0.121721
-0.120783
-0.108857
-0.0858595
0.0945425
0.0885099
0.0830743
0.0770189
0.0724829
0.0714344
0.0707904
0.0722585
0.0732965
0.0731076
0.0707855
0.0646903
0.0579867
0.0533699
0.0508435
0.0527868
0.0557904
0.0581454
0.0587429
0.0530093
0.0428559
0.0297442
0.0167732
0.00850749
0.0083301
0.0163488
0.0293
0.04283
0.0489489
0.0465023
0.037283
0.0230658
0.0113561
0.00603923
0.00640347
0.00836343
0.00700955
0.00449359
0.00338962
0.00283576
0.000554354
-0.00276001
-0.0047398
-0.00611975
-0.00796799
-0.0102743
-0.0127543
-0.0145473
-0.015935
-0.0178998
-0.0204294
-0.022706
-0.0243246
-0.0260324
-0.0281469
-0.0301192
-0.0318997
-0.033524
-0.0349745
-0.0370838
-0.0398265
-0.0421548
-0.0436703
-0.0446128
-0.0451323
-0.0461978
-0.0481996
-0.0505125
-0.0534163
-0.0567195
-0.059011
-0.0601231
-0.0602875
-0.0593117
-0.0584803
-0.0587285
-0.0599416
-0.0622983
-0.0658891
-0.0695008
-0.0728029
-0.0760421
-0.0777454
-0.0790151
-0.0788928
-0.0780856
-0.0770589
-0.075669
-0.0745445
-0.0729005
-0.0696718
-0.0650165
-0.0607628
-0.0579836
-0.0599696
-0.0637681
-0.0771094
-0.100468
-0.127667
-0.135101
0.088501
0.0877277
0.0909344
0.0909453
0.0878525
0.0812746
0.0749476
0.0706075
0.0663996
0.0640607
0.0644091
0.0661985
0.0675552
0.0661825
0.061465
0.0554565
0.0481652
0.0429819
0.0411057
0.0430766
0.0493606
0.0561637
0.0605687
0.0600341
0.0525685
0.0388752
0.0234215
0.0090308
-9.25205e-05
-0.000443174
0.00535385
0.0148136
0.0231631
0.0259746
0.022587
0.0154401
0.00992431
0.00710799
0.00460671
0.00138989
-0.00133405
-0.00271607
-0.00430342
-0.00692808
-0.00935851
-0.0113256
-0.013103
-0.0151141
-0.0176653
-0.0201033
-0.0218284
-0.0234137
-0.0256611
-0.028153
-0.0301695
-0.0320172
-0.0339514
-0.0360387
-0.0385051
-0.0405925
-0.0419274
-0.0431242
-0.0448382
-0.0471875
-0.050358
-0.0529665
-0.0546346
-0.0558001
-0.0563152
-0.056345
-0.0574529
-0.0593966
-0.0622653
-0.0661358
-0.0699132
-0.0723897
-0.0740403
-0.0742067
-0.0734509
-0.0724756
-0.0719751
-0.0717247
-0.0732668
-0.0754949
-0.078152
-0.0817582
-0.084312
-0.0870601
-0.0896148
-0.0924468
-0.0956827
-0.0987467
-0.100384
-0.0975484
-0.0906111
-0.0792658
-0.0645358
-0.0367797
-0.0203899
-0.0234215
0.0920599
0.0894002
0.0872324
0.0849476
0.0843687
0.0841767
0.084344
0.0831161
0.0796693
0.0748746
0.0692903
0.0635591
0.0604748
0.0589376
0.0594375
0.0612171
0.0612307
0.0601123
0.0555352
0.0479797
0.0389941
0.0298286
0.0237785
0.0227029
0.0271822
0.0364321
0.0465844
0.053218
0.0547209
0.0488017
0.0364718
0.0224678
0.00952683
0.00147929
-0.000368465
0.00197493
0.005374
0.00585259
0.00405783
0.00230873
0.000514691
-0.00205051
-0.00516268
-0.00749116
-0.009412
-0.0118247
-0.0143572
-0.0167394
-0.0188272
-0.0206362
-0.0230123
-0.025892
-0.0281348
-0.0298013
-0.0318205
-0.0341567
-0.0366056
-0.0388867
-0.040615
-0.0423978
-0.0447321
-0.0472512
-0.0497209
-0.051744
-0.0525829
-0.0536253
-0.0554391
-0.0577367
-0.0607413
-0.0641804
-0.0665117
-0.0681419
-0.0687474
-0.0683987
-0.0681206
-0.0689637
-0.0703478
-0.0732886
-0.0768764
-0.080553
-0.0837284
-0.0862118
-0.0873469
-0.0871657
-0.0871447
-0.0861239
-0.0865026
-0.0869352
-0.0877892
-0.088188
-0.0896515
-0.0923049
-0.0978939
-0.108867
-0.122304
-0.141669
-0.159145
-0.185812
-0.194769
-0.16533
0.103559
0.10301
0.0989585
0.0922196
0.0862782
0.0824223
0.0805374
0.0787836
0.07792
0.0785892
0.0782132
0.0767151
0.073227
0.0675236
0.0625409
0.0569236
0.0532072
0.0520234
0.052215
0.0548174
0.0572095
0.0579393
0.0557188
0.0494649
0.0395436
0.0278715
0.0162304
0.00758097
0.00454807
0.00689437
0.0147045
0.0244354
0.0316042
0.0344125
0.031519
0.0238689
0.0143557
0.0066351
0.00216018
-0.000413998
-0.00251766
-0.00465933
-0.00636981
-0.00824949
-0.0109009
-0.0132899
-0.0153099
-0.0175754
-0.0199752
-0.0227817
-0.0253395
-0.0270141
-0.0289237
-0.0316159
-0.0343469
-0.0368998
-0.038962
-0.0407592
-0.0431354
-0.0457107
-0.04792
-0.0501074
-0.0518547
-0.0535218
-0.0563645
-0.0593421
-0.0617541
-0.063741
-0.0647582
-0.0651791
-0.0665061
-0.0683715
-0.0712192
-0.0749723
-0.0785454
-0.0811026
-0.082942
-0.0832259
-0.0828355
-0.0826814
-0.0827142
-0.083972
-0.0858275
-0.0890652
-0.0915254
-0.0942284
-0.0954838
-0.0963889
-0.0965198
-0.097339
-0.0964624
-0.0942054
-0.0889971
-0.0805784
-0.0728628
-0.063432
-0.061184
-0.0637252
-0.0731331
-0.0934842
0.10198
0.101067
0.0982182
0.0968787
0.0962448
0.094584
0.0906438
0.0848017
0.080051
0.0760757
0.0729335
0.071389
0.0702078
0.0707224
0.0706203
0.0685487
0.0659521
0.0607041
0.054774
0.0487033
0.0426453
0.0391285
0.0384748
0.0405817
0.0454209
0.0505613
0.0535282
0.0535431
0.0482358
0.0384208
0.0262308
0.0130159
0.00270552
-0.00336943
-0.00475449
-0.00156156
0.00339609
0.00730866
0.00811805
0.00589964
0.00250745
-0.00104462
-0.00462211
-0.00805807
-0.0107995
-0.013398
-0.0163037
-0.0189656
-0.0215628
-0.0238417
-0.025902
-0.0287422
-0.031828
-0.0343307
-0.0365303
-0.0384342
-0.0407238
-0.043722
-0.0463362
-0.0485761
-0.0509646
-0.0529984
-0.0554314
-0.0582756
-0.0602299
-0.0618457
-0.0636398
-0.0655267
-0.0683993
-0.0718508
-0.0746456
-0.0768731
-0.0780883
-0.0782011
-0.0786029
-0.0796614
-0.0814122
-0.084405
-0.0881529
-0.0913953
-0.0945147
-0.0960725
-0.0972472
-0.0974665
-0.098097
-0.0991403
-0.101034
-0.103159
-0.105986
-0.108188
-0.111849
-0.116461
-0.123085
-0.130205
-0.134817
-0.136704
-0.132811
-0.118396
-0.10158
-0.0881313
0.10954
0.103721
0.0973564
0.0944763
0.0938935
0.0935712
0.0917155
0.0901247
0.0889908
0.0865622
0.0826928
0.0775058
0.0724608
0.0686745
0.0650215
0.0628802
0.0619446
0.0614506
0.061944
0.0612364
0.0592797
0.05596
0.0499757
0.0424712
0.034346
0.0260611
0.020346
0.0179223
0.0191009
0.0246751
0.0314747
0.0378104
0.0414855
0.0398272
0.0340111
0.024694
0.0135412
0.00382457
-0.00303218
-0.00654609
-0.00762392
-0.00825864
-0.00920009
-0.0104308
-0.0125655
-0.0151507
-0.017516
-0.0200394
-0.0225592
-0.0251835
-0.0283745
-0.0312121
-0.033404
-0.0355796
-0.0379269
-0.0410461
-0.0443249
-0.0466669
-0.0488046
-0.0511553
-0.0534433
-0.0563809
-0.0590566
-0.0611235
-0.0635665
-0.066245
-0.0688916
-0.0716812
-0.0735349
-0.0747358
-0.0761702
-0.0779553
-0.0806065
-0.0843458
-0.0877852
-0.0907337
-0.092792
-0.0935833
-0.093562
-0.0940259
-0.0946732
-0.0964959
-0.0987623
-0.100899
-0.102973
-0.103928
-0.104427
-0.104642
-0.104572
-0.104649
-0.104318
-0.103802
-0.10277
-0.103873
-0.108444
-0.118094
-0.132404
-0.159081
-0.176284
-0.173789
0.114618
0.109655
0.106892
0.105344
0.102108
0.0964977
0.0907694
0.0878456
0.086872
0.0855902
0.0837206
0.0818786
0.0806285
0.0786047
0.0747615
0.0702919
0.0652288
0.0608431
0.0567659
0.0530592
0.0510583
0.0502238
0.0506555
0.0518111
0.0524199
0.0519746
0.0493668
0.0438283
0.036021
0.0262152
0.0159072
0.00707627
0.000559312
-0.00198931
-0.000309618
0.00408318
0.00959682
0.0137843
0.0151118
0.0129461
0.00783911
0.00194912
-0.00369807
-0.00883474
-0.0126239
-0.0156056
-0.0186501
-0.0215341
-0.0243613
-0.0273387
-0.0299071
-0.0323444
-0.0350081
-0.0379216
-0.0413163
-0.0441322
-0.0461247
-0.0485326
-0.0513681
-0.0544099
-0.0576311
-0.0599987
-0.062265
-0.0649385
-0.0674356
-0.0698797
-0.0722914
-0.0743086
-0.0769614
-0.080111
-0.0831693
-0.0860391
-0.0880592
-0.0888945
-0.0897992
-0.0909605
-0.0928501
-0.0958487
-0.0994046
-0.102793
-0.105705
-0.10782
-0.108922
-0.110676
-0.112032
-0.114301
-0.116222
-0.118082
-0.119192
-0.120394
-0.120771
-0.120701
-0.119648
-0.115423
-0.108204
-0.0955283
-0.0821579
-0.0617676
-0.0515339
-0.0751649
0.111377
0.107295
0.107843
0.109177
0.10776
0.103425
0.0991763
0.0968499
0.0937731
0.0889379
0.0837341
0.0798596
0.0782348
0.0765117
0.0746467
0.0728002
0.0711925
0.0697397
0.0667574
0.0629849
0.0584191
0.0532399
0.0479257
0.0424697
0.037738
0.034575
0.0330215
0.0335979
0.0360113
0.0387876
0.0414746
0.0418809
0.0393262
0.0338634
0.025071
0.0149789
0.00471596
-0.00419166
-0.0101122
-0.0131724
-0.0133604
-0.0121721
-0.0115864
-0.0116758
-0.0129435
-0.0156077
-0.0186776
-0.0218493
-0.0250701
-0.0280138
-0.0310186
-0.0340937
-0.0373486
-0.0406416
-0.0430687
-0.0453968
-0.0485915
-0.051962
-0.0551896
-0.0578257
-0.0598476
-0.062603
-0.0657228
-0.0686224
-0.0715659
-0.0742532
-0.0768731
-0.079864
-0.0823419
-0.0843867
-0.0864011
-0.088282
-0.090788
-0.0942497
-0.0977372
-0.101086
-0.103733
-0.105067
-0.105893
-0.106392
-0.107556
-0.108921
-0.111344
-0.112779
-0.114532
-0.115565
-0.117166
-0.118701
-0.121284
-0.123503
-0.126705
-0.130396
-0.135063
-0.142186
-0.149996
-0.160789
-0.169428
-0.175046
-0.172277
-0.153781
0.117295
0.114617
0.113377
0.110131
0.104938
0.10017
0.0991906
0.099865
0.098338
0.0947114
0.0905498
0.0877949
0.0851769
0.0808784
0.0761235
0.0716468
0.0686627
0.0663484
0.063862
0.0619868
0.0605319
0.0592738
0.057828
0.055458
0.0522711
0.0482409
0.0427386
0.0364079
0.0293093
0.0220239
0.0159306
0.0113008
0.00916258
0.0100312
0.0129515
0.0171143
0.0208102
0.0224276
0.0210841
0.0167769
0.00990537
0.00170455
-0.00581956
-0.0122114
-0.0172266
-0.0206148
-0.0233078
-0.0258186
-0.0282758
-0.0308988
-0.0335919
-0.0367322
-0.039841
-0.0423254
-0.0452736
-0.0487944
-0.0519857
-0.0548743
-0.0572975
-0.0600346
-0.0636926
-0.0670275
-0.0698757
-0.0726367
-0.0751672
-0.0779755
-0.0808799
-0.0834383
-0.0863226
-0.0894364
-0.0924702
-0.0957074
-0.0983657
-0.100176
-0.101701
-0.103154
-0.104947
-0.107971
-0.111215
-0.115037
-0.118159
-0.121148
-0.123041
-0.125203
-0.126946
-0.128553
-0.129184
-0.129342
-0.128215
-0.126983
-0.124923
-0.122293
-0.118996
-0.11432
-0.110272
-0.106032
-0.105563
-0.113911
-0.123096
-0.142276
0.121811
0.122793
0.122367
0.117969
0.110551
0.105066
0.103327
0.101654
0.0977689
0.092838
0.0898494
0.0894463
0.0884193
0.0856267
0.0818598
0.0784319
0.075713
0.0720569
0.0676137
0.0630955
0.0589463
0.0553836
0.0520521
0.0491251
0.0470313
0.0455086
0.0446051
0.0440544
0.0432101
0.041966
0.0395049
0.0355102
0.0296973
0.0222914
0.0139637
0.00527008
-0.00243799
-0.00856256
-0.0122877
-0.0132595
-0.0122864
-0.0100775
-0.00827643
-0.00829882
-0.00989065
-0.0129847
-0.017194
-0.0216418
-0.0258847
-0.0299261
-0.0341472
-0.0378016
-0.0407649
-0.0442431
-0.047913
-0.0511223
-0.05412
-0.0570198
-0.0606328
-0.0644431
-0.0672859
-0.0699039
-0.0728342
-0.0760029
-0.0795382
-0.0827471
-0.085706
-0.088865
-0.0917079
-0.0942878
-0.0969212
-0.0992195
-0.101936
-0.105169
-0.108624
-0.112155
-0.115484
-0.117541
-0.119166
-0.120023
-0.121179
-0.122531
-0.124424
-0.126555
-0.128828
-0.131462
-0.134844
-0.138527
-0.142669
-0.146644
-0.15039
-0.153605
-0.156023
-0.157601
-0.156828
-0.153496
-0.145988
-0.129102
-0.119274
-0.119265
0.124482
0.12364
0.121504
0.117276
0.113147
0.111938
0.111734
0.109309
0.10368
0.0975489
0.0940623
0.0921515
0.0891919
0.0848981
0.080662
0.0784821
0.0769913
0.0747627
0.0719352
0.068625
0.0658626
0.062761
0.0587856
0.0545828
0.0498598
0.0452
0.0407232
0.035794
0.0315517
0.027858
0.0248192
0.0234803
0.0228074
0.0233194
0.0245249
0.0248032
0.0242277
0.0217096
0.016852
0.0103645
0.00245518
-0.00609192
-0.0140607
-0.0204687
-0.0250428
-0.0279741
-0.0298491
-0.0312468
-0.0329919
-0.0355938
-0.0380298
-0.0404381
-0.0437603
-0.0472597
-0.0505049
-0.0537516
-0.0570652
-0.0607811
-0.0640842
-0.0668523
-0.0700931
-0.0737549
-0.0774388
-0.0808762
-0.0836954
-0.0866633
-0.0898668
-0.0928846
-0.0960912
-0.0994659
-0.102724
-0.10622
-0.109258
-0.111848
-0.114155
-0.116183
-0.118183
-0.12105
-0.124344
-0.128176
-0.132047
-0.135356
-0.138245
-0.140163
-0.141551
-0.142063
-0.141843
-0.14113
-0.140464
-0.139848
-0.140112
-0.141498
-0.14425
-0.148818
-0.154885
-0.164137
-0.174001
-0.189679
-0.19652
-0.190501
0.13409
0.130428
0.124356
0.117437
0.113621
0.113102
0.112848
0.109887
0.104866
0.101265
0.100142
0.0988732
0.0953055
0.08981
0.0849589
0.0818858
0.0788847
0.0752718
0.0709911
0.0673154
0.0648569
0.0623297
0.0597865
0.0570989
0.0543424
0.0520046
0.0490752
0.0458096
0.0422994
0.0380908
0.0335428
0.0282968
0.0223463
0.0161027
0.00979178
0.00391804
-0.000782989
-0.00387604
-0.00530722
-0.0049371
-0.00351639
-0.00230688
-0.00164152
-0.00252708
-0.00565018
-0.0103412
-0.0159833
-0.0222873
-0.0283741
-0.0332478
-0.0375083
-0.0418975
-0.0459234
-0.0494685
-0.0528288
-0.0563347
-0.0600426
-0.0633379
-0.0667025
-0.0705743
-0.0743787
-0.0778204
-0.0808846
-0.083955
-0.0876862
-0.0914411
-0.0949262
-0.0984504
-0.101731
-0.104814
-0.107889
-0.110658
-0.113766
-0.117154
-0.120621
-0.124303
-0.127937
-0.13091
-0.133141
-0.134829
-0.13603
-0.137842
-0.139775
-0.142743
-0.146179
-0.150314
-0.154542
-0.158764
-0.161973
-0.164328
-0.165027
-0.163537
-0.160356
-0.154883
-0.149062
-0.140938
-0.133859
-0.126187
-0.126421
-0.1438
0.137551
0.134478
0.129919
0.125276
0.12225
0.120401
0.117407
0.111791
0.105717
0.10222
0.101119
0.0996692
0.0960575
0.0914476
0.0883341
0.0863942
0.0841935
0.0804023
0.0757016
0.0717387
0.068104
0.0644565
0.0603154
0.0559889
0.0523069
0.0488067
0.04555
0.0425286
0.0395244
0.0370974
0.0347637
0.0325512
0.0306497
0.0283531
0.0260143
0.0229697
0.0188298
0.0138149
0.00741615
0.00034105
-0.00704978
-0.0144429
-0.0207837
-0.0258525
-0.029476
-0.0313976
-0.0325316
-0.0335012
-0.034401
-0.0362347
-0.0393661
-0.042919
-0.0465229
-0.0502516
-0.0543111
-0.0584316
-0.0622649
-0.0662603
-0.070266
-0.0739107
-0.0773892
-0.0808997
-0.0848653
-0.0890892
-0.0927032
-0.0960014
-0.0994072
-0.102797
-0.106406
-0.110065
-0.113672
-0.1175
-0.120992
-0.124116
-0.127134
-0.129782
-0.13244
-0.135315
-0.138845
-0.142637
-0.146954
-0.150534
-0.153741
-0.155727
-0.156874
-0.157221
-0.157676
-0.158452
-0.160451
-0.163549
-0.168184
-0.174666
-0.182108
-0.190641
-0.197562
-0.204281
-0.207681
-0.206406
-0.200263
-0.178771
0.136987
0.132374
0.129046
0.127485
0.126844
0.125566
0.122058
0.116862
0.112032
0.109044
0.106807
0.103354
0.0981074
0.0929544
0.0895521
0.0874079
0.0849715
0.0810935
0.0772311
0.0740879
0.0714518
0.0685723
0.0647629
0.0609113
0.0570988
0.0532736
0.0492698
0.0448728
0.0404605
0.0360976
0.0316965
0.0272757
0.0228813
0.0185614
0.0145563
0.0110461
0.00801494
0.00591935
0.00466592
0.00370854
0.0029141
0.00159683
-0.000821068
-0.00427205
-0.00912655
-0.015398
-0.0221411
-0.0288769
-0.0353696
-0.041105
-0.0458209
-0.0495358
-0.0528119
-0.0563458
-0.0597846
-0.0630764
-0.066655
-0.0702076
-0.0737303
-0.0775028
-0.0814599
-0.085646
-0.0894787
-0.0927758
-0.096382
-0.100406
-0.104496
-0.108569
-0.112259
-0.115873
-0.119469
-0.122784
-0.126227
-0.129977
-0.133678
-0.137658
-0.141424
-0.145054
-0.147967
-0.150483
-0.152376
-0.154708
-0.157444
-0.161031
-0.165211
-0.169719
-0.173551
-0.176392
-0.177609
-0.177272
-0.175524
-0.172191
-0.168863
-0.165803
-0.16573
-0.168183
-0.174455
-0.187174
-0.195761
-0.206085
0.143589
0.138512
0.134356
0.131264
0.128896
0.125807
0.121503
0.117075
0.114067
0.112646
0.11105
0.107743
0.102838
0.0981756
0.094846
0.092161
0.0884215
0.083612
0.0789688
0.0752713
0.0722209
0.0688
0.0650337
0.061288
0.057926
0.0548247
0.0515539
0.0481285
0.0445619
0.0410561
0.0375458
0.0337551
0.029903
0.0257959
0.0215282
0.0170583
0.0120344
0.00681061
0.00114638
-0.00496731
-0.0107866
-0.0162992
-0.0209866
-0.0243006
-0.0267363
-0.0281677
-0.0288111
-0.029757
-0.031413
-0.0338748
-0.0373404
-0.0418257
-0.047052
-0.0522205
-0.0571841
-0.0621197
-0.0668001
-0.0714007
-0.0760069
-0.0804461
-0.0847723
-0.0886771
-0.0925962
-0.0970875
-0.101612
-0.10575
-0.109566
-0.113174
-0.117188
-0.121284
-0.125319
-0.129481
-0.133536
-0.137208
-0.140859
-0.144124
-0.147492
-0.150817
-0.154552
-0.158557
-0.162863
-0.166806
-0.170049
-0.17244
-0.174192
-0.175701
-0.177921
-0.181342
-0.186055
-0.19195
-0.198354
-0.204923
-0.210046
-0.212737
-0.211631
-0.206484
-0.198914
-0.187521
-0.183997
-0.183753
0.146859
0.144947
0.143076
0.140252
0.136146
0.131205
0.12606
0.12126
0.11754
0.114637
0.111804
0.107972
0.103582
0.0999278
0.0974247
0.0951401
0.0917465
0.0874407
0.0831637
0.079561
0.0761738
0.0722834
0.0678566
0.0634505
0.0593787
0.0554997
0.0515738
0.0474446
0.0434676
0.0396316
0.035942
0.03233
0.028633
0.025109
0.0215881
0.0182282
0.015079
0.011903
0.00885132
0.00578961
0.00241479
-0.0013383
-0.00583469
-0.0112299
-0.0172303
-0.0238481
-0.0306783
-0.0372854
-0.0434212
-0.0485526
-0.0529127
-0.0567484
-0.0597819
-0.0626927
-0.0659305
-0.0693327
-0.0730424
-0.0769281
-0.0808335
-0.0848765
-0.088907
-0.0933003
-0.0979384
-0.102155
-0.106034
-0.109991
-0.114296
-0.119049
-0.123412
-0.127502
-0.131539
-0.135485
-0.139408
-0.143569
-0.147657
-0.152005
-0.156194
-0.160227
-0.163936
-0.167186
-0.170154
-0.173126
-0.176675
-0.180686
-0.184905
-0.188811
-0.191727
-0.193166
-0.19346
-0.192916
-0.192424
-0.192756
-0.195311
-0.201133
-0.210091
-0.222996
-0.235505
-0.248023
-0.25008
-0.245398
0.147445
0.145438
0.144132
0.141982
0.138406
0.134477
0.130937
0.127941
0.12484
0.121271
0.117149
0.112315
0.10756
0.103418
0.100008
0.0966415
0.0926575
0.0883993
0.0844695
0.0812037
0.0781335
0.0745815
0.0706136
0.0665962
0.0627569
0.0590383
0.0550184
0.0508106
0.0465242
0.0422098
0.0379954
0.0335708
0.0291404
0.0247077
0.0201691
0.0157567
0.0111715
0.00643209
0.00177299
-0.0030093
-0.00761545
-0.0118542
-0.0158063
-0.0190458
-0.0216491
-0.0240724
-0.0263235
-0.0287453
-0.0317927
-0.0356208
-0.0403079
-0.04565
-0.0514475
-0.0574368
-0.0632557
-0.0686993
-0.0737091
-0.0784985
-0.0831946
-0.0877618
-0.0924816
-0.0970643
-0.101312
-0.105671
-0.11038
-0.115337
-0.120119
-0.12422
-0.128406
-0.132899
-0.13754
-0.142184
-0.146739
-0.151049
-0.15531
-0.159304
-0.163237
-0.167287
-0.171346
-0.175724
-0.180103
-0.184422
-0.188095
-0.19126
-0.194245
-0.197593
-0.20169
-0.206897
-0.21254
-0.218075
-0.222479
-0.224628
-0.223987
-0.219266
-0.212648
-0.20388
-0.198029
-0.19572
-0.200444
-0.213007
0.15622
0.152737
0.148856
0.144123
0.139121
0.134803
0.131618
0.129104
0.126502
0.123577
0.120123
0.116391
0.112545
0.108836
0.105258
0.101354
0.0970203
0.0923644
0.0879753
0.0840514
0.080201
0.0761266
0.0718023
0.067579
0.0637262
0.059955
0.056144
0.0521419
0.048071
0.0441522
0.0401378
0.0361472
0.0320475
0.0278326
0.0236743
0.0193817
0.0151007
0.010835
0.00647905
0.00213454
-0.00234574
-0.00705736
-0.0120722
-0.01749
-0.023245
-0.0292689
-0.0352911
-0.0409427
-0.0462114
-0.0507708
-0.054483
-0.0577532
-0.0607358
-0.0637152
-0.067096
-0.0709538
-0.0753954
-0.0802326
-0.0852014
-0.0903084
-0.095282
-0.100191
-0.105318
-0.110531
-0.11558
-0.120178
-0.124576
-0.129578
-0.134781
-0.139707
-0.144284
-0.148702
-0.153214
-0.157872
-0.162523
-0.167227
-0.171998
-0.17651
-0.18098
-0.185035
-0.188994
-0.192795
-0.196898
-0.201142
-0.205213
-0.208535
-0.211033
-0.212625
-0.21409
-0.216256
-0.219782
-0.225826
-0.234311
-0.245656
-0.257065
-0.268183
-0.274249
-0.272805
-0.267151
-0.254862
0.162725
0.160303
0.156476
0.151418
0.146185
0.141739
0.137962
0.134007
0.129718
0.125235
0.12105
0.117273
0.113643
0.110211
0.106779
0.103353
0.0996565
0.0956889
0.0917746
0.0878796
0.0839592
0.0797615
0.0752895
0.0708616
0.0665168
0.0622972
0.0580046
0.053529
0.0491109
0.0446886
0.0403744
0.0361099
0.0317147
0.0273922
0.0230397
0.0187166
0.0144606
0.0100868
0.00573111
0.0013651
-0.00300092
-0.00725269
-0.0113782
-0.0153716
-0.0192159
-0.0230185
-0.0270083
-0.0313457
-0.0361708
-0.0415872
-0.0474686
-0.0537718
-0.060269
-0.0665823
-0.072644
-0.0783966
-0.0835692
-0.0883654
-0.0930115
-0.0974643
-0.101985
-0.106668
-0.111318
-0.115914
-0.12044
-0.125327
-0.13073
-0.135843
-0.140509
-0.145168
-0.150166
-0.155484
-0.160658
-0.165616
-0.170443
-0.175243
-0.179845
-0.184562
-0.189174
-0.193962
-0.198704
-0.203465
-0.207936
-0.212239
-0.216596
-0.221491
-0.226791
-0.232188
-0.23687
-0.239904
-0.24091
-0.239087
-0.235345
-0.229766
-0.225885
-0.225084
-0.229958
-0.242145
-0.251014
-0.263889
0.163236
0.160065
0.156644
0.153145
0.149911
0.147158
0.14437
0.140988
0.136698
0.131873
0.127204
0.12282
0.118585
0.11418
0.109723
0.10539
0.101171
0.0971263
0.0930972
0.0891699
0.0852985
0.0813486
0.0773337
0.0731802
0.0690578
0.0649318
0.0606881
0.0563605
0.0518705
0.0473787
0.0429281
0.0384069
0.0338649
0.0292048
0.0245241
0.0198463
0.0151087
0.0103777
0.00557905
0.000784601
-0.00405919
-0.0089747
-0.0140032
-0.0192746
-0.0246424
-0.0301056
-0.0356163
-0.0408487
-0.0458004
-0.0503395
-0.0543363
-0.0580451
-0.0615297
-0.0649764
-0.0688245
-0.0730376
-0.0777661
-0.0830783
-0.0887295
-0.0946112
-0.100566
-0.106446
-0.112264
-0.118003
-0.123934
-0.129771
-0.135058
-0.140238
-0.145836
-0.15171
-0.157375
-0.162504
-0.167592
-0.172823
-0.178191
-0.183466
-0.188796
-0.193977
-0.199148
-0.204111
-0.208962
-0.213605
-0.218178
-0.222574
-0.22666
-0.230121
-0.233194
-0.236425
-0.240534
-0.246272
-0.253503
-0.262576
-0.27209
-0.280862
-0.286016
-0.285776
-0.27889
-0.266957
-0.262187
-0.261058
0.169882
0.164805
0.159918
0.15546
0.151552
0.148028
0.144818
0.141632
0.138117
0.13443
0.130796
0.127369
0.123764
0.119674
0.11528
0.11082
0.106519
0.102109
0.0975258
0.0928992
0.0883245
0.0838952
0.0794365
0.0749836
0.0705743
0.0662118
0.0619316
0.0575759
0.0531727
0.0487751
0.0443396
0.0399241
0.0354095
0.0308258
0.0262195
0.02157
0.0169393
0.0122264
0.00746745
0.00266242
-0.00217246
-0.00697727
-0.0118306
-0.0166036
-0.0213162
-0.0260513
-0.0308185
-0.035837
-0.041141
-0.046799
-0.0528568
-0.0591533
-0.065618
-0.072068
-0.0782037
-0.08406
-0.0895143
-0.0946314
-0.0996296
-0.104557
-0.109588
-0.114784
-0.120037
-0.125501
-0.130842
-0.136007
-0.141488
-0.147344
-0.153062
-0.158367
-0.163556
-0.169265
-0.17517
-0.180952
-0.186476
-0.191975
-0.197415
-0.202849
-0.208188
-0.213496
-0.218827
-0.22422
-0.229676
-0.235242
-0.240919
-0.246756
-0.25239
-0.257084
-0.260233
-0.261351
-0.260947
-0.259441
-0.258506
-0.259379
-0.264548
-0.275495
-0.289866
-0.304871
-0.309831
-0.310935
0.176611
0.172273
0.168096
0.163914
0.159482
0.154853
0.150252
0.145564
0.140829
0.136217
0.132038
0.128273
0.124535
0.120665
0.116688
0.112884
0.109133
0.105204
0.101037
0.0966821
0.0923563
0.0879919
0.083555
0.0789614
0.0742307
0.0695265
0.0648171
0.0601161
0.0553666
0.0505695
0.0458184
0.0410694
0.0363284
0.0315434
0.0267241
0.0219041
0.0170284
0.0121443
0.00720499
0.00224056
-0.00271038
-0.00776298
-0.0128276
-0.0179761
-0.0232456
-0.0285215
-0.0338738
-0.0391604
-0.0442806
-0.0493144
-0.0541495
-0.0588958
-0.0637711
-0.06872
-0.0739643
-0.0795472
-0.0853676
-0.0914317
-0.0976043
-0.103792
-0.109892
-0.115846
-0.12184
-0.127692
-0.133579
-0.139727
-0.145906
-0.151784
-0.157538
-0.163637
-0.170176
-0.176418
-0.182297
-0.188166
-0.194249
-0.200414
-0.206494
-0.212531
-0.218524
-0.2245
-0.230294
-0.235807
-0.240975
-0.245742
-0.250225
-0.254631
-0.259278
-0.264863
-0.271784
-0.27999
-0.288655
-0.296868
-0.303014
-0.305271
-0.30313
-0.295643
-0.286392
-0.280128
-0.283394
-0.291121
0.176846
0.173594
0.170939
0.168219
0.164958
0.161237
0.157101
0.152651
0.147975
0.143284
0.138737
0.134196
0.129578
0.124776
0.119983
0.11534
0.110867
0.106537
0.102176
0.097847
0.0935545
0.0893547
0.0851449
0.0807547
0.0762792
0.0717481
0.0672595
0.0627169
0.0580296
0.0532697
0.0484365
0.043609
0.038729
0.0337808
0.0287894
0.0237301
0.0186942
0.0136397
0.00853541
0.00341672
-0.0017983
-0.00701809
-0.0122675
-0.0175684
-0.0228398
-0.028169
-0.033538
-0.0389926
-0.0446524
-0.0504786
-0.0565036
-0.062692
-0.068905
-0.0750659
-0.0810192
-0.0867492
-0.0921894
-0.097353
-0.102474
-0.107614
-0.112942
-0.118725
-0.124743
-0.131078
-0.137708
-0.144332
-0.15081
-0.157381
-0.164196
-0.170913
-0.177111
-0.183282
-0.189848
-0.196566
-0.203105
-0.209391
-0.215698
-0.221975
-0.228223
-0.23433
-0.240485
-0.246777
-0.253331
-0.260093
-0.266886
-0.273247
-0.278735
-0.282807
-0.285282
-0.28663
-0.287873
-0.290459
-0.295442
-0.30409
-0.316093
-0.33115
-0.343867
-0.349125
-0.346177
-0.340399
0.182145
0.178139
0.174201
0.170099
0.165943
0.161857
0.157966
0.154324
0.150797
0.147247
0.143441
0.139404
0.135136
0.130684
0.126079
0.121373
0.116727
0.112034
0.107222
0.102263
0.0973282
0.0925377
0.0877652
0.0829925
0.0781674
0.0734089
0.0687188
0.0640198
0.0593099
0.0545153
0.0497116
0.0448892
0.0400546
0.0351801
0.0301919
0.0251741
0.0201219
0.015017
0.00986655
0.0046171
-0.00065333
-0.0059638
-0.0113288
-0.016719
-0.0222109
-0.0277602
-0.0333346
-0.0389482
-0.044489
-0.0499855
-0.0554482
-0.0608587
-0.0663749
-0.0720652
-0.0780572
-0.0844317
-0.0911395
-0.0981897
-0.105409
-0.112623
-0.119757
-0.126557
-0.133098
-0.139457
-0.145635
-0.151728
-0.157972
-0.164397
-0.170708
-0.176939
-0.183604
-0.19064
-0.197471
-0.204078
-0.210735
-0.217735
-0.224759
-0.231775
-0.238711
-0.245738
-0.252623
-0.259218
-0.265357
-0.271056
-0.276582
-0.282475
-0.289156
-0.296884
-0.305552
-0.314191
-0.321753
-0.326689
-0.328334
-0.325772
-0.321085
-0.315219
-0.312614
-0.318581
-0.327266
-0.339452
0.190915
0.186564
0.181943
0.177172
0.172249
0.167191
0.162274
0.157669
0.153352
0.149042
0.144681
0.140387
0.13625
0.132219
0.128103
0.12394
0.119721
0.115426
0.11098
0.106399
0.101803
0.0971391
0.0924189
0.0875562
0.0825878
0.0775614
0.0724918
0.0674637
0.0623928
0.0572979
0.0521598
0.0470219
0.0419073
0.0367289
0.0315319
0.0263016
0.0210387
0.0157649
0.0104213
0.00505232
-0.000375024
-0.00586608
-0.011391
-0.0169942
-0.0226465
-0.0283313
-0.0340836
-0.0398866
-0.0458134
-0.0518824
-0.0580839
-0.0644093
-0.0707985
-0.0771932
-0.0834697
-0.0895943
-0.095589
-0.101397
-0.107143
-0.112933
-0.118755
-0.124805
-0.131115
-0.137649
-0.144442
-0.151547
-0.1589
-0.166283
-0.173816
-0.18164
-0.189382
-0.196699
-0.204041
-0.211649
-0.219447
-0.226963
-0.234341
-0.241674
-0.249047
-0.256277
-0.263488
-0.270844
-0.278521
-0.286409
-0.294229
-0.30129
-0.307102
-0.311654
-0.315272
-0.319137
-0.32434
-0.332279
-0.342707
-0.355545
-0.36877
-0.379549
-0.384347
-0.380343
-0.375329
-0.368403
0.194066
0.190439
0.186974
0.183343
0.17915
0.174475
0.169668
0.165008
0.160396
0.155638
0.150724
0.145757
0.140861
0.135981
0.131121
0.126298
0.12156
0.116939
0.112383
0.107875
0.103296
0.0986715
0.0940167
0.0893429
0.0846375
0.0798409
0.0750283
0.0701646
0.0652477
0.0602354
0.0551175
0.0499473
0.044696
0.0394257
0.0341142
0.0287372
0.0233198
0.0178398
0.0123389
0.00679429
0.00119981
-0.00441868
-0.0100865
-0.015792
-0.0215325
-0.0273432
-0.0331999
-0.0391271
-0.0450784
-0.0510385
-0.0570198
-0.0630077
-0.0690747
-0.0752499
-0.0815756
-0.0881694
-0.0949681
-0.10198
-0.109218
-0.116548
-0.123968
-0.131434
-0.138851
-0.146214
-0.153586
-0.160948
-0.168178
-0.175483
-0.182882
-0.190141
-0.19732
-0.204888
-0.212691
-0.22041
-0.227893
-0.235576
-0.243503
-0.251593
-0.259641
-0.267777
-0.275903
-0.283817
-0.291306
-0.298435
-0.305498
-0.313107
-0.321685
-0.330969
-0.34032
-0.348322
-0.354146
-0.356829
-0.356844
-0.355182
-0.354709
-0.357786
-0.365805
-0.380132
-0.389558
-0.397822
0.198035
0.193872
0.189654
0.185271
0.180853
0.176636
0.172724
0.168982
0.165111
0.160941
0.156443
0.151745
0.146953
0.142158
0.137366
0.132501
0.127548
0.122518
0.117475
0.112366
0.107197
0.102037
0.0969516
0.091949
0.0869312
0.0818976
0.0768282
0.0717468
0.0666652
0.0615577
0.0564348
0.0512512
0.0460571
0.0408434
0.0355672
0.0302287
0.0248066
0.019338
0.0138124
0.00822701
0.00259236
-0.00311826
-0.00890212
-0.0147456
-0.0206669
-0.0266482
-0.0327102
-0.0388409
-0.04506
-0.0513943
-0.0578419
-0.064418
-0.0710856
-0.0778008
-0.0845457
-0.0912523
-0.0979372
-0.104637
-0.111386
-0.118242
-0.12525
-0.132437
-0.139771
-0.147249
-0.154809
-0.162295
-0.169856
-0.177502
-0.185181
-0.193056
-0.20138
-0.20977
-0.218045
-0.226404
-0.235132
-0.243965
-0.252687
-0.261282
-0.269963
-0.278631
-0.287287
-0.296071
-0.305115
-0.31434
-0.323382
-0.331596
-0.338648
-0.344854
-0.351025
-0.358525
-0.367986
-0.37977
-0.392454
-0.404331
-0.413195
-0.415741
-0.412245
-0.40613
-0.405363
-0.406383
0.205839
0.200909
0.195675
0.190478
0.185614
0.181065
0.176624
0.172098
0.16749
0.162865
0.158278
0.153749
0.149309
0.144971
0.140622
0.136129
0.131436
0.12664
0.121813
0.116961
0.112058
0.107074
0.102025
0.0968864
0.0916805
0.0864013
0.0810613
0.0757095
0.0703476
0.0649922
0.0595818
0.05413
0.0486484
0.0431303
0.0375919
0.0320152
0.0264122
0.0207687
0.0150806
0.00935461
0.00356977
-0.00228062
-0.00819124
-0.0141704
-0.02021
-0.0263278
-0.0325204
-0.0387982
-0.0451486
-0.0515537
-0.0580183
-0.0645258
-0.0710974
-0.0777741
-0.0845636
-0.0915195
-0.0986544
-0.105936
-0.113322
-0.120773
-0.128219
-0.135634
-0.143031
-0.150452
-0.157932
-0.165684
-0.173744
-0.182052
-0.190646
-0.199517
-0.208309
-0.217083
-0.226053
-0.235207
-0.244212
-0.253096
-0.262157
-0.271463
-0.280842
-0.290281
-0.299732
-0.309164
-0.318351
-0.327361
-0.336535
-0.346195
-0.356667
-0.367347
-0.377146
-0.385019
-0.390597
-0.393972
-0.396778
-0.401049
-0.40915
-0.421972
-0.437241
-0.451361
-0.456265
-0.45655
0.211361
0.206703
0.202095
0.19767
0.193257
0.188583
0.183554
0.178362
0.173248
0.168273
0.163334
0.158345
0.15335
0.148393
0.143472
0.138536
0.133604
0.12872
0.123892
0.119079
0.114207
0.109254
0.104238
0.0992139
0.0941956
0.0891368
0.0840217
0.0788293
0.0735836
0.0682644
0.0628751
0.0574235
0.0519079
0.0463504
0.040745
0.0350925
0.0293741
0.0235853
0.0177401
0.0118423
0.00588716
-0.000122298
-0.00618868
-0.0123116
-0.0184954
-0.0247394
-0.0310424
-0.0374069
-0.043832
-0.0503409
-0.05694
-0.0636341
-0.0704422
-0.0773327
-0.0843015
-0.0913342
-0.0984245
-0.105591
-0.112898
-0.120403
-0.12814
-0.13618
-0.144544
-0.153149
-0.162022
-0.170984
-0.179878
-0.188707
-0.197461
-0.206036
-0.214633
-0.223497
-0.232524
-0.241593
-0.250961
-0.260733
-0.270683
-0.280612
-0.290594
-0.300783
-0.311099
-0.321574
-0.332284
-0.343074
-0.353697
-0.363728
-0.372986
-0.382119
-0.391912
-0.403309
-0.41646
-0.43008
-0.442115
-0.450835
-0.454804
-0.452892
-0.449086
-0.449255
-0.454595
-0.461161
0.214656
0.210191
0.205994
0.201859
0.197563
0.193046
0.188428
0.183842
0.179266
0.174568
0.169652
0.164583
0.159477
0.154398
0.149323
0.144214
0.139052
0.133825
0.128545
0.123235
0.117935
0.112661
0.107418
0.10219
0.0969367
0.0916433
0.0862948
0.0809129
0.0755127
0.0701078
0.0646966
0.0592523
0.0537596
0.0482045
0.0425984
0.0369389
0.031218
0.0254388
0.0196017
0.0137031
0.00773702
0.00169996
-0.00441227
-0.0106042
-0.016876
-0.0232271
-0.0296673
-0.0361996
-0.0428373
-0.0495741
-0.0564097
-0.0633519
-0.0703976
-0.0775766
-0.0848918
-0.0923865
-0.100044
-0.107873
-0.115849
-0.12389
-0.131983
-0.140072
-0.148111
-0.156138
-0.164152
-0.172209
-0.180427
-0.188929
-0.197693
-0.206884
-0.216595
-0.226572
-0.236789
-0.247298
-0.258006
-0.268638
-0.279229
-0.290079
-0.301143
-0.312259
-0.323441
-0.334607
-0.345815
-0.357095
-0.368589
-0.380641
-0.393042
-0.405133
-0.416099
-0.425063
-0.432524
-0.439659
-0.447757
-0.459182
-0.474513
-0.491072
-0.505343
-0.512794
-0.513186
-0.512198
0.220938
0.216172
0.211347
0.206427
0.201517
0.196742
0.192098
0.187436
0.182646
0.177764
0.172927
0.168199
0.163517
0.158766
0.15389
0.148901
0.143819
0.13866
0.133456
0.128259
0.123075
0.117855
0.112537
0.107105
0.101609
0.0960933
0.0905805
0.0850544
0.0795024
0.0739165
0.0682839
0.0625964
0.0568522
0.0510682
0.0452548
0.039413
0.0335331
0.0276053
0.0216204
0.0155699
0.00946242
0.00329005
-0.00294537
-0.0092512
-0.0156298
-0.0220854
-0.0286264
-0.0352499
-0.0419606
-0.0487641
-0.0556684
-0.0626775
-0.0697902
-0.0769985
-0.0842992
-0.0916652
-0.0990937
-0.106595
-0.114186
-0.121924
-0.129869
-0.13805
-0.146535
-0.155354
-0.164491
-0.173998
-0.183796
-0.193804
-0.204016
-0.214343
-0.224617
-0.23487
-0.245211
-0.255615
-0.266032
-0.276804
-0.287969
-0.299339
-0.310818
-0.322482
-0.334512
-0.346855
-0.359378
-0.372147
-0.384747
-0.397166
-0.409655
-0.422382
-0.436478
-0.452022
-0.467997
-0.482889
-0.494512
-0.501575
-0.505423
-0.506257
-0.509189
-0.519551
-0.528087
-0.535348
0.227971
0.223096
0.218107
0.213108
0.208158
0.203185
0.198052
0.192745
0.187426
0.182284
0.177341
0.172435
0.1674
0.162218
0.157001
0.15184
0.146746
0.141663
0.136572
0.131453
0.126281
0.121023
0.115688
0.110326
0.104971
0.0996171
0.0942139
0.0887333
0.0831721
0.0775453
0.0718703
0.0661602
0.0604224
0.0546412
0.0488069
0.0429079
0.0369446
0.0309186
0.024827
0.0186789
0.0124674
0.00619825
-0.000139009
-0.00654636
-0.0130303
-0.0195942
-0.0262351
-0.0329604
-0.0397724
-0.0466854
-0.0536881
-0.0607902
-0.067992
-0.075314
-0.0827766
-0.0903908
-0.0982137
-0.10623
-0.114472
-0.122927
-0.131546
-0.140347
-0.149282
-0.158339
-0.167529
-0.176827
-0.186239
-0.195782
-0.205522
-0.215342
-0.225422
-0.235862
-0.246641
-0.257868
-0.26964
-0.281781
-0.294082
-0.306546
-0.319426
-0.332565
-0.34582
-0.359229
-0.372744
-0.386608
-0.400896
-0.415447
-0.430243
-0.444395
-0.457301
-0.469553
-0.481301
-0.494266
-0.510486
-0.529996
-0.550978
-0.569642
-0.581445
-0.585447
-0.584831
-0.582293
0.233046
0.228339
0.223667
0.218983
0.214164
0.209125
0.203933
0.198755
0.193704
0.18872
0.183637
0.178354
0.172923
0.1675
0.162168
0.156899
0.151608
0.146254
0.140844
0.1354
0.129942
0.124489
0.119065
0.113644
0.108188
0.10266
0.097075
0.0914644
0.0858432
0.0802087
0.0745472
0.0688506
0.0630996
0.0572823
0.0514022
0.0454682
0.0394907
0.0334656
0.0273889
0.0212484
0.0150373
0.00875133
0.00238907
-0.00405188
-0.0105761
-0.0171886
-0.0238902
-0.0306918
-0.0375963
-0.0446073
-0.0517361
-0.0589892
-0.0663873
-0.0739235
-0.081602
-0.0894279
-0.0973788
-0.105466
-0.113681
-0.122043
-0.13056
-0.139277
-0.148167
-0.15727
-0.166584
-0.176091
-0.18586
-0.195909
-0.206246
-0.217034
-0.228271
-0.239939
-0.251928
-0.264256
-0.276695
-0.289233
-0.302136
-0.315413
-0.328913
-0.342659
-0.356707
-0.371247
-0.386112
-0.401121
-0.416356
-0.431687
-0.44759
-0.464684
-0.482866
-0.501988
-0.520814
-0.536444
-0.548855
-0.559193
-0.567175
-0.576495
-0.590991
-0.609034
-0.619785
-0.626344
0.238539
0.233624
0.22868
0.223646
0.218528
0.213427
0.208445
0.203569
0.198673
0.193619
0.188407
0.183145
0.177943
0.172787
0.167583
0.162256
0.156836
0.151386
0.145941
0.140492
0.135019
0.129519
0.123973
0.118362
0.112687
0.10699
0.101307
0.095633
0.0899289
0.084164
0.07834
0.072462
0.0665474
0.0606013
0.0546273
0.0486177
0.0425538
0.0364333
0.0302428
0.0239875
0.0176648
0.0112755
0.00482179
-0.00170629
-0.00830995
-0.0150022
-0.0217854
-0.028663
-0.0356399
-0.0427188
-0.0499122
-0.0572129
-0.0646283
-0.0721521
-0.0798057
-0.0875885
-0.0955118
-0.103604
-0.111854
-0.120281
-0.128898
-0.137681
-0.146703
-0.155965
-0.165544
-0.175472
-0.185814
-0.196523
-0.207626
-0.219051
-0.230642
-0.242429
-0.254419
-0.266583
-0.279162
-0.292309
-0.306041
-0.320181
-0.334832
-0.350083
-0.36577
-0.381769
-0.398219
-0.415156
-0.432679
-0.450718
-0.468521
-0.486001
-0.502927
-0.519582
-0.538009
-0.558741
-0.581846
-0.608124
-0.632718
-0.647799
-0.658048
-0.663211
-0.668354
-0.672489
0.245355
0.240178
0.234883
0.229525
0.224203
0.218986
0.213831
0.208634
0.203328
0.197964
0.192652
0.187441
0.182252
0.176969
0.171566
0.16613
0.160751
0.155425
0.150085
0.144661
0.139154
0.133591
0.127999
0.122393
0.116787
0.111177
0.105527
0.0998021
0.0940003
0.0881579
0.0822907
0.0764052
0.0704898
0.064533
0.058519
0.052434
0.0462862
0.0400831
0.0338315
0.0275305
0.0211729
0.0147502
0.008255
0.00168405
-0.0049685
-0.0117032
-0.0185222
-0.0254273
-0.0324276
-0.0395245
-0.0467245
-0.0540375
-0.0614663
-0.0690392
-0.0767457
-0.0846121
-0.0926358
-0.100836
-0.109225
-0.117837
-0.126692
-0.13582
-0.145252
-0.154953
-0.164925
-0.175142
-0.185511
-0.196105
-0.206837
-0.217789
-0.229073
-0.240845
-0.253214
-0.266304
-0.280196
-0.294611
-0.309501
-0.324994
-0.340995
-0.357467
-0.374404
-0.391913
-0.410005
-0.428463
-0.447156
-0.466542
-0.486823
-0.508407
-0.531685
-0.554955
-0.576981
-0.597169
-0.614697
-0.631523
-0.651388
-0.671575
-0.692914
-0.714639
-0.724777
-0.736553
0.251721
0.246475
0.241192
0.235926
0.230686
0.225415
0.220059
0.21462
0.209161
0.203742
0.198353
0.192921
0.187393
0.181807
0.176254
0.170788
0.165357
0.159872
0.154288
0.148649
0.143008
0.137394
0.131798
0.126191
0.120549
0.114842
0.109073
0.103262
0.0974533
0.0916476
0.0858157
0.079928
0.073974
0.0679643
0.0619041
0.0558051
0.0496706
0.0434944
0.0372644
0.0309677
0.0246018
0.0181628
0.0116534
0.00507405
-0.0015812
-0.0083133
-0.0151321
-0.022044
-0.0290607
-0.0361825
-0.0434223
-0.0507861
-0.0582825
-0.0659177
-0.0736991
-0.0816424
-0.089758
-0.0980496
-0.106546
-0.115214
-0.124079
-0.133106
-0.142294
-0.151658
-0.161228
-0.171054
-0.18122
-0.191836
-0.202961
-0.214726
-0.227144
-0.240074
-0.253558
-0.267385
-0.281504
-0.296023
-0.311109
-0.326902
-0.343368
-0.360735
-0.379059
-0.39816
-0.418139
-0.439104
-0.460984
-0.483718
-0.506636
-0.529228
-0.552276
-0.576533
-0.602819
-0.633225
-0.667676
-0.702488
-0.734514
-0.762487
-0.784175
-0.805283
-0.811128
-0.807819
0.257287
0.252026
0.246794
0.241574
0.236322
0.231003
0.225631
0.220251
0.214879
0.209472
0.203982
0.19841
0.192827
0.187297
0.181813
0.176292
0.170667
0.164955
0.159236
0.153563
0.147919
0.142254
0.136533
0.130761
0.12495
0.119123
0.113294
0.107472
0.101633
0.0957433
0.0897891
0.0837866
0.0777603
0.0717142
0.0656419
0.0595293
0.053363
0.0471331
0.0408384
0.0344864
0.0280803
0.0216206
0.0150967
0.0085001
0.00182283
-0.00494237
-0.0117972
-0.018747
-0.0257909
-0.0329409
-0.040194
-0.0475633
-0.0550487
-0.0626631
-0.0704131
-0.0783024
-0.0863355
-0.0945182
-0.102857
-0.111365
-0.120071
-0.129006
-0.138207
-0.147743
-0.1576
-0.167861
-0.178496
-0.189491
-0.200864
-0.212515
-0.224459
-0.236712
-0.249359
-0.262487
-0.276348
-0.291212
-0.306984
-0.323809
-0.341659
-0.360463
-0.380266
-0.401053
-0.422989
-0.446
-0.46991
-0.495143
-0.522129
-0.551006
-0.581701
-0.613149
-0.643478
-0.673588
-0.706523
-0.743718
-0.783004
-0.831011
-0.889106
-0.93287
-0.942261
-0.917661
0.263579
0.258154
0.252716
0.247261
0.241794
0.23633
0.230877
0.225424
0.219935
0.214392
0.208817
0.203267
0.197764
0.192268
0.186702
0.181044
0.175342
0.169666
0.164035
0.158397
0.152696
0.146919
0.141108
0.135298
0.129499
0.123693
0.117857
0.11197
0.106027
0.100043
0.0940454
0.0880432
0.082021
0.0759536
0.0698288
0.0636492
0.0574241
0.0511601
0.0448601
0.0385182
0.0321231
0.0256641
0.0191307
0.0125266
0.00584997
-0.000897189
-0.00771996
-0.0146225
-0.0216142
-0.0287011
-0.0358885
-0.0431853
-0.0505963
-0.0581284
-0.0657896
-0.0735834
-0.081536
-0.0896492
-0.0979547
-0.106466
-0.115199
-0.124169
-0.133378
-0.142835
-0.152542
-0.16252
-0.172761
-0.183305
-0.194191
-0.205433
-0.217218
-0.229594
-0.242675
-0.25665
-0.271391
-0.28686
-0.302988
-0.319891
-0.337684
-0.356471
-0.376664
-0.398249
-0.421313
-0.446083
-0.472624
-0.500755
-0.530171
-0.560368
-0.591824
-0.625572
-0.661978
-0.700983
-0.740851
-0.776236
-0.799681
-0.808742
-0.832356
-0.872955
-0.922925
-0.968766
0.270283
0.264748
0.259186
0.2536
0.248005
0.242401
0.236772
0.231102
0.225407
0.21972
0.214069
0.208448
0.202811
0.197118
0.191377
0.185641
0.179947
0.174274
0.168564
0.162789
0.156975
0.151171
0.145392
0.139613
0.133797
0.127929
0.122017
0.11608
0.110138
0.104194
0.0982332
0.0922286
0.0861661
0.0800559
0.0739161
0.0677558
0.0615697
0.0553457
0.0490697
0.0427335
0.0363363
0.0298817
0.0233734
0.0168095
0.0101839
0.00348635
-0.00328909
-0.0101526
-0.0171062
-0.0241539
-0.0313009
-0.0385524
-0.0459196
-0.053409
-0.061032
-0.0687986
-0.0767194
-0.0848023
-0.0930547
-0.101485
-0.110095
-0.118912
-0.127931
-0.137185
-0.146689
-0.156439
-0.166504
-0.176881
-0.187662
-0.198901
-0.210643
-0.2229
-0.235677
-0.248957
-0.262655
-0.277005
-0.292177
-0.308334
-0.32586
-0.344785
-0.365213
-0.387224
-0.410975
-0.436683
-0.464412
-0.494319
-0.526928
-0.562505
-0.600184
-0.638618
-0.676689
-0.71359
-0.749009
-0.781138
-0.807289
-0.816623
-0.816547
-0.846315
-0.916688
-1.0443
0.276766
0.271189
0.265572
0.259921
0.254243
0.248537
0.242799
0.237043
0.231297
0.225569
0.219841
0.214077
0.208272
0.202452
0.19665
0.190873
0.18509
0.179263
0.173395
0.167526
0.161692
0.155879
0.150041
0.14415
0.138218
0.132278
0.12635
0.120427
0.114486
0.108505
0.102476
0.0964075
0.090322
0.0842303
0.0781228
0.0719778
0.0657816
0.0595328
0.053238
0.0469037
0.0405296
0.0341111
0.0276367
0.0210981
0.0144911
0.00781121
0.00105978
-0.00576547
-0.0126651
-0.019651
-0.0267288
-0.0339044
-0.0411879
-0.04858
-0.0560906
-0.0637192
-0.0714764
-0.0793708
-0.0874049
-0.0955983
-0.103952
-0.112489
-0.121207
-0.13014
-0.1393
-0.14873
-0.158481
-0.168558
-0.179028
-0.18986
-0.201037
-0.212632
-0.224576
-0.237051
-0.250221
-0.264281
-0.279351
-0.295386
-0.312483
-0.330606
-0.350051
-0.371309
-0.394494
-0.420068
-0.448487
-0.480011
-0.51483
-0.55382
-0.597575
-0.648024
-0.708248
-0.77838
-0.859221
-0.949571
-1.04795
-1.16755
-1.30658
-1.42047
-1.41746
-1.3468
0.283041
0.277313
0.271578
0.265831
0.260068
0.254293
0.248511
0.242729
0.236947
0.231152
0.225328
0.21948
0.213629
0.207794
0.20196
0.196101
0.190206
0.184297
0.178406
0.172538
0.166668
0.160757
0.154804
0.148836
0.142885
0.136952
0.131007
0.125024
0.119001
0.112952
0.106897
0.100842
0.0947779
0.0886845
0.0825462
0.0763651
0.0701541
0.063922
0.0576657
0.0513757
0.0450388
0.0386467
0.0321996
0.0257032
0.0191599
0.0125656
0.0059134
-0.000803556
-0.00759552
-0.0144657
-0.0214176
-0.0284553
-0.0355837
-0.0428073
-0.0501344
-0.0575733
-0.0651334
-0.0728238
-0.0806517
-0.0886308
-0.0967691
-0.105083
-0.1136
-0.12232
-0.131286
-0.140479
-0.149915
-0.159583
-0.169481
-0.179637
-0.190096
-0.200956
-0.212289
-0.224249
-0.236836
-0.249939
-0.263656
-0.277915
-0.293013
-0.309301
-0.326958
-0.346373
-0.367677
-0.391484
-0.418392
-0.449158
-0.484668
-0.526947
-0.576152
-0.633983
-0.704402
-0.793396
-0.91137
-1.06786
-1.27217
-1.5458
-1.89727
-2.19799
-2.16931
-1.80815
0.28959
0.283726
0.277842
0.271935
0.266018
0.260105
0.254206
0.248312
0.242415
0.23651
0.230601
0.224692
0.218789
0.212881
0.206955
0.201012
0.195073
0.189157
0.183252
0.177328
0.171368
0.165389
0.15942
0.153473
0.147528
0.141557
0.13555
0.129523
0.123498
0.117482
0.111463
0.105419
0.0993393
0.0932277
0.0870997
0.0809659
0.0748209
0.0686472
0.0624319
0.0561717
0.0498725
0.04354
0.037176
0.0307733
0.0243218
0.0178115
0.0112384
0.00459802
-0.0021097
-0.00888557
-0.0157354
-0.0226656
-0.0296841
-0.0367952
-0.0440054
-0.0513197
-0.0587379
-0.0662721
-0.0739239
-0.0817068
-0.0896198
-0.0976817
-0.105887
-0.114243
-0.122754
-0.131416
-0.140262
-0.14931
-0.158588
-0.168171
-0.178033
-0.188251
-0.198776
-0.209563
-0.220613
-0.23192
-0.243711
-0.256103
-0.269293
-0.283285
-0.297967
-0.31363
-0.330474
-0.348518
-0.368352
-0.389936
-0.413582
-0.440019
-0.469296
-0.501569
-0.538267
-0.577431
-0.612066
-0.646209
-0.71145
-0.869395
-1.21297
-1.58351
-1.82145
-1.88871
0.296305
0.290288
0.284255
0.278219
0.272194
0.266184
0.260179
0.254167
0.248146
0.242124
0.236105
0.230088
0.22407
0.218048
0.212032
0.20603
0.200045
0.194064
0.188068
0.182056
0.176044
0.170053
0.164079
0.158099
0.152094
0.146072
0.140054
0.134052
0.128056
0.122043
0.116001
0.109938
0.10387
0.0978026
0.0917302
0.0856363
0.079506
0.0733395
0.0671446
0.0609289
0.0546915
0.048423
0.0421116
0.0357506
0.0293398
0.0228817
0.0163763
0.00982195
0.00321246
-0.00345786
-0.010194
-0.016996
-0.023866
-0.0308045
-0.0378143
-0.0449005
-0.0520664
-0.0593205
-0.0666684
-0.0741135
-0.0816683
-0.089325
-0.097111
-0.105016
-0.113069
-0.121272
-0.129639
-0.138181
-0.146894
-0.155792
-0.164859
-0.174106
-0.183535
-0.193158
-0.203119
-0.213397
-0.224108
-0.235098
-0.246163
-0.257396
-0.268735
-0.280263
-0.291956
-0.303599
-0.315425
-0.326945
-0.337888
-0.347277
-0.353372
-0.351299
-0.340056
-0.311331
-0.244975
-0.133371
0.00359315
0.104913
0.0347226
-0.337385
-1.00733
-1.8842
0.302841
0.296721
0.290606
0.284497
0.278388
0.272275
0.266154
0.260029
0.253906
0.247791
0.241683
0.235575
0.22947
0.223374
0.217291
0.21122
0.205149
0.199073
0.192997
0.186934
0.180893
0.174861
0.168823
0.162774
0.156728
0.150698
0.144684
0.138668
0.132634
0.126585
0.120534
0.114494
0.108457
0.102407
0.0963317
0.0902289
0.0841099
0.0779841
0.0718488
0.0656934
0.0595065
0.0532848
0.0470329
0.0407557
0.0344563
0.0281272
0.0217615
0.0153524
0.00889933
0.00240294
-0.00413819
-0.0107249
-0.0173612
-0.0240562
-0.0308156
-0.0376489
-0.0445579
-0.0515511
-0.0586281
-0.0658011
-0.073066
-0.0804318
-0.0878993
-0.0954636
-0.103132
-0.110897
-0.118757
-0.126737
-0.134802
-0.142999
-0.15129
-0.1597
-0.168252
-0.176923
-0.18576
-0.194694
-0.203671
-0.21275
-0.221953
-0.231638
-0.241658
-0.252192
-0.263353
-0.275156
-0.287726
-0.301481
-0.316744
-0.334285
-0.355441
-0.380803
-0.411583
-0.444453
-0.482646
-0.539935
-0.670427
-0.954033
-1.38551
-1.84948
-2.27742
-2.73356
0.30937
0.303122
0.296878
0.290638
0.284402
0.278173
0.271952
0.26574
0.259534
0.253333
0.247135
0.240941
0.234759
0.228591
0.222436
0.216288
0.210145
0.204012
0.197895
0.191794
0.185702
0.179611
0.173522
0.167449
0.161396
0.155356
0.149313
0.143263
0.137214
0.131181
0.125162
0.119143
0.11311
0.107062
0.101012
0.0949651
0.0889214
0.082869
0.076796
0.0707018
0.0645945
0.0584797
0.0523561
0.046216
0.0400494
0.0338508
0.027618
0.0213541
0.015058
0.00872671
0.00235095
-0.00407744
-0.0105615
-0.017107
-0.0237138
-0.0303834
-0.0371178
-0.0439127
-0.0507722
-0.0576865
-0.0646603
-0.0716836
-0.0787582
-0.0858823
-0.0930563
-0.100284
-0.107562
-0.114888
-0.122252
-0.129646
-0.137062
-0.144487
-0.151938
-0.159342
-0.166748
-0.174071
-0.181348
-0.188745
-0.196136
-0.20358
-0.211041
-0.218688
-0.22691
-0.236272
-0.247618
-0.262872
-0.283742
-0.314044
-0.358525
-0.429252
-0.536472
-0.707506
-0.994849
-1.44246
-2.12077
-3.07451
-4.16612
-5.09572
-5.38924
-4.83592
0.315967
0.309571
0.303185
0.296812
0.29045
0.284099
0.277755
0.271418
0.26509
0.258775
0.252476
0.246197
0.239938
0.233694
0.227463
0.221244
0.215039
0.208853
0.202685
0.19653
0.190387
0.18426
0.178155
0.172072
0.166002
0.159936
0.153879
0.147838
0.141817
0.13581
0.129804
0.123795
0.117789
0.111795
0.105811
0.0998286
0.0938374
0.0878349
0.0818264
0.0758194
0.0698137
0.0637995
0.0577648
0.0517046
0.0456206
0.0395169
0.033393
0.0272423
0.0210578
0.014837
0.00857793
0.00228269
-0.00404619
-0.0104079
-0.0168008
-0.0232269
-0.0296795
-0.0361618
-0.0426689
-0.0492017
-0.0557648
-0.0623536
-0.068983
-0.0756452
-0.0823446
-0.089084
-0.0958381
-0.102624
-0.109406
-0.116186
-0.122949
-0.12964
-0.136265
-0.142734
-0.149026
-0.155067
-0.160776
-0.166015
-0.170495
-0.174115
-0.176799
-0.178125
-0.178209
-0.176455
-0.172747
-0.166773
-0.159294
-0.15098
-0.144486
-0.149072
-0.16944
-0.226853
-0.38355
-0.7443
-1.35473
-2.43557
-3.78314
-5.016
-5.53879
-5.10446
0.322577
0.316048
0.30953
0.303022
0.296524
0.290035
0.28356
0.277102
0.270666
0.264251
0.257858
0.251484
0.245128
0.238789
0.232469
0.226173
0.219902
0.213654
0.207428
0.201222
0.195041
0.188885
0.182753
0.17664
0.170544
0.164466
0.158413
0.152385
0.146372
0.140367
0.13437
0.128388
0.122427
0.116479
0.110532
0.104581
0.0986333
0.0926957
0.0867678
0.0808406
0.0749042
0.0689547
0.062997
0.0570357
0.0510691
0.045091
0.0390983
0.0330862
0.0270593
0.0210214
0.0149737
0.00891393
0.00284068
-0.00324966
-0.00935907
-0.0154873
-0.0216374
-0.0278086
-0.0340089
-0.0402429
-0.0465102
-0.0528133
-0.0591463
-0.0655002
-0.0718641
-0.0782219
-0.0845578
-0.0908529
-0.0970779
-0.103219
-0.109251
-0.115129
-0.120867
-0.126374
-0.131627
-0.13658
-0.141018
-0.144906
-0.148026
-0.150145
-0.150884
-0.149377
-0.144869
-0.135819
-0.120561
-0.0962613
-0.0599551
-0.00497783
0.0746018
0.185386
0.33522
0.535359
0.734763
0.788254
0.581235
0.0314491
-0.972063
-2.35214
-3.70789
-4.81123
0.329117
0.322444
0.315784
0.309136
0.302505
0.295895
0.289305
0.282739
0.276194
0.269671
0.263172
0.256695
0.250244
0.243822
0.237428
0.231063
0.224724
0.218411
0.212126
0.205871
0.199646
0.193449
0.187281
0.181139
0.175025
0.168942
0.162886
0.156851
0.150835
0.144841
0.138871
0.132924
0.126992
0.121073
0.115166
0.109277
0.103406
0.0975486
0.0916975
0.0858498
0.0800071
0.0741741
0.0683527
0.0625349
0.0567121
0.0508855
0.0450572
0.0392319
0.0334067
0.0275782
0.0217399
0.0158862
0.0100151
0.00412575
-0.00178042
-0.0077073
-0.0136586
-0.0196324
-0.0256291
-0.0316387
-0.0376573
-0.0436686
-0.0496625
-0.0556315
-0.0615521
-0.0674308
-0.0732423
-0.0789936
-0.0846747
-0.0902737
-0.0957842
-0.10117
-0.106392
-0.111401
-0.116115
-0.120486
-0.124348
-0.127747
-0.130385
-0.132058
-0.13252
-0.131283
-0.127843
-0.121499
-0.110421
-0.092638
-0.0648212
-0.0218682
0.0432429
0.138762
0.272563
0.474381
0.703816
0.797364
0.644231
0.198065
-0.595164
-1.712
-3.0854
-4.61675
0.335592
0.328761
0.321949
0.315157
0.308389
0.301645
0.294929
0.288238
0.281575
0.274942
0.268341
0.261771
0.255234
0.248728
0.242253
0.235811
0.229402
0.223028
0.21669
0.210389
0.204125
0.197894
0.191698
0.185536
0.17941
0.173319
0.167257
0.161224
0.155223
0.149254
0.143315
0.137402
0.13151
0.125645
0.119808
0.113998
0.108208
0.102432
0.0966725
0.0909334
0.0852149
0.0795098
0.0738119
0.0681168
0.0624274
0.0567476
0.0510764
0.0454062
0.039732
0.0340491
0.0283593
0.0226642
0.0169618
0.0112519
0.00553637
-0.000183033
-0.00590149
-0.0116143
-0.017313
-0.0229915
-0.0286462
-0.0342701
-0.0398646
-0.0454231
-0.0509501
-0.0564441
-0.061898
-0.0673067
-0.072653
-0.0778986
-0.0830426
-0.0880125
-0.0928253
-0.0974437
-0.101839
-0.106038
-0.10997
-0.113608
-0.116886
-0.119723
-0.122184
-0.124077
-0.1253
-0.125816
-0.125073
-0.123328
-0.119546
-0.113439
-0.102624
-0.0870391
-0.0672215
-0.0430282
-0.0747864
-0.303253
-0.81548
-1.58304
-2.50483
-3.50315
-4.43925
-5.11008
0.342025
0.335032
0.328062
0.321117
0.314198
0.30731
0.300455
0.293636
0.286851
0.280101
0.273389
0.266713
0.260076
0.253477
0.24692
0.240405
0.233933
0.227502
0.221112
0.214764
0.208457
0.202193
0.195972
0.189793
0.183655
0.177558
0.171501
0.165483
0.159504
0.153561
0.147654
0.141783
0.135947
0.130147
0.12438
0.118639
0.112924
0.107237
0.101578
0.0959432
0.0903262
0.0847234
0.0791348
0.0735649
0.0680117
0.0624713
0.056938
0.0514119
0.0458928
0.0403835
0.0348859
0.0293954
0.023913
0.0184397
0.012978
0.00753227
0.00210243
-0.00330937
-0.00870648
-0.0140897
-0.0194584
-0.0248156
-0.0301533
-0.0354707
-0.0407547
-0.0459941
-0.0511667
-0.0562518
-0.0612261
-0.0660706
-0.0707756
-0.0753237
-0.0797265
-0.0839665
-0.0880535
-0.0920402
-0.0959177
-0.0998162
-0.103955
-0.108446
-0.113783
-0.120212
-0.12843
-0.139449
-0.154505
-0.175793
-0.205945
-0.250835
-0.318683
-0.419997
-0.576812
-0.847441
-1.33374
-2.10324
-3.14067
-4.33314
-5.40666
-6.0954
-6.26869
-5.91454
0.348378
0.341218
0.334086
0.326983
0.319911
0.312877
0.305884
0.29893
0.292014
0.285139
0.278308
0.271525
0.264789
0.2581
0.251459
0.244867
0.238323
0.231826
0.225378
0.218981
0.212634
0.20634
0.200096
0.193899
0.187751
0.18165
0.175597
0.169592
0.163631
0.157716
0.151846
0.146021
0.140241
0.134501
0.128799
0.123133
0.117504
0.11191
0.106347
0.100811
0.0953033
0.0898229
0.0843708
0.0789446
0.0735386
0.0681513
0.0627863
0.0574449
0.0521266
0.0468241
0.0415344
0.0362575
0.0309962
0.0257504
0.0205201
0.0153005
0.010091
0.0048893
-0.000304333
-0.00548211
-0.0106403
-0.0157695
-0.0208607
-0.0259032
-0.0308779
-0.0357779
-0.0405843
-0.0452911
-0.0498909
-0.0543668
-0.0587186
-0.0629246
-0.0669641
-0.0708333
-0.0744863
-0.0779596
-0.0812387
-0.08442
-0.087658
-0.091076
-0.0952938
-0.10094
-0.109288
-0.122157
-0.142071
-0.173252
-0.22115
-0.295976
-0.413088
-0.590613
-0.868455
-1.35509
-2.1688
-3.27889
-4.61462
-6.03242
-7.19323
-7.77564
-7.6459
-6.84775
0.354599
0.347266
0.339966
0.332701
0.325474
0.318291
0.311151
0.304057
0.297008
0.290009
0.283063
0.276172
0.269335
0.262551
0.255821
0.249147
0.24253
0.235971
0.229469
0.223026
0.216639
0.210312
0.20404
0.197825
0.191666
0.185564
0.179518
0.173527
0.167591
0.16171
0.155884
0.150112
0.144389
0.138716
0.133091
0.127511
0.121976
0.116481
0.111025
0.105608
0.10023
0.0948898
0.0895811
0.0843032
0.0790555
0.073839
0.0686515
0.0634895
0.0583468
0.0532227
0.0481165
0.04303
0.0379614
0.0329088
0.02787
0.0228483
0.0178453
0.0128641
0.00790973
0.00298755
-0.00189851
-0.00674082
-0.0115373
-0.0162821
-0.0209705
-0.0255996
-0.0301593
-0.0346436
-0.0390342
-0.0432968
-0.0474133
-0.0513237
-0.0549972
-0.0584026
-0.061444
-0.0641601
-0.0664266
-0.0682413
-0.0695799
-0.0703308
-0.070647
-0.0705208
-0.0701953
-0.0703595
-0.0722733
-0.0782629
-0.09215
-0.121206
-0.17909
-0.278991
-0.451525
-0.821562
-1.48948
-2.44373
-3.59278
-4.8484
-5.94587
-6.61618
-6.70245
-6.20141
0.360681
0.353166
0.345687
0.33825
0.330857
0.323513
0.316222
0.308984
0.3018
0.294673
0.287607
0.280603
0.273661
0.26678
0.259963
0.25321
0.246521
0.239898
0.23334
0.226847
0.220421
0.214061
0.207767
0.201539
0.195376
0.189278
0.183244
0.177273
0.171368
0.165527
0.15975
0.154034
0.148378
0.142781
0.137239
0.13175
0.126312
0.120921
0.115581
0.110289
0.105041
0.0998336
0.0946654
0.0895362
0.0844452
0.0793901
0.0743652
0.0693661
0.0643952
0.0594529
0.0545392
0.0496496
0.0447864
0.0399481
0.0351375
0.0303555
0.025602
0.0208777
0.0161792
0.0115073
0.0068624
0.0022438
-0.00234472
-0.00690617
-0.0114296
-0.0159059
-0.0203181
-0.0246398
-0.0288574
-0.0329242
-0.0368268
-0.0405027
-0.0439173
-0.0470067
-0.0496575
-0.0517774
-0.0531682
-0.0536072
-0.0528873
-0.0505834
-0.0462987
-0.0395182
-0.0292759
-0.0149267
0.00505855
0.0321212
0.0676826
0.113796
0.165732
0.223836
0.267928
0.175645
-0.156076
-0.718638
-1.4643
-2.33471
-3.26658
-4.19969
-5.01882
-5.61087
0.366621
0.358911
0.351245
0.343624
0.336056
0.328545
0.321094
0.313706
0.30638
0.299119
0.291926
0.284804
0.277752
0.270771
0.263861
0.257025
0.250262
0.243572
0.236956
0.230417
0.223952
0.217564
0.21125
0.205008
0.19884
0.192747
0.186728
0.180784
0.174913
0.169117
0.163392
0.157737
0.152151
0.146629
0.14117
0.135772
0.130434
0.125154
0.119928
0.114758
0.109642
0.104576
0.0995566
0.0945831
0.0896533
0.084766
0.0799187
0.0751109
0.0703407
0.0656059
0.0609033
0.0562337
0.0515977
0.046995
0.0424207
0.0378701
0.0333386
0.0288264
0.024333
0.0198578
0.0154008
0.0109621
0.00655005
0.00216686
-0.0021756
-0.0064727
-0.0107123
-0.0148857
-0.0189883
-0.0230021
-0.0269162
-0.0307007
-0.034292
-0.0376361
-0.0405847
-0.0429857
-0.0446384
-0.0451445
-0.0441984
-0.0410151
-0.0348515
-0.0247243
-0.00882971
0.0142501
0.0476081
0.0937316
0.156858
0.241814
0.347101
0.475911
0.608812
0.625105
0.429072
-0.037548
-0.535812
-1.15018
-1.99498
-3.11031
-4.42769
-5.80224
0.372391
0.364477
0.356613
0.348803
0.341053
0.333368
0.325751
0.318205
0.31073
0.303328
0.296004
0.288758
0.281592
0.274505
0.267498
0.260572
0.25373
0.246972
0.240298
0.233708
0.227202
0.220782
0.214445
0.208191
0.202021
0.195936
0.189936
0.184019
0.178184
0.172432
0.166761
0.16117
0.155655
0.150212
0.144841
0.139541
0.134312
0.12915
0.124052
0.119018
0.114047
0.109138
0.104284
0.0994833
0.0947333
0.0900342
0.0853841
0.0807788
0.0762154
0.0716911
0.0672049
0.0627538
0.0583349
0.0539445
0.049577
0.0452317
0.0409065
0.0366023
0.0323182
0.0280556
0.0238145
0.0195945
0.0153972
0.011222
0.00706535
0.00291997
-0.00122373
-0.00536981
-0.00952519
-0.0136865
-0.0178369
-0.021967
-0.0260249
-0.0300041
-0.0338162
-0.0374056
-0.0406576
-0.043316
-0.0451852
-0.0456278
-0.0440711
-0.0393265
-0.0297971
-0.0134786
0.0127511
0.0522035
0.109667
0.189786
0.292386
0.414943
0.546411
0.569722
0.368738
-0.0205443
-0.476263
-1.03678
-1.85432
-3.00662
-4.41378
-5.91242
0.377954
0.369824
0.361754
0.353747
0.345808
0.337943
0.330154
0.322444
0.314814
0.307266
0.299803
0.292428
0.285141
0.277942
0.270834
0.263817
0.256893
0.250062
0.243325
0.236682
0.230134
0.223681
0.217323
0.211059
0.20489
0.198815
0.192834
0.186946
0.181151
0.175448
0.169837
0.164316
0.158878
0.153524
0.148252
0.143061
0.137951
0.13292
0.127963
0.12308
0.118269
0.113524
0.108845
0.104226
0.0996641
0.0951578
0.090704
0.0862984
0.0819383
0.0776225
0.0733478
0.0691087
0.0649029
0.0607279
0.0565823
0.0524656
0.0483755
0.0443096
0.0402664
0.0362451
0.0322416
0.0282495
0.024259
0.0202633
0.0162498
0.0122116
0.00813445
0.00401423
-0.000166603
-0.00442089
-0.00877981
-0.0132815
-0.0179667
-0.0229004
-0.0281064
-0.0336629
-0.03955
-0.0458143
-0.0523992
-0.059261
-0.066241
-0.0731057
-0.079436
-0.0843906
-0.0870314
-0.0851308
-0.0771757
-0.05999
-0.0336964
-0.00616149
0.0112161
-0.0712612
-0.373355
-0.902197
-1.53467
-2.20736
-2.95225
-3.81111
-4.76677
-5.72921
0.38328
0.374924
0.366637
0.358422
0.350286
0.342232
0.334263
0.326381
0.31859
0.310888
0.30328
0.295769
0.288357
0.281042
0.273827
0.266713
0.259703
0.252797
0.245995
0.2393
0.23271
0.226225
0.219847
0.213575
0.207407
0.201346
0.195388
0.189535
0.183788
0.178142
0.172596
0.167148
0.161797
0.15654
0.151376
0.146304
0.141323
0.13643
0.131623
0.126898
0.122251
0.117678
0.113176
0.10874
0.104369
0.100059
0.0958074
0.0916103
0.0874653
0.083369
0.0793175
0.0753086
0.0713404
0.0674102
0.0635138
0.0596473
0.0558089
0.051993
0.0481965
0.0444138
0.0406393
0.0368628
0.0330808
0.0292851
0.0254686
0.0216183
0.0177179
0.0137438
0.00966107
0.00542991
0.000974098
-0.00377128
-0.00893219
-0.0146129
-0.0209947
-0.0282831
-0.0367596
-0.0468008
-0.0588172
-0.0733711
-0.0910106
-0.112647
-0.139033
-0.171674
-0.212314
-0.263299
-0.33023
-0.418388
-0.537118
-0.70924
-0.974006
-1.40696
-2.09443
-3.05334
-4.10761
-5.05005
-5.78415
-6.29976
-6.58182
-6.59813
0.388345
0.379749
0.371236
0.362804
0.354458
0.346204
0.338045
0.329983
0.32202
0.314158
0.306398
0.298745
0.2912
0.283763
0.276437
0.269222
0.262121
0.255138
0.248271
0.241522
0.234889
0.228374
0.221977
0.215698
0.209537
0.203491
0.19756
0.191747
0.186049
0.180463
0.174987
0.169621
0.164363
0.159211
0.154163
0.149217
0.144372
0.139626
0.134974
0.130413
0.125938
0.121545
0.117231
0.11299
0.108822
0.104725
0.100694
0.0967254
0.092815
0.0889586
0.0851519
0.0813946
0.0776813
0.0740046
0.0703603
0.0667474
0.0631612
0.0595965
0.0560479
0.0525135
0.0489874
0.0454654
0.0419444
0.0384182
0.034879
0.031308
0.027689
0.0239855
0.0201646
0.0161723
0.0119373
0.00737092
0.00234285
-0.00332424
-0.00987371
-0.0176457
-0.0271152
-0.0388533
-0.0537869
-0.0729535
-0.097969
-0.130941
-0.174515
-0.232933
-0.310817
-0.41609
-0.561229
-0.760377
-1.03438
-1.43403
-2.05307
-2.96763
-4.16878
-5.57572
-6.96553
-8.09985
-8.80594
-9.00271
-8.69536
-7.93972
0.393117
0.38427
0.375516
0.366856
0.358292
0.349828
0.341468
0.333216
0.325072
0.31704
0.309121
0.301316
0.293631
0.286067
0.278624
0.271304
0.264111
0.257046
0.250111
0.243306
0.23663
0.230084
0.22367
0.217387
0.211231
0.205203
0.199303
0.19353
0.187885
0.182364
0.176965
0.171688
0.16653
0.16149
0.156565
0.151755
0.147057
0.142467
0.137982
0.133596
0.129307
0.125111
0.121001
0.116974
0.113028
0.109162
0.10537
0.101646
0.0979857
0.0943833
0.0908335
0.0873329
0.0838772
0.0804614
0.0770797
0.0737283
0.0704052
0.0671053
0.0638253
0.0605649
0.057321
0.0540918
0.0508713
0.0476568
0.0444407
0.0412145
0.0379682
0.0346877
0.0313553
0.0279425
0.0243944
0.0206338
0.0165567
0.0119718
0.00668776
0.000325433
-0.00754896
-0.0175499
-0.0306924
-0.0480822
-0.0716854
-0.104021
-0.148789
-0.211733
-0.299986
-0.426084
-0.608583
-0.867108
-1.23552
-1.80326
-2.71512
-4.0182
-5.58341
-7.16909
-8.52883
-9.55803
-10.1399
-10.1583
-9.59874
-8.54667
0.397561
0.388452
0.379446
0.370543
0.361747
0.353062
0.344491
0.336037
0.327704
0.319492
0.311404
0.303442
0.29561
0.287911
0.280347
0.272917
0.265626
0.258479
0.251474
0.244612
0.237892
0.231314
0.224881
0.218592
0.212444
0.206438
0.200571
0.194843
0.189255
0.183805
0.17849
0.173309
0.168261
0.163343
0.158553
0.15389
0.149351
0.144931
0.140625
0.136429
0.132341
0.128354
0.124465
0.120669
0.116962
0.113342
0.109802
0.106336
0.102939
0.0996024
0.0963205
0.0930903
0.0899087
0.086769
0.0836654
0.0805949
0.0775538
0.0745397
0.0715476
0.0685743
0.0656186
0.0626807
0.0597617
0.0568647
0.0539962
0.0511602
0.0483652
0.0456246
0.042942
0.0403342
0.0377841
0.0352864
0.0328174
0.0303106
0.0277258
0.0248746
0.0215523
0.0173801
0.0116882
0.00366036
-0.0081422
-0.025695
-0.0519415
-0.0915866
-0.151098
-0.24221
-0.383646
-0.595615
-0.921095
-1.48432
-2.45205
-3.82421
-5.43182
-6.97333
-7.99745
-8.76209
-9.24289
-9.29182
-8.84582
-7.96808
0.401646
0.39226
0.382987
0.373828
0.364785
0.355864
0.34707
0.338405
0.329871
0.321469
0.313203
0.305076
0.297091
0.289252
0.281559
0.274017
0.266625
0.25939
0.252312
0.245391
0.238626
0.232017
0.225564
0.21927
0.213131
0.207148
0.201318
0.19564
0.190114
0.184741
0.179519
0.174445
0.169517
0.164731
0.160087
0.155583
0.151214
0.146976
0.142863
0.138872
0.134998
0.131237
0.127584
0.124035
0.120584
0.117226
0.113954
0.110764
0.107647
0.104596
0.101605
0.0986686
0.0957836
0.0929423
0.0901376
0.0873645
0.0846188
0.0818948
0.079188
0.0764953
0.0738191
0.0711607
0.0685286
0.0659313
0.0633869
0.0609116
0.0585336
0.0562893
0.0542195
0.0523884
0.0508506
0.0496999
0.0490424
0.0489918
0.0497041
0.0513063
0.0539637
0.0578705
0.0631191
0.0698254
0.0779385
0.0869172
0.0959961
0.103049
0.10445
0.0941791
0.0581183
-0.0208086
-0.177955
-0.539709
-1.28191
-2.43484
-3.78222
-4.95524
-5.81504
-6.49087
-7.02481
-7.3489
-7.42116
-7.24179
0.405337
0.395657
0.386102
0.376673
0.367371
0.358201
0.349168
0.340278
0.331531
0.32293
0.314476
0.306174
0.298029
0.290042
0.282217
0.274556
0.267061
0.259735
0.252579
0.245596
0.238785
0.232143
0.225671
0.219371
0.213243
0.207284
0.201494
0.195871
0.190416
0.185127
0.180005
0.175045
0.170246
0.165603
0.161115
0.156781
0.152594
0.148551
0.144646
0.140875
0.137232
0.133715
0.130317
0.127034
0.12386
0.120787
0.117808
0.114916
0.112105
0.109365
0.106689
0.104072
0.101506
0.0989843
0.0964964
0.0940346
0.0915932
0.0891653
0.0867443
0.0843283
0.0819178
0.0795146
0.0771277
0.0747693
0.0724585
0.0702208
0.0680948
0.0661337
0.0644131
0.0630344
0.062125
0.0618488
0.0624299
0.0641353
0.0673267
0.0724433
0.0800131
0.0907911
0.10556
0.125399
0.1517
0.185652
0.22942
0.284101
0.349895
0.427891
0.507425
0.570501
0.586971
0.447457
-0.0115251
-0.81858
-1.77384
-2.62962
-3.40094
-4.17844
-4.97123
-5.75308
-6.49457
-7.14368
0.408597
0.398608
0.388754
0.379037
0.36946
0.360027
0.350742
0.341613
0.332642
0.323831
0.315179
0.306692
0.298376
0.290236
0.282273
0.274489
0.266884
0.259461
0.252225
0.245175
0.238313
0.231636
0.225146
0.218841
0.212724
0.206792
0.201045
0.195483
0.190104
0.184908
0.179894
0.175057
0.170395
0.165905
0.161586
0.157433
0.153442
0.149609
0.145927
0.142394
0.139004
0.135752
0.132632
0.129638
0.126764
0.124002
0.121342
0.118777
0.116298
0.113896
0.111564
0.109293
0.107075
0.104898
0.10275
0.100622
0.0985049
0.0963894
0.0942658
0.0921273
0.0899704
0.0877927
0.0855962
0.0833876
0.0811814
0.0789991
0.0768777
0.074877
0.0730757
0.0715887
0.0705631
0.0701879
0.0707421
0.0725588
0.0761103
0.0820057
0.0909594
0.104043
0.122381
0.147557
0.181536
0.226183
0.284552
0.358755
0.450362
0.562587
0.68637
0.80023
0.871792
0.802576
0.50622
-0.0943485
-0.593655
-1.06622
-1.67561
-2.50382
-3.55764
-4.81466
-6.1742
-7.51902
0.411383
0.401067
0.390899
0.380877
0.371008
0.361294
0.351744
0.342363
0.333154
0.324118
0.315259
0.306581
0.298087
0.289783
0.281673
0.273757
0.266038
0.258515
0.251193
0.244073
0.237156
0.230442
0.223931
0.217623
0.211517
0.205614
0.199915
0.194418
0.189122
0.184026
0.179128
0.174423
0.16991
0.165585
0.161446
0.157488
0.153708
0.150101
0.146662
0.143389
0.140272
0.137308
0.134488
0.131809
0.12926
0.126834
0.124522
0.122313
0.120198
0.118169
0.116214
0.114325
0.11249
0.110696
0.108927
0.107171
0.105415
0.103645
0.101845
0.100001
0.0980994
0.0961304
0.094084
0.0919548
0.0897402
0.0874491
0.0850981
0.0827224
0.0803757
0.0781417
0.0761396
0.0745223
0.0735333
0.073462
0.074739
0.0779012
0.0836332
0.0928999
0.1068
0.126826
0.154783
0.192542
0.242488
0.306315
0.38463
0.476898
0.574217
0.653094
0.681015
0.57815
0.284286
-0.108247
-0.415602
-0.698374
-1.15077
-1.89653
-2.96961
-4.49814
-6.10178
-7.73804
0.413651
0.40299
0.392486
0.382145
0.371967
0.361959
0.352125
0.342477
0.333015
0.323744
0.314663
0.30578
0.297101
0.288626
0.28036
0.272304
0.264461
0.256832
0.249419
0.242224
0.23525
0.228497
0.221964
0.215652
0.209561
0.203691
0.198043
0.192616
0.187409
0.18242
0.177646
0.173083
0.168729
0.164581
0.160635
0.156888
0.153335
0.149973
0.146797
0.143802
0.140982
0.138329
0.135837
0.133497
0.131301
0.129242
0.127308
0.125491
0.123779
0.122162
0.120629
0.119167
0.117764
0.116403
0.115066
0.113736
0.112393
0.111021
0.109596
0.108094
0.10649
0.104759
0.102878
0.100822
0.0985665
0.0960883
0.0933656
0.0903902
0.0871622
0.0836997
0.0800357
0.0762353
0.0724041
0.0686947
0.0653411
0.0626545
0.0610797
0.0611781
0.0636831
0.0694661
0.0795375
0.0950584
0.116974
0.146165
0.182196
0.222311
0.260182
0.27805
0.249686
0.125988
-0.146818
-0.54715
-0.94949
-1.31871
-1.77626
-2.46607
-3.4565
-4.73493
-6.18637
-7.68604
0.415359
0.404334
0.393475
0.38279
0.372285
0.361963
0.351831
0.341899
0.332173
0.32265
0.313336
0.304237
0.295358
0.286703
0.278272
0.270067
0.262092
0.254348
0.246837
0.239563
0.232529
0.225734
0.219179
0.212865
0.206789
0.200956
0.195363
0.190012
0.1849
0.180025
0.175384
0.170972
0.166787
0.162828
0.159088
0.155566
0.152259
0.149161
0.146268
0.143574
0.141072
0.138755
0.136616
0.134646
0.132837
0.131179
0.129661
0.128276
0.12701
0.125853
0.124792
0.123813
0.122898
0.12203
0.121189
0.120355
0.119504
0.118611
0.117647
0.116578
0.115369
0.113978
0.112363
0.110478
0.108269
0.105674
0.102627
0.0990597
0.0948967
0.0900628
0.0844749
0.0780563
0.070719
0.0624022
0.0530386
0.0425819
0.0310145
0.0183054
0.004495
-0.0104439
-0.026613
-0.0442316
-0.0642287
-0.0879244
-0.118723
-0.162336
-0.227033
-0.326599
-0.477204
-0.695817
-1.01691
-1.47897
-2.04378
-2.63764
-3.2549
-3.94345
-4.73694
-5.64519
-6.6463
-7.67842
0.416468
0.405054
0.393818
0.382767
0.37191
0.361254
0.350809
0.340579
0.330566
0.320777
0.311216
0.301888
0.292797
0.283947
0.27534
0.266977
0.25886
0.250991
0.243378
0.236021
0.228923
0.222084
0.215506
0.209188
0.203133
0.197338
0.191805
0.186534
0.181522
0.176769
0.172268
0.168018
0.164014
0.160254
0.156736
0.153456
0.150411
0.147598
0.14501
0.14264
0.14048
0.138525
0.136767
0.135198
0.13381
0.132591
0.131531
0.13062
0.129847
0.1292
0.128666
0.128227
0.127866
0.127564
0.127298
0.127048
0.126786
0.126485
0.126108
0.125613
0.124955
0.124079
0.122927
0.12143
0.119506
0.11706
0.113977
0.110126
0.105357
0.0994888
0.0923113
0.0835845
0.0730047
0.0602441
0.0448977
0.0264925
0.0044445
-0.0219912
-0.0536972
-0.0918888
-0.138086
-0.194519
-0.264066
-0.351025
-0.461984
-0.605588
-0.793007
-1.0392
-1.36054
-1.76532
-2.26955
-2.90158
-3.64625
-4.43911
-5.22076
-5.96582
-6.64962
-7.24366
-7.73398
-8.11483
0.416911
0.405093
0.393458
0.382018
0.370785
0.359775
0.348996
0.33845
0.328137
0.318066
0.308241
0.298667
0.28935
0.280291
0.271493
0.262959
0.254691
0.246694
0.238971
0.231524
0.224358
0.217473
0.21087
0.204551
0.198515
0.192762
0.187294
0.182107
0.177202
0.172574
0.168223
0.164144
0.160335
0.15679
0.153507
0.150486
0.147723
0.145215
0.142953
0.14093
0.139138
0.137572
0.136225
0.135089
0.134154
0.133412
0.13285
0.132458
0.132225
0.132139
0.132186
0.132351
0.132615
0.132957
0.133358
0.133794
0.134239
0.134662
0.135027
0.135285
0.135386
0.135268
0.134859
0.134078
0.132823
0.130975
0.128383
0.124867
0.120213
0.114156
0.106373
0.0964751
0.0839793
0.0682915
0.0486664
0.0241946
-0.00628223
-0.0442154
-0.0914995
-0.15054
-0.224534
-0.317794
-0.435738
-0.586599
-0.781364
-1.03231
-1.35347
-1.76488
-2.29026
-2.94404
-3.72918
-4.64308
-5.65002
-6.67089
-7.61484
-8.40485
-8.9773
-9.28268
-9.30119
-9.05176
0.416625
0.404363
0.392319
0.380482
0.36886
0.357475
0.346338
0.33545
0.324818
0.314445
0.304339
0.294504
0.284942
0.275659
0.266659
0.257945
0.249517
0.241379
0.233538
0.225997
0.218759
0.211824
0.205196
0.198873
0.192858
0.18715
0.181749
0.176651
0.171856
0.167362
0.163169
0.159273
0.155668
0.152353
0.149324
0.14658
0.144118
0.141934
0.140019
0.138367
0.13697
0.135821
0.134914
0.134241
0.133794
0.133563
0.133538
0.133707
0.13406
0.134586
0.135271
0.136102
0.137061
0.138131
0.13929
0.140519
0.141794
0.143084
0.144356
0.145563
0.146655
0.147572
0.148243
0.148583
0.148486
0.147824
0.146433
0.144112
0.140616
0.13564
0.128795
0.119599
0.107453
0.0915895
0.0710227
0.0444898
0.0103786
-0.0334206
-0.0896835
-0.16202
-0.25544
-0.376269
-0.533283
-0.739618
-1.01138
-1.36524
-1.82361
-2.42268
-3.20856
-4.21777
-5.4505
-6.85111
-8.30634
-9.6606
-10.7604
-11.4988
-11.8194
-11.7112
-11.201
-10.3436
0.415585
0.402862
0.390359
0.378084
0.366052
0.354277
0.34276
0.33151
0.320537
0.309847
0.299441
0.289324
0.279502
0.269979
0.260762
0.251853
0.243254
0.23497
0.227003
0.21936
0.212044
0.205058
0.198401
0.192075
0.18608
0.180417
0.175085
0.17008
0.165403
0.161051
0.157023
0.153318
0.149931
0.14686
0.144102
0.141654
0.139511
0.13767
0.136124
0.134866
0.133888
0.133183
0.132745
0.132566
0.132639
0.132953
0.1335
0.134269
0.135251
0.136435
0.13781
0.139365
0.141084
0.142953
0.144956
0.147075
0.149292
0.151584
0.15392
0.156266
0.158578
0.160806
0.162893
0.164766
0.166334
0.167485
0.168071
0.167907
0.166768
0.16436
0.160308
0.154137
0.145229
0.132789
0.115778
0.092811
0.0620858
0.0211351
-0.0332802
-0.105629
-0.202245
-0.331236
-0.505037
-0.742234
-1.06306
-1.48916
-2.06158
-2.85207
-3.94668
-5.39979
-7.19149
-9.20246
-11.2232
-13.0027
-14.2973
-14.9348
-14.8748
-14.2027
-13.0747
-11.6292
0.413721
0.400501
0.387516
0.37478
0.362311
0.350114
0.338195
0.326563
0.315227
0.304193
0.293466
0.28305
0.272949
0.263174
0.253725
0.244607
0.235824
0.22738
0.21928
0.211528
0.20413
0.197085
0.190398
0.184066
0.178091
0.172474
0.167211
0.162303
0.157749
0.153547
0.149696
0.146193
0.143036
0.140223
0.137751
0.135615
0.133811
0.132334
0.131177
0.130334
0.129799
0.129564
0.129623
0.129967
0.13059
0.131481
0.132633
0.134035
0.135682
0.137565
0.139673
0.142
0.144532
0.14726
0.150172
0.153256
0.156501
0.159894
0.163417
0.167048
0.170762
0.174526
0.178307
0.182056
0.185718
0.189215
0.192453
0.195302
0.197603
0.199145
0.19965
0.198749
0.195955
0.19063
0.181892
0.168577
0.1491
0.121187
0.0818189
0.0265046
-0.0510614
-0.159384
-0.31277
-0.532123
-0.837499
-1.25708
-1.85947
-2.76221
-4.09251
-5.90071
-8.12244
-10.5703
-12.97
-15.0277
-16.4586
-17.0406
-16.7381
-15.6609
-14.1326
-12.3487
0.410954
0.397211
0.383724
0.370504
0.357565
0.344921
0.332573
0.320533
0.308812
0.297414
0.286342
0.275603
0.265208
0.255159
0.245462
0.236122
0.227142
0.218527
0.210283
0.202414
0.194924
0.187817
0.181092
0.174751
0.168794
0.16322
0.15803
0.153224
0.148798
0.144755
0.141089
0.1378
0.134887
0.132346
0.130176
0.12837
0.126923
0.125831
0.125085
0.12468
0.124609
0.124867
0.125447
0.126343
0.127544
0.129041
0.130825
0.132891
0.135233
0.137844
0.140717
0.143848
0.147227
0.15085
0.154709
0.158801
0.163123
0.167674
0.172448
0.177442
0.18265
0.188071
0.193697
0.199521
0.205526
0.211699
0.218008
0.224409
0.230848
0.237238
0.243465
0.249363
0.25469
0.259112
0.262133
0.263064
0.260938
0.254248
0.240928
0.217676
0.179604
0.119759
0.0253226
-0.121584
-0.339206
-0.662086
-1.17683
-2.02232
-3.32554
-5.12804
-7.37458
-9.78524
-12.1249
-14.1355
-15.554
-16.173
-15.9546
-15.0328
-13.65
-12.0399
0.407229
0.392933
0.378914
0.365179
0.351744
0.338619
0.325815
0.313342
0.301209
0.289423
0.277986
0.266906
0.25619
0.245849
0.235887
0.226309
0.217118
0.208319
0.199919
0.191921
0.184331
0.17715
0.170383
0.164029
0.158087
0.152558
0.147442
0.142739
0.138449
0.134569
0.1311
0.128039
0.125383
0.123131
0.121277
0.119818
0.118748
0.118059
0.117746
0.117802
0.11822
0.118995
0.120122
0.121592
0.123396
0.125524
0.127968
0.130721
0.133781
0.137142
0.140799
0.144749
0.148989
0.153515
0.158329
0.163434
0.168833
0.174537
0.180556
0.186906
0.193603
0.200671
0.208133
0.216022
0.224377
0.23324
0.242656
0.252679
0.263364
0.27476
0.286932
0.29993
0.313797
0.328549
0.344144
0.360458
0.377269
0.39399
0.409794
0.42305
0.430872
0.428698
0.40794
0.354217
0.245197
0.045532
-0.318911
-0.946846
-1.96653
-3.40377
-5.20261
-7.17127
-9.10679
-10.8133
-12.1007
-12.8327
-12.9877
-12.6392
-11.9157
-10.9554
0.402489
0.387601
0.373015
0.358729
0.344762
0.331133
0.317848
0.304912
0.292337
0.280134
0.268309
0.256865
0.245811
0.235155
0.224908
0.215072
0.205653
0.196656
0.188086
0.179947
0.172247
0.164985
0.158165
0.151791
0.145862
0.140376
0.135337
0.130742
0.126591
0.122884
0.119621
0.116798
0.114415
0.112466
0.110946
0.109852
0.109176
0.108913
0.109056
0.109596
0.110528
0.111847
0.113546
0.115615
0.118046
0.120827
0.123953
0.127417
0.131213
0.135337
0.139786
0.144558
0.149653
0.155072
0.160818
0.166899
0.17333
0.180126
0.187312
0.194918
0.202981
0.211547
0.220674
0.230424
0.240874
0.252126
0.264285
0.277484
0.291874
0.307629
0.32494
0.344036
0.365155
0.388577
0.414572
0.443419
0.475374
0.510472
0.548605
0.589187
0.630276
0.668628
0.699236
0.706752
0.660412
0.529107
0.278758
-0.143477
-0.823611
-1.79118
-3.01118
-4.38607
-5.80545
-7.15742
-8.3301
-9.23881
-9.85386
-10.1756
-10.2273
-10.0464
0.396655
0.38114
0.365947
0.351077
0.336548
0.32238
0.308581
0.295156
0.282113
0.269466
0.257224
0.245388
0.23397
0.222981
0.212425
0.20231
0.192645
0.183432
0.174677
0.166386
0.158561
0.151208
0.144329
0.137927
0.132003
0.12656
0.121598
0.117114
0.11311
0.109585
0.106537
0.103966
0.101866
0.100234
0.0990667
0.0983566
0.0980982
0.0982838
0.098905
0.0999556
0.101429
0.10332
0.105618
0.108314
0.111396
0.114856
0.118685
0.122877
0.127425
0.132322
0.137563
0.143151
0.149083
0.15536
0.16199
0.168986
0.176363
0.184145
0.192362
0.201055
0.210272
0.220075
0.230537
0.241755
0.253835
0.266908
0.281122
0.29666
0.313724
0.332557
0.353429
0.376655
0.402565
0.431528
0.4639
0.500048
0.540271
0.584659
0.633012
0.684757
0.7375
0.787753
0.831027
0.849561
0.808707
0.682687
0.472118
0.160497
-0.295073
-0.892043
-1.62526
-2.50219
-3.51415
-4.61897
-5.75047
-6.84664
-7.85879
-8.74137
-9.45327
-9.9625
0.38966
0.373476
0.357638
0.342146
0.327022
0.312282
0.297932
0.283983
0.270443
0.257324
0.244631
0.232376
0.220569
0.20922
0.198331
0.187917
0.177984
0.168536
0.15958
0.151117
0.143156
0.135699
0.12875
0.122313
0.116392
0.110989
0.106103
0.101734
0.0978835
0.0945475
0.0917257
0.0894163
0.0876146
0.0863167
0.0855189
0.0852148
0.085397
0.0860567
0.0871857
0.0887761
0.0908222
0.0933147
0.0962416
0.099595
0.103361
0.107528
0.112086
0.117025
0.122338
0.128017
0.134056
0.14045
0.147196
0.154294
0.161751
0.169578
0.177794
0.18642
0.195489
0.205045
0.215139
0.225837
0.237223
0.249398
0.262483
0.276628
0.291999
0.308794
0.327229
0.347564
0.370074
0.395083
0.422915
0.453908
0.48835
0.526455
0.568311
0.613706
0.661954
0.711888
0.760497
0.803692
0.835748
0.841286
0.793455
0.67417
0.485123
0.222213
-0.113665
-0.509308
-0.993834
-1.60886
-2.42339
-3.40543
-4.53612
-5.7757
-7.07671
-8.38153
-9.61997
-10.7201
0.381429
0.364534
0.348007
0.33186
0.316101
0.300746
0.285814
0.271304
0.25723
0.2436
0.230429
0.217727
0.205501
0.193759
0.182515
0.171777
0.161553
0.15185
0.142671
0.134022
0.125907
0.118333
0.111302
0.104821
0.0988968
0.0935305
0.0887225
0.0844734
0.080779
0.0776392
0.0750527
0.0730172
0.0715282
0.070583
0.0701761
0.0703014
0.0709501
0.0721136
0.0737826
0.0759478
0.078601
0.0817317
0.0853268
0.0893746
0.0938622
0.0987733
0.104093
0.109809
0.115912
0.12239
0.129233
0.136431
0.143978
0.151867
0.160098
0.16868
0.177623
0.186946
0.196679
0.206854
0.217519
0.228738
0.24058
0.253151
0.266564
0.280959
0.296494
0.313358
0.331762
0.35194
0.374143
0.398638
0.425676
0.455485
0.488242
0.52396
0.562479
0.603252
0.645168
0.686442
0.723979
0.753193
0.767413
0.756351
0.704937
0.599737
0.433892
0.205767
-0.0757509
-0.405527
-0.805683
-1.31783
-2.24271
-3.14765
-4.27845
-5.61803
-7.12415
-8.74789
-10.4198
-12.0565
0.371888
0.354232
0.33698
0.320126
0.303688
0.287687
0.272128
0.25702
0.24237
0.228197
0.214513
0.201327
0.188645
0.176483
0.164856
0.153769
0.143228
0.133243
0.123821
0.114962
0.106677
0.0989704
0.0918488
0.0853184
0.079383
0.0740494
0.0693162
0.0651844
0.0616531
0.0587175
0.0563761
0.0546263
0.0534662
0.0528916
0.0528986
0.0534803
0.0546282
0.0563299
0.0585755
0.0613556
0.0646582
0.0684701
0.0727798
0.0775705
0.0828259
0.088527
0.0946546
0.101194
0.108124
0.115432
0.123103
0.131122
0.139471
0.148137
0.157111
0.166386
0.175966
0.185862
0.196089
0.206661
0.217614
0.228989
0.240846
0.253263
0.266337
0.280182
0.294922
0.310711
0.327714
0.346127
0.366148
0.387983
0.411785
0.43767
0.465652
0.495586
0.527113
0.559455
0.591303
0.620549
0.644178
0.657528
0.654152
0.627039
0.568268
0.4672
0.311727
0.0961261
-0.183582
-0.538082
-0.992725
-1.58905
-2.37314
-3.33131
-4.50378
-5.95301
-7.59447
-9.44486
-11.4506
-13.5273
0.360946
0.342491
0.324462
0.30686
0.289698
0.272994
0.256767
0.241017
0.225758
0.211002
0.196764
0.183054
0.169885
0.157274
0.145229
0.13376
0.122875
0.112584
0.10289
0.0938024
0.0853291
0.0774752
0.0702479
0.0636521
0.0576975
0.0523893
0.0477297
0.0437188
0.0403515
0.0376253
0.0355383
0.0340879
0.0332732
0.0330939
0.0335402
0.0346085
0.036288
0.0385675
0.0414347
0.0448764
0.048879
0.053427
0.058503
0.0640935
0.0701787
0.0767343
0.0837351
0.0911556
0.0989758
0.107171
0.11572
0.124602
0.133787
0.143249
0.152965
0.162919
0.173093
0.183478
0.194073
0.204875
0.215888
0.227127
0.238617
0.250404
0.262544
0.275106
0.288177
0.301852
0.316237
0.331444
0.347592
0.364796
0.383125
0.40259
0.423077
0.444318
0.465788
0.486602
0.505388
0.520085
0.527819
0.52441
0.504571
0.462864
0.393728
0.287916
0.133267
-0.081235
-0.370505
-0.754359
-1.25415
-1.89439
-2.70091
-3.69391
-4.90123
-6.3521
-8.05204
-9.99307
-12.135
-14.3942
0.348524
0.329219
0.310364
0.291964
0.274025
0.256576
0.239627
0.223187
0.20727
0.191888
0.177057
0.162787
0.149095
0.135995
0.123498
0.111612
0.100352
0.0897225
0.079736
0.0703964
0.0617121
0.0536909
0.0463397
0.0396672
0.0336827
0.0283951
0.0238033
0.019907
0.0167052
0.0141962
0.0123738
0.0112366
0.0107898
0.0110264
0.0119424
0.0135296
0.0157796
0.0186811
0.0222176
0.0263744
0.0311346
0.0364813
0.0423972
0.0488603
0.0558501
0.0633397
0.0712984
0.0796906
0.0884889
0.0976646
0.107185
0.117013
0.127112
0.137438
0.147958
0.158627
0.169411
0.180281
0.191204
0.202147
0.213083
0.223985
0.234844
0.245651
0.256405
0.26711
0.277782
0.288446
0.299122
0.309848
0.320628
0.331449
0.342256
0.35293
0.363242
0.37282
0.381029
0.386909
0.389075
0.385604
0.373776
0.350132
0.310587
0.250659
0.164723
0.0447898
-0.118434
-0.338238
-0.633842
-1.02759
-1.54094
-2.19538
-3.01044
-4.00095
-5.18518
-6.58354
-8.20525
-10.0424
-12.0607
-14.1849
0.334532
0.31432
0.294585
0.275329
0.256566
0.238317
0.220599
0.203422
0.186796
0.170739
0.155269
0.140396
0.126138
0.112509
0.0995203
0.087187
0.0755139
0.0645149
0.0542016
0.0445814
0.0356619
0.0274517
0.019962
0.0131977
0.00716958
0.00188836
-0.00264298
-0.00642675
-0.00946174
-0.0117514
-0.0133003
-0.0141047
-0.014167
-0.0134893
-0.012075
-0.009931
-0.00706811
-0.00349722
0.000762956
0.00569415
0.011279
0.0175003
0.0243351
0.0317614
0.0397508
0.0482745
0.0572955
0.0667763
0.0766783
0.0869594
0.0975764
0.108486
0.119634
0.13096
0.142407
0.153914
0.165423
0.176871
0.188195
0.199321
0.210182
0.220701
0.230816
0.240456
0.249555
0.258038
0.265829
0.272837
0.278977
0.284147
0.288232
0.291073
0.292453
0.292077
0.289526
0.284241
0.27545
0.26208
0.242667
0.215312
0.177392
0.125766
0.0570153
-0.0329893
-0.150518
-0.303064
-0.498139
-0.746584
-1.06529
-1.47377
-1.99209
-2.63966
-3.43183
-4.37694
-5.47819
-6.74076
-8.1618
-9.72368
-11.3879
-13.0882
0.318877
0.297704
0.277026
0.256859
0.237212
0.218107
0.199559
0.181593
0.16421
0.147432
0.131269
0.115748
0.10088
0.0866768
0.073158
0.0603288
0.048205
0.0368022
0.0261301
0.0161992
0.00701454
-0.00141131
-0.00906569
-0.0159433
-0.022029
-0.0273143
-0.0317981
-0.0354768
-0.0383477
-0.0404159
-0.0416784
-0.0421397
-0.0417987
-0.040655
-0.0387069
-0.0359666
-0.0324465
-0.0281572
-0.0231153
-0.0173422
-0.0108566
-0.00367721
0.00417218
0.0126649
0.0217693
0.0314507
0.0416689
0.0523785
0.0635354
0.0750865
0.0869825
0.0991561
0.111545
0.124074
0.13666
0.149219
0.161664
0.173902
0.185831
0.197342
0.208308
0.218607
0.228098
0.236634
0.244058
0.250204
0.254887
0.257899
0.259009
0.257932
0.25436
0.247923
0.238198
0.22463
0.206554
0.183099
0.153218
0.11552
0.0682732
0.00931279
-0.064057
-0.155114
-0.267418
-0.405334
-0.575283
-0.784866
-1.04192
-1.35513
-1.73528
-2.19539
-2.74922
-3.40891
-4.18275
-5.07275
-6.07294
-7.16924
-8.34231
-9.56353
-10.7892
-11.9617
0.30146
0.279266
0.257588
0.236442
0.21585
0.195826
0.176403
0.157583
0.139385
0.121826
0.104929
0.0887097
0.0731781
0.0583549
0.0442506
0.0308844
0.0182656
0.00641903
-0.00464816
-0.0149311
-0.0244119
-0.0330812
-0.0409286
-0.0479421
-0.0541091
-0.0594188
-0.0638676
-0.067449
-0.0701639
-0.0720083
-0.0729825
-0.0730894
-0.0723255
-0.0706875
-0.0681744
-0.0648007
-0.0605782
-0.0555177
-0.0496332
-0.0429439
-0.0354738
-0.0272429
-0.0182721
-0.00859192
0.00176061
0.0127477
0.0243239
0.0364399
0.0490426
0.0620739
0.0754638
0.0891461
0.103035
0.117041
0.131062
0.144987
0.158703
0.172079
0.184974
0.197227
0.208667
0.219108
0.228338
0.236128
0.242211
0.246301
0.248064
0.24714
0.243132
0.235546
0.223843
0.207344
0.185329
0.156859
0.120899
0.0761032
0.0209334
-0.0465463
-0.128622
-0.228105
-0.348261
-0.493018
-0.666659
-0.874465
-1.12268
-1.41859
-1.76999
-2.18421
-2.66796
-3.22717
-3.86666
-4.58869
-5.39084
-6.26332
-7.18919
-8.14387
-9.09535
-10.0065
-10.8329
-11.5246
0.282183
0.258902
0.236158
0.213972
0.192364
0.171367
0.150996
0.131269
0.112198
0.0938014
0.0761103
0.0591315
0.0428829
0.027381
0.0126457
-0.00131037
-0.0144643
-0.0268013
-0.0383181
-0.0489885
-0.0588074
-0.0677576
-0.0758299
-0.0830083
-0.089281
-0.0946373
-0.0990704
-0.102569
-0.105136
-0.106761
-0.107448
-0.107193
-0.105988
-0.103831
-0.100728
-0.096687
-0.0917171
-0.0858311
-0.0790381
-0.0713594
-0.0628184
-0.0534328
-0.0432261
-0.0322288
-0.0204815
-0.00802453
0.00509275
0.0188195
0.0330957
0.0478519
0.0630129
0.0784976
0.0942132
0.110049
0.125886
0.141596
0.157032
0.172036
0.186416
0.199977
0.212485
0.223691
0.233301
0.240999
0.246411
0.249119
0.248642
0.244431
0.235853
0.222169
0.20253
0.175923
0.141176
0.0968959
0.0414056
-0.0272406
-0.111389
-0.213881
-0.338019
-0.487717
-0.667528
-0.882617
-1.13886
-1.44276
-1.8012
-2.22098
-2.70864
-3.26922
-3.90531
-4.61637
-5.39695
-6.23701
-7.12087
-8.02678
-8.9254
-9.78087
-10.5547
-11.2055
-11.6953
-11.9878
0.260944
0.236497
0.21262
0.189333
0.166653
0.14461
0.123229
0.102518
0.0825075
0.0632194
0.0446673
0.0268644
0.00983466
-0.00639454
-0.0218167
-0.0364163
-0.0501629
-0.0630477
-0.0750554
-0.0861687
-0.0963704
-0.105642
-0.113974
-0.121354
-0.127767
-0.133198
-0.137636
-0.141078
-0.143511
-0.14493
-0.145332
-0.14471
-0.143055
-0.140369
-0.136653
-0.13191
-0.126152
-0.119388
-0.111625
-0.102882
-0.0931779
-0.0825326
-0.0709716
-0.0585229
-0.0452242
-0.0311224
-0.0162646
-0.0007047
0.015494
0.0322577
0.0495023
0.067135
0.0850528
0.10314
0.121265
0.139276
0.157004
0.174255
0.190805
0.206408
0.22079
0.233643
0.244595
0.253235
0.259073
0.261552
0.260023
0.253757
0.241874
0.223344
0.196946
0.161235
0.114491
0.0547049
-0.0205778
-0.114271
-0.229881
-0.37153
-0.544139
-0.753629
-1.00682
-1.31121
-1.67518
-2.10728
-2.61581
-3.2078
-3.88823
-4.6585
-5.51526
-6.44938
-7.44357
-8.47198
-9.50123
-10.4916
-11.3989
-12.1791
-12.7904
-13.1962
-13.3676
-13.2879
0.237641
0.211962
0.186874
0.162406
0.138582
0.115427
0.0929557
0.0712094
0.050192
0.0299299
0.0104483
-0.00824095
-0.0261054
-0.0431315
-0.0593084
-0.0746146
-0.0890188
-0.102509
-0.115065
-0.126669
-0.1373
-0.146944
-0.155592
-0.163215
-0.169804
-0.175346
-0.179827
-0.183237
-0.185559
-0.18679
-0.186918
-0.185934
-0.183829
-0.180605
-0.176258
-0.170791
-0.16421
-0.15652
-0.147731
-0.13785
-0.126895
-0.114891
-0.101854
-0.087814
-0.0728072
-0.056878
-0.0400736
-0.0224438
-0.00405556
0.0150168
0.0346846
0.0548507
0.0754003
0.0962146
0.117151
0.138055
0.158737
0.178971
0.198517
0.217084
0.234353
0.249958
0.263477
0.274415
0.282177
0.286078
0.285304
0.278928
0.26582
0.244642
0.213788
0.171312
0.114899
0.0417023
-0.0516377
-0.16931
-0.316355
-0.498824
-0.724199
-1.00127
-1.34055
-1.75349
-2.25229
-2.8486
-3.55286
-4.37302
-5.31321
-6.37157
-7.53698
-8.78791
-10.0903
-11.3987
-12.6558
-13.7981
-14.7618
-15.4886
-15.9349
-16.0734
-15.8956
-15.4115
0.212168
0.185177
0.158813
0.133089
0.108035
0.0836796
0.0600655
0.0371962
0.0150956
-0.00620828
-0.0266955
-0.046332
-0.0651033
-0.0830019
-0.100013
-0.116089
-0.131213
-0.145373
-0.158544
-0.170705
-0.181828
-0.191907
-0.200912
-0.20883
-0.215647
-0.221344
-0.225912
-0.229323
-0.23157
-0.232639
-0.232515
-0.231183
-0.228639
-0.22488
-0.219897
-0.213691
-0.206261
-0.197614
-0.187746
-0.176664
-0.164385
-0.150922
-0.136293
-0.120531
-0.103664
-0.0857269
-0.0667685
-0.0468348
-0.0259858
-0.00429597
0.0181481
0.0412453
0.0648825
0.0889343
0.11326
0.137701
0.162051
0.186089
0.209539
0.232098
0.253425
0.273105
0.290673
0.305561
0.317103
0.324499
0.326816
0.322939
0.311513
0.290914
0.259147
0.213816
0.151912
0.0697489
-0.0371889
-0.174449
-0.349038
-0.569527
-0.846879
-1.19428
-1.62716
-2.16195
-2.81484
-3.60128
-4.53461
-5.6254
-6.87961
-8.29285
-9.84807
-11.5087
-13.2192
-14.9047
-16.4771
-17.8431
-18.9137
-19.6176
-19.9085
-19.77
-19.2167
-18.2898
0.184425
0.156042
0.128309
0.101251
0.0748867
0.0492648
0.024412
0.000344561
-0.0229173
-0.0453455
-0.0669068
-0.0875802
-0.107345
-0.126198
-0.144102
-0.161028
-0.176945
-0.191843
-0.205705
-0.21849
-0.230175
-0.240744
-0.25018
-0.258462
-0.265566
-0.271476
-0.276172
-0.279636
-0.281853
-0.282803
-0.282459
-0.280804
-0.277842
-0.273563
-0.267958
-0.261011
-0.252722
-0.24309
-0.232107
-0.219781
-0.206114
-0.191114
-0.174802
-0.157199
-0.138329
-0.118223
-0.0969181
-0.0744567
-0.050891
-0.0262858
-0.000722081
0.0257015
0.0528753
0.0806784
0.108975
0.137605
0.166374
0.195057
0.22338
0.251034
0.277648
0.302819
0.326046
0.346725
0.364151
0.377445
0.385595
0.387354
0.38121
0.365307
0.337325
0.294497
0.233234
0.149088
0.0363986
-0.111872
-0.304753
-0.553778
-0.873911
-1.28344
-1.80272
-2.45102
-3.24639
-4.20677
-5.35135
-6.69844
-8.26019
-10.0364
-12.0048
-14.114
-16.2814
-18.3971
-20.3343
-21.9639
-23.1705
-23.8728
-24.026
-23.6298
-22.7256
-21.3841
0.1543
0.124427
0.0952479
0.066763
0.0390154
0.0120438
-0.0141343
-0.0394867
-0.0639993
-0.087633
-0.11036
-0.132151
-0.153003
-0.172886
-0.191774
-0.209627
-0.226422
-0.242147
-0.256768
-0.270252
-0.282569
-0.293716
-0.303657
-0.312373
-0.319835
-0.326023
-0.330912
-0.33449
-0.336738
-0.337619
-0.3371
-0.33517
-0.331827
-0.327062
-0.320858
-0.313183
-0.304038
-0.293418
-0.281311
-0.267711
-0.252615
-0.236025
-0.217953
-0.198415
-0.177429
-0.155016
-0.131202
-0.106018
-0.0795072
-0.0517208
-0.0227302
0.00737899
0.0385054
0.0705397
0.103356
0.136806
0.170714
0.204862
0.238993
0.272802
0.305941
0.338006
0.368496
0.396821
0.422262
0.443941
0.460801
0.471563
0.474639
0.46803
0.449292
0.415357
0.362319
0.285224
0.177538
0.0310387
-0.16496
-0.42473
-0.766843
-1.21309
-1.7832
-2.49366
-3.36049
-4.40706
-5.66468
-7.16784
-8.94202
-10.9928
-13.2931
-15.7739
-18.3283
-20.8123
-23.0686
-24.927
-26.2538
-26.9633
-27.0174
-26.4341
-25.2807
-23.6524
0.121693
0.0902489
0.059509
0.0295098
0.000285845
-0.0281283
-0.0557046
-0.0824406
-0.108293
-0.133235
-0.157215
-0.180231
-0.202252
-0.223257
-0.243214
-0.262084
-0.27985
-0.296485
-0.31196
-0.326224
-0.339272
-0.351082
-0.361617
-0.370844
-0.378744
-0.385284
-0.390449
-0.394218
-0.396557
-0.397434
-0.396812
-0.394675
-0.391011
-0.385809
-0.379038
-0.370676
-0.360711
-0.349125
-0.335903
-0.321029
-0.304492
-0.286286
-0.266414
-0.244881
-0.221695
-0.196872
-0.170423
-0.142365
-0.112727
-0.0815444
-0.0488713
-0.0147797
0.0206481
0.0573182
0.0951252
0.133942
0.173616
0.213952
0.25472
0.295647
0.336409
0.376625
0.415841
0.453498
0.488906
0.521231
0.549448
0.572328
0.58831
0.595414
0.59121
0.57257
0.535582
0.475057
0.384302
0.254557
0.074222
-0.172414
-0.505542
-0.943629
-1.49778
-2.17691
-3.00032
-4.00573
-5.24503
-6.7672
-8.60435
-10.7574
-13.1895
-15.8189
-18.5218
-21.1455
-23.588
-25.5397
-26.9077
-27.6248
-27.6554
-27.0272
-25.8141
-24.1315
0.0864889
0.0533632
0.0209784
-0.0106271
-0.0414247
-0.0713757
-0.100473
-0.128677
-0.155968
-0.182301
-0.207652
-0.231982
-0.255274
-0.277497
-0.298613
-0.318603
-0.337439
-0.355088
-0.371497
-0.386649
-0.400535
-0.413102
-0.424319
-0.434167
-0.442601
-0.449589
-0.455119
-0.459165
-0.46169
-0.462646
-0.462002
-0.45974
-0.455832
-0.45026
-0.442998
-0.434013
-0.423277
-0.410769
-0.39647
-0.380356
-0.362404
-0.342597
-0.320925
-0.297382
-0.271965
-0.244676
-0.215515
-0.184486
-0.151601
-0.116876
-0.0803446
-0.0420565
-0.00207259
0.0395352
0.0826872
0.127285
0.173204
0.220289
0.268345
0.317135
0.366381
0.415745
0.464824
0.513116
0.560004
0.604738
0.646384
0.683792
0.715493
0.739674
0.754044
0.755646
0.740768
0.704459
0.640319
0.539832
0.39156
0.179923
-0.112081
-0.493582
-0.965596
-1.53886
-2.24998
-3.15474
-4.30817
-5.74985
-7.49822
-9.54597
-11.8532
-14.3427
-16.8983
-19.3766
-21.6293
-23.4887
-24.8279
-25.5629
-25.6654
-25.1606
-24.1182
-22.6455
0.0485541
0.0136516
-0.0204624
-0.0537677
-0.0862389
-0.117847
-0.148566
-0.178355
-0.207184
-0.235017
-0.261818
-0.28758
-0.312246
-0.335789
-0.358181
-0.379403
-0.399416
-0.418165
-0.435626
-0.45179
-0.466609
-0.480036
-0.492051
-0.502627
-0.511705
-0.519256
-0.525267
-0.529691
-0.532494
-0.533637
-0.533079
-0.530796
-0.526748
-0.520907
-0.513241
-0.503716
-0.492296
-0.478953
-0.463656
-0.446371
-0.427067
-0.405716
-0.382291
-0.356772
-0.329149
-0.299405
-0.267525
-0.233501
-0.197323
-0.158991
-0.118516
-0.0759184
-0.0312387
0.0154802
0.064187
0.114814
0.167272
0.22145
0.277192
0.334309
0.392573
0.451703
0.511347
0.571077
0.630359
0.688524
0.744746
0.797985
0.846915
0.889881
0.924783
0.948909
0.958813
0.949954
0.916419
0.850387
0.741097
0.574394
0.339035
0.0329866
-0.348429
-0.833511
-1.47062
-2.30167
-3.35629
-4.64693
-6.17901
-7.94681
-9.92101
-12.0405
-14.2117
-16.3259
-18.2607
-19.8884
-21.1042
-21.8374
-22.0584
-21.7801
-21.0554
-19.9572
0.00779804
-0.028979
-0.0649397
-0.100065
-0.134328
-0.167692
-0.200124
-0.231605
-0.262087
-0.291527
-0.319917
-0.347204
-0.373352
-0.398339
-0.422131
-0.444694
-0.465982
-0.485959
-0.504606
-0.521887
-0.537747
-0.55216
-0.565108
-0.576532
-0.58637
-0.594603
-0.601216
-0.606148
-0.609364
-0.610816
-0.610472
-0.608292
-0.60423
-0.598245
-0.5903
-0.580355
-0.56837
-0.554304
-0.538123
-0.519778
-0.499233
-0.476441
-0.451364
-0.423969
-0.394224
-0.362102
-0.327576
-0.290616
-0.251197
-0.209292
-0.164891
-0.117994
-0.0686081
-0.0167477
0.037561
0.0942839
0.15337
0.214742
0.278295
0.343888
0.411339
0.480422
0.550844
0.622242
0.694141
0.765952
0.836935
0.906131
0.972329
1.03398
1.0891
1.13513
1.16879
1.18578
1.18041
1.14536
1.07016
0.942006
0.752498
0.496141
0.153379
-0.312154
-0.927034
-1.70169
-2.63507
-3.73407
-5.00652
-6.45212
-8.04986
-9.75497
-11.5051
-13.2204
-14.8092
-16.1802
-17.2543
-17.9743
-18.3121
-18.2714
-17.8787
-17.1715
-0.0358895
-0.0746581
-0.112588
-0.149654
-0.185822
-0.221044
-0.255311
-0.288589
-0.320831
-0.352011
-0.382094
-0.411032
-0.43879
-0.465346
-0.490657
-0.514672
-0.537362
-0.55871
-0.578667
-0.597179
-0.614225
-0.629773
-0.643776
-0.656168
-0.666914
-0.675981
-0.683327
-0.688909
-0.692679
-0.694597
-0.694612
-0.692683
-0.688757
-0.682784
-0.674716
-0.664508
-0.652111
-0.63748
-0.620566
-0.601317
-0.579683
-0.55561
-0.529039
-0.499922
-0.468216
-0.433876
-0.396854
-0.357108
-0.314592
-0.269266
-0.221087
-0.170031
-0.116076
-0.0592152
0.000559678
0.0632451
0.128821
0.197253
0.268467
0.342363
0.418809
0.497623
0.578559
0.661292
0.745408
0.830362
0.915446
0.999747
1.08208
1.16093
1.23431
1.29966
1.35365
1.39189
1.40864
1.39644
1.34455
1.24051
1.07416
0.830998
0.485301
0.0171175
-0.569548
-1.26833
-2.07901
-3.01401
-4.08293
-5.28243
-6.59414
-7.98673
-9.41614
-10.8241
-12.1467
-13.3213
-14.2888
-15.0035
-15.4413
-15.596
-15.4704
-15.0854
-0.0826454
-0.123515
-0.163531
-0.202649
-0.240822
-0.278032
-0.314269
-0.349468
-0.3836
-0.416623
-0.448524
-0.479244
-0.508744
-0.536986
-0.563929
-0.589535
-0.613792
-0.636642
-0.65803
-0.677939
-0.696324
-0.713131
-0.72832
-0.741847
-0.753659
-0.76371
-0.771954
-0.778347
-0.782842
-0.785388
-0.785937
-0.784433
-0.780823
-0.775045
-0.767044
-0.756764
-0.744149
-0.729146
-0.711698
-0.691749
-0.669235
-0.644087
-0.616239
-0.585624
-0.552181
-0.515852
-0.476575
-0.434292
-0.388937
-0.340446
-0.288759
-0.233824
-0.175595
-0.114037
-0.0491176
0.0191867
0.0908895
0.165979
0.244423
0.326151
0.411067
0.499015
0.589779
0.683067
0.778487
0.875512
0.973434
1.07135
1.16804
1.26191
1.35092
1.43238
1.50279
1.55753
1.59065
1.59425
1.55736
1.4675
1.31105
1.06869
0.722693
0.273967
-0.264125
-0.891442
-1.61892
-2.45704
-3.40786
-4.46295
-5.60596
-6.81236
-8.04907
-9.27534
-10.4471
-11.5158
-12.4366
-13.1732
-13.7021
-14.0082
-14.0854
-13.9473
-0.132583
-0.175688
-0.217888
-0.259159
-0.299474
-0.338817
-0.37713
-0.414386
-0.45053
-0.485546
-0.519383
-0.552
-0.58336
-0.61343
-0.642168
-0.669532
-0.695481
-0.719971
-0.742956
-0.7644
-0.784262
-0.802494
-0.819043
-0.833867
-0.846909
-0.858118
-0.86744
-0.874829
-0.880236
-0.883604
-0.88488
-0.884004
-0.880917
-0.875547
-0.86783
-0.857704
-0.845104
-0.82997
-0.812239
-0.791841
-0.768703
-0.74275
-0.713899
-0.682075
-0.647197
-0.609191
-0.567982
-0.523498
-0.475654
-0.424369
-0.369564
-0.311165
-0.249102
-0.183317
-0.113754
-0.0403666
0.0368752
0.117992
0.20298
0.291793
0.384344
0.480511
0.580088
0.682789
0.78822
0.895848
1.00497
1.11462
1.22356
1.33012
1.43213
1.52677
1.61039
1.6782
1.72408
1.73995
1.71518
1.63712
1.48961
1.25508
0.926478
0.510881
0.0133691
-0.573375
-1.2599
-2.04922
-2.93728
-3.91571
-4.9713
-6.08542
-7.23294
-8.38231
-9.49676
-10.5385
-11.4705
-12.2616
-12.8862
-13.3251
-13.5702
-13.6246
-0.185813
-0.231253
-0.275777
-0.319351
-0.361946
-0.403527
-0.444053
-0.483483
-0.521775
-0.558897
-0.594811
-0.629477
-0.662853
-0.694898
-0.725574
-0.754834
-0.782631
-0.808921
-0.833659
-0.856804
-0.878312
-0.898134
-0.91622
-0.932516
-0.946973
-0.959529
-0.970128
-0.97872
-0.985247
-0.989649
-0.991868
-0.991847
-0.989516
-0.984797
-0.977616
-0.967904
-0.955593
-0.940612
-0.922887
-0.902343
-0.878899
-0.852465
-0.822952
-0.790268
-0.754328
-0.715037
-0.67231
-0.626053
-0.576177
-0.522581
-0.465166
-0.403843
-0.338526
-0.26913
-0.19559
-0.117839
-0.0358282
0.0504776
0.141088
0.235978
0.335076
0.438261
0.545337
0.656012
0.769876
0.886386
1.0048
1.12414
1.24309
1.35994
1.47245
1.57774
1.67207
1.75065
1.80734
1.83428
1.82161
1.75634
1.6219
1.40384
1.09778
0.70647
0.229205
-0.339587
-1.00466
-1.7663
-2.62217
-3.56699
-4.59089
-5.67792
-6.80594
-7.94782
-9.07248
-10.1467
-11.1377
-12.0158
-12.7538
-13.3306
-13.7348
-13.9606
-0.242449
-0.29036
-0.337338
-0.383341
-0.428338
-0.472293
-0.515162
-0.556903
-0.597479
-0.636853
-0.67499
-0.71185
-0.747388
-0.781563
-0.814328
-0.845636
-0.875443
-0.903697
-0.930357
-0.955379
-0.978713
-1.00031
-1.02012
-1.03808
-1.05415
-1.06826
-1.08035
-1.09036
-1.09824
-1.10391
-1.10733
-1.10841
-1.10708
-1.10329
-1.09692
-1.08793
-1.07622
-1.06171
-1.04432
-1.02398
-1.0006
-0.974068
-0.94429
-0.91117
-0.874609
-0.834499
-0.790745
-0.743243
-0.691885
-0.63656
-0.57716
-0.513575
-0.445709
-0.373466
-0.296765
-0.215531
-0.129697
-0.0392279
0.0558936
0.155654
0.25999
0.368772
0.481791
0.598756
0.719235
0.842659
0.968268
1.09504
1.22163
1.3463
1.46678
1.58018
1.68282
1.77001
1.83578
1.87279
1.87178
1.82006
1.70182
1.50243
1.21345
0.833112
0.362231
-0.199578
-0.855293
-1.6086
-2.46147
-3.41077
-4.44717
-5.55576
-6.71661
-7.90521
-9.09304
-10.2497
-11.3444
-12.346
-13.2262
-13.9619
-14.5362
-14.9346
-0.302612
-0.353126
-0.402688
-0.451251
-0.498782
-0.545245
-0.590594
-0.63479
-0.677792
-0.719568
-0.760078
-0.799282
-0.837133
-0.873589
-0.908604
-0.942127
-0.97411
-1.00451
-1.03327
-1.06035
-1.08569
-1.10926
-1.13099
-1.15084
-1.16873
-1.18461
-1.19842
-1.21009
-1.21956
-1.22677
-1.23164
-1.2341
-1.23408
-1.2315
-1.22627
-1.21831
-1.20755
-1.19388
-1.17722
-1.15748
-1.13456
-1.10836
-1.07878
-1.0457
-1.00902
-0.968628
-0.924415
-0.876266
-0.824067
-0.767695
-0.707033
-0.641965
-0.572375
-0.498168
-0.419251
-0.335546
-0.246989
-0.153538
-0.0551727
0.0480755
0.156148
0.268909
0.386141
0.507519
0.632595
0.760768
0.891237
1.02297
1.15459
1.28436
1.41002
1.52871
1.63684
1.72987
1.80216
1.84683
1.85514
1.81533
1.71226
1.5291
1.25179
0.874845
0.400959
-0.167432
-0.834217
-1.60657
-2.48846
-3.47742
-4.56486
-5.73702
-6.9755
-8.25735
-9.55582
-10.8413
-12.0824
-13.2466
-14.3032
-15.2254
-15.9896
-16.5742
-0.366417
-0.419668
-0.471947
-0.523201
-0.573403
-0.622512
-0.670487
-0.717283
-0.762861
-0.807188
-0.850225
-0.891926
-0.932247
-0.971146
-1.00858
-1.04448
-1.07882
-1.11154
-1.14259
-1.17192
-1.19948
-1.22522
-1.24909
-1.27103
-1.29097
-1.30887
-1.32464
-1.33823
-1.34956
-1.35857
-1.36518
-1.36932
-1.37092
-1.36988
-1.36613
-1.35957
-1.35012
-1.33769
-1.32218
-1.30348
-1.28149
-1.25612
-1.22724
-1.19474
-1.15851
-1.11844
-1.0744
-1.02628
-0.973961
-0.917307
-0.856199
-0.790514
-0.720132
-0.644955
-0.56489
-0.479852
-0.389793
-0.294667
-0.19447
-0.0892354
0.0209386
0.135915
0.255455
0.379207
0.506693
0.637284
0.77014
0.904174
1.03802
1.16989
1.29758
1.41826
1.52846
1.62379
1.69889
1.74717
1.7604
1.72787
1.63522
1.46402
1.1955
0.818953
0.334152
-0.257063
-0.958269
-1.77627
-2.7149
-3.77229
-4.94111
-6.2094
-7.5605
-8.97289
-10.4208
-11.8749
-13.3026
-14.6693
-15.9409
-17.0861
-18.074
-18.8754
-0.433976
-0.4901
-0.545231
-0.599315
-0.652325
-0.704224
-0.754969
-0.804513
-0.852822
-0.899856
-0.945573
-0.989932
-1.03289
-1.0744
-1.11441
-1.15288
-1.18975
-1.22498
-1.25851
-1.29029
-1.32027
-1.3484
-1.37463
-1.39889
-1.42113
-1.44128
-1.45928
-1.47505
-1.48852
-1.49963
-1.5083
-1.51444
-1.51799
-1.51884
-1.51694
-1.51217
-1.50445
-1.49368
-1.47975
-1.46258
-1.44204
-1.41802
-1.39041
-1.35909
-1.32395
-1.28486
-1.2417
-1.19435
-1.14269
-1.08659
-1.02593
-0.960577
-0.890431
-0.815384
-0.73533
-0.650211
-0.559968
-0.464588
-0.36407
-0.258483
-0.147929
-0.0325877
0.0872628
0.211256
0.338865
0.469423
0.602056
0.735627
0.868726
0.999563
1.12591
1.245
1.35339
1.44686
1.52024
1.56714
1.57969
1.54807
1.45909
1.29453
1.03304
0.657397
0.159784
-0.461716
-1.20966
-2.08808
-3.09934
-4.2419
-5.51028
-6.89487
-8.38119
-9.95008
-11.5772
-13.2335
-14.8853
-16.4955
-18.0261
-19.4396
-20.696
-21.7577
-0.505395
-0.564531
-0.622657
-0.679711
-0.735674
-0.790509
-0.844168
-0.896617
-0.947811
-0.997705
-1.04626
-1.09345
-1.13921
-1.1835
-1.22627
-1.26747
-1.30706
-1.34499
-1.3812
-1.41564
-1.44826
-1.47901
-1.50783
-1.53466
-1.55944
-1.5821
-1.60259
-1.62082
-1.63674
-1.65026
-1.6613
-1.66979
-1.67564
-1.67878
-1.67911
-1.67653
-1.67097
-1.66232
-1.65047
-1.63532
-1.61676
-1.59467
-1.56894
-1.53944
-1.50605
-1.46867
-1.42716
-1.38139
-1.33124
-1.2766
-1.21734
-1.15334
-1.08451
-1.01074
-0.931936
-0.84805
-0.75904
-0.664894
-0.565648
-0.461397
-0.352285
-0.238515
-0.120389
0.00166568
0.127073
0.255133
0.384909
0.51522
0.644588
0.771193
0.892816
1.00667
1.10935
1.19672
1.26374
1.30418
1.31051
1.2735
1.18136
1.01771
0.761191
0.389692
-0.113389
-0.756753
-1.54466
-2.4795
-3.56197
-4.79063
-6.16202
-7.66823
-9.29787
-11.0347
-12.8565
-14.7343
-16.6334
-18.514
-20.3327
-22.0445
-23.5993
-24.9529
-0.580805
-0.643089
-0.704347
-0.764515
-0.823572
-0.881484
-0.938215
-0.993722
-1.04795
-1.10087
-1.15243
-1.2026
-1.25133
-1.29857
-1.34428
-1.38841
-1.43091
-1.47174
-1.51084
-1.54815
-1.58363
-1.61723
-1.64887
-1.67851
-1.70609
-1.73154
-1.75479
-1.77579
-1.79445
-1.81071
-1.82446
-1.83566
-1.8442
-1.85001
-1.85298
-1.85305
-1.8501
-1.84404
-1.83478
-1.82219
-1.80617
-1.78661
-1.76338
-1.73638
-1.70548
-1.67056
-1.63151
-1.58817
-1.54044
-1.48821
-1.43136
-1.36979
-1.30342
-1.23214
-1.15587
-1.07459
-0.988253
-0.896883
-0.800557
-0.699372
-0.593523
-0.48327
-0.368947
-0.251028
-0.130118
-0.00700329
0.117328
0.241662
0.364451
0.483817
0.597492
0.702717
0.796089
0.873519
0.930091
0.959763
0.955262
0.907886
0.807095
0.638907
0.384313
0.0201879
-0.475941
-1.12065
-1.92375
-2.89019
-4.02136
-5.31623
-6.77179
-8.38232
-10.1385
-12.0281
-14.0277
-16.1101
-18.2393
-20.3727
-22.4619
-24.4544
-26.2933
-27.9289
-0.660308
-0.725887
-0.79042
-0.853839
-0.916139
-0.977286
-1.03724
-1.09595
-1.15338
-1.20947
-1.26421
-1.31753
-1.3694
-1.41977
-1.4686
-1.51584
-1.56145
-1.60537
-1.64756
-1.68797
-1.72654
-1.76321
-1.79792
-1.83063
-1.86127
-1.88978
-1.91609
-1.94014
-1.96187
-1.98119
-1.99802
-2.01229
-2.02391
-2.0328
-2.03887
-2.04203
-2.04218
-2.03923
-2.03308
-2.02362
-2.01074
-1.99433
-1.97428
-1.95047
-1.9228
-1.89113
-1.85536
-1.81536
-1.771
-1.72218
-1.6688
-1.61078
-1.54804
-1.48049
-1.4081
-1.33081
-1.24864
-1.16163
-1.06986
-0.973492
-0.872755
-0.767938
-0.659447
-0.547796
-0.433631
-0.317797
-0.201342
-0.0855476
0.0279932
0.137385
0.240305
0.333956
0.414973
0.479336
0.522222
0.537866
0.519326
0.458385
0.345447
0.168669
-0.0875944
-0.443734
-0.92298
-1.54706
-2.33268
-3.29063
-4.4264
-5.74143
-7.23406
-8.90001
-10.7308
-12.7132
-14.8273
-17.0451
-19.3301
-21.639
-23.9188
-26.1109
-28.1579
-30.004
-0.744022
-0.813039
-0.880991
-0.947808
-1.0135
-1.07803
-1.14135
-1.20342
-1.2642
-1.32364
-1.3817
-1.43834
-1.49353
-1.54721
-1.59935
-1.64989
-1.6988
-1.74602
-1.79151
-1.83522
-1.8771
-1.91709
-1.95513
-1.99116
-2.02513
-2.05697
-2.08664
-2.11406
-2.13917
-2.16189
-2.18215
-2.19988
-2.21498
-2.22738
-2.23699
-2.24372
-2.24747
-2.24816
-2.24568
-2.23994
-2.23082
-2.21822
-2.20203
-2.18215
-2.15847
-2.13086
-2.09924
-2.06348
-2.02347
-1.97911
-1.9303
-1.87697
-1.81907
-1.75654
-1.68935
-1.6175
-1.54097
-1.45989
-1.37435
-1.28453
-1.19072
-1.09324
-0.992542
-0.889198
-0.783906
-0.677568
-0.571258
-0.466311
-0.364374
-0.267376
-0.177663
-0.0979923
-0.0317037
0.0172564
0.0442084
0.0436834
0.00915972
-0.0669762
-0.193549
-0.380863
-0.641503
-0.991518
-1.45069
-2.04068
-2.78182
-3.6906
-4.7782
-6.05056
-7.50904
-9.15073
-10.9686
-12.9495
-15.0733
-17.3126
-19.6313
-21.9845
-24.3197
-26.5785
-28.7025
-30.6318
-0.83207
-0.904668
-0.97618
-1.04654
-1.11578
-1.18384
-1.25068
-1.31626
-1.38054
-1.44348
-1.50503
-1.56517
-1.62384
-1.68102
-1.73664
-1.79068
-1.84307
-1.8938
-1.94281
-1.99004
-2.03545
-2.07899
-2.12059
-2.16021
-2.19779
-2.23326
-2.26658
-2.29768
-2.3265
-2.35296
-2.37702
-2.39857
-2.41756
-2.43389
-2.44748
-2.45826
-2.46614
-2.47101
-2.47278
-2.47136
-2.46665
-2.45853
-2.44692
-2.43172
-2.41282
-2.39013
-2.36354
-2.33296
-2.29829
-2.25942
-2.21629
-2.16884
-2.11702
-2.0608
-2.00018
-1.93516
-1.8658
-1.79221
-1.71455
-1.633
-1.54788
-1.45958
-1.36857
-1.27548
-1.18107
-1.08626
-0.992179
-0.900198
-0.811949
-0.729406
-0.654889
-0.591158
-0.541425
-0.509488
-0.499886
-0.517738
-0.569087
-0.660894
-0.801171
-0.999035
-1.26487
-1.6109
-2.05212
-2.60604
-3.29141
-4.1261
-5.125
-6.29843
-7.6516
-9.18423
-10.8907
-12.7594
-14.7715
-16.9004
-19.1112
-21.3616
-23.6013
-25.7739
-27.8213
-29.6862
-0.92457
-1.00089
-1.07611
-1.15017
-1.22309
-1.29482
-1.36534
-1.43458
-1.50252
-1.56911
-1.63431
-1.69811
-1.76045
-1.82128
-1.88058
-1.9383
-1.99439
-2.04882
-2.10154
-2.1525
-2.20168
-2.249
-2.29441
-2.33788
-2.37934
-2.41873
-2.45601
-2.4911
-2.52396
-2.55452
-2.58273
-2.60849
-2.63175
-2.65244
-2.67047
-2.68578
-2.69827
-2.70787
-2.71447
-2.71799
-2.71833
-2.71539
-2.7091
-2.69934
-2.68605
-2.66913
-2.64848
-2.62403
-2.59569
-2.5634
-2.52708
-2.48668
-2.44219
-2.3936
-2.3409
-2.28415
-2.22345
-2.15892
-2.09074
-2.01916
-1.94449
-1.86715
-1.78768
-1.70672
-1.62509
-1.54371
-1.46375
-1.38661
-1.31391
-1.24761
-1.18998
-1.14372
-1.11191
-1.09819
-1.10677
-1.14247
-1.21079
-1.31804
-1.47131
-1.67858
-1.94871
-2.29146
-2.71779
-3.24024
-3.87293
-4.63069
-5.52729
-6.57407
-7.77848
-9.14298
-10.6644
-12.3333
-14.1334
-16.0407
-18.0242
-20.0445
-22.0571
-24.0106
-25.8502
-27.5263
-1.02165
-1.10183
-1.18092
-1.2588
-1.33555
-1.41111
-1.48543
-1.55849
-1.63024
-1.70064
-1.76967
-1.83728
-1.90344
-1.96812
-2.03128
-2.09286
-2.15283
-2.21115
-2.26779
-2.32271
-2.37585
-2.42719
-2.47665
-2.52422
-2.56983
-2.61342
-2.65495
-2.69436
-2.7316
-2.76661
-2.79933
-2.8297
-2.85765
-2.88311
-2.90603
-2.92634
-2.94395
-2.9588
-2.9708
-2.97986
-2.98589
-2.98882
-2.98856
-2.98504
-2.97817
-2.96788
-2.95409
-2.93674
-2.91577
-2.89111
-2.86273
-2.83058
-2.79467
-2.755
-2.71163
-2.6646
-2.61405
-2.56013
-2.50305
-2.44309
-2.38058
-2.31598
-2.24983
-2.18283
-2.11579
-2.04968
-1.98565
-1.92509
-1.86961
-1.82114
-1.78189
-1.75438
-1.74161
-1.74695
-1.77432
-1.82812
-1.9133
-2.03551
-2.20092
-2.41639
-2.68941
-3.02806
-3.44076
-3.93648
-4.5247
-5.21545
-6.01867
-6.94304
-7.99482
-9.17664
-10.4867
-11.9179
-13.4569
-15.084
-16.7724
-18.4893
-20.196
-21.8493
-23.4002
-24.8069
-1.12345
-1.20764
-1.29072
-1.37257
-1.45328
-1.5328
-1.61109
-1.68811
-1.76381
-1.83818
-1.91117
-1.98277
-2.05293
-2.12162
-2.18879
-2.25442
-2.31846
-2.38088
-2.44163
-2.5007
-2.55804
-2.61361
-2.66737
-2.71927
-2.76929
-2.81735
-2.86342
-2.90746
-2.94939
-2.98919
-3.0268
-3.06216
-3.09521
-3.12589
-3.15415
-3.17994
-3.20318
-3.2238
-3.24175
-3.25694
-3.26931
-3.27878
-3.28528
-3.28874
-3.2891
-3.28631
-3.28031
-3.27102
-3.25842
-3.24247
-3.22315
-3.20045
-3.17437
-3.14495
-3.11225
-3.07639
-3.03749
-2.99572
-2.95135
-2.90466
-2.85602
-2.80591
-2.75488
-2.70364
-2.653
-2.60394
-2.55761
-2.51533
-2.47871
-2.44959
-2.4301
-2.42262
-2.42993
-2.45517
-2.5019
-2.57408
-2.67615
-2.81303
-2.99003
-3.213
-3.48809
-3.8219
-4.22111
-4.69254
-5.24261
-5.87757
-6.60316
-7.4243
-8.34432
-9.36398
-10.4806
-11.6874
-12.9733
-14.3218
-15.7111
-17.1145
-18.5
-19.8336
-21.0756
-22.1876
-1.23009
-1.31844
-1.40565
-1.49161
-1.57642
-1.66004
-1.74243
-1.82355
-1.90336
-1.98184
-2.05895
-2.13468
-2.20899
-2.28185
-2.35321
-2.42305
-2.49133
-2.55803
-2.6231
-2.68653
-2.74827
-2.8083
-2.86657
-2.92306
-2.97772
-3.0305
-3.08139
-3.13033
-3.17728
-3.2222
-3.26504
-3.30577
-3.34432
-3.38065
-3.41471
-3.44645
-3.47581
-3.50275
-3.52721
-3.54913
-3.56844
-3.58511
-3.59909
-3.6103
-3.6187
-3.62426
-3.62692
-3.62665
-3.62344
-3.61727
-3.60813
-3.59605
-3.58105
-3.5632
-3.54258
-3.5193
-3.49353
-3.46548
-3.43542
-3.40368
-3.37063
-3.33673
-3.30259
-3.26893
-3.23652
-3.20635
-3.1795
-3.1573
-3.14126
-3.13311
-3.13487
-3.14877
-3.17737
-3.22352
-3.29047
-3.38169
-3.50107
-3.65288
-3.84164
-4.07219
-4.34959
-4.67901
-5.06569
-5.51471
-6.03072
-6.61772
-7.27866
-8.01539
-8.82823
-9.71563
-10.6735
-11.6947
-12.7684
-13.8801
-15.0113
-16.1401
-17.2405
-18.2852
-19.2448
-20.0853
-1.34174
-1.43437
-1.52584
-1.61604
-1.70507
-1.79293
-1.87956
-1.96492
-2.04898
-2.13172
-2.2131
-2.29311
-2.37171
-2.44889
-2.5246
-2.59881
-2.67151
-2.74265
-2.81222
-2.8802
-2.94655
-3.01124
-3.07425
-3.13555
-3.1951
-3.25286
-3.30881
-3.36293
-3.41518
-3.46552
-3.51393
-3.56038
-3.60481
-3.64719
-3.68748
-3.72562
-3.7616
-3.79536
-3.82688
-3.85611
-3.88301
-3.90755
-3.92969
-3.94938
-3.96661
-3.98136
-3.99359
-4.00328
-4.01045
-4.01512
-4.01728
-4.01699
-4.01433
-4.00935
-4.00216
-3.99292
-3.98181
-3.96905
-3.95492
-3.93979
-3.92404
-3.90817
-3.89277
-3.87854
-3.86626
-3.85688
-3.85146
-3.85123
-3.85764
-3.87229
-3.89706
-3.93405
-3.98552
-4.05407
-4.14256
-4.25404
-4.3919
-4.55975
-4.76139
-5.00073
-5.28185
-5.6088
-5.98547
-6.41545
-6.90198
-7.44749
-8.05336
-8.71966
-9.4449
-10.2257
-11.0565
-11.9295
-12.8343
-13.7574
-14.6826
-15.5908
-16.461
-17.2698
-17.995
-18.61
-1.45853
-1.55558
-1.65146
-1.746
-1.83939
-1.93161
-2.02262
-2.11235
-2.20079
-2.28791
-2.3737
-2.45813
-2.54118
-2.62281
-2.703
-2.78174
-2.85901
-2.93477
-3.00902
-3.08172
-3.15286
-3.22242
-3.29038
-3.35669
-3.42136
-3.48432
-3.5456
-3.60516
-3.66297
-3.71903
-3.77331
-3.82579
-3.87644
-3.92525
-3.97217
-4.01716
-4.06021
-4.10129
-4.14039
-4.17749
-4.21256
-4.2456
-4.27658
-4.30549
-4.33233
-4.35707
-4.37973
-4.40031
-4.41886
-4.43539
-4.44995
-4.46263
-4.47351
-4.4827
-4.49032
-4.49655
-4.5016
-4.50573
-4.50923
-4.51246
-4.51582
-4.51982
-4.52507
-4.53222
-4.54208
-4.55555
-4.57364
-4.59754
-4.62856
-4.6682
-4.71815
-4.78033
-4.85679
-4.94982
-5.06192
-5.19578
-5.35419
-5.54025
-5.75702
-6.00773
-6.29549
-6.62339
-6.99423
-7.41046
-7.87388
-8.38577
-8.9462
-9.55416
-10.2071
-10.9008
-11.629
-12.3835
-13.1535
-13.9267
-14.6883
-15.4214
-16.1081
-16.7288
-17.2645
-17.6958
-1.58063
-1.68224
-1.78263
-1.88164
-1.97951
-2.07622
-2.17171
-2.26595
-2.3589
-2.45054
-2.54085
-2.62983
-2.71744
-2.80366
-2.88849
-2.9719
-3.05387
-3.1344
-3.21346
-3.29105
-3.36716
-3.44177
-3.51486
-3.5864
-3.65638
-3.72479
-3.79162
-3.85686
-3.9205
-3.98254
-4.04299
-4.10181
-4.159
-4.21456
-4.26847
-4.32069
-4.37123
-4.42009
-4.46726
-4.51275
-4.55655
-4.59869
-4.63915
-4.67796
-4.71512
-4.75065
-4.78457
-4.81695
-4.84781
-4.87723
-4.90528
-4.93206
-4.95772
-4.98235
-5.00614
-5.02927
-5.05201
-5.07464
-5.09745
-5.12081
-5.14517
-5.17102
-5.19894
-5.2296
-5.26381
-5.3024
-5.34636
-5.39678
-5.45489
-5.52204
-5.59984
-5.68997
-5.79422
-5.91462
-6.05333
-6.21259
-6.39486
-6.60257
-6.83829
-7.10445
-7.40348
-7.73753
-8.10848
-8.51778
-8.96641
-9.45434
-9.98069
-10.5435
-11.1394
-11.7636
-12.4094
-13.0685
-13.7305
-14.3835
-15.0136
-15.6057
-16.1437
-16.6107
-16.99
-17.2666
-1.7082
-1.8145
-1.91953
-2.02312
-2.12558
-2.22688
-2.32698
-2.42584
-2.52341
-2.61969
-2.71465
-2.8083
-2.9006
-2.99153
-3.0811
-3.16931
-3.25612
-3.34155
-3.42557
-3.50819
-3.58942
-3.66922
-3.7476
-3.82453
-3.90002
-3.97406
-4.04666
-4.11781
-4.18754
-4.25583
-4.32269
-4.38812
-4.45214
-4.51477
-4.576
-4.63581
-4.69423
-4.75127
-4.80697
-4.86134
-4.91438
-4.96615
-5.01669
-5.06603
-5.11421
-5.16126
-5.20724
-5.25224
-5.29635
-5.33963
-5.3822
-5.4242
-5.46579
-5.50717
-5.54847
-5.58994
-5.63189
-5.67462
-5.71846
-5.7638
-5.81107
-5.86079
-5.91358
-5.97008
-6.03101
-6.09725
-6.16971
-6.24945
-6.33757
-6.43534
-6.54417
-6.66562
-6.80126
-6.95285
-7.12218
-7.3112
-7.52186
-7.75623
-8.01621
-8.30371
-8.62042
-8.9678
-9.34696
-9.7585
-10.2025
-10.678
-11.1834
-11.7158
-12.2711
-12.844
-13.4274
-14.0128
-14.59
-15.1475
-15.6721
-16.1499
-16.5659
-16.9051
-17.1524
-17.2952
-1.84143
-1.95253
-2.06231
-2.17059
-2.27774
-2.38376
-2.48858
-2.59216
-2.69446
-2.79547
-2.89518
-2.99359
-3.09068
-3.18646
-3.28091
-3.37401
-3.46579
-3.55622
-3.64533
-3.7331
-3.81954
-3.90467
-3.98848
-4.07096
-4.15211
-4.23196
-4.3105
-4.38777
-4.46378
-4.53853
-4.61204
-4.68436
-4.75547
-4.82544
-4.89429
-4.962
-5.02863
-5.09424
-5.15887
-5.22254
-5.28531
-5.34725
-5.4084
-5.46883
-5.52864
-5.58789
-5.64668
-5.7051
-5.76328
-5.82135
-5.87945
-5.93775
-5.99645
-6.05574
-6.11588
-6.17714
-6.23983
-6.30428
-6.37085
-6.44
-6.51222
-6.58797
-6.66788
-6.75263
-6.84295
-6.9396
-7.04356
-7.15579
-7.27733
-7.40934
-7.55313
-7.71002
-7.8815
-8.06904
-8.27416
-8.49848
-8.74367
-9.01123
-9.30271
-9.61943
-9.96251
-10.3327
-10.7305
-11.1557
-11.6076
-12.0847
-12.5844
-13.1032
-13.6363
-14.1775
-14.7195
-15.2533
-15.7687
-16.254
-16.6966
-17.0831
-17.3993
-17.6314
-17.7654
-17.7902
-1.9805
-2.09651
-2.21116
-2.32424
-2.43619
-2.54702
-2.65665
-2.76504
-2.87216
-2.97799
-3.08254
-3.18581
-3.2878
-3.3885
-3.48791
-3.58604
-3.68288
-3.77843
-3.87271
-3.96574
-4.05752
-4.14807
-4.2374
-4.32553
-4.41246
-4.49824
-4.58288
-4.66642
-4.74888
-4.83028
-4.91065
-4.99004
-5.0685
-5.14605
-5.22275
-5.29864
-5.37379
-5.44828
-5.52217
-5.59553
-5.66844
-5.74098
-5.81325
-5.8853
-5.9573
-6.02936
-6.10161
-6.17417
-6.24721
-6.3209
-6.39545
-6.47106
-6.54794
-6.62638
-6.70664
-6.78906
-6.87398
-6.96177
-7.05283
-7.14771
-7.24687
-7.35087
-7.46031
-7.57592
-7.69837
-7.82853
-7.96728
-8.11554
-8.27436
-8.44483
-8.62809
-8.8254
-9.03809
-9.26744
-9.51477
-9.78144
-10.0687
-10.3778
-10.71
-11.0659
-11.4463
-11.8514
-12.2809
-12.7342
-13.2099
-13.7055
-14.2178
-14.7425
-15.2741
-15.8056
-16.3289
-16.8347
-17.3119
-17.7488
-18.1324
-18.4494
-18.6859
-18.8287
-18.8645
-18.783
-2.1256
-2.24666
-2.36629
-2.48424
-2.60108
-2.71682
-2.83136
-2.94465
-3.05665
-3.16738
-3.27683
-3.38504
-3.49199
-3.5977
-3.70216
-3.80539
-3.90739
-4.00814
-4.10769
-4.20605
-4.30324
-4.3993
-4.49424
-4.58811
-4.68092
-4.77272
-4.86356
-4.95346
-5.04249
-5.13067
-5.21804
-5.30467
-5.39063
-5.47597
-5.56073
-5.64504
-5.72894
-5.81256
-5.89601
-5.97936
-6.06274
-6.14626
-6.23003
-6.31419
-6.39889
-6.48427
-6.57055
-6.65789
-6.74647
-6.83655
-6.92837
-7.02218
-7.11826
-7.21692
-7.31854
-7.42345
-7.532
-7.64473
-7.76207
-7.88454
-8.01275
-8.14724
-8.28869
-8.43786
-8.59545
-8.76235
-8.93949
-9.12773
-9.32813
-9.54179
-9.76974
-10.0132
-10.2734
-10.5515
-10.8487
-11.1661
-11.5047
-11.8657
-12.2497
-12.6572
-13.0885
-13.5434
-14.021
-14.52
-15.0384
-15.5731
-16.1199
-16.6737
-17.2278
-17.7745
-18.3047
-18.8079
-19.2723
-19.6852
-20.033
-20.302
-20.4778
-20.5476
-20.4979
-20.3185
-2.27698
-2.40317
-2.52787
-2.65079
-2.77263
-2.89335
-3.01287
-3.13113
-3.24808
-3.36377
-3.47819
-3.59138
-3.70337
-3.81414
-3.92372
-4.03211
-4.1393
-4.24532
-4.3502
-4.45395
-4.55661
-4.65824
-4.75886
-4.85852
-4.95729
-5.05519
-5.15227
-5.24862
-5.34428
-5.43932
-5.53379
-5.62776
-5.72133
-5.81456
-5.90756
-6.00042
-6.09326
-6.1862
-6.27938
-6.37298
-6.46709
-6.56188
-6.65747
-6.75407
-6.85185
-6.95104
-7.05184
-7.15446
-7.25919
-7.36631
-7.47611
-7.58893
-7.70508
-7.82496
-7.94898
-8.07757
-8.21121
-8.35036
-8.4956
-8.64752
-8.80679
-8.97408
-9.15009
-9.33558
-9.5314
-9.7385
-9.95778
-10.1903
-10.437
-10.6991
-10.9775
-11.2736
-11.5885
-11.9233
-12.2792
-12.6572
-13.0582
-13.4831
-13.9324
-14.4064
-14.9049
-15.4275
-15.9726
-16.5386
-17.1224
-17.7203
-18.3272
-18.9366
-19.5409
-20.1309
-20.6958
-21.2238
-21.7018
-22.1156
-22.4504
-22.6915
-22.8238
-22.8345
-22.7098
-22.4378
-2.43486
-2.56629
-2.69614
-2.82412
-2.95101
-3.07679
-3.20136
-3.32463
-3.44661
-3.5673
-3.68674
-3.80498
-3.92203
-4.03791
-4.15263
-4.26619
-4.37862
-4.48992
-4.60016
-4.70935
-4.81754
-4.92477
-5.03111
-5.13661
-5.24135
-5.34537
-5.44875
-5.55157
-5.65389
-5.75581
-5.85739
-5.95875
-6.05999
-6.16121
-6.26248
-6.36398
-6.46587
-6.56825
-6.67133
-6.77529
-6.88028
-6.98649
-7.09415
-7.20342
-7.31458
-7.42785
-7.54352
-7.66189
-7.78323
-7.90792
-8.0363
-8.16877
-8.30575
-8.44768
-8.59508
-8.74843
-8.90829
-9.07525
-9.24993
-9.43307
-9.62536
-9.82759
-10.0406
-10.2652
-10.5024
-10.7532
-11.0186
-11.2998
-11.5978
-11.9139
-12.2492
-12.605
-12.9825
-13.383
-13.8077
-14.2575
-14.7334
-15.2363
-15.7664
-16.3241
-16.9088
-17.5198
-18.1552
-18.8124
-19.4877
-20.1761
-20.8715
-21.5658
-22.2496
-22.9116
-23.5394
-24.1191
-24.6354
-25.0725
-25.4139
-25.6436
-25.7454
-25.7062
-25.5124
-25.1492
-2.59952
-2.73628
-2.87138
-3.00445
-3.13644
-3.26734
-3.39701
-3.52537
-3.6524
-3.77815
-3.90266
-4.02597
-4.14811
-4.2691
-4.38896
-4.50771
-4.62537
-4.74197
-4.85756
-4.97218
-5.08589
-5.19874
-5.31078
-5.42213
-5.53285
-5.643
-5.75265
-5.86194
-5.97091
-6.07968
-6.18837
-6.2971
-6.40599
-6.51515
-6.62473
-6.7349
-6.84583
-6.9577
-7.0707
-7.18507
-7.30099
-7.41871
-7.53847
-7.66056
-7.78523
-7.91279
-8.04355
-8.17788
-8.31618
-8.45878
-8.60618
-8.75881
-8.91717
-9.08185
-9.25336
-9.43237
-9.61949
-9.81544
-10.021
-10.2368
-10.4639
-10.7031
-10.9554
-11.2218
-11.5035
-11.8014
-12.1169
-12.4512
-12.8057
-13.1817
-13.5804
-14.0035
-14.4522
-14.9281
-15.4325
-15.9665
-16.5312
-17.1276
-17.756
-18.4164
-19.1086
-19.831
-20.5812
-21.3559
-22.1501
-22.9573
-23.7694
-24.5766
-25.3666
-26.126
-26.8396
-27.491
-28.0628
-28.5371
-28.8956
-29.1213
-29.1971
-29.1093
-28.8454
-28.3877
-2.77124
-2.91342
-3.05381
-3.192
-3.32915
-3.4652
-3.60002
-3.7335
-3.86564
-3.99649
-4.12609
-4.25449
-4.38173
-4.50784
-4.63283
-4.75674
-4.87961
-5.00147
-5.12238
-5.24239
-5.36158
-5.48
-5.59773
-5.71488
-5.83152
-5.94775
-6.06367
-6.17935
-6.29491
-6.41049
-6.52621
-6.64221
-6.75864
-6.8757
-6.99352
-7.11227
-7.23217
-7.35344
-7.47633
-7.60105
-7.72787
-7.85704
-7.98889
-8.12371
-8.26189
-8.40375
-8.54966
-8.70004
-8.85536
-9.0161
-9.18273
-9.3558
-9.53596
-9.72377
-9.91997
-10.1252
-10.3404
-10.5663
-10.8037
-11.0536
-11.3169
-11.595
-11.8887
-12.1993
-12.5281
-12.8765
-13.2459
-13.6379
-14.0538
-14.4955
-14.9644
-15.4625
-15.9913
-16.5527
-17.1482
-17.7795
-18.4478
-19.1541
-19.8991
-20.6827
-21.5039
-22.3609
-23.2503
-24.1671
-25.1047
-26.0544
-27.0051
-27.944
-28.8565
-29.7256
-30.5334
-31.2608
-31.8887
-32.3975
-32.7681
-32.9827
-33.0243
-32.8791
-32.5362
-31.9771
-2.95034
-3.098
-3.24372
-3.38707
-3.52939
-3.67063
-3.81061
-3.94925
-4.08652
-4.22248
-4.35718
-4.4907
-4.62305
-4.75425
-4.88433
-5.01337
-5.1414
-5.26846
-5.39463
-5.51997
-5.64456
-5.76847
-5.89182
-6.01467
-6.13715
-6.25938
-6.38142
-6.50338
-6.62544
-6.74769
-6.87031
-6.99348
-7.11733
-7.24209
-7.36796
-7.49513
-7.62386
-7.7544
-7.88697
-8.0219
-8.15944
-8.2999
-8.44368
-8.59111
-8.74261
-8.89857
-9.05947
-9.22581
-9.39809
-9.57684
-9.7627
-9.95629
-10.1583
-10.3694
-10.5905
-10.8225
-11.0661
-11.3225
-11.5925
-11.8774
-12.1783
-12.4964
-12.8333
-13.1901
-13.5687
-13.9704
-14.3971
-14.8506
-15.3328
-15.8457
-16.3914
-16.972
-17.5896
-18.2465
-18.9447
-19.6863
-20.4728
-21.3053
-22.1843
-23.1097
-24.0795
-25.0904
-26.1374
-27.2133
-28.3082
-29.4101
-30.5047
-31.5755
-32.6042
-33.5714
-34.4566
-35.2395
-35.9
-36.4186
-36.7766
-36.9571
-36.9444
-36.7253
-36.2906
-35.6238
-3.13713
-3.29034
-3.44144
-3.58995
-3.73745
-3.88387
-4.02905
-4.17285
-4.31527
-4.45635
-4.59614
-4.73474
-4.87216
-5.00842
-5.14358
-5.27768
-5.41081
-5.54302
-5.67435
-5.80493
-5.93481
-6.06411
-6.19293
-6.32138
-6.44955
-6.57758
-6.70559
-6.83369
-6.96205
-7.09081
-7.22015
-7.35025
-7.48132
-7.61358
-7.74725
-7.88259
-8.01986
-8.15936
-8.30135
-8.44618
-8.59416
-8.74562
-8.901
-9.06073
-9.22523
-9.395
-9.57058
-9.75249
-9.94137
-10.1379
-10.3427
-10.5565
-10.7802
-11.0144
-11.2604
-11.5189
-11.7911
-12.0781
-12.3811
-12.7015
-13.0405
-13.3998
-13.7809
-14.1855
-14.6156
-15.073
-15.5598
-16.0784
-16.631
-17.2201
-17.8483
-18.5182
-19.2327
-19.9944
-20.8058
-21.6694
-22.5867
-23.5589
-24.5859
-25.666
-26.7959
-27.9697
-29.1791
-30.4131
-31.658
-32.8975
-34.1131
-35.2851
-36.3928
-37.4155
-38.3323
-39.1236
-39.7707
-40.2562
-40.5639
-40.679
-40.5883
-40.2796
-39.7447
-38.9711
-3.33195
-3.4908
-3.64731
-3.80096
-3.95363
-4.10527
-4.25565
-4.4046
-4.55214
-4.6983
-4.84317
-4.9868
-5.12923
-5.27049
-5.41066
-5.54977
-5.68793
-5.82518
-5.9616
-6.09729
-6.23234
-6.36688
-6.50102
-6.63486
-6.76853
-6.90217
-7.03592
-7.16995
-7.30438
-7.43938
-7.57515
-7.71194
-7.84993
-7.98939
-8.13056
-8.27371
-8.41915
-8.5672
-8.71818
-8.87245
-9.0304
-9.19241
-9.35892
-9.53046
-9.70748
-9.89055
-10.0803
-10.2772
-10.4822
-10.6958
-10.919
-11.1525
-11.3972
-11.6542
-11.9245
-12.2091
-12.5095
-12.8269
-13.1626
-13.5183
-13.8956
-14.2962
-14.7221
-15.1753
-15.658
-16.1727
-16.7216
-17.3078
-17.9339
-18.6031
-19.3186
-20.0835
-20.9012
-21.7749
-22.7076
-23.7013
-24.7577
-25.8765
-27.0562
-28.2926
-29.5787
-30.9048
-32.2579
-33.6219
-34.9786
-36.3079
-37.5887
-38.7997
-39.9207
-40.9321
-41.816
-42.5558
-43.1365
-43.5445
-43.7669
-43.7917
-43.6076
-43.2041
-42.5725
-41.7035
-3.53519
-3.69972
-3.86164
-4.02045
-4.17831
-4.33517
-4.49073
-4.64482
-4.79743
-4.94861
-5.09847
-5.24707
-5.39444
-5.54063
-5.6857
-5.82975
-5.97283
-6.11501
-6.25639
-6.39708
-6.53716
-6.67675
-6.81599
-6.95502
-7.09397
-7.23298
-7.37221
-7.51184
-7.65203
-7.79295
-7.93487
-8.078
-8.22255
-8.36879
-8.51704
-8.66758
-8.82073
-8.97681
-9.13623
-9.29936
-9.46668
-9.63859
-9.81561
-9.99825
-10.1871
-10.3827
-10.5858
-10.797
-11.0172
-11.2472
-11.4878
-11.7401
-12.005
-12.2837
-12.5774
-12.8873
-13.215
-13.5618
-13.9295
-14.3199
-14.7348
-15.1763
-15.6466
-16.1482
-16.6837
-17.256
-17.8681
-18.5231
-19.2245
-19.9761
-20.7817
-21.6449
-22.5695
-23.5589
-24.6157
-25.7415
-26.936
-28.1969
-29.5189
-30.8936
-32.309
-33.7497
-35.1976
-36.6322
-38.0322
-39.3762
-40.6439
-41.8162
-42.8766
-43.8099
-44.603
-45.2437
-45.7212
-46.0249
-46.145
-46.0714
-45.7942
-45.3036
-44.59
-43.6448
-3.74721
-3.91747
-4.08483
-4.24882
-4.41189
-4.57393
-4.73465
-4.89383
-5.05145
-5.20758
-5.36234
-5.5158
-5.66802
-5.81903
-5.96891
-6.11776
-6.26563
-6.41261
-6.5588
-6.70432
-6.84924
-6.99369
-7.13783
-7.2818
-7.42576
-7.56984
-7.71425
-7.85915
-8.00473
-8.15123
-8.29886
-8.44787
-8.59855
-8.75116
-8.90597
-9.06336
-9.22362
-9.38717
-9.55437
-9.72568
-9.90158
-10.0826
-10.2693
-10.4621
-10.6618
-10.8691
-11.0845
-11.3089
-11.5432
-11.7884
-12.0453
-12.3151
-12.5989
-12.898
-13.2137
-13.5474
-13.9009
-14.2758
-14.674
-15.0976
-15.5486
-16.0296
-16.5431
-17.0921
-17.6794
-18.3085
-18.9829
-19.7065
-20.4832
-21.3172
-22.2129
-23.1742
-24.2048
-25.3074
-26.4834
-27.7323
-29.0504
-30.431
-31.8638
-33.3343
-34.8248
-36.3151
-37.7836
-39.2086
-40.5698
-41.8491
-43.0309
-44.1018
-45.0503
-45.8665
-46.5412
-47.0655
-47.4309
-47.6285
-47.6496
-47.4851
-47.1255
-46.5617
-45.7831
-44.7805
-3.96846
-4.14446
-4.3173
-4.48644
-4.6547
-4.82195
-4.98782
-5.15201
-5.31454
-5.47553
-5.6351
-5.79333
-5.95025
-6.10595
-6.2605
-6.41401
-6.56651
-6.7181
-6.86893
-7.01906
-7.1686
-7.31768
-7.46647
-7.61514
-7.76379
-7.91264
-8.06187
-8.21167
-8.36225
-8.51387
-8.66673
-8.82116
-8.97742
-9.1358
-9.29661
-9.4602
-9.62694
-9.7972
-9.97143
-10.1501
-10.3338
-10.5229
-10.7182
-10.9203
-11.1297
-11.3473
-11.5738
-11.8102
-12.0572
-12.316
-12.5876
-12.8733
-13.1742
-13.4919
-13.8277
-14.1833
-14.5606
-14.9614
-15.3879
-15.8424
-16.3274
-16.8456
-17.3999
-17.9937
-18.6306
-19.3142
-20.0487
-20.8383
-21.6875
-22.601
-23.5827
-24.6367
-25.7654
-26.9698
-28.2484
-29.5965
-31.0055
-32.4626
-33.9517
-35.4529
-36.9446
-38.4053
-39.8146
-41.155
-42.412
-43.5738
-44.6312
-45.5761
-46.4011
-47.0985
-47.6604
-48.0786
-48.3444
-48.449
-48.384
-48.1406
-47.7105
-47.0851
-46.2532
-45.2062
-4.19937
-4.38114
-4.55947
-4.73377
-4.9072
-5.07961
-5.25053
-5.41968
-5.58708
-5.75282
-5.91707
-6.07993
-6.24146
-6.40171
-6.56078
-6.71875
-6.87571
-7.03174
-7.18694
-7.34144
-7.49532
-7.64876
-7.80192
-7.95493
-8.10798
-8.26123
-8.41491
-8.56922
-8.72435
-8.88057
-9.0382
-9.19748
-9.35872
-9.5222
-9.68831
-9.85739
-10.0298
-10.206
-10.3863
-10.5715
-10.7619
-10.9581
-11.1609
-11.3709
-11.5888
-11.8153
-12.0515
-12.298
-12.5561
-12.8268
-13.1112
-13.4107
-13.7267
-14.0606
-14.4141
-14.7891
-15.1875
-15.6114
-16.0633
-16.5456
-17.0612
-17.6131
-18.2048
-18.8399
-19.5223
-20.2562
-21.0462
-21.8967
-22.8125
-23.7979
-24.8565
-25.9904
-27.1999
-28.4826
-29.8324
-31.2389
-32.6876
-34.16
-35.6353
-37.0925
-38.5109
-39.8734
-41.1665
-42.3799
-43.5065
-44.5405
-45.4765
-46.3084
-47.0288
-47.6292
-48.1002
-48.4322
-48.6155
-48.6412
-48.5012
-48.1879
-47.6955
-47.0153
-46.1374
-45.0553
-4.44046
-4.62801
-4.8118
-4.99121
-5.16978
-5.34731
-5.52325
-5.69727
-5.8694
-6.0398
-6.20864
-6.37601
-6.54199
-6.70664
-6.87006
-7.03233
-7.1935
-7.3537
-7.51302
-7.67159
-7.82955
-7.98703
-8.14419
-8.30123
-8.45829
-8.61557
-8.77326
-8.93161
-9.09085
-9.25122
-9.413
-9.57652
-9.74205
-9.90995
-10.0806
-10.2543
-10.4315
-10.6126
-10.7982
-10.9886
-11.1847
-11.3869
-11.5958
-11.8123
-12.0371
-12.2711
-12.5151
-12.7702
-13.0373
-13.3177
-13.6128
-13.9237
-14.2521
-14.5995
-14.9678
-15.359
-15.7752
-16.2188
-16.6922
-17.1984
-17.7405
-18.3217
-18.9459
-19.617
-20.3392
-21.1172
-21.9554
-22.8586
-23.8306
-24.875
-25.9935
-27.1855
-28.4475
-29.7718
-31.1467
-32.556
-33.9808
-35.4001
-36.7939
-38.1447
-39.4392
-40.6685
-41.8273
-42.9123
-43.9208
-44.8488
-45.6903
-46.4375
-47.0802
-47.6068
-48.0059
-48.2665
-48.3786
-48.3344
-48.127
-47.7517
-47.2053
-46.4786
-45.5645
-44.461
-4.69228
-4.88561
-5.07482
-5.25926
-5.4429
-5.62545
-5.80632
-5.98511
-6.16191
-6.33687
-6.51017
-6.68195
-6.85225
-7.02114
-7.18871
-7.35504
-7.5202
-7.6843
-7.84747
-8.00983
-8.17149
-8.33267
-8.49348
-8.65413
-8.81479
-8.97565
-9.13692
-9.29883
-9.46162
-9.62554
-9.79089
-9.95798
-10.1271
-10.2987
-10.473
-10.6504
-10.8314
-11.0165
-11.2061
-11.4008
-11.6012
-11.8079
-12.0217
-12.2432
-12.4733
-12.7129
-12.9628
-13.2243
-13.4983
-13.7862
-14.0892
-14.4088
-14.7467
-15.1045
-15.4843
-15.8881
-16.3181
-16.777
-17.2676
-17.7929
-18.3561
-18.9609
-19.6114
-20.3118
-21.0662
-21.8794
-22.7556
-23.6987
-24.7115
-25.7953
-26.9485
-28.1667
-29.4412
-30.7589
-32.1033
-33.4549
-34.794
-36.1031
-37.3685
-38.5814
-39.7373
-40.8354
-41.8757
-42.8574
-43.7774
-44.6293
-45.4036
-46.0885
-46.6706
-47.1362
-47.4727
-47.6695
-47.7181
-47.6126
-47.3487
-46.9248
-46.3406
-45.5836
-44.653
-43.5529
-4.9554
-5.15448
-5.34904
-5.53842
-5.72705
-5.91453
-6.1002
-6.28369
-6.46503
-6.64446
-6.82212
-6.99814
-7.17259
-7.34552
-7.51705
-7.68722
-7.85611
-8.02387
-8.19059
-8.3564
-8.52147
-8.68595
-8.85001
-9.01387
-9.17766
-9.3416
-9.50593
-9.67082
-9.83659
-10.0035
-10.1718
-10.3418
-10.5137
-10.6881
-10.8652
-11.0455
-11.2293
-11.4172
-11.6097
-11.8073
-12.0107
-12.2205
-12.4375
-12.6624
-12.8959
-13.1391
-13.393
-13.6586
-13.9371
-14.2298
-14.538
-14.8633
-15.2073
-15.5721
-15.9594
-16.3716
-16.8111
-17.2806
-17.7831
-18.3216
-18.8999
-19.5215
-20.1907
-20.9115
-21.6883
-22.525
-23.425
-24.3908
-25.4226
-26.5186
-27.6734
-28.8773
-30.1168
-31.3753
-32.6343
-33.8759
-35.0857
-36.2537
-37.3758
-38.4519
-39.4845
-40.476
-41.4269
-42.3343
-43.1912
-43.9871
-44.7083
-45.3399
-45.867
-46.276
-46.5553
-46.6963
-46.693
-46.5417
-46.2411
-45.7931
-45.1981
-44.4388
-43.5241
-42.4658
-5.23043
-5.43525
-5.63507
-5.82924
-6.02271
-6.21502
-6.40544
-6.5935
-6.77927
-6.96299
-7.14488
-7.32501
-7.50342
-7.68021
-7.85542
-8.02918
-8.20156
-8.37267
-8.54264
-8.71161
-8.87972
-9.04714
-9.21408
-9.38069
-9.54715
-9.71367
-9.88047
-10.0478
-10.2159
-10.3851
-10.5556
-10.7277
-10.9018
-11.0782
-11.2572
-11.4392
-11.6248
-11.8143
-12.0084
-12.2077
-12.4127
-12.6241
-12.8426
-13.069
-13.3041
-13.5489
-13.8044
-14.0718
-14.3521
-14.6467
-14.9571
-15.2848
-15.6315
-15.9991
-16.3898
-16.8059
-17.2499
-17.7246
-18.233
-18.7784
-19.3645
-19.9948
-20.6734
-21.4041
-22.1906
-23.0358
-23.9415
-24.9075
-25.9311
-27.0064
-28.1234
-29.2687
-30.4259
-31.5784
-32.7106
-33.8114
-34.8745
-35.8999
-36.8909
-37.8525
-38.7889
-39.7015
-40.5872
-41.4386
-42.2443
-42.9904
-43.6608
-44.2404
-44.7148
-45.0726
-45.3046
-45.4049
-45.3703
-45.1991
-44.8926
-44.4555
-43.8874
-43.1653
-42.3104
-41.3426
-5.51795
-5.72849
-5.93345
-6.13228
-6.33051
-6.52756
-6.72257
-6.91506
-7.10514
-7.29306
-7.47897
-7.66298
-7.84517
-8.02555
-8.20424
-8.3813
-8.55689
-8.73107
-8.90395
-9.07574
-9.24656
-9.41658
-9.58597
-9.75488
-9.92356
-10.0922
-10.2609
-10.43
-10.5999
-10.7706
-10.9426
-11.1161
-11.2914
-11.4688
-11.6487
-11.8315
-12.0177
-12.2078
-12.4023
-12.6018
-12.8069
-13.0182
-13.2365
-13.4626
-13.6973
-13.9415
-14.1963
-14.4628
-14.7422
-15.0359
-15.3452
-15.6717
-16.0172
-16.3837
-16.7733
-17.1884
-17.6315
-18.1054
-18.6132
-19.1581
-19.7436
-20.3733
-21.0505
-21.7785
-22.5596
-23.395
-24.2842
-25.2238
-26.2077
-27.2259
-28.2655
-29.3115
-30.3487
-31.3645
-32.3508
-33.3051
-34.2296
-35.1308
-36.0156
-36.8893
-37.7536
-38.6058
-39.4383
-40.2399
-40.996
-41.6916
-42.3115
-42.8417
-43.2706
-43.5899
-43.7931
-43.8771
-43.8409
-43.6847
-43.412
-43.0287
-42.5324
-41.8957
-41.1521
-40.3271
-5.81863
-6.0348
-6.24481
-6.44822
-6.65109
-6.85274
-7.05222
-7.24901
-7.44324
-7.63517
-7.82492
-8.0126
-8.19828
-8.38202
-8.56389
-8.74401
-8.92249
-9.09939
-9.2749
-9.44915
-9.62233
-9.79455
-9.96597
-10.1368
-10.3072
-10.4773
-10.6475
-10.8178
-10.9887
-11.1603
-11.333
-11.507
-11.6827
-11.8603
-12.0401
-12.2227
-12.4084
-12.5978
-12.7913
-12.9896
-13.1933
-13.403
-13.6194
-13.8433
-14.0754
-14.3169
-14.5685
-14.8316
-15.1072
-15.3967
-15.7016
-16.0233
-16.3637
-16.7246
-17.1084
-17.5172
-17.9537
-18.4204
-18.9204
-19.4569
-20.0328
-20.6511
-21.3146
-22.025
-22.7831
-23.5878
-24.4357
-25.3202
-26.2321
-27.1593
-28.0882
-29.0059
-29.9024
-30.7722
-31.6156
-32.4376
-33.2457
-34.0484
-34.8517
-35.6579
-36.4644
-37.2643
-38.0467
-38.7984
-39.5045
-40.1509
-40.7249
-41.2155
-41.6144
-41.9161
-42.1175
-42.2173
-42.2161
-42.1158
-41.9216
-41.639
-41.2626
-40.7635
-40.1838
-39.5508
-6.13309
-6.35487
-6.56983
-6.77767
-6.98507
-7.19121
-7.39503
-7.59601
-7.79422
-7.98989
-8.18322
-8.37435
-8.56332
-8.75013
-8.9349
-9.11777
-9.2988
-9.47811
-9.65588
-9.83227
-10.0074
-10.1814
-10.3544
-10.5267
-10.6983
-10.8695
-11.0405
-11.2115
-11.3828
-11.5546
-11.7273
-11.901
-12.0762
-12.253
-12.4318
-12.613
-12.7971
-12.9846
-13.176
-13.3718
-13.5725
-13.7789
-13.9916
-14.2113
-14.4389
-14.6753
-14.9215
-15.1784
-15.4474
-15.7297
-16.0266
-16.3398
-16.6709
-17.0219
-17.3949
-17.7921
-18.2158
-18.6687
-19.1534
-19.6726
-20.2288
-20.8241
-21.46
-22.1366
-22.8524
-23.6039
-24.3851
-25.1871
-25.9991
-26.8093
-27.6071
-28.3845
-29.1389
-29.8723
-30.5913
-31.3049
-32.0219
-32.7489
-33.4886
-34.2392
-34.9944
-35.7446
-36.4776
-37.1803
-37.8398
-38.4444
-38.9848
-39.4533
-39.8451
-40.1573
-40.3892
-40.5413
-40.6153
-40.6142
-40.5437
-40.4079
-40.1985
-39.8882
-39.5184
-39.1141
-6.46206
-6.68935
-6.90918
-7.12134
-7.33316
-7.54368
-7.75171
-7.95665
-8.15858
-8.35783
-8.55454
-8.74885
-8.94078
-9.13041
-9.31779
-9.50309
-9.68638
-9.86777
-10.0474
-10.2255
-10.4022
-10.5775
-10.7517
-10.925
-11.0974
-11.2691
-11.4403
-11.6114
-11.7825
-11.9539
-12.1258
-12.2985
-12.4723
-12.6474
-12.8243
-13.0032
-13.1846
-13.369
-13.5569
-13.7488
-13.9452
-14.1467
-14.3539
-14.5677
-14.7887
-15.0178
-15.256
-15.5043
-15.7638
-16.0357
-16.3213
-16.6223
-16.9401
-17.2767
-17.6339
-18.0139
-18.4187
-18.8508
-19.312
-19.8047
-20.3304
-20.89
-21.4835
-22.1091
-22.7632
-23.4402
-24.1323
-24.8299
-25.5231
-26.2034
-26.8651
-27.5072
-28.1337
-28.7521
-29.3717
-30.0016
-30.6489
-31.3166
-32.0036
-32.7049
-33.4121
-34.1151
-34.8019
-35.4614
-36.084
-36.6613
-37.187
-37.6572
-38.0695
-38.4239
-38.7212
-38.9636
-39.1529
-39.2926
-39.3876
-39.4396
-39.4375
-39.3571
-39.2324
-39.082
-6.80625
-7.039
-7.26355
-7.47992
-7.69604
-7.91083
-8.12289
-8.33154
-8.53702
-8.73956
-8.9394
-9.1366
-9.33127
-9.52339
-9.71312
-9.90055
-10.0858
-10.2689
-10.4501
-10.6295
-10.8073
-10.9836
-11.1585
-11.3322
-11.5048
-11.6765
-11.8475
-12.018
-12.1882
-12.3585
-12.529
-12.6999
-12.8716
-13.0443
-13.2182
-13.3938
-13.5715
-13.7517
-13.935
-14.1216
-14.3122
-14.5073
-14.7075
-14.9134
-15.1259
-15.3456
-15.5736
-15.8107
-16.0579
-16.3165
-16.5876
-16.8727
-17.1732
-17.4909
-17.8275
-18.1846
-18.5643
-18.9682
-19.3978
-19.8543
-20.3383
-20.8495
-21.3859
-21.9441
-22.5191
-23.1041
-23.6909
-24.2715
-24.8392
-25.3907
-25.9262
-26.4506
-26.9723
-27.5008
-28.0451
-28.6119
-29.2053
-29.8246
-30.4662
-31.1231
-31.7868
-32.4477
-33.0963
-33.7246
-34.3257
-34.895
-35.4294
-35.9279
-36.3906
-36.8194
-37.2165
-37.5843
-37.9251
-38.2415
-38.5365
-38.8077
-39.0423
-39.2202
-39.3613
-39.4744
-7.16646
-7.40454
-7.6337
-7.85412
-8.07443
-8.29328
-8.50914
-8.72136
-8.9301
-9.13571
-9.33836
-9.53824
-9.73533
-9.92971
-10.1215
-10.3107
-10.4975
-10.682
-10.8644
-11.0448
-11.2233
-11.4001
-11.5752
-11.7489
-11.9212
-12.0924
-12.2625
-12.4319
-12.6007
-12.7692
-12.9376
-13.106
-13.2748
-13.4442
-13.6144
-13.7858
-13.9588
-14.1338
-14.3112
-14.4914
-14.6749
-14.8621
-15.0537
-15.2502
-15.4522
-15.6606
-15.8761
-16.0996
-16.3321
-16.5744
-16.8279
-17.0936
-17.373
-17.6675
-17.9785
-18.3074
-18.6556
-19.024
-19.4137
-19.8246
-20.2562
-20.7067
-21.1729
-21.6503
-22.1331
-22.615
-23.0895
-23.5517
-23.9999
-24.4358
-24.865
-25.2957
-25.7376
-26.1998
-26.6887
-27.2083
-27.759
-28.3382
-28.9407
-29.5595
-30.1869
-30.8155
-31.4387
-32.0515
-32.6506
-33.2342
-33.8023
-34.3561
-34.8979
-35.4307
-35.9574
-36.4803
-37.0011
-37.5205
-38.0383
-38.5486
-39.0371
-39.486
-39.8995
-40.2755
-7.54353
-7.78681
-8.02039
-8.24469
-8.46899
-8.69172
-8.91119
-9.12668
-9.33843
-9.54683
-9.75209
-9.95433
-10.1536
-10.3499
-10.5434
-10.7342
-10.9222
-11.1078
-11.291
-11.4719
-11.6507
-11.8276
-12.0025
-12.1757
-12.3473
-12.5174
-12.6861
-12.8539
-13.0207
-13.1868
-13.3524
-13.5177
-13.6829
-13.8482
-14.0139
-14.1802
-14.3476
-14.5164
-14.6869
-14.8596
-15.0347
-15.2128
-15.3943
-15.5797
-15.7697
-15.9649
-16.166
-16.3737
-16.5889
-16.8125
-17.0453
-17.2884
-17.543
-17.8102
-18.091
-18.3863
-18.6969
-19.0231
-19.3648
-19.7212
-20.0907
-20.4705
-20.8565
-21.2443
-21.6285
-22.0048
-22.3699
-22.7232
-23.0677
-23.4093
-23.7564
-24.1183
-24.5036
-24.9189
-25.368
-25.852
-26.3692
-26.916
-27.487
-28.0762
-28.678
-29.2875
-29.901
-30.5166
-31.1341
-31.7544
-32.3799
-33.0137
-33.6594
-34.3204
-34.9998
-35.6993
-36.4185
-37.1562
-37.908
-38.6645
-39.41
-40.1285
-40.8091
-41.4398
-7.93829
-8.18659
-8.42441
-8.65235
-8.88043
-9.10681
-9.3296
-9.54812
-9.76268
-9.97361
-10.1812
-10.3855
-10.5867
-10.7846
-10.9795
-11.1714
-11.3604
-11.5467
-11.7303
-11.9115
-12.0903
-12.2668
-12.4411
-12.6133
-12.7837
-12.9522
-13.1192
-13.2846
-13.4489
-13.6121
-13.7744
-13.9359
-14.0968
-14.2574
-14.4178
-14.5784
-14.7393
-14.9011
-15.0638
-15.2279
-15.3935
-15.5613
-15.7314
-15.9044
-16.0808
-16.2612
-16.4461
-16.6361
-16.8319
-17.0342
-17.2437
-17.4613
-17.6877
-17.9237
-18.1699
-18.4266
-18.6939
-18.9715
-19.2585
-19.5532
-19.8532
-20.1555
-20.4562
-20.7516
-21.0386
-21.3156
-21.5832
-21.845
-22.1075
-22.379
-22.6682
-22.9836
-23.3311
-23.7149
-24.1364
-24.5946
-25.0871
-25.6097
-26.1585
-26.7289
-27.3177
-27.9228
-28.5434
-29.1804
-29.8359
-30.5132
-31.2163
-31.9498
-32.7178
-33.524
-34.3707
-35.258
-36.1838
-37.1433
-38.1286
-39.1268
-40.1214
-41.0969
-42.0313
-42.9035
-8.35164
-8.60479
-8.84658
-9.07789
-9.30948
-9.5392
-9.76508
-9.9864
-10.2035
-10.4167
-10.6263
-10.8325
-11.0351
-11.2344
-11.4303
-11.6231
-11.8127
-11.9993
-12.183
-12.364
-12.5424
-12.7181
-12.8915
-13.0624
-13.2311
-13.3976
-13.5623
-13.7251
-13.8864
-14.0461
-14.2046
-14.3618
-14.5179
-14.6732
-14.8277
-14.9817
-15.1356
-15.2895
-15.4436
-15.5982
-15.7535
-15.9099
-16.0675
-16.2269
-16.3885
-16.5526
-16.7197
-16.8903
-17.0648
-17.2437
-17.4276
-17.6169
-17.8121
-18.0135
-18.2211
-18.4349
-18.6541
-18.878
-19.105
-19.3331
-19.5598
-19.7823
-19.9982
-20.2055
-20.4039
-20.5952
-20.7836
-20.9758
-21.1799
-21.4044
-21.6571
-21.944
-22.2687
-22.6331
-23.0368
-23.4781
-23.9542
-24.4622
-24.9991
-25.5627
-26.1522
-26.7678
-27.4114
-28.0861
-28.7961
-29.5465
-30.3424
-31.189
-32.0906
-33.0504
-34.0694
-35.1459
-36.2756
-37.4505
-38.6588
-39.8851
-41.1119
-42.3251
-43.4946
-44.5923
-8.78449
-9.04225
-9.28769
-9.52208
-9.75688
-9.98967
-10.2184
-10.4422
-10.6615
-10.8768
-11.0882
-11.2958
-11.4997
-11.6999
-11.8965
-12.0897
-12.2796
-12.4662
-12.6496
-12.8301
-13.0076
-13.1823
-13.3542
-13.5234
-13.6901
-13.8543
-14.0162
-14.176
-14.3338
-14.4898
-14.6439
-14.7964
-14.9473
-15.0967
-15.2448
-15.3918
-15.538
-15.6834
-15.8282
-15.9727
-16.1168
-16.261
-16.4054
-16.5502
-16.6959
-16.8426
-16.9907
-17.1404
-17.2919
-17.4456
-17.6017
-17.7604
-17.9217
-18.0856
-18.2515
-18.4187
-18.5864
-18.7532
-18.9175
-19.0775
-19.2311
-19.3768
-19.5141
-19.6437
-19.7682
-19.8924
-20.0229
-20.168
-20.3357
-20.5334
-20.7667
-21.0393
-21.3528
-21.7075
-22.102
-22.5346
-23.0032
-23.506
-24.0418
-24.6104
-25.2131
-25.8526
-26.5326
-27.2582
-28.0351
-28.8694
-29.7669
-30.733
-31.7718
-32.885
-34.0726
-35.3308
-36.6527
-38.0278
-39.4413
-40.8753
-42.3123
-43.7398
-45.1224
-46.4272
-9.23777
-9.49989
-9.74866
-9.98581
-10.2235
-10.4591
-10.6902
-10.9163
-11.1375
-11.3545
-11.5673
-11.7761
-11.9809
-12.1817
-12.3788
-12.572
-12.7617
-12.9479
-13.1307
-13.3103
-13.4866
-13.6598
-13.83
-13.9971
-14.1614
-14.3228
-14.4817
-14.6381
-14.7922
-14.9439
-15.0934
-15.2408
-15.386
-15.5292
-15.6706
-15.8101
-15.9481
-16.0845
-16.2196
-16.3534
-16.4858
-16.6172
-16.7476
-16.8772
-17.0062
-17.1346
-17.2626
-17.3903
-17.5176
-17.6446
-17.7713
-17.8975
-18.0229
-18.1469
-18.2687
-18.3874
-18.5018
-18.6106
-18.7125
-18.8064
-18.8917
-18.9687
-19.0389
-19.1057
-19.1746
-19.2519
-19.3458
-19.4641
-19.6141
-19.8009
-20.028
-20.2972
-20.6086
-20.9615
-21.3545
-21.7864
-22.2558
-22.7625
-23.307
-23.8911
-24.5179
-25.1918
-25.9182
-26.7035
-27.5542
-28.4774
-29.4792
-30.5644
-31.7362
-32.9957
-34.3405
-35.7653
-37.2613
-38.8154
-40.4108
-42.0281
-43.6495
-45.2656
-46.8375
-48.3285
-9.71233
-9.97852
-10.2303
-10.4698
-10.7102
-10.9482
-11.1815
-11.4094
-11.6323
-11.8506
-12.0645
-12.2741
-12.4794
-12.6805
-12.8775
-13.0705
-13.2597
-13.4451
-13.6269
-13.8052
-13.98
-14.1514
-14.3195
-14.4842
-14.6457
-14.8041
-14.9596
-15.1123
-15.2622
-15.4095
-15.5541
-15.696
-15.8353
-15.972
-16.1063
-16.2381
-16.3676
-16.4948
-16.6198
-16.7425
-16.8628
-16.981
-17.097
-17.2109
-17.3226
-17.4321
-17.5394
-17.6442
-17.7464
-17.8457
-17.9417
-18.0341
-18.1221
-18.205
-18.2818
-18.3515
-18.413
-18.4656
-18.5088
-18.5428
-18.5688
-18.5888
-18.6068
-18.6283
-18.6604
-18.7107
-18.7867
-18.8955
-19.0422
-19.2301
-19.4608
-19.7347
-20.051
-20.4088
-20.8069
-21.2449
-21.7228
-22.2415
-22.8029
-23.4108
-24.0694
-24.7848
-25.5634
-26.4126
-27.3396
-28.3512
-29.4536
-30.6512
-31.9462
-33.338
-34.823
-36.3945
-38.0413
-39.7494
-41.5003
-43.2739
-45.0526
-46.8295
-48.5651
-50.2196
-10.2092
-10.4791
-10.7335
-10.9752
-11.2178
-11.4579
-11.6931
-11.9225
-12.1466
-12.3658
-12.5804
-12.7904
-12.9959
-13.1968
-13.3934
-13.5858
-13.774
-13.9583
-14.1388
-14.3155
-14.4884
-14.6577
-14.8233
-14.9852
-15.1437
-15.2989
-15.4507
-15.5994
-15.745
-15.8875
-16.0269
-16.1632
-16.2965
-16.4265
-16.5534
-16.6773
-16.7982
-16.916
-17.0307
-17.1422
-17.2503
-17.3551
-17.4564
-17.5543
-17.6484
-17.7387
-17.8248
-17.9063
-17.9827
-18.0535
-18.1183
-18.1762
-18.2264
-18.2682
-18.3006
-18.3227
-18.3344
-18.3356
-18.327
-18.3103
-18.2888
-18.2662
-18.2484
-18.2425
-18.2559
-18.2961
-18.3697
-18.4817
-18.6358
-18.8334
-19.0748
-19.3592
-19.6857
-20.0536
-20.4624
-20.9124
-21.4047
-21.9414
-22.526
-23.1631
-23.8584
-24.6188
-25.4516
-26.3643
-27.3647
-28.4596
-29.6542
-30.9525
-32.3557
-33.862
-35.4663
-37.1605
-38.9329
-40.7679
-42.6464
-44.548
-46.4556
-48.3648
-50.2368
-52.0298
-10.7291
-11.0025
-11.2592
-11.5027
-11.7472
-11.9892
-12.2258
-12.4562
-12.681
-12.9008
-13.1156
-13.3256
-13.5307
-13.7311
-13.927
-14.1183
-14.3053
-14.4882
-14.6669
-14.8416
-15.0123
-15.1791
-15.3419
-15.5009
-15.6562
-15.8078
-15.9558
-16.1003
-16.2414
-16.3789
-16.5131
-16.6436
-16.7705
-16.8938
-17.0133
-17.1293
-17.2415
-17.3499
-17.4544
-17.5547
-17.6506
-17.742
-17.8286
-17.9104
-17.987
-18.0578
-18.1225
-18.1804
-18.2309
-18.2731
-18.3065
-18.3302
-18.3434
-18.3454
-18.3357
-18.3141
-18.2811
-18.2381
-18.1872
-18.1317
-18.0763
-18.0263
-17.989
-17.9716
-17.9813
-18.025
-18.1074
-18.2322
-18.4009
-18.6138
-18.8704
-19.1694
-19.5103
-19.8924
-20.316
-20.7822
-21.2932
-21.8521
-22.4632
-23.1324
-23.8659
-24.6714
-25.5563
-26.5287
-27.596
-28.7646
-30.0393
-31.4232
-32.9164
-34.5163
-36.2169
-38.0089
-39.8794
-41.8136
-43.7916
-45.793
-47.8008
-49.8132
-51.7933
-53.6985
-11.2732
-11.5496
-11.8083
-12.0532
-12.2994
-12.5427
-12.7803
-13.0113
-13.2365
-13.4563
-13.6708
-13.8803
-14.0847
-14.2842
-14.4788
-14.6687
-14.8541
-15.0351
-15.2117
-15.384
-15.5522
-15.7162
-15.8761
-16.0318
-16.1836
-16.3314
-16.4754
-16.6156
-16.752
-16.8847
-17.0134
-17.1381
-17.2588
-17.3752
-17.4875
-17.5955
-17.6992
-17.7983
-17.8926
-17.9819
-18.0658
-18.144
-18.2162
-18.2821
-18.3411
-18.3926
-18.436
-18.4705
-18.4951
-18.5092
-18.512
-18.5027
-18.4808
-18.4459
-18.3982
-18.3386
-18.2685
-18.1906
-18.1083
-18.0264
-17.9509
-17.8881
-17.8454
-17.8299
-17.8479
-17.9048
-18.0038
-18.1471
-18.3348
-18.5666
-18.8413
-19.1577
-19.5154
-19.9142
-20.3553
-20.8404
-21.3724
-21.9553
-22.5944
-23.2956
-24.0662
-24.9136
-25.8459
-26.8708
-27.9953
-29.2255
-30.5655
-32.0176
-33.5811
-35.2526
-37.025
-38.8891
-40.8317
-42.8371
-44.8869
-46.9605
-49.0408
-51.1271
-53.1873
-55.1769
-11.8424
-12.1214
-12.3817
-12.6277
-12.8751
-13.1194
-13.3574
-13.5886
-13.8135
-14.0328
-14.2466
-14.4551
-14.6584
-14.8564
-15.0494
-15.2375
-15.4209
-15.5995
-15.7737
-15.9434
-16.1086
-16.2696
-16.4261
-16.5784
-16.7265
-16.8704
-17.0102
-17.1461
-17.2778
-17.4054
-17.5288
-17.6477
-17.7622
-17.872
-17.977
-18.0773
-18.1726
-18.2627
-18.3472
-18.4257
-18.4979
-18.5632
-18.6213
-18.6716
-18.7134
-18.746
-18.7684
-18.7799
-18.7796
-18.7665
-18.7403
-18.7004
-18.6466
-18.5793
-18.4995
-18.409
-18.3105
-18.2079
-18.106
-18.0103
-17.9273
-17.864
-17.8271
-17.8233
-17.8578
-17.9343
-18.0548
-18.2198
-18.429
-18.6812
-18.9753
-19.3104
-19.6861
-20.1031
-20.5629
-21.0678
-21.6214
-22.2283
-22.894
-23.6253
-24.4292
-25.3134
-26.2857
-27.3537
-28.5239
-29.8018
-31.1909
-32.6929
-34.3062
-36.0271
-37.848
-39.7589
-41.7476
-43.7985
-45.8933
-48.0124
-50.1384
-52.2715
-54.3833
-56.431
-12.4378
-12.7189
-12.9803
-13.2269
-13.4751
-13.7198
-13.9578
-14.1885
-14.4128
-14.6311
-14.8437
-15.0507
-15.2523
-15.4485
-15.6394
-15.8252
-16.006
-16.182
-16.3533
-16.5199
-16.682
-16.8395
-16.9925
-17.1411
-17.2853
-17.4251
-17.5607
-17.692
-17.819
-17.9417
-18.0598
-18.1731
-18.2815
-18.3849
-18.4831
-18.5759
-18.6632
-18.7446
-18.8196
-18.8878
-18.9486
-19.0015
-19.0459
-19.081
-19.1061
-19.1202
-19.1225
-19.112
-19.0879
-19.0496
-18.9967
-18.9294
-18.8481
-18.7539
-18.6488
-18.5358
-18.4184
-18.3014
-18.1905
-18.0919
-18.0122
-17.9581
-17.9358
-17.9507
-18.0068
-18.1063
-18.2502
-18.4382
-18.6693
-18.9424
-19.2561
-19.6099
-20.0039
-20.439
-20.9172
-21.4414
-22.0155
-22.6446
-23.3343
-24.0915
-24.9234
-25.8373
-26.8409
-27.9412
-29.1445
-30.4555
-31.8774
-33.4106
-35.054
-36.8025
-38.6495
-40.5844
-42.595
-44.6666
-46.7818
-48.9216
-51.0686
-53.2226
-55.3599
-57.4397
-13.0605
-13.3431
-13.605
-13.8518
-14.1001
-14.3446
-14.5821
-14.8119
-15.0348
-15.2516
-15.4625
-15.6676
-15.867
-16.0608
-16.2491
-16.4322
-16.61
-16.7829
-16.9509
-17.1141
-17.2726
-17.4264
-17.5756
-17.7202
-17.8603
-17.9959
-18.1272
-18.2539
-18.3763
-18.494
-18.6069
-18.7147
-18.8174
-18.9146
-19.0062
-19.092
-19.1717
-19.2449
-19.3109
-19.3691
-19.419
-19.46
-19.4911
-19.5116
-19.5206
-19.5171
-19.5003
-19.4692
-19.4231
-19.3621
-19.2859
-19.1956
-19.0923
-18.9777
-18.8549
-18.7275
-18.6002
-18.4785
-18.3681
-18.2755
-18.2071
-18.169
-18.1665
-18.2039
-18.2839
-18.4078
-18.5756
-18.7864
-19.0389
-19.332
-19.6645
-20.0362
-20.4474
-20.8996
-21.3949
-21.9366
-22.5289
-23.1769
-23.8865
-24.6643
-25.5175
-26.4532
-27.4786
-28.6001
-29.8235
-31.153
-32.5914
-34.1386
-35.7932
-37.55
-39.4018
-41.3389
-43.3497
-45.4198
-47.5333
-49.671
-51.8165
-53.9682
-56.1072
-58.1953
-13.7117
-13.9951
-14.2569
-14.5031
-14.751
-14.9947
-15.2309
-15.4592
-15.6803
-15.895
-16.1036
-16.3062
-16.5029
-16.6938
-16.879
-17.0587
-17.2332
-17.4025
-17.5668
-17.7262
-17.8807
-18.0305
-18.1756
-18.3161
-18.4519
-18.5832
-18.7099
-18.8321
-18.9497
-19.0625
-19.1703
-19.2729
-19.37
-19.4614
-19.5468
-19.6259
-19.6984
-19.7638
-19.8212
-19.8701
-19.9096
-19.939
-19.9574
-19.9639
-19.9577
-19.9377
-19.9031
-19.8532
-19.7878
-19.7072
-19.6118
-19.5035
-19.3838
-19.2555
-19.1224
-18.9887
-18.8596
-18.7409
-18.6385
-18.5588
-18.5072
-18.4894
-18.5097
-18.5711
-18.6756
-18.8233
-19.0138
-19.246
-19.5185
-19.83
-20.1798
-20.5677
-20.9943
-21.4616
-21.9717
-22.5281
-23.1352
-23.7981
-24.5226
-25.315
-26.1823
-27.1312
-28.1685
-29.3002
-30.5315
-31.8659
-33.3055
-34.8508
-36.4994
-38.2463
-40.0846
-42.0054
-43.9966
-46.0456
-48.1371
-50.2531
-52.377
-54.5062
-56.6255
-58.7012
-14.3924
-14.6759
-14.9368
-15.1818
-15.4285
-15.6707
-15.905
-16.131
-16.3497
-16.5617
-16.7674
-16.9669
-17.1603
-17.3477
-17.5292
-17.7051
-17.8756
-18.0409
-18.201
-18.3561
-18.5064
-18.6519
-18.7927
-18.9287
-19.0601
-19.1869
-19.309
-19.4266
-19.5394
-19.6474
-19.7502
-19.8477
-19.9395
-20.0252
-20.1047
-20.1776
-20.2432
-20.301
-20.3503
-20.3902
-20.4197
-20.4381
-20.4443
-20.4377
-20.417
-20.3818
-20.3312
-20.2648
-20.183
-20.0865
-19.9766
-19.8553
-19.7252
-19.5898
-19.453
-19.32
-19.1958
-19.0864
-18.9972
-18.9344
-18.9029
-18.9072
-18.9512
-19.0365
-19.1644
-19.3345
-19.546
-19.7975
-20.0877
-20.4155
-20.7804
-21.1822
-21.6221
-22.1017
-22.6236
-23.1915
-23.8095
-24.4826
-25.2164
-26.0172
-26.8914
-27.8452
-28.885
-30.0163
-31.2437
-32.5706
-33.9984
-35.5272
-37.1546
-38.8761
-40.6853
-42.5728
-44.528
-46.5389
-48.591
-50.6681
-52.7532
-54.8428
-56.9245
-58.9691
-15.1038
-15.3867
-15.6458
-15.8888
-16.1336
-16.3735
-16.6052
-16.8282
-17.0437
-17.2524
-17.4545
-17.6502
-17.8396
-18.0228
-18.2
-18.3715
-18.5374
-18.698
-18.8535
-19.0039
-19.1496
-19.2904
-19.4266
-19.558
-19.6847
-19.8068
-19.9243
-20.0372
-20.1453
-20.2484
-20.3464
-20.4388
-20.5254
-20.6057
-20.6794
-20.7461
-20.8052
-20.8558
-20.8972
-20.9282
-20.9482
-20.9559
-20.9507
-20.9315
-20.8977
-20.8487
-20.7841
-20.704
-20.6091
-20.5006
-20.3806
-20.2515
-20.1168
-19.9799
-19.8453
-19.718
-19.6034
-19.5073
-19.4349
-19.3915
-19.3814
-19.4084
-19.4752
-19.5831
-19.7326
-19.9229
-20.153
-20.4214
-20.7268
-21.0684
-21.4457
-21.8589
-22.309
-22.798
-23.3285
-23.904
-24.5285
-25.207
-25.9449
-26.7477
-27.6216
-28.5726
-29.6064
-30.728
-31.9411
-33.2494
-34.6536
-36.1539
-37.7474
-39.4307
-41.1966
-43.0374
-44.9426
-46.901
-48.8998
-50.9232
-52.9551
-54.9907
-57.0199
-59.018
-15.8469
-16.1284
-16.385
-16.6251
-16.8671
-17.104
-17.3322
-17.5515
-17.7631
-17.9676
-18.1653
-18.3564
-18.541
-18.7193
-18.8915
-19.0578
-19.2186
-19.3739
-19.5242
-19.6694
-19.8099
-19.9457
-20.0768
-20.2032
-20.325
-20.4423
-20.555
-20.6631
-20.7664
-20.8648
-20.9579
-21.0453
-21.1267
-21.2016
-21.2697
-21.3303
-21.3827
-21.4262
-21.4596
-21.4821
-21.4927
-21.4901
-21.4739
-21.4433
-21.3974
-21.3366
-21.2603
-21.1693
-21.0648
-20.9484
-20.8227
-20.6906
-20.5558
-20.4221
-20.2939
-20.1768
-20.0753
-19.9949
-19.9409
-19.9173
-19.9286
-19.9772
-20.0654
-20.1938
-20.3623
-20.5701
-20.8159
-21.0984
-21.4164
-21.769
-22.156
-22.5777
-23.0352
-23.5304
-24.066
-24.6452
-25.2721
-25.9513
-26.6877
-27.487
-28.3543
-29.2953
-30.3154
-31.4188
-32.6093
-33.8895
-35.2604
-36.722
-38.2716
-39.9054
-41.6175
-43.4002
-45.2445
-47.1393
-49.0729
-51.031
-52.998
-54.9677
-56.9328
-58.8722
-16.623
-16.9021
-17.1553
-17.3917
-17.6302
-17.863
-18.0869
-18.3016
-18.5083
-18.7077
-18.9001
-19.0858
-19.2648
-19.4373
-19.6037
-19.7641
-19.919
-20.0685
-20.2128
-20.3523
-20.4871
-20.6172
-20.7428
-20.8638
-20.9804
-21.0925
-21.2001
-21.3031
-21.4014
-21.4948
-21.5829
-21.6652
-21.7413
-21.8107
-21.8729
-21.9273
-21.9729
-22.0091
-22.0346
-22.0483
-22.0496
-22.0372
-22.0108
-21.9696
-21.9134
-21.8425
-21.757
-21.6581
-21.5474
-21.4269
-21.2996
-21.1685
-21.0373
-20.9105
-20.7919
-20.6871
-20.6003
-20.537
-20.5016
-20.4978
-20.5292
-20.5978
-20.7051
-20.8515
-21.0364
-21.2589
-21.5177
-21.8114
-22.1391
-22.5
-22.8938
-23.321
-23.7828
-24.281
-24.8182
-25.3975
-26.0227
-26.6982
-27.4285
-28.2187
-29.0739
-29.9991
-30.9988
-32.0774
-33.2379
-34.4826
-35.8124
-37.2273
-38.7248
-40.3011
-41.9509
-43.6673
-45.4416
-47.2642
-49.1238
-51.0075
-52.9009
-54.7961
-56.6878
-58.5587
-17.4333
-17.7089
-17.9577
-18.1896
-18.4235
-18.6515
-18.87
-19.0791
-19.28
-19.4733
-19.6594
-19.8386
-20.011
-20.1769
-20.3366
-20.4903
-20.6385
-20.7813
-20.9191
-21.052
-21.1804
-21.3043
-21.4237
-21.5388
-21.6495
-21.7558
-21.8578
-21.9554
-22.0483
-22.1363
-22.2189
-22.2957
-22.3661
-22.4297
-22.4855
-22.5332
-22.5716
-22.6
-22.6172
-22.6223
-22.6144
-22.5925
-22.5567
-22.5061
-22.4411
-22.3624
-22.2702
-22.1666
-22.0528
-21.9315
-21.8057
-21.6789
-21.5544
-21.4367
-21.3297
-21.2386
-21.1674
-21.121
-21.1037
-21.1185
-21.1683
-21.2548
-21.3788
-21.5405
-21.739
-21.9735
-22.2423
-22.5446
-22.8791
-23.2454
-23.6433
-24.0732
-24.5364
-25.0346
-25.5702
-26.1461
-26.766
-27.4338
-28.1539
-28.9306
-29.7689
-30.6731
-31.6474
-32.6955
-33.8204
-35.0241
-36.3071
-37.6692
-39.1083
-40.6215
-42.2029
-43.847
-45.5454
-47.2894
-49.0691
-50.8719
-52.6846
-54.4993
-56.311
-58.1064
-18.2788
-18.55
-18.7934
-19.0198
-19.2482
-19.4702
-19.6823
-19.8846
-20.0785
-20.2646
-20.4434
-20.615
-20.7798
-20.938
-21.09
-21.2361
-21.3766
-21.5119
-21.6422
-21.7679
-21.889
-22.0058
-22.1183
-22.2266
-22.3306
-22.4305
-22.5262
-22.6175
-22.7042
-22.786
-22.8625
-22.933
-22.9969
-23.0537
-23.1025
-23.1427
-23.1731
-23.1932
-23.2017
-23.198
-23.181
-23.1503
-23.106
-23.0474
-22.9758
-22.8912
-22.7952
-22.6892
-22.5751
-22.4561
-22.3343
-22.2139
-22.098
-21.991
-21.8966
-21.8194
-21.764
-21.7341
-21.7339
-21.7657
-21.8321
-21.9341
-22.0723
-22.2466
-22.456
-22.6995
-22.9758
-23.2839
-23.6227
-23.9919
-24.3912
-24.8212
-25.283
-25.7783
-26.3094
-26.879
-27.4903
-28.147
-28.8534
-29.6131
-30.4306
-31.3099
-32.2548
-33.2687
-34.3538
-35.5121
-36.7444
-38.0499
-39.4272
-40.8725
-42.3823
-43.9499
-45.5686
-47.2304
-48.9255
-50.6439
-52.372
-54.1021
-55.83
-57.5449
-19.1608
-19.4264
-19.6633
-19.8831
-20.1049
-20.3197
-20.5242
-20.7186
-20.9042
-21.0819
-21.252
-21.4149
-21.5709
-21.7204
-21.8636
-22.0009
-22.1327
-22.2594
-22.3812
-22.4985
-22.6114
-22.7201
-22.8247
-22.9252
-23.0216
-23.1139
-23.2021
-23.2861
-23.3655
-23.44
-23.5091
-23.5722
-23.6284
-23.6772
-23.7178
-23.7494
-23.7711
-23.7821
-23.7817
-23.7687
-23.7431
-23.7043
-23.6523
-23.5874
-23.5108
-23.4229
-23.3253
-23.2194
-23.1077
-22.9927
-22.8772
-22.7649
-22.659
-22.5631
-22.4818
-22.4188
-22.3785
-22.3642
-22.3795
-22.4265
-22.5072
-22.6226
-22.7725
-22.9569
-23.1747
-23.4249
-23.7062
-24.0176
-24.3583
-24.7278
-25.1262
-25.5539
-26.012
-26.502
-27.0261
-27.5867
-28.187
-28.83
-29.5198
-30.2595
-31.0536
-31.9051
-32.8178
-33.7945
-34.8374
-35.9479
-37.1267
-38.3734
-39.6866
-41.0627
-42.4981
-43.9878
-45.5253
-47.1027
-48.7122
-50.3434
-51.9852
-53.6289
-55.2707
-56.9025
-20.0807
-20.3394
-20.5686
-20.7805
-20.9942
-21.2006
-21.3961
-21.5812
-21.7572
-21.9252
-22.0854
-22.2383
-22.3841
-22.5234
-22.6566
-22.7838
-22.9056
-23.0224
-23.1345
-23.2421
-23.3455
-23.4448
-23.5402
-23.6316
-23.7189
-23.8024
-23.8817
-23.9568
-24.0273
-24.093
-24.153
-24.2071
-24.2539
-24.2934
-24.3244
-24.3462
-24.3581
-24.3595
-24.3495
-24.3277
-24.294
-24.248
-24.19
-24.1204
-24.0407
-23.9513
-23.8542
-23.7505
-23.6431
-23.534
-23.4259
-23.3224
-23.2271
-23.1431
-23.0747
-23.0253
-22.9993
-22.9995
-23.0288
-23.0894
-23.1827
-23.3091
-23.4686
-23.6609
-23.8847
-24.1392
-24.4232
-24.7358
-25.0763
-25.4442
-25.8395
-26.2628
-26.7151
-27.1977
-27.7127
-28.2624
-28.8494
-29.4768
-30.1478
-30.8659
-31.6344
-32.4564
-33.3351
-34.2731
-35.2723
-36.3339
-37.4584
-38.6455
-39.8935
-41.2003
-42.5616
-43.9732
-45.4289
-46.9223
-48.4457
-49.9904
-51.5452
-53.1022
-54.6577
-56.2063
-21.0397
-21.29
-21.5101
-21.7126
-21.9169
-22.1133
-22.2984
-22.4726
-22.6376
-22.7944
-22.9433
-23.0846
-23.2188
-23.3465
-23.468
-23.5836
-23.6938
-23.7991
-23.8998
-23.9961
-24.0883
-24.1765
-24.2609
-24.3415
-24.418
-24.4908
-24.5593
-24.6236
-24.6834
-24.7381
-24.7872
-24.8302
-24.866
-24.8945
-24.9144
-24.9253
-24.9267
-24.918
-24.8985
-24.8684
-24.8271
-24.775
-24.7123
-24.64
-24.5592
-24.4703
-24.3753
-24.2757
-24.1738
-24.0715
-23.972
-23.8783
-23.7937
-23.7214
-23.6656
-23.6294
-23.6168
-23.6302
-23.6723
-23.7449
-23.8488
-23.9843
-24.1514
-24.3494
-24.5774
-24.8343
-25.1191
-25.431
-25.7693
-26.1337
-26.5243
-26.9415
-27.3863
-27.86
-28.3643
-28.9014
-29.4737
-30.0838
-30.735
-31.43
-32.1717
-32.9634
-33.8073
-34.7062
-35.6611
-36.6736
-37.7442
-38.8724
-40.0562
-41.2941
-42.5826
-43.9174
-45.2931
-46.704
-48.1429
-49.6023
-51.0718
-52.543
-54.0141
-55.48
-22.0393
-22.2796
-22.4887
-22.6803
-22.8734
-23.0581
-23.231
-23.3929
-23.5453
-23.6891
-23.8249
-23.953
-24.0738
-24.1881
-24.2962
-24.3983
-24.4951
-24.5869
-24.6742
-24.7571
-24.836
-24.9109
-24.9822
-25.0496
-25.1131
-25.1727
-25.2282
-25.2794
-25.3261
-25.3676
-25.4035
-25.4335
-25.4563
-25.4722
-25.4798
-25.479
-25.4693
-25.4504
-25.4221
-25.3843
-25.3366
-25.2801
-25.2146
-25.1411
-25.0607
-24.9739
-24.8828
-24.7885
-24.6929
-24.5986
-24.5081
-24.4242
-24.3503
-24.2899
-24.2461
-24.2226
-24.2224
-24.2481
-24.3017
-24.3846
-24.4975
-24.6406
-24.8135
-25.0156
-25.2459
-25.5035
-25.7875
-26.0971
-26.4319
-26.7914
-27.1758
-27.5855
-28.0215
-28.485
-28.9775
-29.5008
-30.0574
-30.6495
-31.28
-31.9512
-32.666
-33.427
-34.2362
-35.0961
-36.0076
-36.9719
-37.9897
-39.0602
-40.1819
-41.3532
-42.571
-43.8316
-45.1301
-46.461
-47.8185
-49.195
-50.5816
-51.9702
-53.3588
-54.7442
-23.0808
-23.3092
-23.5055
-23.6843
-23.8642
-24.0353
-24.1942
-24.3417
-24.4795
-24.6084
-24.7291
-24.8419
-24.9474
-25.0462
-25.1386
-25.2251
-25.3062
-25.3821
-25.4535
-25.5205
-25.5835
-25.6425
-25.6978
-25.7493
-25.7969
-25.8408
-25.8804
-25.9159
-25.9469
-25.9728
-25.9935
-26.0083
-26.0168
-26.0187
-26.0132
-26.0002
-25.9798
-25.9512
-25.9147
-25.8704
-25.8182
-25.7585
-25.6919
-25.619
-25.5404
-25.4572
-25.371
-25.283
-25.1945
-25.1085
-25.027
-24.9534
-24.8901
-24.8411
-24.8092
-24.7976
-24.8091
-24.846
-24.9099
-25.0019
-25.1225
-25.2716
-25.4489
-25.6537
-25.885
-26.142
-26.4239
-26.73
-27.06
-27.4134
-27.7906
-28.1919
-28.6181
-29.0704
-29.5503
-30.0594
-30.5996
-31.1733
-31.7827
-32.4303
-33.1183
-33.8489
-34.6242
-35.4461
-36.3156
-37.2336
-38.2003
-39.2156
-40.2779
-41.3854
-42.536
-43.7255
-44.9503
-46.2053
-47.4847
-48.7824
-50.0896
-51.3992
-52.7088
-54.0169
-24.1652
-24.3798
-24.5613
-24.7249
-24.8895
-25.0448
-25.1874
-25.3182
-25.439
-25.5507
-25.6539
-25.7491
-25.8368
-25.9174
-25.9916
-26.0597
-26.1222
-26.1795
-26.2321
-26.2802
-26.3242
-26.3642
-26.4004
-26.4329
-26.4615
-26.4866
-26.5074
-26.5242
-26.5371
-26.5451
-26.5486
-26.5467
-26.5397
-26.5267
-26.5079
-26.4832
-26.4522
-26.415
-26.3718
-26.3223
-26.2672
-26.2062
-26.1399
-26.069
-25.9937
-25.9154
-25.8346
-25.7534
-25.6726
-25.5955
-25.5234
-25.46
-25.4074
-25.3694
-25.3489
-25.3486
-25.3711
-25.4183
-25.4914
-25.5914
-25.7184
-25.8725
-26.053
-26.2593
-26.4906
-26.746
-27.0248
-27.3266
-27.6508
-27.9974
-28.3666
-28.7587
-29.1746
-29.6153
-30.0822
-30.5766
-31.1005
-31.6558
-32.2445
-32.8687
-33.5305
-34.232
-34.9746
-35.76
-36.5892
-37.4631
-38.3818
-39.3444
-40.3506
-41.3981
-42.485
-43.608
-44.7633
-45.9464
-47.1526
-48.3758
-49.6079
-50.8426
-52.0779
-53.3128
-25.2934
-25.4918
-25.6558
-25.8019
-25.9489
-26.0857
-26.2094
-26.321
-26.422
-26.5137
-26.5965
-26.671
-26.7378
-26.7972
-26.8499
-26.8964
-26.9371
-26.9725
-27.0028
-27.0287
-27.0502
-27.0677
-27.0813
-27.0915
-27.098
-27.1011
-27.1003
-27.0962
-27.0885
-27.077
-27.0618
-27.0425
-27.0192
-26.9917
-26.96
-26.9243
-26.8842
-26.8399
-26.7913
-26.7385
-26.682
-26.6212
-26.5565
-26.4886
-26.4176
-26.3446
-26.2699
-26.1959
-26.1233
-26.0548
-25.9923
-25.9389
-25.8969
-25.87
-25.8603
-25.8707
-25.9035
-25.96
-26.0415
-26.1484
-26.2811
-26.4391
-26.6219
-26.829
-27.0594
-27.3125
-27.5877
-27.8845
-28.2026
-28.5419
-28.9026
-29.2853
-29.6906
-30.1196
-30.5734
-31.0534
-31.5611
-32.0984
-32.667
-33.2688
-33.9055
-34.5789
-35.2904
-36.0417
-36.833
-37.6653
-38.5387
-39.4524
-40.4061
-41.3978
-42.4252
-43.4861
-44.5765
-45.6929
-46.8307
-47.9842
-49.1464
-50.3112
-51.4767
-52.6431
-26.4653
-26.645
-26.7888
-26.9144
-27.0409
-27.1565
-27.2581
-27.3471
-27.4253
-27.4935
-27.5525
-27.6027
-27.6448
-27.6793
-27.7069
-27.7279
-27.743
-27.7527
-27.757
-27.7568
-27.7524
-27.7439
-27.7316
-27.7161
-27.6976
-27.6761
-27.6514
-27.6244
-27.5946
-27.5628
-27.5281
-27.4913
-27.4524
-27.411
-27.3673
-27.3222
-27.2741
-27.2242
-27.172
-27.1173
-27.0605
-27.0011
-26.939
-26.8751
-26.8089
-26.7418
-26.6738
-26.6072
-26.5428
-26.4828
-26.4299
-26.3862
-26.3547
-26.3383
-26.3392
-26.36
-26.4022
-26.4675
-26.5565
-26.6697
-26.807
-26.9683
-27.1529
-27.3601
-27.5893
-27.8397
-28.1109
-28.4024
-28.7142
-29.0461
-29.3984
-29.7716
-30.1665
-30.5839
-31.0249
-31.4908
-31.9829
-32.5029
-33.0524
-33.6329
-34.2461
-34.8932
-35.5757
-36.2946
-37.0508
-37.8445
-38.6758
-39.5444
-40.4494
-41.3894
-42.3624
-43.3657
-44.3966
-45.4512
-46.5256
-47.615
-48.7127
-49.8126
-50.9133
-52.0162
-27.6797
-27.8375
-27.9581
-28.0601
-28.1627
-28.2534
-28.3295
-28.3923
-28.4435
-28.4844
-28.5153
-28.5371
-28.5502
-28.5557
-28.5538
-28.5451
-28.5306
-28.5104
-28.4848
-28.4551
-28.4208
-28.383
-28.3421
-28.2983
-28.2525
-28.2044
-28.1544
-28.1037
-28.0513
-27.9989
-27.9454
-27.892
-27.8382
-27.7844
-27.7305
-27.6774
-27.6232
-27.5695
-27.5151
-27.4598
-27.4038
-27.3466
-27.288
-27.2282
-27.1671
-27.1057
-27.0443
-26.9847
-26.9282
-26.8769
-26.8335
-26.7996
-26.7782
-26.7719
-26.7827
-26.8131
-26.8643
-26.9376
-27.0335
-27.1522
-27.2938
-27.4578
-27.6437
-27.8508
-28.0785
-28.3262
-28.5933
-28.8798
-29.1853
-29.51
-29.8542
-30.2183
-30.6032
-31.0095
-31.4384
-31.8909
-32.3682
-32.8719
-33.4034
-33.9641
-34.5551
-35.1778
-35.8336
-36.5229
-37.2465
-38.0047
-38.7976
-39.6247
-40.4852
-41.3777
-42.3008
-43.2516
-44.2279
-45.2262
-46.2429
-47.2734
-48.3118
-49.3522
-50.3937
-51.4383
-28.9338
-29.0657
-29.1593
-29.2342
-29.3088
-29.3706
-29.4167
-29.4489
-29.4689
-29.4779
-29.4762
-29.465
-29.4445
-29.4164
-29.3804
-29.338
-29.2895
-29.2354
-29.1763
-29.1135
-29.0464
-28.9769
-28.9049
-28.8312
-28.7569
-28.6814
-28.606
-28.5317
-28.4575
-28.3853
-28.3144
-28.2459
-28.179
-28.1148
-28.0522
-27.9927
-27.9343
-27.8778
-27.8223
-27.7672
-27.7127
-27.6579
-27.6028
-27.5471
-27.4911
-27.4352
-27.3802
-27.3276
-27.2789
-27.2361
-27.2014
-27.1769
-27.1651
-27.1684
-27.1888
-27.2281
-27.2877
-27.3682
-27.4704
-27.5942
-27.7395
-27.906
-28.093
-28.2999
-28.5262
-28.7712
-29.0346
-29.3163
-29.6161
-29.9341
-30.2707
-30.6264
-31.0019
-31.3979
-31.8154
-32.2555
-32.7192
-33.2079
-33.7228
-34.265
-34.836
-35.4364
-36.0673
-36.7296
-37.4234
-38.1495
-38.9074
-39.6967
-40.5168
-41.3664
-42.244
-43.1474
-44.0743
-45.0214
-45.9854
-46.9627
-47.9472
-48.9335
-49.9213
-50.9128
-30.2218
-30.3234
-30.3855
-30.4288
-30.4709
-30.499
-30.5104
-30.5071
-30.4909
-30.4628
-30.424
-30.375
-30.3162
-30.2501
-30.1755
-30.0954
-30.0089
-29.9178
-29.8223
-29.7234
-29.6223
-29.5189
-29.4149
-29.3108
-29.2082
-29.1055
-29.0059
-28.9091
-28.8145
-28.7246
-28.638
-28.5565
-28.4787
-28.4053
-28.3362
-28.2719
-28.2103
-28.1518
-28.0959
-28.0416
-27.9885
-27.9361
-27.8843
-27.8327
-27.7814
-27.7307
-27.6817
-27.6357
-27.5942
-27.5593
-27.5329
-27.5173
-27.5145
-27.5268
-27.556
-27.6037
-27.6708
-27.7582
-27.866
-27.9944
-28.1432
-28.3119
-28.5
-28.7068
-28.9318
-29.1745
-29.4346
-29.7121
-30.0069
-30.3189
-30.6488
-30.9969
-31.364
-31.7507
-32.1579
-32.5868
-33.0381
-33.5131
-34.013
-34.5386
-35.0912
-35.6712
-36.2799
-36.9177
-37.5849
-38.2816
-39.008
-39.7632
-40.5471
-41.358
-42.1948
-43.0555
-43.9378
-44.8387
-45.7556
-46.6847
-47.6207
-48.5583
-49.4975
-50.4411
-31.5344
-31.6005
-31.6262
-31.6327
-31.6371
-31.626
-31.5976
-31.5535
-31.4961
-31.426
-31.3451
-31.2536
-31.1527
-31.0444
-30.928
-30.8065
-30.6798
-30.5491
-30.4153
-30.2793
-30.1435
-30.0063
-29.8704
-29.7371
-29.6072
-29.4795
-29.3574
-29.2396
-29.1275
-29.022
-28.9221
-28.8294
-28.7424
-28.6617
-28.588
-28.519
-28.4548
-28.3955
-28.3391
-28.2851
-28.2332
-28.1832
-28.134
-28.0857
-28.0384
-27.9922
-27.9487
-27.9087
-27.874
-27.8465
-27.8281
-27.8207
-27.8263
-27.8469
-27.8841
-27.9393
-28.0134
-28.1068
-28.2199
-28.3525
-28.5044
-28.6752
-28.8644
-29.0712
-29.2953
-29.5362
-29.7936
-30.0677
-30.3582
-30.6653
-30.9894
-31.3309
-31.6907
-32.0694
-32.4676
-32.8866
-33.3269
-33.7898
-34.2761
-34.7871
-35.323
-35.8851
-36.4738
-37.0896
-37.7329
-38.4034
-39.1016
-39.8264
-40.5778
-41.3544
-42.1545
-42.9768
-43.8192
-44.6791
-45.5539
-46.4399
-47.3325
-48.2267
-49.1225
-50.0232
-32.8581
-32.8825
-32.8662
-32.8307
-32.7915
-32.7358
-32.6621
-32.5724
-32.4684
-32.3524
-32.2252
-32.0876
-31.9411
-31.7878
-31.6274
-31.4625
-31.295
-31.1234
-30.9511
-30.7793
-30.6089
-30.4398
-30.2736
-30.1136
-29.9577
-29.8085
-29.6655
-29.53
-29.4031
-29.2838
-29.1728
-29.0708
-28.9762
-28.8899
-28.8113
-28.7389
-28.6727
-28.6118
-28.5546
-28.5007
-28.4497
-28.4008
-28.3535
-28.3077
-28.2636
-28.2214
-28.1825
-28.1478
-28.1193
-28.0984
-28.0872
-28.0872
-28.1005
-28.1286
-28.173
-28.235
-28.3153
-28.4143
-28.532
-28.6685
-28.8232
-28.996
-29.1863
-29.3935
-29.617
-29.8567
-30.1122
-30.3835
-30.6707
-30.9738
-31.2932
-31.6295
-31.9831
-32.355
-32.7458
-33.1563
-33.5872
-34.0395
-34.5143
-35.0122
-35.5336
-36.0796
-36.6507
-37.2472
-37.8691
-38.5165
-39.1897
-39.8877
-40.6101
-41.3559
-42.1237
-42.9123
-43.7192
-44.5426
-45.3798
-46.2278
-47.0818
-47.9372
-48.7946
-49.6573
-34.174
-34.1502
-34.0864
-34.0034
-33.9153
-33.8098
-33.6859
-33.5459
-33.392
-33.2262
-33.0497
-32.8641
-32.6703
-32.4705
-32.2659
-32.0582
-31.8493
-31.639
-31.4304
-31.224
-31.0216
-30.8233
-30.6307
-30.4458
-30.2678
-30.0997
-29.9391
-29.7886
-29.6484
-29.518
-29.3978
-29.2877
-29.1867
-29.0951
-29.0117
-28.9362
-28.8672
-28.804
-28.7458
-28.691
-28.6396
-28.5909
-28.5446
-28.5005
-28.4585
-28.4195
-28.3844
-28.3543
-28.331
-28.3161
-28.3112
-28.3179
-28.3379
-28.3726
-28.4234
-28.4914
-28.5772
-28.6811
-28.803
-28.9428
-29.1002
-29.2749
-29.4664
-29.6742
-29.8977
-30.1367
-30.3909
-30.6603
-30.9452
-31.2453
-31.5612
-31.8935
-32.2424
-32.609
-32.9938
-33.397
-33.8202
-34.2636
-34.7285
-35.2152
-35.7243
-36.2564
-36.8119
-37.3916
-37.9947
-38.622
-39.2731
-39.9473
-40.6444
-41.3633
-42.1027
-42.861
-43.6371
-44.4283
-45.2324
-46.0467
-46.8667
-47.688
-48.5113
-49.3406
-35.4583
-35.3808
-35.2645
-35.1296
-34.9876
-34.828
-34.6508
-34.4571
-34.2515
-34.0337
-33.8077
-33.5733
-33.3324
-33.0876
-32.8402
-32.5917
-32.3435
-32.0984
-31.8558
-31.6183
-31.3885
-31.1638
-30.9489
-30.7423
-30.5464
-30.3612
-30.1861
-30.0231
-29.8717
-29.7322
-29.6035
-29.4859
-29.3791
-29.2821
-29.1937
-29.1146
-29.0422
-28.9759
-28.9154
-28.8586
-28.806
-28.7565
-28.7099
-28.6663
-28.6256
-28.5886
-28.5564
-28.53
-28.5111
-28.501
-28.5015
-28.5139
-28.5396
-28.5801
-28.6365
-28.7096
-28.8002
-28.9083
-29.0339
-29.1767
-29.3365
-29.513
-29.7058
-29.9144
-30.1383
-30.377
-30.6307
-30.8991
-31.1824
-31.4808
-31.7945
-32.1238
-32.4695
-32.832
-33.2121
-33.6101
-34.0268
-34.4633
-34.9198
-35.3972
-35.8957
-36.4161
-36.9586
-37.5233
-38.1106
-38.7203
-39.3521
-40.0059
-40.6808
-41.376
-42.0905
-42.8229
-43.5716
-44.3346
-45.1099
-45.8947
-46.6848
-47.4762
-48.2697
-49.0696
-36.6848
-36.5489
-36.377
-36.1866
-35.9886
-35.7726
-35.5404
-35.2926
-35.0341
-34.7661
-34.4912
-34.2105
-33.925
-33.6378
-33.3512
-33.0657
-32.7826
-32.5064
-32.2339
-31.9707
-31.7167
-31.4704
-31.2364
-31.0126
-30.8011
-30.6015
-30.4143
-30.2412
-30.08
-29.9317
-29.7953
-29.6711
-29.558
-29.4549
-29.3616
-29.2773
-29.2006
-29.1304
-29.0662
-29.0065
-28.9512
-28.8997
-28.8517
-28.8074
-28.767
-28.7312
-28.7008
-28.6771
-28.6615
-28.6553
-28.6601
-28.6771
-28.7077
-28.7529
-28.8139
-28.8914
-28.986
-29.0977
-29.2263
-29.3717
-29.5337
-29.712
-29.9061
-30.1157
-30.3403
-30.5793
-30.833
-31.1012
-31.384
-31.6815
-31.994
-32.3218
-32.6654
-33.0251
-33.402
-33.7961
-34.2082
-34.6392
-35.0891
-35.5591
-36.0488
-36.5593
-37.0909
-37.6431
-38.2167
-38.8113
-39.4268
-40.0627
-40.7185
-41.3935
-42.0863
-42.7962
-43.5211
-44.2598
-45.0099
-45.769
-46.5335
-47.2989
-48.0666
-48.841
-37.8271
-37.6305
-37.4021
-37.1549
-36.901
-36.6285
-36.3426
-36.043
-35.7346
-35.419
-35.0986
-34.776
-34.4502
-34.1255
-33.804
-33.4864
-33.1745
-32.8707
-32.5744
-32.2896
-32.0157
-31.752
-31.5018
-31.2641
-31.0394
-30.828
-30.6311
-30.4482
-30.2781
-30.122
-29.9781
-29.8469
-29.7265
-29.6171
-29.5176
-29.4272
-29.3451
-29.2698
-29.2008
-29.1369
-29.0777
-29.023
-28.9726
-28.9266
-28.8854
-28.8496
-28.8201
-28.798
-28.7846
-28.7812
-28.7893
-28.8099
-28.8442
-28.8933
-28.958
-29.039
-29.1367
-29.2513
-29.3825
-29.5301
-29.6941
-29.874
-30.0695
-30.2803
-30.5057
-30.7456
-30.9999
-31.2685
-31.5516
-31.8492
-32.1614
-32.4887
-32.8314
-33.1897
-33.5645
-33.9563
-34.3653
-34.7921
-35.2371
-35.7011
-36.184
-36.6864
-37.2089
-37.7508
-38.313
-38.8951
-39.4964
-40.1173
-40.757
-41.4144
-42.0888
-42.779
-43.4838
-44.2015
-44.93
-45.6674
-46.4095
-47.1528
-47.8982
-48.6506
-38.863
-38.6057
-38.3229
-38.0216
-37.7137
-37.389
-37.0527
-36.7056
-36.3525
-35.9943
-35.6347
-35.2744
-34.9151
-34.5591
-34.2078
-33.8638
-33.5285
-33.2017
-32.8866
-32.5839
-32.2939
-32.0159
-31.753
-31.5027
-31.2674
-31.046
-30.8398
-30.6479
-30.4697
-30.3055
-30.1538
-30.0148
-29.8868
-29.7704
-29.6634
-29.5664
-29.4774
-29.396
-29.321
-29.2516
-29.1875
-29.1285
-29.0745
-29.0259
-28.9829
-28.9462
-28.9166
-28.895
-28.8828
-28.8811
-28.8914
-28.9146
-28.9517
-29.0037
-29.0711
-29.1548
-29.255
-29.3718
-29.5051
-29.6547
-29.8203
-30.0018
-30.1987
-30.4107
-30.6374
-30.8783
-31.1338
-31.4034
-31.6876
-31.9859
-32.2988
-32.6263
-32.969
-33.3272
-33.7012
-34.0916
-34.4985
-34.9226
-35.364
-35.8236
-36.3013
-36.7974
-37.3123
-37.8462
-38.3988
-38.9701
-39.5601
-40.1684
-40.7944
-41.4371
-42.0959
-42.7699
-43.4575
-44.1574
-44.8675
-45.5863
-46.3095
-47.034
-47.7608
-48.4948
-39.7762
-39.4638
-39.1308
-38.7809
-38.424
-38.053
-37.6727
-37.2849
-36.8938
-36.5003
-36.108
-35.7162
-35.3296
-34.9483
-34.5735
-34.2072
-33.8536
-33.5096
-33.178
-32.8609
-32.5581
-32.2684
-31.9937
-31.7329
-31.4884
-31.2581
-31.0426
-30.8424
-30.6557
-30.4829
-30.3235
-30.1757
-30.0399
-29.9151
-29.8002
-29.6953
-29.5987
-29.5099
-29.428
-29.3521
-29.2821
-29.2178
-29.1594
-29.1072
-29.0616
-29.023
-28.9923
-28.9702
-28.9581
-28.9572
-28.9687
-28.9935
-29.0326
-29.0865
-29.1559
-29.2414
-29.3433
-29.4619
-29.5969
-29.7482
-29.9154
-30.0983
-30.2966
-30.5099
-30.738
-30.9805
-31.2375
-31.5086
-31.7941
-32.094
-32.408
-32.7366
-33.0802
-33.4389
-33.813
-34.2029
-34.6086
-35.0312
-35.4704
-35.9266
-36.4003
-36.8915
-37.4007
-37.9279
-38.4728
-39.0358
-39.6165
-40.2143
-40.8288
-41.4595
-42.1055
-42.7658
-43.4391
-44.1242
-44.8194
-45.5227
-46.2304
-46.9393
-47.6506
-48.3698
-40.5626
-40.2039
-39.8264
-39.4356
-39.0372
-38.628
-38.2123
-37.7917
-37.3693
-36.9475
-36.5291
-36.1136
-35.7049
-35.3028
-34.9104
-34.5276
-34.1588
-33.8002
-33.4557
-33.1268
-32.8127
-32.5119
-32.2275
-31.9576
-31.7036
-31.4644
-31.24
-31.031
-30.8357
-30.6541
-30.4858
-30.3291
-30.1844
-30.0507
-29.9273
-29.8137
-29.7088
-29.6119
-29.5221
-29.439
-29.3623
-29.292
-29.2285
-29.172
-29.1228
-29.0815
-29.0487
-29.0252
-29.0123
-29.0113
-29.0231
-29.0487
-29.0887
-29.1437
-29.2143
-29.301
-29.4043
-29.5242
-29.6606
-29.8133
-29.9818
-30.1661
-30.3658
-30.5806
-30.8104
-31.0547
-31.3134
-31.5864
-31.8737
-32.1753
-32.4911
-32.8213
-33.1663
-33.5259
-33.9008
-34.2908
-34.6964
-35.1179
-35.5556
-36.0098
-36.4804
-36.9679
-37.4727
-37.9946
-38.5335
-39.0898
-39.6629
-40.2523
-40.8577
-41.4789
-42.1144
-42.7636
-43.4253
-44.0985
-44.7814
-45.4725
-46.1681
-46.865
-47.5644
-48.2714
-41.2294
-40.8323
-40.4207
-39.9971
-39.566
-39.1281
-38.6844
-38.2383
-37.7917
-37.3494
-36.9099
-36.4774
-36.0511
-35.633
-35.2265
-34.8311
-34.4491
-34.0788
-33.7234
-33.3833
-33.0588
-32.7483
-32.4547
-32.1753
-31.9121
-31.6641
-31.4306
-31.2122
-31.0078
-30.8166
-30.6389
-30.473
-30.319
-30.1761
-30.0435
-29.9207
-29.8069
-29.7013
-29.6033
-29.5124
-29.4286
-29.3519
-29.2826
-29.221
-29.1675
-29.1225
-29.0867
-29.0611
-29.0466
-29.0446
-29.0559
-29.0814
-29.1215
-29.1769
-29.248
-29.3355
-29.4397
-29.5607
-29.6983
-29.8521
-30.0219
-30.2075
-30.4087
-30.6253
-30.8569
-31.1032
-31.3638
-31.6388
-31.9281
-32.2318
-32.5496
-32.8818
-33.2283
-33.5892
-33.965
-34.3557
-34.7613
-35.1825
-35.6192
-36.0717
-36.5403
-37.025
-37.5263
-38.0442
-38.5785
-39.1294
-39.6964
-40.2794
-40.8778
-41.4911
-42.1184
-42.7591
-43.4119
-44.0757
-44.7492
-45.4307
-46.117
-46.805
-47.496
-48.1941
-41.7917
-41.3667
-40.9308
-40.4815
-40.0278
-39.5688
-39.1041
-38.6395
-38.1756
-37.7172
-37.2624
-36.8155
-36.3761
-35.9462
-35.5271
-35.1212
-34.7277
-34.3472
-33.9815
-33.6309
-33.2964
-32.9765
-32.673
-32.3847
-32.1115
-31.8542
-31.6113
-31.3829
-31.1686
-30.968
-30.7803
-30.605
-30.4414
-30.289
-30.147
-30.0148
-29.8918
-29.7773
-29.6708
-29.572
-29.4809
-29.3973
-29.3217
-29.2544
-29.1958
-29.1464
-29.1069
-29.0783
-29.0615
-29.0576
-29.0676
-29.092
-29.1315
-29.1866
-29.2578
-29.3457
-29.4505
-29.5723
-29.7108
-29.8657
-30.0368
-30.2239
-30.4269
-30.6454
-30.879
-31.1272
-31.3899
-31.6671
-31.9587
-32.2646
-32.5845
-32.9184
-33.2666
-33.629
-34.0058
-34.3971
-34.8031
-35.2241
-35.6599
-36.1112
-36.5779
-37.0605
-37.5591
-38.0738
-38.6044
-39.1511
-39.7134
-40.2914
-40.8842
-41.4914
-42.1127
-42.7469
-43.3929
-44.05
-44.7165
-45.3913
-46.0714
-46.753
-47.4388
-48.1318
-42.271
-41.829
-41.3741
-40.9087
-40.4394
-39.9651
-39.4853
-39.0079
-38.5304
-38.0594
-37.5936
-37.1338
-36.6842
-36.244
-35.8139
-35.3984
-34.9939
-34.6036
-34.2278
-33.8671
-33.522
-33.1923
-32.8789
-32.581
-32.2981
-32.0307
-31.7777
-31.5392
-31.3149
-31.1043
-30.9069
-30.722
-30.549
-30.3872
-30.2357
-30.0942
-29.962
-29.8387
-29.7239
-29.6172
-29.5186
-29.4279
-29.3456
-29.2719
-29.2076
-29.1531
-29.1093
-29.077
-29.057
-29.0504
-29.058
-29.0806
-29.1188
-29.1731
-29.244
-29.3319
-29.4371
-29.5594
-29.6987
-29.8548
-30.0274
-30.2163
-30.4211
-30.6416
-30.8773
-31.1277
-31.3928
-31.6724
-31.9662
-32.2742
-32.5961
-32.9318
-33.2814
-33.6451
-34.0228
-34.4146
-34.8207
-35.2411
-35.6764
-36.1265
-36.5915
-37.0723
-37.5684
-38.0802
-38.6075
-39.151
-39.7096
-40.2832
-40.8722
-41.4749
-42.0914
-42.7211
-43.3621
-44.0147
-44.6765
-45.3471
-46.0234
-46.7027
-47.3855
-48.0764
-42.6859
-42.2335
-41.7656
-41.2914
-40.8102
-40.3242
-39.8348
-39.3472
-38.8595
-38.3778
-37.9018
-37.4321
-36.9732
-36.5222
-36.083
-35.657
-35.2421
-34.8415
-34.4555
-34.0847
-33.729
-33.3895
-33.066
-32.7579
-32.4651
-32.1874
-31.9244
-31.6759
-31.4418
-31.2216
-31.0149
-30.8208
-30.6388
-30.4678
-30.3074
-30.157
-30.0162
-29.8846
-29.7618
-29.6475
-29.5414
-29.4434
-29.3541
-29.2738
-29.2033
-29.1433
-29.0945
-29.0577
-29.0337
-29.0234
-29.0279
-29.048
-29.0844
-29.1375
-29.2076
-29.2952
-29.4003
-29.523
-29.6633
-29.8208
-29.995
-30.1858
-30.3927
-30.6154
-30.8534
-31.1063
-31.3738
-31.6558
-31.9518
-32.2618
-32.5855
-32.9228
-33.2736
-33.6382
-34.0164
-34.4083
-34.8141
-35.2339
-35.6681
-36.1167
-36.5801
-37.0586
-37.5525
-38.0615
-38.5861
-39.1265
-39.6822
-40.2523
-40.8378
-41.4373
-42.0506
-42.6765
-43.3144
-43.9641
-44.6237
-45.2916
-45.9665
-46.646
-47.3292
-48.0207
-43.0843
-42.6232
-42.1479
-41.6646
-41.1741
-40.6779
-40.1805
-39.6818
-39.185
-38.6915
-38.205
-37.7257
-37.2547
-36.793
-36.3432
-35.9049
-35.479
-35.0666
-34.6692
-34.2868
-33.9201
-33.5695
-33.2349
-32.916
-32.6126
-32.3243
-32.051
-31.7926
-31.5489
-31.3194
-31.1037
-30.9008
-30.71
-30.5304
-30.3614
-30.2026
-30.0536
-29.914
-29.7832
-29.6609
-29.5469
-29.441
-29.3439
-29.2561
-29.1785
-29.1118
-29.0566
-29.0137
-28.9841
-28.9689
-28.9691
-28.9856
-29.0192
-29.0702
-29.139
-29.2257
-29.3307
-29.454
-29.5955
-29.7548
-29.9312
-30.1243
-30.3338
-30.5593
-30.8003
-31.0563
-31.3267
-31.6112
-31.9096
-32.2217
-32.5471
-32.8858
-33.2376
-33.6026
-33.9807
-34.3721
-34.777
-35.1954
-35.6278
-36.0744
-36.5353
-37.0111
-37.5021
-38.0081
-38.5296
-39.0665
-39.619
-40.1862
-40.7678
-41.3651
-41.9759
-42.599
-43.2357
-43.8831
-44.5424
-45.21
-45.8854
-46.5667
-47.2537
-47.9487
-43.5587
-43.0867
-42.6015
-42.1062
-41.6033
-41.0949
-40.5844
-40.0713
-39.5612
-39.0531
-38.5515
-38.0576
-37.5706
-37.094
-36.6283
-36.1744
-35.7332
-35.3057
-34.8931
-34.496
-34.115
-33.7503
-33.402
-33.0698
-32.7535
-32.453
-32.1681
-31.8986
-31.6444
-31.4049
-31.1795
-30.9672
-30.7672
-30.5786
-30.4008
-30.2332
-30.0753
-29.9267
-29.7867
-29.6548
-29.5309
-29.4151
-29.3079
-29.21
-29.1224
-29.0458
-28.9809
-28.9288
-28.8906
-28.8676
-28.861
-28.8719
-28.9008
-28.9482
-29.0145
-29.0999
-29.2048
-29.3292
-29.4727
-29.6346
-29.8143
-30.0113
-30.2251
-30.4551
-30.7006
-30.9609
-31.2354
-31.5236
-31.8253
-32.1401
-32.4677
-32.8077
-33.1602
-33.5251
-33.9026
-34.2927
-34.6955
-35.1114
-35.5407
-35.9837
-36.4409
-36.9125
-37.399
-37.9006
-38.4176
-38.9501
-39.4983
-40.0619
-40.6399
-41.2341
-41.8423
-42.4638
-43.0996
-43.7467
-44.4062
-45.0754
-45.7538
-46.4399
-47.1343
-47.8379
-81.3842
-80.8531
-80.3775
-79.8172
-79.0889
-78.1529
-76.9787
-75.5566
-73.898
-72.0339
-70.0108
-67.8787
-65.6859
-63.4749
-61.2783
-59.1195
-57.0135
-54.9684
-52.9886
-51.0752
-49.2277
-47.4445
-45.7235
-44.0625
-42.4591
-40.911
-39.416
-37.9721
-36.577
-35.2291
-33.9263
-32.6668
-31.449
-30.2712
-29.132
-28.0299
-26.9636
-25.9318
-24.9332
-23.9668
-23.0316
-22.1263
-21.2503
-20.4025
-19.5821
-18.7884
-18.0208
-17.2784
-16.5607
-15.8672
-15.1971
-14.55
-13.9253
-13.3225
-12.7411
-12.1805
-11.6404
-11.1202
-10.6194
-10.1376
-9.67434
-9.22917
-8.80164
-8.39129
-7.99766
-7.6203
-7.25872
-6.91246
-6.58105
-6.26404
-5.96093
-5.67127
-5.39459
-5.13043
-4.87835
-4.63788
-4.4086
-4.19005
-3.98179
-3.78342
-3.59451
-3.41463
-3.2434
-3.08043
-2.92536
-2.77783
-2.63749
-2.504
-2.37706
-2.25636
-2.1416
-2.0325
-1.9288
-1.83024
-1.73657
-1.64755
-1.56297
-1.48263
-1.4063
-1.33382
-1.26498
-1.19963
-1.1376
-1.07871
-1.02283
-0.969805
-0.919504
-0.871784
-0.826524
-0.783599
-0.742903
-0.704323
-0.667758
-0.633111
-0.600281
-0.569184
-0.539719
-0.511816
-0.485406
-0.460393
-0.436711
-0.414302
-0.393094
-0.373019
-0.354022
-0.336056
-0.319071
-0.303009
-0.287804
-0.273413
-0.259811
-0.246958
-0.23479
-0.223262
-0.212378
-0.20212
-0.192397
-0.183142
-0.174405
-0.166211
-0.158398
-0.150868
-0.14379
-0.137296
-0.131041
-0.124856
-0.119148
-0.11394
-0.108614
-0.1033
-0.0989922
-0.0949677
-0.0902446
-0.0860028
-0.0829181
-0.0788622
-0.0742786
-0.071725
-0.0692015
-0.0649716
-0.0621412
-0.0606825
-0.0570104
-0.0530677
-0.051834
-0.0496252
-0.0455136
-0.044538
-0.0441257
-0.0411233
-0.0397267
-0.0377688
-0.0326888
-0.0317309
-0.0318522
-0.0292141
-0.0330502
-0.0335931
-0.0267166
-0.0296696
-0.0280245
-0.0218203
-0.0301468
-0.0265497
-0.0236539
-0.0314503
-0.0219836
-0.031155
-0.0321318
-0.0238206
-0.0442132
-0.0248005
-0.0435532
-0.0461123
-0.0381567
-0.0603809
-0.0501624
-0.0858296
-0.0647615
-0.239599
-81.0399
-80.516
-80.0506
-79.5076
-78.8093
-77.9192
-76.8035
-75.4472
-73.8596
-72.0672
-70.1104
-68.0379
-65.8967
-63.7293
-61.5689
-59.4399
-57.3583
-55.3334
-53.37
-51.47
-49.6331
-47.8582
-46.1437
-44.487
-42.8863
-41.3393
-39.844
-38.3984
-37.0005
-35.6485
-34.3405
-33.075
-31.8503
-30.6648
-29.5173
-28.4063
-27.3305
-26.2888
-25.28
-24.3031
-23.357
-22.4408
-21.5536
-20.6946
-19.863
-19.0582
-18.2794
-17.526
-16.7975
-16.0932
-15.4126
-14.7551
-14.1203
-13.5076
-12.9166
-12.3468
-11.7977
-11.2688
-10.7597
-10.2699
-9.79907
-9.34666
-8.91223
-8.49534
-8.09554
-7.71235
-7.34529
-6.99386
-6.65761
-6.33604
-6.02865
-5.73498
-5.45455
-5.18689
-4.93154
-4.68802
-4.45588
-4.23467
-4.02394
-3.82325
-3.63218
-3.45029
-3.27718
-3.11245
-2.95573
-2.80666
-2.66489
-2.53007
-2.40187
-2.27999
-2.16413
-2.05401
-1.94933
-1.84985
-1.75533
-1.66552
-1.58019
-1.49914
-1.42214
-1.34901
-1.27959
-1.21367
-1.1511
-1.09172
-1.03537
-0.981909
-0.93118
-0.883061
-0.837425
-0.794149
-0.753116
-0.71422
-0.677356
-0.642424
-0.609328
-0.577973
-0.548262
-0.520128
-0.493496
-0.468272
-0.444395
-0.421799
-0.400412
-0.380166
-0.361008
-0.342889
-0.325758
-0.309553
-0.294213
-0.279693
-0.265967
-0.252993
-0.240706
-0.229067
-0.21808
-0.207718
-0.19789
-0.18854
-0.179723
-0.171447
-0.163535
-0.155913
-0.148764
-0.142172
-0.135797
-0.129527
-0.123811
-0.118562
-0.113098
-0.107674
-0.103349
-0.0992284
-0.0942301
-0.0899962
-0.0871671
-0.0829467
-0.0779032
-0.0755365
-0.07304
-0.0681303
-0.0654018
-0.064346
-0.0602191
-0.0566604
-0.0558949
-0.0526985
-0.0485705
-0.0480678
-0.0461793
-0.0430058
-0.0437789
-0.042444
-0.0374253
-0.0363871
-0.0338363
-0.029321
-0.032956
-0.0326259
-0.0284446
-0.0335163
-0.0294024
-0.0249869
-0.0320185
-0.0255234
-0.0281658
-0.0321379
-0.0208313
-0.0348708
-0.0294864
-0.0293455
-0.0443073
-0.0221051
-0.0485679
-0.0409342
-0.0464182
-0.0652087
-0.0540757
-0.0869262
-0.0536487
-0.180296
-80.6657
-80.1468
-79.6895
-79.1678
-78.5037
-77.6585
-76.6024
-75.3177
-73.8057
-72.0888
-70.2038
-68.1956
-66.1104
-63.9898
-61.8677
-59.7698
-57.7134
-55.709
-53.7621
-51.8757
-50.0497
-48.2831
-46.5746
-44.9224
-43.3241
-41.7778
-40.2819
-38.8342
-37.433
-36.0765
-34.7629
-33.491
-32.2589
-31.0654
-29.909
-28.7886
-27.7029
-26.6507
-25.6311
-24.643
-23.6855
-22.7577
-21.8588
-20.988
-20.1446
-19.328
-18.5375
-17.7726
-17.0327
-16.3172
-15.6256
-14.9575
-14.3122
-13.6894
-13.0885
-12.5092
-11.9509
-11.4133
-10.8958
-10.398
-9.91951
-9.45983
-9.01855
-8.59515
-8.18919
-7.80021
-7.42771
-7.07116
-6.73011
-6.40404
-6.09246
-5.79487
-5.51079
-5.23974
-4.98124
-4.73479
-4.49993
-4.27619
-4.06311
-3.86024
-3.66713
-3.48335
-3.30849
-3.14213
-2.98389
-2.8334
-2.6903
-2.55425
-2.4249
-2.30193
-2.18505
-2.07398
-1.96842
-1.8681
-1.77278
-1.68223
-1.59621
-1.51451
-1.4369
-1.3632
-1.29322
-1.22679
-1.16374
-1.10391
-1.04713
-0.993252
-0.942143
-0.893657
-0.847675
-0.804076
-0.76274
-0.723555
-0.686418
-0.651228
-0.617886
-0.586296
-0.556371
-0.52803
-0.501193
-0.475779
-0.451728
-0.428963
-0.407414
-0.387016
-0.367714
-0.349456
-0.332191
-0.315856
-0.30039
-0.285752
-0.271916
-0.258835
-0.246445
-0.23471
-0.223631
-0.213173
-0.203243
-0.193802
-0.18491
-0.176556
-0.168558
-0.160861
-0.15365
-0.146954
-0.140462
-0.134126
-0.128379
-0.123062
-0.11753
-0.112075
-0.107621
-0.103365
-0.0982846
-0.0939542
-0.0910539
-0.086952
-0.0818463
-0.0792147
-0.0766981
-0.0718092
-0.0688683
-0.0675689
-0.0634598
-0.0604121
-0.0595555
-0.0558169
-0.052314
-0.0517709
-0.0483944
-0.0450722
-0.0463484
-0.044739
-0.0415529
-0.0423213
-0.0386313
-0.0335716
-0.0352763
-0.031895
-0.0301676
-0.0352958
-0.0288878
-0.0293763
-0.0338266
-0.0244521
-0.0329402
-0.0309357
-0.0241809
-0.0381279
-0.0227845
-0.0341239
-0.0411106
-0.0256742
-0.050428
-0.0308859
-0.0483124
-0.0532973
-0.049491
-0.0730741
-0.0533471
-0.100874
-80.2645
-79.753
-79.3054
-78.7985
-78.1635
-77.3646
-76.3665
-75.1502
-73.7141
-72.0753
-70.2658
-68.3258
-66.2997
-64.2291
-62.1485
-60.0843
-58.0553
-56.0732
-54.1447
-52.2731
-50.4592
-48.702
-47.0006
-45.3533
-43.7584
-42.2137
-40.7176
-39.2683
-37.8641
-36.5035
-35.1848
-33.9066
-32.6674
-31.4659
-30.3009
-29.1711
-28.0755
-27.0128
-25.9823
-24.9829
-24.0138
-23.0741
-22.1632
-21.2804
-20.4249
-19.5963
-18.7938
-18.0171
-17.2655
-16.5385
-15.8357
-15.1566
-14.5006
-13.8675
-13.2567
-12.6677
-12.1002
-11.5537
-11.0277
-10.5219
-10.0358
-9.56882
-9.12065
-8.69077
-8.27869
-7.88392
-7.50599
-7.14437
-6.79856
-6.46806
-6.15236
-5.85095
-5.56333
-5.289
-5.02746
-4.7782
-4.54075
-4.31461
-4.09931
-3.89438
-3.69937
-3.51382
-3.33732
-3.16945
-3.0098
-2.858
-2.71369
-2.5765
-2.44611
-2.32216
-2.20435
-2.09241
-1.98604
-1.88496
-1.78893
-1.6977
-1.61104
-1.52874
-1.45057
-1.37635
-1.30588
-1.23899
-1.1755
-1.11525
-1.05807
-1.00383
-0.952371
-0.903563
-0.857271
-0.813378
-0.771767
-0.732322
-0.694938
-0.659514
-0.625951
-0.594153
-0.564034
-0.535509
-0.508493
-0.482917
-0.458707
-0.435791
-0.414099
-0.393567
-0.374136
-0.355753
-0.338367
-0.321914
-0.306336
-0.291593
-0.277659
-0.264485
-0.252005
-0.240184
-0.229022
-0.218476
-0.208453
-0.198931
-0.18997
-0.18154
-0.173461
-0.165703
-0.158444
-0.151646
-0.14504
-0.138662
-0.132876
-0.127439
-0.121855
-0.116481
-0.111868
-0.107341
-0.102333
-0.0980522
-0.0947294
-0.0906668
-0.0860363
-0.0830359
-0.0800618
-0.0756148
-0.072666
-0.0705951
-0.0665379
-0.0639563
-0.0625923
-0.058645
-0.0561131
-0.0551537
-0.0507728
-0.0478558
-0.0480541
-0.0447043
-0.0433862
-0.0455736
-0.0414232
-0.03888
-0.0402036
-0.0335491
-0.03319
-0.0361392
-0.0291427
-0.0340209
-0.0326288
-0.0259957
-0.0366191
-0.0266445
-0.0311373
-0.0387671
-0.0221301
-0.0383826
-0.0340066
-0.030507
-0.0509649
-0.0264271
-0.0571596
-0.0358062
-0.0576881
-0.0481672
-0.0538242
-0.0665966
-79.8393
-79.3359
-78.8976
-78.408
-77.7999
-77.0404
-76.0967
-74.9456
-73.5817
-72.0174
-70.2802
-68.4076
-66.4421
-64.4234
-62.3865
-60.3585
-58.3593
-56.4017
-54.4935
-52.6385
-50.8381
-49.092
-47.3993
-45.7585
-44.1681
-42.6263
-41.1312
-39.6814
-38.2754
-36.9116
-35.5886
-34.3051
-33.0595
-31.8509
-30.6779
-29.5394
-28.4344
-27.3619
-26.3211
-25.3109
-24.3307
-23.3796
-22.4572
-21.5627
-20.6955
-19.8552
-19.0411
-18.2529
-17.4899
-16.7518
-16.038
-15.3481
-14.6818
-14.0385
-13.4179
-12.8195
-12.2429
-11.6877
-11.1534
-10.6397
-10.1461
-9.67208
-9.2172
-8.78098
-8.36293
-7.96255
-7.57935
-7.21281
-6.86242
-6.52766
-6.20801
-5.90295
-5.61196
-5.33452
-5.0701
-4.81821
-4.57831
-4.34991
-4.13252
-3.92567
-3.72888
-3.5417
-3.36368
-3.19441
-3.03347
-2.88047
-2.73504
-2.59681
-2.46546
-2.34063
-2.22199
-2.10925
-2.00216
-1.90041
-1.80373
-1.71189
-1.62466
-1.54182
-1.46315
-1.38845
-1.31754
-1.25023
-1.18635
-1.12572
-1.06819
-1.01362
-0.961855
-0.912757
-0.866196
-0.822047
-0.780192
-0.740518
-0.702916
-0.667287
-0.63353
-0.60155
-0.571258
-0.54257
-0.515405
-0.489684
-0.465335
-0.442287
-0.420469
-0.399817
-0.380272
-0.361779
-0.344285
-0.32773
-0.312053
-0.297221
-0.283201
-0.269942
-0.25738
-0.245483
-0.234248
-0.223624
-0.213521
-0.203929
-0.194907
-0.186401
-0.178246
-0.170436
-0.163141
-0.156256
-0.149536
-0.143128
-0.137314
-0.131725
-0.126047
-0.120823
-0.116137
-0.111231
-0.106275
-0.102272
-0.098461
-0.0940778
-0.0901335
-0.087053
-0.0832727
-0.0791663
-0.0765078
-0.0737053
-0.0695881
-0.0671481
-0.0652229
-0.0614022
-0.059338
-0.0578972
-0.0537372
-0.0515059
-0.0501956
-0.0454011
-0.0445253
-0.0457128
-0.0415964
-0.0419685
-0.0427588
-0.036629
-0.0382115
-0.036104
-0.0307742
-0.0380882
-0.030534
-0.0305407
-0.038298
-0.0250399
-0.0346544
-0.034016
-0.0272244
-0.0412306
-0.0300244
-0.0336537
-0.0451566
-0.0250987
-0.0605648
-0.0256987
-0.0653243
-0.0254896
-0.0535981
-0.0391419
-79.3921
-78.8967
-78.4691
-77.9971
-77.4159
-76.6948
-75.8015
-74.713
-73.4195
-71.9288
-70.265
-68.4609
-66.5567
-64.5913
-62.5994
-60.6091
-58.6412
-56.7094
-54.8225
-52.9851
-51.1991
-49.4649
-47.7816
-46.1481
-44.5629
-43.0243
-41.531
-40.0812
-38.6739
-37.3075
-35.9807
-34.6922
-33.4408
-32.2252
-31.0447
-29.8978
-28.7838
-27.7016
-26.6506
-25.6298
-24.6386
-23.6764
-22.7427
-21.8367
-20.958
-20.1062
-19.2807
-18.481
-17.7068
-16.9577
-16.2331
-15.5326
-14.8559
-14.2026
-13.5723
-12.9646
-12.3791
-11.8154
-11.273
-10.7515
-10.2505
-9.76956
-9.30811
-8.8657
-8.44184
-8.03602
-7.64772
-7.27644
-6.92163
-6.58278
-6.25935
-5.95081
-5.65661
-5.37623
-5.1091
-4.85471
-4.61252
-4.38202
-4.1627
-3.95406
-3.75563
-3.56694
-3.38753
-3.21698
-3.05487
-2.90079
-2.75436
-2.6152
-2.48297
-2.35734
-2.23796
-2.12453
-2.01677
-1.91441
-1.81716
-1.72478
-1.63705
-1.55372
-1.4746
-1.39949
-1.32819
-1.26051
-1.19627
-1.13532
-1.0775
-1.02263
-0.970602
-0.921248
-0.874449
-0.830078
-0.788015
-0.748141
-0.710353
-0.674546
-0.640622
-0.608487
-0.578048
-0.549225
-0.521928
-0.496081
-0.47161
-0.448447
-0.426521
-0.405764
-0.386118
-0.36753
-0.349947
-0.333304
-0.317544
-0.302634
-0.28854
-0.275206
-0.262572
-0.250609
-0.239311
-0.228619
-0.218449
-0.208797
-0.19972
-0.191143
-0.182915
-0.175059
-0.167735
-0.160782
-0.153961
-0.147512
-0.141679
-0.135963
-0.130146
-0.125027
-0.120393
-0.115161
-0.110101
-0.106416
-0.102344
-0.0974187
-0.0939041
-0.0910163
-0.086531
-0.0825571
-0.0802205
-0.0767964
-0.072787
-0.0705511
-0.0678202
-0.0640854
-0.0625417
-0.0604555
-0.056732
-0.0556192
-0.0534669
-0.0484125
-0.0476284
-0.046182
-0.0415516
-0.0437066
-0.0427659
-0.0381589
-0.0420651
-0.0369779
-0.0344343
-0.0395596
-0.0297481
-0.0352495
-0.0363364
-0.0282982
-0.0373141
-0.0312111
-0.0305521
-0.038136
-0.0281191
-0.0386293
-0.0389331
-0.0309124
-0.0523229
-0.0238996
-0.0609822
-0.0155781
-0.0575986
-0.00890425
-78.9277
-78.4418
-78.0213
-77.5637
-77.0092
-76.327
-75.4846
-74.4573
-73.2337
-71.8171
-70.2263
-68.4914
-66.6496
-64.7392
-62.794
-60.8428
-58.9073
-57.0028
-55.1381
-53.3193
-51.5486
-49.8268
-48.1534
-46.5276
-44.9481
-43.4133
-41.922
-40.4729
-39.0646
-37.6959
-36.3655
-35.0723
-33.8152
-32.593
-31.4047
-30.2496
-29.1266
-28.0349
-26.9736
-25.9423
-24.9403
-23.9669
-23.0218
-22.1043
-21.2142
-20.3507
-19.5138
-18.7028
-17.9173
-17.1571
-16.4217
-15.7107
-15.0237
-14.3605
-13.7205
-13.1035
-12.5092
-11.9369
-11.3865
-10.8574
-10.3491
-9.86133
-9.39344
-8.94497
-8.51543
-8.10431
-7.71107
-7.33519
-6.97614
-6.63336
-6.30632
-5.99446
-5.69722
-5.41405
-5.14437
-4.88765
-4.64333
-4.41087
-4.18976
-3.97949
-3.77956
-3.58949
-3.40884
-3.23714
-3.07398
-2.91893
-2.77161
-2.63163
-2.49864
-2.37229
-2.25225
-2.13821
-2.02987
-1.92696
-1.82921
-1.73636
-1.64819
-1.56446
-1.48494
-1.40947
-1.33783
-1.26984
-1.2053
-1.14407
-1.08598
-1.03087
-0.978611
-0.929045
-0.882041
-0.837477
-0.795233
-0.755191
-0.717246
-0.681292
-0.647226
-0.614961
-0.584401
-0.555464
-0.528054
-0.5021
-0.477529
-0.454268
-0.432249
-0.411405
-0.391674
-0.373008
-0.355351
-0.338636
-0.322809
-0.307834
-0.293676
-0.280278
-0.267581
-0.255563
-0.24421
-0.233461
-0.223235
-0.213535
-0.204407
-0.195766
-0.187473
-0.179574
-0.172216
-0.165213
-0.15832
-0.15182
-0.145947
-0.140155
-0.134224
-0.129083
-0.124517
-0.11917
-0.113925
-0.110316
-0.106239
-0.100935
-0.0974368
-0.0947078
-0.0899105
-0.085987
-0.0838177
-0.0799246
-0.0760407
-0.0741427
-0.0708663
-0.0670022
-0.0655396
-0.0629751
-0.0595628
-0.0589952
-0.0565995
-0.0525174
-0.0522126
-0.0489314
-0.0441454
-0.0455945
-0.0425212
-0.0401668
-0.0434883
-0.0370101
-0.0387944
-0.0400803
-0.0313444
-0.0388734
-0.0337942
-0.0311283
-0.0372596
-0.0324081
-0.0338455
-0.0363549
-0.028601
-0.0398636
-0.0322118
-0.0365365
-0.0394513
-0.0304918
-0.0491687
-0.0223373
-0.0562122
-0.00329797
-78.4437
-77.9692
-77.5605
-77.118
-76.5867
-75.9403
-75.1461
-74.178
-73.0227
-71.6793
-70.1622
-68.498
-66.7212
-64.8675
-62.9708
-61.0604
-59.1591
-57.2827
-55.4414
-53.6421
-51.8875
-50.1788
-48.5159
-46.8984
-45.3251
-43.7947
-42.3059
-40.8578
-39.4489
-38.0781
-36.7444
-35.4467
-34.1841
-32.9553
-31.7596
-30.5962
-29.4642
-28.3629
-27.2916
-26.2497
-25.2366
-24.2521
-23.2955
-22.3665
-21.4647
-20.5898
-19.7412
-18.9188
-18.1221
-17.3507
-16.6044
-15.8828
-15.1855
-14.5122
-13.8627
-13.2364
-12.6332
-12.0526
-11.4941
-10.9574
-10.442
-9.94744
-9.4732
-9.01879
-8.58369
-8.16739
-7.76936
-7.38903
-7.02588
-6.67934
-6.34885
-6.03384
-5.73373
-5.44792
-5.17586
-4.91696
-4.67067
-4.43642
-4.21367
-4.00191
-3.80063
-3.60934
-3.42756
-3.25486
-3.09076
-2.93487
-2.78678
-2.64609
-2.51244
-2.38547
-2.26486
-2.15029
-2.04146
-1.93808
-1.8399
-1.74665
-1.6581
-1.57402
-1.49418
-1.4184
-1.34647
-1.2782
-1.21341
-1.15195
-1.09364
-1.03834
-0.985882
-0.936137
-0.888963
-0.844237
-0.801843
-0.761664
-0.723591
-0.687517
-0.653341
-0.62097
-0.590312
-0.561278
-0.533777
-0.507738
-0.483087
-0.459748
-0.437653
-0.416739
-0.396943
-0.378214
-0.360498
-0.343726
-0.327846
-0.312819
-0.298609
-0.285157
-0.272409
-0.260344
-0.248946
-0.238149
-0.227877
-0.218137
-0.208965
-0.200266
-0.19192
-0.183986
-0.176586
-0.169533
-0.162609
-0.156072
-0.150116
-0.144269
-0.138313
-0.133065
-0.128432
-0.123159
-0.117863
-0.114027
-0.109945
-0.104669
-0.100993
-0.0981276
-0.093344
-0.0895432
-0.0872934
-0.0830582
-0.0793844
-0.0776142
-0.0738861
-0.0702232
-0.0686684
-0.0651584
-0.0619558
-0.061546
-0.0584694
-0.0556074
-0.0560298
-0.0519024
-0.0485479
-0.0491937
-0.0433593
-0.0429057
-0.0448064
-0.0376139
-0.0418025
-0.0395907
-0.0343189
-0.0403566
-0.0335856
-0.0357811
-0.0354197
-0.0324017
-0.0338074
-0.0364559
-0.0317698
-0.0383323
-0.030322
-0.0391427
-0.032289
-0.0378547
-0.0284207
-0.0231343
-0.0253636
-0.00389126
-77.9484
-77.4837
-77.0834
-76.6554
-76.1485
-75.536
-74.7887
-73.8787
-72.7897
-71.5183
-70.0748
-68.4823
-66.7708
-64.9752
-63.1292
-61.2615
-59.3958
-57.5488
-55.732
-53.9529
-52.2152
-50.5204
-48.8688
-47.26
-45.6935
-44.168
-42.6822
-41.2354
-39.8262
-38.4538
-37.117
-35.8152
-34.5471
-33.3121
-32.1091
-30.9375
-29.7965
-28.6855
-27.6041
-26.5516
-25.5277
-24.5319
-23.5639
-22.6233
-21.7098
-20.8232
-19.963
-19.129
-18.321
-17.5384
-16.7811
-16.0487
-15.3411
-14.6579
-13.9987
-13.3632
-12.7512
-12.1621
-11.5957
-11.0515
-10.529
-10.0278
-9.54727
-9.08702
-8.6465
-8.22515
-7.82246
-7.43785
-7.07077
-6.72063
-6.38687
-6.06887
-5.76605
-5.47779
-5.2035
-4.9426
-4.69449
-4.4586
-4.23438
-4.02129
-3.81881
-3.62644
-3.44369
-3.27009
-3.10521
-2.94859
-2.79984
-2.65855
-2.52434
-2.39685
-2.27577
-2.16077
-2.05153
-1.94777
-1.84923
-1.75565
-1.66678
-1.5824
-1.5023
-1.42626
-1.35409
-1.2856
-1.22061
-1.15896
-1.10048
-1.04501
-0.992399
-0.942511
-0.895205
-0.850355
-0.807844
-0.767559
-0.729386
-0.693219
-0.658958
-0.626509
-0.595776
-0.566667
-0.5391
-0.512997
-0.488283
-0.464885
-0.442734
-0.421766
-0.401922
-0.383149
-0.365388
-0.348573
-0.332652
-0.317585
-0.303334
-0.28984
-0.277052
-0.264951
-0.253517
-0.242681
-0.232374
-0.222604
-0.213395
-0.204646
-0.196255
-0.188299
-0.180855
-0.173743
-0.166808
-0.160274
-0.154213
-0.148268
-0.142376
-0.137061
-0.132183
-0.126985
-0.121893
-0.11774
-0.113437
-0.108453
-0.104697
-0.101431
-0.096757
-0.0930974
-0.090604
-0.0862115
-0.0826388
-0.0807353
-0.0767873
-0.0733916
-0.0716993
-0.0676516
-0.064445
-0.063501
-0.0596752
-0.0575073
-0.0579063
-0.05352
-0.0520329
-0.0521509
-0.0458394
-0.0466722
-0.0453443
-0.0394937
-0.0447523
-0.0387727
-0.0377664
-0.0404783
-0.0334128
-0.0385159
-0.0346967
-0.0359367
-0.0320888
-0.0378231
-0.0299705
-0.0370236
-0.0292361
-0.0376474
-0.0302106
-0.0400814
-0.0224069
-0.0350053
-0.0133889
-0.011057
-77.439
-76.9861
-76.5982
-76.1856
-75.7008
-75.1204
-74.4154
-73.5602
-72.5355
-71.3351
-69.9648
-68.4434
-66.799
-65.0635
-63.2692
-61.4459
-59.6173
-57.8009
-56.0098
-54.2519
-52.5318
-50.8515
-49.2118
-47.6125
-46.0532
-44.533
-43.0507
-41.6056
-40.1966
-38.8229
-37.4835
-36.1776
-34.9044
-33.663
-32.4528
-31.2731
-30.1233
-29.0027
-27.9112
-26.8481
-25.8131
-24.806
-23.8265
-22.8743
-21.9491
-21.0507
-20.1788
-19.3333
-18.5137
-17.7199
-16.9515
-16.2085
-15.4905
-14.7972
-14.1283
-13.4837
-12.8628
-12.2655
-11.6911
-11.1395
-10.61
-10.1021
-9.6155
-9.14952
-8.7037
-8.27746
-7.87025
-7.48152
-7.11067
-6.75712
-6.42024
-6.09944
-5.7941
-5.50356
-5.22723
-4.96449
-4.71474
-4.47738
-4.25185
-4.03759
-3.83407
-3.64077
-3.45719
-3.28285
-3.1173
-2.96008
-2.81079
-2.669
-2.53433
-2.40643
-2.28496
-2.16961
-2.06004
-1.95599
-1.85716
-1.76332
-1.6742
-1.58959
-1.50927
-1.43304
-1.36069
-1.29202
-1.22688
-1.16509
-1.10647
-1.05088
-0.998157
-0.948161
-0.900763
-0.855831
-0.813239
-0.772876
-0.734632
-0.6984
-0.664082
-0.631576
-0.600793
-0.571636
-0.544024
-0.517878
-0.493121
-0.469681
-0.447493
-0.426489
-0.406612
-0.387809
-0.370019
-0.353175
-0.337226
-0.322131
-0.30785
-0.294327
-0.281511
-0.269385
-0.257924
-0.247059
-0.236725
-0.226933
-0.217698
-0.208909
-0.200482
-0.192513
-0.185036
-0.177854
-0.170899
-0.1644
-0.158267
-0.152171
-0.146336
-0.141076
-0.135911
-0.130617
-0.125864
-0.121562
-0.11685
-0.112133
-0.108456
-0.104697
-0.100129
-0.096625
-0.0936777
-0.089324
-0.0859426
-0.0835175
-0.0794795
-0.0766144
-0.0745312
-0.0702556
-0.0676564
-0.0659262
-0.0613019
-0.0596604
-0.0589293
-0.0541885
-0.0545931
-0.0533593
-0.0476636
-0.0506111
-0.0460358
-0.0419674
-0.0468718
-0.0385082
-0.0412955
-0.0399181
-0.0364399
-0.0380576
-0.0336415
-0.0394195
-0.0296788
-0.0418494
-0.0250118
-0.042449
-0.0265447
-0.0379325
-0.0241741
-0.0342027
-0.0174901
-0.0382892
-0.00831916
-0.0129369
-76.9223
-76.4823
-76.1049
-75.7063
-75.2414
-74.6915
-74.0294
-73.2267
-72.2637
-71.1321
-69.8343
-68.3846
-66.8073
-65.1328
-63.3921
-61.6145
-59.8242
-58.0401
-56.2756
-54.5397
-52.838
-51.173
-49.5457
-47.9565
-46.4048
-44.8903
-43.412
-41.9689
-40.5604
-39.1857
-37.8438
-36.5342
-35.2559
-34.0084
-32.7911
-31.6032
-30.4446
-29.3146
-28.2128
-27.139
-26.093
-25.0746
-24.0835
-23.1195
-22.1825
-21.2723
-20.3887
-19.5313
-18.7002
-17.895
-17.1156
-16.3618
-15.6333
-14.93
-14.2515
-13.5977
-12.9681
-12.3624
-11.7802
-11.2211
-10.6847
-10.1704
-9.6777
-9.20614
-8.75514
-8.32416
-7.91261
-7.51993
-7.14549
-6.7887
-6.4489
-6.12548
-5.81778
-5.52515
-5.24696
-4.98257
-4.73134
-4.49269
-4.26603
-4.05077
-3.84637
-3.65229
-3.46804
-3.2931
-3.12702
-2.96933
-2.81961
-2.67744
-2.54242
-2.4142
-2.29244
-2.1768
-2.06699
-1.9627
-1.86367
-1.76963
-1.68035
-1.59557
-1.5151
-1.43872
-1.36625
-1.29748
-1.23222
-1.17033
-1.11162
-1.05595
-1.00315
-0.953096
-0.905639
-0.860657
-0.818021
-0.777615
-0.739332
-0.703065
-0.668713
-0.636177
-0.605363
-0.576182
-0.548546
-0.522376
-0.497597
-0.474137
-0.451931
-0.43091
-0.411015
-0.392197
-0.374389
-0.35753
-0.341567
-0.326457
-0.312161
-0.29862
-0.285788
-0.273648
-0.26217
-0.251283
-0.24093
-0.231126
-0.221872
-0.213054
-0.2046
-0.19662
-0.189125
-0.181884
-0.174885
-0.168418
-0.162274
-0.156032
-0.150171
-0.145028
-0.139704
-0.134175
-0.129642
-0.125397
-0.120315
-0.115694
-0.112145
-0.107943
-0.103431
-0.100131
-0.096716
-0.0923782
-0.0892356
-0.0863564
-0.0822045
-0.0796504
-0.0773678
-0.0732131
-0.0710947
-0.0689348
-0.0641554
-0.0627722
-0.0607474
-0.055789
-0.056721
-0.0539438
-0.0496848
-0.0529099
-0.0461704
-0.0456621
-0.0476763
-0.0390848
-0.0448406
-0.0379179
-0.0409496
-0.0363884
-0.0372397
-0.037954
-0.0295271
-0.0438719
-0.0203459
-0.0476052
-0.01825
-0.0449483
-0.0206565
-0.0367111
-0.0150488
-0.0284351
-0.00259273
-0.00948345
-76.4
-75.9722
-75.6035
-75.2183
-74.7755
-74.2549
-73.6304
-72.8773
-71.9755
-70.9118
-69.6846
-68.3058
-66.7966
-65.1842
-63.4985
-61.7681
-60.0176
-58.2669
-56.5303
-54.8173
-53.1345
-51.4853
-49.8711
-48.2924
-46.7491
-45.2406
-43.7666
-42.3262
-40.9184
-39.5429
-38.1989
-36.8856
-35.6024
-34.3488
-33.1243
-31.9285
-30.7609
-29.6213
-28.5093
-27.4248
-26.3678
-25.3379
-24.3351
-23.3593
-22.4103
-21.488
-20.5924
-19.7232
-18.8804
-18.0638
-17.2732
-16.5086
-15.7696
-15.0562
-14.3681
-13.7051
-13.0667
-12.4528
-11.8628
-11.2964
-10.7531
-10.2324
-9.73374
-9.25672
-8.80069
-8.36512
-7.94941
-7.55295
-7.17512
-6.81527
-6.47275
-6.14689
-5.83703
-5.5425
-5.26263
-4.99677
-4.74427
-4.50451
-4.27688
-4.0608
-3.85569
-3.661
-3.47622
-3.30083
-3.13435
-2.9763
-2.82627
-2.68383
-2.54857
-2.42013
-2.29817
-2.18235
-2.07237
-1.96793
-1.86876
-1.77461
-1.68522
-1.60036
-1.5198
-1.44334
-1.37078
-1.30194
-1.23663
-1.17468
-1.11593
-1.06022
-1.00739
-0.957314
-0.909835
-0.864834
-0.822185
-0.781772
-0.743483
-0.707208
-0.672847
-0.640304
-0.609486
-0.5803
-0.552661
-0.526489
-0.50171
-0.478252
-0.456047
-0.435026
-0.415131
-0.39631
-0.3785
-0.361639
-0.345673
-0.330563
-0.316264
-0.30272
-0.289884
-0.277739
-0.266253
-0.255355
-0.244991
-0.235181
-0.225915
-0.217081
-0.208611
-0.200619
-0.193112
-0.185839
-0.178794
-0.172311
-0.166191
-0.159893
-0.153936
-0.148836
-0.143518
-0.137791
-0.133244
-0.129093
-0.123828
-0.1192
-0.115732
-0.111186
-0.106683
-0.103591
-0.0997924
-0.095523
-0.0925603
-0.0892163
-0.0851609
-0.0827428
-0.079883
-0.0760866
-0.0743986
-0.0715749
-0.0673049
-0.066332
-0.0630108
-0.0587675
-0.0595797
-0.0544897
-0.0523783
-0.0546736
-0.0461378
-0.0493811
-0.0472684
-0.0413359
-0.0466594
-0.0373694
-0.0453029
-0.0321946
-0.0444566
-0.0314314
-0.0359187
-0.0402159
-0.0242086
-0.047329
-0.012634
-0.04543
-0.0147263
-0.0375274
-0.0173632
-0.0220547
-0.0123811
-0.00770841
-75.8699
-75.4568
-75.1011
-74.7283
-74.3035
-73.8099
-73.2229
-72.5175
-71.6724
-70.6732
-69.516
-68.2083
-66.7675
-65.2183
-63.5889
-61.9071
-60.198
-58.4819
-56.7742
-55.0855
-53.4225
-51.7896
-50.1888
-48.6211
-47.0866
-45.5849
-44.1155
-42.6778
-41.2713
-39.8952
-38.549
-37.2323
-35.9443
-34.6848
-33.4531
-32.2491
-31.0726
-29.9233
-28.8011
-27.7058
-26.6374
-25.596
-24.5813
-23.5935
-22.6323
-21.6979
-20.7902
-19.909
-19.0544
-18.2262
-17.4243
-16.6487
-15.8992
-15.1757
-14.478
-13.8057
-13.1587
-12.5364
-11.9387
-11.365
-10.8149
-10.2879
-9.78351
-9.30114
-8.84025
-8.40025
-7.98054
-7.58048
-7.19944
-6.83674
-6.49168
-6.16359
-5.85177
-5.55553
-5.27418
-5.00704
-4.75346
-4.51278
-4.28437
-4.06764
-3.862
-3.66686
-3.4817
-3.306
-3.13926
-2.981
-2.83077
-2.68816
-2.55277
-2.42422
-2.30215
-2.18625
-2.0762
-1.97169
-1.87246
-1.77825
-1.68883
-1.60394
-1.52335
-1.44686
-1.37428
-1.30542
-1.2401
-1.17816
-1.11941
-1.0637
-1.01088
-0.960808
-0.913347
-0.868362
-0.825734
-0.785343
-0.747078
-0.710823
-0.676481
-0.643956
-0.613159
-0.583992
-0.556372
-0.530223
-0.505466
-0.482028
-0.45984
-0.438836
-0.418957
-0.400149
-0.38235
-0.365499
-0.349546
-0.334449
-0.320161
-0.306626
-0.293798
-0.281657
-0.270172
-0.259273
-0.24891
-0.239101
-0.229829
-0.220987
-0.212517
-0.204516
-0.19699
-0.189708
-0.182649
-0.176111
-0.169976
-0.163724
-0.157708
-0.152505
-0.147231
-0.141493
-0.13679
-0.132602
-0.12733
-0.122687
-0.119222
-0.114487
-0.109931
-0.106965
-0.102913
-0.0986727
-0.0958957
-0.0921733
-0.0881333
-0.0857518
-0.0823066
-0.0785423
-0.0770556
-0.0736829
-0.0699483
-0.0693324
-0.0651144
-0.0619032
-0.062386
-0.0560432
-0.0556659
-0.0556248
-0.0476274
-0.0527206
-0.0458236
-0.0458519
-0.0457114
-0.0389098
-0.0478514
-0.0297984
-0.0513055
-0.0233533
-0.0472638
-0.0273078
-0.0351316
-0.0369976
-0.0237155
-0.0401297
-0.0163331
-0.0294343
-0.0202351
-0.0124949
-0.0142991
0.000624631
-75.3386
-74.9383
-74.5931
-74.235
-73.8279
-73.3588
-72.8072
-72.1476
-71.3569
-70.42
-69.3312
-68.0938
-66.7215
-65.2365
-63.6646
-62.0329
-60.3664
-58.6862
-57.0084
-55.3445
-53.7023
-52.0867
-50.5001
-48.9438
-47.4185
-45.9237
-44.4592
-43.0246
-41.6194
-40.243
-38.8949
-37.5747
-36.2821
-35.0164
-33.7777
-32.5656
-31.3801
-30.221
-29.0883
-27.9821
-26.9023
-25.849
-24.8224
-23.8223
-22.8488
-21.902
-20.982
-20.0886
-19.222
-18.3821
-17.5689
-16.7822
-16.0221
-15.2884
-14.581
-13.8995
-13.2437
-12.6133
-12.0079
-11.427
-10.8702
-10.337
-9.82687
-9.33928
-8.87369
-8.42943
-8.00589
-7.60244
-7.21837
-6.85299
-6.5056
-6.17549
-5.86191
-5.56417
-5.28154
-5.01332
-4.75885
-4.51745
-4.28846
-4.07126
-3.86525
-3.66984
-3.48447
-3.30861
-3.14175
-2.9834
-2.83311
-2.69045
-2.55504
-2.42648
-2.3044
-2.1885
-2.07846
-1.97398
-1.87477
-1.78059
-1.69118
-1.60631
-1.52575
-1.44929
-1.37674
-1.30792
-1.24265
-1.18074
-1.12204
-1.06638
-1.01361
-0.963584
-0.916173
-0.871242
-0.828667
-0.788329
-0.750113
-0.71391
-0.679615
-0.647137
-0.616383
-0.58726
-0.559684
-0.533577
-0.508862
-0.485465
-0.463313
-0.442342
-0.422493
-0.403712
-0.385938
-0.369113
-0.353186
-0.338115
-0.32385
-0.310335
-0.297526
-0.285403
-0.273928
-0.263038
-0.252687
-0.242889
-0.233617
-0.224774
-0.216315
-0.208319
-0.200766
-0.193475
-0.186443
-0.17986
-0.173643
-0.167455
-0.161491
-0.156121
-0.150791
-0.145193
-0.140377
-0.135991
-0.130783
-0.126166
-0.122598
-0.117827
-0.113258
-0.110211
-0.105983
-0.101801
-0.0990529
-0.0950613
-0.0911619
-0.0886561
-0.0846322
-0.0811197
-0.0794354
-0.0753568
-0.0723334
-0.0715182
-0.0665989
-0.0647825
-0.0642522
-0.0575059
-0.0593209
-0.0560996
-0.0501615
-0.0552913
-0.0449317
-0.050672
-0.0429992
-0.0441303
-0.0455932
-0.0319347
-0.0542835
-0.0181367
-0.0582758
-0.0142565
-0.0497565
-0.0181937
-0.0396738
-0.0239102
-0.0308678
-0.017012
-0.0289727
-0.00699553
-0.0176335
-0.000640254
-74.8068
-74.4213
-74.0863
-73.7393
-73.3505
-72.9067
-72.3873
-71.769
-71.0302
-70.1545
-69.1322
-67.9634
-66.6593
-65.2386
-63.7251
-62.145
-60.523
-58.8802
-57.2335
-55.5956
-53.975
-52.3771
-50.8054
-49.2612
-47.7452
-46.2577
-44.7985
-43.3671
-41.9634
-40.5868
-39.2369
-37.9133
-36.6159
-35.3443
-34.0984
-32.8781
-31.6835
-30.5145
-29.3713
-28.2539
-27.1626
-26.0973
-25.0583
-24.0458
-23.0598
-22.1004
-21.1678
-20.262
-19.3833
-18.5315
-17.7067
-16.909
-16.1382
-15.3943
-14.677
-13.9863
-13.3218
-12.6832
-12.07
-11.482
-10.9186
-10.3793
-9.86365
-9.37102
-8.90087
-8.45253
-8.02535
-7.61868
-7.23179
-6.86395
-6.51444
-6.18249
-5.86737
-5.56833
-5.28464
-5.01557
-4.7604
-4.51848
-4.2891
-4.07163
-3.86544
-3.66992
-3.4845
-3.30864
-3.1418
-2.98349
-2.83327
-2.69069
-2.55536
-2.42689
-2.30491
-2.1891
-2.07916
-1.97479
-1.87569
-1.7816
-1.69227
-1.60748
-1.527
-1.45064
-1.37818
-1.30945
-1.24426
-1.18244
-1.12382
-1.06826
-1.01558
-0.965644
-0.918318
-0.873473
-0.830985
-0.790729
-0.75259
-0.716465
-0.682249
-0.649845
-0.61916
-0.590105
-0.562596
-0.536553
-0.511899
-0.48856
-0.466463
-0.445542
-0.42574
-0.407001
-0.389268
-0.372483
-0.356596
-0.341563
-0.327334
-0.31385
-0.301071
-0.288975
-0.277522
-0.266651
-0.256322
-0.246545
-0.237284
-0.228443
-0.220001
-0.212025
-0.204453
-0.197136
-0.190145
-0.183576
-0.177245
-0.171052
-0.165223
-0.159745
-0.154247
-0.148808
-0.143991
-0.139343
-0.134193
-0.129649
-0.125859
-0.121119
-0.116632
-0.113386
-0.108987
-0.104835
-0.102062
-0.0978687
-0.0940749
-0.0915816
-0.0872273
-0.0837957
-0.0819101
-0.077299
-0.0747742
-0.0734843
-0.0680493
-0.0674144
-0.0655643
-0.0592051
-0.0622087
-0.0561279
-0.0536786
-0.0559954
-0.0457756
-0.0548318
-0.0394484
-0.051475
-0.0395953
-0.0393802
-0.0505753
-0.0205693
-0.0605556
-0.00759271
-0.0619644
-0.00521153
-0.0539317
-0.00461996
-0.0450466
-0.00547182
-0.0310921
-0.00473626
-0.013605
-0.00224737
-74.2758
-73.9051
-73.5829
-73.249
-72.8755
-72.4531
-71.9628
-71.3838
-70.6952
-69.8774
-68.9193
-67.8183
-66.5819
-65.226
-63.7724
-62.2453
-60.6688
-59.0646
-57.4503
-55.8393
-54.2412
-52.6618
-51.1051
-49.5733
-48.0673
-46.5875
-45.1338
-43.7061
-42.3039
-40.9273
-39.5756
-38.2487
-36.9464
-35.6688
-34.4157
-33.1872
-31.9833
-30.8042
-29.6502
-28.5215
-27.4183
-26.3408
-25.2894
-24.2641
-23.2653
-22.293
-21.3476
-20.4293
-19.5381
-18.6743
-17.8378
-17.0288
-16.2473
-15.4931
-14.766
-14.066
-13.3928
-12.7459
-12.1251
-11.53
-10.96
-10.4148
-9.8937
-9.3962
-8.92165
-8.4694
-8.03878
-7.6291
-7.23958
-6.8695
-6.51807
-6.18451
-5.86807
-5.56796
-5.28342
-5.0137
-4.75808
-4.51584
-4.28627
-4.06872
-3.86253
-3.66708
-3.48178
-3.30606
-3.13939
-2.98127
-2.83124
-2.68886
-2.55372
-2.42545
-2.30368
-2.18807
-2.07831
-1.97411
-1.87518
-1.78125
-1.69209
-1.60745
-1.52712
-1.45091
-1.37859
-1.30999
-1.24494
-1.18325
-1.12477
-1.06933
-1.01679
-0.966978
-0.919778
-0.875056
-0.832683
-0.79254
-0.754514
-0.718494
-0.684383
-0.65208
-0.62149
-0.592527
-0.565107
-0.53915
-0.514576
-0.491312
-0.469286
-0.448433
-0.428695
-0.410017
-0.39234
-0.375609
-0.359775
-0.344793
-0.330611
-0.317172
-0.304435
-0.292377
-0.280956
-0.270114
-0.259815
-0.250068
-0.240829
-0.231999
-0.223572
-0.215624
-0.208057
-0.200712
-0.193738
-0.187225
-0.180829
-0.174551
-0.168829
-0.163368
-0.15768
-0.152313
-0.147584
-0.142685
-0.137552
-0.133138
-0.129054
-0.124309
-0.11999
-0.116474
-0.112025
-0.107902
-0.104869
-0.100681
-0.0970347
-0.0943088
-0.0900331
-0.0869056
-0.0844661
-0.0797131
-0.0777134
-0.0754782
-0.0700573
-0.0702796
-0.0664966
-0.0615488
-0.0645998
-0.0559129
-0.0576827
-0.0553759
-0.0482417
-0.0568989
-0.0380656
-0.0582296
-0.0318245
-0.0503785
-0.0395699
-0.0321166
-0.0529305
-0.0126807
-0.0600191
-0.00341397
-0.0569877
-0.00130039
-0.0457732
-0.00903039
-0.0254143
-0.0104847
-0.0061977
-0.00029647
-73.7472
-73.3911
-73.0795
-72.7581
-72.4017
-72.0012
-71.54
-70.9975
-70.354
-69.5902
-68.6934
-67.6592
-66.4908
-65.2003
-63.8066
-62.3334
-60.8041
-59.24
-57.6594
-56.0764
-54.5015
-52.9414
-51.4003
-49.8814
-48.3858
-46.9139
-45.4659
-44.042
-42.6417
-41.265
-39.9115
-38.5813
-37.2743
-35.9904
-34.7299
-33.4929
-32.2796
-31.0903
-29.9253
-28.785
-27.6697
-26.5797
-25.5155
-24.4771
-23.4652
-22.4798
-21.5214
-20.5903
-19.6865
-18.8105
-17.9622
-17.1418
-16.3493
-15.5847
-14.8478
-14.1384
-13.4564
-12.8014
-12.173
-11.5708
-10.9944
-10.4433
-9.91692
-9.41465
-8.93588
-8.47992
-8.04607
-7.63357
-7.24164
-6.86952
-6.51641
-6.18148
-5.86393
-5.56297
-5.27782
-5.00768
-4.75182
-4.50948
-4.27994
-4.06251
-3.8565
-3.6613
-3.47627
-3.30086
-3.13451
-2.97672
-2.82702
-2.68497
-2.55014
-2.42218
-2.30072
-2.18541
-2.07591
-1.97195
-1.87326
-1.77956
-1.69062
-1.6062
-1.52609
-1.45008
-1.37796
-1.30956
-1.24469
-1.18318
-1.12488
-1.06961
-1.01723
-0.967588
-0.920552
-0.875988
-0.833766
-0.79377
-0.755887
-0.720005
-0.686022
-0.653845
-0.623375
-0.594529
-0.56722
-0.541367
-0.516891
-0.49372
-0.471783
-0.451016
-0.431359
-0.412759
-0.395154
-0.378493
-0.362725
-0.347805
-0.333682
-0.320299
-0.307616
-0.295607
-0.28423
-0.273429
-0.263169
-0.253457
-0.24425
-0.235445
-0.227035
-0.219112
-0.211572
-0.204223
-0.197235
-0.190766
-0.184385
-0.178023
-0.172309
-0.166919
-0.16113
-0.155743
-0.151101
-0.146027
-0.140849
-0.136589
-0.132244
-0.127424
-0.123309
-0.119517
-0.115035
-0.111098
-0.107686
-0.103416
-0.100048
-0.0970164
-0.0926639
-0.0899345
-0.0871265
-0.0822668
-0.0806557
-0.0775496
-0.0725072
-0.0731212
-0.0675795
-0.0644147
-0.0662782
-0.0564928
-0.0615409
-0.0537846
-0.0530043
-0.0557285
-0.0395757
-0.0627179
-0.0262772
-0.0612857
-0.0259818
-0.047775
-0.0362761
-0.0311543
-0.0427996
-0.01852
-0.0414643
-0.0180541
-0.0278641
-0.0214301
-0.0122279
-0.0179111
-0.0081685
-0.00372405
-73.2224
-72.881
-72.5814
-72.2723
-71.9302
-71.5488
-71.1138
-70.6065
-70.0061
-69.2956
-68.4594
-67.489
-66.3858
-65.1602
-63.8282
-62.4105
-60.9296
-59.407
-57.8614
-56.3077
-54.7567
-53.2166
-51.6921
-50.1864
-48.7014
-47.2377
-45.7957
-44.3756
-42.9772
-41.6004
-40.2453
-38.9117
-37.5998
-36.3096
-35.0416
-33.7959
-32.573
-31.3733
-30.1969
-29.0447
-27.9169
-26.8141
-25.7367
-24.685
-23.6596
-22.6609
-21.6893
-20.745
-19.8285
-18.94
-18.0797
-17.2477
-16.4442
-15.669
-14.9221
-14.2034
-13.5126
-12.8494
-12.2134
-11.6043
-11.0216
-10.4647
-9.93313
-9.42625
-8.94343
-8.48395
-8.04705
-7.63194
-7.23782
-6.8639
-6.50933
-6.17325
-5.85486
-5.55331
-5.26778
-4.99747
-4.74159
-4.49937
-4.27007
-4.05295
-3.84733
-3.65255
-3.46798
-3.29303
-3.12715
-2.96984
-2.8206
-2.67901
-2.54463
-2.41709
-2.29601
-2.18108
-2.07195
-1.96833
-1.86995
-1.77655
-1.68791
-1.60377
-1.52392
-1.44816
-1.37629
-1.30813
-1.2435
-1.18222
-1.12413
-1.06909
-1.01691
-0.967482
-0.920645
-0.876272
-0.834237
-0.79442
-0.756709
-0.720992
-0.687168
-0.655142
-0.624821
-0.596112
-0.568934
-0.543205
-0.518848
-0.495788
-0.473959
-0.453295
-0.433738
-0.41523
-0.397714
-0.381137
-0.365448
-0.350603
-0.336552
-0.323236
-0.310616
-0.298666
-0.287344
-0.276594
-0.266385
-0.256715
-0.247546
-0.238779
-0.230401
-0.222493
-0.214982
-0.207671
-0.200669
-0.19419
-0.187866
-0.181496
-0.175716
-0.17036
-0.164567
-0.159133
-0.154528
-0.14936
-0.144103
-0.139962
-0.135448
-0.130516
-0.126592
-0.12256
-0.118019
-0.114276
-0.110567
-0.106225
-0.102959
-0.0995405
-0.0952372
-0.0926283
-0.0893401
-0.0848078
-0.0833973
-0.0793635
-0.0751943
-0.0756634
-0.0686002
-0.0678332
-0.0672247
-0.0579778
-0.0651798
-0.051915
-0.0588735
-0.0522554
-0.0448025
-0.0619657
-0.0260775
-0.0683057
-0.0160749
-0.0627436
-0.0179668
-0.0516024
-0.02061
-0.0421456
-0.0177496
-0.0400703
-0.00840165
-0.0347236
-0.00464344
-0.0181428
-0.00418141
-0.00179702
-72.7034
-72.3775
-72.0894
-71.7918
-71.464
-71.1009
-70.6899
-70.2144
-69.6554
-68.9933
-68.2136
-67.3066
-66.2692
-65.1081
-63.8379
-62.4766
-61.0454
-59.566
-58.0566
-56.5332
-55.0075
-53.4881
-51.9805
-50.4886
-49.0146
-47.5594
-46.1236
-44.7074
-43.311
-41.9343
-40.5774
-39.2404
-37.9235
-36.6269
-35.3512
-34.0967
-32.8638
-31.6532
-30.4654
-29.3009
-28.1603
-27.0443
-25.9533
-24.888
-23.8488
-22.8364
-21.8511
-20.8935
-19.9639
-19.0628
-18.1902
-17.3465
-16.5318
-15.746
-14.989
-14.2608
-13.5612
-12.8898
-12.2463
-11.6302
-11.0412
-10.4787
-9.94215
-9.43086
-8.94417
-8.48134
-8.04157
-7.62407
-7.22801
-6.85251
-6.49672
-6.15978
-5.84078
-5.53889
-5.25325
-4.98301
-4.72736
-4.4855
-4.25664
-4.04005
-3.83501
-3.64084
-3.45689
-3.28257
-3.11733
-2.96063
-2.812
-2.67098
-2.53717
-2.41015
-2.28958
-2.1751
-2.06643
-1.96324
-1.86526
-1.77224
-1.68394
-1.60013
-1.52061
-1.44516
-1.37359
-1.30573
-1.24138
-1.18037
-1.12255
-1.06776
-1.01585
-0.966658
-0.920059
-0.875915
-0.834098
-0.794491
-0.75698
-0.721456
-0.687819
-0.655971
-0.625821
-0.597276
-0.570251
-0.544667
-0.520447
-0.497521
-0.475817
-0.455273
-0.435831
-0.417432
-0.40002
-0.383541
-0.367945
-0.353188
-0.339219
-0.325982
-0.313437
-0.301556
-0.290299
-0.27961
-0.269462
-0.259845
-0.250717
-0.241997
-0.233669
-0.225781
-0.218282
-0.211029
-0.204059
-0.197534
-0.191237
-0.184944
-0.179101
-0.173697
-0.167963
-0.162494
-0.157856
-0.152685
-0.147353
-0.143237
-0.138661
-0.133613
-0.12981
-0.125627
-0.120962
-0.117384
-0.11342
-0.109019
-0.105858
-0.101976
-0.0977067
-0.0953453
-0.0913954
-0.0871363
-0.0858858
-0.0809609
-0.077793
-0.077671
-0.06983
-0.0712187
-0.0674946
-0.0605665
-0.0674168
-0.0510214
-0.0650401
-0.0467178
-0.0534344
-0.0558805
-0.0322054
-0.0682094
-0.0144184
-0.0697005
-0.00838087
-0.0635436
-0.00705924
-0.0580322
-0.00272807
-0.0477052
-0.00422991
-0.0345713
-0.00902483
-0.0168127
-0.0046282
-0.00290778
-72.191
-71.8803
-71.6044
-71.3181
-71.0038
-70.6586
-70.2711
-69.8249
-69.3036
-68.6879
-67.962
-67.1144
-66.1411
-65.0446
-63.8359
-62.532
-61.1524
-59.7173
-58.2456
-56.7537
-55.2542
-53.7563
-52.2664
-50.7888
-49.3261
-47.8796
-46.4502
-45.0381
-43.6438
-42.2671
-40.9085
-39.5679
-38.2459
-36.9429
-35.6592
-34.3955
-33.1524
-31.9307
-30.7309
-29.5538
-28.4
-27.2704
-26.1655
-25.0861
-24.0328
-23.0063
-22.0072
-21.0359
-20.093
-19.1788
-18.2938
-17.4382
-16.612
-15.8154
-15.0483
-14.3106
-13.602
-12.9224
-12.2713
-11.6485
-11.0533
-10.4853
-9.94382
-9.42827
-8.93789
-8.47189
-8.0295
-7.60984
-7.21205
-6.83524
-6.4785
-6.14094
-5.82162
-5.51966
-5.23416
-4.96425
-4.70907
-4.4678
-4.23962
-4.02378
-3.81952
-3.62614
-3.44301
-3.26949
-3.10504
-2.94911
-2.80122
-2.66092
-2.52777
-2.4014
-2.28143
-2.16752
-2.05935
-1.95667
-1.85917
-1.76659
-1.67872
-1.59531
-1.51617
-1.44109
-1.36987
-1.30234
-1.23832
-1.17764
-1.12014
-1.06565
-1.01402
-0.96512
-0.918794
-0.874915
-0.833349
-0.793983
-0.756703
-0.721404
-0.68798
-0.656337
-0.62638
-0.598021
-0.571172
-0.545754
-0.521693
-0.498919
-0.477359
-0.456952
-0.437641
-0.419367
-0.402074
-0.385706
-0.370216
-0.35556
-0.341684
-0.328537
-0.316079
-0.30428
-0.293098
-0.28248
-0.2724
-0.262847
-0.253768
-0.245096
-0.23683
-0.228985
-0.221489
-0.214279
-0.207386
-0.200839
-0.194511
-0.188315
-0.182476
-0.176967
-0.171288
-0.165846
-0.161099
-0.155961
-0.150639
-0.146429
-0.141846
-0.136748
-0.132922
-0.128676
-0.123914
-0.120342
-0.116267
-0.111831
-0.108658
-0.104515
-0.100318
-0.0979203
-0.0934828
-0.0896647
-0.0881905
-0.0825258
-0.0805317
-0.0792311
-0.0712723
-0.0744851
-0.0670889
-0.0642792
-0.0680863
-0.0514351
-0.0702237
-0.0416889
-0.0631207
-0.046065
-0.0438724
-0.0587427
-0.0235679
-0.0654124
-0.0119714
-0.0621299
-0.00805578
-0.0540571
-0.0105344
-0.0382128
-0.0190644
-0.0185058
-0.0153125
-0.0106643
-0.00660399
-0.00429726
-71.6864
-71.3908
-71.126
-70.852
-70.5522
-70.2235
-69.8572
-69.4385
-68.9517
-68.3796
-67.705
-66.9154
-66.0033
-64.9703
-63.8238
-62.5776
-61.2499
-59.8607
-58.4286
-56.9695
-55.4974
-54.0219
-52.5503
-51.0876
-49.6367
-48.1993
-46.7764
-45.3688
-43.9765
-42.5998
-41.2393
-39.8952
-38.5679
-37.2581
-35.9662
-34.6931
-33.4395
-32.2062
-30.994
-29.8038
-28.6364
-27.4928
-26.3736
-25.2797
-24.2119
-23.1709
-22.1574
-21.1722
-20.2156
-19.2882
-18.3904
-17.5226
-16.6848
-15.8772
-15.0997
-14.3524
-13.6349
-12.9471
-12.2885
-11.6588
-11.0576
-10.4842
-9.93801
-9.41833
-8.92443
-8.45549
-8.01069
-7.58911
-7.18985
-6.81199
-6.45456
-6.11665
-5.79729
-5.49553
-5.21046
-4.94114
-4.6867
-4.44626
-4.219
-4.00412
-3.80085
-3.60847
-3.42633
-3.2538
-3.09029
-2.93529
-2.78829
-2.64882
-2.51648
-2.39084
-2.27156
-2.15832
-2.05077
-1.94864
-1.85167
-1.75962
-1.67223
-1.58929
-1.51059
-1.43594
-1.36513
-1.29799
-1.23435
-1.17403
-1.11688
-1.06274
-1.01145
-0.962864
-0.91685
-0.873268
-0.831991
-0.7929
-0.755885
-0.720838
-0.687654
-0.65624
-0.626501
-0.59835
-0.5717
-0.546471
-0.52259
-0.499985
-0.478586
-0.458333
-0.439169
-0.421036
-0.403875
-0.387632
-0.372262
-0.357719
-0.34395
-0.330904
-0.318544
-0.306837
-0.29574
-0.285203
-0.275201
-0.265721
-0.256703
-0.248082
-0.239878
-0.232098
-0.224623
-0.217428
-0.210619
-0.204107
-0.197725
-0.19159
-0.185813
-0.180198
-0.174542
-0.169181
-0.164297
-0.159163
-0.153945
-0.149582
-0.144959
-0.139915
-0.135963
-0.131632
-0.1269
-0.12325
-0.119017
-0.114708
-0.111479
-0.107042
-0.10305
-0.100612
-0.0956699
-0.0923696
-0.090578
-0.0842864
-0.0833037
-0.0804954
-0.0731156
-0.0772779
-0.0666819
-0.0686668
-0.0669144
-0.0545825
-0.0725933
-0.0390237
-0.071841
-0.0354599
-0.058387
-0.0443629
-0.0391207
-0.0505397
-0.0277387
-0.0478307
-0.0255878
-0.0338876
-0.0318015
-0.0181642
-0.0337293
-0.00829456
-0.0223296
-0.00831668
-0.00635869
-0.00125374
-71.1907
-70.9103
-70.6574
-70.3943
-70.107
-69.7936
-69.4467
-69.0542
-68.5995
-68.0674
-67.4409
-66.7066
-65.8555
-64.8849
-63.8
-62.6125
-61.3388
-59.997
-58.6056
-57.181
-55.7374
-54.2855
-52.833
-51.3858
-49.9473
-48.5192
-47.1031
-45.6998
-44.3098
-42.9333
-41.5708
-40.223
-38.8902
-37.5733
-36.273
-34.9901
-33.7254
-32.4802
-31.2552
-30.0514
-28.8699
-27.7117
-26.5777
-25.4689
-24.386
-23.3302
-22.302
-21.3023
-20.3317
-19.3907
-18.4799
-17.5995
-16.7499
-15.9312
-15.1433
-14.3861
-13.6596
-12.9636
-12.2975
-11.6612
-11.0539
-10.4752
-9.92447
-9.40086
-8.90362
-8.43197
-7.98499
-7.56174
-7.16128
-6.78263
-6.42481
-6.08684
-5.76771
-5.46646
-5.18208
-4.91364
-4.6602
-4.42085
-4.19476
-3.98106
-3.77899
-3.58782
-3.40687
-3.2355
-3.07312
-2.91919
-2.77321
-2.63471
-2.50327
-2.37848
-2.25999
-2.1475
-2.04066
-1.93918
-1.84282
-1.75135
-1.66451
-1.58209
-1.50389
-1.42971
-1.35936
-1.29267
-1.22946
-1.16955
-1.1128
-1.05904
-1.00812
-0.959897
-0.91423
-0.870982
-0.830027
-0.791246
-0.754528
-0.719761
-0.686845
-0.655683
-0.626186
-0.598266
-0.571836
-0.546819
-0.523138
-0.50072
-0.479499
-0.459418
-0.440417
-0.422439
-0.405424
-0.389322
-0.374086
-0.359668
-0.346018
-0.333086
-0.320835
-0.309231
-0.298229
-0.287781
-0.277864
-0.268464
-0.259522
-0.250964
-0.242817
-0.235109
-0.22769
-0.220506
-0.213745
-0.207309
-0.200908
-0.194779
-0.18909
-0.183409
-0.177727
-0.17249
-0.167486
-0.162281
-0.157236
-0.152729
-0.147995
-0.143078
-0.13898
-0.134545
-0.129875
-0.126148
-0.121779
-0.117522
-0.11425
-0.109654
-0.105764
-0.103146
-0.0980139
-0.0951487
-0.0926734
-0.0862468
-0.0862737
-0.0814312
-0.075641
-0.079627
-0.0664465
-0.0737508
-0.0640511
-0.0598226
-0.0717719
-0.0402306
-0.0771866
-0.0286826
-0.0696562
-0.0312358
-0.0563571
-0.0334241
-0.046272
-0.0285593
-0.045493
-0.0173256
-0.0452
-0.00961639
-0.0337158
-0.00938041
-0.0208606
-0.00785946
-0.008243
-0.00263144
-70.7048
-70.4395
-70.1987
-69.9469
-69.6724
-69.3741
-69.0451
-68.6754
-68.2515
-67.7563
-67.1754
-66.4933
-65.699
-64.789
-63.7659
-62.6378
-61.4188
-60.126
-58.7768
-57.3881
-55.9746
-54.5475
-53.1154
-51.6844
-50.2586
-48.8403
-47.4313
-46.0326
-44.6447
-43.2683
-41.9038
-40.5519
-39.2134
-37.8891
-36.5799
-35.2868
-34.0108
-32.7531
-31.5148
-30.2969
-29.1008
-27.9274
-26.7781
-25.6538
-24.5555
-23.4842
-22.4408
-21.4262
-20.4413
-19.4864
-18.5622
-17.669
-16.8073
-15.9772
-15.1786
-14.4117
-13.6761
-12.9718
-12.2983
-11.6553
-11.0421
-10.4583
-9.90302
-9.37564
-8.87532
-8.40116
-7.95224
-7.52758
-7.12619
-6.74706
-6.38914
-6.05141
-5.73282
-5.43236
-5.14898
-4.88168
-4.62952
-4.39154
-4.16685
-3.95458
-3.75395
-3.5642
-3.38464
-3.21462
-3.05353
-2.90083
-2.75601
-2.61861
-2.48819
-2.36437
-2.24677
-2.13509
-2.02902
-1.92827
-1.83261
-1.74177
-1.65555
-1.57371
-1.49607
-1.42243
-1.35259
-1.28639
-1.22365
-1.1642
-1.10789
-1.05456
-1.00405
-0.956226
-0.910941
-0.868063
-0.827464
-0.789026
-0.752632
-0.718175
-0.685553
-0.654672
-0.625441
-0.597773
-0.571585
-0.546797
-0.523335
-0.501126
-0.480103
-0.46021
-0.441387
-0.423578
-0.406726
-0.390779
-0.375688
-0.361408
-0.347889
-0.335083
-0.322953
-0.311461
-0.300565
-0.290218
-0.280394
-0.271079
-0.26222
-0.253744
-0.24566
-0.238013
-0.230673
-0.223532
-0.216785
-0.210418
-0.204056
-0.197912
-0.192287
-0.186609
-0.180866
-0.175726
-0.170688
-0.165351
-0.160453
-0.155887
-0.150983
-0.146208
-0.141993
-0.137436
-0.132897
-0.128986
-0.124506
-0.120375
-0.116882
-0.112168
-0.108509
-0.105493
-0.10015
-0.0978112
-0.0946004
-0.0882553
-0.0890545
-0.0823032
-0.0785634
-0.0814001
-0.066976
-0.0784738
-0.0608966
-0.0669292
-0.0669272
-0.0462546
-0.0768317
-0.0288303
-0.0756071
-0.0231754
-0.066981
-0.0234634
-0.0584352
-0.0187032
-0.0511119
-0.0162109
-0.0400351
-0.0195859
-0.0244982
-0.0182791
-0.0145937
-0.0067158
-0.00612003
-0.00160841
-70.2294
-69.9791
-69.7499
-69.5097
-69.2469
-68.9618
-68.65
-68.3014
-67.9052
-67.4455
-66.9063
-66.2734
-65.5356
-64.6855
-63.7224
-62.6535
-61.4901
-60.2475
-58.9424
-57.5916
-56.2095
-54.8085
-53.3976
-51.9837
-50.5713
-49.1632
-47.7616
-46.3675
-44.9819
-43.6055
-42.2389
-40.8829
-39.5384
-38.2063
-36.8878
-35.5839
-34.296
-33.0253
-31.7731
-30.5406
-29.3293
-28.1403
-26.975
-25.8345
-24.7202
-23.633
-22.5739
-21.5441
-20.5442
-19.575
-18.637
-17.7309
-16.8568
-16.015
-15.2057
-14.4288
-13.6842
-12.9715
-12.2906
-11.6409
-11.0219
-10.433
-9.87352
-9.34257
-8.83934
-8.3629
-7.91231
-7.4865
-7.08447
-6.70515
-6.34746
-6.01028
-5.69255
-5.39318
-5.11109
-4.84525
-4.59464
-4.35829
-4.13526
-3.92468
-3.72572
-3.53762
-3.35965
-3.19115
-3.03153
-2.88022
-2.73671
-2.60052
-2.47125
-2.34848
-2.23188
-2.12112
-2.01589
-1.91595
-1.82103
-1.73091
-1.64535
-1.56417
-1.48714
-1.41408
-1.34481
-1.27915
-1.21693
-1.15799
-1.10216
-1.0493
-0.999246
-0.951854
-0.906987
-0.864516
-0.824306
-0.78624
-0.7502
-0.71608
-0.68378
-0.653206
-0.624267
-0.596875
-0.57095
-0.546411
-0.523188
-0.501206
-0.4804
-0.46071
-0.442083
-0.424457
-0.407779
-0.391999
-0.377068
-0.36294
-0.349565
-0.336896
-0.324897
-0.313528
-0.302747
-0.292512
-0.282795
-0.273573
-0.264799
-0.256419
-0.248415
-0.240818
-0.233557
-0.226499
-0.219767
-0.213435
-0.207151
-0.201008
-0.195404
-0.18978
-0.183992
-0.178878
-0.17387
-0.168425
-0.163589
-0.159026
-0.153965
-0.149286
-0.145009
-0.14031
-0.135872
-0.13184
-0.127176
-0.123164
-0.119506
-0.114616
-0.111156
-0.107823
-0.102379
-0.100371
-0.096271
-0.0906109
-0.0916694
-0.0830046
-0.0820618
-0.0819884
-0.0686991
-0.0824192
-0.0577457
-0.075086
-0.0599411
-0.0557439
-0.0706209
-0.0349492
-0.0744189
-0.0254686
-0.067155
-0.023324
-0.0572478
-0.0239672
-0.0433688
-0.0299859
-0.0247879
-0.031773
-0.0148795
-0.0226323
-0.0116477
-0.0111033
-0.0072895
-0.000820467
-69.7651
-69.5296
-69.3119
-69.0822
-68.8312
-68.5602
-68.2646
-67.9362
-67.5644
-67.1362
-66.6366
-66.0503
-65.3647
-64.5723
-63.67
-62.6605
-61.5533
-60.3621
-59.1028
-57.7914
-56.4427
-55.069
-53.6806
-52.2847
-50.8862
-49.4889
-48.0948
-46.7056
-45.3223
-43.9457
-42.5768
-41.2164
-39.8656
-38.5255
-37.1972
-35.8821
-34.5817
-33.2974
-32.0306
-30.7829
-29.5556
-28.3504
-27.1685
-26.0114
-24.8803
-23.7766
-22.7014
-21.6558
-20.6405
-19.6566
-18.7045
-17.7849
-16.8982
-16.0446
-15.2243
-14.4373
-13.6834
-12.9625
-12.2742
-11.6179
-10.9932
-10.3994
-9.83576
-9.30145
-8.79553
-8.31705
-7.86502
-7.43836
-7.036
-6.65681
-6.29965
-5.96337
-5.64682
-5.34886
-5.06838
-4.80429
-4.55553
-4.32108
-4.1
-3.89136
-3.6943
-3.50807
-3.3319
-3.16514
-3.00715
-2.85738
-2.71532
-2.58048
-2.45245
-2.33084
-2.21532
-2.10556
-2.00127
-1.9022
-1.80811
-1.71876
-1.63395
-1.55346
-1.4771
-1.40468
-1.33602
-1.27095
-1.2093
-1.15091
-1.09561
-1.04326
-0.993699
-0.946784
-0.902377
-0.860344
-0.820554
-0.782889
-0.747232
-0.71348
-0.681531
-0.651289
-0.622665
-0.595574
-0.569934
-0.545667
-0.522701
-0.500964
-0.480392
-0.460924
-0.442506
-0.425077
-0.408588
-0.392986
-0.378228
-0.364265
-0.351046
-0.338527
-0.326669
-0.315435
-0.304779
-0.294665
-0.285067
-0.275948
-0.267265
-0.258982
-0.251081
-0.243546
-0.236342
-0.229388
-0.222708
-0.216377
-0.210178
-0.204079
-0.198449
-0.192896
-0.187123
-0.181964
-0.177002
-0.171515
-0.166667
-0.162124
-0.156956
-0.152324
-0.14799
-0.143174
-0.138796
-0.134613
-0.129899
-0.12594
-0.122035
-0.117101
-0.113826
-0.110056
-0.104671
-0.103046
-0.0979101
-0.0929989
-0.0940923
-0.0837907
-0.0857392
-0.0817819
-0.0714629
-0.0849719
-0.0565831
-0.0817695
-0.0526403
-0.0666261
-0.0608259
-0.0468013
-0.0646349
-0.0356376
-0.0596064
-0.0332744
-0.0465143
-0.0375631
-0.0297714
-0.0408932
-0.0182833
-0.0349912
-0.014451
-0.0216021
-0.0102547
-0.0117304
-0.00610388
-0.00187504
-69.3124
-69.0915
-68.8853
-68.6669
-68.4275
-68.1688
-67.8875
-67.5772
-67.2282
-66.829
-66.366
-65.824
-65.1893
-64.452
-63.6075
-62.657
-61.6075
-60.4696
-59.258
-57.9879
-56.6742
-55.3296
-53.9649
-52.5879
-51.2043
-49.8181
-48.432
-47.0478
-45.6667
-44.2899
-42.9183
-41.5534
-40.1958
-38.8471
-37.5087
-36.1819
-34.8684
-33.5699
-32.2879
-31.0241
-29.7803
-28.558
-27.3588
-26.1843
-25.036
-23.9152
-22.8232
-21.7611
-20.73
-19.7309
-18.7643
-17.831
-16.9314
-16.0657
-15.2343
-14.437
-13.6738
-12.9446
-12.2488
-11.586
-10.9557
-10.3572
-9.78954
-9.25202
-8.74364
-8.26339
-7.81023
-7.38303
-6.98066
-6.60192
-6.24564
-5.91057
-5.59553
-5.29932
-5.02078
-4.75876
-4.51216
-4.27991
-4.06104
-3.85461
-3.65972
-3.47558
-3.30143
-3.13658
-2.98041
-2.83235
-2.69186
-2.5585
-2.43183
-2.31148
-2.19712
-2.08845
-1.98518
-1.88706
-1.79387
-1.70536
-1.62134
-1.5416
-1.46596
-1.39423
-1.32623
-1.2618
-1.20077
-1.14297
-1.08825
-1.03645
-0.987423
-0.941024
-0.897112
-0.855551
-0.816214
-0.778981
-0.743739
-0.710383
-0.678812
-0.648929
-0.620645
-0.593876
-0.568541
-0.544566
-0.521876
-0.500403
-0.48008
-0.46085
-0.442656
-0.425442
-0.409154
-0.393745
-0.379172
-0.365387
-0.352336
-0.339977
-0.328272
-0.317184
-0.306665
-0.296679
-0.287205
-0.278207
-0.269625
-0.261438
-0.253649
-0.246204
-0.239048
-0.232183
-0.225595
-0.21927
-0.213127
-0.207121
-0.201455
-0.195928
-0.19025
-0.185029
-0.180061
-0.174616
-0.169714
-0.165166
-0.159957
-0.155327
-0.150949
-0.146007
-0.141693
-0.137395
-0.13256
-0.128754
-0.124594
-0.119574
-0.116497
-0.112319
-0.107085
-0.105585
-0.0995462
-0.09566
-0.0959921
-0.0848357
-0.0896046
-0.0807605
-0.0759713
-0.0848296
-0.0578732
-0.086823
-0.0471842
-0.0765188
-0.0502907
-0.0601464
-0.0534237
-0.0479591
-0.0481585
-0.0461512
-0.0358441
-0.0466863
-0.0258896
-0.0392314
-0.0238122
-0.0272538
-0.0194066
-0.0205665
-0.0124512
-0.0110777
-0.00331342
-0.00141233
-68.8715
-68.6649
-68.4701
-68.2623
-68.0339
-67.7868
-67.5192
-67.226
-66.8988
-66.5264
-66.0958
-65.5943
-65.0073
-64.3238
-63.5373
-62.6456
-61.6534
-60.5699
-59.4076
-58.1809
-56.9042
-55.5905
-54.2509
-52.894
-51.5261
-50.1516
-48.7738
-47.3946
-46.0159
-44.6387
-43.2645
-41.8944
-40.5298
-39.1721
-37.8228
-36.4837
-35.1566
-33.8431
-32.5453
-31.2647
-30.0035
-28.7633
-27.5461
-26.3536
-25.1872
-24.0486
-22.9392
-21.8602
-20.8128
-19.7979
-18.8164
-17.869
-16.9561
-16.0781
-15.2353
-14.4277
-13.6552
-12.9175
-12.2143
-11.5451
-10.9092
-10.306
-9.73461
-9.19409
-8.68351
-8.20176
-7.74778
-7.32037
-6.91831
-6.54037
-6.18531
-5.85182
-5.53863
-5.24452
-4.96826
-4.70863
-4.46451
-4.23478
-4.01842
-3.81446
-3.62199
-3.44017
-3.26825
-3.10552
-2.95133
-2.80513
-2.66637
-2.5346
-2.40942
-2.29044
-2.17735
-2.06985
-1.96766
-1.87056
-1.77832
-1.69072
-1.60755
-1.52861
-1.45374
-1.38275
-1.31546
-1.25171
-1.19134
-1.13418
-1.08008
-1.02888
-0.980426
-0.93458
-0.891196
-0.850143
-0.811292
-0.774525
-0.739729
-0.706796
-0.675628
-0.646129
-0.618208
-0.591785
-0.566777
-0.543112
-0.520718
-0.499525
-0.479469
-0.460491
-0.442538
-0.425552
-0.409482
-0.394281
-0.379905
-0.366308
-0.353437
-0.341249
-0.329709
-0.318776
-0.308403
-0.298556
-0.289214
-0.280346
-0.271883
-0.263795
-0.256114
-0.248782
-0.241691
-0.234892
-0.228413
-0.222124
-0.216008
-0.210114
-0.204447
-0.198892
-0.19333
-0.188097
-0.183064
-0.177697
-0.172756
-0.168156
-0.162961
-0.158295
-0.153866
-0.14888
-0.144538
-0.140168
-0.135276
-0.131452
-0.127157
-0.122139
-0.119129
-0.114494
-0.109584
-0.108141
-0.10098
-0.0985144
-0.097755
-0.0860974
-0.093509
-0.0792254
-0.0813594
-0.0828521
-0.0615815
-0.0884125
-0.0462044
-0.0829353
-0.0436168
-0.0694396
-0.045021
-0.0588117
-0.0400302
-0.0528173
-0.0338444
-0.0440586
-0.0336525
-0.0308601
-0.0324875
-0.0205024
-0.024042
-0.0162568
-0.0134091
-0.0103831
-0.00649955
-0.00313195
-68.4427
-68.2502
-68.0665
-67.8691
-67.6515
-67.4164
-67.1621
-66.8845
-66.5761
-66.2284
-65.8288
-65.3642
-64.8217
-64.1891
-63.4584
-62.6255
-61.6914
-60.6633
-59.552
-58.3707
-57.1329
-55.8519
-54.5391
-53.2034
-51.852
-50.49
-49.1208
-47.747
-46.3706
-44.9929
-43.6158
-42.2403
-40.8682
-39.501
-38.1404
-36.7884
-35.4468
-34.1177
-32.8031
-31.5049
-30.2255
-28.9669
-27.7308
-26.5193
-25.3342
-24.1771
-23.0496
-21.953
-20.8887
-19.8576
-18.8607
-17.8987
-16.9723
-16.0818
-15.2274
-14.4092
-13.6272
-12.8811
-12.1704
-11.4948
-10.8535
-10.2457
-9.67073
-9.12748
-8.61492
-8.13198
-7.67748
-7.2502
-6.8488
-6.47203
-6.11855
-5.78699
-5.47604
-5.1844
-4.91076
-4.65389
-4.41257
-4.18568
-3.97213
-3.77093
-3.58113
-3.40188
-3.23241
-3.07198
-2.91996
-2.77577
-2.63887
-2.50883
-2.38524
-2.26773
-2.156
-2.04976
-1.94874
-1.85272
-1.7615
-1.67485
-1.59258
-1.5145
-1.44044
-1.37023
-1.3037
-1.24069
-1.18102
-1.12455
-1.0711
-1.02054
-0.972709
-0.927454
-0.884636
-0.844126
-0.805796
-0.769526
-0.735206
-0.702726
-0.671986
-0.642893
-0.615361
-0.589305
-0.564646
-0.541312
-0.519232
-0.498337
-0.478562
-0.459854
-0.442156
-0.425414
-0.409576
-0.394594
-0.380428
-0.36703
-0.354351
-0.342347
-0.330981
-0.320213
-0.309996
-0.300299
-0.2911
-0.282365
-0.274035
-0.266064
-0.258481
-0.251266
-0.244276
-0.237534
-0.231151
-0.224941
-0.218835
-0.213035
-0.207426
-0.201821
-0.196352
-0.191154
-0.186033
-0.180751
-0.1758
-0.171102
-0.165949
-0.161254
-0.156737
-0.151753
-0.147411
-0.14288
-0.137972
-0.134191
-0.129631
-0.124694
-0.121725
-0.11661
-0.112028
-0.11045
-0.10252
-0.101329
-0.0989872
-0.08803
-0.0967978
-0.078006
-0.0872032
-0.0788096
-0.0684374
-0.0856364
-0.0495101
-0.0846073
-0.0424996
-0.0741019
-0.0415995
-0.0629161
-0.0399116
-0.0509795
-0.0408704
-0.0368958
-0.0405075
-0.0257083
-0.0344872
-0.0200125
-0.0263576
-0.0144328
-0.0149952
-0.00876357
-0.00599316
-0.00208269
-68.0261
-67.8473
-67.6746
-67.4875
-67.2804
-67.0565
-66.8141
-66.5503
-66.2599
-65.9341
-65.5629
-65.1334
-64.6332
-64.0495
-63.3721
-62.596
-61.7204
-60.7489
-59.6905
-58.5566
-57.3602
-56.114
-54.8297
-53.5168
-52.1831
-50.8342
-49.474
-48.1058
-46.7318
-45.3538
-43.9734
-42.5923
-41.2122
-39.8349
-38.4622
-37.0966
-35.7398
-34.3942
-33.0619
-31.7454
-30.447
-29.1689
-27.9131
-26.6818
-25.4771
-24.3007
-23.1544
-22.0396
-20.9577
-19.9099
-18.8971
-17.9202
-16.9798
-16.0764
-15.2102
-14.3813
-13.5897
-12.835
-12.1169
-11.4349
-10.7882
-10.1761
-9.59768
-9.0519
-8.53768
-8.05385
-7.59917
-7.17235
-6.77199
-6.39676
-6.04523
-5.716
-5.40768
-5.11888
-4.84825
-4.59449
-4.35634
-4.13261
-3.9222
-3.72404
-3.53719
-3.36075
-3.19393
-3.03601
-2.88633
-2.74429
-2.60941
-2.48122
-2.35932
-2.24339
-2.13311
-2.0282
-1.92843
-1.83357
-1.74342
-1.65777
-1.57644
-1.49927
-1.42608
-1.35671
-1.29098
-1.22874
-1.16982
-1.11408
-1.06134
-1.01146
-0.964277
-0.91965
-0.877439
-0.837508
-0.799731
-0.763992
-0.730177
-0.698177
-0.667894
-0.639233
-0.612109
-0.586443
-0.562153
-0.539168
-0.517421
-0.49684
-0.477364
-0.458942
-0.441515
-0.425032
-0.409437
-0.394688
-0.380742
-0.367557
-0.355081
-0.34327
-0.33209
-0.321497
-0.311446
-0.301911
-0.292865
-0.284268
-0.276077
-0.268243
-0.260766
-0.253657
-0.246791
-0.240125
-0.233811
-0.227707
-0.221636
-0.215883
-0.21037
-0.204744
-0.199311
-0.194194
-0.188985
-0.18376
-0.178851
-0.174024
-0.168913
-0.164197
-0.159586
-0.154618
-0.150235
-0.145622
-0.140639
-0.136859
-0.132156
-0.127199
-0.124234
-0.118645
-0.114587
-0.112689
-0.104014
-0.104465
-0.0998009
-0.0905476
-0.0995567
-0.0771944
-0.0932453
-0.0738286
-0.0765166
-0.0803959
-0.056419
-0.0815737
-0.0466652
-0.0729766
-0.0448873
-0.0600055
-0.0462203
-0.0455631
-0.0461979
-0.0345304
-0.0405073
-0.0292034
-0.0308859
-0.0232711
-0.0226807
-0.015424
-0.0163534
-0.0103069
-0.00579606
-0.00121565
-67.6219
-67.4566
-67.2947
-67.1177
-66.9209
-66.707
-66.4761
-66.2258
-65.9518
-65.6463
-65.3005
-64.9036
-64.4418
-63.9041
-63.2792
-62.5593
-61.7416
-60.8274
-59.8234
-58.7388
-57.5858
-56.3767
-55.1229
-53.8345
-52.5198
-51.1848
-49.8344
-48.4721
-47.1007
-45.722
-44.3382
-42.9511
-41.5626
-40.1746
-38.7894
-37.4091
-36.0363
-34.6732
-33.3225
-31.9867
-30.6682
-29.3696
-28.0932
-26.8413
-25.6162
-24.4197
-23.2537
-22.12
-21.0199
-19.9547
-18.9255
-17.9332
-16.9785
-16.0618
-15.1835
-14.3437
-13.5424
-12.7791
-12.0535
-11.3652
-10.7132
-10.0969
-9.51524
-8.96716
-8.45157
-7.96716
-7.51265
-7.08663
-6.68771
-6.3144
-5.96525
-5.63877
-5.33347
-5.04793
-4.78071
-4.53045
-4.29582
-4.0756
-3.86864
-3.67383
-3.49019
-3.31681
-3.15288
-2.99766
-2.85048
-2.71077
-2.57803
-2.4518
-2.33172
-2.21745
-2.1087
-2.00521
-1.90675
-1.8131
-1.72408
-1.63949
-1.55916
-1.48294
-1.41067
-1.34217
-1.27729
-1.21587
-1.15775
-1.10278
-1.05079
-1.00162
-0.955139
-0.911181
-0.869611
-0.830294
-0.793106
-0.757929
-0.724648
-0.693155
-0.663353
-0.635152
-0.608462
-0.583205
-0.559304
-0.536687
-0.515288
-0.49504
-0.475881
-0.457758
-0.440617
-0.424405
-0.409069
-0.394564
-0.380853
-0.367893
-0.35563
-0.344023
-0.333039
-0.322632
-0.312758
-0.303393
-0.294511
-0.286063
-0.278009
-0.270325
-0.262976
-0.255964
-0.249225
-0.242668
-0.23641
-0.230407
-0.224416
-0.218684
-0.213254
-0.207663
-0.202233
-0.197191
-0.191942
-0.186721
-0.181883
-0.176948
-0.171849
-0.167141
-0.162394
-0.157474
-0.153051
-0.148287
-0.143382
-0.13949
-0.134607
-0.12977
-0.126707
-0.120689
-0.11709
-0.11488
-0.105737
-0.107448
-0.100362
-0.0936342
-0.101025
-0.0778885
-0.0980209
-0.0699564
-0.0844893
-0.0736049
-0.0659991
-0.0749968
-0.054727
-0.0677305
-0.051977
-0.0547882
-0.0514476
-0.0439677
-0.0459132
-0.0386389
-0.0349978
-0.0348169
-0.0267358
-0.0277397
-0.020011
-0.0178073
-0.0136126
-0.0088877
-0.00654859
-0.00288112
-67.2303
-67.078
-66.9267
-66.7595
-66.5727
-66.3693
-66.1494
-65.9113
-65.6509
-65.3638
-65.0414
-64.6739
-64.2487
-63.754
-63.179
-62.5139
-61.7539
-60.8978
-59.9497
-58.9169
-57.8099
-56.6402
-55.419
-54.157
-52.8626
-51.5428
-50.2028
-48.847
-47.4783
-46.099
-44.7115
-43.3179
-41.9204
-40.5212
-39.1225
-37.7269
-36.337
-34.9557
-33.5854
-32.2291
-30.8896
-29.5695
-28.2715
-26.9981
-25.7515
-24.5341
-23.3476
-22.1942
-21.0751
-19.9919
-18.9458
-17.9376
-16.9682
-16.0379
-15.1472
-14.2963
-13.485
-12.713
-11.98
-11.2853
-10.6282
-10.0078
-9.42316
-8.87305
-8.35635
-7.87171
-7.4177
-6.9929
-6.5958
-6.22486
-5.8785
-5.55519
-5.25336
-4.97149
-4.7081
-4.46173
-4.23102
-4.01468
-3.81148
-3.62033
-3.44018
-3.27012
-3.1093
-2.95698
-2.81248
-2.67525
-2.54478
-2.42065
-2.30248
-2.18996
-2.08282
-1.9808
-1.88371
-1.79133
-1.70349
-1.62001
-1.54074
-1.46553
-1.39421
-1.32663
-1.26264
-1.20209
-1.14482
-1.09066
-1.03946
-0.991052
-0.9453
-0.90205
-0.861158
-0.822492
-0.785927
-0.751342
-0.718625
-0.687668
-0.658373
-0.630655
-0.604425
-0.579597
-0.556103
-0.533873
-0.512841
-0.492939
-0.474112
-0.456303
-0.439463
-0.423538
-0.408473
-0.394227
-0.380764
-0.368039
-0.356
-0.344608
-0.33383
-0.323622
-0.313934
-0.304745
-0.296038
-0.287754
-0.279843
-0.272305
-0.265108
-0.258202
-0.251576
-0.245157
-0.238965
-0.233037
-0.227164
-0.221461
-0.216081
-0.210564
-0.205135
-0.200144
-0.194893
-0.189657
-0.184872
-0.179876
-0.174771
-0.170071
-0.165214
-0.160284
-0.155866
-0.150967
-0.146056
-0.142178
-0.137048
-0.13233
-0.129167
-0.122736
-0.119738
-0.11677
-0.107607
-0.110595
-0.10034
-0.0976493
-0.101095
-0.0801566
-0.101242
-0.0676285
-0.0915046
-0.0674022
-0.0750451
-0.0685878
-0.0630039
-0.0622344
-0.0580495
-0.0526465
-0.0520931
-0.0468636
-0.0421077
-0.0435772
-0.0324443
-0.0366517
-0.0255745
-0.0277774
-0.0197827
-0.0200538
-0.0133038
-0.00889496
-0.0052882
-0.00154899
-66.8513
-66.7118
-66.5707
-66.4131
-66.2357
-66.0417
-65.8318
-65.6049
-65.3588
-65.0885
-64.7868
-64.4457
-64.0546
-63.6008
-63.0732
-62.4614
-61.7584
-60.9605
-60.0694
-59.0904
-58.0318
-56.904
-55.7182
-54.4846
-53.2125
-51.909
-50.5805
-49.2315
-47.8656
-46.4858
-45.0944
-43.6939
-42.2868
-40.8755
-39.4626
-38.0508
-36.6429
-35.2421
-33.8512
-32.4735
-31.1117
-29.7691
-28.4484
-27.1522
-25.8833
-24.6438
-23.4362
-22.2622
-21.1234
-20.0216
-18.9579
-17.9332
-16.9485
-16.0044
-15.1011
-14.2388
-13.4174
-12.6366
-11.8961
-11.1951
-10.533
-9.90869
-9.32119
-8.76936
-8.25186
-7.7673
-7.31418
-6.891
-6.49615
-6.12798
-5.78487
-5.46518
-5.16728
-4.88953
-4.6304
-4.38834
-4.16194
-3.94983
-3.75077
-3.56357
-3.38721
-3.22072
-3.06324
-2.91402
-2.7724
-2.6378
-2.50974
-2.38781
-2.27166
-2.16098
-2.05551
-1.95504
-1.85936
-1.76829
-1.68168
-1.59936
-1.52119
-1.44703
-1.37671
-1.31011
-1.24706
-1.18742
-1.13103
-1.07773
-1.02735
-0.979749
-0.93477
-0.892263
-0.852087
-0.814109
-0.778201
-0.744244
-0.71212
-0.681725
-0.652964
-0.625752
-0.599999
-0.575621
-0.552555
-0.530733
-0.510082
-0.490546
-0.472063
-0.454584
-0.438059
-0.422433
-0.407654
-0.39368
-0.380475
-0.367996
-0.356193
-0.345027
-0.334466
-0.324468
-0.314978
-0.305972
-0.297446
-0.289342
-0.281586
-0.274191
-0.267155
-0.26038
-0.253853
-0.247578
-0.241487
-0.235608
-0.229861
-0.224228
-0.21886
-0.213439
-0.208032
-0.203052
-0.197842
-0.192579
-0.187824
-0.182791
-0.177685
-0.172991
-0.168024
-0.163106
-0.15864
-0.153646
-0.148755
-0.144768
-0.139527
-0.134896
-0.131587
-0.124768
-0.122387
-0.118714
-0.109464
-0.113787
-0.100378
-0.101948
-0.100052
-0.0840377
-0.102093
-0.0681149
-0.0957136
-0.0644419
-0.081302
-0.0640637
-0.0692737
-0.0594951
-0.0603386
-0.0543348
-0.0505557
-0.0500048
-0.0408632
-0.0429894
-0.0351357
-0.034401
-0.0285679
-0.0264138
-0.0204351
-0.018235
-0.0132395
-0.0109143
-0.00688085
-0.0015372
-66.485
-66.3579
-66.2268
-66.0784
-65.9103
-65.7255
-65.5249
-65.3083
-65.0738
-64.8185
-64.5366
-64.2198
-63.859
-63.443
-62.9609
-62.4008
-61.7538
-61.0148
-60.1824
-59.259
-58.2514
-57.1686
-56.0205
-54.8178
-53.5697
-52.2844
-50.9682
-49.6268
-48.2641
-46.8837
-45.4882
-44.0804
-42.663
-41.2389
-39.8106
-38.3816
-36.9547
-35.5332
-34.1206
-32.72
-31.335
-29.9685
-28.6239
-27.304
-26.0115
-24.7493
-23.5194
-22.3239
-21.1647
-20.0434
-18.9615
-17.9199
-16.9195
-15.961
-15.0447
-14.1708
-13.3392
-12.5495
-11.8015
-11.0943
-10.4272
-9.79918
-9.20915
-8.65585
-8.13789
-7.65377
-7.20193
-6.78077
-6.38857
-6.02365
-5.68426
-5.36868
-5.07517
-4.80202
-4.54759
-4.31027
-4.08858
-3.8811
-3.68651
-3.50362
-3.33134
-3.16868
-3.01478
-2.86886
-2.73028
-2.59847
-2.47296
-2.35335
-2.2393
-2.13054
-2.02683
-1.92795
-1.83374
-1.74403
-1.65868
-1.57757
-1.50053
-1.42745
-1.35819
-1.2926
-1.23054
-1.17185
-1.11639
-1.06398
-1.01448
-0.967722
-0.923558
-0.881836
-0.842414
-0.805159
-0.769942
-0.736643
-0.70514
-0.675333
-0.647134
-0.620448
-0.595188
-0.571286
-0.548666
-0.527266
-0.507018
-0.487862
-0.469742
-0.452607
-0.436408
-0.421096
-0.406615
-0.392925
-0.37999
-0.367768
-0.356211
-0.345282
-0.33495
-0.325169
-0.315889
-0.307081
-0.298741
-0.290823
-0.283241
-0.275993
-0.269114
-0.262495
-0.256074
-0.249929
-0.243971
-0.238146
-0.232498
-0.226976
-0.221615
-0.21627
-0.210934
-0.205931
-0.200767
-0.195515
-0.19074
-0.185701
-0.18058
-0.175895
-0.170845
-0.165889
-0.161441
-0.156295
-0.151425
-0.14739
-0.141916
-0.13751
-0.133929
-0.126848
-0.124995
-0.120362
-0.111726
-0.116545
-0.100558
-0.106703
-0.097726
-0.0896068
-0.10062
-0.0715807
-0.0967609
-0.0645562
-0.0848509
-0.0627131
-0.0715604
-0.0604662
-0.0601255
-0.0566426
-0.0505449
-0.0492832
-0.0444122
-0.039992
-0.0386932
-0.031582
-0.030638
-0.0253123
-0.0224898
-0.018048
-0.0134223
-0.0099305
-0.00556031
-0.00189293
-66.1318
-66.0167
-65.8951
-65.7556
-65.5962
-65.4199
-65.2282
-65.0213
-64.798
-64.5556
-64.2903
-63.9961
-63.6639
-63.2832
-62.8433
-62.333
-61.7417
-61.061
-60.2879
-59.4223
-58.4682
-57.4332
-56.326
-55.1568
-53.9352
-52.6695
-51.3671
-50.0341
-48.675
-47.2938
-45.8938
-44.4782
-43.0499
-41.612
-40.1677
-38.7201
-37.273
-35.8298
-34.394
-32.9695
-31.5597
-30.1683
-28.7986
-27.4537
-26.1367
-24.8504
-23.5971
-22.3793
-21.1988
-20.0574
-18.9565
-17.8973
-16.8807
-15.9075
-14.9778
-14.0921
-13.2501
-12.4515
-11.6959
-10.9826
-10.3107
-9.67913
-9.08678
-8.53229
-8.01417
-7.53086
-7.08072
-6.66201
-6.27296
-5.91177
-5.5766
-5.26562
-4.97699
-4.70891
-4.45965
-4.22753
-4.01098
-3.80852
-3.61878
-3.44052
-3.27262
-3.11406
-2.96397
-2.82158
-2.68622
-2.55735
-2.43452
-2.31733
-2.20548
-2.09871
-1.99681
-1.89958
-1.80688
-1.71858
-1.63454
-1.55465
-1.47879
-1.40683
-1.33865
-1.27412
-1.21309
-1.1554
-1.1009
-1.04944
-1.00085
-0.954981
-0.911674
-0.87078
-0.832152
-0.795653
-0.761158
-0.728544
-0.697689
-0.6685
-0.640886
-0.614747
-0.590007
-0.566596
-0.544442
-0.523479
-0.50365
-0.484893
-0.46715
-0.450372
-0.434515
-0.419528
-0.405359
-0.391963
-0.379309
-0.367357
-0.356059
-0.345378
-0.335283
-0.32573
-0.316669
-0.308073
-0.29993
-0.292198
-0.284805
-0.277722
-0.270991
-0.264539
-0.25825
-0.252215
-0.246406
-0.240665
-0.235089
-0.229692
-0.224359
-0.219063
-0.213822
-0.208806
-0.203668
-0.198452
-0.193652
-0.188594
-0.183476
-0.178762
-0.173671
-0.168682
-0.164182
-0.158988
-0.154054
-0.149955
-0.144336
-0.140054
-0.136278
-0.128859
-0.12772
-0.121858
-0.114083
-0.119111
-0.100873
-0.111436
-0.0952798
-0.095574
-0.0975952
-0.0771487
-0.0953698
-0.0675692
-0.0846746
-0.0654186
-0.0711127
-0.0626751
-0.0600779
-0.0566896
-0.0533109
-0.0475428
-0.0469168
-0.0391945
-0.0395641
-0.0320939
-0.0312533
-0.0246648
-0.0224271
-0.0181528
-0.0145842
-0.0106035
-0.00483364
-0.00170979
-65.7917
-65.688
-65.5757
-65.4445
-65.2934
-65.1251
-64.9413
-64.7426
-64.5289
-64.2991
-64.0492
-63.7745
-63.4686
-63.1217
-62.7224
-62.2587
-61.7208
-61.0987
-60.3859
-59.5798
-58.682
-57.6976
-56.6343
-55.5016
-54.3089
-53.0651
-51.778
-50.4542
-49.0991
-47.7174
-46.3127
-44.8886
-43.4487
-41.996
-40.5345
-39.0673
-37.5988
-36.1323
-34.6723
-33.2224
-31.7868
-30.3689
-28.9728
-27.6016
-26.2587
-24.9472
-23.6696
-22.4284
-21.2257
-20.0633
-18.9427
-17.8654
-16.8321
-15.8436
-14.9003
-14.0024
-13.1498
-12.3422
-11.5791
-10.8597
-10.1831
-9.54821
-8.95378
-8.39839
-7.88046
-7.39837
-6.95032
-6.53455
-6.14914
-5.7922
-5.46177
-5.15591
-4.87268
-4.6102
-4.3666
-4.14014
-3.92917
-3.73214
-3.54762
-3.37434
-3.21113
-3.05695
-2.91091
-2.77224
-2.64028
-2.51451
-2.39448
-2.27982
-2.17025
-2.06554
-1.9655
-1.86997
-1.77883
-1.69196
-1.60926
-1.53063
-1.45597
-1.38517
-1.31812
-1.25468
-1.19471
-1.13806
-1.08457
-1.0341
-0.986475
-0.941536
-0.899128
-0.859101
-0.821303
-0.785597
-0.751858
-0.719955
-0.68978
-0.661234
-0.634224
-0.608655
-0.58446
-0.561558
-0.539887
-0.519382
-0.499987
-0.481641
-0.46429
-0.447885
-0.432383
-0.417735
-0.403888
-0.3908
-0.378439
-0.366768
-0.355739
-0.345315
-0.33547
-0.326156
-0.317321
-0.308947
-0.301016
-0.293475
-0.286274
-0.279379
-0.272798
-0.266507
-0.260379
-0.254454
-0.248782
-0.243162
-0.237649
-0.23237
-0.2271
-0.22183
-0.216695
-0.211677
-0.20655
-0.201387
-0.196556
-0.191491
-0.186364
-0.181622
-0.176474
-0.171473
-0.166931
-0.161617
-0.156739
-0.152491
-0.146696
-0.142647
-0.138542
-0.130963
-0.130401
-0.123335
-0.116853
-0.120892
-0.102199
-0.11525
-0.0932415
-0.101726
-0.0935041
-0.083893
-0.0919403
-0.0731218
-0.0824126
-0.0690613
-0.0705403
-0.0641795
-0.0614698
-0.0560027
-0.0545144
-0.0484164
-0.0467021
-0.0411135
-0.0381595
-0.0335263
-0.0306944
-0.0259366
-0.0229998
-0.0173144
-0.0137748
-0.00978858
-0.00703486
-0.00298209
-65.4649
-65.3722
-65.2685
-65.1453
-65.0019
-64.841
-64.6647
-64.474
-64.2692
-64.0496
-63.8139
-63.5578
-63.2752
-62.958
-62.5968
-62.1794
-61.6937
-61.1292
-60.4768
-59.7314
-58.8919
-57.9611
-56.9452
-55.8522
-54.6913
-53.4715
-52.2014
-50.8881
-49.5377
-48.1556
-46.746
-45.3131
-43.8603
-42.3922
-40.9122
-39.4243
-37.9328
-36.442
-34.956
-33.4795
-32.0163
-30.5707
-29.1465
-27.7477
-26.3777
-25.0396
-23.7366
-22.471
-21.2451
-20.0609
-18.92
-17.8238
-16.7734
-15.7692
-14.8118
-13.9016
-13.0382
-12.2215
-11.4507
-10.7253
-10.0442
-9.40612
-8.80988
-8.2539
-7.73652
-7.25605
-6.81058
-6.39821
-6.01696
-5.6648
-5.33966
-5.03948
-4.76221
-4.50584
-4.26843
-4.04812
-3.84319
-3.65202
-3.47313
-3.30517
-3.14696
-2.99744
-2.8557
-2.72096
-2.59258
-2.47004
-2.35292
-2.24089
-2.13368
-2.03108
-1.93295
-1.83915
-1.74959
-1.66418
-1.58285
-1.50552
-1.43209
-1.36249
-1.2966
-1.23429
-1.17542
-1.11985
-1.06743
-1.01798
-0.971358
-0.927392
-0.885928
-0.846808
-0.80988
-0.775001
-0.742048
-0.710891
-0.681424
-0.653544
-0.627157
-0.602186
-0.578551
-0.55618
-0.53501
-0.514981
-0.496036
-0.478117
-0.461173
-0.445155
-0.430019
-0.415722
-0.402209
-0.38944
-0.377384
-0.366005
-0.355255
-0.345097
-0.335511
-0.326448
-0.31785
-0.309703
-0.301995
-0.29466
-0.287652
-0.280956
-0.274545
-0.268406
-0.262454
-0.25666
-0.251104
-0.245627
-0.240193
-0.23501
-0.229835
-0.224586
-0.219541
-0.214557
-0.209417
-0.204317
-0.199456
-0.194374
-0.189268
-0.184467
-0.179288
-0.174233
-0.169676
-0.164294
-0.159344
-0.155108
-0.149035
-0.145196
-0.1408
-0.133024
-0.133254
-0.124443
-0.120138
-0.121872
-0.104177
-0.118343
-0.0920461
-0.107045
-0.0902148
-0.0904879
-0.0883702
-0.078452
-0.0805555
-0.0720604
-0.0705938
-0.0649802
-0.062489
-0.0572147
-0.0540372
-0.0501754
-0.0455499
-0.0429687
-0.0377211
-0.0348258
-0.0297685
-0.0262416
-0.0231002
-0.0183
-0.0146437
-0.00947979
-0.00608703
-0.00174763
-65.1517
-65.0694
-64.9739
-64.8582
-64.7218
-64.5678
-64.398
-64.2142
-64.0172
-63.8077
-63.5841
-63.3442
-63.0832
-62.7942
-62.468
-62.094
-61.6589
-61.1505
-60.559
-59.876
-59.0973
-58.2234
-57.2579
-56.2081
-55.0821
-53.8892
-52.6381
-51.3367
-49.9918
-48.6095
-47.195
-45.7525
-44.2866
-42.8019
-41.3022
-39.7921
-38.2765
-36.7596
-35.2463
-33.7412
-32.2489
-30.7739
-29.3205
-27.8925
-26.494
-25.1282
-23.7984
-22.5073
-21.2572
-20.0503
-18.8883
-17.7726
-16.7042
-15.6839
-14.7122
-13.7893
-12.915
-12.089
-11.3106
-10.5792
-9.8936
-9.25259
-8.65479
-8.09852
-7.5821
-7.10365
-6.66122
-6.25279
-5.87625
-5.52945
-5.21018
-4.91627
-4.64552
-4.39584
-4.16515
-3.9515
-3.7531
-3.56824
-3.39537
-3.23312
-3.08024
-2.93566
-2.79844
-2.66784
-2.5432
-2.42404
-2.30994
-2.20061
-2.09582
-1.99539
-1.8992
-1.80716
-1.71921
-1.63529
-1.55534
-1.47934
-1.40718
-1.33881
-1.27411
-1.21296
-1.15523
-1.10078
-1.04946
-1.00108
-0.955507
-0.912563
-0.872086
-0.833913
-0.797891
-0.76388
-0.731741
-0.701365
-0.672627
-0.645438
-0.619702
-0.595345
-0.572291
-0.550472
-0.529821
-0.510284
-0.491803
-0.474328
-0.457806
-0.442186
-0.42743
-0.413494
-0.400327
-0.387888
-0.376148
-0.365071
-0.35461
-0.344729
-0.335409
-0.326608
-0.31826
-0.310342
-0.302866
-0.295758
-0.288945
-0.282449
-0.276235
-0.270247
-0.264467
-0.258835
-0.253389
-0.248052
-0.242729
-0.237623
-0.232552
-0.227343
-0.222366
-0.217434
-0.21229
-0.207234
-0.202365
-0.197245
-0.192165
-0.187327
-0.182087
-0.177013
-0.172382
-0.166983
-0.161996
-0.15762
-0.15145
-0.147705
-0.143053
-0.135088
-0.136036
-0.125546
-0.123538
-0.122216
-0.107132
-0.11985
-0.0929338
-0.110685
-0.0883774
-0.0956885
-0.0861836
-0.0827317
-0.0793963
-0.074174
-0.0714043
-0.0660736
-0.0626017
-0.0587986
-0.0539423
-0.0516239
-0.0456225
-0.0431486
-0.0379092
-0.0355122
-0.0302443
-0.0270017
-0.0218329
-0.0184789
-0.0148319
-0.0113414
-0.0061406
-0.00141745
-64.8524
-64.7799
-64.692
-64.5831
-64.4534
-64.3055
-64.1417
-63.964
-63.7739
-63.5725
-63.36
-63.1348
-62.8937
-62.6312
-62.3381
-62.0042
-61.6179
-61.1651
-60.6338
-60.0136
-59.2975
-58.4833
-57.572
-56.569
-55.4816
-54.3185
-53.0888
-51.801
-50.4628
-49.0808
-47.6611
-46.2087
-44.729
-43.2264
-41.7057
-40.1724
-38.6307
-37.0863
-35.5439
-34.0087
-32.4855
-30.9795
-29.4949
-28.0363
-26.6078
-25.2129
-23.855
-22.5372
-21.2619
-20.0313
-18.8473
-17.7114
-16.6245
-15.5876
-14.6011
-13.6652
-12.7798
-11.9444
-11.1584
-10.421
-9.73109
-9.08734
-8.48819
-7.93198
-7.41689
-6.94093
-6.50206
-6.09812
-5.72687
-5.38601
-5.07324
-4.78619
-4.52259
-4.28017
-4.05677
-3.85034
-3.65897
-3.48088
-3.31447
-3.1583
-3.01108
-2.87172
-2.73928
-2.613
-2.49227
-2.37661
-2.26563
-2.15908
-2.05676
-1.95853
-1.86431
-1.77406
-1.68773
-1.60531
-1.52678
-1.45212
-1.38126
-1.31413
-1.25065
-1.1907
-1.13415
-1.08086
-1.03067
-0.983416
-0.938938
-0.897061
-0.857614
-0.820429
-0.785351
-0.752239
-0.720953
-0.691378
-0.663403
-0.636926
-0.611866
-0.588146
-0.565692
-0.54444
-0.524326
-0.505294
-0.487297
-0.470279
-0.454191
-0.438984
-0.424619
-0.411057
-0.398248
-0.386151
-0.374735
-0.363968
-0.353807
-0.344214
-0.335169
-0.326636
-0.318549
-0.310873
-0.303631
-0.296763
-0.290162
-0.283862
-0.27786
-0.272042
-0.266421
-0.260974
-0.255649
-0.250438
-0.245253
-0.24022
-0.23525
-0.230105
-0.225178
-0.220308
-0.215163
-0.210152
-0.205277
-0.200128
-0.195047
-0.190188
-0.184903
-0.179774
-0.175118
-0.169624
-0.164649
-0.160165
-0.153767
-0.150292
-0.145248
-0.13726
-0.138734
-0.126476
-0.127455
-0.121627
-0.11135
-0.119898
-0.0952247
-0.112842
-0.0883532
-0.0987959
-0.0855843
-0.085697
-0.0798186
-0.0753991
-0.0719765
-0.0676562
-0.0630005
-0.0599926
-0.0543383
-0.0517914
-0.046949
-0.0433141
-0.0385687
-0.035229
-0.0304047
-0.0275204
-0.0226439
-0.0189205
-0.0141183
-0.00987296
-0.00616203
-0.00261993
-64.5674
-64.5039
-64.423
-64.3204
-64.1966
-64.0542
-63.8957
-63.7234
-63.5395
-63.3458
-63.143
-62.9313
-62.7079
-62.4684
-62.2065
-61.9112
-61.5711
-61.1721
-60.7004
-60.1438
-59.4922
-58.7403
-57.8868
-56.9345
-55.8894
-54.7596
-53.5541
-52.282
-50.9518
-49.5708
-48.146
-46.6833
-45.1886
-43.6672
-42.1245
-40.5659
-38.9969
-37.423
-35.8497
-34.2826
-32.7268
-31.1878
-29.6704
-28.1795
-26.7194
-25.294
-23.9067
-22.5608
-21.2592
-20.0039
-18.797
-17.64
-16.5341
-15.4801
-14.4784
-13.5292
-12.6323
-11.7874
-10.9937
-10.2504
-9.55631
-8.91
-8.30982
-7.75402
-7.24066
-6.76766
-6.33291
-5.93402
-5.56866
-5.23438
-4.92872
-4.6492
-4.39337
-4.15884
-3.94332
-3.74468
-3.56087
-3.39006
-3.23055
-3.08085
-2.93963
-2.80577
-2.67835
-2.55659
-2.43992
-2.32786
-2.2201
-2.11639
-2.01658
-1.92058
-1.82835
-1.73988
-1.65519
-1.57429
-1.49719
-1.42388
-1.35433
-1.28847
-1.22623
-1.16751
-1.11217
-1.06007
-1.01107
-0.964991
-0.921659
-0.880895
-0.842524
-0.806368
-0.772276
-0.740091
-0.709693
-0.680949
-0.65376
-0.628024
-0.603662
-0.580598
-0.558763
-0.538094
-0.518532
-0.500025
-0.482524
-0.465978
-0.450337
-0.435553
-0.421593
-0.408415
-0.395974
-0.384227
-0.373146
-0.3627
-0.352848
-0.343553
-0.334792
-0.326535
-0.318719
-0.311299
-0.304296
-0.297673
-0.291304
-0.285203
-0.279416
-0.273795
-0.268328
-0.263069
-0.257895
-0.252793
-0.247759
-0.242815
-0.237928
-0.232871
-0.227984
-0.223178
-0.218049
-0.213058
-0.208201
-0.203013
-0.197941
-0.193045
-0.187725
-0.182545
-0.177821
-0.172301
-0.167245
-0.162684
-0.156123
-0.152803
-0.147492
-0.139442
-0.141463
-0.127369
-0.131312
-0.120808
-0.115744
-0.119105
-0.098921
-0.113074
-0.0905224
-0.100045
-0.0867476
-0.0869692
-0.0808573
-0.0770112
-0.0723657
-0.0688187
-0.0638436
-0.0603574
-0.0560257
-0.0512768
-0.0480055
-0.0431897
-0.0397987
-0.0353217
-0.0313119
-0.0267062
-0.0228773
-0.0190581
-0.0149502
-0.0099186
-0.00587028
-0.00197079
-64.297
-64.2417
-64.1673
-64.0703
-63.9517
-63.8142
-63.6602
-63.4925
-63.3137
-63.1265
-62.9324
-62.7321
-62.5253
-62.3077
-62.0742
-61.8154
-61.5193
-61.1723
-60.7594
-60.2664
-59.6807
-58.994
-58.2017
-57.3041
-56.3053
-55.2125
-54.0346
-52.7808
-51.46
-50.081
-48.6513
-47.178
-45.6675
-44.1261
-42.5598
-40.9744
-39.3762
-37.771
-36.1648
-34.5636
-32.9733
-31.3994
-29.8474
-28.3224
-26.829
-25.3714
-23.9533
-22.5782
-21.2489
-19.968
-18.7372
-17.5584
-16.4328
-15.361
-14.3436
-13.3808
-12.4722
-11.6176
-10.8163
-10.0671
-9.36896
-8.72028
-8.11935
-7.56432
-7.05316
-6.58366
-6.15354
-5.7603
-5.40147
-5.07443
-4.77656
-4.50523
-4.25784
-4.03185
-3.82485
-3.63459
-3.45892
-3.29589
-3.14374
-3.00091
-2.86603
-2.73797
-2.61579
-2.49875
-2.38627
-2.27793
-2.17345
-2.07263
-1.97536
-1.8816
-1.79136
-1.70469
-1.62164
-1.54226
-1.46659
-1.39464
-1.3264
-1.26183
-1.20085
-1.14338
-1.08929
-1.03845
-0.990679
-0.945818
-0.903678
-0.864075
-0.826822
-0.791743
-0.75867
-0.727457
-0.697974
-0.670093
-0.643713
-0.618743
-0.595101
-0.572714
-0.551512
-0.531444
-0.512452
-0.494484
-0.477492
-0.46143
-0.446247
-0.431899
-0.418353
-0.405571
-0.393508
-0.382121
-0.371383
-0.361269
-0.351736
-0.342746
-0.334281
-0.32631
-0.318771
-0.311622
-0.304868
-0.298489
-0.292371
-0.286485
-0.280906
-0.275503
-0.270202
-0.265121
-0.260125
-0.255134
-0.250242
-0.245413
-0.240597
-0.235637
-0.230802
-0.226041
-0.220946
-0.215969
-0.211121
-0.205918
-0.200818
-0.195926
-0.190545
-0.185315
-0.180543
-0.174913
-0.169914
-0.165152
-0.158449
-0.155401
-0.149584
-0.141876
-0.143772
-0.128708
-0.134804
-0.120009
-0.120523
-0.117334
-0.103878
-0.112047
-0.0938273
-0.100268
-0.088647
-0.0879974
-0.0816742
-0.0782606
-0.0734516
-0.069232
-0.0653796
-0.0601594
-0.0572536
-0.0516957
-0.0488196
-0.04337
-0.0401691
-0.0352844
-0.0322265
-0.027461
-0.0229065
-0.0184462
-0.0141855
-0.0108979
-0.00726874
-0.00202628
-64.0417
-63.9937
-63.9249
-63.8329
-63.7189
-63.5855
-63.4354
-63.2717
-63.0975
-62.9157
-62.7295
-62.54
-62.3477
-62.1504
-61.9426
-61.7179
-61.464
-61.1669
-60.8115
-60.3821
-59.8631
-59.2436
-58.5156
-57.6768
-56.729
-55.6777
-54.5307
-53.2978
-51.9886
-50.6128
-49.1786
-47.6943
-46.1672
-44.6045
-43.013
-41.3992
-39.7697
-38.1311
-36.4899
-34.8525
-33.2256
-31.6149
-30.0263
-28.4653
-26.9368
-25.4454
-23.995
-22.5892
-21.2312
-19.9233
-18.6678
-17.4665
-16.3203
-15.2301
-14.1965
-13.2197
-12.2992
-11.4349
-10.6257
-9.8708
-9.1687
-8.51786
-7.91653
-7.36268
-6.85415
-6.38867
-5.96375
-5.57681
-5.22516
-4.90606
-4.61668
-4.35426
-4.11599
-3.89924
-3.70144
-3.52018
-3.35323
-3.19852
-3.0542
-2.91864
-2.79045
-2.66847
-2.55177
-2.43962
-2.33148
-2.22696
-2.12582
-2.02792
-1.9332
-1.84168
-1.75344
-1.66855
-1.58713
-1.50925
-1.435
-1.36441
-1.29748
-1.23421
-1.17453
-1.11835
-1.06554
-1.01599
-0.969502
-0.925907
-0.885007
-0.846613
-0.810522
-0.776556
-0.744549
-0.714346
-0.685809
-0.658821
-0.633276
-0.609095
-0.586195
-0.564498
-0.543952
-0.524501
-0.506092
-0.488677
-0.472208
-0.456642
-0.44193
-0.42803
-0.414907
-0.402529
-0.390852
-0.379836
-0.369451
-0.359678
-0.350473
-0.341797
-0.333638
-0.325964
-0.318709
-0.311839
-0.305352
-0.299222
-0.293361
-0.287713
-0.28234
-0.277163
-0.272053
-0.267138
-0.262335
-0.257471
-0.25271
-0.248017
-0.243271
-0.238405
-0.233627
-0.228912
-0.223855
-0.218889
-0.214051
-0.208826
-0.203708
-0.198788
-0.193405
-0.188063
-0.183282
-0.177546
-0.1725
-0.167752
-0.160687
-0.158037
-0.151563
-0.144529
-0.145798
-0.130368
-0.138133
-0.119554
-0.12503
-0.115745
-0.108562
-0.110894
-0.0974471
-0.100199
-0.0905871
-0.0888166
-0.0830991
-0.0788063
-0.0747572
-0.0697114
-0.0662355
-0.061357
-0.0572666
-0.0527102
-0.048764
-0.0446322
-0.0402239
-0.035922
-0.0316867
-0.0276064
-0.0235459
-0.0193069
-0.0145734
-0.0102874
-0.00594088
-0.00186664
-63.8017
-63.76
-63.6961
-63.6084
-63.4983
-63.3685
-63.2217
-63.0613
-62.8909
-62.7143
-62.5348
-62.355
-62.1758
-61.997
-61.814
-61.6202
-61.4058
-61.1569
-60.8575
-60.4907
-60.0391
-59.4886
-58.8284
-58.0524
-57.1599
-56.1541
-55.0423
-53.8336
-52.5386
-51.1672
-49.7291
-48.2337
-46.6894
-45.1043
-43.4859
-41.8417
-40.179
-38.5046
-36.8261
-35.1505
-33.4845
-31.8348
-30.2076
-28.6085
-27.043
-25.5161
-24.0317
-22.5939
-21.2057
-19.8698
-18.5886
-17.3637
-16.1962
-15.0871
-14.0369
-13.0456
-12.113
-11.2387
-10.4218
-9.66111
-8.9552
-8.30249
-7.70107
-7.14879
-6.6434
-6.18249
-5.76338
-5.38339
-5.03963
-4.72916
-4.44902
-4.19624
-3.96785
-3.76106
-3.57315
-3.40157
-3.24394
-3.09808
-2.96207
-2.8342
-2.71305
-2.59744
-2.48645
-2.37937
-2.2757
-2.17508
-2.07733
-1.98237
-1.89021
-1.80092
-1.71464
-1.63152
-1.55169
-1.4753
-1.40244
-1.3332
-1.2676
-1.20563
-1.14726
-1.0924
-1.04092
-0.992696
-0.947543
-0.905267
-0.865657
-0.828521
-0.793638
-0.760829
-0.729926
-0.700766
-0.673213
-0.647143
-0.622465
-0.599095
-0.57695
-0.555964
-0.536091
-0.517271
-0.499462
-0.482612
-0.46668
-0.451622
-0.437392
-0.423949
-0.41126
-0.399293
-0.388012
-0.377374
-0.367353
-0.357928
-0.349062
-0.340709
-0.332863
-0.325499
-0.318541
-0.311953
-0.305748
-0.299882
-0.294277
-0.288885
-0.283731
-0.278776
-0.27388
-0.269134
-0.264523
-0.259814
-0.255168
-0.250625
-0.245956
-0.241175
-0.236475
-0.231789
-0.226783
-0.22182
-0.216993
-0.211756
-0.206589
-0.20167
-0.196246
-0.190854
-0.185992
-0.180203
-0.175111
-0.17029
-0.163006
-0.160682
-0.1534
-0.147412
-0.147339
-0.132664
-0.140429
-0.120172
-0.128629
-0.114863
-0.112779
-0.109973
-0.100872
-0.100177
-0.092662
-0.0894239
-0.0844555
-0.0797654
-0.0754984
-0.0710697
-0.0663565
-0.0624457
-0.0576461
-0.0537485
-0.0489117
-0.0451664
-0.0404291
-0.0365408
-0.0321211
-0.0275138
-0.0233875
-0.0193303
-0.0155372
-0.0109355
-0.0055929
-0.00178035
-63.5773
-63.5409
-63.4811
-63.3969
-63.2901
-63.1632
-63.0192
-62.8616
-62.6946
-62.5224
-62.349
-62.1779
-62.0112
-61.849
-61.6885
-61.5242
-61.3468
-61.1435
-60.8978
-60.5926
-60.2086
-59.7287
-59.1387
-58.4294
-57.5967
-56.6413
-55.5693
-54.3888
-53.1106
-51.7454
-50.3045
-48.798
-47.2358
-45.6269
-43.9802
-42.3036
-40.6052
-38.8929
-37.1748
-35.4583
-33.7509
-32.0597
-30.3916
-28.7524
-27.1481
-25.5837
-24.0638
-22.5922
-21.1726
-19.8074
-18.4993
-17.2499
-16.0604
-14.9317
-13.8643
-12.8582
-11.9133
-11.029
-10.2041
-9.43771
-8.7282
-8.07386
-7.47269
-6.9224
-6.42067
-5.96484
-5.55219
-5.17986
-4.8447
-4.54364
-4.27352
-4.03115
-3.81344
-3.61739
-3.44011
-3.27888
-3.13121
-2.99477
-2.86756
-2.74781
-2.63404
-2.52509
-2.42004
-2.3182
-2.2191
-2.12245
-2.02813
-1.93611
-1.84649
-1.7594
-1.67505
-1.59365
-1.51538
-1.44043
-1.36895
-1.30103
-1.23674
-1.17609
-1.11905
-1.06553
-1.01543
-0.968584
-0.924814
-0.883904
-0.845643
-0.809804
-0.776186
-0.744585
-0.71482
-0.686743
-0.6602
-0.635081
-0.611293
-0.588753
-0.567381
-0.547125
-0.527936
-0.509767
-0.49257
-0.476297
-0.460913
-0.446375
-0.432638
-0.419662
-0.407415
-0.395869
-0.384991
-0.374741
-0.365092
-0.356023
-0.347503
-0.339487
-0.331961
-0.324915
-0.31827
-0.311973
-0.306056
-0.300473
-0.295127
-0.289999
-0.285086
-0.280349
-0.275682
-0.271119
-0.266693
-0.262157
-0.25763
-0.253233
-0.248668
-0.243955
-0.239336
-0.23469
-0.22972
-0.224778
-0.219945
-0.214713
-0.209481
-0.204553
-0.199121
-0.193612
-0.18876
-0.18281
-0.177733
-0.172916
-0.165173
-0.163524
-0.154988
-0.15062
-0.148208
-0.13561
-0.141988
-0.121515
-0.131607
-0.114877
-0.116098
-0.109822
-0.10363
-0.100523
-0.0943807
-0.0904485
-0.0854525
-0.0810052
-0.0762214
-0.0720503
-0.0672305
-0.0628674
-0.0584257
-0.0540985
-0.0498626
-0.0452918
-0.0410357
-0.0364627
-0.0324591
-0.0282997
-0.0237663
-0.0192171
-0.0148742
-0.010634
-0.00709686
-0.00259248
-63.3687
-63.3364
-63.2798
-63.1986
-63.0945
-62.97
-62.8282
-62.6731
-62.5089
-62.3406
-62.1729
-62.01
-61.8545
-61.7075
-61.5679
-61.4309
-61.2881
-61.1281
-60.9345
-60.6894
-60.3721
-59.9636
-59.4461
-58.807
-58.0384
-57.1387
-56.1111
-54.9631
-53.705
-52.3486
-50.9059
-49.3888
-47.8081
-46.1742
-44.4974
-42.7862
-41.0498
-39.2972
-37.5368
-35.7769
-34.0257
-32.2904
-30.5789
-28.8974
-27.2522
-25.6484
-24.091
-22.5842
-21.1315
-19.7359
-18.3998
-17.1249
-15.9127
-14.7636
-13.6785
-12.6574
-11.6998
-10.8052
-9.97246
-9.20039
-8.48744
-7.83171
-7.23109
-6.68325
-6.18564
-5.73552
-5.33002
-4.96602
-4.64025
-4.34941
-4.09012
-3.85901
-3.65281
-3.46831
-3.30243
-3.1523
-3.01522
-2.88879
-2.77089
-2.65967
-2.55366
-2.45165
-2.35274
-2.25629
-2.16187
-2.06924
-1.97836
-1.88928
-1.80215
-1.71722
-1.63474
-1.55499
-1.47823
-1.40468
-1.33453
-1.26792
-1.20493
-1.14559
-1.08989
-1.03776
-0.989067
-0.943654
-0.901315
-0.861827
-0.824962
-0.790481
-0.758179
-0.72783
-0.699255
-0.672294
-0.646796
-0.622653
-0.599777
-0.57808
-0.557503
-0.537991
-0.519504
-0.501998
-0.485425
-0.469743
-0.454917
-0.440908
-0.427674
-0.415173
-0.403375
-0.392258
-0.381793
-0.371941
-0.362671
-0.353967
-0.345803
-0.338134
-0.330938
-0.324215
-0.317896
-0.311904
-0.306277
-0.300992
-0.29592
-0.291057
-0.286406
-0.281894
-0.277454
-0.273101
-0.268852
-0.264503
-0.260105
-0.255847
-0.251401
-0.246756
-0.242216
-0.237616
-0.232683
-0.227749
-0.222924
-0.217688
-0.2124
-0.207446
-0.202014
-0.19639
-0.191484
-0.185483
-0.180247
-0.175606
-0.167378
-0.166319
-0.156573
-0.153968
-0.148787
-0.138902
-0.142958
-0.123872
-0.133207
-0.116289
-0.118271
-0.110357
-0.105766
-0.101423
-0.0957448
-0.0915666
-0.0864882
-0.082118
-0.077245
-0.0725979
-0.0681393
-0.0635693
-0.0592628
-0.0545433
-0.0501417
-0.0458392
-0.0414781
-0.0371244
-0.0324698
-0.0283956
-0.0239666
-0.0197927
-0.0152479
-0.0106732
-0.00647466
-0.00202072
-63.1759
-63.1466
-63.0924
-63.0135
-62.9114
-62.7889
-62.649
-62.4959
-62.3344
-62.1698
-62.0072
-61.8515
-61.7065
-61.5741
-61.4537
-61.3421
-61.2317
-61.1121
-60.9679
-60.781
-60.5297
-60.1928
-59.75
-59.1843
-58.4846
-57.6453
-56.6673
-55.5563
-54.3223
-52.9774
-51.535
-50.0076
-48.4081
-46.7484
-45.0394
-43.2916
-41.5148
-39.7189
-37.9134
-36.1075
-34.3094
-32.5278
-30.7705
-29.0441
-27.3555
-25.7103
-24.1135
-22.5698
-21.0827
-19.6553
-18.2901
-16.9888
-15.7528
-14.5828
-13.4795
-12.4428
-11.4723
-10.5671
-9.7265
-8.94886
-8.23259
-7.57574
-6.976
-6.43102
-5.93808
-5.49431
-5.09665
-4.74172
-4.42616
-4.14638
-3.89879
-3.67983
-3.48602
-3.31393
-3.16027
-3.02198
-2.8962
-2.78038
-2.6723
-2.57007
-2.47216
-2.37737
-2.28482
-2.19389
-2.10422
-2.01565
-1.92819
-1.842
-1.75732
-1.67447
-1.59379
-1.51562
-1.44029
-1.36807
-1.2992
-1.23386
-1.17216
-1.11414
-1.05981
-1.00909
-0.961845
-0.917905
-0.877049
-0.839037
-0.803623
-0.770566
-0.73963
-0.710588
-0.68325
-0.657441
-0.633022
-0.60988
-0.587931
-0.567097
-0.547327
-0.528576
-0.510805
-0.493972
-0.478036
-0.462957
-0.448701
-0.435231
-0.422506
-0.410489
-0.39915
-0.388471
-0.378427
-0.368978
-0.360096
-0.351767
-0.343966
-0.336652
-0.329797
-0.323403
-0.317417
-0.311748
-0.306416
-0.301438
-0.296661
-0.292064
-0.287688
-0.283419
-0.279205
-0.275076
-0.271013
-0.26685
-0.262596
-0.258469
-0.254159
-0.249585
-0.245117
-0.240571
-0.235667
-0.230747
-0.225925
-0.220703
-0.215329
-0.210367
-0.204915
-0.199192
-0.194219
-0.188115
-0.182842
-0.178215
-0.169694
-0.169109
-0.158113
-0.157415
-0.149055
-0.14265
-0.143053
-0.127128
-0.133922
-0.118288
-0.119951
-0.11143
-0.107357
-0.102692
-0.0970223
-0.0926559
-0.0875815
-0.0830183
-0.0781782
-0.0734291
-0.0689326
-0.0641871
-0.0598767
-0.0552349
-0.050512
-0.0463304
-0.041771
-0.0374689
-0.0331916
-0.0285766
-0.0238824
-0.0197143
-0.0154419
-0.0114444
-0.00638004
-0.00195352
-62.9989
-62.9713
-62.9188
-62.8415
-62.741
-62.62
-62.4817
-62.3305
-62.1715
-62.0104
-61.8528
-61.7042
-61.5687
-61.4495
-61.3467
-61.2589
-61.1791
-61.0977
-61.0007
-60.8695
-60.6825
-60.4167
-60.0492
-59.56
-58.9331
-58.1593
-57.2365
-56.168
-54.9629
-53.6331
-52.1928
-50.6563
-49.038
-47.3512
-45.6085
-43.8216
-42.0018
-40.1599
-38.3065
-36.4512
-34.6036
-32.7728
-30.9666
-29.193
-27.4587
-25.7698
-24.1318
-22.5494
-21.0262
-19.5656
-18.17
-16.8413
-15.5807
-14.3892
-13.2671
-12.2143
-11.2304
-10.3147
-9.46602
-8.68284
-7.96337
-7.30556
-6.7071
-6.16543
-5.67776
-5.24097
-4.85184
-4.50683
-4.20229
-3.93445
-3.69949
-3.49365
-3.31317
-3.15439
-3.01381
-2.88815
-2.77438
-2.6698
-2.57209
-2.47929
-2.38985
-2.30256
-2.21655
-2.13126
-2.0464
-1.96188
-1.87781
-1.79444
-1.71212
-1.63125
-1.55226
-1.47558
-1.40159
-1.33063
-1.26299
-1.19888
-1.13844
-1.08174
-1.02879
-0.979508
-0.933751
-0.891331
-0.85201
-0.815534
-0.781642
-0.750075
-0.720563
-0.692881
-0.666818
-0.642202
-0.61889
-0.596775
-0.575773
-0.555822
-0.536876
-0.518895
-0.50185
-0.4857
-0.47041
-0.455947
-0.442269
-0.429346
-0.417141
-0.405618
-0.394749
-0.384516
-0.374897
-0.365859
-0.357373
-0.349426
-0.341997
-0.335042
-0.328538
-0.322484
-0.316836
-0.311503
-0.306481
-0.301811
-0.297349
-0.293028
-0.28893
-0.284928
-0.28094
-0.277043
-0.273181
-0.269203
-0.265109
-0.261111
-0.256938
-0.252448
-0.24804
-0.24356
-0.238689
-0.233766
-0.228954
-0.223749
-0.218291
-0.213288
-0.207846
-0.201988
-0.196995
-0.190736
-0.185413
-0.180874
-0.172043
-0.171772
-0.159745
-0.160746
-0.14929
-0.146394
-0.14314
-0.130448
-0.134441
-0.120689
-0.12109
-0.113064
-0.108633
-0.103906
-0.098429
-0.0935624
-0.0887792
-0.0837852
-0.0791501
-0.0740968
-0.0698866
-0.0648204
-0.0602661
-0.0556621
-0.0514233
-0.0466643
-0.0423375
-0.0375256
-0.0334231
-0.028803
-0.0243966
-0.0198487
-0.0153616
-0.0108058
-0.00671997
-0.00240228
-62.8376
-62.8105
-62.7589
-62.6825
-62.5831
-62.4633
-62.3265
-62.1771
-62.0207
-61.863
-61.7103
-61.5685
-61.4424
-61.3358
-61.2498
-61.1834
-61.1318
-61.0862
-61.033
-60.9552
-60.8309
-60.6359
-60.3444
-59.9333
-59.383
-58.68
-57.8178
-56.7974
-55.6263
-54.3158
-52.8806
-51.3367
-49.6997
-47.9849
-46.2066
-44.3783
-42.5128
-40.6219
-38.7173
-36.8096
-34.9093
-33.0259
-31.1683
-29.3445
-27.562
-25.8273
-24.146
-22.5229
-20.962
-19.4668
-18.0396
-16.6823
-15.3963
-14.1824
-13.0409
-11.9716
-10.9741
-10.0476
-9.19076
-8.40198
-7.67944
-7.02097
-6.42413
-5.88629
-5.40441
-4.9753
-4.59547
-4.26118
-3.96854
-3.71359
-3.49226
-3.30051
-3.13436
-2.98986
-2.86326
-2.75105
-2.65003
-2.55735
-2.47057
-2.38767
-2.30706
-2.22752
-2.14823
-2.06868
-1.98865
-1.90815
-1.82739
-1.74675
-1.66666
-1.58766
-1.51024
-1.43493
-1.36217
-1.29239
-1.2259
-1.16296
-1.10377
-1.04839
-0.996827
-0.949009
-0.904776
-0.863926
-0.826204
-0.791332
-0.759039
-0.729026
-0.701001
-0.674726
-0.649986
-0.6266
-0.604423
-0.583358
-0.563321
-0.544269
-0.526159
-0.508959
-0.49265
-0.477193
-0.462561
-0.448719
-0.43563
-0.423263
-0.411586
-0.400567
-0.390176
-0.380394
-0.371208
-0.362589
-0.354504
-0.346947
-0.339896
-0.333308
-0.327163
-0.32146
-0.316156
-0.31117
-0.306474
-0.302116
-0.297981
-0.293954
-0.290136
-0.286421
-0.282671
-0.279007
-0.275365
-0.271572
-0.267644
-0.263781
-0.259746
-0.25535
-0.251
-0.246584
-0.24175
-0.236816
-0.232008
-0.226832
-0.221271
-0.216241
-0.210778
-0.204817
-0.199781
-0.193368
-0.188053
-0.183364
-0.174718
-0.174091
-0.161626
-0.163753
-0.149908
-0.149813
-0.143348
-0.133982
-0.134553
-0.123385
-0.12204
-0.114756
-0.109958
-0.104863
-0.0998944
-0.0945403
-0.0897071
-0.0847552
-0.0799761
-0.0750685
-0.0702966
-0.0656929
-0.0608231
-0.0563312
-0.0517316
-0.0472218
-0.0425911
-0.0382791
-0.033484
-0.0288198
-0.0245615
-0.0200547
-0.0157632
-0.0109356
-0.006487
-0.00210441
-62.6918
-62.664
-62.6124
-62.5364
-62.4377
-62.3189
-62.1834
-62.0359
-61.8821
-61.728
-61.5803
-61.4451
-61.3281
-61.2334
-61.1633
-61.1174
-61.092
-61.0797
-61.0686
-61.0415
-60.9773
-60.851
-60.6352
-60.3036
-59.8328
-59.2052
-58.4097
-57.4439
-56.3122
-55.026
-53.5994
-52.0499
-50.3949
-48.6513
-46.8362
-44.9641
-43.0497
-41.1065
-39.1474
-37.1839
-35.2274
-33.2882
-31.376
-29.4993
-27.666
-25.8829
-24.1561
-22.4904
-20.8903
-19.3588
-17.8988
-16.5118
-15.1994
-13.9624
-12.8007
-11.7145
-10.7031
-9.76551
-8.90037
-8.10603
-7.38059
-6.72169
-6.1269
-5.59332
-5.11789
-4.69714
-4.32736
-4.00466
-3.72487
-3.48379
-3.27714
-3.10055
-2.94973
-2.8205
-2.70883
-2.61095
-2.52347
-2.44338
-2.36811
-2.29559
-2.22415
-2.15263
-2.0802
-2.00645
-1.93124
-1.85469
-1.77715
-1.6991
-1.62111
-1.54381
-1.46781
-1.39373
-1.32208
-1.25336
-1.18794
-1.12613
-1.06814
-1.01406
-0.963896
-0.91757
-0.874908
-0.835689
-0.799633
-0.766451
-0.735825
-0.707427
-0.680958
-0.656149
-0.632779
-0.610656
-0.589651
-0.569651
-0.550599
-0.532455
-0.515192
-0.498785
-0.483217
-0.46846
-0.454494
-0.441283
-0.428793
-0.416991
-0.405852
-0.395344
-0.385436
-0.376113
-0.367365
-0.359169
-0.351493
-0.344328
-0.337663
-0.331453
-0.325674
-0.320332
-0.315383
-0.31075
-0.306397
-0.302359
-0.298558
-0.294848
-0.291315
-0.287898
-0.284404
-0.280973
-0.277568
-0.273967
-0.270208
-0.266487
-0.26259
-0.258297
-0.253995
-0.249647
-0.24486
-0.239903
-0.235084
-0.229956
-0.224281
-0.219204
-0.213761
-0.207596
-0.202681
-0.195885
-0.190876
-0.185681
-0.177568
-0.176199
-0.163729
-0.166368
-0.150965
-0.152936
-0.143697
-0.137258
-0.135095
-0.12556
-0.123205
-0.116331
-0.11129
-0.105967
-0.100957
-0.0958754
-0.0904519
-0.0857609
-0.0807412
-0.0760438
-0.0709349
-0.0663298
-0.0614367
-0.0571232
-0.052034
-0.0476418
-0.0429043
-0.0386083
-0.0338313
-0.0293516
-0.0245479
-0.0200881
-0.0155759
-0.0114495
-0.00684237
-0.00216026
-62.5609
-62.5313
-62.479
-62.4029
-62.3045
-62.1864
-62.0523
-61.9068
-61.7558
-61.6056
-61.4632
-61.335
-61.2271
-61.144
-61.0889
-61.0622
-61.0613
-61.0803
-61.1081
-61.1286
-61.1216
-61.062
-60.9212
-60.6705
-60.282
-59.7337
-59.0104
-58.1049
-57.0196
-55.7627
-54.3493
-52.7971
-51.1249
-49.3527
-47.4989
-45.5807
-43.6145
-41.6157
-39.5983
-37.5752
-35.559
-33.5606
-31.5906
-29.6578
-27.7707
-25.9369
-24.1624
-22.4521
-20.8109
-19.2417
-17.7473
-16.3296
-14.9899
-13.7288
-12.5465
-11.4428
-10.4171
-9.4682
-8.59473
-7.79483
-7.06658
-6.4076
-5.81518
-5.28644
-4.818
-4.40633
-4.04742
-3.73719
-3.47124
-3.24511
-3.05419
-2.89385
-2.75947
-2.64657
-2.55081
-2.46819
-2.39508
-2.32829
-2.26513
-2.20343
-2.14153
-2.07825
-2.01282
-1.9449
-1.87446
-1.80177
-1.7273
-1.65167
-1.5756
-1.49982
-1.42507
-1.35204
-1.28136
-1.21357
-1.14913
-1.08838
-1.03154
-0.978736
-0.929979
-0.885173
-0.844132
-0.806608
-0.772301
-0.740893
-0.712009
-0.685309
-0.660458
-0.637175
-0.615221
-0.594408
-0.574591
-0.555678
-0.537625
-0.520401
-0.503988
-0.48838
-0.473559
-0.459513
-0.446219
-0.433648
-0.421765
-0.410539
-0.399945
-0.389956
-0.380537
-0.371678
-0.363371
-0.355602
-0.34834
-0.341574
-0.3353
-0.329478
-0.324073
-0.319098
-0.314518
-0.310247
-0.306249
-0.302549
-0.299086
-0.295712
-0.292475
-0.289363
-0.286148
-0.282951
-0.279793
-0.2764
-0.272807
-0.269234
-0.265476
-0.261294
-0.257042
-0.252755
-0.248019
-0.243031
-0.238194
-0.23311
-0.227347
-0.222165
-0.216791
-0.210353
-0.205618
-0.198433
-0.193701
-0.187928
-0.180595
-0.17789
-0.166257
-0.168448
-0.152601
-0.155451
-0.144744
-0.13974
-0.136216
-0.127657
-0.124116
-0.117989
-0.112614
-0.107212
-0.101954
-0.0969676
-0.0916425
-0.0864702
-0.0817993
-0.0766067
-0.071834
-0.066914
-0.062194
-0.0573656
-0.0527114
-0.0479756
-0.0434434
-0.0386288
-0.0340268
-0.0296299
-0.0248784
-0.020379
-0.015776
-0.0111592
-0.00665578
-0.00219536
-62.4446
-62.4119
-62.3581
-62.2815
-62.1832
-62.0658
-61.933
-61.7898
-61.6419
-61.4961
-61.3593
-61.2385
-61.1397
-61.0683
-61.0277
-61.0195
-61.0416
-61.0895
-61.1537
-61.2198
-61.2675
-61.2718
-61.204
-61.0331
-60.7289
-60.2637
-59.6179
-58.7795
-57.7465
-56.5257
-55.1302
-53.5785
-51.8914
-50.0903
-48.1967
-46.23
-44.2091
-42.151
-40.0716
-37.9853
-35.9054
-33.8442
-31.8126
-29.8205
-27.877
-25.9896
-24.1649
-22.4081
-20.7238
-19.1153
-17.5853
-16.1357
-14.7677
-13.4817
-12.2781
-11.1566
-10.1161
-9.15562
-8.27364
-7.46821
-6.73732
-6.07845
-5.48886
-4.9654
-4.50464
-4.10274
-3.75556
-3.45873
-3.20767
-2.99754
-2.82351
-2.68058
-2.5638
-2.46834
-2.38956
-2.32315
-2.26526
-2.2125
-2.16206
-2.11168
-2.05964
-2.00481
-1.94646
-1.88437
-1.81863
-1.74965
-1.67807
-1.60467
-1.53029
-1.45581
-1.3821
-1.30993
-1.24004
-1.17305
-1.10947
-1.04968
-0.993948
-0.942405
-0.89506
-0.851807
-0.812438
-0.776689
-0.744213
-0.714658
-0.687613
-0.662693
-0.639534
-0.617838
-0.597352
-0.57788
-0.559274
-0.541466
-0.524421
-0.508123
-0.492563
-0.477753
-0.463688
-0.450359
-0.437745
-0.425823
-0.414556
-0.403916
-0.393874
-0.384406
-0.375482
-0.367092
-0.359231
-0.35189
-0.345048
-0.338687
-0.332808
-0.327385
-0.322364
-0.317762
-0.313564
-0.309667
-0.306035
-0.302689
-0.299572
-0.296547
-0.293624
-0.290822
-0.287905
-0.284952
-0.282041
-0.278875
-0.275454
-0.272031
-0.268419
-0.264351
-0.260142
-0.25591
-0.251239
-0.246206
-0.241341
-0.236312
-0.230448
-0.225157
-0.21985
-0.213109
-0.208608
-0.200978
-0.196682
-0.189918
-0.183933
-0.179216
-0.169062
-0.170201
-0.154715
-0.157436
-0.146336
-0.14189
-0.137255
-0.12995
-0.125102
-0.119311
-0.114131
-0.108406
-0.103041
-0.0979118
-0.0928238
-0.0874553
-0.0824688
-0.0775189
-0.0723806
-0.0676162
-0.0627218
-0.0578702
-0.053202
-0.0484673
-0.0435805
-0.0389632
-0.0342543
-0.0297298
-0.0251643
-0.0205062
-0.0160558
-0.0113303
-0.00667582
-0.00212949
-62.342
-62.3053
-62.2494
-62.1717
-62.0732
-61.9565
-61.8253
-61.6845
-61.5403
-61.3994
-61.269
-61.156
-61.0668
-61.0072
-60.9809
-60.9903
-61.0348
-61.1103
-61.2085
-61.316
-61.4148
-61.4805
-61.4839
-61.3922
-61.172
-60.7928
-60.2292
-59.4643
-58.4913
-57.313
-55.9416
-54.3948
-52.695
-50.8659
-48.9314
-46.9144
-44.8355
-42.7145
-40.5691
-38.4153
-36.2677
-34.1397
-32.0431
-29.9885
-27.9853
-26.0416
-24.1642
-22.3586
-20.6294
-18.98
-17.4129
-15.9302
-14.5328
-13.2212
-11.9956
-10.8555
-9.7999
-8.82766
-7.93706
-7.12612
-6.39269
-5.73425
-5.14781
-4.63015
-4.17766
-3.78629
-3.45169
-3.16925
-2.93411
-2.74119
-2.58522
-2.46093
-2.36298
-2.28614
-2.22543
-2.17628
-2.13451
-2.09655
-2.05944
-2.02083
-1.97899
-1.93277
-1.88156
-1.82524
-1.76407
-1.69863
-1.62972
-1.55829
-1.48535
-1.41192
-1.33898
-1.26746
-1.19816
-1.13179
-1.06894
-1.01003
-0.955346
-0.905037
-0.859113
-0.817452
-0.77982
-0.745913
-0.715375
-0.687762
-0.662654
-0.639601
-0.618216
-0.598175
-0.579205
-0.561099
-0.543731
-0.527042
-0.511012
-0.495633
-0.480931
-0.46692
-0.453613
-0.441004
-0.42908
-0.417814
-0.407175
-0.397127
-0.387643
-0.378702
-0.370277
-0.362357
-0.354946
-0.348039
-0.341619
-0.335669
-0.330193
-0.325172
-0.32055
-0.316328
-0.31252
-0.309015
-0.305755
-0.30278
-0.300022
-0.297353
-0.294765
-0.29228
-0.289678
-0.286981
-0.284325
-0.2814
-0.278157
-0.274885
-0.271415
-0.267471
-0.263308
-0.259118
-0.254527
-0.249441
-0.244522
-0.239556
-0.233617
-0.228143
-0.222969
-0.215851
-0.211645
-0.203546
-0.199704
-0.191861
-0.187226
-0.180522
-0.171978
-0.171679
-0.157279
-0.15898
-0.148265
-0.143856
-0.138334
-0.131874
-0.126614
-0.120396
-0.115448
-0.10975
-0.104066
-0.0989607
-0.093705
-0.0885544
-0.0831009
-0.0782694
-0.0731335
-0.0681974
-0.0631739
-0.0584808
-0.05357
-0.0488194
-0.0439706
-0.0392881
-0.0344583
-0.0299575
-0.0253665
-0.0208663
-0.0160943
-0.0114286
-0.00690326
-0.00218668
-62.2523
-62.2105
-62.1519
-62.073
-61.9741
-61.858
-61.7285
-61.5907
-61.4508
-61.3155
-61.1921
-61.0875
-61.0086
-60.961
-60.9492
-60.976
-61.0415
-61.1426
-61.2728
-61.4202
-61.5673
-61.6908
-61.7618
-61.7471
-61.6113
-61.3201
-60.843
-60.1575
-59.251
-58.1229
-56.782
-55.2455
-53.5365
-51.6808
-49.7053
-47.6359
-45.4961
-43.3085
-41.0929
-38.8672
-36.6478
-34.4486
-32.2831
-30.1623
-28.0962
-26.0932
-24.1605
-22.3038
-20.5278
-18.8357
-17.2302
-15.7129
-14.2851
-12.9472
-11.699
-10.5397
-9.4687
-8.48435
-7.58495
-6.76847
-6.03262
-5.37481
-4.79189
-4.28058
-3.83697
-3.45687
-3.13575
-2.86873
-2.65065
-2.47611
-2.33953
-2.23518
-2.15733
-2.10038
-2.05894
-2.02809
-2.00338
-1.98102
-1.95787
-1.93149
-1.90011
-1.86265
-1.81859
-1.76795
-1.71118
-1.64903
-1.58252
-1.51276
-1.44095
-1.36826
-1.29582
-1.22467
-1.15574
-1.08981
-1.02754
-0.969396
-0.915699
-0.8666
-0.822109
-0.782074
-0.746245
-0.714287
-0.68577
-0.66022
-0.637144
-0.616059
-0.59654
-0.578217
-0.56081
-0.544105
-0.527995
-0.512433
-0.497411
-0.482954
-0.469101
-0.455888
-0.443343
-0.431458
-0.420231
-0.409634
-0.399631
-0.390183
-0.381264
-0.372852
-0.364929
-0.357484
-0.350523
-0.344052
-0.338057
-0.332525
-0.327457
-0.322843
-0.318631
-0.3148
-0.311386
-0.308288
-0.305414
-0.302819
-0.300441
-0.298137
-0.2959
-0.293749
-0.29147
-0.289048
-0.286647
-0.283978
-0.280923
-0.277798
-0.274482
-0.270664
-0.266549
-0.262382
-0.257879
-0.252747
-0.247756
-0.242843
-0.236831
-0.231181
-0.226085
-0.218669
-0.214625
-0.206268
-0.202641
-0.193794
-0.190533
-0.181707
-0.175067
-0.172911
-0.160129
-0.160259
-0.150287
-0.145697
-0.139683
-0.133341
-0.128259
-0.121782
-0.11636
-0.111137
-0.105209
-0.0998278
-0.094699
-0.0892115
-0.0841229
-0.0787096
-0.0740167
-0.0686958
-0.063815
-0.0588136
-0.0541721
-0.0490166
-0.0445016
-0.0396525
-0.0347352
-0.0301723
-0.0254911
-0.020847
-0.0162912
-0.0116966
-0.00701009
-0.00213019
-62.1745
-62.1269
-62.0651
-61.9845
-61.8851
-61.7697
-61.6423
-61.508
-61.3729
-61.244
-61.1283
-61.0331
-60.9651
-60.9301
-60.9329
-60.9769
-61.0629
-61.189
-61.3491
-61.5332
-61.7251
-61.903
-62.0387
-62.0992
-62.0469
-61.8443
-61.4564
-60.8554
-60.0231
-58.9529
-57.6499
-56.1298
-54.416
-52.5362
-50.52
-48.3966
-46.1933
-43.9352
-41.6451
-39.3431
-37.0467
-34.7724
-32.5335
-30.3426
-28.2101
-26.1449
-24.1542
-22.2443
-20.4191
-18.6827
-17.0371
-15.4843
-14.0252
-12.66
-11.3883
-10.2095
-9.12249
-8.12573
-7.21736
-6.39528
-5.65713
-5.00013
-4.42113
-3.91658
-3.48251
-3.11448
-2.80774
-2.55717
-2.35736
-2.20251
-2.08665
-2.00363
-1.94726
-1.91152
-1.89059
-1.87918
-1.87253
-1.86658
-1.85802
-1.8443
-1.82366
-1.79505
-1.75809
-1.71298
-1.66036
-1.60122
-1.53676
-1.46833
-1.39728
-1.32498
-1.2527
-1.18163
-1.1128
-1.0471
-0.985251
-0.927761
-0.874975
-0.827057
-0.784
-0.745634
-0.711696
-0.681782
-0.655406
-0.632036
-0.611113
-0.592104
-0.574534
-0.558001
-0.542203
-0.526936
-0.512102
-0.497667
-0.483648
-0.470103
-0.457089
-0.444673
-0.432885
-0.421732
-0.411213
-0.401295
-0.391937
-0.383096
-0.374745
-0.366867
-0.359447
-0.352479
-0.345969
-0.339937
-0.33437
-0.329259
-0.324605
-0.320401
-0.316605
-0.313179
-0.310162
-0.307483
-0.305014
-0.302809
-0.300826
-0.298904
-0.29703
-0.295227
-0.293288
-0.291154
-0.289016
-0.286615
-0.283766
-0.280787
-0.277617
-0.273937
-0.269865
-0.26571
-0.261313
-0.256134
-0.251025
-0.246196
-0.24008
-0.234275
-0.229217
-0.221563
-0.217554
-0.209105
-0.205555
-0.195681
-0.193733
-0.183088
-0.177975
-0.174258
-0.162912
-0.161578
-0.152229
-0.14744
-0.141267
-0.134741
-0.129563
-0.123473
-0.117303
-0.112203
-0.106473
-0.100708
-0.0955225
-0.0900872
-0.0847293
-0.0796903
-0.0743818
-0.0694452
-0.0644068
-0.0593316
-0.0544345
-0.0495685
-0.0447619
-0.0399935
-0.0349831
-0.0303691
-0.0257134
-0.0209335
-0.016281
-0.0118242
-0.00716915
-0.00218627
-62.1077
-62.0535
-61.9881
-61.9056
-61.8055
-61.691
-61.566
-61.4357
-61.3062
-61.1844
-61.0775
-60.9924
-60.936
-60.9143
-60.9325
-60.9939
-61.1002
-61.2503
-61.4393
-61.658
-61.8918
-62.1204
-62.3171
-62.4489
-62.4777
-62.3636
-62.0678
-61.5563
-60.8047
-59.8
-58.5428
-57.0466
-55.3335
-53.4327
-51.3768
-49.1985
-46.9289
-44.5967
-42.2277
-39.8443
-37.4664
-35.1119
-32.7954
-30.5304
-28.3278
-26.1973
-24.1459
-22.18
-20.3039
-18.5213
-16.8341
-15.2445
-13.753
-12.3595
-11.0638
-9.86488
-8.76149
-7.75194
-6.83438
-6.00669
-5.26626
-4.61027
-4.03556
-3.53822
-3.11428
-2.75913
-2.46771
-2.23475
-2.05443
-1.92061
-1.82689
-1.76665
-1.73322
-1.72009
-1.72101
-1.73024
-1.74269
-1.754
-1.76066
-1.76003
-1.75033
-1.73061
-1.70066
-1.66086
-1.61209
-1.55558
-1.49277
-1.42522
-1.35451
-1.28219
-1.2097
-1.13837
-1.06937
-1.00367
-0.942053
-0.885084
-0.83313
-0.786357
-0.744746
-0.70811
-0.676143
-0.648382
-0.624283
-0.603228
-0.584583
-0.567765
-0.552241
-0.537574
-0.523438
-0.50964
-0.496093
-0.482775
-0.469749
-0.457098
-0.444915
-0.433283
-0.422251
-0.41184
-0.402035
-0.392805
-0.384099
-0.375873
-0.368097
-0.360753
-0.353838
-0.347347
-0.341292
-0.335698
-0.330562
-0.325872
-0.321636
-0.317846
-0.31447
-0.311461
-0.308849
-0.306597
-0.304553
-0.302749
-0.30118
-0.299656
-0.29816
-0.296725
-0.295139
-0.293314
-0.29144
-0.289319
-0.286689
-0.283853
-0.280832
-0.277294
-0.273285
-0.269104
-0.264806
-0.259624
-0.254334
-0.249613
-0.243363
-0.237434
-0.232323
-0.224597
-0.220352
-0.212115
-0.208278
-0.197777
-0.19656
-0.184871
-0.18068
-0.17568
-0.165601
-0.162945
-0.154234
-0.148964
-0.142961
-0.13629
-0.130637
-0.124977
-0.11865
-0.112962
-0.107703
-0.101773
-0.0961588
-0.0910994
-0.085451
-0.0804176
-0.0749792
-0.0700147
-0.0649562
-0.0598304
-0.0548412
-0.049983
-0.0449342
-0.040309
-0.0352962
-0.0306582
-0.0259603
-0.0212788
-0.0162274
-0.0117548
-0.00709595
-0.00208012
-62.0507
-61.9893
-61.92
-61.8354
-61.7347
-61.6212
-61.499
-61.3733
-61.2501
-61.1363
-61.0389
-60.965
-60.9213
-60.9139
-60.948
-61.0272
-61.1538
-61.3272
-61.5434
-61.7947
-62.0681
-62.3445
-62.5985
-62.7978
-62.9051
-62.8785
-62.6753
-62.2567
-61.5913
-60.6602
-59.4578
-57.9932
-56.2873
-54.3699
-52.2764
-50.043
-47.7048
-45.2951
-42.8425
-40.3727
-37.9083
-35.4687
-33.07
-30.7267
-28.4504
-26.251
-24.136
-22.1116
-20.1824
-18.3518
-16.6218
-14.9941
-13.469
-12.0464
-10.7258
-9.50621
-8.38595
-7.36328
-6.4363
-5.60284
-4.86018
-4.20544
-3.6352
-3.14563
-2.73246
-2.39095
-2.11591
-1.90166
-1.7421
-1.63073
-1.56063
-1.5247
-1.51577
-1.52675
-1.55092
-1.58207
-1.61469
-1.64412
-1.66663
-1.67948
-1.68091
-1.67008
-1.64695
-1.61216
-1.56686
-1.51253
-1.45088
-1.38372
-1.31285
-1.24004
-1.16692
-1.09496
-1.02547
-0.959504
-0.897919
-0.841325
-0.790111
-0.744447
-0.704297
-0.669462
-0.639559
-0.614079
-0.592393
-0.573793
-0.55758
-0.543078
-0.529713
-0.51699
-0.504571
-0.492268
-0.480004
-0.467794
-0.455739
-0.443961
-0.432588
-0.421731
-0.411455
-0.401786
-0.392706
-0.384171
-0.376127
-0.368525
-0.361327
-0.354521
-0.348111
-0.342097
-0.336497
-0.331338
-0.326633
-0.322367
-0.318546
-0.315177
-0.312225
-0.309644
-0.307448
-0.305629
-0.304032
-0.302646
-0.301503
-0.300401
-0.299296
-0.298245
-0.297033
-0.295529
-0.293933
-0.292094
-0.289708
-0.28702
-0.284136
-0.280746
-0.276794
-0.272584
-0.268364
-0.263225
-0.257691
-0.253106
-0.246661
-0.240689
-0.235396
-0.227815
-0.223009
-0.215296
-0.210831
-0.200033
-0.199224
-0.186828
-0.183309
-0.17719
-0.168091
-0.164421
-0.156256
-0.150445
-0.144499
-0.137972
-0.131821
-0.126017
-0.12029
-0.113801
-0.108664
-0.102907
-0.0970772
-0.0916898
-0.0865806
-0.080768
-0.0758825
-0.0702879
-0.0656256
-0.060072
-0.0554665
-0.0502395
-0.0452781
-0.0404959
-0.0356504
-0.0308809
-0.0262251
-0.0214196
-0.0165295
-0.0120837
-0.0068478
-0.00199315
-62.0025
-61.9333
-61.8597
-61.7729
-61.6717
-61.5595
-61.4405
-61.3199
-61.2037
-61.0987
-61.0119
-60.9502
-60.9201
-60.9279
-60.9787
-61.0766
-61.224
-61.4207
-61.6636
-61.9459
-62.256
-62.5766
-62.8839
-63.1473
-63.3294
-63.3879
-63.2773
-62.954
-62.3806
-61.53
-60.3908
-58.9666
-57.2754
-55.3471
-53.219
-50.9311
-48.523
-46.032
-43.4913
-40.9304
-38.3741
-35.8439
-33.3583
-30.9321
-28.5782
-26.3065
-24.1249
-22.0395
-20.0551
-18.1746
-16.4002
-14.7331
-13.1735
-11.721
-10.3749
-9.13382
-7.99612
-6.96005
-6.02349
-5.18409
-4.43923
-3.78579
-3.22035
-2.73903
-2.33728
-2.01023
-1.75256
-1.55821
-1.42075
-1.33328
-1.28836
-1.27838
-1.29555
-1.33226
-1.38117
-1.43558
-1.48951
-1.53793
-1.57691
-1.60359
-1.61627
-1.61424
-1.5977
-1.56754
-1.52522
-1.47252
-1.41145
-1.34409
-1.27251
-1.19868
-1.12444
-1.05145
-0.981106
-0.914591
-0.852815
-0.796435
-0.745857
-0.701273
-0.662607
-0.629635
-0.601911
-0.578843
-0.559724
-0.543754
-0.530128
-0.518098
-0.506998
-0.496309
-0.485661
-0.474873
-0.463884
-0.452763
-0.441646
-0.430707
-0.42012
-0.410022
-0.400498
-0.391575
-0.383228
-0.3754
-0.368031
-0.36106
-0.354447
-0.348182
-0.342273
-0.336735
-0.331586
-0.32686
-0.322581
-0.31874
-0.315336
-0.312391
-0.30987
-0.307724
-0.305959
-0.304582
-0.303446
-0.3025
-0.301797
-0.301141
-0.300448
-0.299795
-0.298978
-0.297819
-0.296507
-0.294958
-0.292828
-0.290294
-0.287533
-0.2843
-0.280428
-0.276157
-0.271984
-0.266946
-0.261081
-0.256686
-0.249992
-0.244013
-0.238457
-0.231204
-0.225543
-0.21854
-0.213294
-0.202422
-0.201661
-0.189151
-0.185541
-0.17909
-0.1703
-0.165964
-0.158248
-0.152022
-0.145863
-0.139568
-0.133225
-0.127006
-0.121502
-0.115249
-0.10924
-0.103969
-0.0981049
-0.0924306
-0.0871584
-0.0815887
-0.076341
-0.0709681
-0.0658178
-0.0607537
-0.0557223
-0.0507212
-0.0455156
-0.0406534
-0.0360524
-0.0311379
-0.0263739
-0.0214376
-0.0166139
-0.0122079
-0.0070726
-0.00231657
-61.9616
-61.8844
-61.8063
-61.7173
-61.6157
-61.5051
-61.3897
-61.2748
-61.1664
-61.0711
-60.9958
-60.9472
-60.932
-60.9562
-61.0248
-61.1421
-61.3106
-61.5305
-61.7994
-62.1116
-62.4566
-62.8187
-63.1761
-63.4995
-63.7527
-63.893
-63.8733
-63.6461
-63.1677
-62.4048
-61.3371
-59.9626
-58.2947
-56.3625
-54.2041
-51.8633
-49.3842
-46.8091
-44.1762
-41.5186
-38.8651
-36.2393
-33.6613
-31.1478
-28.712
-26.3644
-24.1131
-21.9643
-19.9224
-17.9903
-16.17
-14.4623
-12.867
-11.3838
-10.0114
-8.74819
-7.59267
-6.54271
-5.59627
-4.7509
-4.00381
-3.35185
-2.79151
-2.31878
-1.92909
-1.61738
-1.37803
-1.20481
-1.09084
-1.02877
-1.0107
-1.02837
-1.0734
-1.13751
-1.21277
-1.29184
-1.36824
-1.43656
-1.49259
-1.53343
-1.55741
-1.56401
-1.5537
-1.52769
-1.48776
-1.43604
-1.37486
-1.30663
-1.23369
-1.15825
-1.08238
-1.00788
-0.936307
-0.868918
-0.806704
-0.750361
-0.700317
-0.656753
-0.619599
-0.588564
-0.563138
-0.542649
-0.526279
-0.513134
-0.502282
-0.492882
-0.484176
-0.475604
-0.466781
-0.457515
-0.447787
-0.437713
-0.427487
-0.41735
-0.407516
-0.398158
-0.389378
-0.381206
-0.373603
-0.366502
-0.359822
-0.353494
-0.347472
-0.341746
-0.336335
-0.331264
-0.326561
-0.322262
-0.318404
-0.314989
-0.312005
-0.309485
-0.307404
-0.305704
-0.304383
-0.303458
-0.3028
-0.302317
-0.30207
-0.301884
-0.301623
-0.301385
-0.300982
-0.300188
-0.299175
-0.297911
-0.296062
-0.2937
-0.291044
-0.28797
-0.284176
-0.279845
-0.27565
-0.270799
-0.264548
-0.260315
-0.253392
-0.247395
-0.241498
-0.234768
-0.227953
-0.221819
-0.215645
-0.205052
-0.20382
-0.191798
-0.187554
-0.181011
-0.17265
-0.167335
-0.160212
-0.153682
-0.147218
-0.140943
-0.134721
-0.128257
-0.122324
-0.116625
-0.110194
-0.104651
-0.0990954
-0.0932437
-0.087578
-0.0823773
-0.0768136
-0.0716706
-0.0661746
-0.0613575
-0.0558683
-0.0511813
-0.0458878
-0.0409971
-0.0361873
-0.031162
-0.0264694
-0.0217682
-0.0168276
-0.012065
-0.00709313
-0.00241714
-61.9267
-61.8411
-61.7585
-61.6674
-61.5656
-61.4569
-61.3456
-61.237
-61.1371
-61.0524
-60.9896
-60.9555
-60.9562
-60.9978
-61.0853
-61.2229
-61.4131
-61.6566
-61.9517
-62.2928
-62.6711
-63.0722
-63.4761
-63.8553
-64.175
-64.3933
-64.4618
-64.3304
-63.9502
-63.28
-62.2921
-60.9767
-59.3418
-57.4135
-55.2304
-52.8395
-50.2895
-47.6277
-44.8986
-42.1396
-39.3829
-36.656
-33.9806
-31.3749
-28.8529
-26.4257
-24.1015
-21.8865
-19.785
-17.7994
-15.9318
-14.1822
-12.5502
-11.0354
-9.63596
-8.35017
-7.17623
-6.11215
-5.15548
-4.30389
-3.55451
-2.90412
-2.34913
-1.88539
-1.50839
-1.2128
-0.992858
-0.841972
-0.752914
-0.717848
-0.728337
-0.775488
-0.850244
-0.943592
-1.04689
-1.15211
-1.25218
-1.34128
-1.41495
-1.47019
-1.50544
-1.52041
-1.51585
-1.49336
-1.45511
-1.40359
-1.34153
-1.27166
-1.19664
-1.11894
-1.04084
-0.964331
-0.891082
-0.822464
-0.759532
-0.703029
-0.653401
-0.610836
-0.575196
-0.546183
-0.5232
-0.505469
-0.492061
-0.481945
-0.474085
-0.467488
-0.461327
-0.45497
-0.448007
-0.440266
-0.431759
-0.422678
-0.413288
-0.403899
-0.39478
-0.386138
-0.378098
-0.370683
-0.363841
-0.357487
-0.351514
-0.345841
-0.340414
-0.335225
-0.330303
-0.325687
-0.321421
-0.317544
-0.314103
-0.311113
-0.308553
-0.30646
-0.304825
-0.303581
-0.30272
-0.302258
-0.302092
-0.302099
-0.302323
-0.302629
-0.302827
-0.303017
-0.303053
-0.302651
-0.30195
-0.300982
-0.299416
-0.297252
-0.294673
-0.291748
-0.288064
-0.283659
-0.279406
-0.274753
-0.268108
-0.263997
-0.256874
-0.250843
-0.244546
-0.238451
-0.230335
-0.225019
-0.21807
-0.20776
-0.205926
-0.194478
-0.189636
-0.182784
-0.174993
-0.168921
-0.161859
-0.155413
-0.148708
-0.142172
-0.136085
-0.129639
-0.123276
-0.117488
-0.111525
-0.105275
-0.0998569
-0.0939852
-0.0883367
-0.0828705
-0.0775067
-0.0720384
-0.0669856
-0.0614977
-0.0563426
-0.0513237
-0.0463374
-0.0412934
-0.0364343
-0.0313236
-0.0266501
-0.0216702
-0.0169527
-0.0122126
-0.00707225
-0.00243314
-61.8965
-61.8025
-61.7154
-61.6222
-61.5204
-61.4139
-61.3072
-61.2055
-61.1149
-61.0417
-60.9925
-60.9738
-60.9917
-61.0517
-61.1592
-61.3181
-61.5309
-61.7985
-62.1195
-62.4892
-62.8997
-63.3379
-63.7852
-64.2165
-64.5985
-64.8906
-65.0442
-65.0068
-64.7252
-64.152
-63.2508
-62.0035
-60.4115
-58.4963
-56.2957
-53.8588
-51.2389
-48.4895
-45.6604
-42.7948
-39.9297
-37.0959
-34.3175
-31.6147
-29.0021
-26.4915
-24.0911
-21.8073
-19.6438
-17.6031
-15.6865
-13.8938
-12.2243
-10.6769
-9.24962
-7.94066
-6.74793
-5.66917
-4.702
-3.84402
-3.09216
-2.44331
-1.89386
-1.43957
-1.07578
-0.797177
-0.597639
-0.470349
-0.407702
-0.401305
-0.442183
-0.520756
-0.627235
-0.751767
-0.884898
-1.01782
-1.14283
-1.25361
-1.34543
-1.41526
-1.46164
-1.48456
-1.48516
-1.46542
-1.42797
-1.37576
-1.31191
-1.23954
-1.16161
-1.08092
-0.999941
-0.920839
-0.845433
-0.775193
-0.711241
-0.654364
-0.605036
-0.563398
-0.529326
-0.502432
-0.482038
-0.467279
-0.457069
-0.450237
-0.445591
-0.442
-0.438538
-0.434494
-0.429427
-0.423186
-0.415857
-0.407698
-0.399075
-0.390366
-0.381911
-0.373962
-0.366651
-0.360006
-0.353951
-0.348367
-0.343124
-0.338119
-0.33329
-0.328632
-0.324185
-0.320009
-0.316167
-0.312706
-0.309677
-0.307111
-0.304981
-0.303315
-0.30213
-0.301355
-0.300963
-0.300983
-0.301322
-0.30184
-0.302563
-0.30338
-0.304069
-0.304707
-0.305197
-0.305218
-0.304843
-0.304168
-0.302896
-0.300956
-0.298449
-0.295652
-0.292106
-0.287606
-0.283228
-0.278821
-0.271792
-0.267693
-0.260497
-0.254296
-0.247647
-0.242162
-0.232768
-0.228085
-0.220562
-0.210615
-0.207893
-0.197206
-0.191695
-0.18468
-0.177001
-0.170801
-0.163414
-0.15697
-0.150256
-0.143585
-0.137111
-0.131001
-0.124411
-0.118311
-0.11245
-0.106364
-0.100277
-0.094941
-0.0889205
-0.0836069
-0.0779554
-0.0726163
-0.0672707
-0.0620487
-0.0565812
-0.0516655
-0.0465802
-0.041543
-0.0366031
-0.0315105
-0.0267867
-0.0216459
-0.0170469
-0.0119753
-0.0071159
-0.00257366
-61.8695
-61.7671
-61.6756
-61.5806
-61.479
-61.3751
-61.2735
-61.1794
-61.0988
-61.038
-61.0033
-61.001
-61.037
-61.1168
-61.2455
-61.4265
-61.6628
-61.9554
-62.3027
-62.7008
-63.1427
-63.6164
-64.1051
-64.5848
-65.0248
-65.3858
-65.62
-65.6733
-65.4899
-65.0161
-64.2078
-63.0376
-61.4987
-59.6064
-57.3968
-54.9195
-52.2321
-49.3947
-46.4625
-43.4858
-40.507
-37.5602
-34.6734
-31.8682
-29.1606
-26.5625
-24.0828
-21.7273
-19.4996
-17.4021
-15.4351
-13.5982
-11.8902
-10.3093
-8.85363
-7.52092
-6.30885
-5.21496
-4.23698
-3.37219
-2.61774
-1.97045
-1.42663
-0.982106
-0.632176
-0.371307
-0.193244
-0.0908205
-0.0560955
-0.0801319
-0.153324
-0.265411
-0.405731
-0.563528
-0.728409
-0.890685
-1.04192
-1.17527
-1.28572
-1.37021
-1.42746
-1.45778
-1.46272
-1.4448
-1.40713
-1.35317
-1.28649
-1.21062
-1.1289
-1.04438
-0.959785
-0.87746
-0.799366
-0.727069
-0.661769
-0.604286
-0.555115
-0.514359
-0.481906
-0.457234
-0.439626
-0.428056
-0.42131
-0.418038
-0.416867
-0.416518
-0.415921
-0.414275
-0.41113
-0.406362
-0.40014
-0.39282
-0.38487
-0.376762
-0.368911
-0.361617
-0.355034
-0.349174
-0.343938
-0.339159
-0.334673
-0.33035
-0.326118
-0.321979
-0.317991
-0.31424
-0.310806
-0.307753
-0.305134
-0.302985
-0.301287
-0.300052
-0.299317
-0.29902
-0.299112
-0.299623
-0.300487
-0.301541
-0.302783
-0.304139
-0.305348
-0.306457
-0.30742
-0.307891
-0.307872
-0.3075
-0.306513
-0.304836
-0.302397
-0.299657
-0.296303
-0.291706
-0.287169
-0.28296
-0.275648
-0.27136
-0.264284
-0.257786
-0.250765
-0.245863
-0.235305
-0.231036
-0.223138
-0.21352
-0.20991
-0.199798
-0.19379
-0.186653
-0.178933
-0.172489
-0.165224
-0.158354
-0.151712
-0.145022
-0.138288
-0.131979
-0.125696
-0.119222
-0.113218
-0.10729
-0.10106
-0.0956115
-0.0896443
-0.0841179
-0.0785325
-0.0731228
-0.067362
-0.0626987
-0.0569066
-0.0520129
-0.0466033
-0.0418224
-0.0366049
-0.0318237
-0.0268276
-0.0217256
-0.0171694
-0.0117148
-0.00724126
-0.00254778
-61.8445
-61.7338
-61.638
-61.5413
-61.4402
-61.3394
-61.2434
-61.1575
-61.0877
-61.0401
-61.0208
-61.036
-61.0911
-61.1918
-61.3425
-61.547
-61.8079
-62.1261
-62.5004
-62.9272
-63.3999
-63.9078
-64.4356
-64.9613
-65.4557
-65.8808
-66.1906
-66.331
-66.2437
-65.8701
-65.1588
-64.0732
-62.5972
-60.7388
-58.5294
-56.0187
-53.268
-50.3426
-47.3054
-44.2139
-41.1157
-38.0507
-35.05
-32.1369
-29.3293
-26.6399
-24.0773
-21.6476
-19.3537
-17.1976
-15.1789
-13.2966
-11.5492
-9.93426
-8.44942
-7.09232
-5.8603
-4.75092
-3.76156
-2.88974
-2.13247
-1.48664
-0.948578
-0.514165
-0.178595
0.0637298
0.219281
0.295505
0.300767
0.244448
0.136891
-0.010921
-0.187356
-0.380647
-0.579308
-0.772666
-0.951457
-1.10825
-1.23775
-1.33686
-1.40453
-1.44149
-1.4498
-1.43255
-1.39345
-1.33651
-1.26581
-1.18534
-1.09879
-1.00952
-0.920496
-0.834246
-0.752876
-0.678055
-0.611043
-0.552714
-0.503533
-0.463655
-0.43283
-0.410516
-0.395893
-0.387775
-0.384785
-0.385395
-0.388004
-0.391143
-0.393582
-0.394435
-0.393229
-0.389893
-0.384689
-0.378095
-0.370698
-0.363088
-0.355769
-0.349092
-0.343235
-0.338186
-0.333806
-0.329878
-0.326183
-0.322555
-0.318917
-0.315282
-0.311731
-0.308384
-0.305343
-0.302686
-0.300471
-0.298734
-0.297468
-0.296667
-0.296379
-0.296564
-0.297155
-0.298176
-0.299578
-0.301195
-0.302987
-0.304905
-0.306678
-0.308285
-0.309736
-0.310693
-0.311053
-0.310985
-0.310283
-0.308865
-0.306544
-0.303791
-0.30067
-0.295973
-0.291223
-0.287157
-0.27969
-0.275016
-0.268218
-0.261326
-0.253936
-0.249449
-0.238072
-0.233832
-0.225873
-0.216361
-0.212024
-0.202321
-0.195824
-0.188654
-0.180901
-0.174092
-0.166921
-0.159913
-0.153039
-0.146282
-0.139679
-0.132883
-0.126788
-0.120229
-0.114015
-0.108072
-0.101945
-0.0960756
-0.0904264
-0.0844236
-0.0791548
-0.073468
-0.0680548
-0.0626131
-0.0574636
-0.0523029
-0.046856
-0.04196
-0.0367099
-0.0319074
-0.0268244
-0.0219414
-0.0173196
-0.011939
-0.00760146
-0.00251807
-61.8198
-61.7009
-61.6011
-61.5031
-61.4029
-61.3056
-61.2157
-61.1387
-61.0803
-61.0467
-61.0437
-61.0771
-61.1525
-61.2751
-61.449
-61.6781
-61.9646
-62.3091
-62.711
-63.1668
-63.6705
-64.2123
-64.7778
-65.3467
-65.8914
-66.3763
-66.7569
-66.9797
-66.9849
-66.7105
-66.0989
-65.1042
-63.7005
-61.8867
-59.6879
-57.1526
-54.3437
-51.3327
-48.1895
-44.9794
-41.7574
-38.5686
-35.4478
-32.4217
-29.5095
-26.7246
-24.0761
-21.5694
-19.2074
-16.9909
-14.9192
-12.9906
-11.2029
-9.55317
-8.03861
-6.65647
-5.40406
-4.2786
-3.27751
-2.39825
-1.63791
-0.993419
-0.461172
-0.0371152
0.283552
0.506541
0.638551
0.687256
0.66139
0.570903
0.426795
0.240927
0.0259574
-0.205195
-0.439799
-0.666066
-0.873784
-1.05486
-1.20372
-1.31725
-1.39472
-1.43732
-1.44777
-1.42982
-1.38786
-1.32652
-1.25047
-1.16413
-1.0716
-0.976555
-0.8822
-0.791256
-0.705974
-0.628116
-0.559008
-0.499562
-0.450243
-0.411152
-0.382011
-0.362211
-0.350775
-0.346397
-0.347519
-0.35236
-0.359091
-0.366003
-0.371676
-0.375127
-0.375862
-0.37389
-0.369584
-0.363567
-0.356577
-0.34934
-0.342462
-0.336365
-0.331232
-0.327033
-0.323567
-0.320542
-0.317673
-0.314755
-0.311705
-0.308556
-0.305417
-0.302446
-0.299779
-0.297506
-0.295688
-0.294356
-0.293516
-0.293153
-0.293307
-0.29398
-0.295087
-0.296634
-0.298599
-0.300804
-0.303179
-0.305689
-0.308057
-0.310204
-0.312153
-0.313619
-0.314405
-0.314644
-0.314229
-0.313086
-0.310926
-0.308058
-0.305192
-0.300409
-0.295424
-0.291412
-0.283946
-0.278636
-0.272296
-0.26492
-0.25716
-0.25289
-0.241086
-0.23653
-0.22866
-0.219229
-0.214084
-0.204901
-0.197772
-0.190688
-0.182759
-0.175843
-0.168461
-0.161431
-0.154462
-0.147455
-0.140858
-0.134151
-0.127482
-0.121448
-0.114616
-0.108994
-0.10255
-0.0966884
-0.0909591
-0.0850846
-0.0793803
-0.074047
-0.0685083
-0.0629097
-0.0576348
-0.0525545
-0.0470592
-0.042183
-0.0367999
-0.0321928
-0.0268489
-0.0220913
-0.0173593
-0.0123276
-0.00793625
-0.00239617
-61.7939
-61.6673
-61.5637
-61.4646
-61.3658
-61.2724
-61.1893
-61.1217
-61.0755
-61.0565
-61.0706
-61.1233
-61.22
-61.3653
-61.5636
-61.8183
-62.1311
-62.5031
-62.9333
-63.4187
-63.9536
-64.5289
-65.1311
-65.741
-66.3331
-66.8737
-67.3199
-67.6195
-67.7128
-67.5357
-67.0245
-66.1254
-64.8018
-63.0427
-60.8659
-58.3153
-55.4556
-52.3625
-49.1139
-45.783
-42.4326
-39.1146
-35.8686
-32.724
-29.7024
-26.8182
-24.0803
-21.4942
-19.0619
-16.7835
-14.6576
-12.6819
-10.853
-9.16784
-7.62307
-6.21545
-4.942
-3.79996
-2.78668
-1.89964
-1.13597
-0.492641
0.0337611
0.44717
0.752472
0.955398
1.06284
1.08262
1.024
0.897356
0.714416
0.487993
0.231894
-0.039651
-0.312517
-0.573619
-0.811649
-1.01782
-1.18619
-1.31374
-1.4001
-1.4471
-1.45817
-1.43789
-1.3914
-1.32405
-1.24109
-1.14747
-1.04768
-0.945715
-0.845041
-0.748564
-0.658674
-0.577228
-0.505622
-0.444761
-0.395119
-0.356772
-0.329369
-0.312206
-0.304199
-0.303894
-0.309512
-0.31901
-0.330259
-0.341254
-0.350381
-0.356518
-0.359191
-0.358479
-0.354908
-0.349281
-0.342515
-0.335497
-0.328959
-0.323392
-0.318998
-0.315701
-0.313221
-0.311166
-0.309168
-0.306978
-0.304505
-0.301815
-0.299057
-0.29643
-0.294113
-0.292206
-0.290775
-0.289844
-0.289425
-0.289498
-0.290097
-0.291258
-0.292899
-0.294991
-0.29754
-0.300369
-0.303354
-0.306489
-0.309496
-0.312222
-0.314708
-0.316695
-0.317955
-0.318518
-0.31837
-0.31747
-0.315558
-0.312481
-0.309872
-0.305059
-0.299783
-0.295697
-0.288422
-0.282256
-0.276451
-0.268627
-0.260401
-0.256207
-0.244315
-0.239219
-0.231452
-0.222084
-0.216184
-0.207373
-0.199841
-0.192587
-0.184711
-0.177409
-0.170204
-0.162725
-0.155887
-0.148746
-0.141877
-0.135328
-0.12841
-0.122224
-0.115641
-0.109431
-0.103534
-0.0970243
-0.0916606
-0.0855652
-0.079928
-0.0743369
-0.068769
-0.0634505
-0.0576594
-0.0528339
-0.0471673
-0.0425211
-0.0367749
-0.0325692
-0.0267708
-0.0225231
-0.0173147
-0.0123989
-0.00796129
-0.00220144
-61.7655
-61.6313
-61.5243
-61.4246
-61.3276
-61.2387
-61.1628
-61.1053
-61.0718
-61.0682
-61.1001
-61.1728
-61.2916
-61.4608
-61.6844
-61.9653
-62.3057
-62.7061
-63.1655
-63.681
-64.2476
-64.8562
-65.4945
-66.1442
-66.7813
-67.3737
-67.8807
-68.2518
-68.4283
-68.3442
-67.932
-67.1308
-65.894
-64.1995
-62.0558
-59.5008
-56.5989
-53.4288
-50.0768
-46.624
-43.142
-39.6896
-36.313
-33.0449
-29.9095
-26.922
-24.0918
-21.4235
-18.9189
-16.5774
-14.3962
-12.3724
-10.5019
-8.78064
-7.20515
-5.77148
-4.47654
-3.31746
-2.29158
-1.39624
-0.628867
0.013434
0.533956
0.93659
1.22605
1.40818
1.48998
1.47949
1.38636
1.22149
0.997328
0.727709
0.427693
0.113036
-0.200571
-0.498533
-0.7683
-1.00025
-1.18813
-1.32903
-1.42308
-1.47287
-1.48273
-1.45818
-1.40522
-1.32999
-1.23838
-1.13588
-1.0274
-0.917264
-0.809186
-0.706266
-0.611017
-0.525389
-0.450835
-0.388238
-0.338087
-0.300418
-0.274789
-0.260414
-0.256113
-0.260249
-0.270808
-0.285438
-0.301653
-0.317099
-0.3299
-0.338822
-0.343392
-0.343803
-0.340757
-0.335279
-0.328505
-0.321518
-0.315202
-0.310122
-0.306493
-0.304176
-0.302774
-0.301773
-0.300701
-0.299257
-0.297348
-0.29508
-0.292661
-0.290337
-0.288334
-0.286778
-0.285724
-0.285188
-0.285184
-0.285696
-0.286741
-0.288393
-0.290584
-0.293249
-0.296405
-0.299888
-0.303529
-0.307316
-0.311007
-0.314359
-0.317407
-0.319929
-0.321696
-0.322611
-0.32274
-0.322042
-0.32047
-0.317131
-0.314687
-0.309907
-0.304313
-0.300028
-0.29311
-0.285948
-0.280592
-0.27248
-0.263699
-0.2594
-0.24777
-0.241873
-0.234288
-0.224875
-0.218343
-0.209787
-0.201915
-0.194461
-0.186647
-0.178967
-0.171778
-0.164226
-0.157051
-0.150116
-0.142935
-0.136285
-0.129484
-0.122833
-0.116784
-0.109741
-0.104494
-0.0975129
-0.092251
-0.08594
-0.0805886
-0.0744951
-0.0691824
-0.0635338
-0.0582842
-0.0527041
-0.0475418
-0.0425586
-0.0370471
-0.0326025
-0.0269262
-0.0229567
-0.0172034
-0.012716
-0.00783305
-0.00189681
-61.7327
-61.5915
-61.4815
-61.3816
-61.2869
-61.203
-61.1348
-61.0879
-61.0677
-61.0801
-61.1305
-61.224
-61.3656
-61.5594
-61.809
-62.1172
-62.4859
-62.9154
-63.405
-63.9517
-64.5506
-65.1931
-65.8671
-66.5555
-67.2354
-67.8764
-68.4397
-68.8771
-69.1308
-69.135
-68.8197
-68.1168
-66.9713
-65.3496
-63.2497
-60.7018
-57.7673
-54.5278
-51.0756
-47.5008
-43.8849
-40.2945
-36.7821
-33.3862
-30.1323
-27.0378
-24.1119
-21.3592
-18.7807
-16.3746
-14.1373
-12.0647
-10.1519
-8.39431
-6.7875
-5.32742
-4.01063
-2.83403
-1.79491
-0.890912
-0.11945
0.522129
1.03684
1.4285
1.70172
1.86231
1.91737
1.87522
1.74579
1.54052
1.27261
0.956947
0.610036
0.249315
-0.107707
-0.44465
-0.747557
-1.00589
-1.213
-1.36623
-1.46637
-1.51694
-1.52338
-1.49226
-1.43059
-1.34533
-1.24311
-1.12994
-1.01118
-0.891498
-0.774835
-0.664481
-0.563062
-0.472613
-0.394617
-0.329943
-0.279088
-0.241985
-0.218159
-0.206749
-0.206436
-0.215441
-0.231457
-0.251769
-0.273462
-0.293765
-0.310492
-0.322284
-0.328679
-0.330016
-0.327221
-0.321593
-0.314534
-0.307359
-0.301126
-0.296495
-0.293676
-0.292441
-0.292237
-0.292396
-0.292319
-0.291642
-0.290276
-0.288379
-0.286237
-0.284167
-0.282441
-0.281211
-0.280527
-0.280383
-0.280791
-0.28174
-0.283239
-0.285382
-0.288133
-0.291395
-0.295188
-0.299355
-0.303688
-0.308168
-0.312579
-0.316611
-0.320275
-0.323337
-0.325666
-0.326976
-0.327375
-0.326826
-0.325634
-0.322027
-0.319624
-0.31499
-0.309052
-0.304409
-0.297977
-0.289751
-0.284701
-0.276452
-0.267115
-0.26248
-0.251364
-0.244625
-0.236984
-0.227766
-0.22044
-0.212193
-0.204014
-0.196265
-0.188515
-0.180627
-0.173135
-0.165811
-0.158222
-0.151313
-0.144053
-0.137184
-0.130467
-0.123618
-0.1175
-0.110659
-0.104679
-0.0986116
-0.092299
-0.0866809
-0.0807466
-0.075041
-0.0693857
-0.0637361
-0.0586453
-0.052833
-0.0480024
-0.0423311
-0.0375534
-0.0325107
-0.0273183
-0.0231448
-0.0172221
-0.012967
-0.00764829
-0.00177456
-61.6939
-61.5463
-61.4338
-61.3343
-61.2423
-61.1638
-61.1039
-61.068
-61.0617
-61.0907
-61.1601
-61.2751
-61.4401
-61.6591
-61.9355
-62.272
-62.6698
-63.1294
-63.6499
-64.2287
-64.8603
-65.5371
-66.247
-66.9735
-67.6946
-68.3817
-68.9977
-69.4963
-69.8216
-69.9084
-69.6852
-69.0793
-68.0276
-66.4856
-64.4394
-61.9103
-58.9543
-55.6538
-52.1067
-48.4118
-44.6607
-40.9292
-37.2775
-33.7484
-30.3721
-27.1669
-24.1424
-21.3034
-18.6494
-16.1775
-13.8835
-11.7615
-9.80609
-8.01188
-6.37351
-4.88661
-3.54757
-2.35291
-1.30014
-0.386925
0.389042
1.03014
1.53918
1.91968
2.17622
2.31459
2.34185
2.2666
2.09901
1.85106
1.53669
1.17197
0.774923
0.364927
-0.0383718
-0.41655
-0.753975
-1.03904
-1.26481
-1.42894
-1.53309
-1.58196
-1.5823
-1.54191
-1.4689
-1.37119
-1.25612
-1.13029
-0.999505
-0.868758
-0.742231
-0.623368
-0.514903
-0.418955
-0.336958
-0.269841
-0.218035
-0.181399
-0.159418
-0.151128
-0.155133
-0.16946
-0.191525
-0.218159
-0.245911
-0.271527
-0.29246
-0.307192
-0.315295
-0.317295
-0.314407
-0.308254
-0.300572
-0.292956
-0.286655
-0.282437
-0.280493
-0.28047
-0.281622
-0.283077
-0.284081
-0.284193
-0.283336
-0.28174
-0.279794
-0.277911
-0.276416
-0.275494
-0.275176
-0.275426
-0.276244
-0.277626
-0.279574
-0.282205
-0.285527
-0.289416
-0.293871
-0.298762
-0.303842
-0.309048
-0.314236
-0.319001
-0.323337
-0.32697
-0.329839
-0.331621
-0.332292
-0.331814
-0.331066
-0.327265
-0.324699
-0.320276
-0.314011
-0.308832
-0.302974
-0.293792
-0.288682
-0.280531
-0.270677
-0.265538
-0.254931
-0.247543
-0.239594
-0.23056
-0.222764
-0.214294
-0.206287
-0.197999
-0.190266
-0.182319
-0.174559
-0.167112
-0.159641
-0.152239
-0.145248
-0.138006
-0.131468
-0.12435
-0.118122
-0.111484
-0.10507
-0.0992308
-0.0927171
-0.0871488
-0.0809524
-0.0755287
-0.069573
-0.0641713
-0.0587174
-0.0530498
-0.0481269
-0.0425711
-0.0378246
-0.0326414
-0.027561
-0.023102
-0.0173932
-0.0133291
-0.0073271
-0.00166957
-61.6475
-61.494
-61.3797
-61.281
-61.1923
-61.1197
-61.0686
-61.0442
-61.0522
-61.0981
-61.1871
-61.324
-61.513
-61.7579
-62.0617
-62.4266
-62.8541
-63.3447
-63.8972
-64.5088
-65.1744
-65.8858
-66.6318
-67.3962
-68.1577
-68.8886
-69.5536
-70.1088
-70.5003
-70.6638
-70.5276
-70.0158
-69.0583
-67.6007
-65.617
-63.1177
-60.1517
-56.8005
-53.1651
-49.354
-45.468
-41.5937
-37.7987
-34.133
-30.6304
-27.3111
-24.1858
-21.2584
-18.5273
-15.989
-13.6376
-11.4661
-9.46795
-7.63692
-5.96688
-4.45288
-3.09115
-1.87807
-0.811094
0.111869
0.892726
1.53371
2.03719
2.40635
2.64578
2.76113
2.75948
2.6496
2.44195
2.14891
1.78523
1.36819
0.9175
0.454743
0.00207681
-0.419681
-0.792918
-1.10485
-1.34824
-1.52129
-1.6268
-1.67093
-1.66194
-1.60909
-1.52172
-1.40876
-1.27832
-1.13762
-0.992896
-0.849446
-0.711662
-0.583132
-0.466682
-0.364464
-0.277894
-0.207951
-0.154925
-0.118621
-0.0984928
-0.0935088
-0.102169
-0.122334
-0.151102
-0.184785
-0.219277
-0.250734
-0.276169
-0.293887
-0.303522
-0.30584
-0.302425
-0.295296
-0.286587
-0.278224
-0.271684
-0.267844
-0.266869
-0.268234
-0.270949
-0.273876
-0.276064
-0.276984
-0.276581
-0.275186
-0.273332
-0.271558
-0.270249
-0.269618
-0.269671
-0.270324
-0.271544
-0.273341
-0.275741
-0.278858
-0.282753
-0.287296
-0.292454
-0.2981
-0.30398
-0.309967
-0.315961
-0.321529
-0.326584
-0.330842
-0.334256
-0.336554
-0.337579
-0.337092
-0.336718
-0.332878
-0.329894
-0.325748
-0.319233
-0.313369
-0.307998
-0.298099
-0.292638
-0.284572
-0.27446
-0.268638
-0.258415
-0.250521
-0.242306
-0.233121
-0.22526
-0.216378
-0.208327
-0.199982
-0.1918
-0.184017
-0.17601
-0.168384
-0.160847
-0.153385
-0.146174
-0.138989
-0.132231
-0.125208
-0.11859
-0.112279
-0.105577
-0.0995798
-0.093358
-0.0873781
-0.0814627
-0.0756457
-0.0699883
-0.0642324
-0.058989
-0.0531698
-0.0483958
-0.0426939
-0.0381082
-0.0327297
-0.0278853
-0.0231129
-0.0172943
-0.0133673
-0.00696573
-0.00195567
-61.5919
-61.4334
-61.3176
-61.2203
-61.1353
-61.0692
-61.0271
-61.0146
-61.0373
-61.1007
-61.2096
-61.3688
-61.5822
-61.8532
-62.1847
-62.5787
-63.0368
-63.5589
-64.144
-64.7893
-65.4895
-66.2367
-67.0195
-67.8216
-68.6226
-69.3957
-70.1073
-70.7149
-71.1669
-71.401
-71.346
-70.9237
-70.0588
-68.6883
-66.774
-64.3149
-61.3507
-57.9595
-54.2451
-50.3227
-46.3041
-42.286
-38.346
-34.5408
-30.9089
-27.4727
-24.2443
-21.2267
-18.4178
-15.8124
-13.4032
-11.182
-9.14136
-7.27343
-5.57176
-4.03062
-2.64586
-1.41393
-0.332411
0.600777
1.38703
2.02812
2.5261
2.88383
3.10572
3.19715
3.16541
3.0193
2.76955
2.42893
2.01291
1.54004
1.03186
0.512569
0.0071908
-0.460549
-0.870758
-1.20931
-1.46877
-1.64811
-1.7516
-1.78722
-1.76504
-1.69597
-1.59074
-1.45935
-1.31074
-1.15273
-0.991963
-0.834025
-0.683487
-0.544044
-0.418594
-0.309275
-0.217559
-0.144316
-0.0897741
-0.0536788
-0.0353993
-0.0338733
-0.0475277
-0.0741056
-0.11032
-0.151876
-0.19391
-0.231811
-0.262076
-0.282793
-0.293702
-0.29589
-0.291397
-0.282742
-0.27252
-0.263047
-0.256068
-0.252585
-0.252702
-0.255694
-0.260243
-0.264865
-0.268362
-0.270098
-0.270066
-0.268747
-0.266852
-0.265085
-0.26392
-0.263573
-0.264004
-0.265067
-0.266685
-0.268879
-0.271707
-0.275304
-0.279782
-0.285004
-0.290905
-0.297353
-0.304086
-0.310927
-0.31778
-0.324219
-0.330068
-0.335023
-0.338954
-0.341812
-0.343215
-0.342679
-0.34257
-0.338895
-0.335307
-0.331381
-0.324736
-0.318008
-0.313035
-0.302669
-0.296599
-0.28868
-0.278269
-0.271912
-0.261837
-0.253421
-0.245173
-0.235623
-0.227583
-0.218731
-0.210074
-0.202049
-0.193374
-0.185579
-0.177438
-0.169699
-0.161921
-0.154533
-0.147079
-0.139991
-0.132755
-0.126244
-0.11891
-0.113088
-0.105954
-0.100207
-0.0935214
-0.0880164
-0.0815162
-0.0760656
-0.0701477
-0.0644468
-0.0592151
-0.0532518
-0.0487586
-0.0426583
-0.0386278
-0.0323736
-0.0283065
-0.0228112
-0.017519
-0.0133288
-0.00663605
-0.0022817
-61.5256
-61.3627
-61.2462
-61.1506
-61.0698
-61.0104
-60.9779
-60.9777
-61.0155
-61.0966
-61.2257
-61.4074
-61.6453
-61.9426
-62.3021
-62.7257
-63.2145
-63.7688
-64.3873
-65.067
-65.8027
-66.5862
-67.4057
-68.2458
-69.0858
-69.9001
-70.656
-71.3129
-71.8209
-72.1196
-72.1391
-71.8007
-71.0254
-69.742
-67.9021
-65.4923
-62.5415
-59.1223
-55.3387
-51.3125
-47.1649
-43.0043
-38.9184
-34.9719
-31.2085
-27.6536
-24.3202
-21.2112
-18.3236
-15.6509
-13.1841
-10.9138
-8.83084
-6.92633
-5.19313
-3.62486
-2.21706
-0.965967
0.130641
1.07442
1.86641
2.50787
3.00034
3.34647
3.55013
3.61679
3.55368
3.36969
3.0757
2.68483
2.21322
1.68068
1.11088
0.530883
-0.0308156
-0.547022
-0.995147
-1.35958
-1.63281
-1.81494
-1.91217
-1.93466
-1.89466
-1.80498
-1.67784
-1.52443
-1.35452
-1.17649
-0.997404
-0.823047
-0.658139
-0.506445
-0.370893
-0.253624
-0.156104
-0.0790768
-0.0227008
0.0133582
0.0298227
0.0277698
0.00875717
-0.0248294
-0.0693351
-0.119749
-0.170256
-0.215304
-0.250732
-0.274407
-0.286225
-0.287707
-0.281459
-0.270602
-0.258285
-0.247269
-0.239621
-0.236474
-0.237869
-0.242808
-0.249543
-0.256144
-0.261096
-0.263643
-0.26386
-0.262435
-0.260335
-0.258465
-0.257395
-0.25733
-0.258164
-0.259659
-0.261659
-0.264215
-0.267455
-0.271529
-0.276595
-0.282538
-0.289229
-0.296528
-0.304175
-0.311951
-0.319714
-0.327094
-0.333771
-0.339531
-0.343952
-0.347369
-0.349279
-0.34867
-0.348658
-0.345335
-0.340944
-0.337121
-0.330511
-0.322843
-0.318009
-0.307563
-0.300526
-0.292838
-0.28223
-0.275103
-0.265426
-0.256203
-0.247995
-0.238331
-0.229683
-0.221095
-0.211978
-0.203767
-0.195212
-0.186931
-0.178888
-0.170883
-0.163121
-0.155464
-0.148086
-0.140781
-0.133489
-0.126872
-0.119688
-0.113398
-0.106609
-0.100521
-0.0939602
-0.0883096
-0.0817905
-0.0763865
-0.0701822
-0.0648475
-0.0591108
-0.0537709
-0.0487195
-0.0427419
-0.038845
-0.032265
-0.0287867
-0.0223147
-0.0178183
-0.0127589
-0.00672182
-0.00286186
-61.4465
-61.2802
-61.1635
-61.0703
-60.9943
-60.9421
-60.9194
-60.9318
-60.9849
-61.0838
-61.2333
-61.4375
-61.6999
-62.0237
-62.4113
-62.8645
-63.3844
-63.9712
-64.6235
-65.3382
-66.11
-66.9304
-67.7877
-68.6659
-69.545
-70.3996
-71.198
-71.9009
-72.4604
-72.8183
-72.9059
-72.6452
-71.9547
-70.7573
-68.9947
-66.6412
-63.7147
-60.2793
-56.4382
-52.3169
-48.0465
-43.7463
-39.5151
-35.4265
-31.5303
-27.8554
-24.416
-21.2151
-18.2488
-15.5089
-12.985
-10.6662
-8.54145
-6.60104
-4.83673
-3.24168
-1.81083
-0.540523
0.571434
1.52607
2.32409
2.96606
3.45294
3.78703
3.97186
4.01283
3.91698
3.69335
3.35288
2.90894
2.37823
1.78186
1.14579
0.500495
-0.121404
-0.688597
-1.17526
-1.56417
-1.84793
-2.02828
-2.11385
-2.11756
-2.05422
-1.93876
-1.78509
-1.6056
-1.4109
-1.20993
-1.01003
-0.817169
-0.636155
-0.470773
-0.323954
-0.197825
-0.0937895
-0.0124903
0.0460568
0.0822972
0.0970333
0.0913246
0.0666418
0.0254039
-0.0283691
-0.0888086
-0.148902
-0.201896
-0.242837
-0.269347
-0.281573
-0.281601
-0.272753
-0.258874
-0.243758
-0.230688
-0.222101
-0.21929
-0.22222
-0.229534
-0.238917
-0.24785
-0.254418
-0.257741
-0.258039
-0.256283
-0.253769
-0.251657
-0.250643
-0.250881
-0.252143
-0.254086
-0.256466
-0.259352
-0.262962
-0.267509
-0.273169
-0.279866
-0.287401
-0.2956
-0.304213
-0.313013
-0.321752
-0.330174
-0.337719
-0.344412
-0.349394
-0.353277
-0.35576
-0.35516
-0.354911
-0.352128
-0.346955
-0.342944
-0.336563
-0.327947
-0.322861
-0.312682
-0.304658
-0.296842
-0.286427
-0.278263
-0.268922
-0.259236
-0.250529
-0.241166
-0.231839
-0.223211
-0.214046
-0.205426
-0.196851
-0.188455
-0.180123
-0.172122
-0.164212
-0.156461
-0.148894
-0.141624
-0.134203
-0.12739
-0.120447
-0.113657
-0.107296
-0.100648
-0.0945894
-0.0882657
-0.0823086
-0.0764288
-0.0704835
-0.0650815
-0.0591638
-0.0540224
-0.0485768
-0.0432879
-0.0385831
-0.0324229
-0.0286471
-0.0218312
-0.0182212
-0.0126389
-0.00718513
-0.00320682
-61.3534
-61.1844
-61.0681
-60.9778
-60.9069
-60.8622
-60.8497
-60.875
-60.9435
-61.0603
-61.23
-61.4566
-61.7435
-62.0936
-62.5091
-62.9919
-63.5431
-64.1626
-64.8491
-65.5994
-66.4078
-67.2655
-68.1607
-69.0774
-69.9954
-70.8898
-71.7293
-72.4761
-73.0835
-73.4954
-73.645
-73.4554
-72.8441
-71.7294
-70.0448
-67.7532
-64.8605
-61.4208
-57.5343
-53.3285
-48.943
-44.5086
-40.1349
-35.9054
-31.8759
-28.0803
-24.5349
-21.242
-18.1974
-15.3913
-12.8111
-10.4447
-8.27931
-6.30398
-4.50938
-2.88801
-1.43442
-0.145059
0.982003
1.94754
2.75161
3.39391
3.87503
4.19662
4.36196
4.37623
4.24636
3.98132
3.59209
3.09208
2.4985
1.83362
1.12603
0.410235
-0.276154
-0.896842
-1.4222
-1.83322
-2.12304
-2.29563
-2.36279
-2.34081
-2.24752
-2.10026
-1.91476
-1.70462
-1.4813
-1.25415
-1.03076
-0.817173
-0.618199
-0.437616
-0.278305
-0.142354
-0.0310644
0.0550643
0.116138
0.15281
0.165974
0.156605
0.125971
0.0764054
0.0122552
-0.0595986
-0.130585
-0.192441
-0.239232
-0.268345
-0.280296
-0.277931
-0.265447
-0.247546
-0.228775
-0.213031
-0.203195
-0.200753
-0.205579
-0.215833
-0.228452
-0.240159
-0.248527
-0.252563
-0.252699
-0.250308
-0.247123
-0.244603
-0.243588
-0.244159
-0.245922
-0.248356
-0.251099
-0.254268
-0.258194
-0.263196
-0.269462
-0.276965
-0.285405
-0.294572
-0.304209
-0.314137
-0.323951
-0.333515
-0.341965
-0.349654
-0.355303
-0.359557
-0.3626
-0.362207
-0.361495
-0.35921
-0.353433
-0.348882
-0.342697
-0.333448
-0.327712
-0.317818
-0.309115
-0.300785
-0.290578
-0.281711
-0.272093
-0.262516
-0.253017
-0.243831
-0.234165
-0.225186
-0.216047
-0.207135
-0.1984
-0.189858
-0.181442
-0.173245
-0.165226
-0.157473
-0.149609
-0.1424
-0.134928
-0.127904
-0.121002
-0.114182
-0.107521
-0.101221
-0.0946925
-0.0887633
-0.0823876
-0.0768206
-0.0704912
-0.0653926
-0.0590856
-0.0543945
-0.0484271
-0.0434959
-0.0382455
-0.0326561
-0.0284888
-0.0217188
-0.0182956
-0.0124751
-0.00761027
-0.00351834
-61.2441
-61.0734
-60.9583
-60.8714
-60.806
-60.7694
-60.7675
-60.8056
-60.8895
-61.0241
-61.2138
-61.4626
-61.7735
-62.1495
-62.5928
-63.1051
-63.6873
-64.3396
-65.0604
-65.8464
-66.6915
-67.5871
-68.5206
-69.4762
-70.4331
-71.3667
-72.2464
-73.0347
-73.6867
-74.1483
-74.3543
-74.2294
-73.6908
-72.6544
-71.0467
-68.8205
-65.969
-62.5368
-58.6169
-54.3387
-49.8483
-45.2868
-40.7753
-36.4073
-32.2464
-28.3312
-24.6801
-21.2963
-18.1742
-15.3031
-12.6684
-10.2558
-8.05134
-6.04245
-4.21869
-2.57215
-1.09666
0.210998
1.35268
2.32875
3.13824
3.78032
4.25498
4.56337
4.7086
4.69558
4.53103
4.22354
3.7836
3.22453
2.56374
1.82484
1.03936
0.246714
-0.509154
-1.1859
-1.7494
-2.17893
-2.46869
-2.62573
-2.66599
-2.60987
-2.47877
-2.29271
-2.06933
-1.82347
-1.56727
-1.31045
-1.06068
-0.823983
-0.605089
-0.407681
-0.234595
-0.0878322
0.03145
0.122924
0.186948
0.224398
0.236213
0.223277
0.18651
0.1279
0.0520751
-0.032843
-0.116284
-0.188039
-0.240988
-0.272308
-0.28308
-0.277123
-0.259715
-0.236577
-0.213122
-0.193974
-0.182531
-0.180549
-0.187757
-0.201689
-0.218298
-0.233312
-0.243683
-0.248319
-0.247965
-0.244539
-0.240334
-0.23721
-0.236168
-0.237154
-0.239515
-0.242494
-0.245592
-0.248976
-0.253139
-0.258573
-0.265459
-0.27382
-0.28322
-0.29342
-0.304151
-0.315272
-0.32627
-0.33711
-0.346512
-0.355265
-0.361773
-0.366334
-0.369883
-0.36986
-0.368439
-0.366506
-0.360334
-0.355047
-0.348927
-0.339243
-0.332752
-0.322898
-0.313705
-0.304954
-0.294497
-0.28538
-0.275265
-0.265573
-0.255845
-0.246129
-0.236674
-0.227055
-0.218027
-0.208742
-0.200009
-0.191118
-0.182784
-0.174263
-0.166289
-0.158218
-0.150587
-0.142868
-0.135771
-0.128283
-0.121565
-0.114537
-0.107993
-0.101505
-0.0949742
-0.0891276
-0.0823609
-0.0773256
-0.0702263
-0.065876
-0.0588021
-0.0548316
-0.0480168
-0.04404
-0.0378505
-0.0327181
-0.0281983
-0.0215649
-0.0186755
-0.0123076
-0.00783214
-0.00362579
-61.1172
-60.9458
-60.8326
-60.7496
-60.6903
-60.662
-60.6705
-60.7216
-60.8208
-60.9729
-61.1823
-61.4528
-61.7873
-62.1888
-62.6592
-63.2004
-63.8135
-64.4983
-65.2534
-66.0751
-66.9573
-67.8906
-68.8626
-69.8568
-70.8527
-71.8253
-72.7442
-73.5728
-74.2669
-74.7736
-75.0303
-74.9636
-74.4914
-73.5281
-71.995
-69.8355
-67.0317
-63.6167
-59.6765
-55.3388
-50.7549
-46.0757
-41.4331
-36.9313
-32.6423
-28.6097
-24.8547
-21.3818
-18.1847
-15.2504
-12.5634
-10.1069
-7.86545
-5.82487
-3.97402
-2.30394
-0.808254
0.516429
1.67148
2.65649
3.46991
4.11032
4.57712
4.87137
4.99605
4.9561
4.75791
4.40917
3.91883
3.29887
2.56629
1.74621
0.873941
-0.00445527
-0.836707
-1.57267
-2.1731
-2.6159
-2.89726
-3.02868
-3.03141
-2.93091
-2.75265
-2.51966
-2.25153
-1.96426
-1.67055
-1.38028
-1.10106
-0.838722
-0.597841
-0.381973
-0.193789
-0.0351819
0.0928993
0.190286
0.257691
0.296254
0.307077
0.290798
0.247775
0.179409
0.0904481
-0.00949972
-0.107254
-0.190085
-0.249436
-0.282355
-0.290747
-0.279686
-0.255769
-0.22591
-0.196537
-0.173116
-0.159667
-0.158272
-0.168488
-0.18706
-0.208631
-0.227624
-0.240219
-0.245265
-0.243959
-0.238973
-0.233329
-0.229367
-0.228267
-0.229798
-0.232937
-0.236527
-0.239955
-0.243458
-0.247742
-0.253552
-0.261059
-0.270353
-0.280801
-0.292091
-0.304004
-0.316431
-0.328746
-0.341049
-0.351503
-0.361288
-0.368882
-0.373682
-0.377529
-0.378082
-0.375859
-0.374029
-0.367717
-0.361469
-0.355267
-0.345233
-0.337943
-0.328118
-0.318288
-0.309262
-0.298466
-0.288889
-0.278703
-0.26842
-0.258697
-0.248529
-0.238884
-0.229164
-0.219745
-0.210449
-0.201435
-0.192496
-0.18388
-0.175415
-0.167128
-0.159082
-0.151317
-0.143514
-0.136343
-0.128789
-0.122008
-0.114902
-0.108404
-0.101659
-0.0954417
-0.089022
-0.0828945
-0.0770095
-0.0706474
-0.0657853
-0.0588623
-0.0551329
-0.0476221
-0.044425
-0.0372225
-0.0332326
-0.0278539
-0.0218015
-0.0187414
-0.0116069
-0.00843885
-0.00381703
-60.971
-60.7999
-60.6892
-60.6108
-60.5579
-60.5379
-60.5571
-60.621
-60.7353
-60.9046
-61.1332
-61.4247
-61.7823
-62.2084
-62.7054
-63.2751
-63.9185
-64.6353
-65.4242
-66.2813
-67.2002
-68.1713
-69.1815
-70.2143
-71.249
-72.2603
-73.2175
-74.0846
-74.8182
-75.367
-75.6699
-75.6555
-75.2432
-74.3467
-72.8841
-70.7912
-68.0393
-64.6506
-60.7019
-56.3188
-51.6549
-46.8689
-42.1044
-37.4758
-33.0633
-28.9177
-25.0626
-21.5037
-18.2344
-15.2401
-12.5036
-10.0062
-7.73069
-5.66139
-3.78626
-2.0952
-0.58197
0.757068
1.92263
2.91366
3.72797
4.36371
4.82017
5.09869
5.20275
5.1376
4.90952
4.5248
3.98951
3.31191
2.50585
1.59671
0.624781
-0.354025
-1.27477
-2.07604
-2.71244
-3.16151
-3.42345
-3.51625
-3.46814
-3.31077
-3.07429
-2.78496
-2.4643
-2.12933
-1.79305
-1.46528
-1.15333
-0.862725
-0.597736
-0.36166
-0.157028
0.0144865
0.1521
0.255991
0.327206
0.367272
0.377506
0.358293
0.309135
0.230323
0.126496
0.00914562
-0.105158
-0.200399
-0.266291
-0.29991
-0.304318
-0.286226
-0.253841
-0.215467
-0.178698
-0.149964
-0.134042
-0.133418
-0.147481
-0.171954
-0.19972
-0.223517
-0.238575
-0.243741
-0.240848
-0.233583
-0.225924
-0.220867
-0.219746
-0.222041
-0.226207
-0.230527
-0.234238
-0.237698
-0.241947
-0.248067
-0.256253
-0.266559
-0.278143
-0.290628
-0.303801
-0.317627
-0.331387
-0.345297
-0.357002
-0.367695
-0.376555
-0.381799
-0.385636
-0.386887
-0.383957
-0.381727
-0.375479
-0.368203
-0.36169
-0.351498
-0.34325
-0.333447
-0.322957
-0.31354
-0.302575
-0.292346
-0.282085
-0.271422
-0.261316
-0.251069
-0.240968
-0.231214
-0.221472
-0.212099
-0.202771
-0.193878
-0.184891
-0.176462
-0.16802
-0.15982
-0.152033
-0.144155
-0.13672
-0.129422
-0.122234
-0.115418
-0.108587
-0.101949
-0.0956076
-0.0891431
-0.0831004
-0.0768551
-0.0711398
-0.0653061
-0.0593754
-0.054745
-0.0477401
-0.0446369
-0.036833
-0.0337224
-0.0271515
-0.0223481
-0.0184678
-0.0114579
-0.00931614
-0.00357747
-60.8039
-60.6343
-60.5268
-60.4534
-60.4072
-60.3959
-60.4257
-60.5023
-60.6311
-60.817
-61.0642
-61.3761
-61.7557
-62.2057
-62.7286
-63.3258
-63.9984
-64.7466
-65.5685
-66.4603
-67.4152
-68.4235
-69.4718
-70.543
-71.6161
-72.6653
-73.66
-74.5644
-75.3356
-75.9233
-76.2679
-76.3003
-75.9417
-75.106
-73.7089
-71.6809
-68.9839
-65.629
-61.6838
-57.2689
-52.539
-47.66
-42.7849
-38.0383
-33.5102
-29.2574
-25.3071
-21.6671
-18.3296
-15.2797
-12.4975
-9.96313
-7.65737
-5.56363
-3.66811
-1.96024
-0.433614
0.915232
2.08634
3.07798
3.88777
4.51373
4.95578
5.21626
5.29977
5.2123
4.96033
4.54902
3.98087
3.25793
2.38634
1.38611
0.300903
-0.800194
-1.83181
-2.7129
-3.38802
-3.83568
-4.06428
-4.10197
-3.98648
-3.75707
-3.44927
-3.09273
-2.71082
-2.32119
-1.93688
-1.56729
-1.2192
-0.897605
-0.606328
-0.348316
-0.125829
0.0596871
0.207626
0.318502
0.39385
0.435763
0.44597
0.424468
0.369465
0.27961
0.158963
0.0213186
-0.112228
-0.221373
-0.293754
-0.326725
-0.325027
-0.29747
-0.254216
-0.205166
-0.159231
-0.123957
-0.105004
-0.105399
-0.124389
-0.156385
-0.191955
-0.221586
-0.239333
-0.24414
-0.238774
-0.228315
-0.217948
-0.211501
-0.210448
-0.213881
-0.21943
-0.224583
-0.228495
-0.231686
-0.235723
-0.242022
-0.250918
-0.2624
-0.27519
-0.288925
-0.303442
-0.318805
-0.334211
-0.349847
-0.363126
-0.374745
-0.38483
-0.390807
-0.394384
-0.396047
-0.392761
-0.389706
-0.383495
-0.375423
-0.368194
-0.357974
-0.348719
-0.338763
-0.327842
-0.317749
-0.306756
-0.295859
-0.285358
-0.274464
-0.263909
-0.253507
-0.243101
-0.233113
-0.223228
-0.213597
-0.204214
-0.194955
-0.186141
-0.177189
-0.169048
-0.160386
-0.152764
-0.144616
-0.137299
-0.129694
-0.122769
-0.115522
-0.108909
-0.102111
-0.095778
-0.0892401
-0.0832317
-0.0767797
-0.0713255
-0.0651936
-0.0595182
-0.054545
-0.0479226
-0.0443543
-0.0368498
-0.0340832
-0.0265901
-0.0228684
-0.0178913
-0.0119591
-0.00978359
-0.00287679
-60.6145
-60.4476
-60.344
-60.2758
-60.2365
-60.2339
-60.2743
-60.3632
-60.5062
-60.7081
-60.9731
-61.3044
-61.7052
-62.178
-62.7252
-63.3488
-64.0498
-64.8284
-65.6824
-66.6081
-67.5983
-68.643
-69.7284
-70.837
-71.9475
-73.034
-74.0654
-75.0056
-75.8123
-76.4359
-76.8187
-76.8932
-76.5821
-75.8012
-74.4648
-72.4988
-69.8577
-66.5427
-62.6119
-58.1793
-53.3987
-48.4416
-43.4695
-38.6169
-33.9828
-29.6308
-25.5927
-21.8772
-18.4774
-15.3767
-12.5542
-9.98826
-7.65777
-5.54475
-3.63437
-1.91578
-0.382356
0.968784
2.13733
3.12102
3.91779
4.52667
4.94903
5.18886
5.25209
5.14588
4.87709
4.45018
3.86481
3.11648
2.20019
1.12245
-0.0790282
-1.32436
-2.50017
-3.4904
-4.21733
-4.65943
-4.83904
-4.80126
-4.59789
-4.27808
-3.88359
-3.44742
-2.99442
-2.54254
-2.10433
-1.6884
-1.30064
-0.945301
-0.625533
-0.343799
-0.102038
0.0985122
0.257468
0.375687
0.455364
0.499471
0.510276
0.487383
0.427264
0.325884
0.186095
0.0245575
-0.131492
-0.256174
-0.33468
-0.365052
-0.354423
-0.314312
-0.257246
-0.194931
-0.137718
-0.0944009
-0.0717129
-0.0734345
-0.0987666
-0.140415
-0.185854
-0.222584
-0.243232
-0.246974
-0.237922
-0.223035
-0.209068
-0.200934
-0.200139
-0.205204
-0.212616
-0.218815
-0.222801
-0.225355
-0.228905
-0.235268
-0.24498
-0.257795
-0.271929
-0.28703
-0.302938
-0.32001
-0.337367
-0.354782
-0.369887
-0.382548
-0.393706
-0.400578
-0.403924
-0.405686
-0.402221
-0.398233
-0.391682
-0.383014
-0.374898
-0.364475
-0.354516
-0.344041
-0.332835
-0.322045
-0.310802
-0.299561
-0.288502
-0.277493
-0.26651
-0.25582
-0.245264
-0.234938
-0.22491
-0.215092
-0.205485
-0.19615
-0.187069
-0.17818
-0.16968
-0.161191
-0.153216
-0.145176
-0.137691
-0.130045
-0.123104
-0.115649
-0.109276
-0.102042
-0.0961867
-0.0889377
-0.0836848
-0.0764106
-0.0717076
-0.0647267
-0.0597811
-0.0542111
-0.0481673
-0.0443816
-0.036754
-0.0341009
-0.0260011
-0.0233055
-0.0178314
-0.0124386
-0.00927074
-0.00209292
-60.4017
-60.2383
-60.1393
-60.0772
-60.045
-60.0508
-60.1012
-60.2021
-60.3587
-60.5759
-60.8577
-61.2073
-61.628
-62.1223
-62.6929
-63.3416
-64.0696
-64.8771
-65.7619
-66.72
-67.744
-68.8238
-69.9452
-71.0902
-72.2373
-73.3599
-74.4267
-75.4014
-76.2417
-76.8989
-77.3163
-77.4283
-77.1597
-76.4273
-75.1457
-73.2384
-70.6535
-67.3833
-63.4764
-59.0397
-54.2251
-49.2063
-44.1532
-39.2082
-34.4805
-30.0397
-25.9223
-22.1396
-18.6848
-15.5402
-12.6843
-10.0932
-7.74492
-5.61988
-3.70264
-1.98195
-0.451568
0.890814
2.04478
3.00855
3.78168
4.3654
4.76346
4.98165
5.02685
4.90665
4.62794
4.195
3.60657
2.85304
1.91869
0.79226
-0.506964
-1.90242
-3.25523
-4.39841
-5.208
-5.65059
-5.76723
-5.6307
-5.31494
-4.88285
-4.38363
-3.85361
-3.31864
-2.79625
-2.29793
-1.83094
-1.39995
-1.00808
-0.657603
-0.350388
-0.0879717
0.128552
0.299023
0.424777
0.508835
0.555336
0.567412
0.544252
0.480101
0.366924
0.205283
0.0154209
-0.167106
-0.309045
-0.392744
-0.417682
-0.394382
-0.337854
-0.263416
-0.184736
-0.113708
-0.0605381
-0.0332541
-0.036673
-0.0701691
-0.124272
-0.182269
-0.227623
-0.251271
-0.252863
-0.238493
-0.217568
-0.19889
-0.188695
-0.188514
-0.196073
-0.20599
-0.21345
-0.217285
-0.218743
-0.221481
-0.227684
-0.2384
-0.252785
-0.268349
-0.284929
-0.302162
-0.321084
-0.340851
-0.360084
-0.377218
-0.391273
-0.403403
-0.411237
-0.414426
-0.415943
-0.412187
-0.407242
-0.400151
-0.390827
-0.381937
-0.371091
-0.360424
-0.349476
-0.337767
-0.326517
-0.314785
-0.303208
-0.291763
-0.280326
-0.269167
-0.258045
-0.247324
-0.236781
-0.22648
-0.216531
-0.206728
-0.197226
-0.187982
-0.179111
-0.17018
-0.162058
-0.153425
-0.145893
-0.137834
-0.130484
-0.123199
-0.115971
-0.1093
-0.102309
-0.0961291
-0.0889562
-0.0838283
-0.0760144
-0.0721684
-0.0639761
-0.0606148
-0.0534251
-0.0488689
-0.0437685
-0.0367583
-0.0341054
-0.0255449
-0.0239432
-0.0174788
-0.012411
-0.00868384
-0.0015411
-60.1639
-60.0054
-59.9116
-59.8553
-59.8303
-59.845
-59.9053
-60.0175
-60.1871
-60.4185
-60.7159
-61.0827
-61.5219
-62.0363
-62.6285
-63.3007
-64.0541
-64.8887
-65.8027
-66.7916
-67.8478
-68.961
-70.1169
-71.2971
-72.4791
-73.6364
-74.737
-75.7444
-76.6163
-77.3046
-77.7534
-77.8988
-77.6676
-76.9784
-75.7465
-73.8938
-71.3644
-68.1427
-64.2684
-59.841
-55.0087
-49.9466
-44.8293
-39.8089
-35.0017
-30.4852
-26.3
-22.4596
-18.9588
-15.7792
-12.8983
-10.2908
-7.93367
-5.80639
-3.8929
-2.18229
-0.668717
0.649682
1.77366
2.70394
3.44337
3.99695
4.37108
4.57243
4.60684
4.48008
4.19783
3.76479
3.18064
2.43479
1.50434
0.36101
-1.00154
-2.5272
-4.07058
-5.41187
-6.35223
-6.81831
-6.86577
-6.60694
-6.15069
-5.58074
-4.95594
-4.31605
-3.68709
-3.08533
-2.52036
-1.99755
-1.51975
-1.08861
-0.705295
-0.370965
-0.0866724
0.146685
0.329103
0.462291
0.550346
0.599095
0.612953
0.590894
0.52432
0.39938
0.212613
-0.0110832
-0.224871
-0.385715
-0.47284
-0.488241
-0.447301
-0.369506
-0.273365
-0.174629
-0.0867766
-0.0215825
0.011426
0.00589439
-0.0380778
-0.108284
-0.182265
-0.238117
-0.264735
-0.262572
-0.24066
-0.211596
-0.186883
-0.174293
-0.175264
-0.186412
-0.199738
-0.208824
-0.212114
-0.211766
-0.213195
-0.218982
-0.230945
-0.247227
-0.264298
-0.282534
-0.301091
-0.321915
-0.34478
-0.366063
-0.385266
-0.401117
-0.41408
-0.422765
-0.425835
-0.42684
-0.422719
-0.416743
-0.408988
-0.398937
-0.389148
-0.377875
-0.366406
-0.355013
-0.342799
-0.330935
-0.318876
-0.306732
-0.295037
-0.283137
-0.271726
-0.260245
-0.249369
-0.238435
-0.228151
-0.217768
-0.207951
-0.19825
-0.188762
-0.179979
-0.170705
-0.162629
-0.153896
-0.146195
-0.138171
-0.130726
-0.123354
-0.116218
-0.109333
-0.102344
-0.0960694
-0.0890817
-0.0835109
-0.0763013
-0.0718304
-0.0638564
-0.0611291
-0.0525158
-0.0499155
-0.0426762
-0.0371961
-0.0336804
-0.0255247
-0.0244719
-0.0166695
-0.012227
-0.00820439
-0.00124311
-59.9
-59.7474
-59.6593
-59.6093
-59.5917
-59.6145
-59.6846
-59.8077
-59.9893
-60.2341
-60.546
-60.9284
-61.3845
-61.9173
-62.5294
-63.2233
-64.0001
-64.86
-65.801
-66.8186
-67.9052
-69.0497
-70.2379
-71.4509
-72.666
-73.8559
-74.9883
-76.0264
-76.9279
-77.6449
-78.1224
-78.2976
-78.0995
-77.4483
-76.2611
-74.4592
-71.9837
-68.8131
-64.9793
-60.574
-55.7406
-50.6537
-45.4919
-40.4144
-35.5452
-30.9677
-26.7282
-22.8428
-19.3069
-16.1031
-13.2073
-10.5945
-8.2399
-6.1227
-4.2272
-2.54294
-1.06442
0.211826
1.28941
2.1744
2.87557
3.40233
3.76237
3.96024
3.99705
3.87447
3.59584
3.16545
2.5858
1.84929
0.931328
-0.207485
-1.59786
-3.21801
-4.93728
-6.50373
-7.62878
-8.15937
-8.14485
-7.74432
-7.11785
-6.38115
-5.60711
-4.83942
-4.10336
-3.41281
-2.77452
-2.19109
-1.66307
-1.19012
-0.772034
-0.409028
-0.101699
0.149152
0.343587
0.483767
0.575006
0.625372
0.641121
0.621463
0.554544
0.41843
0.202776
-0.0617336
-0.312677
-0.493891
-0.581299
-0.581356
-0.516213
-0.411052
-0.28802
-0.164905
-0.0566269
0.0233533
0.0636283
0.055568
-0.00188784
-0.0930651
-0.18748
-0.256019
-0.285243
-0.277089
-0.24468
-0.204667
-0.172184
-0.156717
-0.159828
-0.17628
-0.194199
-0.205349
-0.207484
-0.204409
-0.203792
-0.208875
-0.222535
-0.241217
-0.259991
-0.279827
-0.299692
-0.322578
-0.349093
-0.372847
-0.394002
-0.41203
-0.42592
-0.435248
-0.438316
-0.438528
-0.433863
-0.426733
-0.418112
-0.407307
-0.396536
-0.384817
-0.3726
-0.360543
-0.347912
-0.335347
-0.322935
-0.31029
-0.29817
-0.28598
-0.274132
-0.262476
-0.251225
-0.240202
-0.229519
-0.219176
-0.208912
-0.199294
-0.189489
-0.180704
-0.171171
-0.163251
-0.154042
-0.146806
-0.138112
-0.131121
-0.123445
-0.116195
-0.109515
-0.102194
-0.096083
-0.0890858
-0.0832428
-0.0763906
-0.0715421
-0.0641409
-0.0609399
-0.0523305
-0.0502607
-0.0416449
-0.037984
-0.0329248
-0.0258213
-0.0242897
-0.0157178
-0.0127742
-0.00803004
-0.000781266
-59.6093
-59.4636
-59.3818
-59.3385
-59.3283
-59.3593
-59.4384
-59.5716
-59.7642
-60.0211
-60.346
-60.7424
-61.2138
-61.7631
-62.3932
-63.1066
-63.9048
-64.7877
-65.7533
-66.7972
-67.9113
-69.0848
-70.3029
-71.5465
-72.7922
-74.0124
-75.1744
-76.2408
-77.1694
-77.9124
-78.4154
-78.6172
-78.448
-77.8302
-76.6827
-74.9277
-72.5049
-69.3878
-65.6016
-61.2304
-56.4122
-51.32
-46.1346
-41.0208
-36.1088
-31.488
-27.2097
-23.2935
-19.736
-16.5206
-13.6233
-11.018
-8.67993
-6.58886
-4.72938
-3.09176
-1.66906
-0.454023
0.563783
1.39892
2.0673
2.58139
2.94672
3.16166
3.21822
3.11317
2.84519
2.41882
1.83997
1.10711
0.198834
-0.930137
-2.32926
-4.00795
-5.8696
-7.65989
-9.01188
-9.65889
-9.60535
-9.05233
-8.22706
-7.29261
-6.34331
-5.42813
-4.57093
-3.78175
-3.06338
-2.41475
-1.83328
-1.31629
-0.861726
-0.468655
-0.137316
0.131417
0.337438
0.483358
0.576254
0.627241
0.64487
0.628657
0.563104
0.416064
0.166701
-0.147147
-0.44192
-0.644078
-0.726469
-0.702896
-0.604919
-0.464846
-0.308722
-0.15608
-0.0231219
0.0748739
0.124341
0.113388
0.0387475
-0.0797051
-0.200233
-0.284136
-0.315105
-0.297665
-0.250698
-0.196095
-0.153849
-0.135096
-0.141763
-0.165841
-0.190142
-0.203835
-0.203711
-0.196631
-0.19293
-0.197038
-0.213033
-0.234601
-0.255395
-0.276706
-0.297562
-0.322898
-0.353766
-0.380581
-0.403794
-0.424204
-0.43928
-0.448908
-0.451842
-0.450988
-0.445515
-0.437189
-0.427531
-0.415938
-0.404253
-0.391797
-0.378969
-0.366103
-0.353044
-0.339855
-0.326827
-0.313985
-0.301078
-0.288945
-0.276293
-0.264791
-0.252899
-0.241933
-0.230853
-0.220374
-0.209952
-0.2001
-0.190257
-0.181265
-0.171653
-0.163679
-0.154261
-0.147204
-0.138
-0.131708
-0.122947
-0.116739
-0.109084
-0.102308
-0.0960663
-0.0888906
-0.0831056
-0.0766165
-0.071086
-0.0643302
-0.0607878
-0.0520224
-0.0503728
-0.0410509
-0.0383329
-0.0322392
-0.0262667
-0.023878
-0.0153098
-0.0132664
-0.00752453
-0.000551972
-59.2907
-59.1532
-59.0785
-59.0417
-59.0383
-59.0771
-59.1649
-59.3074
-59.5101
-59.7778
-60.1143
-60.5232
-61.0079
-61.5718
-62.2176
-62.9483
-63.7652
-64.6686
-65.6563
-66.7235
-67.8625
-69.062
-70.3069
-71.578
-72.8513
-74.0988
-75.2874
-76.3795
-77.3325
-78.0989
-78.6247
-78.8494
-78.7052
-78.1168
-77.005
-75.2935
-72.9215
-69.8598
-66.1275
-61.8021
-57.0155
-51.9379
-46.751
-41.6229
-36.6893
-32.0453
-27.7465
-23.8159
-20.2526
-17.0407
-14.1567
-11.5746
-9.27071
-7.22505
-5.42337
-3.85494
-2.50929
-1.37098
-0.419073
0.371797
1.02328
1.54748
1.94274
2.19605
2.29292
2.21874
1.96942
1.54934
0.967952
0.230742
-0.677152
-1.80195
-3.20591
-4.92347
-6.89371
-8.884
-10.4815
-11.2945
-11.2379
-10.5333
-9.48512
-8.3218
-7.16959
-6.086
-5.09285
-4.19508
-3.39002
-2.6719
-2.03422
-1.47129
-0.97891
-0.554861
-0.19893
0.0878797
0.305052
0.455067
0.546753
0.594862
0.611699
0.598572
0.536402
0.379854
0.0909207
-0.283755
-0.630184
-0.851668
-0.919853
-0.860533
-0.718226
-0.533816
-0.337354
-0.149351
0.0132648
0.133425
0.194774
0.180852
0.0842635
-0.0698427
-0.223765
-0.326045
-0.357127
-0.325952
-0.258934
-0.184972
-0.130349
-0.107869
-0.120422
-0.155252
-0.188275
-0.205034
-0.201099
-0.188244
-0.17984
-0.182748
-0.202169
-0.227423
-0.250703
-0.27311
-0.294458
-0.323012
-0.35917
-0.389462
-0.414899
-0.437772
-0.454123
-0.463814
-0.466382
-0.464293
-0.457797
-0.448099
-0.437404
-0.424757
-0.412198
-0.398849
-0.38543
-0.371827
-0.358044
-0.34445
-0.33059
-0.317638
-0.303958
-0.291754
-0.278478
-0.266966
-0.254535
-0.243598
-0.232051
-0.221545
-0.210904
-0.200701
-0.191223
-0.1813
-0.172594
-0.163544
-0.154796
-0.147333
-0.137975
-0.132011
-0.122662
-0.116935
-0.108836
-0.102491
-0.0955782
-0.0891003
-0.0826386
-0.0768285
-0.070624
-0.0646925
-0.0601463
-0.0519908
-0.0503759
-0.040258
-0.0392216
-0.031331
-0.026193
-0.0235793
-0.0153414
-0.0139767
-0.00703552
-0.000193578
-58.9438
-58.8153
-58.7476
-58.7177
-58.7218
-58.768
-58.8635
-59.0144
-59.2261
-59.5032
-59.8496
-60.2691
-60.7652
-61.3413
-62.0007
-62.7461
-63.5793
-64.5002
-65.5068
-66.5942
-67.7545
-68.9765
-70.2449
-71.5399
-72.8375
-74.1091
-75.321
-76.4355
-77.4099
-78.1966
-78.7421
-78.9867
-78.8641
-78.3013
-77.2215
-75.5505
-73.228
-70.2231
-66.5506
-62.2819
-57.5431
-52.5003
-47.3344
-42.2154
-37.2833
-32.6376
-28.3388
-24.4129
-20.8615
-17.6705
-14.8172
-12.2769
-10.0274
-8.04974
-6.32994
-4.85392
-3.60335
-2.55068
-1.66142
-0.90047
-0.243166
0.317066
0.767343
1.08248
1.23578
1.20593
0.984733
0.575922
-0.00835452
-0.756052
-1.67403
-2.80496
-4.21996
-5.97221
-8.03007
-10.1907
-12.0282
-13.0428
-13.0248
-12.181
-10.8933
-9.47225
-8.0893
-6.81572
-5.67157
-4.65539
-3.75747
-2.9661
-2.27008
-1.65993
-1.12914
-0.674003
-0.293465
0.0115683
0.239679
0.392188
0.478525
0.516166
0.522427
0.505421
0.447994
0.290597
-0.0382401
-0.487631
-0.898261
-1.13702
-1.17694
-1.06442
-0.862292
-0.621813
-0.376482
-0.146533
0.0514178
0.198774
0.275561
0.259143
0.13456
-0.066396
-0.263253
-0.387295
-0.415394
-0.364102
-0.269488
-0.170035
-0.0997806
-0.0731346
-0.0948731
-0.144964
-0.190278
-0.210362
-0.200097
-0.179125
-0.163882
-0.165571
-0.189976
-0.219822
-0.246267
-0.269086
-0.289876
-0.322595
-0.365394
-0.399626
-0.427405
-0.452992
-0.470703
-0.480208
-0.482118
-0.478451
-0.470688
-0.459444
-0.447526
-0.433803
-0.420342
-0.406161
-0.39195
-0.377567
-0.363106
-0.348882
-0.334514
-0.321011
-0.306963
-0.294326
-0.280655
-0.26904
-0.256053
-0.245221
-0.233111
-0.222664
-0.211703
-0.201331
-0.191917
-0.1815
-0.173219
-0.163431
-0.155382
-0.147034
-0.138341
-0.131923
-0.122395
-0.117307
-0.108198
-0.102613
-0.0954769
-0.0886341
-0.082832
-0.0767405
-0.0699175
-0.0653939
-0.0588255
-0.0526313
-0.049998
-0.0395796
-0.0398976
-0.0299689
-0.0267667
-0.0235952
-0.0154556
-0.0140076
-0.0060826
-0.000189471
-58.568
-58.4492
-58.3892
-58.3666
-58.3777
-58.431
-58.5336
-58.6919
-58.9112
-59.1961
-59.5508
-59.9789
-60.4842
-61.0703
-61.7406
-62.498
-63.3444
-64.2796
-65.3018
-66.4059
-67.5841
-68.8249
-70.1128
-71.4279
-72.7457
-74.0373
-75.2688
-76.4021
-77.3944
-78.1978
-78.7597
-79.0209
-78.9166
-78.376
-77.325
-75.692
-73.4181
-70.4718
-66.8648
-62.6636
-57.9884
-53.0005
-47.8786
-42.793
-37.8865
-33.2628
-28.9859
-25.0854
-21.566
-18.4153
-15.6126
-13.1355
-10.9631
-9.07807
-7.46421
-6.10116
-4.95812
-3.9923
-3.15543
-2.40509
-1.71825
-1.09794
-0.570199
-0.173655
0.0533338
0.0823854
-0.0991785
-0.488677
-1.0721
-1.83247
-2.76851
-3.9168
-5.35293
-7.14555
-9.28411
-11.5926
-13.651
-14.8831
-14.9419
-13.9807
-12.4462
-10.7431
-9.10314
-7.61846
-6.30871
-5.16477
-4.1685
-3.30097
-2.54519
-1.88768
-1.31895
-0.83346
-0.429134
-0.106956
0.130366
0.282884
0.360596
0.381399
0.363747
0.325179
0.263739
0.117501
-0.240869
-0.77331
-1.26436
-1.52109
-1.51586
-1.32692
-1.04485
-0.733963
-0.430178
-0.150876
0.0890701
0.269119
0.364948
0.347167
0.187668
-0.0739882
-0.32563
-0.475
-0.49545
-0.415196
-0.282494
-0.149727
-0.0598141
-0.0290197
-0.064687
-0.135873
-0.198102
-0.221649
-0.20158
-0.168852
-0.14372
-0.14434
-0.176048
-0.212058
-0.242326
-0.264098
-0.282966
-0.321585
-0.372905
-0.411503
-0.441765
-0.470276
-0.489268
-0.498202
-0.498949
-0.493499
-0.48403
-0.471315
-0.45787
-0.443296
-0.428588
-0.413566
-0.398496
-0.38327
-0.368276
-0.353068
-0.338592
-0.324027
-0.310201
-0.296465
-0.283112
-0.270693
-0.257721
-0.246645
-0.234008
-0.223923
-0.212021
-0.202298
-0.192136
-0.181831
-0.173762
-0.163113
-0.156054
-0.1466
-0.138584
-0.131842
-0.122116
-0.117552
-0.107512
-0.103008
-0.0947463
-0.0886851
-0.0828996
-0.0759432
-0.070228
-0.0651635
-0.0577203
-0.0536482
-0.0485466
-0.039784
-0.0401421
-0.0286664
-0.0276667
-0.023094
-0.0155989
-0.0139574
-0.00536362
-0.000355409
-58.164
-58.0561
-58.0041
-57.988
-58.0059
-58.0657
-58.1747
-58.3391
-58.5646
-58.8559
-59.2169
-59.6516
-60.1639
-60.7575
-61.4361
-62.2026
-63.0589
-64.0051
-65.0392
-66.156
-67.348
-68.6033
-69.9064
-71.237
-72.5707
-73.8779
-75.1248
-76.2728
-77.279
-78.0957
-78.6703
-78.9448
-78.8558
-78.3345
-77.3096
-75.7125
-73.4865
-70.6007
-67.0651
-62.9416
-58.3452
-53.432
-48.377
-43.3497
-38.4943
-33.917
-29.6855
-25.8331
-22.3669
-19.2777
-16.5477
-14.1567
-12.0863
-10.3185
-8.83297
-7.59866
-6.56949
-5.68614
-4.88808
-4.12932
-3.39208
-2.69077
-2.06553
-1.56898
-1.25088
-1.14737
-1.27554
-1.63466
-2.20974
-2.98054
-3.93887
-5.11402
-6.58229
-8.42473
-10.6468
-13.0916
-15.3495
-16.798
-16.9621
-15.9102
-14.1306
-12.1281
-10.2083
-8.49328
-7.00447
-5.72453
-4.62554
-3.68004
-2.86439
-2.16056
-1.55562
-1.04155
-0.615928
-0.280609
-0.0394039
0.109104
0.177946
0.184449
0.140377
0.0630817
-0.0315226
-0.174047
-0.559055
-1.17399
-1.75384
-2.02639
-1.95517
-1.66153
-1.27479
-0.876336
-0.50342
-0.167514
0.121076
0.340533
0.461579
0.445459
0.241235
-0.100321
-0.421961
-0.599229
-0.604236
-0.482884
-0.298315
-0.122256
-0.0070898
0.0278651
-0.0282146
-0.129385
-0.215106
-0.241104
-0.206257
-0.156641
-0.117603
-0.117996
-0.160105
-0.20466
-0.239759
-0.25819
-0.272976
-0.31979
-0.382393
-0.425613
-0.45816
-0.489721
-0.509877
-0.517889
-0.516783
-0.50957
-0.4978
-0.483917
-0.468436
-0.453162
-0.43681
-0.421206
-0.405101
-0.388962
-0.373445
-0.357048
-0.342793
-0.326678
-0.313626
-0.298159
-0.285806
-0.271922
-0.259579
-0.247703
-0.235006
-0.224923
-0.212305
-0.203269
-0.191992
-0.182547
-0.173649
-0.163182
-0.156532
-0.145705
-0.13967
-0.130711
-0.12245
-0.117568
-0.106337
-0.103911
-0.0936092
-0.0888153
-0.0828316
-0.0753337
-0.0702211
-0.0647653
-0.0572017
-0.053797
-0.047485
-0.0401223
-0.0393146
-0.0284284
-0.0287242
-0.0222917
-0.0156616
-0.0134358
-0.0049084
-0.000877253
-57.7312
-57.635
-57.5916
-57.5825
-57.606
-57.6714
-57.7857
-57.9553
-58.1858
-58.4819
-58.8475
-59.2867
-59.8037
-60.4022
-61.0861
-61.8587
-62.7216
-63.675
-64.717
-65.8425
-67.0438
-68.3091
-69.6227
-70.9643
-72.3088
-73.6268
-74.8843
-76.0425
-77.0583
-77.8841
-78.468
-78.7522
-78.6751
-78.1702
-77.1693
-75.6067
-73.4285
-70.6055
-67.1468
-63.1112
-58.6084
-53.789
-48.8237
-43.8796
-39.1006
-34.5951
-30.4337
-26.6527
-23.2627
-20.2578
-17.6236
-15.343
-13.3987
-11.7715
-10.433
-9.33863
-8.42501
-7.61702
-6.84498
-6.06175
-5.25652
-4.45593
-3.71461
-3.09955
-2.67226
-2.47731
-2.53704
-2.8525
-3.40887
-4.18401
-5.16464
-6.37318
-7.88366
-9.78611
-12.0991
-14.6767
-17.1173
-18.7708
-19.0561
-17.9398
-15.9255
-13.6145
-11.3978
-9.43639
-7.75722
-6.3348
-5.13038
-4.10659
-3.23278
-2.48531
-1.84711
-1.30807
-0.866667
-0.526303
-0.288605
-0.146279
-0.0815906
-0.078809
-0.138633
-0.257802
-0.428085
-0.608234
-1.05987
-1.76177
-2.4198
-2.6868
-2.51717
-2.08268
-1.56095
-1.05518
-0.602136
-0.202731
0.141231
0.40591
0.558066
0.548345
0.287614
-0.15943
-0.571192
-0.777118
-0.753868
-0.573127
-0.31737
-0.0852897
0.0616673
0.0996714
0.0147591
-0.128138
-0.246176
-0.272898
-0.215834
-0.141334
-0.0831387
-0.0850134
-0.142097
-0.199103
-0.239483
-0.250123
-0.25844
-0.31711
-0.394604
-0.442387
-0.47695
-0.511761
-0.53283
-0.539491
-0.535781
-0.526627
-0.512091
-0.496899
-0.479098
-0.46327
-0.445216
-0.429078
-0.411527
-0.394771
-0.378311
-0.361208
-0.346657
-0.329431
-0.316843
-0.29971
-0.288632
-0.272616
-0.261913
-0.248028
-0.236454
-0.225452
-0.212546
-0.204389
-0.191255
-0.183754
-0.172964
-0.163488
-0.156734
-0.144943
-0.140432
-0.129572
-0.1231
-0.116547
-0.106448
-0.103719
-0.0925659
-0.0897234
-0.0814626
-0.0754123
-0.0704023
-0.0635377
-0.057254
-0.0537639
-0.0459707
-0.0408487
-0.0390641
-0.0282789
-0.0291293
-0.0212299
-0.0153613
-0.0132728
-0.00527701
-0.00132215
-57.2702
-57.1862
-57.1506
-57.1479
-57.1778
-57.2486
-57.3676
-57.5412
-57.7751
-58.0739
-58.4423
-58.8838
-59.403
-60.0038
-60.6902
-61.4654
-62.3312
-63.2881
-64.3338
-65.4636
-66.6696
-67.9401
-69.2591
-70.6063
-71.9565
-73.2802
-74.543
-75.7063
-76.727
-77.5576
-78.1463
-78.4368
-78.3688
-77.878
-76.899
-75.3699
-73.24
-70.4824
-67.1064
-63.1684
-58.7735
-54.0664
-49.2127
-44.3759
-39.6989
-35.2907
-31.224
-27.5385
-24.2482
-21.351
-18.8362
-16.6899
-14.8952
-13.4288
-12.2521
-11.3049
-10.5065
-9.76738
-9.01065
-8.19006
-7.30209
-6.38538
-5.50957
-4.75668
-4.2018
-3.8984
-3.8736
-4.13097
-4.65642
-5.42704
-6.42612
-7.67071
-9.23132
-11.2033
-13.6155
-16.3275
-18.9391
-20.7816
-21.1926
-20.0347
-17.8026
-15.1833
-12.6597
-10.4406
-8.56316
-6.99432
-5.6837
-4.58342
-3.65506
-2.86859
-2.20205
-1.64501
-1.19815
-0.863464
-0.634398
-0.494736
-0.423614
-0.412566
-0.480563
-0.637677
-0.829051
-1.20241
-1.80624
-2.63476
-3.34629
-3.55461
-3.23106
-2.60682
-1.913
-1.27773
-0.733267
-0.26421
0.139502
0.447837
0.629201
0.630125
0.305518
-0.271097
-0.79465
-1.02865
-0.959887
-0.694798
-0.342341
-0.0373927
0.150088
0.189895
0.0651146
-0.136627
-0.297775
-0.321177
-0.231756
-0.121149
-0.0372001
-0.0434531
-0.121639
-0.196989
-0.243317
-0.239031
-0.237009
-0.313107
-0.410888
-0.462926
-0.498486
-0.536552
-0.55863
-0.56289
-0.556161
-0.544192
-0.527184
-0.510014
-0.490533
-0.473558
-0.45375
-0.436955
-0.417685
-0.400918
-0.382546
-0.365857
-0.34969
-0.332712
-0.319338
-0.301587
-0.291095
-0.27322
-0.264311
-0.247872
-0.238309
-0.225265
-0.213365
-0.204776
-0.190844
-0.184792
-0.171729
-0.164677
-0.155642
-0.145153
-0.14068
-0.128075
-0.124358
-0.114839
-0.106687
-0.103618
-0.0913316
-0.0902874
-0.0807084
-0.0751453
-0.0701951
-0.0629038
-0.0569914
-0.0533335
-0.0451231
-0.0414776
-0.0384697
-0.0281527
-0.0291799
-0.0201703
-0.0155664
-0.0135604
-0.00518961
-0.00140918
-56.7817
-56.7101
-56.6833
-56.6878
-56.7229
-56.7976
-56.92
-57.0964
-57.3324
-57.6324
-58.0013
-58.443
-58.9618
-59.5621
-60.2479
-61.0223
-61.8875
-62.8437
-63.8888
-65.0182
-66.2239
-67.4943
-68.8134
-70.1606
-71.511
-72.8348
-74.0975
-75.2607
-76.2813
-77.112
-77.7016
-77.9947
-77.9325
-77.4531
-76.4944
-74.9983
-72.9177
-70.2285
-66.9411
-63.1102
-58.8367
-54.2594
-49.5379
-44.8321
-40.2816
-35.9955
-32.0482
-28.4819
-25.3145
-22.5482
-20.1759
-18.1864
-16.5626
-15.274
-14.2703
-13.4757
-12.7912
-12.1159
-11.3667
-10.4984
-9.51435
-8.46505
-7.43627
-6.52671
-5.82586
-5.39667
-5.27155
-5.45628
-5.93776
-6.69308
-7.70382
-8.98306
-10.5983
-12.6472
-15.1656
-18.015
-20.7908
-22.8046
-23.3371
-22.1555
-19.7269
-16.8087
-13.9768
-11.4951
-9.41587
-7.69991
-6.28495
-5.11249
-4.13548
-3.31656
-2.62975
-2.06675
-1.62929
-1.31108
-1.09074
-0.943786
-0.852954
-0.825529
-0.903224
-1.1126
-1.45313
-2.01612
-2.87496
-3.88168
-4.62795
-4.69392
-4.13152
-3.25143
-2.34148
-1.55269
-0.904812
-0.362061
0.0996665
0.43898
0.642175
0.660322
0.268684
-0.465445
-1.12199
-1.37625
-1.23919
-0.858421
-0.376767
0.022975
0.261648
0.301746
0.122674
-0.162734
-0.382044
-0.395249
-0.256664
-0.09298
0.0244227
0.0091905
-0.0994887
-0.202122
-0.252656
-0.222654
-0.206529
-0.30873
-0.433263
-0.488268
-0.523087
-0.564082
-0.587333
-0.587592
-0.578029
-0.561999
-0.543568
-0.523094
-0.502856
-0.4833
-0.462801
-0.444673
-0.423997
-0.406996
-0.386319
-0.370919
-0.351846
-0.33675
-0.320667
-0.30434
-0.292531
-0.274346
-0.266296
-0.247494
-0.240535
-0.224165
-0.215026
-0.204207
-0.190949
-0.185503
-0.170345
-0.166019
-0.154102
-0.145706
-0.140214
-0.127195
-0.125012
-0.113016
-0.107557
-0.102287
-0.0909991
-0.0908845
-0.0787491
-0.0762889
-0.0696437
-0.0613795
-0.0576431
-0.0521664
-0.0441391
-0.0430329
-0.0376458
-0.0276132
-0.0295775
-0.0190012
-0.0148551
-0.0138118
-0.00592666
-0.00180537
-56.2665
-56.2088
-56.191
-56.2009
-56.2405
-56.3191
-56.4439
-56.6216
-56.858
-57.1577
-57.5252
-57.9647
-58.4808
-59.0777
-59.7597
-60.5299
-61.3904
-62.3417
-63.3817
-64.5059
-65.7063
-66.9711
-68.2844
-69.6259
-70.9706
-72.2886
-73.5456
-74.703
-75.718
-76.5438
-77.1296
-77.4216
-77.3623
-76.8924
-75.953
-74.4894
-72.4594
-69.8419
-66.649
-62.9344
-58.7948
-54.3635
-49.794
-45.2406
-40.8401
-36.6997
-32.895
-29.471
-26.449
-23.8354
-21.6273
-19.8154
-18.3804
-17.2838
-16.4624
-15.8237
-15.2522
-14.6372
-13.8897
-12.9643
-11.8714
-10.6741
-9.47469
-8.39026
-7.52565
-6.95452
-6.71423
-6.81205
-7.23637
-7.96452
-8.97784
-10.2868
-11.9569
-14.087
-16.7161
-19.7039
-22.6358
-24.8061
-25.4509
-24.2582
-21.6573
-18.4586
-15.3265
-12.5851
-10.3059
-8.44604
-6.93186
-5.69458
-4.67735
-3.83518
-3.14097
-2.58952
-2.17927
-1.88612
-1.66996
-1.50287
-1.38021
-1.33066
-1.42088
-1.71004
-2.23529
-3.0872
-4.30582
-5.55191
-6.33225
-6.15889
-5.24979
-4.03242
-2.85636
-1.88598
-1.12218
-0.504854
0.00407988
0.352035
0.566301
0.596489
0.119066
-0.822192
-1.62952
-1.86918
-1.61921
-1.07917
-0.428949
0.0910241
0.390611
0.428674
0.178485
-0.221479
-0.51538
-0.508075
-0.295618
-0.0528924
0.10776
0.0768071
-0.0753913
-0.219819
-0.271397
-0.198555
-0.162202
-0.303812
-0.464693
-0.520052
-0.550432
-0.594556
-0.619531
-0.614422
-0.601595
-0.580286
-0.561039
-0.535607
-0.515973
-0.492464
-0.472873
-0.451486
-0.430814
-0.412271
-0.390385
-0.375673
-0.353681
-0.341111
-0.321025
-0.308029
-0.292546
-0.276561
-0.267087
-0.247687
-0.242372
-0.222737
-0.217242
-0.202526
-0.1921
-0.185068
-0.169551
-0.167145
-0.151992
-0.146968
-0.138827
-0.126684
-0.125565
-0.110881
-0.108564
-0.100845
-0.0906942
-0.0909901
-0.0779307
-0.0763283
-0.0685088
-0.061419
-0.0566877
-0.0516788
-0.0444192
-0.0428323
-0.0369906
-0.0274557
-0.0289419
-0.0178161
-0.0157137
-0.0145995
-0.00542237
-0.00185091
-55.7272
-55.6824
-55.6715
-55.6874
-55.7319
-55.8133
-55.9397
-56.1175
-56.353
-56.6505
-57.0147
-57.4497
-57.9604
-58.551
-59.2259
-59.9882
-60.8404
-61.7824
-62.8127
-63.9266
-65.1163
-66.3702
-67.6723
-69.0022
-70.3349
-71.6406
-72.8856
-74.0315
-75.0354
-75.8512
-76.4289
-76.7158
-76.6561
-76.1935
-75.2722
-73.842
-71.8644
-69.3221
-66.2296
-62.6397
-58.6457
-54.3753
-49.9754
-45.5945
-41.3649
-37.3921
-33.752
-30.4914
-27.6354
-25.1947
-23.17
-21.5532
-20.3228
-19.4302
-18.7982
-18.3171
-17.8578
-17.3001
-16.5485
-15.5583
-14.3451
-12.9851
-11.5988
-10.3228
-9.2787
-8.55096
-8.18167
-8.17979
-8.53388
-9.22269
-10.2277
-11.5584
-13.2792
-15.4898
-18.2305
-21.3549
-24.4342
-26.7451
-27.4904
-26.2955
-23.5485
-20.0958
-16.6815
-13.6913
-11.2205
-9.22458
-7.62027
-6.32849
-5.28227
-4.43026
-3.74729
-3.23038
-2.86674
-2.60513
-2.38607
-2.18607
-2.02144
-1.9463
-2.04936
-2.43444
-3.18911
-4.42477
-6.11312
-7.78391
-8.47101
-7.96396
-6.59948
-4.95973
-3.4647
-2.28142
-1.38843
-0.698476
-0.163362
0.16256
0.356354
0.351972
-0.270703
-1.5138
-2.47278
-2.6086
-2.15512
-1.38603
-0.516596
0.153045
0.524933
0.563512
0.227404
-0.327908
-0.71749
-0.673612
-0.350878
0.00407801
0.216719
0.160042
-0.0557156
-0.261489
-0.303636
-0.161104
-0.0985816
-0.29823
-0.508118
-0.559771
-0.580175
-0.628659
-0.655018
-0.644012
-0.625764
-0.599567
-0.578658
-0.548762
-0.529919
-0.501436
-0.483461
-0.457047
-0.438768
-0.416042
-0.395582
-0.379067
-0.356156
-0.344935
-0.321088
-0.312266
-0.291288
-0.280001
-0.266326
-0.248924
-0.243224
-0.221587
-0.219372
-0.200361
-0.193674
-0.18389
-0.169177
-0.167616
-0.150196
-0.147919
-0.137264
-0.126673
-0.125093
-0.109659
-0.108993
-0.0990298
-0.0915324
-0.0896161
-0.077755
-0.0769752
-0.0667861
-0.0615056
-0.0557806
-0.0510087
-0.0440747
-0.043281
-0.0360398
-0.027232
-0.0298744
-0.0156245
-0.01442
-0.0157057
-0.00666056
-0.0024382
-55.1612
-55.1301
-55.1287
-55.1502
-55.1981
-55.2813
-55.4083
-55.5855
-55.8183
-56.1119
-56.4706
-56.8991
-57.4017
-57.9833
-58.6478
-59.3989
-60.2384
-61.167
-62.1828
-63.2815
-64.4552
-65.6923
-66.977
-68.289
-69.6034
-70.8911
-72.1181
-73.246
-74.2332
-75.0337
-75.5985
-75.8764
-75.8136
-75.3563
-74.4525
-73.0557
-71.1325
-68.6691
-65.6827
-62.2254
-58.3874
-54.2914
-50.077
-45.8863
-41.8463
-38.06
-34.6036
-31.5254
-28.8539
-26.6037
-24.7794
-23.3739
-22.36
-21.6808
-21.2423
-20.9197
-20.5709
-20.0666
-19.3058
-18.2431
-16.8997
-15.3647
-13.7777
-12.2963
-11.0592
-10.1622
-9.65225
-9.53883
-9.81099
-10.4481
-11.4327
-12.7743
-14.537
-16.8222
-19.6697
-22.9242
-26.1398
-28.5746
-29.4076
-28.217
-25.3514
-21.6787
-18.0103
-14.7912
-12.1437
-10.0248
-8.34351
-7.01075
-5.94994
-5.10677
-4.45962
-4.00534
-3.70943
-3.48562
-3.25647
-3.01121
-2.79407
-2.68838
-2.80633
-3.29551
-4.30733
-5.98554
-8.21041
-10.243
-10.949
-10.061
-8.15953
-6.02702
-4.16786
-2.74398
-1.71754
-0.963804
-0.411918
-0.112222
0.0204063
-0.12751
-1.04356
-2.68904
-3.7998
-3.71507
-2.92359
-1.82169
-0.663624
0.184403
0.634567
0.669443
0.234689
-0.522071
-1.03154
-0.924295
-0.435017
0.0797304
0.353621
0.26173
-0.0451602
-0.342245
-0.357106
-0.103348
-0.00920151
-0.296045
-0.573313
-0.610308
-0.610276
-0.665533
-0.693176
-0.676747
-0.649249
-0.620815
-0.595962
-0.563734
-0.542968
-0.510688
-0.493917
-0.462377
-0.447302
-0.418394
-0.401985
-0.380671
-0.360013
-0.347106
-0.322045
-0.31573
-0.289812
-0.283999
-0.264227
-0.251521
-0.242394
-0.221504
-0.220659
-0.198079
-0.195682
-0.181672
-0.169606
-0.167379
-0.148335
-0.149151
-0.135045
-0.127148
-0.124275
-0.108459
-0.109256
-0.0974576
-0.0918038
-0.0886582
-0.0780545
-0.0754215
-0.0669567
-0.0611671
-0.0539117
-0.052042
-0.041739
-0.0441239
-0.036967
-0.0260328
-0.0286499
-0.0139224
-0.0161449
-0.0163937
-0.00601398
-0.00352524
-54.5732
-54.5553
-54.562
-54.5888
-54.64
-54.7249
-54.8512
-55.0262
-55.2552
-55.5432
-55.8947
-56.3142
-56.8063
-57.3759
-58.0269
-58.7629
-59.5859
-60.4966
-61.4934
-62.5718
-63.7239
-64.9383
-66.1997
-67.4877
-68.7778
-70.0409
-71.2432
-72.3476
-73.3122
-74.092
-74.6394
-74.9043
-74.8356
-74.3817
-73.4945
-72.1322
-70.2653
-67.8846
-65.0094
-61.6919
-58.0191
-54.1086
-50.0933
-46.1075
-42.2732
-38.6893
-35.4331
-32.5533
-30.082
-28.0381
-26.4291
-25.2478
-24.4608
-24.0002
-23.7575
-23.5902
-23.3485
-22.8925
-22.1169
-20.9753
-19.494
-17.775
-15.9772
-14.2798
-12.8393
-11.763
-11.1027
-10.8682
-11.0475
-11.6211
-12.5723
-13.9114
-15.7034
-18.0512
-20.9944
-24.3668
-27.703
-30.2449
-31.1512
-29.9704
-27.0158
-23.1633
-19.2776
-15.8585
-13.0564
-10.833
-9.09207
-7.73508
-6.67833
-5.86779
-5.2866
-4.92706
-4.72326
-4.54571
-4.30183
-3.9957
-3.71438
-3.56894
-3.70026
-4.29055
-5.56107
-7.69177
-10.4707
-12.8947
-13.6174
-12.338
-9.86602
-7.20526
-4.95582
-3.2797
-2.12805
-1.3128
-0.719013
-0.402335
-0.360767
-0.802629
-2.19964
-4.35833
-5.59925
-5.21259
-3.96175
-2.42283
-0.922793
0.0900827
0.586735
0.608325
0.0704648
-0.941779
-1.57881
-1.33701
-0.574457
0.183048
0.531166
0.386418
-0.0491756
-0.480863
-0.440167
-0.0200102
0.110005
-0.299539
-0.668633
-0.673313
-0.640581
-0.704308
-0.736072
-0.713609
-0.672751
-0.64448
-0.611579
-0.580245
-0.553635
-0.522248
-0.502709
-0.468572
-0.454975
-0.420279
-0.40923
-0.380503
-0.365718
-0.346899
-0.324812
-0.317522
-0.288807
-0.287941
-0.261125
-0.255206
-0.240058
-0.222365
-0.221184
-0.19573
-0.19786
-0.178757
-0.170472
-0.166655
-0.146567
-0.150484
-0.132475
-0.127821
-0.123336
-0.107169
-0.109153
-0.0964332
-0.0910496
-0.0878795
-0.0789329
-0.0737052
-0.0678176
-0.0593825
-0.0524059
-0.0525306
-0.0398185
-0.045805
-0.0355073
-0.0272213
-0.0292465
-0.00874953
-0.0160785
-0.0186133
-0.00755484
-0.00510759
-53.9647
-53.9604
-53.974
-54.0049
-54.0591
-54.1447
-54.2699
-54.4417
-54.6654
-54.9462
-55.2883
-55.6968
-56.1761
-56.7306
-57.365
-58.0824
-58.8851
-59.7738
-60.7467
-61.7996
-62.9248
-64.111
-65.3428
-66.6005
-67.8597
-69.0917
-70.2634
-71.3379
-72.2741
-73.0282
-73.5533
-73.8016
-73.7238
-73.272
-72.4011
-71.074
-69.2654
-66.9708
-64.2113
-61.0395
-57.54
-53.8242
-50.0184
-46.2493
-42.6337
-39.2651
-36.2226
-33.5546
-31.2969
-29.473
-28.0923
-27.1458
-26.593
-26.352
-26.3014
-26.2849
-26.1434
-25.7295
-24.9334
-23.7082
-22.0842
-20.1758
-18.1612
-16.2409
-14.5902
-13.3279
-12.5099
-12.1463
-12.2235
-12.7223
-13.6271
-14.9486
-16.7526
-19.1452
-22.1656
-25.6372
-29.0737
-31.7017
-32.6685
-31.5039
-28.4914
-24.5048
-20.4469
-16.8648
-13.9368
-11.6327
-9.85313
-8.49198
-7.46191
-6.7126
-6.23235
-6.00458
-5.92036
-5.80463
-5.54148
-5.15493
-4.78806
-4.59074
-4.72385
-5.39847
-6.89459
-9.43718
-12.7187
-15.5112
-16.2598
-14.6258
-11.612
-8.43791
-5.80387
-3.89007
-2.62069
-1.73312
-1.06197
-0.689463
-0.775099
-1.60738
-3.64189
-6.34882
-7.71753
-6.99468
-5.23587
-3.22147
-1.38189
-0.214476
0.304283
0.293388
-0.395113
-1.69644
-2.50088
-2.03466
-0.831653
0.282486
0.711193
0.487397
-0.11661
-0.745041
-0.588399
0.109664
0.282434
-0.313993
-0.810435
-0.749593
-0.668031
-0.743788
-0.787881
-0.754385
-0.697075
-0.668355
-0.625991
-0.598719
-0.562674
-0.535762
-0.508128
-0.476514
-0.460296
-0.423223
-0.415542
-0.379821
-0.372313
-0.344842
-0.329621
-0.316984
-0.28951
-0.290729
-0.257972
-0.259513
-0.236033
-0.224644
-0.22021
-0.193587
-0.200463
-0.174323
-0.172624
-0.164822
-0.1446
-0.152636
-0.128679
-0.129214
-0.122144
-0.105324
-0.109559
-0.0950732
-0.0896543
-0.0889206
-0.0776756
-0.0723877
-0.0708931
-0.0544606
-0.0529664
-0.0513004
-0.0361192
-0.0520158
-0.0348168
-0.0257712
-0.0265745
-0.00567491
-0.0182369
-0.0186875
-0.00967312
-0.00834961
-53.3351
-53.3444
-53.3666
-53.4018
-53.4578
-53.5433
-53.6663
-53.8335
-54.0507
-54.3226
-54.6538
-55.049
-55.5129
-56.05
-56.6645
-57.3598
-58.1384
-59.0007
-59.9452
-60.9677
-62.0605
-63.2128
-64.4093
-65.6306
-66.8525
-68.047
-69.1819
-70.2202
-71.1223
-71.8451
-72.3439
-72.5718
-72.4826
-72.0308
-71.1759
-69.8847
-68.1367
-65.9311
-63.2913
-60.2705
-56.9497
-53.4354
-49.8467
-46.3029
-42.9146
-39.7738
-36.9544
-34.5088
-32.4766
-30.8842
-29.743
-29.0393
-28.7231
-28.6993
-28.8326
-28.9573
-28.9059
-28.5265
-27.706
-26.394
-24.6254
-22.5258
-20.2926
-18.1473
-16.2836
-14.8314
-13.8514
-13.3528
-13.3201
-13.7334
-14.5784
-15.866
-17.6625
-20.076
-23.1475
-26.6918
-30.203
-32.8933
-33.9084
-32.7674
-29.7304
-25.6598
-21.4813
-17.78
-14.7609
-12.4045
-10.6105
-9.26823
-8.29154
-7.6352
-7.29581
-7.24019
-7.31013
-7.27495
-6.98867
-6.50637
-6.0236
-5.74676
-5.85477
-6.57612
-8.23247
-11.0886
-14.7632
-17.848
-18.6301
-16.7203
-13.2594
-9.6449
-6.67761
-4.56797
-3.19544
-2.23619
-1.4843
-1.05897
-1.25992
-2.48858
-5.1623
-8.38223
-9.84722
-8.8335
-6.66365
-4.24546
-2.08007
-0.669903
-0.103683
-0.20404
-1.07708
-2.77469
-3.71248
-3.05984
-1.32414
0.232489
0.743557
0.426235
-0.356306
-1.23639
-0.862103
0.282842
0.521438
-0.359646
-1.02214
-0.844684
-0.68436
-0.778729
-0.85188
-0.797916
-0.723694
-0.691186
-0.643247
-0.618219
-0.570378
-0.550309
-0.510333
-0.487255
-0.46182
-0.428214
-0.419304
-0.379606
-0.378849
-0.340972
-0.336474
-0.313618
-0.292251
-0.292014
-0.254967
-0.264603
-0.230188
-0.228676
-0.217597
-0.191962
-0.20328
-0.168658
-0.176353
-0.161391
-0.143514
-0.154783
-0.124087
-0.131685
-0.120427
-0.102872
-0.110663
-0.0929432
-0.0873378
-0.092044
-0.074848
-0.0730157
-0.0726918
-0.0475526
-0.0564061
-0.048672
-0.033448
-0.0560502
-0.0328163
-0.0296708
-0.0235806
0.000800004
-0.0199445
-0.0187094
-0.0127135
-0.0136913
-52.6895
-52.7115
-52.7399
-52.7792
-52.8372
-52.9222
-53.0422
-53.2039
-53.4132
-53.6749
-53.9933
-54.3733
-54.8194
-55.3362
-55.928
-56.598
-57.3486
-58.1805
-59.0921
-60.0793
-61.1347
-62.2474
-63.4027
-64.5813
-65.7599
-66.9109
-68.0024
-68.999
-69.8614
-70.5481
-71.0158
-71.2198
-71.1163
-70.6634
-69.824
-68.5693
-66.8837
-64.7693
-62.2524
-59.3858
-56.2481
-52.9397
-49.573
-46.2603
-43.106
-40.1991
-37.611
-35.3976
-33.6012
-32.251
-31.3575
-30.9009
-30.8192
-31.0048
-31.3086
-31.5607
-31.5876
-31.2339
-30.3836
-28.9844
-27.0729
-24.785
-22.3356
-19.9675
-17.892
-16.25
-15.1062
-14.469
-14.3202
-14.6384
-15.4099
-16.6462
-18.413
-20.8199
-23.9098
-27.4923
-31.0469
-33.7745
-34.8251
-33.7167
-30.6898
-26.5881
-22.3454
-18.5739
-15.5036
-13.127
-11.345
-10.0479
-9.15302
-8.62456
-8.46861
-8.62957
-8.89263
-8.96111
-8.65181
-8.05096
-7.41554
-7.01625
-7.05659
-7.76675
-9.49065
-12.5114
-16.4173
-19.6852
-20.4981
-18.4185
-14.6586
-10.736
-7.54144
-5.30773
-3.87151
-2.86817
-2.07082
-1.62287
-1.90465
-3.39975
-6.48943
-10.0267
-11.5557
-10.4336
-8.09223
-5.39262
-2.87884
-1.13952
-0.518195
-0.748854
-1.85353
-3.82315
-5.0268
-4.32992
-2.09587
-0.0685958
0.553214
0.138712
-0.848041
-2.03469
-1.33903
0.404674
0.749986
-0.496319
-1.32116
-0.963647
-0.677978
-0.805378
-0.928373
-0.842861
-0.753014
-0.71224
-0.664856
-0.634955
-0.579416
-0.564778
-0.512097
-0.499421
-0.460195
-0.436106
-0.419311
-0.382054
-0.382831
-0.337616
-0.343534
-0.307846
-0.297589
-0.289799
-0.254212
-0.268212
-0.223591
-0.234546
-0.211775
-0.19309
-0.204331
-0.162668
-0.181877
-0.155035
-0.144935
-0.155742
-0.118788
-0.135696
-0.116958
-0.100542
-0.113392
-0.0882763
-0.0864334
-0.0966573
-0.0675289
-0.0788483
-0.0727843
-0.0391504
-0.061638
-0.0402819
-0.035262
-0.0648432
-0.0291945
-0.0290164
-0.0167047
0.0041073
-0.0222888
-0.0210995
-0.0200703
-0.0172135
-52.0267
-52.0612
-52.0976
-52.1411
-52.2001
-52.2837
-52.3997
-52.555
-52.7554
-53.0053
-53.3093
-53.6722
-54.0985
-54.5926
-55.1586
-55.8002
-56.5194
-57.3168
-58.1914
-59.1384
-60.1513
-61.2192
-62.3275
-63.4578
-64.5869
-65.6882
-66.7308
-67.6793
-68.4968
-69.1424
-69.5748
-69.7515
-69.6313
-69.1756
-68.3515
-67.1341
-65.5116
-63.4904
-61.0983
-58.3879
-55.4351
-52.3347
-49.1923
-46.1136
-43.1972
-40.5285
-38.1788
-36.2056
-34.6545
-33.5555
-32.9155
-32.7057
-32.8513
-33.232
-33.69
-34.0521
-34.1425
-33.805
-32.9214
-31.4361
-29.386
-26.9153
-24.2563
-21.6719
-19.3902
-17.562
-16.2557
-15.4785
-15.2092
-15.4241
-16.1091
-17.2753
-18.9877
-21.3572
-24.4289
-28.0094
-31.5698
-34.307
-35.3808
-34.3151
-31.3339
-27.2554
-23.0072
-19.218
-16.1395
-13.7767
-12.0352
-10.8107
-10.0275
-9.66268
-9.73366
-10.1588
-10.6591
-10.8599
-10.5307
-9.78174
-8.94424
-8.36893
-8.28239
-8.90648
-10.5854
-13.6019
-17.5393
-20.8527
-21.6879
-19.5526
-15.6748
-11.6297
-8.36004
-6.10097
-4.66051
-3.66963
-2.89309
-2.46122
-2.76707
-4.3211
-7.43779
-10.94
-12.4873
-11.5429
-9.30587
-6.45363
-3.61583
-1.61354
-0.970574
-1.36239
-2.69414
-4.91844
-6.31552
-5.70563
-3.0776
-0.588954
0.185256
-0.354971
-1.63186
-3.15538
-2.11596
0.323551
0.850416
-0.798508
-1.7415
-1.11969
-0.642139
-0.8271
-1.01406
-0.889705
-0.782752
-0.725809
-0.687736
-0.64683
-0.59339
-0.576035
-0.514112
-0.511944
-0.456182
-0.447526
-0.414961
-0.388818
-0.383418
-0.335794
-0.351014
-0.299717
-0.306244
-0.283891
-0.256428
-0.270378
-0.216022
-0.242854
-0.202306
-0.197398
-0.202949
-0.156961
-0.188662
-0.145948
-0.14865
-0.155337
-0.113394
-0.140831
-0.112538
-0.0975282
-0.117552
-0.0804721
-0.0883593
-0.100435
-0.0591087
-0.088519
-0.0669759
-0.034489
-0.0691737
-0.0296931
-0.0339124
-0.0697285
-0.0320535
-0.0366488
-0.00750302
0.0140281
-0.0181332
-0.0196456
-0.0342703
-0.0283339
-51.3513
-51.3986
-51.4419
-51.4884
-51.5486
-51.6306
-51.7424
-51.8906
-52.0808
-52.3179
-52.6062
-52.95
-53.3544
-53.8233
-54.3613
-54.9712
-55.6556
-56.4151
-57.2482
-58.1509
-59.1162
-60.134
-61.1899
-62.2659
-63.3398
-64.3858
-65.3731
-66.2686
-67.0357
-67.6354
-68.0282
-68.1742
-68.035
-67.5752
-66.7653
-65.5851
-64.0267
-62.0995
-59.8328
-57.2791
-54.5112
-51.6187
-48.7007
-45.8566
-43.1797
-40.7527
-38.6471
-36.9221
-35.6246
-34.7835
-34.399
-34.4312
-34.7919
-35.3487
-35.9412
-36.3931
-36.5313
-36.2004
-35.2803
-33.7114
-31.529
-28.8844
-26.0253
-23.2344
-20.7558
-18.7487
-17.284
-16.3676
-15.9751
-16.08
-16.667
-17.7452
-19.377
-21.6741
-24.6868
-28.2227
-31.7483
-34.4645
-35.5488
-34.5364
-31.6363
-27.6345
-23.4398
-19.6868
-16.6444
-14.33
-12.6579
-11.5336
-10.8902
-10.7243
-11.0655
-11.8028
-12.5878
-12.9533
-12.6064
-11.6738
-10.5787
-9.76206
-9.48103
-9.93433
-11.4485
-14.2897
-18.0562
-21.2638
-22.1008
-20.0134
-16.2148
-12.2608
-9.09156
-6.91905
-5.55921
-4.66518
-3.98366
-3.59429
-3.86394
-5.2654
-8.02313
-11.1267
-12.6165
-12.0606
-10.1132
-7.2615
-4.28188
-2.22355
-1.6152
-2.10465
-3.57265
-5.99967
-7.41911
-6.98621
-4.08527
-1.25315
-0.350922
-1.04551
-2.64242
-4.56126
-3.15932
-0.0672137
0.665252
-1.41655
-2.34986
-1.34851
-0.579497
-0.864463
-1.11906
-0.944479
-0.800215
-0.731372
-0.713233
-0.654299
-0.608648
-0.578831
-0.519316
-0.519447
-0.452802
-0.457917
-0.407401
-0.398858
-0.378217
-0.338765
-0.353854
-0.29327
-0.315304
-0.274702
-0.26348
-0.267069
-0.212474
-0.24941
-0.191348
-0.205664
-0.196318
-0.155965
-0.192787
-0.136474
-0.155016
-0.151207
-0.110064
-0.146649
-0.105334
-0.0970687
-0.122613
-0.0674938
-0.0957846
-0.100073
-0.0516662
-0.104189
-0.0556025
-0.0317277
-0.0714165
-0.0152303
-0.0446362
-0.0789781
-0.0291882
-0.0306671
0.00298503
0.011757
-0.0229757
-0.0262326
-0.0413444
-0.0307312
-50.6644
-50.7251
-50.7757
-50.8265
-50.8878
-50.9686
-51.076
-51.2164
-51.3957
-51.6187
-51.8899
-52.2133
-52.5937
-53.0356
-53.5428
-54.1184
-54.7649
-55.4829
-56.2708
-57.1248
-58.038
-59.0004
-59.9984
-61.0145
-62.0275
-63.0117
-63.9383
-64.7748
-65.486
-66.0352
-66.3845
-66.4964
-66.3354
-65.8696
-65.0733
-63.9301
-62.4356
-60.602
-58.4604
-56.0622
-53.4776
-50.791
-48.0956
-45.4853
-43.0488
-40.867
-39.0112
-37.5419
-36.5056
-35.9262
-35.7945
-36.0596
-36.6167
-37.3287
-38.032
-38.5526
-38.7223
-38.3886
-37.4301
-35.7816
-33.4754
-30.6678
-27.6213
-24.6365
-21.9722
-19.7956
-18.1788
-17.1259
-16.6091
-16.5986
-17.0773
-18.0521
-19.5795
-21.7682
-24.6754
-28.1193
-31.5697
-34.235
-35.3163
-34.367
-31.5822
-27.7079
-23.6231
-19.9589
-16.9959
-14.7633
-13.189
-12.1904
-11.7132
-11.7777
-12.4272
-13.5244
-14.6393
-15.1974
-14.8409
-13.6859
-12.2724
-11.1451
-10.5977
-10.7986
-12.0336
-14.5451
-17.9605
-20.9169
-21.7337
-19.7659
-16.2369
-12.5854
-9.6862
-7.72226
-6.55786
-5.85757
-5.33225
-4.98476
-5.14358
-6.20717
-8.35052
-10.8305
-12.1941
-12.0232
-10.4308
-7.76286
-4.93856
-3.07638
-2.60078
-3.06215
-4.43719
-6.88143
-8.95554
-7.93741
-4.94783
-2.05839
-1.14586
-1.91217
-3.70773
-6.02288
-4.2808
-0.757291
-0.0430222
-2.33424
-3.10964
-1.62623
-0.565332
-0.960551
-1.23584
-1.0005
-0.810627
-0.744662
-0.738687
-0.657872
-0.625884
-0.57613
-0.52933
-0.520063
-0.452581
-0.465276
-0.398585
-0.411621
-0.367127
-0.346626
-0.351781
-0.288116
-0.324916
-0.261893
-0.275681
-0.25788
-0.211596
-0.256133
-0.177171
-0.21843
-0.184855
-0.157483
-0.197429
-0.123726
-0.164192
-0.146126
-0.104459
-0.157163
-0.0933536
-0.0989003
-0.12837
-0.0506512
-0.109641
-0.0922921
-0.0464001
-0.120991
-0.0440951
-0.0345491
-0.0738045
0.00441106
-0.041473
-0.0948091
-0.0443416
-0.0447019
0.0224756
0.0477779
-0.00305411
-0.0294573
-0.0899902
-0.0502676
-49.9674
-50.0419
-50.0998
-50.1548
-50.2176
-50.2953
-50.3973
-50.5293
-50.6964
-50.904
-51.1568
-51.4581
-51.8128
-52.2254
-52.6994
-53.2384
-53.8442
-54.5175
-55.2568
-56.0585
-56.9157
-57.8189
-58.755
-59.7068
-60.6537
-61.5718
-62.4331
-63.206
-63.8571
-64.3515
-64.6531
-64.7277
-64.5423
-64.0687
-63.2845
-62.1772
-60.746
-59.0049
-56.9867
-54.7418
-52.3371
-49.8532
-47.3774
-44.9988
-42.8028
-40.8688
-39.2681
-38.0609
-37.2909
-36.9742
-37.0886
-37.574
-38.3073
-39.151
-39.9407
-40.5083
-40.6935
-40.3489
-39.351
-37.6287
-35.2096
-32.2525
-29.0326
-25.8678
-23.0303
-20.6941
-18.9325
-17.7471
-17.1063
-16.9761
-17.337
-18.1936
-19.5968
-21.6475
-24.4042
-27.7015
-31.0306
-33.6173
-34.6857
-33.8081
-31.1681
-27.4676
-23.5451
-20.019
-17.1756
-15.056
-13.605
-12.7541
-12.464
-12.7839
-13.7751
-15.2717
-16.7527
-17.5284
-17.1547
-15.7526
-13.9657
-12.4604
-11.5783
-11.457
-12.3207
-14.3802
-17.301
-19.876
-20.6643
-18.8522
-15.7538
-12.5817
-10.0969
-8.4738
-7.63378
-7.22669
-6.89977
-6.57056
-6.52544
-7.10469
-8.50457
-10.272
-11.4228
-11.5016
-10.2654
-7.97119
-5.61872
-4.18518
-3.93477
-4.2417
-5.23416
-7.23921
-8.94041
-8.22769
-5.58015
-3.0278
-2.23533
-2.91788
-4.60188
-6.8009
-5.20981
-1.65012
-1.13912
-3.14161
-3.66301
-1.83877
-0.686142
-1.08428
-1.31837
-1.04505
-0.823399
-0.76211
-0.754235
-0.66642
-0.637253
-0.574301
-0.539008
-0.516376
-0.458609
-0.464757
-0.397206
-0.417895
-0.359042
-0.355198
-0.344558
-0.290619
-0.325953
-0.255353
-0.285214
-0.246663
-0.218007
-0.253279
-0.171366
-0.22597
-0.173388
-0.163977
-0.19373
-0.116907
-0.171296
-0.138614
-0.104478
-0.165506
-0.0775124
-0.106987
-0.125717
-0.0348483
-0.129167
-0.0805726
-0.0520992
-0.134254
-0.022149
-0.0365571
-0.071164
0.0168428
-0.0648394
-0.104822
-0.0316843
-0.0258974
0.022891
-4.40144e-05
-0.0281363
-0.0369344
-0.0622862
-0.0424779
-49.2611
-49.3495
-49.4136
-49.4702
-49.5314
-49.6052
-49.7001
-49.8222
-49.9758
-50.167
-50.3999
-50.6778
-51.0054
-51.387
-51.8264
-52.3266
-52.8895
-53.5158
-54.204
-54.9502
-55.7483
-56.589
-57.4595
-58.3433
-59.2214
-60.0697
-60.8619
-61.568
-62.1559
-62.5925
-62.8439
-62.8784
-62.6661
-62.1821
-61.4083
-60.3351
-58.9648
-57.3146
-55.4169
-53.3216
-51.0932
-48.8078
-46.5485
-44.4002
-42.4458
-40.7632
-39.4231
-38.4836
-37.9823
-37.9259
-38.2788
-38.9619
-39.8515
-40.8016
-41.6526
-42.2463
-42.4318
-42.0672
-41.0269
-39.2321
-36.7052
-33.6097
-30.2337
-26.9089
-23.9175
-21.4376
-19.5421
-18.2302
-17.4672
-17.2149
-17.4497
-18.1727
-19.4294
-21.3154
-23.8892
-26.9968
-30.1557
-32.6274
-33.6689
-32.8734
-30.4054
-26.9183
-23.2035
-19.8587
-17.1695
-15.1896
-13.8835
-13.1972
-13.1096
-13.7014
-15.0556
-16.9772
-18.8535
-19.8655
-19.4655
-17.7903
-15.5859
-13.648
-12.3758
-11.8796
-12.313
-13.8436
-16.177
-18.2556
-18.655
-17.3733
-14.8287
-12.2511
-10.2897
-9.13648
-8.75118
-8.74329
-8.63505
-8.27063
-7.91553
-7.90924
-8.51131
-9.53871
-10.3833
-10.5584
-9.67109
-7.92173
-6.27984
-5.46729
-5.49566
-5.54915
-5.89534
-7.10318
-8.3639
-7.88962
-5.92073
-4.16043
-4.11031
-4.05494
-5.19331
-6.78021
-5.68107
-2.73717
-2.36401
-3.41414
-3.54783
-1.89841
-0.945452
-1.18909
-1.29325
-1.03756
-0.84284
-0.781533
-0.755733
-0.669881
-0.63778
-0.573958
-0.54335
-0.511899
-0.463074
-0.460719
-0.398161
-0.41741
-0.354095
-0.359384
-0.337447
-0.293458
-0.323891
-0.250727
-0.290922
-0.236226
-0.225141
-0.249603
-0.167551
-0.231871
-0.162602
-0.170439
-0.19162
-0.106494
-0.180668
-0.127108
-0.106216
-0.178981
-0.0568431
-0.122353
-0.117298
-0.0166007
-0.146891
-0.0617935
-0.0632276
-0.161614
-0.0100594
-0.0364109
-0.0590441
0.0749254
-0.0667216
-0.17167
-0.0862782
-0.0492731
0.118281
0.144339
0.01698
-0.113417
-0.241583
-0.0853019
-48.5491
-48.649
-48.7171
-48.7737
-48.8322
-48.9012
-48.9872
-49.0974
-49.2374
-49.4113
-49.623
-49.8767
-50.1763
-50.526
-50.9292
-51.389
-51.907
-52.484
-53.1184
-53.8063
-54.5421
-55.3166
-56.1174
-56.9295
-57.7343
-58.5093
-59.2289
-59.8649
-60.387
-60.7638
-60.9638
-60.957
-60.7169
-60.2219
-59.4567
-58.4153
-57.1034
-55.5394
-53.7578
-51.8071
-49.75
-47.6594
-45.6148
-43.6981
-41.9902
-40.5672
-39.497
-38.8319
-38.5999
-38.7947
-39.3668
-40.2249
-41.2419
-42.2709
-43.1598
-43.7613
-43.9351
-43.5437
-42.4573
-40.5885
-37.9547
-34.7269
-31.2079
-27.7427
-24.62
-22.0171
-20.0034
-18.5749
-17.6942
-17.3197
-17.4238
-18.0025
-19.0929
-20.7839
-23.1399
-26.0242
-28.979
-31.3042
-32.3034
-31.5925
-29.3153
-26.0718
-22.6017
-19.4744
-16.9686
-15.1512
-14.0069
-13.4954
-13.6148
-14.4823
-16.2075
-18.5667
-20.8537
-22.1066
-21.6713
-19.7023
-17.0536
-14.6487
-12.9539
-12.0547
-12.0338
-13.0085
-14.726
-16.302
-16.6322
-15.55
-13.5616
-11.6164
-10.2457
-9.67167
-9.87357
-10.3695
-10.4781
-9.99031
-9.2186
-8.57325
-8.37813
-8.66261
-9.1166
-9.26846
-8.72338
-7.63623
-6.84293
-6.78661
-7.12014
-6.83912
-6.35915
-6.55862
-7.29971
-7.0265
-5.92073
-5.27411
-5.57626
-5.1162
-5.37769
-5.97885
-5.5233
-3.99849
-3.68189
-3.17693
-2.8181
-1.89234
-1.31183
-1.26807
-1.18443
-1.00709
-0.881901
-0.797519
-0.748007
-0.672766
-0.6324
-0.579312
-0.539508
-0.512824
-0.463284
-0.458127
-0.403557
-0.407174
-0.361726
-0.349553
-0.338746
-0.294214
-0.315935
-0.25782
-0.277075
-0.245512
-0.220912
-0.245164
-0.178434
-0.218108
-0.182922
-0.160381
-0.1884
-0.116197
-0.16176
-0.137993
-0.0988153
-0.172729
-0.0746003
-0.111582
-0.129482
-0.0329714
-0.135433
-0.0691763
-0.045458
-0.137615
-0.0103803
-0.0423693
-0.0882727
0.0173392
-0.0685722
-0.100497
-0.0325488
-0.0368569
-0.00760057
-0.0286286
-0.0479762
-0.0771251
-0.0382288
-0.0272532
)
;

boundaryField
{
    front
    {
        type            empty;
    }
    wall
    {
        type            zeroGradient;
    }
    inlet
    {
        type            zeroGradient;
    }
    back
    {
        type            empty;
    }
    outlet
    {
        type            fixedValue;
        value           uniform 0;
    }
}


// ************************************************************************* //
