/*--------------------------------*- C++ -*----------------------------------*\
| =========                 |                                                 |
| \\      /  F ield         | OpenFOAM: The Open Source CFD Toolbox           |
|  \\    /   O peration     | Version:  2406                                  |
|   \\  /    A nd           | Website:  www.openfoam.com                      |
|    \\/     M anipulation  |                                                 |
\*---------------------------------------------------------------------------*/
FoamFile
{
    version     2.0;
    format      ascii;
    arch        "LSB;label=32;scalar=64";
    class       volScalarField;
    location    "0.578";
    object      p;
}
// * * * * * * * * * * * * * * * * * * * * * * * * * * * * * * * * * * * * * //

dimensions      [0 2 -2 0 0 0 0];

internalField   nonuniform List<scalar> 
80000
(
-0.175378
-0.109736
-0.0695675
-0.0608248
-0.0412269
-0.0377774
-0.018955
-0.00586647
0.00440136
0.0262203
0.0287129
0.0284747
0.0324659
0.0327363
0.0442484
0.0579992
0.0645644
0.0689922
0.0722389
0.0743487
0.0737143
0.0767938
0.0859857
0.0947683
0.0997916
0.101007
0.102744
0.105826
0.107602
0.110239
0.11528
0.121591
0.125857
0.127014
0.128046
0.130037
0.13282
0.136335
0.140074
0.143389
0.145475
0.14695
0.148722
0.150919
0.15335
0.155919
0.158695
0.161021
0.162156
0.163465
0.165781
0.168047
0.169489
0.1708
0.172902
0.174726
0.175756
0.177127
0.179001
0.180624
0.181467
0.182561
0.184157
0.185349
0.186305
0.187221
0.188411
0.189496
0.190145
0.191003
0.192073
0.192774
0.193307
0.19412
0.194718
0.195189
0.195688
0.196213
0.19662
0.196933
0.197286
0.197561
0.197638
0.197892
0.197926
0.197989
0.198032
0.197999
0.197947
0.197835
0.197681
0.197478
0.197225
0.196923
0.196573
0.196178
0.195733
0.195242
0.194708
0.19413
-0.0643171
-0.0633216
-0.0663277
-0.0476001
-0.0249024
-0.0220958
0.00795948
0.0112152
-0.000992213
0.0142716
0.010636
0.0193454
0.0489613
0.0537942
0.0555706
0.0583098
0.0550838
0.0578915
0.0617957
0.0715991
0.0851224
0.0928847
0.0942549
0.0899765
0.090556
0.0956484
0.0992199
0.105167
0.11281
0.119595
0.121388
0.118462
0.118235
0.122026
0.127966
0.133606
0.137113
0.139393
0.140277
0.140862
0.142814
0.146068
0.150225
0.153279
0.155109
0.156887
0.157511
0.158647
0.162006
0.165347
0.166745
0.167648
0.169896
0.171689
0.172662
0.17425
0.176242
0.17816
0.178838
0.179971
0.182094
0.183243
0.184175
0.185253
0.186571
0.187655
0.188466
0.189592
0.190399
0.19132
0.192122
0.192854
0.193607
0.194344
0.194901
0.19536
0.195924
0.196366
0.196789
0.197128
0.197581
0.19768
0.197928
0.198118
0.19812
0.198262
0.198241
0.198219
0.198162
0.198045
0.197899
0.197689
0.19743
0.197131
0.196781
0.196381
0.195931
0.195439
0.194912
0.194333
-0.0561156
-0.0200236
-0.0213194
-0.0134966
-0.00572824
-0.0247182
-0.0035673
-0.00026839
-0.000628812
0.038642
0.0405917
0.0366401
0.048494
0.0352582
0.0368602
0.0518867
0.0613918
0.0771913
0.0802791
0.0792741
0.0813304
0.0770755
0.0807665
0.0883162
0.0974772
0.10802
0.108877
0.108618
0.10969
0.110288
0.113567
0.117538
0.125277
0.131705
0.13172
0.131158
0.132738
0.136131
0.140073
0.142908
0.146525
0.14866
0.149204
0.152043
0.155256
0.156513
0.157766
0.16111
0.164054
0.164649
0.166073
0.168201
0.170657
0.172168
0.172567
0.175423
0.177585
0.177442
0.178915
0.181202
0.182639
0.183286
0.184372
0.186035
0.187061
0.18789
0.188876
0.19
0.190817
0.1917
0.192476
0.193149
0.194088
0.194591
0.195266
0.195793
0.196332
0.196667
0.197069
0.197543
0.197904
0.19799
0.198537
0.198429
0.198635
0.198715
0.198655
0.198664
0.198547
0.198435
0.198279
0.198065
0.197803
0.197497
0.197149
0.196744
0.196297
0.195813
0.195277
0.194682
-0.00803754
0.000403576
-0.026965
-0.0212135
0.00174816
-0.00153734
0.0268656
0.0247592
0.0182157
0.0409148
0.0209767
0.0195535
0.0463927
0.0482579
0.0632332
0.0724051
0.0650516
0.069872
0.0650659
0.0669461
0.0827605
0.0858335
0.0946325
0.10216
0.0984364
0.100662
0.100776
0.10396
0.111326
0.114164
0.120787
0.12499
0.125195
0.127068
0.128323
0.131834
0.135521
0.137207
0.141784
0.145734
0.147025
0.148104
0.149338
0.151798
0.154782
0.157663
0.160747
0.162612
0.16341
0.163613
0.166677
0.170677
0.170683
0.171598
0.174679
0.17646
0.176983
0.177661
0.180532
0.182284
0.182465
0.183783
0.185489
0.186939
0.187363
0.188523
0.18983
0.19042
0.191534
0.192213
0.193084
0.193881
0.19463
0.195125
0.195901
0.196535
0.196876
0.197308
0.197708
0.198178
0.198246
0.198837
0.199046
0.199017
0.199416
0.199269
0.199337
0.199299
0.199171
0.199033
0.198832
0.198628
0.198381
0.198062
0.197705
0.197304
0.196857
0.196363
0.195819
0.195245
-0.0354853
3.08401e-05
0.00482647
0.0208712
0.0283711
0.0037291
0.0198188
0.013181
0.0157136
0.0452081
0.032841
0.0511522
0.0706746
0.0487712
0.0548157
0.0573466
0.0545596
0.0740335
0.0764176
0.0830149
0.0970264
0.087726
0.0885028
0.0952851
0.0925759
0.101794
0.107044
0.109209
0.117814
0.1186
0.120884
0.122754
0.120337
0.125347
0.131006
0.135339
0.14025
0.140289
0.140933
0.144135
0.145818
0.148428
0.152396
0.155117
0.155953
0.157916
0.161602
0.161528
0.162471
0.167238
0.169289
0.17024
0.170799
0.172813
0.176053
0.176148
0.176996
0.179951
0.181832
0.181886
0.182742
0.185346
0.186393
0.187107
0.188265
0.189536
0.190659
0.191117
0.192306
0.193002
0.193943
0.194703
0.195098
0.19607
0.196674
0.19728
0.19758
0.198245
0.198592
0.198872
0.199071
0.199813
0.199507
0.20005
0.200142
0.200032
0.200206
0.200057
0.199997
0.199838
0.199616
0.199404
0.199159
0.198848
0.198475
0.198076
0.197632
0.197125
0.196588
0.196038
0.0184561
0.0366286
0.0107252
-0.00174939
0.00713529
0.00849459
0.0444601
0.0373774
0.0387642
0.0594583
0.0301944
0.0444282
0.056957
0.0371168
0.0653074
0.0761191
0.071503
0.0860188
0.0780821
0.0791261
0.0875368
0.0799048
0.0925393
0.103134
0.0987709
0.11066
0.114128
0.109379
0.115577
0.113747
0.116146
0.125985
0.127115
0.131774
0.135921
0.13383
0.136838
0.140625
0.141652
0.144185
0.147826
0.151986
0.153779
0.154838
0.157625
0.15877
0.160443
0.163009
0.165579
0.169355
0.169445
0.169531
0.172674
0.17527
0.176341
0.176499
0.179346
0.181819
0.181205
0.182618
0.184945
0.186362
0.186869
0.187572
0.189656
0.190486
0.191202
0.192225
0.19306
0.194062
0.194781
0.19546
0.195923
0.197079
0.197411
0.197978
0.198525
0.19908
0.199354
0.199546
0.200176
0.200321
0.200243
0.201046
0.20067
0.200971
0.200958
0.200806
0.20079
0.200655
0.200494
0.200248
0.199957
0.199647
0.199272
0.198869
0.198426
0.197931
0.197387
0.196785
-0.00267231
0.0115384
0.00795619
0.0291459
0.0502204
0.0376881
0.0466469
0.0190633
0.0269709
0.0566155
0.0290199
0.0571095
0.0763813
0.0536681
0.0793283
0.0771156
0.0627511
0.0764736
0.0731033
0.0838764
0.0939506
0.091174
0.10815
0.106554
0.0946854
0.108514
0.109661
0.105839
0.120026
0.120871
0.121022
0.131708
0.129634
0.129194
0.134936
0.134622
0.137693
0.142825
0.145149
0.148079
0.149801
0.151735
0.153528
0.154626
0.158443
0.161138
0.162286
0.165469
0.167283
0.168083
0.168935
0.171815
0.175666
0.175678
0.176574
0.179344
0.18095
0.181686
0.181977
0.185085
0.186845
0.186571
0.188084
0.189441
0.191051
0.191422
0.192327
0.19387
0.194163
0.195356
0.195764
0.196606
0.197432
0.198014
0.198426
0.199089
0.199831
0.200008
0.200403
0.200677
0.201254
0.200876
0.201593
0.201706
0.201468
0.202022
0.201771
0.201817
0.201737
0.201602
0.201473
0.201209
0.200887
0.200556
0.200187
0.199772
0.199316
0.198827
0.198268
0.197613
0.0197456
0.0488037
0.0457554
0.0421187
0.0294537
0.00929402
0.0408606
0.0348033
0.0531421
0.0796699
0.0422762
0.0675688
0.0747445
0.0404186
0.0692141
0.0744325
0.0695869
0.0889189
0.089009
0.0988853
0.0954873
0.0867416
0.103876
0.0986185
0.0957819
0.117483
0.114009
0.110316
0.127137
0.124677
0.119822
0.129342
0.128488
0.129137
0.137475
0.139519
0.142375
0.145535
0.145778
0.148837
0.151212
0.152111
0.154688
0.157957
0.160986
0.162278
0.164155
0.167192
0.166817
0.168637
0.172686
0.173669
0.175555
0.176188
0.178009
0.181613
0.181224
0.182152
0.184903
0.186638
0.186941
0.187444
0.190103
0.19113
0.191728
0.19284
0.193952
0.195268
0.195703
0.196809
0.197273
0.198282
0.199169
0.199187
0.200096
0.200637
0.201226
0.201327
0.201993
0.20235
0.202484
0.202384
0.203369
0.202619
0.203121
0.203271
0.203072
0.203302
0.203106
0.202969
0.202808
0.202565
0.202263
0.201922
0.201556
0.20112
0.200656
0.200169
0.19961
0.198976
0.0374415
0.0379864
0.0197967
0.0265689
0.0422193
0.0447149
0.0819926
0.0557495
0.0438762
0.0626302
0.0320181
0.0639564
0.0759848
0.0545444
0.0910707
0.0877316
0.0755621
0.0902895
0.0882409
0.0937049
0.0864828
0.0890434
0.113121
0.105602
0.108205
0.125155
0.11238
0.112149
0.127182
0.120811
0.120327
0.132812
0.133071
0.134491
0.141562
0.141164
0.141759
0.145403
0.147191
0.149837
0.152691
0.155954
0.158359
0.159524
0.162662
0.163842
0.164229
0.168431
0.169805
0.171593
0.175489
0.174424
0.175731
0.178946
0.180343
0.182119
0.182138
0.184726
0.187344
0.186638
0.188011
0.190012
0.191515
0.192112
0.192646
0.194673
0.195406
0.196171
0.197186
0.197999
0.198981
0.199675
0.200351
0.200549
0.201817
0.202026
0.20245
0.202934
0.203577
0.203899
0.203803
0.204442
0.204736
0.204134
0.205097
0.204528
0.204703
0.204806
0.204586
0.204493
0.204293
0.204116
0.203853
0.203499
0.203131
0.202699
0.202225
0.201707
0.201164
0.200614
0.0183087
0.0427656
0.0459229
0.0607664
0.0700459
0.0430716
0.0545568
0.0331901
0.042133
0.0792215
0.0551112
0.0820906
0.0866657
0.0617281
0.0907669
0.0780998
0.0683999
0.0881305
0.0904221
0.0961276
0.0952807
0.111438
0.122224
0.0975691
0.10813
0.124612
0.10939
0.118337
0.129724
0.12205
0.130885
0.139985
0.133752
0.135155
0.141287
0.142039
0.143904
0.14665
0.150271
0.154408
0.15453
0.156735
0.161061
0.160546
0.162526
0.166387
0.166465
0.170064
0.173052
0.173207
0.1756
0.176078
0.178733
0.182095
0.18148
0.183175
0.185536
0.187092
0.188107
0.187983
0.191137
0.192664
0.192414
0.193871
0.194863
0.196697
0.196918
0.197628
0.199116
0.199463
0.200791
0.200934
0.201631
0.202348
0.20316
0.203297
0.203759
0.204576
0.204789
0.205167
0.205321
0.206173
0.205599
0.20608
0.206554
0.205783
0.206309
0.206063
0.206005
0.205911
0.205644
0.205448
0.205198
0.204857
0.20449
0.20407
0.203563
0.202986
0.202432
0.201919
0.0569163
0.0643847
0.0472033
0.0426692
0.0492305
0.0330414
0.0664703
0.0690408
0.0774901
0.0952707
0.0523123
0.0700343
0.0757742
0.055545
0.0871327
0.0863175
0.0880588
0.0994121
0.0958574
0.098858
0.0944854
0.113016
0.112462
0.0893892
0.119024
0.130905
0.110055
0.127899
0.134737
0.12361
0.134847
0.137074
0.131437
0.140425
0.144346
0.143413
0.149496
0.152091
0.152354
0.156168
0.15657
0.157312
0.162387
0.163278
0.164857
0.16932
0.169125
0.171914
0.174666
0.173146
0.177085
0.179866
0.180283
0.182873
0.182998
0.185472
0.18858
0.188081
0.18938
0.191314
0.193544
0.193906
0.194022
0.196726
0.197392
0.198408
0.199071
0.199928
0.201331
0.201507
0.202823
0.202939
0.203946
0.204877
0.2048
0.205463
0.205921
0.206547
0.206423
0.206963
0.207407
0.207766
0.207105
0.208391
0.207801
0.207771
0.208149
0.207649
0.207796
0.207602
0.207305
0.207015
0.206725
0.206404
0.206014
0.20557
0.205042
0.204464
0.203892
0.203321
0.0418001
0.0462229
0.0456718
0.0557797
0.075043
0.0647097
0.0879227
0.0705454
0.0526414
0.073724
0.054576
0.0821392
0.0917825
0.077228
0.101869
0.0918427
0.0902459
0.0955818
0.0950502
0.0990475
0.0878034
0.109193
0.111703
0.101758
0.138306
0.129396
0.105589
0.135173
0.135172
0.121118
0.136996
0.13741
0.135015
0.147634
0.147619
0.144921
0.152012
0.154198
0.153631
0.157327
0.159731
0.161565
0.165684
0.166027
0.167416
0.172845
0.171645
0.172554
0.177185
0.176161
0.179843
0.18283
0.180905
0.184215
0.186093
0.187451
0.189659
0.188955
0.191906
0.194188
0.194052
0.195219
0.19671
0.198846
0.19897
0.199787
0.201498
0.20211
0.203186
0.203763
0.204762
0.205429
0.206371
0.207114
0.206841
0.208196
0.208459
0.208765
0.208889
0.209497
0.209884
0.209704
0.209776
0.210743
0.209604
0.210604
0.210311
0.209966
0.210119
0.209819
0.209614
0.209298
0.208987
0.208647
0.208183
0.207713
0.207234
0.206726
0.206133
0.205431
0.0557031
0.0674305
0.070571
0.0677937
0.0723405
0.0506383
0.0641644
0.0608467
0.0595962
0.0965664
0.0861722
0.0989446
0.096396
0.0796424
0.0967867
0.0833683
0.0880541
0.0980367
0.105897
0.111449
0.0960707
0.117719
0.11324
0.101513
0.136635
0.11843
0.108293
0.146109
0.13514
0.123694
0.145041
0.144014
0.141749
0.14828
0.14507
0.148545
0.155166
0.153299
0.155339
0.161807
0.163842
0.164343
0.167946
0.169243
0.169178
0.174196
0.17498
0.174985
0.180639
0.180661
0.181951
0.184756
0.183417
0.187743
0.189683
0.18867
0.191412
0.192308
0.194795
0.195705
0.195188
0.198251
0.19947
0.199954
0.200737
0.201643
0.203702
0.203807
0.204689
0.205771
0.206369
0.207651
0.208067
0.208746
0.20904
0.210334
0.210313
0.210629
0.211293
0.211641
0.211878
0.211725
0.212571
0.212419
0.211878
0.213117
0.212178
0.212378
0.212266
0.211987
0.211933
0.211653
0.211329
0.210955
0.210477
0.210025
0.209596
0.209115
0.20848
0.207689
0.0653552
0.0641111
0.0604453
0.0557143
0.0690278
0.062133
0.0812536
0.0903351
0.0838704
0.0983378
0.0719281
0.0777682
0.0891165
0.0850719
0.102253
0.0988226
0.111578
0.109774
0.107873
0.112624
0.104304
0.127971
0.108295
0.0934312
0.132555
0.115632
0.119908
0.154603
0.130543
0.130063
0.152645
0.142387
0.14371
0.151452
0.147457
0.153914
0.158401
0.156019
0.160992
0.16494
0.164731
0.166208
0.169225
0.171802
0.172617
0.1756
0.177555
0.178445
0.183362
0.183172
0.182862
0.187527
0.187997
0.190463
0.191996
0.19118
0.195125
0.196401
0.196835
0.197816
0.198677
0.201931
0.2019
0.202055
0.20421
0.20454
0.206122
0.20618
0.207059
0.208287
0.208449
0.209891
0.209725
0.210717
0.21155
0.211967
0.212053
0.212593
0.213398
0.213275
0.213565
0.213771
0.21467
0.213718
0.214398
0.214738
0.213843
0.214457
0.213934
0.213799
0.213753
0.213477
0.213133
0.212743
0.212332
0.211902
0.21144
0.210897
0.210231
0.209471
0.0566304
0.0643538
0.0741778
0.0744041
0.089212
0.082104
0.0838079
0.0831057
0.0650033
0.0800437
0.0747991
0.0878949
0.103438
0.101103
0.112037
0.108772
0.115857
0.10256
0.106451
0.117093
0.107152
0.134907
0.115461
0.107978
0.143885
0.113157
0.119484
0.151097
0.12446
0.136346
0.155407
0.137858
0.145384
0.156871
0.155029
0.160345
0.158483
0.158813
0.168161
0.166791
0.164321
0.170286
0.17365
0.17435
0.175976
0.178852
0.180728
0.181249
0.184165
0.184891
0.185714
0.19059
0.190808
0.191303
0.194147
0.194844
0.198017
0.198751
0.198559
0.201289
0.202682
0.204115
0.204123
0.205429
0.208031
0.207523
0.20896
0.209697
0.210437
0.211595
0.211614
0.212931
0.212714
0.213903
0.214693
0.214312
0.21504
0.215472
0.215927
0.215649
0.216151
0.21656
0.216853
0.215992
0.217357
0.216446
0.216446
0.216917
0.216162
0.216167
0.215886
0.21556
0.215201
0.214829
0.214478
0.214006
0.21343
0.212801
0.212158
0.211514
0.0757122
0.0783847
0.0815486
0.0717975
0.0789973
0.0754971
0.0732588
0.0862353
0.0807872
0.10038
0.104977
0.101231
0.0999304
0.0932145
0.098645
0.0997547
0.11233
0.104758
0.124101
0.134191
0.107165
0.135495
0.127158
0.129437
0.154453
0.106401
0.118258
0.149859
0.123245
0.141867
0.156761
0.140083
0.15176
0.157796
0.155447
0.163458
0.160919
0.161698
0.17003
0.168034
0.169505
0.176985
0.176985
0.176392
0.180053
0.182779
0.18337
0.184527
0.187024
0.188119
0.190144
0.193184
0.192364
0.193435
0.197347
0.197823
0.199192
0.200445
0.201331
0.204643
0.204966
0.205331
0.20701
0.208604
0.210322
0.20983
0.211577
0.212956
0.213332
0.214553
0.214776
0.215894
0.216294
0.217286
0.217847
0.217544
0.218962
0.218876
0.219038
0.219165
0.219684
0.219952
0.219718
0.219691
0.220687
0.21918
0.220196
0.219967
0.219472
0.219541
0.21903
0.21871
0.218346
0.217981
0.217618
0.217072
0.216413
0.215759
0.215184
0.214636
0.0720273
0.0679246
0.074385
0.0727635
0.0829324
0.0910866
0.0887381
0.106754
0.101797
0.100185
0.0979003
0.0882354
0.0937622
0.100891
0.101699
0.103004
0.123303
0.116313
0.131495
0.134253
0.106146
0.142156
0.12917
0.125194
0.157319
0.120968
0.138363
0.152859
0.119665
0.14732
0.160043
0.143516
0.154793
0.156436
0.156278
0.163993
0.163243
0.167696
0.171474
0.168311
0.175207
0.181594
0.177712
0.178431
0.184313
0.186457
0.185836
0.187947
0.192008
0.192749
0.194061
0.195813
0.195442
0.198544
0.20141
0.200201
0.201602
0.204019
0.205134
0.207158
0.206654
0.207775
0.210672
0.21101
0.212008
0.212455
0.214004
0.21541
0.215405
0.216828
0.217395
0.21823
0.21916
0.21945
0.220091
0.220449
0.22189
0.221497
0.221915
0.222642
0.222859
0.222958
0.222683
0.223401
0.223361
0.222364
0.223754
0.222739
0.222878
0.222818
0.222282
0.222067
0.221739
0.22135
0.220919
0.220345
0.21972
0.219109
0.218541
0.217965
0.0757366
0.0763062
0.0886368
0.0906341
0.0896948
0.0969273
0.0869959
0.0949101
0.0927577
0.0879223
0.101265
0.104236
0.111372
0.12128
0.115211
0.11167
0.125549
0.105837
0.117866
0.130485
0.114887
0.155655
0.130498
0.117159
0.158735
0.137789
0.160794
0.159307
0.118402
0.151677
0.15986
0.145069
0.158298
0.158356
0.160575
0.165634
0.16563
0.174425
0.173851
0.169812
0.178572
0.181366
0.178299
0.183644
0.188039
0.187526
0.188506
0.192207
0.195732
0.195067
0.196378
0.199793
0.200077
0.20317
0.20459
0.2032
0.20673
0.208853
0.20859
0.210201
0.210404
0.212484
0.214634
0.213547
0.215224
0.21654
0.21704
0.218319
0.218171
0.219559
0.22026
0.220777
0.221969
0.221593
0.222636
0.223297
0.223891
0.223666
0.22438
0.225205
0.224977
0.225204
0.225294
0.226119
0.225233
0.225424
0.226148
0.224878
0.225572
0.225162
0.2248
0.224639
0.224294
0.223865
0.223371
0.222844
0.222299
0.221699
0.221038
0.220333
0.0891226
0.0862429
0.0867851
0.0877865
0.0803591
0.0912476
0.0886452
0.0928304
0.103373
0.103073
0.119956
0.121357
0.112628
0.11794
0.112529
0.111242
0.127293
0.105485
0.119705
0.139751
0.121148
0.15764
0.134707
0.127124
0.165788
0.130914
0.153856
0.16699
0.138877
0.164098
0.152801
0.142229
0.168762
0.168001
0.16205
0.163113
0.169575
0.181542
0.175428
0.172513
0.183046
0.182309
0.181462
0.189594
0.190418
0.188736
0.192475
0.195741
0.197113
0.196535
0.198975
0.203696
0.203227
0.205064
0.207356
0.206971
0.211362
0.212277
0.211181
0.214455
0.215415
0.217004
0.218105
0.217135
0.220117
0.221343
0.220871
0.222655
0.222601
0.223656
0.224338
0.224535
0.22582
0.225218
0.22656
0.22694
0.226794
0.227358
0.227838
0.228148
0.227682
0.228114
0.228396
0.228759
0.227756
0.228891
0.228351
0.227655
0.22838
0.227546
0.227421
0.227156
0.226717
0.226226
0.225685
0.225215
0.224708
0.224071
0.223303
0.222481
0.0833359
0.0846438
0.0836799
0.0935589
0.0924481
0.101889
0.106225
0.103368
0.114433
0.107645
0.108015
0.109742
0.103321
0.118492
0.122552
0.117897
0.137594
0.124875
0.135186
0.146174
0.112461
0.146949
0.141161
0.140952
0.170658
0.122504
0.14598
0.171781
0.154266
0.176899
0.157428
0.147206
0.174261
0.171163
0.1636
0.164579
0.173652
0.182047
0.175406
0.179666
0.19006
0.184297
0.185815
0.194898
0.192601
0.192049
0.19791
0.198965
0.19879
0.200451
0.203785
0.206733
0.205005
0.206844
0.210824
0.210558
0.213583
0.214246
0.213678
0.218443
0.218881
0.219262
0.221065
0.22123
0.22433
0.224723
0.224245
0.227065
0.227103
0.227988
0.228904
0.228918
0.230317
0.230032
0.231318
0.231308
0.23107
0.232424
0.232245
0.232264
0.232166
0.232654
0.232782
0.232594
0.232105
0.233321
0.231814
0.23215
0.232274
0.231348
0.231412
0.230937
0.23044
0.22991
0.229334
0.228865
0.228344
0.227683
0.226889
0.226017
0.0880806
0.0956164
0.0958756
0.104346
0.103613
0.101511
0.106399
0.0991923
0.106294
0.105045
0.103234
0.116362
0.116707
0.127793
0.135339
0.125611
0.14237
0.134626
0.133439
0.14402
0.115342
0.148355
0.147703
0.140702
0.170715
0.133674
0.157032
0.171602
0.148868
0.178528
0.170289
0.162894
0.176564
0.167303
0.167456
0.174776
0.179645
0.176162
0.17362
0.189603
0.194979
0.18409
0.189578
0.198891
0.195694
0.197603
0.202972
0.201984
0.203042
0.206923
0.209107
0.209498
0.208419
0.211696
0.215304
0.213703
0.215523
0.21751
0.217653
0.221602
0.221044
0.221055
0.22448
0.224754
0.226602
0.226973
0.227172
0.230309
0.23004
0.230895
0.232286
0.232342
0.233925
0.234109
0.234971
0.235098
0.235348
0.236937
0.236215
0.236529
0.23703
0.23726
0.237257
0.236957
0.237175
0.237718
0.236091
0.237275
0.236538
0.236071
0.236192
0.235558
0.235124
0.234639
0.234071
0.233543
0.23296
0.232291
0.231534
0.230693
0.0931515
0.0985228
0.0957292
0.0970186
0.100809
0.0976811
0.10757
0.10659
0.110747
0.119291
0.118633
0.130671
0.128171
0.123173
0.129971
0.122743
0.136387
0.137479
0.132495
0.153087
0.138139
0.156184
0.148457
0.133839
0.171966
0.153449
0.167638
0.164361
0.140456
0.181323
0.180993
0.171536
0.177607
0.171974
0.178753
0.185065
0.18325
0.173872
0.17775
0.197131
0.192375
0.183095
0.195471
0.201582
0.197253
0.202153
0.206811
0.205361
0.207953
0.211809
0.212535
0.213071
0.214367
0.218248
0.219593
0.21746
0.220302
0.223135
0.222698
0.224991
0.224698
0.225288
0.229106
0.228248
0.228925
0.230362
0.230718
0.233129
0.232716
0.233475
0.235057
0.23496
0.23656
0.23699
0.237314
0.23798
0.238474
0.239591
0.238891
0.239805
0.240589
0.240387
0.240481
0.240429
0.241019
0.240737
0.239848
0.241167
0.239776
0.240007
0.239927
0.239301
0.239005
0.238583
0.238052
0.237461
0.236803
0.236124
0.235399
0.234615
0.0908971
0.0949262
0.0986604
0.0991028
0.109531
0.109668
0.116735
0.121199
0.119214
0.126558
0.12077
0.121963
0.122723
0.119136
0.132648
0.130628
0.135473
0.143479
0.13971
0.163132
0.155556
0.156519
0.15199
0.137538
0.169847
0.158818
0.168062
0.168426
0.149078
0.181102
0.17788
0.174875
0.186373
0.182028
0.185107
0.19004
0.189594
0.180164
0.186858
0.200323
0.188545
0.188196
0.204492
0.201489
0.196902
0.206315
0.209938
0.20824
0.211531
0.214034
0.214694
0.217194
0.219839
0.222662
0.222713
0.222232
0.226886
0.228659
0.227119
0.229397
0.23035
0.23128
0.234263
0.232682
0.233482
0.236039
0.235589
0.237108
0.237232
0.237698
0.239137
0.238754
0.240095
0.240566
0.240441
0.241583
0.241666
0.242081
0.241925
0.242922
0.243318
0.242798
0.243185
0.243374
0.243848
0.24307
0.243196
0.243788
0.242265
0.242982
0.242434
0.24194
0.241706
0.241268
0.240745
0.240106
0.239404
0.238711
0.237997
0.237235
0.100233
0.101775
0.109831
0.109135
0.114366
0.115362
0.113635
0.11969
0.116053
0.121891
0.122042
0.12227
0.131616
0.130772
0.141023
0.141807
0.140549
0.151612
0.142887
0.15374
0.152337
0.154175
0.169426
0.157991
0.166941
0.153468
0.163405
0.181723
0.170073
0.178456
0.16792
0.176547
0.196952
0.189936
0.183604
0.190307
0.198178
0.191131
0.196495
0.200647
0.189658
0.20123
0.213233
0.200078
0.199408
0.212363
0.212924
0.210973
0.214866
0.216546
0.218079
0.221107
0.222777
0.224472
0.225297
0.226837
0.231554
0.231569
0.230377
0.234368
0.235837
0.236175
0.23852
0.237749
0.239579
0.242273
0.240683
0.242192
0.243371
0.243453
0.244829
0.244322
0.24527
0.245889
0.245639
0.247038
0.246473
0.24658
0.247174
0.247547
0.247384
0.246863
0.247415
0.247496
0.247508
0.246714
0.247504
0.246993
0.246012
0.246732
0.245661
0.245346
0.245004
0.244475
0.243914
0.243211
0.242475
0.241749
0.241027
0.240276
0.106625
0.105157
0.108385
0.108814
0.108459
0.114233
0.113209
0.120801
0.12241
0.126144
0.134562
0.135364
0.144746
0.142119
0.140908
0.143293
0.139316
0.150574
0.144188
0.14857
0.155947
0.15684
0.178323
0.169907
0.169215
0.165209
0.168919
0.18424
0.176736
0.178185
0.173734
0.183659
0.195456
0.189013
0.185053
0.19632
0.204629
0.194996
0.202757
0.203402
0.195189
0.213635
0.216644
0.201261
0.209143
0.220088
0.215179
0.214682
0.22052
0.221831
0.223075
0.22486
0.225456
0.227511
0.229144
0.23092
0.233985
0.233334
0.233884
0.23905
0.239319
0.239015
0.241915
0.242205
0.244439
0.246527
0.24469
0.247058
0.248868
0.248452
0.25025
0.249999
0.250733
0.25172
0.251503
0.25296
0.252224
0.2526
0.253667
0.253201
0.253114
0.253042
0.253474
0.253249
0.25288
0.252469
0.253326
0.251966
0.251913
0.252119
0.250861
0.250779
0.250232
0.249616
0.249028
0.248282
0.247521
0.246766
0.246013
0.245235
0.104349
0.10638
0.10796
0.113419
0.114076
0.121327
0.123814
0.127714
0.13344
0.133369
0.139814
0.137431
0.138937
0.140789
0.140077
0.149276
0.146871
0.152192
0.151623
0.153176
0.165459
0.160755
0.17455
0.170784
0.172185
0.182672
0.177054
0.181854
0.179329
0.183536
0.187613
0.189522
0.188507
0.191871
0.195623
0.202795
0.20438
0.194995
0.210448
0.208168
0.199078
0.218795
0.215251
0.206367
0.221813
0.224715
0.216671
0.221473
0.228276
0.227977
0.228141
0.229647
0.230849
0.233939
0.234887
0.235588
0.23752
0.237421
0.239351
0.243399
0.241949
0.241963
0.245862
0.245912
0.247544
0.24919
0.248016
0.251174
0.252658
0.251747
0.254157
0.254154
0.254827
0.256313
0.256143
0.257524
0.257063
0.257838
0.258921
0.257974
0.258638
0.259052
0.259126
0.258832
0.258506
0.258631
0.25912
0.25756
0.258354
0.25776
0.256822
0.256924
0.256206
0.255614
0.255045
0.254317
0.25357
0.252792
0.251976
0.251119
0.10889
0.114659
0.116671
0.122681
0.124256
0.125918
0.128289
0.127126
0.131708
0.131249
0.134824
0.137478
0.139356
0.147058
0.148119
0.155211
0.156538
0.159672
0.166867
0.163654
0.166548
0.156544
0.164826
0.174031
0.179578
0.193219
0.177784
0.179528
0.189142
0.19313
0.198501
0.191609
0.186549
0.20203
0.207151
0.205315
0.20362
0.198729
0.220173
0.212981
0.201801
0.221362
0.214071
0.213308
0.230432
0.224165
0.218829
0.230031
0.234339
0.232014
0.232905
0.235638
0.238238
0.240798
0.240665
0.241257
0.243916
0.244139
0.246078
0.24817
0.246353
0.247807
0.251665
0.250356
0.251331
0.253269
0.252657
0.255566
0.256025
0.254934
0.257846
0.257748
0.258219
0.259877
0.259458
0.260751
0.2608
0.261596
0.262335
0.261406
0.262784
0.263201
0.262831
0.262856
0.26283
0.263208
0.263134
0.262007
0.263212
0.261923
0.261643
0.261666
0.260849
0.260351
0.259791
0.259115
0.258406
0.257626
0.25678
0.255857
0.11399
0.118171
0.119561
0.121607
0.124248
0.124191
0.128675
0.129595
0.133474
0.135476
0.137517
0.144216
0.147994
0.155756
0.157445
0.159212
0.161519
0.161323
0.168481
0.166925
0.169893
0.167956
0.169928
0.176564
0.176533
0.190219
0.183318
0.188775
0.19997
0.192407
0.200086
0.198787
0.196211
0.212901
0.207652
0.204387
0.211177
0.209185
0.227078
0.215655
0.208444
0.22877
0.216291
0.219927
0.234557
0.222546
0.224134
0.237245
0.236207
0.233882
0.238077
0.241516
0.244037
0.244865
0.244961
0.247443
0.250824
0.250677
0.252071
0.253723
0.252909
0.255885
0.2585
0.256242
0.257614
0.259948
0.259086
0.261214
0.261132
0.260416
0.263315
0.262734
0.262942
0.264478
0.263652
0.264817
0.265126
0.265399
0.265813
0.265268
0.266729
0.266648
0.266
0.266475
0.266563
0.266758
0.266184
0.265694
0.266624
0.264955
0.265327
0.264969
0.264138
0.263704
0.2631
0.262442
0.261735
0.260945
0.260082
0.259119
0.114156
0.116637
0.120379
0.121895
0.127077
0.129594
0.134816
0.138733
0.141587
0.146454
0.147727
0.151955
0.151583
0.15267
0.154705
0.157092
0.16412
0.165648
0.17036
0.170988
0.175571
0.182349
0.181739
0.182717
0.177791
0.186686
0.188521
0.195622
0.203611
0.190999
0.20334
0.208841
0.204256
0.216877
0.205049
0.20921
0.22467
0.215713
0.227145
0.219008
0.221475
0.239209
0.219892
0.226925
0.238946
0.225216
0.232737
0.241904
0.236026
0.2374
0.244201
0.246265
0.246958
0.247378
0.248833
0.253273
0.255537
0.254967
0.256887
0.259333
0.259472
0.262648
0.263905
0.26211
0.265031
0.267259
0.26582
0.267697
0.26801
0.267918
0.27049
0.269484
0.269664
0.271124
0.270162
0.271318
0.271636
0.271225
0.271584
0.271376
0.272192
0.271621
0.271081
0.271825
0.271611
0.271384
0.270661
0.270687
0.270837
0.269225
0.269901
0.268967
0.268229
0.267762
0.267048
0.266357
0.265607
0.264766
0.263845
0.26283
0.118982
0.121257
0.126354
0.129349
0.134013
0.138292
0.140582
0.144482
0.144981
0.148611
0.1494
0.151123
0.152816
0.154111
0.159473
0.161414
0.165818
0.167394
0.172512
0.180101
0.185711
0.190879
0.185198
0.185151
0.185895
0.193177
0.196652
0.197729
0.200949
0.193732
0.211035
0.216036
0.206594
0.218024
0.208718
0.218804
0.234195
0.215241
0.226648
0.226044
0.233091
0.245142
0.222787
0.236572
0.245969
0.232219
0.242916
0.245963
0.2387
0.245168
0.250874
0.250205
0.250156
0.251717
0.254462
0.258324
0.258396
0.257972
0.261542
0.264022
0.264122
0.266649
0.267458
0.267038
0.271141
0.272577
0.271109
0.273725
0.274708
0.274821
0.277011
0.276177
0.276737
0.278324
0.277523
0.27875
0.279063
0.278418
0.279253
0.279217
0.279209
0.278657
0.278482
0.279145
0.278482
0.277976
0.277489
0.277764
0.277116
0.276031
0.276606
0.275195
0.274668
0.27408
0.273248
0.27251
0.271701
0.270806
0.269833
0.268775
0.125712
0.128205
0.130705
0.133671
0.134764
0.138082
0.13925
0.143379
0.146618
0.149971
0.153323
0.154792
0.159261
0.16187
0.167215
0.169996
0.172635
0.175235
0.176198
0.180509
0.182212
0.188061
0.190498
0.196057
0.199084
0.197677
0.199185
0.199992
0.205916
0.205239
0.216646
0.214783
0.207528
0.224506
0.218953
0.226576
0.235398
0.21493
0.232825
0.235139
0.236374
0.245085
0.227097
0.247564
0.251795
0.238352
0.252861
0.251079
0.245745
0.25516
0.257024
0.254739
0.256619
0.259088
0.261828
0.263298
0.262092
0.263024
0.267499
0.268409
0.267853
0.270314
0.271307
0.27194
0.275785
0.275969
0.275071
0.278625
0.279587
0.279437
0.281582
0.281331
0.282279
0.283984
0.283483
0.28474
0.28514
0.28463
0.286045
0.286073
0.285713
0.285916
0.286084
0.286414
0.285617
0.285227
0.285113
0.28529
0.284167
0.283871
0.284029
0.282528
0.282315
0.281591
0.280732
0.27999
0.279145
0.278208
0.277199
0.276139
0.126168
0.12964
0.131418
0.134862
0.136714
0.139783
0.14288
0.146049
0.150788
0.153943
0.15951
0.163859
0.169256
0.171837
0.172302
0.173287
0.174414
0.179104
0.180734
0.183011
0.183331
0.18744
0.194807
0.20143
0.205365
0.202141
0.205849
0.208534
0.212848
0.213598
0.217191
0.215344
0.216195
0.234011
0.225421
0.22851
0.23565
0.222701
0.244867
0.241167
0.234409
0.246249
0.235814
0.255797
0.25248
0.241655
0.261337
0.256035
0.253548
0.263633
0.261706
0.260813
0.265279
0.267435
0.269043
0.269174
0.268628
0.271544
0.275075
0.273931
0.273517
0.276675
0.277444
0.277931
0.280606
0.279923
0.279888
0.283596
0.283632
0.283185
0.285604
0.285742
0.286625
0.288188
0.287775
0.28895
0.289574
0.289315
0.290927
0.29073
0.290367
0.291429
0.29158
0.291559
0.291116
0.291132
0.291333
0.291177
0.289971
0.290356
0.289919
0.288733
0.288759
0.28789
0.28709
0.286375
0.285516
0.284563
0.283543
0.282495
0.128141
0.13217
0.135639
0.139254
0.143364
0.146682
0.151115
0.153873
0.157568
0.159932
0.162943
0.166066
0.168544
0.17179
0.174166
0.17896
0.182063
0.18474
0.185147
0.186212
0.190015
0.194797
0.20128
0.202895
0.204487
0.20547
0.212805
0.217235
0.217941
0.219263
0.219621
0.221925
0.227516
0.237693
0.22674
0.231354
0.241665
0.234659
0.253893
0.24328
0.236662
0.255078
0.246699
0.259506
0.251132
0.246306
0.268398
0.258869
0.258941
0.269086
0.265265
0.267733
0.272969
0.273728
0.274888
0.275751
0.276968
0.28085
0.282409
0.280475
0.281765
0.285447
0.285245
0.285196
0.287134
0.286438
0.287281
0.290359
0.289215
0.288857
0.291542
0.291404
0.29177
0.293081
0.292522
0.293423
0.294169
0.293942
0.29532
0.29484
0.294602
0.295996
0.295563
0.295272
0.295354
0.295567
0.295778
0.295281
0.294329
0.295021
0.293946
0.293262
0.293279
0.292279
0.29156
0.290824
0.289925
0.288958
0.28795
0.28692
0.134118
0.137922
0.142316
0.145581
0.149399
0.151878
0.154582
0.156704
0.15891
0.161891
0.164439
0.167908
0.170258
0.173966
0.177688
0.182459
0.186862
0.19048
0.194583
0.197396
0.200339
0.20057
0.201634
0.202629
0.207056
0.213576
0.218795
0.220054
0.219516
0.224605
0.227134
0.231202
0.234977
0.236039
0.229826
0.239613
0.249313
0.24246
0.256367
0.246327
0.246767
0.267422
0.254327
0.2619
0.255509
0.256402
0.274893
0.260212
0.263839
0.273705
0.269005
0.274091
0.278131
0.277619
0.279788
0.281794
0.284207
0.287635
0.28765
0.286766
0.290373
0.293637
0.292412
0.292835
0.295196
0.294962
0.296301
0.298571
0.296951
0.297258
0.299884
0.299049
0.299029
0.300303
0.299584
0.300233
0.300963
0.300442
0.30135
0.300722
0.30062
0.301841
0.300731
0.300408
0.30082
0.300698
0.300535
0.299746
0.299151
0.299703
0.298132
0.29795
0.297665
0.296573
0.295908
0.295089
0.294138
0.293144
0.29211
0.291052
0.137841
0.140596
0.143946
0.14687
0.150154
0.153679
0.156856
0.160457
0.163134
0.166192
0.168379
0.171515
0.175343
0.180111
0.185
0.188372
0.191402
0.1942
0.198807
0.202609
0.205263
0.205988
0.207077
0.210103
0.214569
0.219108
0.219877
0.221141
0.225112
0.232603
0.234564
0.23607
0.237735
0.237273
0.239849
0.250192
0.252294
0.244948
0.257122
0.253
0.258792
0.274556
0.257523
0.267514
0.267479
0.269074
0.280475
0.263641
0.272556
0.28022
0.273687
0.280072
0.28229
0.281667
0.28515
0.287098
0.289403
0.291853
0.291547
0.29267
0.29738
0.299169
0.297765
0.299812
0.30284
0.302796
0.304293
0.306088
0.30487
0.306234
0.308646
0.307283
0.307525
0.309161
0.308437
0.309042
0.309771
0.308913
0.309564
0.30912
0.309035
0.309791
0.308345
0.308327
0.308818
0.308089
0.307583
0.306758
0.306435
0.306488
0.304693
0.304865
0.304086
0.302989
0.302329
0.301385
0.30038
0.29936
0.298281
0.297164
0.139641
0.142843
0.146008
0.149532
0.152786
0.156814
0.160582
0.165057
0.169265
0.173411
0.177166
0.180368
0.183408
0.185469
0.187655
0.189666
0.193221
0.197581
0.202317
0.205715
0.208046
0.210965
0.214735
0.219457
0.22231
0.223594
0.223396
0.227058
0.233167
0.23756
0.237542
0.239082
0.242937
0.24534
0.251627
0.255918
0.251547
0.249409
0.262231
0.26091
0.265761
0.274176
0.260073
0.276618
0.28025
0.277829
0.284798
0.271662
0.285332
0.288396
0.279662
0.287509
0.288171
0.288283
0.292079
0.292864
0.294644
0.296484
0.296572
0.299137
0.303046
0.302957
0.302376
0.306086
0.308724
0.308182
0.309882
0.311734
0.311296
0.313472
0.315564
0.314269
0.315353
0.31736
0.316666
0.317476
0.318322
0.317384
0.318205
0.318191
0.318105
0.318544
0.317269
0.317636
0.317984
0.316818
0.316377
0.315846
0.315691
0.315218
0.313578
0.31391
0.312641
0.311674
0.310973
0.309898
0.308843
0.3078
0.306696
0.305542
0.143461
0.147354
0.150968
0.155052
0.158962
0.163039
0.166934
0.170568
0.174151
0.177341
0.180931
0.183944
0.187181
0.18976
0.192467
0.195089
0.198127
0.20128
0.204129
0.207839
0.212331
0.218061
0.2225
0.225545
0.226497
0.227718
0.230714
0.235946
0.239959
0.240097
0.24103
0.245505
0.251119
0.253882
0.258193
0.257813
0.254988
0.260441
0.270085
0.266196
0.268425
0.273203
0.266355
0.28546
0.286235
0.280578
0.289309
0.282833
0.29737
0.295257
0.286901
0.297403
0.296603
0.297182
0.300375
0.300102
0.302091
0.30372
0.304074
0.30683
0.308924
0.307703
0.308508
0.312684
0.313748
0.312668
0.314859
0.316799
0.316784
0.319147
0.320666
0.319683
0.321612
0.323604
0.322777
0.323873
0.324884
0.324103
0.325358
0.325709
0.325532
0.326011
0.325341
0.325955
0.326029
0.324802
0.324775
0.324596
0.32441
0.323597
0.322457
0.322783
0.321239
0.320562
0.319807
0.318663
0.3176
0.316536
0.315398
0.314194
0.149392
0.153235
0.156738
0.159942
0.163191
0.166133
0.169439
0.172582
0.176453
0.180136
0.183966
0.187379
0.19064
0.194159
0.197743
0.201743
0.204979
0.208029
0.210502
0.214071
0.218146
0.222157
0.22502
0.227326
0.230454
0.234616
0.239655
0.242868
0.243755
0.243962
0.248524
0.254477
0.25783
0.258705
0.261266
0.262023
0.264837
0.273203
0.27567
0.270148
0.273531
0.278144
0.276154
0.290611
0.286043
0.28226
0.295643
0.292764
0.304017
0.299192
0.29506
0.308043
0.305131
0.305974
0.308868
0.308548
0.311384
0.312698
0.313133
0.315581
0.316267
0.315209
0.317418
0.320752
0.319986
0.319151
0.322016
0.323459
0.323131
0.325159
0.326023
0.325236
0.327428
0.328866
0.327878
0.32924
0.330251
0.329601
0.331148
0.331514
0.331101
0.331744
0.331602
0.332124
0.331985
0.331057
0.331472
0.331423
0.330983
0.330053
0.329488
0.32958
0.327993
0.327636
0.326801
0.325681
0.324666
0.323589
0.322407
0.321133
0.152175
0.155706
0.159471
0.162836
0.16648
0.169798
0.173106
0.176326
0.179606
0.183326
0.186984
0.191357
0.195745
0.20058
0.204839
0.208661
0.211605
0.214226
0.217062
0.220138
0.223199
0.225543
0.228189
0.231582
0.236453
0.241181
0.244874
0.246387
0.247929
0.251795
0.257852
0.2612
0.261113
0.262368
0.266268
0.270332
0.275664
0.28107
0.278508
0.27706
0.284327
0.287673
0.285997
0.293371
0.287064
0.288711
0.303292
0.298564
0.305758
0.302359
0.303744
0.316594
0.310771
0.312897
0.316555
0.316945
0.320397
0.321118
0.321951
0.324512
0.324858
0.324911
0.327966
0.32989
0.328252
0.328607
0.331825
0.332185
0.331366
0.333109
0.333502
0.332878
0.334877
0.335464
0.334368
0.335938
0.336699
0.335966
0.337422
0.337409
0.336718
0.337519
0.337484
0.337501
0.337209
0.336661
0.337209
0.336977
0.336226
0.335389
0.335223
0.334849
0.333363
0.33318
0.332184
0.331106
0.330126
0.329019
0.327788
0.326455
0.154876
0.158668
0.162449
0.166311
0.170103
0.174224
0.178115
0.182215
0.185977
0.189804
0.193425
0.197181
0.200992
0.204684
0.208366
0.211958
0.215839
0.219604
0.223365
0.226324
0.228762
0.231028
0.234367
0.238532
0.242826
0.246108
0.248331
0.250648
0.254609
0.260172
0.263921
0.264461
0.264874
0.269268
0.27451
0.278564
0.282029
0.283819
0.282675
0.287862
0.296235
0.295936
0.294127
0.298189
0.294726
0.300505
0.310457
0.301976
0.307817
0.308212
0.312369
0.321901
0.313962
0.318875
0.323463
0.324089
0.327545
0.327818
0.329634
0.33262
0.333188
0.334474
0.33765
0.338359
0.337209
0.339253
0.342233
0.341493
0.340885
0.342935
0.343197
0.342799
0.344568
0.34452
0.343503
0.345119
0.345437
0.344551
0.345732
0.345252
0.344424
0.345344
0.3451
0.344532
0.344198
0.34382
0.344034
0.343394
0.342401
0.341792
0.341744
0.34082
0.339548
0.339334
0.338105
0.337029
0.336002
0.334817
0.333531
0.332154
0.158812
0.163011
0.167197
0.171672
0.175993
0.180223
0.18421
0.187891
0.191431
0.194801
0.198287
0.201625
0.204992
0.20823
0.211855
0.215735
0.219992
0.224118
0.22795
0.231425
0.234959
0.238823
0.242724
0.246126
0.248529
0.250692
0.25328
0.257296
0.262039
0.265964
0.267355
0.26854
0.272529
0.278495
0.282013
0.283489
0.285292
0.287057
0.29039
0.298393
0.303197
0.30049
0.301891
0.306951
0.307025
0.312973
0.316155
0.307468
0.315195
0.317883
0.320539
0.325693
0.318253
0.326329
0.330463
0.330057
0.333249
0.333558
0.336547
0.339503
0.340083
0.342167
0.345008
0.345184
0.345369
0.348692
0.350942
0.349779
0.350304
0.353007
0.35325
0.353183
0.354919
0.354693
0.354102
0.355729
0.355634
0.354769
0.355842
0.355175
0.354489
0.355453
0.354889
0.354014
0.353927
0.353554
0.353218
0.352256
0.351211
0.350802
0.350572
0.349169
0.348186
0.347759
0.346323
0.345248
0.344125
0.342843
0.34151
0.340101
0.164137
0.168012
0.17186
0.175749
0.17976
0.18372
0.187764
0.191636
0.19552
0.19931
0.203039
0.206454
0.209735
0.213044
0.216669
0.220638
0.224748
0.228907
0.232892
0.237064
0.241366
0.245579
0.248975
0.251667
0.254053
0.25709
0.260902
0.265057
0.268423
0.270404
0.272244
0.276197
0.281968
0.285929
0.286763
0.287624
0.290536
0.29418
0.29936
0.304785
0.305314
0.304495
0.310818
0.316693
0.317739
0.321813
0.321475
0.317377
0.327333
0.328897
0.328397
0.331198
0.326606
0.33626
0.33806
0.336197
0.339645
0.340256
0.343807
0.345846
0.346145
0.348639
0.350972
0.351182
0.352733
0.356326
0.357493
0.356679
0.358696
0.361656
0.361643
0.361965
0.363885
0.363831
0.363885
0.36565
0.365408
0.364845
0.366052
0.365536
0.365232
0.366215
0.365378
0.364557
0.364887
0.364498
0.363793
0.362893
0.362046
0.361766
0.361176
0.359506
0.35884
0.358104
0.356587
0.355568
0.354362
0.353004
0.351629
0.350185
0.167631
0.171587
0.175554
0.179403
0.183275
0.187175
0.191225
0.195303
0.199418
0.203589
0.207699
0.211768
0.215744
0.21974
0.223562
0.227234
0.230657
0.23424
0.238036
0.242138
0.246226
0.249981
0.253347
0.256753
0.260598
0.264763
0.268742
0.271873
0.274166
0.276425
0.280204
0.285359
0.289506
0.290787
0.291561
0.294685
0.299319
0.303193
0.306636
0.308338
0.308154
0.311696
0.319967
0.323484
0.323809
0.327315
0.327969
0.329739
0.339152
0.337715
0.336233
0.339916
0.338601
0.347225
0.346023
0.343966
0.348568
0.349254
0.352421
0.353126
0.353382
0.356146
0.357843
0.358179
0.360412
0.363293
0.363419
0.363342
0.366337
0.368715
0.368202
0.368981
0.371129
0.371276
0.37186
0.373694
0.373523
0.373462
0.374874
0.374586
0.374645
0.375623
0.374759
0.374266
0.374923
0.374389
0.373597
0.373113
0.372587
0.372366
0.371478
0.369863
0.369514
0.368476
0.367035
0.366099
0.364839
0.363443
0.36203
0.360538
0.171247
0.175316
0.179397
0.183429
0.187428
0.191547
0.195774
0.200138
0.204487
0.208904
0.213261
0.217642
0.221882
0.225929
0.229656
0.233096
0.236444
0.239932
0.243639
0.247371
0.250972
0.254455
0.258296
0.262641
0.26724
0.271415
0.274873
0.277727
0.280711
0.28445
0.288973
0.292827
0.294773
0.29601
0.29933
0.304556
0.308801
0.311035
0.312519
0.313455
0.315652
0.321707
0.327246
0.327195
0.328011
0.332852
0.335766
0.340526
0.346681
0.34356
0.344577
0.35046
0.350816
0.356829
0.35406
0.353807
0.359776
0.359903
0.36229
0.362204
0.363052
0.365998
0.366948
0.367322
0.369511
0.371188
0.370704
0.371463
0.374535
0.375703
0.374818
0.376099
0.378223
0.378297
0.37907
0.380707
0.380503
0.380832
0.382333
0.382139
0.382325
0.383162
0.382417
0.382371
0.383154
0.382372
0.381644
0.381622
0.381273
0.380969
0.379923
0.378618
0.37851
0.377214
0.37595
0.375065
0.373755
0.372347
0.37091
0.36937
0.175396
0.179892
0.184319
0.188741
0.193027
0.19729
0.201476
0.20564
0.209751
0.21383
0.217983
0.22221
0.226454
0.230576
0.234617
0.238523
0.242425
0.246224
0.249883
0.253355
0.256839
0.260562
0.26478
0.269148
0.27321
0.27675
0.280069
0.283665
0.287837
0.292229
0.295982
0.298443
0.300379
0.303817
0.30913
0.313915
0.316268
0.317608
0.319557
0.322327
0.326539
0.331401
0.332688
0.331598
0.334838
0.34066
0.3438
0.347935
0.350697
0.348871
0.35378
0.360245
0.360255
0.364103
0.362219
0.36476
0.371117
0.370176
0.372241
0.372466
0.374348
0.377246
0.377511
0.378109
0.380099
0.380859
0.380415
0.3819
0.38439
0.384336
0.383556
0.385341
0.38703
0.386684
0.387351
0.388591
0.388211
0.388644
0.389935
0.389609
0.389703
0.390285
0.389617
0.389809
0.390469
0.389482
0.388921
0.389144
0.388652
0.388108
0.386989
0.38603
0.385933
0.384399
0.383338
0.382424
0.381042
0.379617
0.37815
0.376572
0.180161
0.184684
0.189146
0.19354
0.197867
0.202098
0.206281
0.210363
0.214418
0.218439
0.222554
0.226713
0.230923
0.235151
0.239475
0.243855
0.24823
0.252421
0.256377
0.260195
0.264019
0.267954
0.271865
0.275501
0.278815
0.282207
0.285983
0.290252
0.294614
0.298511
0.301539
0.304295
0.307963
0.313012
0.317799
0.320627
0.322235
0.324859
0.328773
0.333009
0.336959
0.339181
0.338817
0.340043
0.345525
0.350022
0.351346
0.353798
0.355325
0.356481
0.363435
0.367791
0.366857
0.370283
0.370727
0.375218
0.380456
0.378612
0.381293
0.382613
0.385342
0.387911
0.387847
0.389144
0.391202
0.391738
0.391942
0.393946
0.395644
0.394942
0.394787
0.396916
0.397912
0.397124
0.397699
0.398583
0.398057
0.398459
0.399351
0.398745
0.398653
0.398999
0.398361
0.398489
0.398739
0.397582
0.39721
0.397412
0.396542
0.395719
0.394614
0.393867
0.393517
0.391766
0.390855
0.389802
0.388324
0.386866
0.38535
0.383727
0.18416
0.188605
0.193106
0.197565
0.202015
0.206434
0.210823
0.215091
0.219287
0.223456
0.227636
0.231863
0.236131
0.240502
0.244962
0.249515
0.254023
0.258427
0.262682
0.266889
0.270967
0.274889
0.278495
0.281854
0.285261
0.289057
0.293143
0.297234
0.301008
0.304399
0.307733
0.311676
0.31644
0.320996
0.324047
0.326032
0.328952
0.333542
0.338406
0.342271
0.344922
0.346205
0.34764
0.351969
0.357334
0.359032
0.359056
0.361291
0.363527
0.366855
0.372744
0.373903
0.373174
0.377547
0.379776
0.384294
0.38754
0.385755
0.389717
0.392009
0.394851
0.396943
0.397074
0.399416
0.401663
0.402437
0.403495
0.405768
0.406838
0.406255
0.407076
0.409291
0.40961
0.408783
0.409586
0.410342
0.409845
0.410281
0.410844
0.410034
0.40987
0.410115
0.409505
0.409436
0.409238
0.407975
0.407691
0.407657
0.406382
0.405399
0.404404
0.403728
0.402982
0.401098
0.400259
0.398986
0.397413
0.395916
0.394339
0.392659
0.188169
0.192675
0.197187
0.201724
0.206272
0.210886
0.215499
0.220082
0.22461
0.229113
0.233534
0.237939
0.242284
0.246609
0.250912
0.255226
0.259551
0.263923
0.268346
0.272738
0.276991
0.281032
0.284908
0.288754
0.29278
0.296899
0.300852
0.304446
0.307848
0.311374
0.315391
0.319846
0.324126
0.327347
0.329704
0.332695
0.337299
0.342385
0.346385
0.349182
0.351549
0.3542
0.358354
0.363742
0.367014
0.367034
0.368125
0.371691
0.374783
0.37822
0.381465
0.380829
0.381896
0.387152
0.389456
0.392591
0.394202
0.393557
0.398636
0.400999
0.403213
0.40493
0.405626
0.408859
0.411
0.412021
0.413707
0.41597
0.416742
0.416827
0.418602
0.420693
0.420618
0.420278
0.421633
0.422449
0.422121
0.422694
0.423128
0.422381
0.422371
0.422679
0.422126
0.42189
0.421477
0.420341
0.420094
0.419734
0.418214
0.41727
0.416429
0.415703
0.414573
0.412706
0.411898
0.410398
0.408772
0.407245
0.405603
0.403858
0.192485
0.197169
0.201844
0.206547
0.211243
0.215989
0.220746
0.225483
0.230191
0.234842
0.239404
0.243861
0.24823
0.252482
0.256701
0.260916
0.265197
0.269541
0.273967
0.278379
0.282748
0.287078
0.291473
0.295946
0.30039
0.30457
0.308371
0.311926
0.31556
0.31951
0.323717
0.327725
0.331056
0.333827
0.336989
0.341356
0.346259
0.3502
0.352921
0.355544
0.358934
0.363338
0.368491
0.372653
0.374136
0.37507
0.378746
0.383425
0.386337
0.388757
0.390215
0.390242
0.393606
0.398493
0.399606
0.401464
0.402663
0.40361
0.40882
0.41029
0.411688
0.413363
0.414654
0.418158
0.419734
0.420825
0.422786
0.424817
0.42556
0.426462
0.428794
0.430527
0.430398
0.430835
0.432715
0.433573
0.433456
0.434223
0.434679
0.434198
0.434511
0.434961
0.434486
0.434189
0.433828
0.433022
0.432844
0.432265
0.430766
0.430043
0.429342
0.428467
0.427068
0.425378
0.42457
0.422896
0.421277
0.419727
0.418021
0.416211
0.197333
0.202121
0.206897
0.211657
0.216401
0.221113
0.225839
0.230555
0.235268
0.239943
0.244597
0.249196
0.253727
0.258177
0.262587
0.26699
0.271385
0.275765
0.280132
0.28454
0.289017
0.2936
0.298256
0.302883
0.307308
0.311476
0.315485
0.31953
0.323683
0.327863
0.331814
0.335307
0.338472
0.341926
0.346172
0.350829
0.354732
0.357445
0.359975
0.363439
0.367833
0.37257
0.376732
0.379276
0.380892
0.384284
0.38976
0.394026
0.396099
0.39805
0.399749
0.401865
0.406509
0.409851
0.409934
0.411739
0.413604
0.415779
0.420083
0.42039
0.421459
0.423454
0.425104
0.428228
0.429035
0.430157
0.43216
0.433848
0.434659
0.436122
0.438447
0.439629
0.439632
0.440772
0.442792
0.443454
0.443497
0.444446
0.444979
0.444801
0.445401
0.44592
0.445481
0.445236
0.445072
0.444588
0.44444
0.443795
0.442544
0.442103
0.441483
0.440427
0.438919
0.437498
0.436645
0.434861
0.433294
0.431722
0.429958
0.428092
0.201873
0.20672
0.211543
0.216351
0.221152
0.225919
0.23067
0.235438
0.240196
0.244953
0.249718
0.254496
0.259245
0.26398
0.268685
0.273361
0.277972
0.282501
0.286947
0.291395
0.295911
0.300485
0.305027
0.309455
0.313772
0.318082
0.322498
0.327025
0.331492
0.335697
0.339551
0.343202
0.347037
0.351353
0.355871
0.359827
0.3628
0.365467
0.368883
0.373159
0.377509
0.381256
0.384051
0.386238
0.389406
0.394572
0.399727
0.402528
0.404273
0.40698
0.410099
0.413897
0.418244
0.419962
0.420316
0.423211
0.425943
0.428536
0.43158
0.431377
0.432927
0.435395
0.437079
0.439536
0.439838
0.441153
0.443118
0.444441
0.445305
0.446906
0.44876
0.449368
0.449562
0.451083
0.452802
0.453054
0.453172
0.454221
0.454759
0.454772
0.455465
0.455879
0.455403
0.455255
0.455311
0.45499
0.454728
0.45407
0.453108
0.452834
0.452169
0.450949
0.449476
0.448329
0.447359
0.445513
0.44401
0.442408
0.44059
0.438671
0.206109
0.211077
0.21602
0.220962
0.225891
0.230799
0.235683
0.240554
0.245415
0.250294
0.255205
0.26014
0.265087
0.270032
0.274947
0.279794
0.284566
0.289256
0.293872
0.298437
0.302968
0.307437
0.311825
0.316169
0.320571
0.325105
0.329752
0.334392
0.33888
0.343156
0.347328
0.351604
0.356124
0.36068
0.364781
0.368166
0.371271
0.374889
0.379203
0.38349
0.387049
0.389847
0.392348
0.395437
0.399919
0.404931
0.408348
0.41011
0.412614
0.416583
0.420696
0.424719
0.427902
0.429036
0.430894
0.435019
0.43803
0.440426
0.442637
0.442959
0.445524
0.448305
0.449813
0.451761
0.452102
0.453824
0.45574
0.456766
0.457692
0.459155
0.460422
0.460667
0.461124
0.462699
0.463859
0.463723
0.463912
0.464945
0.465358
0.465372
0.465954
0.466115
0.465553
0.465483
0.465648
0.465287
0.464807
0.464126
0.463339
0.463008
0.462147
0.460781
0.459421
0.458458
0.457288
0.455405
0.453944
0.452283
0.450398
0.44842
0.21046
0.215561
0.220655
0.225753
0.230858
0.235948
0.241015
0.246047
0.251055
0.256058
0.26107
0.266089
0.271112
0.276119
0.28109
0.286007
0.290877
0.295717
0.300531
0.305285
0.309939
0.31448
0.318958
0.323462
0.328059
0.332728
0.337376
0.341925
0.346379
0.350828
0.355391
0.360087
0.364754
0.36907
0.372884
0.37651
0.38051
0.385033
0.389524
0.3933
0.396345
0.39921
0.402503
0.406611
0.411159
0.414761
0.416771
0.41882
0.422591
0.427156
0.431033
0.434235
0.436534
0.438334
0.441907
0.446399
0.44897
0.451101
0.453261
0.454738
0.458191
0.460909
0.462255
0.464123
0.464981
0.467184
0.469049
0.469937
0.471038
0.47237
0.473303
0.473559
0.474365
0.475826
0.476444
0.476155
0.476526
0.477472
0.477663
0.477562
0.477922
0.477816
0.477197
0.477165
0.477262
0.476692
0.475975
0.47528
0.474534
0.47397
0.47285
0.47137
0.47013
0.469196
0.467752
0.465846
0.464378
0.462619
0.460651
0.458604
0.215072
0.220314
0.225555
0.230799
0.236046
0.241277
0.246475
0.251635
0.256766
0.261866
0.266935
0.271984
0.277025
0.282056
0.287078
0.292082
0.297074
0.302074
0.307074
0.312034
0.316918
0.321727
0.326498
0.331267
0.336029
0.340733
0.345327
0.349843
0.354364
0.358979
0.363689
0.368371
0.372832
0.376992
0.381047
0.385384
0.390121
0.394849
0.399005
0.402513
0.40587
0.409592
0.413799
0.418173
0.421918
0.424409
0.426457
0.42973
0.434255
0.43831
0.441211
0.44365
0.445971
0.448966
0.453384
0.457174
0.459079
0.461319
0.463965
0.466494
0.470191
0.47251
0.473892
0.476069
0.477614
0.48017
0.481979
0.482953
0.484391
0.485758
0.48673
0.487327
0.488512
0.48982
0.490131
0.489984
0.490642
0.491502
0.49149
0.491305
0.4915
0.491242
0.490666
0.490664
0.490583
0.489734
0.488852
0.488187
0.487389
0.486547
0.485237
0.483727
0.482572
0.48153
0.479795
0.477886
0.476359
0.474476
0.472423
0.470306
0.219807
0.225133
0.230458
0.235791
0.241124
0.246436
0.251721
0.256981
0.262226
0.267455
0.27265
0.277805
0.282937
0.288065
0.293196
0.298331
0.303467
0.308615
0.313769
0.318916
0.324049
0.329153
0.334204
0.339181
0.344052
0.348803
0.353461
0.358103
0.362785
0.3675
0.372167
0.376686
0.381038
0.38537
0.389915
0.394752
0.399599
0.404029
0.407953
0.411763
0.415903
0.420414
0.424931
0.428934
0.432046
0.434629
0.437843
0.442212
0.446535
0.449565
0.451796
0.454271
0.457276
0.46108
0.46516
0.467781
0.46943
0.472182
0.475318
0.478279
0.481579
0.483448
0.485127
0.487737
0.489788
0.492434
0.494183
0.495424
0.497267
0.498792
0.50003
0.501074
0.50255
0.503721
0.50401
0.504243
0.505203
0.505993
0.505893
0.505767
0.505965
0.505723
0.505293
0.505333
0.505078
0.504043
0.503148
0.502565
0.50168
0.500607
0.499239
0.4978
0.4967
0.495481
0.493517
0.491645
0.490032
0.488024
0.4859
0.48372
0.224375
0.229784
0.235186
0.240598
0.246016
0.251429
0.256829
0.262221
0.267606
0.272993
0.278367
0.283713
0.289029
0.294326
0.299615
0.304904
0.310189
0.315465
0.320736
0.326013
0.331301
0.33657
0.341774
0.346881
0.351886
0.356806
0.361688
0.366567
0.371427
0.376214
0.380874
0.385409
0.389934
0.394605
0.399463
0.404321
0.408882
0.413065
0.417161
0.421548
0.426268
0.430982
0.435269
0.438921
0.442171
0.445733
0.45014
0.454767
0.458347
0.460783
0.463262
0.46646
0.470142
0.473967
0.477097
0.478953
0.481014
0.484362
0.487593
0.490369
0.493042
0.494727
0.496872
0.499757
0.501948
0.504439
0.506127
0.507676
0.50982
0.511469
0.512962
0.514332
0.515916
0.516988
0.51746
0.518154
0.51934
0.520053
0.520003
0.52009
0.52043
0.520328
0.520078
0.520145
0.519776
0.518738
0.518005
0.517547
0.516589
0.515384
0.514072
0.512748
0.511667
0.510254
0.508172
0.506392
0.504691
0.50258
0.500402
0.498162
0.228826
0.234366
0.239895
0.24542
0.250952
0.25649
0.26203
0.267573
0.273122
0.278675
0.284234
0.289784
0.295307
0.300791
0.306248
0.311687
0.317102
0.322488
0.327852
0.333212
0.338571
0.343906
0.349196
0.354437
0.359643
0.364822
0.36998
0.375097
0.380131
0.385053
0.389874
0.39466
0.399504
0.404423
0.409297
0.413937
0.418297
0.422582
0.427087
0.431876
0.43668
0.441154
0.445174
0.448931
0.452877
0.457405
0.462234
0.466406
0.469454
0.472187
0.475594
0.479573
0.483464
0.48681
0.489235
0.491207
0.494109
0.497772
0.50069
0.503069
0.505345
0.507218
0.509809
0.512665
0.514704
0.516941
0.518597
0.520373
0.522597
0.524229
0.525828
0.527312
0.528831
0.529847
0.53058
0.531644
0.532907
0.533523
0.533604
0.533964
0.534474
0.534515
0.534406
0.534457
0.534027
0.533123
0.532641
0.532295
0.531278
0.530055
0.528874
0.52764
0.526515
0.524927
0.52283
0.521164
0.519373
0.517183
0.514964
0.512662
0.233329
0.239012
0.244697
0.250375
0.256053
0.261733
0.267418
0.27311
0.278808
0.284512
0.290221
0.295929
0.301611
0.307253
0.312861
0.318442
0.323991
0.329504
0.33499
0.340459
0.345905
0.351323
0.356723
0.362128
0.367545
0.372961
0.378345
0.383662
0.388889
0.394035
0.399134
0.40423
0.409323
0.41433
0.419132
0.423704
0.4282
0.432833
0.437667
0.442516
0.447108
0.451354
0.45543
0.459651
0.464261
0.469133
0.473646
0.477288
0.48045
0.484069
0.488376
0.492673
0.49635
0.499298
0.501752
0.504528
0.508202
0.511768
0.514268
0.516479
0.518804
0.521099
0.523947
0.526538
0.528359
0.530433
0.532127
0.534024
0.53614
0.537647
0.53922
0.540664
0.542044
0.543054
0.544009
0.545249
0.54641
0.546909
0.54713
0.547704
0.548298
0.548395
0.54834
0.54834
0.547884
0.54715
0.546866
0.546525
0.545431
0.544265
0.543231
0.542034
0.540805
0.539078
0.537033
0.535449
0.533543
0.531286
0.529026
0.526658
0.237918
0.243743
0.249576
0.255411
0.261237
0.267058
0.272877
0.2787
0.284524
0.290347
0.296172
0.301996
0.307807
0.313592
0.319355
0.3251
0.330821
0.336512
0.342176
0.34781
0.35341
0.358986
0.364558
0.370139
0.375729
0.381309
0.386847
0.392327
0.397752
0.403137
0.408494
0.413815
0.419046
0.424113
0.429
0.433801
0.438665
0.443639
0.448598
0.453345
0.457802
0.462114
0.466529
0.471206
0.47606
0.480709
0.484746
0.4883
0.492083
0.496531
0.501181
0.505289
0.508683
0.511682
0.514775
0.518461
0.522458
0.525667
0.527993
0.530455
0.533167
0.535885
0.538762
0.541053
0.542825
0.544937
0.54676
0.548724
0.550683
0.552081
0.55361
0.55498
0.556252
0.557309
0.55839
0.559613
0.560549
0.560939
0.561275
0.561936
0.562477
0.56252
0.562444
0.562384
0.561934
0.561338
0.561115
0.560639
0.559429
0.558319
0.557385
0.556155
0.554792
0.552971
0.551009
0.549443
0.547391
0.545066
0.542755
0.540313
0.242488
0.248433
0.254392
0.26036
0.266325
0.272283
0.278239
0.284195
0.290149
0.296098
0.302048
0.308001
0.313954
0.319899
0.325837
0.331764
0.337681
0.343582
0.349462
0.355308
0.361121
0.366912
0.372689
0.378447
0.384179
0.389876
0.39553
0.401147
0.406742
0.412319
0.417863
0.423333
0.428686
0.433915
0.439075
0.444254
0.449482
0.454665
0.45966
0.464406
0.468998
0.473626
0.478414
0.483296
0.488031
0.492341
0.49624
0.500187
0.504642
0.509426
0.513864
0.517617
0.520982
0.524434
0.528285
0.532481
0.536329
0.539226
0.541772
0.544773
0.547924
0.550898
0.553682
0.555845
0.557833
0.560163
0.562176
0.564212
0.566096
0.567509
0.569068
0.570424
0.571683
0.572825
0.573946
0.575043
0.575755
0.576098
0.576532
0.577179
0.577563
0.577491
0.577361
0.577252
0.576828
0.576317
0.576032
0.575338
0.57401
0.572932
0.572003
0.570661
0.569155
0.567277
0.565395
0.563782
0.561569
0.55918
0.556807
0.554282
0.24693
0.252994
0.259074
0.265168
0.271271
0.277379
0.283492
0.289608
0.295721
0.30183
0.307937
0.314052
0.320174
0.326302
0.332429
0.33855
0.344663
0.35077
0.356864
0.362931
0.368969
0.374976
0.380948
0.386876
0.392756
0.398588
0.40438
0.410146
0.415897
0.421628
0.427314
0.432928
0.438464
0.443953
0.449443
0.45495
0.460408
0.465709
0.470803
0.475751
0.480677
0.485674
0.490701
0.495588
0.500157
0.504396
0.50858
0.513079
0.517896
0.522544
0.526601
0.530217
0.533879
0.537885
0.542182
0.546364
0.549863
0.552732
0.555791
0.559329
0.562739
0.565774
0.568487
0.570779
0.573171
0.575773
0.577972
0.580113
0.582043
0.583608
0.585294
0.586725
0.588065
0.58931
0.590432
0.591411
0.592009
0.592421
0.59296
0.593553
0.593772
0.593604
0.593443
0.593304
0.592902
0.592421
0.59201
0.59111
0.589727
0.588682
0.587673
0.586164
0.584522
0.582615
0.580778
0.579056
0.57669
0.57425
0.571811
0.569192
0.251261
0.257463
0.263682
0.269918
0.27617
0.28244
0.288723
0.295017
0.301316
0.307614
0.313911
0.320211
0.326519
0.332836
0.339155
0.345466
0.351768
0.358061
0.36434
0.3706
0.376835
0.383035
0.389191
0.3953
0.401365
0.40739
0.413379
0.419337
0.425265
0.431154
0.436995
0.442788
0.448553
0.454315
0.460072
0.46578
0.471365
0.476788
0.48209
0.487357
0.492642
0.497916
0.503062
0.507952
0.512568
0.517079
0.521743
0.526635
0.531463
0.53583
0.539726
0.543559
0.54768
0.552062
0.556398
0.560282
0.563565
0.566722
0.570342
0.574177
0.577601
0.580604
0.583366
0.585972
0.58878
0.591573
0.593903
0.596166
0.598228
0.60002
0.601878
0.603448
0.604931
0.606284
0.607419
0.608365
0.609005
0.609592
0.610248
0.610797
0.610922
0.610742
0.610611
0.61047
0.610076
0.609576
0.609029
0.607999
0.606656
0.605661
0.604542
0.602868
0.601123
0.599207
0.597368
0.595493
0.592992
0.590516
0.588004
0.585287
0.255539
0.261896
0.268275
0.274673
0.281092
0.287531
0.293989
0.300463
0.30695
0.313445
0.319942
0.326438
0.332934
0.339431
0.345927
0.352419
0.3589
0.36537
0.371824
0.378262
0.38468
0.391071
0.397426
0.403747
0.410037
0.416298
0.422525
0.428713
0.434856
0.440945
0.446985
0.452994
0.458989
0.464967
0.470896
0.476728
0.482435
0.488043
0.493617
0.499194
0.504745
0.51019
0.515439
0.520468
0.525374
0.530328
0.535408
0.540452
0.545159
0.549421
0.55351
0.557785
0.562299
0.566795
0.570947
0.5746
0.577977
0.581594
0.585591
0.589432
0.592731
0.595736
0.598674
0.601632
0.604716
0.60756
0.609969
0.612359
0.614575
0.616581
0.618596
0.62032
0.621961
0.62342
0.624607
0.625623
0.626426
0.627227
0.627984
0.628514
0.628635
0.628546
0.628507
0.628395
0.628
0.62746
0.626804
0.625735
0.6245
0.623559
0.622335
0.620545
0.618754
0.616849
0.614974
0.612926
0.610319
0.607812
0.605222
0.602401
0.259783
0.266301
0.272844
0.279412
0.286005
0.292621
0.299254
0.305903
0.312567
0.319245
0.325932
0.332621
0.339306
0.345987
0.352663
0.359337
0.366008
0.372669
0.379314
0.385945
0.392564
0.399165
0.405744
0.412303
0.418842
0.425351
0.431826
0.43826
0.444642
0.450969
0.457249
0.463491
0.469693
0.47584
0.481905
0.487873
0.493759
0.499609
0.505453
0.51127
0.516999
0.522581
0.527997
0.533298
0.538594
0.543945
0.54926
0.554331
0.559027
0.563486
0.568008
0.57272
0.577445
0.581892
0.585907
0.589601
0.593333
0.597379
0.601499
0.605179
0.608387
0.611506
0.614687
0.617909
0.621084
0.623885
0.626365
0.628886
0.631239
0.633404
0.635525
0.637378
0.639152
0.640703
0.641979
0.643133
0.644137
0.645112
0.645928
0.646454
0.646636
0.6467
0.646783
0.646713
0.646324
0.645754
0.645039
0.643999
0.642889
0.641969
0.640646
0.638806
0.637025
0.635144
0.633212
0.631
0.628322
0.625784
0.623101
0.62017
0.263941
0.27062
0.277327
0.284062
0.290825
0.297613
0.304423
0.31125
0.318093
0.324952
0.331824
0.338706
0.345591
0.352474
0.359355
0.366237
0.373119
0.379995
0.386859
0.393714
0.400558
0.407389
0.414209
0.421016
0.427803
0.43456
0.441278
0.447953
0.454578
0.461153
0.467681
0.474156
0.480565
0.486894
0.493137
0.49931
0.50544
0.511548
0.517625
0.523626
0.529511
0.535265
0.54092
0.546543
0.552177
0.557774
0.563196
0.568326
0.573216
0.578074
0.583053
0.588061
0.592852
0.597261
0.601344
0.605344
0.609517
0.613833
0.6179
0.621449
0.624725
0.628077
0.6315
0.63486
0.638003
0.640763
0.643359
0.646016
0.648473
0.650744
0.652932
0.654882
0.656745
0.658362
0.659738
0.661041
0.662214
0.663283
0.664103
0.664635
0.664914
0.665128
0.66531
0.665271
0.664894
0.664321
0.663598
0.662623
0.661611
0.660657
0.659232
0.657387
0.655646
0.653778
0.651772
0.649424
0.646707
0.64413
0.641342
0.638294
0.267941
0.274783
0.281659
0.288564
0.295499
0.302464
0.309456
0.316473
0.32351
0.330565
0.337637
0.344726
0.351826
0.358932
0.366044
0.373158
0.380273
0.387386
0.394495
0.401596
0.408683
0.415757
0.422821
0.429871
0.436896
0.443889
0.450843
0.457755
0.464621
0.471443
0.478216
0.484929
0.49157
0.498134
0.504627
0.51107
0.517475
0.523835
0.530123
0.536307
0.542378
0.548357
0.554287
0.560197
0.566065
0.571801
0.577317
0.582622
0.587847
0.593125
0.598434
0.603589
0.60842
0.612932
0.617293
0.621714
0.626249
0.630672
0.634668
0.638257
0.641785
0.645434
0.649048
0.652459
0.655562
0.658369
0.661141
0.663932
0.666472
0.668823
0.671066
0.673094
0.675011
0.676674
0.678147
0.679572
0.680842
0.681928
0.682725
0.683276
0.683656
0.68398
0.684205
0.684165
0.683798
0.683246
0.68255
0.681642
0.680675
0.679635
0.678108
0.676277
0.674567
0.67268
0.670579
0.66812
0.66539
0.662765
0.65986
0.656694
0.271756
0.278769
0.285822
0.292912
0.300035
0.307191
0.31438
0.321599
0.328846
0.336118
0.34341
0.350722
0.358053
0.365398
0.372755
0.380116
0.387479
0.394842
0.402204
0.409559
0.416899
0.424223
0.431531
0.438817
0.446075
0.453302
0.460495
0.467651
0.474769
0.481844
0.48887
0.495839
0.502745
0.509589
0.516376
0.523116
0.529801
0.536409
0.54292
0.549323
0.555631
0.561873
0.568069
0.574214
0.580252
0.586117
0.5918
0.597382
0.602965
0.608565
0.614059
0.619297
0.624243
0.629006
0.633753
0.638561
0.643317
0.64777
0.651804
0.655626
0.659513
0.663443
0.667194
0.670646
0.673794
0.676763
0.679752
0.682665
0.68528
0.687713
0.690026
0.692135
0.6941
0.695813
0.697378
0.698889
0.700195
0.701262
0.702045
0.702637
0.703108
0.703489
0.703703
0.703632
0.70327
0.702747
0.702087
0.701227
0.700249
0.699095
0.69748
0.695665
0.693956
0.692009
0.689792
0.68724
0.684503
0.681812
0.678787
0.675505
0.275403
0.282596
0.289836
0.297123
0.304452
0.311819
0.31922
0.326656
0.334127
0.341628
0.349155
0.356705
0.364276
0.371866
0.379472
0.387086
0.394702
0.402318
0.409934
0.417542
0.425139
0.43272
0.440281
0.447815
0.455321
0.4628
0.470249
0.477668
0.485053
0.492398
0.499697
0.506945
0.51414
0.521282
0.528372
0.535403
0.54236
0.549224
0.555987
0.562653
0.569241
0.575762
0.582215
0.588568
0.594781
0.600836
0.606776
0.612675
0.618565
0.624374
0.629986
0.635342
0.640504
0.645601
0.650714
0.655796
0.660672
0.665188
0.669408
0.67358
0.677817
0.681961
0.685817
0.689357
0.692665
0.695885
0.699094
0.702117
0.704821
0.707365
0.709779
0.711984
0.714015
0.715803
0.717468
0.719045
0.720362
0.721417
0.722226
0.722892
0.723439
0.723837
0.72401
0.723901
0.723542
0.723045
0.722412
0.721568
0.720545
0.719276
0.717603
0.715806
0.714061
0.712018
0.709677
0.707041
0.704285
0.701507
0.698359
0.694964
0.278889
0.286275
0.293713
0.301204
0.308747
0.316334
0.323963
0.331631
0.339335
0.347073
0.354841
0.362636
0.370453
0.378291
0.386146
0.394015
0.401888
0.409764
0.417638
0.425507
0.433369
0.44122
0.449053
0.456864
0.464649
0.472409
0.480142
0.487846
0.495517
0.503149
0.510737
0.51828
0.525774
0.533216
0.540597
0.547909
0.555136
0.562273
0.569318
0.57628
0.583168
0.589976
0.596686
0.60327
0.609712
0.616033
0.62228
0.628486
0.634615
0.640587
0.646339
0.651897
0.657352
0.662783
0.668182
0.673435
0.678404
0.68307
0.687588
0.692123
0.696633
0.700921
0.704881
0.708579
0.71213
0.715628
0.719032
0.72216
0.724988
0.727682
0.730232
0.732559
0.734687
0.736586
0.738365
0.740005
0.741345
0.742429
0.743312
0.744073
0.744689
0.745086
0.745223
0.745091
0.744747
0.744272
0.743645
0.74279
0.741709
0.740349
0.738655
0.736876
0.735069
0.732912
0.73045
0.72774
0.724945
0.722055
0.718779
0.715271
0.282188
0.289777
0.297425
0.30513
0.31289
0.320703
0.328564
0.336469
0.344414
0.352396
0.360413
0.36846
0.376531
0.384625
0.392738
0.400867
0.40901
0.417161
0.425311
0.43346
0.441605
0.449745
0.457874
0.465986
0.474077
0.482145
0.490187
0.498198
0.506172
0.514106
0.521998
0.529843
0.537637
0.545373
0.553044
0.560639
0.568151
0.575581
0.58293
0.590204
0.597398
0.604499
0.611482
0.618337
0.625069
0.631706
0.638273
0.644754
0.651099
0.657256
0.663222
0.669058
0.674831
0.680555
0.686162
0.691545
0.696653
0.701559
0.70641
0.711251
0.715947
0.720345
0.724446
0.728362
0.732187
0.735933
0.739493
0.742736
0.745727
0.748606
0.751316
0.753788
0.756045
0.758086
0.759993
0.761706
0.763099
0.76426
0.765255
0.766123
0.766794
0.767195
0.767325
0.767206
0.766895
0.76644
0.765807
0.764924
0.763784
0.762367
0.760679
0.758912
0.757028
0.75476
0.752196
0.749424
0.746571
0.74355
0.740143
0.736522
0.285252
0.293053
0.300918
0.308845
0.316831
0.324876
0.332975
0.341124
0.349318
0.357554
0.36583
0.374142
0.382483
0.39085
0.39924
0.40765
0.416078
0.42452
0.43297
0.441424
0.449876
0.458325
0.466766
0.475197
0.483611
0.492003
0.50037
0.508701
0.516994
0.525245
0.53345
0.541605
0.549706
0.557745
0.565715
0.573611
0.581432
0.589176
0.596845
0.604439
0.611943
0.619342
0.626624
0.633788
0.640847
0.647816
0.654691
0.661437
0.668015
0.674414
0.680668
0.686824
0.692906
0.698878
0.704666
0.71021
0.715531
0.720732
0.725892
0.730961
0.735793
0.74032
0.744616
0.748788
0.752872
0.75682
0.76051
0.763891
0.767079
0.770156
0.773032
0.775655
0.778059
0.780259
0.782301
0.7841
0.785579
0.786854
0.787979
0.788947
0.789668
0.790087
0.790248
0.79018
0.78992
0.789487
0.788843
0.787927
0.78674
0.785292
0.783622
0.781852
0.779883
0.777518
0.774878
0.772055
0.769132
0.765973
0.762441
0.758708
0.288037
0.296054
0.304145
0.312305
0.320531
0.32882
0.337169
0.345575
0.354032
0.362538
0.371089
0.379681
0.388311
0.396973
0.405663
0.414377
0.423111
0.431863
0.440631
0.449407
0.458184
0.46696
0.475732
0.484493
0.493238
0.501962
0.510659
0.519323
0.527948
0.53653
0.545063
0.553545
0.561969
0.57033
0.578624
0.586848
0.594999
0.603079
0.611082
0.619
0.62682
0.634534
0.642138
0.649633
0.65703
0.664327
0.671503
0.678525
0.685379
0.692079
0.69866
0.705145
0.711516
0.717723
0.723712
0.72948
0.735082
0.740594
0.746021
0.75127
0.756245
0.760955
0.765494
0.76993
0.774245
0.778355
0.782176
0.785728
0.789128
0.792398
0.795433
0.798208
0.800764
0.80312
0.805292
0.80719
0.808783
0.810192
0.811443
0.812494
0.813257
0.813717
0.81394
0.813947
0.813749
0.813339
0.812685
0.811743
0.810524
0.809066
0.807411
0.805614
0.803555
0.801108
0.798413
0.795547
0.792545
0.78925
0.785603
0.781762
0.290517
0.298763
0.30709
0.315496
0.323975
0.332525
0.341141
0.34982
0.358559
0.367353
0.376197
0.385088
0.394024
0.402999
0.412009
0.421045
0.430105
0.439187
0.448286
0.457396
0.466511
0.475628
0.484742
0.493846
0.502932
0.511997
0.521035
0.530044
0.539016
0.547946
0.556826
0.565655
0.574428
0.583139
0.591785
0.600362
0.608867
0.617296
0.625645
0.6339
0.642054
0.650103
0.658045
0.665884
0.673618
0.681237
0.688721
0.696046
0.703216
0.710255
0.71718
0.723985
0.730638
0.737091
0.743328
0.749381
0.755303
0.761119
0.766785
0.772216
0.777377
0.782327
0.787142
0.791834
0.796351
0.800614
0.804591
0.808345
0.811963
0.815408
0.818594
0.821518
0.824227
0.826733
0.829027
0.831029
0.832753
0.834302
0.835665
0.836784
0.837591
0.838106
0.838407
0.838494
0.838352
0.837965
0.837308
0.836353
0.835122
0.833663
0.832013
0.830168
0.828013
0.825499
0.822758
0.819845
0.816751
0.813325
0.80957
0.805623
0.292679
0.301168
0.309748
0.318414
0.327162
0.335988
0.344887
0.353858
0.362895
0.371994
0.381149
0.390357
0.399613
0.408915
0.418257
0.427632
0.437034
0.44646
0.455905
0.465362
0.474827
0.484297
0.493765
0.503224
0.512669
0.522091
0.531492
0.540863
0.550201
0.5595
0.568751
0.577952
0.587098
0.596183
0.605204
0.614156
0.623033
0.63183
0.640538
0.64915
0.657658
0.666061
0.674361
0.682552
0.690629
0.698577
0.706383
0.714041
0.721562
0.728956
0.736223
0.74334
0.750276
0.75701
0.763548
0.769927
0.776178
0.782286
0.788187
0.793833
0.79924
0.804473
0.809571
0.814506
0.819214
0.823648
0.82782
0.831803
0.835634
0.839247
0.842578
0.845656
0.848521
0.851174
0.853587
0.855705
0.857563
0.859247
0.860711
0.86189
0.862745
0.863332
0.863715
0.863872
0.863772
0.863401
0.862748
0.861794
0.860565
0.859112
0.857451
0.855544
0.853298
0.850723
0.847935
0.844959
0.84176
0.838202
0.834342
0.830284
0.294506
0.303255
0.312101
0.321042
0.330074
0.33919
0.348389
0.357665
0.367016
0.376434
0.385917
0.395456
0.405049
0.41469
0.424377
0.434103
0.443862
0.453646
0.463451
0.473273
0.483106
0.492944
0.502783
0.512617
0.52244
0.532248
0.542032
0.55179
0.561517
0.571206
0.580852
0.590448
0.599991
0.609473
0.618888
0.62823
0.637496
0.646675
0.655765
0.664753
0.673637
0.682415
0.69109
0.69965
0.708084
0.716382
0.724539
0.732557
0.740441
0.748192
0.755798
0.763233
0.770476
0.777526
0.784401
0.791123
0.797699
0.80409
0.810245
0.816155
0.821856
0.827394
0.832771
0.837941
0.842851
0.847488
0.85189
0.856116
0.860157
0.86394
0.867433
0.870679
0.873708
0.876509
0.879049
0.881292
0.883291
0.885101
0.886657
0.887897
0.888819
0.889488
0.88995
0.890163
0.890094
0.889735
0.889089
0.888143
0.886924
0.885475
0.883791
0.881815
0.879487
0.876858
0.874015
0.870959
0.867638
0.863946
0.859976
0.855799
0.295968
0.304989
0.314117
0.323347
0.332675
0.342098
0.351609
0.361205
0.370882
0.380634
0.390456
0.400344
0.410289
0.420286
0.430335
0.440426
0.450555
0.460716
0.470903
0.48111
0.491332
0.501562
0.511797
0.522029
0.532256
0.54247
0.552663
0.562831
0.572971
0.583075
0.593135
0.603146
0.613104
0.623001
0.632828
0.64258
0.652251
0.661833
0.671324
0.680713
0.689998
0.699175
0.708241
0.717186
0.726002
0.73468
0.743215
0.75161
0.759871
0.767984
0.775934
0.783701
0.791279
0.798677
0.805907
0.812977
0.819873
0.826555
0.832995
0.839207
0.845231
0.851081
0.856731
0.86214
0.867275
0.872153
0.876817
0.88129
0.88554
0.889504
0.893181
0.896615
0.899821
0.90278
0.905459
0.907846
0.909992
0.91192
0.913564
0.91488
0.915888
0.91665
0.917187
0.917445
0.917399
0.917055
0.91642
0.915487
0.914277
0.912822
0.911104
0.909061
0.906665
0.903985
0.901079
0.897927
0.894475
0.89065
0.886566
0.882259
0.297021
0.306325
0.315747
0.325281
0.334921
0.344663
0.354504
0.364436
0.374454
0.384556
0.394736
0.404987
0.415301
0.425675
0.436104
0.446582
0.457104
0.467663
0.478253
0.488868
0.499503
0.510153
0.520808
0.531465
0.54212
0.552762
0.563387
0.57399
0.584564
0.595103
0.605596
0.616042
0.626433
0.636763
0.647021
0.657203
0.6673
0.677309
0.687224
0.697037
0.706746
0.716345
0.725823
0.735176
0.744397
0.753478
0.762417
0.771212
0.779856
0.788343
0.796655
0.804779
0.812722
0.820489
0.828087
0.835507
0.842725
0.849716
0.856474
0.86302
0.869375
0.875534
0.881461
0.887123
0.892518
0.897668
0.902608
0.907331
0.911792
0.915957
0.919843
0.923484
0.926883
0.930011
0.932847
0.935392
0.93769
0.939743
0.941481
0.942887
0.943997
0.944859
0.945471
0.945774
0.945753
0.945429
0.944812
0.943892
0.942689
0.941221
0.93946
0.937352
0.9349
0.932173
0.929195
0.925938
0.922355
0.918401
0.914199
0.909753
0.297615
0.30722
0.316951
0.326802
0.33677
0.346851
0.357035
0.36732
0.3777
0.388173
0.39873
0.409363
0.420068
0.43084
0.441675
0.452564
0.463502
0.474483
0.4855
0.496549
0.507622
0.51871
0.529811
0.540918
0.552024
0.563119
0.574197
0.585254
0.596285
0.60728
0.618229
0.629127
0.639972
0.650756
0.661469
0.672102
0.68265
0.69311
0.703474
0.713735
0.72389
0.73393
0.743845
0.753631
0.76328
0.772788
0.782149
0.791357
0.800406
0.809286
0.817984
0.826496
0.834829
0.842985
0.85096
0.858737
0.866295
0.873621
0.880725
0.887619
0.89431
0.900777
0.90699
0.912932
0.918614
0.92406
0.929283
0.934258
0.938943
0.94333
0.947446
0.95131
0.954913
0.958227
0.961235
0.963953
0.966409
0.968587
0.970435
0.971952
0.973175
0.974141
0.974828
0.97518
0.975196
0.974904
0.974311
0.973405
0.972202
0.970716
0.968911
0.966744
0.96424
0.961466
0.958413
0.955049
0.951337
0.947261
0.942935
0.938343
0.297711
0.307633
0.31769
0.327878
0.338192
0.348628
0.359178
0.369839
0.380602
0.391463
0.402418
0.413459
0.424579
0.435775
0.447038
0.45836
0.469739
0.481166
0.492637
0.504142
0.515672
0.527226
0.538796
0.550375
0.561952
0.573522
0.585077
0.596612
0.608122
0.619594
0.631021
0.642399
0.653722
0.664983
0.676173
0.687284
0.698311
0.709245
0.720082
0.730816
0.74144
0.751943
0.762319
0.772558
0.782659
0.792616
0.802418
0.81206
0.821534
0.830836
0.839952
0.848879
0.857624
0.866185
0.874549
0.882699
0.89062
0.898311
0.905782
0.913035
0.920067
0.926851
0.933368
0.939616
0.945607
0.951361
0.956873
0.962107
0.967036
0.971666
0.976031
0.980131
0.983946
0.987454
0.99065
0.993549
0.996169
0.998486
1.00046
1.0021
1.00345
1.00452
1.00528
1.00569
1.00575
1.00551
1.00495
1.00406
1.00285
1.00135
0.9995
0.997281
0.994732
0.991903
0.988767
0.985294
0.981458
0.977262
0.972807
0.96806
0.297276
0.307531
0.317934
0.328477
0.339158
0.34997
0.36091
0.371966
0.383134
0.394409
0.405786
0.417258
0.428818
0.440458
0.452171
0.463953
0.475797
0.487696
0.499641
0.511625
0.52364
0.535683
0.547742
0.559814
0.571887
0.583955
0.596012
0.608049
0.620061
0.632038
0.643969
0.655853
0.667684
0.679449
0.691144
0.702758
0.714286
0.725722
0.737059
0.748289
0.759404
0.770397
0.781256
0.791974
0.80255
0.812975
0.823243
0.833344
0.843271
0.85302
0.862581
0.87195
0.881131
0.890112
0.898882
0.907425
0.915737
0.92382
0.931675
0.939301
0.946683
0.953804
0.96065
0.967226
0.973546
0.979614
0.985417
0.990925
0.996116
1.00101
1.00564
1.00998
1.01402
1.01773
1.02113
1.02422
1.02701
1.02947
1.03159
1.03337
1.03485
1.03603
1.03687
1.03734
1.03747
1.03727
1.03675
1.03588
1.03468
1.03315
1.03127
1.029
1.02641
1.02352
1.02029
1.01671
1.01275
1.00843
1.00384
0.99893
0.296274
0.306882
0.317649
0.328571
0.33964
0.350853
0.3622
0.373675
0.385272
0.396985
0.408808
0.420732
0.432754
0.444864
0.457054
0.46932
0.481652
0.494044
0.506487
0.518975
0.531501
0.544055
0.55663
0.569218
0.581815
0.594408
0.606992
0.619559
0.6321
0.644607
0.657074
0.669496
0.681861
0.694158
0.706382
0.718529
0.730589
0.742552
0.754413
0.766164
0.777798
0.789302
0.800668
0.811891
0.822967
0.833891
0.844649
0.855234
0.865641
0.875864
0.885896
0.89573
0.905365
0.914789
0.923988
0.932951
0.941678
0.950172
0.958431
0.966444
0.974195
0.981674
0.988875
0.995806
1.00247
1.00886
1.01496
1.02076
1.02624
1.03142
1.03632
1.04091
1.04518
1.04911
1.05272
1.05601
1.05898
1.0616
1.06387
1.0658
1.06742
1.0687
1.06963
1.07018
1.07038
1.07024
1.06976
1.06891
1.06771
1.06617
1.06425
1.06195
1.05931
1.05635
1.05303
1.04933
1.04525
1.04081
1.03607
1.03099
0.294666
0.305648
0.316805
0.328124
0.339604
0.351235
0.363013
0.374931
0.386981
0.399154
0.411446
0.423849
0.436356
0.44896
0.461653
0.474426
0.487272
0.500181
0.51315
0.526168
0.53923
0.552324
0.565443
0.578581
0.591725
0.60487
0.61801
0.631136
0.644238
0.657308
0.670341
0.683324
0.69625
0.70911
0.721896
0.734602
0.747217
0.759737
0.77215
0.784449
0.796627
0.808669
0.820569
0.832328
0.843938
0.855383
0.866657
0.877755
0.888669
0.899396
0.909922
0.920241
0.93035
0.940237
0.949891
0.959304
0.96847
0.977396
0.986074
0.994491
1.00264
1.0105
1.01808
1.02538
1.0324
1.03913
1.04556
1.05166
1.05745
1.06293
1.06811
1.07297
1.07748
1.08164
1.08547
1.08897
1.09213
1.09493
1.09736
1.09946
1.10121
1.10261
1.10363
1.10426
1.10454
1.10446
1.10402
1.1032
1.10201
1.10045
1.09851
1.09617
1.09348
1.09045
1.08703
1.08322
1.07902
1.07444
1.06955
1.06428
0.29241
0.303791
0.315354
0.327092
0.339001
0.351077
0.363309
0.375692
0.388217
0.400877
0.413663
0.42657
0.43959
0.452713
0.465933
0.47924
0.492625
0.506083
0.519606
0.533184
0.54681
0.560475
0.574167
0.58788
0.601607
0.615337
0.629066
0.642781
0.656473
0.670135
0.683758
0.697335
0.710854
0.724305
0.737684
0.750979
0.764181
0.777284
0.790277
0.803153
0.815902
0.828516
0.840986
0.853308
0.865473
0.877471
0.889294
0.900932
0.912381
0.923632
0.934677
0.945505
0.95611
0.966486
0.976618
0.986504
0.996138
1.00552
1.01464
1.02348
1.03204
1.04032
1.04831
1.056
1.06339
1.07048
1.07725
1.08369
1.0898
1.09559
1.10107
1.10619
1.11097
1.11538
1.11944
1.12316
1.12652
1.12951
1.13212
1.13438
1.13628
1.1378
1.13892
1.13965
1.14
1.14
1.1396
1.1388
1.13763
1.13606
1.13409
1.13172
1.12898
1.12587
1.12235
1.11842
1.1141
1.10939
1.10433
1.09888
0.289445
0.301242
0.313237
0.325421
0.337788
0.35033
0.36304
0.375912
0.388939
0.402112
0.41542
0.428858
0.442417
0.456089
0.469864
0.483735
0.497692
0.51173
0.525836
0.540004
0.554225
0.568491
0.582789
0.597115
0.611453
0.625801
0.640147
0.654484
0.668798
0.683082
0.697331
0.711531
0.725669
0.739746
0.753747
0.767661
0.781483
0.795202
0.808805
0.822289
0.835645
0.848861
0.861931
0.874844
0.887599
0.900178
0.912575
0.924785
0.936794
0.948595
0.96018
0.971543
0.982676
0.993564
1.0042
1.01459
1.02471
1.03457
1.04416
1.05346
1.06246
1.07117
1.07958
1.08768
1.09547
1.10294
1.11007
1.11686
1.12332
1.12945
1.13522
1.14064
1.14569
1.15037
1.15469
1.15864
1.16222
1.1654
1.16821
1.17064
1.17269
1.17434
1.17557
1.1764
1.17685
1.1769
1.17655
1.17579
1.17462
1.17305
1.17106
1.16865
1.16586
1.16267
1.15905
1.15502
1.15057
1.14572
1.14049
1.13485
0.28572
0.297958
0.310408
0.32306
0.335908
0.348945
0.362163
0.375553
0.389109
0.40282
0.41668
0.430678
0.444806
0.459057
0.473421
0.487889
0.502452
0.517097
0.53182
0.546612
0.561463
0.57636
0.591299
0.606266
0.621253
0.636252
0.651249
0.666236
0.681205
0.696149
0.711054
0.725908
0.740703
0.755431
0.770088
0.784657
0.799131
0.813497
0.827746
0.841869
0.855866
0.86972
0.883418
0.896959
0.910329
0.923522
0.936523
0.949327
0.961924
0.974305
0.986463
0.998391
1.01007
1.0215
1.03268
1.04359
1.05423
1.0646
1.07468
1.08446
1.09393
1.1031
1.11195
1.12049
1.12869
1.13655
1.14407
1.15124
1.15806
1.16454
1.17064
1.17636
1.1817
1.18667
1.19125
1.19545
1.19926
1.20266
1.20567
1.20828
1.21049
1.21228
1.21364
1.21458
1.21512
1.21525
1.21495
1.21422
1.21307
1.2115
1.20948
1.20704
1.2042
1.20093
1.19721
1.19306
1.18848
1.18349
1.17809
1.17225
0.281174
0.293882
0.306814
0.319961
0.333318
0.346878
0.360633
0.374573
0.388687
0.40297
0.417411
0.431999
0.446732
0.461595
0.476581
0.491676
0.506874
0.522168
0.537544
0.552991
0.568502
0.584068
0.599679
0.615324
0.630993
0.646675
0.662356
0.67803
0.693691
0.709327
0.72492
0.740462
0.755951
0.771372
0.786715
0.801973
0.817133
0.832181
0.847109
0.861914
0.876582
0.891103
0.905468
0.919666
0.933686
0.947518
0.961155
0.974584
0.987802
1.0008
1.01355
1.02607
1.03834
1.05035
1.06209
1.07355
1.08474
1.09563
1.10623
1.11652
1.12649
1.13614
1.14546
1.15445
1.16309
1.17138
1.17931
1.18687
1.19408
1.20091
1.20736
1.21341
1.21907
1.22433
1.2292
1.23366
1.23771
1.24134
1.24456
1.24737
1.24974
1.25168
1.25318
1.25424
1.25488
1.25509
1.25485
1.25416
1.25303
1.25146
1.24943
1.24695
1.24405
1.2407
1.23688
1.23262
1.22791
1.22276
1.21718
1.21114
0.275763
0.288963
0.302405
0.316078
0.329977
0.344088
0.35841
0.37293
0.387637
0.402521
0.417577
0.432794
0.448161
0.463672
0.47931
0.495069
0.510941
0.526912
0.542976
0.559117
0.575326
0.591594
0.607914
0.624271
0.640657
0.657055
0.673458
0.68986
0.706243
0.722603
0.738926
0.7552
0.771419
0.787567
0.803635
0.819614
0.835496
0.851266
0.866915
0.882432
0.897807
0.91303
0.928091
0.942978
0.957679
0.972188
0.986493
1.00058
1.01445
1.02809
1.04148
1.05462
1.06751
1.08012
1.09246
1.10451
1.11627
1.12773
1.13887
1.14969
1.16018
1.17034
1.18015
1.18962
1.19872
1.20746
1.21582
1.22381
1.23141
1.23863
1.24544
1.25184
1.25783
1.26341
1.26857
1.27332
1.27763
1.28151
1.28495
1.28796
1.29052
1.29262
1.29426
1.29546
1.29621
1.2965
1.29632
1.29568
1.29457
1.293
1.29096
1.28845
1.28549
1.28206
1.27814
1.27376
1.26891
1.26361
1.25784
1.2516
0.269425
0.283152
0.297134
0.311363
0.32583
0.34053
0.355451
0.370582
0.385914
0.401439
0.417145
0.433021
0.449062
0.465249
0.481578
0.498039
0.51462
0.531307
0.548091
0.564962
0.581907
0.598919
0.615982
0.633088
0.650225
0.66738
0.684546
0.70171
0.718861
0.735987
0.753074
0.770116
0.787101
0.804013
0.820846
0.837591
0.854232
0.87076
0.887163
0.903431
0.91955
0.935509
0.951297
0.966912
0.982334
0.997551
1.01256
1.02735
1.0419
1.05622
1.07028
1.08408
1.09761
1.11087
1.12384
1.13651
1.14887
1.16091
1.17263
1.18401
1.19505
1.20574
1.21608
1.22605
1.23564
1.24485
1.25367
1.2621
1.27012
1.27774
1.28494
1.29171
1.29805
1.30397
1.30945
1.31449
1.31908
1.32322
1.3269
1.33012
1.33287
1.33515
1.33695
1.33829
1.33915
1.33954
1.33943
1.33884
1.33776
1.3362
1.33414
1.3316
1.32858
1.32507
1.32105
1.31655
1.31157
1.30609
1.30014
1.29369
0.262104
0.276386
0.290941
0.305759
0.320833
0.33615
0.351705
0.367485
0.383477
0.399673
0.416066
0.432642
0.449387
0.466296
0.483353
0.500551
0.517876
0.535318
0.552863
0.570502
0.588223
0.606012
0.623862
0.641757
0.659688
0.677645
0.695612
0.713579
0.731535
0.749464
0.767359
0.78521
0.803002
0.820722
0.838361
0.855909
0.873351
0.890673
0.907867
0.92492
0.941818
0.958554
0.975118
0.991491
1.00767
1.02363
1.03938
1.0549
1.07018
1.08521
1.09998
1.11448
1.1287
1.14263
1.15626
1.16957
1.18257
1.19524
1.20756
1.21954
1.23115
1.2424
1.25329
1.26379
1.2739
1.2836
1.29291
1.3018
1.31027
1.31831
1.32591
1.33308
1.3398
1.34607
1.35189
1.35724
1.36212
1.36653
1.37047
1.37392
1.37688
1.37934
1.38132
1.3828
1.38379
1.38427
1.38424
1.38371
1.38267
1.38112
1.37905
1.37648
1.3734
1.36981
1.36569
1.36107
1.35594
1.3503
1.34415
1.33748
0.253737
0.268607
0.28377
0.299212
0.314925
0.330898
0.347122
0.363584
0.380275
0.397181
0.414297
0.431606
0.449103
0.466768
0.484594
0.502567
0.520679
0.538915
0.557262
0.575708
0.594245
0.612861
0.631536
0.650266
0.669034
0.68783
0.706642
0.725455
0.744257
0.763038
0.781784
0.800483
0.819124
0.837696
0.856182
0.874572
0.892853
0.911011
0.929035
0.946911
0.964632
0.982187
0.999556
1.01673
1.0337
1.05046
1.067
1.08329
1.09933
1.11511
1.13062
1.14586
1.1608
1.17543
1.18976
1.20375
1.21741
1.23074
1.2437
1.2563
1.26853
1.28037
1.29183
1.30289
1.31354
1.32378
1.33359
1.34297
1.35191
1.3604
1.36844
1.37602
1.38313
1.38978
1.39595
1.40164
1.40683
1.41153
1.41573
1.41943
1.42261
1.42527
1.42743
1.42907
1.43019
1.43078
1.43084
1.43037
1.42937
1.42784
1.42576
1.42316
1.42003
1.41635
1.41213
1.40738
1.4021
1.39629
1.38994
1.38305
0.244255
0.25975
0.275552
0.291655
0.308045
0.32471
0.341638
0.358824
0.376254
0.393916
0.411793
0.429877
0.448157
0.466625
0.485259
0.504053
0.522993
0.542065
0.561259
0.580561
0.599956
0.619435
0.638987
0.658595
0.678243
0.697925
0.717622
0.737325
0.757019
0.776696
0.796337
0.815933
0.835464
0.854924
0.874301
0.89358
0.912743
0.931776
0.950671
0.969419
0.988008
1.00642
1.02465
1.04267
1.06048
1.07807
1.09542
1.11252
1.12937
1.14595
1.16225
1.17825
1.19394
1.20933
1.22438
1.23909
1.25345
1.26746
1.2811
1.29436
1.30723
1.3197
1.33176
1.34341
1.35464
1.36543
1.37577
1.38567
1.39511
1.40408
1.41258
1.42059
1.42813
1.43517
1.44171
1.44775
1.45328
1.45828
1.46276
1.46671
1.47013
1.47302
1.47536
1.47717
1.47843
1.47914
1.4793
1.4789
1.47795
1.47643
1.47436
1.47172
1.46853
1.46478
1.46046
1.45558
1.45015
1.44415
1.4376
1.43048
0.233585
0.249737
0.266219
0.28302
0.300127
0.317526
0.335204
0.353151
0.37136
0.389815
0.408498
0.427403
0.446515
0.465821
0.48531
0.504968
0.524781
0.544738
0.564824
0.585025
0.605328
0.62572
0.646187
0.666717
0.687296
0.707908
0.728539
0.74918
0.769816
0.790431
0.811015
0.831547
0.852018
0.872415
0.892725
0.912932
0.933022
0.952981
0.972797
0.992465
1.01197
1.03129
1.0504
1.06931
1.08801
1.10647
1.12469
1.14265
1.16035
1.17776
1.19487
1.21168
1.22818
1.24434
1.26016
1.27563
1.29073
1.30546
1.31981
1.33377
1.34731
1.36044
1.37314
1.38542
1.39724
1.40862
1.41953
1.42997
1.43993
1.44941
1.45839
1.46687
1.47484
1.48231
1.48925
1.49565
1.50152
1.50685
1.51163
1.51586
1.51954
1.52265
1.5252
1.52719
1.52861
1.52944
1.5297
1.52938
1.52847
1.52698
1.52491
1.52226
1.51901
1.51517
1.51075
1.50574
1.50015
1.49397
1.4872
1.47985
0.221648
0.238501
0.255703
0.273243
0.291105
0.309279
0.327753
0.346509
0.365537
0.384825
0.404366
0.424138
0.444127
0.464319
0.484709
0.505278
0.526014
0.546903
0.567929
0.58908
0.610337
0.631689
0.653121
0.674623
0.696178
0.717769
0.739386
0.761014
0.782636
0.804239
0.825806
0.847326
0.868784
0.890167
0.91146
0.932646
0.95371
0.974644
0.995434
1.01606
1.03652
1.05679
1.07685
1.0967
1.11633
1.13572
1.15484
1.17371
1.19229
1.21057
1.22855
1.24621
1.26355
1.28053
1.29716
1.31342
1.3293
1.34479
1.35988
1.37457
1.38883
1.40265
1.41603
1.42896
1.44142
1.45341
1.46492
1.47593
1.48644
1.49646
1.50595
1.51492
1.52336
1.53126
1.53862
1.54542
1.55166
1.55733
1.56242
1.56695
1.5709
1.57426
1.57703
1.57921
1.58079
1.58176
1.58212
1.58189
1.58105
1.57959
1.57752
1.57484
1.57154
1.56762
1.56309
1.55796
1.55221
1.54583
1.53884
1.53125
0.208375
0.225969
0.243937
0.262257
0.280919
0.299915
0.319223
0.338835
0.358733
0.378911
0.39935
0.420032
0.440946
0.462083
0.483422
0.504952
0.526659
0.548527
0.570543
0.592686
0.61495
0.637314
0.659767
0.682292
0.704874
0.727497
0.750146
0.772804
0.795465
0.818108
0.840716
0.863272
0.885768
0.908185
0.93051
0.952729
0.974824
0.996785
1.01859
1.04024
1.0617
1.08297
1.10403
1.12486
1.14546
1.16582
1.1859
1.20571
1.22522
1.24443
1.26332
1.28187
1.30009
1.31794
1.33541
1.35251
1.36921
1.38551
1.40138
1.41683
1.43184
1.4464
1.46048
1.4741
1.48723
1.49987
1.512
1.52362
1.53472
1.5453
1.55533
1.56482
1.57375
1.58212
1.58991
1.59713
1.60376
1.60979
1.61523
1.62007
1.6243
1.62792
1.63092
1.63331
1.63506
1.63619
1.63667
1.63653
1.63575
1.63433
1.63227
1.62956
1.62622
1.62222
1.61759
1.61231
1.60639
1.59983
1.59262
1.58477
0.193687
0.212072
0.230845
0.249997
0.26951
0.289367
0.309562
0.330077
0.350898
0.372007
0.393393
0.415039
0.436934
0.459063
0.481404
0.503944
0.526672
0.549574
0.572628
0.595825
0.619146
0.642579
0.666102
0.689695
0.713355
0.73706
0.760798
0.784552
0.808301
0.832034
0.855733
0.879382
0.902967
0.926477
0.94989
0.973194
0.996368
1.0194
1.04229
1.065
1.08752
1.10984
1.13195
1.15383
1.17545
1.19681
1.2179
1.23869
1.25919
1.27937
1.29921
1.3187
1.33784
1.3566
1.37497
1.39295
1.41051
1.42765
1.44435
1.46061
1.47641
1.49173
1.50657
1.52091
1.53475
1.54807
1.56087
1.57313
1.58485
1.59601
1.60661
1.61664
1.62609
1.63495
1.64321
1.65086
1.6579
1.66433
1.67013
1.6753
1.67983
1.68373
1.68698
1.68958
1.69152
1.69281
1.69343
1.69339
1.69268
1.6913
1.68925
1.68653
1.68313
1.67906
1.67432
1.6689
1.66281
1.65605
1.64861
1.6405
0.177513
0.19673
0.216361
0.236389
0.256799
0.277579
0.29871
0.320178
0.341965
0.36406
0.386448
0.409114
0.432039
0.455207
0.478608
0.502216
0.52602
0.550006
0.574161
0.598464
0.622894
0.647441
0.672089
0.696817
0.72161
0.746459
0.77134
0.796235
0.821131
0.84601
0.870856
0.895655
0.920395
0.945048
0.969604
0.994045
1.01836
1.04253
1.06654
1.09037
1.11401
1.13743
1.16064
1.18359
1.20629
1.22872
1.25086
1.2727
1.29422
1.31542
1.33627
1.35675
1.37686
1.39657
1.41589
1.43479
1.45326
1.47129
1.48885
1.50596
1.52259
1.53872
1.55435
1.56945
1.58404
1.59808
1.61158
1.62452
1.63688
1.64867
1.65987
1.67048
1.68047
1.68985
1.6986
1.70672
1.71419
1.72102
1.7272
1.73273
1.73759
1.74178
1.74529
1.74812
1.75027
1.75173
1.7525
1.75257
1.75193
1.7506
1.74857
1.74583
1.74239
1.73825
1.73339
1.72783
1.72157
1.7146
1.70693
1.69856
0.159763
0.179869
0.200408
0.221363
0.242726
0.264474
0.286595
0.309074
0.331887
0.355021
0.378463
0.402201
0.426211
0.450477
0.474987
0.499725
0.524663
0.549794
0.575099
0.600561
0.626163
0.651884
0.677716
0.703636
0.729625
0.755667
0.781746
0.807847
0.833951
0.860035
0.886089
0.912102
0.938043
0.963904
0.989658
1.01529
1.04081
1.06617
1.09136
1.11637
1.14117
1.16575
1.1901
1.2142
1.23803
1.26158
1.28483
1.30776
1.33037
1.35263
1.37453
1.39606
1.41718
1.4379
1.45821
1.47809
1.49751
1.51647
1.53496
1.55296
1.57045
1.58744
1.60389
1.61981
1.63518
1.64998
1.66421
1.67786
1.69092
1.70336
1.71519
1.7264
1.73697
1.74689
1.75616
1.76478
1.77271
1.77998
1.78656
1.79246
1.79766
1.80216
1.80596
1.80904
1.8114
1.81304
1.81396
1.81415
1.81361
1.81234
1.81033
1.80758
1.8041
1.79987
1.79491
1.7892
1.78276
1.77559
1.76767
1.75903
0.140358
0.161407
0.182911
0.204852
0.227218
0.249992
0.273154
0.296692
0.320588
0.344823
0.369377
0.394244
0.419401
0.444825
0.470506
0.49642
0.522552
0.548887
0.575407
0.602092
0.628925
0.655885
0.682955
0.710121
0.737367
0.764672
0.792013
0.819376
0.846746
0.874105
0.901436
0.92871
0.955915
0.983034
1.01006
1.03696
1.06372
1.09033
1.11676
1.143
1.16903
1.19483
1.22038
1.24568
1.2707
1.29543
1.31984
1.34392
1.36767
1.39105
1.41405
1.43667
1.45887
1.48066
1.50201
1.52291
1.54333
1.56327
1.58272
1.60166
1.62007
1.63795
1.65528
1.67205
1.68824
1.70384
1.71885
1.73324
1.74702
1.76016
1.77265
1.7845
1.79567
1.80617
1.816
1.82513
1.83356
1.84128
1.84829
1.85459
1.86015
1.86499
1.86908
1.87242
1.87502
1.87686
1.87794
1.87826
1.87783
1.87661
1.87463
1.87187
1.86835
1.86405
1.85897
1.85313
1.84651
1.83911
1.83095
1.82203
0.119208
0.14125
0.163779
0.186761
0.210187
0.234044
0.258315
0.282971
0.308006
0.333395
0.359132
0.385187
0.411548
0.438194
0.465098
0.492257
0.519647
0.547246
0.575043
0.603011
0.631137
0.659403
0.687783
0.716265
0.744825
0.77345
0.802122
0.830819
0.859517
0.888212
0.916869
0.945473
0.97401
1.00246
1.03081
1.05903
1.0871
1.11502
1.14275
1.17029
1.1976
1.22468
1.25151
1.27806
1.30433
1.33029
1.35592
1.38122
1.40616
1.43071
1.45488
1.47864
1.50198
1.52488
1.54732
1.56929
1.59077
1.61175
1.63221
1.65213
1.67151
1.69033
1.70858
1.72625
1.7433
1.75975
1.77557
1.79075
1.80529
1.81916
1.83235
1.84487
1.85668
1.8678
1.8782
1.88788
1.89683
1.90503
1.9125
1.91921
1.92516
1.93035
1.93476
1.93839
1.94123
1.94328
1.94454
1.94501
1.94468
1.94354
1.94158
1.93883
1.93527
1.9309
1.92571
1.91971
1.91291
1.9053
1.89688
1.88765
0.0962196
0.119311
0.142914
0.167003
0.191552
0.216558
0.241988
0.267833
0.294074
0.32069
0.34766
0.374964
0.40259
0.430515
0.458723
0.487187
0.515904
0.544839
0.573971
0.603296
0.632779
0.662409
0.692165
0.722028
0.751976
0.781992
0.812058
0.842151
0.872251
0.902336
0.93239
0.962394
0.992333
1.02218
1.05191
1.08152
1.11097
1.14026
1.16936
1.19825
1.22692
1.25534
1.2835
1.31138
1.33895
1.3662
1.39312
1.41969
1.44587
1.47167
1.49706
1.52204
1.54656
1.57063
1.59422
1.61731
1.6399
1.66197
1.68349
1.70446
1.72485
1.74467
1.76388
1.78248
1.80045
1.81778
1.83447
1.85048
1.86581
1.88044
1.89438
1.9076
1.92009
1.93185
1.94286
1.95313
1.96262
1.97135
1.97929
1.98645
1.99281
1.99836
2.00311
2.00705
2.01015
2.01242
2.01388
2.0145
2.01428
2.01322
2.01132
2.00857
2.00497
2.00052
1.99522
1.98908
1.98209
1.97425
1.96557
1.95604
0.071287
0.095498
0.12024
0.145492
0.171237
0.197448
0.224114
0.251206
0.278712
0.306619
0.334892
0.363514
0.39247
0.42175
0.451326
0.481173
0.511273
0.541606
0.572158
0.602895
0.63381
0.664874
0.696076
0.72739
0.758794
0.79027
0.821804
0.853359
0.884929
0.916475
0.947997
0.979472
1.01088
1.04218
1.07337
1.10443
1.13533
1.16606
1.19659
1.2269
1.25699
1.28683
1.31638
1.34565
1.37459
1.40321
1.43147
1.45937
1.48688
1.51398
1.54066
1.56689
1.59267
1.61797
1.64276
1.66704
1.69079
1.71399
1.73664
1.7587
1.78016
1.80102
1.82125
1.84083
1.85976
1.87803
1.89562
1.91251
1.92867
1.94411
1.95883
1.97279
1.986
1.99844
2.0101
2.02098
2.03106
2.04032
2.04878
2.0564
2.06319
2.06914
2.07424
2.0785
2.08189
2.08441
2.08607
2.08686
2.08676
2.08579
2.08394
2.0812
2.07757
2.07305
2.06764
2.06135
2.05417
2.0461
2.03714
2.0273
0.04431
0.0697124
0.0956678
0.122148
0.149142
0.176632
0.204591
0.233011
0.261857
0.291109
0.320755
0.350774
0.381145
0.411841
0.442849
0.474148
0.505707
0.537511
0.569542
0.601778
0.634199
0.666775
0.699485
0.73232
0.765257
0.798269
0.831329
0.864428
0.897535
0.930627
0.963687
0.996696
1.02963
1.06247
1.09519
1.12777
1.16019
1.19243
1.22446
1.25629
1.28786
1.31916
1.35019
1.3809
1.41129
1.44134
1.47102
1.50032
1.52922
1.55768
1.5857
1.61327
1.64036
1.66695
1.693
1.71852
1.7435
1.7679
1.79172
1.81493
1.83752
1.85947
1.88077
1.9014
1.92134
1.94058
1.95912
1.97692
1.99398
2.01027
2.0258
2.04055
2.05451
2.06767
2.08002
2.09155
2.10223
2.11207
2.12106
2.12919
2.13643
2.1428
2.14829
2.15288
2.15658
2.15936
2.16124
2.16221
2.16225
2.16138
2.15958
2.15686
2.1532
2.14861
2.14309
2.13665
2.12927
2.12097
2.11174
2.10157
0.0151952
0.0418465
0.0690859
0.0968762
0.125195
0.154027
0.183367
0.213166
0.243417
0.274104
0.3052
0.336686
0.368537
0.400729
0.43324
0.466061
0.499162
0.532517
0.566105
0.599905
0.633895
0.668054
0.702369
0.7368
0.771335
0.805955
0.840626
0.875336
0.910052
0.944762
0.979438
1.01406
1.0486
1.08305
1.11737
1.15156
1.18557
1.21939
1.25301
1.2864
1.31952
1.35239
1.38495
1.41719
1.4491
1.48065
1.51182
1.54258
1.57293
1.60283
1.63227
1.66123
1.68969
1.71763
1.74502
1.77185
1.79811
1.82377
1.84882
1.87323
1.89701
1.92011
1.94253
1.96425
1.98525
2.00553
2.02506
2.04383
2.06182
2.07902
2.09541
2.11099
2.12574
2.13966
2.15272
2.16493
2.17627
2.18671
2.19627
2.20492
2.21266
2.21947
2.22536
2.23032
2.23434
2.2374
2.23951
2.24068
2.24088
2.24011
2.23838
2.23567
2.23199
2.22734
2.22171
2.21511
2.20754
2.199
2.18948
2.17898
-0.0161504
0.0118275
0.0404088
0.0695757
0.0992978
0.129563
0.160336
0.191607
0.223343
0.25553
0.288159
0.321181
0.354584
0.388346
0.422452
0.456868
0.491579
0.526561
0.561781
0.597229
0.632873
0.6687
0.704681
0.74079
0.777003
0.8133
0.849668
0.886064
0.922473
0.958869
0.995242
1.03156
1.06779
1.10393
1.13993
1.17578
1.21146
1.24696
1.28224
1.31726
1.35205
1.38653
1.4207
1.45454
1.48804
1.52117
1.55389
1.5862
1.61807
1.64947
1.6804
1.71082
1.74073
1.77009
1.79887
1.82708
1.85469
1.88167
1.90802
1.9337
1.95871
1.98303
2.00662
2.02949
2.05161
2.07297
2.09354
2.11333
2.1323
2.15045
2.16775
2.1842
2.1998
2.21451
2.22834
2.24127
2.25328
2.26437
2.27453
2.28373
2.29199
2.29927
2.30559
2.31093
2.31529
2.31866
2.32102
2.32239
2.32277
2.32213
2.32047
2.31779
2.31409
2.30938
2.30365
2.29688
2.28911
2.28031
2.2705
2.25967
-0.0498396
-0.0204567
0.00955699
0.0401691
0.0713686
0.10313
0.135433
0.16825
0.201554
0.235323
0.269544
0.304191
0.339231
0.37465
0.410413
0.446512
0.482914
0.519592
0.556534
0.593711
0.6311
0.668662
0.706387
0.744257
0.782238
0.820305
0.858433
0.896596
0.934776
0.972954
1.01111
1.0492
1.0872
1.12509
1.16286
1.20047
1.23792
1.27515
1.31216
1.34893
1.38541
1.42161
1.45747
1.493
1.52816
1.56293
1.5973
1.63122
1.66468
1.69767
1.73015
1.76211
1.79353
1.82437
1.85463
1.88428
1.91331
1.94168
1.96938
1.9964
2.02271
2.04829
2.07313
2.09721
2.1205
2.143
2.16468
2.18553
2.20554
2.22469
2.24296
2.26032
2.27679
2.29235
2.30698
2.32067
2.3334
2.34517
2.35595
2.36575
2.37455
2.38234
2.3891
2.39486
2.39959
2.40328
2.40591
2.40751
2.40806
2.40756
2.40598
2.40334
2.39963
2.39486
2.38902
2.38211
2.37412
2.36507
2.35495
2.34378
-0.085968
-0.0550903
-0.0235715
0.00857565
0.0413263
0.074661
0.108574
0.143019
0.177974
0.213406
0.249304
0.285643
0.322408
0.359563
0.397077
0.434932
0.473111
0.511586
0.550323
0.589309
0.62851
0.667909
0.707461
0.747167
0.786997
0.826921
0.866904
0.906919
0.946964
0.987008
1.02701
1.06696
1.10682
1.14656
1.18619
1.22565
1.26492
1.30398
1.34281
1.38138
1.41967
1.45765
1.4953
1.53259
1.56949
1.606
1.64207
1.67769
1.71283
1.74747
1.78159
1.81516
1.84816
1.88057
1.91237
1.94353
1.97404
2.00387
2.033
2.06142
2.0891
2.11602
2.14216
2.1675
2.19203
2.21573
2.23856
2.26053
2.28163
2.30184
2.32112
2.33946
2.35686
2.3733
2.38878
2.40327
2.41676
2.42923
2.44068
2.4511
2.46049
2.46881
2.47607
2.48225
2.48737
2.4914
2.49434
2.49617
2.49691
2.49655
2.49507
2.49248
2.48877
2.48394
2.47799
2.47092
2.46273
2.45341
2.44299
2.43146
-0.12463
-0.0921963
-0.0590762
-0.0253107
0.00908496
0.0440879
0.079669
0.115825
0.152506
0.189697
0.227356
0.265481
0.304046
0.34302
0.382376
0.422076
0.462115
0.502461
0.543095
0.58397
0.625071
0.666381
0.707877
0.749504
0.791265
0.833121
0.875047
0.917026
0.959009
1.001
1.04295
1.08484
1.12665
1.16835
1.2099
1.25128
1.29248
1.33346
1.3742
1.41467
1.45484
1.4947
1.5342
1.57334
1.61208
1.65039
1.68826
1.72565
1.76255
1.79893
1.83476
1.87002
1.90469
1.93874
1.97216
2.00491
2.03698
2.06834
2.09897
2.12886
2.15797
2.18629
2.2138
2.24047
2.2663
2.29126
2.31532
2.33847
2.36071
2.38201
2.40237
2.42173
2.44011
2.45749
2.47385
2.48919
2.50348
2.51672
2.52888
2.53995
2.54994
2.55884
2.5666
2.57325
2.57878
2.58318
2.58643
2.58853
2.58947
2.58925
2.58789
2.58536
2.58164
2.57676
2.57071
2.56349
2.55509
2.54551
2.53476
2.52286
-0.16594
-0.131854
-0.0970591
-0.0615915
-0.0254668
0.0112835
0.048645
0.0865819
0.125078
0.164097
0.203629
0.243627
0.284079
0.324964
0.36624
0.40788
0.449862
0.492181
0.534784
0.577643
0.620746
0.664062
0.707564
0.751227
0.795012
0.838894
0.882843
0.926858
0.9709
1.01493
1.05892
1.10285
1.14669
1.19041
1.234
1.27741
1.32062
1.36361
1.40635
1.4488
1.49095
1.53277
1.57422
1.61529
1.65595
1.69616
1.73591
1.77517
1.81391
1.8521
1.88973
1.92677
1.96318
1.99896
2.03407
2.06849
2.10219
2.13516
2.16736
2.19879
2.22941
2.2592
2.28815
2.31623
2.34342
2.3697
2.39504
2.41944
2.44288
2.46535
2.48683
2.50728
2.52669
2.54504
2.56235
2.57859
2.59372
2.60774
2.62065
2.63242
2.64304
2.65254
2.66087
2.668
2.67396
2.67875
2.68235
2.68472
2.68589
2.68585
2.6846
2.68214
2.67843
2.6735
2.66734
2.65997
2.65136
2.64152
2.63044
2.61815
-0.210003
-0.174167
-0.137615
-0.100368
-0.0624387
-0.0238474
0.0153814
0.0552118
0.0956137
0.136565
0.178026
0.220001
0.262437
0.305309
0.348596
0.392271
0.436309
0.480672
0.525334
0.570285
0.61549
0.660905
0.706501
0.752274
0.798184
0.844204
0.890294
0.936436
0.982607
1.02877
1.0749
1.12096
1.16693
1.21279
1.25849
1.30402
1.34935
1.39444
1.43926
1.4838
1.52802
1.57189
1.61539
1.65848
1.70114
1.74335
1.78507
1.82628
1.86695
1.90706
1.94657
1.98546
2.02371
2.06129
2.09818
2.13434
2.16977
2.20442
2.23828
2.27132
2.30352
2.33486
2.36532
2.39487
2.4235
2.45117
2.47787
2.50358
2.52829
2.55198
2.57463
2.59622
2.61671
2.63611
2.6544
2.67158
2.6876
2.70246
2.71615
2.72867
2.73998
2.75009
2.75899
2.76667
2.7731
2.7783
2.78224
2.78493
2.78634
2.78649
2.78537
2.78298
2.7793
2.77432
2.76806
2.76052
2.7517
2.74159
2.73019
2.71751
-0.256958
-0.219284
-0.180872
-0.141744
-0.101906
-0.0613792
-0.0202069
0.0216014
0.0640109
0.106981
0.150494
0.194513
0.239018
0.283978
0.329378
0.375189
0.421364
0.467881
0.514718
0.561845
0.609228
0.65684
0.704653
0.75264
0.800765
0.849001
0.897333
0.945711
0.99412
1.04251
1.09088
1.13917
1.18738
1.23546
1.28339
1.33113
1.37866
1.42595
1.47297
1.51968
1.56607
1.61209
1.65773
1.70294
1.74771
1.792
1.83579
1.87904
1.92174
1.96384
2.00533
2.04617
2.08634
2.12582
2.16457
2.20257
2.23979
2.27621
2.31181
2.34655
2.38041
2.41338
2.44542
2.47652
2.50665
2.53578
2.56391
2.591
2.61704
2.64202
2.66591
2.68868
2.71033
2.73082
2.75015
2.76831
2.78528
2.80102
2.81554
2.82884
2.84088
2.85166
2.86117
2.86941
2.87635
2.88198
2.8863
2.8893
2.89099
2.89135
2.89037
2.88807
2.88441
2.8794
2.87304
2.86535
2.85631
2.84591
2.83418
2.82111
-0.306915
-0.267314
-0.226944
-0.185831
-0.143981
-0.101425
-0.0581988
-0.0143325
0.0301607
0.0752545
0.120899
0.167073
0.213754
0.260913
0.308529
0.356566
0.404975
0.453746
0.502861
0.552253
0.601912
0.651832
0.701967
0.752261
0.802707
0.853277
0.903936
0.954653
1.0054
1.05613
1.10683
1.15747
1.20801
1.25842
1.30867
1.35873
1.40858
1.45817
1.50748
1.55647
1.60512
1.6534
1.70127
1.74871
1.79568
1.84216
1.88811
1.93351
1.97832
2.02252
2.06608
2.10896
2.15115
2.19261
2.23332
2.27324
2.31235
2.35063
2.38805
2.42457
2.46018
2.49485
2.52856
2.56128
2.59299
2.62367
2.65329
2.68183
2.70928
2.7356
2.76079
2.78482
2.80767
2.82932
2.84974
2.86894
2.88691
2.9036
2.91899
2.9331
2.94591
2.9574
2.96756
2.97638
2.98386
2.98998
2.9947
2.99805
3.00003
3.0006
2.99978
2.99757
2.99395
2.98891
2.98247
2.97463
2.96537
2.95469
2.9426
2.92911
-0.359972
-0.318356
-0.275931
-0.232736
-0.188792
-0.144117
-0.0987303
-0.0526908
-0.00600676
0.0412881
0.0891713
0.137611
0.186586
0.236046
0.285956
0.336304
0.387069
0.4382
0.489665
0.541455
0.593524
0.64584
0.698376
0.751098
0.803976
0.856978
0.910075
0.963233
1.01642
1.0696
1.12275
1.17583
1.22881
1.28166
1.33434
1.38683
1.43909
1.49109
1.5428
1.59418
1.6452
1.69584
1.74606
1.79582
1.8451
1.89387
1.94208
1.98973
2.03676
2.08316
2.12889
2.17391
2.21821
2.26176
2.30451
2.34645
2.38754
2.42777
2.46709
2.50549
2.54293
2.57939
2.61485
2.64928
2.68265
2.71495
2.74614
2.77621
2.80513
2.83288
2.85944
2.88478
2.9089
2.93176
2.95334
2.97364
2.99265
3.01032
3.02665
3.04163
3.05525
3.06749
3.07834
3.08779
3.09582
3.10243
3.1076
3.11133
3.11362
3.11443
3.11379
3.11168
3.1081
3.10305
3.09651
3.08851
3.07904
3.06808
3.05563
3.04172
-0.416274
-0.372515
-0.327948
-0.282591
-0.23645
-0.189541
-0.141914
-0.0935874
-0.0446057
0.00502316
0.0552486
0.106042
0.157381
0.20924
0.261574
0.31436
0.367566
0.421162
0.475111
0.529387
0.583958
0.638789
0.693846
0.749102
0.804517
0.860066
0.915711
0.971421
1.02716
1.0829
1.13861
1.19424
1.24977
1.30517
1.3604
1.41542
1.47021
1.52473
1.57895
1.63283
1.68633
1.73944
1.79211
1.84431
1.896
1.94717
1.99776
2.04775
2.09711
2.14581
2.19381
2.24109
2.2876
2.33332
2.37823
2.42228
2.46545
2.50772
2.54904
2.5894
2.62877
2.66711
2.70441
2.74063
2.77575
2.80974
2.84259
2.87426
2.90473
2.93397
2.96198
2.98871
3.01416
3.03829
3.0611
3.08256
3.10266
3.12138
3.13869
3.1546
3.16907
3.1821
3.19368
3.2038
3.21242
3.21956
3.2252
3.22933
3.23194
3.23303
3.23258
3.2306
3.22708
3.22201
3.21539
3.20722
3.19753
3.18628
3.17348
3.15913
-0.475938
-0.429959
-0.383133
-0.335492
-0.287041
-0.237808
-0.187823
-0.137122
-0.0857309
-0.0336815
0.0189906
0.0722542
0.126082
0.180441
0.235304
0.290635
0.346401
0.402568
0.459107
0.515985
0.573168
0.630622
0.688318
0.746216
0.804286
0.862491
0.920798
0.979176
1.03759
1.096
1.15437
1.21268
1.27088
1.32894
1.38683
1.44451
1.50194
1.5591
1.61594
1.67243
1.72853
1.78422
1.83946
1.89421
1.94844
2.00211
2.05519
2.10764
2.15944
2.21055
2.26093
2.31055
2.35938
2.4074
2.45455
2.50082
2.54618
2.59058
2.63401
2.67643
2.71782
2.75814
2.79736
2.83546
2.87242
2.9082
2.94278
2.97613
3.00822
3.03904
3.06857
3.09676
3.12361
3.14908
3.17318
3.19586
3.21713
3.23694
3.25529
3.27217
3.28755
3.30142
3.31377
3.32459
3.33385
3.34155
3.34769
3.35224
3.35521
3.35659
3.35636
3.35451
3.35106
3.34599
3.3393
3.33098
3.32105
3.3095
3.29634
3.28155
-0.539088
-0.490778
-0.441589
-0.391561
-0.340697
-0.289028
-0.236583
-0.183396
-0.129496
-0.0749136
-0.0196863
0.0361571
0.0925828
0.149561
0.20706
0.265044
0.32348
0.382336
0.441577
0.501173
0.561086
0.621282
0.681725
0.742386
0.803223
0.864205
0.925296
0.986459
1.04766
1.10886
1.17003
1.23113
1.29212
1.35296
1.41363
1.47408
1.53428
1.59419
1.65377
1.713
1.77183
1.83022
1.88814
1.94555
2.00243
2.05873
2.11441
2.16944
2.22379
2.27742
2.3303
2.38238
2.43365
2.48406
2.53358
2.58217
2.62981
2.67646
2.7221
2.76668
2.81018
2.85257
2.89383
2.93391
2.97278
3.01044
3.04684
3.08196
3.11577
3.14824
3.17936
3.20909
3.23741
3.26431
3.28975
3.31373
3.33621
3.35719
3.37663
3.39454
3.41087
3.42563
3.4388
3.45036
3.4603
3.46861
3.47527
3.48028
3.48363
3.48531
3.48532
3.48363
3.48026
3.4752
3.46844
3.45997
3.44982
3.43797
3.42442
3.40918
-0.605847
-0.555096
-0.503441
-0.450921
-0.397537
-0.343321
-0.288306
-0.232524
-0.176005
-0.118781
-0.0608864
-0.00235482
0.056786
0.116498
0.176747
0.237501
0.298723
0.360383
0.422446
0.484875
0.547636
0.610694
0.674009
0.737549
0.801277
0.865156
0.929155
0.993228
1.05734
1.12146
1.18554
1.24955
1.31346
1.37721
1.44078
1.50414
1.56722
1.63001
1.69247
1.75455
1.81622
1.87744
1.93817
1.99838
2.05803
2.11707
2.17548
2.23321
2.29023
2.3465
2.40199
2.45666
2.51047
2.56339
2.61538
2.66642
2.71645
2.76546
2.81341
2.86026
2.90599
2.95055
2.99393
3.03608
3.07699
3.11661
3.15492
3.1919
3.2275
3.26171
3.29451
3.32586
3.35574
3.38412
3.41099
3.43633
3.4601
3.4823
3.5029
3.52188
3.53924
3.55494
3.56897
3.58132
3.59198
3.60093
3.60815
3.61365
3.61741
3.61943
3.61968
3.61817
3.6149
3.60985
3.60303
3.59442
3.58404
3.57189
3.55795
3.54225
-0.676349
-0.623049
-0.568816
-0.513699
-0.457687
-0.400815
-0.343116
-0.284625
-0.225374
-0.165393
-0.104717
-0.0433809
0.0185861
0.0811489
0.144267
0.207906
0.272038
0.336624
0.401626
0.467012
0.532746
0.598784
0.665097
0.731644
0.798388
0.865294
0.93232
0.999432
1.06659
1.13375
1.20088
1.26793
1.33488
1.40167
1.46828
1.53466
1.60077
1.66657
1.73203
1.7971
1.86174
1.92592
1.98959
2.05271
2.11526
2.17718
2.23843
2.29899
2.35881
2.41785
2.47607
2.53344
2.58992
2.64548
2.70007
2.75365
2.8062
2.85769
2.90806
2.95729
3.00534
3.0522
3.0978
3.14213
3.18516
3.22685
3.26717
3.30609
3.34359
3.37963
3.41419
3.44724
3.47875
3.50871
3.53708
3.56385
3.58898
3.61247
3.63429
3.65442
3.67284
3.68953
3.70448
3.71767
3.72909
3.73872
3.74655
3.75257
3.75677
3.75914
3.75967
3.75835
3.75519
3.75017
3.74329
3.73455
3.72395
3.71149
3.69716
3.68097
-0.750727
-0.694771
-0.637851
-0.580022
-0.521271
-0.461631
-0.401136
-0.339822
-0.277722
-0.214867
-0.151295
-0.0870349
-0.0221265
0.0434015
0.109511
0.176165
0.243325
0.31096
0.37903
0.447499
0.516328
0.585479
0.654913
0.724595
0.794488
0.86455
0.93474
1.00502
1.07535
1.14569
1.21599
1.28623
1.35635
1.42632
1.4961
1.56564
1.63491
1.70386
1.77245
1.84064
1.90839
1.97566
2.0424
2.10858
2.17416
2.23909
2.30333
2.36684
2.42959
2.49153
2.55262
2.61282
2.67209
2.7304
2.78771
2.84398
2.89916
2.95323
3.00615
3.05788
3.10838
3.15762
3.20557
3.25219
3.29744
3.3413
3.38373
3.4247
3.46419
3.50215
3.53856
3.5734
3.60664
3.63825
3.6682
3.69648
3.72305
3.7479
3.771
3.79233
3.81188
3.82963
3.84555
3.85963
3.87185
3.88221
3.89068
3.89725
3.90192
3.90468
3.90551
3.90441
3.90138
3.8964
3.88947
3.8806
3.86977
3.85699
3.84227
3.8256
-0.829128
-0.770404
-0.710683
-0.650031
-0.588428
-0.525904
-0.462501
-0.398249
-0.333181
-0.267335
-0.200744
-0.133445
-0.0654665
0.00315007
0.0723729
0.142161
0.212478
0.283288
0.354555
0.426234
0.498291
0.570687
0.64338
0.716333
0.789506
0.862856
0.936346
1.00993
1.08357
1.15722
1.23085
1.3044
1.37784
1.45113
1.52422
1.59706
1.66962
1.74186
1.81373
1.88519
1.95618
2.02668
2.09665
2.16602
2.23476
2.30284
2.37021
2.43681
2.50262
2.56759
2.63168
2.69485
2.75705
2.81826
2.87841
2.93748
2.99543
3.05222
3.1078
3.16215
3.21521
3.26696
3.31737
3.36638
3.41398
3.46012
3.50476
3.54789
3.58946
3.62944
3.66781
3.70453
3.73958
3.77292
3.80454
3.83441
3.8625
3.88878
3.91324
3.93584
3.95659
3.97544
3.99239
4.00741
4.02049
4.03162
4.04077
4.04794
4.05311
4.05629
4.05745
4.05658
4.05369
4.04877
4.0418
4.0328
4.02175
4.00866
3.99353
3.97636
-0.911699
-0.850098
-0.787462
-0.723871
-0.659301
-0.593782
-0.52735
-0.46004
-0.391889
-0.322931
-0.2532
-0.182733
-0.111562
-0.0397287
0.0327336
0.105785
0.179387
0.253507
0.328101
0.403124
0.478544
0.554322
0.63041
0.706769
0.783361
0.860144
0.937072
1.0141
1.0912
1.16831
1.24539
1.32241
1.39931
1.47606
1.5526
1.6289
1.70491
1.78058
1.85587
1.93074
2.00513
2.07901
2.15233
2.22504
2.2971
2.36847
2.43911
2.50895
2.57797
2.64612
2.71334
2.77962
2.84489
2.90912
2.97225
3.03427
3.09511
3.15474
3.21312
3.27021
3.32597
3.38036
3.43333
3.48487
3.53492
3.58345
3.63042
3.67581
3.71957
3.76168
3.8021
3.84081
3.87776
3.91293
3.9463
3.97784
4.00752
4.03532
4.06121
4.08517
4.10717
4.12719
4.14523
4.16125
4.17524
4.18718
4.19706
4.20486
4.21058
4.2142
4.21571
4.21511
4.21238
4.20753
4.20053
4.19141
4.18014
4.16674
4.15119
4.13351
-0.998599
-0.934008
-0.868345
-0.801702
-0.734048
-0.66541
-0.595831
-0.525344
-0.453987
-0.381792
-0.308799
-0.235035
-0.160545
-0.0853644
-0.00953276
0.0669123
0.143934
0.221495
0.299552
0.378063
0.456988
0.536281
0.615903
0.695814
0.775966
0.856325
0.936839
1.01747
1.09816
1.17888
1.25958
1.34021
1.42072
1.50108
1.58123
1.66113
1.74074
1.82
1.89886
1.97729
2.05523
2.13264
2.20947
2.28567
2.36121
2.43602
2.51007
2.5833
2.65568
2.72714
2.79767
2.86719
2.93567
3.00307
3.06933
3.13443
3.1983
3.26092
3.32223
3.38219
3.44077
3.49792
3.5536
3.60778
3.66041
3.71145
3.76087
3.80863
3.8547
3.89904
3.94162
3.98241
4.02137
4.05847
4.09369
4.12699
4.15835
4.18774
4.21514
4.24051
4.26385
4.28511
4.3043
4.32137
4.33632
4.34913
4.35979
4.36827
4.37457
4.37867
4.38057
4.38025
4.37771
4.37294
4.36593
4.35668
4.3452
4.33148
4.31551
4.29731
-1.09
-1.0223
-0.953495
-0.883683
-0.812825
-0.74095
-0.668106
-0.594323
-0.519631
-0.444073
-0.367685
-0.290503
-0.21256
-0.133901
-0.0545646
0.0254148
0.105992
0.187131
0.26879
0.35093
0.4335
0.516455
0.599758
0.683367
0.767235
0.851316
0.935566
1.01994
1.1044
1.18888
1.27334
1.35773
1.44202
1.52614
1.61006
1.69372
1.77708
1.86008
1.94268
2.02483
2.10648
2.18758
2.26808
2.34794
2.4271
2.50551
2.58313
2.65991
2.7358
2.81074
2.88471
2.95763
3.02948
3.10019
3.16973
3.23805
3.30511
3.37085
3.43523
3.49822
3.55975
3.6198
3.67832
3.73526
3.7906
3.84428
3.89627
3.94652
3.99502
4.0417
4.08656
4.12953
4.1706
4.20973
4.24689
4.28206
4.31519
4.34626
4.37524
4.40212
4.42686
4.44944
4.46983
4.48803
4.504
4.51773
4.52921
4.53842
4.54533
4.54996
4.55227
4.55226
4.54993
4.54526
4.53825
4.52889
4.51719
4.50315
4.48676
4.46803
-1.18607
-1.11515
-1.04309
-0.969987
-0.895809
-0.820577
-0.744341
-0.667128
-0.58898
-0.509934
-0.430028
-0.349291
-0.267761
-0.185484
-0.102502
-0.0188547
0.0654212
0.150283
0.23569
0.321595
0.40796
0.494736
0.581869
0.669325
0.757062
0.845022
0.933167
1.02145
1.10981
1.19821
1.2866
1.37493
1.46314
1.5512
1.63904
1.72663
1.8139
1.90082
1.98732
2.07335
2.15888
2.24383
2.32817
2.41184
2.49479
2.57697
2.65833
2.73882
2.81837
2.89696
2.97453
3.05102
3.12639
3.20058
3.27355
3.34525
3.41563
3.48465
3.55226
3.6184
3.68304
3.74613
3.80762
3.86748
3.92565
3.9821
4.03679
4.08967
4.1407
4.18986
4.23709
4.28238
4.32567
4.36693
4.40614
4.44326
4.47825
4.5111
4.54176
4.57022
4.59644
4.6204
4.64208
4.66146
4.67852
4.69323
4.70559
4.71556
4.72314
4.72832
4.73108
4.73141
4.72931
4.72476
4.71777
4.70831
4.6964
4.68204
4.66522
4.64594
-1.287
-1.21276
-1.13731
-1.0608
-0.983175
-0.904467
-0.824711
-0.743951
-0.662214
-0.579546
-0.495983
-0.411557
-0.326307
-0.240277
-0.15351
-0.0660436
0.0220738
0.110805
0.20011
0.289935
0.380243
0.470984
0.562112
0.653578
0.745334
0.837335
0.929538
1.02188
1.11432
1.20681
1.29929
1.39171
1.48403
1.57619
1.66813
1.75981
1.85118
1.94218
2.03275
2.12284
2.21241
2.30139
2.38974
2.4774
2.56431
2.65043
2.7357
2.82006
2.90347
2.98586
3.0672
3.14741
3.22646
3.3043
3.38086
3.45611
3.52998
3.60243
3.67341
3.74287
3.81076
3.87704
3.94165
4.00456
4.06572
4.12507
4.18259
4.23823
4.29194
4.34369
4.39344
4.44114
4.48677
4.53028
4.57164
4.61081
4.64778
4.68249
4.71492
4.74505
4.77283
4.79826
4.8213
4.84194
4.86014
4.87589
4.88918
4.89997
4.90826
4.91404
4.91728
4.91799
4.91614
4.91173
4.90476
4.89522
4.88311
4.86842
4.85116
4.83133
-1.39299
-1.3153
-1.23635
-1.15631
-1.07512
-0.992804
-0.909409
-0.824967
-0.739514
-0.653092
-0.565734
-0.47748
-0.388368
-0.298444
-0.207747
-0.116321
-0.0242095
0.0685444
0.161897
0.255799
0.350209
0.44508
0.540355
0.635988
0.731934
0.828149
0.924569
1.02115
1.11784
1.21458
1.31133
1.40802
1.50461
1.60104
1.69727
1.79322
1.88886
1.98411
2.07893
2.17327
2.26706
2.36025
2.45279
2.54461
2.63567
2.7259
2.81525
2.90368
2.9911
3.07749
3.16276
3.24688
3.32979
3.41144
3.49177
3.57072
3.64824
3.72429
3.79881
3.87174
3.94305
4.01268
4.08057
4.14668
4.21096
4.27337
4.33387
4.3924
4.44892
4.50339
4.55578
4.60603
4.65411
4.69998
4.74361
4.78496
4.82399
4.86067
4.89497
4.92686
4.9563
4.98327
5.00775
5.02971
5.04914
5.06599
5.08026
5.09193
5.10098
5.1074
5.11116
5.11227
5.1107
5.10646
5.09953
5.08992
5.0776
5.0626
5.04489
5.0245
-1.50424
-1.42298
-1.34042
-1.25673
-1.17185
-1.0858
-0.998636
-0.91038
-0.821073
-0.730761
-0.639477
-0.547251
-0.454133
-0.360167
-0.265393
-0.169856
-0.0736
0.0233332
0.120889
0.219033
0.317707
0.416864
0.516453
0.616426
0.716731
0.817322
0.918139
1.01913
1.12024
1.22142
1.32261
1.42375
1.5248
1.6257
1.72637
1.82679
1.92687
2.02658
2.12584
2.2246
2.3228
2.42039
2.5173
2.61348
2.70887
2.80341
2.89703
2.98969
3.08133
3.17187
3.26129
3.34949
3.43644
3.52208
3.60634
3.68918
3.77053
3.85035
3.92858
4.00516
4.08004
4.15317
4.2245
4.29397
4.36154
4.42716
4.49077
4.55235
4.61183
4.66916
4.72432
4.77725
4.82792
4.87628
4.92229
4.96593
5.00713
5.04589
5.08215
5.1159
5.14709
5.1757
5.2017
5.22507
5.24577
5.2638
5.27912
5.29172
5.30157
5.30867
5.313
5.31455
5.3133
5.30924
5.30238
5.29269
5.28019
5.26486
5.24671
5.22574
-1.62097
-1.53603
-1.44973
-1.36227
-1.27358
-1.18367
-1.0926
-1.0004
-0.907114
-0.812766
-0.717408
-0.621076
-0.523807
-0.425643
-0.326637
-0.226833
-0.126279
-0.0250116
0.0769214
0.179465
0.282574
0.38619
0.490265
0.594747
0.699584
0.804728
0.910124
1.01571
1.12142
1.22722
1.33304
1.43883
1.54452
1.65006
1.75539
1.86045
1.96519
2.06953
2.17342
2.27681
2.37961
2.48179
2.58327
2.684
2.78391
2.88294
2.98104
3.07814
3.17417
3.26908
3.36281
3.45529
3.54647
3.63628
3.72467
3.81158
3.89695
3.98071
4.06282
4.14323
4.22186
4.29867
4.3736
4.4466
4.51762
4.58661
4.6535
4.71827
4.78085
4.8412
4.89927
4.95502
5.0084
5.05938
5.1079
5.15394
5.19744
5.23839
5.27673
5.31243
5.34547
5.3758
5.40341
5.42826
5.45033
5.4696
5.48604
5.49963
5.51035
5.51818
5.52312
5.52514
5.52423
5.52039
5.51361
5.50387
5.49118
5.47553
5.45693
5.43537
-1.7434
-1.65468
-1.56452
-1.47317
-1.38054
-1.28664
-1.19154
-1.09526
-0.997838
-0.899328
-0.799753
-0.699159
-0.597583
-0.495079
-0.391686
-0.287454
-0.182431
-0.0766694
0.0297953
0.136914
0.244629
0.352883
0.461621
0.570796
0.680347
0.790227
0.900379
1.01074
1.12126
1.23186
1.3425
1.45312
1.56366
1.67404
1.78422
1.89414
2.00371
2.1129
2.22162
2.32983
2.43745
2.54441
2.65067
2.75615
2.86079
2.96453
3.06729
3.16903
3.26966
3.36913
3.46738
3.56433
3.65994
3.75413
3.84683
3.93801
4.02758
4.11548
4.20167
4.28607
4.36864
4.44931
4.52803
4.60473
4.67937
4.75188
4.82223
4.89034
4.95619
5.0197
5.08083
5.13954
5.19579
5.24951
5.30068
5.34925
5.39518
5.43842
5.47895
5.51672
5.5517
5.58386
5.61317
5.6396
5.66312
5.6837
5.70132
5.71597
5.72761
5.73623
5.74181
5.74435
5.74382
5.74022
5.73353
5.72376
5.71089
5.69493
5.67587
5.65371
-1.87179
-1.77916
-1.68504
-1.58967
-1.49297
-1.39496
-1.29568
-1.19518
-1.0935
-0.990661
-0.886729
-0.781729
-0.675698
-0.568692
-0.460756
-0.351935
-0.242289
-0.131847
-0.0206657
0.0911968
0.203686
0.316752
0.430335
0.544384
0.65884
0.773651
0.888752
1.00409
1.1196
1.23521
1.35088
1.46653
1.5821
1.69754
1.81278
1.92774
2.04237
2.15661
2.27038
2.38362
2.49626
2.60823
2.71948
2.82992
2.9395
3.04815
3.1558
3.26238
3.36782
3.47206
3.57504
3.67668
3.77691
3.87567
3.97291
4.06855
4.16252
4.25476
4.34522
4.43383
4.52052
4.60524
4.68792
4.76851
4.84694
4.92317
4.99713
5.06877
5.13803
5.20487
5.26922
5.33105
5.3903
5.44692
5.50087
5.55211
5.60058
5.64625
5.68908
5.72904
5.76607
5.80016
5.83127
5.85936
5.8844
5.90639
5.92527
5.94103
5.95365
5.96311
5.9694
5.97249
5.97238
5.96905
5.96249
5.95269
5.93966
5.92338
5.90386
5.8811
-2.00638
-1.90975
-1.81153
-1.71202
-1.61112
-1.50886
-1.40529
-1.30043
-1.19434
-1.08704
-0.978594
-0.86903
-0.758391
-0.646717
-0.534072
-0.4205
-0.306046
-0.190766
-0.0747032
0.0420905
0.159547
0.277611
0.396226
0.515332
0.63489
0.754828
0.875086
0.995599
1.1163
1.23712
1.35802
1.47891
1.59975
1.72045
1.84095
1.96119
2.08109
2.20059
2.31963
2.43811
2.556
2.6732
2.78965
2.90528
3.02002
3.1338
3.24655
3.3582
3.46867
3.57791
3.68583
3.79236
3.89744
4.001
4.10297
4.20329
4.30187
4.39866
4.49359
4.5866
4.67762
4.76658
4.85343
4.93809
5.02051
5.10063
5.17839
5.25372
5.32658
5.39691
5.46466
5.52976
5.59217
5.65184
5.70872
5.76276
5.81392
5.86215
5.90741
5.94966
5.98886
6.02499
6.058
6.08784
6.11452
6.13797
6.15819
6.17515
6.18881
6.19917
6.20621
6.20991
6.21024
6.20721
6.2008
6.191
6.17781
6.16123
6.14124
6.11786
-2.14747
-2.04671
-1.94428
-1.8405
-1.73529
-1.62865
-1.52063
-1.41128
-1.30063
-1.18873
-1.07561
-0.961319
-0.845906
-0.729409
-0.611883
-0.493382
-0.373954
-0.253651
-0.132521
-0.0106266
0.111982
0.235239
0.359084
0.483459
0.608307
0.733572
0.859192
0.985086
1.11119
1.23745
1.36379
1.49014
1.61644
1.74262
1.86862
1.99435
2.11976
2.24475
2.36927
2.49324
2.61659
2.73924
2.86113
2.98218
3.10231
3.22146
3.33955
3.45649
3.57223
3.68668
3.79977
3.91143
4.02158
4.13016
4.23709
4.34231
4.44572
4.54727
4.6469
4.74452
4.84007
4.93348
5.02469
5.11364
5.20024
5.28445
5.36619
5.44541
5.52205
5.59605
5.66734
5.73589
5.80163
5.8645
5.92446
5.98146
6.03545
6.08637
6.1342
6.17887
6.22036
6.25863
6.29364
6.32536
6.35375
6.37877
6.40041
6.41864
6.43342
6.44474
6.45258
6.45692
6.45775
6.45506
6.44882
6.43903
6.4257
6.40881
6.38837
6.36436
-2.29533
-2.19035
-2.08359
-1.97541
-1.86575
-1.75459
-1.642
-1.528
-1.41265
-1.29599
-1.17805
-1.05888
-0.938527
-0.81703
-0.694454
-0.570849
-0.446271
-0.320761
-0.194375
-0.0671726
0.0607775
0.189419
0.318693
0.448535
0.578891
0.709694
0.84087
0.972363
1.1041
1.236
1.36801
1.50005
1.63204
1.76393
1.89566
2.02712
2.15825
2.28897
2.41922
2.54891
2.67797
2.80631
2.93388
3.06058
3.18635
3.3111
3.43476
3.55724
3.67848
3.79838
3.91689
4.03391
4.14937
4.26321
4.37534
4.48568
4.59415
4.7007
4.80523
4.90769
5.008
5.10608
5.20187
5.2953
5.38629
5.47479
5.56072
5.64401
5.72463
5.80248
5.87753
5.94969
6.01892
6.08516
6.14836
6.20847
6.26543
6.3192
6.36972
6.41696
6.46086
6.5014
6.53853
6.57222
6.60242
6.62911
6.65225
6.67182
6.68779
6.70014
6.70885
6.71389
6.71526
6.71293
6.7069
6.69715
6.68368
6.66649
6.64558
6.62094
-2.45029
-2.34097
-2.22976
-2.11706
-2.00281
-1.887
-1.76969
-1.65091
-1.53071
-1.40912
-1.2862
-1.162
-1.03652
-0.909869
-0.782068
-0.653178
-0.523259
-0.392359
-0.260526
-0.127831
0.00567142
0.139911
0.274826
0.410341
0.546409
0.682963
0.819926
0.957238
1.09482
1.2326
1.3705
1.50847
1.6464
1.78424
1.92192
2.05935
2.19646
2.33316
2.46937
2.60502
2.74003
2.87432
3.00782
3.14043
3.27208
3.40268
3.53216
3.66044
3.78743
3.91304
4.0372
4.15984
4.28086
4.4002
4.51776
4.63346
4.74724
4.85902
4.96871
5.07624
5.18152
5.28451
5.38509
5.48323
5.57883
5.67183
5.76216
5.84974
5.93451
6.01643
6.09539
6.17137
6.24427
6.31406
6.38067
6.44405
6.50415
6.56091
6.61428
6.66422
6.71067
6.75361
6.79298
6.82874
6.86087
6.88931
6.91405
6.93505
6.95229
6.96573
6.97536
6.98116
6.98311
6.98119
6.97539
6.9657
6.95212
6.93464
6.91325
6.88797
-2.61267
-2.4989
-2.38311
-2.26577
-2.1468
-2.0262
-1.90403
-1.78032
-1.6551
-1.52845
-1.40039
-1.27096
-1.14023
-1.00822
-0.875017
-0.740656
-0.605202
-0.468722
-0.331252
-0.192853
-0.0536026
0.086441
0.227205
0.36862
0.510618
0.653148
0.796135
0.939502
1.08317
1.22705
1.37109
1.5152
1.65932
1.80336
1.94725
2.09089
2.23421
2.37714
2.51959
2.66147
2.80269
2.94319
3.08287
3.22165
3.35944
3.49616
3.63173
3.76606
3.89906
4.03064
4.16073
4.28923
4.41607
4.54116
4.66441
4.78574
4.90507
5.02232
5.13741
5.25025
5.36078
5.46889
5.57451
5.67759
5.77802
5.87574
5.97068
6.06276
6.15191
6.23808
6.32118
6.40115
6.47792
6.55145
6.62165
6.68848
6.75188
6.81179
6.86816
6.92094
6.97009
7.01555
7.05728
7.09525
7.1294
7.15972
7.18615
7.20867
7.22725
7.24186
7.25248
7.25909
7.26167
7.2602
7.25467
7.24507
7.23138
7.21362
7.19176
7.16582
-2.78282
-2.66449
-2.54401
-2.4219
-2.29808
-2.17255
-2.04537
-1.91657
-1.7862
-1.6543
-1.52094
-1.38613
-1.24993
-1.11241
-0.973616
-0.833592
-0.692426
-0.550148
-0.406834
-0.262523
-0.117313
0.0287389
0.175568
0.323104
0.471278
0.620009
0.769246
0.918895
1.06888
1.21912
1.36955
1.52007
1.67062
1.82111
1.97146
2.12158
2.2714
2.42082
2.56976
2.71813
2.86584
3.0128
3.15894
3.30416
3.44836
3.59148
3.73341
3.87406
4.01334
4.15117
4.28745
4.4221
4.55502
4.68613
4.81534
4.94256
5.06771
5.1907
5.31145
5.42986
5.54585
5.65934
5.77025
5.8785
5.98402
6.0867
6.18648
6.28329
6.37704
6.46768
6.55511
6.63929
6.72013
6.79757
6.87155
6.942
7.00888
7.07212
7.13165
7.18743
7.23941
7.28755
7.33177
7.37207
7.40838
7.44067
7.46889
7.49302
7.51303
7.5289
7.54058
7.54806
7.55132
7.55035
7.54512
7.53562
7.52185
7.50381
7.48149
7.45488
-2.96111
-2.83812
-2.71283
-2.5858
-2.457
-2.3264
-2.19406
-2.06003
-1.92433
-1.78704
-1.6482
-1.50784
-1.36601
-1.22277
-1.07819
-0.932329
-0.785233
-0.636964
-0.487584
-0.337163
-0.18577
-0.033482
0.119645
0.273518
0.428085
0.583272
0.738991
0.895175
1.05174
1.20859
1.36565
1.52284
1.68009
1.8373
1.99438
2.15125
2.30783
2.46402
2.61972
2.77486
2.92933
3.08305
3.23593
3.38786
3.53877
3.68856
3.83713
3.9844
4.13025
4.27461
4.41736
4.55843
4.69773
4.83514
4.97059
5.10397
5.23521
5.36422
5.49088
5.61513
5.73686
5.85601
5.97246
6.08614
6.19697
6.30486
6.40972
6.51149
6.61008
6.70541
6.79742
6.88601
6.97112
7.05269
7.13065
7.20492
7.27545
7.34218
7.40505
7.464
7.51897
7.56991
7.61679
7.65954
7.69813
7.7325
7.76264
7.78848
7.81001
7.8272
7.84001
7.84843
7.85243
7.85199
7.8471
7.83775
7.82392
7.80561
7.78281
7.75554
-3.14795
-3.02018
-2.88995
-2.75788
-2.62394
-2.48813
-2.35049
-2.21106
-2.06989
-1.92704
-1.78254
-1.63644
-1.4888
-1.33965
-1.1891
-1.0372
-0.883971
-0.729508
-0.57386
-0.417096
-0.259303
-0.100554
0.0590923
0.219554
0.380765
0.542649
0.705113
0.868079
1.03147
1.19519
1.35915
1.52328
1.68751
1.8517
2.01579
2.17969
2.34331
2.50656
2.6693
2.8315
2.99302
3.15379
3.3137
3.47267
3.63057
3.78733
3.94283
4.097
4.24973
4.4009
4.55043
4.69823
4.84418
4.9882
5.13017
5.27002
5.40764
5.54293
5.67581
5.80617
5.93392
6.05899
6.18124
6.30063
6.41705
6.5304
6.64061
6.74757
6.85123
6.9515
7.04829
7.14153
7.23115
7.31705
7.39919
7.47749
7.55188
7.62228
7.68867
7.75094
7.80907
7.86299
7.91265
7.95799
7.99899
8.03558
8.06773
8.0954
8.11854
8.13715
8.15117
8.1606
8.16539
8.16554
8.16103
8.15185
8.13798
8.11941
8.09614
8.06818
-3.34373
-3.21107
-3.07577
-2.93854
-2.79934
-2.65816
-2.51507
-2.37009
-2.22327
-2.07467
-1.92435
-1.77233
-1.61869
-1.46347
-1.30674
-1.14856
-0.989014
-0.828146
-0.666005
-0.50268
-0.338256
-0.172801
-0.00639359
0.160899
0.329
0.497821
0.667289
0.837318
1.0078
1.17865
1.3498
1.52115
1.69259
1.86406
2.03546
2.20669
2.37764
2.54822
2.71833
2.88788
3.05677
3.22488
3.39214
3.55842
3.72363
3.88768
4.05045
4.21182
4.37171
4.53003
4.68664
4.84146
4.99439
5.14529
5.29411
5.44072
5.58502
5.72691
5.86629
6.00306
6.13713
6.26839
6.39674
6.52211
6.64438
6.76346
6.87927
6.99171
7.10069
7.20615
7.30798
7.4061
7.50044
7.59092
7.67746
7.75998
7.83843
7.91271
7.9828
8.0486
8.11004
8.1671
8.21971
8.26779
8.31132
8.35027
8.38455
8.41414
8.439
8.45911
8.47444
8.48494
8.49059
8.49139
8.4873
8.47831
8.46442
8.44561
8.42188
8.39323
-3.5489
-3.41122
-3.27075
-3.1282
-2.98361
-2.83691
-2.68821
-2.53751
-2.38489
-2.23039
-2.07406
-1.91594
-1.75609
-1.59458
-1.43148
-1.26685
-1.10075
-0.933246
-0.764396
-0.594281
-0.422976
-0.250574
-0.07716
0.0972024
0.272438
0.448478
0.62521
0.802548
0.980405
1.15868
1.33728
1.51613
1.69511
1.87415
2.05314
2.23199
2.41059
2.58883
2.7666
2.94382
3.12038
3.29616
3.47108
3.64501
3.81783
3.98948
4.15981
4.32874
4.49614
4.66191
4.82592
4.9881
5.1483
5.30645
5.46242
5.6161
5.76739
5.91618
6.06239
6.20588
6.34656
6.48433
6.61907
6.75069
6.87912
7.00422
7.1259
7.24408
7.35867
7.46957
7.57669
7.67994
7.77925
7.87453
7.9657
8.05267
8.13539
8.21377
8.28774
8.35725
8.42221
8.48258
8.53828
8.58927
8.6355
8.67691
8.71346
8.7451
8.77178
8.79349
8.81019
8.82185
8.82843
8.82992
8.8263
8.81755
8.80366
8.78462
8.76043
8.73108
-3.76391
-3.62112
-3.47533
-3.32734
-3.17719
-3.02485
-2.87037
-2.7138
-2.55519
-2.3946
-2.23208
-2.06768
-1.90144
-1.73345
-1.56376
-1.39244
-1.21958
-1.04522
-0.869431
-0.692285
-0.51387
-0.334285
-0.153601
0.0280987
0.210741
0.394257
0.578527
0.763461
0.948958
1.13493
1.3213
1.50795
1.69478
1.88169
2.06858
2.25536
2.44191
2.62813
2.81389
2.9991
3.18365
3.36743
3.55033
3.73224
3.91304
4.09261
4.27086
4.44766
4.62289
4.79645
4.96822
5.13808
5.30593
5.47162
5.63508
5.79616
5.95478
6.11081
6.26415
6.41468
6.56229
6.70687
6.84831
6.98652
7.12139
7.2528
7.38066
7.50487
7.62533
7.74196
7.85464
7.96328
8.06781
8.16814
8.26418
8.35585
8.44306
8.52574
8.60382
8.67722
8.74588
8.80974
8.86873
8.92277
8.97184
9.01588
9.05483
9.08863
9.11726
9.14067
9.15884
9.17173
9.17931
9.18155
9.17845
9.16997
9.15611
9.13686
9.1122
9.08215
-3.98925
-3.84121
-3.68996
-3.5364
-3.38057
-3.22241
-3.06201
-2.8994
-2.73464
-2.56778
-2.39888
-2.22799
-2.05517
-1.88049
-1.704
-1.5258
-1.34594
-1.1645
-0.981523
-0.797106
-0.611359
-0.424327
-0.236105
-0.0468042
0.143526
0.334776
0.526864
0.719686
0.913131
1.10711
1.30153
1.49627
1.69125
1.88636
2.08148
2.27652
2.47135
2.66587
2.85995
3.05349
3.24638
3.43849
3.62971
3.81995
4.00906
4.19692
4.38344
4.56847
4.75189
4.93359
5.11345
5.29134
5.46716
5.64077
5.81206
5.9809
6.14718
6.31079
6.47161
6.62951
6.78438
6.93611
7.08458
7.22968
7.37131
7.50937
7.6437
7.77423
7.90087
8.02349
8.14203
8.25635
8.36637
8.472
8.57317
8.66975
8.7617
8.84891
8.93132
9.00884
9.08139
9.14893
9.21138
9.26867
9.32074
9.36754
9.40902
9.44513
9.47582
9.50104
9.52078
9.53499
9.54364
9.5467
9.54416
9.53599
9.52219
9.50274
9.47763
9.44687
-4.2254
-4.072
-3.91518
-3.7559
-3.59423
-3.43012
-3.26363
-3.09481
-2.92372
-2.75041
-2.57496
-2.39738
-2.21777
-2.03618
-1.85269
-1.66738
-1.4803
-1.29153
-1.10113
-0.909216
-0.715838
-0.521108
-0.325108
-0.127917
0.0703541
0.269644
0.469835
0.670831
0.872536
1.07482
1.2776
1.48077
1.68421
1.88783
2.09151
2.29514
2.4986
2.70175
2.90451
3.10672
3.30831
3.50911
3.70903
3.90794
4.10572
4.30223
4.49736
4.69099
4.88297
5.07318
5.26151
5.44781
5.63195
5.81385
5.99333
6.17028
6.3446
6.51614
6.68479
6.85041
7.0129
7.17212
7.32796
7.4803
7.62901
7.77401
7.91515
8.05234
8.18545
8.3144
8.43905
8.55934
8.67514
8.78635
8.8929
8.99468
9.0916
9.18359
9.27055
9.3524
9.42907
9.50048
9.56659
9.62729
9.68254
9.73227
9.77644
9.81498
9.84785
9.875
9.89641
9.91203
9.92183
9.92578
9.92386
9.91604
9.90233
9.88269
9.85714
9.82565
-4.47289
-4.31401
-4.15149
-3.98635
-3.81869
-3.64845
-3.47573
-3.30053
-3.12294
-2.943
-2.76079
-2.57636
-2.38975
-2.20104
-2.01032
-1.81766
-1.62314
-1.4268
-1.22874
-1.02905
-0.827815
-0.625109
-0.421054
-0.215721
-0.00918482
0.198437
0.407028
0.616505
0.826753
1.03767
1.24914
1.46104
1.67328
1.88575
2.09833
2.31089
2.5233
2.73548
2.94726
3.15853
3.36915
3.57903
3.788
3.99596
4.2028
4.40834
4.61247
4.81507
5.016
5.2151
5.41227
5.60735
5.80025
5.99078
6.17883
6.36428
6.54701
6.72686
6.9037
7.07743
7.24789
7.41496
7.57852
7.73847
7.89463
8.0469
8.19519
8.33934
8.47926
8.61482
8.74592
8.87247
8.99434
9.11143
9.22364
9.33088
9.43305
9.53005
9.62181
9.70824
9.78924
9.86474
9.93469
9.99901
10.0576
10.1104
10.1574
10.1986
10.2338
10.263
10.2861
10.3033
10.3143
10.3192
10.318
10.3106
10.2969
10.2771
10.2511
10.2189
-4.73226
-4.56776
-4.3994
-4.22828
-4.0545
-3.87798
-3.69883
-3.51709
-3.33284
-3.14609
-2.95693
-2.76541
-2.5716
-2.37557
-2.17741
-1.97718
-1.77497
-1.57083
-1.36485
-1.15712
-0.947739
-0.736802
-0.524405
-0.310657
-0.0956061
0.120651
0.337972
0.556241
0.775367
0.995236
1.2157
1.43669
1.65808
1.87975
2.10158
2.32343
2.54519
2.76671
2.98789
3.20857
3.42864
3.64796
3.86638
4.0838
4.30005
4.51503
4.72856
4.94053
5.15078
5.35917
5.5656
5.76988
5.97188
6.17146
6.36849
6.56284
6.75436
6.94292
7.12835
7.31054
7.48937
7.66468
7.83635
8.00422
8.16819
8.32812
8.48388
8.63537
8.78243
8.92497
9.06284
9.19596
9.32421
9.44747
9.56564
9.67862
9.78632
9.88858
9.98539
10.0766
10.1622
10.242
10.316
10.3842
10.4463
10.5024
10.5524
10.5963
10.6339
10.6653
10.6904
10.7091
10.7215
10.7274
10.7269
10.7199
10.7065
10.6865
10.6601
10.6272
-5.00406
-4.83383
-4.65948
-4.48221
-4.30216
-4.11922
-3.93352
-3.74507
-3.55394
-3.36019
-3.1639
-2.96511
-2.76389
-2.5603
-2.35446
-2.14645
-1.93631
-1.72412
-1.50996
-1.29394
-1.07617
-0.856723
-0.635707
-0.413213
-0.189328
0.0358355
0.26218
0.489568
0.717893
0.947039
1.17688
1.40731
1.6382
1.8694
2.10083
2.33236
2.56384
2.79512
3.02607
3.25656
3.48644
3.71559
3.94387
4.17113
4.39725
4.62204
4.84538
5.06712
5.28714
5.50525
5.72132
5.93518
6.14673
6.35578
6.56221
6.76585
6.96659
7.16423
7.35868
7.54975
7.73734
7.92127
8.10142
8.27764
8.4498
8.61777
8.78139
8.94055
9.09512
9.24497
9.38996
9.53001
9.66496
9.7947
9.91913
10.0381
10.1516
10.2595
10.3616
10.4579
10.5483
10.6327
10.711
10.7831
10.849
10.9085
10.9617
11.0085
11.0487
11.0824
11.1095
11.13
11.1437
11.1508
11.1511
11.1446
11.1313
11.1113
11.0844
11.0507
-5.28886
-5.11276
-4.93232
-4.74877
-4.56231
-4.37279
-4.18034
-3.98499
-3.78683
-3.58591
-3.38228
-3.17603
-2.96719
-2.75585
-2.5421
-2.32604
-2.10773
-1.88725
-1.66468
-1.44011
-1.21364
-0.98541
-0.755473
-0.523924
-0.290905
-0.0565066
0.179173
0.415996
0.653858
0.892618
1.13216
1.37237
1.61311
1.85427
2.0957
2.33726
2.57881
2.82024
3.06137
3.30206
3.5422
3.7816
4.02013
4.25768
4.49405
4.7291
4.96268
5.19465
5.42484
5.65309
5.87924
6.10315
6.32465
6.54362
6.75986
6.97324
7.18359
7.3908
7.59466
7.79503
7.9918
8.18478
8.37382
8.5588
8.73954
8.91592
9.0878
9.25504
9.41748
9.57499
9.72746
9.87475
10.0168
10.1533
10.2843
10.4097
10.5293
10.643
10.7507
10.8524
10.9478
11.037
11.1198
11.1962
11.266
11.3292
11.3858
11.4356
11.4786
11.5147
11.544
11.5662
11.5815
11.5898
11.5909
11.585
11.572
11.5518
11.5245
11.4901
-5.58727
-5.40517
-5.21848
-5.02852
-4.83549
-4.63924
-4.43989
-4.2375
-4.03212
-3.82383
-3.61269
-3.39875
-3.18209
-2.96277
-2.7409
-2.51658
-2.28985
-2.06081
-1.82955
-1.59617
-1.36076
-1.12341
-0.884261
-0.643393
-0.40094
-0.156971
0.0883971
0.335002
0.582745
0.831475
1.08106
1.33142
1.58241
1.83386
2.08568
2.33768
2.5897
2.84168
3.09341
3.34473
3.5955
3.8456
4.09484
4.34306
4.59012
4.83588
5.08016
5.3228
5.56361
5.80244
6.03913
6.27354
6.50549
6.7348
6.96131
7.18486
7.40531
7.62248
7.83622
8.04636
8.25272
8.45516
8.65353
8.8477
9.03743
9.22264
9.40318
9.57886
9.74957
9.91516
10.0755
10.2304
10.3798
10.5235
10.6615
10.7935
10.9195
11.0394
11.153
11.2603
11.3611
11.4553
11.5429
11.6237
11.6977
11.7648
11.8249
11.878
11.9239
11.9626
11.9941
12.0183
12.0352
12.0447
12.0469
12.0416
12.0288
12.0086
11.9809
11.9457
-5.89989
-5.71165
-5.51861
-5.32209
-5.12232
-4.91919
-4.7128
-4.5032
-4.29044
-4.07457
-3.85571
-3.63391
-3.40921
-3.18172
-2.9515
-2.71866
-2.48329
-2.24544
-2.00523
-1.76274
-1.51807
-1.27138
-1.02272
-0.772222
-0.519991
-0.266125
-0.010752
0.245978
0.503941
0.763013
1.02307
1.28394
1.54551
1.80767
2.07026
2.3331
2.59608
2.85899
3.12172
3.3841
3.64599
3.90718
4.16755
4.42694
4.68516
4.94207
5.19749
5.45126
5.70317
5.95306
6.20078
6.44613
6.68896
6.92911
7.16635
7.40056
7.63156
7.85919
8.08325
8.30359
8.52004
8.73241
8.94054
9.1443
9.34351
9.53798
9.72759
9.91216
10.0915
10.2656
10.4342
10.5971
10.7543
10.9055
11.0508
11.1898
11.3226
11.449
11.5688
11.682
11.7884
11.888
11.9806
12.0661
12.1445
12.2157
12.2795
12.336
12.385
12.4265
12.4604
12.4867
12.5053
12.5162
12.5193
12.5147
12.5022
12.482
12.4539
12.4179
-6.22735
-6.03284
-5.83329
-5.63008
-5.42347
-5.21331
-4.9997
-4.78271
-4.56238
-4.33881
-4.11205
-3.88216
-3.64922
-3.4133
-3.17453
-2.93294
-2.68866
-2.44177
-2.19232
-1.94047
-1.6863
-1.42993
-1.17145
-0.910987
-0.648688
-0.384593
-0.118888
0.14832
0.416863
0.68665
0.957505
1.22929
1.50188
1.77514
2.04891
2.32303
2.59733
2.87164
3.1458
3.41969
3.69313
3.96592
4.23789
4.50891
4.77877
5.0473
5.31433
5.57967
5.84318
6.10463
6.36386
6.62065
6.87488
7.12633
7.37482
7.62017
7.86221
8.10077
8.33564
8.56666
8.79366
9.01644
9.23483
9.44866
9.65777
9.86197
10.0611
10.255
10.4435
10.6264
10.8036
10.975
11.1403
11.2995
11.4524
11.5989
11.7387
11.8719
11.9983
12.1177
12.23
12.3352
12.4331
12.5236
12.6066
12.6821
12.7499
12.81
12.8623
12.9067
12.9432
12.9717
12.9921
13.0045
13.0087
13.0048
12.9927
12.9725
12.944
12.9073
-6.57027
-6.36937
-6.1632
-5.95318
-5.73958
-5.52223
-5.30125
-5.07672
-4.84867
-4.61717
-4.38233
-4.14419
-3.90278
-3.65825
-3.41066
-3.16012
-2.9067
-2.65048
-2.39157
-2.13006
-1.86607
-1.59973
-1.33116
-1.06044
-0.787705
-0.513064
-0.23664
0.0413645
0.320876
0.601744
0.883806
1.1669
1.45091
1.73566
2.02103
2.30686
2.59292
2.87908
3.16516
3.45102
3.73646
4.02129
4.30536
4.58848
4.87047
5.15114
5.43028
5.70774
5.9833
6.25681
6.52804
6.79681
7.06293
7.3262
7.58643
7.84345
8.09706
8.34706
8.59327
8.83547
9.0735
9.30718
9.53632
9.76071
9.98018
10.1946
10.4037
10.6073
10.8054
10.9976
11.184
11.3642
11.5381
11.7056
11.8665
12.0208
12.1681
12.3085
12.4417
12.5676
12.6862
12.7973
12.9008
12.9965
13.0845
13.1645
13.2365
13.3004
13.3561
13.4037
13.4428
13.4737
13.4961
13.51
13.5155
13.5123
13.5007
13.4804
13.4515
13.4141
-6.9293
-6.72191
-6.509
-6.29202
-6.07129
-5.84664
-5.61815
-5.38591
-5.14999
-4.91041
-4.66728
-4.42066
-4.17064
-3.91728
-3.66067
-3.40091
-3.1381
-2.87233
-2.60366
-2.33225
-2.05816
-1.78156
-1.50255
-1.22125
-0.937763
-0.652226
-0.364759
-0.0755466
0.2153
0.507622
0.801264
1.09611
1.39194
1.68863
1.98605
2.28399
2.58229
2.88077
3.17923
3.47749
3.77543
4.07282
4.36944
4.66517
4.95978
5.25309
5.54489
5.83496
6.12316
6.40923
6.69301
6.97427
7.25282
7.52845
7.80097
8.07018
8.33586
8.59783
8.85587
9.1098
9.35943
9.6045
9.84488
10.0803
10.3107
10.5358
10.7554
10.9693
11.1774
11.3794
11.5753
11.7647
11.9477
12.1239
12.2933
12.4557
12.6109
12.7588
12.8993
13.0321
13.1573
13.2746
13.384
13.4852
13.5783
13.6631
13.7396
13.8075
13.8669
13.9177
13.9598
13.9931
14.0176
14.0332
14.0399
14.0377
14.0264
14.0062
13.977
13.9388
-7.30515
-7.0911
-6.87134
-6.64732
-6.41934
-6.18724
-5.95113
-5.71102
-5.46702
-5.21921
-4.96766
-4.7124
-4.45351
-4.19111
-3.92526
-3.65607
-3.38364
-3.10805
-2.82939
-2.54776
-2.26333
-1.97617
-1.68642
-1.39419
-1.09961
-0.802816
-0.503961
-0.203163
0.0993935
0.403548
0.709203
1.01616
1.32425
1.63336
1.94325
2.25376
2.56473
2.87599
3.18732
3.49855
3.80946
4.11988
4.42962
4.73844
5.0462
5.3527
5.65767
5.96094
6.26226
6.56148
6.85835
7.15268
7.44419
7.73273
8.01808
8.30005
8.57838
8.85286
9.1233
9.38949
9.65119
9.90826
10.1604
10.4075
10.6493
10.8855
11.1161
11.3408
11.5594
11.7717
11.9776
12.1768
12.3692
12.5547
12.7329
12.9039
13.0674
13.2232
13.3713
13.5114
13.6434
13.7673
13.8828
13.9899
14.0885
14.1783
14.2594
14.3317
14.3949
14.4492
14.4943
14.5303
14.557
14.5744
14.5825
14.5812
14.5705
14.5503
14.5208
14.4817
-7.69842
-7.47768
-7.25095
-7.01976
-6.78442
-6.54475
-6.30087
-6.05277
-5.80059
-5.54437
-5.2842
-5.02011
-4.75221
-4.48056
-4.20527
-3.92643
-3.64413
-3.35847
-3.06954
-2.77744
-2.48233
-2.18433
-1.88353
-1.58007
-1.27406
-0.965703
-0.655074
-0.342344
-0.0276744
0.288773
0.606816
0.926313
1.24709
1.56901
1.89186
2.21544
2.53957
2.86411
3.18881
3.51344
3.83788
4.16186
4.48522
4.80776
5.12922
5.44941
5.7681
6.0851
6.40016
6.71308
7.02359
7.33153
7.63663
7.93868
8.23744
8.5327
8.82426
9.11187
9.39531
9.67429
9.94871
10.2183
10.4828
10.742
10.9957
11.2437
11.4858
11.7218
11.9514
12.1745
12.3909
12.6004
12.8027
12.9978
13.1854
13.3654
13.5376
13.7017
13.8578
14.0056
14.1449
14.2757
14.3977
14.511
14.6152
14.7104
14.7964
14.8732
14.9405
14.9984
15.0468
15.0856
15.1146
15.134
15.1435
15.1433
15.1331
15.1131
15.0832
15.0434
-8.10984
-7.88226
-7.64852
-7.41007
-7.16729
-6.91994
-6.66814
-6.41197
-6.15144
-5.88669
-5.61772
-5.34467
-5.06753
-4.78646
-4.50151
-4.2128
-3.92043
-3.62444
-3.32501
-3.02217
-2.71609
-2.40694
-2.0948
-1.77976
-1.46202
-1.14168
-0.818941
-0.493885
-0.166742
0.162358
0.493254
0.825752
1.15968
1.49485
1.83112
2.16826
2.50606
2.84436
3.18292
3.52155
3.85998
4.1981
4.53565
4.87237
5.20813
5.54261
5.87562
6.20692
6.53629
6.86347
7.18827
7.51043
7.8297
8.14583
8.45862
8.7678
9.0732
9.3745
9.6715
9.96397
10.2516
10.5343
10.8117
11.0837
11.3499
11.6103
11.8644
12.1122
12.3535
12.5879
12.8153
13.0355
13.2483
13.4535
13.6509
13.8404
14.0216
14.1946
14.359
14.5148
14.6619
14.7999
14.9288
15.0485
15.1588
15.2596
15.3508
15.4323
15.504
15.5658
15.6176
15.6593
15.6909
15.7123
15.7234
15.7242
15.7148
15.6949
15.6647
15.624
-8.5401
-8.30563
-8.06479
-7.81902
-7.56867
-7.31355
-7.05379
-6.78936
-6.52041
-6.24693
-5.96908
-5.68687
-5.40037
-5.10967
-4.81488
-4.5161
-4.2134
-3.9069
-3.59666
-3.28284
-2.96553
-2.64489
-2.32109
-1.99422
-1.66438
-1.33173
-0.996436
-0.658688
-0.318647
0.0235226
0.36766
0.713559
1.06112
1.41005
1.76018
2.11136
2.46334
2.81592
3.16888
3.522
3.87506
4.22782
4.58013
4.93169
5.28223
5.6316
5.9795
6.32575
6.67007
7.01217
7.35184
7.6888
8.02288
8.35377
8.68119
9.00494
9.32475
9.64039
9.95162
10.2581
10.5597
10.8561
11.1471
11.4324
11.7117
11.985
12.2518
12.512
12.7654
13.0116
13.2506
13.4821
13.7059
13.9217
14.1294
14.3288
14.5197
14.7019
14.8752
15.0394
15.1945
15.3401
15.4763
15.6028
15.7195
15.8262
15.9229
16.0094
16.0857
16.1515
16.207
16.2518
16.2861
16.3096
16.3224
16.3245
16.3157
16.296
16.2655
16.2241
-8.98992
-8.74845
-8.50049
-8.24735
-7.98938
-7.72641
-7.45856
-7.18581
-6.90829
-6.62606
-6.33912
-6.04763
-5.75163
-5.45114
-5.14631
-4.83723
-4.524
-4.20671
-3.88548
-3.56041
-3.23161
-2.89924
-2.56343
-2.22432
-1.88202
-1.53675
-1.18863
-0.837794
-0.484442
-0.128722
0.229064
0.588836
0.950448
1.31365
1.67817
2.04385
2.41052
2.77791
3.14581
3.51397
3.88222
4.25027
4.61784
4.98482
5.35085
5.71571
6.07916
6.44094
6.8008
7.15847
7.51366
7.86613
8.21563
8.56188
8.90462
9.24358
9.57852
9.90918
10.2352
10.5564
10.8725
11.1833
11.4885
11.7877
12.0809
12.3676
12.6477
12.9209
13.187
13.4458
13.6969
13.9402
14.1755
14.4025
14.621
14.8308
15.0318
15.2236
15.4062
15.5794
15.7429
15.8966
16.0404
16.174
16.2974
16.4104
16.5129
16.6047
16.6858
16.7559
16.8152
16.8634
16.9004
16.9263
16.9409
16.9443
16.9362
16.9168
16.886
16.8438
-9.46004
-9.21156
-8.95639
-8.69585
-8.43021
-8.15933
-7.88332
-7.6022
-7.31602
-7.02489
-6.7288
-6.42787
-6.1222
-5.8118
-5.49675
-5.1772
-4.85324
-4.52496
-4.19247
-3.85589
-3.51532
-3.17094
-2.82283
-2.47121
-2.11617
-1.75786
-1.39645
-1.03216
-0.665101
-0.295474
0.0765111
0.450604
0.826705
1.20461
1.58402
1.96474
2.34667
2.72942
3.11283
3.49667
3.88061
4.26448
4.64804
5.03101
5.41312
5.79412
6.17376
6.55175
6.92782
7.30166
7.67306
8.0417
8.40732
8.76963
9.12835
9.48322
9.83394
10.1802
10.5218
10.8584
11.1898
11.5156
11.8356
12.1494
12.457
12.7579
13.0519
13.3388
13.6182
13.89
14.1539
14.4096
14.657
14.8957
15.1256
15.3464
15.5579
15.76
15.9523
16.1348
16.3072
16.4694
16.6212
16.7624
16.8928
17.0124
17.1209
17.2184
17.3045
17.3793
17.4425
17.4943
17.5343
17.5626
17.5792
17.5839
17.5767
17.5575
17.5265
17.4835
-9.95117
-9.69566
-9.43326
-9.16528
-8.89197
-8.61318
-8.32898
-8.03939
-7.7445
-7.44439
-7.13906
-6.82858
-6.51309
-6.19261
-5.86723
-5.53704
-5.20215
-4.86267
-4.5187
-4.17037
-3.81778
-3.46107
-3.1004
-2.73591
-2.36777
-1.99608
-1.62105
-1.24286
-0.861712
-0.477788
-0.0912331
0.297691
0.688788
1.08191
1.47674
1.87309
2.2707
2.66939
3.06893
3.46893
3.86924
4.26958
4.66972
5.06933
5.46821
5.866
6.26246
6.65732
7.05027
7.44102
7.8293
8.21483
8.59727
8.97635
9.35175
9.72322
10.0905
10.4531
10.811
11.1637
11.511
11.8525
12.188
12.5172
12.8398
13.1556
13.4642
13.7653
14.0588
14.3443
14.6215
14.8902
15.1503
15.4013
15.6431
15.8754
16.0981
16.3108
16.5135
16.7057
16.8875
17.0586
17.2188
17.3679
17.5058
17.6323
17.7472
17.8505
17.9421
18.0216
18.0892
18.1446
18.1879
18.2188
18.2374
18.2435
18.2372
18.2185
18.1872
18.1433
-10.4641
-10.2015
-9.93196
-9.65654
-9.37555
-9.08882
-8.7964
-8.49832
-8.19469
-7.88552
-7.57084
-7.25077
-6.92536
-6.59467
-6.25879
-5.91785
-5.57185
-5.22096
-4.86529
-4.50495
-4.14007
-3.7708
-3.39727
-3.01958
-2.63799
-2.2526
-1.86362
-1.47117
-1.07549
-0.676764
-0.275221
0.128991
0.535573
0.944398
1.35522
1.76766
2.18163
2.59682
3.01295
3.4298
3.84707
4.26451
4.68187
5.09878
5.51506
5.93034
6.34433
6.75677
7.16737
7.57573
7.98164
8.38472
8.78474
9.18133
9.57419
9.96299
10.3475
10.7272
11.1021
11.4716
11.8355
12.1935
12.5453
12.8906
13.229
13.5603
13.8841
14.2003
14.5084
14.8082
15.0995
15.3819
15.6552
15.9191
16.1734
16.4178
16.6522
16.8762
17.0896
17.2922
17.4838
17.6642
17.8333
17.9907
18.1365
18.2702
18.3919
18.5014
18.5986
18.6833
18.7553
18.8147
18.8613
18.895
18.9157
18.9235
18.9182
18.8998
18.8683
18.8236
-10.9995
-10.73
-10.4533
-10.1705
-9.88184
-9.58718
-9.28655
-8.97999
-8.66754
-8.3493
-8.02528
-7.69549
-7.3601
-7.01911
-6.67259
-6.32066
-5.96346
-5.60099
-5.23343
-4.8609
-4.48348
-4.10136
-3.71468
-3.32352
-2.92814
-2.52872
-2.12535
-1.71824
-1.30758
-0.893678
-0.476682
-0.0567376
0.365891
0.790903
1.21816
1.64731
2.07817
2.51048
2.94386
3.37814
3.81304
4.24825
4.68348
5.11837
5.55271
5.98623
6.41846
6.84916
7.27809
7.70486
8.12908
8.55054
8.96887
9.38369
9.79471
10.2017
10.6042
11.0019
11.3944
11.7816
12.1629
12.5381
12.9069
13.269
13.624
13.9715
14.3114
14.6432
14.9667
15.2816
15.5875
15.8842
16.1714
16.4489
16.7164
16.9735
17.2201
17.4559
17.6806
17.8941
18.096
18.2863
18.4646
18.6308
18.7848
18.9263
19.0551
19.1711
19.2742
19.3643
19.4411
19.5046
19.5548
19.5914
19.6145
19.6239
19.6197
19.6017
19.57
19.5245
-11.5583
-11.2819
-10.9981
-10.708
-10.4117
-10.1092
-9.8004
-9.48535
-9.16416
-8.8368
-8.50336
-8.16389
-7.81841
-7.46703
-7.10981
-6.74683
-6.37821
-6.00402
-5.62437
-5.23942
-4.84927
-4.45402
-4.05393
-3.64906
-3.23957
-2.82567
-2.40755
-1.98544
-1.55948
-1.1299
-0.696907
-0.260692
0.178353
0.620128
1.06438
1.51081
1.95909
2.40909
2.86042
3.31274
3.76588
4.21952
4.67329
5.12696
5.58012
6.03249
6.48369
6.93346
7.38144
7.82735
8.27073
8.71136
9.14879
9.58267
10.0127
10.4385
10.8598
11.2763
11.6874
12.0929
12.4925
12.8857
13.2723
13.6519
14.0242
14.3888
14.7454
15.0937
15.4333
15.7639
16.0853
16.397
16.6989
16.9905
17.2718
17.5422
17.8017
18.0498
18.2864
18.5113
18.7241
18.9247
19.1128
19.2882
19.4508
19.6004
19.7367
19.8596
19.969
20.0647
20.1465
20.2145
20.2684
20.3081
20.3336
20.3449
20.3418
20.3243
20.2924
20.246
-12.1412
-11.858
-11.5673
-11.27
-10.9662
-10.6559
-10.339
-10.0155
-9.68557
-9.34915
-9.00634
-8.65711
-8.30153
-7.9397
-7.57171
-7.19756
-6.81738
-6.43136
-6.03946
-5.64189
-5.23875
-4.83019
-4.41636
-3.99747
-3.57357
-3.14492
-2.7117
-2.27418
-1.83243
-1.3868
-0.937385
-0.484487
-0.0283604
0.430689
0.892449
1.35667
1.82307
2.29136
2.76123
3.23232
3.70433
4.17703
4.6501
5.12316
5.5959
6.06794
6.5389
7.00852
7.47641
7.94217
8.40556
8.86607
9.32344
9.77724
10.2271
10.6727
11.1136
11.5495
11.9801
12.4048
12.8234
13.2355
13.6407
14.0387
14.4291
14.8116
15.1857
15.5512
15.9077
16.2548
16.5923
16.9198
17.237
17.5436
17.8392
18.1237
18.3966
18.6578
18.9069
19.1437
19.3679
19.5793
19.7777
19.9629
20.1345
20.2926
20.4367
20.5669
20.6829
20.7845
20.8717
20.9442
21.0021
21.0451
21.0733
21.0864
21.0846
21.0676
21.0356
20.9884
-12.749
-12.4592
-12.1618
-11.8574
-11.5463
-11.2282
-10.9033
-10.5715
-10.233
-9.88756
-9.53533
-9.17638
-8.81073
-8.43841
-8.05958
-7.67424
-7.28244
-6.88434
-6.48012
-6.06974
-5.65342
-5.23129
-4.80351
-4.37028
-3.93169
-3.48796
-3.03932
-2.58592
-2.12801
-1.66581
-1.19958
-0.729485
-0.255907
0.221003
0.700927
1.18355
1.66861
2.1558
2.64481
3.13535
3.62701
4.11955
4.61262
5.10581
5.59883
6.09126
6.58279
7.07304
7.56164
8.04821
8.53232
9.01366
9.49178
9.9663
10.4369
10.903
11.3645
11.8208
12.2716
12.7164
13.1549
13.5867
14.0114
14.4287
14.838
15.2391
15.6316
16.0151
16.3893
16.7538
17.1081
17.4522
17.7854
18.1076
18.4184
18.7175
19.0046
19.2794
19.5416
19.7909
20.0271
20.25
20.4592
20.6545
20.8357
21.0027
21.1551
21.2929
21.4158
21.5237
21.6165
21.6939
21.756
21.8025
21.8334
21.8486
21.848
21.8317
21.7995
21.7514
-13.3827
-13.0865
-12.7824
-12.4712
-12.1529
-11.8273
-11.4946
-11.1546
-10.8075
-10.4531
-10.0917
-9.72303
-9.34733
-8.96456
-8.57482
-8.17821
-7.77475
-7.36454
-6.94778
-6.5245
-6.09479
-5.65894
-5.21697
-4.7691
-4.31553
-3.85639
-3.39191
-2.92231
-2.44787
-1.96871
-1.48514
-0.997364
-0.505712
-0.0104686
0.488158
0.989743
1.49412
2.00088
2.50974
3.02038
3.5324
4.04549
4.55925
5.0734
5.58749
6.10118
6.61405
7.12574
7.63591
8.14406
8.64985
9.15281
9.65261
10.1487
10.6409
11.1286
11.6114
12.0891
12.5609
13.0268
13.4861
13.9385
14.3836
14.8209
15.2501
15.6707
16.0825
16.4849
16.8775
17.2601
17.6322
17.9935
18.3436
18.6822
19.0088
19.3233
19.6252
19.9143
20.1903
20.4528
20.7016
20.9363
21.1569
21.3629
21.5542
21.7305
21.8917
22.0375
22.1677
22.2822
22.3808
22.4634
22.5299
22.5801
22.6139
22.6313
22.6322
22.6165
22.5842
22.5352
-14.043
-13.7406
-13.4303
-13.1124
-12.7871
-12.4543
-12.1139
-11.7659
-11.4104
-11.0473
-10.6767
-10.2984
-9.91274
-9.51954
-9.11895
-8.71104
-8.29587
-7.87347
-7.44408
-7.00776
-6.56454
-6.11469
-5.65835
-5.19563
-4.72674
-4.25192
-3.77134
-3.28518
-2.79368
-2.2971
-1.79574
-1.28986
-0.779628
-0.265416
0.252444
0.773651
1.29793
1.82494
2.35426
2.88573
3.41879
3.95317
4.48849
5.02431
5.56035
6.0961
6.63117
7.16519
7.69772
8.22834
8.7567
9.28225
9.8046
10.3233
10.8379
11.348
11.8533
12.3531
12.8471
13.3349
13.8159
14.2899
14.7562
15.2146
15.6645
16.1056
16.5374
16.9596
17.3717
17.7732
18.1638
18.5432
18.911
19.2667
19.61
19.9406
20.2581
20.5622
20.8525
21.1288
21.3908
21.6381
21.8706
22.0878
22.2896
22.4758
22.6461
22.8003
22.9382
23.0597
23.1645
23.2525
23.3236
23.3777
23.4146
23.4343
23.4367
23.4217
23.3893
23.3395
-14.7308
-14.4227
-14.1063
-13.7821
-13.4502
-13.1103
-12.7625
-12.4068
-12.043
-11.6714
-11.2917
-10.904
-10.5084
-10.1049
-9.69349
-9.2743
-8.8474
-8.41283
-7.97069
-7.52122
-7.06438
-6.60038
-6.12947
-5.65161
-5.16718
-4.67634
-4.17922
-3.67616
-3.16731
-2.6529
-2.13329
-1.60868
-1.07941
-0.545739
-0.00800104
0.533382
1.07824
1.62613
2.17677
2.7297
3.28456
3.84098
4.39864
4.95704
5.51576
6.07441
6.63252
7.18973
7.7456
8.29966
8.85131
9.40036
9.94626
10.4885
11.0266
11.5601
12.0887
12.6117
13.1288
13.6394
14.1432
14.6397
15.1283
15.6086
16.0802
16.5426
16.9955
17.4384
17.8707
18.2921
18.7022
19.1005
19.4868
19.8604
20.2212
20.5687
20.9025
21.2223
21.5278
21.8186
22.0944
22.3548
22.5998
22.8288
23.0417
23.2382
23.4181
23.5811
23.7271
23.8559
23.9672
24.061
24.137
24.1951
24.2353
24.2575
24.2615
24.2473
24.2148
24.1641
-15.4471
-15.1335
-14.8115
-14.4814
-14.1431
-13.7966
-13.4416
-13.0784
-12.7067
-12.3267
-11.9383
-11.5413
-11.1359
-10.7222
-10.3001
-9.86969
-9.43105
-8.9843
-8.52947
-8.0667
-7.59611
-7.11786
-6.6321
-6.13901
-5.63874
-5.13162
-4.61772
-4.0973
-3.57067
-3.03805
-2.49971
-1.95599
-1.40705
-0.853344
-0.295238
0.267039
0.833107
1.40261
1.97513
2.55037
3.12784
3.70707
4.28777
4.86954
5.45188
6.0343
6.61641
7.19769
7.77778
8.35614
8.93233
9.50581
10.0762
10.6429
11.2054
11.7634
12.3162
12.8635
13.4047
13.9392
14.4667
14.9867
15.4985
16.0018
16.4961
16.981
17.4558
17.9203
18.3738
18.816
19.2464
19.6646
20.0702
20.4627
20.8417
21.2069
21.5578
21.8941
22.2154
22.5214
22.8117
23.086
23.344
23.5853
23.8099
24.0172
24.2072
24.3796
24.534
24.6704
24.7886
24.8884
24.9696
25.032
25.0757
25.1004
25.1061
25.0927
25.0602
25.0086
-16.1928
-15.8741
-15.547
-15.2114
-14.8671
-14.5143
-14.1526
-13.7822
-13.403
-13.0148
-12.6179
-12.2119
-11.7969
-11.3731
-10.9405
-10.499
-10.0487
-9.58971
-9.12218
-8.64613
-8.16167
-7.66909
-7.16836
-6.65978
-6.14349
-5.61973
-5.08881
-4.55075
-4.00591
-3.45463
-2.89717
-2.33376
-1.76462
-1.19037
-0.611232
-0.0275567
0.560375
1.15218
1.74738
2.34563
2.94642
3.54935
4.15406
4.76003
5.3668
5.97387
6.58081
7.18729
7.79251
8.3962
8.99784
9.59681
10.1926
10.7849
11.373
11.9563
12.5345
13.1071
13.6734
14.2329
14.7851
15.3296
15.8657
16.3931
16.9111
17.4192
17.9171
18.4041
18.8799
19.3438
19.7955
20.2345
20.6603
21.0725
21.4707
21.8543
22.2232
22.5767
22.9146
23.2365
23.542
23.8308
24.1025
24.3569
24.5936
24.8123
25.0129
25.195
25.3584
25.5028
25.6282
25.7343
25.8209
25.8879
25.9352
25.9627
25.9702
25.9577
25.9252
25.8726
-16.9687
-16.6457
-16.3139
-15.9732
-15.6236
-15.2648
-14.8969
-14.5197
-14.1332
-13.7374
-13.3321
-12.9174
-12.4932
-12.0595
-11.6165
-11.164
-10.7022
-10.231
-9.75082
-9.26153
-8.7632
-8.25605
-7.74029
-7.21604
-6.68357
-6.14294
-5.59458
-5.03862
-4.47523
-3.90485
-3.32771
-2.7441
-2.15448
-1.55909
-0.95825
-0.352409
0.258001
0.872736
1.49135
2.11342
2.73836
3.36574
3.99529
4.62632
5.25843
5.8911
6.52397
7.15636
7.7879
8.41787
9.04596
9.67138
10.2938
10.9126
11.5273
12.1372
12.7418
13.3407
13.9332
14.5187
15.0968
15.6669
16.2285
16.7809
17.3236
17.8562
18.3781
18.8888
19.3877
19.8744
20.3484
20.8091
21.2561
21.6889
22.107
22.5102
22.8977
23.2694
23.6246
23.9632
24.2846
24.5886
24.8747
25.1427
25.3921
25.6228
25.8345
26.0268
26.1995
26.3524
26.4854
26.598
26.6904
26.7622
26.8133
26.8437
26.8531
26.8416
26.8091
26.7555
-17.776
-17.4492
-17.1133
-16.7681
-16.4136
-16.0495
-15.6758
-15.2923
-14.8991
-14.4959
-14.0828
-13.6596
-13.2264
-12.7832
-12.3301
-11.8668
-11.3936
-10.9104
-10.4175
-9.91498
-9.40277
-8.88111
-8.35012
-7.81009
-7.26114
-6.70355
-6.1375
-5.56321
-4.98094
-4.39113
-3.79391
-3.1897
-2.57887
-1.96179
-1.33872
-0.710086
-0.0763391
0.562158
1.20477
1.85138
2.50131
3.15402
3.80926
4.46627
5.12468
5.78395
6.4436
7.10298
7.7616
8.41901
9.0746
9.72775
10.3778
11.0242
11.6665
12.304
12.9363
13.5625
14.1825
14.7951
15.4002
15.9971
16.585
17.1636
17.7323
18.2904
18.8375
19.3728
19.896
20.4065
20.9037
21.3871
21.8563
22.3107
22.7498
23.1732
23.5804
23.9709
24.3444
24.7004
25.0385
25.3584
25.6596
25.9418
26.2047
26.4479
26.6711
26.8742
27.0567
27.2185
27.3593
27.479
27.5773
27.6542
27.7093
27.7427
27.7542
27.7437
27.7112
27.6567
-18.6158
-18.2857
-17.9464
-17.5975
-17.2386
-16.8699
-16.4909
-16.1017
-15.7021
-15.2922
-14.8716
-14.4405
-13.9987
-13.5462
-13.0832
-12.6094
-12.1249
-11.63
-11.1245
-10.6088
-10.0828
-9.54649
-9.0003
-8.44434
-7.87881
-7.30391
-6.71996
-6.12712
-5.52562
-4.91588
-4.2982
-3.6729
-3.04032
-2.40091
-1.75496
-1.10295
-0.445405
0.217484
0.885127
1.55701
2.23271
2.91171
3.59339
4.2774
4.96309
5.64989
6.33728
7.02477
7.71169
8.39756
9.08163
9.76345
10.4422
11.1176
11.7887
12.455
13.1159
13.7708
14.4191
15.0602
15.6934
16.3181
16.9338
17.5398
18.1354
18.7201
19.2934
19.8546
20.4032
20.9385
21.4601
21.9673
22.4596
22.9366
23.3976
23.8422
24.27
24.6803
25.0729
25.4471
25.8027
26.1392
26.4562
26.7533
27.0302
27.2865
27.522
27.7362
27.929
28.1001
28.2493
28.3763
28.4809
28.563
28.6224
28.659
28.6726
28.6633
28.6308
28.5753
-19.4889
-19.1565
-18.8145
-18.4626
-18.1002
-17.7274
-17.3438
-16.9495
-16.5443
-16.128
-15.7006
-15.2619
-14.8119
-14.3506
-13.878
-13.394
-12.8986
-12.392
-11.8743
-11.3454
-10.8055
-10.2547
-9.69325
-9.12137
-8.53909
-7.94673
-7.34461
-6.73292
-6.1119
-5.48187
-4.84325
-4.1964
-3.54165
-2.8793
-2.20999
-1.534
-0.851645
-0.16363
0.529577
1.22766
1.92998
2.63613
3.34528
4.05717
4.77102
5.48635
6.20266
6.91925
7.63559
8.3509
9.06479
9.7763
10.4851
11.1903
11.8915
12.5878
13.2786
13.9634
14.6413
15.312
15.9745
16.6284
17.2728
17.9073
18.5312
19.1438
19.7444
20.3326
20.9077
21.4689
22.0159
22.548
23.0645
23.5651
24.049
24.5159
24.9651
25.3962
25.8086
26.202
26.5759
26.9298
27.2633
27.576
27.8675
28.1376
28.3858
28.6118
28.8154
28.9963
29.1541
29.2888
29.4001
29.4877
29.5515
29.5914
29.6074
29.5992
29.5668
29.5102
-20.3966
-20.0628
-19.719
-19.3648
-18.9997
-18.6236
-18.2363
-17.8375
-17.4273
-17.0053
-16.5716
-16.1258
-15.6682
-15.1985
-14.7168
-14.2229
-13.7169
-13.199
-12.6691
-12.1273
-11.5737
-11.0085
-10.4317
-9.8438
-9.24472
-8.63478
-8.01429
-7.38344
-6.74259
-6.09191
-5.432
-4.76306
-4.08561
-3.39991
-2.70652
-2.00589
-1.29821
-0.584351
0.135501
0.860601
1.59041
2.32445
3.06204
3.8027
4.54595
5.29076
6.03699
6.78385
7.53048
8.27658
9.02121
9.76394
10.5037
11.2401
11.9725
12.6999
13.422
14.1379
14.8468
15.5482
16.2413
16.9255
17.6002
18.2643
18.9177
19.5593
20.1885
20.8049
21.4075
21.996
22.5695
23.1275
23.6694
24.1946
24.7025
25.1925
25.6642
26.1169
26.5503
26.9636
27.3566
27.7287
28.0795
28.4085
28.7155
28.9999
29.2615
29.4998
29.7147
29.9058
30.0728
30.2154
30.3336
30.427
30.4955
30.539
30.5573
30.5504
30.5181
30.4605
-21.34
-21.0058
-20.6612
-20.3056
-19.9387
-19.5602
-19.1699
-18.7676
-18.353
-17.9261
-17.4867
-17.0347
-16.5699
-16.0924
-15.602
-15.0987
-14.5825
-14.0535
-13.5117
-12.9572
-12.3901
-11.8105
-11.2185
-10.6145
-9.99858
-9.37094
-8.73188
-8.0817
-7.42067
-6.74909
-6.06742
-5.37601
-4.6753
-3.96574
-3.24758
-2.52157
-1.78804
-1.0475
-0.300369
0.452504
1.21072
1.97366
2.7406
3.51128
4.28466
5.06031
5.83744
6.61543
7.3939
8.17175
8.94841
9.72314
10.4955
11.2643
12.029
12.7891
13.5435
14.2918
15.0329
15.7665
16.4915
17.2073
17.9133
18.6086
19.2925
19.9644
20.6236
21.2693
21.9009
22.5176
23.1188
23.704
24.2723
24.8232
25.3561
25.8705
26.3656
26.841
27.2961
27.7304
28.1433
28.5344
28.9033
29.2495
29.5725
29.8719
30.1475
30.3987
30.6254
30.8271
31.0037
31.1548
31.2802
31.3797
31.4531
31.5003
31.5212
31.5155
31.4833
31.4245
-22.3203
-21.9868
-21.6425
-21.2867
-20.9189
-20.539
-20.1466
-19.7416
-19.3236
-18.8925
-18.4483
-17.9906
-17.5194
-17.0345
-16.5361
-16.0239
-15.4979
-14.9582
-14.4049
-13.838
-13.2575
-12.6637
-12.0566
-11.4366
-10.8037
-10.1583
-9.50067
-8.83092
-8.14939
-7.45657
-6.75277
-6.03849
-5.31398
-4.57994
-3.83657
-3.08452
-2.32421
-1.55626
-0.781264
0.000319062
0.787918
1.58065
2.37792
3.17934
3.98419
4.79152
5.60086
6.4114
7.22244
8.03336
8.84337
9.65164
10.4574
11.26
12.0586
12.8523
13.6406
14.4225
15.1972
15.9641
16.7224
17.4712
18.2098
18.9375
19.6535
20.357
21.0473
21.7236
22.3854
23.0316
23.6619
24.2752
24.8712
25.449
26.0081
26.5477
27.0674
27.5664
28.0443
28.5003
28.9342
29.3453
29.733
30.097
30.4368
30.752
31.0422
31.3069
31.5459
31.7588
31.9453
32.1052
32.2383
32.3441
32.4227
32.4738
32.4973
32.493
32.4609
32.401
-23.3389
-23.0072
-22.6643
-22.3095
-21.942
-21.5617
-21.1683
-20.7615
-20.3411
-19.9068
-19.4585
-18.996
-18.5192
-18.0277
-17.5218
-17.0013
-16.466
-15.9161
-15.3516
-14.7726
-14.1792
-13.5713
-12.9493
-12.3133
-11.6635
-11.0002
-10.3238
-9.63437
-8.93218
-8.21775
-7.49153
-6.75385
-6.00516
-5.24604
-4.47686
-3.69811
-2.91046
-2.11437
-1.31036
-0.499351
0.31827
1.14206
1.9707
2.80388
3.64098
4.48127
5.32378
6.16805
7.0132
7.85842
8.70279
9.54578
10.3866
11.2243
12.0578
12.8867
13.7101
14.527
15.3366
16.1385
16.9313
17.7144
18.4872
19.2486
19.9979
20.7343
21.4571
22.1654
22.8585
23.5357
24.1961
24.839
25.4638
26.0697
26.656
27.2222
27.7674
28.2911
28.7927
29.2716
29.7273
30.1591
30.5666
30.9493
31.3066
31.6383
31.9437
32.2225
32.4744
32.699
32.896
33.065
33.206
33.3186
33.4025
33.4577
33.4839
33.4811
33.4492
33.388
-24.3969
-24.0685
-23.7283
-23.3757
-23.0097
-22.6303
-22.237
-21.8296
-21.4079
-20.9713
-20.5199
-20.0535
-19.5719
-19.0746
-18.5618
-18.0337
-17.4897
-16.9301
-16.355
-15.7643
-15.1582
-14.5366
-13.8997
-13.248
-12.5814
-11.9003
-11.205
-10.4956
-9.77262
-9.0364
-8.28728
-7.52587
-6.75247
-5.96783
-5.17217
-4.36616
-3.55036
-2.72534
-1.89171
-1.05024
-0.201573
0.65378
1.51497
2.38128
3.25176
4.12589
5.00292
5.88207
6.76233
7.64297
8.52356
9.40261
10.2794
11.1535
12.0236
12.8891
13.7488
14.6023
15.4484
16.2864
17.1151
17.934
18.7422
19.5388
20.3229
21.0937
21.8503
22.5919
23.3179
24.0271
24.719
25.3928
26.0476
26.6828
27.2976
27.8913
28.4633
29.0127
29.5392
30.0419
30.5203
30.9738
31.4019
31.8041
32.1798
32.5285
32.8499
33.1435
33.4088
33.6456
33.8535
34.0322
34.1814
34.3009
34.3905
34.4499
34.479
34.4777
34.4459
34.3836
-25.4956
-25.172
-24.836
-24.487
-24.124
-23.7468
-23.3549
-22.9482
-22.5262
-22.0885
-21.635
-21.1657
-20.6802
-20.178
-19.6594
-19.1242
-18.5723
-18.0037
-17.4185
-16.8165
-16.1981
-15.5631
-14.9117
-14.2443
-13.561
-12.8621
-12.1479
-11.4186
-10.6745
-9.91619
-9.14403
-8.35844
-7.55999
-6.74922
-5.92646
-5.09257
-4.24793
-3.39323
-2.52913
-1.65634
-0.775499
0.112436
1.00699
1.9072
2.81241
3.72183
4.63441
5.54956
6.46638
7.38408
8.30134
9.21799
10.1326
11.0443
11.9523
12.8558
13.7536
14.6449
15.5287
16.4043
17.2708
18.1269
18.972
19.8052
20.6255
21.432
22.2239
23.0003
23.7603
24.5031
25.2279
25.9337
26.6198
27.2856
27.9301
28.5525
29.1524
29.7287
30.2811
30.8086
31.3107
31.787
32.2365
32.659
33.0538
33.4205
33.7585
34.0674
34.3468
34.5964
34.8157
35.0045
35.1623
35.2891
35.3845
35.4483
35.4804
35.4807
35.4491
35.3854
-26.6365
-26.3194
-25.9892
-25.6453
-25.2868
-24.9132
-24.5242
-24.1194
-23.6984
-23.261
-22.8067
-22.3355
-21.847
-21.341
-20.8174
-20.2762
-19.717
-19.1401
-18.5454
-17.9328
-17.3025
-16.6544
-15.9889
-15.3061
-14.6063
-13.8897
-13.1565
-12.4072
-11.642
-10.8613
-10.0657
-9.25569
-8.43163
-7.59432
-6.74395
-5.88147
-5.00728
-4.12214
-3.22678
-2.32178
-1.40795
-0.486238
0.442693
1.37801
2.3189
3.26469
4.21418
5.16669
6.12128
7.07696
8.03305
8.98826
9.94193
10.8929
11.8402
12.7832
13.7204
14.651
15.5743
16.489
17.3943
18.2893
19.1729
20.0441
20.9021
21.7459
22.5746
23.387
24.1827
24.9604
25.7193
26.4587
27.1775
27.8751
28.5505
29.203
29.8318
30.4362
31.0155
31.569
32.0959
32.5957
33.0677
33.5114
33.9262
34.3115
34.6669
34.9918
35.2859
35.5488
35.78
35.9792
36.1461
36.2804
36.3819
36.4504
36.4857
36.4876
36.4561
36.391
-27.8207
-27.5119
-27.1892
-26.8522
-26.4999
-26.1316
-25.747
-25.3457
-24.9272
-24.4913
-24.0376
-23.5657
-23.0755
-22.5669
-22.0393
-21.4928
-20.9273
-20.3428
-19.7395
-19.1168
-18.4751
-17.8145
-17.1353
-16.4374
-15.7213
-14.9871
-14.235
-13.4657
-12.6793
-11.8761
-11.0569
-10.2219
-9.37208
-8.50753
-7.62911
-6.73733
-5.83304
-4.91662
-3.98909
-3.05115
-2.10347
-1.14689
-0.182482
0.788967
1.76699
2.75011
3.73772
4.72897
5.72271
6.71805
7.71392
8.70935
9.7034
10.6952
11.6834
12.667
13.6454
14.617
15.5811
16.5366
17.4825
18.4177
19.3412
20.2522
21.1492
22.0318
22.8987
23.749
24.5815
25.3956
26.1902
26.9644
27.7173
28.4479
29.1556
29.8394
30.4985
31.1321
31.7395
32.3199
32.8727
33.3972
33.8926
34.3583
34.7939
35.1987
35.5722
35.9138
36.2232
36.4998
36.7434
36.9535
37.1299
37.2721
37.38
37.4533
37.4919
37.4956
37.4642
37.3977
-29.0488
-28.7504
-28.4376
-28.1095
-27.7651
-27.4039
-27.0255
-26.6293
-26.2151
-25.7823
-25.3306
-24.8596
-24.369
-23.8587
-23.3283
-22.7779
-22.207
-21.6158
-21.0044
-20.3726
-19.7203
-19.0477
-18.3551
-17.6427
-16.9105
-16.1589
-15.3881
-14.5987
-13.791
-12.9652
-12.1221
-11.2621
-10.3857
-9.49363
-8.58659
-7.66503
-6.72968
-5.78144
-4.82086
-3.8489
-2.86647
-1.8742
-0.873119
0.13579
1.15169
2.1736
3.20065
4.2318
5.26612
6.30212
7.33958
8.37661
9.41281
10.4468
11.4773
12.5035
13.5242
14.5383
15.5449
16.5427
17.5307
18.5078
19.473
20.425
21.363
22.2859
23.1925
24.082
24.9531
25.8051
26.6367
27.4472
28.2355
29.0007
29.7419
30.4583
31.1489
31.813
32.4496
33.0582
33.6378
34.1878
34.7076
35.1964
35.6537
36.0787
36.471
36.8301
37.1554
37.4465
37.7029
37.9244
38.1105
38.261
38.3755
38.4539
38.4959
38.5013
38.4701
38.4022
-30.3213
-30.0358
-29.735
-29.4182
-29.084
-28.732
-28.3619
-27.9729
-27.5646
-27.1368
-26.6886
-26.22
-25.7305
-25.22
-24.6882
-24.1349
-23.5599
-22.9631
-22.3445
-21.7044
-21.0422
-20.3583
-19.6528
-18.9262
-18.1784
-17.4096
-16.6203
-15.8109
-14.9818
-14.1335
-13.2662
-12.3808
-11.4778
-10.5577
-9.62137
-8.66947
-7.70257
-6.72155
-5.72715
-4.72041
-3.70218
-2.67314
-1.63447
-0.587069
0.468199
1.53008
2.59802
3.67033
4.74645
5.82502
6.90504
7.98548
9.06509
10.1426
11.2174
12.2875
13.3525
14.4108
15.4614
16.5031
17.5348
18.5553
19.5637
20.5587
21.5392
22.5039
23.4519
24.382
25.2933
26.1846
27.0549
27.9031
28.7283
29.5294
30.3055
31.0557
31.7792
32.4749
33.1421
33.7798
34.3876
34.9643
35.5094
36.0221
36.5019
36.9481
37.36
37.7372
38.0791
38.3852
38.6551
38.8884
39.0847
39.2438
39.3652
39.4487
39.4942
39.5015
39.4705
39.4009
-31.6374
-31.3678
-31.0818
-30.7788
-30.4574
-30.1172
-29.7576
-29.3781
-28.9779
-28.5569
-28.1142
-27.6498
-27.1633
-26.6543
-26.1223
-25.5676
-24.9898
-24.3885
-23.764
-23.1163
-22.4451
-21.7507
-21.033
-20.2927
-19.5298
-18.7443
-17.9367
-17.1075
-16.2571
-15.386
-14.4946
-13.5836
-12.6535
-11.705
-10.739
-9.75602
-8.75674
-7.74246
-6.7134
-5.67088
-4.61579
-3.54904
-2.47155
-1.38454
-0.288832
0.814443
1.9242
3.03915
4.15857
5.28125
6.4055
7.53077
8.65543
9.77814
10.8982
12.0142
13.125
14.2289
15.3254
16.4128
17.4899
18.5557
19.609
20.6484
21.6729
22.6812
23.6722
24.6449
25.5977
26.5299
27.4403
28.3277
29.1912
30.0297
30.8422
31.6278
32.3853
33.1138
33.8128
34.4811
35.1178
35.7223
36.2938
36.8316
37.3348
37.8029
38.2352
38.6313
38.9904
39.3122
39.5961
39.8417
40.0486
40.2164
40.345
40.434
40.4832
40.4924
40.4615
40.3903
-32.9944
-32.7443
-32.4765
-32.1905
-31.8849
-31.5592
-31.2131
-30.8457
-30.4562
-30.0443
-29.6095
-29.1515
-28.6698
-28.1642
-27.6341
-27.0795
-26.5002
-25.8959
-25.2668
-24.6128
-23.9334
-23.2294
-22.5006
-21.7472
-20.9696
-20.1678
-19.3424
-18.4936
-17.6219
-16.7282
-15.8125
-14.8758
-13.9183
-12.9411
-11.9447
-10.9303
-9.89813
-8.84958
-7.78523
-6.70605
-5.61314
-4.50754
-3.39031
-2.26232
-1.12495
0.0208305
1.17395
2.33319
3.49731
4.66508
5.83504
7.00655
8.17781
9.34781
10.5151
11.6783
12.8362
13.988
15.1318
16.2664
17.3908
18.5037
19.6035
20.689
21.7594
22.8129
23.8486
24.8651
25.8614
26.8362
27.7883
28.7164
29.6198
30.4971
31.3474
32.1696
32.9625
33.7255
34.4574
35.1572
35.8244
36.4578
37.0566
37.6203
38.1479
38.6389
39.0925
39.5081
39.8851
40.2231
40.5216
40.7799
40.9978
41.1748
41.3109
41.4055
41.4585
41.4696
41.4388
41.3659
-34.3872
-34.1607
-33.9151
-33.65
-33.364
-33.0566
-32.7271
-32.3749
-31.9991
-31.5994
-31.1754
-30.7263
-30.2519
-29.7519
-29.2256
-28.6733
-28.0944
-27.4888
-26.8565
-26.1975
-25.5116
-24.7989
-24.0598
-23.2944
-22.5029
-21.6853
-20.8425
-19.9746
-19.082
-18.1656
-17.2256
-16.263
-15.278
-14.2717
-13.2447
-12.1982
-11.1326
-10.0491
-8.94852
-7.83191
-6.70029
-5.55471
-4.39652
-3.22671
-2.04625
-0.856511
0.341292
1.54597
2.7563
3.97076
5.18829
6.40725
7.62678
8.8454
10.0617
11.2741
12.4814
13.6821
14.875
16.059
17.2323
18.3936
19.5418
20.6756
21.7933
22.8936
23.9758
25.038
26.0794
27.0982
28.0936
29.0643
30.0091
30.9266
31.8161
32.6764
33.5063
34.3048
35.0709
35.8037
36.5023
37.1656
37.793
38.3836
38.9366
39.4512
39.9269
40.3629
40.7586
41.1134
41.4268
41.6984
41.9278
42.1145
42.2581
42.3586
42.4155
42.4287
42.3979
42.3231
-35.8071
-35.6092
-35.3906
-35.151
-34.8891
-34.6042
-34.2955
-33.9624
-33.6041
-33.2202
-32.8102
-32.3732
-31.9091
-31.4175
-30.8978
-30.3502
-29.7739
-29.1692
-28.5357
-27.8735
-27.1827
-26.4627
-25.7146
-24.9383
-24.1339
-23.3014
-22.442
-21.5552
-20.6422
-19.7034
-18.7393
-17.7508
-16.7382
-15.7026
-14.6449
-13.5656
-12.466
-11.3471
-10.2095
-9.05449
-7.88326
-6.69702
-5.49665
-4.28368
-3.05903
-1.824
-0.580278
0.671276
1.92923
3.19214
4.45862
5.72734
6.99682
8.26541
9.53197
10.7954
12.0537
13.3054
14.5493
15.7839
17.008
18.22
19.4182
20.6016
21.7688
22.918
24.048
25.1578
26.2458
27.3105
28.3509
29.3654
30.3533
31.313
32.243
33.1429
34.011
34.8465
35.6481
36.4151
37.1463
37.8409
38.4979
39.1164
39.6958
40.235
40.7336
41.1906
41.6056
41.978
42.3071
42.5924
42.8336
43.0302
43.1819
43.2883
43.3492
43.3645
43.3337
43.257
-37.2406
-37.077
-36.891
-36.6825
-36.4499
-36.1925
-35.9097
-35.6005
-35.2643
-34.9004
-34.5085
-34.0878
-33.6379
-33.1582
-32.6483
-32.1085
-31.538
-30.9366
-30.3044
-29.6415
-28.9477
-28.2227
-27.4671
-26.6815
-25.8655
-25.0196
-24.1441
-23.2397
-22.3069
-21.3462
-20.3585
-19.3443
-18.3041
-17.2394
-16.1505
-15.0382
-13.9043
-12.7493
-11.5739
-10.3799
-9.16827
-7.94023
-6.69683
-5.43947
-4.16944
-2.88807
-1.59693
-0.296951
1.01001
2.32275
3.6397
4.95946
6.28041
7.60125
8.92004
10.2357
11.5466
12.8513
14.1483
15.4354
16.7118
17.9761
19.2267
20.4616
21.6795
22.8796
24.0596
25.2185
26.3548
27.4672
28.5542
29.6145
30.6467
31.6497
32.6222
33.5632
34.471
35.3448
36.1834
36.9859
37.751
38.4778
39.1656
39.8132
40.4198
40.9846
41.5069
41.9859
42.421
42.8114
43.1566
43.4563
43.7098
43.9166
44.0765
44.1892
44.2543
44.2716
44.2409
44.162
-38.6689
-38.5459
-38.3988
-38.2273
-38.0301
-37.8062
-37.5549
-37.2754
-36.9668
-36.6285
-36.2598
-35.86
-35.4288
-34.9656
-34.47
-33.9419
-33.3809
-32.7865
-32.1591
-31.4985
-30.8044
-30.077
-29.3165
-28.5235
-27.6978
-26.8402
-25.9504
-25.0295
-24.0781
-23.0966
-22.0858
-21.0466
-19.9795
-18.8855
-17.7656
-16.6208
-15.4519
-14.2605
-13.0474
-11.8137
-10.5608
-9.28997
-8.00285
-6.70015
-5.38361
-4.05463
-2.71474
-1.36524
-0.00774426
1.35632
2.72529
4.09765
5.47178
6.84611
8.219
9.58919
10.9545
12.3137
13.6648
15.007
16.3379
17.6561
18.9603
20.2485
21.5196
22.7718
24.0037
25.2136
26.4002
27.5616
28.697
29.8047
30.8832
31.9313
32.9478
33.9309
34.8802
35.7937
36.6707
37.5099
38.3102
39.0706
39.79
40.4678
41.1026
41.6939
42.2409
42.7426
43.1984
43.6076
43.9698
44.2841
44.5502
44.7677
44.9361
45.0552
45.1246
45.1441
45.1134
45.0323
-40.0682
-39.9921
-39.8903
-39.7622
-39.6071
-39.423
-39.2098
-38.9666
-38.6917
-38.385
-38.0454
-37.6727
-37.2659
-36.8246
-36.3485
-35.8371
-35.2903
-34.7076
-34.0891
-33.4345
-32.7441
-32.0178
-31.2557
-30.4583
-29.6259
-28.7588
-27.8572
-26.9218
-25.9536
-24.9529
-23.9206
-22.8574
-21.7643
-20.6419
-19.4916
-18.3145
-17.1113
-15.8835
-14.6323
-13.3586
-12.0643
-10.7505
-9.41855
-8.07
-6.70596
-5.32856
-3.93889
-2.5386
-1.12935
0.287304
1.70967
3.13614
4.56498
5.99454
7.42306
8.84884
10.2707
11.6861
13.0937
14.4918
15.8789
17.2534
18.6129
19.9566
21.2824
22.5886
23.8739
25.1366
26.3751
27.5879
28.7732
29.9298
31.0561
32.151
33.2128
34.2402
35.2319
36.1866
37.1033
37.9805
38.8172
39.6125
40.365
41.0738
41.738
42.3568
42.9291
43.4543
43.9317
44.3604
44.7398
45.0695
45.3488
45.5772
45.7544
45.8801
45.9539
45.9755
45.9448
45.8614
-41.4111
-41.3872
-41.3364
-41.2583
-41.1511
-41.0138
-40.845
-40.6445
-40.4101
-40.1417
-39.8381
-39.4987
-39.123
-38.7099
-38.2593
-37.7709
-37.2441
-36.6784
-36.0742
-35.4309
-34.749
-34.0283
-33.2691
-32.4716
-31.6363
-30.7632
-29.853
-28.9065
-27.9242
-26.9069
-25.8551
-24.7702
-23.6528
-22.5037
-21.3243
-20.1158
-18.8792
-17.6158
-16.327
-15.0139
-13.6783
-12.3214
-10.9448
-9.54979
-8.13818
-6.71151
-5.27146
-3.81958
-2.35768
-0.887425
0.58941
2.07117
3.55596
5.04207
6.52762
8.01093
9.49015
10.9635
12.4292
13.8853
15.3299
16.7617
18.1789
19.5795
20.9619
22.3238
23.6644
24.9817
26.2736
27.5389
28.7763
29.9834
31.1592
32.3022
33.411
34.484
35.5196
36.5171
37.4746
38.3914
39.2657
40.0968
40.8834
41.6245
42.3191
42.9661
43.5649
44.1145
44.614
45.0628
45.4602
45.8057
46.0985
46.3383
46.5246
46.657
46.7352
46.759
46.7281
46.6423
-42.6687
-42.7009
-42.7053
-42.6821
-42.6274
-42.5426
-42.4239
-42.2725
-42.0851
-41.8616
-41.6005
-41.3013
-40.9635
-40.5856
-40.1674
-39.7082
-39.208
-38.6662
-38.0825
-37.4567
-36.7893
-36.0802
-35.329
-34.5369
-33.7033
-32.8292
-31.915
-30.9614
-29.969
-28.9384
-27.8712
-26.7674
-25.6286
-24.4555
-23.2497
-22.0119
-20.7438
-19.4466
-18.1217
-16.7704
-15.3944
-13.9954
-12.5747
-11.1339
-9.67495
-8.1993
-6.70882
-5.20532
-3.69047
-2.16615
-0.634204
0.903444
2.44498
3.98838
5.53192
7.07363
8.61159
10.1439
11.6687
13.1839
14.6881
16.1791
17.6548
19.1138
20.5536
21.9732
23.3703
24.7435
26.0907
27.4104
28.7004
29.9598
31.1869
32.3794
33.5363
34.6562
35.7376
36.7789
37.7788
38.7359
39.6491
40.5171
41.3391
42.1133
42.8391
43.5156
44.1415
44.716
45.2385
45.708
46.1239
46.4855
46.7923
47.0437
47.2393
47.3787
47.4615
47.4876
47.4565
47.3681
-43.8147
-43.9047
-43.9651
-43.9994
-44.0006
-43.9716
-43.9077
-43.8096
-43.674
-43.5007
-43.2877
-43.0348
-42.7407
-42.4044
-42.0255
-41.6027
-41.1354
-40.6242
-40.0679
-39.4664
-38.8199
-38.1286
-37.3922
-36.6117
-35.786
-34.9168
-34.0042
-33.0489
-32.0519
-31.0136
-29.9349
-28.8172
-27.6613
-26.4682
-25.2395
-23.9759
-22.6796
-21.3516
-19.9935
-18.6066
-17.1926
-15.7534
-14.2904
-12.8056
-11.3006
-9.77726
-8.23742
-6.68302
-5.11597
-3.53821
-1.95164
-0.35835
1.23976
2.84063
4.4423
6.0427
7.63975
9.23156
10.8161
12.3913
13.9552
15.506
17.0413
18.5593
20.0583
21.5361
22.991
24.421
25.8246
27.1991
28.5441
29.8565
31.1352
32.3787
33.5851
34.7531
35.881
36.9671
38.0101
39.009
39.9621
40.8681
41.7258
42.5343
43.2923
43.9985
44.6522
45.2525
45.7985
46.2892
46.7241
47.1024
47.4235
47.6868
47.8919
48.0383
48.1258
48.154
48.1227
48.0317
-44.8303
-44.9748
-45.0908
-45.1811
-45.2385
-45.2654
-45.2572
-45.214
-45.1325
-45.0124
-44.851
-44.6491
-44.4026
-44.1129
-43.7782
-43.3973
-42.9683
-42.4942
-41.9718
-41.4006
-40.7815
-40.1154
-39.4002
-38.6375
-37.8263
-36.9688
-36.0645
-35.1135
-34.1182
-33.0777
-31.9937
-30.8678
-29.7003
-28.4927
-27.2462
-25.9616
-24.6422
-23.288
-21.9008
-20.4824
-19.0344
-17.5586
-16.0569
-14.5311
-12.983
-11.4147
-9.82813
-8.22526
-6.60815
-4.97884
-3.33937
-1.69195
-0.0386978
1.61832
3.27693
4.93501
6.59043
8.24106
9.88469
11.5193
13.1427
14.7529
16.3476
17.925
19.483
21.019
22.532
24.0194
25.4791
26.9097
28.3089
29.6751
31.0065
32.3014
33.5577
34.774
35.9487
37.0806
38.1677
39.2083
40.2017
41.1463
42.0406
42.8835
43.674
44.4107
45.0928
45.7192
46.289
46.8012
47.2553
47.6505
47.986
48.2614
48.4762
48.6298
48.722
48.7524
48.7207
48.6267
-45.7056
-45.8987
-46.0661
-46.207
-46.3172
-46.3964
-46.4411
-46.4511
-46.4233
-46.3552
-46.2454
-46.0938
-45.8976
-45.6566
-45.3675
-45.0314
-44.6447
-44.2119
-43.7272
-43.1913
-42.6049
-41.9689
-41.28
-40.5417
-39.751
-38.911
-38.0214
-37.0813
-36.0936
-35.0584
-33.9755
-32.8481
-31.6751
-30.4592
-29.2015
-27.9038
-26.566
-25.191
-23.7804
-22.3359
-20.8592
-19.3522
-17.8168
-16.2549
-14.6685
-13.0598
-11.4307
-9.78357
-8.1203
-6.44329
-4.75446
-3.05648
-1.35119
0.358891
2.0716
3.78472
5.49598
7.20297
8.90359
10.5956
12.2765
13.9444
15.5971
17.2321
18.8474
20.4409
22.0105
23.5539
25.0694
26.5545
28.0078
29.4265
30.8099
32.1554
33.461
34.7257
35.9473
37.1238
38.2545
39.3372
40.3708
41.3536
42.2843
43.1616
43.9845
44.7516
45.4619
46.1143
46.7077
47.2416
47.7149
48.127
48.4769
48.7643
48.9885
49.1493
49.2461
49.2786
49.2466
49.1496
-46.4424
-46.6768
-46.8863
-47.0712
-47.2266
-47.3503
-47.4425
-47.4996
-47.5197
-47.4981
-47.4374
-47.3313
-47.1826
-46.9882
-46.7439
-46.4507
-46.107
-45.7149
-45.2691
-44.7706
-44.2184
-43.6153
-42.9555
-42.2454
-41.4801
-40.6614
-39.791
-38.8675
-37.8932
-36.8679
-35.7923
-34.6688
-33.4968
-32.2791
-31.0163
-29.7102
-28.3621
-26.9733
-25.546
-24.0823
-22.5836
-21.0518
-19.4892
-17.8977
-16.2794
-14.6364
-12.9711
-11.2856
-9.582
-7.863
-6.13058
-4.38737
-2.63538
-0.877365
0.884454
2.64782
4.41011
6.16897
7.92215
9.66727
11.4019
13.1237
14.8302
16.5194
18.1888
19.8361
21.4592
23.0558
24.6239
26.1612
27.6657
29.1355
30.5681
31.9618
33.315
34.6259
35.8918
37.1119
38.2848
39.4076
40.4801
41.4997
42.4655
43.376
44.2304
45.027
45.7645
46.4419
47.0585
47.6134
48.1051
48.5335
48.8975
49.1965
49.43
49.5977
49.6989
49.7333
49.7008
49.6009
-47.056
-47.3208
-47.5619
-47.7825
-47.9713
-48.1307
-48.2611
-48.3555
-48.4143
-48.4313
-48.4096
-48.3441
-48.2346
-48.0786
-47.8751
-47.6186
-47.3134
-46.9568
-46.5466
-46.0829
-45.5631
-44.9912
-44.3612
-43.6768
-42.9383
-42.1416
-41.2919
-40.3874
-39.4287
-38.4165
-37.3523
-36.2368
-35.0708
-33.856
-32.5935
-31.2848
-29.9315
-28.5355
-27.0984
-25.6214
-24.1074
-22.5578
-20.975
-19.361
-17.7179
-16.0481
-14.3537
-12.6374
-10.9008
-9.14728
-7.37854
-5.59742
-3.80592
-2.00734
-0.203383
1.60308
3.40954
5.21356
7.01263
8.80432
10.5859
12.3553
14.1098
15.847
17.5646
19.2602
20.9313
22.5757
24.1912
25.7754
27.3264
28.8417
30.3195
31.7575
33.1539
34.507
35.8136
37.0741
38.2851
39.4448
40.5527
41.6063
42.6046
43.5461
44.4292
45.2532
46.0156
46.7166
47.3545
47.9283
48.4375
48.8812
49.258
49.5679
49.8099
49.9838
50.0892
50.1254
50.0923
49.9897
-47.5664
-47.8509
-48.1162
-48.3587
-48.5714
-48.7559
-48.913
-49.0324
-49.1197
-49.1639
-49.1695
-49.1349
-49.0519
-48.9256
-48.7519
-48.522
-48.2481
-47.9184
-47.5354
-47.0972
-46.6057
-46.0574
-45.451
-44.789
-44.0717
-43.2951
-42.4634
-41.5753
-40.6313
-39.6321
-38.5787
-37.472
-36.3132
-35.103
-33.8432
-32.5354
-31.1807
-29.781
-28.3384
-26.8537
-25.3297
-23.7684
-22.1717
-20.5415
-18.8808
-17.1914
-15.4754
-13.7357
-11.9745
-10.1942
-8.3974
-6.58666
-4.76457
-2.93361
-1.09626
0.744471
2.58627
4.42691
6.263
8.09236
9.91266
11.7211
13.5148
15.2917
17.0492
18.7846
20.4958
22.1803
23.8353
25.4591
27.0491
28.6031
30.1188
31.5942
33.0271
34.4159
35.7576
37.0514
38.2956
39.4874
40.6249
41.7084
42.7346
43.7024
44.6095
45.4575
46.2416
46.9622
47.6191
48.2095
48.7336
49.1904
49.5782
49.8976
50.1469
50.3264
50.4352
50.4731
50.4397
50.3345
-47.9938
-48.2897
-48.5703
-48.8238
-49.0519
-49.2522
-49.4225
-49.5568
-49.6597
-49.7213
-49.7428
-49.7241
-49.6568
-49.5498
-49.3898
-49.178
-48.9206
-48.6084
-48.2406
-47.8182
-47.343
-46.8086
-46.217
-45.5696
-44.8639
-44.1003
-43.2797
-42.4013
-41.4668
-40.4754
-39.4291
-38.3275
-37.1733
-35.9659
-34.7079
-33.4003
-32.0444
-30.6421
-29.1952
-27.705
-26.1744
-24.6044
-22.9982
-21.3569
-19.6831
-17.98
-16.2488
-14.4923
-12.7135
-10.9139
-9.09731
-7.26505
-5.42079
-3.56628
-1.70481
0.160811
2.02887
3.89603
5.75916
7.6168
9.46517
11.3025
13.1254
14.9319
16.7191
18.4843
20.2254
21.9398
23.6246
25.2783
26.8976
28.4809
30.0251
31.529
32.9896
34.4054
35.7741
37.0936
38.3626
39.5786
40.7395
41.8451
42.893
43.8804
44.807
45.6727
46.4744
47.21
47.8811
48.4844
49.0203
49.4869
49.8834
50.2101
50.4655
50.6492
50.7608
50.7999
50.7662
50.6593
-48.3889
-48.6931
-48.9797
-49.241
-49.4763
-49.6843
-49.8582
-50.0014
-50.1076
-50.1781
-50.2045
-50.1878
-50.1299
-50.026
-49.8696
-49.6648
-49.4097
-49.1023
-48.7376
-48.3197
-47.846
-47.3147
-46.7259
-46.0799
-45.3753
-44.613
-43.7928
-42.9142
-41.979
-40.9863
-39.9383
-38.8339
-37.6767
-36.4656
-35.2027
-33.8898
-32.5281
-31.1196
-29.6647
-28.1665
-26.6275
-25.0475
-23.4315
-21.7791
-20.0946
-18.3792
-16.6346
-14.864
-13.0706
-11.2556
-9.42363
-7.57485
-5.71387
-3.84202
-1.96258
-0.0785787
1.80792
3.69425
5.57649
7.45418
9.32203
11.1794
13.0231
14.8496
16.6571
18.4429
20.2047
21.9394
23.6443
25.3184
26.9575
28.5605
30.1243
31.6473
33.1266
34.5607
35.9474
37.2843
38.5701
39.8024
40.9793
42.0996
43.162
44.1631
45.103
45.9803
46.7935
47.5401
48.2196
48.8328
49.3766
49.8495
50.2528
50.5841
50.8439
51.0307
51.1445
51.1848
51.1513
51.0435
-48.8499
-49.1627
-49.4548
-49.7224
-49.9629
-50.174
-50.3508
-50.4972
-50.6029
-50.6735
-50.6998
-50.6805
-50.6221
-50.5123
-50.353
-50.1435
-49.882
-49.5674
-49.1968
-48.7708
-48.2878
-47.7478
-47.1492
-46.4926
-45.7777
-45.0038
-44.1711
-43.2809
-42.3326
-41.3268
-40.2654
-39.1468
-37.9751
-36.7493
-35.4715
-34.1433
-32.7659
-31.3419
-29.8707
-28.3561
-26.8006
-25.2034
-23.5698
-21.8993
-20.1962
-18.4627
-16.7011
-14.9136
-13.1025
-11.2702
-9.42013
-7.55366
-5.67445
-3.7847
-1.88741
0.0146457
1.9188
3.82301
5.72327
7.6188
9.50408
11.379
13.2402
15.0834
16.908
18.7106
20.4886
22.2397
23.9607
25.6504
27.3051
28.9233
30.5018
32.0386
33.5324
34.9802
36.3796
37.7294
39.0276
40.2714
41.4601
42.5912
43.6636
44.6747
45.624
46.5099
47.3311
48.086
48.7721
49.3918
49.9412
50.4196
50.8277
51.1629
51.4261
51.6157
51.7316
51.7734
51.7407
51.6332
0.193511
0.192847
0.192139
0.191386
0.190588
0.189746
0.188867
0.187939
0.186965
0.185952
0.184899
0.183804
0.182655
0.181502
0.18025
0.178993
0.177771
0.176313
0.175062
0.173617
0.172127
0.170688
0.169186
0.16751
0.165912
0.164389
0.162674
0.160753
0.159253
0.157544
0.155396
0.153644
0.151977
0.149838
0.147731
0.145888
0.143957
0.141836
0.139497
0.137363
0.135631
0.133297
0.130542
0.128494
0.126575
0.123992
0.121299
0.119289
0.117184
0.11424
0.111193
0.108903
0.10697
0.104339
0.101537
0.0989063
0.0956123
0.0922795
0.0900309
0.0883241
0.0859461
0.0823901
0.0788912
0.0755496
0.0718113
0.0684285
0.0664729
0.065645
0.0630649
0.0575428
0.0518257
0.0486118
0.0463821
0.0426668
0.0392453
0.0387361
0.0374616
0.0295115
0.0201862
0.0158851
0.0145245
0.0128673
0.00878085
0.00520539
0.00330248
-0.00545331
-0.0194653
-0.026153
-0.0271268
-0.0306603
-0.0327853
-0.0404379
-0.055712
-0.0712996
-0.0866592
-0.0995499
-0.116957
-0.13203
-0.167839
-0.226827
0.193714
0.193059
0.192343
0.191582
0.190783
0.189949
0.189061
0.18812
0.18715
0.186147
0.185097
0.184004
0.182842
0.181657
0.180485
0.179118
0.177981
0.176557
0.17513
0.173889
0.172266
0.17081
0.16935
0.167732
0.166077
0.164456
0.162843
0.161034
0.159293
0.157532
0.155716
0.153785
0.152012
0.149853
0.148083
0.14617
0.143789
0.141913
0.139926
0.137903
0.135143
0.132847
0.131541
0.128938
0.126096
0.12412
0.121934
0.119165
0.116338
0.114659
0.112922
0.10958
0.105939
0.10345
0.101279
0.0986312
0.0971375
0.095279
0.0905813
0.0858867
0.0832526
0.0817974
0.0801331
0.0773915
0.0750568
0.0716072
0.0655242
0.0592495
0.0568514
0.0590491
0.0590779
0.0535245
0.0473281
0.0429517
0.0379032
0.0320532
0.027626
0.0294761
0.0345035
0.0279981
0.0149308
0.00863545
0.00320278
-0.00248664
-0.0038351
-0.00463248
-0.00532482
-0.00542524
-0.020601
-0.0424758
-0.0458669
-0.0468188
-0.0535734
-0.0554994
-0.0575032
-0.0710622
-0.0977282
-0.10832
-0.110172
-0.100814
0.194052
0.193399
0.19269
0.191929
0.191131
0.190291
0.189393
0.188465
0.187497
0.186485
0.185426
0.184331
0.183225
0.181968
0.180839
0.179525
0.178123
0.177089
0.175348
0.174168
0.1727
0.171109
0.169565
0.168132
0.166387
0.164729
0.163093
0.161545
0.159504
0.157772
0.156103
0.154066
0.152301
0.150211
0.148254
0.146442
0.14438
0.142043
0.139831
0.138338
0.13604
0.13315
0.130973
0.129627
0.127212
0.123518
0.122214
0.120449
0.116684
0.114051
0.112219
0.110475
0.107201
0.103785
0.101921
0.0991941
0.0957525
0.0930688
0.0916653
0.0892637
0.084781
0.08245
0.0797807
0.0745823
0.0708043
0.0701584
0.0711782
0.0680745
0.0602856
0.054432
0.0515917
0.0493788
0.0464683
0.0450737
0.0466589
0.0437292
0.031369
0.0221627
0.0213965
0.0182673
0.01666
0.0193843
0.0168827
0.00948657
0.00156519
-0.0133106
-0.0258912
-0.0169071
-0.0133162
-0.0211982
-0.0201712
-0.0302945
-0.0511556
-0.0658275
-0.0648916
-0.0601623
-0.0680673
-0.063143
-0.0634193
-0.0773503
0.194613
0.193909
0.193187
0.192435
0.19164
0.190792
0.189913
0.189007
0.188025
0.186979
0.185922
0.184828
0.183754
0.182553
0.181251
0.180257
0.178557
0.17754
0.176159
0.174449
0.173302
0.1717
0.17001
0.168519
0.166976
0.165386
0.163458
0.161998
0.160164
0.158314
0.156443
0.154681
0.152567
0.150897
0.148673
0.146495
0.145162
0.142817
0.140297
0.137939
0.136709
0.134592
0.1307
0.129224
0.12802
0.124679
0.121749
0.119779
0.118695
0.115357
0.111033
0.109834
0.107968
0.104617
0.102358
0.100485
0.0965731
0.0917495
0.0906152
0.0897196
0.0866304
0.0838103
0.0796527
0.076962
0.0737052
0.0686129
0.0661742
0.0649578
0.0642233
0.0604031
0.054618
0.0526479
0.0478562
0.0399889
0.0375034
0.0382538
0.0372645
0.036117
0.0313593
0.0208744
0.0141574
0.011937
0.00445519
-0.000311571
0.011946
0.010551
-0.00585274
-0.00687293
-0.0223493
-0.0393311
-0.0330618
-0.0277028
-0.0233712
-0.0326624
-0.0397112
-0.043544
-0.0629685
-0.0618196
-0.0562402
-0.0515986
0.195406
0.194681
0.193957
0.19322
0.192416
0.191541
0.19065
0.189728
0.188752
0.187739
0.186691
0.185559
0.184372
0.183334
0.181907
0.180924
0.179584
0.177839
0.177064
0.175123
0.173768
0.172399
0.170814
0.168968
0.167626
0.16602
0.164175
0.162222
0.160766
0.159011
0.15681
0.15527
0.15298
0.151471
0.14949
0.146981
0.145272
0.143219
0.141426
0.138202
0.136127
0.135308
0.132432
0.129101
0.127285
0.126404
0.122691
0.119224
0.118597
0.116443
0.113234
0.109603
0.107229
0.106016
0.10201
0.0997118
0.0991372
0.0957097
0.0914307
0.0876017
0.0862435
0.0832197
0.0783799
0.0791433
0.0776454
0.0723869
0.0669994
0.0610613
0.0605501
0.0595594
0.0566091
0.0549985
0.0505093
0.0469004
0.0432661
0.0354488
0.0299892
0.0296306
0.0291864
0.0274442
0.024279
0.0238236
0.0159473
0.000455944
0.00258462
-0.00552442
-0.0150309
0.00190829
-0.000331549
-0.00786333
-0.0161735
-0.0327084
-0.0294947
-0.0393806
-0.0438633
-0.0318674
-0.0308166
-0.0278095
-0.0390857
-0.0490675
0.196145
0.195496
0.194806
0.194051
0.193229
0.192357
0.19145
0.190474
0.189502
0.188537
0.187479
0.186346
0.185051
0.184004
0.182773
0.181226
0.180525
0.178384
0.17742
0.1761
0.174228
0.172876
0.171587
0.169719
0.16814
0.166397
0.165063
0.162708
0.161199
0.159644
0.157624
0.155754
0.153761
0.151807
0.150048
0.148122
0.145452
0.14348
0.142189
0.139859
0.136772
0.134531
0.133893
0.13109
0.126976
0.12649
0.124543
0.120693
0.117755
0.115946
0.11529
0.111333
0.107906
0.106714
0.103112
0.0998244
0.0972505
0.0962282
0.0941993
0.0886659
0.0866046
0.0837046
0.0797417
0.0780405
0.0732596
0.072454
0.0723279
0.0674649
0.0637422
0.0578684
0.054068
0.0521887
0.0476876
0.0478913
0.0483886
0.0423205
0.0386294
0.0339129
0.0255829
0.0232727
0.0171707
0.018117
0.0209388
0.0115956
0.0185551
0.0113622
-0.00738258
-0.009442
-0.0194805
-0.00868478
-0.00706935
-0.0219225
-0.00813142
-0.0140713
-0.0274411
-0.0314344
-0.0434126
-0.0420843
-0.0352949
-0.0130932
0.196977
0.196386
0.19568
0.19486
0.194033
0.193222
0.192349
0.191368
0.190368
0.189342
0.188237
0.187157
0.185983
0.184717
0.183822
0.181856
0.181083
0.17972
0.177799
0.177032
0.175214
0.173588
0.172199
0.170782
0.168973
0.167085
0.165832
0.164039
0.162169
0.16022
0.158729
0.156408
0.154983
0.152718
0.150531
0.14934
0.146596
0.144528
0.142112
0.14087
0.138791
0.134698
0.133738
0.132403
0.128761
0.126278
0.124284
0.122936
0.119481
0.115298
0.114517
0.112578
0.108918
0.106072
0.105015
0.102282
0.0962656
0.0949202
0.0937027
0.0900729
0.0891321
0.0845526
0.0822375
0.0806095
0.0733819
0.0717056
0.06978
0.0666667
0.0670192
0.0620087
0.057855
0.0565085
0.0499096
0.0457195
0.0435599
0.0366579
0.0394185
0.0401588
0.0334853
0.0357936
0.0227795
0.017009
0.0206724
0.0016033
0.00459569
0.0138873
0.0153877
0.0136476
-0.00849267
-0.00305898
-0.0094705
-0.0306779
-0.0170592
-0.0235187
-0.0255942
-0.00977855
-0.0108359
-0.0194926
-0.0421946
-0.0556454
0.198351
0.197704
0.196934
0.19609
0.195257
0.194437
0.193558
0.192641
0.191649
0.190542
0.189388
0.188306
0.187356
0.185857
0.18495
0.183455
0.181766
0.18143
0.179049
0.177915
0.176646
0.174942
0.173057
0.171913
0.170194
0.16844
0.166528
0.165406
0.163443
0.16098
0.159714
0.157417
0.156044
0.15386
0.151308
0.149789
0.147577
0.145997
0.14255
0.140639
0.139909
0.136828
0.133707
0.131579
0.130713
0.127111
0.12354
0.123412
0.120692
0.117223
0.114811
0.112071
0.110373
0.106859
0.104467
0.103531
0.100277
0.0969473
0.0921939
0.0911311
0.0907851
0.083226
0.0825626
0.0827796
0.0769782
0.0763502
0.0706461
0.0637984
0.0652199
0.0614313
0.0572115
0.0595956
0.0538059
0.0491043
0.0507501
0.0404573
0.0383905
0.035387
0.0259062
0.0372938
0.0276763
0.021546
0.0361447
0.0192961
0.00898317
0.00381103
0.00114621
0.00371783
-0.00906314
0.00660067
0.00357607
-0.00979051
0.0085032
-0.012695
-0.0297419
-0.0277982
-0.0341254
-0.0197039
-0.00235915
0.00882341
0.199963
0.199172
0.19837
0.197606
0.196787
0.19588
0.194923
0.194029
0.193071
0.191978
0.19087
0.189681
0.188703
0.187234
0.185792
0.185244
0.182847
0.182393
0.180737
0.178765
0.177742
0.17637
0.174279
0.172777
0.17116
0.169876
0.167282
0.165989
0.164344
0.162172
0.160424
0.158504
0.156641
0.154564
0.152549
0.150156
0.148239
0.146869
0.14419
0.141437
0.139403
0.138485
0.135572
0.131449
0.131515
0.128973
0.125179
0.123556
0.120543
0.119754
0.116815
0.112542
0.112217
0.108843
0.104356
0.102695
0.101695
0.099541
0.0939261
0.0925254
0.0909292
0.0839608
0.0844957
0.0810479
0.0744156
0.078572
0.0747149
0.0668495
0.0689086
0.0626892
0.0542817
0.0594704
0.0531953
0.0466199
0.05446
0.0453866
0.0464388
0.0456138
0.026511
0.0371055
0.0262276
0.00987889
0.0280833
0.026034
0.0246801
0.0175803
0.0110678
0.0102316
-0.00902126
0.00513461
-0.00259739
-0.0220243
-0.00215415
-0.00408391
0.00491347
0.00812286
-0.0150741
-0.027833
-0.0367432
-0.0296429
0.201243
0.200393
0.199614
0.198909
0.198121
0.197194
0.196199
0.19522
0.194211
0.193174
0.192178
0.190936
0.189665
0.188591
0.18659
0.186385
0.184435
0.182703
0.182098
0.179952
0.17856
0.17728
0.175633
0.173738
0.172005
0.170957
0.168686
0.166798
0.165066
0.16374
0.16139
0.159852
0.157512
0.155345
0.154275
0.151466
0.14956
0.147257
0.14582
0.143983
0.139932
0.139028
0.13758
0.133581
0.132188
0.129552
0.127805
0.12562
0.120728
0.120271
0.118124
0.113764
0.112446
0.110016
0.107167
0.103001
0.099999
0.100034
0.0956816
0.0935144
0.09175
0.0865341
0.0871556
0.0818502
0.074949
0.0780398
0.0735133
0.0663917
0.0723172
0.0692474
0.0572998
0.0627603
0.055948
0.0462667
0.054975
0.0396685
0.0430067
0.0508088
0.0270916
0.0445921
0.0439637
0.0192469
0.0273176
0.0178728
0.010792
0.00672515
0.0155621
0.0239061
0.000197201
0.0166259
0.0154864
-0.00585842
-0.00438351
-0.0245792
-0.0218808
-0.0103302
-0.00171069
0.0104166
-0.000180497
-0.0130321
0.202657
0.201891
0.20113
0.200355
0.199532
0.198647
0.197709
0.19666
0.195561
0.19453
0.193552
0.192427
0.190886
0.190228
0.188377
0.18733
0.186604
0.183848
0.183393
0.181912
0.180078
0.178348
0.177309
0.175475
0.173642
0.172031
0.170773
0.168717
0.166379
0.165472
0.162918
0.16148
0.159172
0.156851
0.155824
0.153056
0.151595
0.148284
0.1465
0.145858
0.142055
0.139549
0.137697
0.135982
0.133531
0.129364
0.128899
0.126537
0.121892
0.121072
0.1178
0.114925
0.11349
0.109653
0.108852
0.106168
0.101729
0.100161
0.096046
0.0950868
0.0926148
0.0869029
0.0882257
0.0856503
0.0792399
0.079481
0.0763782
0.0666655
0.0693621
0.0698847
0.0581202
0.0647534
0.0593496
0.0507208
0.0628163
0.0412655
0.042035
0.0527804
0.0209865
0.0383948
0.0473515
0.0251128
0.0335972
0.0267421
0.0209135
0.0085011
0.0119635
0.02121
-0.00501188
0.00298889
0.00172373
0.00314466
0.027127
0.0115193
-0.00209193
-0.0140525
-0.0230323
-0.0215706
-0.0130582
0.00919877
0.204739
0.204103
0.20337
0.202484
0.201554
0.200663
0.199805
0.198811
0.197715
0.196631
0.195491
0.194496
0.192939
0.192149
0.191169
0.188747
0.188744
0.186281
0.184946
0.184066
0.182293
0.180168
0.17909
0.177465
0.17595
0.17335
0.172461
0.170754
0.168178
0.166807
0.164473
0.162857
0.160709
0.158537
0.15675
0.154059
0.15301
0.149991
0.147299
0.145769
0.143783
0.141161
0.137291
0.137104
0.134944
0.130301
0.129696
0.126381
0.123896
0.12323
0.118063
0.117238
0.115923
0.109774
0.109709
0.108247
0.104163
0.102196
0.0978393
0.0966177
0.093939
0.0884412
0.0881796
0.0867319
0.0797463
0.0791483
0.082394
0.0713548
0.0685599
0.0709652
0.0577295
0.0634242
0.0601892
0.0500694
0.065361
0.0450987
0.0467938
0.0651791
0.0282637
0.0365295
0.0426001
0.0148525
0.0197608
0.0226434
0.0342336
0.0233517
0.0175719
0.0259785
0.00978878
0.0181413
0.00186322
-0.0138451
-0.00129881
-0.00278959
0.0103461
0.0155711
0.010746
-0.00251302
-0.021801
-0.0301913
0.206963
0.206389
0.205683
0.204778
0.203792
0.202839
0.20195
0.201002
0.199986
0.198892
0.197557
0.196494
0.195206
0.193648
0.193463
0.190497
0.189926
0.188733
0.186496
0.185449
0.18402
0.182103
0.18043
0.178752
0.177785
0.174891
0.173424
0.171876
0.1699
0.167703
0.165735
0.163862
0.161698
0.160153
0.157645
0.155157
0.153611
0.151593
0.149463
0.145965
0.144752
0.143558
0.139019
0.138464
0.135888
0.13263
0.132262
0.127202
0.12581
0.125665
0.11973
0.119122
0.117681
0.112476
0.111424
0.107215
0.104805
0.10462
0.0992
0.0973417
0.0968856
0.0910681
0.0870368
0.088018
0.0816676
0.0761318
0.0819603
0.0745544
0.0706224
0.0761634
0.0616295
0.0655264
0.0652251
0.0504107
0.0654646
0.042215
0.0393345
0.069449
0.0358547
0.0357932
0.0417139
0.0250472
0.0303128
0.0203829
0.0275289
0.0193445
0.014747
0.0196708
0.00729087
0.0304519
0.0304824
0.0159873
0.00743907
-0.0104021
-0.0110327
-0.0137052
-0.0069941
0.00635154
0.0149116
0.0113748
0.208765
0.208123
0.207388
0.206544
0.20562
0.204636
0.203623
0.202603
0.201605
0.20054
0.19918
0.197897
0.197072
0.194867
0.194672
0.192616
0.190681
0.190478
0.188209
0.186536
0.185135
0.183881
0.181838
0.17988
0.178918
0.176823
0.1748
0.172753
0.171718
0.169153
0.167546
0.165556
0.163176
0.162093
0.15923
0.157517
0.155052
0.153001
0.152259
0.148216
0.146182
0.145492
0.142049
0.140744
0.136954
0.134619
0.13442
0.129159
0.127675
0.126469
0.121099
0.120479
0.117745
0.114124
0.113505
0.108084
0.105773
0.105237
0.100088
0.0981249
0.0979147
0.0927694
0.0878357
0.090796
0.0871645
0.0772775
0.082605
0.0767805
0.068263
0.0780844
0.0665694
0.0683755
0.0669909
0.0493705
0.0737852
0.049997
0.0326126
0.0607186
0.0297143
0.0281885
0.0393195
0.0348151
0.0439242
0.0306872
0.0322286
0.022502
0.02469
0.0284852
0.00540975
0.00900371
0.00532303
0.0119697
0.0233778
0.0192284
0.0161197
0.00302004
-0.00713185
-0.0139727
-0.0113316
-0.00770675
0.210827
0.210027
0.209188
0.20838
0.207567
0.206636
0.205547
0.204433
0.203356
0.202288
0.201125
0.199663
0.199178
0.197095
0.195878
0.195412
0.192614
0.192306
0.190746
0.188688
0.186943
0.186066
0.184186
0.182274
0.180432
0.179345
0.177484
0.174732
0.174007
0.171476
0.17005
0.167957
0.165416
0.164338
0.161194
0.160273
0.157601
0.154453
0.153943
0.151097
0.148271
0.146192
0.143657
0.142309
0.138126
0.135837
0.135164
0.130603
0.128972
0.126613
0.122495
0.122063
0.11774
0.11494
0.115425
0.110522
0.10794
0.106998
0.102714
0.0990178
0.0974275
0.0967027
0.0904212
0.089635
0.0915863
0.0814132
0.0851508
0.0807636
0.0672031
0.0767652
0.0673046
0.0695814
0.0658267
0.0419675
0.0744659
0.0597309
0.0343067
0.0557495
0.0314981
0.0370005
0.0450331
0.0314481
0.0358173
0.0288695
0.0354777
0.0268109
0.0317626
0.0394937
0.0264268
0.0230068
0.00336799
-0.00149497
-0.000460276
-0.0019408
0.00862292
0.0158728
0.0183809
0.0125675
0.00368492
-0.00916556
0.213922
0.212977
0.212036
0.211206
0.210427
0.209559
0.208494
0.207366
0.206214
0.205066
0.204145
0.202587
0.201852
0.200627
0.19812
0.19853
0.195944
0.194589
0.193638
0.19178
0.18979
0.188568
0.18684
0.185452
0.18262
0.181739
0.180336
0.177421
0.176171
0.173772
0.172206
0.169897
0.167517
0.166235
0.162762
0.161815
0.159695
0.156036
0.154271
0.152312
0.15024
0.14705
0.144251
0.143274
0.139715
0.137307
0.13597
0.131751
0.130774
0.128358
0.124415
0.12431
0.120504
0.116981
0.116208
0.112753
0.110613
0.108241
0.10587
0.102294
0.0977504
0.0999513
0.0922686
0.0878122
0.0938069
0.0800701
0.081314
0.0857904
0.0728037
0.0764172
0.0643641
0.0706091
0.0732771
0.0412513
0.0649627
0.0541223
0.0314191
0.0600609
0.0440772
0.048064
0.0520852
0.0372175
0.0375778
0.0318719
0.0393215
0.029102
0.0238344
0.0172962
0.0158062
0.0314768
0.0267831
0.025299
0.0156114
0.00407769
0.000663984
-0.00311475
-0.00308631
0.000659304
0.0102346
0.0137269
0.217201
0.216253
0.215327
0.21446
0.213596
0.21269
0.211649
0.21056
0.209403
0.208118
0.207223
0.205793
0.204238
0.203939
0.200752
0.200643
0.199099
0.196757
0.195742
0.194252
0.1924
0.190533
0.188614
0.187904
0.184886
0.183276
0.181785
0.179539
0.177675
0.175306
0.173582
0.171159
0.16915
0.167709
0.164305
0.162791
0.160822
0.158261
0.155679
0.152929
0.152206
0.149343
0.146153
0.145327
0.14169
0.13982
0.13875
0.13388
0.133105
0.131282
0.126905
0.126373
0.123409
0.119501
0.117501
0.114636
0.112043
0.107446
0.10762
0.105677
0.0970982
0.100445
0.09458
0.087357
0.0953117
0.0808515
0.0774982
0.0863835
0.0763886
0.0792186
0.0632129
0.068169
0.0809755
0.0460269
0.0610197
0.053908
0.0350224
0.065208
0.0490869
0.044704
0.0470011
0.042761
0.0476684
0.0431629
0.0429792
0.0328962
0.0315482
0.0179341
0.00916719
0.0120213
0.00845639
0.019623
0.0245385
0.0250033
0.0222449
0.0152728
0.00587216
-0.00211212
-0.00803043
-0.0107219
0.21955
0.218728
0.2179
0.217003
0.216006
0.214975
0.213916
0.212864
0.211759
0.210392
0.209268
0.208219
0.205842
0.205883
0.203258
0.201785
0.201228
0.198727
0.197182
0.19577
0.194419
0.19228
0.19005
0.189391
0.187082
0.184955
0.182836
0.181603
0.179459
0.177164
0.175502
0.172988
0.17147
0.16963
0.166842
0.165208
0.162242
0.161312
0.159297
0.155201
0.154927
0.152196
0.14908
0.148561
0.143912
0.142371
0.141844
0.13615
0.135047
0.133583
0.128491
0.127037
0.124574
0.121284
0.118434
0.115503
0.114084
0.107727
0.106971
0.10699
0.0971917
0.100596
0.0973193
0.0869965
0.0982007
0.0887011
0.0789141
0.0840889
0.0752082
0.0832435
0.0656769
0.0621947
0.0771839
0.0448217
0.0667039
0.0686411
0.0448923
0.0656934
0.0512719
0.0455521
0.0479925
0.0438065
0.0446927
0.0408995
0.0321629
0.0241896
0.0362181
0.0345959
0.0327602
0.0267534
0.0120521
0.0112298
0.00825023
0.00643711
0.00905733
0.0119584
0.0153246
0.0187783
0.0105639
0.00349659
0.221715
0.221006
0.220232
0.219296
0.218211
0.21709
0.216033
0.214983
0.213917
0.212614
0.211169
0.210556
0.208029
0.207519
0.206367
0.203758
0.203431
0.201589
0.199624
0.197944
0.196994
0.195127
0.192978
0.191474
0.190003
0.188246
0.185382
0.184623
0.182341
0.180318
0.178698
0.175978
0.174989
0.172245
0.170139
0.16918
0.164739
0.164098
0.162721
0.158169
0.157586
0.153966
0.151097
0.151186
0.145564
0.143621
0.143323
0.137499
0.136019
0.134404
0.129516
0.127814
0.12489
0.122732
0.11958
0.115748
0.116979
0.110847
0.106949
0.1089
0.0990044
0.101409
0.103109
0.0881805
0.0962102
0.0927368
0.0826296
0.0852181
0.0732209
0.0826799
0.0668373
0.0619596
0.0793691
0.0451621
0.0661467
0.0769516
0.0529989
0.0633648
0.0506657
0.0523074
0.060239
0.0483444
0.0372229
0.0363661
0.0300882
0.0234929
0.027761
0.021409
0.0322497
0.0383151
0.0320923
0.0300759
0.0183851
0.0119087
0.00870255
0.000330363
-0.000934016
0.00253442
0.00498246
0.010725
0.225221
0.224499
0.223686
0.22273
0.221655
0.220534
0.219492
0.218411
0.217321
0.216219
0.214521
0.214051
0.212174
0.210435
0.210512
0.207591
0.206644
0.205557
0.203595
0.201624
0.20053
0.198882
0.197347
0.194747
0.193391
0.192321
0.189105
0.188159
0.18558
0.183766
0.181984
0.178891
0.178357
0.174614
0.172507
0.172221
0.167163
0.16571
0.163913
0.159798
0.159384
0.154961
0.151961
0.15244
0.146902
0.144538
0.144095
0.138783
0.137399
0.135608
0.131803
0.130146
0.126218
0.12544
0.122448
0.116122
0.119056
0.115264
0.108322
0.111845
0.102131
0.10202
0.108183
0.0889676
0.0913513
0.0921829
0.0832657
0.085929
0.0723359
0.0829472
0.068919
0.0646671
0.0891872
0.0574104
0.0675223
0.0729269
0.0514034
0.0640743
0.0545712
0.0509741
0.0564466
0.0458339
0.0363888
0.0413611
0.0378636
0.0400825
0.0396772
0.0225383
0.0232175
0.0176199
0.0179272
0.0242611
0.0204995
0.0240701
0.0237385
0.0170151
0.0120087
0.00383013
-0.00213697
-0.0030528
0.229853
0.229025
0.228125
0.227161
0.226135
0.225048
0.224003
0.222869
0.221649
0.220705
0.218924
0.217948
0.217044
0.214142
0.214467
0.2121
0.210191
0.20927
0.207518
0.205501
0.203796
0.201858
0.201111
0.197975
0.196033
0.195078
0.192084
0.190704
0.187737
0.186052
0.184024
0.180612
0.180398
0.176269
0.173643
0.173167
0.168845
0.167114
0.164459
0.160927
0.16113
0.15695
0.153627
0.153897
0.149081
0.146974
0.146294
0.141543
0.140216
0.137939
0.13539
0.133827
0.128117
0.127545
0.126693
0.118258
0.119856
0.11791
0.108502
0.114117
0.105283
0.0993616
0.108186
0.0904569
0.091041
0.0931093
0.0826079
0.0853242
0.0745473
0.089621
0.0735326
0.0629462
0.0948901
0.072009
0.0705105
0.0657575
0.0499949
0.070123
0.0622242
0.0467281
0.0448742
0.0373826
0.0388795
0.0462909
0.0381293
0.0458561
0.0465426
0.0380239
0.035855
0.0198412
0.017114
0.0155902
0.00982831
0.0110389
0.0100148
0.0127172
0.0180503
0.0156142
0.0132888
0.00955198
0.233773
0.232871
0.231893
0.230881
0.229862
0.22878
0.227685
0.226492
0.225087
0.224101
0.22252
0.220637
0.220522
0.217204
0.216793
0.215343
0.212836
0.211524
0.209857
0.208177
0.206032
0.203459
0.202992
0.200129
0.197754
0.196316
0.193991
0.192441
0.189256
0.1877
0.185608
0.182239
0.181924
0.17827
0.17561
0.17425
0.171016
0.170005
0.167192
0.163567
0.163849
0.160349
0.157058
0.156902
0.152327
0.150487
0.149568
0.145308
0.143301
0.140124
0.137563
0.136646
0.129798
0.127589
0.129934
0.120738
0.119419
0.118857
0.107559
0.114088
0.107789
0.0968278
0.107707
0.0937917
0.0923272
0.0966074
0.0887211
0.0888463
0.0738352
0.0937973
0.0854978
0.0685304
0.0880494
0.0655
0.0706488
0.0712149
0.055478
0.0676453
0.0573364
0.0472681
0.0491307
0.0419477
0.0494915
0.0523541
0.0381729
0.0368073
0.0275323
0.0299155
0.0378803
0.0319205
0.0321134
0.0253292
0.0195493
0.0176799
0.00940593
0.0067263
0.0054987
0.00253404
0.00647851
0.00503358
0.236379
0.235419
0.234393
0.233347
0.232316
0.231225
0.230051
0.228828
0.227333
0.226141
0.225028
0.222423
0.222534
0.219823
0.218256
0.217475
0.215116
0.21336
0.211562
0.210384
0.208405
0.205546
0.204696
0.202558
0.200477
0.198234
0.196457
0.195006
0.191888
0.190464
0.188474
0.185608
0.18468
0.18162
0.179722
0.177694
0.174488
0.174152
0.171609
0.167476
0.167203
0.163569
0.160657
0.160256
0.155507
0.152881
0.151671
0.147664
0.145169
0.141467
0.137259
0.138251
0.131741
0.126602
0.130965
0.122619
0.118545
0.120292
0.108656
0.114291
0.112001
0.0973187
0.109812
0.10021
0.0939186
0.0974741
0.0943363
0.0956139
0.0748166
0.0939781
0.0921808
0.0751229
0.080485
0.0568342
0.0718373
0.0764592
0.0603653
0.0594882
0.0453236
0.0514095
0.0627183
0.0553275
0.0577642
0.0504663
0.0406483
0.0410147
0.0269205
0.0252508
0.0236779
0.020385
0.0262632
0.0232165
0.0263719
0.0275028
0.0221742
0.0205669
0.0114904
0.00589356
0.00262208
-0.0038743
0.239391
0.238378
0.237336
0.236292
0.235254
0.234176
0.232952
0.231726
0.230297
0.228822
0.228242
0.225515
0.225122
0.223646
0.221214
0.220523
0.218813
0.216892
0.214839
0.213902
0.212349
0.209875
0.208159
0.206336
0.205102
0.202347
0.200687
0.199126
0.19623
0.194861
0.192648
0.190338
0.188678
0.185335
0.184311
0.182257
0.178053
0.177497
0.174775
0.170624
0.169752
0.165534
0.162469
0.162161
0.157575
0.15361
0.152429
0.148076
0.146552
0.143301
0.136923
0.139167
0.134912
0.127445
0.131505
0.12538
0.118775
0.124067
0.113021
0.117055
0.118049
0.0987473
0.111921
0.10765
0.0964173
0.0926147
0.0938344
0.103276
0.0822584
0.0893603
0.0833269
0.0785496
0.0841183
0.0625188
0.0724466
0.0689558
0.0616134
0.0633504
0.0503119
0.0590361
0.0648365
0.0544643
0.0532131
0.0405569
0.0399626
0.0458252
0.0379564
0.0381709
0.0273107
0.0238751
0.0240982
0.017589
0.0191848
0.0142681
0.0142155
0.0167398
0.0140963
0.0158456
0.0113337
0.00759701
0.24431
0.243282
0.242238
0.241179
0.240121
0.239063
0.237834
0.236605
0.235355
0.233572
0.233211
0.230977
0.229531
0.229107
0.226404
0.225157
0.223984
0.222147
0.219902
0.218621
0.217067
0.215442
0.213005
0.210826
0.210158
0.207133
0.205251
0.203235
0.200514
0.199181
0.196194
0.194231
0.192294
0.187875
0.187084
0.185219
0.180304
0.17901
0.175853
0.172028
0.171482
0.16737
0.163024
0.163162
0.159082
0.15501
0.154068
0.149032
0.148597
0.146727
0.13932
0.140523
0.13979
0.13039
0.133209
0.129826
0.121228
0.128882
0.116775
0.118594
0.123905
0.101076
0.107996
0.108997
0.102018
0.0938897
0.0913641
0.100217
0.0901533
0.0922354
0.0758796
0.0760189
0.0840128
0.0736635
0.0787328
0.0617526
0.0601667
0.0712771
0.0646585
0.0690962
0.0595599
0.0471211
0.0474744
0.0356704
0.0376
0.0358668
0.035822
0.0429403
0.0374043
0.0386313
0.0311775
0.0253596
0.0226622
0.0141433
0.0125949
0.00750134
0.00532898
0.00646465
0.00414509
0.00647597
0.250183
0.249166
0.248116
0.247029
0.24591
0.244807
0.243555
0.242247
0.241158
0.239153
0.238418
0.237018
0.234444
0.234342
0.231882
0.229821
0.228696
0.226962
0.224822
0.223
0.220738
0.219774
0.217118
0.214238
0.213466
0.2103
0.208322
0.205804
0.203057
0.201883
0.197977
0.196151
0.194655
0.18948
0.188322
0.186677
0.181917
0.18048
0.177469
0.173365
0.173757
0.170359
0.165058
0.165317
0.161762
0.158675
0.157878
0.152659
0.151131
0.151257
0.143397
0.142126
0.145004
0.134144
0.134975
0.133467
0.124382
0.132407
0.118
0.114569
0.126079
0.10544
0.103527
0.10688
0.105603
0.101075
0.0946896
0.0939315
0.0931662
0.0966691
0.0760982
0.0783561
0.0816294
0.0774787
0.0835073
0.0618859
0.0634917
0.0741576
0.0698745
0.0707795
0.0520937
0.0440274
0.0457382
0.0428253
0.0479012
0.0383027
0.0354006
0.0324696
0.0295533
0.0331432
0.0282851
0.029382
0.0263294
0.0230703
0.0213922
0.0141083
0.0113815
0.00615413
0.00214706
0.000856715
0.25489
0.253882
0.252808
0.251674
0.250465
0.24925
0.247935
0.246476
0.245449
0.243493
0.24195
0.241351
0.238085
0.237619
0.235745
0.233171
0.231771
0.229971
0.228201
0.226114
0.222857
0.222032
0.219668
0.216485
0.215321
0.212224
0.210579
0.207813
0.204895
0.204133
0.199742
0.197795
0.197161
0.192237
0.190557
0.189118
0.184732
0.184071
0.181716
0.176615
0.177191
0.174687
0.169579
0.169109
0.166014
0.162679
0.162334
0.157381
0.153033
0.154888
0.147189
0.143269
0.147657
0.13743
0.135262
0.1345
0.124731
0.134448
0.120432
0.108415
0.12499
0.112345
0.10612
0.106801
0.104247
0.107326
0.105283
0.0911492
0.0891662
0.0957056
0.0832141
0.0917866
0.0795873
0.0699122
0.0805195
0.0716343
0.0781765
0.0725302
0.059084
0.0556809
0.0456428
0.0511111
0.0520716
0.0525144
0.0535579
0.0447286
0.0426295
0.0338313
0.0306298
0.0274122
0.0221621
0.0215997
0.0165248
0.0172301
0.0169576
0.0167809
0.017647
0.0131736
0.0109165
0.00597044
0.258127
0.257102
0.255986
0.254798
0.253523
0.252218
0.25089
0.249332
0.248248
0.246655
0.244293
0.244192
0.240983
0.239821
0.238556
0.236049
0.234385
0.232267
0.230838
0.229074
0.225412
0.224415
0.2225
0.219664
0.21818
0.215141
0.214001
0.211302
0.208212
0.208047
0.203828
0.201411
0.201275
0.196989
0.195135
0.193868
0.189157
0.188902
0.187281
0.181404
0.180738
0.178915
0.17409
0.172774
0.169979
0.164855
0.164805
0.160416
0.154025
0.156351
0.150415
0.14352
0.147382
0.139724
0.135684
0.136048
0.122697
0.13535
0.127693
0.108525
0.123567
0.117403
0.11361
0.114367
0.101579
0.103505
0.112077
0.0943847
0.0918094
0.0932524
0.0832738
0.0978583
0.0823274
0.073097
0.0791363
0.0751139
0.0805398
0.0667941
0.0551307
0.0515986
0.0504695
0.0588296
0.0545263
0.0514056
0.0456983
0.0435202
0.046022
0.0409481
0.0381353
0.0295602
0.0254202
0.0223542
0.0182051
0.0170942
0.012398
0.0110078
0.00892662
0.00702467
0.00688432
0.0042044
0.261821
0.260814
0.259708
0.258518
0.257232
0.255873
0.254579
0.253031
0.251762
0.250724
0.247877
0.247803
0.245276
0.243413
0.242416
0.240371
0.238677
0.236171
0.234819
0.233663
0.230395
0.229035
0.227221
0.225022
0.223408
0.220157
0.21923
0.216712
0.213348
0.2134
0.209718
0.206683
0.206306
0.202178
0.200251
0.199077
0.193506
0.192361
0.191345
0.185449
0.183155
0.181674
0.176473
0.174781
0.172437
0.165878
0.165287
0.162348
0.15508
0.156609
0.15424
0.144483
0.146858
0.141315
0.138401
0.141726
0.122615
0.134456
0.136327
0.115299
0.125478
0.118726
0.114845
0.122536
0.103306
0.0988187
0.112061
0.0960895
0.098762
0.0947718
0.0823078
0.0955517
0.08542
0.0812084
0.0781287
0.072047
0.0738119
0.0638884
0.0612782
0.0585344
0.0596201
0.0625522
0.0566693
0.0523435
0.042134
0.0383607
0.0355861
0.0339713
0.0346613
0.0316393
0.031997
0.0287474
0.026725
0.0231318
0.0174461
0.0136969
0.00804213
0.0050892
0.00177884
-0.00144767
0.267731
0.266715
0.26563
0.264467
0.263205
0.261817
0.260532
0.259054
0.257477
0.256921
0.254034
0.253439
0.25177
0.249465
0.248229
0.2466
0.245067
0.242309
0.240631
0.239572
0.236982
0.235209
0.232934
0.231119
0.229485
0.225889
0.224763
0.222324
0.218522
0.218095
0.214711
0.211218
0.210287
0.205702
0.203376
0.202538
0.196564
0.193714
0.193056
0.187773
0.184748
0.18354
0.177857
0.175681
0.174427
0.168083
0.166191
0.165498
0.157742
0.157308
0.15872
0.148529
0.149384
0.143364
0.141426
0.150548
0.127298
0.132126
0.140211
0.121116
0.129872
0.11923
0.108882
0.125449
0.109435
0.100938
0.10987
0.0942386
0.103958
0.101358
0.0868387
0.0879781
0.0811582
0.0867116
0.0833935
0.0746288
0.0662954
0.058355
0.0646737
0.0689102
0.0712848
0.0633025
0.0529206
0.0477449
0.0427103
0.0422642
0.0368712
0.033976
0.0306474
0.0281901
0.0273856
0.0242465
0.0237632
0.0213226
0.0201622
0.0176916
0.013354
0.0103282
0.00526965
0.00221169
0.275065
0.27397
0.272831
0.271639
0.27037
0.26895
0.267614
0.266225
0.264255
0.2638
0.261245
0.25976
0.25869
0.256287
0.254431
0.252865
0.251438
0.248701
0.246557
0.244801
0.24266
0.240691
0.237592
0.235647
0.233948
0.230137
0.228559
0.226128
0.222106
0.220919
0.217463
0.213861
0.21278
0.207824
0.204698
0.204446
0.199157
0.195138
0.194629
0.190098
0.186985
0.18634
0.180951
0.177601
0.17758
0.172531
0.169121
0.170363
0.162823
0.159498
0.162463
0.154152
0.154897
0.146866
0.141082
0.156418
0.133892
0.130809
0.139114
0.12068
0.133513
0.123988
0.104553
0.122639
0.114137
0.1089
0.113126
0.0948023
0.101616
0.101307
0.0943719
0.0894158
0.0810098
0.0845501
0.0804139
0.0761057
0.0699289
0.0672233
0.0703721
0.0690691
0.0656678
0.0542432
0.0482622
0.0466795
0.048229
0.0487209
0.0432343
0.0386997
0.0324006
0.0302742
0.0273861
0.024057
0.0205337
0.015603
0.0133896
0.0102934
0.00928308
0.00790185
0.00616146
0.00512468
0.281391
0.280205
0.27898
0.277712
0.276387
0.274903
0.273444
0.272145
0.269839
0.269026
0.267058
0.264672
0.263733
0.261547
0.259071
0.257223
0.25563
0.253151
0.250884
0.248163
0.246129
0.244314
0.240686
0.238419
0.236593
0.232824
0.230878
0.228471
0.224665
0.223126
0.219522
0.216005
0.215439
0.210827
0.206846
0.206984
0.203057
0.198858
0.198384
0.194378
0.190802
0.190781
0.186565
0.181698
0.181953
0.178141
0.17301
0.17481
0.16907
0.162547
0.164375
0.15705
0.159956
0.151559
0.137654
0.155464
0.137866
0.1322
0.13979
0.118334
0.133464
0.131774
0.109646
0.121983
0.114801
0.112666
0.116475
0.101231
0.10057
0.0965301
0.0965519
0.0923153
0.0847883
0.0832058
0.0783025
0.0779495
0.0759552
0.0759339
0.0713798
0.06432
0.0588011
0.0525575
0.050615
0.047091
0.0461955
0.043819
0.0429099
0.0420469
0.0390196
0.0360538
0.0303075
0.0260943
0.02069
0.0165838
0.0130307
0.0094241
0.00752971
0.00439807
0.00238455
-0.000549427
0.28578
0.284518
0.283218
0.281874
0.280485
0.278957
0.277358
0.276141
0.273761
0.272314
0.271009
0.268054
0.266904
0.265139
0.26238
0.260256
0.258302
0.256108
0.254277
0.250916
0.248782
0.247404
0.243851
0.241516
0.239609
0.236176
0.234179
0.231716
0.228315
0.227024
0.223469
0.219875
0.219934
0.216291
0.211676
0.211483
0.208536
0.204459
0.203948
0.200345
0.195464
0.195268
0.192549
0.186596
0.185791
0.183055
0.175949
0.176495
0.173785
0.165513
0.165515
0.155567
0.161301
0.156641
0.136011
0.151971
0.139286
0.135557
0.146354
0.121748
0.131569
0.136428
0.119232
0.125782
0.115439
0.111589
0.113867
0.107607
0.103747
0.0935281
0.093909
0.0933855
0.09167
0.087103
0.0796306
0.0755802
0.0746945
0.0784538
0.0740389
0.0651153
0.0552601
0.0514315
0.052583
0.0528418
0.0511045
0.0447565
0.0402267
0.0358894
0.033784
0.0309728
0.0278775
0.0256843
0.0229889
0.0214171
0.0180119
0.0146265
0.0103737
0.00601239
0.0023337
-0.0019908
0.289867
0.288556
0.28721
0.285819
0.284404
0.282905
0.28121
0.280034
0.277922
0.275819
0.27507
0.272043
0.270507
0.269169
0.266579
0.264518
0.262196
0.260095
0.258975
0.255552
0.253224
0.252137
0.248951
0.246806
0.244817
0.241774
0.239999
0.237362
0.234107
0.233265
0.229932
0.22578
0.225759
0.223052
0.218087
0.216975
0.214213
0.209707
0.208856
0.205797
0.199475
0.19795
0.196502
0.190292
0.187571
0.186318
0.177899
0.176012
0.175435
0.167989
0.16819
0.153576
0.159584
0.161648
0.140049
0.153289
0.142077
0.138501
0.154452
0.131348
0.131333
0.135149
0.124856
0.128884
0.11851
0.111629
0.107653
0.10823
0.108039
0.0984743
0.0943262
0.0919293
0.0919568
0.0889864
0.0857325
0.0799818
0.0746093
0.071985
0.0674893
0.0630975
0.0588137
0.0591576
0.0590083
0.0571251
0.051416
0.044225
0.0387122
0.0344951
0.0324874
0.0291268
0.0259537
0.0220523
0.0192924
0.0173132
0.0152598
0.0136294
0.0107293
0.00811562
0.00449316
0.000969387
0.295935
0.294606
0.293244
0.291833
0.290415
0.288978
0.287218
0.285958
0.284327
0.281724
0.281266
0.278567
0.276605
0.27542
0.273139
0.271417
0.268847
0.266484
0.265837
0.262684
0.260142
0.258944
0.255929
0.253938
0.251683
0.248682
0.247109
0.244191
0.240553
0.239811
0.23675
0.231777
0.230847
0.228539
0.223403
0.221413
0.218514
0.213042
0.211371
0.209292
0.202612
0.19914
0.198464
0.192826
0.188094
0.188554
0.180649
0.176592
0.175695
0.170011
0.173638
0.15628
0.158931
0.16635
0.147797
0.160134
0.148805
0.140033
0.156333
0.140084
0.13392
0.13184
0.125007
0.126693
0.121225
0.116746
0.107407
0.105941
0.107614
0.103925
0.0990003
0.0948645
0.091629
0.0870771
0.0859257
0.0825766
0.0768791
0.0701032
0.0660431
0.0643827
0.0630833
0.0614451
0.0571419
0.0529745
0.0486766
0.0462464
0.0430382
0.0389261
0.033887
0.0290135
0.0255905
0.022388
0.0199995
0.0167358
0.0134419
0.00968256
0.00610508
0.00318719
0.000155209
-0.00211503
0.304285
0.302956
0.301579
0.300129
0.29867
0.297272
0.295481
0.29396
0.292772
0.289825
0.289237
0.286992
0.284655
0.283218
0.281011
0.279628
0.27695
0.274044
0.273283
0.270376
0.267634
0.265975
0.262759
0.260753
0.258076
0.25467
0.25309
0.249911
0.245472
0.244327
0.241625
0.236136
0.234016
0.231659
0.226462
0.224037
0.221474
0.215399
0.212561
0.21164
0.206077
0.200986
0.200551
0.196228
0.189715
0.191017
0.185433
0.180801
0.178014
0.171911
0.180461
0.164231
0.162214
0.170318
0.153929
0.165816
0.156849
0.141808
0.150801
0.142152
0.136818
0.131388
0.126087
0.123178
0.120374
0.121813
0.114386
0.108029
0.106282
0.10549
0.101913
0.0984391
0.0930472
0.0857294
0.0828116
0.082551
0.0805923
0.0739814
0.0680289
0.0645048
0.0636724
0.0619785
0.057681
0.0513309
0.0450219
0.0414983
0.0395256
0.0384122
0.0360019
0.0333477
0.0300536
0.0264451
0.0223313
0.0175073
0.0129104
0.00831556
0.00471751
0.00140335
-0.00154962
-0.0044747
0.312892
0.311547
0.310139
0.308638
0.307093
0.305659
0.303843
0.301907
0.300967
0.297884
0.296788
0.294889
0.292338
0.290391
0.287889
0.286577
0.283964
0.280583
0.279234
0.276316
0.273468
0.271279
0.267663
0.265618
0.262669
0.258686
0.256956
0.2538
0.248701
0.246932
0.244682
0.239294
0.236441
0.234101
0.228953
0.226346
0.2248
0.219153
0.215003
0.214637
0.211019
0.205059
0.204197
0.201813
0.193992
0.194454
0.191123
0.187989
0.183931
0.174203
0.185307
0.172736
0.167651
0.173311
0.156303
0.16483
0.161265
0.145769
0.144806
0.139959
0.138201
0.133684
0.131481
0.125228
0.119408
0.1223
0.120987
0.113877
0.107794
0.105183
0.101291
0.0991005
0.0957531
0.0889668
0.0820198
0.0793715
0.0791027
0.0768119
0.0730754
0.068495
0.0644278
0.0596095
0.0548245
0.0497259
0.0456345
0.042682
0.0405147
0.0380567
0.0345091
0.0307301
0.0267705
0.0236266
0.020596
0.0177266
0.01449
0.0109492
0.00733388
0.00334253
-0.000347323
-0.00429256
0.319782
0.318391
0.316927
0.315355
0.313689
0.312142
0.310339
0.307976
0.307069
0.304118
0.302364
0.300607
0.298114
0.295743
0.292796
0.291283
0.288846
0.28536
0.283386
0.280311
0.277553
0.275122
0.271179
0.269156
0.266302
0.261908
0.260033
0.257381
0.252234
0.249921
0.248104
0.24327
0.240316
0.238398
0.23345
0.230379
0.229807
0.225399
0.220104
0.21914
0.217265
0.210998
0.208792
0.208451
0.200277
0.1987
0.195268
0.194531
0.19116
0.177053
0.186265
0.177247
0.171423
0.175418
0.158003
0.159592
0.160386
0.151331
0.144635
0.140281
0.140192
0.136455
0.137265
0.132453
0.122679
0.120267
0.121761
0.117609
0.111284
0.106844
0.100979
0.0965631
0.0947713
0.0925744
0.0866962
0.0811946
0.077681
0.0753324
0.0723043
0.0684124
0.0640115
0.0592967
0.0555518
0.0523363
0.0495034
0.0455695
0.0412124
0.036581
0.0325744
0.0290062
0.0255482
0.0219334
0.0179013
0.0142052
0.0107297
0.00796158
0.00524534
0.00258137
-0.000241454
-0.00344434
0.325071
0.323643
0.322123
0.320491
0.318719
0.317045
0.315349
0.312701
0.311622
0.309019
0.306697
0.304909
0.302725
0.300266
0.297067
0.295211
0.292918
0.289799
0.287553
0.284356
0.281881
0.27961
0.275523
0.273528
0.271076
0.266587
0.264602
0.262686
0.257964
0.255266
0.253687
0.249345
0.246426
0.245125
0.240533
0.236418
0.23587
0.232864
0.226946
0.224321
0.223411
0.217228
0.212794
0.213563
0.206301
0.203054
0.196955
0.197279
0.196381
0.180505
0.185259
0.178066
0.172201
0.176477
0.162896
0.157529
0.157804
0.156542
0.149878
0.145451
0.14482
0.13889
0.138467
0.138028
0.129407
0.120926
0.119394
0.116682
0.112219
0.108832
0.103849
0.0968259
0.0927703
0.0923241
0.0902015
0.0850847
0.0789557
0.0744158
0.0707084
0.0676328
0.0638427
0.0595786
0.0552178
0.0519873
0.0497773
0.0472952
0.0437286
0.0387802
0.0336617
0.0285768
0.0242187
0.0201143
0.0164701
0.0130644
0.00985317
0.00680822
0.00345155
2.75489e-05
-0.00372194
-0.00727388
0.330738
0.329282
0.327732
0.326094
0.324289
0.322504
0.320971
0.318259
0.316878
0.314768
0.312145
0.310164
0.30832
0.30606
0.302952
0.300791
0.298503
0.295909
0.293729
0.290448
0.288207
0.286327
0.282267
0.280187
0.278202
0.27383
0.271515
0.270012
0.265724
0.262672
0.261044
0.256783
0.253399
0.252369
0.248255
0.242826
0.241163
0.239117
0.233287
0.228612
0.227885
0.222399
0.215622
0.215896
0.210381
0.20724
0.198107
0.196845
0.198593
0.184566
0.185754
0.179391
0.172738
0.176522
0.170555
0.16261
0.158431
0.160439
0.155737
0.151386
0.150561
0.142413
0.136156
0.137108
0.133853
0.124912
0.119486
0.115617
0.111191
0.10857
0.106573
0.100642
0.0938896
0.0907513
0.0899579
0.0871152
0.0817171
0.075797
0.0706737
0.0668415
0.0636915
0.0606349
0.0567238
0.0526058
0.0484178
0.0446669
0.0406238
0.0365009
0.0324644
0.0288546
0.0256955
0.0224655
0.018989
0.014818
0.0104791
0.00600917
0.00183574
-0.00216346
-0.00598026
-0.00949766
0.338647
0.337142
0.335558
0.333934
0.332142
0.330247
0.328839
0.326272
0.324519
0.322891
0.320231
0.317912
0.316203
0.314151
0.311392
0.309086
0.306542
0.304257
0.302223
0.298741
0.296409
0.294805
0.290803
0.288397
0.286626
0.282294
0.279348
0.277711
0.273548
0.270035
0.268169
0.263712
0.259249
0.257802
0.254324
0.248063
0.244674
0.242876
0.237874
0.231509
0.230408
0.226466
0.218382
0.216867
0.212666
0.211458
0.201354
0.196947
0.199546
0.189386
0.189134
0.184346
0.176765
0.17674
0.177239
0.171591
0.163074
0.163292
0.159194
0.15363
0.153445
0.147143
0.135904
0.132983
0.133191
0.128194
0.122331
0.117879
0.112341
0.107883
0.106665
0.10415
0.0980454
0.091695
0.0881662
0.0855491
0.0821225
0.0777129
0.0732315
0.0687302
0.0645808
0.060628
0.0566193
0.0521658
0.0473714
0.0427919
0.0386085
0.0349421
0.0313146
0.0278604
0.0243263
0.0209087
0.0174122
0.0139386
0.010351
0.00654664
0.00263585
-0.00153428
-0.00562385
-0.00976053
0.348684
0.34712
0.345482
0.343835
0.342048
0.340014
0.338602
0.336274
0.334067
0.332691
0.330154
0.327464
0.325593
0.323491
0.321048
0.318684
0.315694
0.313343
0.31133
0.307547
0.304743
0.303076
0.299004
0.295995
0.294059
0.289715
0.286084
0.283974
0.279649
0.275562
0.273467
0.269004
0.263385
0.261023
0.258322
0.252222
0.247344
0.245213
0.241607
0.234373
0.232389
0.230394
0.222751
0.219208
0.214754
0.215788
0.207452
0.200644
0.201728
0.195014
0.193907
0.191486
0.18471
0.1787
0.180145
0.178292
0.168421
0.165397
0.161167
0.153048
0.151821
0.150315
0.140015
0.132205
0.131112
0.129045
0.124764
0.121401
0.116473
0.109876
0.105783
0.104318
0.101097
0.0950848
0.0890583
0.0845257
0.0808625
0.0773398
0.0738525
0.0698623
0.0653899
0.0606925
0.056356
0.052102
0.0476623
0.0428306
0.0382533
0.0341891
0.0305763
0.027067
0.0234269
0.0195907
0.0155355
0.0115121
0.00746115
0.00359016
-0.000217559
-0.00379728
-0.00720092
-0.0105055
0.358979
0.357349
0.355632
0.35391
0.352092
0.349887
0.348284
0.346184
0.343505
0.342083
0.339735
0.336752
0.334521
0.332015
0.3296
0.327216
0.32375
0.321038
0.318978
0.314999
0.311585
0.309568
0.305364
0.30172
0.299472
0.295184
0.291083
0.288551
0.28408
0.279424
0.277188
0.273289
0.267179
0.263799
0.261744
0.256724
0.2512
0.248372
0.246313
0.239088
0.235683
0.234926
0.229148
0.224452
0.218367
0.219923
0.214759
0.207552
0.205986
0.201081
0.198018
0.196773
0.193016
0.182631
0.180067
0.18012
0.171374
0.166413
0.163423
0.154027
0.14897
0.150218
0.145513
0.136738
0.132294
0.129784
0.125791
0.122858
0.120022
0.11412
0.107134
0.103117
0.100851
0.0970819
0.0913948
0.0857439
0.0809027
0.0767704
0.0730129
0.0692213
0.0647931
0.0598307
0.0551227
0.051167
0.0476726
0.0439773
0.039932
0.0356467
0.031383
0.0270021
0.0225279
0.0179163
0.0133642
0.00905302
0.00512314
0.00144616
-0.00216466
-0.0057514
-0.00942498
-0.013134
0.367749
0.36604
0.364227
0.362398
0.360529
0.358176
0.35626
0.354354
0.351292
0.349585
0.347387
0.344279
0.341724
0.338672
0.336058
0.333712
0.329931
0.326799
0.324686
0.320769
0.31694
0.314582
0.310409
0.306383
0.303884
0.299767
0.295512
0.292888
0.288588
0.283535
0.281164
0.278289
0.272554
0.268282
0.266396
0.262758
0.257399
0.253542
0.252611
0.246138
0.241047
0.239988
0.236341
0.2318
0.224085
0.223635
0.220922
0.214826
0.210929
0.206819
0.200952
0.197986
0.197736
0.187397
0.17991
0.179322
0.172434
0.166561
0.165922
0.158874
0.149856
0.148873
0.148712
0.142854
0.136755
0.13252
0.12732
0.122648
0.120293
0.116903
0.1103
0.10361
0.0995039
0.0965295
0.0924718
0.0874191
0.0821876
0.0771808
0.0724517
0.0681833
0.0640062
0.0595891
0.0549749
0.0506995
0.0468684
0.0432149
0.0393218
0.0351531
0.0308649
0.0265366
0.0221258
0.0175991
0.0131446
0.00881955
0.00463792
0.000497483
-0.00358709
-0.00764987
-0.0116673
-0.0155602
0.374899
0.373126
0.371238
0.369314
0.36741
0.365
0.362748
0.361001
0.357733
0.355604
0.353476
0.350451
0.347844
0.344436
0.341592
0.339357
0.335542
0.332071
0.329891
0.326264
0.32237
0.319886
0.315978
0.311899
0.309287
0.305418
0.301213
0.298757
0.294987
0.289768
0.287022
0.285021
0.280138
0.275219
0.272819
0.270083
0.265256
0.260093
0.259391
0.254177
0.24776
0.245003
0.242396
0.238884
0.230859
0.227013
0.224746
0.220067
0.214555
0.211332
0.203866
0.197039
0.19822
0.191637
0.182
0.179849
0.174651
0.167585
0.167605
0.165271
0.155792
0.149809
0.149234
0.146306
0.140829
0.135965
0.130287
0.123513
0.118974
0.116493
0.112358
0.105812
0.0997265
0.0954479
0.0918141
0.0876948
0.083146
0.0783316
0.0733093
0.0683664
0.063818
0.0595842
0.0553094
0.0509077
0.0464764
0.0421267
0.0377304
0.0332749
0.0287718
0.0243625
0.0200522
0.0159121
0.0119677
0.00812622
0.00421727
0.000186921
-0.00391856
-0.00816228
-0.0124238
-0.0166861
0.382011
0.380202
0.378281
0.376292
0.374372
0.372009
0.369468
0.367841
0.364607
0.362099
0.35995
0.35712
0.354734
0.351269
0.348245
0.346147
0.342543
0.338897
0.336594
0.333282
0.329538
0.327058
0.323491
0.319527
0.316889
0.313237
0.309031
0.306653
0.303507
0.298286
0.294737
0.292902
0.28885
0.283565
0.280079
0.277382
0.273119
0.266633
0.265116
0.261239
0.2544
0.249544
0.246341
0.243688
0.237005
0.230391
0.226954
0.223272
0.216545
0.214374
0.208165
0.197949
0.197442
0.195099
0.186415
0.183081
0.179586
0.171333
0.16854
0.169216
0.163024
0.153993
0.149635
0.146859
0.142183
0.137547
0.132935
0.126292
0.119395
0.115088
0.112121
0.10758
0.101567
0.0959573
0.0913871
0.087148
0.0829079
0.0786181
0.0741464
0.0693351
0.064512
0.0599594
0.0555691
0.0509489
0.0460494
0.0410419
0.0361574
0.0314669
0.0269337
0.02256
0.0183391
0.0142751
0.0102474
0.00619132
0.00206098
-0.00209141
-0.00625665
-0.0103798
-0.0144502
-0.0184866
0.390893
0.389047
0.3871
0.385051
0.383102
0.380859
0.378107
0.376539
0.37355
0.370798
0.368503
0.365781
0.363659
0.360323
0.357158
0.355113
0.351833
0.348166
0.345637
0.342444
0.338783
0.336203
0.332806
0.328902
0.326172
0.322586
0.318113
0.315407
0.312664
0.307527
0.302905
0.300473
0.296877
0.29153
0.286835
0.283488
0.279751
0.272377
0.269263
0.266294
0.260017
0.25384
0.249082
0.24622
0.241856
0.234326
0.229351
0.226295
0.218559
0.216478
0.213705
0.202923
0.198827
0.198343
0.191637
0.187296
0.185428
0.177623
0.170327
0.16956
0.167092
0.159054
0.151699
0.147134
0.142231
0.137254
0.13349
0.128872
0.122082
0.115627
0.111414
0.107932
0.103254
0.0976991
0.0923414
0.0874275
0.0827571
0.0782916
0.0739321
0.0693833
0.0645484
0.0596569
0.0549203
0.0502322
0.0454401
0.0405009
0.0355655
0.0307113
0.0260264
0.0215167
0.0171676
0.0128409
0.00847398
0.00408777
-0.000275276
-0.00460124
-0.00889383
-0.0131029
-0.0172581
-0.0213254
0.402029
0.400124
0.398127
0.395993
0.393969
0.391858
0.388957
0.387318
0.384627
0.381745
0.379187
0.376369
0.374337
0.37115
0.367819
0.365625
0.362564
0.358906
0.356055
0.352728
0.348941
0.346057
0.342551
0.33848
0.335482
0.331798
0.326852
0.323395
0.320661
0.315724
0.310186
0.306739
0.303143
0.298034
0.29251
0.288244
0.285031
0.277596
0.272718
0.269951
0.264751
0.25864
0.252659
0.248395
0.246027
0.239221
0.233203
0.230822
0.222595
0.218741
0.218977
0.210592
0.203275
0.201902
0.196492
0.1906
0.189169
0.183854
0.174068
0.168882
0.167254
0.162194
0.154725
0.148739
0.143302
0.137439
0.132902
0.129554
0.124768
0.118236
0.112305
0.108008
0.103998
0.0991949
0.0938307
0.0884819
0.0832615
0.078199
0.073324
0.0685861
0.0637431
0.0587066
0.0536115
0.0487057
0.0439821
0.0393587
0.0347691
0.030196
0.0256512
0.0211239
0.01656
0.0118863
0.00715356
0.00242937
-0.00222351
-0.00681087
-0.0112885
-0.0156452
-0.0198626
-0.0240053
0.414317
0.412343
0.410278
0.408039
0.405873
0.403836
0.400815
0.398921
0.396436
0.393517
0.390668
0.387574
0.385375
0.382214
0.378649
0.376041
0.372933
0.369244
0.366062
0.36246
0.358416
0.355118
0.351318
0.346908
0.343506
0.339699
0.334354
0.32997
0.326915
0.322357
0.316396
0.311986
0.308069
0.303403
0.297674
0.292562
0.28979
0.283169
0.277003
0.273842
0.26947
0.264458
0.258414
0.252212
0.25053
0.245125
0.238486
0.236809
0.229178
0.222222
0.222696
0.217811
0.209226
0.205701
0.200774
0.193075
0.189949
0.187383
0.178926
0.170142
0.166228
0.162969
0.157191
0.151169
0.145778
0.139619
0.133583
0.129392
0.125876
0.120825
0.11456
0.108876
0.104214
0.0996355
0.0945843
0.0892451
0.0838531
0.0784229
0.0729981
0.0677309
0.0626698
0.0576437
0.0525434
0.0475024
0.0426387
0.0379706
0.0333907
0.028833
0.0242599
0.0196541
0.0149753
0.0102729
0.00557321
0.000892409
-0.00376953
-0.00837689
-0.0129104
-0.0173751
-0.0217952
-0.0261908
0.426136
0.424091
0.421955
0.419607
0.417244
0.415197
0.412082
0.409794
0.407355
0.404464
0.40138
0.39795
0.395398
0.392146
0.388343
0.385197
0.381831
0.378063
0.374619
0.370761
0.366485
0.362842
0.358781
0.35403
0.35023
0.346435
0.341014
0.335889
0.332374
0.328286
0.322446
0.317486
0.313144
0.308919
0.303539
0.297777
0.295136
0.289815
0.283127
0.279302
0.274906
0.27098
0.265963
0.258225
0.255822
0.251559
0.244229
0.242648
0.236861
0.227285
0.225074
0.222503
0.214497
0.209093
0.204544
0.19607
0.189836
0.18788
0.182885
0.173904
0.167075
0.163242
0.15881
0.153444
0.148475
0.142978
0.13636
0.130362
0.126036
0.121893
0.116462
0.110282
0.104556
0.0994121
0.0943343
0.0890691
0.0837292
0.0783571
0.0728927
0.0673779
0.0620282
0.0568935
0.0518581
0.0468055
0.0417869
0.036844
0.0319592
0.0270982
0.0222632
0.0174284
0.0125899
0.0077989
0.00308542
-0.00155719
-0.00613723
-0.0106434
-0.0150959
-0.0195165
-0.0239461
-0.0283599
0.436653
0.434535
0.432329
0.429888
0.427314
0.425191
0.422047
0.419329
0.416785
0.413932
0.41071
0.407034
0.404118
0.400771
0.396881
0.39332
0.389641
0.385774
0.382175
0.378171
0.373776
0.369953
0.365797
0.360856
0.356763
0.353117
0.348007
0.342551
0.338553
0.334843
0.329477
0.324446
0.319717
0.315701
0.310931
0.30469
0.301663
0.297461
0.290832
0.286425
0.281189
0.277382
0.273774
0.26544
0.261478
0.25777
0.249574
0.246828
0.243382
0.233341
0.227349
0.224864
0.218169
0.211692
0.20763
0.200258
0.1916
0.187593
0.18497
0.178488
0.170606
0.165024
0.160506
0.155361
0.150363
0.145579
0.139674
0.132828
0.126764
0.121935
0.117043
0.111262
0.105114
0.0993041
0.0938365
0.0884192
0.0830018
0.0776917
0.0724228
0.0670694
0.0616848
0.05644
0.0513455
0.0462568
0.0410917
0.0358549
0.0305957
0.0253697
0.0202358
0.015188
0.0102189
0.00532633
0.000521755
-0.00419937
-0.00883641
-0.0134234
-0.0179805
-0.022512
-0.0270094
-0.0314695
0.446337
0.444147
0.441876
0.439373
0.436617
0.434388
0.431306
0.42823
0.425487
0.422661
0.419419
0.415675
0.412503
0.409108
0.405335
0.401603
0.397684
0.393732
0.390078
0.386049
0.381639
0.37776
0.373669
0.368722
0.3644
0.36088
0.356291
0.350866
0.346395
0.342791
0.337896
0.333063
0.328012
0.323808
0.31958
0.313001
0.309091
0.305364
0.298969
0.294305
0.288033
0.283135
0.280453
0.272413
0.266798
0.263282
0.254559
0.249452
0.247495
0.239264
0.23067
0.226684
0.22104
0.214045
0.20997
0.204845
0.196117
0.189202
0.186111
0.182087
0.175218
0.168429
0.162915
0.157354
0.151662
0.146639
0.141568
0.135313
0.128431
0.122273
0.11693
0.111497
0.105568
0.0995129
0.0936699
0.0880049
0.0824185
0.0769714
0.0716762
0.0664099
0.0610681
0.0557121
0.0504138
0.0451621
0.0398797
0.0345399
0.0291603
0.0238003
0.0185071
0.0133088
0.00820382
0.00318617
-0.00176795
-0.00666002
-0.0114791
-0.0162497
-0.0209806
-0.025665
-0.0302916
-0.0348714
0.456451
0.454191
0.451863
0.449335
0.446454
0.444108
0.441176
0.437888
0.434914
0.432086
0.428899
0.425225
0.421894
0.418458
0.414876
0.41118
0.407141
0.403124
0.399456
0.395454
0.391048
0.387135
0.383168
0.378299
0.37371
0.370107
0.365933
0.360681
0.355753
0.351898
0.347149
0.342479
0.337144
0.332355
0.328394
0.321644
0.316636
0.312716
0.306363
0.301764
0.294962
0.288328
0.285622
0.278427
0.271542
0.268108
0.259828
0.252085
0.249792
0.244298
0.235366
0.229626
0.224434
0.217244
0.212176
0.208658
0.201895
0.19346
0.187955
0.184286
0.178901
0.172068
0.165678
0.15958
0.153163
0.147124
0.141873
0.136422
0.129997
0.123244
0.117084
0.111464
0.105794
0.0998582
0.0938755
0.0880162
0.0822588
0.0765749
0.0710033
0.0655289
0.0600654
0.0545445
0.0489835
0.0434474
0.0379753
0.0325639
0.0272012
0.0218766
0.0166032
0.0113999
0.00626537
0.00117837
-0.00389143
-0.00893906
-0.0139494
-0.0189153
-0.0238413
-0.0287062
-0.0334968
-0.038197
0.468081
0.465748
0.463364
0.460832
0.457881
0.455401
0.452647
0.44928
0.446076
0.443182
0.440014
0.43644
0.432996
0.429435
0.425969
0.422389
0.418305
0.414193
0.410456
0.406429
0.401961
0.397931
0.394003
0.389181
0.384257
0.380266
0.376184
0.371064
0.365715
0.36133
0.356314
0.351589
0.346016
0.340418
0.33641
0.329683
0.323729
0.31927
0.312621
0.308141
0.30165
0.293554
0.290012
0.283789
0.276107
0.272529
0.26575
0.256358
0.252096
0.248483
0.240889
0.234084
0.228889
0.22187
0.215225
0.211404
0.206748
0.198905
0.191211
0.185943
0.181025
0.174772
0.168097
0.161691
0.155027
0.148159
0.141947
0.136439
0.130694
0.124273
0.117736
0.111643
0.105883
0.100079
0.0941329
0.0881676
0.0822503
0.076345
0.0704455
0.0645925
0.0588091
0.0530565
0.0472982
0.0415584
0.0358958
0.0303425
0.0248957
0.0195271
0.0142231
0.00898186
0.00378794
-0.00138407
-0.00653589
-0.0116552
-0.0167304
-0.0217683
-0.0267745
-0.0317259
-0.0365874
-0.0413583
0.481422
0.479007
0.476546
0.474001
0.470999
0.468332
0.465693
0.462319
0.458901
0.45585
0.452596
0.449073
0.445522
0.441725
0.438195
0.434658
0.430515
0.42623
0.422309
0.418159
0.41353
0.409236
0.405172
0.400326
0.395054
0.390451
0.386134
0.381025
0.375342
0.370378
0.364838
0.359858
0.354166
0.347795
0.343507
0.336956
0.330423
0.325486
0.318334
0.313682
0.308132
0.299466
0.294721
0.289271
0.281169
0.276899
0.272004
0.262701
0.255957
0.252393
0.246411
0.239352
0.233867
0.227366
0.219547
0.213841
0.209709
0.203478
0.195281
0.188089
0.182362
0.176429
0.169873
0.163374
0.156864
0.149909
0.142931
0.136654
0.130907
0.124947
0.118549
0.112118
0.105974
0.100022
0.0940415
0.0879852
0.081915
0.0758433
0.0697302
0.0635914
0.057503
0.0515132
0.0456035
0.0397459
0.0339388
0.0282094
0.0225883
0.0170707
0.0116266
0.0062315
0.000868645
-0.0044655
-0.00975405
-0.0149753
-0.0201254
-0.0252189
-0.0302621
-0.0352375
-0.0401222
-0.0449355
0.495786
0.493271
0.4907
0.488101
0.48504
0.482118
0.479475
0.47612
0.472516
0.469248
0.465812
0.462264
0.458587
0.454469
0.450666
0.447013
0.44275
0.438233
0.434046
0.429695
0.424826
0.420145
0.415797
0.410873
0.405336
0.400104
0.395365
0.390162
0.384278
0.378916
0.372865
0.367555
0.361905
0.354998
0.350313
0.343992
0.337229
0.332119
0.324559
0.319253
0.314668
0.306324
0.300419
0.295409
0.287237
0.281626
0.277934
0.270134
0.261688
0.256666
0.251435
0.244501
0.238482
0.232518
0.224592
0.216889
0.211507
0.206277
0.198994
0.190962
0.184002
0.177757
0.171293
0.164738
0.158374
0.1518
0.144776
0.137823
0.131438
0.125384
0.119143
0.112623
0.106103
0.099766
0.0935388
0.0873023
0.0810445
0.0748004
0.0685652
0.0623264
0.0561141
0.0499788
0.0439398
0.0379755
0.0320545
0.0261759
0.0203678
0.0146436
0.00898026
0.0033557
-0.002221
-0.00773068
-0.0131668
-0.0185232
-0.0238002
-0.0290034
-0.0341331
-0.0391857
-0.0441621
-0.0490653
0.5102
0.507574
0.50487
0.502182
0.49906
0.495848
0.493089
0.489749
0.486002
0.482508
0.478826
0.475162
0.471355
0.466913
0.462717
0.458825
0.454409
0.449661
0.445188
0.440612
0.435495
0.430411
0.42572
0.420694
0.415051
0.409353
0.404167
0.39882
0.392854
0.387365
0.380996
0.375363
0.369869
0.362719
0.357624
0.351489
0.344645
0.339632
0.33201
0.325662
0.321468
0.313922
0.307119
0.302203
0.294348
0.287098
0.283195
0.27721
0.268467
0.26157
0.255973
0.249114
0.242382
0.236522
0.229335
0.220794
0.213549
0.207941
0.201706
0.194071
0.186412
0.179533
0.17291
0.166192
0.159653
0.153269
0.146586
0.13952
0.132526
0.125906
0.119459
0.112872
0.10613
0.0994157
0.0928286
0.0863251
0.0798472
0.0734015
0.0670232
0.0607149
0.0544521
0.0482286
0.0420685
0.0359842
0.0299616
0.0239778
0.0180235
0.0121041
0.00622522
0.000397847
-0.00535229
-0.0110146
-0.0165986
-0.0221086
-0.0275373
-0.0328782
-0.0381331
-0.0433061
-0.0484053
-0.0534256
0.524113
0.521385
0.51855
0.515761
0.512597
0.509119
0.506163
0.502802
0.498954
0.495258
0.491297
0.487448
0.483554
0.478897
0.47434
0.470182
0.465627
0.460693
0.455961
0.451186
0.445898
0.440501
0.435483
0.430345
0.42474
0.418802
0.413259
0.407754
0.401736
0.396299
0.38982
0.383867
0.378511
0.371334
0.365859
0.359804
0.352796
0.347884
0.3406
0.333159
0.328566
0.321793
0.314381
0.309199
0.301986
0.293431
0.288022
0.283034
0.275079
0.266927
0.26034
0.253365
0.245954
0.239584
0.233155
0.225075
0.216673
0.209802
0.203751
0.196913
0.189323
0.181944
0.174956
0.167977
0.161022
0.154327
0.14772
0.140824
0.133641
0.126511
0.119619
0.112825
0.105949
0.0990013
0.0921003
0.0853069
0.0785941
0.071937
0.0653648
0.0589014
0.0525184
0.0461749
0.0398682
0.0336215
0.0274454
0.0213198
0.015219
0.00914594
0.00312617
-0.00281701
-0.00867091
-0.0144452
-0.0201537
-0.0257936
-0.0313481
-0.0368148
-0.0422007
-0.0475133
-0.0527516
-0.0579081
0.537692
0.534879
0.531926
0.529029
0.52585
0.522164
0.518965
0.515538
0.511618
0.507766
0.503548
0.499501
0.495576
0.49086
0.486062
0.481672
0.477001
0.471931
0.46699
0.46207
0.456717
0.451133
0.445843
0.440567
0.435045
0.429049
0.423264
0.417593
0.411449
0.406061
0.399583
0.393279
0.387919
0.380784
0.374939
0.368855
0.361488
0.356375
0.349665
0.341456
0.335875
0.329511
0.321697
0.315878
0.309373
0.300367
0.292982
0.287698
0.280785
0.272389
0.264865
0.257652
0.249823
0.242591
0.23625
0.229106
0.220722
0.212723
0.205945
0.199395
0.192183
0.184623
0.177235
0.169951
0.162601
0.155355
0.148359
0.141409
0.134238
0.126894
0.119623
0.11253
0.105514
0.0984605
0.0913776
0.0843428
0.0773941
0.0705245
0.0637362
0.0570437
0.050438
0.0438915
0.0373873
0.0309351
0.0245478
0.0182219
0.0119465
0.00572937
-0.0004054
-0.00644406
-0.0123955
-0.0182767
-0.0240925
-0.0298307
-0.0354806
-0.0410491
-0.0465478
-0.0519806
-0.057335
-0.0625985
0.551578
0.548683
0.545617
0.542599
0.539412
0.535584
0.532135
0.528612
0.524647
0.520703
0.516299
0.512065
0.508118
0.503437
0.498496
0.493899
0.489119
0.483949
0.478847
0.473819
0.468461
0.462778
0.457261
0.451787
0.446284
0.440296
0.434346
0.428487
0.422086
0.416606
0.410138
0.403445
0.397881
0.390721
0.38447
0.378287
0.370444
0.364692
0.358499
0.350036
0.343286
0.33689
0.328822
0.322078
0.315989
0.307422
0.29857
0.292048
0.285666
0.277713
0.269695
0.262216
0.254291
0.246305
0.23933
0.232653
0.224941
0.216561
0.208785
0.201757
0.194648
0.187096
0.179425
0.171845
0.164225
0.156536
0.148977
0.141636
0.134341
0.126924
0.119442
0.112057
0.104821
0.0976503
0.0904683
0.0832866
0.0761552
0.0690939
0.0620942
0.0551508
0.0482696
0.0414563
0.0347085
0.0280276
0.0214163
0.0148767
0.00841091
0.00203271
-0.00424354
-0.010419
-0.0165109
-0.0225313
-0.0284761
-0.0343326
-0.0401
-0.0457849
-0.0513945
-0.0569244
-0.0623626
-0.0677012
0.566396
0.563413
0.560229
0.557068
0.553863
0.549956
0.546283
0.542643
0.538641
0.534662
0.530143
0.525705
0.521664
0.517011
0.511966
0.507169
0.502263
0.497001
0.49175
0.486586
0.481192
0.475437
0.469711
0.463962
0.458339
0.452303
0.446191
0.440126
0.433364
0.427605
0.421094
0.414003
0.408065
0.400769
0.394049
0.387744
0.379506
0.372781
0.366776
0.3585
0.35078
0.344042
0.335869
0.328129
0.321903
0.314225
0.304941
0.296992
0.29033
0.282882
0.274784
0.267046
0.259185
0.250844
0.24297
0.235936
0.228691
0.220537
0.212135
0.204273
0.196796
0.189172
0.181327
0.173478
0.165649
0.157725
0.149759
0.141937
0.134307
0.126737
0.119118
0.111498
0.103977
0.0965762
0.0892376
0.0819212
0.0746371
0.0673994
0.0602032
0.0530409
0.0459216
0.0388641
0.0318813
0.0249755
0.0181469
0.011398
0.00473887
-0.00182134
-0.00827869
-0.0146387
-0.0209099
-0.0271007
-0.0332031
-0.0392106
-0.0451245
-0.0509478
-0.0566779
-0.0623106
-0.0678412
-0.0732705
0.582395
0.579323
0.576023
0.572704
0.569454
0.565511
0.561648
0.557857
0.553788
0.549776
0.545171
0.540491
0.536251
0.531555
0.526411
0.52141
0.516348
0.510965
0.505528
0.500149
0.494626
0.488764
0.482824
0.47674
0.470845
0.464635
0.458313
0.452039
0.444889
0.4387
0.432079
0.424629
0.418237
0.410733
0.403495
0.397059
0.388682
0.380918
0.374654
0.366763
0.358467
0.351265
0.343135
0.334599
0.327684
0.320695
0.311844
0.302933
0.29541
0.288049
0.280023
0.272022
0.264145
0.25578
0.247229
0.239328
0.231892
0.224018
0.21551
0.207004
0.198901
0.190972
0.182936
0.174829
0.166765
0.158697
0.150554
0.142407
0.134393
0.126527
0.118711
0.110884
0.103084
0.0953738
0.0877637
0.0802236
0.0727306
0.0652807
0.0578746
0.0505141
0.0432079
0.035966
0.0287944
0.021696
0.0146761
0.00774338
0.000902926
-0.00584607
-0.0125055
-0.0190715
-0.0255413
-0.0319131
-0.0381876
-0.0443629
-0.0504384
-0.0564112
-0.0622752
-0.0680283
-0.0736739
-0.0792157
0.599411
0.596255
0.592849
0.589363
0.586032
0.582064
0.578027
0.574042
0.569841
0.565747
0.561048
0.556107
0.551585
0.546772
0.541514
0.536302
0.531041
0.525484
0.51981
0.51414
0.508382
0.502348
0.496189
0.489753
0.483488
0.476988
0.470398
0.463924
0.456431
0.449742
0.44295
0.435216
0.428383
0.420679
0.412912
0.406287
0.398058
0.38948
0.382581
0.374994
0.366483
0.358819
0.35081
0.341853
0.333945
0.326994
0.318848
0.309667
0.301185
0.293402
0.285327
0.27704
0.268931
0.260598
0.251769
0.243044
0.234907
0.226937
0.21853
0.209767
0.201112
0.192717
0.184393
0.176026
0.167685
0.159417
0.151152
0.142839
0.134539
0.126339
0.118239
0.110173
0.102113
0.0940927
0.086153
0.0783029
0.0705281
0.0628147
0.0551623
0.0475797
0.040075
0.0326493
0.0252996
0.0180264
0.0108372
0.00373896
-0.00327055
-0.0101978
-0.017044
-0.0237985
-0.0304496
-0.0369952
-0.0434403
-0.0497846
-0.0560223
-0.0621467
-0.0681534
-0.0740424
-0.0798184
-0.0854819
0.617079
0.613837
0.610333
0.606676
0.603216
0.599208
0.595004
0.590795
0.586397
0.582155
0.577353
0.572171
0.567334
0.562343
0.556943
0.551504
0.546004
0.540232
0.534293
0.528297
0.522232
0.51597
0.509598
0.502845
0.4962
0.489357
0.482452
0.475789
0.468046
0.460861
0.453853
0.445909
0.438696
0.430849
0.422592
0.415635
0.407705
0.398692
0.390981
0.383424
0.37489
0.366791
0.358837
0.349822
0.340981
0.333395
0.325636
0.316663
0.307526
0.299038
0.290667
0.282058
0.273535
0.265062
0.256197
0.247021
0.238113
0.229639
0.22116
0.212351
0.203384
0.194543
0.185859
0.177215
0.168582
0.160016
0.151521
0.143031
0.134517
0.126028
0.117614
0.109268
0.100955
0.0926625
0.0844151
0.076241
0.0681503
0.0601415
0.0522146
0.0443756
0.0366304
0.0289782
0.0214168
0.0139454
0.00656455
-0.000723295
-0.00791986
-0.0150277
-0.0220453
-0.0289659
-0.0357804
-0.0424872
-0.04909
-0.0555874
-0.0619716
-0.0682377
-0.0743827
-0.0804086
-0.0863149
-0.0921004
0.635095
0.631759
0.628157
0.624325
0.620694
0.616618
0.612261
0.607825
0.603194
0.598755
0.593852
0.588479
0.583332
0.578115
0.572543
0.566865
0.561106
0.5551
0.548906
0.542603
0.536211
0.529684
0.523112
0.516108
0.509137
0.501962
0.49472
0.487864
0.479964
0.472334
0.465072
0.456959
0.44941
0.441474
0.432803
0.42533
0.41763
0.408539
0.400048
0.392201
0.383641
0.375118
0.367023
0.358137
0.348691
0.340131
0.33217
0.32347
0.314081
0.304915
0.296056
0.287091
0.278093
0.269262
0.26033
0.251024
0.241604
0.232486
0.223639
0.214723
0.205606
0.196446
0.187393
0.178432
0.169496
0.160586
0.151745
0.142965
0.134202
0.125444
0.116726
0.108078
0.0994955
0.0909575
0.0824555
0.074
0.0656129
0.0573123
0.0491057
0.0409943
0.0329791
0.0250632
0.0172478
0.00953257
0.00191634
-0.00560013
-0.0130148
-0.0203261
-0.0275321
-0.0346309
-0.0416182
-0.0484919
-0.0552508
-0.0618934
-0.0684174
-0.074819
-0.0810981
-0.0872535
-0.0932825
-0.0991853
0.653381
0.64994
0.646239
0.642237
0.638403
0.634232
0.629743
0.625103
0.620237
0.615573
0.610567
0.60505
0.599622
0.594155
0.588389
0.582476
0.576457
0.570226
0.563806
0.557242
0.550542
0.543732
0.536959
0.529764
0.522538
0.515073
0.507483
0.500402
0.492403
0.484392
0.476834
0.468547
0.460657
0.452637
0.443659
0.435521
0.4278
0.418827
0.409738
0.401365
0.392654
0.383705
0.375228
0.366429
0.356759
0.347292
0.338649
0.329944
0.320542
0.31092
0.301524
0.292175
0.282747
0.273435
0.264242
0.254869
0.245225
0.235599
0.226227
0.217006
0.207717
0.198319
0.188926
0.179609
0.170343
0.16109
0.151873
0.142723
0.133634
0.124582
0.11556
0.106596
0.0977113
0.0889014
0.0801493
0.0714477
0.062807
0.0542471
0.0457787
0.0374005
0.0291118
0.020918
0.012827
0.00484167
-0.00303759
-0.0108087
-0.0184669
-0.0260083
-0.0334315
-0.0407361
-0.0479205
-0.0549802
-0.0619119
-0.0687162
-0.0753937
-0.0819448
-0.0883657
-0.0946535
-0.100807
-0.106827
0.67208
0.668528
0.664724
0.660562
0.656512
0.652225
0.647621
0.642809
0.637724
0.632822
0.627696
0.622062
0.616388
0.610669
0.6047
0.598565
0.592299
0.58585
0.579227
0.572447
0.565473
0.55837
0.551374
0.544004
0.536566
0.528851
0.520909
0.513541
0.505447
0.497102
0.489205
0.480703
0.47243
0.464271
0.455098
0.44625
0.43819
0.429329
0.419867
0.410885
0.401875
0.392511
0.383475
0.374547
0.364879
0.35483
0.345336
0.336251
0.326811
0.31695
0.307099
0.29735
0.287551
0.277766
0.268142
0.258557
0.248785
0.238853
0.228995
0.219319
0.209717
0.200059
0.190349
0.180663
0.171036
0.161443
0.151874
0.142349
0.132893
0.123501
0.114161
0.104873
0.0956579
0.0865291
0.0774851
0.0685187
0.0596269
0.0508164
0.042091
0.033452
0.0249002
0.0164427
0.00808727
-0.000163026
-0.00830503
-0.0163335
-0.0242436
-0.0320297
-0.0396891
-0.04722
-0.0546205
-0.0618865
-0.0690145
-0.0760039
-0.0828582
-0.0895756
-0.0961525
-0.102587
-0.108877
-0.115022
0.691425
0.687756
0.683849
0.679544
0.675278
0.670856
0.666142
0.661183
0.655904
0.650754
0.645474
0.639727
0.633836
0.62787
0.621693
0.615343
0.608839
0.602169
0.595343
0.588367
0.581149
0.573744
0.566481
0.558904
0.551251
0.543308
0.535013
0.527284
0.519047
0.510394
0.502116
0.493352
0.484644
0.476245
0.466956
0.45748
0.448827
0.439916
0.430246
0.4207
0.411289
0.401545
0.391897
0.382584
0.372907
0.362607
0.352392
0.342669
0.332994
0.322977
0.312784
0.302643
0.2925
0.282308
0.272195
0.262213
0.252211
0.242057
0.231824
0.221672
0.211637
0.201635
0.191601
0.181555
0.171551
0.161603
0.151692
0.141814
0.131992
0.122239
0.112555
0.102933
0.0933781
0.0839069
0.0745318
0.0652556
0.0560711
0.0469734
0.0379641
0.0290476
0.0202291
0.0115137
0.00290358
-0.00559917
-0.0139891
-0.0222625
-0.0304144
-0.0384406
-0.0463359
-0.0540964
-0.0617194
-0.0692018
-0.0765394
-0.0837307
-0.0907759
-0.0976732
-0.10442
-0.111015
-0.117455
-0.123738
0.711614
0.707819
0.703803
0.699372
0.694899
0.690322
0.68549
0.680399
0.674946
0.669539
0.664063
0.658184
0.65209
0.645879
0.63948
0.632915
0.626168
0.619261
0.612207
0.605026
0.597573
0.589859
0.582274
0.574432
0.566525
0.558352
0.549711
0.541555
0.533104
0.524149
0.515462
0.506401
0.497226
0.488465
0.479082
0.469134
0.459771
0.450584
0.440764
0.430763
0.420909
0.410822
0.400622
0.390747
0.380885
0.370496
0.359817
0.349417
0.339287
0.329039
0.31857
0.308054
0.297551
0.286996
0.276425
0.265949
0.255556
0.245114
0.234568
0.223998
0.213499
0.20308
0.192684
0.182282
0.171901
0.161571
0.151298
0.14107
0.130891
0.120775
0.110733
0.100764
0.0908671
0.0810508
0.0713282
0.0617052
0.0521806
0.0427527
0.0334252
0.0242036
0.0150923
0.00609592
-0.00278571
-0.0115493
-0.0201916
-0.0287097
-0.0371001
-0.0453594
-0.0534832
-0.0614662
-0.0693065
-0.0770015
-0.0845484
-0.0919431
-0.0991832
-0.106265
-0.113189
-0.119952
-0.126549
-0.132978
0.732741
0.728808
0.724672
0.720124
0.715455
0.710701
0.705731
0.700502
0.694883
0.689214
0.683502
0.67746
0.671164
0.664704
0.658068
0.651274
0.644274
0.6371
0.629781
0.622357
0.614661
0.606629
0.598681
0.590516
0.582306
0.573883
0.564909
0.556287
0.54755
0.538288
0.529179
0.519797
0.510156
0.500922
0.491394
0.481138
0.471091
0.461432
0.451417
0.441062
0.43077
0.420354
0.409708
0.399223
0.388957
0.37844
0.367504
0.356543
0.345835
0.335206
0.324434
0.313549
0.302655
0.291733
0.280755
0.269788
0.2589
0.248056
0.237169
0.226225
0.215292
0.204425
0.19362
0.182841
0.17208
0.161358
0.150696
0.140095
0.129553
0.11907
0.10866
0.098331
0.0880836
0.0779186
0.0678398
0.0578542
0.0479675
0.0381883
0.0285207
0.0189682
0.00953673
0.000227674
-0.00895336
-0.0180056
-0.0269254
-0.0357088
-0.0443545
-0.05286
-0.0612192
-0.0694293
-0.0774894
-0.0853984
-0.0931527
-0.100748
-0.108179
-0.115445
-0.122543
-0.129471
-0.136225
-0.1428
0.754796
0.750712
0.746443
0.741778
0.736916
0.731964
0.726823
0.721436
0.715649
0.70972
0.703744
0.697504
0.690999
0.684288
0.677396
0.670354
0.663085
0.655618
0.647986
0.640277
0.632317
0.62397
0.615643
0.607116
0.598555
0.589853
0.580563
0.571464
0.562376
0.5528
0.543267
0.533551
0.523474
0.513696
0.503914
0.493452
0.482843
0.472604
0.462284
0.451621
0.440906
0.430144
0.419137
0.408093
0.397277
0.386467
0.375326
0.363954
0.35267
0.341533
0.33037
0.3191
0.307783
0.296454
0.285081
0.273668
0.262279
0.250952
0.239651
0.228325
0.216982
0.20567
0.194421
0.18323
0.172074
0.160955
0.149888
0.138887
0.127955
0.117091
0.106301
0.0955953
0.0849742
0.074442
0.0639981
0.0536472
0.0433985
0.0332616
0.0232449
0.0133488
0.00357844
-0.00606195
-0.0155674
-0.0249331
-0.034156
-0.0432311
-0.0521579
-0.0609324
-0.0695499
-0.0780087
-0.0863073
-0.0944445
-0.102417
-0.110217
-0.117845
-0.125297
-0.132571
-0.139665
-0.146575
-0.153299
0.777716
0.773472
0.769052
0.764261
0.759207
0.754036
0.748692
0.743122
0.737162
0.730983
0.724726
0.718259
0.711531
0.704565
0.6974
0.690088
0.682535
0.674754
0.666782
0.658747
0.650504
0.641851
0.633148
0.624243
0.615295
0.606277
0.596683
0.587117
0.577635
0.567732
0.557778
0.547714
0.537246
0.526903
0.51674
0.506088
0.495052
0.484216
0.473475
0.462483
0.451351
0.440196
0.428852
0.417341
0.405931
0.39465
0.383221
0.371518
0.359731
0.348036
0.336393
0.324692
0.312928
0.301149
0.289352
0.277515
0.26566
0.253838
0.242063
0.230308
0.218548
0.206799
0.195096
0.183456
0.171875
0.160339
0.148855
0.137436
0.12609
0.114819
0.103628
0.0925193
0.0815011
0.0705778
0.059753
0.0490304
0.0384177
0.0279219
0.0175479
0.00729934
-0.00281846
-0.0127995
-0.0226383
-0.0323318
-0.041875
-0.0512629
-0.0604905
-0.069555
-0.0784546
-0.0871854
-0.0957451
-0.10413
-0.112335
-0.120358
-0.128197
-0.135848
-0.14331
-0.15058
-0.157656
-0.164536
0.801441
0.797029
0.792444
0.787514
0.782269
0.776871
0.771302
0.765525
0.759386
0.752968
0.746428
0.739709
0.732741
0.725509
0.718056
0.710454
0.702607
0.694507
0.686183
0.677798
0.66925
0.660296
0.651231
0.641944
0.632583
0.623214
0.613319
0.603308
0.593401
0.583156
0.572781
0.562349
0.551523
0.540637
0.529984
0.519077
0.507706
0.496319
0.485067
0.473685
0.462127
0.450525
0.438809
0.426885
0.414914
0.403057
0.391205
0.37916
0.366939
0.354703
0.342522
0.330336
0.318104
0.305845
0.293583
0.281302
0.268996
0.256693
0.244426
0.232197
0.21999
0.207797
0.195632
0.183524
0.17148
0.159499
0.147578
0.135721
0.123936
0.112232
0.100613
0.0890836
0.0776482
0.0663138
0.0550878
0.0439763
0.0329848
0.0221156
0.0113719
0.000759144
-0.00971572
-0.0200439
-0.0302235
-0.0402527
-0.0501259
-0.059835
-0.0693763
-0.0787469
-0.0879424
-0.09696
-0.105794
-0.114442
-0.122897
-0.131159
-0.139226
-0.147093
-0.154758
-0.16222
-0.169476
-0.176523
0.825961
0.821376
0.816613
0.811533
0.806105
0.800481
0.794677
0.788676
0.78235
0.775704
0.76888
0.761888
0.754661
0.747154
0.7394
0.731491
0.723344
0.714929
0.706251
0.697498
0.688625
0.679365
0.669946
0.660281
0.650494
0.640735
0.630529
0.620096
0.609742
0.599128
0.58833
0.577495
0.566324
0.55494
0.543727
0.532455
0.520775
0.508898
0.497094
0.485247
0.473237
0.46115
0.448993
0.436659
0.424182
0.41173
0.399341
0.386873
0.374235
0.361501
0.348773
0.336064
0.323334
0.310575
0.297808
0.285042
0.272268
0.259489
0.246726
0.234002
0.221314
0.20865
0.196014
0.183422
0.170893
0.158432
0.146042
0.133721
0.121475
0.109313
0.0972446
0.0852731
0.0734035
0.061641
0.049993
0.0384697
0.0270734
0.0158074
0.0046756
-0.00631795
-0.0171622
-0.0278531
-0.0383887
-0.0487643
-0.0589747
-0.0690156
-0.0788799
-0.0885643
-0.0980637
-0.107375
-0.116492
-0.125412
-0.134129
-0.142644
-0.150951
-0.159047
-0.166929
-0.174595
-0.182041
-0.189264
0.851329
0.846568
0.841616
0.836379
0.830773
0.824933
0.818892
0.812655
0.806124
0.799252
0.792146
0.784867
0.777363
0.76957
0.761506
0.753278
0.744822
0.736094
0.727071
0.717935
0.708706
0.699125
0.689348
0.679305
0.669089
0.658907
0.648367
0.637523
0.626704
0.615689
0.604454
0.593176
0.581641
0.569802
0.558008
0.546262
0.534227
0.521906
0.509548
0.497179
0.484683
0.472079
0.45942
0.446637
0.433687
0.42067
0.407688
0.394705
0.381616
0.368404
0.355142
0.34189
0.328635
0.315354
0.302058
0.288769
0.275489
0.262211
0.248943
0.235704
0.222504
0.209341
0.196212
0.183125
0.170092
0.157127
0.144238
0.131426
0.118695
0.106055
0.0935131
0.0810772
0.0687522
0.0565416
0.0444519
0.0324909
0.0206668
0.00897983
-0.0025638
-0.0139569
-0.0251934
-0.0362686
-0.0471784
-0.0579181
-0.0684837
-0.0788678
-0.0890654
-0.0990731
-0.108885
-0.118498
-0.127908
-0.137109
-0.146099
-0.154874
-0.16343
-0.171762
-0.179869
-0.187746
-0.19539
-0.202799
0.877636
0.872698
0.867551
0.862144
0.856363
0.850311
0.844031
0.837543
0.830787
0.823683
0.816299
0.80872
0.800923
0.792834
0.784455
0.775896
0.767119
0.758074
0.748703
0.739175
0.729561
0.719627
0.70948
0.699059
0.688408
0.677772
0.666861
0.655605
0.644304
0.632853
0.621165
0.609408
0.597465
0.585192
0.572827
0.560523
0.54806
0.535302
0.522406
0.509482
0.496464
0.483327
0.470122
0.456836
0.443406
0.429852
0.416277
0.402716
0.389108
0.375402
0.361618
0.347811
0.334002
0.320181
0.306344
0.292503
0.278675
0.264861
0.251062
0.237285
0.223543
0.209848
0.1962
0.182596
0.169045
0.155558
0.142149
0.128824
0.115588
0.102448
0.0894102
0.0764846
0.0636789
0.0509954
0.03844
0.0260197
0.0137416
0.0016117
-0.0103652
-0.0221815
-0.0338329
-0.045315
-0.0566227
-0.0677482
-0.0786854
-0.0894305
-0.0999786
-0.110325
-0.120466
-0.130396
-0.14011
-0.149605
-0.158877
-0.167921
-0.176733
-0.18531
-0.193647
-0.201742
-0.209593
-0.217195
0.904971
0.899855
0.894508
0.888917
0.882951
0.876687
0.870164
0.86341
0.856408
0.849059
0.841394
0.833509
0.825406
0.817012
0.80831
0.799407
0.790288
0.780909
0.771185
0.761256
0.751228
0.740911
0.730373
0.719559
0.708472
0.697358
0.686031
0.67435
0.662553
0.650631
0.63847
0.626196
0.61379
0.601081
0.588172
0.57527
0.562295
0.549077
0.535659
0.522166
0.508598
0.494911
0.481136
0.467293
0.453344
0.439264
0.425106
0.410937
0.396752
0.382506
0.368184
0.353815
0.339434
0.325045
0.310643
0.296233
0.281829
0.267442
0.253074
0.238731
0.224424
0.210167
0.195962
0.181813
0.167722
0.153697
0.139752
0.125896
0.112133
0.0984688
0.0849131
0.0714772
0.058164
0.0449805
0.0319339
0.0190319
0.00627764
-0.00631992
-0.0187534
-0.0310182
-0.0431074
-0.0550174
-0.066742
-0.078273
-0.0896056
-0.100733
-0.11165
-0.122357
-0.132847
-0.143111
-0.153145
-0.162949
-0.172517
-0.181844
-0.190924
-0.199755
-0.208333
-0.216658
-0.224723
-0.232523
0.933398
0.928099
0.922547
0.916755
0.910592
0.904107
0.897336
0.890305
0.883035
0.875427
0.867476
0.859278
0.850857
0.842143
0.833107
0.823842
0.81436
0.804626
0.794536
0.784194
0.773731
0.763001
0.752045
0.740824
0.729293
0.717677
0.705894
0.693768
0.681463
0.669035
0.656377
0.643565
0.630643
0.617467
0.604037
0.590532
0.576984
0.563257
0.549315
0.53525
0.521104
0.506848
0.492484
0.478047
0.46353
0.448898
0.434163
0.419378
0.404575
0.389738
0.374843
0.359894
0.344917
0.32993
0.314936
0.299933
0.284931
0.269941
0.254974
0.240039
0.225142
0.210293
0.1955
0.18077
0.16611
0.151525
0.137021
0.122609
0.108295
0.0940859
0.0799915
0.0660204
0.0521768
0.038469
0.0249072
0.011495
-0.00175569
-0.01484
-0.0277546
-0.0404906
-0.0530425
-0.0654024
-0.0775646
-0.089523
-0.101271
-0.112801
-0.124112
-0.135199
-0.146056
-0.156673
-0.167048
-0.177179
-0.187058
-0.196682
-0.206046
-0.215147
-0.223981
-0.232545
-0.240835
-0.248846
0.962947
0.957464
0.9517
0.945693
0.939321
0.932608
0.92558
0.918263
0.910705
0.902825
0.89458
0.886057
0.877302
0.868253
0.858868
0.849227
0.839357
0.829242
0.818771
0.808008
0.797094
0.785923
0.774522
0.762862
0.750877
0.738748
0.72647
0.713878
0.701056
0.688093
0.674913
0.661546
0.648065
0.634384
0.620435
0.606333
0.592172
0.577884
0.563398
0.548752
0.534002
0.51915
0.504182
0.489125
0.473994
0.458769
0.443442
0.428035
0.412591
0.397118
0.381604
0.36604
0.350442
0.334826
0.319208
0.303583
0.28796
0.272348
0.256758
0.241203
0.225688
0.210221
0.194811
0.17947
0.164204
0.149023
0.13393
0.118935
0.104043
0.0892616
0.074602
0.0600732
0.0456786
0.0314265
0.0173239
0.00338156
-0.0103891
-0.023987
-0.0374057
-0.0506364
-0.0636712
-0.0765039
-0.0891272
-0.101532
-0.113717
-0.125675
-0.1374
-0.148888
-0.160128
-0.171119
-0.181853
-0.192326
-0.202536
-0.212476
-0.22214
-0.231526
-0.240629
-0.249448
-0.257976
-0.266208
0.993642
0.987974
0.981997
0.975763
0.969165
0.962214
0.954925
0.947317
0.939458
0.931283
0.922734
0.913876
0.90477
0.895369
0.88562
0.875585
0.865306
0.854784
0.843915
0.832721
0.82134
0.809704
0.79783
0.785706
0.773251
0.760597
0.747797
0.73471
0.721359
0.707838
0.694115
0.68018
0.666109
0.65187
0.637382
0.622692
0.607899
0.593001
0.577931
0.562684
0.547311
0.531831
0.516238
0.50054
0.48476
0.4689
0.452944
0.436899
0.420794
0.404652
0.388478
0.372263
0.356011
0.339736
0.323457
0.307181
0.29091
0.27465
0.258413
0.24221
0.226048
0.209934
0.193879
0.177897
0.161997
0.146187
0.130471
0.114857
0.0993542
0.0839715
0.0687197
0.0536018
0.0386293
0.0238085
0.00914431
-0.0053522
-0.0196693
-0.0338043
-0.0477481
-0.0614956
-0.0750365
-0.0883647
-0.10147
-0.114347
-0.126992
-0.139398
-0.151558
-0.163463
-0.17511
-0.186492
-0.197603
-0.20844
-0.218999
-0.229271
-0.239252
-0.248937
-0.258326
-0.267413
-0.276192
-0.284657
1.02552
1.01966
1.01347
1.007
1.00016
0.992961
0.985407
0.977503
0.969328
0.960841
0.951972
0.942769
0.933298
0.923524
0.913394
0.902953
0.892246
0.881294
0.870005
0.858369
0.846508
0.834385
0.822013
0.809396
0.79645
0.783262
0.769913
0.756301
0.742406
0.728312
0.714016
0.699496
0.684809
0.669968
0.654906
0.639618
0.624181
0.608633
0.592936
0.577066
0.561045
0.544909
0.528659
0.512299
0.495842
0.479303
0.462678
0.445966
0.429181
0.412345
0.395474
0.378569
0.361631
0.344668
0.327697
0.31073
0.293775
0.276836
0.25992
0.24304
0.226201
0.209415
0.19269
0.176039
0.159473
0.143001
0.126628
0.110364
0.0942184
0.0782007
0.0623196
0.0465831
0.0310013
0.0155799
0.000325949
-0.0147503
-0.0296405
-0.0443353
-0.0588318
-0.0731182
-0.0871887
-0.101035
-0.114646
-0.128018
-0.141144
-0.154019
-0.166634
-0.178981
-0.191054
-0.202846
-0.214354
-0.225574
-0.236498
-0.247121
-0.257433
-0.267434
-0.277122
-0.286492
-0.295535
-0.304246
1.05863
1.05258
1.04616
1.03945
1.03236
1.0249
1.01707
1.00887
1.00036
0.991548
0.982344
0.97278
0.962926
0.952762
0.942237
0.931378
0.920228
0.908825
0.89709
0.884996
0.872641
0.860012
0.847118
0.833978
0.820518
0.806781
0.79286
0.778691
0.764233
0.749545
0.734649
0.719524
0.704203
0.68872
0.673036
0.657126
0.641035
0.62481
0.608444
0.591912
0.575217
0.558397
0.541459
0.524405
0.507244
0.489993
0.472662
0.455245
0.43775
0.420195
0.402599
0.384968
0.367307
0.349622
0.33193
0.314239
0.296558
0.278899
0.261271
0.243681
0.226133
0.208643
0.191217
0.173867
0.156607
0.139439
0.122378
0.105434
0.0886149
0.0719295
0.0553848
0.038995
0.0227693
0.00671416
-0.00916049
-0.024848
-0.0403387
-0.0556268
-0.0707022
-0.0855557
-0.100182
-0.11457
-0.128713
-0.142603
-0.156235
-0.169599
-0.182689
-0.195498
-0.208017
-0.220244
-0.23217
-0.24379
-0.255099
-0.266087
-0.276749
-0.287082
-0.297086
-0.30675
-0.316072
-0.32504
1.09303
1.08678
1.08014
1.07317
1.06582
1.05808
1.04997
1.04146
1.03262
1.02346
1.0139
1.00396
0.993713
0.983142
0.972204
0.960913
0.949305
0.937427
0.925222
0.912649
0.899787
0.886632
0.873195
0.859505
0.845502
0.831199
0.816678
0.801921
0.786872
0.771571
0.756049
0.740292
0.724317
0.708159
0.691809
0.675243
0.658478
0.641552
0.624481
0.607247
0.58985
0.572308
0.554646
0.536865
0.518972
0.500981
0.482902
0.464744
0.446507
0.428205
0.40985
0.391461
0.373043
0.354604
0.336151
0.317702
0.299263
0.280847
0.262465
0.244122
0.225832
0.207601
0.189439
0.171357
0.153368
0.135476
0.117695
0.100038
0.0825121
0.0651245
0.0478884
0.0308146
0.013911
-0.00281006
-0.0193421
-0.0356754
-0.0518035
-0.0677133
-0.0833988
-0.0988518
-0.114061
-0.129021
-0.143723
-0.158159
-0.17232
-0.186199
-0.199789
-0.213081
-0.226071
-0.238752
-0.251115
-0.263157
-0.274867
-0.28624
-0.297268
-0.307952
-0.318286
-0.328262
-0.337877
-0.34712
1.1288
1.12234
1.11546
1.10823
1.1006
1.09258
1.08417
1.07534
1.06615
1.05663
1.0467
1.03638
1.02572
1.01472
1.00335
0.99161
0.979527
0.967155
0.954455
0.941381
0.927991
0.914291
0.900291
0.886021
0.871445
0.856553
0.841412
0.826029
0.810362
0.794424
0.778247
0.761829
0.745172
0.728313
0.711263
0.694002
0.676528
0.658873
0.641062
0.62309
0.604955
0.586667
0.568241
0.549697
0.531037
0.512273
0.493416
0.474472
0.455454
0.436369
0.417232
0.398051
0.378839
0.359604
0.340361
0.321117
0.301882
0.282672
0.263494
0.244365
0.22529
0.206279
0.187344
0.16849
0.149733
0.131084
0.112552
0.0941461
0.075878
0.0577582
0.0397981
0.0220084
0.00439437
-0.0130301
-0.030252
-0.0472652
-0.0640611
-0.080631
-0.0969608
-0.113044
-0.128869
-0.144431
-0.159722
-0.174733
-0.189452
-0.203875
-0.217991
-0.231795
-0.24528
-0.258437
-0.271259
-0.283742
-0.295876
-0.307651
-0.319066
-0.330119
-0.340801
-0.351107
-0.361027
-0.370553
1.16599
1.15931
1.15219
1.14469
1.13678
1.12846
1.11973
1.11057
1.10102
1.09112
1.08081
1.07009
1.059
1.04756
1.03573
1.02352
1.01095
0.998063
0.984841
0.971241
0.957301
0.943036
0.92845
0.913577
0.898395
0.882887
0.8671
0.851062
0.834744
0.818137
0.801272
0.78416
0.7668
0.749216
0.731423
0.713427
0.695212
0.676799
0.658215
0.63947
0.620555
0.601481
0.582267
0.562921
0.543456
0.52388
0.504207
0.48445
0.464614
0.444705
0.424739
0.404728
0.384688
0.364627
0.344552
0.324473
0.304406
0.284363
0.264359
0.244398
0.224494
0.204665
0.184913
0.165251
0.145691
0.126244
0.106916
0.0877286
0.0686852
0.0497976
0.0310749
0.0125303
-0.00582478
-0.0239819
-0.0419289
-0.0596573
-0.0771575
-0.0944158
-0.111424
-0.12817
-0.144647
-0.160845
-0.176756
-0.192369
-0.20768
-0.222677
-0.237351
-0.251695
-0.2657
-0.279359
-0.292665
-0.305613
-0.318192
-0.330393
-0.342216
-0.353658
-0.364705
-0.375355
-0.385603
-0.395434
1.20467
1.19776
1.19039
1.18261
1.17441
1.16577
1.15672
1.14721
1.13729
1.127
1.11629
1.10514
1.09361
1.08171
1.06941
1.05671
1.04363
1.0302
1.01643
1.00228
0.987767
0.972913
0.957719
0.942215
0.926396
0.910242
0.893785
0.877059
0.86005
0.842744
0.825166
0.807328
0.789231
0.77089
0.752329
0.733552
0.714561
0.695359
0.675969
0.656406
0.636679
0.616787
0.596741
0.576559
0.556247
0.535826
0.5153
0.494682
0.47398
0.453209
0.432382
0.411504
0.390591
0.369658
0.348711
0.327765
0.306826
0.285916
0.265039
0.244212
0.223446
0.202748
0.182139
0.161626
0.14122
0.120932
0.100775
0.0807601
0.0608984
0.0412026
0.0216838
0.00234818
-0.0167869
-0.0357132
-0.0544208
-0.0728983
-0.0911337
-0.109116
-0.126834
-0.144279
-0.161439
-0.178306
-0.194871
-0.211125
-0.227056
-0.242657
-0.257919
-0.27283
-0.287385
-0.301573
-0.315391
-0.328833
-0.341882
-0.354535
-0.366789
-0.378638
-0.39007
-0.401084
-0.41167
-0.421826
1.24491
1.23775
1.23013
1.22206
1.21355
1.20459
1.19519
1.18532
1.17502
1.16432
1.15319
1.14161
1.12961
1.11723
1.10444
1.09123
1.07761
1.06363
1.04928
1.03455
1.01944
1.00397
0.988142
0.971981
0.955493
0.938662
0.921507
0.904063
0.886331
0.868295
0.849968
0.831369
0.8125
0.793374
0.774012
0.754425
0.734614
0.714581
0.694351
0.673938
0.653354
0.632602
0.611689
0.590625
0.56943
0.548117
0.526696
0.505175
0.483573
0.4619
0.44016
0.418375
0.396553
0.374703
0.352842
0.330983
0.309136
0.287311
0.265525
0.24379
0.222115
0.200514
0.179003
0.157592
0.136298
0.115131
0.0941011
0.0732156
0.0524906
0.0319434
0.0115823
-0.00857909
-0.0285305
-0.0482678
-0.0677737
-0.0870366
-0.106045
-0.124784
-0.143247
-0.161423
-0.179304
-0.196876
-0.214131
-0.231051
-0.247635
-0.263874
-0.279754
-0.295264
-0.310396
-0.325145
-0.339504
-0.353463
-0.367011
-0.38014
-0.392847
-0.405124
-0.416966
-0.428367
-0.43932
-0.449819
1.28676
1.27936
1.27147
1.26311
1.25427
1.24497
1.23522
1.22498
1.21428
1.20315
1.19158
1.17955
1.16707
1.15419
1.14087
1.12713
1.11296
1.09839
1.08345
1.06811
1.05237
1.03626
1.01977
1.00293
0.98574
0.9682
0.950318
0.932125
0.913629
0.894825
0.875717
0.856322
0.836651
0.816709
0.796511
0.776072
0.7554
0.734504
0.713394
0.69209
0.670606
0.64895
0.627127
0.605145
0.583023
0.560777
0.538415
0.515954
0.493403
0.470776
0.448091
0.425347
0.402566
0.37976
0.356941
0.334125
0.31132
0.288538
0.265798
0.24311
0.220484
0.197937
0.175483
0.153136
0.130909
0.108811
0.0868574
0.0650621
0.0434388
0.0219983
0.000754116
-0.0202819
-0.0411002
-0.0616885
-0.082034
-0.102121
-0.12194
-0.141477
-0.160722
-0.17967
-0.198306
-0.216617
-0.234589
-0.252214
-0.269487
-0.286396
-0.302925
-0.319062
-0.334806
-0.350144
-0.365072
-0.379581
-0.393652
-0.407282
-0.420466
-0.4332
-0.445472
-0.457278
-0.468608
-0.479456
1.33032
1.32266
1.31448
1.30581
1.29665
1.287
1.27688
1.26624
1.25513
1.24357
1.23154
1.21902
1.20605
1.19264
1.17878
1.16448
1.14973
1.13456
1.119
1.10302
1.08663
1.06984
1.05266
1.03511
1.01719
0.998907
0.980267
0.961292
0.941999
0.922389
0.902461
0.882233
0.861717
0.840919
0.819847
0.79852
0.776953
0.755147
0.733119
0.710886
0.688463
0.665854
0.643072
0.62013
0.597044
0.573823
0.550479
0.527028
0.503483
0.47986
0.45617
0.432426
0.408642
0.38483
0.361005
0.337184
0.313376
0.289591
0.265844
0.242155
0.21854
0.195006
0.171564
0.148232
0.125025
0.101951
0.079032
0.0562819
0.0337107
0.0113291
-0.010847
-0.0328024
-0.0545301
-0.0760131
-0.0972394
-0.118199
-0.138872
-0.159249
-0.179323
-0.199079
-0.218507
-0.237592
-0.256321
-0.274688
-0.292684
-0.310294
-0.327503
-0.344306
-0.360691
-0.376653
-0.392181
-0.40726
-0.421883
-0.436046
-0.449737
-0.462949
-0.475677
-0.487914
-0.499651
-0.51088
1.37564
1.36771
1.35925
1.35026
1.34076
1.33074
1.32023
1.30919
1.29765
1.28562
1.27312
1.26011
1.24661
1.23265
1.21824
1.20335
1.188
1.17221
1.15599
1.13934
1.12227
1.10478
1.08688
1.06858
1.0499
1.03084
1.01141
0.991617
0.971491
0.951033
0.930246
0.909144
0.88774
0.866042
0.844062
0.82181
0.799299
0.776547
0.75356
0.730354
0.706943
0.683341
0.659559
0.635611
0.611511
0.587264
0.562892
0.538412
0.513827
0.489156
0.464414
0.439618
0.414781
0.389921
0.36504
0.340155
0.31529
0.290453
0.26566
0.240925
0.216265
0.191692
0.167214
0.142851
0.118615
0.0945264
0.0705978
0.0468401
0.0232687
-0.000101658
-0.0232564
-0.0461811
-0.0688617
-0.0912869
-0.113442
-0.135314
-0.156889
-0.178154
-0.199097
-0.219709
-0.239971
-0.259868
-0.279397
-0.298546
-0.317302
-0.335649
-0.353575
-0.371075
-0.388142
-0.404757
-0.420912
-0.436594
-0.451803
-0.466524
-0.480747
-0.494467
-0.507674
-0.520366
-0.532534
-0.544163
1.42282
1.41461
1.40584
1.39653
1.38667
1.37627
1.36536
1.3539
1.34191
1.32941
1.3164
1.30287
1.28884
1.27431
1.2593
1.24381
1.22783
1.21138
1.19448
1.17714
1.15935
1.14112
1.12247
1.1034
1.08393
1.06406
1.04379
1.02315
1.00215
0.98081
0.959126
0.937108
0.914778
0.892141
0.869204
0.845982
0.822494
0.798746
0.774749
0.750526
0.726087
0.701444
0.676613
0.65161
0.626441
0.601127
0.57568
0.55011
0.524437
0.498675
0.472833
0.446936
0.420993
0.395019
0.369034
0.343047
0.317072
0.291134
0.265236
0.2394
0.213641
0.187971
0.162402
0.136957
0.111652
0.0864932
0.0615001
0.036688
0.0120706
-0.0123405
-0.03652
-0.06046
-0.0841425
-0.107558
-0.130689
-0.153525
-0.176045
-0.198244
-0.220106
-0.241612
-0.262751
-0.283511
-0.303884
-0.323856
-0.343413
-0.362538
-0.381221
-0.39946
-0.417234
-0.434537
-0.451355
-0.467681
-0.483506
-0.498815
-0.513598
-0.527853
-0.54157
-0.554742
-0.567357
-0.579408
1.47192
1.46343
1.45435
1.4447
1.43447
1.42368
1.41234
1.40045
1.38799
1.37499
1.36146
1.3474
1.3328
1.31769
1.30206
1.28593
1.2693
1.25216
1.23456
1.21648
1.19794
1.17895
1.15951
1.13963
1.11933
1.09861
1.07748
1.05595
1.03405
1.01178
0.989151
0.966179
0.942876
0.919254
0.895321
0.871086
0.846567
0.821775
0.796731
0.771441
0.745924
0.720193
0.694265
0.668151
0.641868
0.615429
0.588851
0.562148
0.535329
0.508421
0.481437
0.454385
0.427278
0.400144
0.372997
0.345847
0.318714
0.291611
0.264558
0.237565
0.210649
0.183826
0.157119
0.130535
0.104097
0.0778186
0.0517129
0.0257943
7.62627e-05
-0.0254199
-0.0506779
-0.0756804
-0.100418
-0.124876
-0.149035
-0.172882
-0.196402
-0.219581
-0.242401
-0.264853
-0.286921
-0.308591
-0.329853
-0.350692
-0.371091
-0.391038
-0.410523
-0.429535
-0.448061
-0.466089
-0.48361
-0.500615
-0.517086
-0.533012
-0.548391
-0.563217
-0.577473
-0.591149
-0.60424
-0.616737
1.52305
1.51425
1.50485
1.49485
1.48424
1.47304
1.46127
1.44891
1.43597
1.42246
1.40839
1.39376
1.37857
1.36284
1.34658
1.32979
1.31246
1.29462
1.27628
1.25744
1.23812
1.21832
1.19806
1.17734
1.15617
1.13457
1.11253
1.09008
1.06722
1.04399
1.02038
0.996405
0.972083
0.947426
0.922444
0.897148
0.871554
0.845674
0.819527
0.793129
0.766484
0.739614
0.712539
0.685263
0.657805
0.630192
0.602433
0.574541
0.546529
0.518416
0.49022
0.461956
0.433642
0.405295
0.37693
0.348561
0.320199
0.291877
0.263609
0.235403
0.207278
0.179256
0.151345
0.123566
0.0959407
0.0684821
0.0412036
0.0141216
-0.0127489
-0.0393869
-0.0657719
-0.0918942
-0.117741
-0.143294
-0.168535
-0.193446
-0.218014
-0.242222
-0.266054
-0.289501
-0.312546
-0.335176
-0.357372
-0.379123
-0.400414
-0.421227
-0.441555
-0.461384
-0.480707
-0.499507
-0.517771
-0.535485
-0.552637
-0.569221
-0.585235
-0.600661
-0.615483
-0.629691
-0.643285
-0.656256
1.57629
1.56718
1.55744
1.54707
1.53607
1.52445
1.51223
1.49939
1.48594
1.4719
1.45727
1.44205
1.42625
1.40988
1.39295
1.37546
1.35742
1.33884
1.31973
1.3001
1.27996
1.25932
1.2382
1.21659
1.19452
1.17199
1.14901
1.12559
1.10175
1.0775
1.05286
1.02784
1.00245
0.976707
0.950629
0.924222
0.897502
0.870484
0.843189
0.81562
0.787796
0.759737
0.731454
0.702968
0.674291
0.645441
0.616445
0.587303
0.558035
0.528663
0.4992
0.469673
0.440088
0.410466
0.380826
0.351172
0.321536
0.291938
0.262389
0.232915
0.20352
0.174228
0.145063
0.116028
0.0871519
0.0584503
0.029941
0.00163895
-0.0264428
-0.0542791
-0.0818571
-0.10916
-0.136171
-0.162867
-0.189239
-0.215271
-0.240942
-0.266233
-0.291133
-0.315631
-0.339705
-0.363336
-0.386517
-0.409229
-0.431457
-0.453185
-0.474402
-0.495101
-0.515262
-0.534872
-0.553918
-0.572386
-0.590262
-0.607546
-0.624224
-0.640284
-0.655704
-0.670478
-0.684607
-0.698078
1.63173
1.62231
1.61221
1.60146
1.59006
1.578
1.5653
1.55197
1.538
1.5234
1.50818
1.49235
1.47591
1.45887
1.44124
1.42303
1.40425
1.38489
1.36498
1.34452
1.32353
1.30201
1.27999
1.25746
1.23445
1.21095
1.18698
1.16255
1.13767
1.11237
1.08665
1.06053
1.03403
1.00716
0.979933
0.952363
0.924467
0.896258
0.867748
0.838958
0.809901
0.780594
0.751045
0.721285
0.691334
0.6612
0.6309
0.600448
0.569868
0.539177
0.508394
0.477535
0.44662
0.415661
0.384679
0.353693
0.322726
0.291785
0.260893
0.230081
0.199355
0.168735
0.138236
0.107888
0.0777027
0.0476964
0.0178939
-0.0116955
-0.0410476
-0.070147
-0.0989769
-0.127516
-0.155746
-0.183656
-0.211221
-0.238427
-0.265253
-0.29168
-0.317706
-0.34331
-0.368463
-0.393154
-0.417369
-0.441096
-0.46431
-0.487
-0.50916
-0.530773
-0.551818
-0.572283
-0.592155
-0.611416
-0.630063
-0.648082
-0.665465
-0.682189
-0.698244
-0.713625
-0.728319
-0.742321
1.68948
1.67972
1.66927
1.65812
1.64629
1.63378
1.6206
1.60675
1.59223
1.57705
1.56122
1.54475
1.52765
1.50992
1.49156
1.4726
1.45303
1.43286
1.41212
1.3908
1.36892
1.34649
1.32352
1.30003
1.27602
1.25151
1.22651
1.20102
1.17507
1.14867
1.12183
1.09457
1.0669
1.03884
1.01041
0.981624
0.952489
0.923028
0.893256
0.863183
0.832833
0.802216
0.771359
0.740274
0.708975
0.677481
0.645821
0.614006
0.58205
0.549979
0.517812
0.485557
0.45324
0.420881
0.388497
0.356102
0.323728
0.291393
0.259106
0.226886
0.19476
0.162741
0.130858
0.0991249
0.067559
0.036188
0.00502473
-0.0259128
-0.0566093
-0.0870348
-0.117177
-0.147016
-0.176532
-0.205709
-0.234528
-0.262973
-0.291014
-0.318647
-0.345856
-0.372613
-0.3989
-0.424706
-0.450016
-0.474808
-0.499062
-0.522771
-0.545927
-0.568498
-0.59047
-0.61184
-0.632587
-0.65269
-0.672144
-0.690941
-0.709065
-0.726499
-0.743228
-0.759244
-0.774541
-0.789107
1.74965
1.73954
1.72871
1.71716
1.70488
1.6919
1.67821
1.66382
1.64873
1.63295
1.61649
1.59936
1.58156
1.5631
1.54399
1.52424
1.50386
1.48285
1.46123
1.43901
1.4162
1.39282
1.36887
1.34437
1.31933
1.29376
1.26767
1.24109
1.21401
1.18645
1.15844
1.12998
1.1011
1.0718
1.04211
1.01205
0.981624
0.950852
0.919754
0.888345
0.856642
0.824663
0.792423
0.759941
0.727241
0.694334
0.661243
0.628
0.594609
0.561087
0.527453
0.493736
0.459952
0.426126
0.392265
0.358403
0.324563
0.290749
0.256991
0.223306
0.189713
0.156236
0.122895
0.0897076
0.0566983
0.0238935
-0.00869765
-0.04106
-0.0731578
-0.10498
-0.136502
-0.167708
-0.198582
-0.229095
-0.259231
-0.28897
-0.318296
-0.347195
-0.375647
-0.40362
-0.431107
-0.458086
-0.484543
-0.510458
-0.53581
-0.5606
-0.584795
-0.608376
-0.631332
-0.653654
-0.675318
-0.69631
-0.716624
-0.736246
-0.755154
-0.773335
-0.790776
-0.807466
-0.823401
-0.838571
1.81233
1.80186
1.79063
1.77866
1.76593
1.75245
1.73824
1.72329
1.70761
1.6912
1.67409
1.65627
1.63774
1.61852
1.59862
1.57806
1.55683
1.53494
1.51241
1.48925
1.46547
1.44109
1.41611
1.39056
1.36444
1.33776
1.31055
1.28281
1.25455
1.22579
1.19655
1.16685
1.13669
1.10611
1.0751
1.0437
1.01192
0.979782
0.947295
0.914487
0.881363
0.847949
0.814264
0.780328
0.746158
0.711773
0.677195
0.642442
0.607533
0.572492
0.537343
0.502093
0.466769
0.431402
0.396007
0.360605
0.325216
0.28986
0.254556
0.219328
0.184196
0.149192
0.114321
0.0796128
0.0450923
0.0107737
-0.0233275
-0.0571708
-0.0907439
-0.124026
-0.157004
-0.189655
-0.221949
-0.253864
-0.285387
-0.316502
-0.347178
-0.377403
-0.407155
-0.436415
-0.465165
-0.493382
-0.521051
-0.548147
-0.574659
-0.600574
-0.625867
-0.650517
-0.674516
-0.69784
-0.720471
-0.742406
-0.763627
-0.784114
-0.803848
-0.822824
-0.841017
-0.858422
-0.875039
-0.89085
1.87763
1.8668
1.85517
1.84275
1.82955
1.81556
1.8008
1.78528
1.76898
1.75192
1.73412
1.71557
1.69629
1.67628
1.65557
1.63415
1.61203
1.58923
1.56575
1.54161
1.51682
1.49139
1.46534
1.43869
1.41145
1.38361
1.35521
1.32626
1.29678
1.26677
1.23625
1.20524
1.17376
1.14182
1.10943
1.07664
1.04345
1.00988
0.975934
0.94165
0.907045
0.87213
0.836931
0.801469
0.765763
0.729829
0.693685
0.657355
0.620862
0.584233
0.547474
0.510629
0.473703
0.436724
0.399715
0.362697
0.325689
0.288709
0.251785
0.214938
0.178199
0.141579
0.105106
0.0688046
0.0326956
-0.00321397
-0.0388877
-0.0742937
-0.109419
-0.144243
-0.178746
-0.212908
-0.246691
-0.280087
-0.313073
-0.345627
-0.37772
-0.409344
-0.440474
-0.471091
-0.501168
-0.530687
-0.559632
-0.587975
-0.615708
-0.642811
-0.669259
-0.695042
-0.720137
-0.744519
-0.76818
-0.791103
-0.813279
-0.834682
-0.8553
-0.875113
-0.894104
-0.912269
-0.929609
-0.946088
1.94567
1.93447
1.92243
1.90955
1.89585
1.88134
1.86601
1.84988
1.83294
1.8152
1.79668
1.77739
1.75733
1.7365
1.71492
1.69262
1.66958
1.64581
1.62135
1.59619
1.57034
1.54383
1.51666
1.48886
1.46043
1.43139
1.40176
1.37155
1.34077
1.30945
1.27759
1.24522
1.21235
1.17899
1.14518
1.11092
1.07625
1.04118
1.00572
0.969895
0.933736
0.897257
0.860469
0.823406
0.786086
0.748528
0.710747
0.67277
0.634619
0.596317
0.557898
0.519368
0.48076
0.442093
0.403389
0.364674
0.325963
0.287283
0.248655
0.21012
0.171691
0.133384
0.095227
0.0572505
0.0194642
-0.0181026
-0.0554227
-0.092473
-0.129231
-0.165674
-0.201782
-0.237524
-0.272881
-0.307831
-0.342352
-0.37642
-0.410011
-0.443107
-0.475687
-0.507725
-0.539199
-0.570095
-0.600379
-0.630045
-0.659068
-0.687419
-0.715096
-0.74207
-0.768318
-0.793818
-0.818561
-0.842535
-0.865721
-0.888097
-0.909644
-0.930348
-0.950187
-0.969164
-0.987258
-1.00445
2.01658
2.00498
1.99252
1.97917
1.96496
1.9499
1.93398
1.91722
1.89962
1.88118
1.86191
1.84183
1.82096
1.79927
1.7768
1.75357
1.72957
1.70481
1.67931
1.65308
1.62614
1.5985
1.57016
1.54116
1.5115
1.48119
1.45027
1.41874
1.38661
1.35392
1.32066
1.28686
1.25254
1.21771
1.1824
1.14662
1.1104
1.07375
1.03671
0.999276
0.961489
0.923363
0.884923
0.84618
0.80717
0.767908
0.728418
0.688717
0.648829
0.608788
0.568614
0.528325
0.487944
0.447502
0.407025
0.366529
0.326039
0.285575
0.245177
0.204859
0.164649
0.124574
0.0846542
0.0449134
0.00537821
-0.0339325
-0.0729861
-0.111756
-0.150228
-0.18837
-0.226162
-0.263568
-0.300581
-0.337163
-0.373302
-0.408961
-0.444126
-0.478774
-0.512882
-0.546417
-0.579367
-0.611701
-0.643409
-0.674464
-0.704838
-0.734517
-0.763491
-0.791723
-0.819183
-0.845866
-0.871762
-0.896848
-0.921094
-0.944495
-0.967033
-0.988678
-1.00942
-1.02925
-1.04815
-1.0661
2.09049
2.07849
2.06557
2.05174
2.037
2.02137
2.00484
1.98742
1.96913
1.94996
1.92992
1.90903
1.88729
1.86472
1.84133
1.81712
1.79211
1.76632
1.73974
1.7124
1.68431
1.65548
1.62593
1.59568
1.56473
1.53311
1.50083
1.46792
1.43439
1.40025
1.36554
1.33025
1.29441
1.25804
1.22116
1.18378
1.14594
1.10766
1.06895
1.02984
0.99035
0.95051
0.910332
0.869836
0.829053
0.788008
0.746722
0.70522
0.663522
0.621653
0.579638
0.537503
0.495273
0.452973
0.410628
0.368265
0.325906
0.283579
0.241319
0.199146
0.157075
0.11513
0.073358
0.0317723
-0.00960678
-0.0507455
-0.0916203
-0.1322
-0.172464
-0.212386
-0.251941
-0.291108
-0.329857
-0.368162
-0.40599
-0.44333
-0.480154
-0.516428
-0.552133
-0.587253
-0.621759
-0.655623
-0.688824
-0.721341
-0.753147
-0.784228
-0.81456
-0.844114
-0.87287
-0.90081
-0.927922
-0.954173
-0.979552
-1.00404
-1.02762
-1.05027
-1.07196
-1.09269
-1.11245
-1.13122
2.16753
2.15511
2.14173
2.12739
2.1121
2.09588
2.07871
2.06062
2.04161
2.02167
2.00083
1.97909
1.95647
1.93296
1.90861
1.8834
1.85733
1.83045
1.80275
1.77425
1.74496
1.7149
1.68408
1.65251
1.62023
1.58723
1.55355
1.5192
1.48419
1.44856
1.41231
1.37546
1.33804
1.30005
1.26153
1.22249
1.18296
1.14297
1.10253
1.06166
1.02039
0.978743
0.936742
0.894417
0.85178
0.808869
0.76571
0.722316
0.678715
0.634927
0.590986
0.546916
0.502748
0.458503
0.414211
0.369892
0.325574
0.281302
0.237078
0.192939
0.148919
0.105031
0.0613136
0.0177876
-0.0255198
-0.068585
-0.111368
-0.153845
-0.195994
-0.237789
-0.279205
-0.320216
-0.360786
-0.400893
-0.440505
-0.47961
-0.518168
-0.556156
-0.593561
-0.630344
-0.666481
-0.70195
-0.736725
-0.770789
-0.804114
-0.836668
-0.868429
-0.899387
-0.92951
-0.958775
-0.987169
-1.01467
-1.04124
-1.06688
-1.09157
-1.11527
-1.13798
-1.15968
-1.18036
-1.19997
2.24782
2.23498
2.22112
2.20626
2.19041
2.17356
2.15574
2.13694
2.11717
2.09645
2.07477
2.05215
2.0286
2.00413
1.97877
1.95251
1.92535
1.89733
1.86847
1.83876
1.80822
1.77687
1.74472
1.71179
1.6781
1.64367
1.60851
1.57266
1.53612
1.49892
1.46106
1.42258
1.3835
1.34383
1.3036
1.26282
1.22153
1.17975
1.13749
1.09478
1.05164
1.00812
0.964218
0.919968
0.875401
0.830532
0.785402
0.740026
0.694428
0.648637
0.602681
0.55659
0.51039
0.46411
0.417774
0.371402
0.325043
0.27871
0.232442
0.186259
0.140176
0.0942486
0.0484858
0.00292342
-0.0424052
-0.0874799
-0.132262
-0.176738
-0.220874
-0.264642
-0.308013
-0.350948
-0.393436
-0.435437
-0.476933
-0.517885
-0.558269
-0.598068
-0.637249
-0.675783
-0.713644
-0.750806
-0.787239
-0.822933
-0.85785
-0.891955
-0.925236
-0.957673
-0.989241
-1.01991
-1.04966
-1.07846
-1.1063
-1.13317
-1.15903
-1.18387
-1.20765
-1.23038
-1.25201
-1.27254
2.33153
2.31824
2.30388
2.28849
2.27205
2.25457
2.23605
2.21652
2.19598
2.17443
2.15188
2.12834
2.10383
2.07836
2.05195
2.02458
1.99629
1.9671
1.93701
1.90603
1.87418
1.84149
1.80796
1.77361
1.73846
1.70253
1.66584
1.62841
1.59027
1.55143
1.5119
1.47171
1.4309
1.38947
1.34745
1.30485
1.26171
1.21805
1.17389
1.12926
1.08418
1.03868
0.992787
0.946531
0.899937
0.853028
0.805834
0.758382
0.710699
0.662811
0.614748
0.566539
0.518214
0.469799
0.421321
0.372811
0.324303
0.275822
0.227397
0.179056
0.13084
0.0827634
0.0348616
-0.012831
-0.060294
-0.107484
-0.154372
-0.200938
-0.247154
-0.292994
-0.338415
-0.383383
-0.427878
-0.471873
-0.515336
-0.558238
-0.600554
-0.642254
-0.683297
-0.723669
-0.763354
-0.802299
-0.840484
-0.877886
-0.914483
-0.950234
-0.985108
-1.01911
-1.05221
-1.08436
-1.11554
-1.14572
-1.17491
-1.20308
-1.2302
-1.25622
-1.28114
-1.30495
-1.32762
-1.34913
2.41881
2.40504
2.39018
2.37423
2.35718
2.33904
2.31981
2.29952
2.27816
2.25575
2.2323
2.20781
2.1823
2.15578
2.12827
2.09977
2.07029
2.03986
2.0085
1.9762
1.943
1.9089
1.87393
1.8381
1.80142
1.76392
1.72563
1.68656
1.64674
1.60618
1.56491
1.52294
1.48031
1.43704
1.39314
1.34864
1.30357
1.25795
1.21181
1.16517
1.11805
1.0705
1.02252
0.974169
0.925453
0.876406
0.827056
0.777431
0.727563
0.677479
0.627209
0.576781
0.526227
0.475575
0.424857
0.374102
0.323343
0.272608
0.221928
0.171338
0.120865
0.0705394
0.0204019
-0.0295236
-0.0792102
-0.128624
-0.177732
-0.226497
-0.274903
-0.322912
-0.370472
-0.417574
-0.464186
-0.510275
-0.555818
-0.600777
-0.645115
-0.688802
-0.731808
-0.774134
-0.815726
-0.856547
-0.896567
-0.935783
-0.974152
-1.01163
-1.0482
-1.08386
-1.11857
-1.15228
-1.18497
-1.21662
-1.24723
-1.27678
-1.30522
-1.3325
-1.35862
-1.38359
-1.40736
-1.42993
2.50978
2.49555
2.48017
2.46363
2.44594
2.42711
2.40716
2.38608
2.36388
2.34057
2.31617
2.2907
2.26415
2.23654
2.20788
2.17819
2.14748
2.11577
2.08308
2.0494
2.01478
1.97922
1.94273
1.90535
1.86709
1.82796
1.78799
1.7472
1.70564
1.66329
1.62019
1.57636
1.53183
1.48663
1.44078
1.3943
1.34721
1.29954
1.25132
1.20257
1.15334
1.10363
1.05348
1.00293
0.951995
0.900712
0.849106
0.79721
0.745054
0.69267
0.640085
0.587334
0.534446
0.481454
0.428387
0.37528
0.322161
0.269067
0.216027
0.163074
0.110244
0.0575673
0.00507269
-0.0472071
-0.0992327
-0.150964
-0.202378
-0.253461
-0.304171
-0.354449
-0.404269
-0.453607
-0.502432
-0.550741
-0.598466
-0.645576
-0.692036
-0.737815
-0.782917
-0.82728
-0.870876
-0.913673
-0.955643
-0.996755
-1.03698
-1.07629
-1.11466
-1.15206
-1.18846
-1.22382
-1.25811
-1.29133
-1.32345
-1.35445
-1.38427
-1.41291
-1.44032
-1.46651
-1.49145
-1.51512
2.60464
2.58993
2.574
2.55686
2.5385
2.51896
2.49824
2.47635
2.45328
2.42905
2.40366
2.37715
2.34952
2.32078
2.29093
2.25999
2.228
2.19496
2.16087
2.12576
2.08966
2.05257
2.01452
1.97552
1.9356
1.89476
1.85305
1.81048
1.76708
1.72286
1.67785
1.63208
1.58557
1.53836
1.49046
1.44189
1.39269
1.34288
1.29249
1.24155
1.19009
1.13813
1.08572
1.03287
0.979614
0.925988
0.872023
0.81775
0.763202
0.708409
0.653404
0.59822
0.54289
0.487445
0.43192
0.376347
0.320761
0.265195
0.209681
0.154256
0.0989518
0.0438044
-0.011156
-0.0658913
-0.120364
-0.174547
-0.228403
-0.281904
-0.335006
-0.387666
-0.439862
-0.491559
-0.542738
-0.593355
-0.643357
-0.69273
-0.741426
-0.789429
-0.836706
-0.883215
-0.928926
-0.973806
-1.01782
-1.06094
-1.10313
-1.14436
-1.18463
-1.22387
-1.26205
-1.29916
-1.33517
-1.37003
-1.40374
-1.43626
-1.46758
-1.49764
-1.52642
-1.55392
-1.5801
-1.60494
2.70355
2.68832
2.67183
2.65406
2.63504
2.61476
2.59325
2.5705
2.54652
2.52132
2.49492
2.46734
2.43858
2.40865
2.37757
2.34535
2.31201
2.27756
2.24203
2.20543
2.16778
2.1291
2.08942
2.04874
2.00708
1.96445
1.92092
1.87649
1.83118
1.78501
1.73801
1.6902
1.64163
1.5923
1.54226
1.49152
1.44011
1.38807
1.33541
1.28218
1.22839
1.17408
1.11929
1.06403
1.00836
0.952285
0.895851
0.839092
0.782039
0.724728
0.667191
0.609461
0.551573
0.493563
0.435463
0.37731
0.319139
0.260981
0.202877
0.14486
0.0869645
0.0292266
-0.028315
-0.0856252
-0.142672
-0.199416
-0.255826
-0.311863
-0.367479
-0.422647
-0.47734
-0.531514
-0.585141
-0.638176
-0.690589
-0.742355
-0.793409
-0.843729
-0.893286
-0.942061
-0.990007
-1.03708
-1.08325
-1.12848
-1.17274
-1.21602
-1.25827
-1.29944
-1.33953
-1.37848
-1.41628
-1.45289
-1.48829
-1.52245
-1.55534
-1.58691
-1.61715
-1.64603
-1.67352
-1.69963
2.80669
2.79093
2.77384
2.75544
2.73571
2.71466
2.69233
2.6687
2.64378
2.61757
2.59012
2.56142
2.53148
2.50033
2.46796
2.43439
2.39965
2.36375
2.32671
2.28856
2.2493
2.20895
2.16755
2.12511
2.08164
2.03718
1.99174
1.94536
1.89805
1.84985
1.80077
1.75084
1.7001
1.64858
1.5963
1.54329
1.48957
1.43519
1.38016
1.32452
1.26831
1.21154
1.15426
1.09649
1.03828
0.979648
0.920637
0.861278
0.801608
0.741661
0.681472
0.621079
0.560516
0.499819
0.439025
0.378169
0.317288
0.25642
0.195602
0.134869
0.0742613
0.0138127
-0.0464348
-0.10645
-0.16619
-0.225618
-0.284702
-0.343394
-0.401662
-0.459466
-0.516773
-0.573539
-0.629742
-0.685329
-0.740277
-0.794534
-0.848061
-0.900822
-0.952798
-1.00396
-1.05425
-1.10362
-1.15206
-1.19952
-1.24598
-1.2914
-1.33575
-1.37897
-1.42106
-1.46196
-1.50165
-1.54012
-1.57731
-1.6132
-1.64774
-1.68093
-1.71271
-1.74307
-1.77199
-1.79945
2.91422
2.89793
2.88024
2.86117
2.8407
2.81886
2.79567
2.77113
2.74523
2.71799
2.68944
2.65958
2.62841
2.59597
2.56226
2.52729
2.49109
2.45368
2.41507
2.37529
2.33435
2.29228
2.24909
2.20481
2.15945
2.11305
2.06563
2.01722
1.96783
1.91749
1.86624
1.8141
1.76111
1.70729
1.65267
1.59728
1.54116
1.48433
1.42682
1.36867
1.30991
1.25058
1.1907
1.13031
1.06944
1.00814
0.946429
0.884352
0.821941
0.75924
0.696279
0.6331
0.569735
0.506226
0.44261
0.378926
0.315212
0.251504
0.187842
0.12427
0.0608196
-0.00246993
-0.0655564
-0.128399
-0.190962
-0.253207
-0.31509
-0.376574
-0.437617
-0.498186
-0.558237
-0.617731
-0.676634
-0.734902
-0.792499
-0.849385
-0.905512
-0.960841
-1.01537
-1.06903
-1.12177
-1.17357
-1.22441
-1.27422
-1.32299
-1.37068
-1.41723
-1.46263
-1.50683
-1.5498
-1.5915
-1.63193
-1.67101
-1.70871
-1.74504
-1.77994
-1.81336
-1.8453
-1.87573
-1.90462
3.02634
3.0095
2.99119
2.97142
2.9502
2.92755
2.90346
2.87796
2.85105
2.82274
2.79304
2.76196
2.72952
2.69574
2.66064
2.62422
2.5865
2.54751
2.50727
2.46579
2.4231
2.37922
2.33417
2.28797
2.24064
2.19222
2.14273
2.09219
2.04063
1.98808
1.93456
1.88012
1.82477
1.76854
1.71149
1.65362
1.59497
1.53559
1.47549
1.41471
1.3533
1.29127
1.22868
1.16554
1.1019
1.0378
0.973275
0.908355
0.843084
0.777498
0.71164
0.645542
0.57925
0.5128
0.446233
0.379589
0.312906
0.246227
0.179591
0.113041
0.0466132
-0.0196495
-0.0857054
-0.151515
-0.217037
-0.282231
-0.34705
-0.411461
-0.475418
-0.538882
-0.601812
-0.664168
-0.725907
-0.786988
-0.84737
-0.907011
-0.965872
-1.02391
-1.0811
-1.13738
-1.19273
-1.24711
-1.30045
-1.35273
-1.40394
-1.45401
-1.50288
-1.55057
-1.59702
-1.64218
-1.68601
-1.72849
-1.76958
-1.80924
-1.84745
-1.88416
-1.91934
-1.95295
-1.98498
-2.01539
3.14325
3.12583
3.10688
3.0864
3.0644
3.0409
3.0159
2.9894
2.96143
2.93199
2.9011
2.86877
2.83501
2.79984
2.76328
2.72534
2.68605
2.64542
2.60346
2.56022
2.5157
2.46994
2.42294
2.37474
2.32537
2.27484
2.22318
2.17043
2.1166
2.06174
2.00586
1.94899
1.89118
1.83246
1.77285
1.71239
1.65111
1.58906
1.52625
1.46273
1.39854
1.33371
1.26827
1.20227
1.13573
1.06871
1.00123
0.933336
0.865071
0.796473
0.72758
0.658436
0.589081
0.519555
0.4499
0.380157
0.310374
0.240586
0.170834
0.101164
0.0316209
-0.0377566
-0.106924
-0.17584
-0.244462
-0.312743
-0.380647
-0.448123
-0.515131
-0.581633
-0.647584
-0.712935
-0.777647
-0.841681
-0.904989
-0.967529
-1.02926
-1.09014
-1.15013
-1.20919
-1.26727
-1.32433
-1.38033
-1.43523
-1.48899
-1.54157
-1.59292
-1.64303
-1.69182
-1.73928
-1.78536
-1.83004
-1.87326
-1.91499
-1.9552
-1.99384
-2.03088
-2.06627
-2.1
-2.13206
3.26515
3.24714
3.22752
3.2063
3.18349
3.15912
3.13317
3.10565
3.07657
3.04597
3.01384
2.98019
2.94506
2.90845
2.87037
2.83085
2.78991
2.74757
2.70384
2.65876
2.61234
2.5646
2.51558
2.4653
2.41378
2.36104
2.30713
2.25207
2.19588
2.1386
2.08025
2.02087
1.96049
1.89915
1.83688
1.77371
1.70969
1.64484
1.57921
1.51283
1.44573
1.37796
1.30955
1.24055
1.17098
1.1009
1.03034
0.959341
0.887949
0.816201
0.744139
0.671808
0.59925
0.526505
0.453622
0.380641
0.307609
0.234564
0.161554
0.0886234
0.0158184
-0.0568187
-0.129245
-0.201415
-0.273282
-0.344804
-0.415932
-0.486622
-0.55683
-0.626517
-0.695632
-0.764127
-0.831961
-0.89909
-0.965468
-1.03105
-1.0958
-1.15966
-1.2226
-1.28457
-1.34552
-1.40541
-1.4642
-1.52185
-1.57831
-1.63354
-1.6875
-1.74015
-1.79144
-1.84134
-1.8898
-1.93679
-1.98227
-2.02619
-2.06852
-2.10921
-2.14823
-2.18553
-2.2211
-2.2549
3.39225
3.37363
3.35332
3.33135
3.3077
3.28241
3.25547
3.22689
3.19668
3.16486
3.13144
3.09644
3.05987
3.02175
2.9821
2.94094
2.89829
2.85416
2.80858
2.76157
2.71317
2.66338
2.61225
2.55979
2.50604
2.45101
2.39474
2.33727
2.27861
2.2188
2.15788
2.09587
2.03281
1.96874
1.90369
1.8377
1.77081
1.70305
1.63446
1.56508
1.49495
1.42411
1.3526
1.28046
1.20773
1.13446
1.06067
0.98643
0.911764
0.836721
0.761347
0.685682
0.609774
0.533668
0.457407
0.38104
0.304607
0.22816
0.151741
0.0754018
-0.000818673
-0.0768723
-0.152709
-0.228283
-0.303547
-0.378458
-0.452968
-0.527026
-0.600591
-0.673614
-0.746041
-0.817831
-0.888942
-0.95932
-1.02892
-1.0977
-1.16561
-1.23261
-1.29864
-1.36366
-1.42764
-1.49051
-1.55224
-1.61277
-1.67208
-1.73011
-1.78681
-1.84215
-1.89607
-1.94855
-1.99953
-2.04898
-2.09684
-2.14308
-2.18765
-2.23052
-2.27165
-2.31099
-2.34851
-2.38418
3.52477
3.50552
3.48451
3.46175
3.43724
3.411
3.38303
3.35335
3.32195
3.28888
3.25412
3.21771
3.17964
3.13996
3.09867
3.0558
3.01136
2.96537
2.91786
2.86886
2.81838
2.76646
2.71312
2.6584
2.60231
2.54489
2.48616
2.42617
2.36494
2.3025
2.23888
2.17413
2.10828
2.04136
1.97341
1.90447
1.83458
1.76378
1.6921
1.6196
1.5463
1.47226
1.3975
1.32209
1.24605
1.16944
1.09229
1.01465
0.936559
0.858076
0.779236
0.700091
0.620681
0.541058
0.461267
0.381357
0.301373
0.221364
0.14138
0.0614702
-0.0183227
-0.0979473
-0.177352
-0.256488
-0.335312
-0.413775
-0.491823
-0.569408
-0.646482
-0.722995
-0.798902
-0.87415
-0.94869
-1.02248
-1.09546
-1.16759
-1.23882
-1.3091
-1.37839
-1.44663
-1.51378
-1.57978
-1.6446
-1.70818
-1.77048
-1.83145
-1.89104
-1.94922
-2.00593
-2.06113
-2.11477
-2.16681
-2.2172
-2.2659
-2.31286
-2.35805
-2.40142
-2.44293
-2.48252
-2.52019
3.66293
3.64304
3.62131
3.59773
3.57233
3.5451
3.51607
3.48524
3.45262
3.41823
3.38209
3.3442
3.30459
3.26328
3.22029
3.17563
3.12932
3.0814
3.03188
2.9808
2.92817
2.87402
2.81839
2.76129
2.70277
2.64285
2.58156
2.51894
2.45502
2.38983
2.32341
2.2558
2.18703
2.11713
2.04616
1.97414
1.90112
1.82714
1.75225
1.67648
1.59987
1.52248
1.44434
1.3655
1.28601
1.20591
1.12524
1.04405
0.962388
0.880306
0.797848
0.715061
0.631992
0.54869
0.465209
0.381597
0.2979
0.214168
0.130456
0.0468097
-0.0367173
-0.120076
-0.203213
-0.286082
-0.368629
-0.450805
-0.532559
-0.613834
-0.694585
-0.774758
-0.854305
-0.933172
-1.01131
-1.08867
-1.1652
-1.24085
-1.31556
-1.38929
-1.46199
-1.53361
-1.60409
-1.67339
-1.74145
-1.80824
-1.87369
-1.93776
-2.0004
-2.06158
-2.12123
-2.17929
-2.23574
-2.29053
-2.34359
-2.3949
-2.4444
-2.49205
-2.53781
-2.58161
-2.62342
-2.66323
3.80698
3.78642
3.76394
3.73952
3.71319
3.68495
3.65482
3.62279
3.5889
3.55315
3.51557
3.47615
3.43493
3.39193
3.34716
3.30064
3.2524
3.20246
3.15085
3.09759
3.04271
2.98624
2.92822
2.86866
2.8076
2.74507
2.68111
2.61575
2.54902
2.48097
2.41162
2.34102
2.2692
2.1962
2.12206
2.04683
1.97055
1.89326
1.815
1.73582
1.65576
1.57487
1.4932
1.41079
1.32768
1.24393
1.15958
1.07469
0.989301
0.903456
0.817212
0.730618
0.643728
0.556589
0.469248
0.381765
0.294183
0.206564
0.118951
0.0314029
-0.0560301
-0.143294
-0.230339
-0.317108
-0.403549
-0.489612
-0.57524
-0.660382
-0.74498
-0.828986
-0.912347
-0.995011
-1.07692
-1.15802
-1.23826
-1.3176
-1.39597
-1.47332
-1.5496
-1.62476
-1.69874
-1.7715
-1.84298
-1.91313
-1.9819
-2.04924
-2.1151
-2.17943
-2.24216
-2.30327
-2.36268
-2.42037
-2.47627
-2.53034
-2.58254
-2.6328
-2.68108
-2.72734
-2.77151
-2.81361
3.95715
3.93591
3.91265
3.88736
3.86007
3.83078
3.79951
3.76625
3.73104
3.69388
3.65479
3.61378
3.57089
3.52613
3.4795
3.43105
3.3808
3.32876
3.27496
3.21944
3.16222
3.10334
3.04281
2.98068
2.91697
2.85173
2.78498
2.71676
2.64711
2.57606
2.50366
2.42993
2.35493
2.2787
2.20126
2.12268
2.04299
1.96224
1.88047
1.79773
1.71407
1.62953
1.54416
1.45801
1.37114
1.28358
1.1954
1.10663
1.01734
0.927568
0.837373
0.746806
0.655917
0.56476
0.473392
0.381862
0.290225
0.198536
0.10685
0.0152231
-0.0762879
-0.167638
-0.258767
-0.349617
-0.440131
-0.530258
-0.619943
-0.709127
-0.797756
-0.885775
-0.973127
-1.05976
-1.14561
-1.23064
-1.31478
-1.39797
-1.48017
-1.56132
-1.64136
-1.72023
-1.7979
-1.87429
-1.94936
-2.02305
-2.09531
-2.16609
-2.23533
-2.30297
-2.36897
-2.43328
-2.49583
-2.55659
-2.61549
-2.67249
-2.72753
-2.78057
-2.83154
-2.88041
-2.92711
-2.97164
4.11369
4.09175
4.06769
4.04151
4.01322
3.98285
3.95039
3.91586
3.87927
3.84064
3.79999
3.75734
3.7127
3.6661
3.61755
3.56709
3.51474
3.46051
3.40444
3.34657
3.28691
3.2255
3.16237
3.09756
3.03109
2.96301
2.89335
2.82215
2.74945
2.67528
2.59968
2.5227
2.44439
2.36477
2.2839
2.20181
2.11857
2.03421
1.94877
1.86232
1.77489
1.68654
1.59732
1.50728
1.41646
1.32493
1.23274
1.13993
1.04656
0.952686
0.858366
0.763643
0.66858
0.573231
0.47765
0.38189
0.286016
0.19008
0.0941384
-0.00175258
-0.0975367
-0.193152
-0.288545
-0.383658
-0.478437
-0.572814
-0.666738
-0.760151
-0.852994
-0.945211
-1.03674
-1.12753
-1.21752
-1.30665
-1.39486
-1.4821
-1.56832
-1.65344
-1.73742
-1.82021
-1.90173
-1.98193
-2.06077
-2.13819
-2.21412
-2.28851
-2.3613
-2.43245
-2.50189
-2.56957
-2.63544
-2.69944
-2.76151
-2.8216
-2.87967
-2.93564
-2.98948
-3.04112
-3.09051
-3.13765
4.27687
4.25421
4.22932
4.20221
4.1729
4.1414
4.10771
4.07185
4.03384
3.99369
3.95142
3.90705
3.8606
3.81209
3.76155
3.70899
3.65445
3.59794
3.53951
3.47918
3.41698
3.35294
3.2871
3.21949
3.15015
3.07911
3.00642
2.93211
2.85621
2.77879
2.69986
2.61949
2.53771
2.45456
2.3701
2.28437
2.19741
2.10928
2.02002
1.92969
1.83834
1.74601
1.65276
1.55865
1.46373
1.36805
1.27167
1.17464
1.07702
0.978861
0.880219
0.781164
0.68174
0.582012
0.482031
0.381857
0.281555
0.18118
0.0807901
-0.0195548
-0.119794
-0.21987
-0.319727
-0.4193
-0.518526
-0.617345
-0.715706
-0.813541
-0.910786
-1.00739
-1.10329
-1.19843
-1.29275
-1.38618
-1.47866
-1.57014
-1.66055
-1.74985
-1.83796
-1.92483
-2.0104
-2.09462
-2.17742
-2.25874
-2.33852
-2.41671
-2.49324
-2.56807
-2.64114
-2.71238
-2.78174
-2.84916
-2.91458
-2.97796
-3.03922
-3.09832
-3.1552
-3.20979
-3.26203
-3.31195
4.44695
4.42354
4.3978
4.36974
4.33937
4.3067
4.27174
4.23451
4.19502
4.15329
4.10934
4.06318
4.01484
3.96435
3.91172
3.85698
3.80016
3.74129
3.6804
3.6175
3.55265
3.48588
3.41721
3.34669
3.27434
3.20022
3.12436
3.04681
2.9676
2.88677
2.80437
2.72046
2.63506
2.54824
2.46002
2.37048
2.27965
2.18759
2.09434
1.99996
1.90451
1.80803
1.71059
1.61223
1.51302
1.41301
1.31226
1.21081
1.10875
1.00612
0.902985
0.799398
0.695422
0.591115
0.486543
0.381763
0.276834
0.171823
0.0667898
-0.0382125
-0.14311
-0.247846
-0.352362
-0.456589
-0.560466
-0.663926
-0.76692
-0.869374
-0.971233
-1.07242
-1.1729
-1.27258
-1.37142
-1.46935
-1.5663
-1.66222
-1.75704
-1.8507
-1.94314
-2.03429
-2.12411
-2.21253
-2.29948
-2.38489
-2.46872
-2.55091
-2.63138
-2.71008
-2.78697
-2.86196
-2.935
-3.00603
-3.075
-3.14183
-3.20649
-3.26889
-3.329
-3.38673
-3.44202
-3.4949
4.62421
4.60004
4.57342
4.54437
4.5129
4.47903
4.44275
4.40409
4.36307
4.31969
4.27399
4.22598
4.17569
4.12313
4.06833
4.01132
3.95213
3.89079
3.82733
3.76177
3.69416
3.62453
3.55292
3.47935
3.40388
3.32655
3.24739
3.16645
3.08377
2.9994
2.91339
2.82577
2.7366
2.64594
2.55382
2.4603
2.36542
2.26925
2.17184
2.07324
1.97352
1.87271
1.77088
1.66809
1.5644
1.45987
1.35455
1.24852
1.14183
1.03452
0.926684
0.818369
0.709644
0.600564
0.491194
0.381601
0.271849
0.161994
0.0521041
-0.0577575
-0.167518
-0.277122
-0.3865
-0.49559
-0.604322
-0.712639
-0.82047
-0.92775
-1.03442
-1.14042
-1.24566
-1.3501
-1.45367
-1.5563
-1.65793
-1.75848
-1.85792
-1.95614
-2.05311
-2.14877
-2.24304
-2.33585
-2.42714
-2.51687
-2.60495
-2.69132
-2.77593
-2.85872
-2.93961
-3.01855
-3.09547
-3.17031
-3.24302
-3.31352
-3.38175
-3.44767
-3.51119
-3.57226
-3.63079
-3.68682
4.80893
4.78397
4.75645
4.72638
4.69378
4.65866
4.62102
4.58088
4.53826
4.49318
4.44567
4.39573
4.34339
4.28869
4.23163
4.17226
4.1106
4.04669
3.98055
3.91222
3.84174
3.76913
3.69444
3.61771
3.53898
3.4583
3.3757
3.29123
3.20494
3.11687
3.02708
2.93561
2.84251
2.74783
2.65163
2.55396
2.45486
2.35441
2.25266
2.14965
2.04546
1.94013
1.83373
1.72632
1.61796
1.50871
1.39864
1.2878
1.17627
1.0641
0.951357
0.838114
0.724426
0.610357
0.495985
0.381371
0.266574
0.151667
0.0367122
-0.0782164
-0.193057
-0.30774
-0.422197
-0.536363
-0.650172
-0.763555
-0.87644
-0.988772
-1.10047
-1.21147
-1.32171
-1.43112
-1.53963
-1.64717
-1.75369
-1.8591
-1.96334
-2.06636
-2.16808
-2.26843
-2.36735
-2.46477
-2.56064
-2.65487
-2.74741
-2.83819
-2.92714
-3.01421
-3.09932
-3.18242
-3.26343
-3.34228
-3.41893
-3.49329
-3.56532
-3.63493
-3.70208
-3.76669
-3.82868
-3.88808
5.00141
4.97564
4.94719
4.91607
4.8823
4.84588
4.80682
4.76515
4.72088
4.67404
4.62464
4.57269
4.51823
4.46129
4.4019
4.34007
4.27584
4.20924
4.14032
4.0691
3.99562
3.91991
3.84202
3.76199
3.67987
3.59568
3.5095
3.42135
3.33129
3.23937
3.14563
3.05014
2.95293
2.85407
2.75362
2.65162
2.54812
2.4432
2.33691
2.22931
2.12045
2.01041
1.89924
1.78701
1.67378
1.55961
1.44457
1.32873
1.21214
1.0949
0.977039
0.858644
0.739779
0.620511
0.500918
0.381059
0.261001
0.140822
0.0205818
-0.0996408
-0.219779
-0.339767
-0.459523
-0.578989
-0.698098
-0.816766
-0.934933
-1.05253
-1.16947
-1.28571
-1.40116
-1.51576
-1.62944
-1.74211
-1.85373
-1.96422
-2.0735
-2.18152
-2.2882
-2.39348
-2.49727
-2.59952
-2.70016
-2.79912
-2.89633
-2.99173
-3.08524
-3.1768
-3.26635
-3.35382
-3.43912
-3.52221
-3.60301
-3.68145
-3.75747
-3.83101
-3.902
-3.97036
-4.03601
-4.09901
5.20195
5.17535
5.14594
5.11374
5.07875
5.04099
5.00047
4.95721
4.91123
4.86255
4.81118
4.75715
4.70049
4.64123
4.57939
4.515
4.4481
4.37872
4.30689
4.23266
4.15605
4.07711
3.99589
3.91242
3.82676
3.73893
3.649
3.55702
3.46302
3.36708
3.26924
3.16954
3.06805
2.96483
2.85993
2.75342
2.64533
2.53575
2.42473
2.31233
2.19862
2.08366
1.96751
1.85025
1.73193
1.61263
1.49242
1.37135
1.2495
1.12695
1.00374
0.879982
0.755718
0.631028
0.505986
0.380653
0.255108
0.129422
0.00367474
-0.122069
-0.247734
-0.373253
-0.498546
-0.623547
-0.74818
-0.872367
-0.99604
-1.11913
-1.24156
-1.36325
-1.48414
-1.60416
-1.72323
-1.84127
-1.95822
-2.07401
-2.18857
-2.30181
-2.41368
-2.52409
-2.63299
-2.74029
-2.84593
-2.94984
-3.05195
-3.15218
-3.25047
-3.34675
-3.44096
-3.53301
-3.62284
-3.71037
-3.79555
-3.87829
-3.95854
-4.03622
-4.11126
-4.18359
-4.25311
-4.31993
5.41086
5.38341
5.35302
5.3197
5.28345
5.24431
5.20227
5.15736
5.1096
5.05901
5.0056
4.94941
4.89046
4.82878
4.7644
4.69735
4.62766
4.55537
4.48053
4.40315
4.32329
4.24099
4.15629
4.06923
3.97987
3.88825
3.79442
3.69844
3.60035
3.50021
3.39808
3.29401
3.18805
3.08028
2.97075
2.85951
2.74664
2.6322
2.51624
2.39884
2.28006
2.15997
2.03863
1.91612
1.79249
1.66784
1.54222
1.4157
1.28837
1.16028
1.03151
0.902145
0.772254
0.641906
0.511178
0.380142
0.248871
0.117452
-0.0140465
-0.145551
-0.276982
-0.408273
-0.539336
-0.670103
-0.800502
-0.930448
-1.05987
-1.18868
-1.31683
-1.44423
-1.5708
-1.69647
-1.82116
-1.9448
-2.06733
-2.18866
-2.3087
-2.42741
-2.54469
-2.66048
-2.77471
-2.8873
-2.99817
-3.10726
-3.21449
-3.31979
-3.42309
-3.52433
-3.62341
-3.72028
-3.81485
-3.90707
-3.99684
-4.08412
-4.16882
-4.25087
-4.33021
-4.40674
-4.48038
-4.55122
5.62847
5.60014
5.56873
5.53425
5.49672
5.45614
5.41253
5.36591
5.31631
5.26373
5.20821
5.14977
5.08844
5.02424
4.95722
4.88739
4.8148
4.73949
4.66149
4.58085
4.4976
4.41179
4.32346
4.23267
4.13946
4.04388
3.94598
3.84583
3.74346
3.63895
3.53235
3.42371
3.3131
3.20058
3.08621
2.97006
2.8522
2.73268
2.61158
2.48895
2.36488
2.23944
2.11269
1.9847
1.85555
1.7253
1.59405
1.46185
1.32879
1.19493
1.06036
0.925153
0.789388
0.653136
0.516482
0.379495
0.242266
0.104862
-0.0326342
-0.170145
-0.307591
-0.444896
-0.581978
-0.718759
-0.855163
-0.991112
-1.12653
-1.26133
-1.39544
-1.52878
-1.66127
-1.79284
-1.9234
-2.05288
-2.18122
-2.30831
-2.4341
-2.55851
-2.68145
-2.80286
-2.92266
-3.04077
-3.15711
-3.2716
-3.3842
-3.49481
-3.60336
-3.70977
-3.81397
-3.9159
-4.01546
-4.11257
-4.2072
-4.29923
-4.38863
-4.47529
-4.55916
-4.64013
-4.71811
-4.79323
5.8551
5.82587
5.79342
5.75775
5.71887
5.67681
5.63157
5.58318
5.53166
5.47702
5.4193
5.35853
5.29472
5.22791
5.15813
5.08542
5.00982
4.93135
4.85007
4.76602
4.67923
4.58977
4.49767
4.40298
4.30576
4.20604
4.10391
3.99941
3.89259
3.78351
3.67225
3.55884
3.44338
3.32591
3.2065
3.08522
2.96215
2.83733
2.71086
2.5828
2.45321
2.32218
2.18978
2.05608
1.92116
1.78509
1.64795
1.50983
1.3708
1.23093
1.0903
0.949007
0.807118
0.664722
0.521881
0.378698
0.23525
0.0916096
-0.0521396
-0.195908
-0.339621
-0.483199
-0.626556
-0.769615
-0.912279
-1.05448
-1.19614
-1.33718
-1.4775
-1.61704
-1.7557
-1.89342
-2.03011
-2.16569
-2.30007
-2.4332
-2.56497
-2.69533
-2.82418
-2.95145
-3.07705
-3.20092
-3.32297
-3.44315
-3.56134
-3.6775
-3.79153
-3.90336
-4.01292
-4.12013
-4.22491
-4.32719
-4.4269
-4.52395
-4.61828
-4.7098
-4.79843
-4.88409
-4.96667
-5.04633
6.09109
6.06094
6.02741
5.99051
5.95025
5.90665
5.85973
5.8095
5.75599
5.69922
5.63921
5.576
5.50962
5.44008
5.36745
5.29173
5.21298
5.13124
5.04654
4.95894
4.86847
4.7752
4.67916
4.58042
4.479
4.37499
4.26843
4.15939
4.04793
3.9341
3.81796
3.6996
3.57906
3.45643
3.33177
3.20515
3.07663
2.9463
2.81422
2.68048
2.54514
2.40829
2.26999
2.13034
1.9894
1.84725
1.70399
1.55969
1.41443
1.26829
1.12136
0.973712
0.825444
0.676631
0.527355
0.377708
0.227781
0.0776412
-0.0726182
-0.222916
-0.373169
-0.52328
-0.673173
-0.822758
-0.971953
-1.12067
-1.26884
-1.41637
-1.56318
-1.70917
-1.85427
-1.99839
-2.14146
-2.28338
-2.4241
-2.5635
-2.70153
-2.83807
-2.97307
-3.10645
-3.23812
-3.36801
-3.49603
-3.6221
-3.74615
-3.8681
-3.98787
-4.10538
-4.22054
-4.33329
-4.44355
-4.55123
-4.65627
-4.75858
-4.85809
-4.9547
-5.04837
-5.13898
-5.2264
-5.31086
6.3368
6.3057
6.27105
6.23288
6.1912
6.14601
6.09734
6.04521
5.98964
5.93065
5.86827
5.80253
5.73346
5.6611
5.58547
5.50663
5.42461
5.33945
5.25119
5.15989
5.0656
4.96835
4.86821
4.76523
4.65946
4.55096
4.43979
4.32602
4.2097
4.09091
3.96971
3.84616
3.72035
3.59233
3.46219
3.32998
3.1958
3.05971
2.92179
2.78212
2.64079
2.49786
2.35342
2.20755
2.06034
1.91187
1.76221
1.61146
1.45971
1.30703
1.15353
0.999268
0.84435
0.688851
0.53287
0.376492
0.219803
0.0628843
-0.0941679
-0.25126
-0.408306
-0.565221
-0.721923
-0.878316
-1.03431
-1.18983
-1.34478
-1.49907
-1.65262
-1.80533
-1.95712
-2.10793
-2.25764
-2.40619
-2.55348
-2.69943
-2.84395
-2.98696
-3.12838
-3.26813
-3.40613
-3.54228
-3.67651
-3.80874
-3.93891
-4.0669
-4.19267
-4.3161
-4.43712
-4.55567
-4.67166
-4.785
-4.89562
-5.00344
-5.10839
-5.21036
-5.30931
-5.40513
-5.49766
-5.58718
6.59258
6.5605
6.52472
6.48523
6.44207
6.39524
6.34476
6.29065
6.23293
6.17164
6.1068
6.03843
5.96657
5.89126
5.81254
5.73044
5.64501
5.55629
5.46433
5.36917
5.27088
5.1695
5.06507
4.95767
4.84735
4.73418
4.61821
4.49951
4.37814
4.25418
4.12768
3.99873
3.86741
3.73378
3.59791
3.45989
3.31979
3.1777
3.03369
2.88785
2.74025
2.59099
2.44014
2.2878
2.13405
1.97897
1.82265
1.66519
1.50666
1.34718
1.18681
1.02566
0.86381
0.701353
0.538377
0.374982
0.21125
0.0472742
-0.116839
-0.281005
-0.445142
-0.609148
-0.772941
-0.93642
-1.0995
-1.26208
-1.4241
-1.58543
-1.74599
-1.9057
-2.06449
-2.22223
-2.37887
-2.53431
-2.68844
-2.84119
-2.99249
-3.14223
-3.29033
-3.43672
-3.5813
-3.72399
-3.8647
-4.00337
-4.13989
-4.2742
-4.4062
-4.53582
-4.66297
-4.78757
-4.90954
-5.0288
-5.14527
-5.25886
-5.36951
-5.47711
-5.58161
-5.68289
-5.78081
-5.87566
6.85878
6.82571
6.78875
6.74792
6.70322
6.65469
6.60234
6.54618
6.48624
6.42255
6.35514
6.28404
6.20928
6.13092
6.04897
5.96348
5.8745
5.78207
5.68624
5.58707
5.48461
5.37891
5.27002
5.15802
5.04296
4.92491
4.80393
4.68008
4.55345
4.42409
4.29208
4.1575
4.02043
3.88094
3.73911
3.59501
3.44875
3.3004
3.15004
2.99775
2.84364
2.68777
2.53024
2.37114
2.21057
2.04861
1.88536
1.72089
1.55531
1.38872
1.22121
1.05287
0.883796
0.714085
0.543832
0.373124
0.202059
0.0307412
-0.140737
-0.31228
-0.483789
-0.655182
-0.826344
-0.997202
-1.16765
-1.3376
-1.50696
-1.67561
-1.84348
-2.01049
-2.17653
-2.34151
-2.50535
-2.66794
-2.8292
-2.98904
-3.14738
-3.30411
-3.45918
-3.61248
-3.76393
-3.91342
-4.06088
-4.20623
-4.34939
-4.49027
-4.62878
-4.76484
-4.89838
-5.02929
-5.15752
-5.28296
-5.40554
-5.52517
-5.64178
-5.75527
-5.8656
-5.97263
-6.07619
-6.17665
7.1358
7.1017
7.06353
7.0213
6.97503
6.92474
6.87043
6.81215
6.7499
6.68373
6.61366
6.53972
6.46195
6.38038
6.29508
6.20605
6.11337
6.01709
5.91724
5.81388
5.70708
5.59688
5.48335
5.36654
5.24654
5.1234
4.99719
4.86797
4.73584
4.60086
4.4631
4.32265
4.17959
4.03399
3.88593
3.73552
3.58283
3.42795
3.27096
3.11196
2.95103
2.78828
2.62378
2.45765
2.28997
2.12083
1.95033
1.77856
1.60564
1.43165
1.2567
1.08087
0.904279
0.727001
0.549161
0.370843
0.192154
0.01319
-0.165961
-0.345176
-0.524373
-0.703441
-0.882297
-1.06084
-1.23894
-1.41654
-1.59354
-1.76982
-1.9453
-2.11989
-2.29347
-2.46596
-2.63728
-2.80734
-2.97601
-3.14323
-3.30888
-3.47291
-3.63521
-3.7957
-3.95427
-4.11084
-4.26532
-4.41762
-4.56769
-4.71542
-4.86071
-5.0035
-5.14368
-5.28118
-5.41591
-5.5478
-5.67676
-5.8027
-5.92555
-6.04521
-6.16162
-6.27466
-6.38416
-6.49052
7.424
7.38885
7.34943
7.30577
7.25787
7.20575
7.14943
7.08894
7.0243
6.95554
6.8827
6.8058
6.72489
6.64002
6.55121
6.45851
6.36198
6.26166
6.15763
6.0499
5.93857
5.82369
5.70531
5.5835
5.45834
5.3299
5.19823
5.06344
4.92557
4.78472
4.64096
4.49438
4.34507
4.19309
4.03856
3.88155
3.72214
3.56045
3.39655
3.23055
3.06254
2.8926
2.72085
2.54736
2.37227
2.19565
2.01761
1.83825
1.65767
1.47597
1.29325
1.10962
0.925187
0.740049
0.5543
0.368054
0.181425
-0.00551329
-0.19263
-0.379831
-0.567015
-0.754084
-0.940935
-1.12745
-1.31355
-1.49911
-1.68405
-1.86826
-2.05164
-2.23411
-2.41554
-2.59585
-2.77496
-2.95274
-3.12913
-3.30399
-3.47727
-3.64888
-3.8187
-3.98664
-4.15262
-4.31655
-4.47832
-4.63788
-4.79512
-4.94997
-5.10231
-5.25208
-5.39919
-5.54355
-5.68507
-5.82368
-5.95929
-6.09181
-6.22117
-6.34727
-6.47005
-6.58938
-6.70509
-6.81762
7.72378
7.68755
7.64685
7.6017
7.55211
7.49811
7.4397
7.37692
7.30979
7.23835
7.16263
7.08266
6.99849
6.91016
6.8177
6.72119
6.62064
6.51613
6.40772
6.29545
6.1794
6.05963
5.93619
5.80917
5.67864
5.54466
5.40731
5.26668
5.12283
4.97586
4.82584
4.67287
4.51703
4.35841
4.19712
4.03323
3.86684
3.69804
3.52694
3.35363
3.17821
3.0008
2.82147
2.64035
2.45752
2.27311
2.08721
1.89992
1.71135
1.52162
1.33083
1.13907
0.946471
0.753126
0.559155
0.36467
0.169758
-0.0254515
-0.220874
-0.41639
-0.611897
-0.807292
-1.00244
-1.19726
-1.39164
-1.58549
-1.77868
-1.97114
-2.16275
-2.35339
-2.54299
-2.73143
-2.91862
-3.10445
-3.28882
-3.47165
-3.65284
-3.83229
-4.00993
-4.18562
-4.3593
-4.53086
-4.70023
-4.86732
-5.03202
-5.19424
-5.35392
-5.51096
-5.66527
-5.81675
-5.96533
-6.11093
-6.25347
-6.39285
-6.52899
-6.6618
-6.79122
-6.91715
-7.03934
-7.15835
8.03553
7.9982
7.95618
7.9095
7.85816
7.8022
7.74163
7.67648
7.60677
7.53254
7.45382
7.37066
7.2831
7.19116
7.09492
6.99441
6.88968
6.78081
6.66784
6.55083
6.42986
6.30499
6.17629
6.04383
5.90769
5.76793
5.62465
5.47793
5.32785
5.17449
5.01796
4.85832
4.69567
4.53014
4.36178
4.19071
4.01702
3.84081
3.66221
3.48128
3.29816
3.11293
2.92572
2.73662
2.54574
2.3532
2.15911
1.96356
1.76668
1.56857
1.36936
1.16915
0.968045
0.766169
0.563651
0.360568
0.157051
-0.0467988
-0.250865
-0.45503
-0.659177
-0.863215
-1.067
-1.27046
-1.47348
-1.67592
-1.8777
-2.0787
-2.27886
-2.47802
-2.67609
-2.87296
-3.06853
-3.26271
-3.4554
-3.6465
-3.8359
-4.02351
-4.20924
-4.39297
-4.57463
-4.75413
-4.93137
-5.10626
-5.27871
-5.4486
-5.61588
-5.78048
-5.94225
-6.10115
-6.25707
-6.40994
-6.55967
-6.70618
-6.84938
-6.98917
-7.12554
-7.25832
-7.38728
-7.51304
8.35966
8.32119
8.27782
8.22955
8.17642
8.11843
8.05561
7.98799
7.91561
7.83848
7.75665
7.67016
7.57906
7.48339
7.3832
7.27852
7.16944
7.05602
6.9383
6.81635
6.69026
6.56007
6.42587
6.28774
6.14575
5.99997
5.85051
5.69743
5.54085
5.38083
5.21748
5.05089
4.88117
4.70839
4.53266
4.35411
4.17282
3.9889
3.80245
3.61359
3.42242
3.22907
3.03362
2.83621
2.63694
2.43592
2.23328
2.02915
1.8236
1.61677
1.4088
1.19977
0.989823
0.779085
0.567631
0.355599
0.143118
-0.069701
-0.282756
-0.495907
-0.709055
-0.922079
-1.13486
-1.34729
-1.55925
-1.77064
-1.98135
-2.19126
-2.40026
-2.60825
-2.81511
-3.02073
-3.22501
-3.42787
-3.62918
-3.82884
-4.02677
-4.22284
-4.41697
-4.60905
-4.79899
-4.98672
-5.17212
-5.35508
-5.53554
-5.71342
-5.88859
-6.06099
-6.23052
-6.3971
-6.56064
-6.72105
-6.87826
-7.03217
-7.18271
-7.32979
-7.47336
-7.61327
-7.74928
-7.88209
8.69658
8.65694
8.61217
8.56227
8.50728
8.44719
8.38204
8.31187
8.2367
8.15656
8.07149
7.98155
7.88677
7.7872
7.68288
7.57389
7.46028
7.3421
7.21943
7.09234
6.96089
6.82515
6.68522
6.54117
6.39308
6.24102
6.08511
5.92541
5.76204
5.59508
5.42462
5.25077
5.07364
4.89333
4.70994
4.52357
4.33434
4.14237
3.94776
3.75062
3.55106
3.34922
3.14519
2.93911
2.73111
2.52127
2.30974
2.09662
1.88205
1.66615
1.44905
1.23085
1.01168
0.791671
0.570955
0.349627
0.127835
-0.0943277
-0.316739
-0.539234
-0.761733
-0.984104
-1.20622
-1.42797
-1.64927
-1.86995
-2.0899
-2.30904
-2.52725
-2.7444
-2.96038
-3.17508
-3.38841
-3.60025
-3.81049
-4.01905
-4.2258
-4.43064
-4.63346
-4.8342
-5.03274
-5.22898
-5.42282
-5.61418
-5.80296
-5.98907
-6.17242
-6.35292
-6.53048
-6.70503
-6.87646
-7.04468
-7.20963
-7.37123
-7.52939
-7.68401
-7.83506
-7.98239
-8.12572
-8.26588
9.04671
9.00587
8.95966
8.90808
8.85115
8.78889
8.72133
8.6485
8.57044
8.48717
8.39873
8.30519
8.20658
8.10295
7.99435
7.88084
7.7625
7.63938
7.51155
7.37909
7.24206
7.10055
6.95464
6.8044
6.64995
6.49134
6.32869
6.16208
5.99163
5.81742
5.63956
5.45813
5.27329
5.0851
4.89371
4.6992
4.5017
4.30131
4.09819
3.89241
3.68412
3.47343
3.26046
3.04535
2.82822
2.6092
2.38839
2.16595
1.94197
1.71662
1.48999
1.26224
1.03348
0.803859
0.573469
0.342479
0.11097
-0.120911
-0.353026
-0.585245
-0.817454
-1.04954
-1.28137
-1.51282
-1.74377
-1.97408
-2.20365
-2.43238
-2.66013
-2.8868
-3.11226
-3.33638
-3.55906
-3.78022
-3.99972
-4.21749
-4.43338
-4.6473
-4.85915
-5.06884
-5.27627
-5.48132
-5.6839
-5.88393
-6.08132
-6.27597
-6.46778
-6.65666
-6.84253
-7.02531
-7.20491
-7.38123
-7.55421
-7.72376
-7.88981
-8.05224
-8.21106
-8.36608
-8.51702
-8.66479
9.41045
9.36839
9.32069
9.26736
9.20844
9.14394
9.07388
8.99829
8.91722
8.83069
8.73876
8.64147
8.53887
8.43101
8.31795
8.19974
8.07648
7.9482
7.81498
7.67691
7.53408
7.38654
7.23437
7.0777
6.91659
6.75117
6.58148
6.40767
6.22983
6.04805
5.86245
5.67314
5.48023
5.28385
5.0841
4.88107
4.67494
4.4658
4.25378
4.03901
3.8216
3.60171
3.37942
3.15489
2.92826
2.69965
2.46918
2.237
2.00323
1.76803
1.53152
1.29383
1.05509
0.815434
0.574997
0.333922
0.0923331
-0.149645
-0.391851
-0.634169
-0.876494
-1.11868
-1.36058
-1.60208
-1.84306
-2.0834
-2.32295
-2.56162
-2.79929
-3.0358
-3.27107
-3.50496
-3.73736
-3.96817
-4.19727
-4.42455
-4.64992
-4.87323
-5.09445
-5.31341
-5.52999
-5.74417
-5.9558
-6.16479
-6.37108
-6.57455
-6.7751
-6.97263
-7.16709
-7.3584
-7.54645
-7.73114
-7.91241
-8.09018
-8.26439
-8.43492
-8.60175
-8.76472
-8.92356
-9.07923
9.78825
9.74493
9.6957
9.64058
9.57959
9.51275
9.44009
9.36165
9.27745
9.18754
9.09197
8.99078
8.88402
8.77175
8.65403
8.53094
8.40252
8.26887
8.13003
7.98613
7.83721
7.68338
7.52473
7.36132
7.1933
7.02072
6.84371
6.66238
6.47682
6.28715
6.09348
5.89593
5.69462
5.48966
5.28119
5.06931
4.85417
4.63591
4.41462
4.19046
3.96354
3.73402
3.50202
3.26769
3.03114
2.79255
2.55203
2.3097
2.06575
1.8203
1.57346
1.32542
1.07629
0.826195
0.575318
0.323779
0.0716916
-0.180764
-0.433482
-0.686312
-0.939148
-1.19181
-1.44418
-1.69612
-1.94752
-2.19825
-2.44817
-2.69715
-2.94506
-3.19181
-3.43724
-3.68126
-3.92372
-4.16452
-4.40355
-4.6407
-4.87584
-5.10891
-5.33976
-5.56829
-5.79441
-6.01798
-6.23896
-6.45723
-6.6727
-6.88527
-7.09484
-7.30133
-7.50466
-7.70476
-7.90152
-8.09485
-8.28468
-8.47094
-8.65358
-8.83246
-9.00759
-9.17879
-9.34576
-9.50959
10.1805
10.1359
10.0851
10.0281
9.96501
9.89575
9.8204
9.73898
9.65154
9.5581
9.45874
9.35349
9.24241
9.12554
9.00297
8.87476
8.741
8.60172
8.45704
8.30704
8.15181
7.9914
7.82595
7.65554
7.48028
7.30025
7.1156
6.92641
6.7328
6.53488
6.3328
6.12666
5.91658
5.70269
5.48511
5.264
5.03948
4.81165
4.5807
4.34675
4.10994
3.87038
3.62827
3.3837
3.13682
2.88782
2.63682
2.38395
2.12936
1.87323
1.61566
1.35684
1.09687
0.835946
0.5742
0.311751
0.0487553
-0.214617
-0.478242
-0.742014
-1.00573
-1.26928
-1.53252
-1.79534
-2.05753
-2.31902
-2.57968
-2.83936
-3.09791
-3.35525
-3.61122
-3.86571
-4.11858
-4.36971
-4.61901
-4.86638
-5.11168
-5.35479
-5.59561
-5.83405
-6.06995
-6.30326
-6.53389
-6.76173
-6.98666
-7.20863
-7.42752
-7.64324
-7.85571
-8.06487
-8.2706
-8.47285
-8.67151
-8.86652
-9.05783
-9.24532
-9.42901
-9.6087
-9.78406
-9.95632
10.5877
10.5418
10.4893
10.4305
10.3651
10.2934
10.2152
10.1307
10.0399
9.94279
9.83947
9.73
9.6144
9.49275
9.36513
9.23161
9.09225
8.94712
8.79634
8.63997
8.47811
8.31086
8.13832
7.96061
7.77779
7.58999
7.39735
7.19996
6.99795
6.79144
6.58057
6.36545
6.14622
5.92299
5.69593
5.46517
5.23084
4.9931
4.75206
4.5079
4.26073
4.01073
3.75807
3.50282
3.24521
2.98534
2.72342
2.45955
2.19391
1.92664
1.65788
1.38784
1.11665
0.84442
0.571358
0.297567
0.0232581
-0.251487
-0.526461
-0.80156
-1.07663
-1.35148
-1.626
-1.90003
-2.17347
-2.44615
-2.71794
-2.9887
-3.25829
-3.52659
-3.79345
-4.05879
-4.32244
-4.58428
-4.84423
-5.10216
-5.35791
-5.61137
-5.8625
-6.11114
-6.35718
-6.60054
-6.84112
-7.07882
-7.31353
-7.54517
-7.77364
-7.99886
-8.22075
-8.43924
-8.65423
-8.86563
-9.07336
-9.27738
-9.47763
-9.674
-9.86648
-10.0549
-10.2389
-10.4198
11.0102
10.9629
10.9088
10.848
10.7803
10.706
10.6249
10.5372
10.4429
10.342
10.2346
10.1207
10.0004
9.87374
9.74085
9.60177
9.45658
9.30535
9.14819
8.98519
8.81644
8.64203
8.46211
8.27674
8.08603
7.89014
7.68916
7.48323
7.27245
7.05696
6.83691
6.61241
6.38362
6.15068
5.91371
5.67287
5.42832
5.18019
4.92864
4.67382
4.41588
4.15499
3.89129
3.62496
3.35612
3.08497
2.81164
2.53632
2.25914
1.9803
1.69994
1.41822
1.13528
0.851322
0.56649
0.28095
-0.00519398
-0.291721
-0.578508
-0.865366
-1.15217
-1.43876
-1.72499
-2.01073
-2.2958
-2.58008
-2.86339
-3.14561
-3.42664
-3.70632
-3.9845
-4.26106
-4.53585
-4.80876
-5.07969
-5.34849
-5.61505
-5.87926
-6.141
-6.40018
-6.65665
-6.91036
-7.1612
-7.40906
-7.65383
-7.89541
-8.13376
-8.36877
-8.60035
-8.82841
-9.05291
-9.27373
-9.49081
-9.70407
-9.91348
-10.119
-10.3205
-10.5178
-10.7107
-10.9006
11.4485
11.3998
11.344
11.2811
11.2111
11.134
11.05
10.9589
10.8609
10.7561
10.6444
10.5259
10.4007
10.2689
10.1305
9.98561
9.83432
9.67673
9.51293
9.34301
9.16706
8.98521
8.79754
8.60418
8.40525
8.20091
7.99122
7.77635
7.55641
7.33156
7.10193
6.86766
6.62891
6.38579
6.13849
5.88715
5.63193
5.37297
5.11045
4.84452
4.57533
4.30307
4.0279
3.74996
3.46945
3.18651
2.90133
2.61405
2.3249
2.034
1.74153
1.44764
1.15252
0.856338
0.559273
0.261462
-0.0369255
-0.335737
-0.634745
-0.933834
-1.23288
-1.53166
-1.83005
-2.1279
-2.42502
-2.7213
-3.01659
-3.31074
-3.60358
-3.89502
-4.18488
-4.47303
-4.75935
-5.04369
-5.32596
-5.60599
-5.88371
-6.15902
-6.43174
-6.70175
-6.96901
-7.23337
-7.49473
-7.75304
-8.00816
-8.26001
-8.50851
-8.75356
-8.99507
-9.23297
-9.46723
-9.6977
-9.92435
-10.1471
-10.3659
-10.5807
-10.7915
-10.9981
-11.2001
-11.3991
11.903
11.8529
11.7953
11.7303
11.6578
11.578
11.4908
11.3962
11.2944
11.1855
11.0693
10.946
10.8157
10.6785
10.5344
10.3835
10.2258
10.0616
9.89086
9.71371
9.53025
9.34058
9.14485
8.94317
8.73568
8.52247
8.30368
8.07948
7.84998
7.61535
7.37573
7.13125
6.88207
6.62838
6.37027
6.10797
5.84164
5.57136
5.29738
5.01988
4.739
4.45486
4.16771
3.8777
3.585
3.2898
2.99226
2.69256
2.39088
2.0874
1.78232
1.47579
1.16799
0.859094
0.549279
0.238714
-0.0724054
-0.383909
-0.695663
-1.0075
-1.3192
-1.63062
-1.94164
-2.25206
-2.56165
-2.87038
-3.17808
-3.48453
-3.78965
-4.09325
-4.39517
-4.69532
-4.99355
-5.2897
-5.5837
-5.87537
-6.16458
-6.45128
-6.7353
-7.01654
-7.29486
-7.57018
-7.8424
-8.11146
-8.37722
-8.63959
-8.89851
-9.15386
-9.40556
-9.65358
-9.89781
-10.1382
-10.3746
-10.6071
-10.8356
-11.0599
-11.2802
-11.4961
-11.7074
-11.9158
12.3742
12.3225
12.2631
12.1959
12.1209
12.0381
11.9477
11.8496
11.7438
11.6305
11.5097
11.3815
11.2459
11.103
10.9529
10.7957
10.6314
10.4602
10.2823
10.0975
9.90623
9.70845
9.50429
9.29391
9.07744
8.85499
8.62673
8.39279
8.15332
7.90846
7.65838
7.40325
7.14323
6.87844
6.60908
6.33534
6.05734
5.77531
5.48941
5.19981
4.90666
4.61018
4.31055
4.00793
3.70253
3.39454
3.08414
2.77147
2.45678
2.14023
1.82201
1.50232
1.18132
0.85917
0.536119
0.21231
-0.112043
-0.436798
-0.761761
-1.08677
-1.41165
-1.73621
-2.06029
-2.3837
-2.70632
-3.02795
-3.34847
-3.6677
-3.98546
-4.30162
-4.61609
-4.92864
-5.23917
-5.54753
-5.8536
-6.15726
-6.45836
-6.75679
-7.05245
-7.34518
-7.63493
-7.92153
-8.2049
-8.485
-8.76167
-9.03485
-9.30445
-9.57033
-9.83249
-10.0908
-10.3453
-10.5958
-10.8423
-11.0847
-11.323
-11.557
-11.787
-12.0125
-12.2333
-12.4512
12.8623
12.8092
12.7479
12.6784
12.6008
12.515
12.4212
12.3193
12.2094
12.0917
11.966
11.8326
11.6914
11.5426
11.3863
11.2225
11.0513
10.8729
10.6874
10.4948
10.2953
10.089
9.87605
9.65658
9.43077
9.19866
8.96049
8.71636
8.46648
8.21095
7.94996
7.68369
7.41231
7.13598
6.85489
6.56918
6.27907
5.98473
5.68637
5.38414
5.07822
4.76884
4.4562
4.14046
3.82183
3.50051
3.17667
2.85052
2.52224
2.19208
1.86018
1.52677
1.19201
0.856146
0.519339
0.181787
-0.156347
-0.494873
-0.833569
-1.17229
-1.51086
-1.84905
-2.18667
-2.52358
-2.85963
-3.19466
-3.52846
-3.86088
-4.19176
-4.52096
-4.84831
-5.17369
-5.49691
-5.81787
-6.1364
-6.45241
-6.76571
-7.07627
-7.38392
-7.68851
-7.98994
-8.28811
-8.58298
-8.87438
-9.16226
-9.44652
-9.72701
-10.0037
-10.2766
-10.5455
-10.8104
-11.0712
-11.328
-11.5805
-11.8288
-12.0728
-12.3125
-12.5478
-12.7783
-13.0059
13.368
13.3133
13.25
13.1782
13.0978
13.0089
12.9116
12.8058
12.6917
12.5692
12.4385
12.2997
12.1527
11.9978
11.835
11.6643
11.4859
11.3
11.1065
10.9057
10.6976
10.4824
10.2603
10.0314
9.79575
9.55359
9.30503
9.05031
8.78953
8.52285
8.25049
7.9726
7.68936
7.40099
7.10761
6.80942
6.50666
6.19949
5.88809
5.5727
5.25349
4.93068
4.60444
4.27501
3.94255
3.6073
3.26947
2.92927
2.58691
2.24254
1.89641
1.54872
1.1997
0.849539
0.498414
0.146522
-0.205939
-0.558745
-0.911728
-1.26466
-1.61741
-1.96972
-2.32143
-2.67234
-3.02232
-3.37121
-3.71877
-4.06482
-4.40927
-4.75191
-5.09263
-5.43124
-5.76758
-6.10149
-6.4329
-6.76162
-7.08755
-7.41055
-7.73048
-8.04725
-8.36074
-8.67083
-8.97742
-9.28044
-9.57979
-9.87535
-10.1671
-10.4548
-10.7386
-11.0183
-11.2938
-11.5652
-11.8324
-12.0952
-12.3537
-12.6078
-12.8576
-13.1028
-13.343
-13.5804
13.8915
13.8352
13.7699
13.6957
13.6124
13.5203
13.4193
13.3095
13.1909
13.0636
12.9276
12.7831
12.6302
12.4688
12.2992
12.1213
11.9354
11.7416
11.5398
11.3304
11.1134
10.889
10.6573
10.4184
10.1726
9.91988
9.6605
9.39468
9.12252
8.84422
8.55998
8.26994
7.97434
7.67334
7.36712
7.05592
6.73994
6.41937
6.09441
5.76531
5.43217
5.09531
4.75493
4.4112
4.06438
3.71465
3.36224
3.00741
2.65029
2.29116
1.93021
1.56769
1.2038
0.838736
0.472696
0.105906
-0.261407
-0.629066
-0.996821
-1.36455
-1.73203
-2.09896
-2.46525
-2.83071
-3.19513
-3.55832
-3.92012
-4.28032
-4.63878
-4.99538
-5.34987
-5.70213
-6.05198
-6.39929
-6.74396
-7.08578
-7.42467
-7.76048
-8.09309
-8.42236
-8.7482
-9.07047
-9.38912
-9.70401
-10.0151
-10.3223
-10.6254
-10.9244
-11.2193
-11.51
-11.7965
-12.0786
-12.3563
-12.6295
-12.8984
-13.1627
-13.4226
-13.6779
-13.9281
-14.1754
14.4333
14.3753
14.308
14.2312
14.145
14.0495
13.9447
13.8307
13.7074
13.575
13.4336
13.2832
13.124
12.9559
12.7792
12.5939
12.4001
12.198
11.9877
11.7693
11.5429
11.3088
11.0671
10.8179
10.5613
10.2976
10.027
9.74953
9.46548
9.17504
8.87833
8.57561
8.26709
7.95291
7.63334
7.30855
6.97878
6.6442
6.30507
5.96158
5.614
5.26251
4.90735
4.54876
4.18693
3.82207
3.45448
3.08437
2.71196
2.33743
1.96105
1.58306
1.2037
0.823129
0.441603
0.0593117
-0.32345
-0.706492
-1.08966
-1.4727
-1.85539
-2.2376
-2.61903
-2.99952
-3.37886
-3.75687
-4.13339
-4.50826
-4.88123
-5.25218
-5.62092
-5.98723
-6.35104
-6.71218
-7.07046
-7.42579
-7.77804
-8.12703
-8.47264
-8.81475
-9.15323
-9.48801
-9.81898
-10.146
-10.4691
-10.7881
-11.1029
-11.4134
-11.7197
-12.0216
-12.319
-12.612
-12.9005
-13.1844
-13.4637
-13.7384
-14.0086
-14.274
-14.5342
-14.7915
14.9937
14.934
14.8645
14.7851
14.6959
14.5969
14.4882
14.3697
14.2416
14.104
13.9568
13.8003
13.6344
13.4594
13.2753
13.0821
12.8801
12.6694
12.4501
12.2223
11.9862
11.742
11.4898
11.2297
10.962
10.6869
10.4044
10.1148
9.81837
9.5152
9.20555
8.88959
8.56756
8.23964
7.90607
7.56709
7.22291
6.87372
6.51978
6.16138
5.79865
5.43193
5.06134
4.68717
4.30969
3.92912
3.54571
3.15968
2.77127
2.38071
1.98831
1.59422
1.19872
0.802053
0.404443
0.00610865
-0.392722
-0.791838
-1.19099
-1.58992
-1.98851
-2.38641
-2.78354
-3.17963
-3.57445
-3.96783
-4.35962
-4.74959
-5.13753
-5.5233
-5.9067
-6.2876
-6.6658
-7.04115
-7.41349
-7.78266
-8.14862
-8.51112
-8.87009
-9.22534
-9.57682
-9.92441
-10.268
-10.6075
-10.9428
-11.2739
-11.6005
-11.9228
-12.2406
-12.5538
-12.8625
-13.1665
-13.4659
-13.7605
-14.0505
-14.3356
-14.6161
-14.8917
-15.1621
-15.4294
15.573
15.5117
15.44
15.3579
15.2655
15.1628
15.05
14.9269
14.7938
14.6506
14.4975
14.3346
14.1619
13.9795
13.7876
13.5864
13.3758
13.1561
12.9274
12.6898
12.4435
12.1887
11.9255
11.6541
11.3748
11.0876
10.7928
10.4906
10.1812
9.86474
9.54149
9.2117
8.87555
8.53328
8.18511
7.8313
7.47208
7.10765
6.73828
6.36421
5.98576
5.60305
5.21639
4.82605
4.43223
4.03527
3.63533
3.23273
2.82767
2.42045
2.01128
1.60047
1.18823
0.774821
0.360445
-0.0546123
-0.470169
-0.885877
-1.30163
-1.71713
-2.13207
-2.54637
-2.95974
-3.37198
-3.78283
-4.19213
-4.59968
-5.00525
-5.40869
-5.8098
-6.2084
-6.60428
-6.99727
-7.38727
-7.77402
-8.15751
-8.5375
-8.91393
-9.28656
-9.6553
-10.0201
-10.3808
-10.7372
-11.0894
-11.4372
-11.7806
-12.1194
-12.4535
-12.783
-13.1078
-13.4278
-13.743
-14.0534
-14.3589
-14.6595
-14.9552
-15.2461
-15.5319
-15.8124
-16.0898
16.1718
16.1086
16.0346
15.9497
15.854
15.7476
15.6304
15.5026
15.3642
15.2153
15.056
14.8864
14.7065
14.5165
14.3166
14.1068
13.8872
13.6581
13.4195
13.1717
12.9148
12.6489
12.3743
12.0912
11.7996
11.4999
11.1922
10.8767
10.5537
10.2234
9.88599
9.54175
9.19085
8.8336
8.47019
8.10088
7.72594
7.3456
6.96011
6.56977
6.17479
5.77549
5.37204
4.96479
4.554
4.13991
3.72279
3.30288
2.88047
2.45591
2.02935
1.60111
1.17137
0.740486
0.308725
-0.123723
-0.556542
-0.989572
-1.42257
-1.85515
-2.28722
-2.71846
-3.14867
-3.57762
-4.00508
-4.43084
-4.85465
-5.27637
-5.69586
-6.11276
-6.52696
-6.9383
-7.34657
-7.75162
-8.1533
-8.55146
-8.94591
-9.33652
-9.72316
-10.1058
-10.4842
-10.8582
-11.2278
-11.5929
-11.9535
-12.3093
-12.6604
-13.0067
-13.348
-13.6845
-14.016
-14.3425
-14.6639
-14.9804
-15.2917
-15.598
-15.8993
-16.1955
-16.4861
-16.7735
16.7902
16.7251
16.6487
16.561
16.4619
16.3515
16.2298
16.097
15.9532
15.7983
15.6325
15.4559
15.2685
15.0706
14.8622
14.6435
14.4146
14.1756
13.9268
13.6683
13.4002
13.1228
12.8362
12.5407
12.2363
11.9235
11.6024
11.2731
10.9359
10.5911
10.2389
9.87952
9.51323
9.14029
8.76096
8.37549
7.98411
7.58715
7.18486
6.7775
6.36532
5.94864
5.52779
5.10287
4.67431
4.24237
3.80732
3.36943
2.929
2.4863
2.04161
1.59518
1.14733
0.698332
0.248447
-0.202063
-0.652936
-1.10396
-1.55475
-2.00518
-2.45495
-2.90375
-3.3514
-3.79766
-4.2423
-4.68504
-5.12571
-5.5642
-6.00019
-6.43338
-6.86367
-7.29099
-7.71501
-8.13555
-8.55246
-8.96563
-9.37495
-9.78018
-10.1812
-10.578
-10.9703
-11.3579
-11.741
-12.1193
-12.4928
-12.8613
-13.2249
-13.5834
-13.9368
-14.285
-14.6281
-14.966
-15.2986
-15.626
-15.9481
-16.265
-16.5768
-16.8832
-17.1839
-17.4813
17.4285
17.3615
17.2827
17.1919
17.0892
16.9747
16.8484
16.7105
16.5609
16.3998
16.2272
16.0433
15.8481
15.6419
15.4247
15.1966
14.9579
14.7087
14.4491
14.1794
13.8997
13.6102
13.3111
13.0027
12.6851
12.3585
12.0233
11.6795
11.3275
10.9676
10.5999
10.2247
9.84234
9.45303
9.05705
8.6547
8.24615
7.83187
7.41201
6.98684
6.55678
6.122
5.68281
5.23956
4.79251
4.34196
3.88821
3.43156
2.9723
2.51075
2.04716
1.58188
1.11516
0.647298
0.178558
-0.290738
-0.760335
-1.22997
-1.69937
-2.16822
-2.63627
-3.10335
-3.5691
-4.03328
-4.49575
-4.95607
-5.41416
-5.86989
-6.32286
-6.77287
-7.21989
-7.6636
-8.10379
-8.54027
-8.97293
-9.40158
-9.82607
-10.2462
-10.662
-11.0732
-11.4797
-11.8813
-12.278
-12.6697
-13.0564
-13.4379
-13.8141
-14.185
-14.5505
-14.9106
-15.2654
-15.6147
-15.9586
-16.2969
-16.6299
-16.9573
-17.2795
-17.5961
-17.9069
-18.2142
18.0869
18.018
17.9366
17.8427
17.7363
17.6176
17.4865
17.3431
17.1876
17.0199
16.8402
16.6487
16.4454
16.2305
16.0041
15.7663
15.5174
15.2574
14.9866
14.7052
14.4133
14.1112
13.7991
13.4771
13.1456
12.8047
12.4546
12.0958
11.7283
11.3526
10.9687
10.577
10.1778
9.77141
9.35807
8.93802
8.51167
8.07921
7.64095
7.19733
6.74848
6.29479
5.83655
5.37414
4.90776
4.43782
3.96461
3.48841
3.00955
2.52833
2.0451
1.56017
1.07381
0.586318
0.0980346
-0.390778
-0.879858
-1.36885
-1.85752
-2.34553
-2.83266
-3.31855
-3.8031
-4.28588
-4.76662
-5.24522
-5.72134
-6.19481
-6.66539
-7.13284
-7.59697
-8.05752
-8.51432
-8.96721
-9.41601
-9.86054
-10.3006
-10.7361
-11.1669
-11.5929
-12.0138
-12.4296
-12.8403
-13.2456
-13.6457
-14.0402
-14.4292
-14.8126
-15.1904
-15.5626
-15.9291
-16.2899
-16.6449
-16.9943
-17.338
-17.676
-18.0085
-18.3351
-18.6559
-18.973
18.7658
18.6948
18.6108
18.5136
18.4034
18.2802
18.1441
17.9951
17.8333
17.6588
17.4718
17.2723
17.0605
16.8365
16.6004
16.3525
16.0929
15.8217
15.5392
15.2455
14.9409
14.6256
14.2998
13.9637
13.6176
13.2617
12.8963
12.5217
12.138
11.7457
11.3449
10.936
10.5193
10.095
9.66341
9.225
8.7799
8.32849
7.87112
7.40807
6.93972
6.46633
5.98824
5.50583
5.01933
4.52917
4.03562
3.53905
3.03973
2.5381
2.03438
1.529
1.02212
0.514229
0.00558645
-0.503518
-1.01282
-1.52191
-2.03058
-2.53847
-3.04529
-3.55081
-4.05467
-4.55666
-5.05649
-5.55385
-6.04868
-6.54057
-7.02925
-7.51463
-7.99636
-8.47431
-8.94824
-9.41797
-9.88326
-10.344
-10.8001
-11.2513
-11.6975
-12.1385
-12.5742
-13.0045
-13.4293
-13.8485
-14.2621
-14.6698
-15.0718
-15.4678
-15.8579
-16.2422
-16.6205
-16.9927
-17.359
-17.7193
-18.0737
-18.4222
-18.7648
-19.1015
-19.4322
-19.7588
19.4652
19.3921
19.3053
19.2048
19.0906
18.9627
18.8214
18.6665
18.4982
18.3166
18.1219
17.9141
17.6934
17.4599
17.2138
16.9552
16.6844
16.4015
16.1067
15.8003
15.4824
15.1533
14.8132
14.4623
14.101
13.7295
13.3479
12.9567
12.5562
12.1466
11.7282
11.3012
10.8661
10.4231
9.97261
9.51489
9.05028
8.5791
8.10174
7.61848
7.12972
6.63575
6.13692
5.63362
5.12614
4.61481
4.10013
3.58235
3.06178
2.5388
2.01384
1.48708
0.95896
0.429881
-0.0999157
-0.630203
-1.16045
-1.69038
-2.21981
-2.74835
-3.27565
-3.80142
-4.32536
-4.8473
-5.36683
-5.88368
-6.39771
-6.90853
-7.41599
-7.91981
-8.41968
-8.91547
-9.40704
-9.89408
-10.3764
-10.8538
-11.3262
-11.7935
-12.2554
-12.7118
-13.1625
-13.6075
-14.0467
-14.4799
-14.9071
-15.3283
-15.7433
-16.1521
-16.5546
-16.9509
-17.3409
-17.7246
-18.1021
-18.4734
-18.8383
-19.1971
-19.5498
-19.8964
-20.2366
-20.5726
20.1852
20.11
20.0204
19.9163
19.798
19.6653
19.5184
19.3574
19.1824
18.9934
18.7906
18.5741
18.3441
18.1007
17.8441
17.5744
17.2919
16.9968
16.6892
16.3693
16.0375
15.694
15.3389
14.9727
14.5954
14.2075
13.8091
13.4007
12.9824
12.5547
12.1178
11.672
11.2177
10.7552
10.2849
9.80702
9.32206
8.83021
8.33194
7.82764
7.31756
6.80209
6.28165
5.7565
5.22714
4.69388
4.15716
3.61724
3.07451
2.52929
1.98211
1.43317
0.88296
0.331786
-0.219998
-0.772125
-1.32418
-1.87591
-2.42685
-2.97677
-3.52528
-4.07202
-4.61683
-5.15938
-5.6992
-6.23621
-6.77008
-7.30049
-7.82718
-8.35006
-8.86872
-9.38293
-9.89254
-10.3973
-10.897
-11.3916
-11.8808
-12.3644
-12.8422
-13.3143
-13.7804
-14.2403
-14.694
-15.1415
-15.5826
-16.0172
-16.4454
-16.8669
-17.2819
-17.6903
-18.092
-18.4872
-18.8757
-19.2577
-19.6332
-20.0021
-20.3648
-20.7209
-21.0705
-21.4155
20.926
20.8485
20.7559
20.6483
20.5255
20.3879
20.2353
20.0679
19.8858
19.689
19.4778
19.2523
19.0125
18.7588
18.4912
18.2099
17.9152
17.6072
17.2862
16.9524
16.606
16.2474
15.8767
15.4943
15.1004
14.6953
14.2794
13.8529
13.4162
12.9696
12.5133
12.0478
11.5734
11.0906
10.5996
10.1007
9.59435
9.08094
8.56087
8.03451
7.50224
6.96442
6.42134
5.87353
5.32131
4.76513
4.20539
3.64238
3.07653
2.50829
1.93792
1.366
0.792729
0.218556
-0.356125
-0.93104
-1.50581
-2.08
-2.65334
-3.22538
-3.79578
-4.36434
-4.93073
-5.49456
-6.05551
-6.61328
-7.16759
-7.7182
-8.26488
-8.80734
-9.34529
-9.87839
-10.4066
-10.9295
-11.4471
-11.9592
-12.4655
-12.9657
-13.46
-13.948
-14.4296
-14.9047
-15.3732
-15.835
-16.2901
-16.7384
-17.1797
-17.614
-18.0415
-18.4619
-18.8754
-19.2818
-19.6814
-20.074
-20.4597
-20.8386
-21.2109
-21.5764
-21.9351
-22.2888
21.6875
21.6077
21.512
21.4006
21.2734
21.1304
20.9719
20.7978
20.6083
20.4035
20.1835
19.9485
19.6986
19.434
19.1549
18.8615
18.554
18.2326
17.8976
17.5491
17.1876
16.8132
16.4261
16.0268
15.6155
15.1926
14.7582
14.3128
13.8568
13.3904
12.914
12.4279
11.9326
11.4284
10.9157
10.3949
9.86632
9.33042
8.7876
8.23818
7.68268
7.12142
6.55481
5.98334
5.40733
4.82728
4.24349
3.65647
3.06657
2.47422
1.87988
1.28385
0.686601
0.0885408
-0.509965
-1.10849
-1.70675
-2.30427
-2.90081
-3.49589
-4.08911
-4.68029
-5.26895
-5.85477
-6.43748
-7.01673
-7.59227
-8.16377
-8.73091
-9.29352
-9.85121
-10.4038
-10.9511
-11.4928
-12.0286
-12.5585
-13.0823
-13.5996
-14.1105
-14.6148
-15.1122
-15.6027
-16.0861
-16.5625
-17.0317
-17.4935
-17.948
-18.3953
-18.8351
-19.2675
-19.6926
-20.1103
-20.5206
-20.9237
-21.3195
-21.7081
-22.0898
-22.4643
-22.8317
-23.1938
22.4696
22.3874
22.2886
22.1732
22.0413
21.8929
21.7281
21.5471
21.3498
21.1365
20.9074
20.6625
20.402
20.1261
19.835
19.5289
19.208
18.8726
18.5229
18.1592
17.7817
17.3908
16.9867
16.5697
16.1402
15.6985
15.2449
14.7798
14.3036
13.8165
13.319
12.8114
12.2942
11.7678
11.2324
10.6887
10.1369
9.57747
9.01084
8.43741
7.85765
7.27197
6.68086
6.08464
5.48381
4.87875
4.27001
3.65798
3.043
2.42561
1.80618
1.18519
0.562971
-0.0598941
-0.683088
-1.30626
-1.92893
-2.55077
-3.17129
-3.79021
-4.4071
-5.02164
-5.6334
-6.24205
-6.84728
-7.44867
-8.04607
-8.63902
-9.22735
-9.81073
-10.3888
-10.9614
-11.5282
-12.089
-12.6436
-13.1918
-13.7334
-14.2682
-14.796
-15.3167
-15.8302
-16.3362
-16.8347
-17.3257
-17.8091
-18.2846
-18.7524
-19.2125
-19.6646
-20.109
-20.5455
-20.9742
-21.3952
-21.8084
-22.214
-22.6121
-23.0028
-23.386
-23.7618
-24.1317
23.2722
23.1875
23.0854
22.9659
22.829
22.675
22.5037
22.3154
22.1101
21.888
21.6493
21.394
21.1224
20.8347
20.531
20.2116
19.8768
19.5267
19.1617
18.782
18.3879
17.9797
17.5578
17.1224
16.6738
16.2125
15.7389
15.2531
14.7557
14.247
13.7275
13.1975
12.6574
12.1076
11.5486
10.9809
10.4049
9.82088
9.22947
8.63092
8.02593
7.41481
6.798
6.17601
5.5492
4.9182
4.28345
3.6453
3.00421
2.3607
1.71516
1.06817
0.420083
-0.228625
-0.877543
-1.52625
-2.17435
-2.82132
-3.46687
-4.11052
-4.75186
-5.39062
-6.02622
-6.65846
-7.28693
-7.91125
-8.53116
-9.14636
-9.75648
-10.3611
-10.9602
-11.5533
-12.1402
-12.7206
-13.2943
-13.8612
-14.421
-14.9735
-15.5185
-16.0559
-16.5857
-17.1074
-17.6211
-18.1269
-18.6245
-19.1138
-19.5949
-20.0676
-20.532
-20.9881
-21.4359
-21.8755
-22.3068
-22.7301
-23.1451
-23.5523
-23.9516
-24.3431
-24.7268
-25.104
24.095
24.0077
23.9022
23.7784
23.6365
23.4764
23.2984
23.1025
22.8888
22.6575
22.4087
22.1427
21.8594
21.5594
21.2426
20.9093
20.5599
20.1945
19.8134
19.4171
19.0056
18.5793
18.1387
17.684
17.2155
16.7338
16.239
15.7317
15.2123
14.681
14.1384
13.5849
13.0209
12.4468
11.8631
11.2704
10.669
10.0594
9.44201
8.81736
8.18593
7.5482
6.9046
6.25572
5.60199
4.94387
4.28193
3.61656
2.94823
2.27755
1.60508
0.930979
0.255902
-0.419662
-1.09525
-1.77049
-2.4449
-3.11807
-3.78955
-4.45881
-5.12551
-5.78924
-6.4497
-7.10633
-7.75884
-8.40675
-9.04994
-9.68796
-10.3205
-10.9472
-11.5677
-12.1819
-12.7893
-13.3898
-13.9832
-14.5691
-15.1474
-15.718
-16.2805
-16.8349
-17.381
-17.9186
-18.4478
-18.9683
-19.4801
-19.9831
-20.4774
-20.9627
-21.4393
-21.9071
-22.366
-22.8161
-23.2575
-23.6903
-24.1146
-24.5304
-24.9379
-25.3372
-25.7283
-26.1123
24.9377
24.8478
24.7386
24.6104
24.4631
24.2969
24.1118
23.908
23.6855
23.4446
23.1853
22.908
22.6127
22.2996
21.9691
21.6213
21.2566
20.8753
20.4775
20.0635
19.6339
19.1888
18.7286
18.2537
17.7645
17.2613
16.7446
16.2147
15.6722
15.1173
14.5506
13.9726
13.3836
12.7841
12.1747
11.5558
10.9279
10.2915
9.64704
8.99505
8.33606
7.67063
6.99918
6.3222
5.64028
4.95392
4.26369
3.57005
2.87342
2.17449
1.47363
0.771421
0.0683311
-0.635131
-1.33851
-2.04129
-2.7431
-3.44341
-4.14166
-4.83743
-5.53047
-6.22022
-6.90619
-7.58806
-8.26537
-8.93777
-9.60487
-10.2664
-10.9221
-11.5713
-12.214
-12.8497
-13.4782
-14.0993
-14.7127
-15.318
-15.9153
-16.5041
-17.0844
-17.656
-18.2187
-18.7724
-19.3169
-19.8523
-20.3783
-20.8951
-21.4024
-21.9002
-22.3888
-22.868
-23.3377
-23.798
-24.2492
-24.6913
-25.1243
-25.5482
-25.9635
-26.37
-26.7679
-27.1581
25.7999
25.7071
25.5943
25.4614
25.3086
25.1359
24.9435
24.7314
24.4997
24.2487
23.9785
23.6893
23.3813
23.0548
22.7099
22.3471
21.9664
21.5682
21.1529
20.7207
20.272
19.8072
19.3266
18.8306
18.3196
17.7941
17.2544
16.7009
16.1342
15.5547
14.9629
14.3592
13.744
13.1181
12.4818
11.8356
11.1801
10.5156
9.84295
9.16246
8.47475
7.78039
7.07975
6.37352
5.66229
4.94656
4.22683
3.50353
2.77754
2.04914
1.31883
0.587321
-0.144873
-0.877518
-1.60968
-2.34105
-3.07122
-3.79963
-4.5258
-5.24918
-5.96938
-6.68599
-7.39845
-8.10638
-8.80932
-9.50685
-10.1986
-10.8844
-11.5639
-12.2364
-12.9017
-13.5595
-14.2097
-14.8518
-15.4854
-16.1107
-16.7272
-17.3346
-17.933
-18.5218
-19.1013
-19.6711
-20.2311
-20.7813
-21.3217
-21.852
-22.3722
-22.8825
-23.3828
-23.873
-24.3532
-24.8236
-25.2841
-25.735
-26.1762
-26.6079
-27.0302
-27.4434
-27.8474
-28.2431
26.6809
26.5852
26.4685
26.3308
26.1723
25.9928
25.7926
25.5719
25.3306
25.0691
24.7875
24.486
24.1648
23.8241
23.4642
23.0855
22.6881
22.2724
21.8388
21.3875
20.9189
20.4335
19.9316
19.4135
18.8798
18.3308
17.7672
17.1891
16.5972
15.9919
15.3738
14.7432
14.1009
13.4473
12.7828
12.108
11.4237
10.7301
10.0279
9.3176
8.5999
7.87542
7.14441
6.40771
5.66588
4.91946
4.16892
3.41501
2.65818
1.89919
1.13826
0.376323
-0.38635
-1.149
-1.91124
-2.67236
-3.43197
-4.1895
-4.94461
-5.69647
-6.44484
-7.18928
-7.92912
-8.66394
-9.39324
-10.1168
-10.8342
-11.5449
-12.2485
-12.945
-13.6336
-14.3142
-14.9865
-15.6499
-16.3045
-16.9499
-17.5859
-18.2123
-18.8288
-19.4353
-20.0316
-20.6175
-21.193
-21.7582
-22.3126
-22.8564
-23.3895
-23.9118
-24.4236
-24.9247
-25.4151
-25.895
-26.3644
-26.8235
-27.2724
-27.7112
-28.1401
-28.5593
-28.9687
-29.3691
27.5801
27.4814
27.3606
27.2179
27.0533
26.8668
26.6586
26.4288
26.1776
25.9051
25.6115
25.2971
24.962
24.6066
24.2311
23.8358
23.421
22.987
22.5342
22.0629
21.5736
21.0666
20.5423
20.0012
19.4438
18.8704
18.2815
17.6778
17.0595
16.4274
15.7817
15.1232
14.4524
13.7698
13.076
12.3714
11.6568
10.9327
10.1999
9.45854
8.70954
7.95353
7.19083
6.4224
5.64859
4.87023
4.08779
3.30189
2.51316
1.72205
0.929316
0.135586
-0.658461
-1.45241
-2.24576
-3.03776
-3.82794
-4.61575
-5.4008
-6.18222
-6.95979
-7.73292
-8.50087
-9.26358
-10.0203
-10.7708
-11.5144
-12.2507
-12.9795
-13.7004
-14.4129
-15.1167
-15.8115
-16.497
-17.1728
-17.8387
-18.4945
-19.14
-19.775
-20.3992
-21.0125
-21.6146
-22.2057
-22.7856
-23.3541
-23.9112
-24.4568
-24.9911
-25.5139
-26.0255
-26.5257
-27.0146
-27.4924
-27.9592
-28.4152
-28.8604
-29.2951
-29.7195
-30.1336
-30.5378
28.4966
28.3947
28.2698
28.1218
27.9509
27.7571
27.5405
27.3013
27.0395
26.7556
26.4495
26.1216
25.7721
25.4013
25.0094
24.5967
24.1637
23.7106
23.2377
22.7456
22.2346
21.705
21.1575
20.5923
20.01
19.4111
18.796
18.1654
17.5196
16.8593
16.185
15.4972
14.7966
14.0838
13.3592
12.6236
11.8777
11.1217
10.3567
9.58302
8.80139
8.01243
7.21689
6.41529
5.60833
4.79664
3.98083
3.16148
2.33948
1.51518
0.689462
-0.137246
-0.964152
-1.79073
-2.61629
-3.44031
-4.26229
-5.08155
-5.89744
-6.70959
-7.51731
-8.32007
-9.11741
-9.90879
-10.6936
-11.4716
-12.2423
-13.0051
-13.7598
-14.5058
-15.2427
-15.9703
-16.6883
-17.396
-18.0934
-18.7803
-19.4563
-20.1211
-20.7746
-21.4167
-22.047
-22.6654
-23.2719
-23.8665
-24.4489
-25.0191
-25.5771
-26.1229
-26.6565
-27.1781
-27.6875
-28.1849
-28.6706
-29.1445
-29.6069
-30.0578
-30.4975
-30.9263
-31.3441
-31.7514
29.4294
29.3243
29.195
29.0415
28.864
28.6625
28.4372
28.1881
27.9155
27.6195
27.3004
26.9585
26.5938
26.2068
25.7978
25.3671
24.915
24.4419
23.9482
23.4342
22.9005
22.3474
21.7754
21.1851
20.5769
19.9512
19.3088
18.65
17.9755
17.2858
16.5815
15.8633
15.1316
14.3871
13.6307
12.8627
12.0838
11.2947
10.4962
9.68863
8.87304
8.04982
7.2199
6.38378
5.54215
4.69575
3.84518
2.9912
2.13448
1.27582
0.415512
-0.445348
-1.30638
-2.16679
-3.02599
-3.88326
-4.73804
-5.58988
-6.43785
-7.28178
-8.12071
-8.95423
-9.78163
-10.6026
-11.4167
-12.2232
-13.0216
-13.8117
-14.5928
-15.3645
-16.1266
-16.8785
-17.62
-18.3505
-19.0699
-19.7781
-20.4745
-21.1588
-21.8311
-22.4911
-23.1384
-23.7731
-24.395
-25.0041
-25.6002
-26.1832
-26.7532
-27.3101
-27.8542
-28.3853
-28.9034
-29.4088
-29.9016
-30.3819
-30.8499
-31.3056
-31.7495
-32.1818
-32.6025
-33.0117
30.3774
30.2689
30.135
29.9759
29.7915
29.582
29.3475
29.0881
28.8041
28.4956
28.1629
27.8062
27.4258
27.022
26.5951
26.1454
25.6734
25.1794
24.6638
24.127
23.5696
22.9919
22.3945
21.7779
21.1425
20.4891
19.818
19.1298
18.4253
17.7049
16.9694
16.2192
15.4552
14.6778
13.8879
13.086
12.2728
11.4492
10.6156
9.77286
8.9218
8.06297
7.19717
6.32502
5.44712
4.56476
3.67803
2.78795
1.89532
1.00043
0.10449
-0.792122
-1.68836
-2.58397
-3.47803
-4.36966
-5.25878
-6.14424
-7.02551
-7.90215
-8.77335
-9.63864
-10.4975
-11.3491
-12.1932
-13.0288
-13.8559
-14.6739
-15.4821
-16.2803
-17.068
-17.8449
-18.6103
-19.3641
-20.106
-20.8356
-21.5526
-22.2566
-22.9479
-23.6258
-24.2902
-24.9411
-25.5782
-26.2016
-26.8111
-27.4068
-27.9883
-28.556
-29.1099
-29.65
-30.1762
-30.6889
-31.188
-31.674
-32.1467
-32.6064
-33.0535
-33.4883
-33.9108
-34.3208
31.3391
31.2271
31.0885
30.9234
30.7319
30.514
30.27
29.9999
29.7039
29.3823
29.0353
28.6633
28.2664
27.845
27.3994
26.93
26.4372
25.9213
25.3829
24.8223
24.2401
23.6367
23.0127
22.3686
21.705
21.0224
20.3214
19.6026
18.8668
18.1144
17.3462
16.5627
15.7648
14.9531
14.1282
13.291
12.4422
11.5824
10.7124
9.83306
8.94492
8.04878
7.14567
6.2359
5.32057
4.40034
3.47611
2.54857
1.61807
0.686074
-0.247072
-1.18057
-2.11386
-3.04575
-3.97582
-4.90346
-5.8278
-6.74844
-7.66415
-8.57472
-9.47937
-10.3774
-11.2685
-12.1517
-13.0265
-13.8924
-14.749
-15.5956
-16.4317
-17.257
-18.071
-18.8732
-19.6632
-20.4406
-21.2052
-21.9566
-22.6944
-23.4184
-24.1286
-24.8245
-25.506
-26.1729
-26.8251
-27.4626
-28.0853
-28.693
-29.2858
-29.8637
-30.4269
-30.9752
-31.5089
-32.028
-32.5328
-33.0235
-33.5
-33.9628
-34.4121
-34.8483
-35.2714
-35.6808
32.3131
32.1974
32.0539
31.8826
31.6836
31.457
31.2029
30.9216
30.6132
30.2779
29.9161
29.5281
29.1139
28.6741
28.209
27.719
27.2044
26.6657
26.1035
25.518
24.9099
24.2798
23.628
22.9552
22.262
21.549
20.8168
20.066
19.2974
18.5116
17.7092
16.8911
16.0579
15.2103
14.3491
13.4751
12.5889
11.6914
10.7835
9.86579
8.93896
8.00418
7.06218
6.11335
5.15883
4.19958
3.23606
2.26925
1.30004
0.329096
-0.642815
-1.61482
-2.58604
-3.55586
-4.52356
-5.48828
-6.44951
-7.40618
-8.35756
-9.30319
-10.2425
-11.1745
-12.0986
-13.0143
-13.9211
-14.8181
-15.7049
-16.5809
-17.4458
-18.2987
-19.1395
-19.9676
-20.7827
-21.5841
-22.3717
-23.1451
-23.904
-24.6481
-25.3773
-26.0911
-26.7896
-27.4723
-28.1393
-28.7907
-29.4262
-30.0455
-30.6489
-31.2366
-31.8084
-32.3643
-32.9045
-33.4294
-33.9389
-34.4332
-34.9127
-35.3773
-35.8277
-36.2642
-36.6864
-37.0942
33.2976
33.1781
33.0294
32.8516
32.6448
32.4091
32.1446
31.8515
31.5301
31.1806
30.8033
30.3984
29.9663
29.5073
29.0218
28.5102
27.9729
27.4105
26.8233
26.2119
25.5768
24.9185
24.2378
23.535
22.811
22.0662
21.3015
20.5174
19.7146
18.8938
18.0559
17.2015
16.3314
15.4464
14.5473
13.6348
12.7098
11.7732
10.8255
9.8679
8.90112
7.92571
6.94311
5.95374
4.95849
3.95834
2.95432
1.94679
0.936836
-0.0744924
-1.08639
-2.09831
-3.10933
-4.11858
-5.1251
-6.12843
-7.12746
-8.12148
-9.10978
-10.0921
-11.0669
-12.0338
-12.9924
-13.9417
-14.8811
-15.8101
-16.728
-17.6342
-18.5284
-19.4098
-20.2779
-21.1325
-21.973
-22.7988
-23.6097
-24.4054
-25.1856
-25.9498
-26.6979
-27.4298
-28.1449
-28.8433
-29.525
-30.1897
-30.8375
-31.468
-32.0815
-32.6783
-33.2578
-33.8206
-34.3666
-34.8962
-35.4093
-35.9063
-36.3874
-36.8529
-37.3031
-37.7383
-38.1585
-38.5634
34.2906
34.167
34.0129
33.8283
33.6134
33.3681
33.0928
32.7875
32.4526
32.0882
31.6946
31.2722
30.8213
30.3423
29.8355
29.3014
28.7404
28.1531
27.5399
26.9013
26.2381
25.5506
24.8395
24.1056
23.3493
22.5714
21.7727
20.9537
20.1153
19.2582
18.3831
17.491
16.5824
15.6585
14.7198
13.7672
12.8017
11.824
10.8351
9.83588
8.82735
7.81
6.78497
5.75317
4.71574
3.67317
2.62657
1.57675
0.524933
-0.528373
-1.58249
-2.63576
-3.68778
-4.73783
-5.78481
-6.82782
-7.86611
-8.89915
-9.92591
-10.9456
-11.9572
-12.9603
-13.9542
-14.9381
-15.9112
-16.8731
-17.823
-18.7601
-19.6843
-20.5947
-21.4909
-22.3723
-23.2387
-24.0893
-24.9238
-25.7419
-26.5435
-27.3278
-28.095
-28.8446
-29.5762
-30.2901
-30.9859
-31.6637
-32.3232
-32.9643
-33.5874
-34.1924
-34.779
-35.3475
-35.8984
-36.4317
-36.9474
-37.4459
-37.9274
-38.3923
-38.8408
-39.2734
-39.6902
-40.0905
35.2897
35.1619
35.0021
34.8105
34.5871
34.3319
34.0452
33.7272
33.3781
32.9981
32.5876
32.147
31.6765
31.1765
30.6474
30.0899
29.5042
28.8909
28.2506
27.5837
26.8911
26.1731
25.4304
24.6639
23.8739
23.0615
22.2273
21.3719
20.4963
19.6013
18.6876
17.756
16.8074
15.8428
14.8628
13.8685
12.8608
11.8405
10.8086
9.76612
8.7137
7.65256
6.58376
5.50807
4.42637
3.33955
2.24879
1.15523
0.0593857
-1.03777
-2.13465
-3.23121
-4.32603
-5.41827
-6.50691
-7.59146
-8.67068
-9.74375
-10.81
-11.8683
-12.9182
-13.9586
-14.989
-16.0085
-17.0164
-18.0119
-18.9946
-19.9636
-20.9184
-21.8585
-22.7832
-23.692
-24.5846
-25.4602
-26.3187
-27.1594
-27.9823
-28.7868
-29.573
-30.3402
-31.0882
-31.8171
-32.5267
-33.217
-33.8876
-34.5387
-35.1704
-35.7829
-36.3756
-36.9491
-37.5037
-38.0395
-38.5566
-39.0552
-39.5358
-39.9986
-40.4439
-40.8724
-41.2841
-41.678
36.2924
36.1603
35.9947
35.7957
35.5634
35.2979
34.9993
34.668
34.3041
33.9079
33.4797
33.0199
32.5289
32.0071
31.455
30.8729
30.2613
29.621
28.9523
28.256
27.5326
26.7827
26.0071
25.2065
24.3816
23.5332
22.6619
21.7687
20.8543
19.9196
18.9655
17.9929
17.0025
15.9956
14.9725
13.9347
12.8829
11.8183
10.7417
9.6539
8.55621
7.44969
6.33495
5.21343
4.08588
2.95312
1.8166
0.677287
-0.464123
-1.60627
-2.74853
-3.88951
-5.0286
-6.16471
-7.29676
-8.42417
-9.54556
-10.6602
-11.7671
-12.8656
-13.9549
-15.0339
-16.1017
-17.1579
-18.2015
-19.2317
-20.2481
-21.2495
-22.2358
-23.2061
-24.1599
-25.0966
-26.0158
-26.9167
-27.7994
-28.6629
-29.5072
-30.3319
-31.1367
-31.9213
-32.6854
-33.429
-34.1518
-34.8539
-35.5351
-36.1954
-36.835
-37.4537
-38.0517
-38.629
-39.1862
-39.7232
-40.2403
-40.7378
-41.2158
-41.6751
-42.1155
-42.5383
-42.9431
-43.3288
37.2961
37.1594
36.9877
36.7809
36.5393
36.263
35.9521
35.6068
35.2274
34.8142
34.3677
33.8881
33.3757
32.8312
32.2547
31.647
31.0086
30.3401
29.6419
28.9146
28.1592
27.3762
26.5663
25.7301
24.8686
23.9827
23.0727
22.1401
21.1853
20.2094
19.2132
18.1977
17.164
16.1126
15.0448
13.9617
12.8644
11.7533
10.6301
9.49554
8.35056
7.19639
6.03423
4.86496
3.68936
2.50934
1.32522
0.138136
-1.05039
-2.23954
-3.42838
-4.61588
-5.80093
-6.98256
-8.15956
-9.33105
-10.4964
-11.6539
-12.8031
-13.9431
-15.0729
-16.1914
-17.298
-18.3919
-19.4721
-20.538
-21.5887
-22.6236
-23.6419
-24.6431
-25.6265
-26.5916
-27.5376
-28.4641
-29.3712
-30.2576
-31.1233
-31.968
-32.7912
-33.5929
-34.3727
-35.1306
-35.8659
-36.5793
-37.2703
-37.9389
-38.5854
-39.2093
-39.8114
-40.3915
-40.9497
-41.4865
-42.0021
-42.4968
-42.9709
-43.4248
-43.8586
-44.2737
-44.6697
-45.0454
38.2974
38.1559
37.9778
37.763
37.5117
37.224
36.9002
36.5404
36.1449
35.7141
35.2484
34.748
34.2133
33.645
33.0433
32.409
31.7425
31.0444
30.3154
29.5562
28.7674
27.9497
27.1039
26.2308
25.3313
24.406
23.456
22.4821
21.4853
20.4663
19.4263
18.3662
17.287
16.1897
15.0755
13.9451
12.7999
11.6409
10.4691
9.28551
8.09157
6.88811
5.67624
4.45739
3.23258
2.00274
0.769267
-0.467056
-1.70492
-2.94279
-4.18041
-5.41562
-6.64839
-7.87704
-9.10066
-10.318
-11.5283
-12.7303
-13.9232
-15.106
-16.2775
-17.437
-18.5835
-19.7161
-20.8341
-21.9364
-23.0224
-24.0914
-25.1426
-26.1753
-27.1887
-28.1824
-29.1557
-30.1082
-31.0396
-31.949
-32.836
-33.7004
-34.542
-35.3605
-36.1555
-36.9267
-37.6742
-38.3981
-39.098
-39.7739
-40.426
-41.0543
-41.6592
-42.2406
-42.7985
-43.3334
-43.8458
-44.3359
-44.8042
-45.2509
-45.6763
-46.0817
-46.4664
-46.8298
39.2929
39.1464
38.9616
38.7384
38.477
38.1775
37.8403
37.4653
37.0531
36.6039
36.118
35.596
35.0381
34.4449
33.817
33.1548
32.459
31.7304
30.9693
30.1765
29.3528
28.4991
27.616
26.7043
25.765
24.799
23.8071
22.7903
21.7496
20.6859
19.6003
18.4937
17.3672
16.2222
15.0593
13.88
12.6852
11.4758
10.2535
9.01933
7.77433
6.51957
5.25647
3.98599
2.70937
1.42821
0.142991
-1.14433
-2.43304
-3.72184
-5.0094
-6.2947
-7.57672
-8.85398
-10.126
-11.3908
-12.6479
-13.8958
-15.1337
-16.3606
-17.5752
-18.7767
-19.9643
-21.1368
-22.2934
-23.4331
-24.5552
-25.6591
-26.7437
-27.8083
-28.8525
-29.8752
-30.8762
-31.8547
-32.8105
-33.7429
-34.6511
-35.535
-36.3946
-37.2295
-38.0391
-38.8231
-39.582
-40.3153
-41.0231
-41.7052
-42.3619
-42.9933
-43.5994
-44.1804
-44.7367
-45.2681
-45.7754
-46.259
-46.7192
-47.1566
-47.5713
-47.9645
-48.3356
-48.6842
40.2788
40.1271
39.9352
39.7033
39.4314
39.1196
38.7682
38.3775
37.9478
37.4794
36.9726
36.428
35.8459
35.2269
34.5715
33.8805
33.1542
32.3934
31.5987
30.7712
29.9114
29.0198
28.0978
27.1462
26.1656
25.157
24.1214
23.06
21.9736
20.8633
19.7301
18.5753
17.3999
16.2047
14.9914
13.7609
12.5144
11.2532
9.97832
8.69122
7.39304
6.08495
4.76816
3.44442
2.11423
0.779309
-0.558956
-1.89918
-3.24074
-4.5822
-5.92181
-7.25914
-8.59231
-9.92005
-11.2416
-12.5556
-13.8609
-15.1563
-16.4408
-17.713
-18.9721
-20.2171
-21.4469
-22.6601
-23.8565
-25.0346
-26.1937
-27.3332
-28.4519
-29.549
-30.6242
-31.6763
-32.7052
-33.71
-34.6902
-35.6453
-36.5745
-37.4778
-38.355
-39.2055
-40.029
-40.8252
-41.5945
-42.3366
-43.0509
-43.738
-44.398
-45.0307
-45.6365
-46.2153
-46.768
-47.294
-47.7944
-48.2693
-48.7191
-49.1445
-49.546
-49.9243
-50.2792
-50.61
41.2508
41.0936
40.8945
40.6534
40.3705
40.0458
39.6798
39.2727
38.8247
38.3363
37.8077
37.2395
36.6322
35.9864
35.3024
34.581
33.823
33.0289
32.1995
31.3356
30.4378
29.5074
28.5449
27.5512
26.5276
25.4747
24.3938
23.2858
22.1519
20.9932
19.8106
18.6053
17.3787
16.1319
14.866
13.5824
12.2821
10.9669
9.63747
8.29523
6.94176
5.5784
4.20617
2.82637
1.44093
0.0508229
-1.34286
-2.73865
-4.13498
-5.5309
-6.92439
-8.31493
-9.70102
-11.0813
-12.4544
-13.8191
-15.1742
-16.5187
-17.851
-19.1702
-20.4752
-21.7647
-23.0377
-24.2931
-25.5301
-26.7474
-27.9445
-29.1202
-30.2737
-31.4039
-32.5104
-33.5922
-34.6492
-35.6802
-36.6847
-37.6625
-38.6126
-39.5348
-40.4289
-41.2942
-42.1312
-42.9388
-43.7172
-44.4665
-45.1864
-45.877
-46.5387
-47.1709
-47.7745
-48.3494
-48.896
-49.4144
-49.9053
-50.3688
-50.8054
-51.2162
-51.6013
-51.9617
-52.297
-52.6065
42.2042
42.0414
41.8346
41.584
41.2896
40.9516
40.5703
40.1461
39.679
39.1696
38.6184
38.0258
37.3922
36.7183
36.0045
35.2518
34.4607
33.6318
32.7661
31.8644
30.9273
29.9561
28.9514
27.9143
26.8459
25.747
24.6188
23.4626
22.2791
21.0698
19.8358
18.5783
17.2984
15.9977
14.677
13.3384
11.9826
10.6107
9.22453
7.82548
6.4147
4.99336
3.56365
2.12655
0.683233
-0.76468
-2.21602
-3.66901
-5.12219
-6.57402
-8.02372
-9.46954
-10.9104
-12.3447
-13.7711
-15.1883
-16.5951
-17.9899
-19.3716
-20.7393
-22.0914
-23.4268
-24.7442
-26.0428
-27.3214
-28.5788
-29.8145
-31.0272
-32.2161
-33.3797
-34.518
-35.6298
-36.7149
-37.7722
-38.8008
-39.801
-40.7715
-41.7119
-42.6222
-43.502
-44.351
-45.1686
-45.9552
-46.7103
-47.4342
-48.1263
-48.7877
-49.4176
-50.0168
-50.5852
-51.123
-51.6309
-52.1094
-52.5585
-52.9789
-53.3713
-53.7364
-54.075
-54.3866
-54.6706
43.1341
42.9654
42.7506
42.49
42.1837
41.8318
41.4345
40.9924
40.5055
39.9745
39.3996
38.7814
38.1204
37.4174
36.6727
35.8873
35.0616
34.1967
33.2932
32.352
31.3742
30.3604
29.312
28.2296
27.1146
25.9676
24.7906
23.5838
22.3488
21.0872
19.7997
18.4878
17.1527
15.7958
14.4187
13.0226
11.6084
10.1782
8.73341
7.27485
5.80433
4.32367
2.83409
1.33701
-0.166227
-1.67418
-3.18462
-4.69643
-6.20856
-7.71922
-9.22688
-10.7302
-12.2276
-13.7178
-15.199
-16.6706
-18.1305
-19.5774
-21.0103
-22.4274
-23.8279
-25.2105
-26.5737
-27.9161
-29.2373
-30.536
-31.8108
-33.061
-34.2856
-35.4833
-36.6536
-37.7955
-38.9086
-39.9921
-41.0447
-42.0668
-43.0568
-44.0146
-44.9402
-45.8335
-46.6931
-47.5193
-48.3123
-49.0715
-49.7972
-50.4888
-51.1474
-51.7724
-52.3642
-52.9232
-53.4492
-53.9432
-54.4055
-54.8364
-55.2365
-55.6064
-55.9468
-56.2588
-56.5418
-56.7953
44.0351
43.86
43.6369
43.366
43.0472
42.6807
42.2669
41.8062
41.2987
40.7449
40.1455
39.5008
38.8113
38.0779
37.3009
36.4814
35.62
34.7175
33.7746
32.7926
31.7723
30.7144
29.6201
28.4909
27.3274
26.1305
24.9022
23.6432
22.3551
21.0388
19.6958
18.3273
16.9348
15.5199
14.0838
12.6276
11.1537
9.66291
8.15636
6.63628
5.10439
3.56204
2.00998
0.450586
-1.11466
-2.68412
-4.25614
-5.82968
-7.40266
-8.97376
-10.5413
-12.1038
-13.6597
-15.2077
-16.7458
-18.2731
-19.7878
-21.2884
-22.7736
-24.2419
-25.692
-27.1227
-28.5329
-29.9206
-31.285
-32.6256
-33.9403
-35.2284
-36.4891
-37.7209
-38.9231
-40.0952
-41.2359
-42.3448
-43.4212
-44.4639
-45.4728
-46.4469
-47.3867
-48.2914
-49.16
-49.9928
-50.7898
-51.5511
-52.2757
-52.964
-53.6168
-54.2335
-54.8144
-55.36
-55.8702
-56.346
-56.7876
-57.1954
-57.5699
-57.912
-58.2224
-58.5017
-58.7499
-58.9667
44.901
44.7194
44.4877
44.2058
43.874
43.4924
43.0614
42.5812
42.0522
41.4751
40.8499
40.1775
39.4585
38.6935
37.8829
37.028
36.1295
35.1877
34.2042
33.1797
32.115
31.0113
29.8696
28.6915
27.4773
26.2293
24.9476
23.6344
22.2906
20.9175
19.5168
18.0899
16.6378
15.1624
13.6649
12.1471
10.6104
9.05675
7.48712
5.90365
4.30752
2.70029
1.08449
-0.539258
-2.16855
-3.80241
-5.43831
-7.07519
-8.7112
-10.3448
-11.9742
-13.5979
-15.2142
-16.8215
-18.4183
-20.003
-21.574
-23.1298
-24.6685
-26.1893
-27.6904
-29.1704
-30.6278
-32.0614
-33.4703
-34.8528
-36.2079
-37.5342
-38.8309
-40.0967
-41.3306
-42.5321
-43.6999
-44.8335
-45.9322
-46.9944
-48.0205
-49.0095
-49.9613
-50.8751
-51.7505
-52.5871
-53.3852
-54.1448
-54.865
-55.5462
-56.189
-56.7929
-57.3584
-57.8857
-58.3751
-58.8268
-59.242
-59.6206
-59.9633
-60.2709
-60.5442
-60.7841
-60.9903
-61.1629
45.7255
45.5371
45.2963
45.0031
44.6578
44.2604
43.8114
43.3111
42.7599
42.158
41.5064
40.8053
40.0554
39.2575
38.4124
37.5206
36.5831
35.601
34.575
33.5061
32.3955
31.2442
30.0534
28.8244
27.5582
26.2563
24.9197
23.5499
22.1486
20.717
19.2565
17.7684
16.2545
14.7164
13.1556
11.5738
9.97252
8.35333
6.71839
5.06837
3.40599
1.73286
0.0502917
-1.63966
-3.33592
-5.03553
-6.73737
-8.43974
-10.1407
-11.8387
-13.5319
-15.2185
-16.8969
-18.5653
-20.2222
-21.8656
-23.4944
-25.1063
-26.7001
-28.2741
-29.8267
-31.3569
-32.8625
-34.3424
-35.7956
-37.22
-38.6152
-39.9797
-41.3119
-42.6109
-43.8758
-45.1053
-46.2988
-47.4555
-48.5744
-49.6545
-50.6951
-51.6963
-52.6569
-53.5768
-54.4552
-55.2922
-56.0875
-56.8407
-57.5518
-58.221
-58.8483
-59.4339
-59.9781
-60.4807
-60.9425
-61.3638
-61.7454
-62.0872
-62.3905
-62.6561
-62.8842
-63.0764
-63.2322
-63.3522
46.5016
46.3061
46.0558
45.751
45.3916
44.978
44.5103
43.9889
43.4144
42.7871
42.1079
41.3769
40.5952
39.7631
38.8817
37.9519
36.9743
35.9501
34.8799
33.7653
32.6073
31.4064
30.1649
28.8829
27.5628
26.2051
24.8113
23.3834
21.9225
20.4301
18.9072
17.3564
15.7788
14.1758
12.5493
10.9016
9.23312
7.54651
5.84337
4.12554
2.39518
0.653372
-1.09778
-2.85649
-4.62067
-6.38854
-8.15816
-9.92782
-11.6955
-13.4596
-15.218
-16.969
-18.7108
-20.4416
-22.1596
-23.8631
-25.5502
-27.2193
-28.8685
-30.4962
-32.1008
-33.6809
-35.2346
-36.7606
-38.2575
-39.7236
-41.1581
-42.5594
-43.9257
-45.2562
-46.5501
-47.8058
-49.0226
-50.1993
-51.3354
-52.43
-53.4819
-54.4909
-55.4561
-56.3774
-57.2541
-58.086
-58.8729
-59.6145
-60.3103
-60.9608
-61.5661
-62.1262
-62.6413
-63.112
-63.5383
-63.9209
-64.2607
-64.5575
-64.813
-65.0273
-65.2017
-65.337
-65.4337
-65.4928
47.2223
47.0194
46.7594
46.4423
46.0683
45.6375
45.1505
44.6075
44.0089
43.3554
42.6474
41.8857
41.0707
40.2035
39.2848
38.3152
37.2961
36.2285
35.1128
33.9508
32.7434
31.492
30.1974
28.8614
27.4849
26.0697
24.6173
23.1293
21.6064
20.0509
18.4649
16.8489
15.2054
13.5355
11.8419
10.1254
8.38893
6.63311
4.86049
3.07259
1.2714
-0.540511
-2.36183
-4.19053
-6.02455
-7.86194
-9.70072
-11.5388
-13.3745
-15.2056
-17.0303
-18.8466
-20.6526
-22.4462
-24.2259
-25.9895
-27.7352
-29.4612
-31.1656
-32.8464
-34.5025
-36.1317
-37.7323
-39.303
-40.8419
-42.348
-43.8195
-45.255
-46.6529
-48.0122
-49.3314
-50.6098
-51.846
-53.0389
-54.1878
-55.2918
-56.3501
-57.3613
-58.3257
-59.2422
-60.1107
-60.9308
-61.7022
-62.4244
-63.0974
-63.7216
-64.2966
-64.823
-65.3007
-65.7305
-66.1127
-66.4477
-66.7366
-66.9792
-67.1782
-67.3322
-67.4449
-67.5148
-67.5444
-67.5348
47.8807
47.67
47.3997
47.0701
46.681
46.2328
45.7258
45.1603
44.537
43.8562
43.1187
42.3251
41.476
40.5724
39.6153
38.6054
37.5434
36.4306
35.2685
34.0578
32.7997
31.4955
30.1471
28.7553
27.3214
25.8472
24.3345
22.7843
21.1989
19.5795
17.9272
16.2454
14.5342
12.7966
11.0339
9.24801
7.44104
5.61487
3.77144
1.91233
0.0401698
-1.84314
-3.7357
-5.63531
-7.53988
-9.44745
-11.3559
-13.263
-15.1667
-17.065
-18.9559
-20.8371
-22.7068
-24.5629
-26.4033
-28.2261
-30.0293
-31.8107
-33.5687
-35.3011
-37.0062
-38.6823
-40.3272
-41.9395
-43.5176
-45.06
-46.5646
-48.0304
-49.4556
-50.8388
-52.179
-53.4744
-54.7241
-55.9274
-57.083
-58.1898
-59.2475
-60.2541
-61.21
-62.1144
-62.9669
-63.7671
-64.5147
-65.2092
-65.8512
-66.4399
-66.9756
-67.4594
-67.891
-68.271
-68.6005
-68.8794
-69.1092
-69.2897
-69.4237
-69.5103
-69.5539
-69.5514
-69.5091
-69.4251
48.4704
48.2518
47.9712
47.6286
47.2241
46.7578
46.2303
45.6419
44.9932
44.2848
43.5171
42.6912
41.8074
40.8668
39.8702
38.8187
37.7132
36.5551
35.3453
34.0849
32.7753
31.4184
30.0147
28.5658
27.0739
25.5403
23.9663
22.3535
20.704
19.0195
17.3017
15.5523
13.7737
11.9672
10.1349
8.27944
6.40194
4.50489
2.59041
0.660457
-1.28273
-3.23713
-5.20036
-7.17042
-9.14502
-11.1219
-13.0989
-15.0738
-17.0444
-19.0084
-20.9638
-22.9082
-24.8395
-26.7556
-28.6543
-30.5336
-32.3911
-34.2248
-36.0328
-37.8129
-39.5631
-41.2816
-42.9662
-44.6156
-46.2275
-47.8007
-49.333
-50.8233
-52.2694
-53.6699
-55.024
-56.33
-57.5862
-58.7927
-59.947
-61.0486
-62.0976
-63.0916
-64.0311
-64.914
-65.742
-66.5141
-67.2291
-67.8866
-68.4895
-69.0344
-69.523
-69.9557
-70.334
-70.6562
-70.9258
-71.1417
-71.3062
-71.4191
-71.4834
-71.4986
-71.4688
-71.3916
-71.2742
-71.1151
48.9878
48.7612
48.4701
48.1143
47.6942
47.2099
46.6619
46.0506
45.3766
44.6402
43.8422
42.9834
42.065
41.0875
40.0514
38.9584
37.8094
36.6057
35.3483
34.0385
32.6776
31.2671
29.8085
28.3039
26.7538
25.1603
23.5258
21.851
20.138
18.3897
16.6064
14.7911
12.9453
11.0713
9.17098
7.24658
5.30022
3.33408
1.35022
-0.648975
-2.66122
-4.68443
-6.71616
-8.75406
-10.796
-12.8394
-14.8819
-16.9213
-18.9553
-20.9813
-22.9974
-25.0008
-26.9894
-28.9609
-30.9131
-32.8437
-34.7504
-36.631
-38.4832
-40.3051
-42.0942
-43.8488
-45.5667
-47.2459
-48.8846
-50.4817
-52.0345
-53.5411
-55.0008
-56.4105
-57.7708
-59.0783
-60.3329
-61.5341
-62.6789
-63.7673
-64.7996
-65.7719
-66.6871
-67.541
-68.3366
-69.0726
-69.748
-70.3613
-70.9178
-71.4126
-71.849
-72.2253
-72.5443
-72.8057
-73.0119
-73.1626
-73.2587
-73.3024
-73.2963
-73.2405
-73.1382
-72.9894
-72.799
-72.5687
49.4337
49.1993
48.8977
48.5293
48.094
47.5919
47.0239
46.3901
45.6911
44.9275
44.1004
43.2098
42.2572
41.2437
40.1697
39.0363
37.8447
36.5967
35.2934
33.9357
32.5248
31.0635
29.5516
27.9923
26.387
24.7362
23.043
21.3089
19.5359
17.7253
15.8798
14.0012
12.0917
10.1535
8.18862
6.19934
4.18796
2.15661
0.107874
-1.95616
-4.033
-6.12028
-8.21547
-10.3161
-12.4198
-14.5243
-16.6267
-18.7246
-20.8159
-22.8977
-24.9677
-27.0234
-29.0627
-31.0826
-33.081
-35.0557
-37.004
-38.9237
-40.8123
-42.668
-44.4881
-46.2706
-48.0133
-49.7149
-51.3727
-52.984
-54.5484
-56.0633
-57.528
-58.9392
-60.2973
-61.5994
-62.8442
-64.0319
-65.1597
-66.2285
-67.2362
-68.1802
-69.0654
-69.8845
-70.6432
-71.338
-71.9694
-72.5359
-73.0422
-73.4858
-73.868
-74.1868
-74.4463
-74.6492
-74.7919
-74.8808
-74.9124
-74.8913
-74.819
-74.6991
-74.5311
-74.3171
-74.0633
-73.7694
49.8175
49.5756
49.2644
48.8842
48.4344
47.9158
47.3292
46.6744
45.9526
45.1635
44.3086
43.389
42.405
41.3575
40.2487
39.0776
37.8471
36.558
35.2116
33.81
32.3535
30.8449
29.2849
27.6748
26.0186
24.3155
22.5688
20.7804
18.9519
17.0857
15.1836
13.2481
11.2811
9.28508
7.26219
5.21476
3.14519
1.05599
-1.05059
-3.17202
-5.30557
-7.44911
-9.5998
-11.7551
-13.9125
-16.0694
-18.2233
-20.371
-22.5109
-24.6395
-26.7547
-28.8537
-30.9344
-32.9935
-35.0292
-37.0386
-39.0195
-40.9692
-42.8854
-44.7657
-46.6078
-48.4096
-50.169
-51.8833
-53.551
-55.17
-56.7385
-58.2546
-59.7168
-61.1229
-62.4718
-63.7624
-64.9928
-66.1619
-67.2685
-68.3143
-69.2931
-70.2087
-71.0606
-71.8439
-72.5647
-73.2185
-73.8071
-74.3299
-74.7883
-75.1854
-75.5155
-75.7839
-75.9913
-76.1397
-76.2286
-76.2636
-76.2402
-76.165
-76.0367
-75.8632
-75.644
-75.3754
-75.0714
-74.728
50.1579
49.9097
49.5903
49.1995
48.7375
48.2045
47.6019
46.9287
46.1872
45.3762
44.4976
43.5529
42.5408
41.4652
40.3259
39.1218
37.8588
36.5347
35.1518
33.7112
32.2165
30.6673
29.0652
27.4132
25.7133
23.966
22.1743
20.3399
18.465
16.5516
14.6021
12.6186
10.6037
8.55931
6.48807
4.39262
2.2751
0.138043
-2.01559
-4.18401
-6.36412
-8.55302
-10.7483
-12.9479
-15.148
-17.3465
-19.5409
-21.7281
-23.9055
-26.0705
-28.2204
-30.3525
-32.4641
-34.5526
-36.6157
-38.6503
-40.654
-42.6251
-44.5598
-46.4563
-48.313
-50.1268
-51.8946
-53.6157
-55.2876
-56.9082
-58.4758
-59.9889
-61.4447
-62.8424
-64.1804
-65.4574
-66.6718
-67.8226
-68.9087
-69.9314
-70.8851
-71.7739
-72.597
-73.3513
-74.0371
-74.6583
-75.2118
-75.6993
-76.1168
-76.4779
-76.7675
-76.9949
-77.1647
-77.2697
-77.3188
-77.3138
-77.2482
-77.1349
-76.966
-76.7536
-76.4967
-76.1931
-75.8508
-75.4738
50.4796
50.2262
49.9007
49.5018
49.0303
48.4869
47.8714
47.1843
46.4277
45.6006
44.7036
43.7393
42.7064
41.6096
40.4458
39.2175
37.9285
36.5785
35.1673
33.6983
32.1738
30.594
28.9607
27.2768
25.5435
23.7629
21.9373
20.0682
18.1587
16.2099
14.2251
12.2056
10.1551
8.07492
5.96804
3.83704
1.68418
-0.487973
-2.67642
-4.87911
-7.09254
-9.315
-11.5424
-13.7735
-16.0048
-18.2329
-20.4561
-22.6713
-24.8752
-27.066
-29.2396
-31.3949
-33.5278
-35.6367
-37.7183
-39.7696
-41.7893
-43.7744
-45.721
-47.6287
-49.4932
-51.3139
-53.0873
-54.8121
-56.4859
-58.1066
-59.6725
-61.1822
-62.6328
-64.0244
-65.3538
-66.621
-67.8235
-68.962
-70.0339
-71.0399
-71.9783
-72.848
-73.6514
-74.3865
-75.0504
-75.6497
-76.1819
-76.6449
-77.039
-77.3743
-77.6433
-77.843
-77.9891
-78.0701
-78.0953
-78.0642
-77.9747
-77.8381
-77.6483
-77.4118
-77.1315
-76.8099
-76.4443
-76.0482
50.8617
50.6057
50.2761
49.8725
49.3953
48.8452
48.2212
47.5264
46.7588
45.922
45.0135
44.035
42.9909
41.8792
40.7001
39.4569
38.1509
36.7836
35.3544
33.8671
32.3231
30.7233
29.0699
27.3652
25.6104
23.8082
21.9606
20.069
18.1367
16.165
14.1572
12.1142
10.0404
7.93691
5.80629
3.65178
1.47574
-0.719088
-2.93112
-5.15657
-7.392
-9.63709
-11.886
-14.1386
-16.3907
-18.6393
-20.8826
-23.1172
-25.3397
-27.5489
-29.7396
-31.9119
-34.0608
-36.1852
-38.2817
-40.3465
-42.3782
-44.3743
-46.3313
-48.2493
-50.1226
-51.9514
-53.7329
-55.4637
-57.1429
-58.7684
-60.3387
-61.8513
-63.3038
-64.697
-66.0268
-67.294
-68.4955
-69.6325
-70.702
-71.7045
-72.6394
-73.5054
-74.3034
-75.0329
-75.6927
-76.2845
-76.8108
-77.2659
-77.655
-77.9799
-78.2425
-78.4366
-78.5694
-78.6464
-78.6642
-78.6208
-78.5262
-78.3778
-78.1831
-77.937
-77.6476
-77.3165
-76.9435
-76.537
51.4508
51.1938
50.8623
50.4563
49.9761
49.4222
48.7941
48.0946
47.3212
46.4781
45.5633
44.5773
43.5259
42.4047
41.2169
39.9642
38.6478
37.2696
35.8296
34.3306
32.7739
31.1619
29.4952
27.7768
26.0086
24.1918
22.3288
20.4228
18.475
16.4875
14.4637
12.4041
10.3136
8.19304
6.04566
3.8738
1.68002
-0.532004
-2.76197
-5.00546
-7.25873
-9.52209
-11.7895
-14.0603
-16.3302
-18.5973
-20.8586
-23.1114
-25.3523
-27.5793
-29.7882
-31.978
-34.1447
-36.286
-38.399
-40.4818
-42.5314
-44.5464
-46.5218
-48.4575
-50.3475
-52.1929
-53.991
-55.7372
-57.4323
-59.0733
-60.6584
-62.186
-63.653
-65.0602
-66.404
-67.6845
-68.8995
-70.0481
-71.1308
-72.1454
-73.0912
-73.9684
-74.7772
-75.5161
-76.1865
-76.7877
-77.321
-77.7849
-78.1822
-78.5137
-78.7808
-78.9835
-79.1186
-79.2008
-79.2212
-79.1806
-79.0898
-78.941
-78.7465
-78.501
-78.2101
-77.8761
-77.5012
-77.0884
-0.217195
-0.147919
-0.0876405
-0.0553873
-0.0323275
-0.0140259
-0.00984347
-0.0178074
-0.0118389
-0.00497098
-0.00384029
0.00159562
0.00022843
-0.000618572
-0.00243213
-0.00618271
-0.0022583
-0.00173422
0.000279125
0.00213165
-0.00350343
-0.00171473
-0.00104147
-0.00282584
0.00169424
-0.00172031
-0.00329571
0.00151176
-0.00216664
-0.00263737
-8.30887e-05
-0.00189278
0.000123886
-0.00108536
-0.00335552
0.000709504
-0.000704535
-0.00245004
0.000755904
-0.00138018
-0.00262488
-0.0006415
-0.00211996
-0.00213222
-0.00086356
-0.00140357
-0.000657534
-0.000168236
-0.000501171
-0.000272056
-0.00118749
-0.00275972
-0.00310575
-0.0027944
-0.00270805
-0.00308026
-0.00194066
0.00173599
0.0039473
0.00290935
0.00138334
0.000279828
-0.00148878
-0.00345663
-0.00521765
-0.00661086
-0.00730414
-0.00693015
-0.0058987
-0.00438856
-0.00273732
-0.00142026
3.0155e-05
0.00133481
0.00200418
0.00233812
0.00297258
0.0035581
0.00345706
0.00309938
0.00272826
0.00273058
0.00212512
0.00182456
0.00145699
0.00225943
0.00260379
0.00426577
0.00545526
0.0087023
0.0114958
0.016556
0.0224127
0.0280118
0.0397693
0.0467396
0.0580308
0.106315
0.0678346
0.0193533
-0.0560111
-0.0463831
-0.0418263
-0.0369507
-0.0513637
-0.0428195
-0.0253716
-0.0172149
-0.00254382
-0.00820487
-0.0191094
-0.0157109
-0.010978
-0.000641004
-1.58104e-05
-0.004056
-0.00337331
-0.0121666
-0.00914229
-0.0019528
-0.00282583
0.00253711
-0.00444115
-0.00980103
-0.000400921
-0.00323824
-0.00547678
-0.00228396
-0.00388383
-0.000981451
-0.0048238
-0.00803045
4.81407e-05
-0.00324941
-0.00743836
-0.00204252
-0.00403407
-0.00502331
-0.00271781
-0.00527816
-0.0037611
-0.00259863
-0.00496145
-0.00311208
-0.00304628
-0.00577417
-0.00570053
-0.00574802
-0.00595827
-0.00492757
-0.00349872
-0.00218556
-0.00282646
-0.00344269
-0.00241934
-0.004496
-0.00967506
-0.0106197
-0.00688181
-0.00397861
-0.00418494
-0.00474346
-0.00365235
-0.00207357
-0.0023299
-0.00372199
-0.00452779
-0.0051596
-0.0065083
-0.00809085
-0.00816646
-0.00800168
-0.00795052
-0.0071088
-0.00539454
-0.00391402
-0.0029346
-0.00120001
0.000490583
0.00197047
0.00256934
0.0033655
0.00446661
0.00461626
0.0049423
0.00436203
0.00565219
0.00550735
0.00719089
0.00814013
0.0100993
0.0135202
0.0158584
0.0226283
0.0262428
0.0356257
0.0363315
0.0783288
0.0267367
-0.0433548
-0.0786103
-0.0755147
-0.0615488
-0.039598
-0.026336
-0.00645794
-0.0185823
-0.0429762
-0.0385559
-0.0243288
0.000495322
0.00996745
-0.00940362
-0.0219922
-0.0237185
-0.0122554
0.00102826
0.000591881
-0.00371015
-0.0142323
-0.0157594
-0.00306856
-0.00258961
-0.00470567
-0.00510583
-0.00709204
-0.00406586
-0.00907562
-0.00954424
-0.000355884
-0.00471377
-0.00893604
-0.0061272
-0.00698034
-0.0048411
-0.00677637
-0.00952812
-0.00478111
-0.00715612
-0.00967662
-0.00505047
-0.00648816
-0.00777989
-0.00547829
-0.00694743
-0.00728661
-0.00659042
-0.00798561
-0.00822328
-0.00901581
-0.0102366
-0.00901104
-0.0080438
-0.00791835
-0.00635601
-0.00359224
-0.00296775
-0.00619474
-0.00872389
-0.00666625
-0.00610606
-0.0104053
-0.0138598
-0.0130606
-0.0118726
-0.0126004
-0.0127384
-0.0107636
-0.00844835
-0.00854805
-0.00875387
-0.00745066
-0.0059713
-0.00608415
-0.00550161
-0.00435879
-0.00364514
-0.00382554
-0.00302141
-0.00125479
0.000475329
0.00147965
0.00339088
0.00580747
0.00849068
0.00942934
0.011883
0.0121621
0.0153304
0.0141562
0.0166428
0.0132621
0.0107319
0.00642807
-0.00756081
-0.00852538
-0.0420088
-0.0681004
-0.0739967
-0.099457
-0.0358519
-0.031716
-0.0253189
-0.0417352
-0.0613513
-0.0497888
-0.0307404
-0.000465244
0.0114196
-0.0221613
-0.041447
-0.0386351
-0.0181874
0.0111704
0.0101047
-0.0119011
-0.030544
-0.0262706
-0.00326134
0.00283107
-0.00278914
-0.0110648
-0.0162312
-0.00896332
-0.00846551
-0.00833808
-0.0023062
-0.00768244
-0.0114575
-0.00971088
-0.00903874
-0.00523323
-0.00865535
-0.0118145
-0.00733598
-0.00937074
-0.0108784
-0.00802107
-0.00909291
-0.00891265
-0.00903621
-0.01096
-0.00950113
-0.00916285
-0.0103215
-0.010208
-0.0111731
-0.0122281
-0.0119888
-0.0105822
-0.00932328
-0.0103279
-0.0106145
-0.00942106
-0.0109382
-0.0133393
-0.0128452
-0.0119777
-0.0126612
-0.0120527
-0.00854163
-0.00516097
-0.00556673
-0.00854333
-0.00956514
-0.00936843
-0.0117372
-0.0153964
-0.0160361
-0.0147696
-0.0155037
-0.0168522
-0.0156872
-0.013297
-0.0119991
-0.0109721
-0.00869815
-0.0063748
-0.00499326
-0.00386864
-0.00195479
0.000171943
0.000830163
0.00320214
0.00552464
0.0103949
0.0130865
0.0191055
0.0234557
0.0305813
0.038987
0.046366
0.0605433
0.0645833
0.0832939
0.0826262
0.0889369
0.0958816
0.170398
0.0642277
-0.0555628
-0.065328
-0.0472699
-0.018445
-4.28427e-05
-0.00317751
-0.0409704
-0.0522972
-0.0437704
-0.0233458
0.0127587
0.0129459
-0.0202729
-0.0427378
-0.0373599
-0.00575008
0.0113587
0.00303909
-0.0182057
-0.0313489
-0.0172472
-0.00541706
-0.0024998
-0.00316372
-0.0157913
-0.0178539
-0.0119862
-0.00978816
-0.0054452
-0.0098259
-0.0137409
-0.0107403
-0.0132006
-0.0109855
-0.00850747
-0.0129093
-0.0117822
-0.0124555
-0.0151429
-0.0112252
-0.0113155
-0.0130396
-0.0109646
-0.0126287
-0.0142588
-0.0133281
-0.0138385
-0.0133225
-0.012896
-0.0154658
-0.0170565
-0.0161846
-0.0152647
-0.0147035
-0.012882
-0.0104556
-0.0105006
-0.0125588
-0.0148231
-0.0178316
-0.0204909
-0.0199492
-0.0176061
-0.0172834
-0.0177517
-0.0157041
-0.0119157
-0.0111923
-0.0134226
-0.0137402
-0.0118348
-0.0122933
-0.0150295
-0.0151158
-0.01373
-0.0127112
-0.0130581
-0.0110749
-0.00891466
-0.00700634
-0.00597063
-0.00341397
-0.00108825
0.000452106
0.00218079
0.00489089
0.00777563
0.012262
0.0162492
0.0235775
0.0292138
0.0404254
0.0553063
0.0707507
0.11361
0.123493
0.186018
0.244413
0.411233
0.120939
0.00360413
-0.00882531
-0.0230168
-0.0559468
-0.0607428
-0.032785
-0.0116537
0.00859257
-0.00137499
-0.0341938
-0.0462488
-0.0398748
-0.00962621
0.0128777
0.00550007
-0.020067
-0.0401086
-0.0296141
-0.00512853
0.00705738
-0.00145443
-0.0240552
-0.0282664
-0.015938
-0.00615161
-0.00283031
-0.0129001
-0.0184528
-0.0155027
-0.015681
-0.0106012
-0.00947643
-0.0146158
-0.0148248
-0.0163935
-0.0151254
-0.0118404
-0.0149251
-0.0148984
-0.0141198
-0.0170728
-0.0155592
-0.0149321
-0.0171612
-0.0156154
-0.0145267
-0.0158595
-0.016889
-0.0171322
-0.0165422
-0.0168387
-0.017425
-0.017123
-0.0175806
-0.0194691
-0.020152
-0.0192526
-0.0177898
-0.0170946
-0.0158839
-0.0138196
-0.013202
-0.0141099
-0.0142006
-0.0146765
-0.0182304
-0.0207405
-0.0198597
-0.0189994
-0.0213748
-0.0221092
-0.0194716
-0.0174578
-0.0183031
-0.0187332
-0.0164345
-0.0147199
-0.0148283
-0.0147193
-0.0127008
-0.0102776
-0.0088123
-0.00563964
-0.00351893
0.00080249
0.00192224
0.00654289
0.00654267
0.0113657
0.0127452
0.0164386
0.0190252
0.0148117
0.0201239
0.0106181
0.00163657
0.0324788
-0.0374715
0.0816842
-0.127416
-0.0605832
-0.0476865
-0.00859626
-0.000961695
-0.00436074
-0.0204992
-0.0513646
-0.0478538
-0.0260812
-0.00263009
0.00771869
-0.00644486
-0.0240776
-0.0403387
-0.034487
-0.0077498
0.00754697
0.00186484
-0.0240222
-0.0360564
-0.0241194
-0.00628588
0.00259592
-0.0112379
-0.0256153
-0.0237491
-0.0163638
-0.00824895
-0.00957865
-0.0167269
-0.0190727
-0.0203218
-0.0152088
-0.0111562
-0.0165353
-0.018118
-0.0184923
-0.0202125
-0.0171776
-0.0174465
-0.0184933
-0.0166404
-0.0186225
-0.0193125
-0.0176496
-0.0196149
-0.0204752
-0.0194086
-0.0207759
-0.0220252
-0.0216021
-0.0212258
-0.0219007
-0.0217433
-0.0198261
-0.0186153
-0.0195439
-0.0201357
-0.0204156
-0.0227737
-0.0259277
-0.0265004
-0.0247963
-0.0234108
-0.0215635
-0.0188775
-0.0177954
-0.0183968
-0.0172419
-0.0159782
-0.0182684
-0.0212631
-0.0204102
-0.0187289
-0.0199612
-0.0217601
-0.0199883
-0.0177002
-0.0172289
-0.0173917
-0.01553
-0.0131318
-0.0117683
-0.0100445
-0.00797737
-0.00448412
-0.000436717
0.00323546
0.00704877
0.0102237
0.0161164
0.0219864
0.029824
0.0396482
0.0380526
0.0386705
0.0566228
-0.0346936
0.0547347
-0.00629685
-0.00951016
-0.0299442
-0.039599
-0.0550229
-0.0344394
-0.00517529
0.00175539
0.000808936
-0.020866
-0.035136
-0.0380675
-0.0274852
-0.00407703
0.00143807
-0.00580778
-0.0223095
-0.0350739
-0.0272192
-0.0110059
0.00144059
-0.00683739
-0.0248472
-0.0301313
-0.0244156
-0.00820474
-0.00427284
-0.0169707
-0.0250327
-0.0252173
-0.0164683
-0.0108458
-0.0156303
-0.020179
-0.0235067
-0.0216962
-0.0172799
-0.0190486
-0.0194574
-0.0199015
-0.0231244
-0.0212224
-0.0206639
-0.0226281
-0.0215117
-0.0221983
-0.0231802
-0.0222138
-0.0228665
-0.02297
-0.0222991
-0.0229477
-0.0239853
-0.0247385
-0.0251184
-0.0259406
-0.0272362
-0.0268148
-0.0255647
-0.0246581
-0.0226809
-0.0211106
-0.0224206
-0.0235203
-0.0231696
-0.0243947
-0.0268805
-0.0273696
-0.0266717
-0.0269039
-0.026013
-0.023871
-0.0230654
-0.0247255
-0.0239833
-0.0216238
-0.0211524
-0.0232243
-0.0224461
-0.0196376
-0.0183499
-0.0191076
-0.0180242
-0.0158456
-0.0138107
-0.0132706
-0.0115832
-0.0100745
-0.0055875
-0.00250435
0.00232415
0.00528223
0.00964001
0.0182218
0.0224378
0.0427743
0.0665585
0.0727641
0.111515
0.189559
0.228296
-0.0209173
-0.00185846
0.0110004
-0.00405334
-0.0177444
-0.0358786
-0.0391846
-0.0255356
-0.0145937
0.000925595
-0.00185151
-0.0164025
-0.028708
-0.0337111
-0.0212125
-0.0113628
-0.00540382
-0.00789101
-0.0215345
-0.0290197
-0.027177
-0.0141887
-0.00534549
-0.0122023
-0.0236297
-0.0311343
-0.0230195
-0.010412
-0.0124797
-0.0205293
-0.0272996
-0.0255291
-0.017464
-0.0171171
-0.0207324
-0.0237775
-0.0258298
-0.0239558
-0.0228123
-0.0229368
-0.0231615
-0.0252937
-0.0252967
-0.0241365
-0.0250527
-0.0255277
-0.025638
-0.026658
-0.0271638
-0.0270758
-0.0274636
-0.0279121
-0.0280586
-0.0281226
-0.0279934
-0.0273736
-0.0273374
-0.0276562
-0.0282456
-0.0302307
-0.031365
-0.0307904
-0.0306456
-0.0309984
-0.0282234
-0.025004
-0.0247631
-0.025273
-0.0244436
-0.0245472
-0.0259838
-0.0253239
-0.0250677
-0.0268298
-0.0279013
-0.0254655
-0.0242323
-0.026185
-0.0269251
-0.0250405
-0.0234812
-0.0245118
-0.0230715
-0.0215302
-0.0189137
-0.0185147
-0.0180269
-0.0177207
-0.0176559
-0.0150166
-0.017096
-0.0128738
-0.0200549
-0.0209287
-0.0328459
-0.042476
-0.0780412
-0.0780682
-0.131589
-0.0666104
-0.0313302
-0.0373764
-0.0339682
-0.0248402
-0.0028229
-0.000419018
-0.00137176
-0.0110947
-0.0291597
-0.0311664
-0.0270523
-0.0149223
-0.00666104
-0.00753762
-0.0139873
-0.0240492
-0.025291
-0.0244136
-0.0170308
-0.00882698
-0.013197
-0.0210285
-0.0288662
-0.0264959
-0.0172324
-0.013303
-0.0158876
-0.0273808
-0.0311624
-0.0217944
-0.0164198
-0.0177628
-0.0256421
-0.0306059
-0.0250572
-0.0231092
-0.0237379
-0.023811
-0.028311
-0.0288168
-0.0266531
-0.0272194
-0.0264889
-0.0279094
-0.030364
-0.0288533
-0.0283277
-0.0291263
-0.0293169
-0.0300508
-0.0312417
-0.0317426
-0.0312165
-0.0307869
-0.0321165
-0.0328486
-0.0329078
-0.0341082
-0.0337113
-0.0310936
-0.029543
-0.0302926
-0.0309299
-0.0318748
-0.0344551
-0.0360738
-0.0352471
-0.0348997
-0.0356843
-0.0340924
-0.0312875
-0.0306523
-0.0301198
-0.0288261
-0.0287323
-0.0301693
-0.028576
-0.0266642
-0.0273811
-0.0287278
-0.0273754
-0.0264678
-0.02708
-0.0272221
-0.0265304
-0.0258659
-0.0248728
-0.0250095
-0.0255052
-0.0268573
-0.0284178
-0.0304439
-0.0363905
-0.0331781
-0.0426758
-0.0546836
-0.0820825
-0.0668874
-0.231446
-0.20074
0.0142148
0.00974183
-0.0023159
-0.0160851
-0.023751
-0.0333579
-0.0217902
-0.0113645
-0.00611675
-0.00283733
-0.0132771
-0.0204263
-0.0251684
-0.0244848
-0.0191207
-0.0145233
-0.0111066
-0.0158591
-0.0215891
-0.0260811
-0.0249867
-0.0187583
-0.0170879
-0.0166123
-0.0221963
-0.0293958
-0.0283807
-0.0219269
-0.0157064
-0.0219173
-0.0311759
-0.0304864
-0.0257071
-0.0211948
-0.0239319
-0.0301046
-0.0303699
-0.0302755
-0.0285383
-0.0265231
-0.0302629
-0.0320016
-0.0314266
-0.0316464
-0.0298773
-0.0307312
-0.0342963
-0.0346618
-0.0337361
-0.0339077
-0.0334139
-0.0324014
-0.0338671
-0.0360006
-0.0357723
-0.0360852
-0.0367489
-0.0354578
-0.0350205
-0.0374924
-0.039049
-0.0382863
-0.0385721
-0.038358
-0.0360864
-0.0346027
-0.0348526
-0.0332762
-0.0325202
-0.0346308
-0.0355265
-0.0340587
-0.0337998
-0.0345697
-0.0337539
-0.0335965
-0.0348275
-0.0341198
-0.0316149
-0.031235
-0.0320486
-0.0309484
-0.0306118
-0.0299518
-0.0304917
-0.0301287
-0.0307851
-0.0299737
-0.0298413
-0.0311319
-0.0281162
-0.0332298
-0.0273955
-0.0357108
-0.0351261
-0.0370777
-0.0397287
-0.0110183
-0.0284604
-0.0131577
-0.0305151
-0.0192794
-0.0132075
-0.00178059
0.0043878
-0.00331516
-0.0105428
-0.0234306
-0.0245584
-0.0220083
-0.0192654
-0.0114023
-0.0109115
-0.0115057
-0.0180463
-0.0233817
-0.0228782
-0.0228869
-0.018634
-0.0171413
-0.0185433
-0.0223077
-0.0262328
-0.0257283
-0.0256252
-0.0216781
-0.0194531
-0.0265742
-0.0321497
-0.030359
-0.0238567
-0.0221604
-0.0283635
-0.0327991
-0.0332307
-0.0298803
-0.0270545
-0.0301843
-0.0334736
-0.0345108
-0.0341259
-0.0321289
-0.0326612
-0.0350651
-0.0363015
-0.0370384
-0.0355082
-0.0336727
-0.0353615
-0.0372122
-0.0383401
-0.0402852
-0.0398754
-0.0388195
-0.0391271
-0.0389404
-0.0386196
-0.0404391
-0.0417185
-0.0403413
-0.0395906
-0.0398204
-0.0384719
-0.0387993
-0.0421597
-0.0433227
-0.0431247
-0.0442741
-0.0440004
-0.0416121
-0.0413891
-0.0417039
-0.0396168
-0.0374128
-0.03768
-0.0377826
-0.0369204
-0.0372285
-0.0370497
-0.0363099
-0.0362904
-0.0368438
-0.0366294
-0.0359503
-0.0355969
-0.0345015
-0.036386
-0.0361318
-0.0384067
-0.0397072
-0.0459131
-0.0487281
-0.0524017
-0.0645504
-0.0685205
-0.0823969
-0.0848726
-0.114249
-0.118677
-0.0703982
-0.000934395
-0.0046889
-0.0178117
-0.0231112
-0.0221194
-0.0169909
-0.00790586
-0.00596085
-0.0048054
-0.0107871
-0.0158842
-0.0204566
-0.0239196
-0.0205075
-0.0185825
-0.0155551
-0.0174175
-0.0194814
-0.020559
-0.0257235
-0.0249046
-0.0230011
-0.022471
-0.023556
-0.0252781
-0.0259961
-0.0310114
-0.0292046
-0.0240679
-0.0264541
-0.0302818
-0.0343664
-0.0332867
-0.0286317
-0.0293622
-0.0321699
-0.0363086
-0.0371676
-0.0333753
-0.0342171
-0.0357424
-0.0369012
-0.0396969
-0.037682
-0.0357018
-0.0373898
-0.0396227
-0.0422899
-0.0428762
-0.041661
-0.040515
-0.040025
-0.0410293
-0.041645
-0.0419382
-0.0437953
-0.0455039
-0.044919
-0.0444735
-0.0455131
-0.0452487
-0.0454417
-0.0475208
-0.0470961
-0.0451008
-0.0455982
-0.045426
-0.0438276
-0.0440974
-0.0451871
-0.0442576
-0.044177
-0.0454264
-0.0452755
-0.0433004
-0.0431746
-0.043661
-0.0431931
-0.0426274
-0.041827
-0.0404952
-0.0400613
-0.0400844
-0.0411033
-0.0406828
-0.0401432
-0.0388044
-0.040377
-0.0386472
-0.0386139
-0.040396
-0.041852
-0.0531372
-0.060494
-0.0745261
-0.104767
-0.129176
-0.210194
-0.238799
-0.224708
-0.00193278
0.0046428
0.00343203
0.00488376
-0.00450621
-0.0124123
-0.0163131
-0.0211671
-0.0194563
-0.017282
-0.0119064
-0.011292
-0.0137318
-0.0157956
-0.0197096
-0.0221577
-0.0240285
-0.021946
-0.0218064
-0.0220576
-0.0215654
-0.025406
-0.0271629
-0.0270646
-0.0274041
-0.0284461
-0.0274336
-0.0272011
-0.0327157
-0.0337234
-0.0318066
-0.0315119
-0.0304648
-0.0344804
-0.0379708
-0.0368335
-0.0351292
-0.0345701
-0.0381474
-0.0404975
-0.0398033
-0.0397413
-0.0385497
-0.0399804
-0.0444768
-0.0448193
-0.0425784
-0.0420052
-0.0419388
-0.0425461
-0.0454973
-0.0474183
-0.0471032
-0.047412
-0.0485036
-0.0478064
-0.0465191
-0.0473709
-0.0477789
-0.0475922
-0.0495841
-0.0499094
-0.0483085
-0.0488288
-0.0495223
-0.0490785
-0.0505543
-0.0524998
-0.0518156
-0.0507704
-0.0513491
-0.0511798
-0.0497747
-0.0497799
-0.0497506
-0.0479705
-0.0471771
-0.0477713
-0.0479181
-0.0471608
-0.0464368
-0.0448774
-0.0438688
-0.043486
-0.0446468
-0.0446433
-0.0431709
-0.0432624
-0.0434203
-0.0422527
-0.0350965
-0.0325893
-0.0220385
-0.00665421
0.00267534
0.0112628
0.0210761
0.00882953
0.0264782
-0.0182839
-0.0139616
-0.0160477
-0.0165311
-0.0119431
-0.0099674
-0.00297991
-0.00296106
-0.00505862
-0.00871317
-0.0160767
-0.018272
-0.0210868
-0.0204111
-0.0201797
-0.0194044
-0.0176322
-0.0196056
-0.0212529
-0.0244087
-0.0251695
-0.0261559
-0.0271747
-0.0251387
-0.027522
-0.0294673
-0.0291795
-0.0315703
-0.0333194
-0.03228
-0.0316387
-0.0335251
-0.03527
-0.0370067
-0.0381904
-0.0358915
-0.0362302
-0.0405202
-0.0417546
-0.0412656
-0.0407904
-0.0406996
-0.0431609
-0.0458683
-0.0462191
-0.0439606
-0.0427117
-0.0456627
-0.0483489
-0.0493683
-0.050726
-0.0498483
-0.0485101
-0.0491397
-0.049895
-0.0494942
-0.0505288
-0.0521528
-0.0525714
-0.0543876
-0.0554322
-0.0537604
-0.053593
-0.0547466
-0.0544123
-0.0548971
-0.0559521
-0.0553057
-0.0544989
-0.0557316
-0.0558875
-0.0546343
-0.0547519
-0.0557593
-0.0549261
-0.0548323
-0.0551922
-0.0540775
-0.05299
-0.0531188
-0.0532395
-0.0531079
-0.0526348
-0.0514342
-0.0492859
-0.048406
-0.0482936
-0.048096
-0.0455415
-0.04779
-0.0487511
-0.0528292
-0.0554044
-0.0560791
-0.0570707
-0.0534121
-0.0290699
-0.00219015
0.0521409
0.102671
0.0788266
0.0121213
0.00563772
0.000251815
-0.00521825
-0.0123171
-0.0157381
-0.0183481
-0.014853
-0.0126759
-0.0115003
-0.0115928
-0.0133027
-0.0147319
-0.0194782
-0.0209693
-0.0232812
-0.0244479
-0.0238271
-0.0245883
-0.0243142
-0.0262221
-0.0265884
-0.0291207
-0.0312441
-0.0298171
-0.0322976
-0.0324428
-0.0325786
-0.0351052
-0.0354558
-0.0369951
-0.0378322
-0.0381503
-0.0383446
-0.0398184
-0.0433939
-0.0422156
-0.0414302
-0.0437093
-0.044482
-0.0471373
-0.0478015
-0.0453794
-0.0459709
-0.0486862
-0.0514747
-0.0517974
-0.0506291
-0.0506475
-0.0509284
-0.0515804
-0.053263
-0.0546723
-0.0557308
-0.0568765
-0.0567183
-0.0568852
-0.057251
-0.0556525
-0.0553766
-0.0572648
-0.0582646
-0.0589639
-0.0602717
-0.0594899
-0.058132
-0.0590082
-0.0602632
-0.0598625
-0.0607179
-0.0619483
-0.0610346
-0.0603204
-0.061108
-0.0609532
-0.0603465
-0.0599661
-0.0590201
-0.0584307
-0.0586725
-0.0580322
-0.057337
-0.0560946
-0.0556978
-0.0535514
-0.0526936
-0.0510414
-0.0487701
-0.0437674
-0.0409443
-0.041208
-0.0368572
-0.0440706
-0.0529694
-0.0680127
-0.08624
-0.120971
-0.167398
-0.165508
-0.164565
-0.00459224
-0.00566853
-0.00295256
0.000652206
0.000771314
-0.000289241
-0.00628381
-0.0111139
-0.0155583
-0.017771
-0.0198049
-0.0203777
-0.019443
-0.0187532
-0.0184406
-0.0205075
-0.0216772
-0.0240766
-0.026213
-0.0273669
-0.0285393
-0.0294362
-0.0304638
-0.0304689
-0.0328938
-0.0336167
-0.0341081
-0.0367281
-0.0360445
-0.0378659
-0.0398136
-0.039253
-0.0408419
-0.0423811
-0.043532
-0.0431475
-0.0439171
-0.0468869
-0.0477273
-0.0485553
-0.048317
-0.0477076
-0.0509313
-0.0533178
-0.052643
-0.0522462
-0.0527645
-0.0540961
-0.0560591
-0.0566959
-0.0574441
-0.0587912
-0.0592126
-0.0582677
-0.0578783
-0.0593189
-0.0599063
-0.0604492
-0.0628836
-0.0642101
-0.0639526
-0.0641713
-0.0635721
-0.0625615
-0.0638161
-0.0654331
-0.0650042
-0.065074
-0.0661404
-0.0656809
-0.065081
-0.0660075
-0.0659357
-0.0653562
-0.0656796
-0.0659535
-0.0659651
-0.0654357
-0.0644851
-0.0634929
-0.0638381
-0.063754
-0.063067
-0.0613808
-0.0604836
-0.0594465
-0.0583373
-0.0576257
-0.0528923
-0.0480201
-0.0356834
-0.0262841
-0.00810129
0.0116836
0.0362708
0.0569709
0.0674282
0.084365
0.126005
0.026128
-0.000281946
-0.00588673
-0.00674746
-0.0129442
-0.0138745
-0.0113346
-0.00991218
-0.00831391
-0.00906902
-0.00932123
-0.0129521
-0.0154299
-0.0185646
-0.0219436
-0.023434
-0.0250585
-0.0252203
-0.0263181
-0.0263341
-0.0271784
-0.0293669
-0.0299278
-0.0317634
-0.0338224
-0.0342567
-0.0356301
-0.0370768
-0.03701
-0.0390603
-0.0408837
-0.0403915
-0.0425155
-0.0444804
-0.0440794
-0.0453144
-0.047142
-0.0484454
-0.0494356
-0.0492855
-0.0499235
-0.052059
-0.0542083
-0.0549191
-0.0543003
-0.0552784
-0.0569818
-0.0579905
-0.0587201
-0.0589399
-0.0601929
-0.061475
-0.0610315
-0.0608557
-0.0632894
-0.0656605
-0.0659992
-0.0665843
-0.0665813
-0.0654816
-0.0656226
-0.0664743
-0.0665716
-0.06812
-0.0702729
-0.0703416
-0.0695905
-0.0701174
-0.0698467
-0.0694687
-0.0709903
-0.0721019
-0.0718323
-0.0720717
-0.0722521
-0.0718029
-0.0718362
-0.0719745
-0.0717753
-0.0715367
-0.0708458
-0.0703125
-0.0701259
-0.0707067
-0.0694429
-0.0674836
-0.0655693
-0.065022
-0.0645499
-0.0674612
-0.0683559
-0.0707375
-0.0734272
-0.0683298
-0.0633308
-0.0523405
-0.0353107
0.000291432
0.0513882
0.102893
0.056482
0.0083705
0.00643615
0.00619127
0.000625152
-0.00353246
-0.00964179
-0.0132231
-0.0159877
-0.0172617
-0.0180613
-0.0178892
-0.0165674
-0.018436
-0.0181984
-0.0203601
-0.0226594
-0.0241476
-0.0269016
-0.0284437
-0.0309559
-0.0312232
-0.0328354
-0.0344499
-0.0339944
-0.0364317
-0.0374531
-0.0382486
-0.0404694
-0.041214
-0.0418106
-0.0439024
-0.0459283
-0.0456182
-0.0471165
-0.048915
-0.0492009
-0.0512227
-0.051452
-0.0526357
-0.0559286
-0.0560769
-0.0561259
-0.0571311
-0.0580197
-0.0595441
-0.0604124
-0.0609349
-0.0626265
-0.0641515
-0.0643367
-0.0642806
-0.0660631
-0.0685696
-0.06864
-0.0678299
-0.0679202
-0.0682848
-0.0701248
-0.0725
-0.0731894
-0.073453
-0.0745523
-0.074203
-0.0730317
-0.0737455
-0.0747663
-0.074698
-0.0758214
-0.0766216
-0.0759548
-0.0759401
-0.0766916
-0.0765953
-0.0768972
-0.077224
-0.0773556
-0.0775215
-0.0777869
-0.0773154
-0.0769098
-0.0762617
-0.0754946
-0.0748211
-0.0753286
-0.0744204
-0.072551
-0.0698447
-0.0670544
-0.0633945
-0.0604174
-0.0630382
-0.0623258
-0.0720073
-0.0829103
-0.0967529
-0.115034
-0.138262
-0.18154
-0.210694
-0.184843
-0.00600437
-0.00613253
-0.00633506
-0.00566003
-0.00292682
-0.00346832
-0.00471938
-0.00688125
-0.010466
-0.014178
-0.0165858
-0.0207362
-0.0226404
-0.0237096
-0.0259899
-0.0255077
-0.0265813
-0.0273985
-0.028613
-0.0300439
-0.0316939
-0.0340642
-0.0348238
-0.0374484
-0.0382913
-0.0391101
-0.0415293
-0.0418028
-0.0435059
-0.0455514
-0.0463917
-0.046953
-0.0487571
-0.0505563
-0.0510571
-0.0528049
-0.0534175
-0.0552746
-0.0581141
-0.0571304
-0.0578139
-0.0599177
-0.0603009
-0.062434
-0.0641019
-0.0645008
-0.066342
-0.0667863
-0.0661378
-0.0677536
-0.0702545
-0.0706628
-0.0702697
-0.0713146
-0.0730305
-0.0750958
-0.0770082
-0.0767629
-0.0753297
-0.0755245
-0.076556
-0.0769417
-0.078472
-0.0803165
-0.0807114
-0.081335
-0.0821454
-0.0814423
-0.0811088
-0.0821156
-0.0828317
-0.0833721
-0.0839992
-0.0841011
-0.0839969
-0.0837034
-0.0835432
-0.0839296
-0.0846055
-0.0841886
-0.0836003
-0.083645
-0.0839118
-0.0839506
-0.0844171
-0.0843798
-0.08358
-0.0832272
-0.079521
-0.0762871
-0.0651562
-0.0548962
-0.0427293
-0.0268184
-0.014185
-0.000669711
-0.000560514
0.0156675
0.0140864
-0.00324349
0.00235966
0.00100392
-0.00469701
-0.00889353
-0.0107843
-0.0140162
-0.0134518
-0.0135376
-0.0140293
-0.0137327
-0.0147868
-0.0165007
-0.0178297
-0.0209014
-0.0232889
-0.0254454
-0.0285883
-0.0301797
-0.0319396
-0.0336875
-0.0346664
-0.0356143
-0.0373244
-0.0384794
-0.0399486
-0.0420727
-0.0425808
-0.0444151
-0.0464602
-0.0469793
-0.0486389
-0.0502834
-0.051402
-0.0532539
-0.0546405
-0.0554494
-0.0575458
-0.0587723
-0.0584577
-0.060372
-0.0625939
-0.0633559
-0.0656328
-0.0669144
-0.0666292
-0.06805
-0.0686743
-0.0693666
-0.0725275
-0.0739078
-0.0732096
-0.0744184
-0.0764015
-0.077568
-0.0785751
-0.0785741
-0.0777307
-0.0787378
-0.0817631
-0.0836793
-0.0845307
-0.0851501
-0.0847596
-0.0843423
-0.085049
-0.0853212
-0.0856089
-0.0870106
-0.0880957
-0.0879486
-0.0879782
-0.0881816
-0.088553
-0.088977
-0.0894815
-0.0900748
-0.0905416
-0.0904281
-0.0904269
-0.0910768
-0.0910492
-0.0900542
-0.089408
-0.0888886
-0.0889764
-0.0889343
-0.0902176
-0.090936
-0.0967871
-0.101555
-0.109598
-0.118567
-0.122839
-0.124348
-0.124608
-0.122478
-0.113504
-0.0936938
-0.0916154
-0.0583575
0.00504686
0.00566867
0.00164491
0.00251401
-0.00178986
-0.00630951
-0.00926353
-0.0141791
-0.0167215
-0.019184
-0.0216302
-0.0226485
-0.0231401
-0.024546
-0.0247026
-0.0262488
-0.0278743
-0.0288555
-0.0315977
-0.032948
-0.0351268
-0.0376067
-0.0390747
-0.0412157
-0.0427687
-0.0439406
-0.0455535
-0.0471818
-0.0479738
-0.0499557
-0.0518165
-0.0524402
-0.0547449
-0.0558083
-0.056988
-0.0595919
-0.0597453
-0.0606135
-0.0631718
-0.0648371
-0.0661925
-0.0678373
-0.0682808
-0.0685339
-0.0705666
-0.0721161
-0.0737534
-0.0761478
-0.0760169
-0.0760347
-0.078394
-0.0797882
-0.0801031
-0.081022
-0.0817049
-0.0831607
-0.0861575
-0.0879012
-0.0872861
-0.0867021
-0.0866343
-0.0873393
-0.0893619
-0.0912419
-0.0918406
-0.0930053
-0.0940711
-0.0939054
-0.0936555
-0.0941995
-0.0948065
-0.0954771
-0.0962283
-0.0968221
-0.0971659
-0.0970114
-0.096713
-0.0971871
-0.0975897
-0.097862
-0.0979299
-0.0982509
-0.0977099
-0.0980558
-0.0975271
-0.0972186
-0.0950678
-0.0927474
-0.0884115
-0.0844001
-0.084947
-0.0861483
-0.0944001
-0.109133
-0.126769
-0.149339
-0.178094
-0.234104
-0.273915
-0.233628
-0.00254544
-0.00579826
-0.00713379
-0.00604438
-0.00805774
-0.00617336
-0.00760108
-0.00967184
-0.010692
-0.0140165
-0.0171074
-0.0193905
-0.0232183
-0.0257045
-0.0276246
-0.0306476
-0.0315827
-0.0338116
-0.0351284
-0.0359034
-0.0377184
-0.0386884
-0.0406116
-0.0420777
-0.0437612
-0.0458058
-0.0475701
-0.0490617
-0.0508892
-0.052826
-0.0538356
-0.0561173
-0.0571257
-0.0583973
-0.0609726
-0.0611838
-0.0630816
-0.0658164
-0.0666382
-0.0680402
-0.0693529
-0.0698681
-0.0714869
-0.0737327
-0.0754487
-0.0770142
-0.0778015
-0.077967
-0.0797198
-0.0820247
-0.0827348
-0.0834017
-0.0851821
-0.0867706
-0.088435
-0.0896026
-0.0892263
-0.0891022
-0.0905829
-0.0926521
-0.0951297
-0.0970389
-0.096922
-0.0965148
-0.0969942
-0.0971568
-0.0974663
-0.0987882
-0.100267
-0.101079
-0.101529
-0.101637
-0.101814
-0.102052
-0.102573
-0.103328
-0.10414
-0.104104
-0.104426
-0.10492
-0.105555
-0.105755
-0.105942
-0.106104
-0.106834
-0.108098
-0.109956
-0.111932
-0.111547
-0.111494
-0.10418
-0.0963462
-0.0859632
-0.0731876
-0.0590081
-0.0419358
-0.0293293
-0.00792761
0.0077106
-0.0158419
0.00525347
-0.000348837
-0.00171146
-0.00714636
-0.0110471
-0.0124907
-0.0161247
-0.016514
-0.0176975
-0.0191024
-0.0189416
-0.0206271
-0.0221577
-0.0230511
-0.0261639
-0.0281628
-0.0303103
-0.033336
-0.0352417
-0.0378408
-0.0399024
-0.0418072
-0.0436606
-0.0454575
-0.0472596
-0.0485394
-0.0500724
-0.0517285
-0.0533746
-0.0549281
-0.0570348
-0.0584857
-0.0598024
-0.0617299
-0.0629042
-0.0652318
-0.0676652
-0.0682364
-0.069721
-0.0711328
-0.0721324
-0.0746469
-0.0764863
-0.0778657
-0.079268
-0.0797135
-0.0811534
-0.0835074
-0.0849399
-0.0857314
-0.0871515
-0.0889162
-0.0902415
-0.0912277
-0.091828
-0.0926322
-0.0947301
-0.0970588
-0.0986017
-0.0995644
-0.0992763
-0.0987435
-0.0998717
-0.101884
-0.103511
-0.105131
-0.106677
-0.107143
-0.106966
-0.107082
-0.1075
-0.108289
-0.109159
-0.110183
-0.111037
-0.111271
-0.11153
-0.111994
-0.112207
-0.112236
-0.11277
-0.112962
-0.112544
-0.111523
-0.110801
-0.109903
-0.110699
-0.111539
-0.117084
-0.121965
-0.131428
-0.141951
-0.15221
-0.162504
-0.172375
-0.183863
-0.191496
-0.192893
-0.173017
-0.125649
0.00437227
0.00226643
0.00227938
-0.0015836
-0.0027417
-0.00699761
-0.0109857
-0.0134359
-0.0179373
-0.0201722
-0.0228614
-0.0257657
-0.027028
-0.0289533
-0.0308125
-0.0317737
-0.0337284
-0.0350076
-0.0362042
-0.0385563
-0.0402109
-0.0421827
-0.044457
-0.046458
-0.0484266
-0.0505724
-0.0526419
-0.0543193
-0.056456
-0.0581622
-0.0596927
-0.0615803
-0.0630786
-0.0647683
-0.0668035
-0.0687185
-0.0698062
-0.0714251
-0.0731229
-0.0746728
-0.0771569
-0.0786455
-0.0798827
-0.0813252
-0.0823374
-0.0845467
-0.086594
-0.0874624
-0.0888399
-0.0907647
-0.0921665
-0.0932672
-0.0942286
-0.0955659
-0.0977158
-0.0998268
-0.100819
-0.101531
-0.102089
-0.102613
-0.104312
-0.107132
-0.109183
-0.109869
-0.110156
-0.110148
-0.11003
-0.111082
-0.112828
-0.1145
-0.115657
-0.116405
-0.116709
-0.116705
-0.11677
-0.117503
-0.118003
-0.118417
-0.118922
-0.119685
-0.120091
-0.121064
-0.121982
-0.122832
-0.122805
-0.122564
-0.119534
-0.116932
-0.111041
-0.104587
-0.0995263
-0.0940867
-0.0927088
-0.0963524
-0.104697
-0.116777
-0.140807
-0.189865
-0.214338
-0.21545
-0.00343564
-0.00412451
-0.00725177
-0.00891551
-0.00851852
-0.0106997
-0.0104705
-0.0124278
-0.0144827
-0.0161827
-0.0196051
-0.0221653
-0.024981
-0.0283129
-0.0306288
-0.0333335
-0.0362072
-0.037862
-0.0405581
-0.0424953
-0.0439318
-0.0462448
-0.0477468
-0.0491963
-0.0510693
-0.0528666
-0.054483
-0.0567922
-0.0585162
-0.0602904
-0.0625157
-0.0638886
-0.0662468
-0.0684714
-0.0698141
-0.0713865
-0.0731891
-0.0752006
-0.0772237
-0.0790724
-0.0804347
-0.0818378
-0.0835086
-0.0852414
-0.0874674
-0.089195
-0.0901408
-0.0918993
-0.0938471
-0.0950521
-0.0964185
-0.0979391
-0.0998643
-0.101978
-0.103024
-0.103592
-0.104946
-0.106407
-0.108274
-0.11053
-0.112385
-0.112669
-0.112638
-0.1133
-0.114676
-0.116818
-0.119278
-0.120762
-0.121255
-0.121211
-0.121406
-0.121851
-0.122703
-0.124114
-0.125619
-0.126437
-0.127251
-0.127966
-0.1283
-0.128166
-0.128484
-0.128689
-0.129094
-0.128982
-0.129397
-0.130253
-0.132928
-0.136
-0.138853
-0.142261
-0.139608
-0.134642
-0.124958
-0.110795
-0.0923473
-0.0667957
-0.0367283
0.00982671
0.0402129
-0.00711865
0.00177935
-0.000572145
-0.00557163
-0.00780073
-0.0118359
-0.0146917
-0.0163715
-0.0192759
-0.0202901
-0.0221752
-0.0240433
-0.0250457
-0.0268856
-0.0286139
-0.0301635
-0.0328746
-0.0347729
-0.0372533
-0.0402403
-0.0422323
-0.0450793
-0.0471914
-0.0491408
-0.0519267
-0.0541071
-0.0560029
-0.0582792
-0.0598588
-0.0615934
-0.0639906
-0.0654951
-0.06758
-0.0696081
-0.0707961
-0.0729191
-0.0749248
-0.0768658
-0.0790773
-0.0806646
-0.0823473
-0.0840009
-0.0858086
-0.0879351
-0.0898634
-0.0914687
-0.0928102
-0.0947953
-0.0967193
-0.0980413
-0.0997182
-0.101563
-0.103528
-0.105126
-0.10588
-0.107202
-0.109366
-0.111442
-0.113181
-0.114678
-0.115578
-0.115955
-0.117281
-0.119521
-0.12197
-0.123963
-0.12468
-0.124383
-0.124505
-0.125683
-0.127726
-0.129683
-0.131333
-0.132424
-0.13257
-0.13242
-0.132764
-0.133151
-0.133589
-0.134324
-0.135321
-0.135963
-0.136575
-0.136828
-0.136847
-0.136211
-0.134374
-0.132324
-0.129393
-0.130236
-0.131583
-0.138241
-0.147433
-0.158374
-0.171401
-0.18589
-0.206408
-0.225335
-0.240646
-0.23143
-0.195188
0.00331323
0.000755021
-0.0013001
-0.0028133
-0.00678742
-0.00920501
-0.0132061
-0.0169043
-0.0197382
-0.0235971
-0.0260362
-0.0285359
-0.0313232
-0.0330004
-0.0353414
-0.037393
-0.0389521
-0.0414633
-0.0428713
-0.0448207
-0.0472112
-0.048572
-0.0509572
-0.0531866
-0.0551738
-0.0577656
-0.0596536
-0.0616209
-0.0641178
-0.0661061
-0.0684067
-0.0707629
-0.0723052
-0.0744949
-0.0766245
-0.0785852
-0.0808094
-0.0823612
-0.084149
-0.0860807
-0.0880473
-0.0902161
-0.091983
-0.093678
-0.0954595
-0.097486
-0.09939
-0.101026
-0.102804
-0.104789
-0.106617
-0.107968
-0.109355
-0.111458
-0.113705
-0.115364
-0.116523
-0.117969
-0.119136
-0.120679
-0.123181
-0.125588
-0.127097
-0.127626
-0.127607
-0.128666
-0.131152
-0.133967
-0.135801
-0.136483
-0.136743
-0.136897
-0.13741
-0.138803
-0.140645
-0.142234
-0.143548
-0.144766
-0.145372
-0.145763
-0.146008
-0.14675
-0.14796
-0.149479
-0.150559
-0.151691
-0.150613
-0.149172
-0.143108
-0.135527
-0.125387
-0.112726
-0.099825
-0.0870427
-0.0763626
-0.0657252
-0.0649393
-0.0801292
-0.0981
-0.142404
-0.00267827
-0.00582886
-0.00710745
-0.00927389
-0.0109202
-0.0116516
-0.0142794
-0.0155027
-0.0181387
-0.020933
-0.0231407
-0.0265873
-0.0290695
-0.0320295
-0.0354151
-0.0377627
-0.0408489
-0.0432295
-0.045352
-0.0484891
-0.0503919
-0.052766
-0.0551462
-0.0567868
-0.0591579
-0.0610601
-0.0629796
-0.0652196
-0.0671067
-0.069133
-0.0713712
-0.07322
-0.0752733
-0.0776357
-0.0796367
-0.0817945
-0.0839809
-0.0859298
-0.087954
-0.0900142
-0.0921533
-0.0940946
-0.0960219
-0.0980758
-0.0999669
-0.101866
-0.103709
-0.10549
-0.107756
-0.109662
-0.111179
-0.113084
-0.115249
-0.117275
-0.118646
-0.119931
-0.121823
-0.123677
-0.125962
-0.128202
-0.129569
-0.130357
-0.131199
-0.132936
-0.135934
-0.138661
-0.139854
-0.13984
-0.140306
-0.141611
-0.143613
-0.146001
-0.14814
-0.149132
-0.149462
-0.149614
-0.149926
-0.150255
-0.151101
-0.151916
-0.152768
-0.153081
-0.153054
-0.152688
-0.153032
-0.153302
-0.156014
-0.159203
-0.164842
-0.172235
-0.178263
-0.183266
-0.184586
-0.181032
-0.170245
-0.152717
-0.122408
-0.0782758
-0.05515
-0.0756125
-0.0012275
-0.00445578
-0.00706097
-0.0114457
-0.0137248
-0.0170072
-0.019447
-0.0212673
-0.0239669
-0.0252408
-0.0276778
-0.0296717
-0.0312278
-0.0339486
-0.0358505
-0.0382293
-0.0408802
-0.0427652
-0.045871
-0.0483266
-0.0507547
-0.0538423
-0.0559879
-0.0586144
-0.0610321
-0.0633063
-0.0659465
-0.0682517
-0.0703831
-0.072724
-0.0750124
-0.0769781
-0.079362
-0.0814095
-0.0833598
-0.0855888
-0.0874582
-0.089749
-0.0920418
-0.0939769
-0.0959673
-0.0980911
-0.100281
-0.102186
-0.104296
-0.106338
-0.10827
-0.110609
-0.112407
-0.114159
-0.116366
-0.118571
-0.120479
-0.121968
-0.123872
-0.126117
-0.128138
-0.130231
-0.131826
-0.132985
-0.134481
-0.136664
-0.139459
-0.142011
-0.14308
-0.143167
-0.144087
-0.146559
-0.149306
-0.151556
-0.152917
-0.153458
-0.153729
-0.154777
-0.156463
-0.158475
-0.16043
-0.162241
-0.163479
-0.164599
-0.165438
-0.166588
-0.167737
-0.169053
-0.169182
-0.168191
-0.1647
-0.159043
-0.153481
-0.147196
-0.145053
-0.146903
-0.153127
-0.164304
-0.180757
-0.204046
-0.232506
-0.265868
-0.274983
-0.246952
0.00164539
-0.000600094
-0.00417706
-0.00730505
-0.0103997
-0.0146475
-0.0173837
-0.0212431
-0.0241916
-0.0271558
-0.0305197
-0.0327087
-0.0355715
-0.0379225
-0.0401922
-0.0430383
-0.0448434
-0.0472067
-0.0495446
-0.0513906
-0.0540859
-0.0561368
-0.0583779
-0.0609139
-0.06295
-0.0653894
-0.0678352
-0.0700658
-0.072569
-0.075007
-0.0771412
-0.0797507
-0.0820526
-0.0842164
-0.086876
-0.0889984
-0.0911691
-0.0936073
-0.0957613
-0.0980126
-0.100286
-0.102332
-0.104372
-0.106659
-0.108689
-0.110843
-0.113219
-0.115079
-0.116984
-0.119317
-0.121664
-0.123518
-0.125323
-0.12765
-0.129943
-0.13199
-0.133838
-0.135336
-0.137181
-0.139622
-0.142208
-0.144365
-0.145701
-0.146424
-0.147925
-0.150997
-0.154148
-0.155916
-0.156733
-0.157433
-0.158628
-0.160669
-0.163419
-0.165641
-0.166972
-0.167751
-0.168229
-0.168629
-0.169352
-0.170149
-0.171045
-0.171801
-0.17266
-0.173846
-0.175873
-0.179298
-0.1831
-0.188092
-0.19001
-0.190189
-0.185681
-0.176292
-0.163265
-0.146264
-0.127977
-0.105086
-0.0844656
-0.0686806
-0.0703811
-0.112553
-0.00340691
-0.00588468
-0.00896864
-0.0103124
-0.012671
-0.0144843
-0.0168299
-0.0198709
-0.0221948
-0.0257413
-0.0285
-0.0316315
-0.0348666
-0.0375232
-0.0409158
-0.043567
-0.0464199
-0.0495576
-0.0518808
-0.0547115
-0.0573017
-0.0596336
-0.0624027
-0.0646142
-0.0669618
-0.0694337
-0.0715609
-0.074055
-0.0764023
-0.0784991
-0.08098
-0.0832937
-0.0853744
-0.0878625
-0.0900973
-0.0922442
-0.0949441
-0.0971581
-0.0993803
-0.101894
-0.103973
-0.106276
-0.108762
-0.110956
-0.113292
-0.115499
-0.117556
-0.119774
-0.122196
-0.124488
-0.126356
-0.128514
-0.131056
-0.133287
-0.135323
-0.137284
-0.139318
-0.141725
-0.144261
-0.146373
-0.147985
-0.14944
-0.15134
-0.154327
-0.157505
-0.159206
-0.159826
-0.160976
-0.163136
-0.165902
-0.168683
-0.170691
-0.17162
-0.17241
-0.173792
-0.175546
-0.177821
-0.18019
-0.182374
-0.184163
-0.18574
-0.186975
-0.187767
-0.187576
-0.186938
-0.184996
-0.183947
-0.182512
-0.18454
-0.189567
-0.198028
-0.210158
-0.223806
-0.238474
-0.250471
-0.261532
-0.266145
-0.258768
-0.243835
-0.203887
-0.00475755
-0.00821398
-0.0110993
-0.0139371
-0.0171085
-0.0192334
-0.0222739
-0.0243627
-0.0267956
-0.029262
-0.0314013
-0.0342517
-0.036359
-0.0389974
-0.0416302
-0.0440817
-0.0471139
-0.0496399
-0.0524391
-0.0554318
-0.0579674
-0.060994
-0.0636255
-0.066181
-0.0690142
-0.0714595
-0.074244
-0.0769082
-0.0793583
-0.0818657
-0.0843592
-0.0867262
-0.0893319
-0.0918131
-0.0939394
-0.0966071
-0.0988725
-0.101179
-0.103786
-0.105875
-0.10833
-0.110831
-0.112995
-0.115426
-0.11775
-0.120041
-0.12237
-0.124854
-0.127155
-0.129182
-0.131643
-0.134193
-0.136315
-0.138517
-0.140748
-0.143104
-0.145733
-0.148142
-0.149967
-0.151841
-0.154171
-0.156953
-0.159764
-0.161714
-0.162758
-0.164411
-0.167252
-0.170458
-0.173
-0.174717
-0.175699
-0.176963
-0.179157
-0.18199
-0.184512
-0.186502
-0.187691
-0.188555
-0.189232
-0.190203
-0.19131
-0.192875
-0.194922
-0.198003
-0.200912
-0.204349
-0.205618
-0.205272
-0.201474
-0.1942
-0.185584
-0.176479
-0.1694
-0.165284
-0.167503
-0.176664
-0.1983
-0.234736
-0.255978
-0.259786
-0.00237231
-0.00591535
-0.00878289
-0.0126721
-0.0160212
-0.0196614
-0.0230237
-0.0259892
-0.0294824
-0.0322041
-0.0352856
-0.0379662
-0.0405488
-0.0433291
-0.0457114
-0.0484639
-0.0509163
-0.0533292
-0.056123
-0.0584999
-0.0611236
-0.0636596
-0.0660718
-0.0688602
-0.071279
-0.0738567
-0.0766026
-0.0791828
-0.081778
-0.0844016
-0.0868284
-0.0895026
-0.0921791
-0.0945396
-0.0972853
-0.0997288
-0.102155
-0.104942
-0.107307
-0.109867
-0.112484
-0.114785
-0.117293
-0.119794
-0.122231
-0.124672
-0.127261
-0.129655
-0.131933
-0.134559
-0.137082
-0.139256
-0.141614
-0.144067
-0.146659
-0.149294
-0.151533
-0.15351
-0.15598
-0.158817
-0.161578
-0.163807
-0.165491
-0.167414
-0.170398
-0.173668
-0.176158
-0.177642
-0.17906
-0.180974
-0.183904
-0.187133
-0.18967
-0.191249
-0.192552
-0.194082
-0.196225
-0.198728
-0.201595
-0.204174
-0.206378
-0.207761
-0.208564
-0.208146
-0.208085
-0.208541
-0.211451
-0.21709
-0.224247
-0.233202
-0.240661
-0.245204
-0.245496
-0.240041
-0.227749
-0.207039
-0.179095
-0.148025
-0.137252
-0.155443
-0.00483349
-0.00718769
-0.00981163
-0.0126081
-0.0152574
-0.0186055
-0.0215369
-0.0250436
-0.0283891
-0.0316872
-0.0350315
-0.0379386
-0.0412386
-0.04431
-0.0474842
-0.0505941
-0.053346
-0.0563297
-0.0591363
-0.0618687
-0.064616
-0.0672237
-0.0700418
-0.0727094
-0.075209
-0.0778503
-0.0803597
-0.082977
-0.0857369
-0.0882127
-0.0907837
-0.0933686
-0.0958357
-0.0984755
-0.101031
-0.103525
-0.106243
-0.108708
-0.111239
-0.113945
-0.116401
-0.118943
-0.121577
-0.124056
-0.126603
-0.129285
-0.131785
-0.134339
-0.137085
-0.139572
-0.14191
-0.144558
-0.147235
-0.149874
-0.152445
-0.154706
-0.157092
-0.160043
-0.162878
-0.165271
-0.167393
-0.169709
-0.172623
-0.175842
-0.178446
-0.180255
-0.182107
-0.184756
-0.187986
-0.191275
-0.193665
-0.195139
-0.1967
-0.199051
-0.202032
-0.205101
-0.207605
-0.209518
-0.210731
-0.211923
-0.21342
-0.215627
-0.218298
-0.221628
-0.224462
-0.225593
-0.224761
-0.22096
-0.21705
-0.213615
-0.213286
-0.218128
-0.228781
-0.24554
-0.267227
-0.295128
-0.323745
-0.345804
-0.342728
-0.302908
-0.00765662
-0.0105559
-0.0139702
-0.0169775
-0.0200052
-0.0227424
-0.0252505
-0.0280218
-0.0305165
-0.0334845
-0.0362115
-0.0390723
-0.0420206
-0.0448952
-0.0481899
-0.0512077
-0.0542643
-0.0572281
-0.0600431
-0.0631567
-0.0660623
-0.0689943
-0.0719982
-0.0747829
-0.0777529
-0.0804479
-0.0831836
-0.086033
-0.0886884
-0.0915175
-0.0942658
-0.0969555
-0.099622
-0.102229
-0.104781
-0.107579
-0.110322
-0.112895
-0.115615
-0.118165
-0.12075
-0.123569
-0.126107
-0.128674
-0.13137
-0.133933
-0.136625
-0.139403
-0.14192
-0.144455
-0.147294
-0.150048
-0.152666
-0.155297
-0.157799
-0.160563
-0.163625
-0.166329
-0.168713
-0.171169
-0.174058
-0.17727
-0.18012
-0.182344
-0.184568
-0.18747
-0.190817
-0.193973
-0.196455
-0.198244
-0.200352
-0.20346
-0.207052
-0.210187
-0.212481
-0.214201
-0.215994
-0.218368
-0.221358
-0.224572
-0.227429
-0.229597
-0.231108
-0.232372
-0.23395
-0.237517
-0.242344
-0.249075
-0.254264
-0.256443
-0.253765
-0.245372
-0.232658
-0.21586
-0.198666
-0.181462
-0.170322
-0.171327
-0.177744
-0.207681
-0.00783045
-0.0113633
-0.0149059
-0.0183717
-0.0220186
-0.0250691
-0.02832
-0.031298
-0.034361
-0.0373922
-0.0401848
-0.0432156
-0.0459183
-0.0488571
-0.0517165
-0.0544635
-0.0573325
-0.0600229
-0.0629883
-0.0658544
-0.0685867
-0.0715317
-0.0743116
-0.0772721
-0.0801228
-0.0828975
-0.0857895
-0.0885624
-0.0913635
-0.0941428
-0.0969964
-0.0998271
-0.102621
-0.10532
-0.108096
-0.110903
-0.113557
-0.116431
-0.1192
-0.121833
-0.12474
-0.127443
-0.130201
-0.133031
-0.135676
-0.138442
-0.141296
-0.143973
-0.146765
-0.149696
-0.152442
-0.155143
-0.15797
-0.160732
-0.163695
-0.166674
-0.169336
-0.171976
-0.174937
-0.178139
-0.181161
-0.183721
-0.186247
-0.189257
-0.192669
-0.195879
-0.198594
-0.200882
-0.203429
-0.206876
-0.210708
-0.213774
-0.215908
-0.217835
-0.220461
-0.223831
-0.227513
-0.230721
-0.23322
-0.235067
-0.236927
-0.23913
-0.241886
-0.244315
-0.246502
-0.246772
-0.246547
-0.24586
-0.247542
-0.253314
-0.263057
-0.276771
-0.292326
-0.308349
-0.321606
-0.329847
-0.328084
-0.311531
-0.293049
-0.264588
-0.00693625
-0.010689
-0.0140606
-0.0177119
-0.0212102
-0.0248059
-0.0284115
-0.0318323
-0.0353989
-0.0385765
-0.0419371
-0.0451786
-0.0484575
-0.0516677
-0.0546277
-0.0576935
-0.0605503
-0.0635784
-0.0666806
-0.0695602
-0.0724438
-0.0752466
-0.0781526
-0.080997
-0.0837458
-0.0866827
-0.0896141
-0.0923952
-0.0951202
-0.0978711
-0.100683
-0.103599
-0.106437
-0.109179
-0.111993
-0.114737
-0.117603
-0.120428
-0.123165
-0.126093
-0.128797
-0.131594
-0.134579
-0.137361
-0.140168
-0.143058
-0.145826
-0.148776
-0.15177
-0.154538
-0.157397
-0.16044
-0.16335
-0.166356
-0.169356
-0.172189
-0.175102
-0.178302
-0.181513
-0.184461
-0.187211
-0.190252
-0.193686
-0.197066
-0.199994
-0.202743
-0.205613
-0.209116
-0.212932
-0.216169
-0.218529
-0.221077
-0.224484
-0.228535
-0.232255
-0.235219
-0.237351
-0.239493
-0.242233
-0.24577
-0.24939
-0.252848
-0.255694
-0.258933
-0.262236
-0.266601
-0.270618
-0.273032
-0.272394
-0.267393
-0.2592
-0.249507
-0.241158
-0.236052
-0.237483
-0.248304
-0.269852
-0.29753
-0.310809
-0.314325
-0.0108101
-0.0140879
-0.0171893
-0.0202178
-0.0230192
-0.0260836
-0.0291055
-0.0324984
-0.0358695
-0.0392315
-0.0426343
-0.0459737
-0.0494023
-0.0525443
-0.0558062
-0.0590207
-0.0622072
-0.0654759
-0.0686019
-0.0717798
-0.074889
-0.0779316
-0.0809498
-0.0838541
-0.0868628
-0.0899108
-0.0928812
-0.0958163
-0.0986579
-0.10153
-0.10443
-0.107344
-0.110266
-0.113193
-0.115988
-0.118834
-0.121724
-0.124528
-0.12749
-0.130389
-0.133223
-0.136143
-0.138985
-0.141928
-0.144928
-0.14776
-0.15071
-0.153715
-0.15662
-0.159607
-0.162631
-0.165615
-0.16875
-0.171833
-0.174806
-0.17791
-0.181205
-0.184363
-0.187396
-0.190532
-0.193963
-0.197437
-0.200622
-0.203623
-0.206858
-0.210379
-0.214209
-0.217717
-0.220575
-0.223428
-0.227165
-0.231369
-0.235144
-0.237996
-0.24055
-0.24361
-0.247655
-0.252058
-0.255996
-0.258995
-0.261487
-0.263643
-0.266103
-0.268169
-0.270171
-0.272013
-0.274602
-0.279607
-0.287223
-0.297518
-0.308381
-0.317311
-0.321667
-0.319258
-0.30897
-0.288916
-0.26149
-0.235238
-0.226777
-0.245022
-0.0129587
-0.0162346
-0.0197146
-0.0230683
-0.02648
-0.0297571
-0.0330101
-0.0363761
-0.0395082
-0.0427199
-0.0457383
-0.0488572
-0.0519241
-0.0549911
-0.0581685
-0.0612806
-0.0645042
-0.0676173
-0.070762
-0.0739358
-0.077046
-0.080221
-0.0832714
-0.0862799
-0.0893569
-0.0924455
-0.0955533
-0.0985016
-0.10145
-0.104466
-0.107471
-0.110455
-0.113425
-0.116385
-0.11938
-0.122352
-0.125186
-0.128139
-0.131172
-0.134106
-0.137105
-0.140025
-0.143011
-0.146097
-0.149048
-0.152101
-0.155182
-0.158159
-0.16128
-0.164449
-0.167529
-0.170654
-0.173838
-0.177035
-0.180288
-0.183625
-0.186859
-0.190089
-0.193472
-0.197011
-0.200467
-0.203725
-0.207087
-0.210775
-0.214557
-0.21826
-0.221571
-0.224748
-0.228521
-0.232896
-0.236878
-0.240068
-0.243125
-0.246968
-0.251507
-0.255932
-0.259435
-0.262115
-0.264793
-0.268332
-0.272566
-0.277293
-0.281802
-0.286218
-0.290511
-0.293937
-0.295878
-0.294623
-0.291012
-0.28633
-0.283174
-0.284229
-0.291245
-0.305346
-0.326064
-0.352498
-0.376864
-0.387408
-0.380425
-0.355829
-0.0135151
-0.0171824
-0.0208461
-0.0245333
-0.0282623
-0.0317609
-0.0353755
-0.0388156
-0.0422914
-0.0456445
-0.0489493
-0.0522355
-0.0553882
-0.0586366
-0.0618115
-0.0650507
-0.0681852
-0.0712578
-0.0743491
-0.0773799
-0.0804908
-0.0835868
-0.0866687
-0.0897359
-0.0927385
-0.0958032
-0.0988503
-0.101868
-0.104874
-0.107865
-0.110866
-0.113884
-0.116915
-0.119936
-0.123
-0.125988
-0.128946
-0.131944
-0.134923
-0.138041
-0.141075
-0.144092
-0.147213
-0.150254
-0.153382
-0.156534
-0.159614
-0.16281
-0.166022
-0.169207
-0.172445
-0.175733
-0.179019
-0.182357
-0.18575
-0.189076
-0.192481
-0.196037
-0.1996
-0.203069
-0.206548
-0.21026
-0.214094
-0.217835
-0.221501
-0.225082
-0.228907
-0.233269
-0.237534
-0.241053
-0.244444
-0.248589
-0.253385
-0.2579
-0.261571
-0.264845
-0.268672
-0.273495
-0.278703
-0.28319
-0.286724
-0.289492
-0.292006
-0.294743
-0.297613
-0.301864
-0.307622
-0.315783
-0.324792
-0.332355
-0.335996
-0.333319
-0.32424
-0.309123
-0.291024
-0.2727
-0.260034
-0.261513
-0.270047
-0.297976
-0.0139252
-0.0174971
-0.0210726
-0.0248435
-0.0286103
-0.032512
-0.036304
-0.0400189
-0.0436898
-0.0472209
-0.0507588
-0.0541584
-0.0575957
-0.060967
-0.0643485
-0.0676774
-0.070956
-0.0742787
-0.0774985
-0.080725
-0.0839025
-0.0870332
-0.0901949
-0.0933338
-0.0964182
-0.0994584
-0.102561
-0.105669
-0.108704
-0.111716
-0.114773
-0.117875
-0.120906
-0.123945
-0.127002
-0.130067
-0.13315
-0.136124
-0.139207
-0.142308
-0.145374
-0.148479
-0.151544
-0.154717
-0.157938
-0.161078
-0.164268
-0.167486
-0.170735
-0.174036
-0.177355
-0.180653
-0.184033
-0.187503
-0.190957
-0.194466
-0.198057
-0.201636
-0.205265
-0.208998
-0.21284
-0.216677
-0.220484
-0.224341
-0.228317
-0.232533
-0.236914
-0.240901
-0.244626
-0.248877
-0.25379
-0.258525
-0.262553
-0.266362
-0.270875
-0.276148
-0.281326
-0.285523
-0.288948
-0.292655
-0.297327
-0.302729
-0.308577
-0.313833
-0.318561
-0.321433
-0.322511
-0.321805
-0.32087
-0.322698
-0.329234
-0.341388
-0.357558
-0.375893
-0.393369
-0.405194
-0.405608
-0.391422
-0.37586
-0.354732
-0.0169208
-0.0206818
-0.0244408
-0.0280438
-0.0315114
-0.0349887
-0.0384164
-0.0418739
-0.0452951
-0.048827
-0.0523589
-0.0558833
-0.0593983
-0.0629049
-0.0664104
-0.0698086
-0.0732142
-0.0765663
-0.0799212
-0.0832259
-0.08649
-0.089787
-0.0930393
-0.096262
-0.0994746
-0.10265
-0.105792
-0.108936
-0.112033
-0.11511
-0.118241
-0.121368
-0.124491
-0.127602
-0.130682
-0.133786
-0.136849
-0.139952
-0.143048
-0.146135
-0.1493
-0.152421
-0.155541
-0.158735
-0.161936
-0.165194
-0.16845
-0.171702
-0.175025
-0.178419
-0.181816
-0.185253
-0.188744
-0.192282
-0.195871
-0.199535
-0.203232
-0.207008
-0.210842
-0.214756
-0.218685
-0.222673
-0.226766
-0.230963
-0.23525
-0.239562
-0.243663
-0.247982
-0.252892
-0.257875
-0.262204
-0.266327
-0.271076
-0.276537
-0.281855
-0.286438
-0.290686
-0.295679
-0.30154
-0.307586
-0.312692
-0.316948
-0.320441
-0.324309
-0.328794
-0.33479
-0.342096
-0.349927
-0.356246
-0.358376
-0.355391
-0.347403
-0.337178
-0.327676
-0.322854
-0.326825
-0.34207
-0.36501
-0.380279
-0.393972
-0.0193907
-0.023216
-0.027069
-0.0308164
-0.0344816
-0.0380927
-0.0417331
-0.0453236
-0.0488642
-0.0523885
-0.0558457
-0.0592937
-0.0626742
-0.0660521
-0.0694211
-0.0728022
-0.0761514
-0.0794884
-0.0828185
-0.0861307
-0.0894458
-0.0927318
-0.0959685
-0.0992003
-0.102474
-0.105713
-0.108882
-0.112016
-0.115168
-0.118334
-0.121474
-0.124616
-0.127757
-0.130883
-0.134019
-0.137128
-0.140273
-0.143444
-0.146573
-0.149718
-0.152887
-0.156094
-0.159348
-0.162557
-0.165833
-0.169174
-0.172518
-0.175896
-0.179318
-0.182778
-0.18631
-0.189873
-0.193467
-0.197095
-0.200815
-0.204573
-0.208406
-0.212328
-0.216293
-0.220265
-0.224377
-0.228602
-0.232897
-0.237238
-0.241652
-0.246067
-0.250794
-0.255779
-0.260491
-0.264917
-0.269842
-0.275409
-0.280991
-0.285951
-0.290722
-0.296113
-0.302277
-0.308241
-0.313408
-0.318063
-0.323366
-0.329459
-0.336313
-0.342732
-0.348237
-0.352301
-0.355135
-0.358289
-0.36343
-0.372397
-0.385156
-0.399735
-0.412284
-0.419523
-0.41865
-0.405923
-0.384115
-0.364834
-0.36082
-0.370017
-0.0208848
-0.0250283
-0.0290577
-0.0329868
-0.0368482
-0.0406099
-0.0443324
-0.0480065
-0.0516703
-0.0552911
-0.0588961
-0.0624622
-0.0659878
-0.06948
-0.0729634
-0.0764146
-0.0797765
-0.0831016
-0.0864342
-0.0897476
-0.0930547
-0.0963352
-0.0995812
-0.102805
-0.106012
-0.10922
-0.112424
-0.115628
-0.118817
-0.121975
-0.12511
-0.128263
-0.131448
-0.134631
-0.1378
-0.140962
-0.144147
-0.147322
-0.150513
-0.153733
-0.156953
-0.160221
-0.163478
-0.166772
-0.1701
-0.173438
-0.176841
-0.180268
-0.183712
-0.187228
-0.190794
-0.194396
-0.19802
-0.201746
-0.205512
-0.209333
-0.213249
-0.217235
-0.221304
-0.225495
-0.229763
-0.234101
-0.238537
-0.243112
-0.247753
-0.252623
-0.257542
-0.262321
-0.267277
-0.272805
-0.278485
-0.283739
-0.288763
-0.294353
-0.300669
-0.307004
-0.31267
-0.318254
-0.324528
-0.331619
-0.33851
-0.344786
-0.350343
-0.35599
-0.362356
-0.369466
-0.377069
-0.383331
-0.386946
-0.386981
-0.384382
-0.38202
-0.38287
-0.39006
-0.40584
-0.429057
-0.454224
-0.469812
-0.471382
-0.463293
-0.0224914
-0.0264543
-0.0303476
-0.0342611
-0.0381942
-0.0421599
-0.0460847
-0.0500125
-0.0539211
-0.0577449
-0.061494
-0.0651555
-0.0687966
-0.072357
-0.0758601
-0.0793585
-0.0828428
-0.0862939
-0.0897254
-0.093143
-0.0965089
-0.0998537
-0.103169
-0.106445
-0.109704
-0.112959
-0.116229
-0.119476
-0.122676
-0.12584
-0.129002
-0.132215
-0.135429
-0.138633
-0.141812
-0.145006
-0.148191
-0.151375
-0.15458
-0.157763
-0.160995
-0.164251
-0.167516
-0.170794
-0.174072
-0.177418
-0.180793
-0.184182
-0.187642
-0.191162
-0.194734
-0.198359
-0.202069
-0.205837
-0.209685
-0.213623
-0.217646
-0.221765
-0.226003
-0.230312
-0.234696
-0.239242
-0.243916
-0.248665
-0.253556
-0.258525
-0.263578
-0.268897
-0.274533
-0.280022
-0.285333
-0.291054
-0.297456
-0.303987
-0.309997
-0.315837
-0.322437
-0.329665
-0.336834
-0.34337
-0.349821
-0.356893
-0.364529
-0.372444
-0.379857
-0.386756
-0.393725
-0.402169
-0.412998
-0.42607
-0.438893
-0.447801
-0.450057
-0.444072
-0.430876
-0.41263
-0.396903
-0.396265
-0.405496
-0.425999
-0.0253453
-0.0293211
-0.0333018
-0.03724
-0.0411238
-0.0449657
-0.0487754
-0.0525946
-0.0563745
-0.060161
-0.0638754
-0.0675871
-0.0713045
-0.0749901
-0.0786139
-0.0822197
-0.0858195
-0.0893438
-0.0928459
-0.0963232
-0.0997573
-0.103122
-0.106459
-0.109809
-0.113133
-0.116421
-0.119685
-0.122944
-0.126195
-0.129405
-0.132612
-0.135805
-0.139002
-0.142171
-0.145324
-0.148483
-0.151674
-0.154892
-0.158065
-0.161236
-0.164427
-0.16765
-0.170931
-0.174206
-0.177514
-0.180865
-0.184265
-0.187729
-0.191232
-0.194809
-0.198461
-0.202177
-0.205974
-0.209839
-0.213796
-0.21782
-0.221922
-0.22614
-0.230437
-0.234846
-0.239389
-0.24403
-0.248784
-0.253708
-0.258794
-0.263977
-0.269388
-0.274985
-0.280547
-0.286292
-0.292545
-0.299071
-0.305309
-0.31141
-0.318127
-0.325576
-0.333021
-0.340014
-0.347076
-0.354943
-0.363442
-0.371971
-0.38025
-0.388206
-0.396475
-0.404624
-0.412369
-0.418675
-0.422806
-0.426216
-0.431313
-0.440534
-0.455487
-0.476852
-0.502204
-0.525293
-0.538981
-0.537089
-0.52723
-0.510181
-0.0281151
-0.032196
-0.0362724
-0.0403322
-0.0443556
-0.0483001
-0.0522355
-0.0561021
-0.0599345
-0.063725
-0.0674733
-0.0711727
-0.0748286
-0.0784698
-0.0820576
-0.0856141
-0.0891365
-0.0926534
-0.0961451
-0.0996219
-0.103065
-0.10645
-0.109829
-0.113198
-0.116545
-0.119838
-0.123087
-0.126318
-0.129535
-0.132767
-0.13596
-0.13913
-0.142297
-0.145479
-0.148658
-0.151823
-0.155014
-0.158206
-0.161394
-0.164592
-0.167823
-0.171117
-0.174429
-0.177772
-0.181129
-0.184533
-0.188004
-0.191514
-0.19506
-0.198655
-0.202313
-0.206043
-0.209841
-0.21372
-0.217657
-0.221675
-0.225791
-0.230013
-0.234355
-0.238841
-0.243429
-0.248155
-0.253079
-0.258167
-0.263396
-0.268827
-0.274433
-0.280163
-0.286164
-0.292543
-0.298921
-0.305249
-0.312008
-0.319441
-0.327076
-0.334327
-0.341612
-0.349687
-0.358337
-0.366984
-0.375239
-0.38359
-0.392463
-0.402118
-0.412248
-0.4231
-0.43475
-0.447908
-0.462368
-0.475724
-0.485578
-0.488558
-0.484441
-0.476449
-0.467705
-0.463382
-0.470126
-0.48837
-0.502838
-0.519337
-0.030514
-0.0347992
-0.0390364
-0.0432504
-0.0474097
-0.0515023
-0.0554927
-0.0594088
-0.0632707
-0.0670869
-0.0708908
-0.0746554
-0.0783988
-0.0820989
-0.0857761
-0.0894045
-0.0929831
-0.0965102
-0.099987
-0.103439
-0.106861
-0.110256
-0.113602
-0.116932
-0.120243
-0.123527
-0.126795
-0.130039
-0.133259
-0.136449
-0.13966
-0.142884
-0.146086
-0.149261
-0.152423
-0.155601
-0.158802
-0.16203
-0.165268
-0.168488
-0.171731
-0.175003
-0.178306
-0.181628
-0.18496
-0.188315
-0.191722
-0.195158
-0.198644
-0.202163
-0.205742
-0.209385
-0.213101
-0.216916
-0.220837
-0.224868
-0.228996
-0.233251
-0.237675
-0.242222
-0.246943
-0.251796
-0.256817
-0.261995
-0.26739
-0.272997
-0.278743
-0.284772
-0.291068
-0.29746
-0.304111
-0.311255
-0.318786
-0.326184
-0.33362
-0.341771
-0.350646
-0.35956
-0.368271
-0.377221
-0.38714
-0.397637
-0.408469
-0.419084
-0.429251
-0.439119
-0.448356
-0.456786
-0.465643
-0.476479
-0.491571
-0.51253
-0.5369
-0.562154
-0.583881
-0.592162
-0.5875
-0.576703
-0.569039
-0.562831
-0.0327509
-0.0371092
-0.0414445
-0.0457472
-0.0500062
-0.0541926
-0.0582916
-0.062352
-0.0663638
-0.0703296
-0.0742382
-0.078115
-0.0819146
-0.085654
-0.0893588
-0.0930209
-0.0966307
-0.100184
-0.103704
-0.107194
-0.110669
-0.114095
-0.117508
-0.120903
-0.124253
-0.127555
-0.130822
-0.13407
-0.137294
-0.14052
-0.143739
-0.146942
-0.150133
-0.153304
-0.156455
-0.159609
-0.162775
-0.165944
-0.16909
-0.172241
-0.175406
-0.178582
-0.181775
-0.18499
-0.18823
-0.191489
-0.194775
-0.198138
-0.201541
-0.205003
-0.20854
-0.21218
-0.215921
-0.219767
-0.223718
-0.227782
-0.23197
-0.236276
-0.240697
-0.245275
-0.249998
-0.254876
-0.259898
-0.265147
-0.270591
-0.276251
-0.282166
-0.288368
-0.294782
-0.301505
-0.308668
-0.316018
-0.323468
-0.331455
-0.340157
-0.349152
-0.357961
-0.367147
-0.377157
-0.387799
-0.398411
-0.408974
-0.419693
-0.431454
-0.44443
-0.458891
-0.475005
-0.491637
-0.508003
-0.521791
-0.53009
-0.533553
-0.535351
-0.539156
-0.550613
-0.571853
-0.600061
-0.625727
-0.633355
-0.634105
-0.0359043
-0.0402897
-0.0446254
-0.0488991
-0.053112
-0.0572541
-0.0613633
-0.0654439
-0.069504
-0.0735153
-0.0774851
-0.0814101
-0.0852703
-0.0890871
-0.0928734
-0.0966265
-0.100308
-0.103933
-0.107512
-0.111066
-0.11455
-0.117994
-0.121424
-0.124815
-0.128154
-0.131456
-0.134733
-0.137973
-0.141193
-0.144389
-0.147563
-0.150727
-0.153877
-0.157003
-0.160092
-0.16315
-0.166208
-0.169286
-0.172366
-0.175438
-0.178511
-0.1816
-0.184718
-0.187869
-0.191066
-0.194302
-0.197595
-0.200933
-0.204351
-0.207859
-0.211432
-0.215071
-0.218792
-0.222607
-0.226524
-0.230524
-0.234624
-0.23881
-0.243147
-0.247619
-0.252258
-0.25709
-0.262109
-0.267355
-0.272819
-0.278559
-0.284605
-0.290846
-0.297443
-0.304391
-0.311615
-0.319169
-0.327322
-0.335955
-0.344652
-0.353673
-0.363585
-0.374216
-0.385142
-0.39612
-0.407814
-0.420536
-0.434005
-0.447627
-0.460774
-0.473178
-0.485405
-0.498381
-0.513639
-0.533646
-0.558565
-0.586462
-0.615462
-0.640262
-0.65351
-0.655903
-0.65404
-0.658024
-0.662778
-0.662691
-0.0393862
-0.0438366
-0.0482249
-0.0525636
-0.0568348
-0.0610372
-0.0651928
-0.0693152
-0.0733977
-0.077418
-0.0813884
-0.0853014
-0.0891696
-0.0929825
-0.0967493
-0.100472
-0.104155
-0.107778
-0.111359
-0.114898
-0.118393
-0.121857
-0.12528
-0.128662
-0.132005
-0.135303
-0.138541
-0.141736
-0.14491
-0.148067
-0.151192
-0.154288
-0.157362
-0.160418
-0.163461
-0.16649
-0.169507
-0.172517
-0.175556
-0.178611
-0.181676
-0.18476
-0.187876
-0.191039
-0.194233
-0.197467
-0.20073
-0.204047
-0.207418
-0.210828
-0.214281
-0.217786
-0.221359
-0.224997
-0.228724
-0.232547
-0.236476
-0.240556
-0.244767
-0.249171
-0.253762
-0.258563
-0.263569
-0.26878
-0.274241
-0.279949
-0.285908
-0.292182
-0.29884
-0.305784
-0.313111
-0.321014
-0.329239
-0.337835
-0.347092
-0.357208
-0.367746
-0.378493
-0.389935
-0.402402
-0.415603
-0.429138
-0.442997
-0.457783
-0.47438
-0.492875
-0.512805
-0.533012
-0.551319
-0.566344
-0.578271
-0.588967
-0.60366
-0.628267
-0.659888
-0.693746
-0.728861
-0.748267
-0.754468
-0.751012
-0.0428054
-0.047346
-0.0518344
-0.0562684
-0.0606283
-0.0649172
-0.0691444
-0.073331
-0.0774651
-0.0815323
-0.0855256
-0.089477
-0.0933868
-0.0972264
-0.101004
-0.104741
-0.108428
-0.112054
-0.115625
-0.119144
-0.122621
-0.126045
-0.129413
-0.132739
-0.136037
-0.139293
-0.142499
-0.145673
-0.148815
-0.151926
-0.155016
-0.158088
-0.161138
-0.164185
-0.167222
-0.170235
-0.173225
-0.17623
-0.179253
-0.18228
-0.185305
-0.188338
-0.19139
-0.194456
-0.197537
-0.20063
-0.20374
-0.206875
-0.210037
-0.213244
-0.216504
-0.219812
-0.223185
-0.226655
-0.230245
-0.233966
-0.237829
-0.241826
-0.245977
-0.250311
-0.254803
-0.25947
-0.264324
-0.269373
-0.274669
-0.280175
-0.286018
-0.292211
-0.298695
-0.305618
-0.312992
-0.320772
-0.329007
-0.337962
-0.347563
-0.357483
-0.368153
-0.37987
-0.392592
-0.405935
-0.419872
-0.434976
-0.451343
-0.468542
-0.485806
-0.502916
-0.520356
-0.540004
-0.563584
-0.591172
-0.622356
-0.653315
-0.679307
-0.697548
-0.706896
-0.703375
-0.701565
-0.716554
-0.739456
-0.77619
-0.0460743
-0.0507467
-0.0553577
-0.0598859
-0.0643498
-0.0687589
-0.0731017
-0.0773682
-0.0815628
-0.0856823
-0.0897338
-0.0937333
-0.0976696
-0.101534
-0.105332
-0.109083
-0.112786
-0.116431
-0.120009
-0.123531
-0.127008
-0.13043
-0.133802
-0.137139
-0.140442
-0.143685
-0.14688
-0.150039
-0.153163
-0.156251
-0.15931
-0.162346
-0.165361
-0.168352
-0.171325
-0.174275
-0.177214
-0.180134
-0.183036
-0.185927
-0.188809
-0.191694
-0.194581
-0.197464
-0.20034
-0.203222
-0.206131
-0.209078
-0.212079
-0.215128
-0.218243
-0.22144
-0.22474
-0.228143
-0.23165
-0.235281
-0.239013
-0.242862
-0.246831
-0.250911
-0.255143
-0.259531
-0.264111
-0.268897
-0.273931
-0.279264
-0.284906
-0.290849
-0.297162
-0.30393
-0.311018
-0.318596
-0.326804
-0.335503
-0.3448
-0.35495
-0.366121
-0.377973
-0.390493
-0.404245
-0.41939
-0.43576
-0.453215
-0.471885
-0.492639
-0.515892
-0.540702
-0.565916
-0.590029
-0.6124
-0.635574
-0.664406
-0.702233
-0.750035
-0.805575
-0.860496
-0.904083
-0.929653
-0.924969
-0.915206
-0.0497088
-0.0544399
-0.0591041
-0.0636889
-0.0682116
-0.0726846
-0.0770962
-0.0814263
-0.0856859
-0.0898782
-0.0940041
-0.0980544
-0.102037
-0.105951
-0.109802
-0.113598
-0.117339
-0.121005
-0.124592
-0.128121
-0.131602
-0.135033
-0.138408
-0.141725
-0.144984
-0.148201
-0.151374
-0.154501
-0.157587
-0.160628
-0.163624
-0.166582
-0.16951
-0.172411
-0.175276
-0.178113
-0.180915
-0.183684
-0.18643
-0.189159
-0.191876
-0.194591
-0.197307
-0.200031
-0.202772
-0.205541
-0.208342
-0.211191
-0.214102
-0.217083
-0.220126
-0.223231
-0.226398
-0.229635
-0.232935
-0.236306
-0.239753
-0.243294
-0.246919
-0.250676
-0.2546
-0.258692
-0.26301
-0.267547
-0.272335
-0.277388
-0.282666
-0.288291
-0.294233
-0.300498
-0.307214
-0.314454
-0.32219
-0.330465
-0.339587
-0.349407
-0.359845
-0.371363
-0.384188
-0.398419
-0.413722
-0.430406
-0.448959
-0.469432
-0.491389
-0.514869
-0.540178
-0.569161
-0.603741
-0.643442
-0.686919
-0.732469
-0.779101
-0.826736
-0.878034
-0.95138
-1.05039
-1.14019
-1.14664
-1.08154
-0.0539034
-0.0586896
-0.0634144
-0.068058
-0.0726184
-0.0771206
-0.081562
-0.0859312
-0.0902229
-0.0944393
-0.0985718
-0.102634
-0.106644
-0.110596
-0.114478
-0.118284
-0.12202
-0.125684
-0.129286
-0.132825
-0.136309
-0.139732
-0.143086
-0.14637
-0.149597
-0.152775
-0.155895
-0.158957
-0.161961
-0.164914
-0.167815
-0.170669
-0.173488
-0.176267
-0.17901
-0.181713
-0.184387
-0.187037
-0.189668
-0.192287
-0.194906
-0.197525
-0.200151
-0.202798
-0.205468
-0.208153
-0.210862
-0.213601
-0.216379
-0.219185
-0.222017
-0.224871
-0.22775
-0.230671
-0.233646
-0.236678
-0.239793
-0.243001
-0.246353
-0.249847
-0.253501
-0.257337
-0.261354
-0.26555
-0.269933
-0.27451
-0.279326
-0.284414
-0.289763
-0.29552
-0.301722
-0.308265
-0.315354
-0.32303
-0.331284
-0.340201
-0.350087
-0.361058
-0.372869
-0.385746
-0.400297
-0.416684
-0.435139
-0.455595
-0.478642
-0.504888
-0.533815
-0.564293
-0.595733
-0.628318
-0.664709
-0.710295
-0.76624
-0.826805
-0.883096
-0.935002
-1.00762
-1.09302
-1.1467
-1.15102
-0.0583696
-0.063245
-0.068054
-0.0727784
-0.0774146
-0.0819735
-0.0864627
-0.090869
-0.0951861
-0.0994201
-0.10358
-0.107677
-0.111706
-0.115665
-0.119538
-0.123328
-0.127044
-0.130694
-0.134278
-0.13779
-0.141234
-0.144608
-0.147912
-0.151144
-0.154313
-0.15742
-0.160468
-0.163453
-0.166379
-0.169252
-0.172077
-0.174855
-0.177584
-0.180274
-0.18293
-0.185557
-0.188154
-0.190727
-0.193283
-0.195822
-0.198348
-0.200871
-0.203393
-0.205909
-0.208418
-0.210928
-0.213436
-0.21594
-0.218432
-0.220933
-0.223453
-0.225994
-0.228554
-0.231164
-0.233837
-0.236604
-0.239466
-0.242442
-0.245543
-0.24875
-0.252082
-0.255524
-0.259077
-0.262777
-0.266602
-0.270638
-0.274878
-0.279362
-0.284172
-0.28927
-0.294672
-0.300452
-0.306695
-0.313326
-0.32046
-0.328369
-0.336849
-0.346109
-0.356404
-0.368067
-0.381115
-0.395363
-0.41136
-0.429522
-0.450129
-0.47321
-0.499387
-0.529334
-0.563616
-0.599901
-0.634454
-0.662843
-0.677626
-0.672543
-0.651327
-0.623411
-0.633478
-0.729922
-0.912932
-1.17531
-0.0629738
-0.0679536
-0.0728548
-0.0776695
-0.0823883
-0.0870129
-0.0915524
-0.0960066
-0.100378
-0.104668
-0.10888
-0.113004
-0.117039
-0.120995
-0.124874
-0.12867
-0.132384
-0.136018
-0.139575
-0.143062
-0.146476
-0.149814
-0.153073
-0.15626
-0.159374
-0.162425
-0.165412
-0.168333
-0.171192
-0.173997
-0.176756
-0.17946
-0.182111
-0.184714
-0.187284
-0.189819
-0.192319
-0.194783
-0.197208
-0.1996
-0.201971
-0.20432
-0.206637
-0.208918
-0.211174
-0.213413
-0.21564
-0.217853
-0.220063
-0.222284
-0.22453
-0.226811
-0.229142
-0.231526
-0.23399
-0.236523
-0.239124
-0.241791
-0.244515
-0.247305
-0.250154
-0.253071
-0.256091
-0.25923
-0.262523
-0.265996
-0.269646
-0.273519
-0.277599
-0.281849
-0.286412
-0.291235
-0.296338
-0.301858
-0.307833
-0.314268
-0.321206
-0.328923
-0.337426
-0.346563
-0.356857
-0.368749
-0.382672
-0.398928
-0.417725
-0.43993
-0.466194
-0.496733
-0.532051
-0.574504
-0.6282
-0.694685
-0.773444
-0.858804
-0.941586
-1.03726
-1.15416
-1.28561
-1.39573
-1.52395
-0.0677621
-0.0728357
-0.0778221
-0.0827168
-0.0875122
-0.0922135
-0.0968278
-0.101358
-0.105797
-0.110142
-0.114392
-0.118543
-0.122599
-0.126575
-0.130474
-0.134281
-0.137995
-0.141618
-0.145162
-0.148628
-0.152015
-0.15532
-0.158544
-0.161687
-0.164758
-0.167759
-0.170688
-0.173548
-0.176342
-0.179077
-0.181749
-0.184357
-0.186904
-0.189398
-0.191841
-0.194233
-0.196577
-0.198864
-0.201098
-0.203285
-0.205432
-0.207542
-0.209614
-0.211651
-0.213663
-0.215659
-0.217646
-0.219635
-0.221634
-0.223652
-0.225695
-0.227775
-0.229884
-0.232026
-0.234193
-0.236377
-0.238588
-0.240807
-0.243057
-0.245347
-0.247682
-0.25011
-0.252618
-0.255254
-0.258011
-0.260882
-0.263884
-0.266977
-0.270191
-0.273561
-0.277092
-0.280793
-0.284746
-0.289
-0.293396
-0.298173
-0.303339
-0.308873
-0.314922
-0.321715
-0.329524
-0.338268
-0.348028
-0.359843
-0.374608
-0.393837
-0.419292
-0.454174
-0.500452
-0.563096
-0.646083
-0.757215
-0.918925
-1.15472
-1.49175
-1.97795
-2.58644
-3.06181
-3.04322
-2.53461
-0.0729435
-0.0780924
-0.0831479
-0.088108
-0.0929744
-0.0977478
-0.102426
-0.107008
-0.11149
-0.115877
-0.120167
-0.124357
-0.128449
-0.132448
-0.136357
-0.140173
-0.143891
-0.147513
-0.151045
-0.154491
-0.157851
-0.161122
-0.164303
-0.1674
-0.170415
-0.173347
-0.1762
-0.178975
-0.181676
-0.1843
-0.186849
-0.189327
-0.191739
-0.194084
-0.196359
-0.198571
-0.200724
-0.202818
-0.204858
-0.206847
-0.208796
-0.210704
-0.212578
-0.214426
-0.216253
-0.218063
-0.219866
-0.221673
-0.22348
-0.225282
-0.22708
-0.22887
-0.230655
-0.232428
-0.234184
-0.235939
-0.23769
-0.239455
-0.241246
-0.243079
-0.244982
-0.246947
-0.248979
-0.251081
-0.253221
-0.255412
-0.257643
-0.259905
-0.262273
-0.264694
-0.26721
-0.269855
-0.272545
-0.275277
-0.278084
-0.280986
-0.283884
-0.286755
-0.28982
-0.292729
-0.295543
-0.298469
-0.301704
-0.30531
-0.309042
-0.312764
-0.317478
-0.325137
-0.337016
-0.36049
-0.4023
-0.469507
-0.571118
-0.734253
-1.02003
-1.55572
-2.3689
-3.10397
-3.29629
-2.90754
-0.0786008
-0.0838332
-0.0889658
-0.0939975
-0.0989286
-0.103756
-0.108477
-0.113094
-0.117616
-0.122039
-0.12636
-0.130574
-0.134683
-0.138686
-0.142592
-0.146403
-0.150113
-0.15372
-0.157226
-0.160639
-0.163956
-0.167174
-0.170295
-0.173327
-0.176266
-0.179115
-0.181875
-0.184548
-0.187137
-0.18964
-0.192063
-0.194406
-0.196671
-0.19886
-0.200981
-0.203033
-0.205022
-0.206954
-0.208832
-0.210659
-0.212439
-0.214179
-0.215883
-0.217555
-0.219198
-0.220813
-0.222397
-0.223948
-0.225468
-0.226957
-0.228411
-0.22983
-0.231218
-0.232577
-0.233928
-0.235271
-0.236623
-0.237998
-0.239396
-0.240834
-0.242289
-0.243766
-0.24525
-0.246718
-0.248187
-0.249646
-0.251119
-0.252619
-0.25414
-0.255679
-0.25724
-0.258773
-0.260224
-0.261701
-0.263081
-0.26429
-0.265391
-0.266191
-0.266608
-0.266357
-0.265382
-0.263212
-0.258982
-0.252054
-0.242145
-0.227635
-0.207155
-0.176751
-0.131062
-0.0640344
0.025957
0.146971
0.308388
0.459422
0.506441
0.325715
-0.278569
-1.22232
-2.16643
-3.08297
-0.0846517
-0.0899804
-0.0951986
-0.100307
-0.105306
-0.110195
-0.114973
-0.119643
-0.124206
-0.12866
-0.133001
-0.137229
-0.141346
-0.145352
-0.149253
-0.153046
-0.156732
-0.160311
-0.163783
-0.167149
-0.170408
-0.173562
-0.176614
-0.179569
-0.182425
-0.185182
-0.187841
-0.190409
-0.192883
-0.195268
-0.197566
-0.19978
-0.201911
-0.203966
-0.205946
-0.207854
-0.209697
-0.211477
-0.213197
-0.214859
-0.216464
-0.218015
-0.219512
-0.220956
-0.222348
-0.223685
-0.224967
-0.226195
-0.227375
-0.228509
-0.229598
-0.23065
-0.231673
-0.232684
-0.233683
-0.234681
-0.235684
-0.236684
-0.237681
-0.238657
-0.239603
-0.240521
-0.241389
-0.242229
-0.243043
-0.243831
-0.244622
-0.245376
-0.246099
-0.246776
-0.247334
-0.247818
-0.248195
-0.24845
-0.248525
-0.248463
-0.248227
-0.247639
-0.246773
-0.245561
-0.243599
-0.240931
-0.237105
-0.231763
-0.223543
-0.210428
-0.190752
-0.162054
-0.121313
-0.0608302
0.0234703
0.154527
0.354387
0.565722
0.648007
0.469303
-0.0102947
-0.765704
-1.83119
-3.19211
-0.0910308
-0.0964614
-0.101773
-0.10697
-0.112053
-0.117018
-0.121862
-0.126584
-0.131186
-0.135672
-0.14004
-0.144289
-0.148418
-0.15243
-0.156324
-0.160101
-0.163762
-0.167313
-0.170748
-0.174066
-0.177268
-0.180362
-0.183349
-0.186228
-0.188999
-0.191666
-0.194233
-0.196698
-0.199067
-0.201338
-0.203516
-0.205603
-0.207603
-0.209516
-0.211348
-0.213101
-0.214776
-0.216374
-0.217896
-0.219344
-0.220719
-0.22202
-0.22325
-0.22441
-0.225502
-0.226531
-0.227496
-0.228401
-0.229256
-0.230066
-0.230842
-0.231585
-0.232305
-0.232999
-0.233671
-0.234322
-0.234934
-0.235507
-0.236026
-0.236487
-0.236894
-0.23724
-0.237547
-0.23781
-0.238032
-0.238215
-0.238338
-0.238377
-0.238319
-0.238123
-0.237785
-0.237324
-0.236651
-0.235786
-0.234728
-0.233339
-0.231667
-0.229676
-0.227408
-0.224874
-0.222096
-0.219562
-0.217104
-0.215317
-0.214882
-0.217506
-0.223502
-0.234283
-0.250584
-0.275593
-0.314252
-0.384984
-0.532625
-0.820022
-1.35711
-2.19486
-3.24687
-4.31777
-5.08552
-5.30082
-0.0977638
-0.103303
-0.108719
-0.114012
-0.11918
-0.124218
-0.129125
-0.133902
-0.138554
-0.143084
-0.147488
-0.151761
-0.155903
-0.159919
-0.163811
-0.167577
-0.17122
-0.174742
-0.17814
-0.181413
-0.184566
-0.187601
-0.190519
-0.193321
-0.196011
-0.19859
-0.201057
-0.203416
-0.205669
-0.207814
-0.209855
-0.211796
-0.213639
-0.21539
-0.217047
-0.218607
-0.220071
-0.221446
-0.222734
-0.223938
-0.225056
-0.226092
-0.227047
-0.227928
-0.228738
-0.229479
-0.230159
-0.230788
-0.231366
-0.231899
-0.232387
-0.232832
-0.233232
-0.233582
-0.23388
-0.234112
-0.234278
-0.234376
-0.234403
-0.234371
-0.234272
-0.234124
-0.233922
-0.233658
-0.233336
-0.232913
-0.232384
-0.231723
-0.2309
-0.22993
-0.228776
-0.227418
-0.225832
-0.223977
-0.221796
-0.219199
-0.21628
-0.212818
-0.208786
-0.204242
-0.199079
-0.193429
-0.187634
-0.182206
-0.178164
-0.176778
-0.180935
-0.196358
-0.232313
-0.304828
-0.426729
-0.645498
-1.05122
-1.73679
-2.77663
-4.12209
-5.5262
-6.60018
-6.96232
-6.36404
-0.104961
-0.110608
-0.116121
-0.1215
-0.126743
-0.13185
-0.136825
-0.141666
-0.146373
-0.150945
-0.155378
-0.159674
-0.163832
-0.167855
-0.171745
-0.175503
-0.179127
-0.182617
-0.185975
-0.189204
-0.192304
-0.195275
-0.198119
-0.200839
-0.203438
-0.205914
-0.208268
-0.210502
-0.212617
-0.214618
-0.216506
-0.218285
-0.219953
-0.221513
-0.222964
-0.224311
-0.225559
-0.226708
-0.227762
-0.228723
-0.229593
-0.230377
-0.231081
-0.231709
-0.232264
-0.232751
-0.233176
-0.233536
-0.233832
-0.234065
-0.234235
-0.234337
-0.234364
-0.234317
-0.23419
-0.233988
-0.233711
-0.23336
-0.232947
-0.232467
-0.231928
-0.231325
-0.230646
-0.229881
-0.229001
-0.227993
-0.226848
-0.22554
-0.22407
-0.222422
-0.22054
-0.218423
-0.215997
-0.213177
-0.20998
-0.206268
-0.20199
-0.196997
-0.191228
-0.184555
-0.176636
-0.167366
-0.156493
-0.143327
-0.12806
-0.11036
-0.0909412
-0.0685957
-0.0463087
-0.0308615
-0.0258955
-0.0649705
-0.242965
-0.662132
-1.38734
-2.37791
-3.5021
-4.55429
-5.28893
-5.50581
-0.112712
-0.118459
-0.124063
-0.129523
-0.134842
-0.140022
-0.145064
-0.149962
-0.154711
-0.159314
-0.163773
-0.16809
-0.172261
-0.176289
-0.180172
-0.183912
-0.187508
-0.19096
-0.194274
-0.19745
-0.200488
-0.203385
-0.206145
-0.208771
-0.211262
-0.213621
-0.21585
-0.217948
-0.219918
-0.221766
-0.223491
-0.225094
-0.226575
-0.227939
-0.229191
-0.230337
-0.231375
-0.232309
-0.233139
-0.233872
-0.234512
-0.235065
-0.235531
-0.235913
-0.236212
-0.236431
-0.236566
-0.236622
-0.236595
-0.236483
-0.236287
-0.236003
-0.235635
-0.235182
-0.234648
-0.234041
-0.23336
-0.232615
-0.231798
-0.230915
-0.229954
-0.2289
-0.227745
-0.226466
-0.225061
-0.22352
-0.221827
-0.219991
-0.217973
-0.215768
-0.21332
-0.210608
-0.207552
-0.20412
-0.200235
-0.195728
-0.190518
-0.184448
-0.177121
-0.168406
-0.157753
-0.144733
-0.128623
-0.108364
-0.0827291
-0.049516
-0.00665429
0.0493983
0.119663
0.206868
0.318796
0.443364
0.466447
0.272136
-0.145637
-0.763723
-1.57274
-2.55444
-3.6709
-4.77262
-0.121021
-0.126871
-0.132574
-0.138126
-0.143528
-0.14878
-0.153881
-0.158826
-0.163615
-0.168251
-0.172736
-0.17707
-0.181249
-0.18527
-0.189137
-0.192851
-0.196414
-0.199826
-0.203089
-0.206202
-0.209165
-0.211979
-0.214647
-0.217168
-0.219546
-0.221785
-0.223883
-0.225842
-0.227665
-0.229353
-0.230909
-0.232337
-0.23364
-0.23482
-0.235881
-0.236825
-0.237654
-0.238371
-0.238981
-0.239486
-0.23989
-0.240192
-0.240393
-0.240496
-0.240502
-0.24041
-0.240221
-0.239937
-0.239555
-0.239077
-0.238507
-0.237849
-0.237107
-0.236283
-0.235383
-0.234408
-0.233361
-0.232237
-0.231031
-0.229735
-0.228335
-0.226825
-0.225197
-0.223443
-0.221569
-0.219556
-0.217413
-0.215118
-0.21265
-0.209997
-0.207117
-0.203979
-0.200585
-0.196845
-0.192755
-0.188207
-0.183111
-0.177294
-0.170461
-0.162443
-0.152505
-0.139995
-0.124
-0.102907
-0.0748911
-0.0376063
0.0123036
0.0802818
0.171701
0.287821
0.4349
0.605458
0.680225
0.54944
0.221738
-0.27884
-1.03847
-2.1216
-3.50125
-5.09405
-0.129862
-0.135829
-0.14164
-0.147291
-0.15278
-0.158106
-0.163267
-0.168266
-0.173103
-0.177777
-0.182288
-0.186634
-0.190814
-0.194828
-0.198677
-0.202366
-0.205895
-0.209263
-0.212468
-0.215512
-0.218396
-0.221123
-0.223696
-0.226113
-0.228378
-0.230491
-0.232455
-0.234272
-0.235943
-0.237473
-0.238863
-0.240119
-0.241239
-0.242226
-0.243085
-0.243817
-0.244425
-0.244912
-0.24528
-0.24553
-0.245664
-0.245682
-0.245588
-0.245384
-0.245071
-0.244649
-0.24412
-0.243488
-0.242758
-0.241933
-0.241016
-0.24001
-0.238921
-0.237751
-0.236498
-0.235163
-0.233739
-0.232223
-0.230605
-0.228879
-0.227046
-0.225097
-0.223033
-0.220854
-0.218555
-0.216141
-0.21359
-0.210897
-0.208042
-0.205017
-0.201806
-0.198411
-0.194827
-0.19102
-0.187036
-0.182803
-0.178335
-0.173682
-0.168748
-0.163559
-0.157984
-0.151888
-0.144938
-0.136323
-0.12498
-0.109119
-0.0859561
-0.052126
-0.00339952
0.0625067
0.152849
0.264147
0.279131
0.0661737
-0.38722
-1.00168
-1.7431
-2.64239
-3.71193
-4.85712
-0.139237
-0.145329
-0.151255
-0.157011
-0.162592
-0.167999
-0.173232
-0.178295
-0.183183
-0.187895
-0.192431
-0.196792
-0.200978
-0.204988
-0.208825
-0.21249
-0.21598
-0.219299
-0.222445
-0.225421
-0.228227
-0.230868
-0.233343
-0.235652
-0.237797
-0.239781
-0.241606
-0.243276
-0.244792
-0.246157
-0.247371
-0.248437
-0.249357
-0.250136
-0.250774
-0.251274
-0.251638
-0.251869
-0.251969
-0.251939
-0.251781
-0.251501
-0.251098
-0.250578
-0.249942
-0.249193
-0.248337
-0.247377
-0.246316
-0.24516
-0.24391
-0.242568
-0.241136
-0.23961
-0.23799
-0.236271
-0.234451
-0.232526
-0.230493
-0.228354
-0.226105
-0.22375
-0.221291
-0.218721
-0.216039
-0.213234
-0.210293
-0.207217
-0.203986
-0.200614
-0.197104
-0.193466
-0.189725
-0.185905
-0.182061
-0.178244
-0.174581
-0.171192
-0.168233
-0.166048
-0.165038
-0.165611
-0.16872
-0.175302
-0.186745
-0.20502
-0.231869
-0.271753
-0.326875
-0.404027
-0.524175
-0.731692
-1.13463
-1.80009
-2.70431
-3.69331
-4.57905
-5.25566
-5.65893
-5.7504
-0.149198
-0.15542
-0.161466
-0.167329
-0.173007
-0.1785
-0.183811
-0.188939
-0.19388
-0.198632
-0.203198
-0.207578
-0.211773
-0.215782
-0.219606
-0.223244
-0.226696
-0.229966
-0.233054
-0.235961
-0.238687
-0.241235
-0.243605
-0.245798
-0.247817
-0.249665
-0.251345
-0.252858
-0.254203
-0.255385
-0.256406
-0.257267
-0.257972
-0.258523
-0.258923
-0.259174
-0.259278
-0.259238
-0.259057
-0.258739
-0.258289
-0.257708
-0.257001
-0.25617
-0.255221
-0.254159
-0.252986
-0.251703
-0.250314
-0.248822
-0.247226
-0.245528
-0.243727
-0.241822
-0.239811
-0.237694
-0.235472
-0.233146
-0.230718
-0.228188
-0.225558
-0.222829
-0.219994
-0.217048
-0.213982
-0.210786
-0.207458
-0.203988
-0.200377
-0.196634
-0.192752
-0.188762
-0.184679
-0.180538
-0.176429
-0.172476
-0.168824
-0.1658
-0.163729
-0.163189
-0.164952
-0.169985
-0.180116
-0.197102
-0.224628
-0.267074
-0.331607
-0.431739
-0.581184
-0.803292
-1.15591
-1.75353
-2.68798
-3.89665
-5.27467
-6.62073
-7.62226
-8.05054
-7.84407
-7.07099
-0.159837
-0.166191
-0.172355
-0.178326
-0.1841
-0.189679
-0.195065
-0.200258
-0.205251
-0.210046
-0.214642
-0.219042
-0.223245
-0.227249
-0.231056
-0.234666
-0.238079
-0.241297
-0.244322
-0.247153
-0.249791
-0.252238
-0.254496
-0.256567
-0.258453
-0.260155
-0.261676
-0.263016
-0.264177
-0.265165
-0.265981
-0.266628
-0.267106
-0.267418
-0.267569
-0.267562
-0.267401
-0.267089
-0.266628
-0.266023
-0.26528
-0.264402
-0.263392
-0.262253
-0.260989
-0.259604
-0.2581
-0.25648
-0.254743
-0.252891
-0.250925
-0.248845
-0.246655
-0.244357
-0.241952
-0.239444
-0.236833
-0.234127
-0.231325
-0.228428
-0.225435
-0.222336
-0.219133
-0.215811
-0.212368
-0.208792
-0.205079
-0.201225
-0.197221
-0.193061
-0.188739
-0.184245
-0.179595
-0.174774
-0.169855
-0.164862
-0.159905
-0.155252
-0.15104
-0.147957
-0.146683
-0.148378
-0.154918
-0.168725
-0.194113
-0.236146
-0.304078
-0.412645
-0.579823
-0.834362
-1.26244
-2.02474
-3.11478
-4.38778
-5.74518
-7.10981
-8.04014
-8.37567
-8.0775
-7.23074
-0.17122
-0.177706
-0.18399
-0.19007
-0.195941
-0.201607
-0.207069
-0.212324
-0.217369
-0.222204
-0.22683
-0.231245
-0.235451
-0.239447
-0.243233
-0.24681
-0.250178
-0.253339
-0.256292
-0.25904
-0.261582
-0.263922
-0.266062
-0.268002
-0.269742
-0.271286
-0.272637
-0.273799
-0.27477
-0.275556
-0.276158
-0.27658
-0.276825
-0.276894
-0.276793
-0.276525
-0.276096
-0.275509
-0.274766
-0.273869
-0.272825
-0.271639
-0.270314
-0.268852
-0.267254
-0.265524
-0.263665
-0.261678
-0.259565
-0.257331
-0.254977
-0.252506
-0.249923
-0.247234
-0.244443
-0.241555
-0.238573
-0.235499
-0.232331
-0.229071
-0.225712
-0.222252
-0.218683
-0.215001
-0.211201
-0.207278
-0.203222
-0.199026
-0.194658
-0.190108
-0.185334
-0.180292
-0.174971
-0.169272
-0.163199
-0.156654
-0.14959
-0.141975
-0.133698
-0.12483
-0.115371
-0.105517
-0.095835
-0.0873877
-0.0818747
-0.0830012
-0.0963006
-0.133818
-0.211026
-0.347943
-0.639811
-1.24615
-2.14763
-3.14356
-4.2268
-5.32393
-6.20257
-6.67535
-6.70545
-6.34799
-0.18336
-0.189985
-0.196396
-0.20259
-0.208566
-0.214324
-0.219863
-0.225183
-0.230282
-0.235157
-0.239808
-0.244238
-0.248445
-0.252429
-0.256191
-0.25973
-0.263048
-0.266146
-0.269023
-0.271681
-0.274121
-0.276346
-0.27836
-0.28016
-0.281747
-0.283127
-0.284305
-0.285281
-0.286055
-0.286631
-0.28701
-0.287202
-0.287208
-0.287029
-0.286669
-0.286132
-0.285422
-0.284545
-0.283503
-0.282299
-0.280937
-0.279422
-0.277758
-0.275945
-0.273988
-0.271889
-0.269653
-0.267281
-0.264779
-0.262151
-0.259405
-0.256543
-0.253572
-0.250499
-0.247326
-0.244061
-0.240704
-0.237256
-0.233717
-0.230084
-0.226358
-0.222536
-0.218618
-0.214605
-0.210492
-0.206279
-0.201947
-0.197488
-0.192863
-0.188047
-0.182979
-0.177599
-0.171825
-0.165523
-0.158555
-0.150715
-0.141703
-0.131243
-0.118873
-0.103973
-0.0860706
-0.0639256
-0.0367202
-0.0028262
0.0395688
0.0912541
0.155211
0.226637
0.298511
0.35757
0.302233
-0.0232844
-0.647731
-1.36217
-2.15451
-3.0034
-3.87365
-4.71845
-5.46047
-6.03147
-0.196264
-0.203039
-0.209587
-0.215906
-0.221994
-0.227849
-0.233471
-0.23886
-0.244015
-0.248932
-0.253611
-0.258056
-0.262265
-0.266237
-0.269972
-0.273471
-0.276735
-0.279766
-0.282564
-0.285129
-0.287464
-0.289569
-0.291447
-0.293101
-0.294532
-0.295743
-0.296737
-0.297517
-0.298085
-0.298443
-0.298596
-0.298547
-0.2983
-0.297858
-0.297223
-0.296399
-0.295392
-0.294205
-0.292843
-0.291309
-0.289605
-0.287738
-0.28571
-0.283525
-0.281189
-0.278706
-0.276081
-0.273317
-0.270421
-0.267397
-0.264254
-0.260997
-0.257633
-0.254167
-0.250603
-0.246945
-0.243195
-0.239356
-0.235427
-0.231413
-0.227318
-0.223142
-0.218897
-0.214581
-0.210202
-0.205754
-0.201231
-0.196618
-0.191891
-0.187013
-0.181945
-0.176608
-0.170916
-0.164733
-0.157839
-0.150021
-0.140807
-0.12978
-0.116134
-0.0989138
-0.077011
-0.0484316
-0.0115441
0.036642
0.0993213
0.179631
0.283609
0.411481
0.560275
0.724402
0.822768
0.762063
-0.235493
-0.591769
-1.05884
-1.66729
-2.52377
-3.66317
-4.9935
-6.36609
-0.20997
-0.216903
-0.223597
-0.230048
-0.236254
-0.242212
-0.247921
-0.253385
-0.258601
-0.263563
-0.268275
-0.272735
-0.276947
-0.280907
-0.284617
-0.288076
-0.291284
-0.294245
-0.296958
-0.299428
-0.301652
-0.303632
-0.305371
-0.306872
-0.308139
-0.309173
-0.309973
-0.310546
-0.310897
-0.311025
-0.310936
-0.31063
-0.310113
-0.309389
-0.30846
-0.307331
-0.306006
-0.304489
-0.302786
-0.3009
-0.298835
-0.296598
-0.294194
-0.291626
-0.288899
-0.286022
-0.282999
-0.279835
-0.276535
-0.273108
-0.269556
-0.26589
-0.262116
-0.258234
-0.254251
-0.250173
-0.246005
-0.24175
-0.237415
-0.233007
-0.228535
-0.224008
-0.219437
-0.214834
-0.210205
-0.20556
-0.2009
-0.196224
-0.191534
-0.186813
-0.182054
-0.177204
-0.172226
-0.167002
-0.161395
-0.155213
-0.148102
-0.1397
-0.129321
-0.116121
-0.0989152
-0.0759433
-0.0450647
-0.00332934
0.0527315
0.126428
0.221798
0.338334
0.46455
0.587562
0.62083
0.419629
-0.0380502
-0.471937
-0.890668
-1.44357
-2.30261
-3.50699
-4.94896
-6.4797
-0.224544
-0.231643
-0.238488
-0.245075
-0.251402
-0.257467
-0.263269
-0.268812
-0.27409
-0.279102
-0.283847
-0.288326
-0.292539
-0.296487
-0.300171
-0.303588
-0.306738
-0.309627
-0.312254
-0.314621
-0.316728
-0.318576
-0.320168
-0.321509
-0.322601
-0.323445
-0.324041
-0.324396
-0.324515
-0.324399
-0.324049
-0.32347
-0.322667
-0.321644
-0.320402
-0.318949
-0.31729
-0.315427
-0.313367
-0.311113
-0.308674
-0.306055
-0.303262
-0.300299
-0.297172
-0.293888
-0.290454
-0.286874
-0.283154
-0.279301
-0.275318
-0.271214
-0.266995
-0.262668
-0.258239
-0.253712
-0.249098
-0.244404
-0.239639
-0.234813
-0.229941
-0.225036
-0.220114
-0.215192
-0.210287
-0.205422
-0.200614
-0.195893
-0.191284
-0.186818
-0.182528
-0.178442
-0.174596
-0.170989
-0.167639
-0.164482
-0.161455
-0.158385
-0.155001
-0.150921
-0.145559
-0.138149
-0.127506
-0.11239
-0.0906564
-0.0605117
-0.0205295
0.0290597
0.07695
0.108474
0.0632039
-0.173142
-0.633939
-1.17092
-1.69308
-2.26638
-3.00328
-3.9596
-5.09498
-6.26442
-0.240059
-0.247329
-0.25433
-0.261059
-0.267511
-0.273687
-0.279587
-0.28521
-0.290552
-0.295614
-0.300394
-0.304891
-0.309105
-0.31304
-0.316694
-0.320066
-0.323156
-0.325966
-0.3285
-0.330758
-0.33274
-0.334449
-0.335887
-0.337055
-0.33796
-0.338602
-0.338983
-0.339107
-0.338979
-0.338603
-0.337979
-0.337111
-0.336007
-0.334669
-0.3331
-0.331308
-0.329299
-0.327077
-0.324646
-0.322012
-0.319184
-0.316167
-0.312969
-0.309594
-0.306049
-0.302339
-0.29847
-0.294448
-0.290279
-0.28597
-0.281525
-0.276952
-0.272261
-0.267458
-0.262551
-0.257548
-0.25246
-0.247297
-0.24207
-0.236789
-0.23147
-0.226131
-0.22079
-0.21547
-0.210201
-0.205015
-0.199953
-0.195066
-0.190413
-0.186077
-0.18214
-0.178723
-0.175948
-0.173982
-0.173018
-0.173275
-0.175046
-0.17861
-0.184342
-0.192601
-0.203796
-0.218441
-0.237121
-0.260921
-0.29107
-0.33076
-0.384775
-0.459894
-0.570777
-0.741654
-1.01127
-1.44847
-2.14419
-3.02305
-3.88633
-4.62741
-5.27021
-5.8418
-6.32966
-6.68916
-0.256576
-0.264024
-0.271189
-0.278064
-0.284649
-0.290942
-0.296941
-0.302645
-0.308053
-0.313166
-0.317981
-0.322494
-0.32671
-0.330629
-0.334252
-0.337574
-0.340597
-0.343324
-0.345757
-0.3479
-0.349751
-0.351311
-0.352582
-0.35357
-0.354276
-0.354704
-0.354857
-0.354737
-0.354349
-0.353699
-0.352786
-0.351616
-0.350197
-0.34853
-0.346619
-0.344472
-0.342097
-0.339498
-0.33668
-0.333648
-0.330411
-0.326976
-0.323349
-0.319538
-0.315548
-0.311383
-0.30705
-0.302555
-0.297907
-0.293111
-0.288175
-0.283106
-0.277915
-0.272611
-0.2672
-0.261693
-0.256101
-0.250432
-0.244696
-0.238904
-0.233073
-0.227217
-0.221358
-0.215522
-0.209746
-0.204068
-0.198542
-0.19323
-0.188219
-0.183618
-0.179563
-0.176239
-0.173868
-0.172745
-0.173244
-0.175832
-0.181123
-0.189914
-0.203213
-0.222349
-0.249123
-0.285719
-0.335356
-0.402021
-0.491229
-0.612516
-0.777693
-1.00127
-1.30983
-1.75286
-2.38491
-3.23104
-4.31512
-5.57045
-6.78745
-7.73771
-8.31194
-8.50632
-8.36203
-7.91781
-0.27414
-0.281776
-0.289114
-0.296146
-0.302871
-0.309285
-0.315388
-0.321179
-0.326657
-0.331821
-0.336669
-0.341201
-0.345416
-0.349319
-0.352905
-0.356174
-0.359126
-0.361764
-0.364092
-0.366111
-0.367821
-0.369225
-0.370322
-0.371117
-0.371614
-0.371817
-0.371729
-0.371354
-0.370695
-0.369754
-0.368537
-0.367051
-0.3653
-0.363287
-0.361016
-0.358495
-0.355733
-0.352734
-0.349506
-0.346053
-0.342381
-0.338501
-0.334417
-0.330139
-0.325673
-0.321025
-0.3162
-0.311205
-0.30605
-0.300743
-0.29529
-0.2897
-0.283986
-0.278155
-0.272215
-0.266173
-0.260039
-0.253821
-0.247525
-0.241162
-0.234743
-0.228283
-0.2218
-0.215317
-0.208864
-0.202479
-0.196211
-0.190124
-0.184299
-0.17885
-0.173924
-0.169721
-0.166505
-0.164622
-0.164549
-0.166914
-0.172525
-0.182537
-0.198351
-0.221993
-0.256162
-0.304387
-0.372208
-0.466218
-0.596894
-0.780775
-1.0355
-1.38374
-1.87594
-2.60354
-3.64351
-4.97553
-6.49511
-8.02587
-9.35058
-10.2736
-10.6905
-10.5903
-10.0133
-9.02952
-0.292803
-0.300634
-0.308153
-0.315352
-0.322225
-0.328768
-0.334982
-0.340864
-0.346415
-0.351636
-0.356523
-0.361072
-0.365287
-0.369168
-0.372715
-0.375929
-0.378808
-0.381354
-0.383569
-0.385456
-0.387018
-0.388257
-0.38917
-0.389763
-0.39004
-0.390005
-0.389664
-0.389018
-0.388071
-0.386826
-0.38529
-0.383469
-0.381367
-0.378985
-0.376333
-0.373417
-0.370244
-0.366821
-0.363153
-0.359248
-0.355114
-0.350759
-0.34619
-0.341416
-0.336446
-0.331286
-0.325943
-0.320423
-0.314738
-0.308895
-0.302902
-0.296769
-0.290506
-0.284121
-0.277621
-0.271013
-0.264303
-0.257496
-0.250597
-0.243611
-0.236547
-0.229411
-0.222216
-0.214973
-0.207699
-0.200414
-0.193144
-0.185928
-0.17882
-0.171899
-0.165273
-0.159086
-0.15356
-0.148961
-0.145714
-0.144362
-0.145676
-0.150806
-0.161172
-0.179002
-0.207179
-0.249865
-0.313281
-0.40524
-0.53931
-0.736031
-1.01572
-1.41382
-2.01954
-2.97976
-4.38371
-6.16764
-8.10617
-9.79312
-10.974
-11.575
-11.657
-11.28
-10.4708
-9.27955
-0.312622
-0.320664
-0.328371
-0.335741
-0.342769
-0.34945
-0.35578
-0.361758
-0.367387
-0.372668
-0.377596
-0.382166
-0.38638
-0.390239
-0.393748
-0.396903
-0.399705
-0.402153
-0.404251
-0.406001
-0.407406
-0.408469
-0.409187
-0.409568
-0.409615
-0.409331
-0.408719
-0.407786
-0.406533
-0.404967
-0.403092
-0.400916
-0.398439
-0.395667
-0.392609
-0.389272
-0.385664
-0.381787
-0.377652
-0.373268
-0.368643
-0.363785
-0.358701
-0.353405
-0.347903
-0.342204
-0.336315
-0.330245
-0.324004
-0.3176
-0.311041
-0.304337
-0.297498
-0.290533
-0.283445
-0.276242
-0.268927
-0.261506
-0.253979
-0.246346
-0.238609
-0.230768
-0.222822
-0.214767
-0.206598
-0.198309
-0.189889
-0.181335
-0.172641
-0.163821
-0.154888
-0.145877
-0.136859
-0.127917
-0.119249
-0.111087
-0.103856
-0.0981977
-0.0949789
-0.0956864
-0.102364
-0.118264
-0.148466
-0.200008
-0.285791
-0.425003
-0.638561
-0.97033
-1.53875
-2.52245
-3.98329
-5.86177
-8.21725
-9.83918
-10.8135
-11.1152
-10.9577
-10.5025
-9.78182
-8.80438
-0.333655
-0.34192
-0.349834
-0.357387
-0.364575
-0.371397
-0.377852
-0.383935
-0.389647
-0.394988
-0.399956
-0.404549
-0.408764
-0.412604
-0.41607
-0.419163
-0.421883
-0.424229
-0.426205
-0.427812
-0.429052
-0.429927
-0.430441
-0.430598
-0.4304
-0.42985
-0.428955
-0.427716
-0.426141
-0.424233
-0.421998
-0.41944
-0.416566
-0.413382
-0.409893
-0.406108
-0.402034
-0.397679
-0.39305
-0.388158
-0.383011
-0.377622
-0.371998
-0.36615
-0.360088
-0.353819
-0.347355
-0.340704
-0.333875
-0.326879
-0.319724
-0.312418
-0.304973
-0.297397
-0.289699
-0.281881
-0.273947
-0.265902
-0.257745
-0.249473
-0.241078
-0.232553
-0.223885
-0.215054
-0.206034
-0.196783
-0.187256
-0.177397
-0.167136
-0.156399
-0.145083
-0.133083
-0.120267
-0.106469
-0.091544
-0.0753005
-0.0575765
-0.0382754
-0.0173005
0.0052222
0.0288434
0.0528209
0.0750063
0.0916855
0.0960082
0.0733868
0.00172465
-0.156961
-0.513765
-1.24532
-2.4426
-4.05176
-5.86906
-7.42629
-8.41404
-8.85644
-8.95998
-8.8657
-8.60593
-8.18713
-0.355987
-0.364479
-0.372606
-0.380357
-0.387718
-0.394688
-0.401273
-0.407468
-0.413268
-0.418673
-0.423685
-0.4283
-0.432517
-0.436335
-0.439758
-0.442786
-0.445418
-0.447658
-0.449505
-0.450959
-0.452025
-0.452703
-0.452999
-0.452918
-0.452462
-0.451632
-0.450436
-0.448875
-0.446956
-0.444685
-0.442067
-0.439108
-0.435813
-0.432188
-0.428243
-0.423983
-0.419418
-0.414555
-0.409404
-0.403974
-0.398277
-0.392324
-0.386126
-0.379694
-0.373037
-0.366165
-0.359089
-0.351819
-0.344366
-0.336741
-0.328952
-0.321011
-0.312929
-0.304718
-0.296384
-0.287937
-0.279381
-0.270718
-0.261949
-0.253068
-0.244068
-0.234932
-0.22564
-0.216159
-0.206447
-0.196442
-0.186065
-0.17522
-0.163782
-0.1516
-0.138481
-0.124185
-0.108411
-0.0907748
-0.0708221
-0.0480039
-0.0216037
0.00909972
0.0451257
0.0875585
0.137325
0.195928
0.263568
0.339318
0.422954
0.502396
0.552041
0.542048
0.392241
-0.0349
-0.796423
-1.83266
-3.00291
-4.10674
-5.03209
-5.81128
-6.49465
-7.09566
-7.59214
-7.96518
-0.379688
-0.388432
-0.396786
-0.40474
-0.412279
-0.419406
-0.426125
-0.432434
-0.438328
-0.443803
-0.448859
-0.453499
-0.457717
-0.461514
-0.464893
-0.467852
-0.470394
-0.47252
-0.474229
-0.475521
-0.476403
-0.476874
-0.476942
-0.476609
-0.475876
-0.47475
-0.473235
-0.471333
-0.469051
-0.466396
-0.463376
-0.459991
-0.456248
-0.452159
-0.447731
-0.442968
-0.43788
-0.432479
-0.426774
-0.420775
-0.414494
-0.407944
-0.401131
-0.394073
-0.386781
-0.379266
-0.371536
-0.363603
-0.35548
-0.34718
-0.338718
-0.330104
-0.321352
-0.312473
-0.303484
-0.294393
-0.285208
-0.275937
-0.26658
-0.257137
-0.2476
-0.237954
-0.22818
-0.218241
-0.20809
-0.197662
-0.186863
-0.175578
-0.163657
-0.150911
-0.137099
-0.121914
-0.104968
-0.0857557
-0.0636741
-0.0379966
-0.00777361
0.0279909
0.0706187
0.121615
0.182311
0.254794
0.339634
0.436156
0.544603
0.651343
0.725179
0.734415
0.620123
0.318936
-0.174521
-0.704214
-1.26542
-1.90042
-2.67247
-3.62584
-4.72638
-5.90875
-7.09401
-8.20212
-0.404847
-0.413855
-0.422449
-0.430611
-0.438339
-0.445634
-0.452496
-0.458927
-0.464917
-0.470464
-0.47557
-0.480233
-0.484451
-0.488227
-0.491559
-0.494449
-0.496894
-0.498898
-0.50046
-0.501584
-0.502272
-0.502526
-0.502351
-0.50175
-0.500727
-0.499288
-0.497436
-0.495174
-0.49251
-0.489449
-0.485997
-0.482161
-0.47795
-0.47337
-0.468426
-0.463131
-0.457491
-0.451517
-0.445223
-0.43862
-0.431715
-0.424523
-0.417057
-0.409328
-0.401352
-0.393142
-0.384707
-0.376065
-0.367224
-0.3582
-0.349012
-0.339676
-0.330209
-0.320628
-0.31095
-0.301189
-0.291361
-0.281477
-0.271548
-0.261574
-0.25156
-0.241506
-0.231394
-0.221202
-0.210893
-0.200414
-0.189683
-0.178602
-0.167028
-0.154783
-0.141634
-0.127284
-0.111364
-0.0933833
-0.0727523
-0.0487638
-0.0205253
0.0128994
0.0526817
0.10004
0.155976
0.221661
0.296974
0.380299
0.468763
0.550552
0.598015
0.580584
0.453721
0.187546
-0.152108
-0.461503
-0.76673
-1.19991
-1.87049
-2.84045
-4.08838
-5.54412
-7.10918
-8.67706
-0.431548
-0.440834
-0.449669
-0.458052
-0.465983
-0.473455
-0.480467
-0.487024
-0.493116
-0.498742
-0.503901
-0.50859
-0.512812
-0.516564
-0.519847
-0.522658
-0.525003
-0.526882
-0.528292
-0.529237
-0.52972
-0.529745
-0.529315
-0.528433
-0.527103
-0.525332
-0.523123
-0.520483
-0.517416
-0.513925
-0.510016
-0.505702
-0.500993
-0.495893
-0.490407
-0.484543
-0.478317
-0.471736
-0.464812
-0.45756
-0.449991
-0.442115
-0.433946
-0.425499
-0.416787
-0.407828
-0.398634
-0.389219
-0.379601
-0.369796
-0.359826
-0.349708
-0.339465
-0.329123
-0.318701
-0.308224
-0.29771
-0.287182
-0.276658
-0.266156
-0.255693
-0.245279
-0.234928
-0.224636
-0.214395
-0.20418
-0.193953
-0.183647
-0.173174
-0.162417
-0.151213
-0.13934
-0.126533
-0.11243
-0.0965916
-0.0784913
-0.0575104
-0.0329775
-0.00414921
0.0296851
0.0690765
0.114065
0.164032
0.216461
0.266152
0.304866
0.315054
0.272554
0.149558
-0.0748364
-0.372216
-0.670541
-0.982365
-1.40989
-2.0607
-2.99973
-4.22586
-5.69311
-7.33547
-9.07362
-0.459849
-0.469415
-0.478516
-0.487143
-0.495289
-0.502948
-0.510125
-0.516815
-0.523016
-0.528723
-0.533939
-0.53866
-0.542885
-0.546614
-0.549843
-0.552574
-0.554815
-0.556562
-0.557812
-0.558568
-0.558837
-0.558621
-0.557924
-0.556746
-0.555093
-0.552971
-0.550387
-0.547347
-0.543853
-0.539909
-0.535523
-0.530705
-0.525464
-0.519807
-0.513745
-0.507285
-0.500435
-0.493206
-0.485612
-0.477665
-0.469381
-0.460772
-0.45185
-0.442629
-0.433126
-0.423358
-0.413341
-0.40309
-0.392627
-0.381973
-0.371145
-0.360171
-0.349079
-0.337892
-0.326645
-0.315368
-0.304089
-0.29284
-0.281654
-0.270564
-0.259604
-0.24881
-0.23822
-0.227866
-0.217783
-0.207994
-0.198514
-0.189344
-0.180481
-0.171901
-0.163561
-0.15539
-0.147287
-0.139104
-0.130658
-0.12172
-0.112056
-0.101428
-0.0896895
-0.0768348
-0.0630943
-0.0494643
-0.0374417
-0.0304948
-0.0342188
-0.0558202
-0.106024
-0.19894
-0.345957
-0.563577
-0.873285
-1.25022
-1.66943
-2.17923
-2.85171
-3.73156
-4.83377
-6.13656
-7.60607
-9.20513
-0.489827
-0.499702
-0.509084
-0.517968
-0.526343
-0.534204
-0.541552
-0.548385
-0.554702
-0.5605
-0.565777
-0.570532
-0.574762
-0.578466
-0.581643
-0.584294
-0.586424
-0.588031
-0.589114
-0.589675
-0.589718
-0.589249
-0.588269
-0.586783
-0.584791
-0.582301
-0.579322
-0.575857
-0.571912
-0.567491
-0.5626
-0.557251
-0.551452
-0.545209
-0.538532
-0.531434
-0.523921
-0.516006
-0.507698
-0.499013
-0.489963
-0.480565
-0.470832
-0.460781
-0.450428
-0.439787
-0.428877
-0.417719
-0.406332
-0.39474
-0.382972
-0.371048
-0.359003
-0.34687
-0.334685
-0.322489
-0.310318
-0.298215
-0.286232
-0.274417
-0.262825
-0.251517
-0.240562
-0.230033
-0.220009
-0.21057
-0.201807
-0.193807
-0.18667
-0.180494
-0.175394
-0.171485
-0.16889
-0.167742
-0.168188
-0.170395
-0.174623
-0.181179
-0.190612
-0.203675
-0.221624
-0.246296
-0.280536
-0.328794
-0.396899
-0.492134
-0.6231
-0.798726
-1.0227
-1.30364
-1.66426
-2.11129
-2.62597
-3.21781
-3.92007
-4.74528
-5.68935
-6.73881
-7.86738
-9.04697
-0.521596
-0.531792
-0.54147
-0.550625
-0.559243
-0.567315
-0.574844
-0.58183
-0.588273
-0.594169
-0.599514
-0.604305
-0.608538
-0.61222
-0.615347
-0.617914
-0.619928
-0.621391
-0.622301
-0.622658
-0.622466
-0.621729
-0.620455
-0.618644
-0.616298
-0.613423
-0.610027
-0.606115
-0.601694
-0.596769
-0.591346
-0.585436
-0.579049
-0.572188
-0.564862
-0.557086
-0.548871
-0.540222
-0.531157
-0.521689
-0.51183
-0.501589
-0.490985
-0.480037
-0.468766
-0.457185
-0.44531
-0.433163
-0.420766
-0.408144
-0.395327
-0.382344
-0.369228
-0.356014
-0.342747
-0.329474
-0.31624
-0.303099
-0.290111
-0.277346
-0.264881
-0.2528
-0.241199
-0.230194
-0.219909
-0.210484
-0.202084
-0.19489
-0.18911
-0.184984
-0.182801
-0.182888
-0.185629
-0.191474
-0.200966
-0.214751
-0.23366
-0.258714
-0.291266
-0.333039
-0.386445
-0.454453
-0.541355
-0.652774
-0.795401
-0.976525
-1.20511
-1.48984
-1.83335
-2.24018
-2.72254
-3.28691
-3.92121
-4.61135
-5.35542
-6.14493
-6.94796
-7.72592
-8.44471
-9.07629
-0.555247
-0.565783
-0.575774
-0.585214
-0.594088
-0.602388
-0.610113
-0.617262
-0.623837
-0.629838
-0.635258
-0.640088
-0.644331
-0.647989
-0.651062
-0.653546
-0.655442
-0.656753
-0.657482
-0.657629
-0.657193
-0.656178
-0.654592
-0.652439
-0.649721
-0.646442
-0.64261
-0.638229
-0.633307
-0.627851
-0.621868
-0.615364
-0.608352
-0.600839
-0.592834
-0.584344
-0.57538
-0.56596
-0.556092
-0.545791
-0.535068
-0.523935
-0.512405
-0.500501
-0.488242
-0.475642
-0.46272
-0.449502
-0.436002
-0.422249
-0.408271
-0.394101
-0.379774
-0.365332
-0.350814
-0.336271
-0.321761
-0.307344
-0.293088
-0.279073
-0.265393
-0.252155
-0.239478
-0.227508
-0.216407
-0.206377
-0.197638
-0.190461
-0.185159
-0.182108
-0.181757
-0.184645
-0.191428
-0.2029
-0.220026
-0.244003
-0.276332
-0.318878
-0.374032
-0.444868
-0.535272
-0.650216
-0.796326
-0.982023
-1.21646
-1.50882
-1.87012
-2.31137
-2.84204
-3.46638
-4.1826
-4.97609
-5.81831
-6.67267
-7.50245
-8.26813
-8.92147
-9.4126
-9.70301
-9.76849
-0.590885
-0.601785
-0.612105
-0.621848
-0.630994
-0.639531
-0.647465
-0.654793
-0.661514
-0.667627
-0.673122
-0.677998
-0.682253
-0.685891
-0.688908
-0.691306
-0.693081
-0.694236
-0.694778
-0.694704
-0.694013
-0.692708
-0.690798
-0.688286
-0.685177
-0.681475
-0.677184
-0.672312
-0.666866
-0.660853
-0.654279
-0.647152
-0.639483
-0.631283
-0.622557
-0.613316
-0.603572
-0.593333
-0.582613
-0.571431
-0.559793
-0.547709
-0.535198
-0.522276
-0.508962
-0.495273
-0.481225
-0.466837
-0.452139
-0.437153
-0.4219
-0.406416
-0.390733
-0.374892
-0.358941
-0.342926
-0.326902
-0.31094
-0.295102
-0.27948
-0.264173
-0.249298
-0.23499
-0.221414
-0.208757
-0.197249
-0.187162
-0.178829
-0.172638
-0.169075
-0.168718
-0.172287
-0.180666
-0.194965
-0.216559
-0.247204
-0.289111
-0.345112
-0.41888
-0.515141
-0.639941
-0.801399
-1.01033
-1.27974
-1.62319
-2.05563
-2.59509
-3.26157
-4.07309
-5.03792
-6.14197
-7.33985
-8.55421
-9.68966
-10.6579
-11.3894
-11.8327
-11.9533
-11.7417
-11.2137
-0.62863
-0.63991
-0.650583
-0.660648
-0.670081
-0.678872
-0.687028
-0.694548
-0.701425
-0.707653
-0.713231
-0.718159
-0.722433
-0.72605
-0.729014
-0.731323
-0.732971
-0.733966
-0.73431
-0.734004
-0.733047
-0.731442
-0.729193
-0.726306
-0.722788
-0.718641
-0.71387
-0.708484
-0.702489
-0.695892
-0.688699
-0.680917
-0.67256
-0.66364
-0.654159
-0.644128
-0.633557
-0.622459
-0.610851
-0.598737
-0.58613
-0.573042
-0.559488
-0.545488
-0.531058
-0.516207
-0.500955
-0.485322
-0.469325
-0.452995
-0.436359
-0.419438
-0.40226
-0.384865
-0.367295
-0.349594
-0.331817
-0.314024
-0.296287
-0.278682
-0.261304
-0.244269
-0.227715
-0.211801
-0.196724
-0.182723
-0.17008
-0.159149
-0.150353
-0.144227
-0.141419
-0.142752
-0.149255
-0.162251
-0.183412
-0.21494
-0.259655
-0.32126
-0.40472
-0.516536
-0.665309
-0.863261
-1.12697
-1.47441
-1.92418
-2.50153
-3.24134
-4.18497
-5.36593
-6.7906
-8.42047
-10.1653
-11.8872
-13.4203
-14.6055
-15.3225
-15.5116
-15.1767
-14.3758
-13.1998
-0.668588
-0.680277
-0.691327
-0.701733
-0.711468
-0.72053
-0.728924
-0.736647
-0.74369
-0.750045
-0.755717
-0.760702
-0.764994
-0.768595
-0.771508
-0.773723
-0.775241
-0.776068
-0.776206
-0.775659
-0.774424
-0.772503
-0.769904
-0.766629
-0.76268
-0.758066
-0.752794
-0.74687
-0.740297
-0.733089
-0.725249
-0.716784
-0.707708
-0.698032
-0.687759
-0.676901
-0.665467
-0.65347
-0.640923
-0.627836
-0.614213
-0.60007
-0.585429
-0.570292
-0.554677
-0.538603
-0.522079
-0.505123
-0.487751
-0.469987
-0.451857
-0.433381
-0.414583
-0.395493
-0.376144
-0.356569
-0.336812
-0.316934
-0.29699
-0.277043
-0.257175
-0.237486
-0.218087
-0.199124
-0.180772
-0.163244
-0.1468
-0.131766
-0.118542
-0.107637
-0.0996833
-0.0954835
-0.0960671
-0.102792
-0.117406
-0.142263
-0.180468
-0.236204
-0.315256
-0.425352
-0.577264
-0.787393
-1.07637
-1.46392
-1.97367
-2.64802
-3.55241
-4.76144
-6.32802
-8.24729
-10.4376
-12.7432
-14.9602
-16.8606
-18.2389
-18.9455
-18.9125
-18.1734
-16.8524
-15.1178
-0.710881
-0.723005
-0.734455
-0.745217
-0.755278
-0.764631
-0.773275
-0.781214
-0.788436
-0.794936
-0.800708
-0.805749
-0.810064
-0.813655
-0.816514
-0.818636
-0.820021
-0.820674
-0.820599
-0.8198
-0.818275
-0.816025
-0.81306
-0.809378
-0.804982
-0.799881
-0.794084
-0.787595
-0.780422
-0.772574
-0.764057
-0.75488
-0.745053
-0.734586
-0.723487
-0.711764
-0.699431
-0.686497
-0.672974
-0.658867
-0.644188
-0.628949
-0.613164
-0.596844
-0.579996
-0.562637
-0.544786
-0.526448
-0.507635
-0.488368
-0.468662
-0.448541
-0.428016
-0.407109
-0.385849
-0.364248
-0.342347
-0.320178
-0.29778
-0.275207
-0.252504
-0.229744
-0.207018
-0.184416
-0.162074
-0.140153
-0.118854
-0.0984274
-0.0791917
-0.061552
-0.0460216
-0.0332665
-0.0241577
-0.0198587
-0.0219054
-0.0324071
-0.0542374
-0.0913649
-0.149483
-0.236222
-0.36316
-0.54836
-0.811358
-1.16891
-1.65215
-2.32948
-3.30137
-4.66809
-6.48487
-8.72444
-11.2678
-13.9124
-16.4064
-18.4921
-19.951
-20.6403
-20.4851
-19.5548
-18
-16.0264
-0.75562
-0.768211
-0.780081
-0.791227
-0.801635
-0.811292
-0.820207
-0.828376
-0.835793
-0.842446
-0.848325
-0.853437
-0.857786
-0.861363
-0.864163
-0.866191
-0.867444
-0.867919
-0.867622
-0.866563
-0.864736
-0.862141
-0.858789
-0.854684
-0.849825
-0.844216
-0.837871
-0.830795
-0.822995
-0.81448
-0.805258
-0.795338
-0.784728
-0.773439
-0.761481
-0.74886
-0.735588
-0.721679
-0.707138
-0.691976
-0.676203
-0.659828
-0.642858
-0.625308
-0.607187
-0.588508
-0.569284
-0.549515
-0.529219
-0.508403
-0.487075
-0.465244
-0.442928
-0.420135
-0.396873
-0.37316
-0.349007
-0.324418
-0.299415
-0.274029
-0.248278
-0.222195
-0.19582
-0.169212
-0.14244
-0.115584
-0.0887674
-0.0621348
-0.0358898
-0.0102778
0.0143718
0.0376169
0.0588626
0.0773025
0.0918401
0.100902
0.10232
0.0929715
0.0681787
0.0216505
-0.057137
-0.184198
-0.374131
-0.64317
-1.03269
-1.62832
-2.53258
-3.84644
-5.62206
-7.8068
-10.2886
-12.8626
-15.2751
-17.277
-18.6745
-19.3466
-19.2615
-18.4743
-17.1115
-15.3577
-0.802937
-0.816013
-0.828333
-0.839889
-0.850666
-0.860657
-0.869858
-0.878272
-0.885893
-0.892709
-0.898711
-0.903903
-0.908288
-0.911851
-0.914595
-0.916529
-0.917647
-0.917939
-0.917418
-0.916087
-0.913946
-0.910995
-0.90724
-0.902694
-0.897354
-0.891218
-0.884301
-0.876611
-0.868158
-0.858951
-0.848996
-0.838303
-0.826879
-0.814732
-0.801881
-0.788328
-0.774085
-0.759163
-0.743571
-0.727316
-0.71041
-0.692861
-0.674685
-0.655878
-0.636449
-0.616411
-0.595779
-0.574559
-0.552752
-0.530363
-0.507395
-0.483844
-0.459719
-0.435019
-0.409743
-0.383878
-0.357435
-0.330401
-0.302763
-0.274517
-0.245663
-0.216188
-0.186098
-0.155388
-0.12407
-0.0921578
-0.0596788
-0.0266775
0.00678419
0.0405972
0.0746252
0.108658
0.142371
0.175318
0.206852
0.235955
0.261214
0.28043
0.29018
0.285648
0.2582
0.194912
0.0803893
-0.110576
-0.425165
-0.931802
-1.60778
-2.69327
-4.13183
-5.91704
-7.96101
-10.102
-12.1385
-13.8794
-15.1667
-15.902
-16.0593
-15.6715
-14.8242
-13.641
-0.852959
-0.866548
-0.879345
-0.89134
-0.902515
-0.912856
-0.922367
-0.931046
-0.938885
-0.945881
-0.952018
-0.957297
-0.961718
-0.965277
-0.967971
-0.969808
-0.970785
-0.970895
-0.970139
-0.968525
-0.966058
-0.96274
-0.958571
-0.953563
-0.947717
-0.941032
-0.933522
-0.925197
-0.916064
-0.906132
-0.895415
-0.883919
-0.871646
-0.85861
-0.84483
-0.830314
-0.815066
-0.799097
-0.782419
-0.765041
-0.746973
-0.728225
-0.708801
-0.688714
-0.667964
-0.646557
-0.624501
-0.601817
-0.578497
-0.554534
-0.529928
-0.504678
-0.478773
-0.452205
-0.424948
-0.396992
-0.36832
-0.338894
-0.308703
-0.277706
-0.245868
-0.213146
-0.179501
-0.144887
-0.109266
-0.0725937
-0.0348241
0.0040948
0.0441752
0.085443
0.127865
0.171385
0.215854
0.261013
0.306431
0.351349
0.394695
0.434654
0.468323
0.491322
0.496545
0.471809
0.394469
0.231667
-0.0454334
-0.449627
-1.00296
-1.77909
-2.81039
-4.09149
-5.56593
-7.14533
-8.7195
-10.1634
-11.3606
-12.2248
-12.7127
-12.8211
-12.5799
-12.0438
-0.905827
-0.919964
-0.933266
-0.945732
-0.957328
-0.968044
-0.977885
-0.986846
-0.994925
-1.00211
-1.0084
-1.01378
-1.01824
-1.0218
-1.02445
-1.02619
-1.02703
-1.02695
-1.02595
-1.02405
-1.02124
-1.01754
-1.01294
-1.00745
-1.00108
-0.993821
-0.985693
-0.976706
-0.966864
-0.956178
-0.944665
-0.932328
-0.919176
-0.905223
-0.890476
-0.874956
-0.85867
-0.84162
-0.823822
-0.805291
-0.786032
-0.766053
-0.745367
-0.723979
-0.701897
-0.679118
-0.655653
-0.631506
-0.606678
-0.581169
-0.554977
-0.528074
-0.500452
-0.472093
-0.442967
-0.413041
-0.382282
-0.350653
-0.318105
-0.284588
-0.250038
-0.2144
-0.177586
-0.13953
-0.100148
-0.0593507
-0.0170468
0.0268392
0.0723874
0.119675
0.168721
0.219493
0.271851
0.325522
0.380026
0.434543
0.487775
0.53768
0.580954
0.612687
0.626333
0.608495
0.531019
0.362905
0.0994014
-0.244647
-0.67046
-1.23987
-1.96455
-2.8476
-3.88026
-5.03912
-6.27195
-7.5065
-8.66302
-9.66622
-10.4617
-11.0136
-11.3031
-11.3337
-0.961693
-0.976415
-0.990258
-1.00322
-1.01527
-1.02639
-1.03659
-1.04585
-1.05419
-1.06158
-1.06803
-1.07351
-1.07803
-1.0816
-1.08421
-1.08586
-1.08655
-1.08627
-1.08503
-1.08282
-1.07967
-1.07557
-1.07052
-1.06453
-1.05761
-1.04975
-1.04098
-1.0313
-1.02072
-1.00925
-0.996902
-0.98369
-0.969623
-0.954713
-0.938962
-0.922396
-0.905031
-0.88687
-0.867919
-0.848197
-0.827719
-0.806487
-0.784515
-0.761812
-0.738387
-0.714242
-0.689378
-0.663802
-0.637508
-0.610502
-0.582765
-0.554297
-0.525063
-0.495036
-0.464191
-0.432486
-0.399872
-0.366296
-0.331698
-0.296017
-0.259179
-0.221094
-0.181672
-0.140822
-0.0984337
-0.0543929
-0.00859675
0.0390497
0.0886316
0.140229
0.19383
0.249387
0.306639
0.365231
0.424451
0.483235
0.539896
0.592042
0.635778
0.665822
0.6757
0.651865
0.569402
0.407744
0.173681
-0.117073
-0.476036
-0.92526
-1.47586
-2.14337
-2.94878
-3.89447
-4.96249
-6.11217
-7.28882
-8.43177
-9.48327
-10.3903
-11.108
-11.6055
-1.02072
-1.03607
-1.05049
-1.06398
-1.07651
-1.08806
-1.09864
-1.10823
-1.11685
-1.12447
-1.13109
-1.13669
-1.14128
-1.14486
-1.14743
-1.14899
-1.14954
-1.14906
-1.14756
-1.14505
-1.14153
-1.13701
-1.13149
-1.12498
-1.11749
-1.10901
-1.09956
-1.08915
-1.0778
-1.06551
-1.05229
-1.03816
-1.02313
-1.00722
-0.990423
-0.972771
-0.954283
-0.934968
-0.914828
-0.893882
-0.87215
-0.849642
-0.826362
-0.802328
-0.777554
-0.752043
-0.725798
-0.698821
-0.67111
-0.642663
-0.613483
-0.583542
-0.552822
-0.521292
-0.488921
-0.455671
-0.421477
-0.386284
-0.350017
-0.312626
-0.274014
-0.234088
-0.192742
-0.149884
-0.105387
-0.0591465
-0.0110466
0.039018
0.0911013
0.145248
0.201399
0.259444
0.319026
0.379644
0.440404
0.500036
0.556573
0.607355
0.648314
0.674272
0.678539
0.649694
0.571175
0.431098
0.229698
-0.0307262
-0.355782
-0.755237
-1.24048
-1.83657
-2.5686
-3.4475
-4.47135
-5.62061
-6.86155
-8.15203
-9.43953
-10.6673
-11.7758
-12.7095
-1.08309
-1.0991
-1.11413
-1.12819
-1.14123
-1.15324
-1.16423
-1.17418
-1.1831
-1.19096
-1.19777
-1.20351
-1.20819
-1.21179
-1.21432
-1.21579
-1.21618
-1.21549
-1.21374
-1.21091
-1.20702
-1.20206
-1.19605
-1.18899
-1.18089
-1.17176
-1.1616
-1.15043
-1.13826
-1.12511
-1.11098
-1.09589
-1.07985
-1.06288
-1.04499
-1.02621
-1.00655
-0.986029
-0.964654
-0.942445
-0.919423
-0.895602
-0.870994
-0.845612
-0.819481
-0.792605
-0.764994
-0.736645
-0.707561
-0.67775
-0.647207
-0.615917
-0.583851
-0.550995
-0.517319
-0.482779
-0.44732
-0.410879
-0.373397
-0.334791
-0.294982
-0.253892
-0.2114
-0.167407
-0.121807
-0.0744835
-0.0253423
0.0257012
0.0787093
0.133663
0.190468
0.248913
0.308626
0.368951
0.428967
0.487235
0.541745
0.589768
0.627472
0.64991
0.650416
0.620496
0.550414
0.430333
0.249543
-0.000465096
-0.322328
-0.721156
-1.21119
-1.81291
-2.56157
-3.44964
-4.4966
-5.69982
-7.04741
-8.51315
-10.0536
-11.6133
-13.1274
-14.5237
-1.14896
-1.16568
-1.18138
-1.19603
-1.20962
-1.22212
-1.23355
-1.24389
-1.25313
-1.26126
-1.26827
-1.27417
-1.27894
-1.28257
-1.28507
-1.28645
-1.28669
-1.28579
-1.28376
-1.2806
-1.27632
-1.2709
-1.26438
-1.25675
-1.24801
-1.23818
-1.22728
-1.2153
-1.20228
-1.18821
-1.17312
-1.15702
-1.13992
-1.12184
-1.1028
-1.08283
-1.06194
-1.04016
-1.0175
-0.99397
-0.969609
-0.944435
-0.918462
-0.891711
-0.864199
-0.835953
-0.806978
-0.777282
-0.746869
-0.715752
-0.683933
-0.651409
-0.618157
-0.584161
-0.549395
-0.513836
-0.477436
-0.44014
-0.401894
-0.362631
-0.322259
-0.2807
-0.23788
-0.193692
-0.148031
-0.100817
-0.0519499
-0.00138725
0.0509038
0.104884
0.160418
0.217248
0.274956
0.332859
0.389977
0.444906
0.495726
0.539786
0.573659
0.592794
0.591115
0.562186
0.499468
0.392024
0.222994
-0.0223758
-0.352394
-0.774265
-1.30029
-1.94636
-2.73042
-3.6682
-4.79009
-6.08913
-7.57914
-9.26162
-11.0749
-12.9796
-14.9081
-16.7725
-1.21853
-1.236
-1.25239
-1.26769
-1.28187
-1.29491
-1.30681
-1.31755
-1.32715
-1.33557
-1.34281
-1.34888
-1.35374
-1.35741
-1.3599
-1.36119
-1.36127
-1.36015
-1.35784
-1.35434
-1.34963
-1.34374
-1.33668
-1.32845
-1.31904
-1.30848
-1.29679
-1.28396
-1.27003
-1.255
-1.23889
-1.22171
-1.20349
-1.18424
-1.16399
-1.14276
-1.12057
-1.09746
-1.07344
-1.04854
-1.02278
-0.996191
-0.9688
-0.940634
-0.911713
-0.882068
-0.851721
-0.820679
-0.788963
-0.756586
-0.723561
-0.689893
-0.655584
-0.620621
-0.584991
-0.548679
-0.511654
-0.4739
-0.435341
-0.395934
-0.35564
-0.31436
-0.27204
-0.228605
-0.183977
-0.138085
-0.090874
-0.0423196
0.00757628
0.0587378
0.110993
0.164054
0.217449
0.270535
0.322302
0.371419
0.416083
0.453821
0.481587
0.495314
0.489856
0.459706
0.398829
0.296354
0.135068
-0.10355
-0.435209
-0.872719
-1.42782
-2.11453
-2.94967
-3.95132
-5.13881
-6.5239
-8.11012
-10.1186
-12.1161
-14.2775
-16.5197
-18.7349
-1.29196
-1.31024
-1.32737
-1.34335
-1.35817
-1.37179
-1.38419
-1.39538
-1.40536
-1.4141
-1.4216
-1.42783
-1.43281
-1.43653
-1.43902
-1.44022
-1.44014
-1.4388
-1.4362
-1.43233
-1.4272
-1.42081
-1.41318
-1.4043
-1.39419
-1.38286
-1.37033
-1.3566
-1.3417
-1.32565
-1.30845
-1.29013
-1.27072
-1.25023
-1.22869
-1.20612
-1.18256
-1.15804
-1.13258
-1.10621
-1.07897
-1.0509
-1.02202
-0.992367
-0.961981
-0.930887
-0.899125
-0.866716
-0.833688
-0.800067
-0.765878
-0.731137
-0.695863
-0.660065
-0.62375
-0.586913
-0.549567
-0.511687
-0.473263
-0.434252
-0.394607
-0.354324
-0.313329
-0.271591
-0.229088
-0.185761
-0.141612
-0.0966359
-0.0508895
-0.00449301
0.0423524
0.0892815
0.135827
0.181306
0.224765
0.264869
0.299925
0.32762
0.345144
0.348827
0.334226
0.296163
0.22816
0.120613
-0.0404981
-0.273617
-0.59874
-1.0338
-1.59447
-2.29631
-3.15666
-4.19348
-5.42756
-6.87799
-8.56121
-10.4876
-12.5952
-14.8538
-17.1949
-19.5168
-1.36946
-1.38859
-1.40652
-1.42325
-1.43874
-1.45297
-1.46591
-1.47758
-1.48798
-1.49708
-1.50484
-1.51127
-1.51638
-1.52018
-1.52265
-1.52377
-1.52353
-1.52196
-1.51906
-1.51482
-1.50923
-1.50232
-1.49409
-1.48454
-1.47368
-1.46154
-1.44812
-1.43343
-1.41751
-1.40038
-1.38202
-1.36247
-1.34178
-1.31997
-1.29706
-1.27306
-1.24803
-1.22199
-1.19499
-1.16705
-1.13824
-1.10856
-1.07809
-1.04686
-1.01491
-0.982285
-0.949032
-0.915192
-0.880808
-0.845917
-0.810555
-0.774762
-0.738576
-0.70203
-0.665156
-0.627982
-0.590538
-0.552839
-0.514901
-0.47673
-0.438329
-0.399686
-0.360809
-0.321694
-0.282353
-0.242808
-0.203105
-0.163308
-0.123521
-0.0839185
-0.0447574
-0.00647259
0.0304048
0.0651549
0.0968363
0.124125
0.145311
0.158223
0.160135
0.147631
0.116633
0.0620196
-0.0229848
-0.146811
-0.320057
-0.557247
-0.87701
-1.29936
-1.84299
-2.52592
-3.36508
-4.37685
-5.57706
-6.97832
-8.58652
-10.3949
-12.3732
-14.4732
-16.6296
-18.7541
-1.45123
-1.47128
-1.49005
-1.50758
-1.5238
-1.53867
-1.5522
-1.56439
-1.57524
-1.58471
-1.59278
-1.59943
-1.6047
-1.60858
-1.61106
-1.6121
-1.61171
-1.60991
-1.6067
-1.60206
-1.59599
-1.58853
-1.57967
-1.56942
-1.55778
-1.54476
-1.53039
-1.51469
-1.49769
-1.47938
-1.45979
-1.43893
-1.41687
-1.39363
-1.36924
-1.34371
-1.31709
-1.28942
-1.26075
-1.23112
-1.20058
-1.16919
-1.13698
-1.10403
-1.07039
-1.0361
-1.00124
-0.965853
-0.930007
-0.893755
-0.857156
-0.820269
-0.783156
-0.74588
-0.708503
-0.671089
-0.633702
-0.596402
-0.559244
-0.522282
-0.485564
-0.449141
-0.413075
-0.377423
-0.342255
-0.307662
-0.27375
-0.240694
-0.208673
-0.177928
-0.148825
-0.121835
-0.0976067
-0.0769508
-0.0608572
-0.0506691
-0.048127
-0.0553819
-0.0751463
-0.110713
-0.166034
-0.246035
-0.357224
-0.507394
-0.705181
-0.96113
-1.28901
-1.70531
-2.2274
-2.87249
-3.65677
-4.59349
-5.69267
-6.95849
-8.38728
-9.96367
-11.6602
-13.4305
-15.2114
-16.9282
-1.53748
-1.55849
-1.5782
-1.59657
-1.61356
-1.62914
-1.6433
-1.65605
-1.66738
-1.67727
-1.68567
-1.69259
-1.69804
-1.70201
-1.7045
-1.70547
-1.70494
-1.7029
-1.69937
-1.69431
-1.68776
-1.67973
-1.67021
-1.6592
-1.64673
-1.63278
-1.61741
-1.60063
-1.58246
-1.56291
-1.54199
-1.51974
-1.4962
-1.47142
-1.44542
-1.41823
-1.38989
-1.36045
-1.32996
-1.29848
-1.26606
-1.23277
-1.19866
-1.16381
-1.12828
-1.09215
-1.0555
-1.01839
-0.980911
-0.94314
-0.905156
-0.867048
-0.828906
-0.790826
-0.752905
-0.715249
-0.677963
-0.641161
-0.604948
-0.569438
-0.534745
-0.500984
-0.468282
-0.436785
-0.406654
-0.378074
-0.351243
-0.326412
-0.303897
-0.284061
-0.267378
-0.254418
-0.245968
-0.242935
-0.246469
-0.257979
-0.279234
-0.312501
-0.360487
-0.426385
-0.514138
-0.628491
-0.775243
-0.96134
-1.19452
-1.48318
-1.83688
-2.2665
-2.78436
-3.40319
-4.13437
-4.98692
-5.96452
-7.06533
-8.27869
-9.58569
-10.955
-12.3443
-13.6996
-14.9584
-1.62841
-1.6505
-1.67119
-1.69045
-1.70827
-1.7246
-1.73946
-1.75283
-1.76469
-1.77501
-1.78379
-1.791
-1.79666
-1.80074
-1.80324
-1.80417
-1.8035
-1.80124
-1.79736
-1.79188
-1.78484
-1.7762
-1.76598
-1.75419
-1.74084
-1.72592
-1.70948
-1.69154
-1.67212
-1.65123
-1.62888
-1.60513
-1.58
-1.55355
-1.5258
-1.4968
-1.46659
-1.43521
-1.40272
-1.36921
-1.33471
-1.29931
-1.26309
-1.22611
-1.18847
-1.15025
-1.11156
-1.07248
-1.03312
-0.993581
-0.953977
-0.914421
-0.875039
-0.835964
-0.797336
-0.759303
-0.722029
-0.685676
-0.650419
-0.616439
-0.583924
-0.553081
-0.524126
-0.497302
-0.472878
-0.451154
-0.432478
-0.417232
-0.40585
-0.398862
-0.396894
-0.400694
-0.411203
-0.429505
-0.456917
-0.495005
-0.545661
-0.61126
-0.69457
-0.798751
-0.927641
-1.08582
-1.2784
-1.51131
-1.79126
-2.12555
-2.52119
-2.98506
-3.5238
-4.1441
-4.85154
-5.64818
-6.53212
-7.49517
-8.52257
-9.5915
-10.6717
-11.7251
-12.7068
-13.5663
-1.72431
-1.74752
-1.76924
-1.78948
-1.80819
-1.82535
-1.84095
-1.85498
-1.86742
-1.87824
-1.88742
-1.89496
-1.90085
-1.90507
-1.90762
-1.90851
-1.90772
-1.90521
-1.901
-1.89511
-1.88753
-1.87826
-1.86732
-1.85471
-1.84042
-1.82446
-1.8069
-1.78773
-1.76697
-1.74463
-1.72076
-1.69538
-1.66854
-1.64027
-1.61062
-1.57964
-1.54736
-1.51386
-1.47918
-1.4434
-1.4066
-1.36885
-1.33024
-1.29086
-1.25082
-1.21022
-1.16917
-1.12779
-1.08622
-1.04458
-1.00301
-0.961665
-0.920708
-0.880311
-0.840662
-0.801964
-0.764433
-0.728298
-0.693807
-0.661221
-0.630823
-0.602916
-0.577834
-0.555942
-0.537646
-0.523393
-0.513686
-0.509085
-0.510226
-0.517833
-0.532747
-0.555949
-0.588572
-0.631972
-0.687714
-0.757645
-0.843812
-0.948721
-1.07532
-1.22686
-1.40705
-1.6202
-1.87097
-2.16431
-2.50565
-2.90063
-3.35456
-3.8718
-4.4552
-5.1058
-5.8224
-6.60151
-7.43507
-8.31017
-9.20814
-10.1041
-10.9686
-11.7667
-12.4619
-13.0165
-1.82539
-1.84979
-1.87264
-1.89393
-1.91361
-1.93165
-1.94805
-1.9628
-1.97587
-1.98722
-1.99687
-2.00479
-2.01094
-2.01534
-2.01797
-2.01883
-2.0179
-2.01517
-2.01064
-2.00432
-1.99619
-1.98626
-1.97457
-1.9611
-1.94582
-1.92878
-1.91001
-1.88952
-1.86733
-1.84346
-1.81794
-1.79081
-1.7621
-1.73187
-1.70014
-1.66699
-1.63246
-1.5966
-1.5595
-1.52122
-1.48184
-1.44145
-1.40016
-1.35806
-1.31526
-1.27191
-1.22812
-1.18404
-1.13983
-1.09564
-1.05165
-1.00805
-0.965044
-0.922844
-0.881693
-0.841848
-0.803589
-0.76722
-0.733069
-0.701491
-0.672872
-0.647634
-0.62624
-0.609204
-0.597095
-0.590547
-0.590266
-0.597035
-0.611737
-0.63536
-0.669029
-0.714032
-0.77184
-0.844157
-0.932882
-1.0402
-1.16854
-1.3207
-1.49988
-1.70956
-1.95344
-2.23563
-2.56043
-2.93212
-3.35477
-3.83211
-4.36691
-4.96091
-5.61378
-6.32233
-7.0805
-7.87797
-8.70086
-9.5312
-10.3472
-11.123
-11.8297
-12.437
-12.914
-13.2327
-1.93192
-1.9576
-1.98166
-2.00408
-2.02481
-2.04379
-2.06107
-2.0766
-2.09036
-2.10231
-2.11248
-2.1208
-2.12726
-2.13188
-2.13462
-2.13546
-2.13441
-2.13148
-2.12663
-2.11986
-2.11118
-2.10059
-2.08811
-2.07372
-2.05742
-2.03923
-2.01919
-1.9973
-1.97358
-1.94807
-1.92078
-1.89176
-1.86104
-1.82866
-1.79469
-1.75916
-1.72215
-1.68371
-1.64392
-1.60285
-1.5606
-1.51725
-1.47292
-1.42772
-1.38178
-1.33524
-1.28825
-1.24099
-1.19361
-1.14633
-1.09935
-1.0529
-1.00721
-0.962555
-0.91923
-0.877551
-0.837866
-0.800557
-0.766042
-0.734783
-0.707276
-0.684079
-0.665808
-0.653146
-0.646858
-0.647795
-0.656913
-0.675272
-0.704066
-0.744632
-0.798481
-0.867314
-0.953066
-1.0579
-1.18426
-1.33488
-1.51274
-1.72117
-1.96389
-2.24479
-2.56785
-2.93728
-3.35723
-3.83118
-4.36226
-4.9523
-5.60127
-6.30712
-7.06524
-7.8677
-8.70337
-9.55675
-10.4076
-11.2325
-12.0055
-12.6984
-13.2825
-13.7313
-14.0206
-14.1306
-2.04416
-2.07122
-2.09658
-2.12021
-2.14204
-2.16207
-2.1803
-2.19669
-2.21121
-2.22383
-2.23455
-2.24334
-2.25016
-2.25502
-2.2579
-2.25877
-2.25765
-2.25452
-2.24934
-2.24214
-2.23291
-2.22164
-2.20833
-2.193
-2.17563
-2.15624
-2.13485
-2.11148
-2.08615
-2.05887
-2.02969
-1.99863
-1.96574
-1.93106
-1.89463
-1.85652
-1.81679
-1.77551
-1.73274
-1.68859
-1.64312
-1.59646
-1.54871
-1.49999
-1.45045
-1.40024
-1.34953
-1.29851
-1.24737
-1.19635
-1.14568
-1.09563
-1.04648
-0.998543
-0.952174
-0.907747
-0.865682
-0.826447
-0.790553
-0.758572
-0.731132
-0.708936
-0.692768
-0.683502
-0.682125
-0.689747
-0.707611
-0.737127
-0.77987
-0.837616
-0.912369
-1.00639
-1.12224
-1.26277
-1.43119
-1.63103
-1.86623
-2.14101
-2.45994
-2.82784
-3.24961
-3.72992
-4.27283
-4.88172
-5.55847
-6.30257
-7.11102
-7.9777
-8.89233
-9.8401
-10.8029
-11.758
-12.6792
-13.5375
-14.3023
-14.9423
-15.4289
-15.7374
-15.8493
-15.7526
-2.16239
-2.19093
-2.21767
-2.24259
-2.26564
-2.28681
-2.30607
-2.3234
-2.33875
-2.35211
-2.36346
-2.37276
-2.37999
-2.38514
-2.38821
-2.38916
-2.38799
-2.38468
-2.3792
-2.37157
-2.36178
-2.34982
-2.33568
-2.31937
-2.30089
-2.28025
-2.25745
-2.23252
-2.20548
-2.17634
-2.14514
-2.1119
-2.07668
-2.0395
-2.00042
-1.95951
-1.91681
-1.87241
-1.82637
-1.77879
-1.72976
-1.67939
-1.62779
-1.5751
-1.52146
-1.46704
-1.41202
-1.35661
-1.30102
-1.24552
-1.19036
-1.13585
-1.0823
-1.03009
-0.979605
-0.93129
-0.885641
-0.843199
-0.804579
-0.770464
-0.741622
-0.718909
-0.703291
-0.695853
-0.697833
-0.710626
-0.735817
-0.775206
-0.830836
-0.905024
-1.0004
-1.11994
-1.26704
-1.44551
-1.65964
-1.91423
-2.21454
-2.56635
-2.97581
-3.44941
-3.99358
-4.61423
-5.31626
-6.10271
-6.97399
-7.92712
-8.95475
-10.0449
-11.1802
-12.3377
-13.4898
-14.6041
-15.6449
-16.576
-17.3614
-17.9677
-18.3665
-18.5361
-18.464
-18.1468
-2.28689
-2.317
-2.34524
-2.37157
-2.39594
-2.41833
-2.43871
-2.45705
-2.47332
-2.48749
-2.49954
-2.50943
-2.51714
-2.52266
-2.52596
-2.52703
-2.52584
-2.52238
-2.51664
-2.5086
-2.49825
-2.48559
-2.47061
-2.4533
-2.43368
-2.41174
-2.38748
-2.36093
-2.33209
-2.30098
-2.26764
-2.23209
-2.19437
-2.15453
-2.1126
-2.06864
-2.02273
-1.97492
-1.9253
-1.87396
-1.82098
-1.76649
-1.71059
-1.65342
-1.59515
-1.53593
-1.47596
-1.41546
-1.35467
-1.29386
-1.23331
-1.17336
-1.11436
-1.05672
-1.00087
-0.947327
-0.896637
-0.849428
-0.80641
-0.768377
-0.736228
-0.710984
-0.693793
-0.685968
-0.689005
-0.704617
-0.734766
-0.781697
-0.847984
-0.936579
-1.05087
-1.19475
-1.37268
-1.58973
-1.8517
-2.16516
-2.53742
-2.97661
-3.49158
-4.09146
-4.7853
-5.58106
-6.4846
-7.49859
-8.6215
-9.84626
-11.1598
-12.5424
-13.9672
-15.4009
-16.8041
-18.1328
-19.3404
-20.3802
-21.2091
-21.79
-22.0949
-22.107
-21.822
-21.2483
-2.41795
-2.44975
-2.47959
-2.50744
-2.53324
-2.55695
-2.57856
-2.59801
-2.61528
-2.63035
-2.64318
-2.65375
-2.66201
-2.66796
-2.67156
-2.6728
-2.67165
-2.66809
-2.6621
-2.65368
-2.6428
-2.62945
-2.61363
-2.59532
-2.57453
-2.55125
-2.52549
-2.49725
-2.46653
-2.43337
-2.39778
-2.35979
-2.31943
-2.27674
-2.23176
-2.18455
-2.13516
-2.08367
-2.03015
-1.97469
-1.91738
-1.85834
-1.79766
-1.73551
-1.67203
-1.6074
-1.5418
-1.47548
-1.40866
-1.34164
-1.27472
-1.20826
-1.14263
-1.07828
-1.01568
-0.95538
-0.897989
-0.844207
-0.794823
-0.750741
-0.712976
-0.682698
-0.661244
-0.65015
-0.651172
-0.666346
-0.698028
-0.748941
-0.822233
-0.921586
-1.05126
-1.2162
-1.4222
-1.67595
-1.98518
-2.35888
-2.80728
-3.34201
-3.97569
-4.72134
-5.59119
-6.59505
-7.73897
-9.0238
-10.4441
-11.9873
-13.6331
-15.3529
-17.1096
-18.8585
-20.5479
-22.1211
-23.519
-24.6846
-25.5663
-26.1225
-26.325
-26.1617
-25.6374
-24.7742
-2.55587
-2.58949
-2.62106
-2.65054
-2.67788
-2.70303
-2.72596
-2.74663
-2.76502
-2.78108
-2.79479
-2.80611
-2.81502
-2.82147
-2.82545
-2.82692
-2.82587
-2.82227
-2.81609
-2.80731
-2.79593
-2.78192
-2.76527
-2.74597
-2.724
-2.69936
-2.67206
-2.64208
-2.60944
-2.57415
-2.53622
-2.49567
-2.45252
-2.40683
-2.35861
-2.30793
-2.25484
-2.19939
-2.14166
-2.08174
-2.01971
-1.95569
-1.88978
-1.82212
-1.75285
-1.68217
-1.61024
-1.53731
-1.46362
-1.38946
-1.31515
-1.24104
-1.16754
-1.09509
-1.02422
-0.955505
-0.889589
-0.827227
-0.769277
-0.71672
-0.670679
-0.632453
-0.603541
-0.585676
-0.580863
-0.591444
-0.620152
-0.670186
-0.745286
-0.84988
-0.989171
-1.16928
-1.3975
-1.68241
-2.03419
-2.46482
-2.9884
-3.62099
-4.37972
-5.28122
-6.33919
-7.56259
-8.95427
-10.5102
-12.2193
-14.0635
-16.0169
-18.0447
-20.1033
-22.139
-24.0899
-25.8875
-27.4611
-28.7423
-29.6716
-30.2026
-30.3068
-29.9767
-29.2256
-28.088
-2.70096
-2.73653
-2.76995
-2.8012
-2.8302
-2.8569
-2.88128
-2.90329
-2.9229
-2.94007
-2.95477
-2.96695
-2.97658
-2.98363
-2.98808
-2.98988
-2.98899
-2.98541
-2.9791
-2.97004
-2.9582
-2.94356
-2.92611
-2.90583
-2.8827
-2.8567
-2.82784
-2.7961
-2.76149
-2.724
-2.68365
-2.64045
-2.59441
-2.54557
-2.49396
-2.43961
-2.38259
-2.32293
-2.26071
-2.196
-2.12888
-2.05947
-1.98786
-1.91417
-1.83856
-1.76119
-1.68225
-1.60194
-1.52053
-1.43828
-1.35552
-1.27261
-1.18994
-1.10799
-1.02728
-0.948401
-0.872037
-0.798967
-0.730094
-0.666448
-0.609228
-0.559832
-0.519879
-0.491256
-0.476177
-0.477244
-0.497511
-0.540598
-0.610808
-0.713239
-0.854017
-1.04045
-1.28137
-1.5874
-1.97135
-2.44874
-3.03789
-3.75912
-4.63228
-5.67326
-6.89145
-8.28849
-9.85965
-11.5956
-13.4833
-15.5053
-17.6378
-19.8479
-22.0909
-24.3086
-26.432
-28.3828
-30.0796
-31.445
-32.4116
-32.9292
-32.9681
-32.5249
-31.6201
-30.2972
-2.85354
-2.89119
-2.9266
-2.95976
-2.99055
-3.01895
-3.0449
-3.06838
-3.08934
-3.10774
-3.12354
-3.13669
-3.14717
-3.15492
-3.15992
-3.16214
-3.16152
-3.15805
-3.15169
-3.14241
-3.13018
-3.11497
-3.09677
-3.07554
-3.05127
-3.02394
-2.99353
-2.96002
-2.92341
-2.8837
-2.84087
-2.79495
-2.74593
-2.69383
-2.63868
-2.58051
-2.51936
-2.45527
-2.38829
-2.3185
-2.24596
-2.17077
-2.09303
-2.01285
-1.93036
-1.84571
-1.75907
-1.67066
-1.58069
-1.48944
-1.39721
-1.30434
-1.21126
-1.11839
-1.02627
-0.935497
-0.846746
-0.760818
-0.678615
-0.601204
-0.529813
-0.46589
-0.411121
-0.367505
-0.337376
-0.323517
-0.329227
-0.358428
-0.415857
-0.507181
-0.639275
-0.820486
-1.06097
-1.37326
-1.77273
-2.27813
-2.91099
-3.69243
-4.63814
-5.7541
-7.03679
-8.47762
-10.0682
-11.8038
-13.6811
-15.6943
-17.8285
-20.0554
-22.3299
-24.5911
-26.7642
-28.7647
-30.5058
-31.9056
-32.893
-33.4225
-33.45
-32.9833
-32.0457
-30.6836
-3.01392
-3.05381
-3.09137
-3.12657
-3.15931
-3.18954
-3.21721
-3.2423
-3.26475
-3.28451
-3.30154
-3.31579
-3.32724
-3.33582
-3.3415
-3.34424
-3.344
-3.34073
-3.33442
-3.32501
-3.31246
-3.29677
-3.27788
-3.25577
-3.23042
-3.20178
-3.16984
-3.13459
-3.096
-3.05405
-3.00873
-2.96004
-2.90798
-2.85255
-2.79377
-2.73164
-2.66621
-2.59751
-2.52556
-2.45043
-2.37219
-2.2909
-2.20665
-2.11953
-2.02967
-1.93721
-1.84228
-1.74507
-1.64579
-1.54469
-1.44204
-1.33818
-1.23347
-1.12836
-1.02336
-0.919025
-0.816041
-0.715179
-0.617338
-0.523568
-0.4351
-0.353371
-0.280092
-0.217283
-0.167329
-0.133092
-0.117982
-0.126107
-0.162423
-0.232959
-0.345097
-0.507835
-0.732323
-1.03244
-1.42545
-1.93182
-2.57231
-3.36089
-4.29861
-5.37413
-6.57325
-7.88966
-9.32931
-10.906
-12.6318
-14.5078
-16.5202
-18.6393
-20.8181
-22.9907
-25.0843
-27.0174
-28.7073
-30.0745
-31.0509
-31.5872
-31.6553
-31.254
-30.4062
-29.1565
-3.18243
-3.22472
-3.26459
-3.30201
-3.33685
-3.36906
-3.39861
-3.42546
-3.44954
-3.47081
-3.48922
-3.50473
-3.51728
-3.52681
-3.5333
-3.5367
-3.53695
-3.53402
-3.52786
-3.51844
-3.5057
-3.48961
-3.47012
-3.44722
-3.42084
-3.39098
-3.35758
-3.32063
-3.28009
-3.23593
-3.18812
-3.13667
-3.08155
-3.02275
-2.96028
-2.89413
-2.82432
-2.75087
-2.6738
-2.59316
-2.50897
-2.42131
-2.33024
-2.23585
-2.13821
-2.03746
-1.93372
-1.82713
-1.71788
-1.60618
-1.4923
-1.3765
-1.25914
-1.14063
-1.02142
-0.902052
-0.783181
-0.665531
-0.549965
-0.437495
-0.329307
-0.226811
-0.131669
-0.0458567
0.0282712
0.0878757
0.129561
0.149193
0.14177
0.101181
0.0198858
-0.111415
-0.30426
-0.573143
-0.935853
-1.41139
-2.01294
-2.7387
-3.57169
-4.49323
-5.50007
-6.60977
-7.85036
-9.24426
-10.7992
-12.5062
-14.3433
-16.2771
-18.2622
-20.241
-22.148
-23.913
-25.4633
-26.7281
-27.649
-28.1838
-28.309
-28.0221
-27.3416
-26.3062
-3.35942
-3.40429
-3.44663
-3.48643
-3.52354
-3.55791
-3.58951
-3.61827
-3.64415
-3.6671
-3.68705
-3.70396
-3.71776
-3.72842
-3.73588
-3.74007
-3.74097
-3.73851
-3.73264
-3.72334
-3.71053
-3.69416
-3.6742
-3.65061
-3.62334
-3.59234
-3.55756
-3.51899
-3.47657
-3.43026
-3.38003
-3.32585
-3.2677
-3.20554
-3.13937
-3.06918
-2.99495
-2.91668
-2.8344
-2.74812
-2.65785
-2.56365
-2.46554
-2.36359
-2.25789
-2.14849
-2.03552
-1.9191
-1.79935
-1.67648
-1.55067
-1.4222
-1.29134
-1.15847
-1.02399
-0.888398
-0.752282
-0.61632
-0.481317
-0.348221
-0.218157
-0.092452
0.0273125
0.139245
0.241072
0.330077
0.402971
0.455726
0.483455
0.480154
0.438411
0.349046
0.200581
-0.0212725
-0.332999
-0.748236
-1.26733
-1.87331
-2.54593
-3.28432
-4.11348
-5.0684
-6.17347
-7.43418
-8.84117
-10.3763
-12.0159
-13.7293
-15.4776
-17.2138
-18.8849
-20.4329
-21.7971
-22.9224
-23.7628
-24.2838
-24.4665
-24.3085
-23.8235
-23.0417
-3.54524
-3.59286
-3.63786
-3.68022
-3.71978
-3.7565
-3.79031
-3.82118
-3.84903
-3.87382
-3.89549
-3.91398
-3.92922
-3.94117
-3.94975
-3.95492
-3.95662
-3.9548
-3.94939
-3.94035
-3.92762
-3.91114
-3.89086
-3.86672
-3.83867
-3.80666
-3.77065
-3.73057
-3.68638
-3.63802
-3.58546
-3.52865
-3.46754
-3.40209
-3.33228
-3.25808
-3.17945
-3.09639
-3.00887
-2.91692
-2.82051
-2.71967
-2.61441
-2.50478
-2.3908
-2.27254
-2.15008
-2.0235
-1.8929
-1.75843
-1.62025
-1.47856
-1.33361
-1.1857
-1.03519
-0.882519
-0.72819
-0.572828
-0.417164
-0.262063
-0.108579
0.0420585
0.188374
0.328589
0.460563
0.581703
0.688881
0.778247
0.845129
0.883721
0.886905
0.845769
0.74925
0.583879
0.335896
-0.000769702
-0.41577
-0.890624
-1.42319
-2.03928
-2.77507
-3.65459
-4.67945
-5.83822
-7.11459
-8.49095
-9.94658
-11.4555
-12.9853
-14.4978
-15.9495
-17.294
-18.4863
-19.4845
-20.2529
-20.7652
-21.0071
-20.9758
-20.6803
-20.1421
-3.74023
-3.7908
-3.83865
-3.88376
-3.92598
-3.96522
-4.00145
-4.0346
-4.06463
-4.09146
-4.11503
-4.13528
-4.15215
-4.16557
-4.17548
-4.18182
-4.1845
-4.1835
-4.17874
-4.17015
-4.15767
-4.14126
-4.12083
-4.09632
-4.06767
-4.03482
-3.99772
-3.95631
-3.91049
-3.86024
-3.8055
-3.74618
-3.68224
-3.61364
-3.5403
-3.46219
-3.37927
-3.29149
-3.19883
-3.10125
-2.99874
-2.89129
-2.77888
-2.66153
-2.53924
-2.41205
-2.27998
-2.1431
-2.00148
-1.85521
-1.70439
-1.5492
-1.38984
-1.22654
-1.05958
-0.889355
-0.716299
-0.540946
-0.363957
-0.186119
-0.00839054
0.168101
0.341972
0.511569
0.674867
0.829428
0.972254
1.09969
1.20724
1.28937
1.33918
1.34813
1.30556
1.19897
1.01777
0.762035
0.443946
0.0688199
-0.38365
-0.947975
-1.64897
-2.48778
-3.45216
-4.52705
-5.69849
-6.95146
-8.26697
-9.6213
-10.9863
-12.33
-13.6179
-14.8147
-15.886
-16.7996
-17.5282
-18.0516
-18.3585
-18.4445
-18.3154
-17.9852
-3.94477
-3.99848
-4.04937
-4.09745
-4.14252
-4.18449
-4.22334
-4.25899
-4.29139
-4.32046
-4.34615
-4.36838
-4.38708
-4.40219
-4.41362
-4.42132
-4.42522
-4.42524
-4.42133
-4.41341
-4.40141
-4.38525
-4.36488
-4.34021
-4.31117
-4.2777
-4.23971
-4.19715
-4.14992
-4.09797
-4.04124
-3.97961
-3.91304
-3.84145
-3.76478
-3.68295
-3.59591
-3.50359
-3.40593
-3.3029
-3.19443
-3.0805
-2.96108
-2.83612
-2.70563
-2.56958
-2.42799
-2.28085
-2.12823
-1.97017
-1.80673
-1.63804
-1.46423
-1.28547
-1.10203
-0.914193
-0.72233
-0.526918
-0.328526
-0.127872
0.0741881
0.276603
0.478089
0.677084
0.871681
1.05954
1.23778
1.4029
1.55051
1.67526
1.77044
1.82776
1.83686
1.78603
1.66724
1.48266
1.23745
0.9197
0.499381
-0.0493163
-0.73222
-1.53881
-2.45515
-3.46882
-4.56729
-5.73525
-6.95415
-8.20289
-9.4577
-10.6924
-11.8793
-12.9901
-13.9972
-14.8743
-15.5994
-16.156
-16.533
-16.7255
-16.7364
-16.5736
-4.15919
-4.21625
-4.2704
-4.32166
-4.36979
-4.41473
-4.45641
-4.49477
-4.52977
-4.56131
-4.58934
-4.61377
-4.63453
-4.65154
-4.66475
-4.67404
-4.67937
-4.68067
-4.67784
-4.67082
-4.65953
-4.64388
-4.62379
-4.5992
-4.57002
-4.53616
-4.49754
-4.45409
-4.4057
-4.35231
-4.29381
-4.23015
-4.16119
-4.08687
-4.00711
-3.92182
-3.83091
-3.73431
-3.63193
-3.52369
-3.40954
-3.28939
-3.1632
-3.03092
-2.89247
-2.74782
-2.59694
-2.43981
-2.27644
-2.10684
-1.93104
-1.7491
-1.56111
-1.3672
-1.16759
-0.962483
-0.752203
-0.53716
-0.317847
-0.0949124
0.130863
0.358506
0.586792
0.81425
1.03905
1.2589
1.47104
1.67199
1.85749
2.02224
2.15967
2.26155
2.3177
2.31709
2.25302
2.125
1.92714
1.63686
1.22758
0.686329
0.0196083
-0.76
-1.6402
-2.60936
-3.65493
-4.7628
-5.91721
-7.10025
-8.29184
-9.46948
-10.6094
-11.6868
-12.6776
-13.5586
-14.3109
-14.9189
-15.3715
-15.6633
-15.7946
-15.77
-4.38382
-4.44446
-4.50211
-4.55678
-4.60822
-4.65634
-4.70108
-4.7424
-4.78023
-4.81448
-4.84508
-4.87195
-4.89502
-4.9142
-4.92941
-4.94056
-4.94759
-4.9504
-4.94892
-4.94306
-4.93275
-4.91787
-4.89837
-4.87413
-4.84508
-4.81112
-4.77217
-4.72811
-4.67886
-4.62432
-4.56439
-4.49898
-4.42797
-4.35125
-4.26872
-4.18031
-4.08588
-3.98533
-3.87858
-3.76551
-3.64605
-3.52009
-3.38754
-3.24831
-3.10231
-2.9495
-2.7898
-2.62314
-2.44949
-2.26884
-2.08116
-1.88652
-1.68494
-1.47651
-1.26138
-1.03974
-0.811846
-0.578047
-0.338812
-0.0946944
0.153568
0.405057
0.658612
0.912806
1.16585
1.41551
1.65904
1.89303
2.11325
2.31442
2.49003
2.63193
2.73002
2.77385
2.75609
2.67041
2.50195
2.22649
1.8245
1.29246
0.641847
-0.113662
-0.962869
-1.89596
-2.90299
-3.97305
-5.09307
-6.24727
-7.41713
-8.58178
-9.71876
-10.8049
-11.8175
-12.7354
-13.5401
-14.2163
-14.7526
-15.1431
-15.3856
-15.4828
-4.61905
-4.68351
-4.74489
-4.80322
-4.8582
-4.90975
-4.95781
-5.00232
-5.04322
-5.08044
-5.11387
-5.14344
-5.16908
-5.19068
-5.20816
-5.22145
-5.23045
-5.23507
-5.23523
-5.23083
-5.22178
-5.208
-5.18938
-5.16582
-5.13723
-5.10349
-5.06452
-5.02021
-4.97045
-4.91512
-4.85412
-4.78733
-4.71464
-4.63592
-4.55106
-4.45992
-4.36239
-4.25836
-4.1477
-4.03028
-3.90599
-3.7747
-3.63631
-3.4907
-3.33775
-3.17738
-3.00947
-2.83393
-2.65072
-2.45975
-2.26099
-2.05445
-1.84015
-1.61813
-1.38851
-1.15143
-0.9071
-0.655866
-0.39812
-0.134404
0.134588
0.408004
0.684699
0.963275
1.24198
1.51859
1.79038
2.05396
2.30511
2.53861
2.74801
2.92525
3.0605
3.14339
3.1643
3.11106
2.96417
2.70091
2.30771
1.78701
1.15282
0.418886
-0.406173
-1.31633
-2.30528
-3.36451
-4.48206
-5.64272
-6.828
-8.01734
-9.18861
-10.319
-11.386
-12.3686
-13.2482
-14.0089
-14.639
-15.1308
-15.4809
-15.6899
-4.86526
-4.93377
-4.99912
-5.06136
-5.12013
-5.17536
-5.22699
-5.27497
-5.31922
-5.35966
-5.39619
-5.42874
-5.45722
-5.48153
-5.50159
-5.5173
-5.52857
-5.53531
-5.53742
-5.53481
-5.52736
-5.51499
-5.49759
-5.47506
-5.4473
-5.41417
-5.37556
-5.33139
-5.28151
-5.2258
-5.16416
-5.09644
-5.02252
-4.94226
-4.85552
-4.76216
-4.66206
-4.55507
-4.44105
-4.31986
-4.19135
-4.05537
-3.91181
-3.7605
-3.60132
-3.43414
-3.25884
-3.07528
-2.88339
-2.68308
-2.47427
-2.25692
-2.03106
-1.79669
-1.55389
-1.30279
-1.04362
-0.776629
-0.502207
-0.220875
0.0667061
0.359672
0.656908
0.957021
1.25828
1.55848
1.8549
2.14416
2.42211
2.68358
2.92221
3.13011
3.29776
3.41441
3.46787
3.44194
3.31486
3.06465
2.68115
2.17084
1.54897
0.827223
0.0110002
-0.897277
-1.89373
-2.97076
-4.11659
-5.3157
-6.54951
-7.79687
-9.03506
-10.2405
-11.3904
-12.4628
-13.4379
-14.2991
-15.0333
-15.6316
-16.0887
-16.404
-5.12281
-5.19562
-5.2652
-5.33159
-5.39442
-5.4536
-5.50907
-5.56078
-5.60865
-5.65259
-5.69252
-5.72835
-5.75997
-5.78729
-5.81022
-5.82868
-5.84256
-5.85174
-5.85614
-5.85565
-5.85017
-5.83959
-5.8238
-5.80269
-5.77614
-5.74401
-5.70622
-5.66262
-5.61307
-5.55746
-5.49565
-5.42748
-5.35285
-5.27158
-5.18354
-5.08855
-4.98647
-4.87713
-4.7604
-4.63612
-4.5041
-4.3642
-4.21624
-4.06006
-3.89552
-3.72245
-3.54072
-3.35019
-3.15074
-2.94225
-2.72461
-2.49781
-2.26179
-2.01659
-1.76222
-1.49885
-1.22666
-0.945915
-0.656978
-0.360379
-0.0567698
0.252989
0.56778
0.886246
1.20659
1.52666
1.84374
2.15446
2.4547
2.7394
3.00235
3.23594
3.43089
3.57593
3.65693
3.65529
3.5476
3.31176
2.93833
2.43229
1.81242
1.08688
0.258909
-0.671025
-1.70023
-2.82174
-4.02376
-5.29044
-6.60257
-7.93799
-9.2728
-10.5824
-11.8423
-13.0291
-14.1215
-15.1011
-15.9533
-16.6672
-17.2358
-17.6571
-5.39204
-5.46942
-5.54349
-5.61432
-5.68148
-5.74489
-5.80447
-5.86019
-5.91197
-5.95972
-6.00334
-6.04274
-6.07782
-6.10848
-6.13463
-6.15616
-6.17298
-6.18497
-6.19201
-6.19402
-6.19089
-6.18251
-6.16874
-6.14948
-6.12457
-6.09392
-6.05738
-6.01484
-5.96614
-5.91114
-5.8497
-5.78166
-5.70688
-5.62522
-5.53649
-5.44052
-5.33714
-5.2262
-5.1075
-4.98088
-4.84616
-4.70318
-4.55175
-4.39167
-4.22278
-4.04489
-3.85786
-3.66154
-3.45578
-3.24046
-3.01545
-2.78071
-2.5362
-2.28189
-2.01784
-1.74417
-1.46111
-1.16888
-0.867891
-0.558647
-0.241828
0.0816798
0.410773
0.744062
1.07974
1.41563
1.74905
2.07666
2.39439
2.6973
2.97933
3.23309
3.44954
3.61717
3.72088
3.74071
3.65197
3.43087
3.06526
2.5597
1.92818
1.18101
0.320947
-0.652358
-1.73731
-2.92744
-4.21124
-5.57255
-6.99112
-8.44378
-9.90502
-11.3484
-12.7474
-14.076
-15.3108
-16.4311
-17.4195
-18.2625
-18.9517
-19.4833
-5.67335
-5.75555
-5.83438
-5.90992
-5.9817
-6.04961
-6.1136
-6.17363
-6.22962
-6.28149
-6.32912
-6.37242
-6.41129
-6.44561
-6.47531
-6.50028
-6.5204
-6.53557
-6.54567
-6.55059
-6.55024
-6.54446
-6.53315
-6.51617
-6.4934
-6.46469
-6.42992
-6.38896
-6.34166
-6.28785
-6.22739
-6.16009
-6.08581
-6.00441
-5.9157
-5.81947
-5.71557
-5.60379
-5.48397
-5.35592
-5.21943
-5.07432
-4.92041
-4.75749
-4.58539
-4.40389
-4.21281
-4.01202
-3.8014
-3.58075
-3.35
-3.10902
-2.85781
-2.59636
-2.32471
-2.04296
-1.75134
-1.45014
-1.13977
-0.820761
-0.493799
-0.159777
0.180139
0.524508
0.871554
1.21907
1.56433
1.90404
2.23417
2.5499
2.84531
3.11327
3.34493
3.52887
3.6499
3.68769
3.61678
3.41097
3.0532
2.54279
1.89089
1.10848
0.199724
-0.835381
-1.99582
-3.27598
-4.6647
-6.1455
-7.69739
-9.29584
-10.9134
-12.521
-14.0889
-15.5883
-16.9925
-18.2775
-19.4226
-20.4114
-21.2337
-21.8837
-5.96708
-6.05438
-6.13824
-6.2188
-6.29548
-6.3682
-6.43689
-6.50153
-6.56205
-6.61834
-6.6703
-6.71783
-6.76082
-6.79919
-6.83281
-6.86158
-6.8854
-6.90414
-6.9177
-6.92596
-6.92879
-6.9261
-6.91772
-6.90352
-6.88337
-6.85716
-6.82471
-6.7859
-6.74058
-6.68857
-6.6297
-6.56383
-6.49077
-6.41036
-6.32242
-6.22674
-6.12313
-6.01143
-5.89142
-5.76289
-5.62563
-5.47949
-5.32422
-5.15962
-4.98553
-4.80174
-4.60803
-4.40427
-4.1903
-3.96599
-3.7312
-3.48587
-3.22994
-2.96342
-2.68636
-2.39891
-2.10129
-1.7938
-1.47687
-1.15108
-0.817144
-0.476031
-0.128904
0.222703
0.576991
0.931769
1.28429
1.63118
1.96853
2.29156
2.59449
2.87036
3.11061
3.30422
3.43654
3.48777
3.43248
3.24239
2.89459
2.38059
1.70627
0.882153
-0.0854385
-1.19484
-2.44496
-3.83092
-5.34212
-6.96221
-8.66924
-10.437
-12.2357
-14.0329
-15.7956
-17.4908
-19.0881
-20.5597
-21.8812
-23.0332
-24.0037
-24.7845
-6.27361
-6.36628
-6.45546
-6.54132
-6.62322
-6.70104
-6.77474
-6.8443
-6.90966
-6.97072
-7.02735
-7.07945
-7.12692
-7.16969
-7.2076
-7.24058
-7.26849
-7.29123
-7.30867
-7.3207
-7.3272
-7.32806
-7.32311
-7.31222
-7.29524
-7.27205
-7.24252
-7.20648
-7.16376
-7.1142
-7.05763
-6.99389
-6.92281
-6.8442
-6.75785
-6.66358
-6.5612
-6.4505
-6.3313
-6.20334
-6.06644
-5.9204
-5.76501
-5.60002
-5.42527
-5.2406
-5.04578
-4.84062
-4.62498
-4.39874
-4.16181
-3.91409
-3.65551
-3.38616
-3.10606
-2.81539
-2.51439
-2.20337
-1.88279
-1.55332
-1.21572
-0.870972
-0.52035
-0.165374
0.1921
0.549802
0.904953
1.25422
1.59366
1.91855
2.22321
2.50088
2.74324
2.93986
3.07697
3.13606
3.09285
2.91827
2.58456
2.07433
1.38502
0.523701
-0.502076
-1.6882
-3.0324
-4.5298
-6.17028
-7.93766
-9.80968
-11.7578
-13.7499
-15.7501
-17.7211
-19.6263
-21.4305
-23.1022
-24.6134
-25.942
-27.0737
-27.9979
-6.59329
-6.69162
-6.78643
-6.87788
-6.96527
-7.04852
-7.12754
-7.20235
-7.27289
-7.33903
-7.40068
-7.45772
-7.51005
-7.55757
-7.60017
-7.63775
-7.67018
-7.69735
-7.71912
-7.7354
-7.74605
-7.75094
-7.74993
-7.7429
-7.72967
-7.7101
-7.68408
-7.65142
-7.612
-7.56562
-7.51208
-7.45123
-7.38293
-7.30695
-7.22308
-7.13117
-7.03098
-6.9223
-6.80497
-6.67873
-6.54335
-6.39867
-6.24442
-6.08045
-5.90654
-5.72247
-5.5281
-5.32323
-5.10771
-4.88144
-4.64432
-4.39626
-4.13726
-3.86732
-3.58662
-3.29529
-2.99355
-2.68185
-2.36065
-2.03066
-1.69269
-1.34778
-0.997235
-0.642697
-0.28606
0.07034
0.4237
0.770712
1.10739
1.429
1.73002
2.00379
2.24227
2.43562
2.5712
2.63224
2.59651
2.436
2.12049
1.62488
0.936449
0.0547738
-1.01424
-2.26484
-3.69257
-5.29163
-7.05206
-8.95767
-10.9853
-13.1058
-15.2837
-17.4802
-19.6541
-21.7645
-23.7721
-25.6416
-27.3416
-28.8477
-30.1436
-31.2164
-6.92651
-7.03078
-7.13148
-7.22885
-7.32207
-7.41103
-7.4957
-7.57608
-7.65212
-7.72371
-7.79072
-7.85305
-7.91061
-7.96329
-8.01099
-8.05358
-8.09094
-8.12297
-8.14956
-8.17054
-8.18583
-8.1953
-8.19878
-8.19615
-8.18727
-8.17196
-8.15008
-8.12151
-8.08606
-8.04357
-7.99386
-7.93673
-7.87205
-7.79958
-7.71915
-7.63055
-7.53358
-7.42801
-7.31365
-7.19032
-7.05776
-6.91576
-6.76408
-6.60253
-6.43095
-6.24913
-6.0569
-5.85409
-5.64055
-5.41618
-5.18091
-4.93468
-4.67749
-4.40939
-4.13051
-3.84107
-3.54141
-3.23186
-2.91303
-2.58561
-2.25053
-1.90889
-1.56205
-1.21163
-0.859627
-0.508486
-0.161011
0.179412
0.50885
0.822625
1.11524
1.38011
1.60958
1.79435
1.92282
1.98014
1.94667
1.79714
1.5018
1.03115
0.363206
-0.512263
-1.59537
-2.88166
-4.36474
-6.03761
-7.88904
-9.90257
-12.0555
-14.3169
-16.6494
-19.0118
-21.3593
-23.6474
-25.8328
-27.8766
-29.7449
-31.4114
-32.8576
-34.0702
-7.27363
-7.38412
-7.49103
-7.59462
-7.69397
-7.78896
-7.87959
-7.96587
-8.04776
-8.12513
-8.19786
-8.26586
-8.32903
-8.38727
-8.44047
-8.48849
-8.53122
-8.56857
-8.60043
-8.62665
-8.6471
-8.66166
-8.67019
-8.67256
-8.66863
-8.65821
-8.64117
-8.61737
-8.58663
-8.54881
-8.50369
-8.45113
-8.39096
-8.32296
-8.24691
-8.16265
-8.07
-7.96869
-7.85854
-7.73935
-7.61088
-7.47293
-7.3253
-7.16774
-7.00009
-6.82218
-6.63382
-6.43491
-6.22526
-6.00482
-5.77353
-5.53134
-5.27828
-5.01441
-4.73993
-4.45507
-4.16015
-3.85565
-3.5421
-3.22039
-2.89137
-2.55624
-2.21646
-1.8737
-1.52998
-1.18785
-0.850086
-0.520007
-0.201741
0.100127
0.380267
0.632243
0.848615
1.02059
1.1376
1.18649
1.1504
1.00758
0.731197
0.291482
-0.339105
-1.17987
-2.23998
-3.51963
-5.01406
-6.71487
-8.61036
-10.6831
-12.9095
-15.2587
-17.6926
-20.168
-22.6388
-25.0552
-27.3724
-29.5481
-31.5463
-33.339
-34.9063
-36.235
-7.63502
-7.75203
-7.86545
-7.97556
-8.08134
-8.18268
-8.2796
-8.37211
-8.46018
-8.54369
-8.62252
-8.69656
-8.76572
-8.82989
-8.88899
-8.94288
-8.99144
-9.03458
-9.07219
-9.10412
-9.13027
-9.1505
-9.16462
-9.17259
-9.17423
-9.16936
-9.15784
-9.13956
-9.11429
-9.08191
-9.04224
-8.99514
-8.94039
-8.87782
-8.80719
-8.72836
-8.6411
-8.54522
-8.44053
-8.32678
-8.2038
-8.07134
-7.9292
-7.77724
-7.61522
-7.44294
-7.26032
-7.06716
-6.86345
-6.649
-6.42384
-6.18797
-5.94137
-5.68423
-5.41671
-5.13907
-4.85167
-4.55501
-4.24979
-3.93672
-3.61689
-3.29148
-2.96201
-2.63021
-2.29814
-1.96836
-1.6437
-1.32753
-1.02377
-0.73709
-0.472728
-0.236906
-0.0366906
0.119547
0.221991
0.259111
0.21645
0.0758455
-0.185285
-0.593744
-1.17792
-1.96253
-2.96478
-4.19258
-5.64582
-7.31768
-9.19656
-11.2651
-13.4993
-15.8688
-18.3355
-20.8559
-23.3818
-25.8638
-28.2537
-30.5076
-32.5874
-34.463
-36.114
-37.527
-8.01105
-8.13488
-8.2551
-8.37202
-8.48455
-8.59258
-8.6961
-8.79517
-8.88977
-8.97977
-9.06503
-9.14547
-9.22102
-9.29156
-9.35696
-9.41713
-9.47198
-9.52139
-9.56522
-9.60338
-9.63576
-9.66219
-9.68252
-9.69669
-9.70452
-9.70588
-9.70061
-9.68855
-9.66954
-9.64345
-9.61011
-9.56932
-9.52093
-9.46478
-9.40063
-9.32832
-9.24765
-9.15841
-9.06045
-8.9535
-8.8374
-8.71191
-8.57687
-8.43208
-8.27738
-8.11259
-7.93754
-7.75218
-7.55638
-7.3501
-7.13332
-6.90601
-6.66835
-6.42043
-6.16241
-5.8946
-5.61752
-5.33163
-5.03755
-4.73616
-4.42854
-4.11595
-3.79988
-3.4822
-3.16491
-2.85056
-2.54202
-2.24276
-1.95654
-1.68787
-1.44188
-1.2246
-1.04283
-0.904341
-0.818177
-0.794847
-0.846654
-0.988627
-1.23918
-1.62054
-2.15799
-2.87693
-3.79905
-4.93904
-6.30322
-7.88966
-9.68886
-11.685
-13.8555
-16.1708
-18.5943
-21.0838
-23.5921
-26.0697
-28.4678
-30.7412
-32.8506
-34.7646
-36.4612
-37.9268
-8.40212
-8.53304
-8.66033
-8.7844
-8.90399
-9.01899
-9.12944
-9.23541
-9.33687
-9.4337
-9.52576
-9.613
-9.69532
-9.77259
-9.84471
-9.91162
-9.97319
-10.0293
-10.0799
-10.1248
-10.1639
-10.1971
-10.2242
-10.2452
-10.2599
-10.2682
-10.2698
-10.2647
-10.2528
-10.2338
-10.2077
-10.1742
-10.1331
-10.0844
-10.0278
-9.96309
-9.89017
-9.80887
-9.71893
-9.62017
-9.51239
-9.39539
-9.26903
-9.13312
-8.98753
-8.83201
-8.66652
-8.49091
-8.30518
-8.10919
-7.90307
-7.68678
-7.4604
-7.22417
-6.97833
-6.72312
-6.45907
-6.18671
-5.90668
-5.61997
-5.32756
-5.0308
-4.73121
-4.43059
-4.13105
-3.83511
-3.54555
-3.26587
-2.99969
-2.75136
-2.52602
-2.32921
-2.16741
-2.048
-1.97915
-1.97045
-2.03269
-2.17831
-2.42226
-2.78222
-3.27864
-3.93387
-4.76961
-5.80389
-7.04809
-8.50603
-10.1731
-12.037
-14.0778
-16.2688
-18.5761
-20.9604
-23.3771
-25.7794
-28.1195
-30.3529
-32.4393
-34.3467
-36.051
-37.5382
-8.8086
-8.94687
-9.08155
-9.21307
-9.34001
-9.46229
-9.57998
-9.69317
-9.80184
-9.90583
-10.0051
-10.0994
-10.1889
-10.2733
-10.3526
-10.4266
-10.4953
-10.5587
-10.6164
-10.6686
-10.715
-10.7555
-10.7901
-10.8185
-10.8407
-10.8565
-10.8658
-10.8685
-10.8644
-10.8534
-10.8353
-10.81
-10.7773
-10.737
-10.689
-10.6331
-10.5692
-10.497
-10.4164
-10.3273
-10.2293
-10.1224
-10.0063
-9.88098
-9.74623
-9.60193
-9.44794
-9.28418
-9.11058
-8.92718
-8.73399
-8.53106
-8.31856
-8.09661
-7.86552
-7.62566
-7.37745
-7.12145
-6.85843
-6.58925
-6.31502
-6.03711
-5.75698
-5.47639
-5.19751
-4.92275
-4.65498
-4.39739
-4.15363
-3.92791
-3.72498
-3.55024
-3.40979
-3.31039
-3.2595
-3.26588
-3.33893
-3.48934
-3.72937
-4.07292
-4.53585
-5.13599
-5.89177
-6.82057
-7.9359
-9.24541
-10.7495
-12.4407
-14.3036
-16.3156
-18.447
-20.6626
-22.9225
-25.1835
-27.4016
-29.5341
-31.5427
-33.3944
-35.0645
-36.5371
-9.23086
-9.37678
-9.51914
-9.65837
-9.79297
-9.92284
-10.0481
-10.1688
-10.285
-10.3965
-10.5032
-10.6051
-10.7021
-10.794
-10.8808
-10.9624
-11.0388
-11.1097
-11.1752
-11.2351
-11.2892
-11.3377
-11.3802
-11.4167
-11.447
-11.4711
-11.4888
-11.5
-11.5046
-11.5023
-11.4932
-11.477
-11.4536
-11.4229
-11.3846
-11.3387
-11.2849
-11.2232
-11.1533
-11.0751
-10.9885
-10.8932
-10.7891
-10.6761
-10.554
-10.4228
-10.2823
-10.1325
-9.97325
-9.80467
-9.6268
-9.4397
-9.24352
-9.0385
-8.82488
-8.60307
-8.37353
-8.13681
-7.89376
-7.64515
-7.39216
-7.13606
-6.87834
-6.62077
-6.36548
-6.11479
-5.87138
-5.63849
-5.41955
-5.21856
-5.04012
-4.88906
-4.77114
-4.69269
-4.66062
-4.68243
-4.76666
-4.9225
-5.16026
-5.49104
-5.9271
-6.48209
-7.17019
-8.0056
-9.00079
-10.1645
-11.5001
-13.0042
-14.6665
-16.4691
-18.3877
-20.3917
-22.4465
-24.514
-26.5551
-28.531
-30.4062
-32.1493
-33.7356
-35.1479
-9.66934
-9.82318
-9.97346
-10.1207
-10.2633
-10.401
-10.5341
-10.6626
-10.7867
-10.906
-11.0206
-11.1303
-11.2351
-11.335
-11.4297
-11.5193
-11.6036
-11.6827
-11.7563
-11.8244
-11.8869
-11.9437
-11.9948
-12.04
-12.0791
-12.1121
-12.1389
-12.1594
-12.1734
-12.1807
-12.1815
-12.1754
-12.1623
-12.142
-12.1146
-12.0798
-12.0375
-11.9874
-11.9297
-11.8639
-11.7901
-11.708
-11.6175
-11.5186
-11.411
-11.2948
-11.1699
-11.0361
-10.8935
-10.742
-10.5819
-10.4131
-10.2358
-10.0503
-9.85693
-9.65607
-9.44806
-9.23361
-9.01349
-8.78863
-8.55994
-8.32881
-8.09663
-7.86525
-7.63651
-7.41286
-7.1968
-6.99137
-6.79976
-6.62588
-6.47396
-6.34864
-6.25492
-6.1988
-6.18646
-6.22472
-6.32096
-6.48331
-6.72029
-7.04119
-7.45566
-7.97398
-8.60683
-9.36464
-10.2571
-11.2918
-12.4727
-13.7988
-15.2631
-16.8525
-18.5472
-20.3223
-22.1482
-23.9921
-25.8199
-27.5973
-29.2926
-30.8774
-32.3285
-33.6284
-10.1244
-10.2864
-10.4449
-10.6005
-10.7512
-10.8971
-11.0383
-11.175
-11.3072
-11.4346
-11.5574
-11.6753
-11.7883
-11.8964
-11.9994
-12.0974
-12.1902
-12.2777
-12.3599
-12.4368
-12.5081
-12.5739
-12.634
-12.6884
-12.7369
-12.7795
-12.8161
-12.8466
-12.8708
-12.8887
-12.9001
-12.9049
-12.9032
-12.8945
-12.879
-12.8564
-12.8267
-12.7897
-12.7453
-12.6934
-12.6339
-12.5666
-12.4915
-12.4084
-12.3172
-12.2179
-12.1106
-11.995
-11.8712
-11.7393
-11.5993
-11.4514
-11.2957
-11.1325
-10.9622
-10.7851
-10.6017
-10.4126
-10.2186
-10.0205
-9.8195
-9.61663
-9.41336
-9.21139
-9.01265
-8.81923
-8.63372
-8.45872
-8.29754
-8.15369
-8.03089
-7.93361
-7.8665
-7.83482
-7.84421
-7.9008
-8.01087
-8.18155
-8.4201
-8.73415
-9.1315
-9.62032
-10.2084
-10.9032
-11.7113
-12.6384
-13.6873
-14.8574
-16.1436
-17.5358
-19.0184
-20.5709
-22.1684
-23.7828
-25.3843
-26.9432
-28.4313
-29.8233
-31.098
-32.2392
-10.5966
-10.767
-10.9339
-11.098
-11.2572
-11.4116
-11.5612
-11.7063
-11.8468
-11.9827
-12.1139
-12.2404
-12.3619
-12.4785
-12.5902
-12.6969
-12.7985
-12.8949
-12.9862
-13.0722
-13.1528
-13.228
-13.2978
-13.362
-13.4205
-13.4733
-13.5204
-13.5616
-13.5967
-13.6259
-13.6489
-13.6657
-13.6761
-13.68
-13.6775
-13.6683
-13.6524
-13.6297
-13.6
-13.5634
-13.5197
-13.4687
-13.4106
-13.3451
-13.2722
-13.1919
-13.1041
-13.0089
-12.9062
-12.7962
-12.6788
-12.5544
-12.423
-12.285
-12.1406
-11.9903
-11.8346
-11.6741
-11.5095
-11.3417
-11.1717
-11.0007
-10.8299
-10.661
-10.4959
-10.3366
-10.1852
-10.0443
-9.91714
-9.80674
-9.71658
-9.65064
-9.61335
-9.60927
-9.64352
-9.72131
-9.84828
-10.0304
-10.2743
-10.5858
-10.9713
-11.4374
-11.9898
-12.6338
-13.3739
-14.2133
-15.1532
-16.1926
-17.3269
-18.5477
-19.8422
-21.1932
-22.5795
-23.9772
-25.3603
-26.7021
-27.9776
-29.1633
-30.2407
-31.1947
-11.0862
-11.2652
-11.4409
-11.6138
-11.7817
-11.9447
-12.1029
-12.2566
-12.4059
-12.5505
-12.6904
-12.8256
-12.956
-13.0816
-13.2023
-13.318
-13.4288
-13.5345
-13.6352
-13.7308
-13.8211
-13.9062
-13.9861
-14.0607
-14.1298
-14.1934
-14.2515
-14.3041
-14.351
-14.3921
-14.4275
-14.457
-14.4806
-14.4982
-14.5096
-14.5149
-14.514
-14.5068
-14.4933
-14.4733
-14.4469
-14.4139
-14.3743
-14.3281
-14.2753
-14.2159
-14.1498
-14.077
-13.9978
-13.9121
-13.82
-13.7216
-13.6173
-13.5073
-13.3919
-13.2716
-13.1469
-13.0183
-12.8866
-12.7527
-12.6175
-12.4821
-12.3478
-12.2161
-12.0887
-11.9674
-11.8544
-11.7521
-11.6632
-11.5906
-11.5376
-11.5076
-11.5044
-11.5323
-11.5958
-11.6994
-11.848
-12.0469
-12.301
-12.6158
-12.9961
-13.447
-13.9729
-14.5774
-15.2633
-16.0321
-16.8836
-17.8157
-18.8235
-19.8992
-21.032
-22.207
-23.4063
-24.6088
-25.7918
-26.9314
-28.0045
-28.9894
-29.8685
-30.6277
-11.5937
-11.7816
-11.9662
-12.1481
-12.325
-12.4968
-12.6639
-12.8266
-12.9847
-13.1383
-13.2872
-13.4314
-13.5709
-13.7057
-13.8356
-13.9608
-14.081
-14.1964
-14.3069
-14.4124
-14.5129
-14.6085
-14.6989
-14.7842
-14.8644
-14.9395
-15.0093
-15.0738
-15.1331
-15.187
-15.2355
-15.2787
-15.3163
-15.3483
-15.3748
-15.3956
-15.4109
-15.4204
-15.4242
-15.4222
-15.4145
-15.401
-15.3817
-15.3565
-15.3256
-15.289
-15.2467
-15.1986
-15.145
-15.086
-15.0217
-14.9522
-14.8778
-14.7988
-14.7154
-14.6284
-14.5381
-14.4451
-14.35
-14.2537
-14.1574
-14.0618
-13.9683
-13.8783
-13.7931
-13.7148
-13.6453
-13.5866
-13.5411
-13.5117
-13.5012
-13.5127
-13.5495
-13.6155
-13.7145
-13.8502
-14.0271
-14.2495
-14.5215
-14.8471
-15.2308
-15.6758
-16.1854
-16.7619
-17.4069
-18.1203
-18.9009
-19.7455
-20.6485
-21.6026
-22.5976
-23.6203
-24.6552
-25.6842
-26.6869
-27.6422
-28.5289
-29.3264
-30.0175
-30.5887
-12.1196
-12.3166
-12.5103
-12.7014
-12.8874
-13.0684
-13.2446
-13.4163
-13.5836
-13.7463
-13.9044
-14.058
-14.2068
-14.351
-14.4905
-14.6253
-14.7554
-14.8807
-15.0013
-15.1171
-15.2281
-15.3344
-15.4358
-15.5325
-15.6243
-15.7112
-15.7932
-15.8704
-15.9427
-16.01
-16.0724
-16.1298
-16.1823
-16.2298
-16.2722
-16.3096
-16.3421
-16.3694
-16.3918
-16.4092
-16.4216
-16.429
-16.4315
-16.429
-16.4218
-16.4099
-16.3933
-16.3721
-16.3464
-16.3165
-16.2825
-16.2445
-16.203
-16.1579
-16.11
-16.0596
-16.0073
-15.9535
-15.8991
-15.8448
-15.7915
-15.7404
-15.6923
-15.6489
-15.6114
-15.5815
-15.561
-15.5517
-15.5561
-15.5764
-15.6152
-15.6754
-15.7596
-15.8712
-16.0137
-16.1901
-16.404
-16.659
-16.9583
-17.3052
-17.7027
-18.1531
-18.6584
-19.2199
-19.8375
-20.5102
-21.2357
-22.0099
-22.8268
-23.6787
-24.5557
-25.446
-26.3355
-27.2082
-28.0467
-28.8321
-29.5454
-30.168
-30.6828
-31.0765
-12.6645
-12.8706
-13.0736
-13.2742
-13.4695
-13.6597
-13.8451
-14.0261
-14.2027
-14.3748
-14.5424
-14.7054
-14.8638
-15.0176
-15.1669
-15.3116
-15.4517
-15.5873
-15.7183
-15.8447
-15.9666
-16.084
-16.1968
-16.3051
-16.4088
-16.5081
-16.6029
-16.6931
-16.779
-16.8604
-16.9373
-17.0098
-17.0778
-17.1415
-17.2008
-17.2558
-17.3064
-17.3527
-17.3948
-17.4328
-17.4667
-17.4964
-17.5222
-17.5441
-17.5623
-17.5767
-17.5878
-17.5955
-17.6001
-17.6017
-17.6005
-17.5967
-17.5908
-17.583
-17.5737
-17.5635
-17.5527
-17.5422
-17.5326
-17.5247
-17.5194
-17.5176
-17.5203
-17.529
-17.545
-17.5696
-17.6048
-17.6521
-17.7135
-17.7912
-17.8875
-18.0049
-18.1458
-18.3128
-18.5085
-18.7361
-18.9981
-19.2973
-19.6361
-20.0166
-20.4409
-20.9102
-21.425
-21.9856
-22.5906
-23.2377
-23.9236
-24.6432
-25.39
-26.1559
-26.9312
-27.7047
-28.4632
-29.1928
-29.8781
-30.5029
-31.0506
-31.5048
-31.8495
-32.0723
-13.2288
-13.4443
-13.6568
-13.8668
-14.0716
-14.2712
-14.466
-14.6565
-14.8425
-15.0241
-15.2013
-15.3739
-15.542
-15.7057
-15.8649
-16.0197
-16.1701
-16.3161
-16.4578
-16.5951
-16.7281
-16.8568
-16.9813
-17.1016
-17.2178
-17.3297
-17.4376
-17.5415
-17.6414
-17.7374
-17.8294
-17.9175
-18.0018
-18.0824
-18.1594
-18.2327
-18.3025
-18.3688
-18.4317
-18.4913
-18.5479
-18.6014
-18.6519
-18.6996
-18.7448
-18.7876
-18.8282
-18.8668
-18.9036
-18.939
-18.9731
-19.0063
-19.0389
-19.0713
-19.104
-19.1375
-19.1723
-19.2091
-19.2487
-19.2917
-19.3393
-19.3923
-19.4516
-19.5185
-19.5945
-19.6808
-19.7789
-19.8906
-20.0175
-20.1617
-20.3252
-20.5099
-20.7182
-20.952
-21.2136
-21.5052
-21.8286
-22.1859
-22.5785
-23.0077
-23.4739
-23.9774
-24.5178
-25.0931
-25.7012
-26.3383
-26.9997
-27.6796
-28.3708
-29.0644
-29.7509
-30.4194
-31.0578
-31.6532
-32.1925
-32.6616
-33.0464
-33.3331
-33.5079
-33.5599
-13.813
-14.0381
-14.2601
-14.4798
-14.6942
-14.9033
-15.1077
-15.3076
-15.5032
-15.6945
-15.8813
-16.0637
-16.2417
-16.4153
-16.5846
-16.7497
-16.9105
-17.0672
-17.2196
-17.368
-17.5123
-17.6527
-17.7891
-17.9216
-18.0505
-18.1755
-18.2969
-18.4147
-18.529
-18.6399
-18.7475
-18.8519
-18.9531
-19.0513
-19.1465
-19.2389
-19.3287
-19.4159
-19.5005
-19.5829
-19.6632
-19.7416
-19.8182
-19.8933
-19.967
-20.0397
-20.1116
-20.1831
-20.2542
-20.3255
-20.3974
-20.4701
-20.544
-20.6195
-20.6975
-20.7783
-20.8625
-20.9508
-21.044
-21.143
-21.2487
-21.362
-21.484
-21.6158
-21.759
-21.9146
-22.0842
-22.2691
-22.4712
-22.6921
-22.9337
-23.1978
-23.486
-23.8001
-24.1416
-24.5118
-24.9124
-25.3441
-25.807
-26.3017
-26.8273
-27.3823
-27.9648
-28.5715
-29.1987
-29.8412
-30.4929
-31.1466
-31.7946
-32.4273
-33.0351
-33.6075
-34.1329
-34.5998
-34.9966
-35.3115
-35.5328
-35.6495
-35.6502
-35.5261
-14.4178
-14.6525
-14.8842
-15.1137
-15.3377
-15.5564
-15.7703
-15.9799
-16.1852
-16.3862
-16.5827
-16.7749
-16.9628
-17.1465
-17.326
-17.5014
-17.6728
-17.8402
-18.0036
-18.1631
-18.319
-18.4711
-18.6196
-18.7647
-18.9063
-19.0447
-19.1797
-19.3118
-19.4409
-19.5671
-19.6907
-19.8117
-19.9302
-20.0465
-20.1607
-20.2728
-20.3832
-20.4919
-20.5992
-20.7053
-20.8104
-20.9147
-21.0185
-21.1222
-21.2259
-21.33
-21.4348
-21.5408
-21.6483
-21.7577
-21.8695
-21.9842
-22.1021
-22.2239
-22.3503
-22.4817
-22.619
-22.7629
-22.9143
-23.0742
-23.2434
-23.423
-23.6141
-23.818
-24.0358
-24.2689
-24.5188
-24.787
-25.0749
-25.3841
-25.7162
-26.0726
-26.4548
-26.8639
-27.3012
-27.7668
-28.2615
-28.785
-29.3366
-29.9147
-30.5174
-31.1416
-31.7834
-32.4377
-33.0992
-33.7614
-34.4162
-35.0553
-35.6701
-36.2506
-36.7868
-37.2685
-37.685
-38.0261
-38.2814
-38.4412
-38.4965
-38.4387
-38.2595
-37.9522
-15.0438
-15.2881
-15.5296
-15.7689
-16.0026
-16.231
-16.4545
-16.6737
-16.8888
-17.0994
-17.3057
-17.5078
-17.7057
-17.8995
-18.0892
-18.275
-18.4569
-18.635
-18.8095
-18.9803
-19.1477
-19.3117
-19.4724
-19.6301
-19.7847
-19.9364
-20.0855
-20.2319
-20.3759
-20.5178
-20.6576
-20.7955
-20.9318
-21.0665
-21.2
-21.3323
-21.4638
-21.5947
-21.7253
-21.8557
-21.9865
-22.1178
-22.2499
-22.3831
-22.5179
-22.6548
-22.7941
-22.9363
-23.0818
-23.2312
-23.385
-23.5439
-23.7083
-23.8791
-24.0569
-24.2425
-24.4366
-24.6401
-24.8542
-25.0797
-25.3178
-25.5698
-25.8365
-26.1194
-26.4198
-26.7393
-27.079
-27.4407
-27.8255
-28.2352
-28.6708
-29.1336
-29.6249
-30.145
-30.6941
-31.2724
-31.8789
-32.512
-33.1697
-33.8487
-34.5455
-35.2549
-35.971
-36.6871
-37.3954
-38.088
-38.7553
-39.3879
-39.976
-40.5094
-40.9778
-41.3714
-41.6805
-41.896
-42.0092
-42.0123
-41.8985
-41.6622
-41.2977
-40.8008
-15.6916
-15.9456
-16.1969
-16.4461
-16.6895
-16.9274
-17.1606
-17.3895
-17.6142
-17.8346
-18.0507
-18.2626
-18.4704
-18.6742
-18.8741
-19.0703
-19.2628
-19.4516
-19.6371
-19.8191
-19.9981
-20.1739
-20.3469
-20.5171
-20.6848
-20.85
-21.0129
-21.174
-21.3331
-21.4906
-21.6468
-21.8019
-21.956
-22.1094
-22.2624
-22.4153
-22.5683
-22.7219
-22.8762
-23.0316
-23.1885
-23.3474
-23.5085
-23.6724
-23.8393
-24.01
-24.185
-24.3647
-24.5497
-24.7408
-24.9386
-25.1438
-25.3571
-25.5793
-25.8113
-26.054
-26.3084
-26.5754
-26.8564
-27.1524
-27.4647
-27.7945
-28.1434
-28.5126
-28.9037
-29.318
-29.7572
-30.2227
-30.7159
-31.2381
-31.7904
-32.3739
-32.9886
-33.6348
-34.312
-35.0185
-35.7525
-36.5108
-37.2898
-38.0841
-38.888
-39.6943
-40.4949
-41.2811
-42.0434
-42.7717
-43.4556
-44.0843
-44.6475
-45.1346
-45.5357
-45.8414
-46.0428
-46.1322
-46.1026
-45.9483
-45.6644
-45.2478
-44.6958
-44.0065
-16.3619
-16.6257
-16.8867
-17.1457
-17.3988
-17.6464
-17.8891
-18.1276
-18.3619
-18.5919
-18.8177
-19.0394
-19.2571
-19.4708
-19.6809
-19.8873
-20.0902
-20.2897
-20.486
-20.6793
-20.8697
-21.0573
-21.2424
-21.4251
-21.6058
-21.7844
-21.9614
-22.1368
-22.311
-22.4843
-22.6569
-22.829
-23.001
-23.1732
-23.346
-23.5195
-23.6942
-23.8706
-24.049
-24.2297
-24.4133
-24.6001
-24.7909
-24.9858
-25.1857
-25.391
-25.6026
-25.821
-26.0469
-26.2809
-26.5242
-26.7774
-27.0414
-27.3173
-27.6061
-27.9088
-28.2265
-28.5605
-28.9123
-29.2832
-29.6744
-30.0878
-30.5247
-30.9871
-31.4762
-31.9936
-32.5412
-33.1205
-33.7328
-34.3789
-35.06
-35.7763
-36.5274
-37.3128
-38.13
-38.9773
-39.8501
-40.7442
-41.6529
-42.5696
-43.486
-44.3926
-45.2794
-46.1357
-46.9503
-47.712
-48.4093
-49.0308
-49.5656
-50.0035
-50.3349
-50.5513
-50.6449
-50.609
-50.4384
-50.1291
-49.6785
-49.0852
-48.3492
-47.4707
-17.0555
-17.3291
-17.5998
-17.8685
-18.1311
-18.3883
-18.6405
-18.8885
-19.1322
-19.3718
-19.6071
-19.8384
-20.0658
-20.2894
-20.5094
-20.7259
-20.9391
-21.1491
-21.3561
-21.5604
-21.762
-21.9613
-22.1584
-22.3535
-22.5469
-22.7388
-22.9295
-23.1193
-23.3084
-23.4973
-23.6861
-23.8752
-24.0651
-24.2561
-24.4484
-24.6424
-24.8389
-25.0382
-25.2406
-25.4467
-25.657
-25.8722
-26.0926
-26.3192
-26.5523
-26.7928
-27.0415
-27.2992
-27.5667
-27.8448
-28.1348
-28.4373
-28.7537
-29.085
-29.4326
-29.7975
-30.1812
-30.5852
-31.0113
-31.4607
-31.9355
-32.437
-32.9675
-33.5287
-34.1226
-34.7504
-35.4141
-36.1152
-36.8553
-37.6342
-38.4528
-39.3109
-40.2071
-41.1389
-42.1033
-43.0958
-44.1107
-45.141
-46.1783
-47.2136
-48.2363
-49.2351
-50.1983
-51.1137
-51.9693
-52.7529
-53.4527
-54.0572
-54.5558
-54.939
-55.1977
-55.3243
-55.3122
-55.1557
-54.851
-54.3955
-53.7881
-53.0292
-52.1208
-51.0651
-17.7732
-18.0564
-18.3368
-18.615
-18.8872
-19.1537
-19.4153
-19.6726
-19.9257
-20.1746
-20.4193
-20.66
-20.8969
-21.1301
-21.3598
-21.5862
-21.8094
-22.0296
-22.2471
-22.462
-22.6747
-22.8853
-23.0942
-23.3014
-23.5072
-23.7121
-23.9163
-24.1201
-24.3239
-24.5281
-24.7329
-24.9387
-25.146
-25.3554
-25.5671
-25.7816
-25.9996
-26.2214
-26.4477
-26.679
-26.916
-27.1592
-27.4095
-27.6675
-27.934
-28.2098
-28.4959
-28.7933
-29.1027
-29.4254
-29.7627
-30.1156
-30.4852
-30.873
-31.2807
-31.7096
-32.1613
-32.6377
-33.1404
-33.6716
-34.233
-34.8268
-35.4549
-36.1196
-36.8227
-37.5661
-38.3514
-39.1801
-40.0527
-40.9691
-41.9292
-42.9317
-43.9736
-45.0509
-46.1586
-47.2904
-48.4383
-49.5928
-50.7438
-51.88
-52.989
-54.0585
-55.0757
-56.0283
-56.9036
-57.6899
-58.3756
-58.95
-59.4032
-59.7264
-59.9115
-59.9515
-59.8406
-59.5742
-59.1491
-58.5639
-57.8183
-56.9138
-55.854
-54.6422
-18.5157
-18.8086
-19.0985
-19.3861
-19.6675
-19.9433
-20.214
-20.4804
-20.7427
-21.0006
-21.2545
-21.5044
-21.7505
-21.9929
-22.232
-22.4679
-22.7009
-22.931
-23.1586
-23.3839
-23.6072
-23.8288
-24.049
-24.2678
-24.4858
-24.7033
-24.9206
-25.138
-25.356
-25.575
-25.7953
-26.0175
-26.2419
-26.4692
-26.6999
-26.9343
-27.1732
-27.4172
-27.6669
-27.923
-28.1861
-28.4571
-28.7367
-29.0258
-29.3253
-29.6362
-29.9595
-30.2963
-30.6477
-31.015
-31.3996
-31.8029
-32.2261
-32.6712
-33.1397
-33.6334
-34.1542
-34.7041
-35.2852
-35.8997
-36.5498
-37.2378
-37.966
-38.7363
-39.5514
-40.4121
-41.3203
-42.277
-43.2816
-44.3335
-45.4313
-46.5715
-47.7496
-48.9599
-50.1948
-51.4457
-52.7026
-53.9543
-55.1888
-56.3936
-57.5559
-58.6629
-59.7023
-60.662
-61.5305
-62.2968
-62.9507
-63.4825
-63.8834
-64.1453
-64.2607
-64.2231
-64.027
-63.6684
-63.1442
-62.4532
-61.5957
-60.5739
-59.3914
-58.0534
-19.2841
-19.5864
-19.8856
-20.1824
-20.4729
-20.7576
-21.0373
-21.3126
-21.5837
-21.8504
-22.1131
-22.3718
-22.6267
-22.8781
-23.1262
-23.3713
-23.6135
-23.8531
-24.0904
-24.3256
-24.5591
-24.7912
-25.0221
-25.2522
-25.4818
-25.7113
-25.9411
-26.1716
-26.4032
-26.6365
-26.8718
-27.1096
-27.3504
-27.595
-27.8439
-28.0976
-28.3568
-28.6222
-28.8945
-29.1747
-29.4633
-29.7613
-30.0695
-30.3889
-30.7208
-31.0659
-31.4256
-31.8012
-32.194
-32.6053
-33.0367
-33.4898
-33.9664
-34.4682
-34.9972
-35.5556
-36.1454
-36.7689
-37.4284
-38.1264
-38.8654
-39.6474
-40.4753
-41.3507
-42.2752
-43.2511
-44.2782
-45.3566
-46.4853
-47.6617
-48.8824
-50.1421
-51.4343
-52.7508
-54.0823
-55.4178
-56.7459
-58.054
-59.33
-60.5612
-61.7355
-62.8412
-63.8673
-64.8033
-65.6394
-66.3664
-66.9751
-67.4574
-67.805
-68.0104
-68.0664
-67.9664
-67.7048
-67.2772
-66.6804
-65.913
-64.975
-63.8688
-62.5979
-61.168
-20.0792
-20.3907
-20.6991
-21.0048
-21.3041
-21.5975
-21.8858
-22.1696
-22.4491
-22.7244
-22.9954
-23.2625
-23.5259
-23.7858
-24.0425
-24.2962
-24.5472
-24.7958
-25.0422
-25.2868
-25.5299
-25.7718
-26.0129
-26.2536
-26.4942
-26.735
-26.9766
-27.2195
-27.4641
-27.7108
-27.9602
-28.2129
-28.4694
-28.7305
-28.9967
-29.2687
-29.5472
-29.8331
-30.1271
-30.4302
-30.7432
-31.067
-31.4027
-31.7513
-32.1142
-32.4926
-32.8875
-33.3006
-33.7334
-34.1874
-34.6644
-35.1661
-35.6948
-36.2521
-36.8405
-37.462
-38.1194
-38.8149
-39.5511
-40.3304
-41.1554
-42.0286
-42.9517
-43.9267
-44.9548
-46.0363
-47.1712
-48.3574
-49.5921
-50.8711
-52.1886
-53.5375
-54.9086
-56.2921
-57.6765
-59.0506
-60.402
-61.7188
-62.9894
-64.2024
-65.348
-66.4166
-67.3993
-68.288
-69.0746
-69.7514
-70.3104
-70.7442
-71.0451
-71.205
-71.217
-71.0738
-70.7693
-70.2983
-69.6571
-68.8436
-67.8574
-66.7001
-65.3755
-63.8893
-20.9021
-21.2227
-21.5398
-21.8542
-22.1619
-22.4636
-22.7601
-23.0521
-23.3397
-23.6229
-23.9019
-24.177
-24.4483
-24.7162
-24.9809
-25.2427
-25.5019
-25.7588
-26.0137
-26.267
-26.519
-26.7702
-27.0208
-27.2713
-27.522
-27.7734
-28.0261
-28.2804
-28.5371
-28.7964
-29.059
-29.3256
-29.5967
-29.873
-30.1556
-30.4447
-30.7413
-31.0464
-31.3609
-31.6855
-32.0215
-32.3696
-32.7314
-33.1078
-33.5
-33.9097
-34.3382
-34.787
-35.258
-35.7527
-36.2732
-36.8215
-37.3997
-38.01
-38.655
-39.3373
-40.059
-40.8227
-41.6315
-42.4874
-43.3927
-44.3496
-45.3595
-46.4235
-47.5416
-48.7127
-49.9352
-51.2054
-52.5184
-53.8676
-55.2448
-56.6412
-58.046
-59.4484
-60.8365
-62.1988
-63.5248
-64.804
-66.027
-67.1852
-68.2715
-69.2789
-70.2006
-71.0308
-71.7624
-72.3889
-72.903
-73.2968
-73.5627
-73.6922
-73.6775
-73.5108
-73.185
-72.6942
-72.0339
-71.2013
-70.1953
-69.0171
-67.6702
-66.16
-21.7539
-22.0831
-22.4088
-22.7313
-23.0472
-23.3569
-23.6612
-23.9608
-24.256
-24.5467
-24.8331
-25.1155
-25.3942
-25.6695
-25.9416
-26.2108
-26.4776
-26.7421
-27.0049
-27.2661
-27.5262
-27.7858
-28.045
-28.3044
-28.5644
-28.8255
-29.0882
-29.3531
-29.6206
-29.8915
-30.1662
-30.4455
-30.73
-31.0205
-31.3178
-31.6228
-31.9361
-32.2589
-32.5921
-32.9367
-33.2937
-33.6646
-34.0504
-34.4525
-34.8722
-35.3109
-35.7706
-36.2527
-36.7592
-37.2921
-37.8531
-38.4448
-39.0694
-39.7292
-40.4267
-41.1647
-41.9455
-42.7719
-43.646
-44.5701
-45.5459
-46.5746
-47.6571
-48.7929
-49.9803
-51.2171
-52.4992
-53.8208
-55.1749
-56.5532
-57.9458
-59.3423
-60.7318
-62.1039
-63.4478
-64.7542
-66.0144
-67.2214
-68.3685
-69.4507
-70.4627
-71.4002
-72.2578
-73.0309
-73.7129
-74.2975
-74.777
-75.1433
-75.3878
-75.5014
-75.4756
-75.3016
-74.9719
-74.4795
-73.8197
-72.9888
-71.9853
-70.8101
-69.4661
-67.9584
-22.6356
-22.9733
-23.307
-23.6373
-23.9608
-24.2779
-24.5895
-24.8964
-25.1986
-25.4962
-25.7894
-26.0786
-26.364
-26.646
-26.9248
-27.2007
-27.4743
-27.7457
-28.0154
-28.2837
-28.5512
-28.8181
-29.085
-29.3523
-29.6205
-29.8903
-30.162
-30.4362
-30.7135
-30.9946
-31.28
-31.5707
-31.8673
-32.1704
-32.481
-32.8
-33.1284
-33.4672
-33.8172
-34.1798
-34.556
-34.9471
-35.3547
-35.78
-36.2244
-36.6898
-37.1778
-37.6902
-38.2289
-38.7961
-39.394
-40.0248
-40.6911
-41.3952
-42.1396
-42.9267
-43.7592
-44.6391
-45.5684
-46.5484
-47.58
-48.6636
-49.7985
-50.9825
-52.2124
-53.4835
-54.7896
-56.1235
-57.4765
-58.839
-60.2007
-61.5512
-62.8813
-64.1817
-65.4449
-66.6643
-67.8348
-68.9523
-70.0129
-71.0142
-71.9526
-72.8248
-73.6265
-74.3523
-74.996
-75.5505
-76.0075
-76.3578
-76.5924
-76.7014
-76.6754
-76.5053
-76.183
-75.7013
-75.0549
-74.2399
-73.2544
-72.0992
-70.7768
-69.2914
-23.5486
-23.8943
-24.2357
-24.5732
-24.9038
-25.2278
-25.5463
-25.8596
-26.1681
-26.472
-26.7715
-27.0667
-27.3581
-27.646
-27.9307
-28.2126
-28.492
-28.7694
-29.0451
-29.3196
-29.5933
-29.8667
-30.1402
-30.4143
-30.6896
-30.9668
-31.2462
-31.5284
-31.8142
-32.1041
-32.399
-32.6995
-33.0064
-33.3206
-33.6428
-33.9741
-34.3154
-34.6681
-35.0328
-35.4111
-35.8041
-36.213
-36.6396
-37.0852
-37.5514
-38.0399
-38.5527
-39.0915
-39.6585
-40.2558
-40.8855
-41.5502
-42.2521
-42.9935
-43.777
-44.6044
-45.478
-46.3992
-47.3696
-48.3893
-49.4578
-50.5742
-51.7357
-52.9386
-54.1779
-55.4471
-56.7387
-58.0439
-59.3534
-60.6579
-61.9484
-63.2161
-64.4544
-65.657
-66.8197
-67.939
-69.0132
-70.0405
-71.019
-71.9476
-72.823
-73.6423
-74.4007
-75.0919
-75.7092
-76.2444
-76.6883
-77.0311
-77.2631
-77.3738
-77.3538
-77.1933
-76.8845
-76.4199
-75.7942
-75.0034
-74.0456
-72.9214
-71.633
-70.1831
-24.4942
-24.8474
-25.1959
-25.5401
-25.8772
-26.2076
-26.5321
-26.8513
-27.1656
-27.4751
-27.7798
-28.0803
-28.3769
-28.6699
-28.9597
-29.2466
-29.531
-29.8133
-30.0941
-30.3736
-30.6525
-30.9311
-31.2101
-31.4899
-31.771
-32.0542
-32.3399
-32.6288
-32.9215
-33.2189
-33.5214
-33.83
-34.1456
-34.4689
-34.8008
-35.1422
-35.4946
-35.8586
-36.2358
-36.6272
-37.034
-37.458
-37.9004
-38.363
-38.8474
-39.3553
-39.8887
-40.4494
-41.0397
-41.6616
-42.3172
-43.0088
-43.7387
-44.5089
-45.3211
-46.1774
-47.0789
-48.0263
-49.0197
-50.0582
-51.1402
-52.2626
-53.4213
-54.6108
-55.8244
-57.0549
-58.2938
-59.5328
-60.763
-61.9772
-63.1683
-64.3308
-65.4609
-66.556
-67.615
-68.6372
-69.6222
-70.5703
-71.4801
-72.3499
-73.1767
-73.9567
-74.6838
-75.351
-75.9508
-76.4737
-76.91
-77.2495
-77.482
-77.5968
-77.5845
-77.4356
-77.1421
-76.6971
-76.0953
-75.3327
-74.4079
-73.3215
-72.0742
-70.6695
-25.4736
-25.8339
-26.1889
-26.5392
-26.8821
-27.2181
-27.548
-27.8725
-28.1917
-28.5059
-28.8152
-29.1202
-29.421
-29.7182
-30.012
-30.3029
-30.5912
-30.8775
-31.1622
-31.4457
-31.7285
-32.0113
-32.2944
-32.5784
-32.8641
-33.1518
-33.4423
-33.7364
-34.0345
-34.3373
-34.6459
-34.9609
-35.2831
-35.6134
-35.9528
-36.3024
-36.6631
-37.0364
-37.4231
-37.8247
-38.2424
-38.678
-39.1329
-39.6087
-40.1073
-40.6301
-41.1791
-41.7566
-42.3643
-43.0042
-43.6783
-44.3886
-45.137
-45.9249
-46.7538
-47.6246
-48.5376
-49.4924
-50.4879
-51.5216
-52.5904
-53.6901
-54.8146
-55.9578
-57.1125
-58.2712
-59.4261
-60.5702
-61.6969
-62.8013
-63.8798
-64.9301
-65.9517
-66.9444
-67.9089
-68.8465
-69.7573
-70.6414
-71.4978
-72.3231
-73.114
-73.8653
-74.5697
-75.2197
-75.8065
-76.3202
-76.7504
-77.0873
-77.3199
-77.4383
-77.4329
-77.2948
-77.0162
-76.5907
-76.0135
-75.2809
-74.3916
-73.346
-72.1448
-70.7902
-26.4883
-26.8551
-27.216
-27.5716
-27.9196
-28.2606
-28.5951
-28.9239
-29.2473
-29.5653
-29.8783
-30.1867
-30.4909
-30.7912
-31.0881
-31.3819
-31.673
-31.9621
-32.2495
-32.5358
-32.8213
-33.1069
-33.3927
-33.6796
-33.9683
-34.2591
-34.5528
-34.8502
-35.1518
-35.4587
-35.7713
-36.0905
-36.4173
-36.7527
-37.0973
-37.4524
-37.8191
-38.1985
-38.592
-39.0007
-39.426
-39.8696
-40.333
-40.8178
-41.3257
-41.8584
-42.4177
-43.0056
-43.6237
-44.2738
-44.9575
-45.6765
-46.4321
-47.225
-48.0557
-48.9243
-49.83
-50.7712
-51.7453
-52.7488
-53.7772
-54.8254
-55.8868
-56.955
-58.0232
-59.085
-60.1348
-61.1676
-62.1796
-63.1697
-64.1364
-65.0808
-66.004
-66.9076
-67.7933
-68.6626
-69.5149
-70.3501
-71.1657
-71.9577
-72.7212
-73.4501
-74.1361
-74.7714
-75.346
-75.8502
-76.2734
-76.6056
-76.8361
-76.9558
-76.9551
-76.8258
-76.5605
-76.1536
-75.6004
-74.8979
-74.045
-73.042
-71.8889
-70.5882
-27.54
-27.9127
-28.2787
-28.6387
-28.9911
-29.3362
-29.6745
-30.0068
-30.3333
-30.6542
-30.9698
-31.2807
-31.5872
-31.8896
-32.1883
-32.4838
-32.7766
-33.0672
-33.3562
-33.6438
-33.9308
-34.2176
-34.5047
-34.793
-35.0831
-35.3753
-35.6706
-35.9696
-36.273
-36.5817
-36.8964
-37.2178
-37.5471
-37.8849
-38.2323
-38.5904
-38.9603
-39.3431
-39.7401
-40.1525
-40.5818
-41.0295
-41.4969
-41.9859
-42.498
-43.0348
-43.5979
-44.1888
-44.8093
-45.4605
-46.1437
-46.8597
-47.6092
-48.3922
-49.2082
-50.0561
-50.934
-51.8394
-52.7684
-53.7167
-54.6795
-55.6511
-56.6254
-57.5969
-58.5604
-59.5114
-60.4469
-61.3649
-62.2641
-63.1462
-64.0121
-64.8641
-65.7046
-66.5358
-67.359
-68.1746
-68.982
-69.7791
-70.5626
-71.3278
-72.0682
-72.777
-73.4456
-74.0653
-74.6261
-75.1185
-75.5319
-75.8563
-76.0818
-76.1996
-76.201
-76.0781
-75.8243
-75.4344
-74.9041
-74.2314
-73.4149
-72.4549
-71.351
-70.1061
-28.6302
-29.008
-29.3783
-29.742
-30.0979
-30.4461
-30.7874
-31.1221
-31.4507
-31.7735
-32.0907
-32.4029
-32.7105
-33.0138
-33.3132
-33.6092
-33.9025
-34.1933
-34.4823
-34.7699
-35.0567
-35.3433
-35.6304
-35.9185
-36.2082
-36.5002
-36.7952
-37.094
-37.3973
-37.7058
-38.0203
-38.3417
-38.671
-39.009
-39.3566
-39.7148
-40.0849
-40.4681
-40.8652
-41.2777
-41.707
-42.1543
-42.6213
-43.1092
-43.6195
-44.1538
-44.7132
-45.2992
-45.9125
-46.5544
-47.2252
-47.9252
-48.6538
-49.4107
-50.1941
-51.0019
-51.8315
-52.6796
-53.5417
-54.4135
-55.29
-56.1663
-57.0379
-57.9007
-58.7518
-59.589
-60.4123
-61.2217
-62.019
-62.8066
-63.5873
-64.3635
-65.1374
-65.9113
-66.6853
-67.4586
-68.2302
-68.996
-69.7523
-70.4929
-71.211
-71.8993
-72.5487
-73.1503
-73.6945
-74.1715
-74.5716
-74.8848
-75.1022
-75.2152
-75.216
-75.0971
-74.853
-74.4786
-73.9703
-73.3263
-72.5458
-71.6287
-70.5746
-69.3863
-29.7606
-30.1427
-30.5164
-30.8828
-31.2412
-31.5917
-31.9347
-32.2709
-32.6005
-32.924
-33.2418
-33.5541
-33.8615
-34.1644
-34.4632
-34.7585
-35.0508
-35.3405
-35.6281
-35.9142
-36.1994
-36.4844
-36.7696
-37.0557
-37.3434
-37.6334
-37.9263
-38.2228
-38.524
-38.8303
-39.1424
-39.4616
-39.7885
-40.124
-40.469
-40.8247
-41.1918
-41.5716
-41.9653
-42.374
-42.7989
-43.2412
-43.7022
-44.1832
-44.6852
-45.2095
-45.7571
-46.3286
-46.9248
-47.5455
-48.191
-48.8605
-49.5529
-50.2668
-50.9998
-51.7492
-52.5117
-53.284
-54.0614
-54.8405
-55.6171
-56.3877
-57.1502
-57.9018
-58.6426
-59.3725
-60.0936
-60.808
-61.5183
-62.2276
-62.939
-63.6549
-64.3761
-65.1043
-65.8385
-66.5773
-67.3177
-68.0555
-68.7854
-69.5015
-70.196
-70.8614
-71.4886
-72.0687
-72.5929
-73.0509
-73.4342
-73.733
-73.9393
-74.0449
-74.0427
-73.926
-73.6898
-73.3295
-72.8419
-72.2257
-71.4806
-70.6058
-69.6014
-68.4707
-30.9329
-31.3184
-31.6946
-32.0626
-32.4225
-32.7741
-33.1179
-33.4543
-33.7838
-34.1069
-34.4238
-34.735
-35.041
-35.3422
-35.6391
-35.9322
-36.2219
-36.509
-36.7938
-37.0769
-37.3589
-37.6404
-37.9222
-38.2047
-38.4886
-38.7746
-39.0635
-39.356
-39.6527
-39.9545
-40.2622
-40.5767
-40.8986
-41.2288
-41.5683
-41.9182
-42.2792
-42.6523
-43.0385
-43.439
-43.8548
-44.2867
-44.736
-45.2034
-45.6899
-46.1961
-46.7225
-47.2695
-47.8369
-48.4243
-49.0311
-49.6556
-50.2965
-50.9513
-51.6176
-52.2926
-52.973
-53.6553
-54.3369
-55.0142
-55.6854
-56.3487
-57.0038
-57.6503
-58.2905
-58.9257
-59.559
-60.1939
-60.833
-61.4795
-62.1355
-62.8029
-63.4817
-64.1723
-64.8727
-65.5803
-66.2917
-67.0017
-67.7048
-68.3942
-69.0627
-69.7021
-70.3037
-70.8591
-71.3594
-71.7954
-72.1587
-72.4404
-72.633
-72.729
-72.7219
-72.6058
-72.3759
-72.0284
-71.5606
-70.9714
-70.2607
-69.4277
-68.4725
-67.3994
-32.1489
-32.537
-32.9146
-33.2831
-33.6434
-33.995
-34.3382
-34.6737
-35.002
-35.3232
-35.6379
-35.9466
-36.2498
-36.5479
-36.8413
-37.1307
-37.4166
-37.6994
-37.9798
-38.2582
-38.5353
-38.8119
-39.0883
-39.3654
-39.6436
-39.9239
-40.2067
-40.4929
-40.7833
-41.0784
-41.3792
-41.6863
-42.0005
-42.3227
-42.6539
-42.9945
-43.3456
-43.7081
-44.0826
-44.4702
-44.8716
-45.2875
-45.7184
-46.1652
-46.6279
-47.1072
-47.6028
-48.1145
-48.6414
-49.1829
-49.7376
-50.3035
-50.8788
-51.4613
-52.0479
-52.6367
-53.2248
-53.8099
-54.3906
-54.9647
-55.5327
-56.0941
-56.6505
-57.2039
-57.7565
-58.312
-58.8732
-59.4434
-60.0256
-60.6218
-61.2333
-61.8608
-62.504
-63.1614
-63.8309
-64.5086
-65.1909
-65.8723
-66.5464
-67.2068
-67.846
-68.4561
-69.0291
-69.5565
-70.03
-70.4412
-70.782
-71.0443
-71.2212
-71.3059
-71.2923
-71.1754
-70.9505
-70.6148
-70.1656
-69.6025
-68.9255
-68.1337
-67.2271
-66.2111
-33.4107
-33.8002
-34.1781
-34.5459
-34.9054
-35.2557
-35.5971
-35.9304
-36.2558
-36.5739
-36.8851
-37.1898
-37.4887
-37.7821
-38.0705
-38.3546
-38.6349
-38.912
-39.1863
-39.4584
-39.729
-39.9986
-40.268
-40.5377
-40.8085
-41.081
-41.3558
-41.6336
-41.9152
-42.2014
-42.4927
-42.7898
-43.0936
-43.4049
-43.7241
-44.0521
-44.3896
-44.7371
-45.0954
-45.4648
-45.8459
-46.2392
-46.645
-47.0632
-47.4939
-47.9368
-48.3914
-48.8569
-49.3323
-49.816
-50.3068
-50.8024
-51.3011
-51.8011
-52.2995
-52.7959
-53.2875
-53.7743
-54.256
-54.732
-55.2046
-55.6749
-56.1455
-56.6197
-57.0999
-57.5905
-58.0936
-58.6122
-59.1486
-59.7036
-60.2781
-60.8712
-61.4825
-62.109
-62.7483
-63.3961
-64.0482
-64.6989
-65.3417
-65.9705
-66.5776
-67.1558
-67.6975
-68.1943
-68.6388
-69.0228
-69.3392
-69.5804
-69.74
-69.8118
-69.7908
-69.6717
-69.4511
-69.1261
-68.6947
-68.1567
-67.5123
-66.7608
-65.9021
-64.9423
-34.7203
-35.11
-35.4868
-35.8527
-36.21
-36.5576
-36.896
-37.2256
-37.5468
-37.8603
-38.1663
-38.4656
-38.7585
-39.0457
-39.3275
-39.6047
-39.8778
-40.1473
-40.4137
-40.6777
-40.9399
-41.2008
-41.4614
-41.7218
-41.983
-42.2457
-42.5103
-42.7776
-43.0481
-43.3228
-43.602
-43.8866
-44.177
-44.4739
-44.7779
-45.0894
-45.4089
-45.7368
-46.0735
-46.4192
-46.774
-47.1377
-47.5108
-47.8923
-48.2821
-48.6793
-49.083
-49.4926
-49.9059
-50.3223
-50.7397
-51.1569
-51.5717
-51.9836
-52.3911
-52.7937
-53.1912
-53.584
-53.9741
-54.3618
-54.7508
-55.1434
-55.5423
-55.9513
-56.3733
-56.8116
-57.2679
-57.745
-58.2435
-58.7639
-59.3059
-59.8681
-60.449
-61.0455
-61.6543
-62.2712
-62.8915
-63.5096
-64.1189
-64.7138
-65.2868
-65.8308
-66.3388
-66.8031
-67.2168
-67.5722
-67.8627
-68.0816
-68.2228
-68.2811
-68.2514
-68.1295
-67.9123
-67.5971
-67.1826
-66.6687
-66.0562
-65.3437
-64.5318
-63.627
-36.0796
-36.4682
-36.8427
-37.2052
-37.559
-37.9027
-38.2363
-38.5606
-38.8761
-39.1832
-39.4827
-39.7747
-40.0601
-40.3394
-40.613
-40.8815
-41.1454
-41.4056
-41.6624
-41.9164
-42.1683
-42.4187
-42.6683
-42.9175
-43.1671
-43.4177
-43.67
-43.9243
-44.1814
-44.4419
-44.7063
-44.9752
-45.2489
-45.528
-45.8129
-46.1036
-46.4005
-46.7038
-47.0133
-47.3291
-47.6508
-47.9781
-48.3106
-48.6473
-48.9878
-49.3307
-49.6752
-50.0199
-50.3637
-50.7056
-51.0436
-51.3777
-51.7065
-52.03
-52.3481
-52.6615
-52.9717
-53.2795
-53.5887
-53.9007
-54.2194
-54.5475
-54.8884
-55.2452
-55.6203
-56.0165
-56.4349
-56.8772
-57.3431
-57.8329
-58.345
-58.8779
-59.429
-59.9953
-60.573
-61.1578
-61.7448
-62.3286
-62.9029
-63.4622
-63.999
-64.5076
-64.9805
-65.4111
-65.7927
-66.1187
-66.3825
-66.5784
-66.7007
-66.7448
-66.7059
-66.5806
-66.366
-66.0599
-65.6615
-65.1707
-64.5888
-63.9142
-63.1475
-62.2959
-37.4909
-37.877
-38.2476
-38.6054
-38.9541
-39.2921
-39.6195
-39.9369
-40.245
-40.5442
-40.8351
-41.1182
-41.3944
-41.6639
-41.9273
-42.1853
-42.4384
-42.6873
-42.9325
-43.1745
-43.4143
-43.652
-43.8886
-44.1244
-44.3602
-44.5965
-44.8338
-45.0728
-45.3138
-45.5573
-45.8039
-46.0537
-46.3072
-46.5645
-46.8259
-47.0912
-47.3605
-47.6336
-47.9101
-48.1895
-48.4716
-48.7552
-49.0396
-49.3241
-49.6078
-49.8892
-50.1677
-50.4419
-50.7113
-50.975
-51.2321
-51.4831
-51.7281
-51.9672
-52.2025
-52.435
-52.6677
-52.9024
-53.1429
-53.3919
-53.6531
-53.9293
-54.2236
-54.5385
-54.8758
-55.2373
-55.6239
-56.0359
-56.4728
-56.9341
-57.4177
-57.9216
-58.4429
-58.9786
-59.5244
-60.0759
-60.6285
-61.1768
-61.7149
-62.2373
-62.7375
-63.2095
-63.6467
-64.043
-64.3922
-64.6883
-64.9252
-65.0976
-65.2009
-65.2304
-65.1822
-65.0529
-64.8404
-64.5429
-64.1596
-63.6911
-63.1385
-62.5001
-61.7769
-60.976
-38.9564
-39.3386
-39.7037
-40.055
-40.3969
-40.7277
-41.0471
-41.3558
-41.6546
-41.944
-42.2247
-42.4973
-42.762
-43.0198
-43.2712
-43.5167
-43.7569
-43.9925
-44.2241
-44.4521
-44.6774
-44.9004
-45.1217
-45.3419
-45.5613
-45.7808
-46.0006
-46.2211
-46.443
-46.6665
-46.8917
-47.1188
-47.348
-47.5793
-47.8125
-48.0474
-48.2837
-48.5208
-48.7582
-48.9951
-49.2308
-49.4642
-49.6945
-49.9204
-50.1417
-50.3567
-50.5652
-50.766
-50.9597
-51.1459
-51.3242
-51.4962
-51.6632
-51.826
-51.9875
-52.1498
-52.3168
-52.4905
-52.6747
-52.8728
-53.0882
-53.3229
-53.5796
-53.8605
-54.1665
-54.4985
-54.857
-55.2418
-55.6514
-56.0854
-56.5409
-57.016
-57.5071
-58.0114
-58.5245
-59.042
-59.5594
-60.0717
-60.573
-61.0583
-61.5214
-61.9565
-62.3582
-62.7202
-63.0372
-63.3034
-63.5135
-63.6628
-63.747
-63.7619
-63.7042
-63.571
-63.3603
-63.0706
-62.7017
-62.2542
-61.7295
-61.1255
-60.4435
-59.6906
-40.4783
-40.8548
-41.213
-41.5559
-41.8893
-42.211
-42.5205
-42.8187
-43.1063
-43.3841
-43.6526
-43.9122
-44.1636
-44.4077
-44.6451
-44.8759
-45.1009
-45.3211
-45.5367
-45.7485
-45.957
-46.1626
-46.3663
-46.5681
-46.7686
-46.9684
-47.1676
-47.3667
-47.566
-47.7656
-47.9655
-48.1658
-48.3663
-48.5668
-48.7668
-48.9661
-49.1638
-49.3593
-49.5517
-49.7404
-49.9239
-50.1018
-50.2729
-50.4364
-50.592
-50.7385
-50.8761
-51.0047
-51.125
-51.2371
-51.343
-51.4435
-51.541
-51.6376
-51.7364
-51.8403
-51.9531
-52.0774
-52.2167
-52.3743
-52.5528
-52.7543
-52.9804
-53.2327
-53.5117
-53.8177
-54.1504
-54.5095
-54.893
-55.2999
-55.7275
-56.1734
-56.634
-57.1064
-57.5863
-58.0696
-58.5515
-59.0276
-59.4921
-59.9403
-60.3665
-60.7653
-61.1318
-61.46
-61.7453
-61.9823
-62.1662
-62.2929
-62.3585
-62.3592
-62.2921
-62.1548
-61.9456
-61.6633
-61.3079
-60.8802
-60.3817
-59.8103
-59.1668
-58.459
-42.059
-42.4281
-42.7771
-43.1101
-43.4331
-43.7436
-44.0413
-44.327
-44.6015
-44.8654
-45.1195
-45.3641
-45.5999
-45.828
-46.0488
-46.2626
-46.4702
-46.6725
-46.8697
-47.0626
-47.2516
-47.4372
-47.6202
-47.8006
-47.979
-48.1557
-48.3309
-48.5049
-48.6777
-48.8492
-49.0195
-49.1884
-49.3552
-49.52
-49.6817
-49.8399
-49.9937
-50.1423
-50.2848
-50.4204
-50.5478
-50.6668
-50.7761
-50.8755
-50.9651
-51.0439
-51.1135
-51.174
-51.226
-51.2718
-51.313
-51.3515
-51.3896
-51.4311
-51.4787
-51.5351
-51.6046
-51.6898
-51.7936
-51.9191
-52.0678
-52.242
-52.4426
-52.6701
-52.9249
-53.2069
-53.5152
-53.8494
-54.207
-54.5871
-54.9866
-55.4028
-55.8328
-56.273
-56.7196
-57.1685
-57.6152
-58.0551
-58.4833
-58.8949
-59.285
-59.6485
-59.9806
-60.2761
-60.5306
-60.7394
-60.8981
-61.003
-61.0506
-61.0376
-60.9614
-60.82
-60.6121
-60.3367
-59.9939
-59.5848
-59.1107
-58.5695
-57.9623
-57.2964
-43.701
-44.0605
-44.3986
-44.7197
-45.03
-45.3272
-45.6109
-45.8819
-46.1408
-46.3885
-46.6257
-46.8528
-47.0708
-47.2803
-47.4818
-47.6761
-47.8636
-48.0451
-48.221
-48.3919
-48.5584
-48.7209
-48.8797
-49.0353
-49.1877
-49.3375
-49.4846
-49.6292
-49.771
-49.91
-50.046
-50.1783
-50.3067
-50.4305
-50.5489
-50.661
-50.7665
-50.8639
-50.9528
-51.0322
-51.1015
-51.1601
-51.2078
-51.2447
-51.2706
-51.2862
-51.293
-51.292
-51.2838
-51.2723
-51.2581
-51.2452
-51.235
-51.2318
-51.2385
-51.2578
-51.2932
-51.3477
-51.4236
-51.5231
-51.6477
-51.7988
-51.9769
-52.1821
-52.4148
-52.6737
-52.9584
-53.2678
-53.6
-53.9528
-54.3241
-54.7107
-55.1099
-55.518
-55.9311
-56.346
-56.7577
-57.1622
-57.5549
-57.9309
-58.286
-58.6151
-58.9142
-59.1783
-59.4035
-59.5853
-59.7199
-59.804
-59.8344
-59.8085
-59.7236
-59.5784
-59.3715
-59.1024
-58.7713
-58.3793
-57.9278
-57.4145
-56.8408
-56.2136
-45.4066
-45.7545
-46.0794
-46.3862
-46.6816
-46.963
-47.2302
-47.4838
-47.7246
-47.9535
-48.1711
-48.378
-48.5754
-48.7633
-48.9428
-49.1144
-49.2785
-49.4359
-49.5871
-49.7326
-49.8729
-50.0082
-50.139
-50.2655
-50.388
-50.5064
-50.6207
-50.7309
-50.837
-50.9383
-51.0349
-51.1258
-51.2108
-51.2888
-51.3595
-51.4219
-51.4753
-51.519
-51.5524
-51.5748
-51.5863
-51.5863
-51.575
-51.5531
-51.5209
-51.4801
-51.4313
-51.3772
-51.3185
-51.2594
-51.2004
-51.1462
-51.0978
-51.0599
-51.0347
-51.0253
-51.0345
-51.065
-51.1185
-51.1968
-51.3011
-51.432
-51.5899
-51.7745
-51.9857
-52.2224
-52.4839
-52.7686
-53.075
-53.4007
-53.7436
-54.1006
-54.4689
-54.845
-55.2252
-55.6063
-55.9839
-56.3539
-56.7121
-57.0538
-57.3751
-57.6715
-57.939
-58.1731
-58.3703
-58.5266
-58.6386
-58.7032
-58.7175
-58.6792
-58.5863
-58.4373
-58.2313
-57.968
-57.6475
-57.2711
-56.8404
-56.3529
-55.8096
-55.2177
-47.178
-47.512
-47.8209
-48.1107
-48.3887
-48.6518
-48.8997
-49.133
-49.3527
-49.5597
-49.7547
-49.9385
-50.1117
-50.2747
-50.4285
-50.5736
-50.7106
-50.8402
-50.9625
-51.0784
-51.188
-51.2919
-51.3899
-51.4827
-51.57
-51.652
-51.7285
-51.7994
-51.8643
-51.9231
-51.9753
-52.0202
-52.0574
-52.0861
-52.1057
-52.116
-52.1159
-52.1053
-52.0836
-52.0507
-52.0072
-51.9525
-51.8874
-51.8132
-51.7302
-51.6408
-51.5454
-51.4477
-51.3484
-51.251
-51.1573
-51.0709
-50.9936
-50.9295
-50.8799
-50.8488
-50.8379
-50.8494
-50.8847
-50.9453
-51.032
-51.1448
-51.2838
-51.4489
-51.6393
-51.8543
-52.0926
-52.3528
-52.6333
-52.9319
-53.2464
-53.5738
-53.9114
-54.2559
-54.6038
-54.9518
-55.2961
-55.6328
-55.9575
-56.2664
-56.5553
-56.8205
-57.0579
-57.2639
-57.4348
-57.5672
-57.6578
-57.704
-57.7033
-57.6536
-57.5532
-57.4008
-57.1956
-56.9373
-56.6265
-56.2645
-55.8525
-55.3884
-54.8729
-54.3129
-49.0169
-49.334
-49.6242
-49.8941
-50.1517
-50.3934
-50.6186
-50.8283
-51.0236
-51.2053
-51.3741
-51.5307
-51.6757
-51.8098
-51.9337
-52.048
-52.1534
-52.2503
-52.3391
-52.4204
-52.4944
-52.5614
-52.6215
-52.6749
-52.7218
-52.762
-52.7952
-52.8216
-52.8404
-52.8521
-52.8556
-52.8508
-52.8373
-52.8142
-52.7813
-52.7391
-52.6857
-52.6225
-52.5486
-52.4645
-52.3706
-52.2675
-52.1556
-52.0368
-51.9116
-51.7826
-51.6502
-51.5183
-51.3876
-51.2608
-51.1415
-51.0309
-50.9323
-50.8488
-50.7815
-50.7341
-50.7076
-50.7042
-50.7246
-50.7701
-50.8409
-50.9371
-51.0585
-51.2048
-51.3748
-51.5683
-51.7835
-52.0193
-52.2741
-52.5457
-52.8318
-53.13
-53.4372
-53.7506
-54.0667
-54.3826
-54.6947
-54.9989
-55.2916
-55.5689
-55.8272
-56.0628
-56.2719
-56.4513
-56.5976
-56.7075
-56.7783
-56.8074
-56.7928
-56.7325
-56.6251
-56.4694
-56.2648
-56.0113
-55.7093
-55.3601
-54.9651
-54.5219
-54.0316
-53.5003
-50.9238
-51.2209
-51.4893
-51.7359
-51.9694
-52.1859
-52.3848
-52.567
-52.7337
-52.8857
-53.0238
-53.1486
-53.2606
-53.361
-53.45
-53.5284
-53.5968
-53.6556
-53.7053
-53.7464
-53.7787
-53.8032
-53.8196
-53.8281
-53.829
-53.8219
-53.8068
-53.784
-53.7526
-53.7134
-53.6652
-53.6086
-53.5427
-53.4677
-53.3829
-53.2898
-53.1862
-53.0743
-52.9533
-52.8237
-52.6864
-52.5422
-52.3919
-52.2369
-52.0782
-51.9181
-51.7578
-51.5998
-51.4459
-51.2983
-51.1604
-51.0331
-50.9195
-50.822
-50.7422
-50.6825
-50.6441
-50.6285
-50.6365
-50.6688
-50.7254
-50.8061
-50.9108
-51.0389
-51.1892
-51.3614
-51.5539
-51.7656
-51.9948
-52.2396
-52.4978
-52.7671
-53.0444
-53.3273
-53.6126
-53.8973
-54.1781
-54.4511
-54.7131
-54.9605
-55.1895
-55.397
-55.5796
-55.734
-55.8573
-55.9463
-55.9986
-56.0121
-55.9845
-55.9144
-55.8004
-55.6417
-55.4376
-55.1881
-54.8939
-54.5562
-54.1764
-53.7522
-53.2843
-52.7787
-52.898
-53.1712
-53.4136
-53.6329
-53.8382
-54.025
-54.1927
-54.3426
-54.4759
-54.5932
-54.6952
-54.7827
-54.8563
-54.9171
-54.9653
-55.0019
-55.0271
-55.0417
-55.0459
-55.0406
-55.0253
-55.0012
-54.968
-54.9261
-54.876
-54.8168
-54.7491
-54.6737
-54.5891
-54.4969
-54.396
-54.2875
-54.17
-54.0449
-53.911
-53.7707
-53.6221
-53.4669
-53.3051
-53.1372
-52.9643
-52.7868
-52.6061
-52.4231
-52.2394
-52.0567
-51.876
-51.6998
-51.5298
-51.3683
-51.2177
-51.0793
-50.9556
-50.8487
-50.7601
-50.6916
-50.6442
-50.6189
-50.6165
-50.637
-50.6807
-50.7471
-50.8359
-50.9464
-51.0778
-51.2294
-51.3995
-51.5875
-51.7916
-52.0102
-52.2411
-52.482
-52.7302
-52.9835
-53.2388
-53.4932
-53.7437
-53.987
-54.2197
-54.4384
-54.6397
-54.8208
-54.9782
-55.1092
-55.2109
-55.2806
-55.3158
-55.3146
-55.2752
-55.196
-55.0759
-54.9142
-54.7105
-54.4646
-54.1773
-53.8497
-53.4834
-53.076
-52.628
-52.1451
-54.9353
-55.1799
-55.3915
-55.5787
-55.7505
-55.9022
-56.0334
-56.1453
-56.239
-56.3154
-56.3751
-56.4191
-56.4477
-56.4625
-56.463
-56.4511
-56.4265
-56.3904
-56.3429
-56.2845
-56.2162
-56.1376
-56.0496
-55.9525
-55.8474
-55.7323
-55.6099
-55.4797
-55.3409
-55.1959
-55.0433
-54.8847
-54.7189
-54.5469
-54.3693
-54.1874
-53.9998
-53.808
-53.6129
-53.4145
-53.2133
-53.0105
-52.8072
-52.6043
-52.4029
-52.2041
-52.0098
-51.8218
-51.6417
-51.4715
-51.3129
-51.168
-51.0381
-50.9254
-50.831
-50.7562
-50.7021
-50.6692
-50.6578
-50.6681
-50.7
-50.7533
-50.8273
-50.9212
-51.0343
-51.166
-51.3149
-51.4799
-51.6597
-51.8528
-52.057
-52.2705
-52.4906
-52.7151
-52.9415
-53.1668
-53.3884
-53.603
-53.8077
-53.999
-54.1742
-54.3302
-54.4641
-54.5732
-54.6547
-54.7063
-54.7256
-54.7108
-54.6603
-54.5727
-54.4469
-54.2824
-54.0787
-53.8359
-53.5546
-53.2359
-52.8814
-52.4889
-52.0584
-51.5956
-57.0276
-57.238
-57.413
-57.5618
-57.6939
-57.8041
-57.8923
-57.9594
-58.0067
-58.0349
-58.0453
-58.0385
-58.0152
-57.9767
-57.9227
-57.8552
-57.7744
-57.681
-57.5756
-57.4588
-57.3323
-57.1948
-57.0479
-56.8928
-56.73
-56.5582
-56.3803
-56.1952
-56.0043
-55.8085
-55.6073
-55.4026
-55.1931
-54.9801
-54.7656
-54.5477
-54.3279
-54.1078
-53.8863
-53.664
-53.4419
-53.2214
-53.002
-52.7852
-52.572
-52.3629
-52.1607
-51.9658
-51.7801
-51.6052
-51.4429
-51.2946
-51.1619
-51.0461
-50.9484
-50.8693
-50.8102
-50.7712
-50.7524
-50.7541
-50.7756
-50.8167
-50.8769
-50.9556
-51.0516
-51.1644
-51.2931
-51.4363
-51.593
-51.7617
-51.9405
-52.1276
-52.3208
-52.5178
-52.7164
-52.9138
-53.1078
-53.2952
-53.4731
-53.6386
-53.789
-53.9214
-54.0331
-54.1215
-54.1842
-54.2188
-54.2232
-54.1957
-54.1349
-54.0394
-53.9082
-53.7408
-53.5369
-53.2966
-53.0203
-52.7095
-52.3653
-51.9856
-51.5705
-51.1252
-59.1604
-59.3295
-59.4608
-59.5641
-59.6491
-59.7106
-59.7481
-59.7628
-59.7558
-59.7287
-59.6822
-59.6171
-59.5343
-59.4355
-59.3204
-59.1908
-59.0483
-58.8917
-58.7237
-58.5448
-58.3561
-58.1574
-57.9498
-57.7363
-57.5149
-57.2882
-57.0558
-56.8191
-56.5797
-56.3371
-56.0924
-55.8473
-55.6002
-55.3535
-55.1074
-54.8612
-54.6167
-54.3743
-54.1329
-53.8938
-53.6576
-53.4242
-53.1945
-52.9688
-52.7486
-52.5342
-52.3277
-52.1296
-51.9419
-51.7655
-51.6022
-51.4532
-51.3198
-51.2028
-51.1036
-51.0222
-50.9597
-50.9159
-50.8912
-50.8853
-50.8979
-50.9283
-50.9761
-51.0407
-51.1211
-51.2165
-51.3263
-51.4493
-51.5842
-51.7301
-51.885
-52.0472
-52.215
-52.386
-52.5583
-52.7295
-52.8972
-53.0588
-53.2115
-53.3526
-53.4795
-53.5896
-53.6804
-53.7494
-53.7944
-53.8131
-53.8035
-53.7642
-53.6936
-53.5906
-53.4542
-53.2839
-53.0795
-52.841
-52.569
-52.2647
-51.9293
-51.5609
-51.159
-50.7289
-61.3103
-61.4303
-61.5096
-61.5595
-61.5895
-61.594
-61.5727
-61.527
-61.4583
-61.3679
-61.257
-61.1269
-60.9782
-60.8125
-60.631
-60.4348
-60.2254
-60.003
-59.7699
-59.5265
-59.2748
-59.0147
-58.748
-58.4767
-58.2
-57.9216
-57.6392
-57.3559
-57.0727
-56.7897
-56.5081
-56.2288
-55.9511
-55.6769
-55.4055
-55.1384
-54.8748
-54.6154
-54.3608
-54.1098
-53.8635
-53.622
-53.3861
-53.1559
-52.9319
-52.7153
-52.5075
-52.3091
-52.1216
-51.9461
-51.7839
-51.6359
-51.5034
-51.387
-51.2875
-51.2051
-51.1404
-51.0934
-51.064
-51.0518
-51.0567
-51.078
-51.1151
-51.1672
-51.2336
-51.3135
-51.4061
-51.5106
-51.6258
-51.7506
-51.8835
-52.0228
-52.1669
-52.3138
-52.4616
-52.6082
-52.7514
-52.8888
-53.0178
-53.1361
-53.241
-53.3302
-53.4013
-53.4522
-53.4805
-53.4843
-53.4616
-53.4111
-53.3312
-53.221
-53.0795
-52.9062
-52.701
-52.4638
-52.1951
-51.8962
-51.5682
-51.2092
-50.8187
-50.4015
-63.4448
-63.507
-63.5259
-63.5142
-63.4808
-63.4202
-63.3327
-63.2186
-63.0813
-62.9206
-62.7399
-62.5389
-62.3193
-62.0832
-61.8317
-61.5664
-61.2882
-61.0001
-60.7012
-60.3941
-60.0822
-59.7627
-59.4411
-59.1157
-58.7898
-58.4639
-58.1376
-57.8143
-57.4937
-57.1776
-56.8652
-56.5579
-56.2565
-55.9607
-55.6701
-55.3874
-55.11
-54.8387
-54.5745
-54.3152
-54.0629
-53.8169
-53.5773
-53.3449
-53.1196
-52.9031
-52.6959
-52.4989
-52.3133
-52.14
-51.9802
-51.8346
-51.7041
-51.5892
-51.4906
-51.4083
-51.3424
-51.2932
-51.2603
-51.2434
-51.242
-51.2555
-51.2835
-51.3249
-51.3791
-51.4455
-51.5232
-51.6112
-51.7088
-51.8148
-51.9279
-52.0466
-52.1692
-52.2941
-52.4196
-52.5437
-52.6643
-52.7794
-52.8866
-52.9837
-53.0682
-53.138
-53.191
-53.2248
-53.2376
-53.2274
-53.1924
-53.1312
-53.0426
-52.9254
-52.7788
-52.6024
-52.3959
-52.1594
-51.8932
-51.5985
-51.2767
-50.9255
-50.5446
-50.1384
-65.5217
-65.5173
-65.4683
-65.3872
-65.2836
-65.1509
-64.9906
-64.8025
-64.5907
-64.3561
-64.1012
-63.8271
-63.5345
-63.2264
-62.9051
-62.5713
-62.2259
-61.874
-61.5123
-61.1469
-60.7784
-60.4055
-60.0341
-59.6621
-59.2928
-58.9259
-58.563
-58.2071
-57.8561
-57.5123
-57.1756
-56.8473
-56.5272
-56.2147
-55.9107
-55.6154
-55.3282
-55.0486
-54.7773
-54.5132
-54.2567
-54.0079
-53.7666
-53.5333
-53.3086
-53.0931
-52.8877
-52.6931
-52.5102
-52.34
-52.1833
-52.0407
-51.9129
-51.8003
-51.7032
-51.6216
-51.5557
-51.5052
-51.4699
-51.4494
-51.4432
-51.4506
-51.4711
-51.5037
-51.5478
-51.6027
-51.6676
-51.7417
-51.8242
-51.9139
-52.0097
-52.1103
-52.2141
-52.3195
-52.425
-52.529
-52.6294
-52.7245
-52.8119
-52.8897
-52.9556
-53.0076
-53.0439
-53.062
-53.0606
-53.0374
-52.9908
-52.9196
-52.8227
-52.6987
-52.5471
-52.3672
-52.1591
-51.9226
-51.658
-51.3666
-51.0494
-50.7046
-50.3316
-49.9344
-67.4925
-67.4142
-67.2913
-67.1346
-66.9562
-66.7464
-66.5097
-66.2451
-65.9571
-65.6472
-65.3176
-64.9713
-64.6073
-64.2299
-63.8415
-63.4432
-63.0368
-62.625
-62.2078
-61.7902
-61.3723
-60.9535
-60.5391
-60.1283
-59.7225
-59.3225
-58.9309
-58.5479
-58.1726
-57.8078
-57.4522
-57.1077
-56.7724
-56.4479
-56.1333
-55.8285
-55.534
-55.2481
-54.9719
-54.7038
-54.4444
-54.1939
-53.9518
-53.7186
-53.4948
-53.2809
-53.0776
-52.8857
-52.706
-52.5391
-52.3857
-52.2464
-52.1215
-52.0115
-51.9163
-51.8361
-51.7706
-51.7197
-51.683
-51.66
-51.6502
-51.6531
-51.6677
-51.6935
-51.7297
-51.7754
-51.83
-51.8926
-51.9626
-52.0387
-52.1201
-52.2053
-52.2931
-52.3818
-52.4701
-52.5566
-52.6394
-52.7168
-52.7868
-52.8477
-52.8969
-52.9329
-52.9541
-52.9583
-52.9436
-52.9085
-52.8513
-52.7709
-52.6661
-52.5355
-52.3789
-52.1956
-51.9854
-51.7483
-51.4844
-51.1951
-50.8812
-50.5413
-50.1746
-49.7848
-69.3072
-69.1498
-68.9506
-68.7167
-68.4612
-68.1743
-67.8607
-67.5206
-67.1587
-66.776
-66.3763
-65.961
-65.5319
-65.0919
-64.6423
-64.1866
-63.727
-63.2631
-62.7992
-62.337
-61.8778
-61.4214
-60.9728
-60.5293
-60.0952
-59.6694
-59.2544
-58.8501
-58.4565
-58.075
-57.7047
-57.347
-57.0003
-56.6664
-56.3425
-56.0309
-55.7296
-55.4388
-55.1582
-54.8868
-54.6251
-54.3729
-54.1301
-53.8971
-53.6741
-53.4617
-53.2605
-53.0712
-52.8943
-52.7306
-52.5803
-52.4442
-52.3223
-52.2148
-52.1217
-52.043
-51.9785
-51.9278
-51.8905
-51.8661
-51.854
-51.8537
-51.8643
-51.885
-51.9152
-51.9539
-52.0007
-52.0545
-52.1146
-52.1801
-52.2499
-52.3227
-52.3974
-52.4724
-52.5466
-52.6185
-52.6864
-52.7491
-52.8041
-52.8503
-52.8852
-52.9074
-52.9152
-52.907
-52.8806
-52.8348
-52.7681
-52.6791
-52.5668
-52.4302
-52.2685
-52.0816
-51.8688
-51.6305
-51.3667
-51.0784
-50.7665
-50.4302
-50.0681
-49.6841
-70.9198
-70.6847
-70.4103
-70.1021
-69.772
-69.4117
-69.0258
-68.6158
-68.1863
-67.7383
-67.2763
-66.7994
-66.3137
-65.8196
-65.3189
-64.8139
-64.3107
-63.8053
-63.3019
-62.8042
-62.3129
-61.827
-61.3502
-60.8818
-60.426
-59.9803
-59.5465
-59.1264
-58.7176
-58.3225
-57.9413
-57.5721
-57.2163
-56.8735
-56.5422
-56.2239
-55.9166
-55.6208
-55.3357
-55.0611
-54.7967
-54.5426
-54.2987
-54.0653
-53.8427
-53.6313
-53.4317
-53.2443
-53.0698
-52.9086
-52.7612
-52.6277
-52.5084
-52.4033
-52.3124
-52.2354
-52.172
-52.122
-52.0847
-52.0598
-52.0466
-52.0445
-52.0525
-52.07
-52.0962
-52.1302
-52.1715
-52.2189
-52.2719
-52.3296
-52.3905
-52.454
-52.5187
-52.583
-52.6461
-52.7064
-52.7623
-52.8129
-52.856
-52.8901
-52.9129
-52.9233
-52.9201
-52.9012
-52.8643
-52.8094
-52.7341
-52.6374
-52.5182
-52.376
-52.2095
-52.0187
-51.803
-51.5629
-51.2982
-51.01
-50.699
-50.3647
-50.006
-49.6259
-72.3003
-71.9938
-71.6492
-71.2747
-70.877
-70.4518
-70.0032
-69.5331
-69.0449
-68.5418
-68.0273
-67.5012
-66.9685
-66.4296
-65.8888
-65.3461
-64.8079
-64.2693
-63.7362
-63.2114
-62.6951
-62.1854
-61.6882
-61.2012
-60.7277
-60.2662
-59.8177
-59.3842
-58.9638
-58.5573
-58.1658
-57.7871
-57.4226
-57.0715
-56.7333
-56.4079
-56.0946
-55.7933
-55.5035
-55.2248
-54.9571
-54.7004
-54.4547
-54.2201
-53.997
-53.7858
-53.5869
-53.4007
-53.2278
-53.0685
-52.923
-52.7917
-52.6745
-52.5715
-52.4825
-52.4071
-52.3452
-52.2961
-52.2596
-52.2349
-52.2216
-52.2187
-52.2257
-52.2416
-52.2657
-52.297
-52.3349
-52.3785
-52.4269
-52.4794
-52.5344
-52.5915
-52.649
-52.7056
-52.7607
-52.8124
-52.8594
-52.9008
-52.9342
-52.9589
-52.9722
-52.9731
-52.9607
-52.9331
-52.8876
-52.8246
-52.7417
-52.6384
-52.5131
-52.3653
-52.194
-51.9992
-51.7807
-51.5381
-51.2718
-50.9825
-50.6712
-50.3374
-49.9806
-49.6031
-73.4387
-73.0699
-72.6678
-72.2371
-71.7832
-71.3059
-70.8058
-70.2873
-69.7522
-69.2073
-68.6505
-68.0878
-67.5186
-66.9457
-66.3743
-65.8042
-65.2387
-64.6758
-64.1208
-63.5747
-63.0392
-62.5123
-61.9993
-61.497
-61.0093
-60.5353
-60.0748
-59.6297
-59.1988
-58.7821
-58.3808
-57.9931
-57.62
-57.2606
-56.9148
-56.5822
-56.2622
-55.9548
-55.6594
-55.3759
-55.1039
-54.8437
-54.5951
-54.3584
-54.1339
-53.9218
-53.7226
-53.5367
-53.3644
-53.2061
-53.0619
-52.932
-52.8165
-52.7151
-52.6278
-52.554
-52.4935
-52.4459
-52.4105
-52.3868
-52.3742
-52.3719
-52.3791
-52.3949
-52.4186
-52.4492
-52.4858
-52.5277
-52.5738
-52.6235
-52.6753
-52.7286
-52.7818
-52.8337
-52.8834
-52.9292
-52.9702
-53.0051
-53.0315
-53.0492
-53.0552
-53.0491
-53.0293
-52.9946
-52.9424
-52.8723
-52.783
-52.6739
-52.5431
-52.3897
-52.2143
-52.015
-51.7931
-51.5476
-51.2789
-50.9874
-50.6746
-50.3401
-49.9834
-49.6069
-74.3467
-73.9303
-73.4854
-73.0099
-72.5151
-71.9987
-71.4597
-70.9057
-70.3374
-69.7612
-69.1749
-68.5841
-67.9893
-67.3932
-66.7981
-66.2082
-65.6226
-65.0424
-64.4707
-63.9085
-63.3583
-62.8177
-62.2913
-61.7774
-61.2768
-60.7919
-60.3209
-59.8648
-59.4236
-58.9975
-58.5862
-58.1895
-57.8074
-57.4394
-57.0852
-56.7447
-56.4173
-56.1029
-55.8011
-55.5117
-55.2346
-54.9698
-54.7174
-54.4775
-54.2504
-54.0365
-53.8359
-53.6492
-53.4766
-53.3184
-53.1747
-53.0457
-52.9312
-52.8312
-52.7453
-52.6731
-52.6143
-52.5683
-52.5346
-52.5126
-52.5017
-52.501
-52.5097
-52.5269
-52.5518
-52.5833
-52.6206
-52.6628
-52.7089
-52.7581
-52.8091
-52.8609
-52.9124
-52.9622
-53.0091
-53.0515
-53.0892
-53.1197
-53.1417
-53.1547
-53.1556
-53.1444
-53.1191
-53.0786
-53.021
-52.945
-52.8507
-52.7359
-52.5999
-52.442
-52.2616
-52.0578
-51.8319
-51.5825
-51.3108
-51.0159
-50.6996
-50.3635
-50.0048
-49.6273
-75.0572
-74.6103
-74.1331
-73.6294
-73.1068
-72.5635
-71.9981
-71.4216
-70.8297
-70.2322
-69.6272
-69.0154
-68.4039
-67.7914
-67.1794
-66.5755
-65.9741
-65.3809
-64.7963
-64.2218
-63.6582
-63.1064
-62.5682
-62.0435
-61.5321
-61.0362
-60.5547
-60.0882
-59.637
-59.2008
-58.7796
-58.3733
-57.9817
-57.6045
-57.2415
-56.8925
-56.557
-56.2348
-55.9258
-55.6297
-55.3464
-55.0762
-54.8189
-54.5748
-54.3441
-54.1272
-53.9244
-53.7359
-53.5622
-53.4033
-53.2595
-53.1307
-53.017
-52.918
-52.8334
-52.763
-52.7061
-52.6622
-52.6309
-52.6114
-52.603
-52.6049
-52.6164
-52.6364
-52.664
-52.6981
-52.7378
-52.7821
-52.8301
-52.8808
-52.9331
-52.9858
-53.0377
-53.0875
-53.134
-53.1755
-53.2118
-53.2403
-53.2599
-53.2698
-53.2682
-53.253
-53.2237
-53.1788
-53.1175
-53.036
-52.9373
-52.8177
-52.676
-52.5138
-52.3281
-52.1192
-51.8889
-51.6342
-51.3584
-51.0588
-50.738
-50.3972
-50.0361
-49.6551
-75.6109
-75.147
-74.6496
-74.1317
-73.5912
-73.0304
-72.4511
-71.8602
-71.2545
-70.6425
-70.0242
-69.3999
-68.7768
-68.1506
-67.5283
-66.912
-66.2989
-65.6943
-65.0989
-64.5138
-63.9386
-63.3764
-62.8274
-62.2916
-61.77
-61.2632
-60.7713
-60.2945
-59.8329
-59.3865
-58.9552
-58.5391
-58.1377
-57.7511
-57.3789
-57.0209
-56.6768
-56.3465
-56.0297
-55.7263
-55.4363
-55.1598
-54.897
-54.6479
-54.4128
-54.1922
-53.9863
-53.7954
-53.6198
-53.4596
-53.3152
-53.1864
-53.0731
-52.975
-52.892
-52.8234
-52.7688
-52.7276
-52.6993
-52.683
-52.6782
-52.6839
-52.6993
-52.7233
-52.7549
-52.793
-52.8366
-52.8846
-52.9362
-52.9902
-53.0456
-53.101
-53.1552
-53.2069
-53.2547
-53.2974
-53.3337
-53.3623
-53.3814
-53.39
-53.3869
-53.3695
-53.3372
-53.2894
-53.2244
-53.1393
-53.0353
-52.9118
-52.7648
-52.5972
-52.4059
-52.192
-51.956
-51.6953
-51.4129
-51.1081
-50.7814
-50.4339
-50.068
-49.6811
-76.0919
-75.6181
-75.1131
-74.5852
-74.0349
-73.4633
-72.877
-72.2746
-71.6608
-71.0367
-70.4082
-69.7754
-69.1397
-68.5034
-67.871
-67.2423
-66.6187
-66.0022
-65.3954
-64.7982
-64.2119
-63.6379
-63.0769
-62.5295
-61.9963
-61.4779
-60.9745
-60.4864
-60.0136
-59.5563
-59.1143
-58.6875
-58.2758
-57.8791
-57.497
-57.1294
-56.776
-56.4368
-56.1114
-55.7998
-55.5022
-55.2185
-54.949
-54.6938
-54.4534
-54.2281
-54.0181
-53.8239
-53.6458
-53.4839
-53.3386
-53.2095
-53.0968
-53.0001
-52.9189
-52.853
-52.8017
-52.7644
-52.7404
-52.7289
-52.7293
-52.7405
-52.7616
-52.7914
-52.829
-52.8731
-52.9226
-52.9765
-53.0339
-53.0934
-53.1541
-53.2144
-53.2733
-53.329
-53.3805
-53.4263
-53.4651
-53.4956
-53.5162
-53.5254
-53.5219
-53.504
-53.4701
-53.4202
-53.3519
-53.2639
-53.1552
-53.0264
-52.8754
-52.7003
-52.5024
-52.2826
-52.0379
-51.7707
-51.4789
-51.166
-50.8308
-50.4748
-50.0999
-49.7051
-76.641
-76.1593
-75.6483
-75.1119
-74.5525
-73.9723
-73.3761
-72.7619
-72.1379
-71.5017
-70.86
-70.2147
-69.564
-68.9145
-68.2669
-67.623
-66.9843
-66.3527
-65.7299
-65.117
-64.5152
-63.9255
-63.349
-62.7862
-62.238
-61.7048
-61.1868
-60.6845
-60.1979
-59.727
-59.2718
-58.8322
-58.408
-57.9991
-57.6052
-57.226
-56.8613
-56.5111
-56.175
-55.8532
-55.5457
-55.2526
-54.9743
-54.711
-54.4631
-54.2312
-54.0156
-53.8168
-53.6351
-53.4708
-53.3241
-53.195
-53.0834
-52.9889
-52.9112
-52.8497
-52.8038
-52.7728
-52.7559
-52.7522
-52.7609
-52.7809
-52.8111
-52.8503
-52.8974
-52.9512
-53.0104
-53.074
-53.1409
-53.2098
-53.2795
-53.3485
-53.4155
-53.4791
-53.5377
-53.5901
-53.6348
-53.6703
-53.6949
-53.7074
-53.706
-53.6892
-53.6557
-53.6045
-53.5339
-53.4426
-53.3297
-53.1944
-53.0374
-52.8542
-52.6477
-52.418
-52.1621
-51.8837
-51.5796
-51.2534
-50.9046
-50.5345
-50.1446
-49.736
-48.5195
-48.0645
-47.6761
-47.2615
-46.772
-46.1882
-45.4892
-44.6612
-43.6991
-42.6085
-41.4067
-40.1167
-38.7651
-37.3786
-35.9808
-34.591
-33.2232
-31.8869
-30.5879
-29.3293
-28.1126
-26.9377
-25.8042
-24.711
-23.6571
-22.6412
-21.6623
-20.7192
-19.8107
-18.9358
-18.0937
-17.2831
-16.5032
-15.7531
-15.0318
-14.3386
-13.6726
-13.0329
-12.4188
-11.8295
-11.2642
-10.722
-10.2024
-9.70451
-9.22764
-8.77104
-8.33406
-7.91599
-7.51613
-7.13384
-6.76841
-6.41921
-6.08559
-5.76693
-5.4626
-5.172
-4.89453
-4.6296
-4.37667
-4.1352
-3.90467
-3.68457
-3.47443
-3.2738
-3.08223
-2.89931
-2.72464
-2.55786
-2.39861
-2.24656
-2.1014
-1.96284
-1.8306
-1.70442
-1.58407
-1.4693
-1.35992
-1.2557
-1.15644
-1.06199
-0.972138
-0.886733
-0.805608
-0.728611
-0.655596
-0.586438
-0.520995
-0.459135
-0.400734
-0.345673
-0.293834
-0.245075
-0.199279
-0.15635
-0.116152
-0.0785716
-0.0435085
-0.010855
0.0194856
0.0476185
0.0736433
0.0976644
0.119782
0.140101
0.158713
0.175707
0.191159
0.205156
0.217769
0.229082
0.239166
0.248104
0.255963
0.262809
0.268701
0.273697
0.27785
0.281218
0.283865
0.285833
0.287172
0.287929
0.288138
0.287833
0.287057
0.285858
0.284281
0.282356
0.280098
0.277523
0.274661
0.271558
0.26826
0.264789
0.261139
0.257297
0.253295
0.249207
0.245076
0.240879
0.236557
0.232111
0.227655
0.223288
0.218957
0.214482
0.209838
0.205354
0.201127
0.196978
0.192499
0.187795
0.183619
0.179713
0.175685
0.170939
0.167049
0.163574
0.160133
0.15491
0.150986
0.14829
0.145501
0.140027
0.136342
0.134393
0.1303
0.125359
0.123592
0.121475
0.114722
0.112278
0.11269
0.105757
0.100318
0.10155
0.0966126
0.0922478
0.0934843
0.0843443
0.079213
0.0821028
0.0716582
0.0730201
0.0710819
0.0569241
0.0682901
0.051903
0.0518143
0.0563563
0.0243814
0.0574268
0.0209917
0.0270552
0.0258919
-0.0157866
0.00938985
-0.0480044
-0.033014
-0.13012
-48.1716
-47.7267
-47.3473
-46.9442
-46.4727
-45.9169
-45.2555
-44.472
-43.5614
-42.5267
-41.3802
-40.1429
-38.8395
-37.4957
-36.1349
-34.7761
-33.4343
-32.1196
-30.8384
-29.5947
-28.39
-27.225
-26.0995
-25.0125
-23.9632
-22.9505
-21.9735
-21.0312
-20.1225
-19.2466
-18.4024
-17.5892
-16.8059
-16.0518
-15.3262
-14.6281
-13.9569
-13.3117
-12.6918
-12.0965
-11.525
-10.9766
-10.4506
-9.94626
-9.46293
-8.99984
-8.55639
-8.13186
-7.72562
-7.33697
-6.96531
-6.60992
-6.2702
-5.94554
-5.63533
-5.33894
-5.05579
-4.7853
-4.52692
-4.28011
-4.04436
-3.81916
-3.60403
-3.39851
-3.20218
-3.01462
-2.83542
-2.66422
-2.50067
-2.34443
-2.19518
-2.05266
-1.91657
-1.78666
-1.66269
-1.54442
-1.43165
-1.32416
-1.22176
-1.12425
-1.03148
-0.943261
-0.859436
-0.779847
-0.704352
-0.632818
-0.565108
-0.501093
-0.440615
-0.383592
-0.329884
-0.279357
-0.231876
-0.187344
-0.145644
-0.106633
-0.0702262
-0.0363018
-0.0047608
0.0245095
0.0515997
0.0766231
0.0996869
0.120899
0.14035
0.158132
0.174334
0.189031
0.202304
0.214234
0.224907
0.234396
0.242773
0.250111
0.256465
0.261897
0.266467
0.270228
0.273243
0.275558
0.277226
0.278294
0.278797
0.278773
0.27826
0.277314
0.275978
0.27428
0.272236
0.269865
0.267199
0.264284
0.261167
0.257868
0.254379
0.250692
0.246842
0.242901
0.23891
0.234846
0.230645
0.226322
0.221998
0.217755
0.213537
0.209164
0.204624
0.20025
0.196116
0.192051
0.187626
0.183085
0.17907
0.175281
0.171231
0.166523
0.162822
0.159516
0.156036
0.150877
0.147264
0.144564
0.141291
0.136259
0.133209
0.131365
0.126503
0.121539
0.120526
0.118972
0.111957
0.108605
0.108444
0.102812
0.099811
0.10014
0.0915584
0.0872822
0.0904412
0.082776
0.0803441
0.0805479
0.0685714
0.0703091
0.0654959
0.0568486
0.064526
0.0444225
0.0486205
0.0412264
0.0248926
0.045279
0.00295449
0.033991
0.00203312
-0.00110373
0.00335527
-0.0369479
-0.0265134
-0.0835811
-47.8087
-47.3725
-47.0008
-46.612
-46.1615
-45.6323
-45.0073
-44.2703
-43.4111
-42.431
-41.3401
-40.1563
-38.9024
-37.6024
-36.2791
-34.9523
-33.6371
-32.3444
-31.0813
-29.8526
-28.6603
-27.5052
-26.3875
-25.3067
-24.2619
-23.2523
-22.2772
-21.3355
-20.4265
-19.5493
-18.7029
-17.8868
-17.1002
-16.3421
-15.6119
-14.909
-14.2325
-13.5818
-12.9561
-12.3549
-11.7773
-11.2228
-10.6905
-10.1799
-9.69032
-9.221
-8.77133
-8.34064
-7.92828
-7.5336
-7.15598
-6.79475
-6.44926
-6.11894
-5.80314
-5.50129
-5.21276
-4.93701
-4.67347
-4.42161
-4.18088
-3.95081
-3.73093
-3.52074
-3.31983
-3.12779
-2.94422
-2.76873
-2.601
-2.44067
-2.28745
-2.14105
-2.00118
-1.86759
-1.74006
-1.61833
-1.5022
-1.39147
-1.28594
-1.18543
-1.08974
-0.998732
-0.912224
-0.830067
-0.752114
-0.678226
-0.608268
-0.542112
-0.479611
-0.420644
-0.365089
-0.31282
-0.263699
-0.217599
-0.174403
-0.133998
-0.0962679
-0.0611062
-0.0283906
0.00198322
0.0301124
0.0561125
0.0801002
0.102177
0.122441
0.14099
0.157908
0.173286
0.1872
0.199731
0.210966
0.220988
0.229865
0.237674
0.244479
0.250333
0.255302
0.25944
0.262806
0.265457
0.267441
0.268809
0.269597
0.26984
0.269583
0.268881
0.267773
0.266292
0.264457
0.262284
0.259807
0.257075
0.254132
0.250997
0.247664
0.244126
0.240421
0.236621
0.232767
0.22883
0.22475
0.220546
0.216348
0.212221
0.20811
0.203841
0.199417
0.195155
0.191105
0.187098
0.182758
0.178399
0.1745
0.170813
0.166789
0.16216
0.158561
0.155425
0.151927
0.146945
0.143303
0.14088
0.137392
0.132542
0.12953
0.127893
0.123141
0.118738
0.117171
0.114412
0.109044
0.107519
0.105811
0.098252
0.0959436
0.0972838
0.0908651
0.0872728
0.0861337
0.0774029
0.0778209
0.0777308
0.0681063
0.0699453
0.061445
0.0571159
0.0601934
0.0458335
0.0554968
0.0380524
0.0377702
0.0355868
0.00227713
0.0282
-0.0255478
0.00527199
-0.0322716
-0.0306252
-0.0409059
-0.0630337
-47.4334
-47.0078
-46.6452
-46.2658
-45.8324
-45.3306
-44.7403
-44.0458
-43.2368
-42.3118
-41.278
-40.1491
-38.9455
-37.6908
-36.4067
-35.113
-33.8255
-32.5558
-31.3118
-30.0988
-28.9194
-27.7747
-26.6652
-25.5908
-24.5509
-23.5447
-22.5715
-21.6307
-20.7214
-19.843
-18.9947
-18.1759
-17.3858
-16.6237
-15.8892
-15.1814
-14.4997
-13.8435
-13.2122
-12.6051
-12.0216
-11.461
-10.9227
-10.406
-9.91027
-9.43491
-8.97924
-8.54262
-8.12439
-7.72393
-7.34059
-6.97379
-6.62283
-6.28711
-5.96603
-5.65899
-5.36536
-5.08462
-4.81617
-4.5595
-4.31407
-4.07936
-3.85492
-3.64028
-3.43498
-3.23862
-3.05083
-2.87121
-2.69941
-2.53512
-2.37802
-2.22783
-2.08426
-1.94708
-1.81603
-1.6909
-1.57147
-1.45754
-1.34891
-1.24541
-1.14686
-1.05308
-0.963918
-0.879217
-0.79883
-0.722613
-0.650431
-0.582156
-0.517664
-0.456788
-0.399412
-0.345425
-0.294692
-0.247061
-0.202412
-0.160631
-0.121613
-0.085235
-0.0513746
-0.019932
0.00920621
0.0361589
0.0610376
0.083954
0.105004
0.124292
0.141911
0.157939
0.17247
0.185582
0.197361
0.207895
0.217254
0.225517
0.232754
0.239015
0.244364
0.24886
0.252567
0.255536
0.257827
0.259483
0.260542
0.261041
0.26103
0.26056
0.259671
0.258399
0.256763
0.254781
0.252487
0.24993
0.247152
0.244173
0.240988
0.237595
0.234033
0.23037
0.226645
0.222831
0.218865
0.214779
0.210702
0.206683
0.202673
0.198507
0.194206
0.190058
0.186107
0.182182
0.177895
0.173692
0.16993
0.166327
0.162263
0.157804
0.154333
0.151308
0.147622
0.142966
0.139663
0.137169
0.133211
0.128807
0.126408
0.124481
0.119144
0.11531
0.114939
0.111247
0.104976
0.104031
0.103019
0.0967416
0.0945943
0.092373
0.0852378
0.0865546
0.0853007
0.075931
0.0763657
0.0713041
0.0654808
0.0700953
0.0592674
0.0579524
0.0521197
0.0415518
0.0511926
0.0316278
0.0438061
0.0276129
0.0298407
0.0360278
-0.000348246
0.0352488
-0.0247359
0.011749
-0.0380897
-0.0193931
-47.0487
-46.6344
-46.2807
-45.9131
-45.4956
-45.0166
-44.4587
-43.8049
-43.0437
-42.1711
-41.191
-40.1159
-38.9638
-37.7553
-36.512
-35.253
-33.9948
-32.7494
-31.5256
-30.3292
-29.1634
-28.0299
-26.9295
-25.8622
-24.8277
-23.8256
-22.855
-21.9156
-21.0067
-20.1276
-19.2778
-18.4567
-17.6637
-16.8981
-16.1595
-15.4473
-14.7608
-14.0995
-13.4628
-12.8502
-12.261
-11.6946
-11.1504
-10.6279
-10.1263
-9.64504
-9.18353
-8.74114
-8.3172
-7.91111
-7.52222
-7.14992
-6.7936
-6.4526
-6.12632
-5.81419
-5.51557
-5.22993
-4.95666
-4.69526
-4.44519
-4.20593
-3.977
-3.75796
-3.54834
-3.34774
-3.15577
-2.97207
-2.79627
-2.62806
-2.46712
-2.31318
-2.16596
-2.02521
-1.89069
-1.76218
-1.63948
-1.52237
-1.41068
-1.30422
-1.20281
-1.10629
-1.0145
-0.927274
-0.844475
-0.765956
-0.691579
-0.621207
-0.554734
-0.491994
-0.432835
-0.377159
-0.32484
-0.275708
-0.229644
-0.186532
-0.146249
-0.108681
-0.0737097
-0.0412274
-0.0111022
0.0167724
0.0425144
0.0662393
0.0880536
0.108057
0.126348
0.143008
0.158127
0.171796
0.1841
0.195125
0.204951
0.213647
0.221293
0.227939
0.233653
0.238494
0.242524
0.245802
0.248385
0.250316
0.251633
0.252378
0.252602
0.252354
0.251675
0.250603
0.249157
0.247357
0.245238
0.242849
0.24023
0.237398
0.234353
0.231098
0.227677
0.224149
0.220547
0.216846
0.212993
0.209025
0.205065
0.201155
0.197233
0.193157
0.188986
0.184965
0.181114
0.177253
0.173035
0.168979
0.165336
0.161835
0.157762
0.153446
0.150061
0.14716
0.143346
0.138938
0.13579
0.133616
0.129322
0.12493
0.12288
0.121058
0.115866
0.112116
0.111155
0.107426
0.102998
0.101997
0.0983467
0.0926735
0.0931238
0.0908792
0.0832174
0.0826907
0.0797221
0.0745506
0.0768263
0.0686358
0.0639376
0.0649741
0.0551838
0.0594701
0.0522396
0.0482755
0.046105
0.0290543
0.0371284
0.00792398
0.0266384
-0.00160459
0.00302668
0.00392605
-0.0290618
0.00534795
-0.04444
-0.00532454
-46.6565
-46.2535
-45.9099
-45.5545
-45.1531
-44.6959
-44.1671
-43.5512
-42.8353
-42.0132
-41.0873
-40.0659
-38.9649
-37.8032
-36.6012
-35.378
-34.1499
-32.9297
-31.7269
-30.5477
-29.3961
-28.2743
-27.1833
-26.1236
-25.0949
-24.0969
-23.1294
-22.1916
-21.2833
-20.4039
-19.5529
-18.7298
-17.9341
-17.1653
-16.423
-15.7066
-15.0155
-14.3493
-13.7076
-13.0897
-12.495
-11.923
-11.3732
-10.845
-10.3378
-9.85085
-9.3837
-8.93569
-8.50623
-8.09468
-7.7004
-7.32278
-6.96124
-6.6151
-6.28378
-5.96667
-5.66318
-5.37274
-5.09478
-4.82875
-4.57412
-4.33041
-4.09708
-3.87371
-3.65985
-3.45508
-3.25901
-3.07128
-2.89153
-2.71944
-2.55472
-2.39707
-2.24622
-2.10194
-1.96398
-1.83214
-1.70618
-1.58593
-1.4712
-1.3618
-1.25756
-1.15833
-1.06393
-0.974212
-0.88903
-0.808237
-0.731696
-0.65927
-0.590827
-0.526239
-0.465344
-0.408017
-0.354126
-0.303528
-0.25608
-0.21167
-0.170163
-0.131431
-0.0953805
-0.0618835
-0.0308111
-0.00203989
0.0245399
0.049048
0.0715952
0.0922921
0.111222
0.128489
0.144176
0.15838
0.171184
0.182681
0.19295
0.202066
0.210097
0.217109
0.223169
0.228341
0.232681
0.236254
0.239116
0.241308
0.242871
0.243852
0.244301
0.244265
0.243788
0.242907
0.241641
0.240014
0.238063
0.235834
0.233366
0.230677
0.227765
0.224643
0.221356
0.21796
0.214476
0.210882
0.207137
0.203286
0.199446
0.195645
0.1918
0.187798
0.183757
0.179871
0.176117
0.172303
0.16815
0.164256
0.160742
0.15731
0.153215
0.149169
0.14584
0.142954
0.138972
0.135007
0.132113
0.129672
0.12531
0.121456
0.119577
0.117057
0.111987
0.109426
0.10857
0.103351
0.0992162
0.099721
0.0961414
0.0902087
0.08959
0.0859874
0.0819582
0.0830329
0.0761709
0.0711655
0.0726937
0.0657225
0.0661716
0.0627127
0.0530456
0.0552832
0.044471
0.0482727
0.0409996
0.0381439
0.0431157
0.0239172
0.0390886
-0.00265636
0.0264096
-0.018203
0.00100234
-0.0143805
-0.0210724
-0.00766337
-46.2603
-45.8696
-45.5339
-45.1887
-44.8033
-44.3683
-43.8685
-43.2886
-42.6164
-41.8438
-40.97
-40.0014
-38.951
-37.8365
-36.6765
-35.4897
-34.2926
-33.0986
-31.9172
-30.7559
-29.6189
-28.5091
-27.4278
-26.3757
-25.3531
-24.3596
-23.395
-22.4593
-21.5517
-20.6721
-19.8201
-18.9952
-18.197
-17.4251
-16.6791
-15.9587
-15.2634
-14.5925
-13.9458
-13.3228
-12.7229
-12.1456
-11.5904
-11.0567
-10.544
-10.0516
-9.57905
-9.12565
-8.69085
-8.27404
-7.87459
-7.49187
-7.12526
-6.77418
-6.43798
-6.11607
-5.80788
-5.51278
-5.23025
-4.95972
-4.70067
-4.45259
-4.21498
-3.98738
-3.76936
-3.5605
-3.36041
-3.16871
-2.98508
-2.80917
-2.64071
-2.4794
-2.32498
-2.17721
-2.03585
-1.90069
-1.77152
-1.64816
-1.53041
-1.41811
-1.31107
-1.20915
-1.11217
-1.01999
-0.932456
-0.849424
-0.770751
-0.696298
-0.62594
-0.55952
-0.49691
-0.437971
-0.382543
-0.330493
-0.281705
-0.236019
-0.193315
-0.153476
-0.116368
-0.0818886
-0.0498926
-0.020267
0.0071238
0.0323852
0.0556411
0.0769966
0.0965458
0.114389
0.130623
0.145338
0.15862
0.170567
0.181259
0.190771
0.199175
0.206538
0.212927
0.218409
0.223045
0.2269
0.230024
0.232466
0.234264
0.235468
0.236131
0.236297
0.236013
0.235312
0.234218
0.232756
0.230964
0.228888
0.226565
0.224013
0.221232
0.218234
0.215073
0.211802
0.208435
0.204944
0.201304
0.197566
0.193835
0.190144
0.186383
0.18245
0.178525
0.174772
0.171114
0.167342
0.163279
0.15951
0.156057
0.152741
0.148674
0.14482
0.141605
0.138753
0.134711
0.130937
0.12833
0.125914
0.121341
0.117664
0.116143
0.113505
0.10856
0.105995
0.104889
0.100572
0.0969862
0.095898
0.0915792
0.0883476
0.0887146
0.0829874
0.0778673
0.079022
0.0745696
0.07223
0.0699187
0.0612664
0.0624009
0.0582744
0.055878
0.0565656
0.0444753
0.0458756
0.032082
0.0347876
0.0246977
0.0224825
0.0256657
0.0065113
0.0336749
-0.0152787
0.0308062
-0.0225996
0.00763065
-0.0106756
-45.8588
-45.4819
-45.1574
-44.823
-44.4514
-44.0362
-43.5632
-43.0172
-42.3862
-41.6608
-40.8378
-39.9216
-38.9227
-37.8558
-36.7384
-35.589
-34.4238
-33.2564
-32.0973
-30.9543
-29.8324
-28.7349
-27.6634
-26.6193
-25.6028
-24.6139
-23.6526
-22.7189
-21.8122
-20.9325
-20.0795
-19.2529
-18.4523
-17.6775
-16.928
-16.2037
-15.5041
-14.8288
-14.1773
-13.5493
-12.9443
-12.3619
-11.8015
-11.2625
-10.7445
-10.2469
-9.76911
-9.31059
-8.87068
-8.4488
-8.04438
-7.65677
-7.28533
-6.92949
-6.58863
-6.26209
-5.94937
-5.64981
-5.36287
-5.088
-4.82467
-4.57235
-4.33057
-4.09886
-3.87678
-3.66392
-3.45989
-3.26431
-3.07686
-2.89721
-2.72506
-2.56015
-2.40219
-2.25097
-2.10624
-1.96781
-1.83546
-1.70902
-1.58829
-1.47311
-1.36331
-1.25872
-1.1592
-1.06458
-0.974724
-0.889478
-0.808705
-0.732261
-0.660004
-0.591798
-0.527507
-0.466975
-0.410046
-0.356597
-0.306484
-0.259561
-0.215699
-0.174771
-0.136658
-0.10122
-0.0683382
-0.0378784
-0.00971566
0.0162679
0.0402025
0.062189
0.0823291
0.100727
0.117481
0.132681
0.146421
0.158795
0.169889
0.179777
0.188535
0.196233
0.202936
0.208711
0.213627
0.217746
0.221119
0.223794
0.225816
0.227232
0.228096
0.228454
0.228352
0.227824
0.22689
0.225584
0.223944
0.222013
0.219828
0.217406
0.21475
0.211874
0.20883
0.205674
0.20242
0.199032
0.195491
0.191866
0.188236
0.184634
0.180973
0.177133
0.173305
0.169645
0.166092
0.162383
0.158391
0.154749
0.151364
0.148091
0.144112
0.140477
0.137344
0.134486
0.130454
0.126977
0.124371
0.121826
0.117578
0.114281
0.112467
0.109357
0.105245
0.103482
0.101328
0.0962081
0.0942392
0.0939888
0.0883509
0.0845018
0.0848741
0.0807311
0.0778786
0.0758891
0.0691413
0.0694472
0.068253
0.0620056
0.0616903
0.0530506
0.0518359
0.049705
0.0444537
0.047894
0.0369239
0.0428897
0.0227737
0.0279054
0.00874604
0.0126602
0.00503845
-0.0134524
0.00874431
-0.0331139
-0.000642045
-0.0181068
-45.4578
-45.0936
-44.7781
-44.4544
-44.0975
-43.7011
-43.2537
-42.7403
-42.1483
-41.4678
-40.6942
-39.8296
-38.8807
-37.8613
-36.7877
-35.6763
-34.5438
-33.4038
-32.2675
-31.1433
-30.0369
-28.952
-27.8907
-26.8546
-25.8443
-24.8603
-23.9023
-22.9706
-22.065
-21.1853
-20.3313
-19.5031
-18.7002
-17.9225
-17.1697
-16.4417
-15.7379
-15.0581
-14.4021
-13.7693
-13.1594
-12.572
-12.0065
-11.4624
-10.9394
-10.4367
-9.95394
-9.49043
-9.04565
-8.61891
-8.20972
-7.81741
-7.44136
-7.08098
-6.73562
-6.4047
-6.0876
-5.78375
-5.49258
-5.21353
-4.94606
-4.68965
-4.44383
-4.20812
-3.98209
-3.76532
-3.55743
-3.35806
-3.16686
-2.98352
-2.80776
-2.63928
-2.47785
-2.32322
-2.17517
-2.03349
-1.898
-1.76851
-1.64483
-1.5268
-1.41425
-1.30704
-1.20499
-1.10796
-1.0158
-0.92837
-0.845522
-0.767109
-0.692992
-0.623029
-0.557091
-0.495004
-0.436618
-0.3818
-0.330405
-0.282278
-0.237292
-0.195312
-0.156218
-0.119861
-0.0861248
-0.0548676
-0.0259637
0.000715089
0.0252964
0.0478831
0.0685914
0.0875174
0.104762
0.120423
0.134597
0.147377
0.158849
0.169093
0.178186
0.186198
0.193196
0.199251
0.20443
0.208797
0.212403
0.215299
0.217531
0.219148
0.220199
0.220737
0.220808
0.22044
0.21966
0.218501
0.217004
0.215211
0.213156
0.210855
0.208318
0.205561
0.20263
0.19958
0.196428
0.193141
0.189697
0.186176
0.182649
0.179133
0.175561
0.171824
0.168097
0.164511
0.161022
0.157389
0.153511
0.149963
0.146662
0.143444
0.139555
0.136094
0.13312
0.130256
0.126206
0.122789
0.120525
0.117903
0.113643
0.11069
0.109157
0.105624
0.101477
0.100024
0.0983136
0.0935337
0.0907906
0.0896936
0.0854556
0.0835146
0.0818305
0.0757167
0.0748503
0.0746514
0.0687469
0.0667454
0.0623921
0.0590261
0.0599224
0.0542053
0.0535813
0.0458954
0.0424531
0.039536
0.031827
0.0358007
0.0233478
0.0376613
0.0143984
0.0336575
-0.000735776
0.0222106
-0.00470896
0.00620233
0.000559097
-0.00119893
-45.0558
-44.7056
-44.4019
-44.0896
-43.7464
-43.3675
-42.9425
-42.4589
-41.9035
-41.2662
-40.5402
-39.725
-38.8266
-37.855
-36.8247
-35.7523
-34.6533
-33.5415
-32.4287
-31.3237
-30.2331
-29.161
-28.1101
-27.0822
-26.0783
-25.099
-24.1444
-23.2149
-22.3102
-21.4306
-20.5758
-19.746
-18.9409
-18.1604
-17.4044
-16.6726
-15.9648
-15.2808
-14.6203
-13.9828
-13.3682
-12.7759
-12.2055
-11.6566
-11.1286
-10.6211
-10.1335
-9.66528
-9.21579
-8.78446
-8.3707
-7.97388
-7.59344
-7.22868
-6.87904
-6.5439
-6.22263
-5.91466
-5.61941
-5.33633
-5.06487
-4.8045
-4.55477
-4.31517
-4.08529
-3.86472
-3.65306
-3.44996
-3.25509
-3.06813
-2.88879
-2.71682
-2.55195
-2.39395
-2.24261
-2.09773
-1.95912
-1.8266
-1.69999
-1.57914
-1.46388
-1.35405
-1.24951
-1.15009
-1.05566
-0.966072
-0.881179
-0.800836
-0.724879
-0.653202
-0.585634
-0.522032
-0.462226
-0.406084
-0.353434
-0.304144
-0.258067
-0.215073
-0.175026
-0.137796
-0.103239
-0.0712161
-0.0416059
-0.0142638
0.0109337
0.0340949
0.0553373
0.0747676
0.0924758
0.108572
0.123156
0.136317
0.148143
0.158724
0.168128
0.176436
0.183711
0.190028
0.195455
0.200053
0.203879
0.206982
0.20941
0.211214
0.212443
0.21315
0.21338
0.213164
0.212529
0.211509
0.210145
0.208481
0.206547
0.204362
0.201936
0.199293
0.196474
0.193523
0.190466
0.187275
0.183924
0.180501
0.177076
0.173645
0.170148
0.166502
0.162879
0.159376
0.155954
0.152369
0.148625
0.145201
0.141966
0.138732
0.135014
0.131706
0.128816
0.12591
0.121998
0.11874
0.1165
0.113906
0.109991
0.107145
0.105361
0.10185
0.0983
0.0969228
0.0941815
0.08996
0.0889253
0.0867402
0.0811658
0.0802044
0.0797315
0.074546
0.0724013
0.0693024
0.0654567
0.0667915
0.0613238
0.0579557
0.0553701
0.0492752
0.0514216
0.0449738
0.0462808
0.0399191
0.0355565
0.029378
0.0218856
0.0245789
0.00684251
0.0230557
-0.0114662
0.026779
-0.0238569
0.0203006
-0.016179
0.00530989
-44.6572
-44.3215
-44.0284
-43.727
-43.396
-43.0339
-42.6318
-42.1763
-41.6551
-41.0582
-40.378
-39.6115
-38.7616
-37.8375
-36.8513
-35.8181
-34.7529
-33.67
-32.5813
-31.4961
-30.4216
-29.3626
-28.3222
-27.3026
-26.3051
-25.3305
-24.3795
-23.4519
-22.5483
-21.6687
-20.8132
-19.9819
-19.1745
-18.3913
-17.6321
-16.8967
-16.185
-15.4968
-14.8319
-14.1899
-13.5706
-12.9737
-12.3986
-11.8449
-11.3123
-10.8001
-10.308
-9.83515
-9.38115
-8.94544
-8.52732
-8.12624
-7.74157
-7.37266
-7.01894
-6.67975
-6.3545
-6.04257
-5.74341
-5.45644
-5.18111
-4.91693
-4.66339
-4.42003
-4.1864
-3.96212
-3.74677
-3.54003
-3.34155
-3.15103
-2.96817
-2.79274
-2.62447
-2.46314
-2.30855
-2.1605
-2.0188
-1.88327
-1.75377
-1.63012
-1.51216
-1.39975
-1.29273
-1.19096
-1.09429
-1.00256
-0.915651
-0.833407
-0.755662
-0.682293
-0.613138
-0.548035
-0.486851
-0.429399
-0.375545
-0.325128
-0.278009
-0.234033
-0.193074
-0.154998
-0.119661
-0.086917
-0.0566243
-0.028653
-0.00287275
0.020833
0.0425793
0.062478
0.0806289
0.0971336
0.112098
0.125615
0.137777
0.148671
0.158369
0.166949
0.174485
0.181046
0.186703
0.191518
0.195548
0.198845
0.201457
0.203435
0.20483
0.205693
0.206072
0.205997
0.205499
0.20461
0.203369
0.201824
0.200005
0.197929
0.195608
0.193072
0.190358
0.187505
0.184533
0.181434
0.178182
0.174847
0.171514
0.168165
0.164733
0.161171
0.157651
0.154236
0.150888
0.147368
0.143757
0.140427
0.137285
0.134055
0.130412
0.127225
0.124483
0.121544
0.117762
0.114691
0.112691
0.109806
0.105996
0.103593
0.101973
0.0980451
0.0946376
0.0937262
0.0911767
0.0864983
0.0850695
0.0836548
0.0795901
0.0776933
0.0747506
0.0711936
0.0717551
0.0680067
0.0625284
0.061936
0.058207
0.0574849
0.0552062
0.0495821
0.0477687
0.0414164
0.0411559
0.0341208
0.0380632
0.0295875
0.0327104
0.0219771
0.0192144
0.0163584
0.00529216
0.015881
-0.0133352
0.00810638
-0.0171411
0.000477355
-44.2632
-43.9415
-43.658
-43.3671
-43.0503
-42.7044
-42.3215
-41.8918
-41.404
-40.8461
-40.2088
-39.4888
-38.6871
-37.8098
-36.8675
-35.8742
-34.8437
-33.7903
-32.7262
-31.6612
-30.6031
-29.5572
-28.5275
-27.5162
-26.5252
-25.5553
-24.6076
-23.6823
-22.7796
-21.9
-21.0437
-20.2108
-19.4013
-18.6153
-17.8529
-17.114
-16.3984
-15.7062
-15.037
-14.3906
-13.7668
-13.1653
-12.5857
-12.0275
-11.4904
-10.9737
-10.4771
-9.99999
-9.54172
-9.10179
-8.67955
-8.27442
-7.88573
-7.5129
-7.15528
-6.81225
-6.4832
-6.16749
-5.86458
-5.57388
-5.29484
-5.02696
-4.76973
-4.52271
-4.28544
-4.05752
-3.83859
-3.62826
-3.42624
-3.23221
-3.0459
-2.86705
-2.69542
-2.5308
-2.37298
-2.22178
-2.07702
-1.93852
-1.80614
-1.67972
-1.55909
-1.44411
-1.33464
-1.23054
-1.13164
-1.03781
-0.94891
-0.864787
-0.78529
-0.710258
-0.639552
-0.573006
-0.510459
-0.451748
-0.396712
-0.345211
-0.297082
-0.252179
-0.21035
-0.171461
-0.135374
-0.101941
-0.0710101
-0.0424453
-0.0161149
0.00810438
0.0303265
0.0506622
0.0692243
0.0861126
0.101432
0.11528
0.127756
0.13894
0.148913
0.157748
0.165523
0.172309
0.178178
0.183194
0.187415
0.190891
0.193673
0.195812
0.197361
0.198371
0.198886
0.198942
0.198571
0.197804
0.19668
0.195246
0.193533
0.191559
0.189336
0.186897
0.184283
0.181524
0.178631
0.175612
0.172462
0.169221
0.165961
0.162686
0.159321
0.155849
0.152424
0.14909
0.145829
0.142366
0.138877
0.135661
0.132601
0.129371
0.125832
0.122717
0.120096
0.117197
0.113664
0.1107
0.108584
0.105735
0.10214
0.0998248
0.0981274
0.0946618
0.0915321
0.0899871
0.0871314
0.0839544
0.0827892
0.0794845
0.0758232
0.0759068
0.0728961
0.0680172
0.0674455
0.0643927
0.0627002
0.0608479
0.0549194
0.0543831
0.0500837
0.049069
0.0472511
0.0423482
0.041674
0.0323207
0.0340429
0.0234989
0.0284188
0.0133182
0.0268878
0.00554847
0.0246121
-0.00108633
0.0190498
0.00256481
0.0113474
0.00509822
-43.8726
-43.5664
-43.2952
-43.0145
-42.7092
-42.3783
-42.015
-41.6097
-41.1514
-40.629
-40.0332
-39.3585
-38.6037
-37.7727
-36.8745
-35.9209
-34.9258
-33.9027
-32.8638
-31.8196
-30.7782
-29.7457
-28.7265
-27.7236
-26.739
-25.774
-24.8294
-23.906
-23.0044
-22.1247
-21.2675
-20.433
-19.6213
-18.8326
-18.067
-17.3245
-16.6051
-15.9088
-15.2355
-14.5848
-13.9567
-13.3508
-12.7668
-12.2042
-11.6627
-11.1418
-10.641
-10.1597
-9.69745
-9.25351
-8.82737
-8.41838
-8.02591
-7.64934
-7.28804
-6.94137
-6.6087
-6.2894
-5.98291
-5.68863
-5.40604
-5.1346
-4.8738
-4.62323
-4.38241
-4.15096
-3.92849
-3.71467
-3.50916
-3.31168
-3.12195
-2.93973
-2.76478
-2.5969
-2.43588
-2.28156
-2.13376
-1.99232
-1.85708
-1.72789
-1.60462
-1.48711
-1.37521
-1.26878
-1.16769
-1.07179
-0.98092
-0.894947
-0.813728
-0.737068
-0.664844
-0.596893
-0.533033
-0.473099
-0.416932
-0.364374
-0.315271
-0.269478
-0.226826
-0.187166
-0.15037
-0.11628
-0.0847466
-0.0556245
-0.0287809
-0.00408426
0.0185849
0.0393317
0.0582735
0.0755172
0.0911642
0.105324
0.118085
0.12954
0.139764
0.148836
0.15683
0.163823
0.169887
0.175087
0.179481
0.183123
0.186061
0.188348
0.190039
0.191184
0.191826
0.192002
0.191746
0.191092
0.190079
0.188748
0.187132
0.185251
0.183121
0.180771
0.178248
0.175579
0.172765
0.169814
0.166756
0.163608
0.16042
0.157214
0.153919
0.150538
0.147215
0.143948
0.140751
0.13737
0.133986
0.130851
0.127932
0.124722
0.121233
0.118267
0.115756
0.112859
0.10943
0.106719
0.104625
0.101438
0.0981866
0.096376
0.0943749
0.0907033
0.0880803
0.0870893
0.0836817
0.0800889
0.0797647
0.0773528
0.0731068
0.071729
0.0692355
0.0669833
0.0658898
0.0607976
0.0587034
0.0582811
0.0541352
0.0536236
0.0484268
0.0459231
0.0436636
0.0396671
0.0381907
0.03569
0.0332817
0.0268677
0.0284775
0.0148573
0.0265719
-0.00102183
0.0219673
-0.0196629
0.0175005
-0.0178674
0.0039539
-0.00346402
-43.4896
-43.1975
-42.937
-42.6679
-42.3744
-42.0572
-41.7123
-41.3302
-40.8997
-40.4107
-39.8542
-39.2229
-38.5135
-37.7284
-36.8739
-35.9606
-35.0009
-34.0082
-32.995
-31.9718
-30.9475
-29.9286
-28.9202
-27.9255
-26.9472
-25.9867
-25.0453
-24.1237
-23.2228
-22.343
-21.4848
-20.6486
-19.8346
-19.0431
-18.2743
-17.5283
-16.8052
-16.1049
-15.4274
-14.7725
-14.1401
-13.53
-12.9417
-12.375
-11.8294
-11.3044
-10.7996
-10.3144
-9.84823
-9.40054
-8.97071
-8.5581
-8.16206
-7.782
-7.41721
-7.06709
-6.73099
-6.40829
-6.09839
-5.8007
-5.5147
-5.23983
-4.97561
-4.72159
-4.47733
-4.24242
-4.01651
-3.79925
-3.59032
-3.38943
-3.19633
-3.01078
-2.83254
-2.66144
-2.49725
-2.33983
-2.18901
-2.04464
-1.90656
-1.77464
-1.64873
-1.5287
-1.41439
-1.30568
-1.20242
-1.10446
-1.01165
-0.923865
-0.840949
-0.762708
-0.688999
-0.619671
-0.554543
-0.493432
-0.436176
-0.382611
-0.332571
-0.285916
-0.242477
-0.202097
-0.164628
-0.129924
-0.0978224
-0.0681782
-0.0408529
-0.0157164
0.0073623
0.0284936
0.0477865
0.0653539
0.0813071
0.0957488
0.108776
0.120472
0.130926
0.140213
0.14841
0.155592
0.161833
0.1672
0.171753
0.175543
0.178623
0.181046
0.182867
0.184135
0.184892
0.185177
0.185027
0.184476
0.183564
0.18233
0.180802
0.179005
0.176961
0.174697
0.172254
0.169666
0.166936
0.16405
0.161059
0.158004
0.154892
0.151758
0.148538
0.14524
0.142007
0.138822
0.135674
0.13236
0.129112
0.12604
0.123191
0.120049
0.116708
0.113815
0.11138
0.108464
0.105205
0.10254
0.10059
0.0975652
0.0942813
0.0924485
0.0907052
0.0871698
0.084526
0.0833306
0.0804153
0.0777259
0.0761474
0.0731123
0.0709279
0.0701386
0.0658119
0.0631661
0.0630777
0.0596341
0.0578717
0.0542975
0.0514947
0.0504587
0.0469447
0.0460208
0.0411128
0.0405037
0.0341556
0.0330629
0.0289278
0.0259331
0.023501
0.0211775
0.0194854
0.0131179
0.0204068
0.00443626
0.0172583
-0.0025483
0.0046807
-0.00222643
-43.1145
-42.8376
-42.5877
-42.3283
-42.0471
-41.7445
-41.4161
-41.0542
-40.6498
-40.1932
-39.6737
-39.083
-38.4173
-37.6764
-36.865
-35.9919
-35.0685
-34.1072
-33.1201
-32.1185
-31.1115
-30.1064
-29.1088
-28.1224
-27.1501
-26.194
-25.2555
-24.3355
-23.4352
-22.5551
-21.6957
-20.8577
-20.0413
-19.247
-18.475
-17.7254
-16.9985
-16.2943
-15.6127
-14.9537
-14.3172
-13.7029
-13.1105
-12.5398
-11.9902
-11.4613
-10.9527
-10.4638
-9.99404
-9.54282
-9.10955
-8.69354
-8.29419
-7.91082
-7.54277
-7.18942
-6.85009
-6.52416
-6.21102
-5.9101
-5.62083
-5.34267
-5.07516
-4.81781
-4.57021
-4.33194
-4.10265
-3.88202
-3.66973
-3.46549
-3.26906
-3.0802
-2.89871
-2.72439
-2.55706
-2.39657
-2.24274
-2.09546
-1.95456
-1.81992
-1.6914
-1.56887
-1.45217
-1.3412
-1.23579
-1.1358
-1.04109
-0.951512
-0.86692
-0.787144
-0.71199
-0.641317
-0.574957
-0.512719
-0.454418
-0.399887
-0.348967
-0.301487
-0.257299
-0.216236
-0.17814
-0.142853
-0.110226
-0.0800952
-0.0523257
-0.0267791
-0.00332658
0.018151
0.0377671
0.0556345
0.0718643
0.0865621
0.0998265
0.111745
0.122404
0.131885
0.140265
0.147618
0.154019
0.159537
0.164232
0.168156
0.171364
0.173909
0.175845
0.177223
0.178085
0.17847
0.178415
0.177957
0.177136
0.175989
0.174543
0.172824
0.170857
0.168673
0.166306
0.163788
0.161134
0.15832
0.155386
0.152408
0.14938
0.146315
0.14317
0.139953
0.136795
0.133687
0.130606
0.127359
0.124226
0.121221
0.118421
0.115309
0.112145
0.109386
0.106967
0.103991
0.100888
0.0985161
0.0964952
0.0934631
0.090552
0.088779
0.0866048
0.0833004
0.0814799
0.0801277
0.0764962
0.0742742
0.0737737
0.0700735
0.0672357
0.0668775
0.0640199
0.0615433
0.0594884
0.0560324
0.0561463
0.0527989
0.0497111
0.0484462
0.043865
0.0439478
0.0384499
0.0382365
0.0345112
0.0322488
0.0278895
0.0293069
0.0181505
0.0237863
0.0060578
0.0184964
-0.00229601
0.0185828
-0.00319482
0.0109913
0.0043442
0.00283886
-42.7482
-42.4862
-42.2484
-42.0002
-41.7298
-41.4396
-41.126
-40.7834
-40.4041
-39.9768
-39.4919
-38.9403
-38.3166
-37.619
-36.8505
-36.0177
-35.1302
-34.2003
-33.2399
-32.2602
-31.2709
-30.2796
-29.2926
-28.3144
-27.3481
-26.3962
-25.4604
-24.5419
-23.6419
-22.7613
-21.9006
-21.0606
-20.2416
-19.4443
-18.669
-17.9159
-17.1852
-16.477
-15.7914
-15.1283
-14.4878
-13.8695
-13.2732
-12.6985
-12.1452
-11.6126
-11.1004
-10.608
-10.1349
-9.68034
-9.24382
-8.82468
-8.42224
-8.03581
-7.66473
-7.30835
-6.966
-6.63703
-6.32085
-6.01683
-5.72445
-5.44316
-5.17246
-4.9119
-4.66105
-4.41952
-4.18694
-3.963
-3.74739
-3.53985
-3.34013
-3.148
-2.96328
-2.78577
-2.61532
-2.45176
-2.29495
-2.14477
-2.00106
-1.86372
-1.73261
-1.60759
-1.48853
-1.3753
-1.26777
-1.16578
-1.06919
-0.977858
-0.891614
-0.81033
-0.733786
-0.661818
-0.594257
-0.53092
-0.471618
-0.416171
-0.36441
-0.316167
-0.271275
-0.22957
-0.190885
-0.155062
-0.121942
-0.0913702
-0.0631909
-0.0372693
-0.0134755
0.00831712
0.0282237
0.0463611
0.0628411
0.0777677
0.0912432
0.103361
0.114205
0.123857
0.132399
0.139904
0.146448
0.152099
0.15692
0.160963
0.164284
0.166937
0.168975
0.170451
0.171407
0.171881
0.171911
0.171537
0.170798
0.169728
0.168356
0.166708
0.16481
0.162699
0.160404
0.157948
0.155355
0.152614
0.14975
0.146836
0.143877
0.140873
0.13779
0.134667
0.131576
0.128537
0.125529
0.122342
0.119312
0.116389
0.113616
0.110563
0.10756
0.104875
0.102537
0.0996103
0.0965889
0.0943683
0.0924888
0.0894641
0.0865557
0.0849559
0.0829314
0.0795988
0.0777978
0.0766427
0.0735568
0.0709965
0.0697091
0.0672048
0.0655025
0.0636575
0.0599074
0.0593057
0.0576242
0.054105
0.0527829
0.0498001
0.0481478
0.046149
0.0432571
0.041042
0.0381935
0.0356081
0.0316621
0.0313617
0.0243008
0.027983
0.0184175
0.0256879
0.0112076
0.0276325
-0.00483583
0.0200573
-0.0141452
0.00477123
-0.00561838
-0.00242627
-42.3915
-42.1441
-41.9172
-41.6796
-41.4213
-41.1443
-40.8462
-40.5216
-40.1638
-39.763
-39.3099
-38.7956
-38.2129
-37.5578
-36.8305
-36.0371
-35.1863
-34.2884
-33.355
-32.3975
-31.4261
-30.4489
-29.4725
-28.5022
-27.5418
-26.5939
-25.6604
-24.7432
-23.8433
-22.9618
-22.0995
-21.2573
-20.4357
-19.6353
-18.8565
-18.0997
-17.3651
-16.653
-15.9634
-15.2964
-14.6518
-14.0296
-13.4295
-12.8511
-12.2941
-11.7581
-11.2425
-10.7469
-10.2706
-9.81305
-9.37356
-8.9515
-8.54619
-8.15694
-7.78306
-7.42388
-7.07871
-6.74693
-6.42787
-6.12096
-5.82561
-5.54132
-5.26756
-5.0039
-4.7499
-4.50518
-4.2694
-4.04221
-3.82334
-3.61253
-3.40955
-3.21419
-3.02625
-2.84557
-2.672
-2.50539
-2.34561
-2.19253
-2.04604
-1.90601
-1.77231
-1.64482
-1.52342
-1.40796
-1.29832
-1.19436
-1.09593
-1.00287
-0.915028
-0.832244
-0.754347
-0.681136
-0.612418
-0.548024
-0.487758
-0.431438
-0.378886
-0.329923
-0.284373
-0.242074
-0.202852
-0.166535
-0.132966
-0.101986
-0.073438
-0.0471794
-0.0230769
-0.00100268
0.0191643
0.03754
0.0542397
0.0693697
0.0830315
0.0953235
0.10633
0.116132
0.124815
0.132452
0.13912
0.144888
0.149818
0.153964
0.157382
0.160129
0.162259
0.163819
0.164858
0.165411
0.165516
0.165216
0.164548
0.163548
0.162243
0.160658
0.158823
0.156774
0.154547
0.15215
0.149605
0.146931
0.14414
0.14129
0.138389
0.135434
0.132399
0.129366
0.126366
0.123377
0.120427
0.117315
0.114349
0.111527
0.108837
0.105802
0.102928
0.100375
0.0980521
0.0952174
0.0923196
0.0902681
0.0882542
0.0854249
0.0827877
0.0811106
0.078866
0.0761382
0.0745777
0.0728435
0.0697256
0.0683211
0.0669995
0.0633578
0.0621759
0.0613634
0.0576726
0.0560693
0.0541267
0.0520779
0.0510628
0.0470773
0.0461826
0.043245
0.0418409
0.0387279
0.0357248
0.034877
0.0307079
0.0301649
0.0267689
0.0226274
0.0192495
0.0163415
0.0120961
0.0161987
0.00876043
0.0140996
0.00805322
0.012435
0.00557385
0.00272257
-42.0453
-41.8122
-41.5969
-41.37
-41.1223
-40.8569
-40.5728
-40.2655
-39.9283
-39.5538
-39.1318
-38.6517
-38.1062
-37.4914
-36.8057
-36.0519
-35.2374
-34.3716
-33.4658
-32.531
-31.5776
-30.6146
-29.649
-28.6866
-27.7317
-26.7874
-25.856
-24.9396
-24.0395
-23.1569
-22.2928
-21.4481
-20.6236
-19.8198
-19.0374
-18.2769
-17.5384
-16.8223
-16.1287
-15.4577
-14.8092
-14.1832
-13.5794
-12.9975
-12.4371
-11.8978
-11.3791
-10.8804
-10.4012
-9.94087
-9.49868
-9.07397
-8.66607
-8.27423
-7.89779
-7.53604
-7.18826
-6.85385
-6.53213
-6.22249
-5.92435
-5.63718
-5.36051
-5.09385
-4.83679
-4.58898
-4.35004
-4.11966
-3.89758
-3.68354
-3.47734
-3.27875
-3.08762
-2.90378
-2.72711
-2.55746
-2.39471
-2.23875
-2.08948
-1.94676
-1.81049
-1.68055
-1.55682
-1.43915
-1.32743
-1.22152
-1.12126
-1.02651
-0.93711
-0.852877
-0.77364
-0.69922
-0.629412
-0.564007
-0.50283
-0.445679
-0.392385
-0.342746
-0.296585
-0.253732
-0.214016
-0.177254
-0.143282
-0.111935
-0.0830541
-0.056498
-0.0321227
-0.00980147
0.0105927
0.0291771
0.0460663
0.0613717
0.0751964
0.0876381
0.0987812
0.108713
0.117513
0.125264
0.132037
0.137904
0.142926
0.147161
0.150663
0.153491
0.155698
0.157332
0.158441
0.15906
0.15923
0.158994
0.158389
0.157451
0.156202
0.154673
0.152893
0.150902
0.148733
0.146393
0.143895
0.14127
0.138548
0.135763
0.132916
0.130015
0.127023
0.124055
0.121148
0.11823
0.115302
0.112266
0.109392
0.106637
0.104008
0.101097
0.098281
0.0958367
0.0935797
0.0908191
0.0880223
0.0860581
0.0841688
0.0812761
0.0788426
0.0775089
0.0752293
0.0722876
0.0710621
0.0695684
0.0664507
0.0647238
0.0637672
0.060992
0.0589697
0.0573545
0.0552946
0.0544933
0.0512715
0.0489228
0.0482922
0.0454034
0.0438772
0.0410599
0.0392503
0.0373835
0.0345465
0.0320259
0.0307341
0.0250157
0.0265148
0.0216981
0.0246877
0.0162138
0.0193756
0.000562304
0.0163004
-0.00540459
0.0101592
-0.000495732
-0.00196862
0.00125953
-41.7105
-41.492
-41.2878
-41.0711
-40.8342
-40.5805
-40.3094
-40.0179
-39.7005
-39.3487
-38.9543
-38.5076
-37.9991
-37.4229
-36.7771
-36.0622
-35.2838
-34.4505
-33.5725
-32.6609
-31.726
-30.7773
-29.8224
-28.8677
-27.9181
-26.9771
-26.0475
-25.1314
-24.2307
-23.3467
-22.4804
-21.633
-20.8053
-19.9981
-19.212
-18.4474
-17.705
-16.9848
-16.2873
-15.6123
-14.96
-14.3303
-13.7229
-13.1376
-12.574
-12.0316
-11.51
-11.0086
-10.5267
-10.0638
-9.61913
-9.19206
-8.78182
-8.38767
-8.00892
-7.64484
-7.2947
-6.95785
-6.63364
-6.32145
-6.02068
-5.73081
-5.45133
-5.18179
-4.92179
-4.67095
-4.42891
-4.1954
-3.97015
-3.75291
-3.54349
-3.34172
-3.1474
-2.96042
-2.78064
-2.60796
-2.44224
-2.28341
-2.13135
-1.98596
-1.84713
-1.71474
-1.58869
-1.46884
-1.35506
-1.24722
-1.14517
-1.04876
-0.957814
-0.872184
-0.791654
-0.716051
-0.645189
-0.578843
-0.516802
-0.458879
-0.404882
-0.354617
-0.307895
-0.264543
-0.22437
-0.187208
-0.152876
-0.121204
-0.0920365
-0.0652162
-0.0406075
-0.0180724
0.00251466
0.0212751
0.0383263
0.0537793
0.06774
0.0803045
0.0915628
0.101601
0.110499
0.118341
0.125202
0.13115
0.136248
0.140555
0.144128
0.147022
0.149293
0.15099
0.152154
0.152829
0.153054
0.152871
0.152323
0.151435
0.150235
0.148753
0.147022
0.145081
0.142963
0.140674
0.138221
0.13564
0.132974
0.130248
0.127456
0.124607
0.121673
0.11876
0.115918
0.113064
0.11018
0.107219
0.104427
0.101766
0.0991648
0.0963299
0.0936612
0.0912975
0.0890586
0.0863564
0.0837919
0.0818408
0.0798873
0.0772821
0.0749741
0.0736127
0.0715217
0.0688602
0.0674088
0.0656349
0.0632364
0.062035
0.0600138
0.0573421
0.0568402
0.0546982
0.0519854
0.0514636
0.0492491
0.0470138
0.0450944
0.0430519
0.0419768
0.0393476
0.0374729
0.0341273
0.0335849
0.0300804
0.030661
0.0260274
0.0234001
0.0183331
0.0207287
0.0120023
0.0239554
0.00503806
0.0237642
-9.00253e-05
0.0125944
-0.00460252
-0.000827606
-0.000185116
-41.3875
-41.1831
-40.9901
-40.7837
-40.5574
-40.3155
-40.0576
-39.7808
-39.4812
-39.1513
-38.7826
-38.3657
-37.892
-37.3533
-36.7455
-36.069
-35.327
-34.5262
-33.6761
-32.7879
-31.8717
-30.9373
-29.9932
-29.046
-28.1014
-27.1633
-26.2351
-25.3191
-24.4173
-23.5314
-22.6626
-21.8121
-20.981
-20.17
-19.3799
-18.6113
-17.8647
-17.1405
-16.4389
-15.7601
-15.104
-14.4707
-13.8599
-13.2713
-12.7046
-12.1594
-11.6351
-11.1312
-10.6469
-10.1817
-9.73492
-9.30574
-8.89343
-8.49725
-8.11643
-7.75028
-7.39801
-7.05897
-6.73247
-6.4179
-6.11466
-5.82223
-5.54008
-5.26778
-5.00492
-4.75112
-4.50607
-4.26946
-4.04107
-3.82066
-3.60806
-3.40309
-3.2056
-3.01548
-2.8326
-2.65687
-2.48819
-2.32648
-2.17164
-2.02358
-1.88219
-1.74737
-1.61901
-1.49698
-1.38117
-1.27143
-1.16761
-1.06957
-0.977129
-0.890119
-0.80836
-0.73163
-0.659737
-0.592482
-0.529638
-0.470996
-0.416354
-0.365513
-0.318285
-0.274477
-0.233906
-0.196385
-0.161739
-0.129788
-0.100373
-0.0733324
-0.0485222
-0.0258115
-0.00506378
0.01384
0.0310228
0.0465945
0.0606636
0.0733268
0.0846761
0.094797
0.103774
0.111688
0.118617
0.124628
0.129786
0.134151
0.137778
0.140724
0.143045
0.14479
0.146001
0.14672
0.146988
0.14685
0.146345
0.145502
0.144343
0.142898
0.141208
0.139314
0.137238
0.134993
0.132583
0.130039
0.127424
0.12475
0.122006
0.119201
0.116327
0.113474
0.110684
0.10789
0.105044
0.102178
0.0994776
0.0968869
0.094335
0.0915779
0.0889663
0.086726
0.0845389
0.0818876
0.0794796
0.0776615
0.0756906
0.0730841
0.0711
0.069849
0.0674866
0.0651078
0.0640394
0.0621526
0.0594135
0.0586602
0.0573211
0.0543082
0.0533894
0.0519869
0.0498985
0.0484179
0.0459369
0.0452387
0.0432792
0.0407252
0.0394917
0.0367489
0.0365286
0.0332812
0.0313355
0.028225
0.0261115
0.0256842
0.0248449
0.0208082
0.020404
0.0119173
0.0126937
0.00904603
0.00757567
0.00734703
0.00812767
0.00630659
0.0114153
0.00253916
-41.0766
-40.8858
-40.7035
-40.5078
-40.2928
-40.0621
-39.8166
-39.5539
-39.2707
-38.9611
-38.6168
-38.2286
-37.7866
-37.2834
-36.7131
-36.0733
-35.3662
-34.598
-33.7768
-32.9121
-32.015
-31.0952
-30.1617
-29.222
-28.2821
-27.3466
-26.4192
-25.5028
-24.5995
-23.7112
-22.8395
-21.9856
-21.1507
-20.3357
-19.5414
-18.7685
-18.0177
-17.2893
-16.5837
-15.9009
-15.2411
-14.6043
-13.9902
-13.3985
-12.829
-12.2812
-11.7544
-11.2482
-10.7618
-10.2947
-9.84598
-9.41498
-9.00089
-8.60294
-8.22037
-7.85237
-7.49822
-7.1572
-6.82864
-6.51188
-6.20636
-5.91151
-5.62683
-5.35187
-5.08623
-4.82955
-4.58154
-4.3419
-4.1104
-3.88685
-3.67106
-3.4629
-3.26224
-3.06896
-2.88298
-2.7042
-2.53255
-2.36795
-2.21032
-2.05958
-1.91564
-1.77839
-1.64773
-1.52356
-1.40572
-1.29411
-1.18855
-1.08891
-0.995021
-0.906668
-0.823706
-0.745911
-0.673052
-0.604924
-0.541314
-0.482007
-0.426774
-0.375415
-0.327736
-0.283527
-0.242603
-0.204777
-0.169861
-0.137675
-0.108054
-0.0808333
-0.0558638
-0.0330107
-0.012139
0.00687721
0.0241587
0.039821
0.0539709
0.0667072
0.0781238
0.0883055
0.0973395
0.105306
0.112283
0.11834
0.123542
0.127947
0.131612
0.134596
0.136953
0.138735
0.139981
0.140732
0.141033
0.140929
0.140459
0.13965
0.138524
0.13711
0.135453
0.133597
0.13156
0.12935
0.126977
0.124469
0.121896
0.119271
0.116569
0.113797
0.11097
0.108184
0.105444
0.102716
0.0999156
0.0971172
0.0945043
0.0920105
0.0894721
0.0868108
0.0842989
0.0820932
0.0799907
0.0774729
0.0752014
0.0733966
0.0715061
0.0690606
0.0671065
0.0658317
0.0637694
0.0614269
0.0603505
0.0586152
0.0563442
0.0552137
0.0535824
0.0520103
0.0508203
0.0483603
0.0469697
0.046413
0.0435765
0.0421573
0.0407287
0.0393455
0.0376259
0.0347412
0.0329353
0.0320242
0.030022
0.0287458
0.0253737
0.0224303
0.0203877
0.0196786
0.0168489
0.0215125
0.00853184
0.0198619
-0.00138755
0.0117658
-0.00211704
0.00471566
-0.000668723
-0.00293842
-40.7783
-40.6008
-40.4293
-40.2435
-40.0388
-39.8189
-39.585
-39.3362
-39.0684
-38.7774
-38.4554
-38.0937
-37.6826
-37.2131
-36.6782
-36.0748
-35.4032
-34.6673
-33.8746
-33.0339
-32.1561
-31.2511
-30.3283
-29.3959
-28.4605
-27.5272
-26.6002
-25.6828
-24.7775
-23.8865
-23.0113
-22.1536
-21.3144
-20.4951
-19.6964
-18.9191
-18.1638
-17.4311
-16.7213
-16.0347
-15.3712
-14.7309
-14.1137
-13.5192
-12.947
-12.3967
-11.8678
-11.3596
-10.8714
-10.4026
-9.95227
-9.51975
-9.1042
-8.70479
-8.32071
-7.95115
-7.59536
-7.25262
-6.9222
-6.60347
-6.29582
-5.9987
-5.71162
-5.43412
-5.16579
-4.90632
-4.6554
-4.41275
-4.17817
-3.95149
-3.73253
-3.52117
-3.31732
-3.12089
-2.93177
-2.74994
-2.5753
-2.4078
-2.24738
-2.09395
-1.94745
-1.80778
-1.67484
-1.54852
-1.42869
-1.31522
-1.20797
-1.10676
-1.01144
-0.921809
-0.837674
-0.758848
-0.685082
-0.616147
-0.551827
-0.491899
-0.436135
-0.384307
-0.336227
-0.291673
-0.250451
-0.21237
-0.177233
-0.144857
-0.115073
-0.0877146
-0.062625
-0.0396683
-0.0187071
0.000388091
0.0177375
0.0334621
0.0476642
0.060449
0.0719073
0.0821283
0.0911969
0.0991951
0.106201
0.112286
0.117512
0.121942
0.125631
0.128637
0.131018
0.132823
0.134093
0.134866
0.135189
0.135108
0.134662
0.13388
0.13278
0.13139
0.129756
0.12793
0.125924
0.123746
0.121402
0.118922
0.116386
0.113806
0.111146
0.108403
0.105606
0.102881
0.100197
0.0975395
0.0947837
0.0920518
0.0894965
0.0870867
0.0846154
0.0820155
0.0795852
0.0775057
0.0754278
0.0730452
0.070846
0.069215
0.0672932
0.0649317
0.0632746
0.0619279
0.0597782
0.0579618
0.0568334
0.0549082
0.0530327
0.0523447
0.0503181
0.0484194
0.0481899
0.0459239
0.0439423
0.0429962
0.0415306
0.0404543
0.0376827
0.0367125
0.0348719
0.0338481
0.0317395
0.0297574
0.0276008
0.0257814
0.0247696
0.0241812
0.0198354
0.020251
0.0107386
0.0186093
0.0053141
0.0172453
0.00486928
0.0144764
0.00584637
0.00780741
0.000585586
0.00168005
-40.4927
-40.3281
-40.1673
-39.9916
-39.7976
-39.5886
-39.366
-39.1297
-38.8774
-38.6036
-38.3027
-37.9654
-37.5818
-37.1435
-36.6431
-36.075
-35.4379
-34.7342
-33.9698
-33.1536
-32.2954
-31.4054
-30.4934
-29.5682
-28.6369
-27.7054
-26.7783
-25.8594
-24.9516
-24.0572
-23.1781
-22.316
-21.4723
-20.6482
-19.8447
-19.0627
-18.3029
-17.5658
-16.8518
-16.1612
-15.4941
-14.8505
-14.2302
-13.633
-13.0584
-12.506
-11.9751
-11.4652
-10.9755
-10.5053
-10.0537
-9.62004
-9.20333
-8.80275
-8.41747
-8.04666
-7.6895
-7.34526
-7.01322
-6.69272
-6.38313
-6.08389
-5.79451
-5.51457
-5.24367
-4.98146
-4.72768
-4.48207
-4.24443
-4.01462
-3.79248
-3.57793
-3.37087
-3.17125
-2.979
-2.79407
-2.61643
-2.44602
-2.28279
-2.12667
-1.9776
-1.83551
-1.70029
-1.57184
-1.45004
-1.33474
-1.22581
-1.12307
-1.02637
-0.935502
-0.850254
-0.770428
-0.695796
-0.626115
-0.56114
-0.50065
-0.444406
-0.392178
-0.343748
-0.298906
-0.257438
-0.21915
-0.183842
-0.151327
-0.121425
-0.0939708
-0.068804
-0.0457798
-0.0247638
-0.00562518
0.0117639
0.027518
0.0417473
0.054552
0.0660283
0.0762637
0.0853462
0.0933557
0.100371
0.106465
0.1117
0.116136
0.119834
0.12285
0.125241
0.127057
0.128338
0.129122
0.129457
0.129389
0.128958
0.128193
0.12711
0.125736
0.124117
0.122311
0.120334
0.118176
0.115857
0.113398
0.110888
0.108351
0.105728
0.103017
0.100247
0.0975819
0.094945
0.0923455
0.0896456
0.0869719
0.0844815
0.0821535
0.0797312
0.077204
0.0748682
0.072875
0.0708456
0.0685599
0.0664553
0.0648939
0.0631555
0.0608062
0.0592572
0.0581151
0.0559433
0.0541188
0.0532844
0.0515845
0.0497184
0.0488448
0.047356
0.045647
0.0444932
0.0429393
0.041982
0.0402713
0.0381553
0.0378745
0.0360399
0.0345505
0.0326744
0.0309102
0.0299712
0.0286532
0.0274003
0.0244106
0.0213245
0.0210403
0.0185798
0.0205187
0.0157397
0.0148402
0.0114723
0.0062957
0.00904463
0.00337224
0.00471031
0.0030353
0.00397903
0.00359585
-40.22
-40.0678
-39.9172
-39.7518
-39.5677
-39.3689
-39.1577
-38.9335
-38.6953
-38.4386
-38.1567
-37.842
-37.4858
-37.0778
-36.6091
-36.0744
-35.4707
-34.7988
-34.0631
-33.2714
-32.433
-31.5583
-30.6572
-29.739
-28.8116
-27.8814
-26.9538
-26.0328
-25.1218
-24.2235
-23.34
-22.473
-21.6243
-20.795
-19.9865
-19.1994
-18.4348
-17.6932
-16.975
-16.2804
-15.6098
-14.9629
-14.3397
-13.7399
-13.1631
-12.6087
-12.0762
-11.5649
-11.0741
-10.6028
-10.1504
-9.71582
-9.29829
-8.89687
-8.51071
-8.13891
-7.78068
-7.43519
-7.10177
-6.77969
-6.46833
-6.16712
-5.87561
-5.59334
-5.31993
-5.05505
-4.79846
-4.5499
-4.30922
-4.07628
-3.85096
-3.6332
-3.42292
-3.22009
-3.02466
-2.83662
-2.65594
-2.48259
-2.31652
-2.1577
-2.00607
-1.86155
-1.72406
-1.59349
-1.46972
-1.35262
-1.24203
-1.13781
-1.03976
-0.947688
-0.86139
-0.780627
-0.70518
-0.634794
-0.569231
-0.508237
-0.451571
-0.398998
-0.350283
-0.305207
-0.263552
-0.225114
-0.189684
-0.157078
-0.127106
-0.0995963
-0.0743927
-0.0513413
-0.0303065
-0.0111569
0.00623742
0.0219926
0.0362187
0.0490182
0.0604864
0.0707142
0.0797862
0.0877876
0.0947927
0.100878
0.106104
0.110532
0.114223
0.117235
0.119623
0.121436
0.122716
0.1235
0.123835
0.123769
0.123345
0.122587
0.121512
0.120146
0.118535
0.116741
0.114786
0.112647
0.110335
0.107897
0.105409
0.102902
0.100318
0.0976379
0.0948956
0.0922829
0.08971
0.0871332
0.0844787
0.0818868
0.0794567
0.0772026
0.0748422
0.0723499
0.0701399
0.0682434
0.0662099
0.0640271
0.0620396
0.0605863
0.0588209
0.0567605
0.0552511
0.0539934
0.0521126
0.0505221
0.0495649
0.0480699
0.0466021
0.0456675
0.0437441
0.0427543
0.0419515
0.0395997
0.0388691
0.0379008
0.0363679
0.0346537
0.0331902
0.0322972
0.031286
0.0301358
0.0271382
0.025729
0.0245399
0.0243385
0.0221623
0.0200753
0.0174077
0.0141237
0.0170365
0.00883222
0.0183468
0.00511893
0.0152509
0.00332274
0.00524373
3.97888e-05
-0.000317233
-0.00214767
-39.9604
-39.82
-39.6793
-39.5234
-39.3495
-39.1617
-38.9617
-38.7497
-38.5245
-38.2829
-38.0194
-37.726
-37.3937
-37.0138
-36.5767
-36.0743
-35.5029
-34.8619
-34.1547
-33.3875
-32.5692
-31.7097
-30.8197
-29.9085
-28.9848
-28.0555
-27.1268
-26.2032
-25.2884
-24.3855
-23.4969
-22.6246
-21.7703
-20.9356
-20.1215
-19.3292
-18.5595
-17.8132
-17.0906
-16.3921
-15.7178
-15.0679
-14.4419
-13.8397
-13.2609
-12.7049
-12.1711
-11.6588
-11.167
-10.6951
-10.2421
-9.80707
-9.38906
-8.98715
-8.60042
-8.22797
-7.86893
-7.52249
-7.1879
-6.86445
-6.55151
-6.24852
-5.955
-5.67051
-5.39467
-5.12719
-4.8678
-4.61632
-4.3726
-4.13653
-3.90802
-3.68701
-3.47348
-3.2674
-3.06876
-2.87758
-2.69382
-2.5175
-2.34858
-2.18703
-2.03281
-1.88586
-1.7461
-1.61342
-1.4877
-1.36882
-1.25662
-1.15093
-1.05157
-0.958339
-0.871026
-0.789392
-0.71319
-0.642165
-0.576069
-0.514635
-0.457611
-0.404752
-0.355815
-0.310565
-0.26878
-0.230244
-0.194751
-0.162102
-0.132105
-0.104587
-0.079386
-0.0563478
-0.0353328
-0.0162051
0.00116093
0.016886
0.0310799
0.043846
0.0552822
0.0654777
0.0745194
0.0824894
0.0894667
0.0955238
0.100725
0.10513
0.108798
0.11179
0.114163
0.115962
0.117226
0.117999
0.118323
0.118249
0.117821
0.117063
0.115986
0.11462
0.113012
0.11122
0.109278
0.107154
0.104847
0.102419
0.0999499
0.0974699
0.0949172
0.0922628
0.0895551
0.086974
0.0844714
0.0819337
0.0792874
0.076752
0.0744103
0.0722185
0.0699022
0.0675013
0.0653669
0.0635728
0.0616276
0.0594728
0.0576417
0.0562809
0.0545579
0.0525766
0.0512503
0.0500014
0.0482035
0.0469096
0.0461359
0.044438
0.0430097
0.0425872
0.0408049
0.0392363
0.0387528
0.0373782
0.0360602
0.0343949
0.0337665
0.0329781
0.0309222
0.0299741
0.0281694
0.0278558
0.0263948
0.0246959
0.0224823
0.0209884
0.0203197
0.0185692
0.0198131
0.0132007
0.0176854
0.00715291
0.0132833
0.00420807
0.00945477
0.00468291
0.00850137
0.00634334
0.00503911
0.000869533
-39.7136
-39.5844
-39.4535
-39.3074
-39.1436
-38.966
-38.7767
-38.5763
-38.3638
-38.1367
-37.8902
-37.6172
-37.3083
-36.9539
-36.5446
-36.0729
-35.5335
-34.9233
-34.2444
-33.5019
-32.7039
-31.8602
-30.9812
-30.077
-29.1566
-28.2279
-27.2976
-26.3707
-25.4515
-24.5434
-23.649
-22.7708
-21.9104
-21.0696
-20.2497
-19.4518
-18.6769
-17.9256
-17.1986
-16.4961
-15.8183
-15.1652
-14.5366
-13.9323
-13.3518
-12.7944
-12.2596
-11.7465
-11.2543
-10.7821
-10.3289
-9.89373
-9.47563
-9.0736
-8.68666
-8.31386
-7.95433
-7.6072
-7.27171
-6.94712
-6.63279
-6.32819
-6.03277
-5.74615
-5.46797
-5.19792
-4.93579
-4.68141
-4.43465
-4.19542
-3.96369
-3.7394
-3.52257
-3.3132
-3.11132
-2.91694
-2.73007
-2.55073
-2.37892
-2.21463
-2.05781
-1.90842
-1.76638
-1.63159
-1.50394
-1.3833
-1.26951
-1.1624
-1.06178
-0.967435
-0.87915
-0.796694
-0.719793
-0.648195
-0.581635
-0.519827
-0.462506
-0.409426
-0.360327
-0.314965
-0.273108
-0.234532
-0.199029
-0.166387
-0.136417
-0.108936
-0.0837826
-0.0607971
-0.0398395
-0.0207711
-0.00346527
0.0121971
0.0263314
0.0390378
0.0504158
0.0605547
0.0695425
0.0774612
0.0843907
0.0904023
0.0955617
0.0999276
0.103559
0.106517
0.108858
0.110629
0.11187
0.112619
0.112921
0.112828
0.112387
0.111619
0.110535
0.109159
0.107546
0.105749
0.103805
0.101694
0.0993927
0.0969664
0.0945112
0.0920516
0.0895319
0.0868942
0.0842115
0.0816581
0.0792079
0.0767297
0.0741014
0.0715872
0.0693192
0.0672027
0.0649461
0.0626266
0.0605777
0.0588457
0.0570309
0.0549473
0.0532188
0.0519079
0.0502638
0.0484607
0.0471387
0.0461464
0.0444773
0.0431275
0.0424573
0.0409037
0.0396223
0.0388499
0.0376102
0.0367252
0.0353555
0.0341097
0.0337167
0.0322536
0.0307434
0.0299944
0.0291081
0.0281254
0.0268968
0.0246639
0.0239241
0.0227024
0.0222024
0.0202354
0.0194748
0.015489
0.0169665
0.0134192
0.0132865
0.0141135
0.00847708
0.0113747
0.00388796
0.0052783
0.00286773
0.00229738
0.00086095
0.000594099
-39.4794
-39.3609
-39.2393
-39.1026
-38.9487
-38.7813
-38.6027
-38.414
-38.2143
-38.001
-37.7698
-37.515
-37.2274
-36.8976
-36.5161
-36.0735
-35.5637
-34.9832
-34.3321
-33.6143
-32.8369
-32.0091
-31.1415
-30.2443
-29.3272
-28.3988
-27.4663
-26.5355
-25.6112
-24.6971
-23.7963
-22.9114
-22.0444
-21.1971
-20.3709
-19.567
-18.7866
-18.0303
-17.2987
-16.5921
-15.9108
-15.2547
-14.6237
-14.0175
-13.4354
-12.877
-12.3415
-11.8281
-11.3358
-10.8636
-10.4107
-9.97581
-9.55803
-9.15625
-8.76945
-8.39667
-8.03696
-7.68943
-7.35328
-7.02777
-6.71227
-6.40619
-6.10903
-5.82038
-5.53992
-5.26737
-5.00253
-4.74525
-4.49543
-4.25303
-4.01802
-3.79042
-3.57024
-3.35753
-3.15234
-2.95471
-2.76468
-2.58229
-2.40755
-2.24048
-2.08103
-1.92918
-1.78486
-1.64797
-1.5184
-1.39603
-1.28067
-1.17218
-1.07034
-0.974937
-0.885752
-0.802525
-0.724982
-0.652869
-0.585901
-0.523786
-0.466246
-0.413005
-0.363806
-0.318399
-0.276531
-0.237976
-0.202514
-0.169935
-0.14004
-0.112645
-0.0875811
-0.0646899
-0.0438256
-0.0248525
-0.00764164
0.0079285
0.0219721
0.0345928
0.0458876
0.055946
0.0648563
0.0727016
0.0795638
0.0855124
0.0906122
0.094923
0.0985026
0.101411
0.103707
0.105439
0.106644
0.10736
0.10763
0.107508
0.107041
0.106255
0.105157
0.103765
0.102135
0.100329
0.0983735
0.0962648
0.0939713
0.0915393
0.0890897
0.0866467
0.0841524
0.0815318
0.0788589
0.0763326
0.073918
0.0714991
0.0689168
0.0664282
0.0642279
0.062164
0.0599759
0.0577451
0.0557544
0.0541251
0.0523656
0.0503918
0.0487361
0.0474698
0.0459062
0.044245
0.0431621
0.0421819
0.040589
0.0395177
0.0385718
0.0371664
0.0363866
0.0356311
0.0339894
0.0335848
0.0329416
0.0311362
0.0304773
0.0296067
0.0289967
0.027623
0.0267101
0.0254962
0.0246321
0.0237561
0.0224023
0.0207172
0.0193579
0.0186354
0.0180692
0.0168644
0.0136816
0.0159031
0.00701631
0.014672
0.00383482
0.0129252
0.00505564
0.0103357
0.00413929
0.00175627
-0.000396001
-0.000243111
-39.2576
-39.1491
-39.0365
-38.909
-38.7651
-38.6082
-38.4405
-38.2631
-38.0752
-37.8756
-37.6595
-37.4213
-37.1533
-36.846
-36.4899
-36.0754
-35.5945
-35.0426
-34.4187
-33.7252
-32.9684
-32.1568
-31.3007
-30.4105
-29.4965
-28.568
-27.6328
-26.6975
-25.7674
-24.8466
-23.9388
-23.0465
-22.1723
-21.3179
-20.4849
-19.6748
-18.8885
-18.1269
-17.3906
-16.6799
-15.9951
-15.3362
-14.7029
-14.0949
-13.5117
-12.9526
-12.4167
-11.9033
-11.4113
-10.9397
-10.4874
-10.0533
-9.63622
-9.23512
-8.84886
-8.47646
-8.11689
-7.76926
-7.43274
-7.10655
-6.79004
-6.48264
-6.18388
-5.89332
-5.61065
-5.33563
-5.06809
-4.80791
-4.55502
-4.3094
-4.07109
-3.8401
-3.61652
-3.4004
-3.19183
-2.99089
-2.79765
-2.61216
-2.43445
-2.26455
-2.10245
-1.94812
-1.8015
-1.66252
-1.53104
-1.40695
-1.29007
-1.18022
-1.07721
-0.980805
-0.89077
-0.806838
-0.728728
-0.656167
-0.588855
-0.526497
-0.468798
-0.415473
-0.366245
-0.32085
-0.279037
-0.240565
-0.205204
-0.172741
-0.14297
-0.115709
-0.0907779
-0.0680236
-0.0472924
-0.02845
-0.0113669
0.00408011
0.0180043
0.03051
0.0416954
0.0516496
0.0604598
0.0682121
0.074986
0.0808525
0.085876
0.0901142
0.0936265
0.0964721
0.0987104
0.10039
0.101549
0.10222
0.102448
0.102285
0.101784
0.100969
0.0998481
0.0984339
0.096777
0.0949531
0.0929886
0.0908714
0.0885726
0.0861351
0.0836827
0.0812476
0.0787743
0.0761676
0.0735025
0.0709921
0.0686177
0.06624
0.0637188
0.0612685
0.0591176
0.0571296
0.0549868
0.0528043
0.050939
0.0493727
0.0476741
0.0457638
0.0442509
0.0430455
0.0416067
0.039989
0.0391105
0.0381465
0.0366344
0.0356614
0.0350496
0.0335702
0.0328222
0.0323151
0.0311414
0.0302913
0.0293946
0.028692
0.0279654
0.0266903
0.0261512
0.0254879
0.024615
0.0236389
0.0219694
0.0213667
0.0206001
0.0199714
0.0180194
0.017
0.0149198
0.0161453
0.0113764
0.0151368
0.010039
0.0115532
0.00796813
0.00640025
0.00493636
0.00495276
0.00310675
0.00394717
0.00502075
0.00198787
-39.0476
-38.9485
-38.8447
-38.7263
-38.5921
-38.4456
-38.2884
-38.1219
-37.9461
-37.7591
-37.5576
-37.3356
-37.0862
-36.8002
-36.4672
-36.0781
-35.6247
-35.1005
-34.5034
-33.8344
-33.0984
-32.3031
-31.4585
-30.5754
-29.6645
-28.7356
-27.7973
-26.8568
-25.9202
-24.9921
-24.0764
-23.1761
-22.2939
-21.4318
-20.5916
-19.7747
-18.9822
-18.2151
-17.474
-16.7591
-16.071
-15.4093
-14.7739
-14.1644
-13.5803
-13.0208
-12.4851
-11.9721
-11.4809
-11.0103
-10.5591
-10.1261
-9.71024
-9.31024
-8.92494
-8.55328
-8.19421
-7.8468
-7.51018
-7.18356
-6.86625
-6.55772
-6.25745
-5.96506
-5.68026
-5.40282
-5.13259
-4.8695
-4.6135
-4.36463
-4.12293
-3.8885
-3.66143
-3.44184
-3.22982
-3.0255
-2.82896
-2.6403
-2.45958
-2.28681
-2.12203
-1.9652
-1.81628
-1.67518
-1.54181
-1.41602
-1.29764
-1.18648
-1.08235
-0.984993
-0.894169
-0.809596
-0.730994
-0.658051
-0.590477
-0.527941
-0.470153
-0.416811
-0.367625
-0.322317
-0.280623
-0.242291
-0.207091
-0.1748
-0.145207
-0.118125
-0.0933755
-0.0707968
-0.0502394
-0.0315636
-0.0146409
0.00065042
0.0144257
0.0267896
0.0378381
0.0476643
0.0563532
0.0639908
0.0706561
0.0764217
0.0813498
0.0854995
0.088929
0.0916986
0.093867
0.0954824
0.0965825
0.0971984
0.0973721
0.0971601
0.0966155
0.0957623
0.0946088
0.0931639
0.091473
0.0896215
0.0876438
0.0855132
0.0832017
0.0807472
0.0782889
0.0758549
0.0733924
0.0708018
0.0681435
0.065641
0.0633079
0.0609725
0.0584863
0.0560873
0.05398
0.0520685
0.0499822
0.0478651
0.0460618
0.0445929
0.0429182
0.0411851
0.0397313
0.0386545
0.0372849
0.0358411
0.0349363
0.0340068
0.0327978
0.0318819
0.0311876
0.0302396
0.0295277
0.0286888
0.0277841
0.0275457
0.0262786
0.0254047
0.0252719
0.024524
0.0235239
0.0227033
0.0220417
0.021237
0.0205227
0.0194764
0.018344
0.0174472
0.0167478
0.0155108
0.0145236
0.0143749
0.0124949
0.00960401
0.0116358
0.0064055
0.0122127
0.00571293
0.00821616
0.00360326
0.00222706
0.00236629
0.000226509
-0.000612264
-38.849
-38.7588
-38.6634
-38.554
-38.4296
-38.293
-38.1466
-37.9913
-37.8274
-37.653
-37.4649
-37.2585
-37.0259
-36.7592
-36.4487
-36.0838
-35.6561
-35.1584
-34.5871
-33.9416
-33.226
-32.4472
-31.6146
-30.7389
-29.8311
-28.9015
-27.9596
-27.0134
-26.0696
-25.1333
-24.2089
-23.2999
-22.4091
-21.5387
-20.6907
-19.8666
-19.0677
-18.2947
-17.5486
-16.8297
-16.138
-15.4737
-14.8365
-14.2258
-13.6412
-13.0816
-12.5464
-12.0343
-11.5443
-11.0752
-10.6256
-10.1944
-9.78013
-9.38166
-8.99775
-8.62723
-8.26906
-7.92219
-7.58573
-7.25893
-6.94105
-6.63153
-6.3299
-6.03577
-5.7489
-5.46905
-5.19613
-4.93009
-4.67095
-4.41876
-4.17362
-3.93567
-3.70503
-3.48187
-3.26632
-3.05854
-2.85863
-2.66674
-2.48293
-2.30725
-2.13974
-1.98038
-1.82914
-1.68594
-1.55067
-1.42319
-1.30335
-1.19092
-1.08571
-0.987461
-0.895905
-0.810763
-0.731731
-0.658489
-0.590726
-0.528097
-0.470295
-0.417011
-0.367937
-0.322783
-0.281276
-0.243154
-0.208174
-0.176111
-0.14675
-0.119897
-0.0953729
-0.0730128
-0.0526667
-0.0341947
-0.0174665
-0.00236052
0.0112352
0.0234293
0.0343154
0.0439887
0.0525343
0.0600352
0.0665715
0.0722167
0.0770327
0.0810785
0.0844103
0.0870905
0.0891749
0.0907137
0.0917431
0.0922928
0.0924036
0.0921325
0.0915335
0.090634
0.0894378
0.0879543
0.0862257
0.0843348
0.0823317
0.0801857
0.0778593
0.0753828
0.0729
0.070467
0.0680148
0.0654337
0.0627797
0.0602828
0.0579899
0.0556901
0.0532327
0.0508696
0.0488264
0.0469914
0.0449497
0.0429199
0.0411704
0.0397647
0.0382078
0.0365345
0.0352504
0.0342074
0.0328941
0.0316253
0.0308338
0.0299515
0.0287933
0.0282206
0.0275476
0.0264931
0.0261449
0.0255269
0.0243582
0.0240826
0.0235667
0.0227149
0.0223153
0.0216284
0.0212043
0.0202255
0.0198413
0.018822
0.0182227
0.0174317
0.0169798
0.0156911
0.0151785
0.0142553
0.0126452
0.0116599
0.0133535
0.00946981
0.0114059
0.00574578
0.00781965
0.00452091
0.00637822
0.00551866
0.00631155
0.00341943
-0.000230665
0.000209224
-38.6611
-38.5792
-38.492
-38.3915
-38.2767
-38.1506
-38.015
-37.8709
-37.718
-37.5557
-37.3808
-37.1889
-36.9726
-36.7238
-36.4336
-36.0912
-35.6877
-35.2151
-34.6687
-34.0467
-33.3516
-32.5894
-31.7687
-30.9004
-29.9957
-29.0653
-28.1195
-27.1671
-26.2154
-25.2701
-24.3363
-23.4177
-22.5175
-21.6383
-20.7819
-19.9502
-19.1444
-18.3655
-17.6142
-16.891
-16.1961
-15.5292
-14.8903
-14.2788
-13.6939
-13.1348
-12.6005
-12.0898
-11.6015
-11.1344
-10.687
-10.2579
-9.84587
-9.44945
-9.06739
-8.69846
-8.34154
-7.99557
-7.6596
-7.33284
-7.0146
-6.70426
-6.4014
-6.10561
-5.81669
-5.53446
-5.25883
-4.98982
-4.72747
-4.4719
-4.22324
-3.98166
-3.74736
-3.52053
-3.30135
-3.09001
-2.88666
-2.69145
-2.50447
-2.32583
-2.15554
-1.99362
-1.84004
-1.69473
-1.55757
-1.42843
-1.30714
-1.19349
-1.08725
-0.988163
-0.895943
-0.810295
-0.730905
-0.657439
-0.589563
-0.52693
-0.469201
-0.416055
-0.367172
-0.322246
-0.280993
-0.243145
-0.208454
-0.176676
-0.147599
-0.121024
-0.0967707
-0.0746715
-0.0545766
-0.0363435
-0.0198447
-0.00495666
0.00843153
0.0204267
0.0311269
0.040622
0.0489991
0.0563417
0.0627289
0.068236
0.0729234
0.0768489
0.080069
0.0826444
0.0846318
0.0860811
0.0870291
0.0875029
0.0875419
0.0872011
0.086536
0.0855816
0.0843369
0.0828054
0.0810331
0.0790954
0.0770518
0.0748848
0.0725426
0.0700382
0.0675225
0.0650814
0.0626419
0.060064
0.0574143
0.0549121
0.0526511
0.0503944
0.0479676
0.0456381
0.0436474
0.041872
0.0399189
0.0379067
0.0362706
0.034924
0.0334957
0.031863
0.0306756
0.0297337
0.0285255
0.0273628
0.026659
0.0260333
0.0248285
0.0243087
0.02401
0.0229993
0.0224713
0.0220389
0.0214365
0.0209218
0.0202064
0.0201753
0.0197065
0.0188659
0.0185093
0.0177681
0.017388
0.0171069
0.0162378
0.0154731
0.014605
0.0146692
0.0130281
0.0134523
0.0122674
0.00963879
0.0107501
0.00832816
0.00955353
0.00859616
0.00712049
0.00547723
0.00412739
0.00249455
0.00344853
0.0010074
0.00311748
0.00219672
-38.4833
-38.4094
-38.33
-38.2382
-38.133
-38.017
-37.892
-37.759
-37.6181
-37.468
-37.3057
-37.1271
-36.9263
-36.6945
-36.4231
-36.1016
-35.7207
-35.2716
-34.7487
-34.1493
-33.4742
-32.7286
-31.9205
-31.0598
-30.1582
-29.227
-28.2769
-27.3177
-26.3573
-25.4024
-24.4583
-23.5293
-22.6191
-21.7302
-20.8649
-20.0251
-19.2121
-18.427
-17.6704
-16.9429
-16.2446
-15.5755
-14.9351
-14.323
-13.7382
-13.18
-12.6471
-12.1384
-11.6524
-11.1878
-10.7431
-10.3169
-9.90751
-9.51367
-9.13397
-8.76708
-8.41182
-8.06708
-7.73194
-7.4055
-7.08709
-6.77612
-6.47211
-6.17475
-5.88382
-5.5992
-5.32084
-5.04881
-4.78318
-4.52413
-4.27185
-4.02654
-3.78848
-3.55787
-3.33495
-3.11994
-2.91304
-2.71442
-2.52421
-2.34252
-2.1694
-2.00488
-1.84894
-1.7015
-1.56246
-1.43168
-1.30897
-1.19414
-1.08692
-0.987056
-0.894242
-0.808164
-0.728492
-0.654879
-0.586974
-0.524416
-0.46685
-0.413928
-0.365316
-0.320698
-0.279773
-0.242267
-0.207922
-0.176494
-0.147755
-0.121508
-0.0975709
-0.075775
-0.0559697
-0.0380144
-0.0217779
-0.00714127
0.00600974
0.0177799
0.0282677
0.0375607
0.0457463
0.0529083
0.0591274
0.0644763
0.0690181
0.072808
0.0759023
0.0783583
0.080235
0.0815828
0.082438
0.0828273
0.0827852
0.0823646
0.0816234
0.0806032
0.0793037
0.0777188
0.0758923
0.0739008
0.071809
0.0696105
0.0672444
0.0647148
0.0621581
0.0596969
0.057268
0.0546943
0.0520439
0.0495309
0.0472787
0.0450852
0.0426981
0.0403829
0.038423
0.0367002
0.0348412
0.0328725
0.0313162
0.0300625
0.0286868
0.0271767
0.0260666
0.0251898
0.0241809
0.0231215
0.0225305
0.0218767
0.021013
0.0205812
0.0200633
0.0194778
0.0191337
0.0185764
0.0180873
0.0181025
0.0173746
0.0171953
0.0168564
0.0163418
0.0159658
0.0156013
0.0150207
0.0149532
0.0141168
0.0136288
0.013126
0.0128532
0.0122478
0.00967391
0.0119001
0.00955466
0.0100389
0.00827398
0.0063811
0.00691355
0.00542433
0.00661032
0.00521506
0.00430744
0.00170039
0.000740527
0.0014911
-0.000209709
-38.3149
-38.2484
-38.1767
-38.0935
-37.9978
-37.8921
-37.7778
-37.6559
-37.5262
-37.3881
-37.2385
-37.0731
-36.886
-36.6697
-36.4158
-36.1137
-35.7537
-35.327
-34.827
-34.2492
-33.5941
-32.8649
-32.0689
-31.2162
-30.3179
-29.3859
-28.4313
-27.4648
-26.4952
-25.5299
-24.5747
-23.6346
-22.7134
-21.8143
-20.9394
-20.091
-19.2704
-18.4787
-17.7167
-16.9849
-16.2834
-15.612
-14.9705
-14.3581
-13.7739
-13.217
-12.6862
-12.1799
-11.6969
-11.2354
-10.7941
-10.3712
-9.9651
-9.5744
-9.19757
-8.8332
-8.48003
-8.13694
-7.80291
-7.47707
-7.15871
-6.84725
-6.54223
-6.24339
-5.95048
-5.66346
-5.38233
-5.1072
-4.83819
-4.57556
-4.31954
-4.07039
-3.82842
-3.59391
-3.36713
-3.14833
-2.93777
-2.73564
-2.54211
-2.3573
-2.18131
-2.01414
-1.8558
-1.70622
-1.56529
-1.43288
-1.3088
-1.19281
-1.08467
-0.984089
-0.890753
-0.804325
-0.724458
-0.65079
-0.582946
-0.520552
-0.46323
-0.410613
-0.362355
-0.318126
-0.27761
-0.240517
-0.206582
-0.175559
-0.147218
-0.121351
-0.0977781
-0.0763292
-0.0568528
-0.0392097
-0.0232714
-0.00891742
0.0039675
0.0154855
0.025734
0.0348014
0.0427734
0.0497331
0.055764
0.0609368
0.0653147
0.0689537
0.071907
0.0742305
0.0759837
0.077217
0.077969
0.0782632
0.0781306
0.0776217
0.0767961
0.0756987
0.0743368
0.0726926
0.0708014
0.0687485
0.0666031
0.0643656
0.0619657
0.0594052
0.0568124
0.0543099
0.051884
0.0493239
0.0466588
0.0441386
0.0418856
0.0397471
0.0374046
0.0350975
0.0331539
0.0314871
0.029714
0.0278212
0.026316
0.025146
0.023844
0.0224465
0.0213983
0.0207141
0.0197527
0.0188205
0.0184017
0.017769
0.0169881
0.0168274
0.0164149
0.0156006
0.0157218
0.0153812
0.0148668
0.0148993
0.0146002
0.0143217
0.0138428
0.0138256
0.0137021
0.0132485
0.0129198
0.0125015
0.0126106
0.0111934
0.0117501
0.0101897
0.0115789
0.00942132
0.00852374
0.0095891
0.00643614
0.00999554
0.00562283
0.00749526
0.00335223
0.00516658
0.00226248
0.00416242
0.00288202
0.0039832
0.0012079
-0.000126589
-38.1549
-38.0956
-38.0314
-37.9565
-37.8703
-37.7748
-37.6713
-37.5608
-37.4428
-37.316
-37.1783
-37.0258
-36.8523
-36.6505
-36.4122
-36.128
-35.7879
-35.3817
-34.9029
-34.3461
-33.71
-32.9974
-32.2141
-31.3694
-30.4745
-29.5415
-28.5824
-27.6083
-26.6288
-25.6522
-24.6852
-23.7331
-22.8002
-21.89
-21.005
-20.1474
-19.3188
-18.5203
-17.7527
-17.0165
-16.3118
-15.6386
-14.9961
-14.3838
-13.8007
-13.2457
-12.7174
-12.2142
-11.7347
-11.2771
-10.8397
-10.4208
-10.0187
-9.63175
-9.25831
-8.89696
-8.54636
-8.20531
-7.87273
-7.54778
-7.2297
-6.91791
-6.61201
-6.31171
-6.01686
-5.7274
-5.44345
-5.16513
-4.89266
-4.62632
-4.36642
-4.11329
-3.86727
-3.6287
-3.3979
-3.17519
-2.96084
-2.7551
-2.55816
-2.37015
-2.1912
-2.02134
-1.86056
-1.70882
-1.56601
-1.43199
-1.30654
-1.18945
-1.08044
-0.979211
-0.88543
-0.798739
-0.718772
-0.645148
-0.577459
-0.515316
-0.458327
-0.406105
-0.358287
-0.314525
-0.274498
-0.237893
-0.204437
-0.173881
-0.145991
-0.120558
-0.0973958
-0.076338
-0.0572305
-0.0399359
-0.0243285
-0.0102869
0.00230221
0.0135404
0.0235235
0.0323408
0.0400754
0.0468138
0.0526359
0.0576141
0.0618107
0.0652825
0.0680804
0.0702585
0.071875
0.0729828
0.07362
0.0738086
0.0735757
0.0729694
0.0720526
0.0708687
0.0694327
0.0677248
0.0657624
0.0636381
0.0614316
0.0591481
0.0567106
0.0541106
0.0514743
0.0489296
0.0464858
0.0439397
0.0412597
0.0387261
0.0364786
0.0343664
0.0320749
0.0297787
0.0278592
0.0262562
0.0245416
0.0227519
0.0212651
0.0202034
0.018971
0.0177195
0.0167518
0.0161321
0.0153146
0.0144866
0.0141145
0.0136833
0.0130579
0.0127907
0.0126336
0.012221
0.0120793
0.0119165
0.0118983
0.0117065
0.0114134
0.0114214
0.0111837
0.0111998
0.0112784
0.011048
0.0105379
0.0101121
0.0102649
0.0103869
0.00924355
0.00937488
0.0073985
0.010424
0.00659731
0.00949574
0.0049614
0.00702098
0.00497767
0.00605949
0.00497426
0.00529558
0.00289523
0.00216397
0.00172763
0.00123382
0.000865553
0.00118082
-38.0025
-37.95
-37.8931
-37.8266
-37.7497
-37.6644
-37.5718
-37.4722
-37.3655
-37.2508
-37.1249
-36.9842
-36.8237
-36.6361
-36.413
-36.1444
-35.8218
-35.4352
-34.9764
-34.4395
-33.8221
-33.1255
-32.3546
-31.5182
-30.6271
-29.6933
-28.7295
-27.7474
-26.7575
-25.7691
-24.7893
-23.8244
-22.879
-21.9569
-21.0612
-20.1938
-19.3568
-18.5511
-17.7779
-17.0373
-16.3297
-15.6546
-15.0116
-14.3998
-13.8183
-13.2657
-12.7405
-12.2411
-11.7658
-11.3128
-10.8801
-10.4659
-10.0684
-9.68579
-9.31635
-8.95857
-8.61101
-8.2724
-7.94166
-7.61788
-7.30029
-6.98835
-6.68166
-6.37995
-6.08314
-5.79124
-5.50438
-5.22278
-4.94672
-4.67653
-4.41259
-4.1553
-3.90507
-3.66228
-3.42732
-3.20055
-2.98228
-2.7728
-2.57232
-2.38103
-2.19905
-2.02644
-1.86319
-1.70927
-1.56457
-1.42893
-1.30216
-1.18401
-1.07418
-0.972374
-0.878227
-0.791365
-0.711395
-0.637903
-0.570477
-0.508683
-0.452121
-0.400391
-0.353105
-0.309896
-0.270431
-0.234391
-0.201488
-0.171463
-0.144083
-0.119134
-0.0964298
-0.0758052
-0.0571059
-0.0401968
-0.0249534
-0.0112548
0.00100881
0.0119395
0.0216322
0.0301742
0.0376502
0.0441462
0.0497401
0.0545047
0.0585027
0.0617912
0.064419
0.0664387
0.0679063
0.0688768
0.0693878
0.0694606
0.0691193
0.0684078
0.0673898
0.0661122
0.0645911
0.0628116
0.0607756
0.0585711
0.0562906
0.0539542
0.051478
0.0488311
0.0461408
0.0435469
0.0410827
0.0385341
0.0358531
0.033284
0.0310422
0.0289494
0.0267046
0.0244338
0.0225351
0.0209998
0.0193544
0.0176225
0.0162073
0.0152128
0.0141178
0.0129242
0.0121469
0.0115047
0.0107745
0.0101314
0.00989551
0.00943729
0.00910759
0.00897706
0.0087133
0.0086711
0.00879355
0.00841311
0.00860598
0.00867188
0.00833875
0.00848784
0.00862938
0.00860118
0.00840297
0.00858373
0.00836561
0.00833434
0.00775982
0.00831162
0.00720884
0.00824541
0.00699113
0.00661129
0.00706483
0.00522194
0.00806161
0.00386981
0.00665431
0.00213123
0.00471079
0.00285269
0.00438852
0.00356681
0.00229435
-6.37408e-05
0.00025398
8.35888e-05
-37.8565
-37.8108
-37.7611
-37.7028
-37.6353
-37.5602
-37.4784
-37.3901
-37.2949
-37.1915
-37.0774
-36.9488
-36.8003
-36.6251
-36.4159
-36.1633
-35.8571
-35.4882
-35.0479
-34.5295
-33.9296
-33.2484
-32.4901
-31.6622
-30.7749
-29.8405
-28.872
-27.8816
-26.8809
-25.8799
-24.8867
-23.9082
-22.9493
-22.0147
-21.1074
-20.2298
-19.3839
-18.5709
-17.7917
-17.0468
-16.3362
-15.6596
-15.0163
-14.4056
-13.8261
-13.2765
-12.7553
-12.2604
-11.7901
-11.3424
-10.9151
-10.5064
-10.1143
-9.73666
-9.37186
-9.01822
-8.6742
-8.33849
-8.00993
-7.68761
-7.37075
-7.05881
-6.75143
-6.44837
-6.14959
-5.85519
-5.56534
-5.28032
-5.00051
-4.7263
-4.45815
-4.19652
-3.94189
-3.69471
-3.45542
-3.22442
-3.00208
-2.78872
-2.5846
-2.38992
-2.20482
-2.02938
-1.86362
-1.70749
-1.56089
-1.42366
-1.29558
-1.17641
-1.06584
-0.963522
-0.869093
-0.78215
-0.702274
-0.629016
-0.561951
-0.500622
-0.444598
-0.393461
-0.346803
-0.304242
-0.265424
-0.230023
-0.197743
-0.168314
-0.141498
-0.117085
-0.0948868
-0.0747377
-0.0564862
-0.0399982
-0.0251506
-0.0118273
8.12107e-05
0.0106781
0.0200548
0.0282978
0.0354942
0.0417264
0.0470723
0.0516049
0.0553886
0.0584776
0.0609213
0.0627685
0.0640753
0.0648967
0.0652698
0.0652177
0.0647604
0.0639356
0.0628064
0.0614258
0.0598116
0.0579504
0.0558376
0.0535478
0.051181
0.0487768
0.0462608
0.0435645
0.0408124
0.0381587
0.0356683
0.0331184
0.0304338
0.0278206
0.0255613
0.0235019
0.0213087
0.0190607
0.0171845
0.0156984
0.0141473
0.0124681
0.0111276
0.0102154
0.00921596
0.00815261
0.00738592
0.0069414
0.00626844
0.0057227
0.00565455
0.00536664
0.00496238
0.00519373
0.00512496
0.00489712
0.00525578
0.00528514
0.00520308
0.00533079
0.00554777
0.00581784
0.00568059
0.00581404
0.00591343
0.00599169
0.00613082
0.00576054
0.00666813
0.00582432
0.00596017
0.0050141
0.00719851
0.00444625
0.00684487
0.00321488
0.00593381
0.00323272
0.00577939
0.00346554
0.00418304
0.00189259
0.00197131
0.00224032
0.00203167
0.00238489
0.00137491
-0.000111501
-37.7161
-37.6772
-37.6346
-37.5845
-37.5263
-37.4613
-37.3901
-37.313
-37.2292
-37.1373
-37.0346
-36.9174
-36.7806
-36.6177
-36.4211
-36.1824
-35.8914
-35.5385
-35.1156
-34.6149
-34.0319
-33.3661
-32.6197
-31.8003
-30.917
-29.9822
-29.0089
-28.0102
-26.9983
-25.9841
-24.9768
-23.9837
-23.0107
-22.0628
-21.1432
-20.2548
-19.3996
-18.5789
-17.7937
-17.0444
-16.3309
-15.653
-15.01
-14.4007
-13.824
-13.2781
-12.7614
-12.2718
-11.8073
-11.3658
-10.9448
-10.5424
-10.1563
-9.78449
-9.42502
-9.07611
-8.73618
-8.40382
-8.07785
-7.75729
-7.44139
-7.12961
-6.82162
-6.51724
-6.21648
-5.91949
-5.62652
-5.33794
-5.05419
-4.77579
-4.50322
-4.23705
-3.97782
-3.72605
-3.48223
-3.24683
-3.02025
-2.80286
-2.59495
-2.39676
-2.20846
-2.03013
-1.8618
-1.70343
-1.55492
-1.41611
-1.28676
-1.16661
-1.05534
-0.952596
-0.857973
-0.771044
-0.691365
-0.61846
-0.551866
-0.491119
-0.435746
-0.385309
-0.339382
-0.297561
-0.259478
-0.224796
-0.193207
-0.164437
-0.138245
-0.11442
-0.0927757
-0.0731432
-0.0553777
-0.0393468
-0.0249269
-0.01201
-0.00048295
0.00975164
0.0187867
0.0267085
0.0336026
0.03955
0.0446287
0.0489109
0.0524636
0.0553385
0.0575843
0.0592466
0.0603802
0.0610397
0.0612648
0.0610777
0.0604972
0.0595516
0.0582998
0.0568075
0.0550922
0.0531415
0.0509455
0.0485635
0.0461041
0.0436196
0.0410519
0.0383087
0.035491
0.0327656
0.0302403
0.027688
0.0249973
0.0223432
0.0200533
0.0180184
0.0158876
0.0136617
0.0117989
0.0103619
0.00890078
0.00728669
0.00602627
0.0051852
0.00426676
0.00330029
0.00265219
0.00225429
0.00180923
0.00139734
0.00131769
0.00122659
0.00108858
0.00121117
0.00133594
0.00143625
0.00152451
0.00188522
0.00208834
0.002066
0.00251394
0.00296956
0.00315869
0.00293476
0.00326959
0.00380009
0.00428522
0.00361983
0.00368042
0.00491975
0.00432863
0.00413466
0.00387474
0.00447846
0.0035847
0.00547725
0.00276031
0.00420663
0.00172499
0.0038884
0.00282233
0.00346424
0.00246071
0.00112779
0.000920201
0.00103917
0.000699861
0.00090922
-37.5804
-37.5482
-37.5128
-37.4708
-37.4218
-37.3668
-37.3063
-37.2401
-37.1675
-37.0867
-36.9953
-36.8893
-36.7639
-36.6129
-36.4285
-36.2022
-35.9253
-35.5875
-35.1802
-34.6957
-34.1284
-33.477
-32.7426
-31.9317
-31.0527
-30.1176
-29.1397
-28.1325
-27.1091
-26.0812
-25.0589
-24.0505
-23.0627
-22.1005
-21.168
-20.2682
-19.4031
-18.5745
-17.7831
-17.0294
-16.3133
-15.6345
-14.992
-14.3848
-13.8114
-13.27
-12.7587
-12.2753
-11.8175
-11.3829
-10.9692
-10.5739
-10.1947
-9.82945
-9.47601
-9.13251
-8.79723
-8.46871
-8.1457
-7.82724
-7.51253
-7.20108
-6.89255
-6.58687
-6.28407
-5.98439
-5.68817
-5.39586
-5.10799
-4.82515
-4.54795
-4.277
-4.01293
-3.75634
-3.50779
-3.26778
-3.03679
-2.8152
-2.60337
-2.40154
-2.20993
-2.02862
-1.85767
-1.69702
-1.54659
-1.40619
-1.2756
-1.15453
-1.04264
-0.939539
-0.844811
-0.758003
-0.678631
-0.606201
-0.540206
-0.480158
-0.425555
-0.375929
-0.330837
-0.289855
-0.252596
-0.218711
-0.187885
-0.159842
-0.134336
-0.111151
-0.0901049
-0.0710316
-0.0537891
-0.0382483
-0.0242906
-0.0118069
-0.000692032
0.00915502
0.0178244
0.0254019
0.031971
0.0376128
0.0424041
0.046419
0.049723
0.0523696
0.0544035
0.0558686
0.0568172
0.0573039
0.0573702
0.0570393
0.0563252
0.0552518
0.0538702
0.0522547
0.0504323
0.0483828
0.046098
0.0436159
0.0410559
0.0384845
0.0358538
0.0330599
0.0301759
0.027375
0.0247926
0.0222338
0.0195387
0.0168521
0.0145224
0.0124983
0.0104278
0.00823251
0.00637123
0.00496518
0.00360416
0.00206454
0.000854249
8.3982e-05
-0.000713173
-0.00161709
-0.00213724
-0.00237578
-0.00279523
-0.00293791
-0.00292556
-0.00300153
-0.00289961
-0.00258454
-0.0026533
-0.00227997
-0.0017113
-0.00181321
-0.00121826
-0.000696634
-0.000490538
-0.000163581
0.000342397
0.00100814
0.000677983
0.00127887
0.00194798
0.00248036
0.00126077
0.00264084
0.00303193
0.00241875
0.00282313
0.00307281
0.00206448
0.00335621
0.00248818
0.00355231
0.00232561
0.00235765
0.00108228
0.00173179
0.00234255
0.0020747
0.00191802
-0.000281047
-0.000104642
0.000548108
-37.4484
-37.4233
-37.395
-37.3611
-37.3212
-37.276
-37.2259
-37.1705
-37.1089
-37.0393
-36.9588
-36.8639
-36.7492
-36.6089
-36.4361
-36.2218
-35.9575
-35.6334
-35.2406
-34.7711
-34.2186
-33.5809
-32.8581
-32.0554
-31.1808
-30.2457
-29.2632
-28.2476
-27.2125
-26.1703
-25.1325
-24.108
-23.1043
-22.1272
-21.181
-20.2692
-19.3939
-18.557
-17.7592
-17.0012
-16.2827
-15.6032
-14.9618
-14.3573
-13.788
-13.2518
-12.7468
-12.2704
-11.8203
-11.3937
-10.9881
-10.6009
-10.2296
-9.87174
-9.52511
-9.18767
-8.85765
-8.53348
-8.21388
-7.89781
-7.58453
-7.27355
-6.96458
-6.65757
-6.35267
-6.05018
-5.75056
-5.45432
-5.1621
-4.87458
-4.59247
-4.31649
-4.04733
-3.78568
-3.53214
-3.28731
-3.05169
-2.82574
-2.60982
-2.40422
-2.20918
-2.02481
-1.85116
-1.6882
-1.53582
-1.39385
-1.26205
-1.1401
-1.02765
-0.924287
-0.829558
-0.742978
-0.664036
-0.592205
-0.526937
-0.467712
-0.414006
-0.365312
-0.321163
-0.281121
-0.244781
-0.211778
-0.181793
-0.154544
-0.129779
-0.107288
-0.0868851
-0.068412
-0.0517301
-0.0367116
-0.0232478
-0.011228
-0.000551297
0.00888128
0.017161
0.0243709
0.030594
0.0359095
0.0403953
0.0441246
0.0471636
0.0495663
0.0513745
0.0526305
0.0533833
0.0536861
0.0535832
0.0530979
0.052241
0.0510316
0.0495173
0.047768
0.0458271
0.0436734
0.0412913
0.0387072
0.0360335
0.0333683
0.0306628
0.0278179
0.0248585
0.0219783
0.0193232
0.0167516
0.0140552
0.0113343
0.00895867
0.00693616
0.00491625
0.00275725
0.000891234
-0.000489015
-0.00176623
-0.0032124
-0.00436552
-0.00508594
-0.00576031
-0.00652397
-0.00696356
-0.00706661
-0.00729562
-0.00745574
-0.00722249
-0.00706257
-0.00710012
-0.00655505
-0.00625941
-0.00606981
-0.0053331
-0.00486973
-0.00457792
-0.00392124
-0.00326658
-0.00299143
-0.00258776
-0.00165526
-0.00108073
-0.00135441
-0.000507499
-1.1361e-05
0.000513385
-0.000229537
0.00187264
0.000248205
0.00108501
0.00170163
0.00199664
0.00133765
0.00166182
0.00123427
0.00193401
0.00214046
0.00135279
0.00148369
7.30289e-05
0.00115835
0.00117239
0.000940823
0.00128765
0.000119172
-37.3195
-37.3017
-37.2806
-37.2547
-37.2237
-37.1881
-37.1481
-37.1032
-37.0522
-36.9933
-36.9235
-36.8389
-36.7349
-36.6052
-36.4429
-36.24
-35.9873
-35.6758
-35.2962
-34.8405
-34.3018
-33.6771
-32.9654
-32.1708
-31.3005
-30.3654
-29.3787
-28.3545
-27.3073
-26.2507
-25.1967
-24.1554
-23.1351
-22.1422
-21.1816
-20.257
-19.3711
-18.5256
-17.7214
-16.9591
-16.2383
-15.5586
-14.9189
-14.3177
-13.7532
-13.2232
-12.7254
-12.2571
-11.8156
-11.3981
-11.0017
-10.6236
-10.2611
-9.91155
-9.57255
-9.24195
-8.91781
-8.59853
-8.28274
-7.96943
-7.65782
-7.34743
-7.03806
-6.72972
-6.42264
-6.11719
-5.81395
-5.51355
-5.21672
-4.92426
-4.63695
-4.35565
-4.08111
-3.81411
-3.55533
-3.30543
-3.06497
-2.83445
-2.61427
-2.40477
-2.20616
-2.01862
-1.84221
-1.67688
-1.52255
-1.37901
-1.24603
-1.12325
-1.01031
-0.906773
-0.812149
-0.72592
-0.647538
-0.576437
-0.512034
-0.45377
-0.401084
-0.353448
-0.310364
-0.271368
-0.236043
-0.204012
-0.174945
-0.148553
-0.124589
-0.102841
-0.0831277
-0.0652954
-0.0492088
-0.0347484
-0.021807
-0.0102803
-6.84479e-05
0.00892473
0.0167886
0.0236079
0.0294631
0.0344337
0.038596
0.0420233
0.0447813
0.0469246
0.048494
0.049529
0.0500756
0.0501841
0.0499002
0.0492508
0.0482425
0.0468897
0.0452371
0.0433467
0.0412746
0.0390096
0.0365229
0.0338367
0.0310399
0.028265
0.0254776
0.0225744
0.0195412
0.0165633
0.0138325
0.0112367
0.00854197
0.00578666
0.0033531
0.0013293
-0.000651939
-0.0027666
-0.00464181
-0.00598553
-0.0071894
-0.00855827
-0.00961563
-0.0102789
-0.0108519
-0.0114762
-0.0117492
-0.0118279
-0.0118908
-0.011881
-0.0116473
-0.0113459
-0.0110438
-0.0106439
-0.0100381
-0.00948355
-0.00902668
-0.00834564
-0.00749009
-0.00727136
-0.00648657
-0.00575814
-0.00505627
-0.00470352
-0.00356056
-0.00340745
-0.00297055
-0.0019261
-0.00179616
-0.00168579
-0.0013312
0.0006618
-0.00158184
0.000718388
-0.000198544
0.00103411
0.000621801
0.00108141
-0.000144885
0.000777287
0.000437411
0.00198488
0.000632059
0.000803194
-0.000425098
0.000715349
0.000915041
0.000571554
-37.1931
-37.183
-37.1692
-37.1511
-37.1288
-37.1025
-37.0723
-37.0375
-36.9968
-36.9481
-36.8886
-36.8143
-36.7202
-36.6006
-36.4481
-36.2557
-36.0141
-35.714
-35.3466
-34.9037
-34.3776
-33.7647
-33.0633
-32.2766
-31.4109
-30.4761
-29.4851
-28.4525
-27.3932
-26.3217
-25.2509
-24.192
-23.1541
-22.1446
-21.1689
-20.231
-19.3339
-18.4795
-17.6688
-16.9022
-16.1796
-15.5001
-14.8626
-14.2654
-13.7066
-13.1837
-12.6941
-12.235
-11.8034
-11.3961
-11.01
-10.6422
-10.2895
-9.94917
-9.61868
-9.29567
-8.97811
-8.66427
-8.35277
-8.04252
-7.73281
-7.42316
-7.11342
-6.8037
-6.49431
-6.18574
-5.87865
-5.57382
-5.27209
-4.97436
-4.68156
-4.39461
-4.11438
-3.84172
-3.57742
-3.32219
-3.07664
-2.84133
-2.6167
-2.40312
-2.20083
-2.01001
-1.83075
-1.66301
-1.50669
-1.36159
-1.22745
-1.1039
-0.990558
-0.886938
-0.792532
-0.706778
-0.629091
-0.558861
-0.495469
-0.438312
-0.38679
-0.34034
-0.298445
-0.260612
-0.2264
-0.195429
-0.167355
-0.141888
-0.11878
-0.0978254
-0.0788442
-0.0616897
-0.0462353
-0.0323652
-0.0199762
-0.00897044
0.000749743
0.00927686
0.0167004
0.0231053
0.0285717
0.0331785
0.0369999
0.0401087
0.0425704
0.04444
0.0457581
0.0465611
0.0468912
0.0467956
0.0463197
0.0454949
0.044328
0.0428268
0.0410269
0.0389886
0.0367747
0.0343894
0.0317912
0.0289968
0.0260766
0.0231748
0.0202946
0.0173263
0.0142193
0.0111422
0.00831579
0.00568501
0.00298671
0.000211503
-0.00228498
-0.00432893
-0.00626348
-0.00833734
-0.0102083
-0.0115389
-0.0126603
-0.0139178
-0.0149391
-0.015504
-0.0159706
-0.0164405
-0.0166783
-0.0165517
-0.0166033
-0.0163948
-0.0159655
-0.0157431
-0.0151595
-0.0143837
-0.0140387
-0.0131891
-0.0123446
-0.0119644
-0.010963
-0.010167
-0.00959911
-0.00864217
-0.0079083
-0.00704828
-0.00652471
-0.00516482
-0.00578335
-0.00366195
-0.00371031
-0.00341775
-0.00314503
-0.00162223
-0.00155051
-0.00145199
-0.000403759
-0.00162917
-0.0001655
-0.000369449
0.000887928
-0.000536486
8.23582e-05
-0.000623809
0.000871048
0.000648625
0.000612701
0.000118367
-0.000889066
0.000180544
-37.0686
-37.0666
-37.0602
-37.0499
-37.036
-37.0187
-36.9977
-36.9725
-36.9416
-36.9029
-36.8532
-36.7885
-36.7039
-36.5938
-36.4511
-36.2681
-36.0365
-35.7471
-35.3909
-34.9595
-34.445
-33.8433
-33.1519
-32.3725
-31.5111
-30.5765
-29.5813
-28.5403
-27.4688
-26.3821
-25.294
-24.2168
-23.1607
-22.1337
-21.142
-20.1902
-19.2815
-18.4178
-17.6005
-16.8298
-16.1055
-15.4267
-14.7921
-14.1998
-13.6476
-13.1329
-12.6527
-12.204
-11.7834
-11.3876
-11.0131
-10.6566
-10.3149
-9.98487
-9.66384
-9.34925
-9.03897
-8.73118
-8.42441
-8.1176
-7.80999
-7.50119
-7.19111
-6.87994
-6.56809
-6.25619
-5.945
-5.63544
-5.32849
-5.02514
-4.72649
-4.43352
-4.14725
-3.86861
-3.59847
-3.33761
-3.08671
-2.84637
-2.61708
-2.39923
-2.19311
-1.9989
-1.8167
-1.64649
-1.48816
-1.34151
-1.20623
-1.08198
-0.968306
-0.864713
-0.770643
-0.685501
-0.608653
-0.539447
-0.477219
-0.42132
-0.371113
-0.325996
-0.285412
-0.248857
-0.215865
-0.186041
-0.159039
-0.134566
-0.112371
-0.0922586
-0.0740499
-0.0576098
-0.0428198
-0.0295701
-0.0177637
-0.00730601
0.00189474
0.00993047
0.0168895
0.0228563
0.0279129
0.0321369
0.0356005
0.0383743
0.0405245
0.0421073
0.0431624
0.0437229
0.0438271
0.0435172
0.0428398
0.0418288
0.0404952
0.0388389
0.0368843
0.0346915
0.0323256
0.0298099
0.0270951
0.0241832
0.0211377
0.0181002
0.0151113
0.0120707
0.0088924
0.00571416
0.0027788
8.88855e-05
-0.00260661
-0.0053998
-0.00796045
-0.0100409
-0.0119356
-0.0139597
-0.0158108
-0.0171407
-0.018185
-0.0193277
-0.0202835
-0.0207916
-0.0211245
-0.0214967
-0.021603
-0.0214282
-0.0212119
-0.0210371
-0.0204147
-0.0198687
-0.0193473
-0.018448
-0.0176661
-0.0170444
-0.0160819
-0.0150434
-0.0145396
-0.0133309
-0.0123304
-0.0115006
-0.0105495
-0.00984169
-0.00871081
-0.0077887
-0.00706214
-0.00715019
-0.00454733
-0.00576701
-0.00369461
-0.0042069
-0.00255329
-0.00369422
-0.000927379
-0.00256381
-0.00102722
-0.00237047
-0.000215251
-0.00103588
0.000446452
-0.000795559
-0.000451128
-0.00113387
0.000619734
-3.77823e-05
0.000138633
0.00014143
-36.9458
-36.9523
-36.9534
-36.9507
-36.9449
-36.936
-36.9239
-36.9078
-36.8861
-36.8566
-36.8161
-36.7605
-36.6851
-36.5839
-36.45
-36.2761
-36.0539
-35.7742
-35.4279
-35.0072
-34.5035
-33.9121
-33.2297
-32.4574
-31.6002
-30.6657
-29.6668
-28.6175
-27.5336
-26.4312
-25.3254
-24.2291
-23.1539
-22.1086
-21.1002
-20.1338
-19.2129
-18.3397
-17.5157
-16.741
-16.0153
-15.3378
-14.7068
-14.1202
-13.5757
-13.0703
-12.6008
-12.1638
-11.7556
-11.3725
-11.0109
-10.6671
-10.3375
-10.019
-9.7084
-9.40314
-9.10091
-8.79979
-8.49824
-8.19518
-7.88991
-7.58208
-7.27164
-6.95891
-6.64444
-6.32894
-6.01335
-5.69872
-5.38615
-5.07682
-4.77191
-4.47255
-4.17986
-3.89488
-3.61855
-3.35173
-3.09519
-2.84956
-2.61538
-2.39307
-2.18295
-1.98523
-1.8
-1.62726
-1.46688
-1.31867
-1.1823
-1.0574
-0.943486
-0.840024
-0.746423
-0.662036
-0.586185
-0.518163
-0.457263
-0.402785
-0.354043
-0.310406
-0.271275
-0.236116
-0.204452
-0.175871
-0.150022
-0.126606
-0.105384
-0.0861547
-0.0687623
-0.0530732
-0.0389753
-0.0263754
-0.0151773
-0.00529584
0.00335959
0.0108781
0.0173481
0.0228542
0.0274802
0.0313014
0.0343889
0.0368119
0.0386371
0.0399202
0.0407009
0.0410092
0.0408774
0.0403446
0.0394572
0.038252
0.036741
0.0349213
0.0328067
0.0304535
0.0279266
0.0252671
0.0224322
0.0193973
0.0162213
0.0130402
0.00992735
0.00680555
0.0035553
0.000275182
-0.00278033
-0.00554318
-0.0082498
-0.0110517
-0.0136904
-0.0158219
-0.0176776
-0.0196315
-0.0214778
-0.0227851
-0.0237655
-0.0247991
-0.0256931
-0.0260744
-0.0263387
-0.0266066
-0.0265275
-0.0262685
-0.0259826
-0.0255212
-0.0249115
-0.0241522
-0.0233083
-0.0225573
-0.0216572
-0.0204772
-0.0198114
-0.0186879
-0.0173975
-0.0166114
-0.0152192
-0.0143574
-0.0131787
-0.0123311
-0.0112586
-0.0101511
-0.00895814
-0.00914093
-0.00718584
-0.00615121
-0.00722285
-0.00428917
-0.00492444
-0.00405868
-0.0041157
-0.0025135
-0.00264048
-0.00164472
-0.0027069
-0.00170368
-0.00144275
0.000238662
-0.000489619
-0.0011832
-0.000950853
-0.00093093
0.000741238
0.000540271
-36.8244
-36.8399
-36.8485
-36.8532
-36.8551
-36.8543
-36.8505
-36.8427
-36.8296
-36.8086
-36.7766
-36.7297
-36.6625
-36.5696
-36.4441
-36.2787
-36.0649
-35.7943
-35.4575
-35.0465
-34.5526
-33.9706
-33.2966
-32.5309
-31.6772
-30.7431
-29.7403
-28.6828
-27.5865
-26.4684
-25.3441
-24.2282
-23.133
-22.0685
-21.0425
-20.0608
-19.1271
-18.2442
-17.4132
-16.6347
-15.9082
-15.2324
-14.6057
-14.0259
-13.4902
-12.9954
-12.5379
-12.114
-11.7197
-11.3509
-11.0036
-10.6739
-10.3578
-10.0518
-9.75283
-9.45785
-9.16448
-8.87065
-8.57484
-8.27592
-7.9732
-7.66639
-7.35556
-7.04115
-6.72379
-6.40441
-6.08408
-5.76398
-5.44539
-5.12965
-4.81805
-4.51187
-4.21234
-3.92061
-3.63772
-3.36461
-3.1021
-2.85089
-2.61157
-2.38459
-2.1703
-1.96891
-1.78055
-1.60521
-1.44276
-1.29299
-1.15556
-1.03008
-0.916015
-0.812805
-0.719809
-0.63633
-0.56164
-0.494976
-0.435579
-0.382694
-0.335588
-0.293581
-0.256043
-0.222409
-0.192185
-0.164943
-0.140324
-0.118034
-0.0978341
-0.0795363
-0.0629972
-0.0480899
-0.0347174
-0.0227923
-0.0122294
-0.00294832
0.00513565
0.0121128
0.0180687
0.0230918
0.0272651
0.0306635
0.033357
0.0354144
0.0369013
0.0378723
0.0383667
0.0384125
0.0380361
0.037273
0.0361682
0.03476
0.0330623
0.0310707
0.028792
0.0262733
0.0235798
0.0207618
0.0177973
0.0146378
0.0113259
0.00799453
0.00474128
0.00152514
-0.0017995
-0.00518032
-0.00836042
-0.0112153
-0.0139414
-0.0167637
-0.0194573
-0.0216651
-0.0234944
-0.0253702
-0.0271954
-0.0284837
-0.0294188
-0.0303241
-0.0311409
-0.0314451
-0.0315709
-0.0317126
-0.0315355
-0.0311117
-0.0307309
-0.0301526
-0.0291862
-0.0285366
-0.0275466
-0.0264024
-0.0257028
-0.0243405
-0.0230955
-0.0222333
-0.0208225
-0.0193995
-0.0185008
-0.0171469
-0.0160255
-0.0145178
-0.014052
-0.0122507
-0.011456
-0.0104912
-0.0102143
-0.00704806
-0.00883873
-0.00704175
-0.00556539
-0.00538859
-0.0049217
-0.00409297
-0.00415446
-0.002657
-0.00292115
-0.00200096
-0.00222899
-0.00173578
-0.000713789
-0.000427337
-0.000538238
-0.00083636
-0.00088237
-0.000177233
-36.7044
-36.7294
-36.7456
-36.7574
-36.7668
-36.7734
-36.7772
-36.7771
-36.7717
-36.7585
-36.7343
-36.6949
-36.6355
-36.5503
-36.4325
-36.2749
-36.069
-35.8065
-35.4783
-35.0761
-34.5913
-34.018
-33.352
-32.5926
-31.7424
-30.8085
-29.8017
-28.7356
-27.627
-26.4926
-25.3496
-24.2131
-23.0971
-22.0125
-20.968
-19.9701
-19.0231
-18.13
-17.2921
-16.5099
-15.7828
-15.1096
-14.4883
-13.9163
-13.3906
-12.9077
-12.4637
-12.0544
-11.6756
-11.3227
-10.9913
-10.6771
-10.3759
-10.0839
-9.79765
-9.51397
-9.23028
-8.94446
-8.65489
-8.36044
-8.06047
-7.75476
-7.44348
-7.1272
-6.80671
-6.48309
-6.15761
-5.83159
-5.50654
-5.1839
-4.86513
-4.55165
-4.24482
-3.94591
-3.65605
-3.37626
-3.10745
-2.85036
-2.60562
-2.37374
-2.15508
-1.94988
-1.75829
-1.58026
-1.41571
-1.26438
-1.12594
-0.999928
-0.885816
-0.782984
-0.690737
-0.608332
-0.534977
-0.469854
-0.412145
-0.361035
-0.31574
-0.275528
-0.239735
-0.207764
-0.179093
-0.153284
-0.129975
-0.108871
-0.0897461
-0.0724251
-0.0567726
-0.0426794
-0.0300593
-0.018833
-0.00893019
-0.000273752
0.00721554
0.0136261
0.0190447
0.0235609
0.0272591
0.030215
0.0324971
0.0341742
0.03531
0.035957
0.0361536
0.0359269
0.035299
0.0343
0.0329703
0.0313493
0.0294552
0.0272855
0.0248382
0.0221487
0.0192825
0.0162943
0.0131875
0.00990064
0.00645009
0.0029614
-0.000446198
-0.00377551
-0.0071763
-0.0106557
-0.013966
-0.0169298
-0.0196939
-0.022525
-0.0252707
-0.0275474
-0.0293814
-0.0311859
-0.0329606
-0.0342502
-0.0351182
-0.035937
-0.0366137
-0.036878
-0.0369044
-0.0368417
-0.0366064
-0.0360877
-0.0354457
-0.0347521
-0.0337472
-0.0327349
-0.0318301
-0.0306391
-0.0293088
-0.0283144
-0.0267234
-0.0252967
-0.0243578
-0.0226444
-0.0213675
-0.0201876
-0.0185506
-0.0172862
-0.0160613
-0.015345
-0.0128381
-0.0128965
-0.0116586
-0.0106696
-0.00821589
-0.00972958
-0.00659399
-0.00730314
-0.00570663
-0.00505216
-0.0046522
-0.00442394
-0.00380096
-0.00263483
-0.00218521
-0.0022179
-0.00184572
-0.00170068
-0.000178601
-0.000287799
-0.000166596
-0.000112349
-36.5861
-36.621
-36.6447
-36.6635
-36.6798
-36.6934
-36.704
-36.7109
-36.7124
-36.7061
-36.6887
-36.6562
-36.6036
-36.5251
-36.4142
-36.2637
-36.0652
-35.8104
-35.4902
-35.096
-34.6194
-34.054
-33.3951
-32.6414
-31.7946
-30.8607
-29.85
-28.7757
-27.6546
-26.5039
-25.3413
-24.1837
-23.0458
-21.94
-20.8759
-19.8609
-18.9
-17.9962
-17.1513
-16.3655
-15.6384
-14.9684
-14.3533
-13.7903
-13.276
-12.8066
-12.3777
-11.9849
-11.6232
-11.288
-10.9742
-10.6772
-10.3924
-10.1158
-9.84344
-9.57211
-9.29902
-9.02191
-8.7391
-8.44951
-8.15247
-7.84788
-7.53606
-7.21766
-6.89372
-6.56549
-6.23439
-5.90198
-5.56992
-5.23985
-4.91337
-4.59209
-4.27747
-3.97091
-3.67363
-3.38676
-3.11126
-2.84794
-2.59749
-2.36046
-2.13723
-1.92807
-1.73311
-1.55234
-1.38563
-1.23274
-1.09331
-0.966862
-0.852807
-0.750485
-0.659144
-0.577988
-0.506154
-0.442768
-0.386942
-0.337802
-0.294504
-0.256265
-0.222375
-0.192201
-0.1652
-0.140922
-0.119
-0.0991479
-0.0811502
-0.0648465
-0.0501121
-0.036859
-0.0250123
-0.014509
-0.00528738
0.00272053
0.00959127
0.0154102
0.0202672
0.0242532
0.0274541
0.0299466
0.0318006
0.0330829
0.0338547
0.034166
0.0340546
0.0335472
0.0326618
0.0314217
0.0298603
0.028018
0.0259191
0.0235641
0.020945
0.018078
0.0150321
0.0118667
0.00860132
0.0051841
0.00159045
-0.00205992
-0.00563321
-0.00909519
-0.0125816
-0.0161521
-0.0196041
-0.0226941
-0.0255115
-0.0283417
-0.0311264
-0.0334776
-0.035337
-0.0370701
-0.0388027
-0.04009
-0.0408797
-0.0415966
-0.0421844
-0.0423615
-0.0422658
-0.0421135
-0.041716
-0.0410452
-0.0403196
-0.0393007
-0.0383415
-0.0372037
-0.0359253
-0.0347371
-0.033294
-0.0317367
-0.0305674
-0.0287107
-0.0273029
-0.0262376
-0.0240736
-0.0229261
-0.021517
-0.0198964
-0.0180974
-0.0176797
-0.0157787
-0.0139203
-0.0139584
-0.0121385
-0.0109165
-0.00983631
-0.00947152
-0.00705183
-0.00832053
-0.00598087
-0.00577859
-0.00440646
-0.00474437
-0.00365926
-0.0037636
-0.00164384
-0.00215917
-0.00196372
-0.00158517
-0.00105557
0.000799705
0.000443278
-36.4698
-36.5149
-36.5462
-36.5716
-36.5945
-36.6143
-36.6311
-36.6441
-36.6516
-36.6513
-36.6398
-36.6133
-36.5666
-36.4941
-36.3893
-36.245
-36.0529
-35.8049
-35.4918
-35.1049
-34.6362
-34.0784
-33.4262
-32.6775
-31.8339
-30.9
-29.8852
-28.8025
-27.6688
-26.5014
-25.3188
-24.1392
-22.9785
-21.8503
-20.7656
-19.7324
-18.7568
-17.8418
-16.9896
-16.2006
-15.4738
-14.8078
-14.2
-13.6473
-13.1459
-12.6916
-12.2796
-11.905
-11.5624
-11.2467
-10.9523
-10.6743
-10.4076
-10.1478
-9.89082
-9.633
-9.37145
-9.1038
-8.82834
-8.54392
-8.24998
-7.94651
-7.63398
-7.31322
-6.98546
-6.65216
-6.31492
-5.97556
-5.63591
-5.2978
-4.96305
-4.6334
-4.31046
-3.99573
-3.69056
-3.39615
-3.11356
-2.84365
-2.58719
-2.34473
-2.11671
-1.90339
-1.70493
-1.52131
-1.35242
-1.19798
-1.05761
-0.930789
-0.8169
-0.715225
-0.624961
-0.545235
-0.475126
-0.413686
-0.359956
-0.312991
-0.27189
-0.235808
-0.203984
-0.175752
-0.150541
-0.127893
-0.107439
-0.0888992
-0.0720779
-0.0568268
-0.043038
-0.0306444
-0.0195919
-0.0098314
-0.00131186
0.00602542
0.0122548
0.0174584
0.0217292
0.0251602
0.0278402
0.0298492
0.0312581
0.0321316
0.0325265
0.0324914
0.0320631
0.0312674
0.0301189
0.0286315
0.0268338
0.0247648
0.0224536
0.0199047
0.0171079
0.0140611
0.0108283
0.00747871
0.00404174
0.000480483
-0.00325155
-0.00707099
-0.0108222
-0.0144324
-0.0180183
-0.0216789
-0.0252681
-0.0285076
-0.0313938
-0.0342215
-0.0370432
-0.0394696
-0.0413646
-0.0430459
-0.0447105
-0.0460005
-0.0467395
-0.0473467
-0.0478082
-0.047945
-0.0476778
-0.0474172
-0.046878
-0.0460129
-0.0451333
-0.0441351
-0.0427634
-0.041696
-0.0402403
-0.0385763
-0.037272
-0.0354823
-0.0339123
-0.0325003
-0.0304433
-0.0289727
-0.0276446
-0.0252275
-0.0243309
-0.0225269
-0.0206829
-0.019187
-0.0188074
-0.0154437
-0.0160761
-0.0134124
-0.0128143
-0.0114966
-0.0107891
-0.00870389
-0.00839532
-0.00810916
-0.00666892
-0.00610489
-0.0044246
-0.00431741
-0.00374898
-0.00361291
-0.00236505
-0.00148413
-0.00182357
-0.000796719
-0.000841563
-0.000400889
-36.3563
-36.4118
-36.4506
-36.4824
-36.5112
-36.5367
-36.5589
-36.577
-36.5897
-36.5943
-36.5878
-36.5661
-36.5244
-36.457
-36.3574
-36.2185
-36.0321
-35.7902
-35.4838
-35.1036
-34.6418
-34.0908
-33.4446
-32.7009
-31.8598
-30.9258
-29.9072
-28.8165
-27.6698
-26.4855
-25.2824
-24.0798
-22.8951
-21.7432
-20.6366
-19.5841
-18.5925
-17.6658
-16.8061
-16.0137
-15.2879
-14.6267
-14.0274
-13.4863
-12.9995
-12.5621
-12.169
-11.8146
-11.4932
-11.1989
-10.9261
-10.6689
-10.4221
-10.1808
-9.94051
-9.69744
-9.44846
-9.19106
-8.92347
-8.64456
-8.35387
-8.05149
-7.73805
-7.41461
-7.0826
-6.74367
-6.39974
-6.05279
-5.70491
-5.35813
-5.01447
-4.67582
-4.34395
-4.0205
-3.70692
-3.40449
-3.11437
-2.83751
-2.57467
-2.3265
-2.09342
-1.87576
-1.67366
-1.48712
-1.31599
-1.16
-1.01872
-0.891614
-0.778009
-0.67713
-0.588116
-0.510021
-0.441851
-0.38258
-0.331169
-0.286604
-0.247907
-0.214172
-0.18459
-0.158449
-0.135157
-0.114241
-0.0953328
-0.0781699
-0.0625644
-0.04839
-0.0355705
-0.0240548
-0.0138126
-0.00481043
0.00298608
0.00963337
0.0151979
0.0197633
0.0234223
0.0262724
0.0284086
0.029914
0.0308605
0.0313109
0.0313174
0.0309258
0.0301726
0.0290816
0.0276626
0.0259231
0.023886
0.0215858
0.0190557
0.0163055
0.0133227
0.0100957
0.00667339
0.00313001
-0.000490772
-0.0042092
-0.00808463
-0.012069
-0.0160107
-0.019791
-0.0234887
-0.0272433
-0.0309612
-0.0343619
-0.037345
-0.0401861
-0.0430269
-0.0455405
-0.0474654
-0.0491115
-0.0507105
-0.0519796
-0.0526791
-0.0531862
-0.0535458
-0.0535322
-0.0532162
-0.0527122
-0.0520382
-0.0510711
-0.0500364
-0.0488698
-0.0474626
-0.0459934
-0.0445256
-0.0427686
-0.0409437
-0.0394388
-0.037428
-0.0358491
-0.0340093
-0.0317598
-0.0305513
-0.0285026
-0.0263314
-0.0253214
-0.023021
-0.021609
-0.0202809
-0.0184972
-0.0163578
-0.0171424
-0.0127561
-0.0137918
-0.0111923
-0.0116807
-0.00849797
-0.00956408
-0.00673873
-0.00774823
-0.00542852
-0.00499698
-0.00322537
-0.00425848
-0.00320779
-0.00254141
-0.0013427
-0.000187729
-0.000914128
-0.000453212
-36.2463
-36.3125
-36.3586
-36.3964
-36.4307
-36.4612
-36.488
-36.5104
-36.5271
-36.5357
-36.5332
-36.5154
-36.4776
-36.4142
-36.3187
-36.1843
-36.0028
-35.766
-35.4654
-35.0911
-34.6354
-34.0907
-33.4504
-32.7115
-31.8731
-30.9387
-29.9162
-28.8174
-27.6581
-26.4563
-25.2323
-24.0058
-22.7959
-21.6189
-20.4886
-19.4154
-18.4068
-17.4675
-16.5997
-15.804
-15.0795
-14.424
-13.8343
-13.3065
-12.8359
-12.4174
-12.0452
-11.7133
-11.4153
-11.1449
-10.8957
-10.6615
-10.4365
-10.2154
-9.99338
-9.76636
-9.53099
-9.28464
-9.02548
-8.75243
-8.46509
-8.16374
-7.84914
-7.52263
-7.18583
-6.8407
-6.4894
-6.13418
-5.77735
-5.42121
-5.06791
-4.71959
-4.37815
-4.04537
-3.7228
-3.41186
-3.11375
-2.8295
-2.55993
-2.30572
-2.06733
-1.84512
-1.63923
-1.44965
-1.27624
-1.11869
-0.976548
-0.849238
-0.736037
-0.636111
-0.548538
-0.472284
-0.406285
-0.349421
-0.300574
-0.258643
-0.222572
-0.191391
-0.164231
-0.140338
-0.119094
-0.100012
-0.0827283
-0.0669977
-0.0526427
-0.0395721
-0.0277341
-0.0171081
-0.00768604
0.000541494
0.00760132
0.0135378
0.0184148
0.0223162
0.0253373
0.0275813
0.0291499
0.0301308
0.0305977
0.0306107
0.0302183
0.0294619
0.0283764
0.0269824
0.0252865
0.0232915
0.0210119
0.018478
0.0157238
0.012764
0.00958874
0.00617924
0.002567
-0.00117815
-0.00499505
-0.00888697
-0.0129104
-0.0170603
-0.0211961
-0.0251686
-0.0290011
-0.032852
-0.0366921
-0.0402585
-0.0433651
-0.0462445
-0.0490905
-0.0516727
-0.053665
-0.0552731
-0.0567925
-0.0580294
-0.0586998
-0.059076
-0.0593614
-0.0592124
-0.0587245
-0.058106
-0.0572585
-0.0561826
-0.0550382
-0.0535809
-0.0520929
-0.0505222
-0.048601
-0.0469671
-0.0449611
-0.0430389
-0.0413156
-0.039061
-0.0373017
-0.0352054
-0.0329532
-0.0316396
-0.028957
-0.0275841
-0.0257987
-0.0235104
-0.0224307
-0.0208091
-0.0180352
-0.0181079
-0.016069
-0.0137972
-0.0134664
-0.0121017
-0.0107904
-0.00972283
-0.00847289
-0.0068734
-0.00717702
-0.00528799
-0.00510113
-0.00305851
-0.0034054
-0.0026629
-0.00216024
-0.00165474
-0.000190568
0.000287502
-36.1409
-36.2177
-36.271
-36.3145
-36.3537
-36.3885
-36.419
-36.4449
-36.4648
-36.4764
-36.4766
-36.4617
-36.4267
-36.3663
-36.274
-36.1431
-35.9655
-35.733
-35.4371
-35.0685
-34.6186
-34.0793
-33.4443
-32.7095
-31.8738
-30.9392
-29.9131
-28.8062
-27.6339
-26.4149
-25.1691
-23.918
-22.6815
-21.4778
-20.3222
-19.2265
-18.1993
-17.2461
-16.3696
-15.5705
-14.8476
-14.1986
-13.6198
-13.1068
-12.6544
-12.2569
-11.908
-11.601
-11.3289
-11.0847
-10.8615
-10.6525
-10.4515
-10.2525
-10.0504
-9.84077
-9.62012
-9.38566
-9.1355
-8.86862
-8.58472
-8.28423
-7.96818
-7.6381
-7.29595
-6.94395
-6.58454
-6.22027
-5.85371
-5.4874
-5.12372
-4.76499
-4.41328
-4.07051
-3.73835
-3.41834
-3.11174
-2.81965
-2.54295
-2.28236
-2.0384
-1.8114
-1.60154
-1.40882
-1.23306
-1.07395
-0.930987
-0.803556
-0.690888
-0.592087
-0.506146
-0.431965
-0.368379
-0.314182
-0.268157
-0.229114
-0.195911
-0.167502
-0.142956
-0.121477
-0.10241
-0.085267
-0.0696813
-0.0554272
-0.0423563
-0.0304048
-0.0195556
-0.00982401
-0.00122891
0.00621622
0.0125261
0.0177328
0.021899
0.0251095
0.0274657
0.029077
0.0300532
0.0304885
0.0304579
0.0300196
0.0292188
0.0280913
0.0266667
0.0249631
0.022985
0.020731
0.0182086
0.0154384
0.0124563
0.00928076
0.00590464
0.00231051
-0.00149273
-0.00544592
-0.00947014
-0.0135478
-0.0177347
-0.0220452
-0.0263823
-0.0305611
-0.0345574
-0.0385124
-0.04247
-0.0462002
-0.0494626
-0.0523917
-0.0552452
-0.057877
-0.059943
-0.0615274
-0.0629734
-0.0641476
-0.0648012
-0.0650635
-0.0651908
-0.0649478
-0.0643139
-0.0635307
-0.0626151
-0.0613157
-0.0599795
-0.058429
-0.0566762
-0.054912
-0.0529504
-0.0508902
-0.0490711
-0.0468572
-0.0447693
-0.0427058
-0.0402926
-0.0384109
-0.0361779
-0.033887
-0.0322537
-0.0296589
-0.0285968
-0.0255388
-0.0243898
-0.0227867
-0.0207436
-0.0182997
-0.0187766
-0.0147833
-0.0152381
-0.0131643
-0.0118725
-0.0101166
-0.0103233
-0.00732652
-0.00766387
-0.00577151
-0.00589895
-0.00419567
-0.00322257
-0.00217761
-0.00247132
-0.00210009
-0.00150748
-0.000267619
-36.0412
-36.1287
-36.1889
-36.2375
-36.2811
-36.3195
-36.353
-36.3815
-36.4036
-36.4172
-36.4193
-36.4061
-36.3729
-36.3144
-36.2243
-36.0958
-35.9211
-35.6922
-35.4001
-35.0358
-34.5907
-34.0566
-33.4268
-32.6959
-31.8623
-30.9277
-29.898
-28.7834
-27.5988
-26.3621
-25.0944
-23.8176
-22.5531
-21.3209
-20.138
-19.0178
-17.9702
-17.0015
-16.1153
-15.3123
-14.5913
-13.9495
-13.3828
-12.8863
-12.4542
-12.0801
-11.7569
-11.4774
-11.2339
-11.0186
-10.824
-10.6427
-10.4678
-10.2929
-10.1125
-9.92182
-9.71707
-9.49535
-9.25477
-8.99433
-8.71391
-8.41409
-8.09618
-7.762
-7.41382
-7.05417
-6.68582
-6.31164
-5.93449
-5.55713
-5.18224
-4.81229
-4.44955
-4.09608
-3.7537
-3.42401
-3.10838
-2.80797
-2.52373
-2.25641
-2.00656
-1.77454
-1.56054
-1.36454
-1.18637
-1.02567
-0.881925
-0.754464
-0.642464
-0.544958
-0.460865
-0.388998
-0.328088
-0.276833
-0.233913
-0.19803
-0.167954
-0.142552
-0.120827
-0.101931
-0.0851782
-0.0700666
-0.0562533
-0.0435134
-0.0317477
-0.0209202
-0.0110597
-0.00222126
0.00554558
0.0122069
0.0177534
0.0222121
0.0256432
0.0281362
0.0297973
0.0307484
0.0311068
0.0309739
0.0304274
0.0295247
0.0283071
0.0268027
0.0250345
0.0230164
0.0207523
0.0182366
0.0154702
0.0124656
0.00925136
0.00585364
0.00227231
-0.00151339
-0.00550887
-0.00966868
-0.0139141
-0.0181921
-0.022554
-0.0270356
-0.0315679
-0.0359734
-0.0401576
-0.0442327
-0.0483042
-0.0521947
-0.0556269
-0.058631
-0.0614853
-0.0641692
-0.0663017
-0.0678849
-0.0692594
-0.070378
-0.0709544
-0.0711367
-0.0711133
-0.0707109
-0.0699856
-0.0690799
-0.0679534
-0.0665457
-0.0649346
-0.0632515
-0.0613951
-0.0592375
-0.0572915
-0.0550445
-0.0529254
-0.0508285
-0.048172
-0.0460086
-0.0438597
-0.0412501
-0.0391862
-0.0369285
-0.0347557
-0.0323051
-0.0305381
-0.0286591
-0.0254952
-0.0251267
-0.0223414
-0.0208279
-0.0185801
-0.0181435
-0.0148179
-0.0153614
-0.0128635
-0.0110677
-0.0106139
-0.00911613
-0.00792943
-0.00719326
-0.00482213
-0.00581938
-0.00362023
-0.00382559
-0.0021338
-0.00108973
-0.00157097
-0.000216594
-35.9484
-36.0464
-36.1132
-36.1666
-36.2139
-36.2552
-36.291
-36.3212
-36.3447
-36.3594
-36.3624
-36.3499
-36.3175
-36.2599
-36.1709
-36.0437
-35.8709
-35.6444
-35.3551
-34.9948
-34.554
-34.0242
-33.3986
-32.6715
-31.84
-30.9057
-29.8727
-28.7508
-27.5538
-26.2996
-25.0097
-23.7065
-22.4127
-21.1502
-19.9377
-18.7906
-17.7202
-16.7342
-15.8367
-15.029
-14.3097
-13.6757
-13.1223
-12.6441
-12.2345
-11.8862
-11.5916
-11.3424
-11.1304
-10.9469
-10.7838
-10.6328
-10.4865
-10.3379
-10.181
-10.0108
-9.82318
-9.6151
-9.38466
-9.13092
-8.85393
-8.55452
-8.23427
-7.89534
-7.54034
-7.17218
-6.79397
-6.40893
-6.0202
-5.63088
-5.24385
-4.8618
-4.48721
-4.12229
-3.76898
-3.42897
-3.10374
-2.79451
-2.50228
-2.22784
-1.97178
-1.73449
-1.51613
-1.31672
-1.13605
-0.973747
-0.829255
-0.701855
-0.59066
-0.494637
-0.412616
-0.343315
-0.285368
-0.237355
-0.19784
-0.165414
-0.138743
-0.116598
-0.0979108
-0.0817704
-0.0674674
-0.0544936
-0.0425053
-0.0313168
-0.0208614
-0.0111551
-0.00227604
0.00568308
0.0126297
0.0185048
0.0232787
0.0269715
0.0296429
0.0313864
0.0323221
0.0325828
0.0322965
0.031572
0.0304919
0.0291135
0.0274719
0.0255861
0.0234716
0.0211366
0.0185833
0.0158047
0.0127933
0.00955323
0.00610733
0.00248304
-0.00131154
-0.0052927
-0.00948287
-0.013851
-0.0183205
-0.0228221
-0.0273745
-0.0320303
-0.0367643
-0.0413984
-0.0457999
-0.0500176
-0.0542011
-0.0582447
-0.0618567
-0.0649668
-0.0678404
-0.0705528
-0.0727551
-0.0743582
-0.0756464
-0.076692
-0.0772229
-0.077272
-0.0771092
-0.076618
-0.0757151
-0.0746944
-0.0733577
-0.0717878
-0.0700272
-0.0680766
-0.0660188
-0.063866
-0.0614925
-0.0593449
-0.056813
-0.0544509
-0.052008
-0.0492015
-0.0472113
-0.0445938
-0.0418515
-0.0398874
-0.0373142
-0.0349542
-0.0325586
-0.030902
-0.0280409
-0.0264892
-0.0243093
-0.0223849
-0.0201225
-0.0196103
-0.0165128
-0.015414
-0.0148896
-0.0122769
-0.0112462
-0.00974477
-0.00863023
-0.0079751
-0.00584377
-0.00560035
-0.00409608
-0.00478079
-0.00266436
-0.0019989
-0.000246938
0.0007046
-35.864
-35.9721
-36.0451
-36.1027
-36.1533
-36.1969
-36.2343
-36.2655
-36.2895
-36.3044
-36.3074
-36.2948
-36.2622
-36.2044
-36.1155
-35.9886
-35.8167
-35.5914
-35.3042
-34.9465
-34.5089
-33.9829
-33.3613
-32.6378
-31.8087
-30.8744
-29.8384
-28.7096
-27.5007
-26.2297
-24.9173
-23.587
-22.2628
-20.968
-19.7235
-18.5469
-17.4508
-16.4449
-15.5344
-14.7206
-14.0024
-13.3765
-12.8376
-12.3793
-11.9944
-11.6746
-11.4114
-11.1958
-11.0185
-10.87
-10.7414
-10.6236
-10.5085
-10.3886
-10.2573
-10.1092
-9.93996
-9.74644
-9.52667
-9.27985
-9.00621
-8.70684
-8.38367
-8.03922
-7.67653
-7.29887
-6.90976
-6.51279
-6.11145
-5.7091
-5.30895
-4.91387
-4.52655
-4.14934
-3.78435
-3.43335
-3.09791
-2.77932
-2.47862
-2.19667
-1.93406
-1.69119
-1.46827
-1.26528
-1.08202
-0.918081
-0.772872
-0.645618
-0.535372
-0.441025
-0.361317
-0.294861
-0.240179
-0.195729
-0.159946
-0.131297
-0.108329
-0.0897111
-0.0742855
-0.0610823
-0.0493709
-0.0386239
-0.0285152
-0.0188975
-0.00975083
-0.00115002
0.00677269
0.0138715
0.0200148
0.0251058
0.0290996
0.0320077
0.0338911
0.034853
0.0350293
0.0345663
0.0336064
0.0322669
0.0306368
0.0287729
0.026702
0.0244329
0.0219715
0.0193193
0.0164748
0.0134312
0.0101721
0.00669921
0.00302065
-0.000831319
-0.00484396
-0.00902993
-0.0134159
-0.0179922
-0.0226923
-0.0274313
-0.0321967
-0.0370381
-0.0419667
-0.0468405
-0.0514787
-0.0558727
-0.0601742
-0.0643652
-0.0681605
-0.0714142
-0.0743165
-0.0770397
-0.0793046
-0.0809274
-0.0821566
-0.0831028
-0.083563
-0.0835303
-0.0832148
-0.0825952
-0.0815878
-0.0803186
-0.0788505
-0.0770483
-0.0751387
-0.073008
-0.0706548
-0.0684218
-0.065965
-0.0633545
-0.0609087
-0.0580505
-0.0556779
-0.0529749
-0.049997
-0.0480254
-0.0448625
-0.0422322
-0.040315
-0.0370759
-0.0351437
-0.0327285
-0.0305742
-0.0279294
-0.0265523
-0.0237135
-0.0221932
-0.019797
-0.0197213
-0.0154885
-0.0159197
-0.0133152
-0.0122812
-0.0106888
-0.00880126
-0.00809359
-0.00734518
-0.00598884
-0.00466704
-0.00383391
-0.00305985
-0.00272085
-0.000945008
0.000226853
-35.7893
-35.907
-35.9858
-36.0472
-36.1005
-36.1458
-36.184
-36.2155
-36.2393
-36.2537
-36.2559
-36.2424
-36.2087
-36.1499
-36.06
-35.9325
-35.7605
-35.5356
-35.2495
-34.8936
-34.4583
-33.9355
-33.3171
-32.5964
-31.7695
-30.8354
-29.7972
-28.662
-27.4421
-26.1543
-24.8198
-23.4621
-22.1064
-20.7777
-19.4986
-18.2894
-17.1646
-16.1358
-15.2094
-14.3876
-13.6695
-13.0515
-12.5278
-12.0911
-11.7331
-11.4447
-11.2163
-11.0376
-10.8984
-10.7884
-10.6975
-10.6161
-10.5351
-10.4464
-10.3429
-10.2186
-10.0691
-9.89108
-9.68253
-9.44278
-9.1723
-8.87253
-8.54573
-8.19491
-7.82347
-7.4352
-7.03404
-6.62397
-6.20883
-5.79237
-5.37798
-4.96884
-4.56784
-4.17748
-3.79998
-3.43727
-3.09098
-2.76245
-2.4528
-2.16289
-1.89336
-1.64462
-1.41689
-1.21015
-1.02419
-0.858566
-0.712661
-0.585645
-0.4765
-0.384033
-0.306886
-0.243571
-0.192482
-0.15194
-0.120243
-0.0957177
-0.0767762
-0.0619699
-0.0500469
-0.0399746
-0.030988
-0.022552
-0.0143684
-0.00632857
0.00152867
0.00905643
0.0160589
0.0223289
0.0276903
0.0320079
0.0352154
0.0373201
0.0383842
0.0385284
0.0379059
0.0366833
0.035019
0.0330416
0.0308462
0.0284873
0.0259832
0.0233316
0.0205256
0.0175579
0.0144219
0.0111103
0.00760375
0.00389697
-8.26809e-06
-0.0040903
-0.00832606
-0.0127248
-0.0173121
-0.0220957
-0.0270275
-0.0320195
-0.0370157
-0.0420616
-0.0471884
-0.0522962
-0.0571973
-0.0618004
-0.0662353
-0.0705659
-0.0745489
-0.077964
-0.0809264
-0.083643
-0.0859646
-0.0875993
-0.0887688
-0.0896413
-0.0900135
-0.0898896
-0.089444
-0.0886707
-0.0874706
-0.0860532
-0.0843422
-0.0824049
-0.0802073
-0.0779809
-0.0754532
-0.0729049
-0.0703553
-0.0675692
-0.0647753
-0.0619986
-0.0590986
-0.0566029
-0.0533502
-0.050666
-0.0482115
-0.0447937
-0.0426906
-0.0399798
-0.0370418
-0.0352703
-0.0322064
-0.0304072
-0.0275108
-0.0261297
-0.0234555
-0.021419
-0.0204221
-0.0176807
-0.0161168
-0.0142886
-0.012902
-0.0119784
-0.00935018
-0.00896627
-0.00688964
-0.00712544
-0.00516205
-0.00436399
-0.00305044
-0.00202371
-0.00175981
-0.000222595
-35.7255
-35.8524
-35.9364
-36.0011
-36.0566
-36.103
-36.1416
-36.1728
-36.1958
-36.209
-36.2097
-36.1945
-36.159
-36.0984
-36.0068
-35.8778
-35.7046
-35.479
-35.1931
-34.8379
-34.4045
-33.8839
-33.2681
-32.5502
-31.7253
-30.7916
-29.7512
-28.6104
-27.38
-26.0765
-24.7203
-23.3351
-21.9473
-20.5829
-19.2671
-18.0221
-16.8649
-15.8096
-14.864
-14.0315
-13.3117
-12.7009
-12.1927
-11.779
-11.4502
-11.1961
-11.0056
-10.8675
-10.7703
-10.7026
-10.6532
-10.6115
-10.5677
-10.5129
-10.4395
-10.341
-10.2126
-10.0509
-9.8541
-9.62153
-9.35394
-9.05316
-8.72193
-8.36368
-7.98237
-7.58223
-7.16773
-6.74323
-6.31303
-5.88117
-5.45139
-5.0271
-4.61139
-4.20693
-3.81609
-3.44091
-3.08306
-2.744
-2.42486
-2.12653
-1.84968
-1.59474
-1.36194
-1.15126
-0.962468
-0.795114
-0.648529
-0.521834
-0.413941
-0.323566
-0.249248
-0.189386
-0.14224
-0.105982
-0.0787551
-0.0587254
-0.0441599
-0.033475
-0.0253077
-0.0185658
-0.0124346
-0.00638687
-0.000153806
0.00632124
0.0129193
0.0194237
0.0255538
0.0310415
0.0356522
0.0392114
0.0416312
0.0429098
0.0431212
0.0424053
0.0409404
0.0389177
0.0365156
0.0338768
0.0311012
0.0282393
0.0253005
0.0222702
0.0191244
0.015845
0.0124198
0.00883758
0.00508361
0.00114407
-0.0029868
-0.0072946
-0.0117588
-0.0163778
-0.0211711
-0.0261657
-0.0313279
-0.0365775
-0.0418323
-0.0470986
-0.0524336
-0.0577767
-0.062949
-0.0677994
-0.0724042
-0.0768581
-0.081032
-0.0846191
-0.0876636
-0.0903854
-0.0927151
-0.094408
-0.095524
-0.0962999
-0.0966119
-0.096338
-0.0957452
-0.094823
-0.0934435
-0.091776
-0.0899547
-0.0877689
-0.0854064
-0.0828928
-0.0803193
-0.0775478
-0.0745686
-0.0718305
-0.0687775
-0.0658059
-0.0627276
-0.0598875
-0.0568997
-0.0534049
-0.0511565
-0.0478375
-0.044996
-0.0428299
-0.0391036
-0.0375126
-0.0341987
-0.0322198
-0.0294681
-0.0272266
-0.0255879
-0.0227272
-0.0210419
-0.0191833
-0.017239
-0.0155773
-0.0132503
-0.0125561
-0.0106669
-0.00951404
-0.00747156
-0.00695164
-0.0052959
-0.00559569
-0.00332706
-0.00271751
-0.000898383
0.000343724
-35.6741
-35.8094
-35.8983
-35.9658
-36.0229
-36.0699
-36.1083
-36.1387
-36.1604
-36.1719
-36.1706
-36.153
-36.1151
-36.0519
-35.9579
-35.8267
-35.6516
-35.4247
-35.1382
-34.7828
-34.3502
-33.8311
-33.2174
-32.5015
-31.6784
-30.7455
-29.7034
-28.5577
-27.3181
-25.9997
-24.6223
-23.2104
-21.7898
-20.3885
-19.0337
-17.7497
-16.5565
-15.4705
-14.5015
-13.6548
-12.9307
-12.3256
-11.8326
-11.4427
-11.1452
-10.9282
-10.7793
-10.6857
-10.6345
-10.6132
-10.6093
-10.6111
-10.6079
-10.59
-10.549
-10.4783
-10.3725
-10.2282
-10.0435
-9.8181
-9.55303
-9.25056
-8.9139
-8.54704
-8.15451
-7.74111
-7.3118
-6.87144
-6.42474
-5.97613
-5.52968
-5.08905
-4.65753
-4.23799
-3.83292
-3.44443
-3.07432
-2.72407
-2.39488
-2.08764
-1.80305
-1.54157
-1.30341
-1.08856
-0.8968
-0.72764
-0.58038
-0.454088
-0.347601
-0.259534
-0.18833
-0.132256
-0.089427
-0.0578579
-0.035515
-0.0203895
-0.0105702
-0.00434044
-0.000200655
0.00301426
0.00615807
0.00975411
0.0140274
0.0189642
0.0243616
0.0299058
0.0352364
0.0399991
0.0439011
0.0467223
0.0483521
0.04878
0.0481001
0.0464763
0.0441192
0.0412512
0.0380754
0.0347506
0.0313808
0.0280108
0.0246399
0.0212367
0.0177594
0.014175
0.0104632
0.00661257
0.00260879
-0.00156364
-0.00591572
-0.010448
-0.0151395
-0.0199855
-0.0249952
-0.030201
-0.0355958
-0.041105
-0.0466368
-0.0521568
-0.0577096
-0.06329
-0.0687451
-0.0738686
-0.0786717
-0.08327
-0.0875992
-0.0913844
-0.0945299
-0.097278
-0.0996172
-0.101351
-0.10243
-0.103095
-0.10328
-0.102913
-0.102149
-0.10102
-0.0994884
-0.0976414
-0.0955769
-0.0931989
-0.0906696
-0.0879473
-0.0850947
-0.0821906
-0.0790356
-0.0758849
-0.0729035
-0.0696119
-0.0664253
-0.0631745
-0.0601287
-0.0566831
-0.0537946
-0.0510443
-0.0473578
-0.045069
-0.041856
-0.0390933
-0.0366214
-0.0333358
-0.0322672
-0.0277111
-0.0275432
-0.0238044
-0.0226798
-0.0198284
-0.0183654
-0.0167686
-0.0138365
-0.0133084
-0.0113734
-0.00966726
-0.00907589
-0.00664357
-0.00608028
-0.00500325
-0.00340757
-0.00323244
-0.00067491
-0.000238042
-35.6363
-35.7794
-35.8725
-35.9424
-36.0006
-36.0478
-36.0856
-36.1147
-36.1346
-36.1439
-36.1401
-36.1198
-36.079
-36.0128
-35.9158
-35.7819
-35.6042
-35.3753
-35.0872
-34.7312
-34.2986
-33.7804
-33.1682
-32.4542
-31.6327
-30.7006
-29.6571
-28.5071
-27.2591
-25.9272
-24.5298
-23.0919
-21.6386
-20.1999
-18.8042
-17.4782
-16.2452
-15.1237
-14.1268
-13.2614
-12.5293
-11.9273
-11.4483
-11.0826
-10.8179
-10.6408
-10.5369
-10.4921
-10.4915
-10.521
-10.567
-10.6164
-10.6575
-10.6797
-10.6739
-10.6329
-10.5512
-10.4252
-10.2531
-10.0348
-9.7717
-9.46663
-9.12341
-8.74658
-8.34131
-7.91306
-7.4673
-7.00949
-6.54475
-6.07791
-5.6134
-5.15515
-4.70667
-4.27097
-3.8507
-3.44805
-3.06491
-2.7028
-2.36294
-2.04628
-1.75351
-1.48511
-1.24128
-1.02204
-0.82713
-0.656072
-0.508138
-0.382324
-0.277388
-0.191864
-0.124069
-0.0721376
-0.0340288
-0.00758043
0.00942741
0.0192061
0.0238658
0.025299
0.0251269
0.0246117
0.0246464
0.0257387
0.0280607
0.0315092
0.0357846
0.0404601
0.0450804
0.0491968
0.0524398
0.05455
0.055386
0.0549391
0.0533228
0.050735
0.0474284
0.0436635
0.039675
0.0356389
0.031662
0.0277836
0.0239874
0.0202212
0.0164229
0.0125424
0.00855052
0.00443187
0.000178153
-0.00422814
-0.00880132
-0.0135518
-0.0184703
-0.0235441
-0.0287802
-0.0342065
-0.0398295
-0.045605
-0.0514267
-0.0572244
-0.0630246
-0.068845
-0.074574
-0.0800082
-0.0850383
-0.0898012
-0.0942894
-0.0982629
-0.101557
-0.104329
-0.106683
-0.108418
-0.10945
-0.11003
-0.110088
-0.109573
-0.108655
-0.107346
-0.105589
-0.103592
-0.101286
-0.0986856
-0.0959516
-0.0930648
-0.0899573
-0.0867381
-0.0835789
-0.0801552
-0.0767736
-0.0736278
-0.0699829
-0.0665334
-0.0633867
-0.0599302
-0.0566083
-0.0537486
-0.0498507
-0.0474103
-0.0440069
-0.0411065
-0.0388162
-0.0348777
-0.0336895
-0.030037
-0.0281541
-0.025718
-0.0234362
-0.0214505
-0.0188093
-0.0178491
-0.0149656
-0.0135829
-0.011992
-0.0102001
-0.00905951
-0.00769232
-0.00706417
-0.00437446
-0.0034276
-0.0019692
-0.00166888
-0.0012414
-35.6134
-35.7634
-35.8603
-35.932
-35.991
-36.038
-36.0747
-36.1022
-36.12
-36.1268
-36.1201
-36.0968
-36.0527
-35.9831
-35.8828
-35.7456
-35.5649
-35.3336
-35.0436
-34.6863
-34.2534
-33.7354
-33.1242
-32.4116
-31.5916
-30.6601
-29.616
-28.4625
-27.2074
-25.863
-24.4475
-22.9844
-21.4995
-20.023
-18.5849
-17.2147
-15.9378
-14.7762
-13.7461
-12.8567
-12.1118
-11.5094
-11.0421
-10.6998
-10.4688
-10.3339
-10.2788
-10.2869
-10.3416
-10.427
-10.5276
-10.6291
-10.7185
-10.7842
-10.8165
-10.8076
-10.7515
-10.6447
-10.4855
-10.274
-10.0123
-9.70359
-9.35242
-8.96403
-8.54431
-8.09939
-7.6354
-7.15835
-6.67387
-6.18721
-5.70313
-5.22588
-4.75917
-4.30619
-3.8697
-3.45201
-3.05505
-2.68037
-2.32922
-2.00258
-1.70114
-1.4254
-1.17557
-0.951658
-0.753425
-0.580371
-0.431739
-0.306469
-0.203238
-0.120484
-0.0564101
-0.00899435
0.0239643
0.0448201
0.0560086
0.0599633
0.0590239
0.0552686
0.0504999
0.0460529
0.0428619
0.0414176
0.0418197
0.0438622
0.0471186
0.0510472
0.055064
0.0586256
0.0612785
0.0627084
0.0627516
0.0614002
0.0587936
0.0551764
0.0508515
0.0461314
0.0412869
0.0365138
0.0319212
0.0275385
0.0233283
0.0192135
0.0151082
0.0109425
0.00667737
0.00229397
-0.00221226
-0.00685314
-0.0116454
-0.0166091
-0.0217454
-0.0270531
-0.032521
-0.0381768
-0.0440362
-0.0500708
-0.0561941
-0.0623017
-0.0683699
-0.0744522
-0.0804544
-0.0862043
-0.0915221
-0.0964682
-0.10111
-0.105271
-0.108728
-0.111545
-0.1139
-0.115631
-0.116631
-0.117078
-0.11704
-0.116369
-0.115234
-0.113784
-0.111832
-0.109539
-0.107073
-0.104275
-0.101285
-0.098113
-0.094927
-0.0913672
-0.0879674
-0.0845189
-0.0807998
-0.0772749
-0.0737792
-0.0698876
-0.0666083
-0.0631192
-0.0593001
-0.0563548
-0.0523712
-0.0496536
-0.0465429
-0.0427227
-0.040985
-0.0368768
-0.0346914
-0.0323804
-0.0289941
-0.0274722
-0.0242282
-0.022779
-0.0195916
-0.0182452
-0.0166716
-0.0132682
-0.0133148
-0.0103501
-0.00956093
-0.00799121
-0.00674996
-0.00493881
-0.00362654
-0.00231093
-0.00243844
-0.000828533
-35.6064
-35.7626
-35.8626
-35.9358
-35.9951
-36.0415
-36.0769
-36.1024
-36.1179
-36.1219
-36.1122
-36.0855
-36.0379
-35.9648
-35.861
-35.7203
-35.5366
-35.3024
-35.0102
-34.6513
-34.2176
-33.6996
-33.0892
-32.3779
-31.5593
-30.629
-29.5845
-28.4285
-27.1672
-25.8121
-24.38
-22.8933
-21.3777
-19.8639
-18.383
-16.9665
-15.6424
-14.4362
-13.3671
-12.4478
-11.6843
-11.0763
-10.6172
-10.2965
-10.0992
-10.0081
-10.0049
-10.0703
-10.1855
-10.332
-10.4926
-10.6511
-10.7933
-10.9064
-10.9798
-11.0052
-10.9764
-10.8897
-10.7436
-10.5386
-10.2774
-9.96378
-9.60304
-9.20131
-8.76517
-8.30157
-7.81734
-7.31905
-6.81296
-6.30473
-5.79948
-5.30176
-4.81548
-4.34404
-3.89029
-3.45662
-3.04498
-2.657
-2.2939
-1.95667
-1.64605
-1.36251
-1.10631
-0.877444
-0.675676
-0.500511
-0.351142
-0.226468
-0.125092
-0.0453505
0.0146851
0.0571911
0.0845441
0.0993012
0.104145
0.101757
0.0947322
0.0853981
0.075709
0.0671235
0.060612
0.0566185
0.0551642
0.0559128
0.0582932
0.0616223
0.0651735
0.0682894
0.0704307
0.0712228
0.0704716
0.0681793
0.0645189
0.0597941
0.0543731
0.048629
0.0428804
0.0373437
0.0321308
0.0272529
0.0226457
0.0182016
0.0138071
0.00937021
0.00483892
0.000194022
-0.00456393
-0.00944074
-0.0144501
-0.0196209
-0.02497
-0.0305048
-0.0362166
-0.0421093
-0.0482097
-0.0545123
-0.0609332
-0.0673753
-0.0737572
-0.0801024
-0.0864001
-0.0924633
-0.0981041
-0.103274
-0.108087
-0.112413
-0.116056
-0.118943
-0.121283
-0.122991
-0.123958
-0.124298
-0.124095
-0.123307
-0.121975
-0.120251
-0.118162
-0.115626
-0.112879
-0.109928
-0.106655
-0.103277
-0.0997458
-0.0961414
-0.092347
-0.0887478
-0.0849184
-0.0809215
-0.077431
-0.0733888
-0.0696462
-0.0663209
-0.0618675
-0.0590283
-0.0552019
-0.0514961
-0.0495198
-0.0440909
-0.0430807
-0.0389942
-0.0361489
-0.033677
-0.0308871
-0.0282004
-0.0257482
-0.0237052
-0.0208437
-0.0184501
-0.0177327
-0.0140073
-0.0138322
-0.0105275
-0.0109356
-0.00711879
-0.00665291
-0.00512625
-0.00401606
-0.00444056
-0.0023695
-0.000306826
-35.6165
-35.778
-35.8806
-35.9548
-36.0141
-36.0596
-36.0933
-36.1166
-36.1295
-36.1306
-36.1177
-36.0876
-36.0365
-35.9598
-35.8523
-35.7083
-35.5214
-35.2844
-34.9899
-34.6295
-34.1949
-33.6769
-33.0671
-32.3573
-31.5401
-30.611
-29.567
-28.4093
-27.1432
-25.7791
-24.3323
-22.8241
-21.2798
-19.7296
-18.2062
-16.742
-15.3679
-14.113
-12.9993
-12.0434
-11.2546
-10.6347
-10.1788
-9.87616
-9.71114
-9.6647
-9.71594
-9.84291
-10.0236
-10.2371
-10.4634
-10.6846
-10.8844
-11.0491
-11.167
-11.2292
-11.2293
-11.1636
-11.0307
-10.8317
-10.5698
-10.2498
-9.87764
-9.46044
-9.00569
-8.52113
-8.0144
-7.49276
-6.96297
-6.43128
-5.90311
-5.38334
-4.8761
-4.38495
-3.91282
-3.46218
-3.035
-2.63291
-2.25716
-1.90874
-1.58839
-1.29659
-1.0336
-0.799454
-0.593926
-0.416492
-0.266334
-0.142302
-0.042929
0.0335667
0.0892394
0.126418
0.147679
0.155799
0.153723
0.144435
0.130803
0.115456
0.100517
0.087596
0.0776717
0.071152
0.0679364
0.0675417
0.0692286
0.0721372
0.0753914
0.078202
0.079926
0.0801243
0.0785778
0.0753002
0.07051
0.0645844
0.057973
0.0511265
0.0444179
0.0380921
0.0322576
0.0269011
0.0219225
0.0171758
0.0125131
0.00781933
0.00303247
-0.00186823
-0.00687803
-0.0119913
-0.0172172
-0.0225891
-0.0281439
-0.0338995
-0.0398506
-0.0459986
-0.0523499
-0.0589168
-0.0656517
-0.0724303
-0.0791658
-0.0858206
-0.0924058
-0.0988055
-0.104787
-0.110232
-0.115226
-0.11973
-0.12352
-0.126517
-0.128849
-0.130532
-0.131448
-0.131683
-0.131324
-0.130313
-0.128847
-0.126877
-0.124511
-0.121824
-0.118834
-0.115526
-0.112117
-0.108449
-0.104641
-0.100843
-0.0968612
-0.0929383
-0.0888938
-0.0847971
-0.0809007
-0.0769379
-0.0726589
-0.069349
-0.064863
-0.0613506
-0.0584601
-0.053269
-0.0517895
-0.0468212
-0.0440085
-0.0414603
-0.0374732
-0.0353312
-0.0323298
-0.0294688
-0.0267009
-0.0246025
-0.0219975
-0.0193012
-0.0175076
-0.0157539
-0.013317
-0.0119072
-0.0102436
-0.00772175
-0.0071471
-0.00501598
-0.0053872
-0.00443874
-0.00163093
-0.000833763
-35.6444
-35.8104
-35.9152
-35.99
-36.0489
-36.0932
-36.125
-36.146
-36.156
-36.1541
-36.1379
-36.1044
-36.0499
-35.9696
-35.8588
-35.7115
-35.5215
-35.2821
-34.9855
-34.6238
-34.1886
-33.6707
-33.0619
-32.3537
-31.5386
-30.6113
-29.5686
-28.4102
-27.141
-25.7695
-24.31
-22.7825
-21.2118
-19.6272
-18.0619
-16.5499
-15.1242
-13.8166
-12.653
-11.6541
-10.8324
-10.1932
-9.73371
-9.44403
-9.30817
-9.30573
-9.41319
-9.60531
-9.85683
-10.1432
-10.4417
-10.7316
-10.9946
-11.2155
-11.3817
-11.4835
-11.5142
-11.4702
-11.3505
-11.1568
-10.8929
-10.5645
-10.1788
-9.74371
-9.26783
-8.75976
-8.22803
-7.68062
-7.12494
-6.56768
-6.01474
-5.47125
-4.94156
-4.42939
-3.93772
-3.46908
-3.02546
-2.60844
-2.21932
-1.85905
-1.52837
-1.22779
-0.957582
-0.717807
-0.508239
-0.328364
-0.177349
-0.0539897
0.0432604
0.11627
0.167243
0.198668
0.21332
0.214218
0.204608
0.187795
0.167015
0.145171
0.124651
0.10719
0.0937888
0.0847923
0.0799606
0.078622
0.0798387
0.0825542
0.0857154
0.0883816
0.0897992
0.0894562
0.0871114
0.0827924
0.0767813
0.0695417
0.0616281
0.0535869
0.045857
0.0387155
0.032264
0.0264556
0.0211429
0.016128
0.0112231
0.00628997
0.00125531
-0.00389734
-0.00915686
-0.0145059
-0.0199465
-0.025517
-0.0312651
-0.0372322
-0.0434235
-0.0498278
-0.0564532
-0.0632944
-0.070336
-0.0774787
-0.0845865
-0.0915962
-0.0985051
-0.105225
-0.111571
-0.117339
-0.122534
-0.127212
-0.131181
-0.134277
-0.136631
-0.138277
-0.139105
-0.139199
-0.138707
-0.1375
-0.135765
-0.13366
-0.131006
-0.12803
-0.124855
-0.121257
-0.117522
-0.113684
-0.109603
-0.105588
-0.101371
-0.0970585
-0.0930493
-0.0885082
-0.084466
-0.0803669
-0.0758165
-0.0722258
-0.0681293
-0.0635786
-0.0612997
-0.0557954
-0.0530042
-0.0499978
-0.0448714
-0.0438052
-0.0389308
-0.0369859
-0.0330157
-0.0313945
-0.0271894
-0.0256032
-0.0229618
-0.0204428
-0.0176148
-0.016621
-0.0133362
-0.0129779
-0.00910513
-0.00946409
-0.00713646
-0.00619488
-0.00629079
-0.00271858
-0.00167459
-0.00131921
-35.691
-35.8607
-35.9671
-36.0422
-36.1004
-36.1432
-36.1729
-36.1913
-36.1986
-36.1935
-36.1741
-36.1373
-36.0794
-35.9958
-35.8818
-35.7316
-35.5391
-35.2976
-34.9995
-34.6369
-34.2016
-33.6845
-33.0774
-32.3712
-31.559
-30.6345
-29.5939
-28.4363
-27.1655
-25.7888
-24.319
-22.7748
-21.1803
-19.5637
-17.9583
-16.3991
-14.9208
-13.558
-12.3399
-11.2915
-10.4292
-9.76237
-9.29106
-9.00723
-8.89563
-8.93465
-9.09846
-9.35861
-9.68573
-10.0514
-10.4289
-10.7943
-11.1269
-11.4094
-11.6279
-11.7722
-11.8353
-11.8137
-11.707
-11.5175
-11.2499
-10.9111
-10.5093
-10.0536
-9.55368
-9.01926
-8.45974
-7.88393
-7.2999
-6.71485
-6.13515
-5.56615
-5.01247
-4.47788
-3.96548
-3.47778
-3.01675
-2.584
-2.18072
-1.8079
-1.46628
-1.15636
-0.878452
-0.632657
-0.418749
-0.236235
-0.0842596
0.0384244
0.133425
0.202723
0.248657
0.273882
0.281381
0.274436
0.256626
0.231622
0.203066
0.174232
0.147781
0.125585
0.108673
0.0972962
0.0910354
0.089008
0.0900368
0.0928337
0.0961464
0.0988598
0.100102
0.0992793
0.0961285
0.0907002
0.0833513
0.0746589
0.0653083
0.0559628
0.0471439
0.0391623
0.0321078
0.0258877
0.0202892
0.0150507
0.00993519
0.00478011
-0.00049365
-0.00589784
-0.0114056
-0.0169889
-0.0226402
-0.0284024
-0.0343376
-0.0404987
-0.0469217
-0.0535955
-0.0605006
-0.067639
-0.0749952
-0.0824967
-0.0900186
-0.0974198
-0.104684
-0.111758
-0.118463
-0.124593
-0.130059
-0.134894
-0.139033
-0.142254
-0.144602
-0.1462
-0.146968
-0.146918
-0.146202
-0.144862
-0.142859
-0.140463
-0.137653
-0.134338
-0.130841
-0.127073
-0.123035
-0.118883
-0.114653
-0.110287
-0.105905
-0.101215
-0.0970556
-0.0925234
-0.0876944
-0.0840232
-0.079048
-0.0748376
-0.0715206
-0.0659408
-0.0633042
-0.0589373
-0.0540981
-0.0524342
-0.0471087
-0.0447246
-0.0411028
-0.0379498
-0.0344973
-0.0323098
-0.0287326
-0.0262627
-0.0233374
-0.0216567
-0.0181111
-0.0169985
-0.0139008
-0.0127456
-0.0100123
-0.0099414
-0.00762725
-0.0071336
-0.00514577
-0.00282741
-0.00306395
-0.00107486
-35.757
-35.9295
-36.0371
-36.1121
-36.1693
-36.2104
-36.2378
-36.2536
-36.2578
-36.2497
-36.2271
-36.1871
-36.126
-36.0396
-35.9228
-35.7702
-35.5757
-35.3327
-35.0338
-34.6713
-34.2368
-33.7214
-33.1167
-32.4138
-31.6054
-30.6848
-29.6479
-28.4929
-27.2221
-25.8425
-24.3649
-22.8072
-21.1916
-19.546
-17.9034
-16.2983
-14.7678
-13.3481
-12.072
-10.9683
-10.0579
-9.35433
-8.8619
-8.5752
-8.48058
-8.55635
-8.77482
-9.10428
-9.51123
-9.96238
-10.4263
-10.8749
-11.2841
-11.6342
-11.9099
-12.1
-12.1975
-12.199
-12.1049
-11.9182
-11.6449
-11.2931
-10.8722
-10.3927
-9.86553
-9.30156
-8.71117
-8.10405
-7.48901
-6.8738
-6.26517
-5.6688
-5.08946
-4.53102
-3.99665
-3.48878
-3.00939
-2.55999
-2.14178
-1.7557
-1.40246
-1.08261
-0.796506
-0.544243
-0.325664
-0.140276
0.0127974
0.134817
0.227465
0.292838
0.333393
0.351963
0.351744
0.336297
0.309545
0.275627
0.238629
0.202256
0.1695
0.142393
0.121975
0.108368
0.10094
0.0985451
0.0997302
0.102941
0.106692
0.109685
0.110902
0.109672
0.105697
0.0990697
0.0902395
0.079925
0.0689756
0.0581977
0.048213
0.0393705
0.0317402
0.0251639
0.0193444
0.0139391
0.00865274
0.00329439
-0.00221653
-0.00787428
-0.0136304
-0.0194425
-0.0253005
-0.0312428
-0.0373477
-0.0436989
-0.0503408
-0.0572828
-0.0644881
-0.0719368
-0.0796294
-0.0875032
-0.0954429
-0.103303
-0.110961
-0.118406
-0.125503
-0.131994
-0.137769
-0.142811
-0.147082
-0.150433
-0.152829
-0.154354
-0.155012
-0.154837
-0.15387
-0.152326
-0.150141
-0.147394
-0.144277
-0.140789
-0.136909
-0.132871
-0.128637
-0.124134
-0.119715
-0.114913
-0.110443
-0.105587
-0.100816
-0.0966607
-0.0910556
-0.0872913
-0.0827276
-0.0772026
-0.0745858
-0.0687309
-0.0649572
-0.0617609
-0.0561665
-0.0538887
-0.0496935
-0.045656
-0.0430922
-0.0388901
-0.0363846
-0.0324196
-0.030701
-0.026825
-0.0240529
-0.0224331
-0.0183523
-0.0177921
-0.0138597
-0.0135092
-0.0110296
-0.0100322
-0.00843037
-0.00656913
-0.00470229
-0.00420837
-0.00349253
-0.000277049
-35.8426
-36.0175
-36.1258
-36.2004
-36.2564
-36.2954
-36.3205
-36.3334
-36.3347
-36.3235
-36.2978
-36.2548
-36.1909
-36.1019
-35.9829
-35.8285
-35.6328
-35.3892
-35.0905
-34.729
-34.2963
-33.7839
-33.183
-32.4848
-31.6817
-30.7666
-29.735
-28.5844
-27.3161
-25.9359
-24.4536
-22.8854
-21.2522
-19.5812
-17.9043
-16.256
-14.6749
-13.1977
-11.8613
-10.6976
-9.7322
-8.98299
-8.45931
-8.1595
-8.07246
-8.17772
-8.44659
-8.84469
-9.33423
-9.87654
-10.4345
-10.9747
-11.4688
-11.8937
-12.232
-12.4719
-12.6059
-12.6313
-12.549
-12.3636
-12.0822
-11.7142
-11.2709
-10.764
-10.2059
-9.60872
-8.98406
-8.34247
-7.69352
-7.04556
-6.40569
-5.77996
-5.17325
-4.5895
-4.03184
-3.50268
-3.00392
-2.537
-2.10303
-1.70292
-1.33738
-1.00698
-0.712107
-0.452913
-0.229276
-0.0407272
0.113597
0.234992
0.325212
0.386451
0.421306
0.432763
0.424235
0.399583
0.363096
0.319457
0.273283
0.228787
0.189345
0.157171
0.133296
0.117679
0.109422
0.10706
0.108821
0.112842
0.11738
0.120921
0.12229
0.120725
0.115902
0.107961
0.0974674
0.0853253
0.0725803
0.0602202
0.0489864
0.0392696
0.0311053
0.0242496
0.0182929
0.0127929
0.00738027
0.00183651
-0.00391182
-0.00983056
-0.0158398
-0.0218757
-0.0279238
-0.0340359
-0.0403017
-0.0468253
-0.0536814
-0.0608815
-0.0683985
-0.0761874
-0.0842298
-0.0924931
-0.100872
-0.109204
-0.11734
-0.125183
-0.132668
-0.139584
-0.145682
-0.150972
-0.155409
-0.158851
-0.161272
-0.162748
-0.163263
-0.162908
-0.161802
-0.159938
-0.157457
-0.1545
-0.151001
-0.147222
-0.14314
-0.138758
-0.134176
-0.129492
-0.124745
-0.119665
-0.114828
-0.110174
-0.104527
-0.100401
-0.0951782
-0.0897928
-0.086569
-0.0799461
-0.076729
-0.0723147
-0.0664426
-0.0642606
-0.0586997
-0.0552469
-0.0517744
-0.0473724
-0.0441099
-0.0407148
-0.0374875
-0.0337612
-0.0311598
-0.0279914
-0.0247703
-0.0225977
-0.0192246
-0.0179933
-0.0145296
-0.0148891
-0.0105127
-0.0111468
-0.00791468
-0.0066873
-0.00606532
-0.00425727
-0.00221327
0.000499586
-35.9486
-36.125
-36.2336
-36.3075
-36.362
-36.3989
-36.4213
-36.4314
-36.4297
-36.4154
-36.3868
-36.3411
-36.2747
-36.1836
-36.0629
-35.9075
-35.7114
-35.4683
-35.1709
-34.8116
-34.3823
-33.8742
-33.2787
-32.5869
-31.7908
-30.8832
-29.859
-28.7151
-27.452
-26.0739
-24.5901
-23.0149
-21.3682
-19.6753
-17.968
-16.2801
-14.6501
-13.1171
-11.7194
-10.4923
-9.46603
-8.6631
-8.09781
-7.77347
-7.6828
-7.80773
-8.11987
-8.58324
-9.15602
-9.79393
-10.4534
-11.0944
-11.6827
-12.1909
-12.5988
-12.8931
-13.0663
-13.1163
-13.0452
-12.8589
-12.5664
-12.1788
-11.709
-11.1705
-10.5774
-9.94301
-9.28026
-8.60071
-7.91471
-7.23118
-6.5577
-5.90049
-5.26461
-4.65401
-4.07175
-3.52017
-3.00103
-2.51565
-2.06508
-1.65017
-1.27161
-0.930006
-0.625768
-0.359117
-0.129992
0.0620329
0.217808
0.33866
0.426404
0.483331
0.51217
0.516063
0.498613
0.464007
0.416931
0.362689
0.30652
0.25327
0.206752
0.169383
0.142167
0.124842
0.116191
0.114366
0.117211
0.122518
0.128248
0.132649
0.134375
0.132554
0.126845
0.117441
0.105065
0.0908376
0.0760608
0.0619441
0.0493714
0.0387767
0.0301423
0.0231065
0.0171224
0.0116158
0.00613344
0.000421928
-0.0055743
-0.01177
-0.0180396
-0.0242944
-0.0305195
-0.0367775
-0.0431855
-0.0498696
-0.0569259
-0.0643859
-0.0722136
-0.0803658
-0.0887927
-0.09746
-0.106304
-0.115149
-0.123794
-0.132129
-0.14002
-0.147351
-0.153847
-0.159378
-0.163976
-0.167549
-0.169958
-0.171381
-0.17179
-0.171196
-0.169843
-0.167743
-0.164902
-0.161646
-0.157935
-0.153744
-0.149369
-0.144768
-0.139801
-0.13477
-0.129859
-0.12455
-0.119148
-0.114559
-0.108693
-0.103669
-0.0993447
-0.092788
-0.0892742
-0.0838974
-0.0782395
-0.0756153
-0.0687895
-0.066054
-0.0612993
-0.0569032
-0.0533393
-0.0491951
-0.0454554
-0.0421824
-0.0382337
-0.0355697
-0.0309336
-0.0296446
-0.0247687
-0.0232864
-0.0202476
-0.0180324
-0.0161277
-0.0146917
-0.0111829
-0.0116987
-0.00733529
-0.00811621
-0.00638486
-0.00351216
-0.00119618
0.000672505
-36.0749
-36.2523
-36.3609
-36.4339
-36.4867
-36.5213
-36.5409
-36.548
-36.5432
-36.526
-36.4946
-36.4464
-36.378
-36.2853
-36.1637
-36.008
-35.8125
-35.5709
-35.2761
-34.9206
-34.4962
-33.9942
-33.4059
-32.7224
-31.9355
-31.0378
-30.0234
-28.8888
-27.6336
-26.2609
-24.7791
-23.2004
-21.5442
-19.834
-18.1003
-16.3769
-14.7018
-13.1148
-11.6563
-10.3642
-9.27273
-8.40906
-7.79263
-7.43215
-7.32534
-7.45776
-7.80306
-8.32495
-8.97864
-9.71453
-10.4819
-11.233
-11.9261
-12.5278
-13.0138
-13.3686
-13.5845
-13.6602
-13.5994
-13.4099
-13.1028
-12.6914
-12.1906
-11.6158
-10.9829
-10.3069
-9.60179
-8.88045
-8.15396
-7.43188
-6.72217
-6.0313
-5.36439
-4.72535
-4.11716
-3.54199
-3.00144
-2.4967
-2.02869
-1.59818
-1.20587
-0.852357
-0.538115
-0.263438
-0.0283522
0.167511
0.32498
0.445401
0.530653
0.583119
0.60565
0.601546
0.574565
0.529189
0.470614
0.404773
0.337713
0.275027
0.221037
0.178396
0.148041
0.129425
0.120926
0.120247
0.124789
0.13195
0.139351
0.144977
0.147291
0.145306
0.138652
0.1276
0.11306
0.0964347
0.0793409
0.0632613
0.0492557
0.0377933
0.0287799
0.0217001
0.0158263
0.0104232
0.00493058
-0.00093548
-0.00719603
-0.0136974
-0.0202465
-0.0267136
-0.0330894
-0.0394678
-0.0459919
-0.0528232
-0.0600733
-0.067786
-0.075936
-0.0844594
-0.0933073
-0.102421
-0.111737
-0.121131
-0.130342
-0.139197
-0.147579
-0.155322
-0.162223
-0.168088
-0.172846
-0.176524
-0.178983
-0.180243
-0.180516
-0.179731
-0.178054
-0.175674
-0.172574
-0.168942
-0.16484
-0.160526
-0.155621
-0.150707
-0.14561
-0.14012
-0.134765
-0.129626
-0.123508
-0.118579
-0.113238
-0.106909
-0.102991
-0.0965657
-0.0913855
-0.0876767
-0.0806382
-0.0776735
-0.0721434
-0.0671475
-0.0640462
-0.0583482
-0.0550678
-0.0507409
-0.0470889
-0.0431519
-0.0395011
-0.0363953
-0.0318719
-0.0300703
-0.025557
-0.0242062
-0.0207046
-0.0189529
-0.0167571
-0.0143598
-0.0125347
-0.0106784
-0.00884793
-0.00865035
-0.00510393
-0.0030488
-0.00147684
4.13501e-05
-36.2219
-36.3997
-36.508
-36.5798
-36.6306
-36.6627
-36.6796
-36.6836
-36.6758
-36.6557
-36.6217
-36.5713
-36.5012
-36.4075
-36.2856
-36.1306
-35.9368
-35.6979
-35.4071
-35.0568
-34.639
-34.145
-33.5661
-32.8931
-32.1178
-31.2324
-30.2306
-29.1082
-27.864
-26.5003
-25.024
-23.4461
-21.7845
-20.0617
-18.3064
-16.552
-14.8356
-13.1982
-11.6805
-10.3234
-9.1641
-8.23428
-7.55838
-7.15085
-7.01504
-7.14119
-7.50687
-8.07698
-8.80555
-9.6385
-10.5183
-11.3883
-12.1976
-12.9047
-13.4793
-13.9027
-14.1661
-14.2693
-14.2182
-14.0229
-13.6972
-13.2572
-12.7201
-12.1036
-11.4256
-10.7028
-9.95082
-9.18345
-8.41276
-7.64891
-6.90024
-6.17338
-5.47351
-4.80442
-4.16894
-3.56901
-3.00604
-2.48103
-1.99474
-1.54786
-1.14103
-0.774878
-0.449948
-0.16664
0.0749322
0.275055
0.434504
0.554642
0.637404
0.685307
0.701293
0.688772
0.651653
0.594664
0.523578
0.445037
0.366087
0.293216
0.231366
0.18344
0.150255
0.130903
0.12326
0.12448
0.131453
0.141131
0.15076
0.158034
0.1612
0.159147
0.151472
0.13854
0.121491
0.10208
0.0823217
0.0640404
0.0484987
0.036201
0.0269374
0.0199913
0.0144024
0.00923623
0.00380418
-0.00220956
-0.00876967
-0.0156172
-0.0224682
-0.0291486
-0.0356496
-0.0421046
-0.048711
-0.0556653
-0.0631081
-0.0710714
-0.0795392
-0.0884562
-0.0977387
-0.107341
-0.11718
-0.127132
-0.136975
-0.14643
-0.155338
-0.163573
-0.170884
-0.177074
-0.18207
-0.185781
-0.188245
-0.189447
-0.189467
-0.188493
-0.186518
-0.183761
-0.180333
-0.176433
-0.171889
-0.167193
-0.162174
-0.156588
-0.151303
-0.145777
-0.139527
-0.134484
-0.128347
-0.122264
-0.117687
-0.110666
-0.105912
-0.100597
-0.0939785
-0.0903933
-0.0841125
-0.079038
-0.0753162
-0.0689365
-0.0657845
-0.0605659
-0.0564164
-0.0525868
-0.0480718
-0.0447311
-0.0401383
-0.0372994
-0.033113
-0.0301775
-0.0271154
-0.0239464
-0.021804
-0.0195049
-0.0165528
-0.0151282
-0.0126866
-0.0109758
-0.0103359
-0.007398
-0.0043372
-0.00296607
-0.00234581
-0.000352769
-36.3894
-36.5673
-36.675
-36.7453
-36.7941
-36.8236
-36.8374
-36.8384
-36.8275
-36.8046
-36.7683
-36.716
-36.6446
-36.5505
-36.4292
-36.2757
-36.0847
-35.8498
-35.5644
-35.2211
-34.8117
-34.3278
-33.7603
-33.1004
-32.3392
-31.4689
-30.4826
-29.3756
-28.1458
-26.7947
-25.3277
-23.7549
-22.0926
-20.3619
-18.59
-16.8094
-15.0565
-13.3724
-11.7986
-10.3777
-9.14977
-8.15014
-7.40837
-6.94419
-6.76712
-6.8729
-7.24429
-7.84922
-8.6424
-9.5674
-10.5606
-11.5564
-12.4932
-13.3191
-13.9954
-14.4979
-14.8159
-14.9499
-14.9082
-14.7045
-14.3559
-13.8817
-13.3022
-12.6379
-11.9088
-11.1336
-10.3295
-9.51151
-8.69263
-7.88357
-7.09303
-6.3278
-5.59295
-4.89218
-4.22804
-3.60223
-3.01587
-2.4697
-1.9643
-1.50026
-1.07814
-0.698608
-0.362289
-0.0696801
0.178966
0.383809
0.545563
0.665598
0.745936
0.789194
0.798436
0.777134
0.729289
0.659842
0.575104
0.48265
0.390693
0.306825
0.23674
0.1836
0.148039
0.128681
0.122764
0.126802
0.137085
0.150061
0.162566
0.171976
0.176302
0.174287
0.16549
0.150385
0.130392
0.107717
0.0848716
0.0641087
0.0469283
0.0338558
0.0245221
0.0179445
0.0128645
0.00809674
0.0027999
-0.00336445
-0.010277
-0.0175379
-0.0247319
-0.0316181
-0.0382056
-0.0446854
-0.0513231
-0.0583792
-0.0660045
-0.0742353
-0.0830229
-0.0923307
-0.102093
-0.112209
-0.122636
-0.133202
-0.143691
-0.153827
-0.163328
-0.172061
-0.179852
-0.186368
-0.191592
-0.195441
-0.197834
-0.198936
-0.198752
-0.197419
-0.195162
-0.192088
-0.188226
-0.183939
-0.179207
-0.173844
-0.168616
-0.162898
-0.156723
-0.151372
-0.144814
-0.13874
-0.133534
-0.126097
-0.121476
-0.115037
-0.108577
-0.104282
-0.0971433
-0.0926567
-0.0873514
-0.0812237
-0.0773416
-0.0717187
-0.0667608
-0.0633502
-0.0571609
-0.0548254
-0.0486177
-0.0467358
-0.0403533
-0.0389256
-0.0333165
-0.0312564
-0.0277357
-0.024631
-0.0229174
-0.019011
-0.0173079
-0.0154257
-0.0126256
-0.0123062
-0.00936666
-0.00663134
-0.00467699
-0.00342353
-0.00284501
0.000158881
-36.5774
-36.7549
-36.8618
-36.9306
-36.9771
-37.0039
-37.0147
-37.0125
-36.9987
-36.9731
-36.9345
-36.8806
-36.8086
-36.7147
-36.5946
-36.4437
-36.2565
-36.027
-35.7486
-35.4139
-35.0149
-34.5431
-33.9895
-33.345
-32.6008
-31.7484
-30.7807
-29.6925
-28.4808
-27.146
-25.6925
-24.1292
-22.471
-20.7371
-18.9538
-17.1519
-15.3677
-13.6413
-12.015
-10.5327
-9.23654
-8.16558
-7.35335
-6.82508
-6.59599
-6.66812
-7.02994
-7.65418
-8.49826
-9.50546
-10.6082
-11.7328
-12.8068
-13.7655
-14.5588
-15.1542
-15.5368
-15.7071
-15.6761
-15.4616
-15.0853
-14.5709
-13.9423
-13.2232
-12.4362
-11.6023
-10.7403
-9.86664
-8.99517
-8.13721
-7.30177
-6.49564
-5.7238
-4.98971
-4.29558
-3.64279
-3.03208
-2.46392
-1.93865
-1.45667
-1.0185
-0.624825
-0.276352
0.0262692
0.282594
0.49266
0.657089
0.777238
0.85524
0.893831
0.896194
0.865806
0.806687
0.723908
0.624294
0.516541
0.410313
0.314574
0.235916
0.177768
0.140494
0.122073
0.118968
0.126924
0.141561
0.158748
0.174879
0.186984
0.192822
0.190964
0.180921
0.163281
0.139813
0.113276
0.0868269
0.0632525
0.0443297
0.0305851
0.0214286
0.0155232
0.0112341
0.00706049
0.00198065
-0.00436222
-0.0117149
-0.019475
-0.0270608
-0.0341532
-0.040778
-0.047213
-0.0538225
-0.0609491
-0.0687535
-0.0772464
-0.0863774
-0.0960835
-0.106317
-0.11701
-0.128057
-0.139312
-0.150504
-0.161351
-0.171561
-0.180869
-0.18914
-0.196081
-0.20149
-0.20544
-0.207812
-0.208678
-0.208297
-0.206672
-0.20399
-0.200545
-0.196388
-0.191471
-0.186548
-0.180831
-0.174846
-0.169296
-0.162502
-0.156453
-0.15057
-0.143042
-0.138071
-0.130788
-0.124564
-0.119469
-0.111676
-0.107269
-0.100806
-0.0948318
-0.0901766
-0.0839191
-0.0789712
-0.0744063
-0.0683343
-0.065187
-0.0588415
-0.0561462
-0.0500043
-0.047522
-0.0416436
-0.0396488
-0.0341055
-0.0324307
-0.027909
-0.0257609
-0.0223552
-0.0196166
-0.0181036
-0.0152695
-0.0138074
-0.0120534
-0.00786559
-0.00702084
-0.0049495
-0.004257
-0.00253494
0.000651948
-36.786
-36.9627
-37.0685
-37.1356
-37.1797
-37.2036
-37.2113
-37.206
-37.1892
-37.161
-37.1205
-37.0655
-36.9932
-36.9001
-36.7822
-36.6348
-36.4526
-36.2298
-35.9599
-35.6356
-35.249
-34.7915
-34.2542
-33.6278
-32.9033
-32.072
-31.1263
-30.0603
-28.8704
-27.556
-26.1204
-24.5711
-22.9215
-21.1896
-19.4
-17.5823
-15.7717
-14.0077
-12.3331
-10.7921
-9.4295
-8.28666
-7.40123
-6.80337
-6.51375
-6.5406
-6.87858
-7.50601
-8.38477
-9.46027
-10.6632
-11.9145
-13.1313
-14.2354
-15.1623
-15.8676
-16.3288
-16.5443
-16.5274
-16.3009
-15.8925
-15.3312
-14.6458
-13.864
-13.0115
-12.1119
-11.1857
-10.2508
-9.32206
-8.41127
-7.52766
-6.67809
-5.86719
-5.09817
-4.37279
-3.69196
-3.05605
-2.46512
-1.91923
-1.4186
-0.963645
-0.555063
-0.193655
0.119712
0.384396
0.600229
0.767714
0.888216
0.963985
0.997936
0.993354
0.953683
0.882803
0.785784
0.669955
0.545341
0.423418
0.314866
0.227369
0.164602
0.126507
0.110238
0.111301
0.124523
0.144741
0.1672
0.187819
0.203269
0.21103
0.209472
0.198019
0.177396
0.149789
0.118655
0.0879716
0.0611938
0.0404305
0.0261791
0.0175378
0.0127012
0.00955814
0.00621413
0.0014354
-0.00513379
-0.0130548
-0.0214477
-0.0294951
-0.036781
-0.0433819
-0.049682
-0.0561839
-0.0633261
-0.0713055
-0.0800874
-0.0895614
-0.0996878
-0.110406
-0.121699
-0.133465
-0.145457
-0.157456
-0.169087
-0.180024
-0.190042
-0.19879
-0.206133
-0.21182
-0.215796
-0.21816
-0.218856
-0.218108
-0.21615
-0.213119
-0.209077
-0.204684
-0.19934
-0.193688
-0.188033
-0.181351
-0.175216
-0.168892
-0.161347
-0.155963
-0.148066
-0.141778
-0.135869
-0.127837
-0.123224
-0.115542
-0.109753
-0.104415
-0.0972973
-0.092653
-0.0866566
-0.0808406
-0.0765542
-0.07034
-0.0664422
-0.0610161
-0.0566583
-0.0520355
-0.047754
-0.0436908
-0.0393074
-0.0361779
-0.0322089
-0.029074
-0.0258646
-0.022478
-0.0207348
-0.0178011
-0.0160056
-0.0141975
-0.0105632
-0.00799997
-0.0074647
-0.00520505
-0.00477321
-0.00188274
0.000400045
-37.0145
-37.1903
-37.2949
-37.3601
-37.4018
-37.4228
-37.4273
-37.4188
-37.3992
-37.3686
-37.3264
-37.2706
-37.1986
-37.107
-36.9921
-36.8492
-36.6732
-36.4586
-36.1988
-35.8867
-35.5144
-35.0735
-34.5549
-33.9493
-33.2474
-32.4404
-31.5201
-30.48
-29.3159
-28.0262
-26.6129
-25.0824
-23.4465
-21.7218
-19.9312
-18.103
-16.2711
-14.4744
-12.7556
-11.1594
-9.7322
-8.51802
-7.55788
-6.88652
-6.52966
-6.50165
-6.80336
-7.41897
-8.3157
-9.44293
-10.7323
-12.1019
-13.4611
-14.7191
-15.7954
-16.6296
-17.1875
-17.4616
-17.4658
-17.2284
-16.7841
-16.1691
-15.4186
-14.5654
-13.639
-12.6656
-11.6683
-10.6662
-9.67504
-8.7072
-7.77211
-6.87637
-6.02439
-5.21886
-4.46101
-3.75123
-3.08932
-2.47495
-1.90782
-1.38784
-0.915407
-0.491138
-0.116034
0.208856
0.482597
0.704757
0.875691
0.996781
1.07042
1.09979
1.08829
1.03928
0.956247
0.844089
0.710569
0.567297
0.428056
0.305705
0.209207
0.142469
0.104789
0.0922297
0.0991247
0.119222
0.14646
0.175418
0.201521
0.22106
0.231219
0.230124
0.217081
0.19293
0.160354
0.123704
0.088014
0.0575774
0.0348961
0.0203835
0.0127065
0.00945946
0.00791349
0.0056841
0.00128377
-0.00561883
-0.0142996
-0.0234973
-0.0320986
-0.039566
-0.0460459
-0.052081
-0.058386
-0.0655076
-0.0736485
-0.082733
-0.0925833
-0.103133
-0.114354
-0.126265
-0.138807
-0.151652
-0.164497
-0.177008
-0.188755
-0.199504
-0.208912
-0.216615
-0.222616
-0.226681
-0.228865
-0.229365
-0.22828
-0.225805
-0.222482
-0.217952
-0.212887
-0.207466
-0.201014
-0.194974
-0.188346
-0.181014
-0.175009
-0.166997
-0.160389
-0.153727
-0.145455
-0.140319
-0.132085
-0.126059
-0.119808
-0.112387
-0.107372
-0.100469
-0.0945253
-0.089514
-0.0827662
-0.0785459
-0.0723169
-0.06794
-0.0625297
-0.0579798
-0.0532739
-0.0487381
-0.0447473
-0.0401767
-0.03739
-0.0320911
-0.0301442
-0.0251865
-0.0238637
-0.020586
-0.0183769
-0.0166628
-0.0129969
-0.0102079
-0.0087282
-0.0075978
-0.00588323
-0.00447404
-0.00140094
-0.00032568
-37.263
-37.4376
-37.5408
-37.6041
-37.6432
-37.6612
-37.6624
-37.6509
-37.6285
-37.5958
-37.5522
-37.496
-37.4249
-37.3356
-37.2244
-37.087
-36.9186
-36.7135
-36.4654
-36.1674
-35.8116
-35.3895
-34.8922
-34.3102
-33.6341
-32.8546
-31.9633
-30.9531
-29.8189
-28.5583
-27.1721
-25.6655
-24.0486
-22.3365
-20.5504
-18.7172
-16.8693
-15.0452
-13.2862
-11.6384
-10.1489
-8.86426
-7.82848
-7.08051
-6.65107
-6.56038
-6.81521
-7.40573
-8.30495
-9.46673
-10.8257
-12.3
-13.7944
-15.2083
-16.4457
-17.4278
-18.1036
-18.4545
-18.4918
-18.248
-17.7658
-17.0909
-16.2668
-15.3325
-14.3227
-13.267
-12.1908
-11.1148
-10.0558
-9.02658
-8.03645
-7.09184
-6.19672
-5.35316
-4.56175
-3.82217
-3.13366
-2.49531
-1.90637
-1.36652
-0.875941
-0.435293
-0.0457044
0.291473
0.574981
0.804038
0.978808
1.10067
1.17228
1.19712
1.17883
1.12058
1.02519
0.897001
0.744172
0.580179
0.42176
0.28454
0.179068
0.109336
0.0737143
0.0668772
0.0816751
0.110572
0.14652
0.183398
0.216121
0.240611
0.253728
0.253308
0.238456
0.210109
0.171536
0.128227
0.0865779
0.0519537
0.0273117
0.012896
0.00679046
0.00579577
0.00640425
0.00562725
0.00167715
-0.00571645
-0.0154352
-0.0256872
-0.0349485
-0.0425619
-0.0487971
-0.0544161
-0.0603902
-0.0674222
-0.0757359
-0.0851439
-0.0953888
-0.106368
-0.118087
-0.130676
-0.144036
-0.157846
-0.171705
-0.185133
-0.197842
-0.209408
-0.219463
-0.227672
-0.233827
-0.237993
-0.24006
-0.24017
-0.238844
-0.235843
-0.231867
-0.22714
-0.221223
-0.215489
-0.208829
-0.201733
-0.195349
-0.187306
-0.180442
-0.173156
-0.164762
-0.158868
-0.150025
-0.14392
-0.136731
-0.129014
-0.123428
-0.115724
-0.109749
-0.103733
-0.0966294
-0.0919709
-0.0849525
-0.0801804
-0.0745286
-0.0690276
-0.0643489
-0.05907
-0.0544767
-0.0499699
-0.0453514
-0.0415351
-0.036962
-0.0333071
-0.0300399
-0.0261647
-0.0245973
-0.0204565
-0.0197915
-0.0154111
-0.0123436
-0.0112064
-0.00911427
-0.00789289
-0.00611803
-0.00391689
-0.00185087
-0.00101455
-37.5309
-37.7041
-37.8058
-37.8671
-37.9036
-37.9185
-37.9167
-37.9021
-37.8771
-37.8425
-37.7979
-37.7418
-37.6721
-37.5858
-37.4794
-37.3487
-37.189
-36.9949
-36.7603
-36.4782
-36.141
-35.7402
-35.2668
-34.7113
-34.0641
-33.3157
-32.4572
-31.4809
-30.3812
-29.1545
-27.8005
-26.3232
-24.7309
-23.0373
-21.2617
-19.4294
-17.5713
-15.7244
-13.9306
-12.2349
-10.6855
-9.33132
-8.21902
-7.39164
-6.88484
-6.72446
-6.92311
-7.47694
-8.36474
-9.54501
-10.9564
-12.5185
-14.1352
-15.6993
-17.1024
-18.2473
-19.0628
-19.5132
-19.6012
-19.3605
-18.842
-18.1025
-17.1961
-16.1708
-15.0672
-13.9196
-12.756
-11.5991
-10.4663
-9.37085
-8.32204
-7.32582
-6.38557
-5.50256
-4.67663
-3.90662
-3.19105
-2.52834
-1.91725
-1.35711
-0.847847
-0.390166
0.0146486
0.364892
0.658862
0.895357
1.07427
1.19701
1.26658
1.28697
1.26211
1.19487
1.08716
0.942138
0.768195
0.581038
0.401278
0.248124
0.133958
0.0627273
0.0314287
0.0328518
0.058049
0.0980422
0.144677
0.191099
0.231741
0.262174
0.278913
0.27943
0.26254
0.229188
0.183331
0.131933
0.0831634
0.043745
0.0171471
0.00333998
-0.000388726
0.00173726
0.00521612
0.00629919
0.00284298
-0.00530624
-0.0164474
-0.0280866
-0.0381662
-0.0458846
-0.0516656
-0.0566296
-0.0621357
-0.0690209
-0.0775318
-0.0873038
-0.0979673
-0.109398
-0.121603
-0.134919
-0.149206
-0.164052
-0.179063
-0.193521
-0.207214
-0.21976
-0.230494
-0.239201
-0.245702
-0.249767
-0.251784
-0.251483
-0.249526
-0.246306
-0.241404
-0.236358
-0.230066
-0.223341
-0.216822
-0.208837
-0.201867
-0.194134
-0.185661
-0.179057
-0.169818
-0.163167
-0.155237
-0.147261
-0.141025
-0.132563
-0.126328
-0.119476
-0.111987
-0.106703
-0.099112
-0.0937599
-0.0878092
-0.0812546
-0.0769668
-0.0699075
-0.0664516
-0.0595191
-0.0565339
-0.050106
-0.0470276
-0.0416895
-0.0376762
-0.0340289
-0.0296587
-0.0274553
-0.0241821
-0.0215001
-0.0194278
-0.0144717
-0.0134643
-0.0114971
-0.00917905
-0.00803115
-0.00560717
-0.00406732
-0.0027924
-0.00129478
-37.8179
-37.9897
-38.0897
-38.1489
-38.1827
-38.1946
-38.1897
-38.1723
-38.1448
-38.1085
-38.0633
-38.0079
-37.9404
-37.8579
-37.7572
-37.6343
-37.4847
-37.3032
-37.0837
-36.8195
-36.503
-36.126
-35.6793
-35.1533
-34.5384
-33.8248
-33.0031
-32.0654
-31.0048
-29.8172
-28.501
-27.0589
-25.4975
-23.8288
-22.0702
-20.2453
-18.3835
-16.5201
-14.696
-12.9566
-11.3504
-9.92763
-8.73807
-7.82848
-7.23919
-7.00191
-7.13515
-7.64157
-8.5052
-9.68961
-11.1371
-12.7698
-14.492
-16.1939
-17.7588
-19.0745
-20.0481
-20.6223
-20.7841
-20.5623
-20.014
-19.2081
-18.2121
-17.0852
-15.877
-14.6269
-13.3668
-12.121
-10.9081
-9.74154
-8.63027
-7.5797
-6.59239
-5.66869
-4.80746
-4.00658
-3.2637
-2.57649
-1.94314
-1.36245
-0.834136
-0.358867
0.0618296
0.425841
0.73091
0.975316
1.15858
1.28216
1.34953
1.36543
1.3343
1.2586
1.13885
0.976317
0.779166
0.565953
0.362351
0.192223
0.0701425
-0.000412824
-0.0244467
-0.0115323
0.027177
0.0809879
0.140605
0.198434
0.248472
0.285987
0.307142
0.308955
0.289782
0.250454
0.195722
0.134441
0.0771149
0.0322008
0.00374276
-0.00872163
-0.0090043
-0.00265183
0.00457344
0.00799955
0.00504247
-0.00425811
-0.0173852
-0.0308658
-0.0419171
-0.0496404
-0.0547087
-0.0587361
-0.0635656
-0.0702485
-0.0790018
-0.0892047
-0.100311
-0.112145
-0.124849
-0.138906
-0.154192
-0.170247
-0.186509
-0.202172
-0.216986
-0.230608
-0.242208
-0.251361
-0.258162
-0.262225
-0.263761
-0.263343
-0.260543
-0.256881
-0.251545
-0.245433
-0.239204
-0.231486
-0.224461
-0.216559
-0.208074
-0.2009
-0.191385
-0.184213
-0.175536
-0.16721
-0.160149
-0.151232
-0.144452
-0.136727
-0.128948
-0.122937
-0.114747
-0.109078
-0.101976
-0.095503
-0.0902387
-0.0827939
-0.0788422
-0.0712072
-0.0680085
-0.0606426
-0.0578486
-0.0507927
-0.0481867
-0.0412912
-0.0391208
-0.0334461
-0.0310661
-0.0276677
-0.0245063
-0.0215847
-0.0180111
-0.0154365
-0.0139621
-0.0112491
-0.00983729
-0.00764696
-0.004871
-0.00481643
-0.00335888
-0.00121676
-38.1238
-38.2936
-38.392
-38.449
-38.4801
-38.4891
-38.4811
-38.461
-38.4314
-38.3939
-38.3485
-38.2944
-38.2297
-38.1519
-38.0578
-37.944
-37.8058
-37.6385
-37.4359
-37.1918
-36.8984
-36.5476
-36.1304
-35.6372
-35.0582
-34.3833
-33.6029
-32.7084
-31.6923
-30.5494
-29.2772
-27.8766
-26.353
-24.7163
-22.982
-21.1718
-19.3131
-17.44
-15.5919
-13.8136
-12.1537
-10.6641
-9.3968
-8.40187
-7.72468
-7.40264
-7.46071
-7.90818
-8.73509
-9.90996
-11.3788
-13.0658
-14.8764
-16.6996
-18.415
-19.8999
-21.043
-21.7633
-22.025
-21.8442
-21.2789
-20.4093
-19.3185
-18.0806
-16.7563
-15.3926
-14.0259
-12.6828
-11.3831
-10.1401
-8.96253
-7.85488
-6.81874
-5.85327
-4.95617
-4.12426
-3.35415
-2.64262
-1.9871
-1.38585
-0.838291
-0.345092
0.0920142
0.470378
0.787094
1.03975
1.2274
1.35152
1.41627
1.42744
1.39028
1.30685
1.17568
0.995148
0.77241
0.529661
0.299387
0.111459
-0.0171583
-0.0839467
-0.0966944
-0.0682044
-0.0122277
0.0586301
0.133874
0.205216
0.266324
0.312239
0.338771
0.342365
0.320695
0.274229
0.208613
0.135191
0.0675481
0.0163472
-0.0137317
-0.0238392
-0.0192633
-0.0072542
0.00482316
0.0111595
0.0086366
-0.00237725
-0.0182408
-0.0341594
-0.046424
-0.0540079
-0.0579387
-0.0606424
-0.064541
-0.0709562
-0.0800562
-0.0907716
-0.102407
-0.114582
-0.127717
-0.14263
-0.159003
-0.176493
-0.194174
-0.211104
-0.227271
-0.242017
-0.254495
-0.264262
-0.27113
-0.275362
-0.276359
-0.275468
-0.272246
-0.267441
-0.262
-0.254847
-0.248107
-0.240245
-0.231864
-0.22427
-0.214763
-0.206966
-0.197841
-0.188948
-0.181203
-0.171631
-0.164323
-0.155776
-0.147511
-0.140834
-0.131798
-0.126068
-0.117638
-0.111338
-0.10468
-0.0974098
-0.092259
-0.0847541
-0.0800773
-0.0731526
-0.068865
-0.0623212
-0.0582372
-0.0521155
-0.048061
-0.0426934
-0.0390613
-0.0343057
-0.0321983
-0.0267968
-0.0255483
-0.0204547
-0.018244
-0.0162855
-0.0134476
-0.011122
-0.00961599
-0.00695636
-0.00505276
-0.00543828
-0.00343841
-0.00144962
-38.4479
-38.6156
-38.7123
-38.7671
-38.7956
-38.8016
-38.7908
-38.768
-38.7367
-38.6983
-38.6533
-38.601
-38.5399
-38.4678
-38.3816
-38.2779
-38.1527
-38.0011
-37.8174
-37.5953
-37.3274
-37.0056
-36.621
-36.164
-35.6247
-34.9928
-34.2584
-33.4123
-32.4464
-31.3544
-30.1326
-28.7809
-27.3023
-25.7053
-24.0034
-22.216
-20.3686
-18.4932
-16.6278
-14.8166
-13.1073
-11.5532
-10.2082
-9.12514
-8.35425
-7.93896
-7.91079
-8.28636
-9.06277
-10.2139
-11.6897
-13.4161
-15.2987
-17.2262
-19.0764
-20.7207
-22.0353
-22.9171
-23.3042
-23.1912
-22.6288
-21.7043
-20.5174
-19.1605
-17.7089
-16.2199
-14.7359
-13.2866
-11.8927
-10.568
-9.32012
-8.15277
-7.06608
-6.058
-5.1248
-4.26204
-3.4651
-2.72975
-2.05253
-1.43107
-0.864435
-0.353217
0.100582
0.493721
0.822486
1.08358
1.27541
1.39942
1.46066
1.46651
1.42346
1.33334
1.19172
0.992784
0.741692
0.465212
0.204994
-0.00133041
-0.134045
-0.1926
-0.188842
-0.139579
-0.0617293
0.0300147
0.123915
0.211139
0.285182
0.341007
0.374085
0.380123
0.355779
0.300803
0.221801
0.133383
0.0532432
-0.00510441
-0.0363328
-0.0426769
-0.0313952
-0.0119061
0.00642216
0.0163645
0.0141005
0.000537432
-0.0191527
-0.0382933
-0.0519939
-0.0591962
-0.0614405
-0.0622884
-0.0649263
-0.0710724
-0.0806984
-0.0920902
-0.104278
-0.116713
-0.130213
-0.145988
-0.163589
-0.182692
-0.202006
-0.220301
-0.237945
-0.254163
-0.267451
-0.278003
-0.284995
-0.288997
-0.289777
-0.287772
-0.284354
-0.278413
-0.272374
-0.264896
-0.256857
-0.24911
-0.239657
-0.231485
-0.222071
-0.212662
-0.204299
-0.194047
-0.186194
-0.176684
-0.167974
-0.160451
-0.150679
-0.144548
-0.134975
-0.128785
-0.120733
-0.113564
-0.107065
-0.0996352
-0.0938758
-0.0867974
-0.0814442
-0.0748543
-0.0698312
-0.0636025
-0.0588817
-0.0529851
-0.0482632
-0.044019
-0.0386193
-0.036255
-0.0312097
-0.0274237
-0.0252936
-0.02004
-0.0196791
-0.0155552
-0.0134402
-0.0109595
-0.00874026
-0.0067142
-0.00574038
-0.00581279
-0.00360032
-0.00175039
-38.7896
-38.9552
-39.0499
-39.1024
-39.1282
-39.1315
-39.1181
-39.0931
-39.0602
-39.0215
-38.9773
-38.9277
-38.8711
-38.8055
-38.7282
-38.6362
-38.5253
-38.3912
-38.2283
-38.0305
-37.7906
-37.5007
-37.152
-36.7348
-36.2391
-35.6548
-34.9713
-34.1792
-33.2695
-32.235
-31.0709
-29.7754
-28.3502
-26.8014
-25.1405
-23.3847
-21.5571
-19.6879
-17.8133
-15.9756
-14.2227
-12.6075
-11.1855
-10.0124
-9.14235
-8.62495
-8.49848
-8.78761
-9.49748
-10.6086
-12.0758
-13.827
-15.767
-17.7831
-19.7509
-21.5397
-23.0183
-24.0678
-24.6006
-24.5835
-24.0496
-23.0861
-21.8076
-20.3268
-18.7378
-17.1119
-15.4993
-13.9342
-12.4387
-11.0264
-9.70431
-8.4746
-7.33599
-6.28471
-5.3155
-4.42243
-3.59952
-2.84131
-2.14333
-1.50244
-0.917313
-0.388365
0.0820611
0.490091
0.83103
1.10047
1.29596
1.41887
1.47528
1.47458
1.42518
1.32912
1.1786
0.961214
0.678583
0.363225
0.0692411
-0.155463
-0.288371
-0.332353
-0.305078
-0.228476
-0.123179
-0.00606487
0.109949
0.215679
0.304719
0.372185
0.413241
0.422679
0.395654
0.330544
0.234978
0.127926
0.032625
-0.0338137
-0.0654237
-0.0660774
-0.045627
-0.0163208
0.00995934
0.0242753
0.021966
0.00471064
-0.0202552
-0.0436468
-0.0591006
-0.0654603
-0.0652202
-0.063567
-0.0645251
-0.0704208
-0.080779
-0.0931014
-0.105929
-0.118385
-0.132157
-0.148793
-0.167835
-0.188925
-0.209985
-0.229936
-0.249239
-0.267095
-0.281429
-0.292377
-0.299855
-0.303119
-0.303761
-0.300781
-0.296482
-0.290139
-0.282659
-0.275148
-0.266007
-0.257574
-0.24814
-0.238293
-0.229532
-0.218633
-0.210176
-0.199786
-0.190539
-0.181985
-0.171683
-0.164651
-0.154403
-0.147521
-0.138666
-0.131089
-0.123858
-0.115739
-0.109392
-0.101694
-0.095773
-0.0885678
-0.0829049
-0.0762207
-0.0709642
-0.0643528
-0.0599888
-0.0533723
-0.0494999
-0.0444655
-0.0394228
-0.0362404
-0.0306568
-0.0287152
-0.0240823
-0.0216969
-0.0195364
-0.0145216
-0.0137991
-0.00980608
-0.00802136
-0.00726028
-0.00660751
-0.00584139
-0.00373047
-0.00207211
-39.1485
-39.3117
-39.4043
-39.4546
-39.4779
-39.4783
-39.4624
-39.4357
-39.4016
-39.363
-39.3206
-39.2742
-39.2229
-39.1649
-39.0978
-39.0187
-38.9239
-38.8089
-38.6689
-38.4978
-38.2885
-38.0334
-37.7238
-37.3502
-36.9026
-36.3705
-35.7433
-35.0109
-34.1639
-33.194
-32.0951
-30.864
-29.5004
-28.0087
-26.3981
-24.683
-22.8848
-21.0309
-19.1554
-17.2992
-15.509
-13.8374
-12.3404
-11.0762
-10.1027
-9.47474
-9.23773
-9.42472
-10.0499
-11.1021
-12.5426
-14.3022
-16.2852
-18.3755
-20.4455
-22.3619
-23.991
-25.2045
-25.8946
-25.9985
-25.5224
-24.5431
-23.1839
-21.5787
-19.8446
-18.0706
-16.3181
-14.6272
-13.0222
-11.5165
-10.1161
-8.8217
-7.62995
-6.53525
-5.53055
-4.60819
-3.76064
-2.98105
-2.26381
-1.60489
-1.0024
-0.456579
0.0299197
0.452544
0.805486
1.08289
1.28104
1.40098
1.4502
1.44088
1.384
1.28214
1.1241
0.888504
0.570511
0.210104
-0.121529
-0.363278
-0.490133
-0.510704
-0.45063
-0.338381
-0.198816
-0.0511127
0.0909073
0.218003
0.324288
0.405366
0.456163
0.470319
0.440763
0.363614
0.247466
0.117149
0.00340696
-0.0720232
-0.102744
-0.0950702
-0.0622729
-0.0201613
0.0163036
0.0359451
0.0330776
0.0104784
-0.02179
-0.0507302
-0.0682689
-0.0731591
-0.0693466
-0.0642113
-0.0629437
-0.0687782
-0.0802807
-0.0938979
-0.10742
-0.119613
-0.133544
-0.151037
-0.171696
-0.195262
-0.218251
-0.239828
-0.261276
-0.280697
-0.296445
-0.307688
-0.315525
-0.318333
-0.31804
-0.314603
-0.30879
-0.302018
-0.293511
-0.285058
-0.275887
-0.2658
-0.256693
-0.245531
-0.236333
-0.225367
-0.215396
-0.205771
-0.195056
-0.186634
-0.176161
-0.167887
-0.158836
-0.149853
-0.142636
-0.13326
-0.12691
-0.11787
-0.111799
-0.103629
-0.0976666
-0.0902499
-0.0844034
-0.0773546
-0.072359
-0.0650564
-0.0610817
-0.054215
-0.0503126
-0.0444175
-0.0405359
-0.0355457
-0.0316154
-0.0286046
-0.0240225
-0.0222506
-0.0179399
-0.0147685
-0.0130249
-0.00921151
-0.00882774
-0.00755729
-0.00676288
-0.00589308
-0.00394156
-0.00226511
-39.5241
-39.6845
-39.7751
-39.8231
-39.8438
-39.8418
-39.8235
-39.7951
-39.7605
-39.7226
-39.6823
-39.6402
-39.5952
-39.5459
-39.4902
-39.4255
-39.3482
-39.2545
-39.1393
-38.9971
-38.8212
-38.6041
-38.3372
-38.0112
-37.6159
-37.1412
-36.5758
-35.9094
-35.1315
-34.2333
-33.2074
-32.0487
-30.7556
-29.3299
-27.7787
-26.1143
-24.3551
-22.5258
-20.6586
-18.792
-16.9717
-15.2492
-13.6808
-12.3264
-11.2464
-10.5006
-10.1415
-10.2105
-10.7313
-11.7033
-13.0956
-14.8443
-16.854
-19.0049
-21.1635
-23.1923
-24.9556
-26.3221
-27.1711
-27.4141
-27.0247
-26.0578
-24.6363
-22.9125
-21.0288
-19.097
-17.1937
-15.3669
-13.6441
-12.0391
-10.5566
-9.1951
-7.94935
-6.81139
-5.77217
-4.82212
-3.95188
-3.15307
-2.41875
-1.7439
-1.12591
-0.564822
-0.0634724
0.372905
0.737222
1.02176
1.22079
1.33446
1.37198
1.34966
1.28317
1.17669
1.01439
0.761738
0.402917
-0.012019
-0.386445
-0.641813
-0.752488
-0.737007
-0.631748
-0.473402
-0.291383
-0.107028
0.0653164
0.216847
0.342784
0.439644
0.502258
0.522902
0.491335
0.400015
0.258226
0.0987626
-0.0374381
-0.122718
-0.150573
-0.130973
-0.0816046
-0.0228841
0.0264711
0.052485
0.0483186
0.0180663
-0.0242518
-0.0605156
-0.0804326
-0.0826835
-0.0738408
-0.0640337
-0.0599375
-0.0659565
-0.0791661
-0.0946752
-0.10888
-0.120312
-0.134085
-0.152345
-0.175054
-0.201521
-0.226758
-0.250023
-0.274118
-0.295472
-0.312496
-0.324413
-0.331927
-0.334507
-0.332837
-0.328749
-0.321732
-0.313848
-0.304963
-0.295072
-0.285712
-0.274559
-0.26468
-0.253489
-0.242597
-0.23233
-0.220628
-0.211345
-0.200011
-0.19069
-0.181054
-0.170704
-0.163409
-0.152135
-0.146452
-0.135476
-0.129705
-0.120303
-0.113719
-0.106061
-0.0990918
-0.0920003
-0.0857533
-0.0785374
-0.0733674
-0.0662242
-0.0618334
-0.0549131
-0.051168
-0.0445363
-0.0407654
-0.0361576
-0.0319782
-0.0284339
-0.0253425
-0.0207239
-0.0173196
-0.0147532
-0.0114487
-0.0095373
-0.00918562
-0.00773703
-0.00711031
-0.00575868
-0.00418908
-0.00258353
-39.9154
-40.0729
-40.1612
-40.2068
-40.2248
-40.2205
-40.2004
-40.1708
-40.1363
-40.0996
-40.0625
-40.0253
-39.9876
-39.9482
-39.9052
-39.8562
-39.7982
-39.7276
-39.6394
-39.5288
-39.389
-39.2129
-38.9923
-38.7179
-38.3797
-37.9671
-37.4693
-36.8749
-36.1731
-35.3539
-34.4085
-33.3306
-32.1164
-30.7659
-29.2835
-27.6789
-25.9677
-24.1725
-22.3225
-20.4543
-18.6114
-16.8443
-15.2094
-13.767
-12.5791
-11.7109
-11.2199
-11.1558
-11.553
-12.4213
-13.7411
-15.4557
-17.4725
-19.6687
-21.9033
-24.0316
-25.914
-27.4186
-28.4198
-28.8106
-28.5323
-27.6088
-26.15
-24.3198
-22.2872
-20.1904
-18.1261
-16.1535
-14.3048
-12.5946
-11.0261
-9.59566
-8.29534
-7.11482
-6.04266
-5.06708
-4.17682
-3.36177
-2.61342
-1.92565
-1.29501
-0.721175
-0.207015
0.24138
0.615189
0.904493
1.10136
1.20508
1.22604
1.18415
1.10158
0.989797
0.830973
0.570209
0.167122
-0.317842
-0.746417
-1.01215
-1.0925
-1.02305
-0.856199
-0.638521
-0.404135
-0.176109
0.0313103
0.210418
0.358372
0.473368
0.550453
0.580098
0.547557
0.439507
0.265487
0.0692987
-0.0941898
-0.189798
-0.211842
-0.175457
-0.104052
-0.0238487
0.0418436
0.0754274
0.0688904
0.0277542
-0.0282118
-0.0739917
-0.0965742
-0.0946169
-0.0787173
-0.0623839
-0.0547797
-0.0615045
-0.0772772
-0.0955613
-0.110284
-0.120326
-0.133651
-0.152416
-0.177853
-0.207997
-0.235623
-0.260835
-0.287771
-0.311691
-0.329578
-0.34244
-0.349308
-0.351426
-0.348541
-0.343131
-0.335289
-0.325893
-0.316469
-0.305604
-0.295169
-0.28403
-0.272184
-0.261754
-0.248793
-0.239025
-0.226285
-0.216308
-0.205445
-0.194172
-0.186167
-0.173406
-0.167704
-0.154711
-0.149714
-0.138012
-0.132248
-0.122789
-0.115542
-0.108397
-0.100235
-0.0941234
-0.0866966
-0.0801787
-0.0741341
-0.0676118
-0.062235
-0.0555982
-0.0516681
-0.0447302
-0.0413876
-0.0372286
-0.0314235
-0.0288983
-0.0247665
-0.0188931
-0.0178336
-0.013668
-0.0107995
-0.0101163
-0.008897
-0.00760858
-0.00722474
-0.00592536
-0.00451756
-0.00266883
-40.322
-40.476
-40.5616
-40.6049
-40.6209
-40.6144
-40.5926
-40.5623
-40.5281
-40.4935
-40.4601
-40.4289
-40.3996
-40.3711
-40.3422
-40.3106
-40.2736
-40.2277
-40.1691
-40.0922
-39.9915
-39.8597
-39.689
-39.4703
-39.1937
-38.8488
-38.4238
-37.9075
-37.2883
-36.5551
-35.6978
-34.7086
-33.5816
-32.3145
-30.9096
-29.3736
-27.7195
-25.967
-24.1428
-22.2809
-20.4232
-18.6185
-16.9226
-15.3966
-14.1004
-13.1077
-12.4776
-12.268
-12.5229
-13.2648
-14.4857
-16.1395
-18.1395
-20.3621
-22.6594
-24.8759
-26.865
-28.4928
-29.6342
-30.1725
-30.0227
-29.1719
-27.7054
-25.7885
-23.6133
-21.348
-19.1143
-16.9867
-15.0042
-13.183
-11.525
-10.0238
-8.66894
-7.44707
-6.34414
-5.34599
-4.43922
-3.61177
-2.85349
-2.15698
-1.51778
-0.934882
-0.411353
0.0452303
0.423922
0.713058
0.903999
0.99635
1.00072
0.936179
0.827177
0.698778
0.545285
0.293181
-0.144615
-0.71467
-1.21786
-1.49635
-1.52989
-1.38298
-1.13308
-0.839533
-0.540981
-0.261277
-0.0137125
0.196139
0.368495
0.504005
0.598401
0.639946
0.608107
0.48064
0.266098
0.023503
-0.173119
-0.278887
-0.290512
-0.230684
-0.130195
-0.0222725
0.0641134
0.106843
0.0965073
0.0398887
-0.03472
-0.0930398
-0.118236
-0.109536
-0.0838937
-0.0586935
-0.0467881
-0.0550219
-0.0747817
-0.0971512
-0.112076
-0.119682
-0.131899
-0.150973
-0.179944
-0.214838
-0.244535
-0.272231
-0.302307
-0.329406
-0.348197
-0.361741
-0.368138
-0.369032
-0.365081
-0.357963
-0.348958
-0.338598
-0.327697
-0.316914
-0.304334
-0.293686
-0.279928
-0.269492
-0.255664
-0.244885
-0.232515
-0.220814
-0.210841
-0.19796
-0.190647
-0.176587
-0.171615
-0.157148
-0.153277
-0.140105
-0.135115
-0.125021
-0.117528
-0.110586
-0.101897
-0.0958213
-0.0879463
-0.0817283
-0.0747081
-0.0686184
-0.0627048
-0.0558031
-0.0521248
-0.0455232
-0.0413795
-0.0377068
-0.0316652
-0.0287796
-0.0233053
-0.0189768
-0.0169639
-0.0121486
-0.0114352
-0.00982572
-0.00828193
-0.00807478
-0.00759326
-0.00594901
-0.00469947
-0.00267193
-40.7429
-40.8931
-40.9762
-41.0172
-41.0305
-41.0222
-40.9992
-40.9686
-40.9354
-40.9034
-40.8747
-40.8504
-40.8304
-40.8142
-40.8006
-40.7878
-40.7736
-40.7546
-40.7274
-40.6871
-40.6282
-40.5438
-40.4267
-40.2677
-40.0572
-39.7846
-39.4381
-39.006
-38.4755
-37.8348
-37.0728
-36.1794
-35.1471
-33.9713
-32.6514
-31.192
-29.6028
-27.901
-26.1101
-24.2623
-22.397
-20.5615
-18.8104
-17.204
-15.8058
-14.6868
-13.9132
-13.5484
-13.6458
-14.2394
-15.3351
-16.8993
-18.8548
-21.0806
-23.4235
-25.7169
-27.8024
-29.5409
-30.809
-31.4883
-31.4755
-30.7222
-29.2797
-27.3017
-24.9967
-22.5643
-20.1554
-17.8647
-15.7412
-13.8035
-12.0528
-10.4798
-9.07077
-7.80939
-6.67862
-5.66167
-4.7428
-3.90785
-3.14503
-2.44541
-1.80314
-1.21669
-0.690089
-0.232759
0.143276
0.426761
0.610567
0.695214
0.689805
0.607898
0.467671
0.302656
0.133952
-0.10668
-0.560523
-1.21627
-1.81476
-2.11399
-2.08459
-1.83242
-1.47295
-1.0831
-0.706442
-0.366071
-0.0730688
0.170441
0.369133
0.527387
0.642083
0.698726
0.669974
0.520411
0.255228
-0.0457682
-0.282282
-0.397118
-0.391926
-0.299721
-0.160879
-0.0171284
0.0951133
0.14868
0.132533
0.0542844
-0.0453726
-0.120076
-0.147478
-0.128561
-0.0891758
-0.0518627
-0.0350791
-0.0459231
-0.0717684
-0.0999525
-0.114286
-0.118224
-0.128151
-0.147265
-0.180976
-0.22223
-0.253838
-0.284162
-0.318454
-0.348767
-0.368845
-0.38233
-0.388211
-0.387562
-0.381949
-0.373643
-0.362552
-0.352045
-0.339043
-0.328235
-0.31399
-0.302755
-0.288434
-0.276498
-0.263072
-0.250372
-0.238739
-0.225391
-0.215854
-0.202045
-0.194556
-0.180179
-0.174848
-0.160106
-0.156392
-0.142298
-0.138329
-0.126416
-0.120503
-0.112137
-0.103718
-0.0979414
-0.0887333
-0.0828397
-0.075856
-0.0680734
-0.0636647
-0.0561194
-0.0523148
-0.046909
-0.0420227
-0.037548
-0.0317838
-0.027378
-0.0217796
-0.0188284
-0.0154843
-0.0121663
-0.011323
-0.00921444
-0.00838888
-0.00787568
-0.00776772
-0.00623706
-0.00467414
-0.0026805
-41.1775
-41.3236
-41.4037
-41.442
-41.4532
-41.443
-41.4191
-41.3887
-41.3572
-41.3287
-41.3055
-41.2888
-41.2793
-41.2765
-41.2797
-41.2872
-41.2972
-41.3072
-41.3135
-41.3121
-41.2978
-41.2642
-41.2039
-41.1087
-40.9687
-40.773
-40.5102
-40.1674
-39.7317
-39.1898
-38.5291
-37.738
-36.807
-35.7293
-34.5013
-33.1248
-31.6074
-29.9626
-28.2122
-26.3847
-24.5182
-22.6581
-20.8577
-19.1766
-17.6795
-16.4368
-15.5181
-14.9922
-14.92
-15.3469
-16.2923
-17.738
-19.6185
-21.82
-24.1873
-26.5435
-28.7161
-30.5559
-31.9387
-32.7489
-32.8742
-32.2368
-30.8482
-28.8386
-26.4232
-23.8303
-21.2443
-18.7846
-16.5136
-14.4547
-12.6085
-10.963
-9.50102
-8.20264
-7.04771
-6.01665
-5.09117
-4.25494
-3.49443
-2.79888
-2.16106
-1.57978
-1.06076
-0.613725
-0.247892
0.0294065
0.21222
0.298195
0.291917
0.200843
0.0343179
-0.180061
-0.399341
-0.661816
-1.13353
-1.86267
-2.56166
-2.88634
-2.77675
-2.38754
-1.8867
-1.37653
-0.905412
-0.494239
-0.150315
0.129202
0.35491
0.537204
0.675728
0.75238
0.73057
0.554583
0.224015
-0.151093
-0.434488
-0.554679
-0.522893
-0.386417
-0.197621
-0.00769677
0.13704
0.204181
0.179554
0.0710138
-0.0625498
-0.158656
-0.186769
-0.152626
-0.0941623
-0.0403422
-0.0179227
-0.0331382
-0.068555
-0.105079
-0.117475
-0.115812
-0.121712
-0.140605
-0.18144
-0.230359
-0.263815
-0.296517
-0.336465
-0.370022
-0.39145
-0.40458
-0.409375
-0.407304
-0.399288
-0.389944
-0.376587
-0.365515
-0.350887
-0.339231
-0.324286
-0.311381
-0.297356
-0.283018
-0.270765
-0.255543
-0.244995
-0.230049
-0.22039
-0.206679
-0.197517
-0.184606
-0.177134
-0.163643
-0.159165
-0.144369
-0.141749
-0.127764
-0.123594
-0.11402
-0.105155
-0.10003
-0.089177
-0.083517
-0.0766885
-0.0675152
-0.0649068
-0.0568091
-0.0527433
-0.0479021
-0.0422297
-0.0367411
-0.0318056
-0.0258447
-0.0210436
-0.018461
-0.0143908
-0.0116224
-0.0105325
-0.00933837
-0.00831921
-0.00829942
-0.00826888
-0.00584056
-0.00470302
-0.0028906
-41.6242
-41.7654
-41.8424
-41.8786
-41.8875
-41.8757
-41.8513
-41.8217
-41.7926
-41.768
-41.7511
-41.7433
-41.7453
-41.757
-41.7781
-41.8076
-41.8436
-41.8842
-41.9263
-41.9662
-41.9989
-42.019
-42.0192
-41.9912
-41.9255
-41.8114
-41.6367
-41.3883
-41.0523
-40.6144
-40.0607
-39.3773
-38.5531
-37.5787
-36.4482
-35.1606
-33.72
-32.1377
-30.4322
-28.6307
-26.7682
-24.8888
-23.0445
-21.2942
-19.7026
-18.3397
-17.2775
-16.5879
-16.3382
-16.5837
-17.3574
-18.6565
-20.431
-22.5774
-24.9432
-27.3442
-29.5933
-31.5268
-33.0147
-33.9452
-34.2047
-33.6941
-32.3858
-30.3762
-27.8752
-25.1345
-22.3735
-19.7414
-17.3181
-15.1342
-13.1904
-11.4725
-9.95922
-8.62717
-7.45269
-6.41318
-5.4877
-4.65786
-3.9081
-3.22565
-2.60278
-2.03998
-1.54378
-1.1193
-0.766809
-0.48773
-0.291605
-0.192043
-0.193249
-0.290128
-0.477806
-0.74204
-1.04077
-1.38322
-1.9158
-2.71828
-3.50407
-3.84199
-3.62737
-3.0641
-2.38581
-1.72758
-1.1434
-0.649889
-0.249193
0.0679423
0.320085
0.52646
0.689507
0.787453
0.77631
0.570773
0.15761
-0.311683
-0.649871
-0.767583
-0.693858
-0.496594
-0.242515
0.00689496
0.191905
0.275997
0.239277
0.089109
-0.0902662
-0.214229
-0.240395
-0.183613
-0.0979301
-0.0222961
0.00608641
-0.0158941
-0.0660984
-0.114051
-0.122504
-0.112331
-0.111767
-0.129397
-0.181202
-0.23965
-0.274453
-0.309348
-0.356423
-0.393907
-0.416203
-0.428726
-0.431848
-0.427947
-0.417422
-0.406395
-0.391297
-0.378835
-0.363537
-0.349971
-0.335015
-0.319714
-0.306367
-0.289616
-0.278111
-0.260988
-0.250773
-0.234872
-0.224635
-0.211282
-0.20024
-0.189247
-0.178737
-0.167896
-0.160951
-0.14715
-0.144729
-0.129238
-0.126846
-0.115509
-0.106537
-0.101915
-0.0889573
-0.0843472
-0.0771908
-0.0674069
-0.0660218
-0.0578471
-0.0524977
-0.0493263
-0.0423272
-0.0350719
-0.0317836
-0.0248066
-0.0205516
-0.017953
-0.0136106
-0.0102604
-0.00967413
-0.00945559
-0.00783303
-0.00840191
-0.00840547
-0.00578996
-0.00509204
-0.00310667
-42.0825
-42.2183
-42.2916
-42.325
-42.3326
-42.3197
-42.2951
-42.2666
-42.2402
-42.2205
-42.2107
-42.2125
-42.2269
-42.2545
-42.2949
-42.3474
-42.411
-42.4841
-42.5639
-42.6472
-42.7296
-42.8061
-42.8696
-42.9123
-42.9247
-42.8958
-42.8132
-42.6634
-42.4315
-42.1019
-41.6592
-41.0884
-40.3755
-39.5086
-38.4796
-37.2847
-35.9252
-34.4094
-32.7531
-30.9809
-29.1261
-27.2317
-25.3475
-23.5325
-21.8509
-20.3726
-19.17
-18.3174
-17.8865
-17.9408
-18.5252
-19.653
-21.2912
-23.3504
-25.6851
-28.1084
-30.4202
-32.4396
-34.0257
-35.0675
-35.4548
-35.076
-33.8689
-31.8901
-29.3317
-26.4613
-23.5327
-20.7282
-18.1499
-15.8383
-13.796
-12.0063
-10.4443
-9.08268
-7.89414
-6.85288
-5.93532
-5.12108
-4.39223
-3.73441
-3.14122
-2.61533
-2.15994
-1.76797
-1.42561
-1.13034
-0.902926
-0.776383
-0.768439
-0.873475
-1.08408
-1.39778
-1.7952
-2.27613
-2.94185
-3.84822
-4.70148
-5.01877
-4.65937
-3.87754
-2.98116
-2.14425
-1.42673
-0.838885
-0.375354
-0.0187884
0.258484
0.485976
0.665257
0.77426
0.773531
0.541183
0.0345539
-0.547221
-0.949344
-1.05498
-0.91862
-0.638904
-0.299682
0.0261469
0.260681
0.366045
0.312437
0.106273
-0.134476
-0.293586
-0.31299
-0.223656
-0.0995293
0.00518623
0.0399976
0.00747263
-0.0658682
-0.12905
-0.130515
-0.106895
-0.0961407
-0.112277
-0.180493
-0.251077
-0.285623
-0.323328
-0.378821
-0.421098
-0.443468
-0.454554
-0.455973
-0.44887
-0.436764
-0.422412
-0.40728
-0.391826
-0.376853
-0.360516
-0.345556
-0.328615
-0.314509
-0.296999
-0.284671
-0.266738
-0.256505
-0.239238
-0.229302
-0.215308
-0.203066
-0.193684
-0.179997
-0.172406
-0.162049
-0.150771
-0.146871
-0.13158
-0.129538
-0.11664
-0.10822
-0.102681
-0.0894042
-0.0851853
-0.0774263
-0.0682653
-0.0664279
-0.0585015
-0.0524292
-0.0497822
-0.0410185
-0.0349417
-0.0325274
-0.0240203
-0.0200401
-0.0164476
-0.0112103
-0.00889521
-0.0102082
-0.00884645
-0.00750813
-0.00948472
-0.00819303
-0.00571016
-0.00551883
-0.00293859
-42.5513
-42.6811
-42.7513
-42.7824
-42.7874
-42.7732
-42.7487
-42.7218
-42.6988
-42.6848
-42.6827
-42.6951
-42.723
-42.7672
-42.828
-42.9052
-42.9979
-43.1048
-43.2242
-43.3529
-43.4874
-43.6225
-43.7521
-43.8683
-43.9618
-44.0214
-44.0343
-43.9866
-43.862
-43.6443
-43.3163
-42.8609
-42.2622
-41.5061
-40.5818
-39.4825
-38.2065
-36.7597
-35.155
-33.4146
-31.5702
-29.6626
-27.7416
-25.865
-24.0974
-22.5081
-21.1698
-20.1576
-19.5455
-19.4031
-19.7857
-20.7218
-22.196
-24.1362
-26.4083
-28.8273
-31.1837
-33.2793
-34.9582
-36.1048
-36.6131
-36.3666
-35.2756
-33.3551
-30.77
-27.7931
-24.7089
-21.7358
-19.0022
-16.562
-14.4211
-12.5614
-10.9542
-9.56805
-8.37189
-7.33665
-6.43638
-5.64839
-4.95258
-4.33445
-3.79072
-3.32432
-2.92796
-2.57405
-2.23351
-1.9056
-1.62979
-1.46319
-1.43958
-1.55443
-1.79399
-2.1646
-2.68009
-3.3527
-4.2343
-5.29999
-6.21031
-6.45654
-5.89483
-4.8405
-3.68166
-2.63437
-1.76282
-1.06881
-0.536109
-0.13855
0.161129
0.403324
0.584357
0.686961
0.691546
0.433516
-0.181458
-0.890052
-1.3589
-1.43676
-1.21199
-0.824189
-0.375543
0.0472655
0.343325
0.47766
0.401853
0.119386
-0.205306
-0.408563
-0.412902
-0.275239
-0.0965454
0.0451844
0.0865909
0.0383519
-0.0705143
-0.153724
-0.143246
-0.0996826
-0.0722013
-0.0868851
-0.179595
-0.266516
-0.297544
-0.338074
-0.404048
-0.451867
-0.473694
-0.481681
-0.48213
-0.470098
-0.457655
-0.438344
-0.424309
-0.404498
-0.390491
-0.371237
-0.35597
-0.337814
-0.322009
-0.304989
-0.290259
-0.273337
-0.261258
-0.244005
-0.233966
-0.218224
-0.20752
-0.196008
-0.182929
-0.176239
-0.162448
-0.156222
-0.146692
-0.135286
-0.131693
-0.116538
-0.111636
-0.101959
-0.0899617
-0.0869701
-0.0760959
-0.0691175
-0.0672687
-0.0576432
-0.0527087
-0.050622
-0.0398736
-0.03634
-0.033314
-0.0222232
-0.0182034
-0.0146778
-0.00931217
-0.00821513
-0.00981786
-0.00770832
-0.00796322
-0.00977753
-0.00792925
-0.00636371
-0.00578318
-0.00273994
-43.0292
-43.1528
-43.2188
-43.2463
-43.2495
-43.2349
-43.211
-43.1861
-43.1671
-43.1592
-43.1658
-43.1894
-43.2318
-43.2938
-43.3762
-43.479
-43.602
-43.7444
-43.9048
-44.0809
-44.2692
-44.4651
-44.663
-44.8551
-45.032
-45.1826
-45.2938
-45.3503
-45.3358
-45.2323
-45.021
-44.6833
-44.2009
-43.5578
-42.7399
-41.7375
-40.547
-39.1703
-37.6185
-35.9111
-34.0779
-32.1581
-30.2011
-28.2648
-26.4136
-24.717
-23.2479
-22.0804
-21.2906
-20.9507
-21.1243
-21.8531
-23.14
-24.9314
-27.109
-29.4943
-31.8731
-34.0324
-35.798
-37.0447
-37.668
-37.5517
-36.5862
-34.7476
-32.166
-29.1088
-25.8859
-22.7523
-19.8663
-17.2986
-15.0607
-13.1339
-11.4859
-10.0811
-8.88474
-7.86446
-6.99215
-6.2427
-5.59447
-5.03535
-4.56557
-4.18378
-3.86255
-3.54774
-3.1978
-2.8213
-2.48206
-2.26282
-2.21385
-2.33449
-2.60835
-3.05095
-3.70963
-4.62551
-5.80304
-7.09634
-8.06552
-8.18349
-7.34938
-5.96122
-4.49314
-3.20361
-2.15905
-1.34705
-0.737805
-0.299037
0.017916
0.26664
0.437331
0.52352
0.517733
0.200162
-0.57348
-1.42176
-1.93826
-1.94686
-1.59281
-1.06583
-0.479172
0.0644227
0.43382
0.603578
0.499224
0.116634
-0.320227
-0.576746
-0.5533
-0.344604
-0.0873314
0.102372
0.150936
0.0780715
-0.0839068
-0.193473
-0.162886
-0.0890653
-0.0360188
-0.0509902
-0.180399
-0.287286
-0.31069
-0.353129
-0.432964
-0.486747
-0.507007
-0.510549
-0.509789
-0.49213
-0.479337
-0.454364
-0.441937
-0.417062
-0.404956
-0.381532
-0.366598
-0.347046
-0.328939
-0.313973
-0.294319
-0.281305
-0.26476
-0.249032
-0.238842
-0.219889
-0.213343
-0.196705
-0.187074
-0.179202
-0.163087
-0.161723
-0.145478
-0.13976
-0.132431
-0.116731
-0.115148
-0.100098
-0.0918635
-0.0877621
-0.0741486
-0.0714928
-0.0664902
-0.0563369
-0.0549033
-0.0503759
-0.0401371
-0.0390046
-0.0313789
-0.0188243
-0.0168375
-0.0127449
-0.00655418
-0.00815557
-0.00974625
-0.00666744
-0.00888904
-0.0101852
-0.00755151
-0.00666067
-0.00587007
-0.00274495
-43.5147
-43.6303
-43.6915
-43.7168
-43.7186
-43.7031
-43.6801
-43.6579
-43.6435
-43.6423
-43.6582
-43.694
-43.7514
-43.8322
-43.9369
-44.0664
-44.221
-44.4001
-44.6028
-44.8275
-45.0713
-45.33
-45.5979
-45.8676
-46.1298
-46.3732
-46.5841
-46.7468
-46.8437
-46.8558
-46.7625
-46.5435
-46.1785
-45.6486
-44.9378
-44.0338
-42.929
-41.6234
-40.1246
-38.4502
-36.6275
-34.695
-32.7016
-30.7053
-28.7713
-26.9697
-25.3733
-24.0564
-23.0935
-22.5591
-22.5213
-23.0331
-24.1141
-25.7309
-27.7834
-30.1045
-32.4804
-34.6867
-36.531
-37.8737
-38.6078
-38.6184
-37.7836
-36.0454
-33.4954
-30.3863
-27.0458
-23.7637
-20.7316
-18.0398
-15.7083
-13.7185
-12.0351
-10.6187
-9.4303
-8.4351
-7.60261
-6.90558
-6.32261
-5.84606
-5.47846
-5.20691
-4.97372
-4.69538
-4.32339
-3.88313
-3.46625
-3.18105
-3.0948
-3.21321
-3.52313
-4.05308
-4.8849
-6.09434
-7.64029
-9.22767
-10.2644
-10.2031
-9.02256
-7.23752
-5.41528
-3.85583
-2.62184
-1.68036
-0.988268
-0.509534
-0.178152
0.0716645
0.221833
0.276638
0.219255
-0.220447
-1.28256
-2.2848
-2.79562
-2.64612
-2.09246
-1.38307
-0.624887
0.0618746
0.512185
0.723819
0.589123
0.08328
-0.498651
-0.817783
-0.748959
-0.436586
-0.0683846
0.180843
0.238837
0.12807
-0.113369
-0.257483
-0.194818
-0.0737793
0.0183251
0.00167229
-0.185311
-0.31642
-0.325771
-0.36772
-0.466616
-0.527684
-0.543529
-0.54201
-0.537917
-0.515822
-0.500619
-0.471643
-0.459709
-0.430049
-0.419607
-0.39111
-0.378108
-0.355305
-0.336697
-0.322274
-0.298276
-0.2898
-0.266529
-0.255875
-0.241518
-0.222805
-0.21897
-0.195842
-0.193703
-0.179005
-0.16541
-0.166666
-0.142409
-0.146424
-0.131196
-0.117343
-0.119751
-0.0964568
-0.094874
-0.0887119
-0.070934
-0.0745814
-0.0652254
-0.0548352
-0.0584197
-0.0502556
-0.0398157
-0.0405428
-0.0288227
-0.0160449
-0.0165653
-0.0107202
-0.00364303
-0.00763027
-0.00875626
-0.00623592
-0.00944375
-0.0101007
-0.00819021
-0.00735852
-0.00614871
-0.00290467
-44.0049
-44.113
-44.1711
-44.1934
-44.1927
-44.1768
-44.1549
-44.1358
-44.1264
-44.1324
-44.1581
-44.2066
-44.2799
-44.38
-44.5081
-44.6652
-44.852
-45.0689
-45.3151
-45.5897
-45.8899
-46.2123
-46.5514
-46.9001
-47.2488
-47.5861
-47.8976
-48.1669
-48.3761
-48.5038
-48.5287
-48.4287
-48.1811
-47.7647
-47.161
-46.3545
-45.3357
-44.1008
-42.655
-41.0127
-39.1992
-37.2523
-35.2202
-33.162
-31.144
-29.2377
-27.5167
-26.0542
-24.9244
-24.2006
-23.9538
-24.2443
-25.1067
-26.5274
-28.4272
-30.6543
-33.0001
-35.2336
-37.1458
-38.5798
-39.4209
-39.5549
-38.8526
-37.2281
-34.7346
-31.6023
-28.168
-24.754
-21.5852
-18.7756
-16.3557
-14.3084
-12.5963
-11.1759
-10.0049
-9.0458
-8.26612
-7.6372
-7.14035
-6.77357
-6.53892
-6.40237
-6.26692
-6.02006
-5.61274
-5.09346
-4.58335
-4.21662
-4.07921
-4.18569
-4.52961
-5.15718
-6.18776
-7.73372
-9.70636
-11.6396
-12.7585
-12.479
-10.8883
-8.65127
-6.43965
-4.59048
-3.15557
-2.07711
-1.30095
-0.785885
-0.44081
-0.182159
-0.0452221
-0.0562579
-0.258678
-0.958043
-2.26496
-3.61047
-4.05525
-3.61123
-2.75177
-1.79945
-0.831033
0.0163925
0.549748
0.807562
0.645371
-0.00827574
-0.778545
-1.16539
-1.02256
-0.560593
-0.0392307
0.281582
0.350592
0.183463
-0.173518
-0.360479
-0.245679
-0.0491503
0.0987453
0.0752265
-0.199201
-0.35802
-0.343074
-0.380558
-0.505181
-0.57485
-0.582564
-0.576255
-0.566103
-0.54273
-0.520851
-0.491765
-0.475785
-0.444188
-0.433793
-0.400545
-0.390773
-0.361624
-0.346487
-0.328421
-0.303504
-0.297649
-0.267548
-0.264061
-0.241916
-0.227633
-0.222622
-0.195763
-0.20017
-0.17727
-0.16975
-0.168502
-0.141359
-0.152325
-0.128336
-0.121137
-0.121666
-0.0940837
-0.0997655
-0.0863719
-0.0694246
-0.0779933
-0.0609894
-0.0560565
-0.0624393
-0.0473891
-0.041429
-0.0423365
-0.0244591
-0.0148497
-0.016483
-0.00554889
-0.000382532
-0.00855106
-0.0074137
-0.00521821
-0.0103685
-0.0105857
-0.00842604
-0.00762624
-0.00662058
-0.00336816
-44.5019
-44.6014
-44.6532
-44.6722
-44.6702
-44.6544
-44.6337
-44.6176
-44.6137
-44.6275
-44.6637
-44.7253
-44.8152
-44.9351
-45.0872
-45.2724
-45.4924
-45.7476
-46.0381
-46.3631
-46.7206
-47.1075
-47.5185
-47.9465
-48.3822
-48.8133
-49.2255
-49.6019
-49.9222
-50.1654
-50.308
-50.3256
-50.1945
-49.8909
-49.3933
-48.6846
-47.7509
-46.5862
-45.1924
-43.5807
-41.775
-39.8108
-37.7371
-35.6132
-33.5078
-31.4949
-29.649
-28.0441
-26.7527
-25.8461
-25.3957
-25.466
-26.1029
-27.3118
-29.0352
-31.1405
-33.4289
-35.6673
-37.6333
-39.1519
-40.0964
-40.3502
-39.7798
-38.2778
-35.8613
-32.7331
-29.2312
-25.7047
-22.4127
-19.4944
-16.9933
-14.8957
-13.1624
-11.7466
-10.603
-9.69194
-8.97899
-8.43578
-8.04868
-7.8219
-7.75223
-7.77399
-7.7442
-7.52253
-7.06556
-6.45089
-5.82944
-5.3627
-5.15724
-5.23998
-5.61224
-6.34016
-7.58323
-9.48918
-11.9214
-14.2331
-15.444
-14.9264
-12.8881
-10.1668
-7.54747
-5.40143
-3.76247
-2.54802
-1.69407
-1.14914
-0.78769
-0.499479
-0.347467
-0.452985
-0.917449
-2.04848
-3.87328
-5.45304
-5.77519
-4.89459
-3.59924
-2.32881
-1.11423
-0.116641
0.466906
0.749616
0.557901
-0.278086
-1.2822
-1.71282
-1.43029
-0.740626
-0.00813964
0.405156
0.492608
0.245557
-0.277452
-0.519715
-0.32579
-0.013498
0.214643
0.172883
-0.233874
-0.422302
-0.360726
-0.387553
-0.550022
-0.629748
-0.62563
-0.61233
-0.594845
-0.572443
-0.539534
-0.514305
-0.488955
-0.46149
-0.445635
-0.411396
-0.402579
-0.366888
-0.358306
-0.330918
-0.312454
-0.301803
-0.270559
-0.272034
-0.23978
-0.236362
-0.221198
-0.198966
-0.205017
-0.173314
-0.177936
-0.165722
-0.143169
-0.158568
-0.123351
-0.128657
-0.121944
-0.0915369
-0.106102
-0.081652
-0.0678451
-0.081966
-0.0557337
-0.0577419
-0.0659264
-0.0437765
-0.0436003
-0.0451598
-0.0207953
-0.013024
-0.0149405
-0.000336788
0.00225623
-0.00809202
-0.00625699
-0.00541798
-0.0106114
-0.01153
-0.00968898
-0.00775985
-0.00724904
-0.00378783
-45.001
-45.0915
-45.1379
-45.1535
-45.1496
-45.1333
-45.1145
-45.102
-45.1037
-45.1257
-45.1725
-45.2479
-45.3546
-45.495
-45.6713
-45.8854
-46.1387
-46.4327
-46.7677
-47.1436
-47.5588
-48.0103
-48.4931
-49.0004
-49.5225
-50.0471
-50.5595
-51.041
-51.4719
-51.8289
-52.0873
-52.2215
-52.2049
-52.0126
-51.6204
-51.0077
-50.1585
-49.0634
-47.7202
-46.1381
-44.3378
-42.3535
-40.2339
-38.0397
-35.8423
-33.7181
-31.7454
-29.9983
-28.5491
-27.4668
-26.82
-26.675
-27.0852
-28.0725
-29.601
-31.5597
-33.7644
-35.9846
-37.9879
-39.582
-40.625
-40.9945
-40.5534
-39.1785
-36.8551
-33.7559
-30.213
-26.5965
-23.1977
-20.1827
-17.6098
-15.4705
-13.7248
-12.3231
-11.2176
-10.3669
-9.73539
-9.2971
-9.04555
-8.99089
-9.11879
-9.32127
-9.40424
-9.20098
-8.67865
-7.9489
-7.19503
-6.6065
-6.31348
-6.35699
-6.7467
-7.5674
-9.02124
-11.2831
-14.1692
-16.862
-18.1728
-17.4182
-14.9309
-11.7271
-8.70787
-6.2755
-4.44208
-3.10361
-2.18656
-1.62085
-1.23676
-0.900872
-0.707047
-0.9303
-1.73042
-3.42338
-5.83678
-7.71945
-7.8943
-6.47331
-4.63203
-2.98368
-1.5093
-0.402137
0.189252
0.458686
0.180893
-0.901328
-2.18152
-2.61535
-2.07573
-1.01848
0.014259
0.546163
0.651288
0.295039
-0.457364
-0.773008
-0.453711
0.036663
0.375994
0.299727
-0.297115
-0.517802
-0.377966
-0.388723
-0.604066
-0.69455
-0.676098
-0.648067
-0.626039
-0.601781
-0.55786
-0.538762
-0.499796
-0.482508
-0.45259
-0.425798
-0.411101
-0.373224
-0.370433
-0.330689
-0.325157
-0.301217
-0.277219
-0.277322
-0.237578
-0.24667
-0.215861
-0.205959
-0.20571
-0.171144
-0.186098
-0.160277
-0.149498
-0.160949
-0.121046
-0.137675
-0.118078
-0.093617
-0.109287
-0.0742556
-0.0712016
-0.0814495
-0.0490508
-0.064146
-0.0659695
-0.0408649
-0.0513535
-0.0450817
-0.0150537
-0.0143677
-0.0120182
0.0087299
0.00409426
-0.00877512
-0.00308035
-0.0052176
-0.0126329
-0.0127697
-0.00977242
-0.00808426
-0.00878954
-0.00459262
-45.5
-45.5805
-45.6223
-45.6352
-45.6292
-45.6127
-45.5955
-45.5866
-45.5944
-45.6246
-45.6827
-45.772
-45.8957
-46.057
-46.2577
-46.5007
-46.7877
-47.1205
-47.5003
-47.9269
-48.3994
-48.915
-49.4693
-50.055
-50.6626
-51.2794
-51.8899
-52.4754
-53.0143
-53.4828
-53.855
-54.1031
-54.1993
-54.1158
-53.8272
-53.3093
-52.5438
-51.517
-50.2237
-48.6698
-46.8726
-44.8652
-42.6951
-40.4252
-38.1294
-35.8884
-33.7836
-31.8925
-30.2871
-29.0346
-28.1996
-27.8469
-28.0342
-28.7957
-30.1163
-31.9082
-34.0053
-36.1841
-38.2064
-39.8645
-40.9993
-41.4791
-41.163
-39.9162
-37.6972
-34.6488
-31.091
-27.4088
-23.9225
-20.8254
-18.1925
-16.0217
-14.2733
-12.8958
-11.8396
-11.0619
-10.5271
-10.214
-10.125
-10.2758
-10.6336
-11.0387
-11.242
-11.0499
-10.4459
-9.57662
-8.66478
-7.9295
-7.52571
-7.51096
-7.90024
-8.79643
-10.437
-13.0229
-16.3141
-19.3509
-20.7624
-19.7975
-16.9002
-13.2569
-9.87725
-7.19134
-5.19096
-3.75318
-2.79654
-2.22369
-1.81762
-1.43501
-1.18576
-1.54494
-2.68174
-4.94028
-7.96253
-10.3034
-10.2207
-8.23165
-5.81308
-3.78238
-2.06762
-0.852313
-0.203375
0.0143526
-0.491868
-1.89576
-3.4733
-3.91135
-3.04295
-1.47688
-0.0663574
0.589077
0.710878
0.207563
-0.834279
-1.22256
-0.682675
0.111833
0.614667
0.46017
-0.417696
-0.666821
-0.385616
-0.377601
-0.667909
-0.774041
-0.734736
-0.68109
-0.662327
-0.629125
-0.580385
-0.561554
-0.510166
-0.503903
-0.455928
-0.444258
-0.413998
-0.383762
-0.378614
-0.331532
-0.338926
-0.296681
-0.289241
-0.276575
-0.239168
-0.255486
-0.207717
-0.217829
-0.200037
-0.173241
-0.193486
-0.151846
-0.161453
-0.15881
-0.120211
-0.14904
-0.109475
-0.0983765
-0.112597
-0.0639363
-0.0761523
-0.080488
-0.0417048
-0.072125
-0.0664476
-0.037906
-0.0583045
-0.0453966
-0.00871933
-0.0133298
-0.00889947
0.0162621
0.00608562
-0.00838599
-0.00258942
-0.0050176
-0.0118599
-0.0156443
-0.0109593
-0.00734886
-0.0108735
-0.00581744
-46.0001
-46.0695
-46.1042
-46.1137
-46.1063
-46.0899
-46.0744
-46.0698
-46.0836
-46.1225
-46.1917
-46.2951
-46.4363
-46.618
-46.8435
-47.1153
-47.4358
-47.8072
-48.2312
-48.708
-49.2373
-49.8162
-50.4407
-51.1034
-51.7947
-52.5017
-53.208
-53.8947
-54.539
-55.1163
-55.5987
-55.9579
-56.1638
-56.1871
-55.9998
-55.5752
-54.8916
-53.9318
-52.6879
-51.1606
-49.3652
-47.3316
-45.1073
-42.756
-40.3547
-37.9893
-35.7461
-33.7061
-31.944
-30.5244
-29.5087
-28.9574
-28.9287
-29.4655
-30.5708
-32.1805
-34.1492
-36.2649
-38.2873
-39.9954
-41.2132
-41.7966
-41.5996
-40.4789
-38.3713
-35.3912
-31.8433
-28.1205
-24.5685
-21.4065
-18.7273
-16.5367
-14.7964
-13.4537
-12.4581
-11.7659
-11.3433
-11.1758
-11.2767
-11.666
-12.2854
-12.9152
-13.2468
-13.0582
-12.3527
-11.3163
-10.2171
-9.30684
-8.76679
-8.66963
-9.03497
-9.9764
-11.7595
-14.6019
-18.2191
-21.5248
-23.0166
-21.8893
-18.6648
-14.6677
-11.0029
-8.12123
-5.99977
-4.50268
-3.54041
-2.98112
-2.56428
-2.15818
-1.99103
-2.34881
-3.74553
-6.46333
-10.0006
-12.6102
-12.4382
-9.97445
-7.0609
-4.69783
-2.75692
-1.34843
-0.543814
-0.483529
-1.2651
-3.03754
-4.97602
-5.43527
-4.29962
-2.19908
-0.378525
0.400503
0.56628
-0.120839
-1.50441
-1.98012
-1.10887
0.157175
0.887133
0.600447
-0.656369
-0.908552
-0.375376
-0.340157
-0.736954
-0.877534
-0.800618
-0.710869
-0.704918
-0.654837
-0.609926
-0.577661
-0.524845
-0.522727
-0.459084
-0.464595
-0.411398
-0.399514
-0.380307
-0.336345
-0.350151
-0.290977
-0.304476
-0.27032
-0.246112
-0.260135
-0.200939
-0.230989
-0.190583
-0.180052
-0.196815
-0.145678
-0.174365
-0.153238
-0.124658
-0.15616
-0.101683
-0.107051
-0.108914
-0.0574038
-0.0827225
-0.0728014
-0.0390773
-0.0799212
-0.0605314
-0.0409633
-0.0680522
-0.0420631
-0.00697688
-0.0158254
0.00120993
0.0293133
0.0054694
-0.00737733
0.00140631
-0.00738277
-0.0161763
-0.018346
-0.00954869
-0.00843316
-0.0144401
-0.00606828
-46.4955
-46.5543
-46.584
-46.5897
-46.5799
-46.5633
-46.5498
-46.5491
-46.5692
-46.6168
-46.6972
-46.8148
-46.9732
-47.1756
-47.4255
-47.7257
-48.0793
-48.4888
-48.9562
-49.4825
-50.067
-50.708
-51.4008
-52.1386
-52.9113
-53.7056
-54.505
-55.2893
-56.0356
-56.7176
-57.3069
-57.7735
-58.086
-58.2131
-58.1243
-57.7908
-57.1873
-56.2942
-55.0983
-53.597
-51.8017
-49.7398
-47.4574
-45.0192
-42.5057
-40.0079
-37.6181
-35.4235
-33.5008
-31.9152
-30.7243
-29.9832
-29.7476
-30.0649
-30.9528
-32.3696
-34.193
-36.2256
-38.2294
-39.9726
-41.2624
-41.9408
-41.8551
-40.8555
-38.8622
-35.9645
-32.4488
-28.7109
-25.1164
-21.9091
-19.1993
-17.0019
-15.281
-13.9842
-13.0601
-12.4654
-12.1699
-12.1679
-12.485
-13.1448
-14.0553
-14.9322
-15.4006
-15.2065
-14.3777
-13.1431
-11.8242
-10.7097
-10.0048
-9.79713
-10.108
-11.054
-12.9168
-15.9202
-19.7494
-23.227
-24.7581
-23.5337
-20.0977
-15.8697
-12.0256
-9.03088
-6.85288
-5.34995
-4.4271
-3.91177
-3.50381
-3.08033
-2.89173
-3.3199
-4.85741
-7.84807
-11.7163
-14.4912
-14.246
-11.476
-8.25125
-5.63976
-3.48313
-1.81408
-0.860688
-0.921635
-1.98316
-4.03286
-6.19447
-6.91597
-5.72936
-3.18715
-0.936429
-0.0100281
0.0153776
-0.710005
-2.44297
-3.03298
-1.8176
0.0165673
1.01886
0.592659
-1.08904
-1.26552
-0.352304
-0.271392
-0.813754
-1.01367
-0.866193
-0.738568
-0.748066
-0.67966
-0.644191
-0.58772
-0.548413
-0.534883
-0.467439
-0.481932
-0.408331
-0.418796
-0.37571
-0.347979
-0.354393
-0.28908
-0.318814
-0.260477
-0.258921
-0.257366
-0.199387
-0.242233
-0.178392
-0.192121
-0.193753
-0.142684
-0.187855
-0.143249
-0.134402
-0.160934
-0.0923021
-0.119262
-0.102156
-0.0503282
-0.0918949
-0.0619795
-0.035888
-0.0909802
-0.0533939
-0.0435146
-0.080855
-0.0382904
0.00112107
-0.0194482
0.0076875
0.0415863
0.00548304
-0.00679554
0.00325422
-0.00353947
-0.0171021
-0.0265242
-0.00832878
-0.00832986
-0.0199188
-0.00705107
-46.9882
-47.0356
-47.0576
-47.0587
-47.0473
-47.0309
-47.0196
-47.0229
-47.0491
-47.1054
-47.1969
-47.3285
-47.5038
-47.7266
-48.0004
-48.3286
-48.7145
-49.1613
-49.6709
-50.2452
-50.8836
-51.5845
-52.3435
-53.1536
-54.0046
-54.883
-55.7715
-56.65
-57.4938
-58.2765
-58.9684
-59.5381
-59.9532
-60.1804
-60.1869
-59.942
-59.4173
-58.589
-57.4403
-55.9645
-54.1688
-52.0769
-49.7335
-47.2038
-44.5716
-41.9335
-39.3888
-37.0315
-34.943
-33.1899
-31.8269
-30.9039
-30.4712
-30.577
-31.2493
-32.4669
-34.1314
-36.0637
-38.0308
-39.7934
-41.1428
-41.9058
-41.9221
-41.0364
-39.1569
-36.3516
-32.8881
-29.1599
-25.5475
-22.3158
-19.5928
-17.4027
-15.7133
-14.4732
-13.6311
-13.145
-12.9904
-13.1716
-13.729
-14.6874
-15.9161
-17.0606
-17.6742
-17.464
-16.4911
-15.0243
-13.452
-12.1032
-11.2054
-10.8571
-11.0777
-11.98
-13.8477
-16.8989
-20.7974
-24.334
-25.8548
-24.6095
-21.0908
-16.7808
-12.887
-9.88174
-7.72597
-6.28302
-5.45615
-5.0285
-4.66089
-4.23264
-4.0173
-4.43243
-5.94619
-8.94807
-12.8612
-15.6527
-15.3729
-12.535
-9.24945
-6.51177
-4.18894
-2.32066
-1.33147
-1.50266
-2.71582
-4.85949
-7.16819
-8.19707
-7.11065
-4.25778
-1.61318
-0.505026
-0.470778
-1.49467
-3.60776
-4.32184
-2.81841
-0.436079
0.882664
0.262177
-1.83047
-1.79179
-0.363101
-0.188471
-0.919679
-1.18827
-0.924999
-0.764336
-0.779428
-0.70504
-0.679556
-0.593885
-0.57774
-0.536832
-0.484409
-0.493157
-0.408152
-0.439366
-0.366527
-0.366556
-0.351648
-0.292553
-0.330861
-0.249355
-0.275701
-0.248887
-0.202559
-0.250805
-0.165638
-0.206294
-0.186678
-0.142302
-0.199551
-0.133099
-0.146322
-0.163368
-0.0872792
-0.131352
-0.0933467
-0.0463335
-0.0961819
-0.0484892
-0.0358371
-0.0966974
-0.0485438
-0.0537833
-0.0904875
-0.0372193
0.00124197
-0.0175086
0.026896
0.0544236
0.00378632
-0.00414958
0.00132864
-0.00707628
-0.0217967
-0.0279036
-0.00224715
-0.0128407
-0.0251282
-0.00550136
-47.4731
-47.5084
-47.5238
-47.5215
-47.5078
-47.4912
-47.4814
-47.4885
-47.5209
-47.5856
-47.6881
-47.8335
-48.0254
-48.268
-48.565
-48.9204
-49.3377
-49.8203
-50.3709
-50.9913
-51.6816
-52.44
-53.2623
-54.1416
-55.0673
-56.0257
-56.9995
-57.9671
-58.9039
-59.7824
-60.572
-61.2402
-61.7532
-62.0763
-62.175
-62.0156
-61.5672
-60.8022
-59.7
-58.2495
-56.4529
-54.3304
-51.9241
-49.2995
-46.5431
-43.7573
-41.0495
-38.5212
-36.2601
-34.3356
-32.8014
-31.7022
-31.0821
-30.9861
-31.448
-32.4635
-33.9584
-35.7745
-37.688
-39.4541
-40.8495
-41.6855
-41.793
-41.0123
-39.2436
-36.5375
-33.1436
-29.4489
-25.8433
-22.6097
-19.8919
-17.7241
-16.0787
-14.9057
-14.155
-13.7875
-13.785
-14.1645
-14.9823
-16.262
-17.8304
-19.2596
-20.0283
-19.7869
-18.6529
-16.9195
-15.0609
-13.45
-12.332
-11.8141
-11.9088
-12.7155
-14.5077
-17.4894
-21.3103
-24.7904
-26.3723
-25.0492
-21.5739
-17.3369
-13.5351
-10.6316
-8.58599
-7.28254
-6.62209
-6.34262
-6.05456
-5.63163
-5.35525
-5.65189
-6.96285
-9.68625
-13.3041
-15.9068
-15.6579
-13.032
-9.95478
-7.25007
-4.87537
-2.99818
-2.09042
-2.3345
-3.52532
-5.6017
-7.95886
-9.19097
-8.22011
-5.20653
-2.329
-1.12647
-1.10606
-2.41821
-4.85778
-5.69859
-3.99933
-1.21012
0.411881
-0.470528
-2.94006
-2.5367
-0.478392
-0.146902
-1.10091
-1.4085
-0.977315
-0.779678
-0.799464
-0.742001
-0.706342
-0.597714
-0.603421
-0.532787
-0.50704
-0.493149
-0.41483
-0.453237
-0.358353
-0.387475
-0.341679
-0.304169
-0.334932
-0.242111
-0.292358
-0.235175
-0.212945
-0.252386
-0.155781
-0.221545
-0.174785
-0.147898
-0.207952
-0.123518
-0.161776
-0.161418
-0.084746
-0.143654
-0.0819782
-0.0451221
-0.099906
-0.0301563
-0.0386076
-0.104255
-0.04008
-0.0660097
-0.105402
-0.0307757
0.00303512
-0.0267125
0.0494224
0.0716931
0.00272957
0.000976246
0.00734939
-0.00579419
-0.0421016
-0.040757
0.00546703
-0.0189916
-0.032942
-0.00264304
-47.9497
-47.9727
-47.9812
-47.9748
-47.9588
-47.9412
-47.9332
-47.9441
-47.9823
-48.0552
-48.1684
-48.3268
-48.5349
-48.7965
-49.116
-49.4975
-49.9448
-50.4618
-51.0516
-51.716
-52.4555
-53.2687
-54.1511
-55.0959
-56.0923
-57.1264
-58.1803
-59.2322
-60.2569
-61.2256
-62.1074
-62.8688
-63.4747
-63.889
-64.0752
-63.9978
-63.623
-62.9198
-61.8636
-60.4383
-58.6411
-56.4882
-54.0182
-51.2963
-48.4107
-45.4712
-42.593
-39.8862
-37.4452
-35.3442
-33.6371
-32.3648
-31.565
-31.277
-31.5364
-32.3509
-33.6684
-35.3537
-37.1961
-38.9493
-40.3763
-41.2725
-41.46
-40.7744
-39.1117
-36.5092
-33.1998
-29.561
-25.9871
-22.7745
-20.0813
-17.9513
-16.3621
-15.2661
-14.615
-14.3738
-14.5322
-15.1205
-16.2128
-17.8288
-19.7513
-21.4775
-22.4127
-22.1946
-20.8154
-18.7811
-16.6072
-14.71
-13.349
-12.635
-12.571
-13.2342
-14.8747
-17.6765
-21.2854
-24.5761
-26.0487
-24.8194
-21.517
-17.502
-13.93
-11.239
-9.39582
-8.32213
-7.91442
-7.86027
-7.69624
-7.27492
-6.86747
-6.92906
-7.87357
-10.0705
-13.0908
-15.306
-15.1406
-12.9598
-10.3054
-7.80204
-5.55926
-3.9138
-3.1857
-3.43862
-4.41083
-6.23281
-8.45666
-9.73515
-8.86684
-5.91935
-3.09518
-2.00914
-1.99981
-3.4044
-5.90474
-6.80735
-5.07112
-2.24084
-0.452254
-1.67077
-4.2264
-3.39459
-0.713226
-0.281143
-1.41407
-1.64982
-1.02793
-0.804016
-0.825105
-0.788007
-0.72133
-0.608521
-0.624541
-0.527432
-0.53168
-0.484366
-0.429054
-0.459215
-0.352764
-0.409371
-0.325896
-0.323225
-0.331982
-0.237549
-0.310778
-0.215525
-0.229534
-0.249348
-0.143647
-0.240745
-0.156849
-0.156683
-0.218634
-0.11109
-0.182371
-0.160137
-0.0821439
-0.157912
-0.0650518
-0.0419352
-0.104506
-0.0102897
-0.0426033
-0.109369
-0.0316921
-0.0806494
-0.124936
-0.0295131
0.00332809
-0.0283003
0.0728135
0.080915
0.00176564
-0.00730672
0.0104757
0.0156699
-0.0502986
-0.0388356
0.0108111
-0.0333826
-0.0401069
-0.000284675
-48.4158
-48.4263
-48.4276
-48.4159
-48.3965
-48.3789
-48.3725
-48.3866
-48.4305
-48.5112
-48.6345
-48.8057
-49.029
-49.3089
-49.6499
-50.056
-50.5319
-51.0815
-51.7083
-52.4142
-53.2001
-54.0646
-55.0035
-56.0096
-57.0724
-58.1774
-59.3061
-60.4367
-61.5433
-62.5966
-63.565
-64.4137
-65.1069
-65.6072
-65.8767
-65.8777
-65.5734
-64.9304
-63.919
-62.5187
-60.7213
-58.5373
-56.0027
-53.1821
-50.1628
-47.0663
-44.0124
-41.121
-38.4944
-36.2118
-34.3288
-32.884
-31.9086
-31.4361
-31.5007
-32.1184
-33.2551
-34.7976
-36.5518
-38.2738
-39.7165
-40.6612
-40.915
-40.3144
-38.7518
-36.2557
-33.0436
-29.4816
-25.9637
-22.7955
-20.1465
-18.07
-16.5491
-15.5389
-14.9939
-14.8845
-15.2083
-16.011
-17.3839
-19.342
-21.6234
-23.65
-24.7461
-24.4844
-22.9071
-20.5542
-18.0441
-15.8444
-14.2247
-13.2925
-13.0413
-13.52
-14.9443
-17.4716
-20.76
-23.7597
-25.0911
-23.9706
-20.9378
-17.2701
-14.0463
-11.6658
-10.1166
-9.36624
-9.31387
-9.57299
-9.577
-9.11644
-8.49183
-8.19533
-8.63921
-10.144
-12.387
-14.0941
-14.0217
-12.3905
-10.271
-8.13591
-6.25922
-5.05338
-4.58946
-4.78914
-5.36263
-6.67527
-8.50675
-9.69365
-8.95556
-6.36201
-3.94745
-3.19296
-3.16995
-4.33989
-6.47655
-7.33098
-5.77141
-3.3962
-1.68852
-3.07259
-5.22765
-4.10636
-1.06428
-0.68583
-1.6679
-1.79902
-1.07933
-0.842274
-0.853698
-0.825321
-0.733671
-0.624318
-0.633084
-0.531152
-0.545952
-0.479436
-0.442659
-0.458288
-0.356629
-0.419422
-0.318131
-0.339417
-0.326301
-0.24285
-0.318767
-0.204961
-0.243779
-0.241952
-0.141787
-0.250142
-0.140955
-0.168413
-0.220323
-0.104601
-0.202492
-0.156739
-0.085587
-0.171672
-0.0496517
-0.0391059
-0.100324
0.0145232
-0.0509677
-0.120091
-0.0300989
-0.0940845
-0.146858
-0.0178693
0.00286286
-0.0328357
0.112602
0.0969159
0.00345036
-0.013482
0.00901978
-0.00355981
-0.0956083
-0.0216297
0.0330126
-0.04738
-0.0425849
0.00719859
-48.8698
-48.8665
-48.8596
-48.8436
-48.8222
-48.8034
-48.7978
-48.8151
-48.8641
-48.9518
-49.0847
-49.2676
-49.5054
-49.8025
-50.1634
-50.5928
-51.0955
-51.6755
-52.3367
-53.0814
-53.9105
-54.8227
-55.814
-56.8771
-58.0012
-59.1719
-60.3702
-61.5737
-62.7564
-63.8883
-64.9369
-65.8671
-66.6419
-67.223
-67.5705
-67.6452
-67.4081
-66.8216
-65.8532
-64.4765
-62.678
-60.4633
-57.8641
-54.9422
-51.7914
-48.5344
-45.3013
-42.221
-39.4041
-36.936
-34.8745
-33.2564
-32.1077
-31.4547
-31.3282
-31.7499
-32.7022
-34.0932
-35.7456
-37.4204
-38.8629
-39.84
-40.1495
-39.6238
-38.1557
-35.768
-32.6649
-29.1997
-25.7613
-22.6602
-20.0751
-18.0675
-16.6259
-15.7089
-15.2749
-15.2996
-15.7894
-16.8053
-18.4561
-20.7507
-23.3842
-25.7054
-26.956
-26.653
-24.8634
-22.1817
-19.3247
-16.8157
-14.9308
-13.7677
-13.3081
-13.5697
-14.7287
-16.9116
-19.8002
-22.4415
-23.5974
-22.5907
-19.8928
-16.663
-13.8744
-11.8815
-10.7073
-10.3711
-10.7813
-11.447
-11.6557
-11.103
-10.1513
-9.37786
-9.22454
-9.9662
-11.3854
-12.5511
-12.5342
-11.4202
-9.86716
-8.25902
-6.96572
-6.3304
-6.18376
-6.27422
-6.32889
-6.89313
-8.09529
-9.04875
-8.50259
-6.51767
-4.85271
-4.57623
-4.52021
-5.08037
-6.44458
-7.15593
-5.95736
-4.43981
-3.30754
-4.21528
-5.37358
-4.30614
-1.56838
-1.2017
-1.75182
-1.71375
-1.09852
-0.905343
-0.882115
-0.832151
-0.736366
-0.63862
-0.634897
-0.537326
-0.54826
-0.477456
-0.450048
-0.454994
-0.362062
-0.421462
-0.314702
-0.347757
-0.321395
-0.250591
-0.324939
-0.200266
-0.255501
-0.235596
-0.144942
-0.261815
-0.121904
-0.182427
-0.218373
-0.0890638
-0.221591
-0.150152
-0.0874024
-0.198136
-0.0304907
-0.037605
-0.107055
0.0477308
-0.0437269
-0.117392
-0.018748
-0.147016
-0.208612
-0.0269113
0.00184382
0.012916
0.188583
0.143753
0.0385056
-0.0308562
0.0458869
-0.00540591
-0.181736
-0.0507781
0.0203488
-0.0780205
-0.05449
0.00887266
-49.3102
-49.2941
-49.2796
-49.2578
-49.2329
-49.2128
-49.2082
-49.2283
-49.2818
-49.3764
-49.518
-49.7118
-49.9629
-50.2758
-50.6553
-51.1062
-51.6335
-52.2415
-52.9344
-53.7148
-54.5836
-55.5397
-56.5791
-57.6945
-58.8749
-60.1058
-61.368
-62.6388
-63.8913
-65.0952
-66.2174
-67.2223
-68.0717
-68.726
-69.1449
-69.2869
-69.1108
-68.5769
-67.6478
-66.2932
-64.4941
-62.2499
-59.5879
-56.5681
-53.286
-49.8681
-46.4541
-43.1819
-40.1712
-37.5137
-35.2711
-33.4798
-32.1616
-31.3355
-31.0252
-31.2531
-32.0139
-33.2379
-34.7693
-36.3782
-37.8045
-38.8013
-39.1557
-38.6966
-37.3183
-35.0408
-32.0574
-28.7069
-25.3702
-22.3584
-19.8564
-17.9326
-16.5807
-15.763
-15.4424
-15.6004
-16.2515
-17.4729
-19.3888
-22.0018
-24.9675
-27.5665
-28.9621
-28.6175
-26.6135
-23.6066
-20.4056
-17.5917
-15.4447
-14.0482
-13.3696
-13.3951
-14.2556
-16.0523
-18.4903
-20.7339
-21.6948
-20.8005
-18.4693
-15.7267
-13.4214
-11.8648
-11.1255
-11.2839
-12.2537
-13.4145
-13.8494
-13.1463
-11.755
-10.407
-9.60571
-9.59531
-10.2396
-10.88
-10.8441
-10.1481
-9.15288
-8.19529
-7.62746
-7.62123
-7.80396
-7.73973
-7.2149
-6.88682
-7.3087
-7.91844
-7.59468
-6.39573
-5.69606
-5.99213
-5.89084
-5.55246
-5.84641
-6.34848
-5.59931
-5.18143
-5.02691
-4.97612
-4.54661
-3.88762
-2.23835
-1.84703
-1.66331
-1.46425
-1.1248
-0.993537
-0.903882
-0.808979
-0.746324
-0.652436
-0.635715
-0.550799
-0.535945
-0.491729
-0.440244
-0.45989
-0.36947
-0.408986
-0.334501
-0.326476
-0.337773
-0.253211
-0.319164
-0.232409
-0.234749
-0.264721
-0.157408
-0.257675
-0.159906
-0.154126
-0.225217
-0.0934648
-0.186827
-0.166162
-0.0636981
-0.201905
-0.0739878
-0.0332291
-0.151329
-0.0171035
-0.0367621
-0.131257
0.00368746
-0.0616106
-0.160482
0.0106895
-0.027661
-0.109674
0.0402705
0.0268959
-0.140134
-0.111088
0.0914062
0.00392639
-0.0965993
0.0638762
0.0259059
-0.124704
-0.0604622
0.00806401
)
;

boundaryField
{
    front
    {
        type            empty;
    }
    wall
    {
        type            zeroGradient;
    }
    inlet
    {
        type            zeroGradient;
    }
    back
    {
        type            empty;
    }
    outlet
    {
        type            fixedValue;
        value           uniform 0;
    }
}


// ************************************************************************* //
