/*--------------------------------*- C++ -*----------------------------------*\
| =========                 |                                                 |
| \\      /  F ield         | OpenFOAM: The Open Source CFD Toolbox           |
|  \\    /   O peration     | Version:  2406                                  |
|   \\  /    A nd           | Website:  www.openfoam.com                      |
|    \\/     M anipulation  |                                                 |
\*---------------------------------------------------------------------------*/
FoamFile
{
    version     2.0;
    format      ascii;
    arch        "LSB;label=32;scalar=64";
    class       volScalarField;
    location    "0.584";
    object      p;
}
// * * * * * * * * * * * * * * * * * * * * * * * * * * * * * * * * * * * * * //

dimensions      [0 2 -2 0 0 0 0];

internalField   nonuniform List<scalar> 
80000
(
-0.182246
-0.108445
-0.0984399
-0.0836703
-0.066673
-0.0564429
-0.0340639
-0.0262822
-0.01139
-0.00165198
-0.00767482
-0.00312937
-0.000887378
0.00498209
0.0216086
0.0294298
0.0308613
0.0327569
0.0345394
0.0357308
0.0370122
0.04415
0.0536132
0.0597636
0.0614303
0.0611962
0.063578
0.0666055
0.0690156
0.0730517
0.078671
0.0841082
0.0865379
0.0870801
0.0885393
0.091165
0.0948098
0.0987658
0.102439
0.105379
0.107231
0.109003
0.111278
0.114109
0.117002
0.119839
0.122932
0.125381
0.126843
0.128855
0.131832
0.134484
0.136284
0.138318
0.14099
0.143282
0.145002
0.14699
0.14959
0.15181
0.15328
0.155209
0.157479
0.159426
0.161132
0.162831
0.164842
0.166704
0.168218
0.169892
0.171841
0.173405
0.174826
0.17653
0.178053
0.179459
0.180881
0.182368
0.183732
0.185025
0.186344
0.187639
0.18871
0.189969
0.191047
0.19212
0.193213
0.194223
0.195223
0.196174
0.197085
0.197956
0.198782
0.199563
0.200302
0.200999
0.201652
0.202262
0.202829
0.203357
-0.0700312
-0.0713522
-0.0768755
-0.0510942
-0.0422128
-0.0340314
-0.015908
-0.0324401
-0.0273229
-0.0141134
-0.0175928
0.00944744
0.0258192
0.0175054
0.0197178
0.0176852
0.0175796
0.0252505
0.032268
0.0440438
0.0531068
0.0550631
0.0515451
0.0480814
0.052867
0.0586277
0.0637513
0.070531
0.0764905
0.0803983
0.0791951
0.0768935
0.0790288
0.0846904
0.0916167
0.0961459
0.0983161
0.099892
0.100701
0.102273
0.105208
0.10937
0.113624
0.116012
0.11802
0.120118
0.121108
0.123265
0.127431
0.130817
0.13221
0.133959
0.136746
0.138897
0.140725
0.142775
0.145454
0.147989
0.149123
0.151209
0.153946
0.155733
0.157442
0.159246
0.161379
0.163191
0.164847
0.166745
0.168414
0.170166
0.171826
0.173467
0.175068
0.176746
0.178171
0.179598
0.18108
0.182496
0.183872
0.185193
0.186594
0.187754
0.188923
0.190198
0.191194
0.192366
0.193402
0.194413
0.195422
0.196363
0.197284
0.19815
0.198972
0.199759
0.200497
0.201193
0.201842
0.20245
0.203027
0.203558
-0.0400213
-0.0221071
-0.0405114
-0.0312224
-0.0423492
-0.0452545
-0.0210258
-0.028111
-0.00417702
0.0189144
-0.00122727
0.00555487
0.00711673
-0.00400079
0.0135776
0.0266337
0.036139
0.0450062
0.0392222
0.038763
0.0390051
0.0391314
0.0473831
0.0549801
0.0653634
0.0702054
0.0667975
0.0672317
0.0685357
0.0714966
0.0757833
0.0809854
0.0889861
0.0917574
0.0904493
0.0910123
0.0938357
0.0983374
0.102014
0.105139
0.108771
0.109993
0.111402
0.115243
0.118226
0.119657
0.121831
0.12572
0.128475
0.1297
0.131643
0.134288
0.13769
0.139098
0.14028
0.144151
0.146292
0.147039
0.149312
0.152181
0.154317
0.155577
0.157555
0.159888
0.161722
0.163296
0.165101
0.167104
0.168651
0.170475
0.172041
0.173651
0.17544
0.176899
0.178456
0.179908
0.181417
0.182693
0.184092
0.185513
0.186905
0.187947
0.189492
0.190457
0.191613
0.192792
0.193747
0.19481
0.195762
0.196711
0.197633
0.198492
0.199313
0.2001
0.200843
0.201536
0.20219
0.20281
0.203385
0.203901
-0.0295358
-0.0302851
-0.0502061
-0.0207554
-0.0149417
-0.0134995
0.00453947
-0.0157069
-0.00515203
0.000936658
-0.020365
0.0057544
0.0225943
0.0212508
0.0360383
0.0294806
0.0246673
0.0297713
0.0262329
0.0388305
0.0496704
0.0513015
0.0607887
0.0591232
0.0564812
0.060504
0.0608039
0.0677072
0.0732399
0.0766708
0.0828942
0.0837286
0.0848522
0.0867621
0.0886121
0.0933177
0.0960877
0.099004
0.104021
0.106415
0.108002
0.109476
0.111078
0.114646
0.118238
0.121102
0.124075
0.126546
0.127329
0.128195
0.132944
0.136399
0.136741
0.138951
0.142155
0.144635
0.145645
0.147076
0.150829
0.152944
0.153904
0.15594
0.158501
0.160552
0.161755
0.163839
0.165777
0.167361
0.169195
0.170792
0.172505
0.174174
0.175874
0.1772
0.178984
0.180467
0.181828
0.183152
0.184573
0.185992
0.187145
0.188591
0.189981
0.190854
0.192317
0.193244
0.194307
0.195366
0.196278
0.19722
0.198105
0.19898
0.199816
0.200591
0.201337
0.202034
0.202692
0.203311
0.203882
0.204413
-0.0274985
0.000671002
-0.0131209
0.000931687
-0.0162056
-0.0261524
-0.0057484
-0.0161262
0.00544166
0.014201
0.0053605
0.0334045
0.0219463
0.00613328
0.0220844
0.0181791
0.0287852
0.0436014
0.0401433
0.0520807
0.0530106
0.0430667
0.0519775
0.0535328
0.055267
0.066316
0.0672868
0.0725512
0.0776434
0.0767304
0.0806115
0.0796804
0.080601
0.0875533
0.0919002
0.0975827
0.100087
0.0987848
0.101812
0.104924
0.106651
0.110645
0.114783
0.116669
0.117756
0.121269
0.124462
0.124433
0.127345
0.131807
0.134149
0.135764
0.136456
0.139828
0.143318
0.143769
0.145641
0.149145
0.15164
0.152171
0.154105
0.157347
0.158983
0.16067
0.16237
0.164639
0.166446
0.167743
0.169864
0.171313
0.173215
0.174763
0.176209
0.177948
0.179595
0.181079
0.182361
0.183969
0.18529
0.186585
0.187744
0.189493
0.190309
0.1917
0.193007
0.193833
0.195097
0.196028
0.197012
0.197935
0.198788
0.199673
0.200525
0.201304
0.20204
0.202748
0.203413
0.204022
0.204601
0.205172
-0.00174415
-0.00305725
-0.0362255
-0.0196029
-0.0104144
0.00272229
0.0205959
8.66131e-05
0.0155729
0.00900895
-0.0057439
0.0231957
0.00837145
0.0133213
0.046674
0.0345249
0.0378808
0.0436696
0.0324875
0.043794
0.044479
0.0436712
0.0611245
0.0608196
0.061897
0.0726935
0.0678375
0.0690071
0.0734861
0.0713031
0.0801115
0.0855966
0.0867603
0.0931762
0.092556
0.0925211
0.0978363
0.0996384
0.10172
0.105539
0.109203
0.112883
0.114542
0.116526
0.11905
0.120785
0.123671
0.126004
0.129689
0.133512
0.133251
0.134779
0.138453
0.141597
0.142916
0.143798
0.147814
0.15025
0.150582
0.152789
0.155739
0.158024
0.158947
0.160841
0.163527
0.165154
0.166794
0.168469
0.17042
0.17208
0.173829
0.175288
0.176731
0.178818
0.180055
0.181617
0.183051
0.184683
0.185863
0.187144
0.188652
0.189998
0.190787
0.192674
0.193418
0.19463
0.195796
0.196657
0.197741
0.198686
0.199594
0.200455
0.201276
0.202069
0.202804
0.20352
0.204199
0.204823
0.205403
0.205947
-0.0354146
-0.00642939
-0.00379087
0.0214706
0.0108448
-0.00277084
-0.00205808
-0.0173959
0.0164449
0.0143963
0.00495993
0.0432468
0.0227757
0.0235871
0.0464744
0.0197126
0.0268783
0.0406665
0.0368279
0.0522529
0.0526483
0.0567348
0.0678402
0.0546843
0.0567848
0.0690859
0.0632291
0.0709636
0.0806722
0.0761089
0.0842132
0.0890734
0.0844321
0.090157
0.0926247
0.0923326
0.0988292
0.102476
0.104626
0.107703
0.109249
0.111857
0.113621
0.115886
0.120431
0.122655
0.124577
0.128036
0.13021
0.131445
0.132859
0.137274
0.140649
0.14111
0.143274
0.146067
0.148725
0.149823
0.150942
0.155078
0.15697
0.157781
0.15991
0.162152
0.164564
0.165555
0.167599
0.169696
0.171021
0.173025
0.174382
0.176126
0.177767
0.179486
0.180675
0.182438
0.184026
0.185312
0.186604
0.187941
0.189505
0.1903
0.191792
0.193267
0.193878
0.19555
0.196404
0.197448
0.198514
0.199464
0.200434
0.201275
0.202069
0.20286
0.203606
0.204322
0.204999
0.205638
0.206214
0.206707
0.0148975
0.0248285
-0.00297295
-0.00487184
-0.0169731
-0.00588206
0.0201215
0.0114843
0.0376599
0.0202096
0.00586519
0.0418627
0.00978095
0.010815
0.042873
0.0248829
0.0422133
0.0560574
0.0475472
0.053928
0.0453826
0.0508522
0.0606208
0.0508553
0.0655159
0.0763465
0.0650201
0.0759088
0.0847036
0.0748615
0.0811294
0.0870429
0.0828651
0.090665
0.0965563
0.0967787
0.101816
0.103001
0.103741
0.108272
0.109851
0.111351
0.115198
0.118679
0.121172
0.123121
0.126127
0.128312
0.128937
0.132407
0.13566
0.137931
0.140272
0.140837
0.144541
0.147937
0.148082
0.15021
0.153328
0.156033
0.156673
0.158307
0.161732
0.163231
0.164993
0.166579
0.168798
0.170877
0.17208
0.174198
0.175422
0.17752
0.179117
0.180282
0.181969
0.183615
0.185131
0.186238
0.187903
0.189228
0.190491
0.191346
0.193335
0.193854
0.195134
0.196631
0.197378
0.198708
0.199635
0.200586
0.201557
0.20241
0.203225
0.204022
0.204781
0.205483
0.206158
0.206815
0.207403
0.207901
-0.0128233
-0.00464523
-0.0118083
0.0140904
0.0204735
0.0295372
0.0318811
-0.00622249
0.0153861
0.01017
0.00606094
0.046791
0.0209501
0.0315453
0.0585301
0.0286262
0.0394152
0.0485023
0.0409599
0.0484211
0.0449799
0.0594315
0.0675498
0.0594109
0.0750451
0.0743639
0.0617677
0.0768888
0.0812581
0.0722966
0.0832382
0.0907099
0.0872579
0.0943084
0.0981832
0.0957304
0.100093
0.103284
0.104292
0.108434
0.112211
0.114605
0.116629
0.119701
0.122258
0.122863
0.126064
0.12974
0.130694
0.13486
0.137637
0.13702
0.140222
0.143081
0.145742
0.147809
0.148337
0.152426
0.154886
0.155266
0.157415
0.160124
0.162661
0.163606
0.165466
0.168041
0.169665
0.171477
0.17313
0.175125
0.176729
0.178622
0.180075
0.1813
0.183501
0.184672
0.186161
0.187519
0.189315
0.190526
0.191598
0.193084
0.194694
0.194972
0.196981
0.197704
0.198776
0.200119
0.200946
0.201969
0.202918
0.203848
0.204708
0.2055
0.206275
0.206984
0.207662
0.208312
0.20893
0.209513
0.00432657
0.0250353
0.0181143
0.0258544
0.00696967
-0.00207061
0.00906557
-0.00428538
0.0373184
0.0368323
0.0212116
0.0497129
0.0203234
0.0311531
0.0488042
0.0174298
0.037723
0.0506432
0.044497
0.0556006
0.060982
0.0717854
0.0605674
0.0531079
0.0750153
0.0698269
0.0651376
0.0828778
0.0795579
0.078066
0.0925579
0.0914369
0.0860349
0.0931934
0.0972368
0.0969739
0.100376
0.104288
0.108165
0.110558
0.111867
0.115733
0.117853
0.118882
0.122814
0.124798
0.126811
0.131342
0.132992
0.135193
0.137364
0.138189
0.142936
0.145228
0.145688
0.148656
0.150851
0.153819
0.155017
0.155948
0.160077
0.16177
0.162835
0.164772
0.166906
0.169504
0.170404
0.172373
0.174451
0.175997
0.178027
0.17927
0.18091
0.182511
0.184542
0.185452
0.18713
0.188805
0.190235
0.191539
0.192777
0.194598
0.195389
0.196534
0.198434
0.198629
0.200232
0.201239
0.202188
0.203263
0.204143
0.205107
0.206002
0.206807
0.207605
0.208343
0.209008
0.209612
0.210235
0.21089
0.0175844
0.0125073
-0.00534628
0.00699162
0.00626966
0.0156927
0.0439011
0.0288178
0.0436162
0.0219442
0.00434693
0.0409827
0.0170031
0.0300128
0.0530092
0.0338686
0.0542379
0.0550105
0.0437125
0.0499215
0.0572084
0.0668188
0.0502652
0.0579558
0.0851368
0.0687932
0.0711829
0.0899301
0.0776432
0.0805013
0.092683
0.0854429
0.0878928
0.0974868
0.0971769
0.100015
0.105296
0.106027
0.108889
0.111463
0.111549
0.115547
0.119293
0.1203
0.124268
0.12671
0.128071
0.132479
0.133009
0.134366
0.139101
0.14062
0.143592
0.145685
0.146292
0.150716
0.153165
0.153865
0.15598
0.158512
0.161881
0.162362
0.163887
0.167168
0.168591
0.170724
0.171832
0.174009
0.176078
0.177269
0.179552
0.180528
0.182679
0.184325
0.185598
0.186962
0.188643
0.190242
0.191234
0.192844
0.194306
0.195826
0.196311
0.198456
0.19939
0.200035
0.20179
0.202403
0.203639
0.204643
0.20547
0.206377
0.207258
0.208096
0.208899
0.20964
0.210293
0.210888
0.211503
0.212149
-0.0055007
0.00836563
0.014914
0.0332567
0.0307519
0.0242474
0.0310969
0.00141243
0.0194354
0.0240883
0.0232536
0.0599905
0.0340796
0.0400837
0.0546582
0.0339614
0.0499487
0.0473851
0.0440307
0.0476245
0.0511638
0.0648421
0.0566604
0.0754506
0.0892286
0.0579947
0.0726998
0.0927123
0.0728682
0.0812839
0.0928352
0.0843909
0.0943128
0.102695
0.0964928
0.100523
0.107025
0.106505
0.108803
0.112334
0.114385
0.118546
0.121052
0.121446
0.126314
0.128954
0.128208
0.133022
0.134759
0.135547
0.141554
0.142022
0.142713
0.146758
0.148243
0.151828
0.153446
0.153917
0.158219
0.160396
0.161641
0.163256
0.16589
0.168834
0.169467
0.171773
0.173775
0.175599
0.177577
0.178914
0.181129
0.182429
0.18468
0.186115
0.187092
0.189315
0.190647
0.192047
0.193103
0.194914
0.196291
0.197342
0.198307
0.200561
0.200659
0.202447
0.203645
0.20422
0.205632
0.206495
0.207405
0.208286
0.209159
0.209999
0.210744
0.211476
0.212184
0.212859
0.21347
0.214015
0.0247706
0.0285682
0.0196307
0.0172347
0.0101931
0.00633759
0.0252753
0.0154054
0.043781
0.0535767
0.0354672
0.0505293
0.0270333
0.0378569
0.0488485
0.0304254
0.0507972
0.0543985
0.058513
0.0572031
0.0562749
0.0659273
0.0519449
0.0724261
0.0791889
0.0528845
0.0828463
0.0956585
0.0707974
0.0875296
0.0981349
0.0887308
0.0968185
0.0985483
0.0953791
0.103817
0.106479
0.105224
0.111152
0.115756
0.116752
0.119897
0.122675
0.122679
0.126605
0.130845
0.129921
0.134201
0.138193
0.138043
0.142524
0.142972
0.143901
0.149838
0.150091
0.151696
0.154621
0.156004
0.160073
0.160776
0.161881
0.165565
0.167462
0.169193
0.170361
0.172917
0.17541
0.176525
0.178621
0.180342
0.182304
0.184194
0.185955
0.187425
0.188756
0.191234
0.192114
0.193645
0.195179
0.196813
0.198039
0.199084
0.200782
0.202181
0.202437
0.204929
0.205291
0.206401
0.207677
0.208499
0.209607
0.210514
0.211396
0.212228
0.212949
0.213709
0.214492
0.21523
0.215823
0.216272
0.0112885
0.011237
0.0101213
0.0189661
0.0267941
0.0292122
0.0476107
0.0324738
0.0352418
0.0300176
0.0128779
0.0413509
0.0359136
0.0481871
0.0590277
0.0481435
0.0632955
0.0552389
0.0568074
0.0577945
0.0624428
0.0671756
0.0435342
0.0661789
0.0741183
0.0601748
0.0954516
0.0897126
0.0687798
0.0968301
0.0977105
0.0869159
0.0993
0.0982902
0.0983826
0.107946
0.106946
0.107685
0.114353
0.116188
0.116882
0.119679
0.123184
0.125323
0.12763
0.13129
0.132198
0.136124
0.140301
0.138872
0.142594
0.145866
0.146846
0.151704
0.151471
0.152999
0.157791
0.158645
0.160978
0.162017
0.164329
0.16835
0.168637
0.170382
0.172796
0.174599
0.176962
0.17777
0.180089
0.181926
0.183468
0.185661
0.186765
0.188798
0.190491
0.192349
0.193225
0.195085
0.196832
0.197982
0.199326
0.200687
0.202635
0.203152
0.204485
0.206526
0.206546
0.208317
0.209158
0.210121
0.211346
0.212263
0.213149
0.213993
0.214783
0.215592
0.216384
0.217099
0.21768
0.218145
0.0163031
0.0265386
0.0302457
0.0333167
0.0339029
0.022177
0.0288014
0.0160065
0.020659
0.0337995
0.0300788
0.0573216
0.0495319
0.0487894
0.0564454
0.0505623
0.0590137
0.0493685
0.0583424
0.0595181
0.0677206
0.0744354
0.0524325
0.0791578
0.0747872
0.0555879
0.0925302
0.0788485
0.0699532
0.103367
0.0913598
0.0833919
0.103567
0.1037
0.104731
0.108526
0.105323
0.112871
0.117797
0.113779
0.11742
0.122842
0.124862
0.127245
0.129466
0.132629
0.134269
0.13667
0.140243
0.140029
0.143865
0.148477
0.14819
0.15154
0.153399
0.15546
0.160056
0.160001
0.161884
0.164977
0.167167
0.169717
0.170082
0.173055
0.175852
0.176528
0.179127
0.180284
0.182532
0.184316
0.185589
0.187845
0.188622
0.191125
0.192655
0.193758
0.195269
0.197093
0.198617
0.199486
0.20118
0.202709
0.204267
0.204593
0.206883
0.20771
0.208383
0.210351
0.210769
0.211953
0.213022
0.213903
0.214805
0.215691
0.216573
0.217373
0.218084
0.21874
0.219357
0.219944
0.0271933
0.0253777
0.0190222
0.0172668
0.024478
0.0195703
0.0330544
0.036309
0.0418937
0.0573328
0.0406299
0.0420751
0.0344087
0.0360824
0.048779
0.0497585
0.0579062
0.0594727
0.0764345
0.0628193
0.0639105
0.0794755
0.0663269
0.0920778
0.0711504
0.0491057
0.0918349
0.0756466
0.0737778
0.105332
0.0863436
0.0874952
0.106969
0.100961
0.10504
0.109752
0.106332
0.114691
0.117578
0.114937
0.122658
0.126706
0.12546
0.128762
0.131982
0.134278
0.136272
0.138162
0.140942
0.142687
0.146375
0.149282
0.148516
0.152175
0.155862
0.156933
0.160119
0.161011
0.163668
0.167612
0.168323
0.170216
0.172286
0.175391
0.177537
0.178045
0.181302
0.182909
0.18481
0.186755
0.188036
0.190356
0.191465
0.193951
0.195202
0.196252
0.198532
0.199714
0.201055
0.202165
0.204022
0.205401
0.206514
0.207427
0.209783
0.209673
0.2115
0.212951
0.213391
0.21478
0.215582
0.216481
0.217392
0.218309
0.219225
0.219969
0.220601
0.221239
0.221946
0.222669
0.0122642
0.0162386
0.0215907
0.0268239
0.0396975
0.03616
0.0430093
0.04595
0.0335426
0.0397901
0.0292417
0.0346566
0.0450956
0.0464171
0.0515946
0.056629
0.0621454
0.0621099
0.0765345
0.0580944
0.0650298
0.0819678
0.0610426
0.0914327
0.0797622
0.0659302
0.101455
0.0724486
0.074795
0.105938
0.084413
0.0919004
0.106077
0.0962341
0.103825
0.110511
0.110706
0.116354
0.114741
0.117495
0.127861
0.127258
0.12465
0.130782
0.13504
0.13586
0.137625
0.140936
0.144213
0.145933
0.148424
0.149895
0.150956
0.155553
0.158003
0.157771
0.16093
0.163496
0.165889
0.168706
0.168816
0.171652
0.17488
0.176544
0.178355
0.179636
0.182919
0.184585
0.186115
0.188509
0.189938
0.192201
0.193756
0.19567
0.197087
0.198686
0.201271
0.201931
0.203641
0.205271
0.206882
0.208058
0.209095
0.210772
0.212369
0.21231
0.214936
0.215481
0.216515
0.217925
0.218605
0.219654
0.220606
0.221517
0.222405
0.223127
0.223792
0.224485
0.225243
0.226
0.0235557
0.0298111
0.0349756
0.0287809
0.0319219
0.0270229
0.026328
0.0359731
0.0271332
0.040698
0.0484981
0.0529056
0.0635753
0.0550263
0.0488258
0.0550896
0.0533742
0.0495216
0.0693211
0.0596372
0.0764566
0.0880247
0.0522357
0.0861854
0.0895352
0.0863642
0.111181
0.0675021
0.0764858
0.107321
0.0837458
0.0948442
0.104459
0.0959797
0.10676
0.111047
0.113819
0.118049
0.114032
0.119945
0.127837
0.124403
0.126741
0.134398
0.135708
0.136153
0.139677
0.143797
0.146261
0.147128
0.150187
0.152469
0.15467
0.158857
0.159303
0.160065
0.164565
0.166637
0.167926
0.170153
0.171252
0.174835
0.177241
0.17766
0.18037
0.182228
0.184584
0.186261
0.187542
0.190209
0.191675
0.193785
0.195595
0.196831
0.198849
0.200674
0.202714
0.203376
0.205609
0.207446
0.208623
0.209981
0.211314
0.21328
0.214003
0.2149
0.217378
0.2173
0.21912
0.220243
0.221031
0.222231
0.223201
0.224096
0.224957
0.22574
0.226512
0.227252
0.227957
0.228635
0.0250591
0.0219931
0.0243935
0.0197164
0.025061
0.0325483
0.0306728
0.0449779
0.0441657
0.0525771
0.0589104
0.0454284
0.0496287
0.0487687
0.0480549
0.0613459
0.0550177
0.0494065
0.0746976
0.0637853
0.076993
0.0884855
0.0565713
0.0931444
0.0842831
0.0743053
0.111451
0.0806897
0.0921095
0.105345
0.0770703
0.101126
0.111138
0.0977865
0.105607
0.109931
0.117115
0.119553
0.114963
0.122824
0.126742
0.123462
0.131538
0.137164
0.134448
0.137115
0.142208
0.14492
0.146273
0.147285
0.151946
0.155243
0.156326
0.160022
0.160804
0.163172
0.168279
0.16845
0.169876
0.173348
0.175098
0.178198
0.179311
0.180113
0.184142
0.185616
0.18709
0.189321
0.190431
0.192967
0.194345
0.19623
0.198208
0.199063
0.201613
0.203055
0.204506
0.20582
0.20795
0.209401
0.210254
0.211986
0.21353
0.215245
0.215666
0.217661
0.219096
0.219216
0.221458
0.222069
0.223137
0.22433
0.225238
0.22611
0.226961
0.227837
0.228693
0.22943
0.230045
0.230631
0.0203472
0.0209612
0.0291419
0.0340777
0.0368126
0.0450659
0.0376568
0.0425775
0.0413996
0.0359917
0.0439444
0.0374435
0.0486431
0.0598201
0.0560972
0.0692245
0.0673846
0.060762
0.0798968
0.0566535
0.0634614
0.0868237
0.0666226
0.101324
0.0780128
0.059783
0.10889
0.0917373
0.106287
0.108771
0.0767724
0.106791
0.114162
0.0985828
0.10534
0.109512
0.117345
0.118994
0.118319
0.128049
0.126927
0.125437
0.136267
0.137827
0.133993
0.140652
0.145101
0.144838
0.146949
0.149785
0.154316
0.156384
0.156224
0.160695
0.163087
0.165192
0.169544
0.168998
0.171735
0.176562
0.177272
0.179847
0.181393
0.183387
0.187569
0.188051
0.189752
0.193006
0.193966
0.196443
0.197899
0.199573
0.201806
0.202705
0.205397
0.206285
0.207697
0.209827
0.211245
0.212469
0.213519
0.215454
0.216835
0.218096
0.218827
0.221275
0.221568
0.222639
0.224615
0.224883
0.226277
0.227291
0.228144
0.229001
0.229838
0.230769
0.231653
0.232393
0.232994
0.233536
0.0301811
0.0310901
0.0336914
0.0359351
0.0299487
0.0344519
0.0316274
0.0337353
0.0405894
0.0353011
0.0483215
0.0526244
0.0581177
0.0678504
0.0569265
0.0636717
0.0690665
0.0614255
0.077488
0.0586785
0.0638193
0.089775
0.0669082
0.0974047
0.0830718
0.0698984
0.11189
0.0837053
0.0999975
0.114379
0.0910263
0.113902
0.108127
0.0972749
0.11259
0.114584
0.113334
0.114049
0.123131
0.13331
0.125925
0.127241
0.13894
0.137703
0.137079
0.145436
0.146752
0.145706
0.150735
0.154297
0.156466
0.157249
0.157996
0.163417
0.165677
0.16605
0.169966
0.170717
0.173917
0.178357
0.177658
0.180707
0.183736
0.185609
0.188978
0.189299
0.191914
0.1956
0.196151
0.198891
0.200726
0.2024
0.205004
0.20615
0.208631
0.209514
0.211399
0.213916
0.214595
0.216205
0.21775
0.219543
0.220743
0.221857
0.223213
0.22532
0.225117
0.227278
0.228453
0.228957
0.230589
0.231391
0.232315
0.233234
0.234079
0.234999
0.235862
0.236623
0.23729
0.237871
0.0246681
0.0248805
0.0233392
0.0292446
0.028196
0.0349174
0.0411281
0.0406636
0.0517473
0.0497436
0.0554809
0.0569852
0.0476117
0.0544304
0.0522107
0.0591496
0.0701909
0.0618136
0.078389
0.0760974
0.0752513
0.0889978
0.0606391
0.090327
0.0951791
0.0842143
0.108307
0.0711302
0.0948777
0.120881
0.09956
0.115191
0.106484
0.104895
0.122552
0.117626
0.110077
0.113115
0.1281
0.13214
0.122582
0.129823
0.140346
0.136727
0.140645
0.148552
0.147217
0.148102
0.154881
0.157157
0.157836
0.159873
0.162672
0.167372
0.167888
0.167985
0.172779
0.174569
0.176618
0.179889
0.179358
0.183155
0.186682
0.187044
0.189907
0.191123
0.193912
0.197162
0.197432
0.200432
0.202477
0.204039
0.206931
0.208232
0.210395
0.211819
0.214001
0.216315
0.216829
0.219228
0.221072
0.222457
0.223763
0.225086
0.226924
0.228347
0.228518
0.231277
0.231596
0.232833
0.234444
0.235162
0.236282
0.237306
0.238201
0.239087
0.239907
0.24069
0.24143
0.242098
0.0203894
0.0269063
0.0278753
0.0360714
0.0404623
0.0413211
0.0481213
0.0428076
0.0472144
0.0462118
0.043717
0.0496986
0.0451024
0.0556496
0.0607223
0.0604954
0.0712051
0.0662831
0.0801177
0.0869456
0.0778227
0.0855579
0.0646577
0.0872405
0.0976848
0.0854362
0.105339
0.0756613
0.0973045
0.118312
0.0975768
0.117023
0.112195
0.113093
0.127034
0.119344
0.113565
0.11898
0.131543
0.127153
0.122268
0.13639
0.140038
0.134104
0.14285
0.149779
0.147081
0.150933
0.156699
0.157067
0.159056
0.163471
0.166807
0.169757
0.169802
0.171956
0.177475
0.178366
0.179355
0.182697
0.183451
0.187226
0.190075
0.189426
0.19281
0.194975
0.19677
0.199497
0.199988
0.202852
0.204843
0.206114
0.209047
0.210262
0.212102
0.214101
0.215921
0.217798
0.218698
0.221465
0.223059
0.224126
0.225836
0.227424
0.229328
0.230209
0.231282
0.233797
0.233636
0.235633
0.236863
0.237673
0.238966
0.240031
0.24098
0.241854
0.242658
0.243472
0.244265
0.244997
0.0279321
0.0330371
0.0339319
0.033573
0.0371999
0.0332508
0.0389339
0.039413
0.0414586
0.0475722
0.0451669
0.0555065
0.0577014
0.0631245
0.0682162
0.061372
0.0697642
0.0665919
0.0699208
0.0800595
0.0749986
0.0927343
0.0857362
0.0871432
0.0878454
0.0785372
0.109044
0.0966087
0.101324
0.104565
0.0913833
0.122888
0.120548
0.112823
0.122006
0.12232
0.124052
0.127496
0.131326
0.124271
0.129849
0.145599
0.137634
0.133071
0.14619
0.150434
0.147626
0.153436
0.156943
0.15691
0.161349
0.165778
0.167703
0.170003
0.171615
0.175729
0.180524
0.180007
0.181826
0.18641
0.187759
0.190712
0.193146
0.193207
0.197525
0.199704
0.20021
0.203325
0.204562
0.206979
0.208923
0.209855
0.212656
0.213914
0.215643
0.217962
0.218969
0.220707
0.222234
0.224555
0.225624
0.226643
0.228703
0.230245
0.231851
0.232607
0.234506
0.236136
0.236161
0.238542
0.239171
0.240195
0.241503
0.24252
0.243482
0.244341
0.24515
0.245978
0.246804
0.247587
0.0252589
0.0257753
0.0288416
0.0273998
0.0329975
0.0348957
0.0391953
0.0459151
0.0465183
0.056054
0.0567043
0.0613595
0.0623763
0.0566844
0.0616573
0.0592903
0.0680436
0.0699921
0.0658559
0.0770101
0.0751085
0.093942
0.097795
0.0886567
0.090993
0.0838003
0.107341
0.10368
0.100931
0.10192
0.0965992
0.122967
0.117614
0.109871
0.121344
0.127621
0.128867
0.130406
0.131414
0.12638
0.139685
0.150176
0.13525
0.138009
0.152607
0.150565
0.149328
0.156635
0.158815
0.159261
0.164509
0.166714
0.167783
0.171002
0.17384
0.177707
0.18084
0.180448
0.184404
0.18953
0.189881
0.19249
0.195511
0.196876
0.201387
0.202974
0.2032
0.207401
0.209109
0.211083
0.213514
0.214386
0.217097
0.218634
0.220358
0.222867
0.223454
0.225575
0.227536
0.229009
0.230071
0.231406
0.233493
0.234693
0.235962
0.236981
0.239211
0.239898
0.240728
0.242957
0.243156
0.244501
0.245657
0.246593
0.247565
0.24841
0.249229
0.250065
0.250906
0.251718
0.0241086
0.0254787
0.0313376
0.0341338
0.0386585
0.0438431
0.0439362
0.0492925
0.0480477
0.0514469
0.0528934
0.0520075
0.0576801
0.0565134
0.0643887
0.0666842
0.0681909
0.0734816
0.0704298
0.0814609
0.0793763
0.0852444
0.0926594
0.0867961
0.102225
0.0976345
0.102126
0.10095
0.100221
0.110216
0.107531
0.116926
0.112044
0.114708
0.126181
0.128827
0.126208
0.131124
0.134982
0.129227
0.143738
0.147346
0.135597
0.148007
0.157919
0.149447
0.153145
0.161747
0.162083
0.163178
0.167743
0.168629
0.170691
0.175051
0.17692
0.179486
0.181658
0.182697
0.187639
0.191469
0.190577
0.193955
0.197714
0.199151
0.203173
0.204457
0.205489
0.210466
0.211858
0.213551
0.216791
0.217754
0.220601
0.222637
0.224328
0.226951
0.227654
0.230303
0.232336
0.233268
0.235131
0.23688
0.238719
0.239735
0.241004
0.24253
0.244613
0.244807
0.246618
0.24821
0.248478
0.250195
0.251158
0.252113
0.25315
0.254026
0.254887
0.255734
0.256552
0.257348
0.0298143
0.0319768
0.0352011
0.0378999
0.0369029
0.0396945
0.0386827
0.0421646
0.0447404
0.0461277
0.051316
0.052045
0.0599566
0.0637521
0.0686095
0.0731664
0.0720863
0.0791121
0.0774374
0.0789015
0.0757887
0.0759214
0.0903931
0.0917976
0.106947
0.0998754
0.093685
0.105414
0.10834
0.118231
0.111931
0.109174
0.114798
0.126042
0.129691
0.125239
0.123364
0.135352
0.14132
0.130155
0.142732
0.143202
0.138572
0.15664
0.156424
0.147694
0.15866
0.166546
0.164134
0.166901
0.17078
0.172386
0.175975
0.179991
0.18035
0.18288
0.18558
0.187376
0.19166
0.193404
0.192861
0.197463
0.200941
0.201186
0.204879
0.20649
0.208302
0.212998
0.21349
0.215244
0.219135
0.219941
0.222879
0.225233
0.226718
0.229505
0.230631
0.233478
0.235261
0.236151
0.238963
0.240736
0.242255
0.243562
0.245135
0.247048
0.248722
0.24908
0.251645
0.252461
0.253293
0.255179
0.255986
0.257075
0.25819
0.259145
0.260086
0.260967
0.261781
0.26255
0.0261798
0.0287665
0.0294667
0.033129
0.0336002
0.0373097
0.0405183
0.042876
0.047598
0.0487781
0.0556512
0.0596075
0.0646301
0.0674434
0.0661638
0.069464
0.0698154
0.0774644
0.0809633
0.0811377
0.0823802
0.0796668
0.0883608
0.0896372
0.100378
0.100612
0.0965224
0.113003
0.109951
0.115258
0.115966
0.111668
0.123859
0.129876
0.125182
0.12607
0.128942
0.141387
0.144085
0.131229
0.145266
0.144369
0.142414
0.160396
0.151259
0.148547
0.164677
0.16716
0.163936
0.169666
0.17375
0.175908
0.180109
0.182426
0.183411
0.187364
0.190776
0.192046
0.195613
0.196747
0.1979
0.203193
0.20524
0.20481
0.20883
0.210794
0.212436
0.216316
0.216327
0.218543
0.222504
0.22281
0.225649
0.227937
0.229048
0.231969
0.233356
0.235887
0.237469
0.238674
0.241892
0.243185
0.244489
0.246345
0.248126
0.25004
0.251258
0.25218
0.254919
0.255139
0.256764
0.25846
0.259194
0.260445
0.261589
0.262614
0.263619
0.264544
0.265393
0.266166
0.022554
0.026978
0.0291729
0.0336107
0.0380976
0.0417883
0.0474343
0.0489055
0.0529982
0.0537293
0.0555847
0.0569781
0.0567478
0.0610851
0.0633378
0.070309
0.0731922
0.076028
0.0798197
0.0827679
0.0920566
0.0918551
0.091414
0.0877777
0.0919097
0.100059
0.103095
0.116198
0.106688
0.110254
0.121434
0.117656
0.128653
0.126915
0.121463
0.135133
0.136214
0.14143
0.143257
0.136607
0.153975
0.14837
0.145843
0.161829
0.149958
0.153706
0.169204
0.163787
0.164167
0.172952
0.176106
0.177584
0.18155
0.183026
0.186047
0.191296
0.1939
0.195037
0.198838
0.200907
0.203309
0.208335
0.208981
0.209524
0.214497
0.216265
0.217361
0.220878
0.221262
0.22404
0.227598
0.227507
0.230359
0.232502
0.233367
0.236414
0.237751
0.239649
0.241242
0.242729
0.245624
0.2464
0.247816
0.250094
0.251659
0.253281
0.254262
0.255756
0.258053
0.258042
0.260293
0.261476
0.262273
0.263625
0.264722
0.265775
0.266799
0.267732
0.268586
0.269355
0.0265534
0.0302776
0.0341637
0.0366278
0.0409157
0.0418458
0.0448073
0.0461656
0.0487299
0.0521802
0.0530881
0.0564052
0.0569862
0.062078
0.0656132
0.069625
0.0737443
0.0763234
0.0835573
0.0876172
0.0935657
0.0918945
0.0904636
0.0937762
0.097497
0.104554
0.104161
0.109223
0.103661
0.113279
0.127773
0.118919
0.126699
0.125041
0.124846
0.145117
0.137395
0.136433
0.144372
0.144003
0.161317
0.149742
0.149347
0.165766
0.154332
0.161849
0.171424
0.161809
0.168271
0.177737
0.177358
0.178985
0.182716
0.184831
0.189042
0.193773
0.194535
0.196768
0.201553
0.204078
0.206563
0.210744
0.211291
0.213694
0.219272
0.220338
0.221617
0.225693
0.22679
0.229758
0.232837
0.232883
0.236108
0.238333
0.23928
0.242459
0.243691
0.245303
0.24735
0.248884
0.251053
0.251724
0.253495
0.255851
0.256932
0.258328
0.259463
0.26135
0.262938
0.263175
0.265675
0.266261
0.26729
0.268631
0.269626
0.270683
0.2717
0.272628
0.273478
0.274238
0.0277111
0.0288431
0.0317502
0.0328528
0.0355815
0.0380803
0.0409696
0.0456369
0.0480972
0.0525728
0.0546231
0.059253
0.0634797
0.067665
0.071532
0.0718082
0.0741685
0.0745421
0.079318
0.0836609
0.0888266
0.0933535
0.0962624
0.102201
0.101177
0.103855
0.104555
0.108472
0.11011
0.118016
0.125506
0.115443
0.127533
0.130274
0.131039
0.147415
0.133241
0.135446
0.15024
0.147591
0.160969
0.149093
0.154132
0.171511
0.158762
0.169273
0.173045
0.164612
0.176212
0.182197
0.178626
0.182488
0.186443
0.188906
0.192911
0.195493
0.195659
0.199527
0.204543
0.205943
0.20826
0.212019
0.213319
0.217
0.22204
0.222318
0.224556
0.22933
0.230632
0.233497
0.236528
0.237225
0.240845
0.243235
0.244479
0.247791
0.249055
0.250825
0.253552
0.255071
0.256891
0.258171
0.260268
0.262402
0.263188
0.264682
0.266181
0.268164
0.2692
0.270115
0.272506
0.272755
0.274187
0.275453
0.276403
0.277495
0.278512
0.279442
0.280308
0.281099
0.0244522
0.0268816
0.0297532
0.0327321
0.0350315
0.0391249
0.0421634
0.0472906
0.0510024
0.055527
0.0601274
0.0634827
0.0664475
0.0661591
0.0682066
0.0704314
0.0756337
0.0787794
0.0798116
0.0811076
0.0836259
0.0925072
0.0997716
0.105295
0.102998
0.104192
0.108648
0.111964
0.116716
0.119236
0.121016
0.117647
0.133267
0.134941
0.131873
0.144655
0.133105
0.143144
0.156494
0.145149
0.157084
0.151457
0.159936
0.173778
0.159014
0.173728
0.175401
0.169774
0.183939
0.184036
0.181189
0.188346
0.191972
0.193751
0.197268
0.198375
0.199832
0.204913
0.208512
0.208467
0.211307
0.215224
0.216765
0.220405
0.224057
0.224078
0.227453
0.232128
0.232854
0.235651
0.238994
0.240292
0.243973
0.246363
0.247807
0.251183
0.252701
0.254803
0.257939
0.25925
0.261186
0.263405
0.265568
0.267481
0.268502
0.270428
0.272272
0.274051
0.274868
0.276586
0.278586
0.278933
0.280807
0.281959
0.282976
0.284159
0.285215
0.286171
0.287068
0.287913
0.0243345
0.0285589
0.0319732
0.0364338
0.0396315
0.0432386
0.0458588
0.0479684
0.0503818
0.052349
0.056364
0.0593369
0.0633583
0.0662521
0.0702582
0.074185
0.0769888
0.0796822
0.0809421
0.0848608
0.0885924
0.0943989
0.0973709
0.0987555
0.10132
0.107401
0.115057
0.115907
0.118691
0.118593
0.120561
0.125694
0.137108
0.13389
0.130632
0.144671
0.13909
0.151878
0.158029
0.142292
0.159057
0.158604
0.16394
0.171343
0.15776
0.177077
0.177653
0.173222
0.187724
0.183715
0.185129
0.194475
0.195918
0.197536
0.201423
0.202914
0.206227
0.211347
0.212818
0.212882
0.217105
0.220901
0.221803
0.224866
0.227498
0.227971
0.232089
0.235829
0.235813
0.238838
0.242374
0.243628
0.246945
0.249193
0.250643
0.253923
0.255676
0.257915
0.261032
0.262095
0.264289
0.267046
0.26874
0.270547
0.272144
0.274463
0.276477
0.277976
0.278936
0.281237
0.282655
0.28343
0.28556
0.286566
0.287722
0.288983
0.290063
0.291066
0.292029
0.292953
0.026485
0.0300515
0.0327941
0.0356211
0.038309
0.0405569
0.0435059
0.0458167
0.0492707
0.0519397
0.0551019
0.0578218
0.0612365
0.0661387
0.0712322
0.0768158
0.080225
0.0838263
0.0861227
0.0887942
0.0906028
0.0921675
0.0944541
0.0977212
0.104925
0.110782
0.114301
0.114201
0.118526
0.122023
0.125638
0.132169
0.134731
0.130727
0.134177
0.14854
0.144777
0.154462
0.156117
0.145104
0.167509
0.165548
0.164998
0.170327
0.161133
0.181921
0.178631
0.174511
0.188801
0.183743
0.189476
0.198335
0.196833
0.200084
0.204847
0.20721
0.21165
0.215815
0.216134
0.218085
0.223749
0.226666
0.227066
0.23036
0.233007
0.234287
0.23859
0.241176
0.241054
0.244661
0.247949
0.248683
0.251643
0.253804
0.25514
0.258264
0.260085
0.262098
0.264893
0.265807
0.268254
0.271011
0.272029
0.273892
0.275918
0.27812
0.279957
0.281216
0.282553
0.285047
0.285889
0.287228
0.289299
0.290169
0.29147
0.292743
0.293825
0.294864
0.295879
0.296862
0.023778
0.0267017
0.0299216
0.0329392
0.0366623
0.0397509
0.0433542
0.0464791
0.0497
0.0529677
0.0563174
0.0607863
0.0649673
0.069407
0.0720078
0.0745935
0.0777024
0.0826982
0.0879696
0.0913523
0.0931248
0.0938571
0.0969532
0.101581
0.107364
0.109655
0.110791
0.114521
0.12148
0.12609
0.128247
0.132419
0.131883
0.133644
0.142771
0.150359
0.144841
0.152642
0.15572
0.152915
0.174486
0.167095
0.165599
0.175544
0.17
0.187333
0.179356
0.177323
0.191649
0.185726
0.193584
0.199724
0.196935
0.202867
0.2076
0.20985
0.214553
0.217579
0.218395
0.222732
0.22862
0.230198
0.231243
0.235794
0.23888
0.240706
0.244897
0.246868
0.247467
0.251813
0.254626
0.255029
0.258161
0.26052
0.261811
0.264873
0.266678
0.268336
0.270909
0.271923
0.27445
0.276868
0.277472
0.279688
0.28185
0.283511
0.285052
0.286214
0.287901
0.290171
0.290623
0.292502
0.29423
0.295051
0.296474
0.297702
0.298785
0.299851
0.300881
0.301876
0.0225066
0.0254559
0.0290156
0.0324483
0.0364908
0.0407808
0.0451746
0.0497094
0.0532927
0.0567292
0.0592096
0.0619676
0.0643037
0.0669884
0.0698165
0.0733482
0.0779961
0.0826223
0.0868755
0.0898527
0.0935903
0.0977252
0.102807
0.106509
0.108098
0.108281
0.111052
0.118141
0.123895
0.126357
0.127938
0.132326
0.134535
0.140921
0.148234
0.14714
0.143949
0.153812
0.158467
0.159306
0.174064
0.164336
0.168824
0.18402
0.17799
0.190223
0.181901
0.184302
0.197966
0.189397
0.197897
0.201258
0.199462
0.207411
0.210395
0.211988
0.216741
0.219085
0.221138
0.226724
0.231248
0.23183
0.234487
0.240128
0.242934
0.244887
0.249082
0.251166
0.252948
0.257806
0.260162
0.260912
0.264786
0.267435
0.268825
0.272061
0.273931
0.275469
0.2782
0.279559
0.282084
0.284202
0.284845
0.28752
0.289598
0.290775
0.292355
0.293728
0.295675
0.297508
0.297891
0.300169
0.301416
0.30234
0.303847
0.304991
0.306081
0.307188
0.308243
0.309258
0.0236969
0.0273836
0.031059
0.0347912
0.0380732
0.041511
0.0445022
0.0479039
0.0512606
0.0551022
0.058763
0.0621547
0.0652015
0.0677022
0.0707718
0.0740228
0.0780567
0.0815986
0.0857768
0.090308
0.0957083
0.100634
0.104212
0.106368
0.10767
0.111021
0.116485
0.122236
0.123813
0.125116
0.129198
0.135109
0.139441
0.145142
0.147881
0.144775
0.148714
0.159259
0.160895
0.161135
0.169698
0.163311
0.174594
0.188568
0.179606
0.190286
0.186801
0.193251
0.204403
0.193453
0.203278
0.205479
0.205262
0.213577
0.213892
0.215809
0.220811
0.222703
0.225639
0.230892
0.233326
0.233903
0.23827
0.243693
0.245296
0.247361
0.251832
0.254245
0.256919
0.261789
0.263749
0.265225
0.269865
0.272571
0.27409
0.277657
0.279705
0.281448
0.284673
0.286435
0.288911
0.291068
0.292217
0.295248
0.297102
0.298149
0.300168
0.301918
0.303998
0.30549
0.306207
0.308734
0.309593
0.310814
0.312372
0.313452
0.314578
0.315734
0.316823
0.31786
0.0238837
0.0270809
0.0298906
0.0330639
0.0360843
0.0393927
0.0428082
0.0464308
0.0502443
0.0538109
0.0576263
0.0611715
0.065439
0.0696212
0.074089
0.0777213
0.0806258
0.0831375
0.0862866
0.0907156
0.0950845
0.0991394
0.1022
0.105889
0.110231
0.11593
0.120554
0.122567
0.123231
0.127102
0.133733
0.138385
0.141446
0.14482
0.146685
0.14827
0.157491
0.163719
0.161084
0.162475
0.169006
0.167389
0.179649
0.186594
0.177222
0.190814
0.19225
0.199169
0.206878
0.196851
0.209553
0.211536
0.211936
0.219548
0.218101
0.221817
0.226933
0.228258
0.231651
0.235888
0.23694
0.238521
0.24386
0.247837
0.248284
0.250957
0.255652
0.257896
0.260735
0.265108
0.266718
0.268862
0.273674
0.275978
0.277654
0.281552
0.28373
0.285777
0.289438
0.291373
0.29377
0.296195
0.297926
0.301059
0.302764
0.304068
0.306647
0.308623
0.31062
0.311974
0.313279
0.315875
0.316562
0.318218
0.319799
0.320901
0.322125
0.323338
0.324449
0.32549
0.0217671
0.0253578
0.0287763
0.0321069
0.0355003
0.0386094
0.0421367
0.0456696
0.0497924
0.0538412
0.0582825
0.0627672
0.0672033
0.0715055
0.0751391
0.0784938
0.081312
0.0846823
0.0881702
0.0918878
0.0948935
0.0980299
0.101884
0.10708
0.112796
0.117534
0.120263
0.121843
0.125724
0.132056
0.137302
0.138805
0.14101
0.144883
0.149228
0.155121
0.163102
0.16379
0.161817
0.168043
0.173861
0.174027
0.182171
0.182708
0.177684
0.194238
0.195855
0.199989
0.205851
0.200007
0.215217
0.216014
0.21643
0.223838
0.222498
0.228458
0.232929
0.233844
0.237973
0.241533
0.242551
0.245695
0.251022
0.253233
0.253592
0.257403
0.261842
0.263339
0.265956
0.269743
0.271116
0.273703
0.278159
0.279791
0.281623
0.285704
0.287795
0.289982
0.293709
0.295427
0.2977
0.300449
0.302451
0.305299
0.306961
0.308714
0.311652
0.313576
0.315368
0.316782
0.318633
0.321011
0.321701
0.323752
0.325276
0.326469
0.327824
0.329093
0.330225
0.331272
0.0203699
0.023965
0.0279539
0.0319245
0.0361758
0.0402463
0.0441759
0.0478841
0.0512643
0.0547572
0.0582155
0.0620987
0.0658517
0.0698882
0.073865
0.0780984
0.0822983
0.0864567
0.090094
0.0930789
0.0960618
0.0997183
0.104415
0.109225
0.113471
0.116348
0.119105
0.123241
0.129632
0.13503
0.137233
0.13839
0.142634
0.148373
0.153523
0.159035
0.162768
0.162496
0.166191
0.176076
0.179285
0.179142
0.184023
0.183232
0.184587
0.199416
0.196889
0.19878
0.20561
0.204223
0.218914
0.217243
0.21835
0.226775
0.226477
0.233809
0.236937
0.238173
0.243518
0.246862
0.24872
0.253192
0.257832
0.259016
0.260538
0.265523
0.269193
0.270021
0.272838
0.276454
0.277856
0.280742
0.284666
0.285829
0.287934
0.291924
0.293681
0.295838
0.299328
0.300667
0.30287
0.305843
0.307764
0.310151
0.31185
0.313891
0.316752
0.31839
0.320016
0.321671
0.323852
0.325804
0.326634
0.328901
0.330255
0.33153
0.332965
0.334253
0.335405
0.336472
0.0206935
0.0246428
0.028612
0.0325907
0.0363692
0.040184
0.0437145
0.0473225
0.0508233
0.054455
0.0580057
0.0614931
0.0650086
0.0687686
0.0730026
0.0775599
0.0823158
0.0867422
0.0909305
0.0948294
0.0989833
0.103114
0.107036
0.110213
0.113091
0.116203
0.120621
0.126369
0.131726
0.134701
0.13649
0.140676
0.147035
0.152209
0.155453
0.158818
0.161028
0.164182
0.17256
0.180752
0.180761
0.182177
0.18776
0.189195
0.194551
0.203576
0.197674
0.20092
0.209429
0.209681
0.220886
0.217361
0.220427
0.230033
0.229894
0.237264
0.239118
0.241566
0.247971
0.250918
0.253704
0.258834
0.262583
0.263869
0.267219
0.272795
0.275533
0.276526
0.280284
0.284107
0.285761
0.288983
0.292524
0.293641
0.296239
0.300071
0.301486
0.303672
0.306939
0.30809
0.310434
0.313499
0.315159
0.317238
0.319172
0.321272
0.323717
0.325043
0.326632
0.328579
0.330819
0.332311
0.333418
0.335709
0.336849
0.338193
0.339639
0.340909
0.342084
0.343188
0.0197378
0.0233261
0.0269957
0.0308574
0.0347544
0.0387008
0.0425801
0.0464553
0.0504024
0.0542368
0.0579775
0.0615631
0.0653226
0.0692973
0.0736488
0.0780465
0.0824464
0.0866622
0.0910756
0.0957093
0.100324
0.104425
0.107842
0.110994
0.114532
0.118982
0.124006
0.128712
0.131854
0.134368
0.138538
0.145045
0.150594
0.153371
0.15548
0.158865
0.162712
0.168733
0.176506
0.179957
0.179788
0.185399
0.192844
0.195878
0.201692
0.205467
0.201078
0.208318
0.216381
0.215404
0.222879
0.219823
0.225383
0.23469
0.233256
0.240024
0.241404
0.245321
0.25182
0.25382
0.257345
0.262541
0.265607
0.267758
0.272633
0.277922
0.279907
0.28192
0.286901
0.29079
0.292663
0.296306
0.299791
0.30128
0.304512
0.308277
0.309666
0.312174
0.315453
0.316772
0.319475
0.322555
0.323963
0.32607
0.32843
0.330533
0.332627
0.333942
0.335697
0.33786
0.33991
0.341061
0.342545
0.34471
0.345724
0.347194
0.348637
0.349891
0.3511
0.352251
0.0183573
0.0220625
0.0257022
0.0293845
0.0332534
0.0372558
0.0414194
0.0456684
0.0500771
0.0544183
0.0587252
0.0629143
0.0670341
0.0709743
0.0747265
0.0783939
0.0821916
0.086322
0.0907832
0.0954791
0.0999
0.104063
0.108135
0.11259
0.117378
0.122239
0.126434
0.129676
0.132522
0.136689
0.142655
0.148301
0.151409
0.153395
0.157077
0.162199
0.167347
0.172824
0.17693
0.177815
0.18098
0.189823
0.196351
0.198891
0.204125
0.20655
0.207293
0.217386
0.222384
0.220263
0.226545
0.225941
0.233004
0.240116
0.237294
0.244069
0.245823
0.250549
0.256063
0.257032
0.261327
0.266174
0.268804
0.27192
0.277344
0.281596
0.283251
0.286558
0.292163
0.295583
0.297604
0.30171
0.30531
0.30736
0.311186
0.314912
0.316581
0.319656
0.323129
0.324818
0.327946
0.331036
0.332428
0.33485
0.33763
0.339675
0.341716
0.343422
0.345521
0.347842
0.349641
0.350716
0.352628
0.354598
0.355647
0.357309
0.35877
0.36004
0.361293
0.362485
0.0170125
0.0209963
0.0249854
0.0289461
0.0330587
0.0372324
0.0415027
0.0457902
0.0501061
0.0544295
0.0587509
0.0630802
0.0672579
0.0712697
0.0750089
0.0787573
0.0826572
0.0868484
0.0911036
0.0953168
0.0994829
0.103987
0.108963
0.114197
0.119183
0.123533
0.127215
0.130732
0.135022
0.140438
0.145751
0.14922
0.1516
0.155479
0.161427
0.167084
0.17143
0.174864
0.176983
0.179305
0.185906
0.193855
0.196918
0.198993
0.204737
0.208639
0.213829
0.22323
0.224701
0.224186
0.231893
0.233759
0.240552
0.244948
0.242419
0.250312
0.252655
0.25721
0.261423
0.262067
0.267331
0.271516
0.273847
0.277555
0.282555
0.285554
0.287371
0.291734
0.296998
0.299491
0.301732
0.306266
0.309872
0.3123
0.316444
0.320019
0.321984
0.32558
0.329215
0.331232
0.334621
0.337681
0.33931
0.342233
0.345255
0.347151
0.349331
0.351588
0.353998
0.356402
0.358077
0.359392
0.361735
0.363505
0.364733
0.366589
0.368074
0.369396
0.370709
0.371939
0.0166236
0.0207875
0.0249234
0.0289734
0.0329869
0.0370083
0.0409994
0.0450331
0.0490794
0.053309
0.0576458
0.062074
0.0664726
0.0708352
0.0751357
0.0794445
0.0837398
0.0879431
0.092047
0.0961022
0.100406
0.105125
0.110078
0.114822
0.119207
0.123324
0.127653
0.1325
0.137868
0.142933
0.146769
0.149692
0.153776
0.159849
0.166029
0.17033
0.173475
0.176523
0.179814
0.184875
0.191837
0.196074
0.196759
0.200318
0.207114
0.212022
0.21821
0.224587
0.224734
0.228241
0.237447
0.240111
0.245661
0.248637
0.248415
0.257678
0.260074
0.263986
0.267588
0.268938
0.275151
0.278475
0.280763
0.284803
0.289002
0.291195
0.293621
0.298507
0.302814
0.304519
0.30721
0.311971
0.315256
0.317729
0.321827
0.325085
0.327225
0.331048
0.334591
0.336753
0.340176
0.343116
0.345024
0.348355
0.351426
0.353197
0.355611
0.358267
0.360717
0.363062
0.364724
0.366454
0.369093
0.370668
0.37216
0.37415
0.375643
0.377032
0.378412
0.379688
0.0153269
0.0194625
0.0235788
0.0277268
0.0318366
0.0359593
0.0400277
0.0440895
0.0481881
0.0523929
0.0567162
0.0611225
0.0656719
0.0703414
0.0751483
0.0799444
0.0846151
0.0890321
0.0933175
0.0975766
0.102003
0.106477
0.110812
0.114937
0.119142
0.123693
0.128789
0.134199
0.139334
0.143623
0.147324
0.151696
0.157562
0.163708
0.168247
0.171463
0.175111
0.179752
0.185052
0.191042
0.195861
0.19747
0.199249
0.205307
0.21182
0.215752
0.220594
0.224506
0.226108
0.233305
0.241706
0.243554
0.248398
0.251809
0.254597
0.264123
0.265839
0.269469
0.273584
0.276252
0.282972
0.28547
0.288226
0.292712
0.29639
0.298602
0.301946
0.306867
0.310131
0.311686
0.31512
0.319812
0.32253
0.324911
0.328817
0.331723
0.333962
0.337776
0.340997
0.343103
0.346418
0.349218
0.351321
0.354752
0.357623
0.359347
0.362052
0.364857
0.367076
0.369266
0.370976
0.373061
0.375729
0.377106
0.378871
0.380897
0.382373
0.383826
0.385265
0.386588
0.0134775
0.0176773
0.021897
0.0261671
0.0304995
0.0348069
0.0391007
0.0433709
0.047693
0.0520458
0.0564794
0.0609597
0.0655582
0.0702674
0.0750787
0.0798849
0.0846207
0.0892916
0.0939341
0.0985546
0.103088
0.107424
0.111561
0.115815
0.120394
0.125337
0.130432
0.135389
0.139892
0.144176
0.14893
0.154658
0.160531
0.165197
0.168643
0.172589
0.177975
0.184023
0.189809
0.194804
0.197955
0.200263
0.2052
0.212338
0.216863
0.219291
0.223215
0.226776
0.230799
0.238964
0.244421
0.245486
0.250864
0.255476
0.26025
0.268512
0.269439
0.273628
0.278886
0.282635
0.289213
0.291234
0.294993
0.30008
0.303663
0.306566
0.31083
0.315532
0.31817
0.320279
0.324565
0.328968
0.331185
0.333703
0.337597
0.340352
0.34277
0.346525
0.349411
0.351447
0.354672
0.357417
0.359665
0.362959
0.365475
0.367191
0.370116
0.372861
0.374772
0.376876
0.378718
0.381016
0.383479
0.384689
0.386684
0.388636
0.390085
0.391598
0.393082
0.394449
0.0117992
0.016053
0.0203921
0.0248062
0.0293395
0.0338942
0.0384608
0.0430235
0.047561
0.0520755
0.056563
0.0610279
0.0654862
0.0699983
0.0745585
0.0792333
0.0840077
0.0889145
0.0938508
0.0987547
0.103509
0.10813
0.112753
0.117587
0.122545
0.127424
0.132065
0.136499
0.140945
0.145828
0.151357
0.157004
0.161759
0.16552
0.169626
0.175174
0.181523
0.187344
0.192252
0.196349
0.200025
0.204979
0.212012
0.217969
0.220571
0.22317
0.227855
0.232325
0.237674
0.244225
0.2468
0.248604
0.255187
0.260283
0.265284
0.271522
0.272425
0.277842
0.283904
0.28787
0.293812
0.295889
0.300846
0.306331
0.309922
0.313692
0.318548
0.322955
0.32558
0.328724
0.333691
0.337736
0.339863
0.34294
0.347094
0.349944
0.352686
0.356473
0.359229
0.361408
0.364707
0.367528
0.369924
0.373054
0.375356
0.377197
0.380229
0.38277
0.384474
0.386667
0.388724
0.391132
0.393313
0.394482
0.396668
0.398491
0.399939
0.401523
0.403045
0.404447
0.0105593
0.0149433
0.0193531
0.0238273
0.0283652
0.0329527
0.037563
0.0422136
0.0468328
0.0514404
0.0560072
0.0605356
0.0650269
0.0695447
0.074114
0.0787934
0.0836247
0.0885839
0.0936086
0.0986376
0.103694
0.108807
0.114025
0.119243
0.124277
0.128984
0.133492
0.138051
0.142957
0.14826
0.153624
0.158428
0.16257
0.166899
0.172384
0.178628
0.184339
0.189024
0.193301
0.197811
0.203215
0.209974
0.21662
0.220682
0.223308
0.227974
0.234058
0.239118
0.244256
0.248694
0.250499
0.254455
0.261685
0.266069
0.270323
0.275026
0.276876
0.283437
0.289302
0.292735
0.298005
0.300589
0.30643
0.311778
0.315216
0.319653
0.324633
0.328787
0.331846
0.336088
0.341355
0.345047
0.347553
0.351485
0.355974
0.359023
0.362158
0.366078
0.368927
0.371497
0.375081
0.378088
0.380654
0.383733
0.386106
0.388301
0.391436
0.3938
0.395507
0.397952
0.40024
0.402665
0.404628
0.405946
0.408312
0.410021
0.411534
0.413203
0.414761
0.416195
0.00909019
0.0135114
0.0179381
0.0223963
0.0268955
0.031454
0.0360703
0.0407419
0.0454655
0.0502211
0.0549899
0.0597302
0.0644707
0.0692255
0.0740273
0.0788561
0.0837412
0.0886739
0.0936782
0.0987638
0.103981
0.109314
0.114674
0.119914
0.124967
0.129893
0.134851
0.139977
0.145275
0.150521
0.155395
0.159879
0.164526
0.169983
0.176055
0.181656
0.186205
0.190372
0.195078
0.200651
0.207052
0.21354
0.218542
0.221982
0.226513
0.233343
0.23983
0.24461
0.24915
0.252888
0.256125
0.262244
0.268863
0.272079
0.275969
0.280357
0.283625
0.290552
0.295347
0.298197
0.303219
0.3065
0.3126
0.317313
0.320531
0.325388
0.330145
0.334147
0.337765
0.34273
0.347839
0.351236
0.354339
0.359037
0.363657
0.366823
0.370327
0.374415
0.377485
0.380537
0.384455
0.387659
0.390403
0.393573
0.39623
0.398866
0.402131
0.404493
0.406451
0.409242
0.411713
0.414087
0.41596
0.417586
0.420105
0.42175
0.423393
0.425159
0.426756
0.428229
0.00703593
0.0115157
0.0160474
0.020594
0.025179
0.0298145
0.0345082
0.0392429
0.0440606
0.0489557
0.0539091
0.0588998
0.0639275
0.0689842
0.0740456
0.0790751
0.0840402
0.0889848
0.0939791
0.0990811
0.104278
0.109525
0.11475
0.119952
0.125196
0.130576
0.136092
0.14165
0.147076
0.15222
0.157116
0.162132
0.167664
0.173601
0.179197
0.183901
0.188168
0.192953
0.198552
0.204613
0.210594
0.215744
0.219814
0.224314
0.230881
0.238208
0.243766
0.248085
0.252783
0.257426
0.262753
0.26972
0.274924
0.277703
0.282286
0.287268
0.291728
0.298206
0.301854
0.304781
0.310104
0.314
0.319824
0.323808
0.327022
0.332179
0.336579
0.340534
0.344575
0.349713
0.354293
0.35751
0.361197
0.366254
0.370655
0.373806
0.37759
0.381806
0.385091
0.388537
0.392639
0.395935
0.398825
0.402169
0.405178
0.408152
0.411452
0.413929
0.416283
0.419397
0.421972
0.424293
0.426218
0.428214
0.430817
0.432445
0.434259
0.43612
0.437763
0.439287
0.00482043
0.0094206
0.0140756
0.0187752
0.0235118
0.0282929
0.0331074
0.0379722
0.0428993
0.047901
0.0529679
0.0581031
0.0632786
0.0684745
0.0736658
0.0788343
0.0839561
0.0890571
0.094182
0.0993462
0.104524
0.1097
0.114903
0.12021
0.125693
0.131355
0.137098
0.142766
0.14826
0.153622
0.159057
0.164788
0.170718
0.176383
0.181408
0.186074
0.191129
0.196895
0.202912
0.208603
0.213651
0.218061
0.222632
0.228633
0.235765
0.241891
0.246294
0.250854
0.25648
0.262394
0.268851
0.275244
0.279329
0.282951
0.288868
0.294486
0.299511
0.305261
0.308497
0.312353
0.318246
0.322501
0.327867
0.331475
0.335085
0.340502
0.344594
0.348612
0.352877
0.357783
0.361768
0.364991
0.369153
0.374156
0.37809
0.381197
0.385181
0.389419
0.392818
0.396472
0.400554
0.403795
0.40679
0.410316
0.413602
0.41673
0.419947
0.422536
0.425224
0.428497
0.431068
0.433365
0.435458
0.437801
0.44039
0.442034
0.444024
0.44596
0.44765
0.449228
0.00263783
0.0073755
0.0121723
0.0170259
0.0219165
0.0268349
0.0317678
0.0367305
0.0417353
0.0467849
0.0518905
0.057056
0.0622679
0.0675078
0.0727708
0.0780646
0.083399
0.0887634
0.0941325
0.0994722
0.104778
0.11009
0.11548
0.120996
0.12663
0.132318
0.137991
0.143615
0.149241
0.154977
0.160912
0.166944
0.172766
0.178153
0.183314
0.188778
0.194815
0.20104
0.206845
0.212025
0.216797
0.221672
0.227391
0.234024
0.240233
0.244887
0.249108
0.254633
0.261107
0.267465
0.273695
0.279032
0.283076
0.288315
0.295223
0.300899
0.305997
0.311311
0.315063
0.320257
0.326537
0.330897
0.335985
0.339773
0.344097
0.349716
0.353651
0.357877
0.362296
0.3669
0.370577
0.374076
0.378599
0.383339
0.386843
0.39003
0.394203
0.39837
0.401765
0.405461
0.40939
0.412526
0.415613
0.419277
0.422678
0.425785
0.428884
0.431579
0.43445
0.43767
0.44014
0.44244
0.444755
0.447343
0.449823
0.451508
0.453652
0.45563
0.457354
0.458982
0.000428481
0.00524947
0.0101353
0.0150735
0.0200494
0.0250512
0.0300789
0.0351307
0.0402109
0.0453267
0.0504917
0.0557131
0.0609928
0.0663209
0.0716957
0.0771372
0.0826631
0.0882524
0.0938658
0.0994651
0.105049
0.11065
0.1163
0.12199
0.127672
0.13331
0.138925
0.144586
0.150386
0.156364
0.162435
0.168391
0.174087
0.179667
0.185509
0.1918
0.198251
0.204342
0.209873
0.215117
0.220501
0.226391
0.232829
0.239066
0.244123
0.248398
0.253539
0.260014
0.266545
0.272407
0.277842
0.282668
0.287613
0.294217
0.301123
0.306332
0.31144
0.316827
0.321568
0.327804
0.334008
0.338373
0.343542
0.347925
0.353017
0.358738
0.362716
0.367319
0.371962
0.376472
0.380288
0.384303
0.389115
0.393581
0.39693
0.400426
0.404821
0.408906
0.412268
0.415961
0.419754
0.422863
0.42609
0.429845
0.433215
0.436194
0.439221
0.442067
0.445024
0.448085
0.450452
0.452798
0.45532
0.458016
0.46033
0.462085
0.464344
0.466329
0.468079
0.469756
-0.00212732
0.00275095
0.0076959
0.0126941
0.0177396
0.0228286
0.0279685
0.0331585
0.0383839
0.043637
0.0489331
0.0542827
0.0596934
0.0651627
0.0706909
0.0762898
0.0819649
0.0877067
0.0935025
0.0993342
0.105183
0.111041
0.116889
0.1227
0.128456
0.134184
0.139946
0.145802
0.151774
0.157812
0.163801
0.169676
0.175529
0.181606
0.188034
0.194597
0.200896
0.206763
0.212443
0.21832
0.224586
0.23115
0.237565
0.243176
0.247997
0.253156
0.259506
0.266246
0.272162
0.277353
0.282424
0.287603
0.293629
0.30062
0.306707
0.311467
0.316855
0.322625
0.328198
0.334765
0.340511
0.344992
0.350533
0.355596
0.361241
0.366945
0.371154
0.376249
0.3812
0.385866
0.390154
0.394756
0.399787
0.404098
0.407622
0.411626
0.416262
0.420318
0.423748
0.42753
0.431324
0.434559
0.438013
0.441849
0.445149
0.448026
0.451088
0.454126
0.457139
0.460077
0.462452
0.464922
0.46762
0.470318
0.472474
0.474346
0.476687
0.478664
0.48045
0.482184
-0.00501968
-6.32484e-05
0.00496438
0.010054
0.0152008
0.0204033
0.0256687
0.0310077
0.0364081
0.041854
0.0473391
0.052868
0.0584439
0.0640741
0.0697549
0.0754843
0.0812608
0.0870966
0.0930017
0.098972
0.104981
0.111002
0.117009
0.122987
0.128952
0.134943
0.140994
0.147104
0.15323
0.159309
0.165322
0.171353
0.177559
0.184018
0.190584
0.196964
0.203032
0.208996
0.215188
0.221747
0.228514
0.23514
0.241242
0.246764
0.252357
0.258804
0.265801
0.27216
0.277505
0.282632
0.288124
0.294096
0.300699
0.307189
0.312386
0.317219
0.323148
0.329251
0.335163
0.341466
0.346732
0.351562
0.357551
0.363072
0.368931
0.374532
0.379083
0.384652
0.389885
0.39482
0.399647
0.404701
0.409854
0.414167
0.418115
0.422681
0.42753
0.431621
0.435268
0.439296
0.443255
0.446752
0.450485
0.454417
0.45771
0.460645
0.463888
0.467143
0.470206
0.473116
0.475639
0.478312
0.481165
0.483826
0.485903
0.487955
0.490367
0.492349
0.494194
0.495998
-0.0080711
-0.0030119
0.00211893
0.00732092
0.0125889
0.0179237
0.0233229
0.0287965
0.0343484
0.0399676
0.0456316
0.0513288
0.0570623
0.0628361
0.0686475
0.0744895
0.0803672
0.0862983
0.0922994
0.0983659
0.104483
0.110636
0.116821
0.123032
0.129287
0.135592
0.141934
0.148278
0.154583
0.160835
0.167088
0.173443
0.179946
0.186505
0.192934
0.199144
0.205293
0.211653
0.218345
0.225219
0.231985
0.2384
0.244451
0.250521
0.257171
0.26438
0.271271
0.277176
0.282594
0.288395
0.294719
0.301316
0.307872
0.31366
0.318603
0.324096
0.330564
0.336731
0.342583
0.348472
0.353583
0.358957
0.36525
0.370908
0.376718
0.382203
0.38711
0.392999
0.39838
0.403542
0.408763
0.414038
0.419218
0.423664
0.428136
0.43316
0.438133
0.44231
0.446277
0.450648
0.454865
0.458667
0.462662
0.466689
0.47007
0.473244
0.476802
0.480282
0.483394
0.486371
0.489138
0.49204
0.495018
0.497645
0.499756
0.502049
0.504529
0.506541
0.50847
0.510352
-0.0112553
-0.00607243
-0.000823466
0.00449091
0.00987402
0.0153251
0.0208422
0.0264265
0.0320895
0.037826
0.0436182
0.0494504
0.0553248
0.0612421
0.0671986
0.073191
0.0792249
0.0853109
0.0914517
0.0976417
0.103884
0.110191
0.116572
0.123026
0.129544
0.136107
0.142681
0.149238
0.155768
0.162297
0.16888
0.175534
0.182195
0.188749
0.19515
0.20151
0.208031
0.214812
0.221737
0.228577
0.235173
0.241549
0.247954
0.254757
0.26203
0.269235
0.275716
0.281612
0.287736
0.294472
0.30145
0.308232
0.314495
0.320041
0.325529
0.331926
0.338675
0.344699
0.350438
0.356171
0.361544
0.36749
0.373853
0.379439
0.385146
0.390603
0.395825
0.401844
0.407235
0.412531
0.417949
0.423263
0.428435
0.433089
0.438032
0.443322
0.448303
0.45259
0.456902
0.461593
0.466046
0.470106
0.474295
0.478396
0.481928
0.485429
0.489331
0.492995
0.496167
0.499289
0.502327
0.50542
0.508479
0.511098
0.513337
0.515885
0.518417
0.520481
0.522508
0.52447
-0.0146846
-0.00939188
-0.00403415
0.00138625
0.00687269
0.0124279
0.0180478
0.023737
0.0295017
0.0353426
0.0412494
0.047216
0.0532414
0.0593251
0.0654603
0.0716477
0.0778874
0.0841773
0.0905099
0.0968836
0.103309
0.109805
0.116379
0.123029
0.129735
0.136473
0.143223
0.149977
0.156749
0.163564
0.170429
0.177297
0.184088
0.190772
0.197425
0.204186
0.211126
0.218162
0.225116
0.231875
0.238486
0.245136
0.252059
0.259327
0.266634
0.273479
0.279803
0.2862
0.293189
0.300552
0.307717
0.314397
0.320572
0.326528
0.332972
0.340055
0.346783
0.352702
0.358577
0.364544
0.370439
0.376817
0.383082
0.388614
0.394359
0.399939
0.405455
0.411491
0.416854
0.422252
0.427753
0.43305
0.438254
0.443152
0.448417
0.453777
0.458689
0.463094
0.467711
0.472616
0.477202
0.48143
0.485744
0.489911
0.49362
0.497427
0.50157
0.505321
0.508556
0.511863
0.515149
0.51837
0.521471
0.524119
0.526541
0.529307
0.531856
0.533979
0.536107
0.538146
-0.0184815
-0.0130975
-0.00764019
-0.00211073
0.00349116
0.00916641
0.0149103
0.0207246
0.0266149
0.0325833
0.0386287
0.0447478
0.0509406
0.0572052
0.063538
0.0699369
0.0763984
0.08291
0.0894649
0.0960624
0.102709
0.109408
0.116161
0.122962
0.129803
0.136676
0.143585
0.150538
0.157546
0.164606
0.171689
0.178744
0.185748
0.192744
0.199815
0.207
0.21424
0.221403
0.228402
0.235275
0.242175
0.249258
0.256575
0.263946
0.271031
0.277703
0.284331
0.291422
0.298965
0.306442
0.313467
0.320085
0.326557
0.333282
0.340543
0.34786
0.354432
0.360497
0.366814
0.373263
0.379694
0.386307
0.392477
0.398154
0.404153
0.409999
0.415814
0.421879
0.427306
0.432859
0.438446
0.443788
0.449114
0.454262
0.459705
0.465014
0.46986
0.474417
0.479281
0.484287
0.488904
0.493225
0.497628
0.501876
0.505775
0.509816
0.514059
0.517795
0.521088
0.524585
0.52806
0.531343
0.534466
0.53718
0.53981
0.542736
0.545272
0.54746
0.549684
0.551797
-0.022642
-0.0171632
-0.0115982
-0.00594835
-0.000213635
0.00560226
0.0114954
0.0174626
0.0235076
0.0296326
0.0358399
0.0421312
0.0485018
0.0549482
0.0614705
0.0680686
0.0747336
0.0814541
0.0882242
0.0950421
0.101903
0.108803
0.115738
0.122705
0.129704
0.136746
0.143845
0.15101
0.15824
0.165511
0.172794
0.180074
0.187374
0.194744
0.202199
0.20969
0.217121
0.224427
0.23163
0.238839
0.246167
0.25364
0.261145
0.26847
0.275488
0.282399
0.289602
0.297219
0.304887
0.312184
0.31909
0.325898
0.332915
0.340327
0.347948
0.355148
0.361676
0.36817
0.375069
0.381998
0.388812
0.395534
0.401762
0.407822
0.414223
0.420405
0.426529
0.43271
0.438346
0.444152
0.4499
0.455402
0.460941
0.466334
0.471876
0.477139
0.482014
0.486799
0.491872
0.496917
0.501533
0.505931
0.510428
0.514787
0.518877
0.523093
0.527345
0.531032
0.534408
0.538087
0.541678
0.544973
0.548115
0.550929
0.553762
0.556791
0.559309
0.56158
0.563898
0.566079
-0.0270979
-0.0215106
-0.0158285
-0.0100503
-0.00417592
0.00179129
0.00784484
0.0139802
0.0201949
0.0264903
0.0328705
0.0393362
0.0458826
0.0525031
0.0591973
0.065967
0.0728072
0.0797122
0.0866778
0.0936987
0.100767
0.107878
0.115027
0.122215
0.129444
0.13672
0.144055
0.151449
0.158895
0.166375
0.173884
0.18143
0.189039
0.196721
0.204437
0.212123
0.219734
0.227282
0.234838
0.242474
0.250203
0.257944
0.265555
0.272947
0.280218
0.287642
0.29538
0.303224
0.310794
0.317981
0.325038
0.332275
0.339827
0.34759
0.355176
0.362211
0.368953
0.376027
0.383422
0.390656
0.397676
0.404495
0.410981
0.41756
0.42437
0.430867
0.437295
0.443676
0.449638
0.455766
0.461749
0.467514
0.473328
0.47896
0.484605
0.489926
0.494979
0.500073
0.505351
0.510442
0.515108
0.519632
0.524264
0.528761
0.533038
0.537387
0.541636
0.545327
0.548857
0.552717
0.556376
0.559669
0.562853
0.565791
0.568803
0.571885
0.574399
0.576777
0.579192
0.581436
-0.0318364
-0.0261287
-0.0203202
-0.0144108
-0.00840013
-0.00228926
0.00391749
0.0102155
0.0165987
0.0230633
0.0296108
0.0362428
0.0429568
0.049748
0.0566149
0.063556
0.0705708
0.0776594
0.0848202
0.0920461
0.0993311
0.106673
0.114072
0.121524
0.129028
0.136585
0.144191
0.151836
0.159516
0.16723
0.174988
0.182803
0.190678
0.198588
0.20649
0.214357
0.222205
0.230079
0.238023
0.24604
0.254072
0.262016
0.269803
0.277483
0.285229
0.293181
0.301248
0.309137
0.316683
0.324048
0.331529
0.339268
0.347179
0.355006
0.362452
0.369534
0.376725
0.384334
0.392009
0.399368
0.40651
0.413502
0.420381
0.427455
0.434563
0.441311
0.448019
0.454644
0.460969
0.467426
0.473684
0.479765
0.485874
0.491746
0.497549
0.503062
0.508421
0.513868
0.519352
0.524543
0.529352
0.534088
0.538912
0.543576
0.548027
0.55249
0.556772
0.560568
0.56433
0.568379
0.572098
0.57542
0.578694
0.581781
0.584939
0.588043
0.590579
0.593084
0.595594
0.597901
-0.0369219
-0.031092
-0.0251552
-0.0191141
-0.0129709
-0.0067253
-0.000378153
0.00606988
0.0126138
0.0192468
0.0259654
0.0327685
0.0396567
0.0466319
0.0536917
0.0608304
0.0680465
0.0753421
0.0827175
0.0901667
0.0976868
0.105279
0.112941
0.120667
0.128455
0.136296
0.144181
0.152095
0.160036
0.168012
0.176033
0.184102
0.192207
0.200322
0.208429
0.216539
0.22469
0.232908
0.241189
0.249495
0.257757
0.265923
0.274012
0.282128
0.290372
0.298712
0.306949
0.314916
0.322677
0.330481
0.33849
0.346645
0.354739
0.362554
0.370034
0.377451
0.385176
0.393145
0.400914
0.408335
0.415632
0.422895
0.43019
0.437626
0.444905
0.451856
0.458825
0.465701
0.47236
0.479106
0.485636
0.492037
0.498426
0.504541
0.510565
0.516366
0.522088
0.527868
0.533543
0.53889
0.543928
0.548954
0.554016
0.55887
0.563497
0.568079
0.57245
0.576438
0.580477
0.584706
0.588496
0.591908
0.595332
0.598593
0.601878
0.604994
0.607588
0.610234
0.612834
0.6152
-0.042437
-0.0364888
-0.0304272
-0.0242531
-0.0179712
-0.0115845
-0.00509166
0.00150838
0.00821512
0.0150235
0.0219267
0.0289217
0.0360086
0.0431894
0.0504623
0.0578229
0.0652689
0.0727995
0.080412
0.0881037
0.0958751
0.103725
0.111649
0.119641
0.127696
0.135803
0.143954
0.152142
0.160365
0.168626
0.176925
0.185256
0.193607
0.201969
0.210347
0.218768
0.227248
0.235784
0.244345
0.25289
0.261384
0.269834
0.278303
0.286861
0.295495
0.304081
0.312479
0.320687
0.328878
0.337215
0.345684
0.354117
0.362331
0.370257
0.378039
0.38597
0.394162
0.402322
0.41013
0.417688
0.425247
0.432849
0.440505
0.448161
0.455549
0.462713
0.469945
0.477063
0.484013
0.491
0.497781
0.504471
0.511105
0.51746
0.523745
0.529866
0.535933
0.541983
0.547823
0.55336
0.55868
0.564021
0.569334
0.574389
0.579202
0.58393
0.588444
0.592674
0.596989
0.601366
0.605238
0.608795
0.612415
0.615864
0.619268
0.622412
0.625105
0.627897
0.63058
0.633006
-0.0484176
-0.0423467
-0.0361562
-0.0298448
-0.0234149
-0.0168704
-0.0102143
-0.00344464
0.00343796
0.010432
0.0175331
0.0247373
0.0320431
0.0394488
0.0469522
0.0545507
0.0622413
0.0700197
0.0778818
0.085827
0.0938543
0.10196
0.110139
0.118387
0.126697
0.135061
0.143476
0.151942
0.160459
0.169024
0.177624
0.18625
0.194897
0.203568
0.212277
0.221037
0.229843
0.238672
0.247497
0.256295
0.26507
0.273861
0.282716
0.291634
0.300541
0.309332
0.31798
0.326584
0.335279
0.344091
0.352893
0.361526
0.369918
0.378149
0.386417
0.394875
0.403401
0.411677
0.419616
0.42746
0.435387
0.443352
0.451295
0.4591
0.46663
0.474067
0.481578
0.488936
0.496149
0.503355
0.510373
0.517318
0.524163
0.530752
0.537309
0.543734
0.550084
0.556335
0.562326
0.568077
0.573687
0.579321
0.584857
0.590106
0.595116
0.600021
0.604724
0.609211
0.613762
0.618248
0.622211
0.625951
0.629778
0.633405
0.636918
0.640119
0.642947
0.645887
0.648646
0.651131
-0.0548608
-0.0486563
-0.042324
-0.0358642
-0.0292777
-0.0225652
-0.0157294
-0.00877421
-0.00169939
0.00549303
0.0128016
0.020224
0.0277566
0.0353947
0.0431358
0.050977
0.0589158
0.0669447
0.0750589
0.0832588
0.0915422
0.0999038
0.10834
0.116847
0.125422
0.13406
0.14276
0.151522
0.160344
0.169221
0.178141
0.187094
0.19608
0.205102
0.214167
0.22327
0.232395
0.241521
0.250633
0.259734
0.268847
0.278003
0.287208
0.296419
0.305563
0.314609
0.323608
0.332662
0.341812
0.350979
0.360027
0.368882
0.377579
0.386256
0.395049
0.403934
0.412687
0.421126
0.429356
0.437621
0.445968
0.454277
0.462465
0.470444
0.478217
0.485993
0.493796
0.501404
0.508881
0.516318
0.523579
0.530763
0.537808
0.544638
0.551461
0.558152
0.564726
0.571139
0.577295
0.583279
0.589166
0.595043
0.600761
0.60619
0.611401
0.616504
0.62142
0.626153
0.630893
0.635461
0.639532
0.64347
0.64749
0.651265
0.654873
0.658154
0.661144
0.664226
0.667056
0.669605
-0.0617664
-0.0554189
-0.0489338
-0.0423136
-0.0355598
-0.0286716
-0.0216508
-0.0145012
-0.00722569
0.000173881
0.00769589
0.0153385
0.0230977
0.030968
0.0389454
0.0470289
0.0552147
0.0634974
0.0718711
0.0803341
0.0888843
0.0975172
0.106229
0.115019
0.123883
0.132821
0.141833
0.150912
0.160054
0.169254
0.178504
0.187801
0.197142
0.206525
0.215945
0.225388
0.234841
0.244289
0.253735
0.263191
0.272675
0.282196
0.291728
0.301221
0.310646
0.32003
0.32944
0.338919
0.348429
0.357867
0.367159
0.376312
0.38542
0.394589
0.403838
0.413037
0.422001
0.430715
0.439372
0.448115
0.456867
0.465493
0.473933
0.482168
0.490291
0.498448
0.506549
0.514425
0.522187
0.529886
0.537414
0.544846
0.552114
0.559206
0.566293
0.573223
0.579993
0.586576
0.592933
0.59917
0.605316
0.611397
0.617268
0.622869
0.628282
0.633594
0.638726
0.64368
0.648573
0.65322
0.657426
0.661568
0.665755
0.669649
0.673339
0.676718
0.67988
0.683093
0.685992
0.688613
-0.0691601
-0.0626668
-0.0560245
-0.0492376
-0.0423091
-0.0352399
-0.0280301
-0.0206837
-0.013204
-0.00559431
0.00214391
0.0100084
0.0179962
0.0261019
0.0343222
0.0426548
0.0510954
0.0596415
0.0682897
0.0770356
0.0858759
0.0948049
0.10382
0.112921
0.122103
0.131365
0.140704
0.150116
0.159594
0.169131
0.178722
0.188366
0.19806
0.207797
0.217566
0.227355
0.237156
0.246964
0.256786
0.266632
0.276504
0.286387
0.29625
0.306068
0.315847
0.325632
0.335461
0.345317
0.355132
0.364839
0.37443
0.383966
0.393528
0.40315
0.412762
0.42222
0.43145
0.440553
0.449694
0.458887
0.467998
0.476925
0.485658
0.494241
0.502782
0.511325
0.519724
0.527896
0.535976
0.543972
0.551799
0.559506
0.567037
0.574427
0.581785
0.588949
0.595928
0.60272
0.609327
0.615837
0.622232
0.628497
0.634525
0.640306
0.645929
0.651451
0.656793
0.661947
0.666976
0.671721
0.676097
0.680449
0.684782
0.688777
0.692549
0.696041
0.699374
0.702699
0.70567
0.708373
-0.0770969
-0.0704565
-0.0636563
-0.0567017
-0.0495954
-0.0423402
-0.0349376
-0.0273897
-0.0196999
-0.0118724
-0.00391014
0.00418501
0.0124119
0.0207677
0.0292465
0.0378445
0.0465594
0.0553877
0.0643273
0.0733766
0.082528
0.0917779
0.101121
0.110555
0.120077
0.12968
0.139361
0.149116
0.158939
0.168824
0.178768
0.188767
0.198814
0.208905
0.219031
0.229182
0.239357
0.249555
0.259779
0.270029
0.280293
0.29055
0.300779
0.310977
0.32117
0.331383
0.341614
0.35182
0.361948
0.37198
0.38195
0.39192
0.401926
0.411936
0.421852
0.431587
0.441171
0.450728
0.460338
0.469921
0.479348
0.48858
0.497659
0.506652
0.515623
0.524532
0.533236
0.541739
0.55017
0.558497
0.56665
0.574664
0.582502
0.590217
0.597862
0.60528
0.612502
0.619554
0.626454
0.633253
0.639893
0.646353
0.652563
0.658554
0.664403
0.670138
0.675683
0.681025
0.686194
0.691071
0.695651
0.700215
0.704684
0.70878
0.712648
0.716271
0.719766
0.72319
0.726236
0.729029
-0.0856394
-0.0788449
-0.0718833
-0.0647566
-0.057468
-0.0500196
-0.0424152
-0.0346559
-0.0267441
-0.0186853
-0.0104835
-0.00213972
0.00634408
0.0149664
0.0237221
0.0326057
0.0416155
0.0507469
0.0599977
0.0693643
0.0788418
0.0884258
0.0981103
0.107893
0.117766
0.127723
0.137759
0.147869
0.158051
0.168297
0.178607
0.188974
0.199392
0.209856
0.220359
0.230896
0.241468
0.252073
0.262712
0.273371
0.284034
0.294685
0.305319
0.315944
0.326577
0.337218
0.347842
0.358412
0.368904
0.379333
0.389741
0.40016
0.410581
0.420942
0.431166
0.441241
0.451246
0.461271
0.471301
0.481223
0.490959
0.500531
0.510001
0.519422
0.528801
0.53805
0.547076
0.555947
0.564753
0.573433
0.581932
0.590278
0.598457
0.606519
0.614465
0.622162
0.629669
0.637026
0.644243
0.651334
0.658226
0.664903
0.671339
0.677576
0.68367
0.689628
0.695377
0.700905
0.706232
0.711279
0.716086
0.72086
0.725461
0.729673
0.733664
0.737436
0.741087
0.744602
0.74773
0.750622
-0.0948282
-0.0878712
-0.0807369
-0.0734275
-0.0659465
-0.058295
-0.0504761
-0.0424919
-0.0343455
-0.0260401
-0.01758
-0.00896917
-0.000209669
0.00869491
0.0177427
0.0269304
0.0362523
0.0457031
0.0552782
0.0649754
0.0747902
0.0847174
0.0947519
0.104888
0.115121
0.125443
0.135848
0.146332
0.15689
0.16752
0.178216
0.188973
0.199786
0.210648
0.221556
0.232507
0.243497
0.254525
0.265582
0.276655
0.287732
0.298804
0.309872
0.320945
0.332024
0.343091
0.354121
0.365091
0.376006
0.386887
0.39776
0.408624
0.419445
0.430163
0.440748
0.451235
0.461699
0.472168
0.482576
0.492829
0.502909
0.512867
0.522758
0.532603
0.54236
0.55194
0.561316
0.570579
0.579771
0.588811
0.597665
0.606363
0.614901
0.623316
0.631575
0.639578
0.647406
0.655094
0.662636
0.670017
0.677167
0.684093
0.690795
0.697309
0.703667
0.709857
0.715817
0.721543
0.727049
0.732297
0.737343
0.742315
0.747051
0.751401
0.755544
0.759482
0.763284
0.76689
0.770113
0.773113
-0.104684
-0.0975544
-0.0902364
-0.0827325
-0.0750452
-0.0671769
-0.0591296
-0.0509085
-0.0425137
-0.0339485
-0.0252173
-0.0163244
-0.00727495
0.00192852
0.0112822
0.0207837
0.0304291
0.0402105
0.0501221
0.0601615
0.0703263
0.0806084
0.0910025
0.101504
0.112107
0.122809
0.133603
0.144482
0.155441
0.166476
0.177584
0.188757
0.199991
0.211279
0.222616
0.234002
0.245431
0.256894
0.268383
0.279886
0.291396
0.302912
0.314434
0.325965
0.337493
0.348997
0.360456
0.371869
0.383248
0.394611
0.405956
0.417263
0.428489
0.439602
0.450611
0.461565
0.472501
0.483394
0.494172
0.504788
0.515262
0.525649
0.535979
0.546234
0.556357
0.566285
0.576044
0.585716
0.595293
0.604693
0.613909
0.622967
0.631871
0.640641
0.649221
0.657552
0.665725
0.673755
0.681618
0.689286
0.696708
0.703911
0.710908
0.717717
0.724348
0.730778
0.736962
0.7429
0.74861
0.754081
0.759363
0.764524
0.769398
0.773908
0.778223
0.782339
0.786292
0.789995
0.793329
0.79645
-0.115229
-0.107919
-0.100407
-0.0926978
-0.0847937
-0.0766964
-0.068409
-0.0599361
-0.051282
-0.0424463
-0.0334344
-0.0242501
-0.0148989
-0.00538465
0.004288
0.0141162
0.0240935
0.0342159
0.0444785
0.0548754
0.0654033
0.0760575
0.0868287
0.0977139
0.10871
0.119812
0.131016
0.142312
0.153695
0.16516
0.176703
0.188318
0.199997
0.211733
0.223524
0.235364
0.247247
0.259163
0.271104
0.283062
0.29503
0.307011
0.319003
0.331001
0.342988
0.354949
0.366872
0.378764
0.390634
0.402485
0.414303
0.426055
0.437714
0.449274
0.460761
0.472209
0.483616
0.494934
0.506108
0.517134
0.528053
0.538901
0.549675
0.560337
0.570834
0.581146
0.591323
0.601413
0.611373
0.62114
0.630724
0.640154
0.649429
0.658552
0.667465
0.676145
0.684674
0.69305
0.70123
0.709188
0.716893
0.724394
0.731701
0.738809
0.745715
0.752394
0.758815
0.764983
0.77092
0.776627
0.782142
0.787482
0.792504
0.79719
0.801691
0.805986
0.810085
0.813894
0.817354
0.820604
-0.126506
-0.119005
-0.111292
-0.103369
-0.0952383
-0.0869028
-0.0783655
-0.0696318
-0.0607048
-0.0515882
-0.042284
-0.0327991
-0.0231358
-0.0132993
-0.00329533
0.00687274
0.0172
0.0276798
0.0383085
0.0490814
0.0599937
0.0710397
0.0822132
0.0935079
0.104919
0.116446
0.128081
0.139816
0.151644
0.163562
0.175562
0.187639
0.199785
0.211994
0.224257
0.23657
0.248927
0.261317
0.273735
0.286173
0.298629
0.311099
0.323579
0.33606
0.348527
0.360971
0.373392
0.38579
0.398163
0.410507
0.422803
0.43502
0.447148
0.4592
0.471199
0.483149
0.495027
0.506787
0.5184
0.529891
0.541293
0.552618
0.56384
0.574917
0.585819
0.596556
0.607176
0.617691
0.628043
0.638192
0.648164
0.657981
0.667636
0.677117
0.686378
0.695422
0.704316
0.713038
0.721538
0.729794
0.737805
0.745621
0.75324
0.760644
0.767824
0.774759
0.781431
0.787847
0.794027
0.799978
0.805721
0.811239
0.816424
0.821299
0.82599
0.83046
0.8347
0.838621
0.842216
0.845599
-0.138574
-0.130875
-0.12295
-0.114804
-0.106438
-0.0978558
-0.0890595
-0.0800536
-0.0708422
-0.0614307
-0.0518239
-0.042022
-0.0320319
-0.0218585
-0.0115065
-0.000980547
0.00971379
0.0205731
0.0315916
0.0427623
0.0540805
0.0655414
0.0771401
0.0888688
0.100723
0.112698
0.124786
0.13698
0.149275
0.161666
0.174145
0.186704
0.199335
0.212033
0.224791
0.237601
0.250455
0.263346
0.276266
0.289214
0.302185
0.31517
0.328162
0.34115
0.354127
0.367086
0.380025
0.392944
0.405837
0.418686
0.431475
0.444187
0.456825
0.469399
0.481921
0.494379
0.506739
0.518968
0.531067
0.54306
0.55497
0.566781
0.57846
0.589978
0.601321
0.61252
0.623606
0.634556
0.645315
0.65587
0.666254
0.676477
0.686527
0.696384
0.706014
0.71544
0.72471
0.733779
0.742606
0.751182
0.75952
0.767664
0.775599
0.783296
0.790752
0.797952
0.804888
0.811565
0.818001
0.824202
0.830168
0.835871
0.841237
0.846315
0.851197
0.855835
0.86021
0.864251
0.867987
0.871503
-0.15149
-0.143586
-0.135442
-0.127061
-0.118449
-0.109609
-0.100541
-0.0912496
-0.0817405
-0.0720197
-0.0620914
-0.0519563
-0.0416199
-0.0310902
-0.0203724
-0.00946838
0.00161751
0.0128776
0.0243068
0.0358977
0.0476451
0.0595456
0.0715918
0.0837782
0.0960976
0.108541
0.121106
0.133783
0.146566
0.159449
0.172427
0.18549
0.198628
0.211836
0.22511
0.238441
0.25182
0.26524
0.278694
0.292178
0.305688
0.319214
0.332744
0.346272
0.359788
0.373288
0.386771
0.400229
0.413652
0.427027
0.440339
0.453581
0.466759
0.479878
0.492936
0.505909
0.51877
0.531505
0.544125
0.55665
0.569077
0.581383
0.593539
0.605525
0.61735
0.629041
0.640604
0.652001
0.663193
0.674186
0.685009
0.69566
0.706126
0.716382
0.726408
0.736233
0.745885
0.755315
0.764487
0.773407
0.782093
0.790578
0.798833
0.806831
0.814572
0.822051
0.829263
0.83621
0.842909
0.849361
0.855554
0.861454
0.86702
0.872311
0.877384
0.882188
0.886702
0.890872
0.894752
0.8984
-0.165312
-0.157191
-0.148816
-0.140191
-0.131318
-0.122203
-0.112849
-0.103259
-0.0934368
-0.0833879
-0.0731178
-0.0626307
-0.0519294
-0.0410226
-0.0299154
-0.018612
-0.00711574
0.00456688
0.0164284
0.0284627
0.0406644
0.0530255
0.0655407
0.0782016
0.0910044
0.103944
0.117007
0.13019
0.143485
0.156884
0.170383
0.183972
0.197644
0.211391
0.225207
0.239084
0.253014
0.266993
0.28101
0.295058
0.30913
0.32322
0.337317
0.351412
0.365497
0.379567
0.393617
0.407636
0.421616
0.435542
0.449409
0.463214
0.476959
0.490642
0.504249
0.517758
0.531149
0.544424
0.557596
0.570667
0.583623
0.596439
0.609096
0.621587
0.633924
0.646124
0.658176
0.67004
0.681693
0.693155
0.704442
0.715545
0.726448
0.737128
0.747575
0.757822
0.76787
0.777672
0.787211
0.796499
0.805555
0.814395
0.822981
0.831291
0.839333
0.847107
0.85461
0.861838
0.868805
0.87551
0.881935
0.888046
0.893829
0.899341
0.904609
0.909583
0.914243
0.918554
0.922586
0.926367
-0.180083
-0.171735
-0.163117
-0.154231
-0.145085
-0.135681
-0.126024
-0.116115
-0.105961
-0.0955682
-0.0849397
-0.0740795
-0.0629951
-0.0516895
-0.0401711
-0.0284462
-0.0165189
-0.00439605
0.00791991
0.0204195
0.0330948
0.0459393
0.0589458
0.0721061
0.0854146
0.098869
0.112457
0.12617
0.14
0.153941
0.167989
0.182134
0.196368
0.210681
0.225068
0.239521
0.254034
0.268597
0.283202
0.297841
0.312504
0.327184
0.341874
0.356562
0.371242
0.38591
0.400551
0.415161
0.429726
0.444241
0.458699
0.473097
0.487433
0.501699
0.515875
0.529947
0.543903
0.557751
0.571496
0.585128
0.59863
0.611979
0.625164
0.638189
0.651065
0.663793
0.676348
0.6887
0.700844
0.712801
0.724577
0.736154
0.747514
0.758638
0.769532
0.780214
0.790674
0.800874
0.810805
0.820483
0.829925
0.839132
0.848063
0.856703
0.865066
0.873154
0.880961
0.888481
0.895725
0.902693
0.909356
0.915692
0.921707
0.927449
0.932918
0.938067
0.942884
0.94735
0.951538
0.955454
-0.195854
-0.187266
-0.17839
-0.16923
-0.159795
-0.150088
-0.140108
-0.129864
-0.11936
-0.108603
-0.0975981
-0.0863476
-0.074858
-0.0631364
-0.0511873
-0.0390196
-0.0266393
-0.0140517
-0.00126291
0.0117228
0.0248942
0.0382452
0.0517653
0.0654505
0.0792921
0.0932871
0.107424
0.121692
0.136088
0.150603
0.165228
0.179957
0.194782
0.209694
0.224682
0.239739
0.254859
0.270036
0.285259
0.300516
0.315799
0.331099
0.346408
0.361719
0.377022
0.392311
0.407576
0.422808
0.437995
0.453131
0.468212
0.483232
0.498185
0.513056
0.527831
0.542497
0.557053
0.571502
0.58584
0.600053
0.614123
0.628033
0.64178
0.655368
0.668802
0.682071
0.69515
0.708021
0.720685
0.733162
0.745443
0.757514
0.76935
0.780944
0.792301
0.803436
0.814328
0.824947
0.835293
0.845384
0.855227
0.864814
0.874103
0.883093
0.891798
0.90022
0.908346
0.916169
0.923703
0.930941
0.937856
0.944433
0.950692
0.956668
0.962342
0.967675
0.972661
0.977293
0.98164
0.985692
-0.212677
-0.203835
-0.194689
-0.185241
-0.175501
-0.165473
-0.155159
-0.144562
-0.13369
-0.12255
-0.111147
-0.099488
-0.0875744
-0.0754144
-0.0630144
-0.0503819
-0.037526
-0.0244511
-0.0111646
0.00232991
0.0160218
0.0299026
0.0439659
0.0582006
0.0726044
0.0871676
0.101882
0.116738
0.131728
0.146847
0.162082
0.177427
0.192874
0.208412
0.224031
0.239724
0.255484
0.271302
0.287169
0.303073
0.319006
0.334956
0.350917
0.36688
0.382837
0.398781
0.414702
0.430588
0.446429
0.46222
0.477955
0.493625
0.509219
0.524726
0.540132
0.555429
0.570616
0.58569
0.600645
0.615463
0.630129
0.644631
0.658969
0.673147
0.68716
0.700992
0.714621
0.728038
0.741253
0.75427
0.767079
0.779659
0.791994
0.804078
0.81592
0.827524
0.838868
0.849928
0.860714
0.871236
0.881495
0.891474
0.901139
0.910498
0.919564
0.928335
0.936795
0.944936
0.952771
0.96029
0.967471
0.974306
0.98082
0.987033
0.992916
0.998442
1.00361
1.00842
1.01292
1.01711
-0.230615
-0.221508
-0.212077
-0.202328
-0.192266
-0.181902
-0.171236
-0.16027
-0.149011
-0.137468
-0.125648
-0.113555
-0.101197
-0.0885787
-0.0757064
-0.0625876
-0.0492301
-0.0356428
-0.0218309
-0.00780216
0.00643798
0.0208774
0.0355109
0.0503296
0.065323
0.080485
0.0958064
0.111281
0.126898
0.142651
0.15853
0.174521
0.190618
0.206813
0.223096
0.239458
0.255887
0.272379
0.288922
0.305504
0.322118
0.33875
0.355395
0.372047
0.388695
0.405326
0.421932
0.438506
0.455037
0.471516
0.487933
0.504281
0.520549
0.536723
0.552791
0.568754
0.584603
0.600333
0.615929
0.631379
0.646674
0.661801
0.676761
0.691552
0.706165
0.720586
0.734797
0.748793
0.762581
0.776161
0.789517
0.802629
0.815485
0.828083
0.840428
0.852522
0.864339
0.875866
0.887112
0.898083
0.908773
0.919159
0.92922
0.938966
0.94841
0.957543
0.966348
0.97482
0.98297
0.990788
0.998251
1.00536
1.01213
1.01859
1.02469
1.03042
1.03577
1.04076
1.04543
1.04976
-0.249746
-0.240358
-0.230625
-0.220558
-0.21016
-0.19944
-0.188403
-0.177049
-0.165385
-0.153419
-0.14116
-0.128613
-0.115785
-0.102683
-0.0893133
-0.0756826
-0.0617991
-0.0476703
-0.0333042
-0.0187101
-0.00389442
0.0111357
0.0263697
0.0417991
0.0574172
0.0732107
0.0891739
0.105297
0.121573
0.137989
0.154539
0.171211
0.187993
0.204876
0.221856
0.238919
0.256052
0.273252
0.290504
0.307799
0.325127
0.342482
0.35985
0.377224
0.394593
0.411947
0.429278
0.446571
0.463821
0.481017
0.498152
0.515209
0.532181
0.549056
0.565826
0.582483
0.599024
0.615436
0.631706
0.647826
0.663781
0.679568
0.695179
0.710611
0.725851
0.740889
0.755715
0.77032
0.784707
0.798872
0.812796
0.826462
0.839865
0.853
0.865874
0.878477
0.890793
0.902808
0.914535
0.925972
0.937107
0.947921
0.958399
0.968551
0.978387
0.987896
0.99706
1.00588
1.01436
1.02249
1.03024
1.03764
1.04468
1.05138
1.05771
1.06365
1.0692
1.07438
1.07922
1.08368
-0.270133
-0.260452
-0.250406
-0.240002
-0.229249
-0.218153
-0.206724
-0.194963
-0.182872
-0.170461
-0.157741
-0.144716
-0.131392
-0.117779
-0.103885
-0.0897128
-0.075274
-0.0605748
-0.0456256
-0.0304356
-0.0150127
0.000637605
0.0165045
0.032581
0.0488524
0.0653106
0.0819471
0.0987554
0.115722
0.132835
0.150088
0.167471
0.184973
0.202584
0.220292
0.238089
0.255966
0.27391
0.291908
0.309953
0.328035
0.346144
0.364273
0.382405
0.400534
0.418645
0.436731
0.454784
0.472789
0.490734
0.508612
0.526414
0.544127
0.561741
0.579245
0.596632
0.613895
0.631022
0.648004
0.664821
0.681472
0.697948
0.714241
0.730346
0.746249
0.761938
0.777404
0.792646
0.807662
0.822437
0.836953
0.851199
0.865174
0.878876
0.8923
0.905438
0.918275
0.930805
0.943032
0.954953
0.966552
0.977814
0.988727
0.999304
1.00955
1.01945
1.02899
1.03817
1.04699
1.05544
1.06351
1.0712
1.07853
1.08548
1.09204
1.0982
1.10397
1.10934
1.11435
1.11896
-0.291865
-0.281868
-0.271486
-0.260728
-0.249601
-0.23811
-0.226265
-0.214072
-0.201531
-0.188652
-0.175445
-0.161915
-0.148071
-0.133919
-0.119468
-0.104724
-0.0896985
-0.0744019
-0.0588395
-0.0430214
-0.0269567
-0.0106544
0.00587851
0.0226295
0.0395906
0.0567485
0.0740937
0.091617
0.109307
0.127155
0.145152
0.163283
0.181539
0.199909
0.218389
0.236959
0.255613
0.274338
0.293123
0.311954
0.330832
0.349739
0.368658
0.387588
0.406513
0.425422
0.444302
0.463142
0.481934
0.500669
0.519334
0.537919
0.556406
0.574789
0.593063
0.611217
0.629238
0.647115
0.664833
0.682389
0.699773
0.71697
0.733978
0.750787
0.767383
0.783754
0.799899
0.815807
0.831474
0.846885
0.862027
0.876887
0.891461
0.905752
0.919754
0.933453
0.946838
0.959903
0.972652
0.985077
0.997161
1.00889
1.02026
1.03128
1.04196
1.05226
1.06219
1.07174
1.08092
1.08972
1.09811
1.1061
1.11372
1.12094
1.12775
1.13415
1.14013
1.1457
1.15088
1.15565
-0.315001
-0.304671
-0.293936
-0.282803
-0.271281
-0.259374
-0.247092
-0.234441
-0.221425
-0.208048
-0.194327
-0.180267
-0.165872
-0.151153
-0.136115
-0.120772
-0.105131
-0.0892007
-0.0729908
-0.0565123
-0.0397736
-0.0227838
-0.00555364
0.0119084
0.029591
0.0474832
0.065573
0.0838489
0.102302
0.120923
0.139696
0.158614
0.177666
0.196841
0.216124
0.235509
0.25498
0.274526
0.294137
0.313805
0.333511
0.353249
0.373006
0.392768
0.412528
0.432268
0.451981
0.471651
0.491275
0.510836
0.53032
0.549723
0.56903
0.588227
0.607307
0.626259
0.645075
0.663735
0.682235
0.700561
0.718706
0.736664
0.75442
0.771966
0.789287
0.806379
0.823231
0.839837
0.856185
0.872262
0.888054
0.903558
0.918765
0.933675
0.948281
0.962568
0.976526
0.990153
1.00345
1.01639
1.02899
1.04121
1.05306
1.06455
1.07566
1.08639
1.09673
1.10667
1.11622
1.12537
1.1341
1.14242
1.15033
1.15783
1.1649
1.17154
1.17775
1.18353
1.18889
1.19382
-0.339623
-0.328935
-0.317823
-0.306293
-0.294354
-0.28201
-0.269268
-0.256136
-0.242616
-0.228718
-0.214453
-0.19983
-0.184858
-0.169541
-0.153888
-0.13791
-0.121622
-0.10503
-0.088138
-0.0709618
-0.0535123
-0.0358014
-0.0178367
0.000370204
0.0188127
0.0374762
0.0563488
0.0754192
0.0946707
0.114099
0.133694
0.153442
0.173334
0.193353
0.213483
0.233718
0.254047
0.274461
0.294942
0.31548
0.336062
0.356673
0.377304
0.397942
0.418575
0.439189
0.459775
0.480322
0.500812
0.521237
0.54159
0.561849
0.582009
0.60206
0.621986
0.641778
0.661426
0.680916
0.700231
0.719366
0.738312
0.757062
0.775602
0.793923
0.812009
0.829849
0.847439
0.864772
0.881833
0.898607
0.915086
0.931262
0.947129
0.962687
0.977924
0.992828
1.00739
1.0216
1.03546
1.04896
1.06208
1.07482
1.08718
1.09915
1.11073
1.1219
1.13267
1.14302
1.15295
1.16247
1.17155
1.1802
1.18843
1.19622
1.20356
1.21045
1.21689
1.22288
1.22844
1.23353
-0.365763
-0.35472
-0.343224
-0.331282
-0.318904
-0.306096
-0.292869
-0.279229
-0.265181
-0.250729
-0.235892
-0.220679
-0.205094
-0.18915
-0.172849
-0.156205
-0.13923
-0.121939
-0.104336
-0.0864279
-0.0682313
-0.0497571
-0.0310208
-0.0120276
0.00721278
0.0266866
0.0463833
0.0662878
0.0863875
0.10667
0.127126
0.147744
0.16851
0.189413
0.210439
0.231575
0.252807
0.274125
0.295517
0.316969
0.338467
0.359996
0.381543
0.403102
0.424653
0.446185
0.467688
0.489149
0.510554
0.531893
0.553145
0.57431
0.595368
0.61631
0.637126
0.657799
0.678319
0.698674
0.718847
0.738831
0.75862
0.778201
0.797563
0.816692
0.835577
0.854205
0.872569
0.890658
0.908459
0.925964
0.943161
0.960044
0.976606
0.992842
1.00874
1.02429
1.03948
1.0543
1.06876
1.08283
1.09651
1.10979
1.12266
1.13514
1.14721
1.15885
1.17006
1.18083
1.19118
1.20108
1.21052
1.21952
1.22808
1.23617
1.24379
1.25094
1.25763
1.26384
1.26959
1.27486
-0.393609
-0.382165
-0.370247
-0.357862
-0.345016
-0.33172
-0.317978
-0.303798
-0.289192
-0.274165
-0.258723
-0.242882
-0.226655
-0.210045
-0.193064
-0.175719
-0.158025
-0.139995
-0.12164
-0.102964
-0.0839822
-0.0647091
-0.0451549
-0.0253332
-0.00525129
0.0150797
0.0356411
0.0564227
0.0774124
0.0985932
0.119958
0.141492
0.16318
0.185012
0.206976
0.229058
0.25124
0.273511
0.295858
0.318264
0.340716
0.36321
0.385727
0.40825
0.430764
0.453258
0.475724
0.498147
0.52051
0.542802
0.565009
0.587121
0.609123
0.631003
0.652748
0.674341
0.695772
0.717034
0.738111
0.758991
0.779657
0.800107
0.820328
0.840306
0.860023
0.879475
0.898649
0.917531
0.936112
0.954384
0.972336
0.989959
1.00725
1.02419
1.04078
1.057
1.07285
1.08832
1.10339
1.11806
1.13232
1.14617
1.15959
1.1726
1.18517
1.19729
1.20897
1.22019
1.23096
1.24126
1.25109
1.26045
1.26934
1.27775
1.28566
1.29309
1.30003
1.30647
1.31243
1.31788
-0.423198
-0.411338
-0.398974
-0.386119
-0.372782
-0.358966
-0.344681
-0.329934
-0.314735
-0.299097
-0.283023
-0.266525
-0.249613
-0.232304
-0.214605
-0.196523
-0.17807
-0.159261
-0.140111
-0.120629
-0.10082
-0.0807001
-0.0602875
-0.0395904
-0.018621
0.00260684
0.0240803
0.0457855
0.0677081
0.0898365
0.112157
0.134655
0.157317
0.180128
0.203074
0.226143
0.249322
0.272592
0.295941
0.319351
0.342813
0.366315
0.389839
0.413374
0.436903
0.460418
0.483895
0.50732
0.530689
0.553984
0.577193
0.6003
0.623291
0.646147
0.668865
0.691429
0.713819
0.73603
0.758049
0.779862
0.801455
0.822816
0.843934
0.864795
0.88539
0.905702
0.92572
0.945435
0.964837
0.983914
1.00266
1.02106
1.03911
1.05679
1.0741
1.09103
1.10757
1.1237
1.13942
1.15472
1.16959
1.18403
1.19803
1.21158
1.22468
1.23731
1.24947
1.26116
1.27238
1.2831
1.29332
1.30305
1.3123
1.32104
1.32925
1.33697
1.34417
1.35085
1.35702
1.36265
-0.454628
-0.44233
-0.429501
-0.416151
-0.40229
-0.387926
-0.37307
-0.357724
-0.341898
-0.325609
-0.308865
-0.291674
-0.27405
-0.255999
-0.237542
-0.218682
-0.19943
-0.179801
-0.15981
-0.139472
-0.118795
-0.0977895
-0.0764687
-0.0548503
-0.0329499
-0.0107741
0.0116576
0.0343335
0.0572375
0.0803595
0.103682
0.127197
0.150878
0.174716
0.198697
0.222805
0.247024
0.271343
0.295749
0.320219
0.344741
0.369305
0.393895
0.418489
0.443084
0.467656
0.492192
0.516682
0.541107
0.565453
0.589711
0.613856
0.637879
0.661771
0.685509
0.709084
0.732485
0.755693
0.7787
0.801491
0.824049
0.846363
0.868427
0.890218
0.911724
0.932938
0.953845
0.974431
0.994688
1.01461
1.03418
1.05339
1.07224
1.0907
1.10877
1.12644
1.14369
1.16052
1.17691
1.19287
1.20838
1.22344
1.23803
1.25216
1.26581
1.27897
1.29164
1.30382
1.31549
1.32665
1.33729
1.34742
1.35703
1.3661
1.37464
1.38265
1.39012
1.39705
1.40344
1.40927
-0.488017
-0.475254
-0.461931
-0.448059
-0.433643
-0.418694
-0.403229
-0.387254
-0.370772
-0.353795
-0.336341
-0.318417
-0.300036
-0.28121
-0.261949
-0.242267
-0.222173
-0.20168
-0.180805
-0.159563
-0.137965
-0.116024
-0.0937556
-0.07117
-0.0482847
-0.0251134
-0.00167157
0.0220272
0.0459656
0.0701283
0.0945065
0.119082
0.143837
0.168754
0.193817
0.219015
0.244333
0.269757
0.295266
0.320851
0.346492
0.372172
0.397875
0.42359
0.449298
0.474986
0.500636
0.526236
0.551774
0.577222
0.602568
0.627807
0.652922
0.67789
0.702701
0.727344
0.751798
0.776054
0.800096
0.82391
0.847481
0.870798
0.893842
0.916608
0.939076
0.961233
0.983067
1.00457
1.02572
1.04653
1.06697
1.08703
1.1067
1.12597
1.14483
1.16327
1.18127
1.19883
1.21593
1.23258
1.24876
1.26446
1.27968
1.29441
1.30864
1.32235
1.33555
1.34823
1.36038
1.372
1.38308
1.39362
1.40361
1.41303
1.42191
1.43023
1.43798
1.44516
1.45177
1.45781
-0.523465
-0.510207
-0.496362
-0.481938
-0.466938
-0.451374
-0.43526
-0.418614
-0.40144
-0.383744
-0.365537
-0.346836
-0.327652
-0.308005
-0.2879
-0.26735
-0.246367
-0.224964
-0.203159
-0.180963
-0.158395
-0.135468
-0.112199
-0.0885975
-0.0646782
-0.0404589
-0.0159533
0.00882271
0.0338487
0.0591087
0.0845899
0.110281
0.136163
0.162214
0.188421
0.214766
0.241237
0.267821
0.294497
0.321243
0.348053
0.374904
0.401777
0.428665
0.455555
0.482414
0.509231
0.535994
0.562687
0.589294
0.615797
0.642183
0.668435
0.694534
0.720468
0.746224
0.771791
0.797145
0.822267
0.847153
0.871786
0.896143
0.920221
0.944005
0.967476
0.990624
1.01343
1.03589
1.05799
1.07972
1.10107
1.12202
1.14256
1.16268
1.18237
1.20161
1.22039
1.23871
1.25656
1.27393
1.2908
1.30718
1.32305
1.33841
1.35324
1.36753
1.38128
1.39449
1.40714
1.41924
1.43077
1.44173
1.45212
1.46192
1.47114
1.47978
1.48782
1.49527
1.50211
1.50836
-0.561083
-0.547302
-0.532898
-0.517889
-0.502273
-0.486057
-0.469264
-0.451904
-0.433994
-0.415533
-0.396535
-0.377016
-0.356988
-0.336466
-0.315469
-0.294004
-0.272083
-0.249723
-0.226937
-0.203745
-0.180155
-0.156187
-0.131861
-0.107188
-0.0821797
-0.0568558
-0.0312358
-0.00533635
0.0208337
0.0472513
0.0739006
0.100764
0.127829
0.155071
0.182477
0.210033
0.23772
0.265522
0.293414
0.32139
0.349426
0.377502
0.405611
0.433729
0.461844
0.489937
0.517977
0.545962
0.573873
0.601689
0.629403
0.656992
0.684441
0.711728
0.738837
0.765765
0.792488
0.818986
0.845248
0.871255
0.896998
0.922455
0.947609
0.972458
0.996982
1.02117
1.045
1.06846
1.09155
1.11425
1.13655
1.15843
1.17988
1.20088
1.22143
1.24151
1.26112
1.28024
1.29886
1.31699
1.33459
1.35167
1.36822
1.38423
1.39969
1.41458
1.42891
1.44267
1.45585
1.46845
1.48045
1.49185
1.50265
1.51284
1.52242
1.53139
1.53974
1.54745
1.55455
1.56101
-0.600986
-0.586647
-0.571656
-0.556019
-0.539747
-0.522848
-0.505333
-0.487223
-0.468528
-0.449261
-0.429428
-0.409044
-0.388126
-0.366684
-0.344741
-0.322313
-0.299406
-0.276032
-0.252215
-0.227969
-0.203307
-0.17824
-0.152799
-0.127003
-0.100853
-0.074371
-0.047575
-0.0204816
0.00688687
0.0345178
0.0623937
0.0904932
0.1188
0.147298
0.175965
0.204791
0.233751
0.262829
0.292013
0.321275
0.3506
0.379968
0.409372
0.438785
0.468182
0.497556
0.526887
0.556153
0.585339
0.61443
0.643408
0.672255
0.700954
0.72949
0.757837
0.785983
0.813913
0.841616
0.869074
0.896259
0.923161
0.949767
0.976062
1.00203
1.02765
1.05292
1.07782
1.10234
1.12646
1.15017
1.17346
1.19631
1.21871
1.24064
1.2621
1.28306
1.30352
1.32348
1.34292
1.36183
1.3802
1.39802
1.41528
1.43197
1.44808
1.4636
1.47854
1.49288
1.5066
1.51971
1.5322
1.54406
1.5553
1.56589
1.57585
1.58516
1.59382
1.60182
1.60917
1.61585
-0.643294
-0.628364
-0.612744
-0.596448
-0.579481
-0.561851
-0.543576
-0.524671
-0.505154
-0.485031
-0.464312
-0.443014
-0.421159
-0.398753
-0.375809
-0.352358
-0.328411
-0.303973
-0.279064
-0.253707
-0.227918
-0.201706
-0.175091
-0.148101
-0.12075
-0.0930448
-0.0650132
-0.0366726
-0.00803939
0.0208672
0.0500298
0.0794277
0.109049
0.138864
0.168858
0.199013
0.229315
0.259739
0.290267
0.320885
0.351564
0.382293
0.413044
0.443802
0.474554
0.505285
0.535963
0.566575
0.597105
0.627533
0.657834
0.688
0.718011
0.747844
0.777486
0.806922
0.836129
0.865087
0.893782
0.922202
0.950325
0.978136
1.00562
1.03276
1.05954
1.08595
1.11197
1.13759
1.16279
1.18756
1.21189
1.23575
1.25914
1.28204
1.30444
1.32633
1.34769
1.36852
1.38881
1.40854
1.4277
1.44629
1.46429
1.4817
1.4985
1.51468
1.53025
1.54518
1.55947
1.57313
1.58613
1.59847
1.61016
1.62117
1.63151
1.64118
1.65017
1.65847
1.66608
1.673
-0.68814
-0.672577
-0.656291
-0.639295
-0.621591
-0.603192
-0.584111
-0.564362
-0.543968
-0.522941
-0.501291
-0.47903
-0.456183
-0.432758
-0.408769
-0.384234
-0.359185
-0.333624
-0.307571
-0.281044
-0.254061
-0.226641
-0.198793
-0.170548
-0.141927
-0.112943
-0.0836123
-0.0539543
-0.023987
0.00626227
0.0367771
0.0675438
0.098536
0.129743
0.161129
0.192681
0.224388
0.256225
0.288169
0.320201
0.352301
0.384447
0.416621
0.448804
0.480972
0.513115
0.545215
0.577237
0.609174
0.641003
0.672707
0.704258
0.735639
0.766832
0.797834
0.828614
0.85915
0.889429
0.919433
0.94914
0.978538
1.00761
1.03634
1.0647
1.0927
1.1203
1.14749
1.17426
1.2006
1.22648
1.25189
1.27681
1.30124
1.32515
1.34854
1.3714
1.3937
1.41544
1.43662
1.45721
1.47721
1.4966
1.51537
1.53352
1.55104
1.56791
1.58413
1.59969
1.61458
1.6288
1.64233
1.65517
1.66733
1.67878
1.68952
1.69956
1.70889
1.71749
1.72538
1.73254
-0.735656
-0.71942
-0.702423
-0.684683
-0.6662
-0.646982
-0.627051
-0.606416
-0.585095
-0.563109
-0.540476
-0.517199
-0.493298
-0.468795
-0.4437
-0.418035
-0.391823
-0.365079
-0.337815
-0.310053
-0.281812
-0.253113
-0.223975
-0.194416
-0.164458
-0.134115
-0.103416
-0.072377
-0.0410125
-0.0093442
0.0226001
0.0547969
0.0872326
0.119887
0.152747
0.185774
0.218953
0.252269
0.285698
0.319212
0.352805
0.386445
0.420114
0.453787
0.487448
0.521076
0.554652
0.588155
0.62157
0.654869
0.688022
0.721025
0.753855
0.786487
0.818904
0.851089
0.883019
0.914678
0.946048
0.977112
1.00785
1.03824
1.06827
1.09793
1.12719
1.15603
1.18446
1.21244
1.23995
1.26699
1.29353
1.31957
1.34508
1.37005
1.39448
1.41835
1.44163
1.46433
1.48643
1.50792
1.52879
1.54902
1.56861
1.58754
1.6058
1.62338
1.64029
1.6565
1.67202
1.68682
1.7009
1.71427
1.72691
1.73882
1.74998
1.76041
1.77008
1.779
1.78718
1.7946
-0.785984
-0.769043
-0.751289
-0.732757
-0.713447
-0.693364
-0.672524
-0.65095
-0.628653
-0.60566
-0.581979
-0.557628
-0.532618
-0.506971
-0.480713
-0.453852
-0.426416
-0.398423
-0.369882
-0.340822
-0.311258
-0.281209
-0.250703
-0.219757
-0.188396
-0.156631
-0.124488
-0.0919899
-0.0591593
-0.0260052
0.00743564
0.0411424
0.0750978
0.10928
0.143677
0.178255
0.212981
0.247848
0.282834
0.317917
0.353068
0.388277
0.423514
0.458756
0.493979
0.529164
0.564294
0.599347
0.634301
0.669127
0.703822
0.738344
0.772687
0.806822
0.84073
0.874387
0.907777
0.940883
0.973687
1.00617
1.03831
1.07009
1.10149
1.13249
1.16307
1.19323
1.22294
1.25217
1.28092
1.30917
1.3369
1.3641
1.39074
1.41683
1.44234
1.46726
1.49157
1.51527
1.53834
1.56078
1.58255
1.60366
1.62409
1.64383
1.66287
1.6812
1.69882
1.71572
1.73188
1.7473
1.76196
1.77587
1.78902
1.8014
1.813
1.82382
1.83387
1.84312
1.85159
1.85926
-0.839273
-0.821585
-0.803039
-0.783661
-0.763472
-0.742467
-0.72067
-0.698096
-0.674766
-0.6507
-0.625917
-0.600431
-0.574253
-0.547404
-0.519906
-0.49179
-0.463059
-0.43374
-0.40386
-0.373425
-0.342469
-0.311006
-0.279058
-0.246652
-0.213809
-0.180546
-0.146888
-0.112857
-0.0784772
-0.0437693
-0.00875284
0.0265415
0.062096
0.0978872
0.133892
0.170088
0.206449
0.242947
0.279571
0.316291
0.353083
0.389927
0.426814
0.4637
0.500567
0.537388
0.574148
0.610824
0.647393
0.683835
0.72012
0.756243
0.792168
0.827875
0.863343
0.898546
0.933469
0.968095
1.00241
1.03637
1.06997
1.1032
1.13604
1.16845
1.20042
1.23194
1.26299
1.29355
1.32359
1.35311
1.38208
1.41049
1.43832
1.46557
1.49221
1.51824
1.54363
1.56837
1.59246
1.61587
1.63859
1.66061
1.68192
1.70252
1.72237
1.74148
1.75985
1.77746
1.79429
1.81034
1.82561
1.84009
1.85377
1.86663
1.87869
1.88994
1.90036
1.90996
1.91872
1.92665
-0.895688
-0.877195
-0.857807
-0.837541
-0.816413
-0.794434
-0.771615
-0.747989
-0.723571
-0.698368
-0.672413
-0.645725
-0.618317
-0.590196
-0.561391
-0.531938
-0.501849
-0.471138
-0.439832
-0.407961
-0.375533
-0.34258
-0.309115
-0.27517
-0.240767
-0.205931
-0.170674
-0.135034
-0.0990226
-0.0626782
-0.0260082
0.0109538
0.0481879
0.0856616
0.123361
0.16126
0.199326
0.237543
0.275882
0.31432
0.352839
0.391413
0.430012
0.468623
0.507208
0.545747
0.584215
0.622597
0.660869
0.698998
0.736965
0.774751
0.812337
0.84969
0.886788
0.923614
0.960143
0.996363
1.03224
1.06776
1.10291
1.13765
1.17198
1.20587
1.23929
1.27225
1.3047
1.33663
1.36803
1.39887
1.42914
1.45882
1.4879
1.51636
1.54419
1.57137
1.59788
1.62372
1.64886
1.6733
1.69701
1.71998
1.74222
1.7637
1.7844
1.80433
1.82348
1.84182
1.85935
1.87607
1.89198
1.90705
1.92127
1.93465
1.94718
1.95886
1.96967
1.97963
1.9887
1.99691
-0.955396
-0.936044
-0.915752
-0.894543
-0.872429
-0.849411
-0.82552
-0.80077
-0.775191
-0.748796
-0.721601
-0.693637
-0.664915
-0.635457
-0.605281
-0.574416
-0.542887
-0.510711
-0.477912
-0.444511
-0.410531
-0.376001
-0.340948
-0.305388
-0.269341
-0.232842
-0.195916
-0.158577
-0.120855
-0.0827774
-0.0443738
-0.00566519
0.0333244
0.0725703
0.112051
0.151735
0.1916
0.231614
0.271755
0.312011
0.352336
0.392707
0.43311
0.473522
0.513912
0.55425
0.594518
0.634689
0.674737
0.714638
0.754369
0.793905
0.833223
0.872298
0.911108
0.949631
0.987848
1.02573
1.06326
1.10041
1.13716
1.1735
1.20939
1.24482
1.27976
1.31421
1.34813
1.38151
1.41432
1.44654
1.47817
1.50918
1.53956
1.5693
1.59836
1.62675
1.65444
1.68142
1.70766
1.73317
1.75792
1.78189
1.80509
1.82749
1.84909
1.86987
1.88982
1.90894
1.92721
1.94462
1.96118
1.97686
1.99166
2.00557
2.01859
2.03072
2.04194
2.05226
2.06166
2.07015
-1.01856
-0.998309
-0.977053
-0.954829
-0.93166
-0.90755
-0.882507
-0.856576
-0.829772
-0.802105
-0.773602
-0.744289
-0.714181
-0.683301
-0.651682
-0.619334
-0.586279
-0.552551
-0.518175
-0.483171
-0.447564
-0.411377
-0.374634
-0.337373
-0.299607
-0.261361
-0.222672
-0.183553
-0.144036
-0.104144
-0.0639101
-0.0233636
0.0174752
0.0585787
0.0999253
0.141492
0.183238
0.225142
0.267177
0.309321
0.351538
0.393815
0.436118
0.478412
0.520694
0.56292
0.605064
0.647106
0.689017
0.730778
0.772356
0.813729
0.854868
0.89575
0.936349
0.976651
1.01663
1.05626
1.09551
1.13437
1.17281
1.2108
1.24833
1.28537
1.3219
1.35791
1.39337
1.42825
1.46254
1.49622
1.52927
1.56167
1.59342
1.62448
1.65484
1.68449
1.71341
1.74157
1.76898
1.7956
1.82142
1.84644
1.87064
1.89401
1.91654
1.9382
1.959
1.97892
1.99796
2.0161
2.03334
2.04966
2.06505
2.07952
2.09305
2.10564
2.11729
2.12799
2.13774
2.14651
-1.08535
-1.06413
-1.04186
-1.01857
-0.994277
-0.968992
-0.942742
-0.915546
-0.887441
-0.858442
-0.82855
-0.797812
-0.766238
-0.733862
-0.700707
-0.666796
-0.63214
-0.596775
-0.560739
-0.524043
-0.486716
-0.448784
-0.410274
-0.371214
-0.331638
-0.291563
-0.251011
-0.210022
-0.168615
-0.126828
-0.0846725
-0.0421861
0.000600726
0.0436622
0.0869639
0.130493
0.174211
0.2181
0.262125
0.306252
0.350472
0.394731
0.439013
0.4833
0.527554
0.571762
0.615876
0.659879
0.703744
0.747446
0.790957
0.834252
0.877301
0.920078
0.962558
1.00473
1.04655
1.088
1.12906
1.1697
1.2099
1.24964
1.28888
1.32761
1.3658
1.40344
1.4405
1.47696
1.5128
1.548
1.58254
1.61639
1.64956
1.68201
1.71372
1.74469
1.77489
1.8043
1.83291
1.8607
1.88766
1.91376
1.93901
1.96339
1.98688
2.00947
2.03115
2.05191
2.07175
2.09065
2.10859
2.12557
2.14159
2.15663
2.1707
2.18378
2.19586
2.20696
2.21705
2.22613
-1.15596
-1.1337
-1.11034
-1.08592
-1.06044
-1.03392
-1.00637
-0.97784
-0.948355
-0.917941
-0.886595
-0.854341
-0.821217
-0.787254
-0.752489
-0.716918
-0.680573
-0.643493
-0.605702
-0.567221
-0.528074
-0.48831
-0.447947
-0.406999
-0.365506
-0.323499
-0.281002
-0.238045
-0.194659
-0.15087
-0.106698
-0.0621774
-0.01735
0.0277585
0.0731205
0.118716
0.164518
0.210482
0.256589
0.302805
0.349096
0.395448
0.44182
0.488186
0.534516
0.580788
0.626968
0.673026
0.718936
0.764673
0.810209
0.855514
0.90056
0.945321
0.989773
1.03389
1.07764
1.121
1.16395
1.20647
1.24851
1.29006
1.3311
1.37159
1.41153
1.45088
1.48961
1.52772
1.56518
1.60197
1.63807
1.67344
1.70809
1.74199
1.77513
1.80747
1.83901
1.86972
1.89958
1.92859
1.95673
1.98398
2.01031
2.03574
2.06025
2.08381
2.1064
2.12804
2.14871
2.16839
2.18708
2.20475
2.22141
2.23706
2.25168
2.26526
2.2778
2.2893
2.29975
2.30915
-1.23057
-1.2072
-1.18268
-1.15705
-1.13032
-1.10249
-1.07357
-1.04362
-1.01267
-0.98075
-0.947861
-0.91402
-0.879257
-0.843619
-0.807141
-0.769829
-0.731701
-0.6928
-0.653169
-0.612811
-0.571759
-0.530048
-0.487732
-0.444809
-0.40131
-0.357265
-0.312711
-0.267686
-0.222213
-0.176321
-0.130045
-0.0833939
-0.0364192
0.0108423
0.0583777
0.106146
0.154117
0.202257
0.25054
0.298944
0.347427
0.39596
0.444517
0.493064
0.541571
0.590011
0.638352
0.686565
0.734621
0.782491
0.830145
0.877556
0.924695
0.971536
1.01805
1.0642
1.10998
1.15534
1.20026
1.24473
1.2887
1.33216
1.37506
1.4174
1.45915
1.50029
1.54079
1.58062
1.61978
1.65823
1.69595
1.73293
1.76913
1.80455
1.83916
1.87294
1.90588
1.93794
1.96912
1.9994
2.02877
2.05721
2.08469
2.11121
2.13677
2.16134
2.1849
2.20745
2.22898
2.24948
2.26893
2.28733
2.30467
2.32094
2.33613
2.35024
2.36325
2.37516
2.38599
2.39572
-1.30937
-1.28483
-1.25908
-1.23215
-1.20408
-1.17485
-1.1445
-1.11305
-1.08055
-1.04703
-1.0125
-0.976982
-0.940502
-0.903095
-0.864799
-0.825644
-0.785643
-0.744838
-0.70325
-0.660916
-0.617863
-0.574121
-0.529718
-0.484717
-0.439112
-0.392936
-0.346224
-0.299007
-0.251351
-0.203258
-0.154759
-0.105879
-0.0566441
-0.00711124
0.0426788
0.0927121
0.142966
0.193401
0.243979
0.294668
0.345441
0.396267
0.447111
0.497942
0.548732
0.599444
0.65005
0.70052
0.750822
0.800926
0.850804
0.900422
0.949753
0.998766
1.04743
1.09572
1.14361
1.19106
1.23806
1.28456
1.33055
1.37599
1.42086
1.46514
1.5088
1.5518
1.59413
1.63577
1.6767
1.71689
1.75632
1.79495
1.83277
1.86978
1.90593
1.94122
1.97562
2.0091
2.04166
2.07327
2.10392
2.1336
2.16228
2.18994
2.2166
2.24222
2.26679
2.29029
2.31272
2.33406
2.35432
2.37348
2.39151
2.40842
2.4242
2.43886
2.45237
2.46473
2.47593
2.48598
-1.39257
-1.36679
-1.33973
-1.31143
-1.28192
-1.25121
-1.21932
-1.1863
-1.15216
-1.11695
-1.08068
-1.04338
-1.00508
-0.96581
-0.925601
-0.884495
-0.842527
-0.799703
-0.756065
-0.711647
-0.66648
-0.620598
-0.574031
-0.526819
-0.478996
-0.430579
-0.381616
-0.332119
-0.28214
-0.231724
-0.18089
-0.12967
-0.0780883
-0.0261867
0.0259923
0.0784213
0.131064
0.183892
0.236871
0.289964
0.34314
0.396365
0.449607
0.502832
0.556008
0.609103
0.662083
0.714915
0.76757
0.820014
0.872216
0.924145
0.975769
1.02706
1.07798
1.12851
1.1786
1.22824
1.2774
1.32604
1.37413
1.42166
1.46858
1.51488
1.56052
1.60549
1.64975
1.69327
1.73605
1.77806
1.81927
1.85964
1.89917
1.93782
1.97558
2.01245
2.04836
2.08333
2.11732
2.15032
2.18231
2.21328
2.24321
2.27208
2.29987
2.32658
2.3522
2.3767
2.40006
2.42229
2.4434
2.46333
2.4821
2.49967
2.51607
2.53129
2.54532
2.55813
2.56973
2.58012
-1.48039
-1.45327
-1.42482
-1.39507
-1.36405
-1.33176
-1.29824
-1.26353
-1.22766
-1.19066
-1.15256
-1.11337
-1.07315
-1.03191
-0.989692
-0.946531
-0.902468
-0.857528
-0.811736
-0.76512
-0.717719
-0.669579
-0.620743
-0.571228
-0.521066
-0.470279
-0.418931
-0.367046
-0.314654
-0.261798
-0.208508
-0.154826
-0.100778
-0.0463925
0.00828549
0.063217
0.118371
0.173711
0.229203
0.284816
0.34051
0.39625
0.452005
0.50774
0.563416
0.619003
0.674468
0.729776
0.784892
0.839786
0.894421
0.948766
1.00279
1.05646
1.10974
1.1626
1.21501
1.26695
1.31836
1.36923
1.41953
1.46923
1.5183
1.56672
1.61444
1.66145
1.70772
1.75323
1.79795
1.84185
1.88492
1.92711
1.96841
2.00879
2.04823
2.08674
2.12425
2.16076
2.19624
2.23069
2.26409
2.2964
2.32763
2.35775
2.38674
2.4146
2.4413
2.46683
2.49118
2.51434
2.5363
2.55706
2.57658
2.59486
2.6119
2.62771
2.64225
2.65554
2.66755
2.6783
-1.57308
-1.54452
-1.51458
-1.48328
-1.45065
-1.41668
-1.38145
-1.34495
-1.30723
-1.26833
-1.22828
-1.18712
-1.14486
-1.10156
-1.05722
-1.01189
-0.965618
-0.918433
-0.870362
-0.821445
-0.771709
-0.721189
-0.669946
-0.618006
-0.565391
-0.512138
-0.458283
-0.403878
-0.348946
-0.293539
-0.237679
-0.181408
-0.12476
-0.0677722
-0.0104786
0.0470756
0.104859
0.162835
0.220964
0.279213
0.337543
0.395919
0.454305
0.512665
0.570963
0.629162
0.687228
0.745126
0.802819
0.860275
0.917459
0.974334
1.03087
1.08702
1.14277
1.19808
1.25291
1.30723
1.36102
1.41423
1.46683
1.51881
1.57012
1.62075
1.67065
1.7198
1.76818
1.81575
1.86249
1.90838
1.95338
1.99747
2.04062
2.08281
2.12402
2.16423
2.20341
2.24153
2.27858
2.31455
2.3494
2.38312
2.41571
2.44713
2.47738
2.50643
2.53426
2.56087
2.58624
2.61036
2.63322
2.65483
2.67514
2.69415
2.71186
2.72827
2.74336
2.75713
2.76958
2.7807
-1.67085
-1.64077
-1.60923
-1.57628
-1.54193
-1.50618
-1.4691
-1.43073
-1.39108
-1.35016
-1.30806
-1.2648
-1.22039
-1.17488
-1.1283
-1.08069
-1.0321
-0.982558
-0.932082
-0.880741
-0.828554
-0.775539
-0.721758
-0.667269
-0.612077
-0.55622
-0.499746
-0.442694
-0.385102
-0.327008
-0.268451
-0.209465
-0.150095
-0.0903742
-0.0303419
0.0299647
0.0905039
0.151237
0.21213
0.273142
0.334234
0.395367
0.456509
0.517621
0.57866
0.639593
0.700383
0.760991
0.821384
0.88152
0.941368
1.00089
1.06005
1.11881
1.17714
1.235
1.29236
1.34919
1.40544
1.4611
1.51612
1.57048
1.62414
1.67707
1.72925
1.78064
1.83121
1.88095
1.9298
1.97776
2.02479
2.07086
2.11595
2.16003
2.20307
2.24507
2.28599
2.3258
2.36448
2.40203
2.43841
2.4736
2.5076
2.54038
2.57193
2.60223
2.63124
2.65898
2.68542
2.71054
2.73435
2.75682
2.77795
2.79771
2.81612
2.83317
2.84884
2.86311
2.876
2.8875
-1.77392
-1.74222
-1.709
-1.67429
-1.63811
-1.60048
-1.56144
-1.52106
-1.47934
-1.43632
-1.39205
-1.34656
-1.29986
-1.25203
-1.20311
-1.1531
-1.10206
-1.05003
-0.997046
-0.943131
-0.888343
-0.832716
-0.776291
-0.71911
-0.661209
-0.602625
-0.543399
-0.483572
-0.423183
-0.362275
-0.300887
-0.23906
-0.176833
-0.114246
-0.0513411
0.0118468
0.075274
0.138899
0.202683
0.266588
0.330573
0.394597
0.458623
0.522611
0.586523
0.650316
0.713954
0.7774
0.840612
0.903556
0.966188
1.02848
1.09038
1.15187
1.21289
1.27343
1.33343
1.39288
1.45172
1.50993
1.56748
1.62433
1.68044
1.7358
1.79035
1.84408
1.89696
1.94894
2.00001
2.05013
2.09928
2.14742
2.19453
2.24058
2.28555
2.32941
2.37214
2.41371
2.4541
2.49329
2.53127
2.56801
2.60348
2.63768
2.67058
2.70216
2.73241
2.76132
2.78888
2.81505
2.83984
2.86322
2.8852
2.90575
2.92488
2.94258
2.95884
2.97364
2.98698
2.99886
-1.88256
-1.84912
-1.81411
-1.77753
-1.7394
-1.69977
-1.65867
-1.61615
-1.57224
-1.52697
-1.4804
-1.43256
-1.38349
-1.33321
-1.28179
-1.22925
-1.17563
-1.12099
-1.06534
-1.00874
-0.951229
-0.892847
-0.833636
-0.773634
-0.71289
-0.651438
-0.589321
-0.526582
-0.463265
-0.399409
-0.335053
-0.270244
-0.205027
-0.139438
-0.0735168
-0.00731272
0.0591376
0.125791
0.192605
0.259539
0.32655
0.393601
0.460649
0.527648
0.594558
0.661347
0.727966
0.794378
0.860541
0.926417
0.991966
1.05715
1.12192
1.18626
1.25011
1.31344
1.37621
1.43839
1.49994
1.56083
1.62101
1.68046
1.73914
1.79702
1.85407
1.91024
1.96552
2.01986
2.07323
2.12562
2.17698
2.22728
2.2765
2.3246
2.37158
2.41739
2.46201
2.50542
2.5476
2.58851
2.62815
2.66649
2.70351
2.73918
2.77349
2.80643
2.83797
2.8681
2.8968
2.92406
2.94987
2.97422
2.99708
3.01846
3.03834
3.05671
3.07357
3.08892
3.10273
3.11501
-1.99703
-1.96175
-1.92481
-1.88622
-1.84603
-1.80426
-1.76097
-1.71619
-1.66996
-1.62233
-1.57333
-1.52301
-1.47141
-1.41856
-1.3645
-1.30929
-1.25296
-1.19556
-1.13713
-1.0777
-1.01732
-0.956047
-0.893905
-0.830947
-0.767215
-0.702755
-0.637607
-0.571815
-0.505423
-0.438475
-0.371012
-0.303079
-0.234726
-0.165991
-0.096918
-0.0275496
0.0420665
0.11189
0.181877
0.251981
0.322161
0.392376
0.46258
0.532733
0.602787
0.672704
0.74244
0.811956
0.881205
0.950147
1.01874
1.08695
1.15473
1.22204
1.28884
1.35509
1.42076
1.4858
1.55018
1.61386
1.67681
1.73898
1.80034
1.86086
1.9205
1.97924
2.03702
2.09382
2.14961
2.20435
2.25802
2.31058
2.362
2.41226
2.46133
2.50917
2.55578
2.60111
2.64514
2.68786
2.72923
2.76924
2.80786
2.84508
2.88087
2.91521
2.94809
2.97949
3.0094
3.0378
3.06467
3.09001
3.1138
3.13602
3.15668
3.17575
3.19324
3.20915
3.22345
3.23615
-2.1176
-2.08034
-2.04133
-2.00061
-1.95821
-1.91419
-1.86857
-1.8214
-1.77272
-1.72258
-1.67102
-1.61807
-1.5638
-1.50823
-1.45141
-1.39339
-1.3342
-1.2739
-1.21253
-1.15013
-1.08675
-1.02243
-0.957217
-0.891153
-0.82429
-0.756672
-0.688343
-0.619349
-0.549733
-0.479546
-0.408831
-0.337626
-0.265985
-0.193956
-0.121578
-0.0489005
0.024029
0.0971691
0.170474
0.243899
0.317396
0.390918
0.464426
0.537873
0.611216
0.684405
0.757402
0.830159
0.902635
0.974786
1.04657
1.11794
1.18886
1.25928
1.32917
1.39847
1.46717
1.5352
1.60254
1.66914
1.73497
1.79999
1.86415
1.92743
1.98979
2.05118
2.11159
2.17096
2.22927
2.28648
2.34256
2.39747
2.4512
2.5037
2.55496
2.60493
2.6536
2.70093
2.74691
2.7915
2.83468
2.87643
2.91674
2.95556
2.99289
3.0287
3.06298
3.0957
3.12686
3.15645
3.18443
3.2108
3.23554
3.25865
3.28011
3.29992
3.31807
3.33455
3.34936
3.36248
-2.24451
-2.20514
-2.16393
-2.12094
-2.07621
-2.02977
-1.98169
-1.93199
-1.88072
-1.82792
-1.77365
-1.71794
-1.66084
-1.60241
-1.54267
-1.48169
-1.4195
-1.35616
-1.2917
-1.22617
-1.15963
-1.09211
-1.02368
-0.954363
-0.884216
-0.813288
-0.741619
-0.669269
-0.59628
-0.522696
-0.448566
-0.37394
-0.298864
-0.223385
-0.14755
-0.0714074
0.00499211
0.0816005
0.158377
0.235272
0.312237
0.389222
0.466186
0.54308
0.619858
0.69647
0.772874
0.849023
0.924873
1.00037
1.07549
1.15016
1.22436
1.29804
1.37115
1.44366
1.51551
1.58667
1.6571
1.72676
1.7956
1.86359
1.93068
1.99684
2.06203
2.12622
2.18936
2.25141
2.31235
2.37213
2.43073
2.48812
2.54425
2.59909
2.65263
2.70482
2.75565
2.80507
2.85307
2.89962
2.9447
2.98827
3.03032
3.07082
3.10975
3.14709
3.18283
3.21694
3.24941
3.28022
3.30935
3.33679
3.36253
3.38656
3.40886
3.42943
3.44826
3.46534
3.48066
3.49423
-2.37806
-2.33642
-2.29288
-2.24748
-2.20025
-2.15126
-2.10055
-2.04817
-1.99415
-1.93855
-1.88141
-1.82279
-1.76273
-1.70126
-1.63846
-1.57436
-1.50901
-1.44246
-1.37476
-1.30596
-1.2361
-1.16523
-1.09341
-1.02068
-0.947092
-0.872693
-0.797536
-0.721666
-0.645137
-0.568
-0.4903
-0.412089
-0.333414
-0.254329
-0.174876
-0.0951107
-0.0150837
0.0651591
0.145564
0.226087
0.306677
0.387286
0.46786
0.548359
0.628726
0.708915
0.788881
0.868577
0.947952
1.02696
1.10555
1.18369
1.26131
1.3384
1.41488
1.49072
1.56588
1.64031
1.71397
1.78681
1.8588
1.92989
2.00004
2.06921
2.13737
2.20446
2.27046
2.33531
2.399
2.46147
2.52271
2.58266
2.6413
2.6986
2.75452
2.80903
2.86211
2.91372
2.96383
3.01242
3.05947
3.10494
3.14881
3.19106
3.23167
3.2706
3.30786
3.34341
3.37724
3.40932
3.43965
3.46821
3.49499
3.51997
3.54315
3.56451
3.58404
3.60174
3.6176
3.63161
-2.51853
-2.47447
-2.42843
-2.38046
-2.33059
-2.27889
-2.2254
-2.17017
-2.11325
-2.05468
-1.99453
-1.93282
-1.86963
-1.80499
-1.73895
-1.67157
-1.6029
-1.53298
-1.46188
-1.38963
-1.31629
-1.24191
-1.16654
-1.09023
-1.01303
-0.934995
-0.856179
-0.77663
-0.696401
-0.615538
-0.5341
-0.452136
-0.3697
-0.286836
-0.203603
-0.120049
-0.0362286
0.0478087
0.132012
0.216328
0.300708
0.385099
0.469453
0.553712
0.637835
0.721763
0.805454
0.88885
0.971907
1.05458
1.13681
1.21856
1.29977
1.3804
1.46041
1.53974
1.61835
1.69619
1.77323
1.8494
1.92468
1.99901
2.07236
2.14467
2.21591
2.28605
2.35502
2.42281
2.48936
2.55465
2.61863
2.68127
2.74253
2.80239
2.86079
2.91773
2.97316
3.02704
3.07937
3.13009
3.17919
3.22664
3.27242
3.31649
3.35884
3.39944
3.43828
3.47533
3.51057
3.54399
3.57557
3.60529
3.63315
3.65912
3.6832
3.70538
3.72564
3.74398
3.76039
3.77488
-2.66622
-2.61957
-2.57087
-2.52016
-2.46749
-2.4129
-2.35647
-2.29823
-2.23823
-2.17654
-2.11319
-2.04824
-1.98175
-1.91376
-1.84432
-1.77349
-1.70133
-1.62788
-1.55319
-1.47733
-1.40034
-1.32227
-1.24318
-1.16312
-1.08214
-1.0003
-0.917654
-0.83425
-0.750146
-0.665393
-0.580046
-0.494157
-0.407781
-0.320972
-0.233781
-0.146267
-0.0584822
0.0295234
0.117696
0.205979
0.294314
0.382658
0.470956
0.559153
0.647196
0.735033
0.82261
0.90988
0.996789
1.08328
1.16932
1.25484
1.3398
1.42414
1.50783
1.5908
1.67301
1.75443
1.83498
1.91464
1.99334
2.07106
2.14774
2.22334
2.29781
2.37112
2.44321
2.51405
2.5836
2.65183
2.71868
2.78412
2.84812
2.91064
2.97165
3.03111
3.08899
3.14526
3.19988
3.25283
3.30408
3.35359
3.40135
3.44733
3.4915
3.53383
3.57432
3.61293
3.64964
3.68445
3.71733
3.74827
3.77724
3.80425
3.82927
3.85229
3.87331
3.89231
3.9093
3.92426
-2.8214
-2.77199
-2.72046
-2.66684
-2.61119
-2.55356
-2.494
-2.43257
-2.36933
-2.30433
-2.23761
-2.16924
-2.09928
-2.02776
-1.95475
-1.8803
-1.80447
-1.7273
-1.64886
-1.56921
-1.48839
-1.40645
-1.32347
-1.23948
-1.15455
-1.06872
-0.982064
-0.894628
-0.80647
-0.717647
-0.62821
-0.538217
-0.447726
-0.356789
-0.265467
-0.173814
-0.0818796
0.0102702
0.102584
0.195006
0.287485
0.37996
0.472376
0.564681
0.656819
0.74874
0.840383
0.931695
1.02262
1.11312
1.20312
1.29258
1.38145
1.46968
1.5572
1.64398
1.72996
1.81509
1.89933
1.98262
2.06491
2.14616
2.22632
2.30535
2.38319
2.45981
2.53516
2.60919
2.68187
2.75316
2.82301
2.89138
2.95824
3.02354
3.08726
3.14936
3.2098
3.26855
3.32558
3.38085
3.43433
3.486
3.53583
3.58379
3.62986
3.674
3.7162
3.75644
3.7947
3.83095
3.86518
3.89738
3.92752
3.95559
3.98158
4.00549
4.02729
4.04698
4.06456
4.08001
-2.98436
-2.93203
-2.87748
-2.82077
-2.76196
-2.70109
-2.63824
-2.57345
-2.50678
-2.43828
-2.36802
-2.29605
-2.22242
-2.14719
-2.07043
-1.99217
-1.91249
-1.83143
-1.74905
-1.66542
-1.58058
-1.4946
-1.40753
-1.31943
-1.23036
-1.14037
-1.04952
-0.957862
-0.865463
-0.772382
-0.678675
-0.584391
-0.489604
-0.394356
-0.298711
-0.202735
-0.106476
-0.0099927
0.0866534
0.183403
0.280199
0.376988
0.473709
0.570307
0.666724
0.762906
0.858792
0.954326
1.04945
1.14412
1.23828
1.33185
1.42481
1.51708
1.60861
1.69937
1.78928
1.8783
1.96637
2.05346
2.13949
2.22443
2.30823
2.39084
2.4722
2.55227
2.63102
2.70839
2.78433
2.85882
2.93179
3.00322
3.07307
3.14128
3.20784
3.27269
3.3358
3.39714
3.45667
3.51436
3.57018
3.6241
3.67609
3.72612
3.77416
3.82019
3.86418
3.90611
3.94597
3.98373
4.01937
4.05287
4.08422
4.11341
4.14041
4.16523
4.18784
4.20825
4.22643
4.24239
-3.15542
-3.09997
-3.04221
-2.98223
-2.92006
-2.85578
-2.78944
-2.7211
-2.65081
-2.57863
-2.50463
-2.42886
-2.35138
-2.27226
-2.19154
-2.10929
-2.02557
-1.94043
-1.85393
-1.76612
-1.67708
-1.58686
-1.49552
-1.40312
-1.30971
-1.21536
-1.12012
-1.02406
-0.92723
-0.829698
-0.73152
-0.632766
-0.533478
-0.43373
-0.333575
-0.233085
-0.132305
-0.031303
0.0698645
0.171131
0.272441
0.373738
0.474952
0.57603
0.676916
0.777544
0.877859
0.977805
1.07732
1.17634
1.27482
1.3727
1.46991
1.56641
1.66214
1.75704
1.85106
1.94413
2.03622
2.12726
2.2172
2.30599
2.39359
2.47993
2.56497
2.64866
2.73095
2.8118
2.89116
2.96897
3.04522
3.11984
3.1928
3.26405
3.33356
3.40129
3.46719
3.53123
3.59338
3.6536
3.71185
3.76812
3.82235
3.87454
3.92464
3.97263
4.01849
4.06219
4.10372
4.14304
4.18014
4.21501
4.24763
4.27797
4.30602
4.33178
4.35524
4.37638
4.39519
4.41168
-3.33486
-3.27609
-3.21493
-3.15148
-3.08577
-3.01787
-2.94784
-2.87575
-2.80165
-2.7256
-2.64767
-2.56791
-2.48639
-2.40316
-2.3183
-2.23186
-2.14389
-2.05447
-1.96365
-1.87148
-1.77804
-1.68337
-1.58757
-1.49067
-1.39272
-1.29382
-1.19399
-1.09333
-0.99187
-0.88969
-0.786854
-0.683412
-0.579434
-0.474987
-0.370126
-0.264915
-0.15942
-0.0536984
0.0521849
0.158168
0.264188
0.370188
0.476097
0.581857
0.6874
0.792672
0.897613
1.00216
1.10624
1.20982
1.31282
1.41518
1.51684
1.61775
1.71785
1.81708
1.91538
2.01269
2.10897
2.20414
2.29816
2.39098
2.48253
2.57277
2.66165
2.74911
2.8351
2.91958
3.0025
3.08381
3.16347
3.24142
3.31763
3.39205
3.46464
3.53536
3.60418
3.67104
3.73592
3.79878
3.85957
3.91828
3.97486
4.02929
4.08155
4.13159
4.17939
4.22494
4.2682
4.30916
4.34778
4.38407
4.41799
4.44953
4.47868
4.50543
4.52975
4.55165
4.57112
4.58814
-3.52298
-3.46069
-3.39593
-3.3288
-3.25934
-3.18763
-3.11371
-3.03767
-2.95955
-2.87943
-2.79736
-2.71341
-2.62764
-2.54012
-2.4509
-2.36006
-2.26766
-2.17375
-2.07839
-1.98166
-1.88362
-1.78432
-1.68383
-1.58222
-1.47954
-1.37587
-1.27126
-1.16578
-1.0595
-0.952463
-0.844754
-0.736431
-0.627559
-0.518197
-0.408422
-0.29829
-0.187867
-0.0772219
0.0335841
0.144488
0.255424
0.366325
0.47713
0.58777
0.698182
0.808299
0.918062
1.02741
1.13628
1.24459
1.35231
1.45934
1.56565
1.67117
1.77583
1.87958
1.98235
2.08408
2.18472
2.28421
2.38249
2.4795
2.57519
2.6695
2.76239
2.85378
2.94364
3.03192
3.11856
3.20351
3.28672
3.36815
3.44776
3.52549
3.6013
3.67515
3.747
3.81681
3.88453
3.95013
4.01358
4.07484
4.13387
4.19065
4.24514
4.29732
4.34715
4.39462
4.43969
4.48234
4.52256
4.56031
4.5956
4.62839
4.65867
4.68643
4.71166
4.73435
4.75449
4.77206
-3.72008
-3.65405
-3.58548
-3.51446
-3.44105
-3.3653
-3.28729
-3.20709
-3.12475
-3.04034
-2.95393
-2.86558
-2.77536
-2.68333
-2.58956
-2.49411
-2.39705
-2.29844
-2.19835
-2.09685
-1.99399
-1.88984
-1.78446
-1.67793
-1.57031
-1.46166
-1.35205
-1.24155
-1.13022
-1.01812
-0.905327
-0.79191
-0.677929
-0.56345
-0.448543
-0.33328
-0.217716
-0.101932
0.0140073
0.130046
0.246108
0.362127
0.47804
0.59377
0.709259
0.824434
0.939228
1.05359
1.16743
1.2807
1.39333
1.50525
1.61641
1.72673
1.83615
1.94461
2.05204
2.15838
2.26359
2.36758
2.4703
2.5717
2.67171
2.77027
2.86734
2.96284
3.05674
3.14897
3.23949
3.32824
3.41517
3.50023
3.58338
3.66456
3.74373
3.82085
3.89587
3.96875
4.03944
4.10792
4.17413
4.23805
4.29963
4.35886
4.41569
4.47009
4.52203
4.5715
4.61846
4.66288
4.70475
4.74404
4.78074
4.81482
4.84628
4.8751
4.90127
4.92477
4.9456
4.96375
-3.92646
-3.85648
-3.78387
-3.70874
-3.63115
-3.55116
-3.46884
-3.38426
-3.29749
-3.20858
-3.11762
-3.02465
-2.92976
-2.83301
-2.73447
-2.6342
-2.53228
-2.42876
-2.32372
-2.21722
-2.10933
-2.00011
-1.88963
-1.77797
-1.66518
-1.55133
-1.4365
-1.32076
-1.20416
-1.08678
-0.96869
-0.849955
-0.730642
-0.610824
-0.490572
-0.369953
-0.249034
-0.127887
-0.0065868
0.114804
0.236211
0.357566
0.478798
0.599844
0.720627
0.841077
0.961121
1.0807
1.19975
1.31818
1.43595
1.55296
1.66917
1.7845
1.89888
2.01226
2.12456
2.23573
2.34568
2.45437
2.56173
2.6677
2.77221
2.87521
2.97664
3.07644
3.17455
3.27092
3.36549
3.4582
3.54901
3.63786
3.72471
3.80949
3.89217
3.9727
4.05102
4.12711
4.2009
4.27237
4.34147
4.40816
4.47241
4.53418
4.59345
4.65017
4.70432
4.75587
4.80478
4.85105
4.89464
4.93553
4.9737
5.00914
5.04182
5.07173
5.09887
5.12321
5.14475
5.16349
-4.14244
-4.06823
-3.99136
-3.91192
-3.82993
-3.74547
-3.65863
-3.56945
-3.47802
-3.3844
-3.28866
-3.19086
-3.09109
-2.98939
-2.88586
-2.78055
-2.67355
-2.5649
-2.45468
-2.34296
-2.22981
-2.1153
-1.9995
-1.88248
-1.76431
-1.64504
-1.52476
-1.40355
-1.28147
-1.15858
-1.03495
-0.91067
-0.785799
-0.660415
-0.534587
-0.408384
-0.281877
-0.155147
-0.0282622
0.0987119
0.225692
0.352612
0.479397
0.605974
0.732279
0.858223
0.983749
1.10878
1.23323
1.35706
1.48017
1.60251
1.72399
1.84454
1.96411
2.08261
2.2
2.31618
2.4311
2.54469
2.65689
2.76763
2.87685
2.98448
3.09047
3.19474
3.29725
3.39793
3.49673
3.59358
3.68844
3.78125
3.87195
3.9605
4.04684
4.13092
4.21269
4.29212
4.36915
4.44374
4.51585
4.58544
4.65247
4.7169
4.77871
4.83785
4.89429
4.94801
4.99898
5.04716
5.09254
5.13509
5.17479
5.21163
5.24558
5.27663
5.30477
5.32999
5.35227
5.37161
-4.36829
-4.28967
-4.2083
-4.12429
-4.03767
-3.94852
-3.85691
-3.76291
-3.66659
-3.56804
-3.46729
-3.36444
-3.25955
-3.1527
-3.04395
-2.93338
-2.82105
-2.70706
-2.59144
-2.47428
-2.35564
-2.23561
-2.11425
-1.99164
-1.86785
-1.74294
-1.61699
-1.49007
-1.36226
-1.23363
-1.10425
-0.974185
-0.843518
-0.71233
-0.580684
-0.448662
-0.316339
-0.183787
-0.0510804
0.081708
0.214499
0.347219
0.479792
0.612144
0.744194
0.875877
1.0071
1.13782
1.26793
1.39736
1.52606
1.65393
1.78091
1.90692
2.03189
2.15575
2.27843
2.39985
2.51995
2.63866
2.75591
2.87163
2.98576
3.09822
3.20896
3.31791
3.42501
3.53019
3.63341
3.73458
3.83366
3.9306
4.02533
4.1178
4.20795
4.29575
4.38113
4.46404
4.54445
4.6223
4.69755
4.77016
4.84009
4.90729
4.97175
5.03342
5.09225
5.14823
5.20133
5.25151
5.29875
5.34303
5.38433
5.42262
5.45789
5.49012
5.5193
5.54542
5.56846
5.58842
-4.60434
-4.52105
-4.43495
-4.34613
-4.25465
-4.16057
-4.06395
-3.9649
-3.86347
-3.75973
-3.65376
-3.54563
-3.4354
-3.32316
-3.20897
-3.09289
-2.97504
-2.85544
-2.73419
-2.61136
-2.48702
-2.36123
-2.23409
-2.10565
-1.976
-1.8452
-1.71333
-1.58047
-1.4467
-1.31208
-1.1767
-1.04061
-0.903915
-0.766675
-0.628975
-0.490895
-0.35251
-0.213885
-0.0751103
0.0637401
0.202585
0.341346
0.479952
0.618318
0.756362
0.894015
1.0312
1.16782
1.30383
1.43912
1.57364
1.70728
1.83999
1.97168
2.1023
2.23174
2.35994
2.48683
2.61234
2.73639
2.85891
2.97982
3.09907
3.21658
3.33228
3.44611
3.558
3.66788
3.7757
3.88139
3.98488
4.08612
4.18506
4.28162
4.37576
4.46743
4.55657
4.64312
4.72705
4.8083
4.88683
4.96259
5.03555
5.10566
5.17287
5.23716
5.29849
5.35683
5.41214
5.4644
5.51358
5.55967
5.60262
5.64243
5.67907
5.71253
5.74279
5.76984
5.79366
5.81426
-4.85089
-4.76269
-4.67161
-4.57774
-4.48115
-4.38189
-4.28005
-4.1757
-4.06892
-3.95977
-3.84832
-3.73467
-3.61888
-3.501
-3.38114
-3.25934
-3.1357
-3.01029
-2.88318
-2.75443
-2.62413
-2.49235
-2.35918
-2.22469
-2.08893
-1.952
-1.81397
-1.67492
-1.53494
-1.39409
-1.25245
-1.1101
-0.967113
-0.823575
-0.679568
-0.535177
-0.390473
-0.245535
-0.100443
0.0447186
0.189877
0.33494
0.479827
0.624458
0.768747
0.912626
1.05601
1.19881
1.34094
1.48234
1.62292
1.76259
1.90128
2.0389
2.17539
2.31066
2.44463
2.57722
2.70837
2.83798
2.966
3.09234
3.21693
3.3397
3.46059
3.5795
3.69639
3.81117
3.9238
4.03419
4.14229
4.24803
4.35135
4.45219
4.5505
4.64621
4.73927
4.82963
4.91723
5.00203
5.08397
5.16303
5.23914
5.31226
5.38236
5.44939
5.51332
5.57412
5.63174
5.68617
5.73738
5.78533
5.83001
5.87139
5.90945
5.94418
5.97556
6.00357
6.02821
6.04947
-5.10826
-5.01489
-4.91857
-4.81941
-4.71746
-4.61279
-4.50548
-4.39559
-4.28322
-4.16842
-4.05127
-3.93184
-3.81024
-3.6865
-3.56071
-3.43295
-3.30329
-3.17182
-3.0386
-2.9037
-2.76721
-2.6292
-2.48975
-2.34894
-2.20685
-2.06354
-1.91909
-1.7736
-1.62715
-1.47981
-1.33167
-1.18279
-1.03327
-0.883179
-0.732604
-0.581633
-0.430349
-0.27883
-0.127158
0.0245753
0.176292
0.327911
0.479347
0.630513
0.781317
0.93168
1.08152
1.23075
1.37928
1.52705
1.67394
1.81989
1.96481
2.10862
2.25124
2.39258
2.53256
2.6711
2.80813
2.94355
3.0773
3.2093
3.33947
3.46774
3.59402
3.71826
3.84036
3.96026
4.0779
4.19321
4.30611
4.41655
4.52445
4.62975
4.7324
4.83233
4.92949
5.02381
5.11525
5.20375
5.28926
5.37174
5.45114
5.52741
5.60052
5.67041
5.73706
5.80042
5.86045
5.91715
5.97046
6.02036
6.06683
6.10985
6.14939
6.18543
6.21797
6.24698
6.27247
6.2944
-5.37675
-5.27795
-5.17615
-5.07144
-4.96389
-4.85356
-4.74052
-4.62485
-4.50663
-4.38594
-4.26285
-4.13742
-4.00975
-3.8799
-3.74795
-3.61398
-3.47807
-3.34028
-3.20071
-3.05941
-2.91647
-2.77198
-2.626
-2.47863
-2.32993
-2.17999
-2.02889
-1.87671
-1.72352
-1.56944
-1.41452
-1.25886
-1.10253
-0.945625
-0.788208
-0.630395
-0.472266
-0.313897
-0.155376
0.00320396
0.161764
0.320207
0.478453
0.636421
0.794009
0.951128
1.1077
1.26363
1.41883
1.57322
1.72671
1.8792
2.03062
2.18088
2.32989
2.47757
2.62381
2.76856
2.91172
3.0532
3.19294
3.33085
3.46684
3.60083
3.73275
3.86253
3.99008
4.11533
4.2382
4.35864
4.47656
4.59189
4.70457
4.81453
4.92171
5.02604
5.12748
5.22594
5.32139
5.41375
5.50299
5.58905
5.67188
5.75144
5.82767
5.90055
5.97002
6.03605
6.09861
6.15765
6.21315
6.26509
6.31343
6.35814
6.39922
6.43663
6.47037
6.50042
6.52677
6.5494
-5.65667
-5.55219
-5.44465
-5.33414
-5.22072
-5.10448
-4.98547
-4.86377
-4.73947
-4.61264
-4.48334
-4.35168
-4.21769
-4.08149
-3.94314
-3.8027
-3.66028
-3.51594
-3.36976
-3.22181
-3.07217
-2.92093
-2.76817
-2.61398
-2.45843
-2.30159
-2.14357
-1.98443
-1.82426
-1.66315
-1.5012
-1.33846
-1.17506
-1.01106
-0.846541
-0.681606
-0.516352
-0.350854
-0.185216
-0.0195046
0.146168
0.311727
0.477074
0.642117
0.80677
0.970931
1.13451
1.29742
1.45957
1.62087
1.78122
1.94054
2.09874
2.25572
2.41139
2.56566
2.71845
2.86967
3.01923
3.16704
3.31302
3.45709
3.59914
3.73912
3.87692
4.01249
4.14572
4.27654
4.40488
4.53067
4.65382
4.77427
4.89194
5.00676
5.11867
5.2276
5.33349
5.43628
5.53591
5.63231
5.72544
5.81523
5.90165
5.98464
6.06415
6.14013
6.21255
6.28136
6.34654
6.40803
6.46582
6.51987
6.57015
6.61664
6.65931
6.69815
6.73313
6.76425
6.79149
6.81484
-5.94833
-5.8379
-5.72435
-5.6078
-5.48828
-5.36587
-5.24063
-5.11266
-4.98202
-4.8488
-4.71307
-4.57489
-4.43437
-4.29155
-4.14654
-3.99938
-3.85019
-3.69905
-3.54602
-3.39116
-3.23457
-3.07632
-2.91652
-2.75524
-2.59258
-2.42858
-2.26335
-2.09697
-1.92954
-1.76116
-1.59189
-1.42182
-1.25105
-1.07967
-0.90776
-0.735437
-0.562779
-0.389863
-0.216796
-0.0436775
0.129413
0.30237
0.475113
0.647526
0.819524
0.991014
1.16189
1.33209
1.50147
1.66997
1.83748
2.00391
2.16916
2.33316
2.49577
2.65694
2.81654
2.97451
3.13075
3.28515
3.43765
3.58814
3.73653
3.88274
4.02669
4.16828
4.30745
4.44409
4.57813
4.70951
4.83813
4.9639
5.08678
5.20669
5.32354
5.43727
5.54782
5.65512
5.75911
5.85973
5.95691
6.0506
6.14076
6.22732
6.31024
6.38948
6.46497
6.53669
6.60459
6.66865
6.72881
6.78506
6.83736
6.88569
6.93002
6.97034
7.00661
7.03884
7.06701
7.0911
-6.25204
-6.13541
-6.0156
-5.89274
-5.76686
-5.63804
-5.50633
-5.37183
-5.23461
-5.09474
-4.95232
-4.8074
-4.66006
-4.51039
-4.35846
-4.20434
-4.04814
-3.88991
-3.72976
-3.56773
-3.40392
-3.23843
-3.07132
-2.90268
-2.7326
-2.56118
-2.38848
-2.2146
-2.03964
-1.86368
-1.68681
-1.50912
-1.3307
-1.15166
-0.972076
-0.792051
-0.611681
-0.43106
-0.250276
-0.069438
0.111357
0.292015
0.472437
0.652535
0.832182
1.01131
1.1898
1.36756
1.54449
1.72049
1.89546
2.06931
2.24192
2.4132
2.58307
2.75141
2.91813
3.08314
3.24634
3.40763
3.56691
3.7241
3.8791
4.03183
4.18219
4.33009
4.47543
4.61816
4.75815
4.89536
5.02967
5.16103
5.28935
5.41454
5.53655
5.65529
5.77071
5.88273
5.99127
6.09628
6.19769
6.29547
6.38952
6.47982
6.5663
6.64892
6.72762
6.80236
6.87312
6.93984
7.00248
7.06103
7.11543
7.16568
7.21174
7.25359
7.2912
7.32458
7.3537
7.37855
-6.56814
-6.44505
-6.31872
-6.18928
-6.0568
-5.9213
-5.78287
-5.6416
-5.49754
-5.35079
-5.20142
-5.04951
-4.89511
-4.73832
-4.57922
-4.4179
-4.25441
-4.08884
-3.92129
-3.75184
-3.58055
-3.40752
-3.23282
-3.05657
-2.87883
-2.69969
-2.51924
-2.33758
-2.15478
-1.97097
-1.7862
-1.6006
-1.41424
-1.22722
-1.03966
-0.851638
-0.663259
-0.474629
-0.285838
-0.0969681
0.0918542
0.280528
0.468958
0.657026
0.844652
1.03171
1.21813
1.40378
1.58857
1.77239
1.95513
2.1367
2.31699
2.49589
2.6733
2.84912
3.02327
3.19561
3.36607
3.53453
3.7009
3.8651
4.027
4.18652
4.34356
4.49803
4.64983
4.7989
4.94512
5.0884
5.22868
5.36585
5.49985
5.63058
5.75797
5.88195
6.00244
6.11937
6.23267
6.34227
6.44811
6.55013
6.64826
6.74246
6.83266
6.9188
7.00086
7.07876
7.15248
7.22198
7.28721
7.34814
7.40474
7.45698
7.50483
7.54827
7.58729
7.62185
7.65196
7.67759
-6.89694
-6.76713
-6.63403
-6.49777
-6.35841
-6.216
-6.07061
-5.9223
-5.77117
-5.61728
-5.46071
-5.30154
-5.13984
-4.97567
-4.80914
-4.64035
-4.46932
-4.29617
-4.12097
-3.9438
-3.76476
-3.58393
-3.40139
-3.21722
-3.03153
-2.84438
-2.65589
-2.46615
-2.27525
-2.08328
-1.89033
-1.6965
-1.50188
-1.30661
-1.11076
-0.914439
-0.717735
-0.52076
-0.323639
-0.126433
0.0707214
0.267734
0.464494
0.660889
0.856807
1.05215
1.24679
1.44066
1.63363
1.82559
2.01643
2.20605
2.39433
2.58118
2.76646
2.9501
3.13197
3.31197
3.49
3.66595
3.83971
4.0112
4.18029
4.34691
4.51093
4.67227
4.83083
4.98649
5.1392
5.28885
5.43534
5.57859
5.71851
5.85502
5.98804
6.11749
6.24328
6.36534
6.48361
6.598
6.70845
6.81491
6.9173
7.01555
7.10964
7.19947
7.28502
7.36623
7.44304
7.51543
7.58336
7.64678
7.70566
7.75997
7.80969
7.85479
7.89525
7.93105
7.96218
7.98862
-7.23879
-7.10198
-6.96186
-6.81855
-6.67207
-6.52248
-6.36987
-6.21429
-6.05582
-5.89455
-5.73054
-5.56386
-5.39459
-5.22282
-5.04862
-4.87206
-4.69324
-4.51225
-4.32912
-4.14397
-3.95691
-3.76799
-3.57732
-3.38496
-3.19102
-2.9956
-2.79877
-2.60064
-2.40132
-2.2009
-1.99946
-1.7971
-1.59395
-1.39009
-1.18562
-0.980664
-0.775329
-0.56971
-0.363908
-0.158036
0.0477966
0.253472
0.458897
0.663934
0.868489
1.07245
1.2757
1.47811
1.67959
1.88004
2.07931
2.27732
2.47394
2.66904
2.86254
3.05432
3.24426
3.43224
3.61817
3.80193
3.98341
4.16251
4.33912
4.51313
4.68443
4.85293
5.01853
5.18112
5.34059
5.49688
5.64986
5.79945
5.94556
6.08811
6.227
6.36216
6.49349
6.62091
6.74437
6.86377
6.97905
7.09013
7.19697
7.29946
7.39759
7.49129
7.58048
7.66511
7.74516
7.82058
7.89131
7.95733
8.01859
8.07506
8.12672
8.17355
8.2155
8.25258
8.28476
8.31203
-7.59401
-7.44997
-7.30258
-7.15194
-6.99812
-6.84111
-6.68103
-6.51792
-6.35189
-6.183
-6.01129
-5.83686
-5.65978
-5.48013
-5.29798
-5.11343
-4.92656
-4.73742
-4.54612
-4.35273
-4.15734
-3.96005
-3.76096
-3.56014
-3.35768
-3.15366
-2.9482
-2.7414
-2.53335
-2.32416
-2.11392
-1.90272
-1.69069
-1.47792
-1.26454
-1.05062
-0.836283
-0.621668
-0.40687
-0.191986
0.0228603
0.237544
0.451985
0.666028
0.879554
1.09247
1.30465
1.51598
1.72635
1.93563
2.14369
2.35043
2.55573
2.75948
2.96153
3.16179
3.36012
3.55644
3.75062
3.94252
4.13206
4.31911
4.50354
4.68527
4.86418
5.04017
5.2131
5.3829
5.54946
5.71267
5.87243
6.02865
6.18123
6.33008
6.47511
6.61622
6.75333
6.88637
7.01523
7.13988
7.26019
7.37611
7.48758
7.59452
7.69687
7.79458
7.88758
7.97581
8.05923
8.13779
8.21145
8.28017
8.34391
8.40263
8.45632
8.50493
8.54844
8.58684
8.62012
8.64825
-7.96296
-7.81145
-7.65655
-7.49836
-7.33692
-7.17228
-7.00448
-6.83362
-6.65976
-6.48299
-6.30334
-6.12091
-5.93577
-5.748
-5.55766
-5.36483
-5.16963
-4.97211
-4.77236
-4.57045
-4.36647
-4.16053
-3.95273
-3.74314
-3.53185
-3.31894
-3.10455
-2.88876
-2.67168
-2.45341
-2.23403
-2.01366
-1.79242
-1.5704
-1.34775
-1.12455
-0.900907
-0.676939
-0.452783
-0.228532
-0.00432601
0.219729
0.443524
0.666933
0.889823
1.11205
1.33355
1.55414
1.77375
1.99222
2.20946
2.4253
2.63966
2.85238
3.06337
3.27246
3.47957
3.68458
3.88734
4.08776
4.28569
4.48103
4.67364
4.86344
5.05029
5.23407
5.41468
5.59202
5.76595
5.93641
6.10326
6.26639
6.42572
6.58116
6.73259
6.87994
7.02309
7.16198
7.29652
7.42661
7.55218
7.67316
7.78947
7.90105
8.00781
8.10972
8.20669
8.29867
8.3856
8.46745
8.54417
8.61571
8.68203
8.74309
8.79888
8.84935
8.89449
8.93426
8.96866
8.99768
-8.346
-8.18678
-8.02412
-7.85816
-7.68889
-7.51636
-7.34062
-7.16177
-6.97985
-6.79496
-6.60712
-6.41643
-6.22298
-6.02683
-5.82805
-5.6267
-5.4229
-5.21673
-5.00824
-4.79753
-4.58472
-4.36984
-4.15301
-3.93436
-3.71393
-3.49185
-3.26821
-3.04311
-2.81668
-2.58899
-2.36015
-2.13029
-1.8995
-1.6679
-1.43562
-1.20276
-0.96945
-0.735801
-0.501933
-0.267953
-0.0339972
0.199791
0.433311
0.666451
0.899057
1.13101
1.36218
1.59245
1.82167
2.04973
2.27648
2.50182
2.7256
2.9477
3.16799
3.38631
3.60257
3.81664
4.02837
4.23764
4.44433
4.64832
4.84947
5.04768
5.24282
5.43478
5.6234
5.80859
5.99026
6.16826
6.34251
6.51288
6.67926
6.84157
6.99971
7.15354
7.30302
7.44802
7.58848
7.72428
7.85534
7.9816
8.10298
8.21939
8.33076
8.43704
8.53816
8.63405
8.72467
8.80994
8.88985
8.96433
9.03334
9.09685
9.15482
9.20723
9.25404
9.29524
9.33082
9.36075
-8.74351
-8.57635
-8.40574
-8.23176
-8.05443
-7.87379
-7.68988
-7.5028
-7.3126
-7.11934
-6.92309
-6.72391
-6.52189
-6.3171
-6.10962
-5.8995
-5.68684
-5.47173
-5.25424
-5.03447
-4.81249
-4.58839
-4.36227
-4.13423
-3.90439
-3.6728
-3.43961
-3.20489
-2.96875
-2.73132
-2.49269
-2.25298
-2.01231
-1.77078
-1.52851
-1.28564
-1.04229
-0.798581
-0.554622
-0.310548
-0.0664639
0.177455
0.421105
0.664345
0.90707
1.14911
1.39035
1.63068
1.86991
2.10794
2.34465
2.57986
2.81346
3.04534
3.27531
3.50325
3.72906
3.95256
4.17366
4.39218
4.60802
4.82104
5.03112
5.2381
5.44188
5.64235
5.83935
6.03277
6.22248
6.40839
6.59036
6.76828
6.94204
7.11153
7.27666
7.43731
7.59338
7.74478
7.8914
8.03316
8.16997
8.30174
8.42841
8.54988
8.66607
8.77692
8.88238
8.98236
9.07681
9.16566
9.24889
9.32644
9.39826
9.4643
9.52456
9.57898
9.62754
9.67023
9.70701
9.73788
-9.15589
-8.98058
-8.8018
-8.61959
-8.43398
-8.245
-8.05272
-7.85719
-7.65847
-7.45662
-7.25171
-7.04381
-6.83299
-6.61931
-6.40285
-6.18369
-5.96194
-5.73762
-5.51085
-5.28171
-5.05031
-4.81669
-4.58099
-4.34329
-4.10367
-3.86225
-3.61917
-3.37451
-3.12836
-2.88084
-2.63207
-2.38217
-2.13125
-1.87942
-1.62682
-1.37357
-1.11983
-0.865642
-0.611204
-0.356639
-0.10207
0.152394
0.406558
0.66032
0.913561
1.16612
1.41783
1.66861
1.91829
2.16671
2.41377
2.65928
2.90314
3.14518
3.38524
3.62323
3.85899
4.09235
4.32319
4.55139
4.77676
4.9992
5.21858
5.43476
5.64757
5.85691
6.06265
6.26466
6.46279
6.65693
6.84697
7.03279
7.21426
7.39127
7.56369
7.73146
7.89442
8.0525
8.20558
8.35358
8.49638
8.63392
8.7661
8.89286
9.01408
9.12971
9.2397
9.34395
9.4424
9.535
9.62169
9.70244
9.77719
9.84589
9.90852
9.96503
10.0154
10.0596
10.0977
10.1295
-9.58353
-9.39988
-9.2127
-9.0221
-8.82802
-8.63049
-8.42959
-8.22539
-8.01796
-7.80731
-7.5935
-7.37664
-7.15677
-6.93397
-6.70831
-6.47987
-6.24872
-6.01494
-5.7786
-5.53982
-5.29868
-5.05525
-4.80964
-4.562
-4.31234
-4.06077
-3.80745
-3.55249
-3.29598
-3.03802
-2.77878
-2.51831
-2.25678
-1.99428
-1.73097
-1.46695
-1.20237
-0.937382
-0.672076
-0.406619
-0.14111
0.124271
0.389375
0.654102
0.918251
1.18174
1.44437
1.70604
1.96656
2.2258
2.48365
2.73991
2.99442
3.24707
3.49767
3.74613
3.99225
4.23591
4.47692
4.71517
4.95054
5.18282
5.41191
5.63764
5.8599
6.07852
6.29339
6.50436
6.7113
6.91407
7.11253
7.30659
7.49612
7.68097
7.86104
8.03623
8.20641
8.37144
8.53127
8.68578
8.83487
8.97845
9.1164
9.24867
9.37516
9.49579
9.61049
9.71919
9.82183
9.91833
10.0086
10.0927
10.1705
10.242
10.3071
10.3658
10.4181
10.4639
10.5032
10.5361
-10.0269
-9.83472
-9.63896
-9.43973
-9.23699
-9.03073
-8.82104
-8.60798
-8.39158
-8.1719
-7.949
-7.72295
-7.4938
-7.26162
-7.0265
-6.78853
-6.54774
-6.30422
-6.05804
-5.80933
-5.55819
-5.30466
-5.04886
-4.7909
-4.53086
-4.26885
-4.00498
-3.73939
-3.47217
-3.20342
-2.93329
-2.66189
-2.38935
-2.11583
-1.84141
-1.56623
-1.29044
-1.01418
-0.737601
-0.460825
-0.184008
0.092709
0.369202
0.64529
0.920854
1.19568
1.46967
1.74265
2.0145
2.28502
2.55406
2.82148
3.08713
3.35083
3.61244
3.87178
4.12874
4.3831
4.63475
4.88352
5.12927
5.37183
5.61106
5.8468
6.0789
6.30724
6.53164
6.75197
6.9681
7.17988
7.38717
7.58986
7.78779
7.98084
8.16889
8.35183
8.52955
8.7019
8.86877
9.03009
9.18573
9.3356
9.4796
9.61763
9.74962
9.87546
9.99511
10.1085
10.2155
10.3161
10.4102
10.4977
10.5787
10.6531
10.7207
10.7817
10.8359
10.8834
10.9241
10.958
-10.4864
-10.2855
-10.0811
-9.87303
-9.66145
-9.44628
-9.2276
-9.00545
-8.77992
-8.55102
-8.31878
-8.08334
-7.84469
-7.60291
-7.35809
-7.1103
-6.8596
-6.60608
-6.34984
-6.09093
-5.82945
-5.56553
-5.29921
-5.03061
-4.75987
-4.48708
-4.21233
-3.93576
-3.65746
-3.37758
-3.09622
-2.81351
-2.52961
-2.24461
-1.95867
-1.67194
-1.38455
-1.09661
-0.808317
-0.519806
-0.231182
0.0573279
0.345607
0.633545
0.92092
1.20759
1.49338
1.77816
2.06177
2.34403
2.62477
2.90383
3.18105
3.45628
3.72935
4.00007
4.26829
4.53386
4.79659
5.05633
5.31295
5.56623
5.81604
6.06224
6.30463
6.54309
6.77746
7.00759
7.23331
7.45449
7.671
7.88268
8.08942
8.29105
8.48745
8.67849
8.86408
9.04407
9.21833
9.38675
9.54925
9.7057
9.856
10.0001
10.1378
10.2691
10.3939
10.5121
10.6237
10.7285
10.8266
10.9178
11.0021
11.0795
11.1498
11.2132
11.2694
11.3186
11.3607
11.3957
-10.9626
-10.7529
-10.5395
-10.3225
-10.1019
-9.8777
-9.64984
-9.41847
-9.18357
-8.94525
-8.70352
-8.45843
-8.21008
-7.95847
-7.70371
-7.44587
-7.18502
-6.92123
-6.6546
-6.38522
-6.11315
-5.83849
-5.56135
-5.28183
-5.00007
-4.71614
-4.43013
-4.14222
-3.85249
-3.56108
-3.26813
-2.97373
-2.67803
-2.3812
-2.08332
-1.7846
-1.4852
-1.18516
-0.884696
-0.583995
-0.283179
0.0176235
0.318198
0.618382
0.918045
1.21702
1.51513
1.81219
2.10804
2.40251
2.69543
2.98664
3.27596
3.5632
3.8482
4.13078
4.41077
4.688
4.96231
5.23353
5.50144
5.7659
6.02678
6.28391
6.53703
6.78607
7.03086
7.27119
7.50696
7.738
7.96412
8.18522
8.40115
8.61174
8.81689
9.01643
9.21023
9.39819
9.58017
9.75606
9.92572
10.089
10.246
10.3963
10.5401
10.6771
10.8073
10.9306
11.0469
11.1562
11.2584
11.3534
11.4412
11.5217
11.5948
11.6606
11.719
11.77
11.8135
11.8496
-11.4559
-11.2373
-11.0149
-10.7888
-10.5591
-10.3256
-10.0884
-9.84763
-9.60324
-9.35527
-9.10382
-8.84892
-8.59062
-8.32899
-8.06406
-7.79593
-7.52468
-7.25036
-6.97309
-6.69293
-6.40995
-6.1243
-5.83603
-5.54527
-5.25213
-4.95671
-4.65912
-4.35951
-4.05798
-3.75465
-3.44966
-3.14319
-2.83534
-2.52622
-2.216
-1.90487
-1.59292
-1.28037
-0.967322
-0.653958
-0.340425
-0.0269228
0.286396
0.599369
0.91181
1.22358
1.53446
1.84433
2.15294
2.46013
2.76574
3.06959
3.37149
3.67128
3.9687
4.26365
4.55592
4.84535
5.13172
5.41488
5.69464
5.9708
6.24321
6.51169
6.77609
7.03618
7.29185
7.54289
7.78913
8.03043
8.26665
8.4976
8.72313
8.9431
9.15737
9.36579
9.56821
9.7645
9.95456
10.1382
10.3154
10.4859
10.6497
10.8067
10.9567
11.0997
11.2355
11.3641
11.4855
11.5994
11.7059
11.8048
11.8962
11.98
12.0561
12.1245
12.1851
12.2379
12.283
12.3202
-11.967
-11.7393
-11.5078
-11.2725
-11.0335
-10.7906
-10.544
-10.2936
-10.0395
-9.78181
-9.52047
-9.25554
-8.98709
-8.71518
-8.43989
-8.16124
-7.87932
-7.59424
-7.30601
-7.01482
-6.72069
-6.42371
-6.12398
-5.82163
-5.51682
-5.20956
-4.90004
-4.58835
-4.27465
-3.95902
-3.64164
-3.32266
-3.0022
-2.68039
-2.35739
-2.03336
-1.70848
-1.38292
-1.05682
-0.73032
-0.403591
-0.0768603
0.249712
0.57598
0.90173
1.22678
1.55096
1.87408
2.19599
2.51645
2.8353
3.15231
3.46734
3.78017
4.09061
4.39845
4.70353
5.00566
5.30461
5.60025
5.89237
6.18076
6.46523
6.74561
7.02173
7.29339
7.56041
7.82261
8.07982
8.33188
8.57862
8.81988
9.05546
9.28524
9.50905
9.72676
9.93816
10.1432
10.3417
10.5335
10.7185
10.8965
11.0676
11.2314
11.388
11.5372
11.679
11.8132
11.9397
12.0585
12.1695
12.2726
12.3678
12.4549
12.5341
12.6051
12.6681
12.7228
12.7694
12.8078
-12.4964
-12.2595
-12.0188
-11.7742
-11.5258
-11.2734
-11.0172
-10.7571
-10.4933
-10.2256
-9.95418
-9.67907
-9.40027
-9.11791
-8.83199
-8.5426
-8.24979
-7.95366
-7.65429
-7.35174
-7.04612
-6.73752
-6.42606
-6.11183
-5.79494
-5.47553
-5.15367
-4.82957
-4.50328
-4.17495
-3.84476
-3.51286
-3.17936
-2.84444
-2.50821
-2.17083
-1.83254
-1.49349
-1.15382
-0.813696
-0.473295
-0.132846
0.207518
0.547578
0.887168
1.22607
1.5641
1.90106
2.23675
2.57103
2.90364
3.23439
3.56308
3.88952
4.2135
4.53483
4.8533
5.16868
5.48082
5.78946
6.09445
6.39559
6.69268
6.98549
7.27386
7.5576
7.8365
8.11036
8.37905
8.64234
8.90008
9.1521
9.3982
9.63822
9.87204
10.0994
10.3203
10.5344
10.7417
10.9421
11.1353
11.3212
11.4998
11.6709
11.8343
11.9901
12.138
12.278
12.4099
12.5338
12.6495
12.7569
12.8561
12.9468
13.0292
13.103
13.1683
13.2251
13.2733
13.313
-13.0447
-12.7987
-12.5487
-12.2947
-12.0368
-11.7748
-11.5089
-11.239
-10.9652
-10.6874
-10.4058
-10.1203
-9.83102
-9.53801
-9.24127
-8.94089
-8.63696
-8.32956
-8.01872
-7.70459
-7.3872
-7.06669
-6.74314
-6.41668
-6.0874
-5.75546
-5.42092
-5.08399
-4.74474
-4.40333
-4.05991
-3.71461
-3.36764
-3.01912
-2.6692
-2.31805
-1.96585
-1.61278
-1.25905
-0.904828
-0.550219
-0.195485
0.159145
0.513554
0.867501
1.22081
1.57325
1.92461
2.27473
2.62336
2.97033
3.31539
3.65834
3.99897
4.33708
4.67244
5.00484
5.33408
5.65991
5.98219
6.30068
6.6151
6.92533
7.23114
7.53232
7.82867
8.12002
8.4061
8.68676
8.96182
9.23106
9.49432
9.75143
10.0022
10.2464
10.484
10.7147
10.9384
11.155
11.3642
11.566
11.7602
11.9466
12.1253
12.2959
12.4585
12.6128
12.7589
12.8965
13.0257
13.1463
13.2583
13.3616
13.456
13.5417
13.6185
13.6863
13.7452
13.7951
13.836
-13.6127
-13.3574
-13.0981
-12.8347
-12.5672
-12.2956
-12.0199
-11.7401
-11.4562
-11.1682
-10.8762
-10.5802
-10.2802
-9.97636
-9.66861
-9.35704
-9.04176
-8.72283
-8.4003
-8.07428
-7.74487
-7.41214
-7.07619
-6.73715
-6.39512
-6.05027
-5.70271
-5.35253
-4.99992
-4.64503
-4.28794
-3.92886
-3.56795
-3.20533
-2.84124
-2.47583
-2.10925
-1.74169
-1.37336
-1.00441
-0.635108
-0.265592
0.103928
0.473206
0.842093
1.2104
1.57783
1.94421
2.30928
2.6729
3.03482
3.39481
3.7526
4.10803
4.46086
4.8109
5.15785
5.50151
5.84169
6.17815
6.51066
6.83904
7.16303
7.48242
7.79698
8.10651
8.4108
8.70968
9.00285
9.29021
9.57152
9.84654
10.1152
10.3771
10.6323
10.8805
11.1215
11.3552
11.5814
11.8
12.0108
12.2136
12.4083
12.5948
12.773
12.9427
13.1038
13.2562
13.3998
13.5346
13.6603
13.777
13.8846
13.983
14.0721
14.1519
14.2224
14.2834
14.3351
14.3773
-14.201
-13.9365
-13.6678
-13.395
-13.1179
-12.8366
-12.5511
-12.2612
-11.9672
-11.6689
-11.3664
-11.0597
-10.7489
-10.434
-10.115
-9.79208
-9.46521
-9.1345
-8.80002
-8.46185
-8.12008
-7.77484
-7.42618
-7.07425
-6.71915
-6.36107
-6.00006
-5.63628
-5.26988
-4.901
-4.52984
-4.15654
-3.78125
-3.40411
-3.02533
-2.64511
-2.26362
-1.88102
-1.49755
-1.11345
-0.728799
-0.343932
0.0410351
0.425858
0.810291
1.19413
1.57714
1.95911
2.33981
2.71904
3.09649
3.47202
3.84534
4.21621
4.5844
4.94969
5.31184
5.67062
6.02578
6.37703
6.72425
7.06711
7.40547
7.73906
8.0676
8.39092
8.7088
9.021
9.3273
9.62749
9.92136
10.2087
10.4894
10.7631
11.0297
11.289
11.5408
11.785
12.0213
12.2496
12.4698
12.6817
12.885
13.0798
13.2659
13.443
13.6112
13.7703
13.9201
14.0607
14.1918
14.3134
14.4255
14.528
14.6207
14.7037
14.7769
14.8402
14.8936
14.9372
-14.8103
-14.5367
-14.2587
-13.9764
-13.6898
-13.3988
-13.1033
-12.8034
-12.4991
-12.1904
-11.8773
-11.5598
-11.238
-10.9119
-10.5816
-10.2471
-9.9084
-9.56567
-9.21901
-8.86842
-8.51401
-8.15595
-7.79428
-7.42909
-7.06059
-6.68884
-6.31406
-5.93626
-5.55568
-5.17245
-4.78671
-4.39868
-4.0085
-3.61636
-3.2224
-2.82686
-2.42991
-2.03175
-1.6326
-1.23266
-0.832223
-0.431343
-0.0303236
0.370553
0.771177
1.17121
1.57046
1.96866
2.3656
2.76103
3.15475
3.54645
3.93593
4.32289
4.70713
5.08834
5.46637
5.84087
6.21165
6.57844
6.94094
7.29903
7.65239
8.00079
8.34395
8.68168
9.01375
9.3399
9.6599
9.97354
10.2806
10.5809
10.8741
11.1601
11.4386
11.7096
11.9727
12.2278
12.4747
12.7132
12.9433
13.1646
13.377
13.5804
13.7747
13.9597
14.1352
14.3013
14.4576
14.6043
14.741
14.8678
14.9846
15.0913
15.1878
15.2741
15.3501
15.4158
15.4712
15.5162
-15.4416
-15.1589
-14.8717
-14.58
-14.2838
-13.983
-13.6776
-13.3676
-13.053
-12.7338
-12.41
-12.0816
-11.7487
-11.4113
-11.0694
-10.7231
-10.3725
-10.0175
-9.65839
-9.29515
-8.92784
-8.5566
-8.1816
-7.80291
-7.42062
-7.03487
-6.64582
-6.25361
-5.8584
-5.46035
-5.05964
-4.65645
-4.25084
-3.84317
-3.43356
-3.02215
-2.6092
-2.19492
-1.77951
-1.36322
-0.946234
-0.528831
-0.111129
0.306519
0.723863
1.14074
1.55685
1.97199
2.38591
2.79826
3.20885
3.6174
4.02373
4.42751
4.82845
5.22632
5.62084
6.01179
6.3989
6.78184
7.16041
7.53433
7.90338
8.26725
8.62571
8.97852
9.32541
9.66613
10.0005
10.3282
10.649
10.9627
11.2691
11.568
11.8591
12.1422
12.4172
12.6837
12.9417
13.1909
13.4312
13.6624
13.8843
14.0968
14.2997
14.4929
14.6761
14.8495
15.0126
15.1656
15.3083
15.4405
15.5622
15.6733
15.7738
15.8636
15.9426
16.0107
16.068
16.1145
-16.0957
-15.8039
-15.5077
-15.2066
-14.9008
-14.5903
-14.2751
-13.9549
-13.63
-13.3003
-12.9657
-12.6263
-12.2822
-11.9333
-11.5797
-11.2215
-10.8586
-10.4912
-10.1194
-9.74329
-9.36282
-8.97817
-8.58946
-8.19684
-7.80038
-7.4003
-6.9967
-6.58967
-6.17938
-5.766
-5.34986
-4.93101
-4.50956
-4.08576
-3.65992
-3.23214
-2.80262
-2.37163
-1.93939
-1.50613
-1.07203
-0.637365
-0.202443
0.232637
0.667481
1.10187
1.53556
1.96828
2.39978
2.82978
3.258
3.68416
4.10801
4.52928
4.94766
5.3629
5.77472
6.18286
6.58692
6.98677
7.3821
7.77259
8.158
8.53806
8.91252
9.28107
9.64346
9.99946
10.3488
10.6912
11.0264
11.3543
11.6745
11.9868
12.2909
12.5868
12.8741
13.1527
13.4223
13.6827
13.9338
14.1753
14.4071
14.6291
14.841
15.0428
15.2341
15.4151
15.5854
15.745
15.8938
16.0317
16.1586
16.2743
16.3789
16.4723
16.5544
16.6251
16.6845
16.7325
-16.7735
-16.4729
-16.1676
-15.8573
-15.5421
-15.2219
-14.8968
-14.5666
-14.2313
-13.891
-13.5456
-13.1951
-12.8397
-12.4793
-12.1138
-11.7434
-11.3682
-10.9882
-10.6035
-10.2142
-9.82027
-9.42192
-9.01921
-8.61237
-8.20145
-7.7866
-7.36795
-6.94568
-6.5199
-6.09081
-5.65863
-5.22363
-4.78583
-4.34546
-3.90282
-3.4581
-3.01138
-2.56308
-2.11336
-1.66244
-1.21065
-0.758166
-0.305211
0.147902
0.600902
1.05352
1.50551
1.95655
2.40638
2.8547
3.30129
3.74579
4.18795
4.62747
5.06406
5.49742
5.92724
6.35325
6.77517
7.19266
7.60542
8.01327
8.41581
8.81275
9.20396
9.58895
9.96754
10.3395
10.7045
11.0623
11.4127
11.7552
12.0899
12.4162
12.7341
13.0433
13.3436
13.6347
13.9164
14.1886
14.4509
14.7033
14.9455
15.1774
15.3988
15.6095
15.8093
15.9982
16.176
16.3426
16.4979
16.6417
16.7739
16.8945
17.0035
17.1006
17.1859
17.2593
17.3208
17.3704
-17.4759
-17.1668
-16.8525
-16.5331
-16.2086
-15.8789
-15.5439
-15.2037
-14.8581
-14.5072
-14.151
-13.7894
-13.4226
-13.0505
-12.6731
-12.2904
-11.9027
-11.5098
-11.112
-10.7092
-10.3016
-9.88927
-9.47231
-9.05086
-8.6251
-8.19511
-7.76104
-7.32306
-6.88137
-6.43614
-5.98753
-5.53581
-5.08113
-4.6236
-4.16359
-3.70124
-3.23688
-2.77063
-2.30273
-1.83362
-1.36338
-0.892337
-0.420709
0.0511724
0.523078
0.994647
1.46562
1.93573
2.40465
2.87208
3.33777
3.80141
4.26265
4.72122
5.17676
5.62902
6.07768
6.52238
6.96287
7.39881
7.82989
8.25574
8.67622
9.0909
9.49948
9.90175
10.2973
10.6859
11.0674
11.4413
11.8074
12.1654
12.5151
12.8562
13.1884
13.5116
13.8254
14.1297
14.4241
14.7085
14.9827
15.2464
15.4995
15.7418
15.973
16.1931
16.4018
16.5991
16.7847
16.9586
17.1206
17.2706
17.4084
17.5341
17.6476
17.7486
17.8373
17.9135
17.9773
18.0285
-18.2041
-17.8866
-17.5636
-17.2353
-16.9016
-16.5625
-16.2178
-15.8676
-15.5117
-15.1503
-14.7832
-14.4105
-14.0322
-13.6483
-13.2589
-12.8639
-12.4635
-12.0576
-11.6464
-11.23
-10.8084
-10.3818
-9.95024
-9.51383
-9.07287
-8.62739
-8.17755
-7.72348
-7.26537
-6.80346
-6.33795
-5.869
-5.39687
-4.92167
-4.44363
-3.96317
-3.48037
-2.99555
-2.50899
-2.02089
-1.53158
-1.04128
-0.550257
-0.0588777
0.432661
0.923945
1.4147
1.90466
2.39353
2.88087
3.3665
3.85001
4.33119
4.80961
5.28498
5.75695
6.22525
6.68945
7.14932
7.60448
8.05462
8.49944
8.93858
9.37177
9.79865
10.2189
10.6322
11.0383
11.4369
11.8276
12.2102
12.5844
12.9498
13.3064
13.6536
13.9914
14.3194
14.6374
14.9452
15.2424
15.529
15.8046
16.0691
16.3222
16.5638
16.7937
17.0117
17.2177
17.4116
17.5931
17.7621
17.9185
18.0623
18.1933
18.3114
18.4166
18.5089
18.588
18.6541
18.707
-18.9592
-18.6335
-18.3022
-17.9651
-17.6224
-17.274
-16.9197
-16.5596
-16.1936
-15.8217
-15.4438
-15.0599
-14.6702
-14.2745
-13.8729
-13.4654
-13.0521
-12.6331
-12.2084
-11.7781
-11.3423
-10.9011
-10.4547
-10.003
-9.54647
-9.08514
-8.61906
-8.14842
-7.67343
-7.1944
-6.71149
-6.2248
-5.73461
-5.24117
-4.74463
-4.24536
-3.74353
-3.23942
-2.73344
-2.22573
-1.71658
-1.20626
-0.695104
-0.183484
0.328401
0.840272
1.35161
1.86217
2.37173
2.87987
3.38621
3.89053
4.39243
4.89153
5.38751
5.88014
6.36892
6.85352
7.33365
7.80892
8.27899
8.74356
9.20225
9.65477
10.1007
10.5398
10.9717
11.396
11.8125
12.2209
12.6207
13.0118
13.3938
13.7665
14.1295
14.4825
14.8254
15.1578
15.4795
15.7902
16.0897
16.3777
16.6541
16.9186
17.1711
17.4113
17.6391
17.8542
18.0566
18.2461
18.4225
18.5857
18.7357
18.8722
18.9953
19.1048
19.2007
19.2829
19.3514
19.4061
-19.7422
-19.4088
-19.0693
-18.7238
-18.3723
-18.0148
-17.6511
-17.2813
-16.9052
-16.5229
-16.1342
-15.7393
-15.338
-14.9305
-14.5167
-14.0966
-13.6704
-13.238
-12.7996
-12.3553
-11.905
-11.449
-10.9874
-10.5203
-10.0477
-9.57005
-9.0873
-8.59974
-8.10746
-7.61077
-7.10982
-6.60481
-6.09612
-5.5838
-5.06812
-4.54938
-4.02794
-3.5039
-2.97771
-2.4497
-1.91999
-1.38893
-0.856888
-0.324095
0.208992
0.742104
1.27483
1.80691
2.33798
2.86775
3.39574
3.92175
4.44528
4.96598
5.48349
5.99754
6.50769
7.01363
7.51489
8.01117
8.50209
8.98725
9.46639
9.93913
10.405
10.8638
11.3151
11.7585
12.1938
12.6206
13.0385
13.4473
13.8466
14.2361
14.6155
14.9846
15.343
15.6905
16.0267
16.3515
16.6646
16.9657
17.2546
17.531
17.7948
18.0458
18.2837
18.5084
18.7198
18.9176
19.1018
19.2721
19.4285
19.5709
19.6991
19.8131
19.9129
19.9982
20.0692
20.1258
-20.5545
-20.2137
-19.8664
-19.5127
-19.1527
-18.7863
-18.4135
-18.0341
-17.6481
-17.2555
-16.8562
-16.4502
-16.0375
-15.6181
-15.1921
-14.7593
-14.32
-13.8742
-13.4219
-12.9633
-12.4984
-12.0273
-11.5501
-11.0672
-10.5784
-10.084
-9.58421
-9.07926
-8.56918
-8.05437
-7.5349
-7.01107
-6.48313
-5.95135
-5.41594
-4.87715
-4.33528
-3.79066
-3.24357
-2.69441
-2.14347
-1.59093
-1.03713
-0.482506
0.0726676
0.627958
1.18298
1.73746
2.29101
2.84319
3.3938
3.94229
4.48839
5.03165
5.57165
6.10809
6.64059
7.1687
7.69209
8.21025
8.72289
9.22963
9.73011
10.224
10.7108
11.1901
11.6617
12.1251
12.58
13.0261
13.4629
13.8902
14.3076
14.7147
15.1114
15.4973
15.872
16.2352
16.5867
16.9263
17.2535
17.5682
17.8702
18.1591
18.4348
18.6971
18.9456
19.1804
19.4012
19.6077
19.8
19.9777
20.1409
20.2893
20.4229
20.5416
20.6454
20.7341
20.8078
20.8663
-21.3975
-21.0496
-20.6949
-20.3333
-19.9651
-19.5902
-19.2084
-18.8197
-18.424
-18.0213
-17.6114
-17.1944
-16.7703
-16.3391
-15.9008
-15.4555
-15.003
-14.5435
-14.0773
-13.6042
-13.1244
-12.6379
-12.145
-11.6458
-11.1404
-10.629
-10.1118
-9.5889
-9.06058
-8.52705
-7.98862
-7.44541
-6.89778
-6.34586
-5.78995
-5.23041
-4.6675
-4.10158
-3.53293
-2.96183
-2.38875
-1.81383
-1.23748
-0.660162
-0.0821293
0.49615
1.07438
1.65214
2.22908
2.80478
3.3788
3.95084
4.52043
5.08716
5.65068
6.21048
6.76625
7.31751
7.86393
8.40504
8.94042
9.46975
9.99253
10.5084
11.017
11.5179
12.0107
12.495
12.9704
13.4367
13.8932
14.3399
14.7762
15.2019
15.6166
16.02
16.4117
16.7915
17.159
17.5139
17.856
18.1851
18.5007
18.8027
19.0909
19.3649
19.6247
19.8699
20.1005
20.3162
20.5169
20.7025
20.8727
21.0275
21.1668
21.2904
21.3984
21.4906
21.5669
21.6275
-22.2724
-21.918
-21.5562
-21.1873
-20.8112
-20.4281
-20.0376
-19.6399
-19.2346
-18.8219
-18.4017
-17.9739
-17.5385
-17.0955
-16.6449
-16.1868
-15.7212
-15.248
-14.7676
-14.28
-13.785
-13.283
-12.774
-12.2583
-11.736
-11.2072
-10.6721
-10.1308
-9.58382
-9.03116
-8.47313
-7.90995
-7.34191
-6.76929
-6.19228
-5.61133
-5.02663
-4.43861
-3.84757
-3.25382
-2.65775
-2.05967
-1.45999
-0.858999
-0.257193
0.345094
0.94739
1.54934
2.15064
2.75072
3.34925
3.94576
4.53989
5.13108
5.71902
6.30329
6.88336
7.45885
8.02928
8.59431
9.15346
9.70633
10.2525
10.7914
11.3228
11.8461
12.3611
12.8673
13.3642
13.8515
14.3288
14.7958
15.2519
15.6969
16.1305
16.5522
16.9617
17.3588
17.7431
18.1141
18.4718
18.8158
19.1457
19.4614
19.7626
20.049
20.3205
20.5768
20.8176
21.0429
21.2525
21.4461
21.6238
21.7852
21.9304
22.0592
22.1716
22.2674
22.3467
22.4093
-23.1807
-22.8202
-22.4521
-22.076
-21.6926
-21.3015
-20.9029
-20.4963
-20.0818
-19.6594
-19.229
-18.7905
-18.3439
-17.8892
-17.4264
-16.9556
-16.4768
-15.9899
-15.4952
-14.9928
-14.4825
-13.9647
-13.4395
-12.9069
-12.3673
-11.8207
-11.2674
-10.7074
-10.1411
-9.56872
-8.99059
-8.40694
-7.8179
-7.22382
-6.62506
-6.02195
-5.41475
-4.80388
-4.18974
-3.57247
-2.95266
-2.33053
-1.70649
-1.08103
-0.454439
0.172743
0.800125
1.42729
2.05384
2.67932
3.30338
3.92544
4.54511
5.16189
5.77529
6.38497
6.99049
7.59123
8.18685
8.77682
9.36072
9.93823
10.5087
11.0717
11.6269
12.1738
12.712
13.2411
13.7605
14.2698
14.7687
15.2569
15.7337
16.199
16.6523
17.0932
17.5215
17.9366
18.3383
18.7264
19.1003
19.46
19.8049
20.1349
20.4498
20.7491
21.0328
21.3006
21.5522
21.7876
22.0064
22.2086
22.3939
22.5624
22.7137
22.8479
22.9649
23.0645
23.1468
23.2116
-24.1239
-23.7581
-23.3839
-23.0013
-22.6109
-22.2125
-21.8059
-21.3909
-20.9675
-20.5357
-20.0953
-19.6463
-19.1886
-18.7224
-18.2475
-17.764
-17.272
-16.7713
-16.2623
-15.745
-15.2193
-14.6855
-14.1437
-13.594
-13.0367
-12.472
-11.8999
-11.3208
-10.7348
-10.1422
-9.54345
-8.9386
-8.32797
-7.71186
-7.0906
-6.46466
-5.83419
-5.19969
-4.56143
-3.91992
-3.27546
-2.62842
-1.97913
-1.32813
-0.675891
-0.0228304
0.630579
1.28397
1.93688
2.58886
3.23926
3.88792
4.53426
5.1777
5.81775
6.45401
7.08593
7.71304
8.33493
8.951
9.56084
10.164
10.76
11.3482
11.9283
12.4997
13.0622
13.6152
14.158
14.6905
15.212
15.7223
16.2209
16.7073
17.1813
17.6423
18.09
18.5242
18.9442
19.35
19.741
20.117
20.4776
20.8226
21.1517
21.4647
21.7612
22.041
22.3039
22.5497
22.7783
22.9894
23.1829
23.3586
23.5164
23.6563
23.778
23.8816
23.967
24.0342
-25.1036
-24.733
-24.3535
-23.965
-23.5682
-23.1629
-22.7487
-22.3258
-21.8938
-21.4529
-21.0029
-20.5436
-20.075
-19.5974
-19.1106
-18.6145
-18.1091
-17.5948
-17.0713
-16.539
-15.9977
-15.4477
-14.8891
-14.3221
-13.7469
-13.1636
-12.5725
-11.9736
-11.3674
-10.7542
-10.1341
-9.50762
-8.87469
-8.23585
-7.59148
-6.94183
-6.28734
-5.62837
-4.96536
-4.29859
-3.62851
-2.95566
-2.2803
-1.60284
-0.923872
-0.24392
0.43662
1.11726
1.79756
2.47703
3.15521
3.83153
4.50561
5.17676
5.84455
6.50851
7.16809
7.82276
8.47198
9.11525
9.75216
10.3821
11.0047
11.6193
12.2254
12.8226
13.4104
13.9883
14.5558
15.1123
15.6576
16.1911
16.7123
17.2209
17.7165
18.1985
18.6667
19.1206
19.5599
19.9842
20.393
20.7862
21.1633
21.524
21.868
22.1951
22.5051
22.7975
23.0722
23.3291
23.5678
23.7882
23.9902
24.1735
24.3381
24.4838
24.6106
24.7184
24.8071
24.8766
-26.1216
-25.7469
-25.3627
-24.9689
-24.5663
-24.1545
-23.7334
-23.3029
-22.8629
-22.4132
-21.9538
-21.4846
-21.0055
-20.5166
-20.0179
-19.5094
-18.9909
-18.4626
-17.9248
-17.3774
-16.8204
-16.2541
-15.6784
-15.0938
-14.5003
-13.8982
-13.2876
-12.6687
-12.0417
-11.4073
-10.7655
-10.1166
-9.4607
-8.7985
-8.13024
-7.45627
-6.77695
-6.09269
-5.40398
-4.71111
-4.01461
-3.31488
-2.61229
-1.90742
-1.20077
-0.492899
0.215761
0.924922
1.63368
2.34183
3.04884
3.75404
4.4569
5.15715
5.85388
6.54667
7.23502
7.91842
8.5963
9.26798
9.93312
10.5911
11.2414
11.8835
12.5169
13.1409
13.7552
14.3591
14.9524
15.5342
16.1042
16.6619
17.2069
17.7387
18.2568
18.7609
19.2505
19.7251
20.1845
20.6281
21.0556
21.4667
21.861
22.2382
22.5979
22.9398
23.2638
23.5694
23.8566
24.1249
24.3742
24.6044
24.8153
25.0066
25.1783
25.3302
25.4622
25.5743
25.6664
25.7385
-27.1795
-26.8015
-26.4134
-26.0149
-25.6071
-25.1895
-24.762
-24.3245
-23.8769
-23.4189
-22.9505
-22.4717
-21.9823
-21.4825
-20.9722
-20.4512
-19.9197
-19.3777
-18.8255
-18.263
-17.6902
-17.1072
-16.5144
-15.9119
-15.3
-14.6786
-14.0481
-13.4087
-12.7606
-12.1044
-11.4401
-10.7682
-10.089
-9.40271
-8.7097
-8.01051
-7.30563
-6.59529
-5.87999
-5.16007
-4.43617
-3.70869
-2.97788
-2.24459
-1.50918
-0.772255
-0.0341927
0.704317
1.4429
2.18083
2.91785
3.65304
4.38616
5.11644
5.84343
6.56635
7.28476
7.99809
8.70581
9.40711
10.1017
10.789
11.4684
12.1392
12.8009
13.4531
14.095
14.7263
15.3462
15.9545
16.5504
17.1335
17.7033
18.2593
18.8011
19.3282
19.8402
20.3365
20.8168
21.2808
21.7279
22.1577
22.57
22.9644
23.3404
23.698
24.0366
24.3561
24.6561
24.9365
25.197
25.4373
25.6575
25.8572
26.0363
26.1947
26.3322
26.4489
26.5445
26.6192
-28.2791
-27.8986
-27.5074
-27.1051
-26.6928
-26.2702
-25.8369
-25.393
-24.9382
-24.4724
-23.9956
-23.5075
-23.0082
-22.4977
-21.976
-21.4428
-20.8985
-20.3428
-19.7761
-19.1985
-18.6099
-18.0103
-17.4001
-16.7795
-16.1487
-15.5078
-14.8571
-14.1967
-13.527
-12.8485
-12.1613
-11.4658
-10.7624
-10.0514
-9.33296
-8.60773
-7.87624
-7.13884
-6.39623
-5.64842
-4.89609
-4.1398
-3.37979
-2.61693
-1.85166
-1.08454
-0.31605
0.453082
1.22238
1.99146
2.75966
3.52635
4.29077
5.05247
5.81078
6.5651
7.31493
8.05945
8.79833
9.53063
10.256
10.9739
11.6834
12.3843
13.0757
13.7573
14.4282
15.0879
15.736
16.3718
16.9948
17.6043
18.2001
18.7815
19.348
19.8992
20.4345
20.9536
21.4559
21.941
22.4085
22.8581
23.2892
23.7016
24.0948
24.4686
24.8225
25.1565
25.47
25.763
26.0351
26.2862
26.5161
26.7245
26.9114
27.0765
27.2198
27.3412
27.4406
27.518
-29.4224
-29.0404
-28.6468
-28.2416
-27.8256
-27.3987
-26.9604
-26.5107
-26.0493
-25.5763
-25.0915
-24.5947
-24.0858
-23.565
-23.0322
-22.4871
-21.93
-21.3608
-20.7799
-20.1871
-19.5826
-18.9662
-18.3385
-17.6997
-17.0498
-16.389
-15.7177
-15.0359
-14.3441
-13.6428
-12.9321
-12.2125
-11.4841
-10.7475
-10.0029
-9.25093
-8.49223
-7.727
-6.95583
-6.17919
-5.39751
-4.61127
-3.82116
-3.02758
-2.23123
-1.43279
-0.632782
0.168289
0.969773
1.77117
2.57171
3.37097
4.16807
4.96263
5.75374
6.54082
7.32324
8.10039
8.87158
9.6363
10.3938
11.1435
11.8847
12.617
13.3393
14.0514
14.7527
15.4422
16.1196
16.7843
17.4355
18.0729
18.6958
19.3037
19.896
20.4724
21.0322
21.575
22.1002
22.6076
23.0965
23.5666
24.0174
24.4486
24.8597
25.2505
25.6206
25.9696
26.2974
26.6035
26.8878
27.1501
27.3902
27.6077
27.8027
27.9749
28.1243
28.2506
28.354
28.4342
-30.6113
-30.2288
-29.8339
-29.4266
-29.0079
-28.5774
-28.1348
-27.6801
-27.213
-26.7333
-26.2411
-25.736
-25.2181
-24.6873
-24.1437
-23.5871
-23.0175
-22.435
-21.8398
-21.232
-20.6115
-19.9784
-19.333
-18.6758
-18.0065
-17.3256
-16.6333
-15.9298
-15.2155
-14.4907
-13.756
-13.0115
-12.2577
-11.4947
-10.7233
-9.9438
-9.15666
-8.36266
-7.56227
-6.7557
-5.94362
-5.12638
-4.30496
-3.47955
-2.65112
-1.82016
-0.98722
-0.153016
0.681913
1.5168
2.35128
3.18429
4.01549
4.84408
5.66937
6.49059
7.30712
8.11823
8.92326
9.72171
10.5127
11.2957
12.0699
12.8348
13.5898
14.3338
15.0665
15.7872
16.4953
17.19
17.8708
18.5371
19.1884
19.824
20.4434
21.0461
21.6315
22.1991
22.7484
23.2789
23.7902
24.2818
24.7532
25.2041
25.634
26.0425
26.4294
26.7943
27.1369
27.4569
27.7539
28.0279
28.2786
28.5058
28.7092
28.8888
29.0444
29.176
29.2835
29.3667
-31.8478
-31.4659
-31.0708
-30.6624
-30.2419
-29.8089
-29.3629
-28.904
-28.4318
-27.9462
-27.4473
-26.9345
-26.408
-25.8678
-25.3139
-24.7459
-24.1641
-23.5685
-22.9594
-22.3365
-21.7001
-21.0503
-20.3871
-19.7112
-19.0225
-18.3211
-17.6075
-16.8818
-16.1445
-15.3959
-14.6365
-13.8666
-13.0866
-12.2966
-11.4975
-10.6897
-9.87344
-9.04977
-8.21878
-7.3813
-6.53776
-5.68862
-4.83468
-3.97641
-3.11441
-2.24981
-1.38274
-0.514041
0.355409
1.22537
2.09483
2.96342
3.82991
4.694
5.55486
6.41145
7.26368
8.11026
8.95062
9.78415
10.6101
11.4279
12.2367
13.0356
13.8243
14.6018
15.3675
16.1207
16.8607
17.5869
18.2986
18.9952
19.6761
20.3407
20.9883
21.6185
22.2307
22.8242
23.3987
23.9534
24.4881
25.0022
25.4952
25.9666
26.4161
26.8433
27.2478
27.6292
27.9873
28.3217
28.6321
28.9184
29.1802
29.4173
29.6297
29.817
29.9792
30.1163
30.228
30.3144
-33.134
-32.7541
-32.36
-31.9515
-31.5303
-31.0956
-30.6473
-30.185
-29.7086
-29.2179
-28.7128
-28.1932
-27.6587
-27.1097
-26.5458
-25.9671
-25.3734
-24.7649
-24.1419
-23.5043
-22.8521
-22.1854
-21.5044
-20.8098
-20.1013
-19.3793
-18.644
-17.8958
-17.1351
-16.3622
-15.5776
-14.7816
-13.9746
-13.1571
-12.3293
-11.4922
-10.6462
-9.79182
-8.92948
-8.06009
-7.18395
-6.3017
-5.41411
-4.52146
-3.62499
-2.72514
-1.82279
-0.918536
-0.0127437
0.893423
1.79943
2.70448
3.60821
4.50915
5.4069
6.30076
7.18984
8.07348
8.95059
9.82089
10.6834
11.5372
12.3819
13.2166
14.0405
14.8528
15.653
16.4402
17.2136
17.9726
18.7166
19.4448
20.1567
20.8515
21.5287
22.1876
22.8277
23.4484
24.0491
24.6293
25.1884
25.7259
26.2415
26.7345
27.2044
27.6511
28.074
28.4727
28.847
29.1964
29.5209
29.8199
30.0934
30.341
30.5626
30.7581
30.9272
31.0699
31.1861
31.2758
-34.4723
-34.0954
-33.7036
-33.2964
-32.8756
-32.4405
-31.9907
-31.5262
-31.0464
-30.5515
-30.0412
-29.5154
-28.9737
-28.4162
-27.843
-27.254
-26.6488
-26.0278
-25.3912
-24.7391
-24.0711
-23.3877
-22.689
-21.9755
-21.2471
-20.5042
-19.7471
-18.976
-18.1913
-17.3936
-16.5832
-15.7606
-14.9259
-14.08
-13.223
-12.3557
-11.4787
-10.5927
-9.69826
-8.79578
-7.88585
-6.96937
-6.04694
-5.11905
-4.18649
-3.25034
-2.31111
-1.36965
-0.426642
0.517335
1.46143
2.40477
3.34657
4.28614
5.22257
6.15486
7.08254
8.00466
8.9201
9.8285
10.7291
11.6208
12.5029
13.3748
14.2355
15.0843
15.9204
16.7429
17.5513
18.3446
19.1223
19.8835
20.6277
21.3542
22.0622
22.7512
23.4205
24.0695
24.6977
25.3043
25.889
26.4511
26.9901
27.5056
27.9971
28.4641
28.9062
29.323
29.7143
30.0795
30.4184
30.7309
31.0165
31.2751
31.5065
31.7104
31.8868
32.0354
32.1563
32.2494
-35.8649
-35.4924
-35.1042
-34.6997
-34.2806
-33.8461
-33.3961
-32.9303
-32.4485
-31.9502
-31.4356
-30.9043
-30.3562
-29.7911
-29.2092
-28.6103
-27.9941
-27.3611
-26.7113
-26.0447
-25.3614
-24.6613
-23.9448
-23.2124
-22.464
-21.7
-20.9207
-20.1264
-19.3174
-18.4943
-17.6577
-16.8077
-15.9448
-15.0696
-14.1826
-13.2843
-12.3756
-11.457
-10.529
-9.59254
-8.64797
-7.69567
-6.73716
-5.77275
-4.80319
-3.82922
-2.85194
-1.8718
-0.889729
0.0934673
1.07686
2.05992
3.04181
4.02146
4.99777
5.97034
6.93816
7.90024
8.85571
9.80416
10.7442
11.6753
12.5966
13.5072
14.4063
15.293
16.1666
17.0261
17.8709
18.7001
19.5129
20.3087
21.0867
21.8461
22.5863
23.3067
24.0065
24.6851
25.3419
25.9763
26.5876
27.1754
27.7391
28.278
28.7919
29.2802
29.7424
30.1781
30.587
30.9688
31.323
31.6494
31.9478
32.2179
32.4594
32.6722
32.8561
33.011
33.1369
33.2336
-37.314
-36.9476
-36.5643
-36.164
-35.7479
-35.3155
-34.8666
-34.4009
-33.9179
-33.4174
-32.8994
-32.3637
-31.8101
-31.238
-30.648
-30.04
-29.4135
-28.7688
-28.1062
-27.4254
-26.7269
-26.0104
-25.2762
-24.5249
-23.7564
-22.9712
-22.1695
-21.3516
-20.5179
-19.6691
-18.8055
-17.9277
-17.0358
-16.1308
-15.2128
-14.2827
-13.3412
-12.389
-11.4266
-10.4549
-9.47442
-8.48565
-7.48956
-6.48699
-5.47899
-4.46614
-3.4492
-2.42903
-1.40668
-0.382859
0.642046
1.6664
2.6895
3.71079
4.72904
5.74341
6.7528
7.7567
8.75403
9.74387
10.7251
11.6973
12.6594
13.6105
14.5496
15.476
16.3886
17.2866
18.1695
19.0359
19.8855
20.7173
21.5305
22.3244
23.0982
23.8513
24.5831
25.2926
25.9793
26.6426
27.2818
27.8964
28.4857
29.0493
29.5866
30.097
30.5803
31.0358
31.4632
31.8622
32.2324
32.5735
32.8851
33.1671
33.4193
33.6413
33.8332
33.9946
34.1256
34.2261
-38.8219
-38.4633
-38.0867
-37.692
-37.2806
-36.8519
-36.4055
-35.9411
-35.4583
-34.9567
-34.4364
-33.8974
-33.339
-32.761
-32.1638
-31.5473
-30.911
-30.2552
-29.5803
-28.8859
-28.1723
-27.4395
-26.6877
-25.9175
-25.129
-24.3224
-23.498
-22.6563
-21.7976
-20.9226
-20.0317
-19.1253
-18.2039
-17.2682
-16.3184
-15.3557
-14.3805
-13.3937
-12.3958
-11.3877
-10.3698
-9.34337
-8.30868
-7.26694
-6.21887
-5.16533
-4.10752
-3.04594
-1.98155
-0.915175
0.151794
1.2193
2.28574
3.35011
4.41187
5.46985
6.52289
7.57009
8.61061
9.64367
10.6683
11.6832
12.6877
13.6809
14.6618
15.6293
16.5828
17.5212
18.4435
19.3491
20.2369
21.1061
21.9561
22.786
23.595
24.3823
25.1473
25.889
26.6071
27.3005
27.9689
28.6115
29.2276
29.8169
30.3785
30.9122
31.4174
31.8935
32.3403
32.7573
33.1442
33.5005
33.8261
34.1206
34.3838
34.6156
34.8157
34.9839
35.1203
35.2248
-40.3915
-40.0425
-39.6744
-39.287
-38.8821
-38.4584
-38.016
-37.5543
-37.073
-36.5718
-36.0505
-35.5091
-34.947
-34.3643
-33.7607
-33.1364
-32.491
-31.8249
-31.1381
-30.4306
-29.7023
-28.9535
-28.1844
-27.3953
-26.5867
-25.7587
-24.9114
-24.0457
-23.1616
-22.2599
-21.3411
-20.4057
-19.454
-18.4868
-17.5045
-16.5082
-15.4984
-14.4759
-13.4416
-12.3958
-11.3396
-10.2739
-9.19937
-8.11699
-7.02763
-5.93207
-4.83169
-3.72703
-2.61916
-1.5091
-0.397476
0.714316
1.82563
2.93508
4.04193
5.1452
6.24346
7.33588
8.42174
9.49962
10.5689
11.6286
12.6774
13.7144
14.7388
15.7495
16.7455
17.7256
18.6894
19.6356
20.5633
21.4719
22.3602
23.2276
24.0732
24.8962
25.6958
26.4713
27.2219
27.947
28.6457
29.3174
29.9616
30.5776
31.1649
31.7228
32.2508
32.7485
33.2155
33.6513
34.0556
34.4279
34.7681
35.0757
35.3505
35.5924
35.8011
35.9765
36.1186
36.2271
-42.025
-41.6877
-41.3299
-40.9517
-40.555
-40.1383
-39.7013
-39.244
-38.7658
-38.2663
-37.7456
-37.203
-36.6384
-36.052
-35.443
-34.8119
-34.1583
-33.4824
-32.7846
-32.0642
-31.3217
-30.5572
-29.7711
-28.9635
-28.1348
-27.2852
-26.4149
-25.5249
-24.6152
-23.6865
-22.7393
-21.7741
-20.7916
-19.7921
-18.7766
-17.7458
-16.7005
-15.6413
-14.5692
-13.485
-12.3892
-11.2829
-10.1671
-9.04272
-7.91034
-6.77157
-5.62709
-4.47773
-3.32468
-2.16887
-1.01141
0.146674
1.3044
2.46091
3.61469
4.76458
5.91023
7.04978
8.18245
9.3074
10.4234
11.5293
12.6241
13.7071
14.7766
15.8321
16.8724
17.8965
18.9031
19.8917
20.8611
21.8105
22.7389
23.6453
24.5292
25.3894
26.2252
27.0359
27.8205
28.5784
29.3088
30.0112
30.6846
31.3285
31.9423
32.5255
33.0775
33.5977
34.0858
34.5412
34.9636
35.3527
35.708
36.0293
36.3163
36.5688
36.7865
36.9695
37.1174
37.2303
-43.7246
-43.401
-43.0561
-42.6892
-42.3025
-41.8946
-41.4652
-41.0139
-40.5406
-40.0446
-39.5257
-38.9834
-38.4177
-37.8285
-37.2155
-36.5786
-35.9176
-35.2328
-34.5244
-33.7922
-33.036
-32.2561
-31.4532
-30.6273
-29.7787
-28.9075
-28.0142
-27.0996
-26.164
-25.2079
-24.232
-23.2365
-22.2223
-21.1899
-20.1404
-19.0742
-17.9922
-16.8955
-15.7845
-14.6603
-13.5239
-12.3758
-11.2172
-10.0493
-8.87287
-7.68915
-6.49892
-5.30338
-4.10341
-2.90066
-1.69519
-0.489123
0.71721
1.92226
3.1247
4.32372
5.51794
6.70643
7.8882
9.06185
10.2263
11.3806
12.5236
13.6538
14.7707
15.873
16.9592
18.0288
19.0805
20.1133
21.1261
22.1181
23.0881
24.0354
24.959
25.8581
26.7317
27.579
28.3991
29.1913
29.9548
30.6888
31.3927
32.0659
32.7075
33.317
33.894
34.4377
34.9478
35.4238
35.8651
36.2715
36.6427
36.9783
37.278
37.5416
37.7688
37.9596
38.1137
38.2312
-45.4923
-45.1849
-44.8551
-44.5022
-44.1277
-43.7308
-43.3111
-42.8681
-42.4013
-41.9106
-41.395
-40.8547
-40.2894
-39.6988
-39.0828
-38.4413
-37.7742
-37.0814
-36.3631
-35.6197
-34.8505
-34.0558
-33.2363
-32.3924
-31.524
-30.6313
-29.715
-28.7757
-27.8139
-26.8301
-25.8248
-24.7987
-23.7523
-22.6863
-21.6018
-20.4994
-19.38
-18.2444
-17.0935
-15.9283
-14.7498
-13.5586
-12.3561
-11.1432
-9.92097
-8.69071
-7.45298
-6.20968
-4.96129
-3.70926
-2.45461
-1.19838
0.0580613
1.31339
2.56686
3.81651
5.06187
6.30134
7.53372
8.75807
9.97298
11.1774
12.3702
13.5504
14.7164
15.867
17.0015
18.1183
19.2168
20.2956
21.3536
22.3899
23.4035
24.3933
25.3584
26.2979
27.2108
28.0963
28.9535
29.7814
30.5795
31.3467
32.0824
32.7858
33.4564
34.0935
34.6965
35.2648
35.7978
36.2952
36.7563
37.1809
37.5687
37.9192
38.2321
38.5072
38.7443
38.9433
39.104
39.2262
-47.3292
-47.0411
-46.7292
-46.3927
-46.0332
-45.6498
-45.2422
-44.8096
-44.3516
-43.8679
-43.3576
-42.8212
-42.2579
-41.6677
-41.0501
-40.4052
-39.7332
-39.0334
-38.3064
-37.5523
-36.7707
-35.962
-35.1265
-34.2648
-33.377
-32.463
-31.5237
-30.5596
-29.5713
-28.5596
-27.5245
-26.4672
-25.388
-24.2877
-23.1674
-22.0279
-20.8698
-19.6947
-18.5027
-17.2952
-16.0732
-14.8377
-13.5896
-12.3303
-11.0608
-9.78231
-8.49593
-7.20303
-5.90433
-4.6011
-3.29518
-1.98708
-0.678543
0.628948
1.93474
3.23745
4.53569
5.82778
7.11321
8.39027
9.65777
10.9145
12.1594
13.3908
14.608
15.8094
16.9937
18.1602
19.3072
20.4337
21.5389
22.6213
23.6802
24.7142
25.7227
26.7044
27.6583
28.5834
29.4792
30.3446
31.1784
31.9801
32.7491
33.4843
34.1851
34.8508
35.4809
36.0747
36.6318
37.1514
37.6333
38.0769
38.4819
38.8479
39.1747
39.4619
39.7094
39.9169
40.0844
40.2117
-49.2345
-48.9694
-48.6788
-48.3619
-48.0204
-47.6534
-47.2606
-46.8412
-46.3943
-45.92
-45.4176
-44.8869
-44.3275
-43.7395
-43.122
-42.4753
-41.7995
-41.0941
-40.3596
-39.5959
-38.8025
-37.9806
-37.1298
-36.2507
-35.3436
-34.4085
-33.4464
-32.4576
-31.4426
-30.4026
-29.3377
-28.2486
-27.1359
-26.0007
-24.8438
-23.6664
-22.4689
-21.2528
-20.0187
-18.7677
-17.501
-16.2195
-14.9247
-13.6173
-12.299
-10.9708
-9.6338
-8.28928
-6.93852
-5.58291
-4.22393
-2.86216
-1.49963
-0.137337
1.22313
2.58032
3.93312
5.28058
6.62082
7.95254
9.27471
10.586
11.8848
13.1698
14.4402
15.6941
16.9306
18.1482
19.3459
20.5225
21.6766
22.8071
23.9131
24.9933
26.0467
27.0723
28.0688
29.0357
29.9716
30.8755
31.747
32.5848
33.3881
34.1564
34.8886
35.5844
36.2428
36.8632
37.4452
37.9881
38.4916
38.955
39.378
39.7602
40.1014
40.4013
40.6596
40.876
41.0506
41.1832
-51.2053
-50.9672
-50.7019
-50.4085
-50.0888
-49.7418
-49.3671
-48.9638
-48.5312
-48.0692
-47.5774
-47.055
-46.5018
-45.9179
-45.3024
-44.6561
-43.978
-43.2687
-42.5277
-41.7557
-40.952
-40.1173
-39.2519
-38.3563
-37.4304
-36.4745
-35.4898
-34.4763
-33.4347
-32.3662
-31.2708
-30.1498
-29.0031
-27.8323
-26.6381
-25.4219
-24.184
-22.9259
-21.6486
-20.353
-19.0402
-17.7114
-16.3682
-15.0116
-13.6426
-12.2628
-10.8735
-9.47593
-8.0713
-6.66125
-5.24691
-3.83004
-2.41145
-0.992751
0.42462
1.83887
3.24885
4.65294
6.05
7.43906
8.81794
10.1855
11.5405
12.8815
14.2069
15.5153
16.806
18.0771
19.3276
20.5559
21.761
22.9417
24.0968
25.2248
26.3251
27.3964
28.4375
29.4474
30.4251
31.3695
32.28
33.1552
33.9946
34.7973
35.5624
36.2891
36.9771
37.6253
38.2334
38.8004
39.3263
39.8103
40.2522
40.6514
41.0076
41.3207
41.5903
41.8161
41.9981
42.1361
-53.2343
-53.0281
-52.793
-52.5281
-52.2348
-51.9122
-51.5596
-51.1763
-50.7617
-50.3155
-49.8374
-49.3262
-48.7824
-48.2052
-47.5944
-46.9505
-46.2724
-45.5607
-44.8152
-44.0363
-43.2238
-42.3774
-41.4985
-40.5871
-39.6433
-38.6671
-37.6602
-36.622
-35.554
-34.4569
-33.331
-32.1774
-30.9964
-29.7894
-28.5576
-27.3013
-26.0223
-24.7216
-23.3997
-22.058
-20.6979
-19.3208
-17.9276
-16.52
-15.099
-13.6659
-12.2227
-10.7702
-9.30984
-7.84321
-6.37177
-4.89691
-3.42021
-1.94346
-0.467758
1.00577
2.47494
3.93833
5.39459
6.84233
8.28034
9.70677
11.1199
12.5186
13.9018
15.2672
16.6138
17.9405
19.2458
20.528
21.7862
23.0187
24.2249
25.4032
26.552
27.6709
28.7581
29.813
30.8341
31.8208
32.7716
33.6861
34.5629
35.4013
36.2007
36.9598
37.6785
38.3555
38.9906
39.5832
40.1324
40.6379
41.0993
41.5162
41.8883
42.215
42.4963
42.732
42.9218
43.0655
-55.3078
-55.1397
-54.941
-54.7104
-54.449
-54.156
-53.8308
-53.4725
-53.0805
-52.6545
-52.194
-51.6983
-51.1673
-50.6004
-49.9973
-49.3585
-48.6835
-47.9717
-47.224
-46.4404
-45.6207
-44.7646
-43.8733
-42.9474
-41.9865
-40.9913
-39.9623
-38.9004
-37.8064
-36.6806
-35.5244
-34.3381
-33.1225
-31.8792
-30.6087
-29.312
-27.991
-26.6464
-25.2788
-23.8901
-22.4816
-21.0546
-19.6102
-18.1499
-16.6752
-15.1875
-13.6884
-12.179
-10.6612
-9.13622
-7.60578
-6.07134
-4.53462
-2.99697
-1.46048
0.0738059
1.60426
3.12924
4.64731
6.15609
7.65484
9.14218
10.6164
12.0752
13.5175
14.9424
16.3475
17.7318
19.0939
20.4323
21.7455
23.0323
24.2912
25.5213
26.721
27.8894
29.0248
30.1262
31.1927
32.2232
33.2162
34.1711
35.087
35.9628
36.7975
37.5906
38.3411
39.0484
39.7117
40.3305
40.904
41.4321
41.9139
42.3492
42.7376
43.0788
43.3724
43.6182
43.8161
43.9661
-57.4042
-57.2815
-57.1263
-56.9368
-56.7142
-56.4575
-56.166
-55.8389
-55.4753
-55.0752
-54.6376
-54.1621
-53.6485
-53.0963
-52.5053
-51.8756
-51.207
-50.4988
-49.752
-48.9664
-48.1419
-47.2786
-46.3771
-45.4382
-44.4618
-43.449
-42.3993
-41.3144
-40.1949
-39.0414
-37.855
-36.6364
-35.3863
-34.1061
-32.7968
-31.4596
-30.0956
-28.7063
-27.2928
-25.856
-24.3978
-22.9194
-21.4227
-19.9085
-18.3785
-16.8344
-15.2778
-13.71
-12.1327
-10.5475
-8.95604
-7.36002
-5.76115
-4.16104
-2.56142
-0.963508
0.630243
2.21886
3.79998
5.37296
6.93531
8.48542
10.0221
11.5432
13.0477
14.5337
15.9997
17.4438
18.8651
20.2615
21.6319
22.9751
24.2892
25.5731
26.8257
28.045
29.2307
30.3806
31.4942
32.5701
33.6073
34.6043
35.5605
36.4752
37.3469
38.175
38.9589
39.6974
40.3901
41.0363
41.6354
42.1866
42.6897
43.1442
43.5497
43.9057
44.2122
44.4688
44.6753
44.8316
-59.4925
-59.4234
-59.3197
-59.1796
-59.0038
-58.791
-58.5407
-58.2522
-57.9241
-57.5565
-57.1484
-56.6996
-56.2094
-55.6776
-55.104
-54.4885
-53.8309
-53.1311
-52.3891
-51.6052
-50.7795
-49.9122
-49.0038
-48.0546
-47.0654
-46.0366
-44.9685
-43.8623
-42.7189
-41.5389
-40.3231
-39.0728
-37.7889
-36.4722
-35.1242
-33.7466
-32.3397
-30.9054
-29.445
-27.9594
-26.4509
-24.9206
-23.37
-21.8008
-20.2142
-18.6125
-16.9968
-15.3688
-13.7305
-12.0833
-10.4291
-8.76955
-7.10655
-5.44177
-3.77708
-2.11421
-0.454255
1.19985
2.84703
4.48525
6.11318
7.7292
9.33058
10.9166
12.4852
14.0345
15.5633
17.0696
18.5521
20.0092
21.439
22.8403
24.2115
25.5515
26.8587
28.1315
29.3688
30.5693
31.7317
32.8548
33.9374
34.9787
35.9771
36.9318
37.842
38.7067
39.5249
40.2961
41.0194
41.694
42.3194
42.8951
43.4203
43.8948
44.318
44.6897
45.0096
45.2773
45.4927
45.6557
-61.532
-61.5244
-61.4809
-61.399
-61.2784
-61.1185
-60.9177
-60.676
-60.3916
-60.0645
-59.6938
-59.2791
-58.8199
-58.3156
-57.7661
-57.1713
-56.531
-55.845
-55.1134
-54.3366
-53.5147
-52.6478
-51.7368
-50.7816
-49.7832
-48.7418
-47.6584
-46.5339
-45.3689
-44.1645
-42.9215
-41.6413
-40.3248
-38.9729
-37.5873
-36.1694
-34.7202
-33.2413
-31.7342
-30.2
-28.6409
-27.0581
-25.4533
-23.8281
-22.1844
-20.5237
-18.8479
-17.1587
-15.4579
-13.7473
-12.0288
-10.3041
-8.57532
-6.84411
-5.1125
-3.38218
-1.65507
0.0670328
1.78206
3.4883
5.18355
6.86673
8.53567
10.1885
11.8236
13.4383
15.0322
16.603
18.1487
19.668
21.1597
22.6213
24.0517
25.4495
26.8135
28.1417
29.4326
30.6855
31.8984
33.0707
34.2005
35.287
36.3292
37.3258
38.2759
39.1783
40.0326
40.8376
41.5925
42.2968
42.9496
43.5505
44.0988
44.5941
45.0359
45.4237
45.7575
46.0368
46.2615
46.4315
-63.4746
-63.5361
-63.5601
-63.5447
-63.487
-63.3886
-63.2459
-63.06
-62.8281
-62.5504
-62.2257
-61.8536
-61.4338
-60.9652
-60.448
-59.8815
-59.2661
-58.6014
-57.8874
-57.1244
-56.3127
-55.4527
-54.5444
-53.589
-52.5861
-51.5372
-50.4429
-49.3041
-48.1215
-46.8962
-45.6296
-44.3223
-42.9759
-41.5913
-40.1703
-38.7141
-37.2243
-35.7022
-34.1495
-32.5676
-30.9583
-29.3237
-27.6651
-25.9842
-24.2831
-22.5634
-20.8271
-19.0761
-17.3121
-15.5373
-13.7534
-11.9626
-10.1668
-8.36804
-6.56813
-4.7691
-2.97295
-1.18161
0.602879
2.37848
4.14387
5.89645
7.63423
9.35566
11.0582
12.7411
14.4016
16.0386
17.6498
19.2337
20.7882
22.3123
23.8043
25.2618
26.684
28.0693
29.4161
30.7229
31.9883
33.2109
34.3897
35.5232
36.6107
37.6503
38.6416
39.5836
40.4749
41.3148
42.1027
42.8375
43.5189
44.1458
44.718
45.2348
45.6958
46.1006
46.4489
46.7403
46.9747
47.1519
-65.2698
-65.4058
-65.5018
-65.5592
-65.5714
-65.5414
-65.4646
-65.342
-65.1706
-64.9505
-64.6801
-64.3594
-63.9874
-63.5633
-63.0871
-62.558
-61.9755
-61.3405
-60.6522
-59.9111
-59.1173
-58.2714
-57.3735
-56.4247
-55.4243
-54.3745
-53.2754
-52.1281
-50.9338
-49.6932
-48.4073
-47.0778
-45.7057
-44.2926
-42.8401
-41.3491
-39.8218
-38.2595
-36.664
-35.0367
-33.3797
-31.6948
-29.9839
-28.2489
-26.4915
-24.7138
-22.9178
-21.1055
-19.2789
-17.4401
-15.5911
-13.7341
-11.8711
-10.0043
-8.13563
-6.26727
-4.40137
-2.53989
-0.684912
1.16136
2.99702
4.82014
6.62806
8.4192
10.1916
11.9433
13.6722
15.3765
17.0548
18.7041
20.3243
21.912
23.4661
24.9853
26.4674
27.9113
29.3152
30.6772
31.9962
33.2713
34.5004
35.6823
36.8159
37.9004
38.9343
39.9163
40.8457
41.7218
42.5436
43.3101
44.0206
44.6747
45.2715
45.8106
46.2913
46.7135
47.0767
47.3806
47.6251
47.81
-66.8722
-67.0829
-67.2536
-67.3856
-67.4713
-67.5132
-67.5068
-67.4526
-67.3474
-67.1913
-66.982
-66.7204
-66.403
-66.0313
-65.6039
-65.1202
-64.5785
-63.9822
-63.3283
-62.617
-61.8496
-61.0269
-60.1473
-59.2129
-58.2231
-57.1803
-56.0843
-54.9356
-53.7366
-52.4872
-51.189
-49.844
-48.4529
-47.0169
-45.5382
-44.018
-42.4583
-40.8604
-39.2266
-37.5583
-35.8576
-34.1264
-32.3668
-30.5807
-28.7702
-26.9373
-25.0842
-23.213
-21.3258
-19.4249
-17.5124
-15.5907
-13.6618
-11.7281
-9.79178
-7.85495
-5.91985
-3.98871
-2.06382
-0.147189
1.75877
3.65203
5.53034
7.39169
9.23397
11.0547
12.8527
14.6253
16.3704
18.0868
19.772
21.4244
23.042
24.6235
26.1664
27.6694
29.1308
30.5496
31.9235
33.2509
34.5311
35.7625
36.9434
38.073
39.1501
40.1734
41.142
42.0549
42.9111
43.7098
44.4503
45.1318
45.7538
46.3156
46.8168
47.2568
47.6353
47.9521
48.2068
48.3995
-68.249
-68.53
-68.7732
-68.9761
-69.1341
-69.2467
-69.3107
-69.3259
-69.2894
-69.1991
-69.0538
-68.8538
-68.5967
-68.2825
-67.9084
-67.476
-66.982
-66.4313
-65.8184
-65.1448
-64.4112
-63.6191
-62.7654
-61.8543
-60.8829
-59.8549
-58.7701
-57.6283
-56.4325
-55.1833
-53.8805
-52.5279
-51.1248
-49.674
-48.1765
-46.6342
-45.049
-43.4225
-41.7569
-40.0539
-38.3157
-36.5441
-34.7415
-32.9099
-31.0514
-29.1683
-27.2628
-25.3372
-23.3938
-21.435
-19.4629
-17.4802
-15.4889
-13.4916
-11.4906
-9.48814
-7.48654
-5.48836
-3.49574
-1.51106
0.463239
2.42504
4.37204
6.30182
8.21232
10.1013
11.9668
13.8063
15.6182
17.3999
19.1501
20.8658
22.5466
24.1895
25.7926
27.3549
28.8743
30.3484
31.7768
33.1573
34.4886
35.769
36.9972
38.172
39.2924
40.3569
41.3647
42.3143
43.205
44.0362
44.8069
45.5162
46.1633
46.7479
47.2694
47.7274
48.1213
48.4511
48.7163
48.9168
-69.3868
-69.7304
-70.0359
-70.3031
-70.5259
-70.7019
-70.8316
-70.9113
-70.9392
-70.9107
-70.829
-70.6877
-70.4906
-70.2343
-69.9151
-69.5347
-69.0917
-68.5888
-68.0208
-67.3895
-66.694
-65.938
-65.1155
-64.234
-63.2885
-62.2816
-61.2151
-60.0882
-58.9036
-57.6612
-56.3622
-55.0095
-53.6026
-52.145
-50.6372
-49.0814
-47.4788
-45.8312
-44.1424
-42.4129
-40.645
-38.8409
-37.0031
-35.1335
-33.2346
-31.3085
-29.3579
-27.385
-25.3921
-23.382
-21.3568
-19.3193
-17.2717
-15.2167
-13.1568
-11.0941
-9.03149
-6.97137
-4.91606
-2.86804
-0.829869
1.19607
3.20726
5.2016
7.17649
9.12978
11.0591
12.9624
14.8373
16.6819
18.4938
20.2713
22.0117
23.7134
25.3748
26.994
28.5681
30.0966
31.5779
33.009
34.3899
35.7178
36.9916
38.2104
39.373
40.4777
41.5232
42.5084
43.4331
44.296
45.0955
45.8319
46.5038
47.1107
47.6521
48.1277
48.5367
48.879
49.1544
49.3626
-70.2984
-70.6902
-71.0447
-71.3654
-71.6383
-71.867
-72.0518
-72.1848
-72.2672
-72.2921
-72.2638
-72.1769
-72.0318
-71.826
-71.5591
-71.2255
-70.8307
-70.3719
-69.8473
-69.2576
-68.6008
-67.8812
-67.093
-66.2407
-65.3251
-64.3421
-63.2978
-62.1906
-61.0216
-59.7918
-58.503
-57.1566
-55.7534
-54.2958
-52.785
-51.2229
-49.6114
-47.953
-46.248
-44.5
-42.7113
-40.8836
-39.0193
-37.1207
-35.1903
-33.2304
-31.2435
-29.2324
-27.1989
-25.1465
-23.0771
-20.9937
-18.8982
-16.7944
-14.6837
-12.5694
-10.4539
-8.33977
-6.22967
-4.1261
-2.0319
0.0507724
2.11917
4.17074
6.20321
8.21407
10.2009
12.1614
14.0934
15.9943
17.8624
19.695
21.4904
23.2461
24.9605
26.6317
28.2563
29.8351
31.3642
32.8421
34.2682
35.6398
36.9564
38.2159
39.4172
40.5593
41.6394
42.6584
43.6142
44.5059
45.3331
46.0947
46.7892
47.417
47.9768
48.4687
48.8921
49.246
49.531
49.7466
-71.0133
-71.4375
-71.8292
-72.1839
-72.4934
-72.7599
-72.9843
-73.1546
-73.2783
-73.3425
-73.3535
-73.3095
-73.2015
-73.0365
-72.8098
-72.512
-72.1582
-71.7347
-71.2454
-70.6885
-70.0669
-69.3768
-68.6177
-67.7928
-66.9027
-65.9435
-64.9203
-63.832
-62.6796
-61.4641
-60.1871
-58.8498
-57.4538
-56
-54.4909
-52.9281
-51.3132
-49.6485
-47.9361
-46.1774
-44.375
-42.5318
-40.6498
-38.7307
-36.7781
-34.7938
-32.7803
-30.7406
-28.677
-26.5922
-24.4889
-22.3697
-20.2376
-18.0949
-15.9444
-13.7891
-11.6315
-9.47381
-7.31969
-5.17136
-3.03118
-0.902099
1.21279
3.31167
5.39157
7.44993
9.48464
11.4931
13.4724
15.4209
17.336
19.2154
21.0567
22.858
24.6171
26.3321
28.0001
29.6204
31.1913
32.7095
34.1735
35.5837
36.9365
38.2309
39.4643
40.6392
41.7495
42.7964
43.78
44.6966
45.5473
46.3307
47.0448
47.6908
48.2664
48.7726
49.2079
49.5723
49.8653
50.0871
-71.5712
-72.0136
-72.428
-72.7998
-73.132
-73.4217
-73.6662
-73.8589
-74.0058
-74.0954
-74.1298
-74.1091
-74.0243
-73.8865
-73.6801
-73.4078
-73.0771
-72.6779
-72.2098
-71.6747
-71.0751
-70.4041
-69.6648
-68.8591
-67.9845
-67.0422
-66.0335
-64.9578
-63.8176
-62.6122
-61.3442
-60.0134
-58.6231
-57.1731
-55.6661
-54.1037
-52.4875
-50.8195
-49.1022
-47.3368
-45.5267
-43.6732
-41.7802
-39.8474
-37.8794
-35.879
-33.8475
-31.7879
-29.7036
-27.5961
-25.4695
-23.3252
-21.167
-18.9967
-16.8179
-14.6335
-12.4452
-10.2564
-8.07066
-5.88921
-3.71616
-1.55324
0.59604
2.72961
4.84445
6.93799
9.00795
11.0518
13.0664
15.0506
17.0006
18.9151
20.7907
22.6264
24.419
26.1671
27.8681
29.5202
31.1218
32.6705
34.164
35.6024
36.9833
38.3032
39.5625
40.7614
41.896
42.9639
43.9682
44.9042
45.7731
46.5724
47.3015
47.9613
48.5496
49.0662
49.5108
49.8831
50.1821
50.409
-72.0548
-72.5073
-72.9285
-73.3096
-73.6504
-73.9494
-74.1984
-74.4024
-74.5541
-74.6555
-74.6968
-74.68
-74.608
-74.4755
-74.2752
-74.0131
-73.6872
-73.2956
-72.8331
-72.3054
-71.7097
-71.0443
-70.3103
-69.5082
-68.6371
-67.6981
-66.6918
-65.6178
-64.4785
-63.2733
-62.005
-60.6727
-59.2806
-57.8278
-56.3166
-54.7496
-53.1281
-51.4543
-49.7291
-47.9558
-46.1374
-44.2735
-42.3697
-40.4266
-38.4469
-36.4332
-34.3872
-32.3124
-30.2122
-28.088
-25.9445
-23.782
-21.6055
-19.4161
-17.2174
-15.0127
-12.8038
-10.5938
-8.38672
-6.18287
-3.98805
-1.8026
0.370035
2.52606
4.66387
6.78071
8.87421
10.9412
12.9788
14.9863
16.9591
18.8964
20.7947
22.6527
24.4671
26.2366
27.9589
29.6316
31.2533
32.8217
34.3346
35.7911
37.1899
38.527
39.8032
41.0169
42.1666
43.2493
44.2647
45.2148
46.0952
46.9041
47.6441
48.3115
48.9083
49.4315
49.8819
50.2587
50.5616
50.791
-72.6069
-73.0657
-73.489
-73.8732
-74.2157
-74.5142
-74.7631
-74.9677
-75.1155
-75.2142
-75.253
-75.2309
-75.1566
-75.0155
-74.8107
-74.5419
-74.2078
-73.8073
-73.3378
-72.8006
-72.1943
-71.5194
-70.7746
-69.9611
-69.0791
-68.1279
-67.1084
-66.0225
-64.8698
-63.6512
-62.3692
-61.0225
-59.6157
-58.1479
-56.6219
-55.0394
-53.4019
-51.7127
-49.971
-48.1811
-46.346
-44.4645
-42.5426
-40.5801
-38.5824
-36.5507
-34.4879
-32.3962
-30.2783
-28.1366
-25.975
-23.7947
-21.5996
-19.3922
-17.1754
-14.9522
-12.7255
-10.4972
-8.27173
-6.04963
-3.83698
-1.63351
0.557039
2.73023
4.88577
7.01994
9.1302
11.2142
13.2686
15.2923
17.2814
19.2346
21.1483
23.0206
24.8504
26.6344
28.3701
30.0565
31.6915
33.272
34.7977
36.2659
37.6754
39.0234
40.3099
41.5331
42.6915
43.7838
44.8065
45.7641
46.6508
47.4661
48.2119
48.884
49.485
50.0119
50.4653
50.8446
51.1495
51.3799
0.203844
0.204289
0.204693
0.205052
0.205367
0.205636
0.205869
0.206054
0.206191
0.206285
0.20634
0.206347
0.206303
0.206253
0.206079
0.205944
0.205773
0.205416
0.205257
0.204853
0.204452
0.204078
0.203615
0.202992
0.202436
0.20195
0.201245
0.200356
0.199851
0.199156
0.197973
0.197232
0.196492
0.195346
0.194193
0.193227
0.192285
0.191043
0.189641
0.188345
0.187466
0.186133
0.184146
0.182898
0.181839
0.180083
0.178196
0.176829
0.175611
0.173581
0.171154
0.169402
0.168147
0.166358
0.164233
0.162423
0.159978
0.156977
0.154939
0.153691
0.152215
0.149671
0.146837
0.144159
0.140789
0.137268
0.135023
0.134637
0.133744
0.129914
0.124632
0.120844
0.118306
0.114901
0.111113
0.109877
0.111012
0.107314
0.0980959
0.0915789
0.0887523
0.0862622
0.0830026
0.0799092
0.0799328
0.0776565
0.0660665
0.0535222
0.049461
0.0458264
0.0431879
0.0429471
0.0363542
0.0231242
0.00592493
-0.00578278
-0.021615
-0.0364592
-0.0438465
-0.0810404
0.204048
0.2045
0.204896
0.205249
0.205564
0.205841
0.206071
0.206244
0.206384
0.206489
0.206549
0.206567
0.206497
0.206434
0.206335
0.206071
0.20605
0.205644
0.205383
0.205142
0.204632
0.204214
0.203825
0.203234
0.202644
0.202043
0.201474
0.200643
0.199953
0.199186
0.198324
0.197414
0.196568
0.195426
0.194522
0.193606
0.19217
0.191128
0.190114
0.188945
0.187193
0.185568
0.185064
0.183566
0.181331
0.180253
0.178913
0.176856
0.174816
0.173591
0.172816
0.170613
0.167581
0.165473
0.163908
0.161794
0.16055
0.160088
0.156984
0.15239
0.149643
0.148121
0.146851
0.144986
0.14364
0.142045
0.137311
0.130557
0.125983
0.126881
0.129035
0.126244
0.121173
0.117896
0.113307
0.106428
0.100334
0.0984979
0.10382
0.10542
0.0956971
0.0875583
0.0831555
0.0753106
0.0684781
0.0674305
0.067377
0.0705703
0.0699433
0.0506792
0.0349923
0.0313215
0.0249465
0.0203952
0.0212627
0.0236726
0.00685063
-0.0122198
-0.0123701
-0.0162431
0.204383
0.204849
0.205253
0.205607
0.205923
0.206203
0.206421
0.206602
0.20675
0.206858
0.206908
0.206926
0.206912
0.206757
0.206769
0.206463
0.206269
0.206228
0.205592
0.205523
0.205075
0.204566
0.204098
0.203691
0.203023
0.202342
0.201784
0.201208
0.200244
0.199428
0.198813
0.197713
0.19698
0.195818
0.194776
0.194013
0.19276
0.191446
0.190009
0.189435
0.188145
0.185969
0.184761
0.184073
0.182698
0.179916
0.178844
0.178466
0.175569
0.173143
0.172189
0.171193
0.16885
0.166084
0.164779
0.162854
0.160063
0.157894
0.156467
0.155237
0.152007
0.149474
0.148106
0.143817
0.139206
0.137607
0.139057
0.139118
0.133387
0.127194
0.123844
0.120661
0.117181
0.115211
0.116636
0.118687
0.111961
0.0995047
0.0953276
0.0932355
0.0875134
0.0877497
0.0920415
0.0893002
0.0827086
0.0750364
0.0567988
0.0496946
0.0573746
0.0539154
0.0543345
0.05619
0.0452127
0.0255266
0.0110917
0.014942
0.0110186
0.0118753
0.0219454
0.013051
0.204897
0.205326
0.205724
0.206089
0.206415
0.206693
0.20693
0.207141
0.207282
0.207357
0.207409
0.207425
0.207486
0.207337
0.207209
0.207251
0.206633
0.206822
0.206355
0.205881
0.205725
0.20523
0.204563
0.204196
0.203626
0.203101
0.202206
0.2018
0.200957
0.200064
0.199306
0.198412
0.197404
0.196565
0.195389
0.194136
0.193585
0.19242
0.190675
0.189252
0.188763
0.187751
0.184806
0.183666
0.183761
0.181152
0.178907
0.177792
0.177079
0.175324
0.171548
0.170305
0.169777
0.167027
0.165123
0.164297
0.161801
0.157048
0.155145
0.155691
0.153171
0.150828
0.148441
0.145593
0.143073
0.138596
0.135617
0.134313
0.133503
0.132193
0.127365
0.124644
0.122803
0.115362
0.108882
0.10895
0.109005
0.10749
0.107453
0.102209
0.0921335
0.0871184
0.0842516
0.0720389
0.0729781
0.0871352
0.0777672
0.0716794
0.068194
0.0469319
0.0381847
0.0381678
0.0459566
0.0477027
0.039672
0.0421518
0.0261573
0.0138004
0.0150377
0.00713702
0.205664
0.206058
0.206457
0.206846
0.207174
0.207431
0.207666
0.207881
0.208031
0.208125
0.208203
0.208185
0.208157
0.208205
0.207848
0.20811
0.207652
0.207244
0.207419
0.206584
0.20635
0.206047
0.205481
0.204773
0.204378
0.203967
0.203022
0.202248
0.20169
0.201007
0.199796
0.199232
0.197937
0.197303
0.196465
0.194733
0.194063
0.192937
0.192007
0.189858
0.188304
0.188559
0.186651
0.184021
0.183042
0.182798
0.1805
0.177306
0.177106
0.176475
0.173717
0.171013
0.169076
0.16833
0.165593
0.163071
0.163306
0.161245
0.157843
0.154665
0.152538
0.151223
0.146525
0.145631
0.14704
0.143586
0.138861
0.132485
0.130094
0.130478
0.127188
0.125852
0.124297
0.120384
0.117559
0.112791
0.105291
0.10108
0.100841
0.100968
0.0969256
0.0956308
0.0991726
0.0841968
0.0757493
0.0770735
0.0584895
0.0623363
0.0725967
0.0694029
0.0703756
0.0536853
0.046675
0.0421216
0.0283952
0.0327146
0.0348019
0.0409384
0.0389384
0.0302525
0.206439
0.206897
0.207338
0.20773
0.208045
0.208296
0.20852
0.208692
0.208849
0.209008
0.209095
0.209086
0.208898
0.209042
0.208776
0.208561
0.208832
0.207778
0.208055
0.207651
0.206984
0.206656
0.206471
0.205623
0.205125
0.204482
0.20411
0.202877
0.202235
0.201864
0.200684
0.2
0.198837
0.197895
0.197196
0.196013
0.194604
0.19317
0.192937
0.191651
0.189313
0.188067
0.187923
0.186514
0.183101
0.18282
0.182506
0.179326
0.176936
0.175694
0.175722
0.173282
0.169917
0.169657
0.167162
0.163925
0.162251
0.160978
0.160561
0.156361
0.153306
0.15256
0.148312
0.146376
0.143466
0.140698
0.141754
0.139007
0.136008
0.131684
0.126166
0.124528
0.120802
0.11758
0.119639
0.117944
0.113172
0.110631
0.103362
0.0995891
0.0938829
0.0871639
0.0934194
0.0859192
0.0867001
0.0946184
0.0780699
0.0725097
0.059584
0.0527288
0.0665897
0.0532531
0.0548195
0.0640521
0.0541711
0.049092
0.0370435
0.0311661
0.0237635
0.0231462
0.20721
0.20775
0.208196
0.208532
0.208846
0.209165
0.209437
0.209593
0.209729
0.209861
0.209905
0.20997
0.209834
0.2098
0.209964
0.209091
0.209637
0.209029
0.208522
0.208718
0.208017
0.207436
0.207257
0.206756
0.206153
0.205184
0.205108
0.204212
0.203383
0.202631
0.201973
0.200844
0.20017
0.199097
0.197801
0.197477
0.195962
0.194503
0.193291
0.192722
0.191797
0.188648
0.187937
0.188269
0.185145
0.183322
0.182523
0.181377
0.179539
0.175982
0.1751
0.174583
0.17179
0.169276
0.168376
0.167703
0.162488
0.15953
0.160611
0.156984
0.155459
0.154094
0.150444
0.150202
0.14519
0.140808
0.140249
0.137333
0.137211
0.134849
0.130064
0.129576
0.125951
0.11944
0.117903
0.111742
0.108509
0.113605
0.1072
0.108596
0.106436
0.0925662
0.0972346
0.0855786
0.0742947
0.0797964
0.0801052
0.093468
0.0786269
0.0655835
0.0763964
0.0535077
0.0483429
0.0526081
0.0419376
0.046863
0.0519928
0.0596851
0.0514737
0.0355088
0.208425
0.208957
0.209352
0.20965
0.209969
0.210315
0.21061
0.210824
0.210976
0.211042
0.211022
0.211106
0.211246
0.210896
0.211294
0.210582
0.21039
0.210906
0.209741
0.209801
0.209547
0.208935
0.208233
0.208071
0.207577
0.206677
0.206081
0.205802
0.205092
0.203591
0.203323
0.202043
0.201568
0.200685
0.198838
0.198467
0.197125
0.196459
0.194288
0.192745
0.193242
0.191097
0.188735
0.187726
0.18709
0.185198
0.182034
0.181858
0.181345
0.178041
0.176022
0.174633
0.173222
0.170398
0.16839
0.168648
0.165737
0.163294
0.160625
0.157045
0.158573
0.154256
0.149245
0.15186
0.148845
0.145972
0.144035
0.136894
0.135081
0.134768
0.129652
0.129702
0.129228
0.122684
0.124378
0.119037
0.111689
0.114074
0.100669
0.103325
0.108159
0.0922071
0.102603
0.10467
0.0940966
0.0848687
0.0705042
0.079631
0.0662697
0.0634976
0.0816232
0.0641213
0.0713614
0.0764757
0.0568814
0.0505865
0.0383419
0.0360047
0.0437995
0.0667135
0.21003
0.210442
0.210802
0.211177
0.211521
0.211801
0.212023
0.212287
0.212499
0.212576
0.212594
0.21257
0.21284
0.212373
0.212364
0.21265
0.211507
0.212369
0.211584
0.210921
0.210911
0.210708
0.209675
0.209325
0.208814
0.208521
0.207163
0.206768
0.206409
0.204982
0.204508
0.203411
0.202671
0.201778
0.200349
0.199343
0.197953
0.197785
0.196183
0.193972
0.193164
0.192735
0.191285
0.187862
0.187854
0.187548
0.183966
0.182728
0.181313
0.180201
0.178974
0.175573
0.174963
0.173476
0.169636
0.167848
0.166949
0.166816
0.162621
0.158851
0.160717
0.155017
0.151299
0.153049
0.146286
0.1455
0.148284
0.140922
0.138459
0.139328
0.129852
0.128431
0.130533
0.120058
0.124072
0.123104
0.116276
0.124945
0.108362
0.104955
0.112654
0.0899572
0.0911263
0.0958267
0.0980987
0.0985305
0.084101
0.0916023
0.0752618
0.069645
0.0823431
0.0570213
0.0577945
0.0614741
0.0590164
0.0751585
0.0730241
0.0595025
0.0322008
0.0169152
0.211391
0.211724
0.212111
0.212583
0.212977
0.213232
0.213403
0.213621
0.213816
0.213941
0.214103
0.21399
0.214062
0.213959
0.213203
0.214243
0.213111
0.213
0.213213
0.212264
0.211979
0.211978
0.211243
0.210599
0.209805
0.210007
0.208702
0.207837
0.207353
0.206771
0.205773
0.204994
0.203946
0.202654
0.202313
0.200978
0.199578
0.198613
0.197815
0.197009
0.194237
0.193411
0.193803
0.190277
0.189261
0.188668
0.186429
0.18586
0.182509
0.18099
0.18102
0.177614
0.175838
0.174942
0.173027
0.169734
0.166225
0.167227
0.164526
0.160543
0.161782
0.157021
0.155271
0.155741
0.14714
0.145872
0.148415
0.140226
0.138808
0.145327
0.134874
0.131608
0.136282
0.121893
0.126224
0.122939
0.10905
0.126127
0.111176
0.103228
0.123202
0.108914
0.103306
0.0956705
0.0889655
0.0840078
0.0747673
0.0975473
0.0843556
0.0753217
0.0931226
0.0786754
0.0784276
0.0654941
0.0484637
0.0496636
0.0472467
0.0624379
0.0740507
0.0790999
0.212679
0.21307
0.213498
0.213949
0.214339
0.214643
0.214871
0.21503
0.21514
0.215276
0.215524
0.215516
0.215233
0.215738
0.214752
0.2154
0.21536
0.214053
0.214684
0.214248
0.213617
0.213151
0.213025
0.212492
0.211514
0.211362
0.210882
0.210056
0.208803
0.20885
0.207552
0.206948
0.205993
0.204342
0.204451
0.202924
0.202123
0.200289
0.198846
0.199527
0.19693
0.194731
0.194602
0.19288
0.191896
0.18919
0.187705
0.188113
0.184137
0.182314
0.181956
0.178921
0.177329
0.175491
0.174519
0.173025
0.169037
0.168481
0.165292
0.162648
0.16359
0.157823
0.156305
0.158337
0.152599
0.149443
0.151166
0.143319
0.137945
0.145312
0.135745
0.132697
0.139707
0.124401
0.134236
0.1312
0.107773
0.128633
0.114374
0.0981899
0.11843
0.108081
0.105874
0.103329
0.1024
0.0954388
0.0781249
0.098372
0.0844999
0.070713
0.0777781
0.0640262
0.0800838
0.0893214
0.0848061
0.0766567
0.0590982
0.0489639
0.0389723
0.0482117
0.214541
0.215075
0.215554
0.215909
0.21621
0.216532
0.216873
0.217087
0.217188
0.217292
0.217423
0.21763
0.217152
0.217844
0.217584
0.216866
0.217857
0.216414
0.216474
0.216647
0.216122
0.215095
0.215152
0.214798
0.214202
0.21305
0.212956
0.21266
0.210959
0.210864
0.209565
0.208919
0.208138
0.206526
0.206268
0.204391
0.204211
0.202642
0.200311
0.200249
0.198973
0.197355
0.194891
0.194041
0.19441
0.190542
0.189036
0.188782
0.185654
0.185354
0.183181
0.180541
0.181019
0.177076
0.174895
0.175503
0.172577
0.170974
0.167596
0.165732
0.165546
0.160265
0.157984
0.159142
0.154988
0.149519
0.154139
0.151112
0.1409
0.145932
0.137454
0.133204
0.141223
0.123139
0.134215
0.136711
0.109994
0.134738
0.127197
0.105847
0.119637
0.103874
0.0942026
0.0889473
0.102323
0.109952
0.0890116
0.0998183
0.091155
0.0914956
0.0969641
0.0704541
0.0677194
0.0642939
0.0635282
0.0723478
0.0822607
0.086755
0.0709266
0.0557486
0.216777
0.217421
0.217952
0.218275
0.218518
0.218801
0.219163
0.219452
0.219643
0.219769
0.219687
0.219963
0.219626
0.219655
0.220453
0.218723
0.219662
0.219231
0.218435
0.218554
0.218397
0.217415
0.217106
0.216536
0.216701
0.21505
0.214512
0.214428
0.213165
0.212437
0.2113
0.210566
0.20963
0.208627
0.207869
0.205857
0.205428
0.204545
0.203085
0.201143
0.199951
0.200377
0.196917
0.195835
0.196184
0.192574
0.192464
0.190641
0.18732
0.188807
0.185669
0.18278
0.184073
0.180146
0.177913
0.176649
0.17326
0.173403
0.170684
0.167389
0.167488
0.165241
0.159937
0.159039
0.158557
0.149959
0.151922
0.153827
0.143731
0.149493
0.143197
0.136093
0.147656
0.127318
0.133624
0.13944
0.107193
0.13126
0.131207
0.108131
0.118004
0.109034
0.110725
0.0991325
0.0997318
0.105135
0.089223
0.0983095
0.083842
0.0850314
0.102496
0.0976478
0.0973584
0.0824891
0.0701287
0.0610401
0.055722
0.0599502
0.0721375
0.086022
0.218678
0.219318
0.219848
0.220237
0.220539
0.220802
0.221076
0.221321
0.221566
0.221766
0.221593
0.221699
0.221885
0.221005
0.222309
0.220915
0.220727
0.221409
0.22041
0.22
0.219879
0.219539
0.218956
0.217894
0.218357
0.217217
0.216271
0.215627
0.21531
0.21424
0.213338
0.21268
0.211336
0.210997
0.209835
0.208476
0.207442
0.206176
0.206407
0.203935
0.201785
0.202979
0.200223
0.199258
0.1982
0.194786
0.195963
0.193388
0.189945
0.191394
0.18769
0.185102
0.185551
0.182027
0.181215
0.178743
0.174793
0.175176
0.17267
0.168875
0.168799
0.167968
0.161718
0.160432
0.164497
0.15485
0.152274
0.15687
0.144463
0.150003
0.147744
0.138584
0.152936
0.128938
0.133804
0.150681
0.112989
0.125935
0.126762
0.103978
0.109496
0.107554
0.122992
0.113827
0.108557
0.107452
0.0965354
0.112911
0.0982841
0.0853498
0.0826538
0.0751078
0.0825617
0.0872688
0.0947598
0.0929527
0.0833704
0.0675658
0.0566321
0.0522986
0.220525
0.221049
0.221504
0.221957
0.222395
0.222722
0.222923
0.223079
0.223274
0.223519
0.223502
0.223361
0.224157
0.222989
0.223672
0.223742
0.222505
0.223441
0.222986
0.222226
0.221682
0.221892
0.221453
0.220343
0.220162
0.219851
0.219277
0.217748
0.217958
0.216846
0.216186
0.21566
0.213937
0.213937
0.212289
0.211781
0.210805
0.208379
0.208907
0.207483
0.205069
0.204795
0.202579
0.202282
0.200235
0.196891
0.198014
0.19545
0.192606
0.192795
0.189084
0.188058
0.186901
0.182758
0.183695
0.181836
0.177833
0.177816
0.175741
0.171973
0.169416
0.170016
0.166944
0.161398
0.16636
0.160934
0.156666
0.162001
0.146875
0.150859
0.149816
0.138515
0.155578
0.127004
0.127262
0.155322
0.120813
0.125166
0.125385
0.112668
0.122704
0.112874
0.11594
0.107802
0.11187
0.111628
0.0984623
0.112133
0.108804
0.108425
0.100453
0.0838571
0.0795072
0.0727199
0.0715302
0.075084
0.0838207
0.0884164
0.0903321
0.0831025
0.223256
0.223641
0.224001
0.224467
0.224991
0.225414
0.225644
0.225795
0.22593
0.226132
0.226431
0.226068
0.226979
0.226467
0.225818
0.22718
0.225791
0.225984
0.226143
0.225585
0.224704
0.224837
0.224484
0.223986
0.222778
0.222686
0.222851
0.220973
0.220949
0.219817
0.21919
0.218525
0.216732
0.216845
0.21473
0.214244
0.213899
0.211114
0.210254
0.209502
0.208184
0.206616
0.204045
0.204001
0.202327
0.19946
0.199687
0.196947
0.195163
0.195041
0.191434
0.191288
0.189986
0.185836
0.186056
0.184111
0.181513
0.18073
0.17836
0.177174
0.172185
0.172173
0.172505
0.162384
0.16711
0.164145
0.154799
0.162602
0.153336
0.15594
0.150686
0.135325
0.160267
0.1349
0.123984
0.149156
0.118503
0.123832
0.130048
0.125054
0.135306
0.123238
0.120768
0.110669
0.117618
0.118978
0.105903
0.10266
0.088346
0.0947536
0.101337
0.103939
0.106418
0.0974472
0.0874205
0.0783386
0.0726866
0.0665802
0.0704214
0.0762491
0.226564
0.226923
0.227298
0.227757
0.228245
0.228681
0.228962
0.229183
0.229334
0.2294
0.229899
0.229524
0.229779
0.230386
0.22865
0.230097
0.229479
0.228696
0.22892
0.228768
0.227968
0.227632
0.226918
0.227322
0.22576
0.22509
0.225312
0.223817
0.223376
0.222186
0.221478
0.220637
0.219049
0.219222
0.217076
0.215964
0.215814
0.213985
0.212324
0.210809
0.21049
0.209402
0.206639
0.206406
0.204967
0.202611
0.202905
0.199934
0.198349
0.198469
0.195042
0.194544
0.193537
0.190027
0.189045
0.186428
0.185072
0.182435
0.179011
0.182125
0.17524
0.172009
0.175978
0.165057
0.168235
0.167267
0.153966
0.161739
0.155986
0.15996
0.155347
0.131971
0.160977
0.146172
0.127791
0.146339
0.121876
0.132539
0.138935
0.126271
0.127552
0.123633
0.129998
0.122321
0.123314
0.118713
0.11539
0.114196
0.09756
0.0947054
0.0893153
0.0878198
0.0920376
0.0955708
0.0986446
0.100746
0.0968776
0.0854859
0.0753392
0.0632851
0.229198
0.229681
0.230178
0.230641
0.231024
0.231374
0.231655
0.231949
0.232189
0.232131
0.232542
0.232545
0.231788
0.233187
0.231423
0.231848
0.23226
0.231114
0.230927
0.230886
0.23058
0.230019
0.228752
0.229525
0.228458
0.227334
0.226894
0.226263
0.22574
0.22446
0.223847
0.22291
0.221689
0.221757
0.219981
0.218816
0.217827
0.217077
0.216516
0.213832
0.213466
0.213181
0.210399
0.21033
0.208488
0.205969
0.206963
0.20385
0.201514
0.201877
0.198587
0.196864
0.195598
0.193095
0.191845
0.188214
0.188144
0.185155
0.179346
0.183888
0.177709
0.172341
0.178696
0.167446
0.168762
0.174136
0.160828
0.164271
0.154047
0.160075
0.163649
0.133218
0.155779
0.146324
0.1297
0.155046
0.137257
0.140134
0.143368
0.13128
0.128443
0.126377
0.130168
0.124982
0.122514
0.106859
0.105944
0.115705
0.116044
0.119555
0.109544
0.0983381
0.09383
0.0882783
0.0829704
0.0833282
0.0837083
0.0913311
0.0964977
0.0919284
0.231238
0.231874
0.232478
0.232935
0.233236
0.233508
0.233802
0.234131
0.234464
0.234414
0.234512
0.235123
0.233774
0.235152
0.23456
0.233796
0.234698
0.234004
0.233469
0.233119
0.2333
0.233011
0.231666
0.231914
0.23152
0.230838
0.229559
0.229499
0.229021
0.227824
0.227484
0.226304
0.225622
0.225185
0.223579
0.223492
0.221336
0.220375
0.221177
0.218013
0.217218
0.216661
0.213479
0.214231
0.211982
0.208517
0.209791
0.206842
0.203908
0.204146
0.200843
0.198928
0.197215
0.195077
0.194536
0.18973
0.190298
0.190041
0.182067
0.184879
0.181505
0.174207
0.182745
0.173389
0.169101
0.175699
0.166408
0.171086
0.154984
0.156742
0.167699
0.13744
0.157044
0.150286
0.131907
0.159575
0.146565
0.14143
0.142006
0.135858
0.139218
0.139053
0.128667
0.120151
0.124076
0.112878
0.112067
0.109309
0.103489
0.112752
0.113236
0.113514
0.113209
0.105035
0.0995346
0.0922785
0.0816886
0.0801558
0.0788349
0.0802385
0.234156
0.234846
0.235463
0.235919
0.236235
0.236518
0.236858
0.237182
0.237554
0.237717
0.237466
0.238562
0.237492
0.237905
0.238753
0.237411
0.237983
0.238037
0.237548
0.236821
0.237076
0.237039
0.236286
0.235587
0.235235
0.235525
0.233791
0.233768
0.233086
0.231971
0.231848
0.230106
0.230029
0.228942
0.226818
0.22797
0.225262
0.223273
0.22413
0.220883
0.220379
0.219304
0.215382
0.216732
0.214714
0.210626
0.211694
0.209007
0.206263
0.206427
0.203316
0.20236
0.20008
0.197637
0.198804
0.192821
0.191475
0.195234
0.186881
0.187184
0.186962
0.177147
0.186683
0.180198
0.169567
0.173559
0.166366
0.175101
0.158418
0.154765
0.169993
0.142443
0.164146
0.163273
0.140942
0.160094
0.147584
0.141305
0.144364
0.138424
0.138369
0.140456
0.126082
0.120559
0.127879
0.124863
0.133185
0.123171
0.110462
0.108605
0.100748
0.101663
0.101102
0.0991124
0.105183
0.107157
0.10362
0.099144
0.0885595
0.082362
0.238467
0.239103
0.239664
0.240145
0.240546
0.240893
0.241287
0.241588
0.241883
0.242335
0.241843
0.242806
0.242669
0.241772
0.243342
0.24225
0.242004
0.242399
0.242185
0.241338
0.241215
0.240849
0.24105
0.239844
0.238829
0.239538
0.237802
0.237607
0.236476
0.235378
0.235385
0.232952
0.23341
0.232036
0.229076
0.230438
0.228014
0.225864
0.225941
0.222645
0.223009
0.222183
0.21788
0.219025
0.217518
0.213852
0.214838
0.212108
0.210121
0.210038
0.20698
0.207419
0.204542
0.200258
0.203505
0.198443
0.193361
0.198694
0.190545
0.189248
0.192844
0.179386
0.185533
0.183303
0.173017
0.17648
0.165622
0.174954
0.162079
0.159723
0.178587
0.147028
0.164113
0.173889
0.153724
0.159826
0.145025
0.14373
0.155119
0.143584
0.132293
0.133623
0.125865
0.131447
0.131026
0.123072
0.132194
0.128487
0.128146
0.123162
0.11076
0.108378
0.102996
0.0968631
0.0955621
0.0921363
0.0944726
0.0989372
0.0981388
0.100619
0.242726
0.243315
0.243825
0.244302
0.244757
0.245147
0.245555
0.245833
0.245941
0.246537
0.2461
0.24625
0.247168
0.245428
0.246744
0.246452
0.245512
0.24567
0.245588
0.245023
0.244581
0.243383
0.24412
0.24305
0.241499
0.241927
0.240576
0.240424
0.238922
0.237882
0.238013
0.235215
0.235897
0.23475
0.231753
0.232372
0.230519
0.229371
0.229199
0.225827
0.226365
0.226216
0.222224
0.22296
0.221414
0.218515
0.219456
0.216639
0.215074
0.214259
0.210569
0.211578
0.209278
0.202147
0.206175
0.204343
0.196154
0.200473
0.19264
0.189467
0.196849
0.182173
0.183891
0.184948
0.177462
0.18245
0.169704
0.179848
0.167393
0.162906
0.18742
0.159006
0.165756
0.170581
0.151631
0.161255
0.151764
0.148
0.156204
0.142707
0.136121
0.137996
0.134058
0.145576
0.139515
0.127929
0.124115
0.113644
0.11868
0.120598
0.118506
0.121379
0.116813
0.113943
0.109648
0.0993784
0.0968798
0.0912178
0.0884082
0.0891514
0.245653
0.246227
0.246715
0.247182
0.247664
0.248071
0.248444
0.248731
0.248689
0.249217
0.249239
0.24844
0.250039
0.248388
0.248785
0.249269
0.248259
0.248047
0.247817
0.247726
0.24749
0.24574
0.246389
0.245883
0.24458
0.244313
0.243327
0.243477
0.241874
0.241
0.24129
0.23883
0.23926
0.238401
0.236381
0.236338
0.234504
0.234157
0.234489
0.23093
0.230899
0.230708
0.22724
0.227898
0.225922
0.2231
0.223367
0.220706
0.218859
0.217994
0.212755
0.213224
0.213774
0.204562
0.206578
0.208214
0.198834
0.201825
0.196152
0.190075
0.200183
0.187513
0.18676
0.189334
0.182214
0.1869
0.174465
0.188117
0.174738
0.163797
0.191031
0.170265
0.169323
0.162631
0.147929
0.166611
0.160685
0.150837
0.147867
0.137698
0.147588
0.152201
0.14486
0.148884
0.138695
0.135842
0.13213
0.119561
0.119964
0.114279
0.112956
0.113748
0.109563
0.114426
0.114435
0.113762
0.112922
0.103804
0.0999992
0.0926959
0.248256
0.24881
0.249311
0.249808
0.250322
0.250764
0.251104
0.251438
0.251403
0.25169
0.252411
0.251093
0.252707
0.252024
0.251503
0.252309
0.25182
0.251507
0.250957
0.251224
0.251532
0.249961
0.25001
0.249742
0.249371
0.248632
0.247779
0.248089
0.246581
0.245911
0.246068
0.244263
0.244208
0.243003
0.24194
0.242119
0.239596
0.238992
0.239456
0.235867
0.235388
0.234327
0.23108
0.231556
0.229811
0.226164
0.225782
0.223188
0.220847
0.22178
0.21529
0.213703
0.217556
0.20927
0.20752
0.21139
0.201803
0.204555
0.203107
0.19374
0.204934
0.193884
0.191564
0.195641
0.189092
0.189179
0.172865
0.192756
0.186132
0.169841
0.183928
0.167634
0.17447
0.168286
0.155767
0.16681
0.158578
0.155032
0.152959
0.145383
0.158694
0.156958
0.146837
0.142492
0.128578
0.135233
0.137029
0.135036
0.134442
0.123428
0.122694
0.117656
0.112706
0.111435
0.104518
0.105105
0.104099
0.103839
0.106605
0.103368
0.252397
0.252954
0.253491
0.254018
0.254556
0.255062
0.255412
0.255815
0.255977
0.255916
0.257213
0.256028
0.256913
0.257421
0.256462
0.256975
0.257077
0.25696
0.256147
0.256284
0.256733
0.255967
0.255482
0.254809
0.255267
0.254345
0.25338
0.253419
0.251976
0.251557
0.251108
0.249631
0.249482
0.247318
0.246302
0.247017
0.243839
0.242507
0.242321
0.239019
0.238634
0.237588
0.233737
0.233661
0.23293
0.228617
0.228735
0.225871
0.222932
0.225977
0.220558
0.215718
0.221235
0.21615
0.210887
0.216084
0.206253
0.209031
0.211023
0.198819
0.209252
0.200309
0.194584
0.196212
0.193864
0.194826
0.175438
0.190903
0.189453
0.179844
0.182126
0.164442
0.175141
0.174088
0.168402
0.169635
0.154498
0.160568
0.165639
0.159897
0.164503
0.150501
0.145316
0.142115
0.133053
0.136288
0.129625
0.132764
0.13392
0.132088
0.134592
0.128017
0.125964
0.120189
0.112773
0.109684
0.102711
0.101288
0.0989954
0.0963826
0.258045
0.258643
0.259224
0.259767
0.260296
0.260837
0.261206
0.261612
0.262052
0.261632
0.262975
0.262475
0.262248
0.263457
0.262581
0.262391
0.262686
0.262801
0.261989
0.261767
0.261608
0.261608
0.261019
0.259538
0.260166
0.259104
0.258034
0.257633
0.256052
0.255981
0.254724
0.253103
0.253495
0.250617
0.249066
0.249987
0.2469
0.245256
0.244824
0.241644
0.241508
0.241713
0.237023
0.236644
0.236539
0.232661
0.233701
0.231218
0.226771
0.230205
0.228139
0.219853
0.225018
0.223331
0.215824
0.22109
0.211693
0.213497
0.216908
0.201342
0.209463
0.205969
0.197314
0.19397
0.195664
0.20203
0.185515
0.189527
0.186406
0.188831
0.18739
0.168093
0.176621
0.174554
0.177228
0.176341
0.157348
0.16622
0.170085
0.167285
0.16381
0.144926
0.145165
0.144685
0.146945
0.147513
0.137443
0.136161
0.129929
0.129344
0.127875
0.123298
0.12442
0.121669
0.122588
0.120832
0.115642
0.112729
0.105305
0.101749
0.263263
0.263918
0.264535
0.265085
0.265572
0.26607
0.266416
0.266706
0.267379
0.266818
0.26759
0.268003
0.266823
0.268014
0.267641
0.266842
0.266962
0.267112
0.266597
0.266245
0.265012
0.265218
0.264971
0.263021
0.263392
0.262225
0.261404
0.260832
0.258928
0.25933
0.257623
0.255621
0.256818
0.254202
0.252166
0.253002
0.250469
0.249204
0.249661
0.24602
0.245648
0.246993
0.242521
0.241894
0.241847
0.238291
0.23915
0.238631
0.231858
0.233472
0.235025
0.225264
0.228047
0.228696
0.220126
0.224406
0.21569
0.215189
0.221641
0.203004
0.206509
0.210024
0.204359
0.197296
0.196087
0.203634
0.198777
0.197539
0.183307
0.189348
0.189593
0.181025
0.188996
0.17324
0.174183
0.177449
0.170356
0.178485
0.168882
0.160908
0.153549
0.146064
0.152494
0.151253
0.155694
0.153087
0.148213
0.145039
0.136533
0.134429
0.128376
0.124981
0.121956
0.117033
0.116921
0.114564
0.115569
0.115522
0.113343
0.112592
0.266894
0.267581
0.268199
0.268741
0.26919
0.26964
0.269994
0.270145
0.270935
0.270621
0.270524
0.271746
0.270241
0.270956
0.271243
0.270325
0.270233
0.270114
0.269914
0.269954
0.268031
0.26811
0.268345
0.266588
0.266769
0.265542
0.265225
0.264889
0.26268
0.26364
0.262151
0.259703
0.261261
0.259542
0.257419
0.258329
0.255929
0.254864
0.25645
0.252482
0.251062
0.252465
0.249002
0.247656
0.247894
0.24354
0.242823
0.244628
0.236872
0.235384
0.239428
0.23068
0.229856
0.231915
0.222888
0.227314
0.218894
0.214642
0.226479
0.209763
0.207041
0.21269
0.212046
0.208016
0.20332
0.199347
0.203258
0.206494
0.187739
0.1932
0.188759
0.187958
0.196905
0.177306
0.176902
0.179309
0.179274
0.180832
0.164281
0.157631
0.154085
0.159149
0.164773
0.158674
0.154139
0.145372
0.146123
0.146626
0.14508
0.142772
0.135818
0.133384
0.128546
0.125095
0.121812
0.116776
0.114854
0.111073
0.109236
0.107109
0.270115
0.270856
0.271509
0.272075
0.272534
0.272967
0.273405
0.273515
0.274263
0.27454
0.273716
0.275391
0.27425
0.274349
0.275103
0.274529
0.27447
0.273967
0.273868
0.274637
0.272873
0.272757
0.273212
0.272028
0.272256
0.270854
0.27083
0.270874
0.268394
0.269631
0.268873
0.266083
0.267335
0.266162
0.264022
0.265113
0.262302
0.260476
0.2624
0.258937
0.256101
0.256956
0.254121
0.251741
0.252786
0.247756
0.24469
0.247897
0.241864
0.237069
0.242317
0.236138
0.232036
0.234589
0.225519
0.232573
0.225187
0.214918
0.230333
0.221064
0.213575
0.216759
0.214668
0.21581
0.214789
0.197424
0.202906
0.210064
0.195229
0.20185
0.189776
0.188295
0.197875
0.186973
0.186105
0.179487
0.177192
0.175385
0.167231
0.167573
0.165279
0.169708
0.1685
0.163372
0.157242
0.148584
0.146625
0.142324
0.141141
0.138523
0.136487
0.136941
0.135213
0.135242
0.13156
0.127175
0.122432
0.116346
0.112861
0.107925
0.275016
0.275821
0.276546
0.277191
0.27772
0.278161
0.278697
0.278868
0.27938
0.280356
0.279193
0.280803
0.280436
0.280037
0.280815
0.280668
0.280903
0.280136
0.279798
0.280957
0.279826
0.27954
0.279689
0.278931
0.279336
0.277652
0.277511
0.277824
0.275094
0.275929
0.275695
0.272699
0.273274
0.271933
0.269454
0.270701
0.26781
0.264534
0.265883
0.263556
0.259921
0.260562
0.257867
0.25438
0.256157
0.252432
0.247176
0.250413
0.247959
0.2405
0.24526
0.242323
0.237064
0.239492
0.228988
0.238805
0.236139
0.218599
0.231657
0.229436
0.221527
0.22397
0.213143
0.214964
0.224465
0.203865
0.206207
0.208805
0.198356
0.210258
0.199408
0.192648
0.192075
0.187976
0.192657
0.186749
0.181715
0.172863
0.169242
0.174283
0.177012
0.17839
0.169064
0.162566
0.157281
0.15498
0.153271
0.147771
0.145084
0.140951
0.139593
0.136868
0.133489
0.13141
0.12824
0.127839
0.125445
0.123375
0.120927
0.117122
0.281902
0.28271
0.283452
0.284139
0.284734
0.285191
0.285786
0.286092
0.286209
0.287664
0.286555
0.287574
0.287954
0.287361
0.287719
0.287728
0.288286
0.287505
0.28678
0.287558
0.286897
0.286557
0.285958
0.285149
0.285666
0.283781
0.283252
0.283638
0.280784
0.280789
0.280571
0.27753
0.277716
0.276122
0.272977
0.274164
0.272165
0.267946
0.268558
0.267346
0.263685
0.264501
0.262466
0.257916
0.2595
0.258794
0.252432
0.254226
0.255394
0.246719
0.249385
0.248616
0.244161
0.247625
0.233208
0.241696
0.246772
0.225234
0.23259
0.231469
0.224673
0.233466
0.215947
0.211317
0.227304
0.213032
0.215987
0.212415
0.200681
0.210424
0.205722
0.201305
0.193837
0.19059
0.193757
0.189411
0.185789
0.178797
0.180032
0.182763
0.182724
0.176383
0.163715
0.158242
0.156988
0.161484
0.16158
0.158255
0.153321
0.147767
0.145401
0.141243
0.138085
0.133279
0.129016
0.126053
0.122506
0.121125
0.118497
0.117111
0.288755
0.289523
0.290232
0.290906
0.291519
0.291961
0.29253
0.293019
0.292695
0.29418
0.29349
0.29367
0.294435
0.29398
0.293789
0.293599
0.294195
0.293604
0.292751
0.292673
0.29209
0.291958
0.290793
0.28964
0.290085
0.288207
0.287271
0.287599
0.285003
0.284486
0.284097
0.281152
0.281476
0.280276
0.276536
0.277414
0.27696
0.272934
0.273094
0.272617
0.269003
0.269723
0.269348
0.264201
0.264268
0.266278
0.260057
0.259051
0.262721
0.254621
0.254497
0.253407
0.249243
0.256641
0.23815
0.240142
0.25163
0.232035
0.236516
0.233104
0.223592
0.240764
0.225944
0.215206
0.228152
0.218177
0.223275
0.21929
0.207731
0.208761
0.20664
0.208203
0.200972
0.196162
0.193263
0.190748
0.191162
0.190174
0.190918
0.184656
0.178513
0.1716
0.167974
0.166813
0.164877
0.163342
0.158937
0.157294
0.155237
0.154182
0.151904
0.148093
0.144482
0.139208
0.135392
0.13076
0.127172
0.124037
0.120353
0.117626
0.293813
0.29455
0.295234
0.295883
0.296491
0.296913
0.297386
0.298093
0.297507
0.29861
0.298583
0.298057
0.29882
0.298785
0.298243
0.297735
0.298068
0.297703
0.297267
0.29651
0.295776
0.296125
0.294924
0.293609
0.29398
0.292381
0.291331
0.29159
0.289465
0.28902
0.288687
0.285826
0.286439
0.28633
0.282519
0.282728
0.283339
0.280007
0.279877
0.279972
0.276054
0.275695
0.277108
0.27234
0.269901
0.272933
0.267971
0.263367
0.267773
0.261642
0.260059
0.256822
0.249778
0.26295
0.244782
0.238821
0.252277
0.237114
0.244043
0.241253
0.22485
0.243406
0.236498
0.226179
0.231995
0.221192
0.224069
0.222827
0.218218
0.212344
0.206193
0.208121
0.206897
0.206212
0.20085
0.195898
0.191691
0.191877
0.193648
0.188734
0.181306
0.17362
0.172701
0.173081
0.17316
0.169494
0.163909
0.159771
0.156064
0.153739
0.149517
0.146105
0.143158
0.141494
0.140582
0.138253
0.135761
0.131391
0.127341
0.122856
0.297729
0.298465
0.299153
0.299804
0.300432
0.300899
0.301284
0.30221
0.301715
0.302238
0.302928
0.302094
0.302603
0.303082
0.302601
0.302082
0.302119
0.301842
0.302181
0.301303
0.300344
0.3011
0.300267
0.299162
0.299518
0.298337
0.297547
0.297728
0.295899
0.295815
0.295835
0.29288
0.293284
0.294215
0.290756
0.289962
0.290655
0.287666
0.286951
0.287624
0.283412
0.280991
0.283079
0.279869
0.274867
0.277206
0.274602
0.266981
0.270378
0.265873
0.265818
0.261512
0.248569
0.265464
0.253476
0.243271
0.255615
0.241569
0.25144
0.254151
0.232767
0.243401
0.240961
0.23593
0.237656
0.227253
0.223799
0.221177
0.224093
0.220514
0.213204
0.210007
0.209452
0.209825
0.206769
0.203911
0.19805
0.194896
0.192222
0.188278
0.182606
0.178839
0.179967
0.18121
0.180675
0.175031
0.168449
0.162204
0.158322
0.155729
0.152659
0.149636
0.145786
0.143068
0.140073
0.137492
0.134845
0.131927
0.129686
0.126549
0.302753
0.303516
0.304244
0.304934
0.305622
0.306202
0.306517
0.307555
0.307497
0.307465
0.30875
0.30807
0.30822
0.309066
0.308898
0.308736
0.30862
0.308131
0.309135
0.308551
0.307418
0.308275
0.307738
0.306936
0.30719
0.306189
0.30573
0.305824
0.30387
0.30387
0.304308
0.301151
0.300592
0.301783
0.298773
0.297034
0.297342
0.294177
0.2923
0.293404
0.289784
0.285276
0.286538
0.28567
0.279083
0.279674
0.280042
0.271498
0.273276
0.268112
0.271293
0.269901
0.251128
0.267065
0.262824
0.253212
0.26476
0.248095
0.254799
0.263077
0.244463
0.245177
0.241278
0.239459
0.240075
0.23526
0.229716
0.22287
0.225099
0.225892
0.222326
0.216779
0.214199
0.211633
0.209045
0.208117
0.20449
0.198978
0.192765
0.190357
0.189328
0.189312
0.187195
0.182638
0.177114
0.172568
0.170753
0.169088
0.166945
0.162753
0.158399
0.154227
0.150602
0.147467
0.143832
0.140446
0.136402
0.132884
0.129377
0.126027
0.310169
0.310987
0.311765
0.312484
0.313213
0.313925
0.314207
0.315163
0.315679
0.315195
0.316726
0.316479
0.316281
0.317139
0.317144
0.317445
0.317332
0.31637
0.317522
0.317301
0.316069
0.316674
0.316057
0.315392
0.315386
0.314129
0.313747
0.313736
0.311289
0.310838
0.311582
0.308392
0.306572
0.307317
0.304683
0.302367
0.302555
0.299378
0.296128
0.297233
0.295431
0.29004
0.289488
0.290965
0.284302
0.28266
0.285348
0.278323
0.279618
0.271411
0.275844
0.281027
0.260031
0.271268
0.270697
0.262714
0.275012
0.25738
0.255373
0.263294
0.25305
0.249745
0.244018
0.242014
0.239931
0.240019
0.238919
0.231801
0.228045
0.228236
0.22802
0.224219
0.221128
0.215586
0.209921
0.207719
0.20822
0.206293
0.200914
0.19634
0.193762
0.192985
0.190418
0.186072
0.180039
0.175137
0.171969
0.16995
0.167853
0.16494
0.162498
0.160073
0.157811
0.154444
0.150173
0.145374
0.140481
0.136423
0.13251
0.12929
0.31881
0.319686
0.32051
0.321243
0.321966
0.322772
0.323054
0.323709
0.324705
0.323909
0.325266
0.325463
0.325014
0.325557
0.325376
0.325928
0.325965
0.324535
0.325333
0.32521
0.323922
0.324125
0.323133
0.32246
0.322244
0.320496
0.319902
0.319905
0.31706
0.315838
0.316692
0.313916
0.311311
0.311548
0.309255
0.306685
0.30722
0.304925
0.300748
0.301147
0.301583
0.296908
0.294194
0.297257
0.29202
0.288201
0.291221
0.286523
0.289794
0.278273
0.279584
0.290785
0.272097
0.278102
0.276551
0.267367
0.279624
0.26694
0.258033
0.259677
0.256703
0.254908
0.25077
0.24918
0.243449
0.241957
0.244755
0.24268
0.23578
0.231778
0.230247
0.227548
0.225959
0.222534
0.216472
0.210572
0.209324
0.209069
0.206962
0.203177
0.199779
0.196834
0.193102
0.188638
0.183505
0.179368
0.176326
0.174569
0.172334
0.169219
0.165307
0.161114
0.157365
0.153843
0.150973
0.148024
0.145327
0.142321
0.138947
0.13539
0.326456
0.327364
0.328216
0.32895
0.329623
0.330447
0.330771
0.331003
0.332311
0.331454
0.332341
0.332835
0.332351
0.332546
0.331942
0.332435
0.332699
0.331086
0.331332
0.33108
0.329861
0.329835
0.328474
0.327779
0.327631
0.325548
0.324694
0.325011
0.322274
0.320385
0.321235
0.319289
0.316644
0.316787
0.315004
0.312225
0.313022
0.312337
0.308087
0.307002
0.308751
0.305884
0.301084
0.30443
0.30153
0.296437
0.297722
0.293509
0.300587
0.288119
0.283241
0.295711
0.281595
0.284694
0.281897
0.269505
0.277794
0.2736
0.265324
0.260588
0.260065
0.260133
0.25833
0.258924
0.253017
0.246101
0.246314
0.248385
0.243708
0.238198
0.234295
0.230211
0.227284
0.226453
0.224184
0.21877
0.214367
0.21198
0.210372
0.207149
0.203213
0.198644
0.194616
0.191522
0.1896
0.187817
0.18485
0.180743
0.175786
0.171259
0.167151
0.163751
0.160322
0.156783
0.153165
0.149541
0.146321
0.143021
0.140002
0.136755
0.332259
0.333195
0.334059
0.334788
0.335397
0.336194
0.336666
0.336529
0.337953
0.337307
0.337667
0.338292
0.338054
0.338159
0.337228
0.337469
0.337924
0.336559
0.336514
0.336128
0.335158
0.335252
0.333743
0.333061
0.333279
0.33125
0.330187
0.33097
0.328906
0.326748
0.32752
0.326384
0.32404
0.32441
0.323353
0.320214
0.320502
0.321254
0.317727
0.314781
0.316216
0.315476
0.309035
0.311123
0.310225
0.305553
0.304539
0.297695
0.307664
0.298007
0.287811
0.296996
0.286677
0.288848
0.287858
0.275007
0.275994
0.277382
0.275132
0.268499
0.267261
0.266795
0.263903
0.264994
0.263344
0.254763
0.249085
0.249626
0.247683
0.243665
0.240243
0.236029
0.230462
0.228273
0.22845
0.226758
0.221868
0.216659
0.212782
0.2097
0.206856
0.203416
0.199717
0.195824
0.192954
0.190608
0.18827
0.184926
0.180908
0.176734
0.172641
0.168723
0.164505
0.160415
0.15635
0.152799
0.149434
0.146095
0.142507
0.138585
0.337498
0.338479
0.339378
0.340147
0.340745
0.341511
0.342241
0.341911
0.343278
0.343075
0.343068
0.343664
0.343806
0.344138
0.343217
0.343226
0.343766
0.342926
0.342962
0.342513
0.341823
0.342329
0.340957
0.340252
0.340923
0.339226
0.337917
0.338976
0.337772
0.335604
0.336106
0.33539
0.33309
0.333449
0.333141
0.329647
0.32851
0.329669
0.327387
0.323001
0.322762
0.323861
0.316718
0.316554
0.316125
0.31344
0.311661
0.300611
0.310044
0.305706
0.29425
0.299134
0.290823
0.29157
0.293845
0.285919
0.280602
0.281269
0.28382
0.27883
0.276505
0.275251
0.26909
0.26612
0.267941
0.263736
0.255952
0.252344
0.250276
0.247071
0.245098
0.243161
0.23785
0.232384
0.230414
0.23036
0.227823
0.223029
0.217874
0.213913
0.210721
0.208054
0.205091
0.201572
0.197753
0.194007
0.190531
0.186649
0.182583
0.178483
0.175061
0.172114
0.169464
0.166564
0.163053
0.159049
0.154556
0.150098
0.145547
0.141325
0.344252
0.345272
0.346219
0.347078
0.347734
0.348462
0.349484
0.34918
0.350368
0.350737
0.350628
0.351028
0.35145
0.35212
0.351534
0.351471
0.351888
0.351491
0.35177
0.35125
0.350647
0.351541
0.35042
0.349545
0.350447
0.349118
0.347441
0.348322
0.347639
0.345402
0.345454
0.344781
0.342045
0.341739
0.341969
0.338493
0.335629
0.336038
0.335147
0.330366
0.327892
0.3302
0.323775
0.32161
0.31985
0.319285
0.319384
0.305634
0.311131
0.311385
0.30263
0.30495
0.298437
0.29621
0.298974
0.298264
0.291422
0.287577
0.290025
0.28665
0.283146
0.282755
0.276303
0.267956
0.267852
0.268539
0.263828
0.258676
0.25551
0.251543
0.248722
0.248143
0.245974
0.240305
0.234967
0.2324
0.230551
0.227432
0.223448
0.219768
0.216399
0.213321
0.210049
0.206482
0.202177
0.197585
0.193062
0.1891
0.185601
0.182342
0.179146
0.175798
0.172354
0.168602
0.164874
0.161074
0.15744
0.153799
0.150127
0.146404
0.353349
0.35439
0.355366
0.356309
0.357048
0.357704
0.358944
0.35884
0.359726
0.360576
0.360576
0.360694
0.361147
0.361959
0.361772
0.361767
0.361887
0.361624
0.362082
0.361436
0.360566
0.361505
0.360545
0.359271
0.360007
0.358948
0.356858
0.357137
0.356507
0.354056
0.353595
0.352923
0.349652
0.348173
0.3486
0.345802
0.341874
0.340868
0.341086
0.337109
0.332687
0.335315
0.330856
0.328139
0.324133
0.324006
0.327617
0.314781
0.315262
0.316985
0.312005
0.31332
0.309681
0.304772
0.303626
0.306996
0.302847
0.295411
0.294792
0.29178
0.286374
0.286631
0.28424
0.27487
0.269734
0.270694
0.269593
0.265822
0.262856
0.2589
0.253979
0.251388
0.250787
0.247919
0.242443
0.237252
0.233856
0.231002
0.228015
0.224823
0.221399
0.21755
0.213608
0.209907
0.206346
0.202589
0.198412
0.194254
0.190361
0.186776
0.18311
0.179357
0.175415
0.171443
0.167512
0.163599
0.159718
0.155758
0.151906
0.148092
0.363612
0.36467
0.365656
0.366641
0.367447
0.367982
0.369267
0.369429
0.369903
0.370978
0.37121
0.371074
0.371332
0.371938
0.371929
0.372033
0.371783
0.37134
0.37186
0.3711
0.369746
0.370372
0.369436
0.36768
0.368007
0.367131
0.364755
0.364372
0.363618
0.360928
0.359997
0.359597
0.356309
0.353695
0.353985
0.352408
0.348626
0.3462
0.346961
0.344658
0.339095
0.340974
0.338598
0.337103
0.331412
0.329423
0.335438
0.326737
0.323629
0.324024
0.321233
0.321167
0.320529
0.315715
0.30906
0.310954
0.310357
0.302577
0.299426
0.297052
0.290007
0.288112
0.289888
0.284971
0.277346
0.274951
0.274246
0.271556
0.269104
0.266644
0.261679
0.256228
0.253576
0.252282
0.249158
0.244162
0.239405
0.235589
0.232307
0.229065
0.225663
0.221676
0.217251
0.212962
0.209425
0.206356
0.203225
0.199731
0.196039
0.192277
0.188318
0.184079
0.179572
0.175005
0.170527
0.16636
0.162426
0.158649
0.154896
0.151116
0.37309
0.374159
0.375137
0.376123
0.376981
0.377383
0.378533
0.378973
0.379034
0.380071
0.380562
0.380287
0.380303
0.380473
0.380383
0.380599
0.380059
0.379295
0.379773
0.37907
0.377361
0.377592
0.376725
0.374682
0.374575
0.373878
0.371508
0.370752
0.370049
0.367298
0.365989
0.366131
0.363598
0.360367
0.360225
0.35981
0.357179
0.353775
0.354336
0.353845
0.348145
0.348365
0.346874
0.347481
0.341807
0.336813
0.341994
0.338231
0.333995
0.332228
0.329884
0.327078
0.327333
0.325429
0.316097
0.313277
0.314235
0.30836
0.304259
0.303767
0.297619
0.291704
0.293063
0.293472
0.28799
0.282938
0.280319
0.276977
0.273616
0.271906
0.269052
0.263447
0.257987
0.255149
0.253215
0.250013
0.245684
0.241381
0.237345
0.23343
0.229642
0.225879
0.221905
0.217793
0.213974
0.210549
0.207244
0.203628
0.199703
0.195634
0.191606
0.187563
0.183461
0.179361
0.175339
0.171388
0.167333
0.163152
0.158816
0.154438
0.380871
0.381956
0.382926
0.383899
0.384824
0.385165
0.386094
0.386828
0.386598
0.387392
0.388076
0.387845
0.387815
0.387634
0.387366
0.387722
0.387124
0.386059
0.386457
0.386039
0.384333
0.384342
0.383721
0.381712
0.38134
0.380887
0.378782
0.37798
0.377635
0.375151
0.373499
0.374052
0.372724
0.369483
0.368626
0.368651
0.36747
0.363597
0.363173
0.363888
0.359006
0.35735
0.355082
0.357058
0.353215
0.346113
0.347617
0.346986
0.343373
0.340018
0.337898
0.332293
0.330398
0.331766
0.324382
0.317754
0.318047
0.314432
0.309783
0.310674
0.308254
0.30038
0.297134
0.298486
0.296556
0.29172
0.28779
0.283657
0.278668
0.275444
0.273814
0.270453
0.264811
0.259783
0.256668
0.254078
0.250708
0.246812
0.242799
0.238745
0.234673
0.23084
0.227157
0.223389
0.219399
0.215342
0.211297
0.207203
0.202999
0.198732
0.194542
0.19044
0.18645
0.182557
0.178792
0.174966
0.17101
0.166952
0.162797
0.15858
0.387816
0.388943
0.389942
0.390924
0.391946
0.392347
0.393052
0.394081
0.393779
0.394265
0.395069
0.395042
0.39525
0.394998
0.394593
0.395138
0.39474
0.39355
0.393852
0.393809
0.392384
0.392358
0.3921
0.390386
0.389939
0.389742
0.387961
0.38721
0.387357
0.385368
0.383275
0.383686
0.383399
0.380511
0.37881
0.378312
0.37816
0.374239
0.372325
0.373211
0.369724
0.366865
0.362878
0.364341
0.363043
0.356154
0.353296
0.353146
0.350598
0.34641
0.345305
0.339192
0.333638
0.335831
0.332974
0.325725
0.324492
0.322575
0.317062
0.316556
0.317681
0.311928
0.304634
0.302517
0.301667
0.29822
0.294342
0.290668
0.285557
0.280308
0.277364
0.275412
0.271748
0.266559
0.261927
0.258429
0.255166
0.251586
0.247859
0.244075
0.24013
0.236145
0.232341
0.228654
0.224705
0.220369
0.215775
0.211193
0.206723
0.202405
0.19821
0.194141
0.190169
0.186227
0.182222
0.178079
0.17386
0.169587
0.165336
0.161093
0.395725
0.396912
0.397972
0.398982
0.400106
0.400672
0.401195
0.402498
0.402378
0.402654
0.403494
0.403669
0.404237
0.40414
0.403679
0.404387
0.404359
0.403268
0.403438
0.403636
0.402512
0.402465
0.402483
0.401108
0.400636
0.400585
0.39898
0.398063
0.398467
0.396993
0.39441
0.394033
0.394144
0.391715
0.389352
0.387678
0.387838
0.384283
0.380918
0.380969
0.378832
0.375929
0.370606
0.36987
0.370198
0.365701
0.360064
0.358784
0.357021
0.352224
0.352241
0.34862
0.340651
0.340587
0.341241
0.335683
0.332998
0.33221
0.326491
0.322223
0.323329
0.321529
0.314295
0.308462
0.305935
0.302991
0.299287
0.29633
0.292772
0.287466
0.28253
0.279625
0.277261
0.273502
0.268758
0.264304
0.260422
0.256661
0.252897
0.24915
0.245299
0.241172
0.236947
0.232815
0.228747
0.224558
0.220218
0.215837
0.211509
0.207245
0.203011
0.198815
0.194578
0.190243
0.185787
0.181329
0.176898
0.172519
0.168187
0.163898
0.405762
0.407001
0.408118
0.409142
0.410333
0.411121
0.411514
0.413003
0.413234
0.413423
0.414182
0.4144
0.415224
0.415366
0.414879
0.415608
0.415939
0.415044
0.415019
0.415213
0.414224
0.414019
0.414069
0.412843
0.412223
0.412132
0.410492
0.409069
0.409271
0.408222
0.405305
0.403804
0.40365
0.401638
0.399067
0.396189
0.396073
0.39328
0.389073
0.387754
0.386358
0.384307
0.379098
0.375796
0.375864
0.374496
0.368485
0.36586
0.364735
0.359291
0.359006
0.359062
0.351634
0.347922
0.349027
0.345407
0.341393
0.340918
0.336693
0.32937
0.326868
0.326997
0.322953
0.316444
0.311886
0.308431
0.30442
0.301119
0.298692
0.295054
0.289843
0.285225
0.282178
0.279346
0.275513
0.271034
0.266634
0.262443
0.258294
0.254177
0.250084
0.245877
0.241472
0.236966
0.232575
0.228346
0.224215
0.220093
0.215981
0.211853
0.207707
0.203488
0.199129
0.194598
0.189983
0.185374
0.180789
0.176234
0.171701
0.167236
0.417545
0.418822
0.419977
0.420991
0.422185
0.423192
0.423481
0.42498
0.425556
0.425744
0.426351
0.42644
0.42731
0.42763
0.427076
0.427597
0.428048
0.427312
0.427064
0.427076
0.426053
0.425556
0.42539
0.424082
0.423162
0.422899
0.421155
0.419059
0.41869
0.417969
0.415072
0.412629
0.411853
0.410128
0.407858
0.404273
0.403564
0.401749
0.397603
0.395034
0.393626
0.392469
0.388885
0.384102
0.382351
0.383096
0.378373
0.374831
0.374433
0.36878
0.366185
0.368278
0.363715
0.357438
0.356571
0.353973
0.348757
0.347213
0.345413
0.338394
0.331953
0.330428
0.329049
0.324524
0.319517
0.315571
0.311305
0.306936
0.303914
0.301448
0.29757
0.292508
0.288014
0.284589
0.281207
0.277186
0.272767
0.268349
0.263943
0.259483
0.254999
0.250594
0.246189
0.241699
0.237192
0.232812
0.228574
0.224405
0.220205
0.215942
0.211611
0.207191
0.202697
0.198174
0.193676
0.189179
0.184691
0.180195
0.175712
0.171209
0.42962
0.430933
0.432127
0.433121
0.434252
0.435424
0.435624
0.436939
0.437738
0.438003
0.438483
0.438366
0.439077
0.439437
0.438775
0.438891
0.439197
0.438538
0.438111
0.437902
0.43679
0.436003
0.435566
0.434099
0.432842
0.432412
0.430715
0.428142
0.427086
0.426586
0.424111
0.421271
0.419878
0.418268
0.416607
0.41298
0.411568
0.410616
0.407268
0.404062
0.402168
0.401078
0.399636
0.395088
0.391042
0.392052
0.388963
0.384746
0.384882
0.380143
0.374461
0.37547
0.373965
0.367444
0.364117
0.36175
0.356004
0.352214
0.351622
0.347668
0.340268
0.335541
0.333971
0.331431
0.327323
0.323464
0.319528
0.31469
0.310201
0.307096
0.304152
0.299916
0.294873
0.290293
0.286375
0.282451
0.278186
0.273742
0.269305
0.26483
0.260268
0.255733
0.251316
0.246949
0.242514
0.238014
0.233513
0.229033
0.224521
0.219968
0.215379
0.210761
0.206132
0.20155
0.197011
0.192498
0.187992
0.183499
0.179005
0.174476
0.440723
0.442076
0.443315
0.444305
0.445333
0.446614
0.446783
0.447805
0.44869
0.449072
0.4495
0.449209
0.449662
0.449991
0.449298
0.449045
0.449093
0.448458
0.447937
0.447578
0.446439
0.445502
0.444921
0.443399
0.441905
0.4414
0.440033
0.437422
0.435776
0.435371
0.433547
0.430874
0.429115
0.427443
0.426372
0.423204
0.421084
0.420536
0.418153
0.414959
0.412554
0.410475
0.41032
0.407299
0.401631
0.401413
0.399415
0.394431
0.394246
0.391498
0.384061
0.38178
0.381579
0.376521
0.371711
0.369316
0.364274
0.358415
0.356634
0.355497
0.350311
0.343933
0.340282
0.337938
0.334608
0.330892
0.327397
0.32313
0.317991
0.313397
0.309881
0.306274
0.301689
0.296634
0.291933
0.28764
0.283357
0.278911
0.274448
0.270039
0.265601
0.261085
0.256606
0.252224
0.24784
0.243319
0.238653
0.23389
0.22908
0.224265
0.219482
0.214728
0.21
0.205309
0.200647
0.196018
0.1914
0.186778
0.182122
0.177444
0.450714
0.452108
0.4534
0.454417
0.455345
0.456703
0.45695
0.457686
0.458546
0.459046
0.459504
0.459165
0.45942
0.459755
0.45923
0.45883
0.458667
0.458052
0.457536
0.457145
0.456086
0.455157
0.454606
0.4532
0.451604
0.451093
0.450229
0.447985
0.445959
0.445485
0.444234
0.442029
0.440199
0.438302
0.4375
0.434963
0.432185
0.431444
0.429624
0.426743
0.424201
0.420597
0.420136
0.418895
0.412836
0.410793
0.409272
0.403589
0.401885
0.40117
0.394461
0.38896
0.38792
0.384602
0.379519
0.376911
0.373515
0.367243
0.362911
0.361971
0.359642
0.354174
0.348859
0.345281
0.341837
0.337859
0.334147
0.330485
0.325883
0.320636
0.315945
0.312001
0.307903
0.303165
0.298183
0.293443
0.288924
0.284407
0.279867
0.275403
0.270977
0.266469
0.261869
0.257268
0.252684
0.248046
0.243304
0.238476
0.233615
0.228765
0.223951
0.219155
0.214367
0.209568
0.204758
0.199939
0.195124
0.190294
0.185453
0.180621
0.460516
0.461955
0.463311
0.464395
0.46526
0.466677
0.467121
0.46767
0.468447
0.469052
0.469622
0.469403
0.46959
0.469977
0.469748
0.469433
0.469186
0.468621
0.468186
0.467861
0.466943
0.466098
0.465674
0.464497
0.462882
0.4623
0.461837
0.460142
0.457926
0.457169
0.456166
0.454362
0.452626
0.450383
0.449404
0.447396
0.444093
0.442735
0.440887
0.438171
0.436004
0.431248
0.429168
0.428964
0.423584
0.419952
0.418621
0.412898
0.40892
0.408943
0.404759
0.398013
0.395058
0.392653
0.387983
0.384754
0.382741
0.377907
0.371825
0.368714
0.367279
0.36376
0.358403
0.353572
0.349437
0.34502
0.340591
0.336708
0.33274
0.327929
0.322725
0.318017
0.313819
0.309504
0.304782
0.299903
0.295131
0.29046
0.285789
0.281124
0.276486
0.271821
0.267065
0.262223
0.257346
0.252472
0.247608
0.242754
0.237907
0.233074
0.228257
0.223451
0.218637
0.213795
0.208907
0.203982
0.199038
0.194077
0.189109
0.184151
0.471337
0.472821
0.474248
0.475438
0.47629
0.477746
0.478469
0.478968
0.479654
0.480342
0.481055
0.481055
0.481256
0.481646
0.481683
0.481578
0.481358
0.480853
0.480504
0.480257
0.479457
0.478667
0.478335
0.47739
0.475761
0.474922
0.47454
0.473315
0.471019
0.469809
0.468664
0.466941
0.465295
0.462679
0.46116
0.459458
0.455851
0.453811
0.45157
0.448601
0.447081
0.442206
0.438162
0.437885
0.433717
0.429115
0.427828
0.423096
0.417176
0.416115
0.414437
0.408651
0.404099
0.401577
0.397459
0.393288
0.391291
0.38838
0.382558
0.377072
0.374151
0.371533
0.367167
0.362035
0.357328
0.352654
0.347683
0.343031
0.338945
0.334706
0.329817
0.324724
0.320028
0.315672
0.311224
0.3065
0.301655
0.296832
0.292005
0.287115
0.282177
0.277221
0.272244
0.267219
0.262153
0.257096
0.25209
0.247143
0.242232
0.237324
0.232412
0.227497
0.222566
0.217607
0.212619
0.207622
0.202622
0.19762
0.192609
0.187607
0.483816
0.485343
0.486834
0.488147
0.489026
0.490476
0.491486
0.492043
0.49265
0.49337
0.494165
0.494364
0.494586
0.494875
0.495038
0.495131
0.494979
0.494492
0.494147
0.493906
0.493141
0.492295
0.49192
0.491121
0.489443
0.488188
0.487543
0.48655
0.484234
0.482538
0.481011
0.479033
0.477398
0.474524
0.472334
0.470741
0.467069
0.464565
0.461971
0.45838
0.457288
0.453355
0.447992
0.446815
0.44381
0.438807
0.437215
0.434177
0.427687
0.424399
0.423609
0.419762
0.414695
0.411465
0.407756
0.402819
0.399485
0.397334
0.393057
0.386853
0.381782
0.378388
0.374708
0.370008
0.365166
0.360493
0.355524
0.350353
0.345611
0.341321
0.336857
0.331918
0.326865
0.322076
0.317488
0.312823
0.307978
0.303034
0.298054
0.293015
0.28789
0.282713
0.277543
0.272393
0.267246
0.262094
0.256955
0.251846
0.246772
0.24171
0.236636
0.231541
0.226428
0.221301
0.216177
0.211068
0.205978
0.200897
0.195818
0.190757
0.497684
0.499247
0.500781
0.5022
0.503119
0.504492
0.505716
0.50638
0.506922
0.507607
0.508378
0.508697
0.508926
0.509044
0.509156
0.509334
0.509206
0.508663
0.508224
0.507901
0.507073
0.506057
0.505491
0.504717
0.502999
0.501318
0.500202
0.499204
0.496923
0.494875
0.492976
0.490597
0.488918
0.486005
0.483249
0.481648
0.478075
0.475383
0.472777
0.4685
0.467219
0.464713
0.459123
0.456738
0.45449
0.449477
0.447011
0.445454
0.439954
0.434647
0.432844
0.430385
0.42571
0.421726
0.418174
0.413103
0.408131
0.405097
0.402024
0.396785
0.390718
0.385871
0.381924
0.377616
0.372878
0.368235
0.363553
0.358485
0.3533
0.348481
0.343938
0.339198
0.334102
0.328921
0.323901
0.318993
0.314024
0.308938
0.30379
0.298621
0.293414
0.288165
0.282915
0.277695
0.272494
0.267283
0.262042
0.256782
0.251524
0.246274
0.241009
0.23572
0.230424
0.225141
0.219881
0.214643
0.209426
0.204224
0.199038
0.193867
0.51209
0.513679
0.515227
0.516723
0.517683
0.518913
0.520241
0.521025
0.521526
0.522136
0.522803
0.523165
0.523409
0.523346
0.523269
0.523382
0.523214
0.522577
0.521994
0.521543
0.520613
0.519382
0.518536
0.517699
0.516024
0.514067
0.512467
0.511329
0.509139
0.506951
0.504895
0.502177
0.500442
0.497705
0.494603
0.492948
0.489537
0.486777
0.484532
0.479871
0.477741
0.476337
0.471398
0.467936
0.465943
0.461225
0.457453
0.456269
0.452537
0.44649
0.442735
0.440322
0.436267
0.431781
0.428084
0.423468
0.417692
0.413021
0.409812
0.405864
0.40031
0.39462
0.389859
0.385474
0.380811
0.376053
0.371429
0.366652
0.361506
0.356281
0.351292
0.346421
0.341349
0.336014
0.330617
0.325314
0.320074
0.314806
0.309489
0.304165
0.298862
0.293569
0.288269
0.282961
0.277653
0.272341
0.267008
0.261642
0.256248
0.250838
0.245414
0.239981
0.234561
0.229164
0.223782
0.21841
0.21305
0.207711
0.20239
0.197083
0.52626
0.527873
0.529421
0.530972
0.531996
0.533065
0.534403
0.535302
0.535797
0.536341
0.536872
0.537221
0.53751
0.537326
0.537021
0.53699
0.536765
0.536057
0.535344
0.534775
0.533776
0.532382
0.53127
0.53034
0.528801
0.52679
0.524848
0.523539
0.521459
0.5193
0.517325
0.514437
0.512616
0.510157
0.50691
0.505186
0.501935
0.499008
0.497249
0.492716
0.489382
0.488224
0.48426
0.480081
0.477903
0.473735
0.46874
0.466603
0.464243
0.458819
0.453489
0.450056
0.44627
0.441575
0.437466
0.433387
0.427935
0.422155
0.417785
0.414197
0.409691
0.404187
0.398822
0.393997
0.389221
0.384257
0.379344
0.374522
0.369504
0.364185
0.35881
0.353582
0.348399
0.343056
0.337526
0.331942
0.326407
0.320917
0.31543
0.309941
0.30448
0.299053
0.293629
0.288178
0.282706
0.277231
0.271755
0.266261
0.260736
0.255191
0.24965
0.244128
0.23863
0.233144
0.227657
0.22217
0.216697
0.211245
0.205803
0.200369
0.539997
0.541649
0.543207
0.544812
0.545939
0.546885
0.548179
0.54917
0.549696
0.550213
0.550622
0.550929
0.551294
0.551107
0.550656
0.550497
0.550247
0.549525
0.54873
0.548089
0.547102
0.545656
0.544365
0.543338
0.54197
0.540093
0.537995
0.536539
0.534536
0.532434
0.530658
0.527734
0.525754
0.523529
0.520229
0.5184
0.515287
0.511972
0.510462
0.506512
0.502111
0.500343
0.497156
0.492635
0.489936
0.486411
0.48083
0.476997
0.474829
0.470642
0.464881
0.460228
0.456218
0.451497
0.44688
0.442911
0.438284
0.432502
0.427013
0.422722
0.41867
0.413799
0.40837
0.403096
0.398026
0.392842
0.387549
0.382348
0.377193
0.371857
0.366308
0.360742
0.355293
0.349881
0.344366
0.338721
0.333025
0.327346
0.321686
0.316026
0.310367
0.304724
0.299089
0.293439
0.287769
0.282095
0.276425
0.270754
0.265075
0.259399
0.253749
0.248129
0.242527
0.236925
0.231322
0.225729
0.220158
0.214603
0.209055
0.203511
0.553715
0.555425
0.557009
0.558668
0.559935
0.560822
0.562045
0.563103
0.563693
0.564243
0.56458
0.564842
0.5653
0.565228
0.564752
0.564521
0.56428
0.563593
0.562771
0.562106
0.561203
0.559811
0.558438
0.557298
0.556048
0.554385
0.552265
0.550691
0.548685
0.546542
0.544918
0.542019
0.539785
0.537656
0.534288
0.532264
0.529284
0.525428
0.52368
0.520489
0.515549
0.512705
0.509828
0.505235
0.501806
0.49874
0.49341
0.488086
0.484984
0.481692
0.476502
0.471165
0.466666
0.461959
0.45695
0.45257
0.448424
0.443325
0.437502
0.432207
0.427701
0.423106
0.417888
0.412385
0.406978
0.401587
0.396042
0.390438
0.384921
0.379426
0.373799
0.368046
0.362309
0.356669
0.351067
0.345402
0.33965
0.333855
0.328056
0.32225
0.31642
0.310566
0.304697
0.298819
0.292935
0.287051
0.281174
0.275311
0.269464
0.263642
0.257852
0.25209
0.246338
0.240587
0.234845
0.229125
0.223429
0.217748
0.212079
0.206425
0.568064
0.569838
0.571454
0.57315
0.57457
0.575464
0.576617
0.577725
0.57841
0.579052
0.579387
0.579602
0.580129
0.580219
0.579799
0.57953
0.5793
0.578669
0.577855
0.57718
0.576372
0.575082
0.573682
0.572401
0.571148
0.569655
0.567557
0.565872
0.563788
0.56146
0.55984
0.556971
0.554418
0.552229
0.548734
0.546389
0.543555
0.539209
0.536751
0.53415
0.529278
0.525383
0.52236
0.517852
0.513654
0.510622
0.506091
0.50018
0.495709
0.492435
0.488089
0.48277
0.477828
0.473067
0.467887
0.462886
0.458515
0.453946
0.448454
0.442601
0.437243
0.432301
0.427149
0.421599
0.415935
0.410322
0.404642
0.39882
0.392968
0.387188
0.38142
0.375562
0.369625
0.363705
0.357853
0.352027
0.346164
0.340249
0.334309
0.328356
0.322375
0.316357
0.310308
0.304246
0.298182
0.292119
0.286064
0.280022
0.274001
0.268006
0.262039
0.256092
0.25016
0.24424
0.238339
0.232466
0.226618
0.220794
0.214994
0.209225
0.583484
0.585326
0.586972
0.588683
0.590247
0.591205
0.592311
0.593456
0.594238
0.595
0.595384
0.595542
0.596066
0.596282
0.595937
0.595632
0.595389
0.594803
0.593993
0.593271
0.592502
0.591286
0.58987
0.588425
0.587032
0.585582
0.583476
0.581671
0.579474
0.576861
0.575092
0.572235
0.569354
0.567006
0.563357
0.560572
0.557883
0.553318
0.549914
0.547471
0.543073
0.538498
0.53506
0.530713
0.52592
0.522444
0.518686
0.51313
0.507634
0.503606
0.499665
0.494731
0.489564
0.484642
0.479443
0.473977
0.468924
0.464247
0.459133
0.453299
0.447341
0.441756
0.436356
0.430757
0.424934
0.419079
0.41324
0.407318
0.401293
0.39526
0.389272
0.383274
0.377193
0.371046
0.364901
0.358797
0.352707
0.346598
0.340463
0.33431
0.32814
0.321953
0.315753
0.30955
0.303349
0.297148
0.290949
0.284758
0.27858
0.272417
0.266266
0.26013
0.254014
0.247921
0.241853
0.235814
0.229805
0.22383
0.217893
0.211995
0.600016
0.601931
0.603617
0.605327
0.607013
0.608076
0.60916
0.610316
0.611156
0.612016
0.612461
0.612548
0.612988
0.613258
0.612972
0.612625
0.612341
0.611759
0.610919
0.610087
0.609262
0.608049
0.606605
0.604993
0.603365
0.601825
0.599649
0.597705
0.59541
0.592501
0.590475
0.587618
0.584454
0.581916
0.578159
0.574879
0.572268
0.567837
0.563578
0.560821
0.556966
0.552174
0.548264
0.544077
0.539002
0.534787
0.531282
0.526507
0.520711
0.5157
0.511478
0.506816
0.501608
0.496452
0.491221
0.485569
0.479867
0.474586
0.469435
0.463818
0.457728
0.451643
0.445805
0.440017
0.434068
0.427997
0.421929
0.415865
0.409732
0.403527
0.397312
0.391109
0.38487
0.378554
0.372176
0.365785
0.359409
0.353039
0.346658
0.340264
0.333867
0.327476
0.321096
0.314727
0.308368
0.302013
0.295663
0.289325
0.282998
0.276679
0.270366
0.264066
0.257791
0.251544
0.245322
0.239128
0.232966
0.226843
0.220762
0.21472
0.617386
0.619387
0.621128
0.622835
0.624611
0.625792
0.626869
0.627997
0.628837
0.629741
0.630241
0.630265
0.630573
0.63083
0.630581
0.630188
0.62983
0.629209
0.628304
0.627318
0.626358
0.62508
0.623588
0.621841
0.619959
0.618245
0.615945
0.613849
0.611501
0.608359
0.606031
0.603165
0.599789
0.597075
0.593313
0.589561
0.586872
0.582833
0.578058
0.574672
0.571137
0.566455
0.562146
0.55803
0.552975
0.548028
0.544132
0.539925
0.53442
0.52873
0.523795
0.519018
0.513785
0.508373
0.502988
0.497312
0.491284
0.48536
0.479767
0.474153
0.46815
0.461866
0.455629
0.449527
0.443405
0.437162
0.430857
0.424559
0.418248
0.411872
0.405439
0.398992
0.39254
0.386049
0.379493
0.372883
0.36625
0.359615
0.352979
0.346341
0.339706
0.333087
0.326486
0.319902
0.313334
0.30678
0.300241
0.293719
0.287213
0.280721
0.274244
0.267789
0.261365
0.254971
0.248605
0.242266
0.235963
0.229701
0.223481
0.217302
0.635264
0.637353
0.639164
0.640865
0.642693
0.643985
0.645066
0.646145
0.646941
0.64784
0.648394
0.648392
0.648564
0.648765
0.648528
0.648084
0.647634
0.646943
0.645963
0.644828
0.6437
0.642312
0.640766
0.638937
0.636845
0.634943
0.632508
0.630251
0.627891
0.624616
0.621987
0.619101
0.615582
0.612701
0.609031
0.604902
0.601925
0.598312
0.593425
0.589334
0.585762
0.581284
0.576682
0.57247
0.567585
0.562165
0.557492
0.553283
0.548221
0.54235
0.536709
0.53148
0.526099
0.520446
0.514786
0.509048
0.502966
0.496672
0.490538
0.484614
0.478587
0.472267
0.46579
0.459358
0.452983
0.446558
0.440041
0.433476
0.426898
0.420289
0.413624
0.406919
0.400202
0.393479
0.386727
0.379932
0.373099
0.366246
0.359386
0.352525
0.345668
0.338818
0.33198
0.325156
0.318349
0.311563
0.304798
0.298054
0.291333
0.284639
0.277975
0.271343
0.264745
0.258184
0.251657
0.245168
0.238719
0.232313
0.225952
0.219637
0.65346
0.655637
0.657524
0.659221
0.661064
0.662452
0.663554
0.664596
0.665339
0.666207
0.666821
0.66684
0.666904
0.667024
0.66678
0.666285
0.665739
0.664975
0.66394
0.662692
0.661414
0.659906
0.658301
0.65644
0.654218
0.65216
0.649603
0.647178
0.644819
0.641502
0.638599
0.635667
0.632047
0.628973
0.62543
0.62106
0.617608
0.614231
0.609525
0.604864
0.600937
0.596552
0.591733
0.587248
0.582491
0.576929
0.571492
0.566766
0.561888
0.556169
0.550123
0.544345
0.538667
0.532786
0.526813
0.520866
0.514762
0.508358
0.501848
0.495481
0.489206
0.482801
0.476189
0.469489
0.462809
0.456134
0.449395
0.442573
0.435705
0.428815
0.421891
0.414925
0.407931
0.400931
0.393928
0.386915
0.379881
0.372826
0.365759
0.358692
0.351628
0.344565
0.337502
0.330447
0.323404
0.31638
0.309376
0.302396
0.295446
0.288531
0.281654
0.274817
0.268019
0.261264
0.254554
0.247892
0.241277
0.234709
0.228191
0.221725
0.672006
0.674267
0.676238
0.67794
0.679778
0.681247
0.682397
0.683433
0.684144
0.684972
0.68564
0.685717
0.685711
0.685748
0.685484
0.684948
0.684322
0.683499
0.682429
0.68112
0.679735
0.678113
0.676437
0.674567
0.67228
0.67011
0.667455
0.664847
0.662455
0.65915
0.656004
0.652985
0.649274
0.645948
0.642485
0.638017
0.634005
0.630553
0.626113
0.621123
0.616681
0.612192
0.607193
0.602323
0.597514
0.59202
0.586113
0.580666
0.575561
0.570001
0.563864
0.557664
0.551611
0.545492
0.539233
0.532971
0.5267
0.520236
0.513544
0.506806
0.500158
0.493521
0.486753
0.479835
0.472852
0.465862
0.458851
0.451776
0.444637
0.437461
0.430262
0.423034
0.415773
0.408492
0.401208
0.393926
0.386644
0.379355
0.37206
0.364768
0.357481
0.350198
0.342917
0.335641
0.328377
0.32113
0.313903
0.3067
0.299527
0.29239
0.285294
0.278239
0.271229
0.264268
0.257357
0.250501
0.243698
0.236949
0.230256
0.223626
0.691092
0.693438
0.6955
0.697227
0.699052
0.700593
0.701812
0.70288
0.703586
0.704367
0.70507
0.705222
0.705182
0.705146
0.704859
0.7043
0.703615
0.702742
0.701651
0.700314
0.698861
0.697134
0.695362
0.693466
0.691139
0.688881
0.686144
0.683333
0.680843
0.677559
0.674192
0.671029
0.667222
0.663585
0.66009
0.655635
0.651108
0.647294
0.643016
0.637916
0.632978
0.628215
0.623045
0.617774
0.612706
0.607286
0.601234
0.595184
0.589561
0.583929
0.577821
0.571399
0.564992
0.558603
0.552092
0.5455
0.53892
0.532282
0.525457
0.518468
0.511453
0.504474
0.497457
0.490317
0.48306
0.475751
0.468426
0.461074
0.45367
0.44622
0.438741
0.43124
0.423714
0.416163
0.408595
0.401025
0.393459
0.385898
0.378341
0.370787
0.36324
0.355702
0.348177
0.340668
0.333178
0.325709
0.318264
0.310847
0.303462
0.296112
0.288803
0.281537
0.274319
0.267151
0.260038
0.25298
0.24598
0.239042
0.232168
0.225362
0.710935
0.713367
0.715526
0.717302
0.71912
0.720722
0.722021
0.723142
0.723865
0.724597
0.725305
0.725528
0.725483
0.725387
0.725077
0.724502
0.723768
0.722847
0.721726
0.720363
0.71886
0.717037
0.715139
0.713174
0.710791
0.708438
0.705625
0.702598
0.699936
0.696643
0.693068
0.689708
0.685793
0.681821
0.678155
0.673758
0.668865
0.664528
0.660202
0.655112
0.649805
0.644683
0.639329
0.633719
0.62826
0.622762
0.616732
0.610344
0.604151
0.598182
0.592015
0.585484
0.578802
0.572115
0.565354
0.558468
0.551531
0.544582
0.537543
0.53034
0.523018
0.515672
0.508322
0.500913
0.493402
0.485804
0.478165
0.470505
0.462815
0.455085
0.447319
0.439531
0.431724
0.423897
0.416051
0.408194
0.400336
0.392482
0.384635
0.376792
0.368958
0.361139
0.353342
0.345571
0.337828
0.330113
0.322431
0.314784
0.307174
0.299605
0.29208
0.284604
0.277179
0.269807
0.262492
0.255236
0.248044
0.240918
0.233863
0.22688
0.731678
0.734192
0.73645
0.738296
0.740115
0.741767
0.74314
0.744322
0.745079
0.745763
0.746447
0.746723
0.746687
0.74654
0.746197
0.745601
0.744818
0.743836
0.742662
0.741253
0.739699
0.73778
0.73573
0.733645
0.731168
0.728697
0.725805
0.722566
0.719665
0.716315
0.712547
0.708949
0.704918
0.700629
0.696675
0.692304
0.687218
0.68235
0.677764
0.672679
0.667149
0.661669
0.6561
0.650233
0.644357
0.638594
0.632552
0.626039
0.619409
0.612969
0.606556
0.599893
0.59299
0.586002
0.57896
0.5718
0.56453
0.557213
0.549856
0.542393
0.534795
0.52711
0.5194
0.511668
0.503878
0.496006
0.488068
0.480091
0.47209
0.464057
0.455991
0.4479
0.439792
0.431669
0.423532
0.415386
0.407232
0.399079
0.390927
0.382784
0.374654
0.366545
0.358461
0.350406
0.342383
0.334396
0.326448
0.318543
0.310684
0.302872
0.295111
0.287407
0.279761
0.272174
0.264649
0.25719
0.249802
0.242487
0.235248
0.228087
0.753357
0.755946
0.758298
0.760229
0.762063
0.763749
0.76518
0.766418
0.767219
0.76786
0.768498
0.768801
0.768775
0.768581
0.76819
0.767561
0.766722
0.765664
0.764406
0.76292
0.761294
0.759281
0.757068
0.754824
0.752217
0.749598
0.746619
0.743185
0.740008
0.736554
0.732609
0.728752
0.724594
0.720037
0.71572
0.711279
0.706127
0.70083
0.695847
0.690666
0.685006
0.679218
0.6734
0.667326
0.66109
0.654937
0.648727
0.642148
0.635252
0.628356
0.62155
0.614648
0.607521
0.600235
0.592874
0.585425
0.577851
0.570181
0.562458
0.554673
0.546784
0.538788
0.530728
0.522641
0.514522
0.506349
0.49811
0.489816
0.481488
0.473133
0.464751
0.456342
0.447913
0.439473
0.431023
0.422566
0.414103
0.405639
0.39718
0.388734
0.380306
0.3719
0.363519
0.355169
0.346854
0.338579
0.330347
0.322163
0.314032
0.305955
0.297937
0.289981
0.282091
0.274268
0.266515
0.258837
0.251239
0.243721
0.236287
0.228938
0.775938
0.778595
0.781034
0.783056
0.784913
0.786622
0.78809
0.789369
0.790218
0.790831
0.791409
0.791713
0.79169
0.791452
0.791003
0.790326
0.789421
0.788274
0.786908
0.785311
0.783592
0.781488
0.779118
0.776699
0.773937
0.771142
0.768064
0.764464
0.761001
0.757396
0.753292
0.749171
0.744865
0.740097
0.735397
0.730768
0.725585
0.720003
0.714585
0.709179
0.703395
0.697353
0.691255
0.684975
0.678447
0.671881
0.665348
0.658619
0.651547
0.64429
0.637047
0.629793
0.622391
0.614807
0.607105
0.599326
0.591445
0.58345
0.575367
0.567225
0.55901
0.550701
0.542304
0.533853
0.52537
0.516851
0.508282
0.49966
0.490996
0.482301
0.473583
0.464839
0.456076
0.447299
0.438513
0.429724
0.420933
0.412146
0.403368
0.394609
0.385872
0.377158
0.368472
0.359818
0.351204
0.342631
0.334106
0.325633
0.317216
0.308861
0.30057
0.292346
0.284194
0.276116
0.268119
0.260204
0.252378
0.244639
0.236993
0.229442
0.799368
0.802091
0.804609
0.806723
0.808611
0.810333
0.811821
0.813125
0.814023
0.814624
0.81514
0.815425
0.815395
0.815116
0.814602
0.813864
0.812887
0.811645
0.810161
0.808434
0.806602
0.804409
0.801898
0.799303
0.796374
0.793386
0.79019
0.78645
0.782708
0.778915
0.77466
0.770284
0.765799
0.760864
0.755808
0.750884
0.745626
0.739867
0.73405
0.728316
0.722353
0.71608
0.709682
0.703153
0.696374
0.689434
0.682495
0.675484
0.668215
0.660679
0.653036
0.645372
0.63763
0.629729
0.621682
0.613541
0.605319
0.596994
0.588567
0.580061
0.571491
0.562843
0.554107
0.545297
0.536435
0.527538
0.518603
0.509625
0.500605
0.491554
0.482478
0.47338
0.464263
0.455132
0.445995
0.436856
0.427721
0.418593
0.40948
0.40039
0.391325
0.382287
0.373279
0.36431
0.355383
0.346506
0.337678
0.328905
0.320195
0.31155
0.302975
0.294472
0.286048
0.277707
0.269452
0.261289
0.253219
0.245246
0.237374
0.229605
0.823621
0.82641
0.829
0.831206
0.833136
0.834872
0.836371
0.837689
0.838634
0.839238
0.8397
0.839951
0.839905
0.839583
0.839
0.838192
0.837138
0.835805
0.834205
0.832342
0.830384
0.828099
0.825461
0.822697
0.819604
0.816406
0.813066
0.8092
0.805198
0.801186
0.796781
0.792158
0.787459
0.782371
0.777009
0.771727
0.766299
0.760402
0.754258
0.748142
0.741914
0.735404
0.728696
0.721864
0.714825
0.707562
0.700206
0.692811
0.685266
0.677471
0.669481
0.661408
0.653273
0.645024
0.63663
0.628118
0.61952
0.610833
0.602048
0.593174
0.584228
0.575211
0.566119
0.556947
0.547707
0.538418
0.52909
0.519726
0.510326
0.500893
0.491436
0.481958
0.472466
0.462964
0.453458
0.443955
0.434458
0.424974
0.415508
0.406065
0.396651
0.387268
0.377921
0.368618
0.359364
0.350162
0.341017
0.331933
0.322916
0.31397
0.305101
0.296311
0.287606
0.278991
0.27047
0.262047
0.253724
0.245505
0.237395
0.229398
0.848718
0.851577
0.854234
0.856533
0.858518
0.860277
0.861788
0.863115
0.864101
0.864721
0.86514
0.865348
0.865274
0.86491
0.864258
0.863372
0.862238
0.860818
0.859113
0.857116
0.855017
0.852631
0.849871
0.846945
0.843689
0.840276
0.83676
0.832768
0.828528
0.824271
0.819696
0.814834
0.809883
0.804625
0.799008
0.793352
0.787651
0.781592
0.77518
0.768678
0.762113
0.755326
0.748305
0.741133
0.733794
0.726229
0.718488
0.710671
0.702763
0.694669
0.686358
0.677901
0.669361
0.660728
0.651969
0.64308
0.634085
0.625
0.615826
0.606567
0.597226
0.587814
0.578332
0.56878
0.559156
0.549471
0.539739
0.529968
0.520161
0.510325
0.500464
0.490585
0.480694
0.4708
0.460906
0.451016
0.441138
0.431276
0.421435
0.411619
0.401835
0.392088
0.382385
0.372729
0.363126
0.353581
0.3441
0.334687
0.325347
0.316086
0.306907
0.297816
0.288817
0.279916
0.271116
0.26242
0.253833
0.245359
0.237004
0.228769
0.874726
0.877659
0.880382
0.882774
0.884827
0.886622
0.888152
0.889485
0.890502
0.891142
0.891529
0.891691
0.891581
0.891172
0.890452
0.889482
0.888264
0.886762
0.884959
0.882833
0.880579
0.878068
0.875183
0.872099
0.868679
0.865044
0.861323
0.857192
0.85273
0.848207
0.843432
0.838332
0.8331
0.827634
0.821789
0.815774
0.809728
0.80344
0.796786
0.789923
0.782977
0.775867
0.768523
0.760994
0.753309
0.745424
0.73733
0.729097
0.720775
0.712321
0.703676
0.694851
0.685901
0.67686
0.667708
0.658426
0.649025
0.639524
0.629934
0.620258
0.610499
0.600664
0.590761
0.580794
0.570763
0.560669
0.550521
0.540328
0.5301
0.519843
0.509562
0.499263
0.488954
0.478645
0.468339
0.45804
0.447755
0.43749
0.42725
0.417041
0.406868
0.396737
0.386654
0.376625
0.366655
0.356747
0.346909
0.337149
0.327468
0.317871
0.308367
0.298957
0.289647
0.280442
0.271347
0.262366
0.253502
0.244761
0.236147
0.227663
0.90173
0.904745
0.907536
0.910017
0.912144
0.913986
0.915542
0.916876
0.917913
0.918574
0.918937
0.919053
0.918897
0.918442
0.917654
0.916599
0.915291
0.913699
0.911798
0.909542
0.907122
0.904467
0.901445
0.898191
0.894604
0.890748
0.886795
0.882499
0.877821
0.873017
0.868003
0.86266
0.857131
0.851411
0.845336
0.838994
0.832565
0.825979
0.819065
0.811871
0.804535
0.79706
0.789372
0.781475
0.773413
0.765175
0.756728
0.7481
0.739347
0.730482
0.721458
0.712254
0.7029
0.69343
0.683853
0.674157
0.664337
0.654407
0.644379
0.634261
0.624057
0.613776
0.603422
0.593006
0.582534
0.572004
0.561421
0.550791
0.540125
0.529432
0.518715
0.507981
0.497236
0.48649
0.475749
0.465019
0.454302
0.443611
0.432949
0.422322
0.411738
0.401201
0.390718
0.380294
0.369933
0.359643
0.349431
0.339302
0.329262
0.319312
0.309459
0.299711
0.290072
0.280546
0.271138
0.261854
0.252698
0.243674
0.234788
0.226042
0.929809
0.932912
0.935773
0.938338
0.940541
0.942434
0.944016
0.945347
0.946395
0.947072
0.947415
0.947484
0.947279
0.946774
0.94592
0.944774
0.943366
0.941673
0.939666
0.93728
0.934685
0.931863
0.928683
0.925254
0.921492
0.917414
0.913208
0.908712
0.903815
0.89872
0.893436
0.887837
0.882001
0.875983
0.869656
0.863008
0.856196
0.849251
0.842043
0.834529
0.826809
0.81894
0.810882
0.80261
0.794152
0.785521
0.776697
0.767675
0.758493
0.749184
0.739737
0.730126
0.720353
0.710443
0.700416
0.690275
0.680015
0.669637
0.659154
0.648573
0.637904
0.627153
0.616327
0.605437
0.594492
0.583495
0.572446
0.561353
0.550227
0.539076
0.527904
0.516712
0.505511
0.494311
0.483117
0.471933
0.460766
0.449626
0.438521
0.427457
0.416438
0.405471
0.394564
0.383721
0.37295
0.362257
0.351648
0.341129
0.330706
0.320384
0.310164
0.300056
0.290069
0.280204
0.270467
0.260862
0.251396
0.242073
0.232897
0.223871
0.959011
0.962209
0.965144
0.967788
0.970065
0.972008
0.973619
0.974949
0.975995
0.976681
0.977006
0.97703
0.976772
0.97621
0.975283
0.974041
0.972521
0.970712
0.96859
0.966069
0.963294
0.960289
0.956935
0.953311
0.949362
0.945063
0.940587
0.935862
0.93074
0.92535
0.919766
0.913893
0.907743
0.901394
0.894776
0.88783
0.880649
0.873314
0.865765
0.857922
0.849825
0.841547
0.83309
0.824423
0.815553
0.8065
0.797265
0.787831
0.778217
0.768451
0.758544
0.748485
0.738269
0.727903
0.717406
0.706788
0.696056
0.68521
0.674251
0.663189
0.652034
0.640794
0.629479
0.618096
0.606651
0.595155
0.583611
0.572027
0.560411
0.548771
0.537114
0.525441
0.513759
0.502081
0.49041
0.478754
0.46712
0.455512
0.443942
0.432417
0.420944
0.409527
0.398171
0.38689
0.375686
0.364569
0.353541
0.342608
0.33178
0.32106
0.310455
0.299973
0.289617
0.279392
0.269306
0.259362
0.249567
0.239926
0.230444
0.221123
0.989369
0.99267
0.995682
0.998401
1.00075
1.00274
1.00439
1.00572
1.00675
1.00744
1.00775
1.00773
1.00741
1.00678
1.00577
1.00443
1.00279
1.00085
0.998597
0.995936
0.99298
0.989779
0.986232
0.982398
0.978245
0.973722
0.968972
0.963985
0.958623
0.952938
0.947039
0.940866
0.934397
0.927693
0.920749
0.913493
0.905952
0.898218
0.890284
0.882083
0.873607
0.864912
0.856029
0.84694
0.837641
0.828145
0.818464
0.808591
0.798527
0.788291
0.7779
0.76736
0.756668
0.745821
0.73483
0.723713
0.71248
0.701133
0.689673
0.678106
0.666445
0.654696
0.642869
0.63097
0.619008
0.606991
0.594925
0.58282
0.570682
0.558523
0.54635
0.534163
0.521972
0.509787
0.497615
0.485461
0.473334
0.461237
0.449182
0.437174
0.425223
0.413334
0.401514
0.389769
0.378111
0.366544
0.355076
0.343712
0.332456
0.321319
0.310307
0.299426
0.288681
0.278078
0.26762
0.257318
0.247176
0.237199
0.227393
0.217762
1.02091
1.02433
1.02742
1.03021
1.03263
1.03467
1.03635
1.03768
1.03871
1.03939
1.03968
1.03961
1.03922
1.03852
1.03743
1.03598
1.03421
1.03213
1.02973
1.02692
1.02378
1.02037
1.01662
1.01256
1.00818
1.00343
0.998398
0.993128
0.987504
0.981529
0.975299
0.968807
0.962003
0.954935
0.947629
0.940035
0.932137
0.923994
0.915644
0.90705
0.898179
0.889058
0.879724
0.870189
0.860439
0.850482
0.840326
0.829978
0.819438
0.808715
0.797821
0.78677
0.775569
0.764214
0.752708
0.741065
0.729301
0.717424
0.705436
0.693339
0.681142
0.668858
0.656494
0.644057
0.631551
0.618989
0.606379
0.593729
0.581044
0.568334
0.555612
0.542882
0.530153
0.517432
0.504727
0.492045
0.479393
0.466781
0.454214
0.441699
0.429245
0.416859
0.40455
0.392324
0.380188
0.36815
0.356217
0.344396
0.332694
0.32112
0.309679
0.298377
0.287222
0.276218
0.265373
0.254691
0.244181
0.233849
0.223701
0.21374
1.05369
1.05722
1.0604
1.06327
1.06575
1.06784
1.06956
1.0709
1.07192
1.07258
1.07284
1.07272
1.07226
1.07147
1.0703
1.06874
1.06683
1.06459
1.06204
1.05907
1.05575
1.05212
1.04814
1.04385
1.03923
1.03423
1.02892
1.02334
1.01744
1.01116
1.0046
0.997756
0.990606
0.983165
0.97547
0.9675
0.959224
0.95067
0.941881
0.932856
0.923562
0.914002
0.904206
0.894196
0.883972
0.873526
0.862872
0.852021
0.840975
0.82974
0.818323
0.806736
0.794994
0.783099
0.771054
0.758864
0.74654
0.7341
0.721553
0.708896
0.696135
0.683284
0.670352
0.657344
0.644272
0.63114
0.617958
0.604736
0.591479
0.578198
0.5649
0.551599
0.538299
0.525011
0.511742
0.498503
0.485299
0.472135
0.459024
0.445973
0.432986
0.420077
0.40725
0.394516
0.381877
0.369344
0.356923
0.344622
0.332451
0.320415
0.308522
0.296779
0.28519
0.273765
0.26251
0.251432
0.240536
0.229831
0.219319
0.209011
1.08775
1.0914
1.09468
1.09762
1.10016
1.10231
1.10407
1.10542
1.10642
1.10706
1.1073
1.10712
1.10659
1.1057
1.10443
1.10275
1.1007
1.09831
1.09558
1.09245
1.08892
1.08507
1.08086
1.07631
1.07144
1.06618
1.06057
1.05468
1.04847
1.04188
1.03497
1.02776
1.02025
1.01242
1.00431
0.995932
0.987252
0.97827
0.969028
0.95954
0.949792
0.939771
0.929496
0.918988
0.908257
0.8973
0.886125
0.874744
0.863163
0.851388
0.839421
0.827276
0.814967
0.802504
0.789883
0.777117
0.764213
0.751184
0.738042
0.724788
0.711432
0.697983
0.68445
0.670843
0.65717
0.643437
0.629653
0.61583
0.601973
0.588091
0.574195
0.560296
0.546399
0.532516
0.518652
0.504823
0.491032
0.477291
0.463605
0.449983
0.436435
0.42297
0.409594
0.396318
0.383149
0.370093
0.357158
0.344353
0.331684
0.319161
0.306791
0.294581
0.282538
0.270669
0.258982
0.247484
0.236183
0.225085
0.214194
0.203514
1.12316
1.12693
1.13031
1.13333
1.13594
1.13814
1.13993
1.1413
1.14229
1.1429
1.1431
1.14287
1.14225
1.14127
1.13988
1.13809
1.13589
1.13333
1.13042
1.1271
1.12337
1.11929
1.11484
1.11002
1.10487
1.09933
1.09342
1.08719
1.08064
1.07373
1.06646
1.05887
1.05096
1.04273
1.0342
1.02538
1.01626
1.00683
0.997114
0.987141
0.976908
0.966402
0.955619
0.944589
0.933326
0.921832
0.910111
0.898171
0.886023
0.873676
0.861136
0.848409
0.835508
0.822439
0.809216
0.795844
0.782326
0.768681
0.754913
0.741032
0.727046
0.712965
0.698802
0.684558
0.670248
0.655881
0.641462
0.627004
0.612517
0.598005
0.583478
0.568952
0.554429
0.53992
0.525436
0.510987
0.496583
0.482229
0.467937
0.453716
0.439574
0.425522
0.411568
0.397719
0.383985
0.370375
0.356896
0.343554
0.330361
0.317322
0.304448
0.291744
0.279219
0.266883
0.254741
0.242799
0.231067
0.219548
0.208252
0.197184
1.15999
1.16389
1.16738
1.17048
1.17315
1.17539
1.17722
1.1786
1.17957
1.18016
1.18031
1.18002
1.17932
1.17823
1.17673
1.17481
1.17246
1.16972
1.16661
1.16309
1.15915
1.15482
1.15011
1.14502
1.13957
1.13373
1.1275
1.12093
1.11402
1.10675
1.0991
1.09111
1.08279
1.07414
1.06516
1.05588
1.04629
1.03638
1.02618
1.0157
1.00494
0.993914
0.982607
0.971032
0.959209
0.947147
0.93485
0.922329
0.909588
0.896637
0.883488
0.870147
0.856624
0.842927
0.829068
0.815053
0.800893
0.786596
0.772174
0.757631
0.742981
0.72824
0.71341
0.698499
0.683517
0.668476
0.653386
0.638262
0.623108
0.607933
0.592742
0.57755
0.56237
0.547208
0.532073
0.516973
0.50192
0.486926
0.471997
0.457146
0.442379
0.427708
0.413144
0.398694
0.384364
0.370166
0.356109
0.342201
0.328452
0.314869
0.30146
0.288236
0.275202
0.262369
0.249742
0.237329
0.225141
0.213181
0.201457
0.189975
1.1983
1.20234
1.20593
1.20911
1.21185
1.21414
1.216
1.21739
1.21835
1.2189
1.219
1.21865
1.21786
1.21666
1.21504
1.21297
1.21046
1.20754
1.20422
1.20048
1.19631
1.19173
1.18675
1.18136
1.17559
1.16944
1.16287
1.15593
1.14865
1.14099
1.13295
1.12454
1.11579
1.10669
1.09725
1.08747
1.07739
1.06698
1.05626
1.04524
1.03394
1.02236
1.01049
0.998347
0.985938
0.973282
0.960381
0.947241
0.933874
0.920292
0.906505
0.892516
0.878336
0.863979
0.849451
0.834764
0.819925
0.804944
0.78983
0.774597
0.759254
0.743809
0.728278
0.712665
0.696977
0.68123
0.665436
0.649603
0.633742
0.617865
0.601979
0.586087
0.570209
0.554356
0.538536
0.522754
0.507022
0.491352
0.475755
0.460242
0.444821
0.429502
0.414294
0.399205
0.38425
0.369437
0.35477
0.340265
0.325927
0.31177
0.297798
0.28402
0.270449
0.257087
0.243947
0.231036
0.218364
0.205935
0.193756
0.181835
1.23817
1.24234
1.24604
1.24931
1.25211
1.25445
1.25634
1.25774
1.25868
1.25919
1.25924
1.25882
1.25794
1.25662
1.25486
1.25263
1.24996
1.24684
1.2433
1.23933
1.23491
1.23006
1.2248
1.2191
1.213
1.20651
1.19959
1.19227
1.18458
1.17651
1.16805
1.15921
1.15
1.14043
1.1305
1.12022
1.10961
1.09867
1.0874
1.07583
1.06395
1.05178
1.03932
1.02657
1.01355
1.00026
0.986723
0.972936
0.958916
0.94467
0.930205
0.915535
0.900668
0.885613
0.870381
0.854984
0.839432
0.823733
0.807897
0.791937
0.775861
0.759683
0.743411
0.727055
0.710627
0.69414
0.677605
0.66103
0.644424
0.627803
0.611174
0.59455
0.577942
0.561357
0.544811
0.528311
0.511864
0.495486
0.479184
0.462975
0.446864
0.430861
0.414975
0.399221
0.383606
0.368143
0.352839
0.337702
0.322747
0.307981
0.293413
0.279056
0.264913
0.250996
0.237312
0.223875
0.210689
0.197763
0.185103
0.17272
1.27965
1.28396
1.28778
1.29113
1.294
1.29639
1.2983
1.29971
1.30063
1.3011
1.3011
1.3006
1.29961
1.29817
1.29626
1.29387
1.29102
1.28769
1.28392
1.2797
1.27502
1.26989
1.26432
1.2583
1.25186
1.24499
1.2377
1.22998
1.22187
1.21337
1.20446
1.19515
1.18547
1.1754
1.16496
1.15415
1.14299
1.13149
1.11965
1.10748
1.095
1.08221
1.06912
1.05574
1.04207
1.02812
1.01391
0.999446
0.984734
0.969787
0.954617
0.939227
0.923634
0.907846
0.891877
0.875736
0.85943
0.842971
0.826378
0.809654
0.79281
0.775858
0.758809
0.741676
0.72447
0.7072
0.689884
0.672528
0.655143
0.637742
0.620337
0.602936
0.585553
0.568199
0.550886
0.533627
0.516428
0.499302
0.482261
0.465314
0.448475
0.431752
0.415157
0.3987
0.382389
0.36624
0.350263
0.334469
0.31886
0.303455
0.28826
0.273285
0.258543
0.24404
0.229785
0.215788
0.202062
0.188611
0.175444
0.162567
1.32283
1.32728
1.33121
1.33466
1.33759
1.34002
1.34196
1.34337
1.34428
1.3447
1.34463
1.34405
1.34295
1.34137
1.33931
1.33675
1.3337
1.33015
1.32614
1.32166
1.3167
1.31127
1.30538
1.29902
1.29221
1.28497
1.27727
1.26914
1.26058
1.25161
1.24223
1.23244
1.22225
1.21166
1.20068
1.18932
1.17759
1.16549
1.15305
1.14026
1.12714
1.1137
1.09995
1.08589
1.07154
1.0569
1.04199
1.0268
1.01136
0.995677
0.979759
0.963618
0.947264
0.930704
0.913954
0.89703
0.879937
0.862685
0.845286
0.827755
0.810105
0.792342
0.774478
0.75653
0.738504
0.720413
0.702274
0.684097
0.665891
0.647668
0.629444
0.611231
0.593035
0.574871
0.556752
0.538688
0.520694
0.50278
0.484954
0.467234
0.449626
0.432144
0.414799
0.3976
0.38056
0.36369
0.347003
0.330507
0.314215
0.298133
0.282276
0.266656
0.251281
0.236157
0.221298
0.206715
0.192415
0.178408
0.164703
0.151307
1.36777
1.37236
1.37642
1.37995
1.38296
1.38544
1.3874
1.38881
1.3897
1.39007
1.38993
1.38925
1.38804
1.38632
1.38409
1.38134
1.37809
1.37431
1.37004
1.36528
1.36003
1.35428
1.34805
1.34133
1.33414
1.32649
1.31837
1.30979
1.30077
1.29132
1.28143
1.27112
1.26039
1.24925
1.23771
1.22577
1.21343
1.20072
1.18764
1.17421
1.16042
1.1463
1.13184
1.11708
1.10201
1.08663
1.07097
1.05504
1.03883
1.02237
1.00567
0.988734
0.971577
0.954211
0.936643
0.918887
0.900961
0.882875
0.864637
0.846256
0.827753
0.809139
0.790421
0.771613
0.752726
0.733775
0.714772
0.695728
0.676658
0.657576
0.638491
0.619418
0.600368
0.581352
0.562384
0.543478
0.524645
0.505897
0.487249
0.468707
0.450289
0.432007
0.413871
0.395889
0.378077
0.360448
0.343011
0.325777
0.308756
0.291965
0.275411
0.259107
0.243061
0.227285
0.211789
0.196583
0.181679
0.167084
0.152806
0.13886
1.41456
1.4193
1.42348
1.42711
1.43018
1.43271
1.43469
1.4361
1.43696
1.43728
1.43706
1.43628
1.43495
1.43307
1.43066
1.42772
1.42425
1.42023
1.41568
1.41063
1.40506
1.39898
1.39239
1.3853
1.3777
1.36962
1.36106
1.35202
1.34251
1.33254
1.32213
1.31127
1.29998
1.28825
1.27611
1.26355
1.25059
1.23722
1.22347
1.20936
1.19488
1.18003
1.16485
1.14933
1.1335
1.11736
1.10092
1.08418
1.06717
1.0499
1.03237
1.0146
0.996598
0.978378
0.959954
0.941333
0.922531
0.903567
0.884439
0.865167
0.845766
0.826251
0.806634
0.786926
0.767135
0.747275
0.727362
0.707412
0.687438
0.667446
0.647458
0.627479
0.60753
0.587619
0.567762
0.547968
0.528255
0.50863
0.489109
0.469708
0.450438
0.43131
0.412336
0.393531
0.374905
0.356472
0.338244
0.320227
0.302445
0.284902
0.267612
0.250582
0.233825
0.217357
0.201189
0.185326
0.16978
0.154561
0.139683
0.125151
1.46327
1.46816
1.47247
1.4762
1.47935
1.48191
1.48391
1.48533
1.48616
1.48641
1.4861
1.48522
1.48375
1.48172
1.47912
1.47597
1.47226
1.46798
1.46316
1.45779
1.45189
1.44544
1.43848
1.43099
1.42297
1.41444
1.40541
1.39588
1.38585
1.37535
1.36438
1.35294
1.34105
1.32871
1.31594
1.30273
1.2891
1.27505
1.26061
1.24577
1.23055
1.21495
1.19899
1.18269
1.16607
1.14911
1.13185
1.11428
1.09642
1.07829
1.0599
1.04125
1.02236
1.00324
0.983911
0.964377
0.944656
0.924762
0.904711
0.884503
0.864156
0.843691
0.823126
0.802466
0.781724
0.760912
0.740047
0.719142
0.698213
0.677272
0.656329
0.635402
0.614505
0.593651
0.572857
0.552131
0.531488
0.510943
0.490511
0.470203
0.450032
0.430014
0.410159
0.390482
0.370998
0.351718
0.332653
0.31382
0.295227
0.276889
0.258818
0.241022
0.223519
0.206321
0.189437
0.172874
0.156648
0.14077
0.125253
0.110105
1.514
1.51905
1.52349
1.52732
1.53054
1.53315
1.53516
1.53657
1.53737
1.53756
1.53716
1.53615
1.53454
1.53234
1.52955
1.52617
1.52221
1.51766
1.51253
1.50684
1.50058
1.49376
1.48639
1.47848
1.47002
1.46102
1.45149
1.44144
1.43088
1.41981
1.40824
1.3962
1.38368
1.3707
1.35725
1.34336
1.32903
1.31426
1.29908
1.28349
1.26749
1.2511
1.23434
1.21722
1.19975
1.18195
1.16381
1.14537
1.12662
1.10758
1.08827
1.0687
1.04888
1.02882
1.00854
0.988047
0.967354
0.946488
0.925456
0.904267
0.882933
0.861476
0.839907
0.818245
0.796503
0.77469
0.752821
0.730911
0.708977
0.687035
0.665095
0.643171
0.621279
0.599432
0.577649
0.555944
0.534325
0.512811
0.491418
0.470156
0.449042
0.428083
0.407301
0.386707
0.366316
0.346142
0.326197
0.306499
0.287053
0.267874
0.248974
0.230375
0.212083
0.194109
0.176464
0.159164
0.142221
0.125646
0.109449
0.0936437
1.56684
1.57205
1.57662
1.58055
1.58385
1.58651
1.58853
1.58993
1.59068
1.59081
1.5903
1.58917
1.58741
1.58502
1.58202
1.57841
1.57418
1.56934
1.56389
1.55785
1.55122
1.544
1.53621
1.52785
1.51892
1.50942
1.49938
1.48878
1.47765
1.46598
1.4538
1.44111
1.42793
1.41427
1.40012
1.38551
1.37043
1.35491
1.33895
1.32256
1.30575
1.28854
1.27093
1.25295
1.2346
1.21589
1.19685
1.17748
1.15779
1.13781
1.11754
1.097
1.07619
1.05514
1.03386
1.01236
0.990657
0.968767
0.946699
0.924479
0.902106
0.879601
0.85699
0.834274
0.811474
0.788605
0.76568
0.742717
0.719728
0.696732
0.673739
0.650764
0.627824
0.604941
0.582123
0.559383
0.536738
0.514205
0.491797
0.46953
0.447418
0.42548
0.403721
0.382163
0.360819
0.339704
0.318831
0.298212
0.277867
0.257805
0.238038
0.21858
0.199452
0.180657
0.162215
0.144132
0.12643
0.109118
0.0921998
0.0756989
1.62188
1.62726
1.63196
1.636
1.63937
1.64207
1.64411
1.64549
1.6462
1.64624
1.64563
1.64437
1.64244
1.63987
1.63664
1.63277
1.62826
1.62311
1.61733
1.61092
1.6039
1.59626
1.58802
1.57918
1.56975
1.55973
1.54914
1.53797
1.52624
1.51395
1.50112
1.48776
1.47388
1.45949
1.44461
1.42923
1.41338
1.39706
1.38028
1.36305
1.34539
1.32731
1.30881
1.28992
1.27064
1.251
1.231
1.21066
1.18999
1.16901
1.14772
1.12615
1.10432
1.08223
1.0599
1.03734
1.01458
0.991613
0.96846
0.945148
0.921686
0.898086
0.874363
0.850545
0.826642
0.802662
0.778628
0.754551
0.730454
0.706349
0.68225
0.658174
0.634137
0.610151
0.586238
0.562414
0.538693
0.515093
0.491621
0.468293
0.445135
0.422155
0.399373
0.376798
0.354452
0.332349
0.310498
0.288913
0.267615
0.246619
0.225936
0.205582
0.185566
0.165908
0.146618
0.127716
0.109208
0.0911076
0.0734322
0.0561902
1.67923
1.68477
1.68961
1.69375
1.69719
1.69994
1.702
1.70335
1.70401
1.70397
1.70325
1.70183
1.69974
1.69695
1.69348
1.68935
1.68454
1.67906
1.67293
1.66614
1.6587
1.65062
1.6419
1.63257
1.62261
1.61204
1.60087
1.58909
1.57673
1.56379
1.55028
1.53621
1.5216
1.50645
1.49078
1.47461
1.45793
1.44076
1.42312
1.40502
1.38645
1.36745
1.34803
1.32819
1.30794
1.2873
1.2663
1.24494
1.22324
1.20121
1.17887
1.15622
1.1333
1.11012
1.08669
1.06301
1.03913
1.01504
0.990749
0.966292
0.941683
0.916928
0.892053
0.86707
0.841998
0.816857
0.791656
0.766416
0.741146
0.715874
0.690613
0.665379
0.640185
0.615052
0.589991
0.565021
0.540166
0.515434
0.490841
0.466408
0.442151
0.418079
0.394211
0.37057
0.347169
0.32402
0.301135
0.278539
0.256242
0.234258
0.212607
0.191304
0.170362
0.14979
0.129608
0.109829
0.0904705
0.0715437
0.0530616
0.0350388
1.73898
1.74469
1.74967
1.75392
1.75744
1.76023
1.76229
1.76362
1.76422
1.7641
1.76325
1.76168
1.75939
1.75639
1.75267
1.74825
1.74313
1.73731
1.73079
1.72359
1.71571
1.70716
1.69795
1.68809
1.67758
1.66642
1.65464
1.64223
1.62921
1.61557
1.60135
1.58654
1.57115
1.55521
1.53872
1.5217
1.50416
1.4861
1.46756
1.44852
1.42901
1.40905
1.38864
1.3678
1.34653
1.32486
1.3028
1.28037
1.25759
1.23446
1.21099
1.18723
1.16316
1.13883
1.11424
1.0894
1.06433
1.03904
1.01357
0.987919
0.962105
0.936143
0.91005
0.883846
0.85755
0.831187
0.804765
0.778294
0.751805
0.725302
0.698819
0.672366
0.645955
0.619608
0.593343
0.567178
0.541127
0.515206
0.489434
0.463835
0.438417
0.413198
0.388198
0.36343
0.338917
0.314663
0.290695
0.267031
0.243681
0.22066
0.197992
0.175689
0.153762
0.132224
0.111099
0.0903995
0.0701393
0.0503376
0.0310021
0.0121479
1.80125
1.80713
1.81225
1.81661
1.82021
1.82303
1.8251
1.8264
1.82694
1.82672
1.82574
1.82401
1.82151
1.81827
1.81429
1.80957
1.80411
1.79793
1.79101
1.78338
1.77504
1.766
1.75626
1.74584
1.73474
1.72297
1.71054
1.69746
1.68374
1.66938
1.6544
1.63881
1.62262
1.60584
1.58849
1.57058
1.55213
1.53314
1.51364
1.49363
1.47312
1.45214
1.4307
1.4088
1.38647
1.36371
1.34054
1.31699
1.29306
1.26878
1.24416
1.21921
1.19395
1.16841
1.14259
1.11652
1.09021
1.06368
1.03695
1.01004
0.982958
0.955729
0.928361
0.900878
0.873302
0.845649
0.817932
0.790182
0.762408
0.734627
0.706853
0.679112
0.651424
0.623807
0.596276
0.568845
0.541537
0.514372
0.487368
0.460538
0.433899
0.407472
0.381273
0.355323
0.329637
0.304231
0.279122
0.254331
0.229867
0.205754
0.182013
0.15865
0.135685
0.113135
0.0910182
0.0693447
0.0481354
0.0274047
0.00716241
-0.0125751
1.86613
1.8722
1.87747
1.88194
1.88561
1.88848
1.89055
1.89181
1.89228
1.89195
1.89083
1.88892
1.88621
1.88272
1.87845
1.87341
1.86761
1.86103
1.8537
1.84561
1.83679
1.82722
1.81693
1.80592
1.7942
1.78178
1.76867
1.75489
1.74043
1.72531
1.70953
1.69312
1.67608
1.65843
1.64017
1.62133
1.60193
1.58196
1.56144
1.5404
1.51885
1.4968
1.47427
1.45126
1.4278
1.4039
1.37957
1.35484
1.32972
1.30423
1.27837
1.25219
1.22568
1.19886
1.17177
1.14441
1.1168
1.08896
1.06092
1.03268
1.00427
0.975694
0.946988
0.918166
0.889247
0.86024
0.831173
0.802068
0.772941
0.743812
0.714695
0.685606
0.65658
0.627621
0.598754
0.57
0.541378
0.512901
0.484592
0.456465
0.428545
0.400849
0.373391
0.346196
0.319276
0.292652
0.266348
0.240367
0.214735
0.189473
0.164591
0.140117
0.116059
0.0924398
0.0692667
0.0465661
0.0243535
0.002641
-0.0185627
-0.0392276
1.93375
1.94002
1.94544
1.95002
1.95376
1.95667
1.95873
1.95996
1.96035
1.95991
1.95863
1.95652
1.95359
1.94983
1.94527
1.9399
1.93372
1.92673
1.91895
1.91038
1.90104
1.89093
1.88005
1.86843
1.85606
1.84295
1.82913
1.8146
1.79936
1.78343
1.76683
1.74955
1.73163
1.71305
1.69384
1.67402
1.65361
1.63261
1.61104
1.58892
1.56627
1.5431
1.51941
1.49524
1.47059
1.44549
1.41995
1.39398
1.3676
1.34083
1.31369
1.2862
1.25838
1.23023
1.2018
1.17309
1.14412
1.11491
1.08547
1.05584
1.02603
0.996061
0.965946
0.935715
0.905376
0.874959
0.844479
0.813951
0.783399
0.752849
0.722318
0.691826
0.661387
0.631024
0.600757
0.57061
0.5406
0.510746
0.481067
0.451585
0.42232
0.393283
0.364507
0.335997
0.307776
0.279875
0.252298
0.225072
0.198211
0.17174
0.145667
0.120014
0.0947995
0.0700434
0.0457656
0.0219741
-0.00130128
-0.0240575
-0.0462688
-0.0679148
2.00424
2.0107
2.01628
2.02098
2.02479
2.02773
2.02979
2.03097
2.03128
2.03071
2.02926
2.02695
2.02378
2.01975
2.01486
2.00913
2.00255
1.99513
1.98688
1.97781
1.96793
1.95724
1.94575
1.93347
1.92041
1.90659
1.89201
1.87669
1.86063
1.84386
1.82637
1.8082
1.78933
1.76979
1.74958
1.72873
1.70726
1.68519
1.66251
1.63925
1.61544
1.59108
1.5662
1.54079
1.5149
1.48854
1.46172
1.43444
1.40674
1.37864
1.35015
1.3213
1.29208
1.26255
1.23271
1.20258
1.17218
1.14152
1.11064
1.07955
1.04826
1.01683
0.985239
0.953522
0.921703
0.889796
0.857827
0.825815
0.793772
0.76173
0.729712
0.697743
0.665823
0.633989
0.602249
0.570639
0.539174
0.507871
0.476754
0.445847
0.415163
0.384729
0.354553
0.324668
0.29509
0.265836
0.236922
0.208377
0.180226
0.152478
0.125148
0.0982523
0.0718251
0.0458767
0.0204206
-0.0045157
-0.0289211
-0.0527741
-0.0760551
-0.0987481
2.07773
2.08439
2.09012
2.09493
2.09882
2.10179
2.10384
2.10497
2.10519
2.10448
2.10285
2.10033
2.0969
2.09257
2.08734
2.08123
2.07423
2.06635
2.05761
2.04801
2.03755
2.02625
2.01411
2.00114
1.98736
1.97278
1.95741
1.94126
1.92434
1.90667
1.88827
1.86914
1.84928
1.82872
1.80747
1.78554
1.76297
1.73976
1.71592
1.69147
1.66644
1.64084
1.61468
1.588
1.56079
1.5331
1.50493
1.47629
1.44721
1.4177
1.38779
1.3575
1.32685
1.29584
1.26452
1.2329
1.201
1.16883
1.13643
1.10381
1.071
1.038
1.00487
0.971599
0.938217
0.904751
0.871216
0.83764
0.804041
0.770442
0.736866
0.703333
0.669863
0.636475
0.603202
0.570053
0.537054
0.504235
0.471616
0.439208
0.407032
0.375117
0.343482
0.31215
0.28114
0.250464
0.220153
0.190229
0.160704
0.131605
0.102948
0.0747585
0.0470469
0.0198302
-0.0068584
-0.0330095
-0.0585965
-0.083607
-0.108027
-0.131834
2.15434
2.16121
2.1671
2.17202
2.17598
2.17898
2.18102
2.18209
2.1822
2.18135
2.17954
2.17679
2.17308
2.16842
2.16284
2.15633
2.14888
2.14052
2.13126
2.12109
2.11003
2.09808
2.08526
2.07157
2.05703
2.04165
2.02544
2.00842
1.9906
1.97199
1.95261
1.93247
1.91157
1.88994
1.86759
1.84454
1.82081
1.7964
1.77134
1.74565
1.71934
1.69243
1.66495
1.63691
1.60834
1.57924
1.54966
1.51958
1.48904
1.45806
1.42666
1.39486
1.36269
1.33015
1.29728
1.26409
1.23061
1.19687
1.16287
1.12864
1.09421
1.0596
1.02484
0.989939
0.954925
0.919815
0.884643
0.849427
0.81419
0.778954
0.74374
0.708571
0.673475
0.638466
0.603575
0.568813
0.534217
0.499804
0.465588
0.431607
0.397875
0.364414
0.331244
0.298386
0.265862
0.233698
0.20192
0.170539
0.139578
0.109058
0.0790034
0.0494335
0.0203743
-0.00816113
-0.036164
-0.0635882
-0.0904294
-0.116675
-0.1423
-0.167272
2.23421
2.24128
2.24734
2.25239
2.25642
2.25945
2.26146
2.26247
2.26247
2.26146
2.25946
2.25645
2.25243
2.24744
2.24149
2.23455
2.22663
2.21776
2.20795
2.19718
2.18548
2.17286
2.15932
2.14486
2.12952
2.1133
2.09622
2.07828
2.05951
2.03991
2.01951
1.9983
1.97631
1.95356
1.93005
1.90581
1.88086
1.85521
1.82887
1.80186
1.77421
1.74594
1.71707
1.68761
1.65759
1.62703
1.59595
1.56436
1.53229
1.49976
1.4668
1.43342
1.39965
1.3655
1.331
1.29617
1.26104
1.22563
1.18997
1.15406
1.11793
1.08163
1.04516
1.00854
0.971816
0.934995
0.89811
0.86117
0.824209
0.787249
0.750314
0.713438
0.676632
0.639923
0.603326
0.566882
0.530606
0.494517
0.458642
0.423005
0.387633
0.352542
0.317762
0.283304
0.249199
0.215474
0.182141
0.149232
0.116764
0.0847574
0.0532255
0.022214
-0.00827034
-0.0382118
-0.0675792
-0.0963635
-0.124531
-0.152074
-0.178957
-0.205167
2.31749
2.32477
2.331
2.33617
2.34028
2.34333
2.34532
2.34625
2.34612
2.34495
2.34272
2.33944
2.33512
2.32979
2.32343
2.31603
2.30762
2.29821
2.28781
2.27642
2.26404
2.2507
2.2364
2.22115
2.20497
2.18787
2.16986
2.15095
2.13118
2.11055
2.08907
2.06674
2.0436
2.01966
1.99494
1.96946
1.94322
1.91625
1.88856
1.86018
1.83113
1.80143
1.77109
1.74015
1.70861
1.67651
1.64386
1.61069
1.57702
1.54288
1.50827
1.47323
1.43778
1.40194
1.36573
1.32919
1.29233
1.25517
1.21774
1.18007
1.14218
1.10409
1.06583
1.02743
0.988894
0.950272
0.911583
0.872846
0.834086
0.79532
0.756581
0.717901
0.679306
0.640815
0.602446
0.564226
0.526179
0.488331
0.450718
0.413355
0.376253
0.339452
0.302973
0.266845
0.23108
0.195708
0.160758
0.126236
0.0921786
0.0586005
0.0255339
-0.00699792
-0.0389846
-0.0704035
-0.101228
-0.131431
-0.160994
-0.189897
-0.218123
-0.245645
2.40433
2.41183
2.41823
2.42353
2.42771
2.43077
2.43273
2.43357
2.43332
2.43196
2.4295
2.42594
2.4213
2.41558
2.40879
2.40092
2.39198
2.382
2.37099
2.35893
2.34584
2.33174
2.31664
2.30056
2.28349
2.26546
2.24647
2.22656
2.20573
2.18401
2.16138
2.13788
2.11353
2.08835
2.06236
2.03556
2.00797
1.97962
1.95053
1.92071
1.89018
1.85897
1.82711
1.7946
1.76148
1.72776
1.69348
1.65864
1.62329
1.58744
1.55111
1.51432
1.47711
1.4395
1.4015
1.36315
1.32447
1.28549
1.24622
1.2067
1.16695
1.12699
1.08686
1.04658
1.00617
0.96566
0.925067
0.884441
0.843789
0.803136
0.762519
0.721951
0.68147
0.641109
0.600873
0.560789
0.52089
0.481207
0.44177
0.402579
0.363678
0.325087
0.286837
0.248938
0.21143
0.174337
0.137678
0.101467
0.0657349
0.0305191
-0.00416506
-0.0382953
-0.0718638
-0.104837
-0.137194
-0.168889
-0.199916
-0.230265
-0.259902
-0.288818
2.49488
2.50261
2.50919
2.51461
2.51885
2.52192
2.52384
2.5246
2.5242
2.52264
2.51993
2.51608
2.51109
2.50498
2.49772
2.48934
2.47986
2.46929
2.45762
2.44484
2.43101
2.41613
2.40019
2.38321
2.36521
2.34619
2.32619
2.30521
2.28328
2.2604
2.23658
2.21184
2.18622
2.15975
2.13241
2.10423
2.07522
2.04543
2.01485
1.98352
1.95145
1.91866
1.88518
1.85104
1.81625
1.78085
1.74484
1.70827
1.67115
1.63351
1.59537
1.55676
1.5177
1.47822
1.43835
1.3981
1.35751
1.31661
1.27541
1.23395
1.19226
1.15035
1.10825
1.06599
1.0236
0.981126
0.93857
0.89595
0.853304
0.810676
0.768081
0.725544
0.683103
0.640761
0.598567
0.556541
0.514707
0.473102
0.431725
0.390631
0.349843
0.30938
0.269256
0.229516
0.190179
0.151278
0.11282
0.0748363
0.0373582
0.000413518
-0.0359703
-0.071792
-0.107015
-0.141622
-0.175566
-0.208842
-0.241424
-0.273295
-0.304432
-0.334798
2.5893
2.59728
2.60404
2.60957
2.61387
2.61695
2.61883
2.61949
2.61894
2.61717
2.61419
2.61002
2.60467
2.59812
2.59038
2.58147
2.57141
2.5602
2.54783
2.53432
2.51971
2.50399
2.48716
2.46925
2.45027
2.43022
2.40915
2.38705
2.36395
2.33986
2.31478
2.28875
2.2618
2.23394
2.2052
2.17556
2.14507
2.11375
2.08162
2.0487
2.015
1.98056
1.9454
1.90954
1.87301
1.83583
1.79802
1.75962
1.72065
1.68114
1.6411
1.60057
1.55958
1.51815
1.4763
1.43407
1.39149
1.34857
1.30535
1.26185
1.21811
1.17415
1.13
1.08568
1.04123
0.996665
0.952027
0.907336
0.862626
0.817927
0.77326
0.728654
0.684131
0.639733
0.595502
0.551438
0.507573
0.463931
0.420551
0.377459
0.334682
0.292252
0.250181
0.208496
0.167249
0.126446
0.0861082
0.0462644
0.00695294
-0.0318052
-0.0699979
-0.107579
-0.144541
-0.180849
-0.216488
-0.251422
-0.285638
-0.31911
-0.351814
-0.383718
2.68778
2.69599
2.70292
2.70857
2.71294
2.71603
2.71786
2.71842
2.71769
2.71569
2.71243
2.70792
2.70217
2.69517
2.68693
2.67746
2.66678
2.65489
2.64179
2.62752
2.61207
2.59546
2.5777
2.55882
2.5388
2.51767
2.49547
2.4722
2.44787
2.4225
2.39611
2.36872
2.34037
2.31106
2.28083
2.24967
2.21762
2.1847
2.15093
2.11634
2.08094
2.04477
2.00784
1.97018
1.93182
1.89278
1.85309
1.81277
1.77186
1.73038
1.68836
1.64582
1.6028
1.55932
1.51541
1.4711
1.42641
1.38139
1.33604
1.29042
1.24453
1.19842
1.15211
1.10563
1.05901
1.01228
0.965462
0.918599
0.871722
0.82485
0.778011
0.731236
0.684559
0.638014
0.591625
0.54541
0.499413
0.453659
0.408185
0.363
0.318134
0.273629
0.229519
0.185818
0.14255
0.0997489
0.0574436
0.0156619
-0.0255779
-0.0662509
-0.106308
-0.14575
-0.18454
-0.222658
-0.260074
-0.296755
-0.332676
-0.367823
-0.402172
-0.435705
2.79049
2.79893
2.80604
2.81181
2.81625
2.81934
2.8211
2.82154
2.82063
2.81838
2.81483
2.80996
2.80378
2.7963
2.78753
2.77747
2.76613
2.75352
2.73966
2.72458
2.70825
2.6907
2.67197
2.65205
2.63094
2.60868
2.58529
2.56078
2.53517
2.50846
2.48069
2.45188
2.42205
2.39123
2.35943
2.32667
2.29298
2.25838
2.22289
2.18654
2.14936
2.11136
2.07258
2.03303
1.99275
1.95176
1.91009
1.86777
1.82483
1.78129
1.73718
1.69254
1.64739
1.60177
1.55569
1.5092
1.46232
1.41508
1.36752
1.31966
1.27153
1.22316
1.17459
1.12584
1.07695
1.02795
0.978859
0.929721
0.880562
0.831413
0.782303
0.733268
0.684325
0.635521
0.586871
0.538426
0.490203
0.442231
0.394542
0.347164
0.30013
0.253466
0.207204
0.161375
0.116001
0.0711035
0.0267305
-0.0170908
-0.0603439
-0.103
-0.145039
-0.186426
-0.227144
-0.267152
-0.306419
-0.344938
-0.382663
-0.419581
-0.455673
-0.490918
2.89759
2.90629
2.91358
2.91948
2.92397
2.92705
2.92873
2.92904
2.92793
2.92543
2.92156
2.91631
2.90968
2.9017
2.89236
2.88167
2.86963
2.85628
2.84162
2.82565
2.80841
2.78989
2.77013
2.74911
2.72685
2.7034
2.67876
2.65295
2.62598
2.59787
2.56865
2.53834
2.50697
2.47455
2.44111
2.40667
2.37125
2.33489
2.2976
2.25941
2.22035
2.18044
2.13971
2.09818
2.05589
2.01286
1.96911
1.92469
1.87961
1.83392
1.78763
1.74079
1.69341
1.64554
1.59719
1.54842
1.49924
1.44968
1.39979
1.34959
1.29911
1.24838
1.19744
1.14632
1.09505
1.04366
0.992194
0.940671
0.889129
0.837594
0.786105
0.734691
0.683384
0.632214
0.581215
0.53042
0.479864
0.429577
0.379565
0.329885
0.280584
0.231668
0.18315
0.135093
0.0875165
0.0404321
-0.00611113
-0.0520798
-0.0974542
-0.142202
-0.186303
-0.229737
-0.272455
-0.314432
-0.355658
-0.396104
-0.435731
-0.474517
-0.512444
-0.549483
3.00928
3.01824
3.02573
3.03174
3.03627
3.03934
3.04096
3.04111
3.03979
3.03702
3.03281
3.02715
3.02005
3.01152
3.00157
2.99021
2.97746
2.96332
2.94781
2.93093
2.91271
2.89317
2.87231
2.85014
2.82669
2.80198
2.77602
2.74884
2.72045
2.69087
2.66013
2.62825
2.59525
2.56115
2.52599
2.48979
2.45256
2.41435
2.37516
2.33504
2.29401
2.25209
2.20932
2.16571
2.12131
2.07613
2.03022
1.98359
1.93628
1.88833
1.83976
1.7906
1.74089
1.69066
1.63995
1.58878
1.53719
1.48521
1.43287
1.38022
1.32728
1.27408
1.22066
1.16706
1.1133
1.05941
1.00545
0.951428
0.897387
0.84336
0.78938
0.735479
0.68169
0.628049
0.574588
0.521341
0.468339
0.415614
0.363197
0.311122
0.25942
0.20812
0.15727
0.106881
0.0569801
0.00762156
-0.0411713
-0.0893896
-0.136999
-0.183947
-0.230216
-0.275774
-0.320598
-0.364656
-0.407942
-0.4504
-0.492009
-0.532754
-0.572603
-0.611518
3.12576
3.13498
3.14266
3.14878
3.15336
3.15643
3.15795
3.15794
3.1564
3.15334
3.14876
3.14266
3.13505
3.12595
3.11537
3.10331
3.0898
3.07482
3.05841
3.04058
3.02133
3.0007
2.97869
2.95532
2.9306
2.90457
2.87723
2.84861
2.81873
2.7876
2.75526
2.72172
2.68702
2.65117
2.6142
2.57614
2.53702
2.49686
2.45569
2.41354
2.37044
2.32642
2.2815
2.23571
2.1891
2.14167
2.09347
2.04454
1.99489
1.94457
1.89361
1.84203
1.78988
1.73718
1.68398
1.63031
1.5762
1.52168
1.46679
1.41157
1.35605
1.30026
1.24425
1.18804
1.13167
1.07518
1.0186
0.961966
0.905314
0.848675
0.792086
0.735584
0.679203
0.622974
0.566935
0.511119
0.45556
0.400289
0.345344
0.290756
0.236556
0.182782
0.129465
0.0766343
0.0243242
-0.0274335
-0.0786068
-0.129173
-0.179087
-0.228325
-0.276864
-0.324675
-0.371709
-0.417959
-0.463382
-0.507962
-0.551651
-0.594432
-0.636284
-0.677194
3.24724
3.25672
3.26458
3.27083
3.27547
3.27851
3.27993
3.27975
3.27796
3.27458
3.2696
3.26304
3.2549
3.2452
3.23395
3.22115
3.20682
3.19097
3.17361
3.15477
3.13445
3.11267
3.08945
3.06481
3.03876
3.01133
2.98254
2.95242
2.92096
2.88821
2.85419
2.81892
2.78242
2.74473
2.70587
2.66587
2.62475
2.58255
2.5393
2.49502
2.44975
2.40352
2.35635
2.30827
2.25933
2.20955
2.15896
2.10761
2.05551
2.00271
1.94923
1.89512
1.84042
1.78514
1.72934
1.67304
1.61628
1.55911
1.50155
1.44364
1.38542
1.32693
1.2682
1.20926
1.15017
1.09094
1.03163
0.972258
0.912871
0.853499
0.794184
0.73496
0.675862
0.616926
0.558191
0.49969
0.441454
0.383524
0.325931
0.268714
0.211905
0.155538
0.0996475
0.0442676
-0.0105735
-0.0648395
-0.118499
-0.171515
-0.223859
-0.275501
-0.326412
-0.376562
-0.425916
-0.474443
-0.522117
-0.568906
-0.614781
-0.659715
-0.703682
-0.746655
3.37392
3.38367
3.39173
3.3981
3.40278
3.40578
3.40709
3.40672
3.40466
3.40094
3.39555
3.3885
3.3798
3.36946
3.3575
3.34392
3.32873
3.31195
3.2936
3.27369
3.25223
3.22925
3.20476
3.17878
3.15134
3.12245
3.09213
3.06041
3.02731
2.99285
2.95706
2.91997
2.8816
2.84197
2.80112
2.75908
2.71588
2.67154
2.6261
2.57959
2.53204
2.48349
2.43396
2.38349
2.33211
2.27986
2.22676
2.17287
2.1182
2.0628
2.0067
1.94993
1.89254
1.83457
1.77604
1.71699
1.65747
1.59751
1.53716
1.47644
1.4154
1.35407
1.2925
1.23071
1.16876
1.10668
1.0445
0.982272
0.920022
0.857792
0.795625
0.733555
0.671616
0.609849
0.548292
0.486979
0.425949
0.365234
0.304879
0.244913
0.185372
0.126293
0.0677123
0.0096629
-0.0478216
-0.104707
-0.16096
-0.216545
-0.27143
-0.325586
-0.378979
-0.431579
-0.48335
-0.534262
-0.584287
-0.633392
-0.681551
-0.728735
-0.774913
-0.820058
3.50602
3.51605
3.52431
3.5308
3.53551
3.53847
3.53965
3.53907
3.53674
3.53265
3.52682
3.51925
3.50995
3.49894
3.48623
3.47182
3.45573
3.43798
3.41857
3.39753
3.37488
3.35063
3.3248
3.29742
3.26851
3.23807
3.20615
3.17276
3.13793
3.10168
3.06403
3.02503
2.98468
2.94303
2.9001
2.85592
2.81052
2.76395
2.71621
2.66736
2.61742
2.56644
2.51443
2.46145
2.40751
2.35267
2.29695
2.24039
2.18303
2.1249
2.06605
2.0065
1.94631
1.8855
1.82412
1.7622
1.69979
1.63692
1.57363
1.50997
1.44598
1.38168
1.31714
1.25238
1.18744
1.12236
1.05719
0.991969
0.92673
0.861514
0.79636
0.73131
0.666403
0.601676
0.537165
0.472916
0.408961
0.345342
0.282095
0.219253
0.156858
0.0949458
0.0335529
-0.0272854
-0.0875332
-0.147157
-0.206121
-0.264392
-0.321936
-0.378715
-0.434701
-0.489861
-0.544158
-0.597563
-0.650045
-0.701574
-0.752121
-0.80165
-0.850137
-0.897558
3.64378
3.65409
3.66255
3.66915
3.6739
3.67679
3.67784
3.67704
3.6744
3.66992
3.66362
3.6555
3.64557
3.63385
3.62034
3.60506
3.58802
3.56923
3.54872
3.5265
3.50259
3.47701
3.44977
3.42091
3.39045
3.35839
3.32479
3.28964
3.25299
3.21485
3.17526
3.13425
3.09183
3.04805
3.00293
2.95651
2.90882
2.85989
2.80975
2.75844
2.706
2.65247
2.59787
2.54224
2.48563
2.42807
2.3696
2.31025
2.25007
2.18909
2.12735
2.06489
2.00175
1.93798
1.87361
1.80868
1.74324
1.67733
1.61098
1.54424
1.47716
1.40976
1.34211
1.27423
1.20616
1.13796
1.06966
1.00131
0.932945
0.864605
0.796332
0.728171
0.660158
0.592333
0.524743
0.457421
0.390412
0.323752
0.257481
0.19164
0.126261
0.0613878
-0.0029412
-0.066695
-0.129832
-0.192314
-0.254111
-0.315188
-0.375505
-0.435026
-0.493721
-0.551554
-0.60849
-0.664501
-0.719552
-0.773612
-0.82665
-0.878631
-0.929531
-0.979321
3.78742
3.79802
3.80668
3.81339
3.81816
3.821
3.82189
3.82085
3.81788
3.81299
3.80619
3.79749
3.78689
3.77441
3.76006
3.74385
3.72581
3.70594
3.68426
3.66079
3.63556
3.60857
3.57986
3.54944
3.51735
3.48359
3.44821
3.41122
3.37266
3.33254
3.29091
3.24778
3.2032
3.15718
3.10977
3.06099
3.01089
2.95949
2.90684
2.85296
2.79789
2.74169
2.68437
2.62598
2.56657
2.50616
2.4448
2.38252
2.31938
2.25541
2.19065
2.12514
2.05893
1.99205
1.92455
1.85647
1.78786
1.71876
1.64921
1.57925
1.50893
1.43829
1.36738
1.29624
1.22492
1.15345
1.08188
1.01025
0.93862
0.867013
0.79548
0.724062
0.652806
0.581751
0.510938
0.440408
0.370203
0.300368
0.230943
0.161964
0.093472
0.0255068
-0.0418934
-0.10869
-0.174842
-0.240316
-0.305073
-0.369074
-0.432282
-0.494666
-0.556186
-0.616812
-0.676504
-0.735233
-0.792965
-0.849666
-0.905303
-0.959843
-1.01326
-1.06552
3.93719
3.94808
3.95694
3.96376
3.96855
3.97131
3.97204
3.97074
3.96742
3.96209
3.95476
3.94543
3.93413
3.92085
3.90561
3.88843
3.86933
3.84831
3.8254
3.80062
3.77399
3.74553
3.71526
3.68321
3.6494
3.61386
3.57661
3.53769
3.49711
3.45492
3.41114
3.3658
3.31893
3.27057
3.22075
3.16951
3.11688
3.06289
3.00759
2.95102
2.89321
2.8342
2.77404
2.71275
2.65039
2.587
2.52262
2.45729
2.39104
2.32394
2.25601
2.18731
2.11787
2.04774
1.97697
1.90559
1.83367
1.76123
1.68832
1.61499
1.5413
1.46727
1.39295
1.3184
1.24367
1.16878
1.09379
1.01875
0.943694
0.868676
0.793736
0.718921
0.644275
0.569841
0.495661
0.421782
0.348244
0.275093
0.202368
0.130112
0.0583665
-0.0128262
-0.0834324
-0.153405
-0.222705
-0.291297
-0.35914
-0.426193
-0.492423
-0.55779
-0.622262
-0.685798
-0.748368
-0.809931
-0.870455
-0.929909
-0.988256
-1.04546
-1.1015
-1.15634
4.09334
4.10453
4.11359
4.12052
4.12532
4.12799
4.12853
4.12696
4.12326
4.11746
4.10957
4.09959
4.08752
4.0734
4.05723
4.03903
4.0188
3.99658
3.97237
3.94621
3.91811
3.8881
3.85619
3.82242
3.78681
3.74939
3.71018
3.66922
3.62654
3.58216
3.53612
3.48846
3.4392
3.38838
3.33603
3.2822
3.22692
3.17022
3.11216
3.05275
2.99206
2.93012
2.86697
2.80266
2.73722
2.6707
2.60315
2.53461
2.46512
2.39473
2.3235
2.25144
2.17863
2.1051
2.0309
1.95607
1.88067
1.80474
1.72832
1.65147
1.57424
1.49666
1.4188
1.34068
1.26237
1.18391
1.10535
1.02674
0.948113
0.86953
0.791032
0.712666
0.634479
0.556517
0.478825
0.401445
0.324427
0.247813
0.171645
0.0959665
0.0208258
-0.0537349
-0.127684
-0.200974
-0.273558
-0.345402
-0.416464
-0.486703
-0.556083
-0.624565
-0.692112
-0.758684
-0.824247
-0.888766
-0.952201
-1.01452
-1.07569
-1.13568
-1.19445
-1.25198
4.25613
4.26763
4.2769
4.28393
4.28872
4.29129
4.29164
4.28976
4.28566
4.27937
4.27087
4.26019
4.24733
4.23231
4.21515
4.19586
4.17446
4.15097
4.1254
4.09778
4.06814
4.03649
4.00286
3.96728
3.92978
3.89038
3.84912
3.80602
3.76112
3.71445
3.66604
3.61593
3.56416
3.51076
3.45576
3.39922
3.34115
3.28161
3.22064
3.15828
3.09457
3.02956
2.96328
2.89578
2.82712
2.75733
2.68647
2.61457
2.54168
2.46786
2.39314
2.31759
2.24124
2.16415
2.08636
2.00792
1.92889
1.8493
1.76922
1.68868
1.60775
1.52647
1.44488
1.36304
1.281
1.19881
1.11651
1.03416
0.951814
0.869504
0.78729
0.705216
0.623329
0.541682
0.46032
0.379288
0.298638
0.218408
0.138651
0.0594074
-0.0192782
-0.0973609
-0.174796
-0.251543
-0.327553
-0.402786
-0.477203
-0.550764
-0.623428
-0.695159
-0.765908
-0.835644
-0.904325
-0.97192
-1.03839
-1.10369
-1.1678
-1.23068
-1.29229
-1.35261
4.42583
4.43764
4.44711
4.45424
4.45903
4.46149
4.46161
4.45941
4.45488
4.44805
4.43892
4.42749
4.4138
4.39784
4.37963
4.35919
4.33655
4.31171
4.28471
4.25556
4.22429
4.19092
4.15549
4.11801
4.07851
4.03704
3.99361
3.94827
3.90104
3.85196
3.80106
3.7484
3.69399
3.63788
3.5801
3.52071
3.45973
3.39721
3.33319
3.26773
3.20085
3.13262
3.06306
2.99224
2.9202
2.84698
2.77264
2.69722
2.62078
2.54336
2.46502
2.3858
2.30575
2.22493
2.14339
2.06117
1.97833
1.89493
1.811
1.72661
1.64181
1.55665
1.47117
1.38544
1.2995
1.21341
1.12721
1.04097
0.954717
0.868524
0.782427
0.696479
0.610733
0.525236
0.440045
0.355203
0.270757
0.186756
0.103252
0.0202882
-0.0620934
-0.143846
-0.224918
-0.305265
-0.384845
-0.463617
-0.541532
-0.618552
-0.69464
-0.769746
-0.843834
-0.916865
-0.988798
-1.05959
-1.12921
-1.19763
-1.26479
-1.33068
-1.39525
-1.45847
4.60272
4.61485
4.62452
4.63174
4.63652
4.63885
4.63873
4.63618
4.63119
4.62379
4.61398
4.60177
4.58718
4.57023
4.55092
4.52928
4.50532
4.47907
4.45056
4.4198
4.38681
4.35164
4.3143
4.27482
4.23323
4.18957
4.14388
4.09618
4.0465
3.99489
3.94139
3.88603
3.82885
3.7699
3.70921
3.64682
3.58279
3.51714
3.44994
3.38122
3.31103
3.23942
3.16643
3.09212
3.01654
2.93973
2.86176
2.78266
2.7025
2.62132
2.53916
2.4561
2.37219
2.28747
2.202
2.11583
2.02902
1.94161
1.85367
1.76525
1.6764
1.58719
1.49765
1.40785
1.31784
1.22767
1.1374
1.04708
0.956758
0.866496
0.776349
0.68636
0.596583
0.507076
0.417886
0.329068
0.240661
0.15273
0.0653184
-0.0215348
-0.107772
-0.193341
-0.278203
-0.362307
-0.445609
-0.528061
-0.609623
-0.690251
-0.769902
-0.848529
-0.926087
-1.00254
-1.07785
-1.15198
-1.22489
-1.29653
-1.36687
-1.43588
-1.50353
-1.56977
4.78708
4.79953
4.80941
4.81672
4.82147
4.82365
4.82327
4.82034
4.81487
4.80687
4.79634
4.7833
4.76777
4.74975
4.72928
4.70636
4.68103
4.65329
4.62318
4.59072
4.55594
4.51887
4.47952
4.43794
4.39416
4.34821
4.30013
4.24995
4.19771
4.14344
4.0872
4.02902
3.96894
3.907
3.84324
3.77772
3.71048
3.64156
3.571
3.49888
3.42521
3.35006
3.27348
3.19552
3.11624
3.03568
2.9539
2.87094
2.78688
2.70176
2.61563
2.52856
2.4406
2.35179
2.26221
2.17191
2.08094
1.98935
1.89722
1.80458
1.71151
1.61805
1.52427
1.43021
1.33594
1.24152
1.14699
1.05241
0.957845
0.863344
0.768963
0.674753
0.580777
0.487081
0.393717
0.300749
0.208221
0.116184
0.0246893
-0.0662087
-0.15646
-0.246012
-0.334824
-0.422843
-0.510019
-0.596314
-0.681672
-0.76605
-0.849408
-0.931696
-1.01287
-1.09289
-1.17172
-1.24931
-1.32562
-1.40062
-1.47427
-1.54653
-1.61736
-1.68674
4.97921
4.99198
5.00207
5.00946
5.01417
5.01619
5.01553
5.0122
5.0062
4.99755
4.98627
4.97235
4.95581
4.93669
4.91499
4.89073
4.86393
4.83463
4.80285
4.7686
4.73193
4.69285
4.65139
4.60761
4.56152
4.51316
4.46257
4.40979
4.35485
4.29781
4.23869
4.17754
4.11441
4.04934
3.98238
3.91357
3.84296
3.7706
3.69655
3.62084
3.54353
3.46468
3.38433
3.30255
3.21939
3.13489
3.04912
2.96214
2.874
2.78476
2.69447
2.60319
2.51099
2.41792
2.32405
2.22942
2.1341
2.03815
1.94162
1.84458
1.74709
1.6492
1.55098
1.45248
1.35376
1.25489
1.15591
1.0569
0.957895
0.858968
0.760167
0.661556
0.563188
0.465126
0.367417
0.270113
0.17328
0.0769663
-0.0187762
-0.113896
-0.208332
-0.302036
-0.394961
-0.487057
-0.578273
-0.66856
-0.757868
-0.846151
-0.933365
-1.01946
-1.1044
-1.18812
-1.2706
-1.35179
-1.43165
-1.51014
-1.58722
-1.66285
-1.737
-1.80963
5.17941
5.19252
5.20281
5.21028
5.21493
5.21677
5.21581
5.21204
5.20549
5.19615
5.18406
5.1692
5.15162
5.13132
5.10832
5.08265
5.05432
5.02337
4.98981
4.95369
4.91502
4.87383
4.83017
4.78406
4.73555
4.68466
4.63143
4.57592
4.51815
4.45818
4.39605
4.33179
4.26546
4.19711
4.12678
4.05452
3.98039
3.90442
3.82669
3.74723
3.66611
3.58338
3.49909
3.4133
3.32607
3.23746
3.14753
3.05632
2.9639
2.87035
2.7757
2.68004
2.58341
2.48588
2.38751
2.28836
2.18849
2.08797
1.98686
1.88522
1.78311
1.68059
1.57773
1.47459
1.37123
1.26771
1.1641
1.06044
0.956805
0.853256
0.749849
0.646643
0.5437
0.441075
0.338827
0.237011
0.13569
0.0349151
-0.0652556
-0.164767
-0.263564
-0.361597
-0.458804
-0.555147
-0.650565
-0.745008
-0.838427
-0.93077
-1.022
-1.11206
-1.2009
-1.28847
-1.37475
-1.45968
-1.54322
-1.62532
-1.70596
-1.78509
-1.86268
-1.9387
5.388
5.40144
5.41193
5.41947
5.42406
5.4257
5.42441
5.42018
5.41303
5.40297
5.39001
5.37418
5.35548
5.33394
5.30957
5.2824
5.25246
5.21976
5.18435
5.14625
5.10548
5.06208
5.01609
4.96754
4.91647
4.86293
4.80694
4.74856
4.68783
4.62478
4.55948
4.49196
4.42228
4.35048
4.27662
4.20074
4.12291
4.04317
3.96158
3.8782
3.79308
3.70628
3.61786
3.52788
3.43639
3.34347
3.24916
3.15354
3.05666
2.95859
2.85939
2.75913
2.65786
2.55567
2.4526
2.34872
2.2441
2.13881
2.0329
1.92645
1.81952
1.71217
1.60447
1.49648
1.38827
1.2799
1.17144
1.06294
0.954475
0.846101
0.737882
0.629885
0.522169
0.41479
0.307808
0.201289
0.095292
-0.0101283
-0.114913
-0.219004
-0.322348
-0.424882
-0.526558
-0.627317
-0.727104
-0.825874
-0.92357
-1.02015
-1.11554
-1.20971
-1.30262
-1.3942
-1.48442
-1.57323
-1.66058
-1.74645
-1.83079
-1.91355
-1.99471
-2.07421
5.60529
5.61908
5.62977
5.63737
5.64188
5.64331
5.64165
5.63693
5.62914
5.61831
5.60445
5.58757
5.56769
5.54484
5.51903
5.49028
5.45863
5.42411
5.38673
5.34654
5.30357
5.25784
5.20941
5.1583
5.10455
5.04821
4.98932
4.92793
4.86408
4.79781
4.72919
4.65825
4.58504
4.50963
4.43206
4.35239
4.27068
4.18699
4.10136
4.01386
3.92455
3.83349
3.74074
3.64636
3.55042
3.45298
3.35411
3.25386
3.15231
3.04952
2.94555
2.84048
2.73438
2.6273
2.51932
2.4105
2.30092
2.19064
2.07972
1.96825
1.85628
1.74388
1.63112
1.51807
1.4048
1.29137
1.17784
1.06429
0.95078
0.837374
0.72414
0.611149
0.49845
0.386116
0.274205
0.162785
0.0519158
-0.0583495
-0.167942
-0.276807
-0.384884
-0.492109
-0.598425
-0.703776
-0.808118
-0.91139
-1.01353
-1.1145
-1.21423
-1.31269
-1.40981
-1.50554
-1.59986
-1.6927
-1.78403
-1.8738
-1.96197
-2.04849
-2.13334
-2.21647
5.83163
5.84576
5.85665
5.8643
5.86872
5.86991
5.86786
5.86261
5.85414
5.84249
5.82766
5.80968
5.78856
5.76432
5.73699
5.70658
5.67315
5.63668
5.59725
5.55487
5.50957
5.4614
5.41039
5.35659
5.30003
5.24076
5.17882
5.11427
5.04714
4.97749
4.90538
4.83084
4.75395
4.67474
4.59329
4.50965
4.42388
4.33603
4.24616
4.15435
4.06065
3.96513
3.86784
3.76886
3.66826
3.56609
3.46243
3.35735
3.25091
3.14318
3.03423
2.92413
2.81296
2.70078
2.58766
2.47368
2.35892
2.24342
2.12728
2.01055
1.89332
1.77565
1.65761
1.53927
1.42072
1.302
1.1832
1.06437
0.945606
0.826952
0.708491
0.59028
0.47239
0.354888
0.237841
0.121307
0.00535784
-0.109951
-0.224549
-0.338378
-0.451371
-0.563475
-0.674631
-0.784777
-0.893845
-1.0018
-1.10856
-1.21409
-1.31833
-1.42122
-1.52272
-1.62279
-1.72135
-1.81838
-1.91383
-2.00764
-2.09978
-2.19021
-2.27889
-2.36577
6.06734
6.08183
6.09291
6.10061
6.10491
6.10583
6.10338
6.09755
6.08837
6.07585
6.06
6.04085
6.01841
5.99271
5.96377
5.93162
5.89628
5.8578
5.81619
5.77149
5.72376
5.67302
5.61931
5.56268
5.50316
5.44081
5.37567
5.30779
5.23723
5.16403
5.08825
5.00995
4.92918
4.84601
4.76049
4.67268
4.58264
4.49044
4.39614
4.29981
4.2015
4.10131
3.99927
3.89548
3.78999
3.68287
3.5742
3.46405
3.35249
3.2396
3.12543
3.01008
2.89362
2.77611
2.65762
2.53825
2.41806
2.29712
2.17551
2.05331
1.93057
1.8074
1.68385
1.56
1.43593
1.3117
1.18739
1.06307
0.938807
0.814685
0.690765
0.567126
0.443829
0.32094
0.198532
0.0766726
-0.0445721
-0.165122
-0.284931
-0.403929
-0.522051
-0.639238
-0.755418
-0.870532
-0.98453
-1.09734
-1.20891
-1.31919
-1.42811
-1.53562
-1.64167
-1.74622
-1.8492
-1.95057
-2.05028
-2.14829
-2.24456
-2.33903
-2.43167
-2.52245
6.31279
6.32763
6.33891
6.34663
6.35081
6.35144
6.34854
6.34211
6.33216
6.31871
6.30179
6.2814
6.25757
6.23032
6.19969
6.16569
6.12836
6.08773
6.04384
5.99673
5.94643
5.89298
5.83643
5.77682
5.7142
5.64861
5.58011
5.50874
5.43458
5.35765
5.27804
5.19578
5.11095
5.02361
4.93382
4.84164
4.74713
4.65037
4.55142
4.45035
4.34724
4.24214
4.13513
4.02629
3.91569
3.80339
3.68948
3.57402
3.45712
3.33881
3.21921
3.09836
2.97635
2.85327
2.72918
2.60417
2.47831
2.35168
2.22436
2.09643
1.96797
1.83905
1.70975
1.58014
1.45031
1.32033
1.19027
1.06022
0.930244
0.800418
0.670817
0.541508
0.412573
0.284076
0.156084
0.0286813
-0.0980631
-0.224087
-0.349322
-0.473702
-0.597156
-0.719616
-0.841024
-0.961313
-1.08043
-1.1983
-1.31487
-1.43007
-1.54385
-1.65616
-1.76694
-1.87614
-1.9837
-2.08957
-2.19372
-2.29608
-2.39661
-2.49527
-2.59203
-2.68683
6.56832
6.58352
6.59499
6.60274
6.60677
6.60708
6.6037
6.59662
6.58585
6.57143
6.55336
6.53166
6.50636
6.47749
6.44507
6.40913
6.3697
6.32682
6.28053
6.23086
6.17786
6.12157
6.06203
5.99929
5.9334
5.86442
5.79239
5.71737
5.63942
5.55859
5.47494
5.38854
5.29945
5.20774
5.11347
5.0167
4.91751
4.81598
4.71216
4.60613
4.49796
4.38773
4.27552
4.16139
4.04544
3.92772
3.80832
3.68732
3.56481
3.44086
3.31554
3.18895
3.06116
2.93225
2.8023
2.67139
2.53962
2.40705
2.27377
2.13987
2.00542
1.8705
1.73519
1.59958
1.46375
1.32777
1.19172
1.05569
0.919755
0.783984
0.648451
0.513244
0.37843
0.24409
0.110303
-0.0228715
-0.155354
-0.287068
-0.417949
-0.547921
-0.676918
-0.804876
-0.931724
-1.05739
-1.18182
-1.30494
-1.4267
-1.54703
-1.66586
-1.78315
-1.89884
-2.01286
-2.12517
-2.23572
-2.34446
-2.45133
-2.55629
-2.65929
-2.7603
-2.85926
6.8343
6.84986
6.86152
6.86928
6.87314
6.87312
6.86921
6.86144
6.84981
6.83435
6.81507
6.79199
6.76514
6.73455
6.70025
6.66226
6.62062
6.57537
6.52654
6.47419
6.41835
6.35907
6.29639
6.23037
6.16105
6.08849
6.01276
5.9339
5.85198
5.76704
5.67917
5.58842
5.49486
5.39857
5.29961
5.19803
5.09394
4.9874
4.87848
4.76724
4.6538
4.5382
4.42053
4.30087
4.17931
4.05592
3.93079
3.80399
3.67561
3.54575
3.41447
3.28187
3.14802
3.01302
2.87695
2.73989
2.60193
2.46316
2.32366
2.18351
2.04282
1.90164
1.76008
1.6182
1.47611
1.33387
1.19158
1.04932
0.907165
0.765192
0.623492
0.482137
0.341208
0.200786
0.060954
-0.0782257
-0.216669
-0.354298
-0.491056
-0.626857
-0.761628
-0.895292
-1.02779
-1.15905
-1.289
-1.41758
-1.54473
-1.67036
-1.79445
-1.9169
-2.03768
-2.15672
-2.27395
-2.38935
-2.50284
-2.61438
-2.72393
-2.83144
-2.93685
-3.04013
7.11111
7.12704
7.13888
7.14664
7.15031
7.14992
7.14546
7.13695
7.1244
7.10783
7.08727
7.06273
7.03425
7.00184
6.96555
6.9254
6.88144
6.83369
6.78221
6.72703
6.66821
6.60578
6.5398
6.47033
6.39741
6.32111
6.24148
6.15858
6.07249
5.98326
5.89095
5.79563
5.6974
5.5963
5.49241
5.38581
5.27658
5.16479
5.05052
4.93385
4.81485
4.69363
4.57025
4.44481
4.31738
4.18805
4.05691
3.92404
3.78954
3.65349
3.51598
3.3771
3.23693
3.09556
2.95309
2.80961
2.6652
2.51995
2.37394
2.22729
2.08006
1.93236
1.78425
1.63585
1.48723
1.33848
1.18968
1.04092
0.892289
0.743863
0.595736
0.447991
0.300697
0.153938
0.00780491
-0.137624
-0.282266
-0.426059
-0.568925
-0.71078
-0.851542
-0.991145
-1.12951
-1.26656
-1.40226
-1.53652
-1.66925
-1.80042
-1.92994
-2.05776
-2.18381
-2.30804
-2.43039
-2.55081
-2.66924
-2.78563
-2.89993
-3.01209
-3.12207
-3.2298
7.39913
7.41543
7.42745
7.43519
7.43866
7.43786
7.43281
7.42351
7.40998
7.39225
7.37033
7.34425
7.31403
7.27972
7.24134
7.19892
7.1525
7.10212
7.04784
6.98969
6.92773
6.862
6.79255
6.71945
6.64275
6.56251
6.4788
6.39168
6.3012
6.20745
6.1105
6.0104
5.90725
5.80111
5.69207
5.58019
5.46557
5.34828
5.2284
5.10603
4.98125
4.85414
4.72478
4.59327
4.4597
4.32417
4.18674
4.04754
3.90663
3.7641
3.62007
3.47462
3.32784
3.17983
3.03067
2.88047
2.72933
2.57731
2.42453
2.27108
2.11705
1.96253
1.80761
1.6524
1.49697
1.34141
1.18584
1.03031
0.874938
0.719791
0.564973
0.41056
0.256639
0.103299
-0.0493814
-0.201305
-0.352411
-0.502612
-0.651822
-0.799959
-0.946947
-1.09272
-1.23718
-1.38028
-1.52193
-1.66208
-1.80062
-1.9375
-2.07268
-2.20606
-2.33759
-2.46721
-2.59486
-2.7205
-2.84404
-2.96545
-3.08466
-3.20164
-3.31633
-3.42868
7.69875
7.71543
7.72762
7.73533
7.73857
7.73733
7.73164
7.7215
7.70694
7.68797
7.66461
7.63691
7.60487
7.56854
7.52795
7.48314
7.43414
7.38099
7.32376
7.26249
7.19723
7.12802
7.05493
6.97803
6.89736
6.81299
6.72498
6.63341
6.53835
6.43987
6.33802
6.23291
6.12461
6.01319
5.89874
5.78133
5.66107
5.53802
5.41228
5.28393
5.15307
5.0198
4.88419
4.74634
4.60634
4.46431
4.32032
4.17447
4.02685
3.87757
3.72673
3.57442
3.42073
3.26576
3.10963
2.95242
2.79423
2.63517
2.47531
2.31477
2.15363
1.992
1.82999
1.66768
1.50515
1.34252
1.17988
1.0173
0.854894
0.692757
0.530964
0.369617
0.2088
0.0486049
-0.110875
-0.269567
-0.427379
-0.584223
-0.740035
-0.894706
-1.04817
-1.20034
-1.35115
-1.50051
-1.64835
-1.79459
-1.93916
-2.082
-2.22303
-2.36218
-2.49939
-2.63459
-2.76775
-2.89877
-3.02761
-3.15422
-3.27853
-3.4005
-3.52007
-3.63719
8.01037
8.02743
8.0398
8.04746
8.05043
8.04872
8.04235
8.03132
8.01566
7.99538
7.97051
7.94108
7.90712
7.86866
7.82574
7.77841
7.72668
7.67064
7.61031
7.54575
7.47702
7.40417
7.32725
7.24635
7.1615
7.07279
6.98028
6.88405
6.78417
6.68071
6.57375
6.46338
6.34967
6.23273
6.1126
5.98941
5.86322
5.73413
5.60225
5.46765
5.33044
5.19071
5.04854
4.90406
4.75735
4.60851
4.45765
4.30485
4.15023
3.99388
3.83591
3.67643
3.51553
3.35331
3.1899
3.02537
2.85983
2.69339
2.52615
2.3582
2.18967
2.02064
1.85122
1.6815
1.51158
1.34157
1.17157
1.00167
0.831935
0.662504
0.49347
0.32491
0.156925
-0.0103917
-0.176955
-0.342681
-0.50747
-0.671234
-0.833892
-0.995344
-1.15552
-1.31435
-1.47173
-1.62759
-1.78185
-1.93442
-2.08525
-2.23426
-2.38136
-2.5265
-2.6696
-2.8106
-2.94943
-3.08605
-3.22038
-3.35236
-3.48195
-3.60909
-3.73371
-3.85576
8.33439
8.35184
8.36436
8.37196
8.37466
8.37244
8.36534
8.35336
8.33653
8.31486
8.28839
8.25714
8.22115
8.18046
8.13509
8.08508
8.03051
7.97142
7.90782
7.83981
7.76743
7.69074
7.6098
7.52469
7.43547
7.3422
7.24496
7.14383
7.03889
6.93022
6.8179
6.702
6.58264
6.45989
6.33382
6.20455
6.07217
5.93677
5.79845
5.6573
5.51343
5.36695
5.21793
5.0665
4.91276
4.7568
4.59874
4.4387
4.27675
4.11301
3.94761
3.78063
3.6122
3.44242
3.27138
3.09919
2.92599
2.75187
2.57692
2.40126
2.225
2.04825
1.8711
1.69368
1.51607
1.33837
1.16069
0.983142
0.805822
0.628811
0.452231
0.276172
0.100735
-0.0740053
-0.247932
-0.420954
-0.592989
-0.763938
-0.933709
-1.10221
-1.26937
-1.4351
-1.59931
-1.7619
-1.92281
-2.08197
-2.23928
-2.39467
-2.54807
-2.6994
-2.84861
-2.99561
-3.14034
-3.28275
-3.42276
-3.56032
-3.69537
-3.82784
-3.95769
-4.08484
8.67123
8.68907
8.70174
8.70927
8.71165
8.70889
8.701
8.68801
8.66994
8.64681
8.61864
8.58548
8.54736
8.5043
8.45635
8.40355
8.34597
8.28364
8.21663
8.14499
8.06877
7.98804
7.90288
7.81335
7.71953
7.62148
7.51928
7.41302
7.30277
7.18863
7.07067
6.949
6.82369
6.69485
6.56257
6.42694
6.28805
6.14604
6.00098
5.85298
5.70214
5.54857
5.39238
5.23369
5.0726
4.9092
4.74363
4.57598
4.40638
4.23493
4.06176
3.88695
3.71064
3.53293
3.35396
3.1738
2.99261
2.81046
2.62746
2.44377
2.25946
2.07466
1.88947
1.70401
1.51836
1.33266
1.14701
0.961513
0.776268
0.591377
0.406953
0.223097
0.0398973
-0.142535
-0.324106
-0.504726
-0.684277
-0.862675
-1.03983
-1.21566
-1.39006
-1.56295
-1.73423
-1.90382
-2.07164
-2.2376
-2.40163
-2.56365
-2.72357
-2.88134
-3.03686
-3.19007
-3.3409
-3.48931
-3.6352
-3.77853
-3.91922
-4.05722
-4.19246
-4.32489
9.0213
9.03953
9.05235
9.05978
9.06181
9.05847
9.04975
9.0357
9.01632
8.99163
8.96167
8.92649
8.88611
8.84056
8.78989
8.73415
8.6734
8.60769
8.53707
8.4616
8.38135
8.2964
8.2068
8.11264
8.01398
7.9109
7.8035
7.69184
7.57603
7.45616
7.3323
7.20454
7.07302
6.9378
6.79899
6.65669
6.51101
6.36206
6.20994
6.05476
5.89663
5.73566
5.57196
5.40567
5.23688
5.06572
4.89228
4.71671
4.53909
4.35958
4.17827
3.9953
3.81076
3.62481
3.43753
3.24906
3.0595
2.86898
2.67762
2.48553
2.29284
2.09965
1.90608
1.71224
1.51825
1.32422
1.13027
0.936495
0.74301
0.54991
0.357322
0.165362
-0.0258826
-0.216314
-0.405825
-0.594327
-0.781689
-0.967827
-1.15265
-1.33607
-1.51798
-1.6983
-1.87691
-2.05375
-2.22872
-2.40175
-2.57275
-2.74162
-2.9083
-3.07271
-3.23478
-3.39442
-3.55158
-3.70618
-3.85816
-4.00744
-4.15398
-4.2977
-4.43852
-4.57641
9.38503
9.40365
9.41661
9.42392
9.42558
9.42161
9.41201
9.39682
9.37604
9.34971
9.31787
9.28055
9.23778
9.18961
9.13608
9.07725
9.01317
8.94389
8.86947
8.78999
8.70553
8.61612
8.52185
8.42282
8.31908
8.21074
8.09786
7.98056
7.85892
7.73301
7.60295
7.46885
7.33078
7.18889
7.04324
6.89395
6.74114
6.58492
6.42541
6.26272
6.09696
5.92825
5.75671
5.58245
5.40562
5.22632
5.04467
4.86079
4.67482
4.48688
4.2971
4.10559
3.91248
3.71789
3.52195
3.32479
3.12653
2.92728
2.72719
2.52637
2.32492
2.12299
1.9207
1.71815
1.51547
1.31276
1.11016
0.907779
0.705716
0.504108
0.303047
0.102653
-0.0969612
-0.295706
-0.493464
-0.690126
-0.885604
-1.07977
-1.27257
-1.46386
-1.65353
-1.84154
-2.02777
-2.21211
-2.3945
-2.57484
-2.75304
-2.92901
-3.10269
-3.27399
-3.44283
-3.60913
-3.77282
-3.93384
-4.09211
-4.24756
-4.40012
-4.54974
-4.69635
-4.83988
9.76283
9.78185
9.79495
9.80212
9.80337
9.79872
9.78819
9.77179
9.74954
9.72148
9.68764
9.64807
9.60279
9.55185
9.49531
9.43322
9.36562
9.2926
9.21419
9.1305
9.04158
8.9475
8.84834
8.74418
8.63513
8.52124
8.40263
8.2794
8.15162
8.0194
7.88286
7.74207
7.59718
7.44826
7.29545
7.13884
6.97857
6.81476
6.64751
6.47694
6.30319
6.12637
5.94661
5.76405
5.57879
5.39099
5.20075
5.0082
4.8135
4.61676
4.41811
4.21769
4.01562
3.81202
3.60706
3.40085
3.19349
2.98516
2.77596
2.56603
2.35546
2.14443
1.93304
1.72143
1.50969
1.29797
1.08638
0.875043
0.664088
0.453612
0.243746
0.0346019
-0.173719
-0.381085
-0.587395
-0.792548
-0.996419
-1.19893
-1.39996
-1.59941
-1.79717
-1.99313
-2.18724
-2.37937
-2.56943
-2.75734
-2.94299
-3.12632
-3.30723
-3.48565
-3.66149
-3.83467
-4.00512
-4.17276
-4.33754
-4.49936
-4.65817
-4.81389
-4.96646
-5.11581
10.1552
10.1746
10.1878
10.1948
10.1956
10.1902
10.1787
10.161
10.1372
10.1073
10.0714
10.0294
9.98151
9.92766
9.86793
9.80241
9.73114
9.65416
9.57157
9.48344
9.38985
9.29085
9.18655
9.07703
8.96238
8.84268
8.71806
8.58859
8.45438
8.31553
8.17218
8.02442
7.87235
7.71609
7.55577
7.39151
7.22343
7.05162
6.87627
6.69748
6.51537
6.33006
6.14172
5.95044
5.75638
5.55968
5.36047
5.15888
4.95504
4.74911
4.54119
4.33147
4.12003
3.90705
3.69267
3.477
3.26018
3.04236
2.82368
2.60423
2.3842
2.16369
1.94283
1.72174
1.50062
1.27951
1.05858
0.837936
0.617727
0.398054
0.179035
-0.0391992
-0.25653
-0.472845
-0.688027
-0.901989
-1.1146
-1.32574
-1.53531
-1.74321
-1.94931
-2.15354
-2.3558
-2.55598
-2.75397
-2.94971
-3.14309
-3.33402
-3.52241
-3.70818
-3.89125
-4.07155
-4.24897
-4.42347
-4.59495
-4.76336
-4.92862
-5.09065
-5.24937
-5.40473
10.5624
10.5822
10.5956
10.6024
10.6027
10.5966
10.584
10.565
10.5395
10.5077
10.4695
10.4251
10.3743
10.3174
10.2544
10.1852
10.1101
10.0289
9.94195
9.84915
9.75063
9.64647
9.53677
9.42164
9.30111
9.17531
9.04437
8.90837
8.76742
8.62163
8.47114
8.31604
8.15645
7.99249
7.8243
7.65201
7.47574
7.29562
7.11177
6.92435
6.73348
6.53931
6.34198
6.1416
5.93835
5.73233
5.52375
5.31269
5.09932
4.88377
4.66619
4.44675
4.22557
4.00279
3.77858
3.55304
3.32637
3.09865
2.87007
2.64075
2.41081
2.18044
1.94973
1.71885
1.48791
1.25705
1.0264
0.796087
0.566259
0.337024
0.108527
-0.119147
-0.345844
-0.571445
-0.795852
-1.01895
-1.24058
-1.46064
-1.67905
-1.8957
-2.11046
-2.32324
-2.53394
-2.74244
-2.94865
-3.15247
-3.35382
-3.55259
-3.74871
-3.94209
-4.13264
-4.32027
-4.50489
-4.68646
-4.86488
-5.04009
-5.212
-5.38051
-5.5456
-5.70718
10.9851
11.0053
11.0187
11.0254
11.0252
11.0182
11.0045
10.984
10.9568
10.9229
10.8824
10.8353
10.7817
10.7215
10.6549
10.582
10.5027
10.4173
10.3256
10.228
10.1243
10.0147
9.89934
9.77825
9.65156
9.51937
9.38181
9.23896
9.09094
8.93786
8.77988
8.61708
8.44961
8.2776
8.10117
7.92045
7.7356
7.54674
7.35402
7.15758
6.95755
6.7541
6.54735
6.33748
6.12459
5.90888
5.69047
5.46952
5.24618
5.02062
4.79296
4.56338
4.332
4.09901
3.86454
3.62875
3.39175
3.15374
2.91485
2.67524
2.43504
2.19439
1.95344
1.71232
1.47119
1.23018
0.989442
0.749111
0.509285
0.27012
0.0317443
-0.205713
-0.442118
-0.677348
-0.911296
-1.14382
-1.37481
-1.60414
-1.83172
-2.05741
-2.2811
-2.50272
-2.72215
-2.93925
-3.15394
-3.36611
-3.57569
-3.78258
-3.98668
-4.1879
-4.38616
-4.58136
-4.77343
-4.96228
-5.14785
-5.33006
-5.50882
-5.68405
-5.85571
-6.02369
11.4235
11.4442
11.4577
11.4641
11.4633
11.4555
11.4406
11.4185
11.3895
11.3535
11.3105
11.2606
11.2038
11.1403
11.07
10.9931
10.9095
10.8195
10.723
10.6202
10.5111
10.3958
10.2745
10.1472
10.014
9.87512
9.73059
9.58055
9.4251
9.2644
9.09856
8.92772
8.752
8.57152
8.38645
8.19693
8.0031
7.80509
7.60307
7.39718
7.18756
6.9744
6.75782
6.53797
6.31505
6.08918
5.86052
5.62923
5.3955
5.15947
4.92129
4.68112
4.43912
4.19546
3.9503
3.70379
3.45609
3.20733
2.95772
2.70738
2.45645
2.20512
1.95351
1.70176
1.45006
1.19852
0.947284
0.696493
0.446316
0.196848
-0.0517473
-0.299341
-0.545811
-0.791011
-1.03483
-1.27713
-1.51781
-1.75675
-1.99381
-2.22885
-2.46181
-2.69255
-2.92095
-3.14694
-3.37039
-3.5912
-3.80929
-4.02454
-4.23686
-4.44615
-4.65237
-4.85537
-5.05509
-5.25147
-5.44442
-5.63385
-5.81966
-6.00181
-6.18022
-6.3548
11.8782
11.8993
11.9129
11.919
11.9177
11.9089
11.8927
11.869
11.8381
11.7997
11.7541
11.7013
11.6413
11.5742
11.5
11.4189
11.3308
11.2359
11.1343
11.0261
10.9113
10.79
10.6625
10.5286
10.3887
10.2427
10.0909
9.93334
9.77011
9.6014
9.42734
9.24803
9.06365
8.87434
8.68021
8.48147
8.27825
8.07065
7.85889
7.64313
7.42351
7.20016
6.97329
6.74305
6.50961
6.27313
6.03377
5.7917
5.54709
5.30011
5.05094
4.79973
4.54666
4.29187
4.03555
3.77787
3.519
3.2591
2.9983
2.73677
2.47472
2.21228
1.94956
1.68677
1.42409
1.16161
0.899465
0.637868
0.376905
0.116758
-0.142417
-0.400525
-0.657425
-0.912959
-1.16703
-1.41947
-1.67015
-1.91899
-2.16584
-2.41059
-2.65309
-2.89324
-3.13095
-3.3661
-3.59859
-3.8283
-4.05514
-4.27902
-4.4998
-4.71744
-4.93182
-5.14285
-5.35049
-5.55459
-5.75513
-5.95198
-6.14507
-6.33434
-6.51971
-6.70109
12.3495
12.3711
12.3847
12.3906
12.3886
12.3788
12.3612
12.3359
12.3029
12.2621
12.2138
12.1579
12.0944
12.0235
11.9453
11.8597
11.7669
11.667
11.56
11.446
11.3253
11.1977
11.0636
10.9229
10.7758
10.6225
10.463
10.2975
10.1261
9.94903
9.76632
9.57818
9.38473
9.18613
8.98254
8.77413
8.56103
8.34343
8.1215
7.89539
7.66526
7.4313
7.19367
6.95255
6.70812
6.46054
6.21002
5.95666
5.70071
5.44233
5.18169
4.91896
4.65432
4.38793
4.12
3.85068
3.58018
3.30862
3.03621
2.76309
2.48943
2.21541
1.94119
1.66694
1.39279
1.11894
0.845498
0.572651
0.300565
0.0293629
-0.240839
-0.509849
-0.777536
-1.04377
-1.30842
-1.57134
-1.8324
-2.09146
-2.34843
-2.60315
-2.85553
-3.10542
-3.35271
-3.59732
-3.83911
-4.07799
-4.31386
-4.54658
-4.77609
-5.0023
-5.2251
-5.44444
-5.66016
-5.87222
-6.08054
-6.28504
-6.48563
-6.68223
-6.87474
-7.06312
12.838
12.86
12.8737
12.8792
12.8765
12.8657
12.8467
12.8195
12.7843
12.741
12.6898
12.6306
12.5636
12.4887
12.4061
12.3159
12.2181
12.1129
12.0002
11.8803
11.7532
11.6191
11.4781
11.3302
11.1757
11.0146
10.8471
10.6733
10.4933
10.3074
10.1157
9.91822
9.71527
9.50697
9.29346
9.07492
8.85151
8.62342
8.39083
8.15389
7.91278
7.6677
7.41884
7.16634
6.91043
6.65127
6.38905
6.12394
5.85614
5.58585
5.31323
5.03847
4.76176
4.48332
4.20329
3.92188
3.63924
3.35555
3.07103
2.78582
2.50008
2.21404
1.92786
1.64169
1.35568
1.07001
0.784843
0.50035
0.216689
-0.0659969
-0.347565
-0.627868
-0.906719
-1.18402
-1.45961
-1.73336
-2.0051
-2.27476
-2.54217
-2.80721
-3.06973
-3.32964
-3.58685
-3.84118
-4.09256
-4.34088
-4.58601
-4.82787
-5.06636
-5.30139
-5.53285
-5.76065
-5.98472
-6.20496
-6.4213
-6.63364
-6.8419
-7.04602
-7.2459
-7.44147
13.344
13.3664
13.3801
13.3853
13.3819
13.3699
13.3494
13.3203
13.2828
13.2369
13.1826
13.1199
13.0491
12.9701
12.8829
12.7878
12.6848
12.5739
12.4554
12.3292
12.1955
12.0545
11.9062
11.7508
11.5884
11.4191
11.2432
11.0607
10.8718
10.6766
10.4754
10.2683
10.0554
9.83688
9.61298
9.38383
9.14964
8.91058
8.6668
8.41854
8.16597
7.90928
7.64864
7.38426
7.11633
6.84505
6.57062
6.29324
6.0131
5.73035
5.44525
5.15796
4.86871
4.57767
4.28503
3.99098
3.6957
3.39941
3.10228
2.8045
2.50624
2.2077
1.90907
1.61052
1.31219
1.01426
0.716932
0.420382
0.124725
-0.169844
-0.463205
-0.755184
-1.04561
-1.33432
-1.62124
-1.90617
-2.18898
-2.46953
-2.74769
-3.02336
-3.29638
-3.56664
-3.83399
-4.09835
-4.3596
-4.6176
-4.87229
-5.12353
-5.37125
-5.61531
-5.85564
-6.09218
-6.3248
-6.55341
-6.77797
-6.99836
-7.21451
-7.42632
-7.63374
-7.8367
13.8678
13.8907
13.9045
13.9093
13.9051
13.8919
13.8697
13.8386
13.7987
13.7499
13.6924
13.6262
13.5513
13.4679
13.376
13.2758
13.1672
13.0505
12.9257
12.7929
12.6523
12.504
12.3481
12.1848
12.0142
11.8364
11.6516
11.46
11.2617
11.0569
10.8457
10.6283
10.405
10.1759
9.94105
9.70081
9.45533
9.20476
8.94933
8.68925
8.42464
8.15578
7.88287
7.60606
7.32561
7.04168
6.75451
6.46431
6.17123
5.87553
5.5774
5.27706
4.9747
4.67053
4.36474
4.05753
3.74913
3.4397
3.1295
2.81863
2.50733
2.19585
1.88429
1.57285
1.26174
0.951127
0.641184
0.332109
0.0240507
-0.282869
-0.588412
-0.892454
-1.19483
-1.49537
-1.79397
-2.09044
-2.38466
-2.67647
-2.96574
-3.25235
-3.53617
-3.81704
-4.09487
-4.36953
-4.6409
-4.90889
-5.17337
-5.43422
-5.69137
-5.94473
-6.19419
-6.43966
-6.68101
-6.91823
-7.1512
-7.37982
-7.60403
-7.82377
-8.03891
-8.24939
14.41
14.4333
14.4471
14.4515
14.4464
14.432
14.4081
14.3749
14.3324
14.2807
14.2197
14.1497
14.0706
13.9826
13.8857
13.78
13.6657
13.5428
13.4114
13.2718
13.1239
12.968
12.8041
12.6325
12.4532
12.2664
12.0724
11.8712
11.663
11.4481
11.2265
10.9985
10.7642
10.5239
10.2777
10.0258
9.76852
9.50592
9.23827
8.96575
8.68863
8.40707
8.1213
7.83154
7.53798
7.24082
6.94035
6.63675
6.33024
6.021
5.70928
5.3953
5.0793
4.76144
4.44196
4.12104
3.79897
3.47592
3.15206
2.82762
2.50282
2.1778
1.85282
1.52805
1.20369
0.879927
0.556925
0.234844
-0.0860799
-0.405718
-0.723891
-1.04039
-1.35511
-1.66788
-1.97852
-2.28691
-2.5929
-2.89632
-3.19703
-3.49491
-3.7898
-4.08161
-4.37019
-4.65542
-4.9372
-5.21542
-5.48994
-5.76065
-6.02751
-6.29037
-6.54913
-6.80372
-7.05407
-7.30008
-7.54163
-7.77867
-8.01113
-8.23892
-8.46196
-8.68019
14.9709
14.9946
15.0084
15.0124
15.0064
14.9906
14.9649
14.9295
14.8843
14.8294
14.7649
14.6908
14.6073
14.5144
14.4123
14.3009
14.1805
14.0511
13.9129
13.7659
13.6104
13.4465
13.2742
13.0939
12.9056
12.7094
12.5057
12.2944
12.0759
11.8503
11.6178
11.3786
11.1329
10.8809
10.6228
10.3588
10.0891
9.81388
9.53343
9.248
8.95773
8.66292
8.3637
8.06034
7.75309
7.44217
7.12781
6.81022
6.48964
6.16628
5.84043
5.51224
5.18199
4.84989
4.51617
4.18103
3.84472
3.50742
3.16939
2.83085
2.49195
2.15298
1.81406
1.47542
1.13732
0.799904
0.463339
0.127843
-0.206376
-0.539172
-0.870361
-1.19979
-1.52727
-1.85264
-2.17572
-2.49636
-2.81447
-3.12982
-3.4423
-3.75175
-4.05807
-4.36111
-4.66073
-4.95682
-5.24927
-5.53796
-5.82276
-6.1036
-6.38033
-6.6529
-6.9212
-7.18514
-7.44463
-7.6996
-7.94992
-8.19556
-8.43643
-8.67245
-8.90357
-9.12964
15.5508
15.575
15.5888
15.5922
15.5853
15.568
15.5405
15.5026
15.4546
15.3964
15.3282
15.2499
15.1617
15.0637
14.956
14.8387
14.7119
14.5756
14.4302
14.2756
14.1121
13.9398
13.7587
13.5692
13.3714
13.1654
12.9515
12.7297
12.5004
12.2637
12.0197
11.7688
11.5111
11.2468
10.9762
10.6995
10.4168
10.1285
9.83466
9.53564
9.23169
8.92294
8.60969
8.29219
7.97062
7.64531
7.31644
6.98427
6.64902
6.31096
5.97031
5.62734
5.28227
4.93534
4.58677
4.23681
3.88566
3.53363
3.18086
2.82761
2.47416
2.12062
1.76725
1.41427
1.0619
0.710323
0.359742
0.0103754
-0.337623
-0.684054
-1.02874
-1.37148
-1.71209
-2.05046
-2.38634
-2.71966
-3.0502
-3.37785
-3.70242
-4.02377
-4.34182
-4.65638
-4.96731
-5.27453
-5.57789
-5.87729
-6.17264
-6.46377
-6.75065
-7.03313
-7.31116
-7.58461
-7.85344
-8.1175
-8.37678
-8.63117
-8.88059
-9.12499
-9.36429
-9.59837
16.1501
16.1747
16.1885
16.1914
16.1835
16.1647
16.1351
16.0947
16.0437
15.9821
15.9098
15.8271
15.7341
15.6307
15.5172
15.3936
15.26
15.1167
14.9636
14.801
14.6291
14.4479
14.2577
14.0586
13.8508
13.6345
13.4099
13.1771
12.9364
12.688
12.4321
12.1689
11.8986
11.6216
11.3378
11.0478
10.7515
10.4494
10.1416
9.82847
9.51013
9.1869
8.85896
8.52665
8.19019
7.84982
7.50583
7.15841
6.80786
6.45448
6.09845
5.74005
5.37949
5.01708
4.65309
4.2877
3.92121
3.55379
3.1857
2.81724
2.44858
2.07996
1.71161
1.34375
0.976609
0.610376
0.245306
-0.118442
-0.480713
-0.841188
-1.19977
-1.55624
-1.91044
-2.26218
-2.61132
-2.95766
-3.30103
-3.64126
-3.97823
-4.31184
-4.64191
-4.96827
-5.29081
-5.60939
-5.92393
-6.23428
-6.54036
-6.84204
-7.13922
-7.43181
-7.71972
-8.00289
-8.28118
-8.55457
-8.8229
-9.08617
-9.3443
-9.59721
-9.84481
-10.087
16.7691
16.7942
16.8079
16.8103
16.8012
16.7808
16.7491
16.7061
16.6519
16.5866
16.5102
16.4229
16.3246
16.2156
16.096
15.9658
15.8252
15.6743
15.5133
15.3423
15.1616
14.9711
14.7712
14.5621
14.3438
14.1167
13.8808
13.6365
13.3839
13.1233
12.8548
12.5788
12.2954
12.0048
11.7075
11.4034
11.093
10.7765
10.4541
10.1261
9.79275
9.45434
9.11115
8.76334
8.41127
8.0552
7.69541
7.33213
6.96565
6.59624
6.22417
5.84967
5.47305
5.09456
4.71448
4.33305
3.95051
3.5671
3.18317
2.79886
2.41442
2.03017
1.64629
1.26302
0.880567
0.499211
0.119126
-0.259542
-0.636511
-1.01151
-1.38441
-1.75511
-2.12331
-2.48885
-2.85152
-3.21122
-3.56779
-3.921
-4.27076
-4.6169
-4.95925
-5.29769
-5.63207
-5.9623
-6.28825
-6.6098
-6.92684
-7.23926
-7.54691
-7.84976
-8.14777
-8.44074
-8.72866
-9.01147
-9.28902
-9.56129
-9.82823
-10.0897
-10.3457
-10.5962
17.408
17.4336
17.4473
17.449
17.4388
17.4167
17.3827
17.337
17.2795
17.2103
17.1295
17.0373
16.9336
16.8187
16.6926
16.5555
16.4075
16.2487
16.0793
15.8995
15.7095
15.5094
15.2994
15.0797
14.8504
14.6119
14.3644
14.1079
13.8429
13.5694
13.2878
12.9983
12.7011
12.3965
12.0848
11.7662
11.4409
11.1093
10.7717
10.4281
10.0792
9.7249
9.36564
9.00171
8.63338
8.26093
7.88464
7.5048
7.12168
6.73559
6.34678
5.95558
5.56221
5.16697
4.77014
4.37201
3.97283
3.57286
3.17237
2.77165
2.37094
1.97041
1.5704
1.17115
0.772822
0.375798
-0.019811
-0.413841
-0.805949
-1.19594
-1.58372
-1.96902
-2.35162
-2.73134
-3.10804
-3.48151
-3.85158
-4.21808
-4.58092
-4.93988
-5.29484
-5.64561
-5.99212
-6.33423
-6.6718
-7.00475
-7.33296
-7.65626
-7.97458
-8.28789
-8.59609
-8.89904
-9.19672
-9.48902
-9.77589
-10.0573
-10.3331
-10.6033
-10.8678
-11.1266
18.0672
18.0933
18.1069
18.108
18.0965
18.0726
18.0363
17.9876
17.9266
17.8533
17.768
17.6706
17.5612
17.44
17.3072
17.1628
17.007
16.84
16.6619
16.4728
16.273
16.0627
15.8421
15.6113
15.3706
15.1202
14.8603
14.5912
14.3131
14.0262
13.7308
13.4272
13.1156
12.7963
12.4696
12.1357
11.795
11.4476
11.0939
10.7343
10.3688
9.99801
9.62203
9.24125
8.85591
8.46635
8.07289
7.67577
7.27531
6.87181
6.46559
6.05695
5.64615
5.23348
4.81928
4.40379
3.98728
3.57009
3.15243
2.73465
2.31696
1.89967
1.48291
1.06709
0.652457
0.239147
-0.172523
-0.582376
-0.990179
-1.3957
-1.79874
-2.19904
-2.59645
-2.99078
-3.38185
-3.76946
-4.1534
-4.53357
-4.90977
-5.28187
-5.64969
-6.01309
-6.37196
-6.72617
-7.0756
-7.42014
-7.75964
-8.09401
-8.42317
-8.74707
-9.06559
-9.37862
-9.68613
-9.98807
-10.2843
-10.5748
-10.8596
-11.1385
-11.4116
-11.6788
18.7468
18.7734
18.7869
18.7873
18.7745
18.7487
18.7099
18.6581
18.5934
18.5159
18.4257
18.3229
18.2075
18.0798
17.9399
17.7879
17.6239
17.4482
17.2609
17.0621
16.8521
16.6312
16.3994
16.157
15.9042
15.6413
15.3686
15.0862
14.7944
14.4934
14.1837
13.8653
13.5386
13.2039
12.8615
12.5117
12.1546
11.7908
11.4204
11.0438
10.6613
10.2732
9.87972
9.48135
9.07828
8.67089
8.25945
7.84432
7.42575
7.00417
6.57978
6.15299
5.72398
5.29319
4.86089
4.42735
3.99285
3.55777
3.12231
2.68682
2.25157
1.81681
1.38284
0.949894
0.518252
0.0882142
-0.340123
-0.766391
-1.19034
-1.61182
-2.03055
-2.44636
-2.85904
-3.26837
-3.67414
-4.07622
-4.4744
-4.86856
-5.25845
-5.64395
-6.02492
-6.40121
-6.77268
-7.13922
-7.5007
-7.85695
-8.20794
-8.55355
-8.89366
-9.22823
-9.55718
-9.8804
-10.1978
-10.5094
-10.8151
-11.1148
-11.4086
-11.6963
-11.9779
-12.2534
19.447
19.4742
19.4876
19.4872
19.473
19.4452
19.4037
19.3487
19.2801
19.1981
19.1028
18.9943
18.8727
18.7381
18.5908
18.4307
18.2582
18.0733
17.8764
17.6674
17.4468
17.2146
16.9711
16.7166
16.4512
16.1752
15.8889
15.5926
15.2864
14.9708
14.646
14.3121
13.9697
13.6189
13.26
12.8935
12.5195
12.1384
11.7506
11.3563
10.9559
10.5497
10.138
9.72124
9.29965
8.87358
8.44348
8.00958
7.57219
7.13169
6.68845
6.2427
5.79482
5.34519
4.89408
4.44172
3.98858
3.53493
3.08099
2.62713
2.17364
1.72082
1.26897
0.818258
0.369062
-0.0783467
-0.523794
-0.966929
-1.40761
-1.84552
-2.28041
-2.71213
-3.14051
-3.56527
-3.9862
-4.40309
-4.81586
-5.22432
-5.62818
-6.02739
-6.42178
-6.81115
-7.19543
-7.57448
-7.94812
-8.31634
-8.67899
-9.03592
-9.38708
-9.73246
-10.0719
-10.4053
-10.7327
-11.054
-11.3692
-11.6781
-11.9808
-12.2773
-12.5674
-12.8513
20.168
20.1956
20.2089
20.2077
20.1921
20.1622
20.1179
20.0594
19.9868
19.9001
19.7994
19.6849
19.5567
19.415
19.2598
19.0913
18.9098
18.7154
18.5083
18.2887
18.0568
17.8129
17.5572
17.2899
17.0113
16.7216
16.4212
16.1102
15.7891
15.4581
15.1174
14.7674
14.4084
14.0407
13.6647
13.2807
12.889
12.4898
12.0837
11.671
11.2519
10.8268
10.3961
9.96013
9.51925
9.0738
8.6242
8.17072
7.7137
7.25349
6.79055
6.32509
5.85759
5.38834
4.91768
4.44588
3.97333
3.5003
3.02722
2.5543
2.08195
1.61045
1.14002
0.670961
0.203689
-0.261682
-0.724804
-1.18539
-1.64318
-2.09808
-2.54969
-2.99782
-3.44226
-3.88278
-4.31925
-4.75141
-5.17911
-5.60209
-6.02022
-6.43342
-6.84143
-7.24413
-7.64144
-8.03316
-8.4192
-8.79947
-9.17384
-9.54222
-9.90455
-10.2607
-10.6107
-10.9544
-11.2917
-11.6227
-11.9473
-12.2654
-12.5771
-12.8823
-13.1809
-13.473
20.9097
20.9379
20.951
20.9489
20.9318
20.8996
20.8524
20.7904
20.7135
20.6218
20.5155
20.3948
20.2596
20.1103
19.9469
19.7696
19.5787
19.3743
19.1565
18.9257
18.6821
18.4259
18.1573
17.8767
17.5842
17.2802
16.9649
16.6388
16.3019
15.9547
15.5975
15.2305
14.8543
14.469
14.075
13.6727
13.2624
12.8444
12.4193
11.9872
11.5486
11.1039
10.6533
10.1973
9.73624
9.27055
8.8006
8.32668
7.84919
7.36855
6.88505
6.39919
5.91121
5.42153
4.93053
4.43846
3.94572
3.45271
2.9597
2.46711
1.97524
1.48434
0.994701
0.506698
0.0206267
-0.463207
-0.944529
-1.42309
-1.89867
-2.37098
-2.83975
-3.30468
-3.76567
-4.22237
-4.67473
-5.12246
-5.56538
-6.00323
-6.43596
-6.86335
-7.28525
-7.7015
-8.11199
-8.51652
-8.91511
-9.30756
-9.69373
-10.0736
-10.4471
-10.8142
-11.1747
-11.5286
-11.8759
-12.2166
-12.5505
-12.8777
-13.1983
-13.5121
-13.8191
-14.1193
21.6722
21.7009
21.7138
21.7109
21.6921
21.6576
21.6074
21.5415
21.4601
21.3632
21.2511
21.1237
20.9813
20.824
20.652
20.4655
20.2647
20.0497
19.8209
19.5783
19.3224
19.0533
18.7713
18.4766
18.1696
17.8506
17.5198
17.1776
16.8243
16.4602
16.0857
15.7011
15.3067
14.903
14.4902
14.0688
13.6391
13.2015
12.7564
12.3042
11.8452
11.3798
10.9085
10.4317
9.9496
9.46281
8.9716
8.47642
7.97764
7.47564
6.97086
6.46363
5.95437
5.44347
4.9313
4.41826
3.90463
3.39087
2.87724
2.36416
1.85201
1.341
0.831562
0.323981
-0.181421
-0.684353
-1.18454
-1.68168
-2.17543
-2.66566
-3.15199
-3.63424
-4.11218
-4.58555
-5.05413
-5.51776
-5.97621
-6.42925
-6.8768
-7.31865
-7.75464
-8.18464
-8.60841
-9.026
-9.43721
-9.84186
-10.2399
-10.6314
-11.0161
-11.394
-11.765
-12.1292
-12.4863
-12.8366
-13.1798
-13.516
-13.8453
-14.1675
-14.4828
-14.7911
22.4553
22.4847
22.4974
22.4935
22.473
22.436
22.3825
22.3127
22.2265
22.1242
22.0058
21.8716
21.7216
21.556
21.375
21.1788
20.9676
20.7416
20.501
20.2462
19.9774
19.6948
19.3986
19.0893
18.7671
18.4324
18.0853
17.7264
17.3559
16.9741
16.5815
16.1783
15.7651
15.342
14.9096
14.4682
14.0183
13.5601
13.0942
12.6209
12.1406
11.6538
11.1609
10.6622
10.1582
9.64938
9.13609
8.61878
8.09778
7.5736
7.04659
6.5172
5.98579
5.45288
4.91877
4.38385
3.84855
3.31319
2.77824
2.24397
1.7108
1.17904
0.649082
0.121252
-0.404168
-0.926761
-1.44636
-1.96255
-2.47511
-2.98377
-3.48819
-3.98818
-4.48341
-4.97379
-5.45902
-5.9389
-6.41317
-6.88172
-7.34434
-7.80081
-8.25112
-8.69496
-9.13225
-9.56293
-9.98681
-10.4038
-10.8138
-11.2168
-11.6127
-12.0014
-12.3829
-12.7571
-13.1241
-13.4837
-13.8361
-14.1812
-14.5191
-14.8495
-15.1728
-15.4889
23.259
23.289
23.3015
23.2966
23.2743
23.2347
23.1778
23.1037
23.0127
22.9046
22.7798
22.6382
22.4802
22.3059
22.1154
21.9091
21.687
21.4494
21.1967
20.929
20.6466
20.3498
20.039
19.7143
19.3762
19.025
18.661
18.2845
17.8959
17.4957
17.0841
16.6616
16.2286
15.7853
15.3324
14.8702
14.399
13.9194
13.4318
12.9364
12.4339
11.9247
11.4092
10.8878
10.3609
9.82913
9.29284
8.75244
8.20833
7.66101
7.11087
6.55844
6.00409
5.44825
4.89133
4.33374
3.77586
3.2182
2.66104
2.10483
1.54997
0.996704
0.445598
-0.103171
-0.649188
-1.19211
-1.73167
-2.26756
-2.79945
-3.32696
-3.84994
-4.36812
-4.88122
-5.38896
-5.89112
-6.38752
-6.87797
-7.36224
-7.84012
-8.31151
-8.77627
-9.23411
-9.685
-10.1289
-10.5655
-10.9948
-11.4168
-11.8313
-12.2382
-12.6377
-13.0295
-13.4137
-13.7903
-14.1593
-14.5206
-14.8743
-15.2205
-15.559
-15.8901
-16.2136
24.083
24.1136
24.1258
24.1199
24.0957
24.0533
23.9929
23.9145
23.8182
23.7041
23.5724
23.4233
23.2569
23.0735
22.8731
22.656
22.4226
22.1729
21.9074
21.6262
21.3297
21.0181
20.6917
20.351
19.9962
19.6278
19.2459
18.8511
18.4437
18.0241
17.5928
17.15
16.6963
16.232
15.7575
15.2735
14.7803
14.2782
13.7678
13.2496
12.7239
12.1913
11.6522
11.1071
10.5564
10.0007
9.44037
8.8759
8.3077
7.73632
7.16232
6.58587
6.0076
5.42796
4.8474
4.26628
3.68508
3.1042
2.52405
1.94515
1.3678
0.792403
0.21929
-0.351066
-0.918373
-1.48219
-2.04236
-2.59845
-3.15014
-3.69714
-4.23914
-4.77595
-5.30719
-5.83266
-6.3522
-6.86547
-7.37234
-7.87264
-8.366
-8.85246
-9.33177
-9.80374
-10.2684
-10.7254
-11.1748
-11.6164
-12.0503
-12.4762
-12.8942
-13.3043
-13.7063
-14.1003
-14.4863
-14.8644
-15.2344
-15.5964
-15.9506
-16.2969
-16.6354
-16.9661
24.927
24.9581
24.9702
24.963
24.9368
24.8916
24.8275
24.7444
24.6427
24.5223
24.3835
24.2264
24.0513
23.8582
23.6474
23.4192
23.1738
22.9115
22.6326
22.3372
22.0259
21.6987
21.3562
20.9987
20.6265
20.24
19.8395
19.4255
18.9984
18.5586
18.1065
17.6426
17.1672
16.6809
16.1841
15.6773
15.1609
14.6354
14.1013
13.5591
13.0092
12.4522
11.8886
11.3187
10.7432
10.1625
9.57724
8.98778
8.39455
7.79818
7.19907
6.59774
5.99465
5.39032
4.78515
4.17963
3.57418
2.96927
2.36542
1.76303
1.1624
0.563995
-0.0316934
-0.624368
-1.21361
-1.79906
-2.38034
-2.95722
-3.52933
-4.09622
-4.65774
-5.21356
-5.76341
-6.30707
-6.84425
-7.37466
-7.89825
-8.41467
-8.92379
-9.42544
-9.91947
-10.4057
-10.884
-11.3543
-11.8164
-12.2704
-12.716
-13.1532
-13.5822
-14.0027
-14.4147
-14.8182
-15.2134
-15.6002
-15.9787
-16.3487
-16.7106
-17.0642
-17.4098
-17.7473
25.7904
25.8222
25.834
25.8257
25.7974
25.7492
25.6811
25.5932
25.4857
25.3588
25.2125
25.0471
24.8627
24.6595
24.4379
24.198
23.9402
23.6646
23.3716
23.0614
22.7345
22.3912
22.0318
21.6566
21.2662
20.8608
20.4409
20.0068
19.5591
19.0981
18.6244
18.1383
17.6403
17.131
16.6108
16.0802
15.5397
14.9897
14.4309
13.8637
13.2886
12.7061
12.1168
11.5212
10.9198
10.3133
9.70193
9.08627
8.4671
7.84468
7.21953
6.59229
5.96347
5.33333
4.7027
4.07189
3.44136
2.81159
2.18305
1.55629
0.931644
0.309529
-0.309548
-0.92524
-1.53708
-2.14467
-2.74773
-3.34593
-3.93902
-4.52639
-5.10784
-5.68312
-6.252
-6.81415
-7.3692
-7.91713
-8.45764
-8.99046
-9.51548
-10.0324
-10.5413
-11.0418
-11.5338
-12.0173
-12.4922
-12.9583
-13.4155
-13.864
-14.3036
-14.7343
-15.156
-15.5689
-15.9729
-16.3681
-16.7546
-17.1323
-17.5015
-17.862
-18.2141
-18.5579
26.6728
26.7053
26.7168
26.7072
26.6767
26.6253
26.5531
26.4602
26.3467
26.2128
26.0587
25.8846
25.6905
25.4769
25.2439
24.9917
24.7208
24.4313
24.1236
23.798
23.4549
23.0945
22.7174
22.3239
21.9143
21.4891
21.0489
20.5939
20.1246
19.6415
19.1451
18.6359
18.1144
17.581
17.0363
16.4809
15.9152
15.3397
14.755
14.1617
13.5603
12.9514
12.3353
11.7129
11.0846
10.451
9.81245
9.16977
8.52337
7.87394
7.22176
6.56764
5.91189
5.25522
4.59802
3.94096
3.28443
2.62894
1.97488
1.32298
0.67349
0.0268407
-0.616365
-1.25572
-1.89077
-2.52129
-3.14683
-3.76694
-4.3813
-4.98968
-5.59161
-6.18682
-6.7751
-7.35601
-7.92937
-8.49507
-9.05264
-9.60206
-10.1431
-10.6755
-11.1992
-11.714
-12.2197
-12.7164
-13.2039
-13.682
-14.1508
-14.6102
-15.0602
-15.5008
-15.932
-16.3538
-16.7663
-17.1695
-17.5636
-17.9485
-18.3244
-18.6914
-19.0495
-19.3991
27.5734
27.6066
27.6177
27.6069
27.5741
27.5194
27.4428
27.3446
27.2249
27.0838
26.9214
26.7381
26.534
26.3094
26.0645
25.7995
25.5149
25.2109
24.8878
24.546
24.1858
23.8078
23.4121
22.9993
22.5698
22.124
21.6624
21.1855
20.6937
20.1876
19.6675
19.1341
18.588
18.0295
17.4593
16.8778
16.2858
15.6837
15.0722
14.4516
13.8227
13.1862
12.5422
11.8919
11.2354
10.5736
9.90701
9.23615
8.56161
7.88386
7.2036
6.52144
5.838
5.15372
4.46909
3.78478
3.10127
2.41911
1.73867
1.06075
0.385558
-0.286334
-0.954268
-1.61813
-2.27728
-2.93136
-3.57991
-4.2225
-4.85888
-5.48867
-6.1115
-6.72698
-7.33499
-7.9351
-8.52706
-9.11061
-9.6856
-10.2517
-10.8089
-11.3568
-11.8954
-12.4244
-12.9439
-13.4536
-13.9535
-14.4435
-14.9235
-15.3936
-15.8538
-16.304
-16.7442
-17.1745
-17.595
-18.0058
-18.4069
-18.7985
-19.1806
-19.5534
-19.917
-20.2717
28.4913
28.5253
28.5362
28.5239
28.4887
28.4305
28.3495
28.2457
28.1194
27.9707
27.7998
27.6069
27.3923
27.1561
26.8987
26.6204
26.3214
26.0022
25.663
25.3043
24.9264
24.5297
24.1147
23.6818
23.2314
22.7641
22.2802
21.7804
21.265
20.7348
20.19
19.6314
19.0595
18.4748
17.8779
17.2694
16.65
16.0201
15.3804
14.7315
14.074
13.4085
12.7358
12.0562
11.3706
10.6795
9.98351
9.28319
8.57932
7.87233
7.163
6.45177
5.7394
5.02637
4.31335
3.60085
2.88938
2.17954
1.47197
0.767041
0.0653667
-0.632533
-1.32624
-2.01524
-2.69896
-3.3772
-4.04942
-4.71516
-5.3741
-6.02581
-6.66995
-7.30622
-7.93433
-8.55388
-9.16462
-9.76641
-10.3589
-10.9419
-11.5152
-12.0788
-12.6322
-13.1754
-13.7084
-14.231
-14.7432
-15.2448
-15.7358
-16.2163
-16.6862
-17.1456
-17.5944
-18.0327
-18.4608
-18.8786
-19.2862
-19.6837
-20.0714
-20.4494
-20.8177
-21.1768
29.4257
29.4605
29.471
29.4573
29.4195
29.3577
29.272
29.1625
29.0293
28.8726
28.6927
28.4898
28.2641
28.0159
27.7455
27.4532
27.1393
26.8041
26.4482
26.0717
25.6752
25.2591
24.8239
24.37
23.8978
23.4079
22.9008
22.377
21.8371
21.2816
20.7111
20.1261
19.5273
18.9152
18.2906
17.6539
17.0058
16.3469
15.678
14.9994
14.3122
13.6166
12.9137
12.2038
11.4878
10.7661
10.0396
9.30874
8.57433
7.83708
7.09732
6.35605
5.61364
4.87086
4.12827
3.38655
2.64624
1.90781
1.17207
0.439271
-0.289747
-1.01459
-1.73461
-2.44951
-3.15882
-3.86183
-4.55824
-5.24774
-5.9297
-6.6038
-7.26973
-7.92716
-8.57567
-9.21497
-9.8448
-10.465
-11.0752
-11.6751
-12.2647
-12.8437
-13.4119
-13.9693
-14.5157
-15.051
-15.5752
-16.0881
-16.5898
-17.0802
-17.5595
-18.0276
-18.4844
-18.9303
-19.3653
-19.7894
-20.2028
-20.6057
-20.9982
-21.3805
-21.7528
-22.1155
30.3754
30.4109
30.4211
30.4059
30.3655
30.2999
30.2092
30.0936
29.9533
29.7883
29.5991
29.3857
29.1484
28.8876
28.6036
28.2966
27.9671
27.6153
27.2418
26.8468
26.4309
25.9945
25.5381
25.0622
24.5673
24.0538
23.5225
22.9737
22.4081
21.8263
21.2289
20.6164
19.9896
19.349
18.6953
18.0292
17.3511
16.6622
15.9626
15.2532
14.5349
13.8082
13.0738
12.3323
11.5844
10.8311
10.0728
9.31026
8.5443
7.77523
7.00414
6.23145
5.45812
4.68442
3.91123
3.13937
2.36896
1.60105
0.836154
0.0747373
-0.682514
-1.43512
-2.18256
-2.92409
-3.65953
-4.38799
-5.10931
-5.823
-6.5285
-7.22556
-7.91365
-8.59262
-9.26186
-9.92124
-10.5704
-11.2091
-11.8371
-12.4539
-13.0598
-13.6543
-14.2373
-14.8086
-15.3681
-15.9159
-16.4518
-16.9757
-17.4876
-17.9876
-18.4756
-18.9519
-19.4163
-19.869
-20.3102
-20.74
-21.1585
-21.5658
-21.9623
-22.3482
-22.7236
-23.0889
31.3388
31.3753
31.3851
31.3684
31.3252
31.2556
31.1598
31.0379
30.89
30.7164
30.5173
30.293
30.0437
29.7698
29.4715
29.1492
28.8033
28.4342
28.0423
27.628
27.1918
26.7342
26.2557
25.7569
25.2382
24.7001
24.1434
23.5686
22.9762
22.3669
21.7414
21.1003
20.4442
19.7739
19.0898
18.393
17.684
16.9634
16.232
15.4907
14.7399
13.9806
13.2135
12.439
11.6583
10.8718
10.0806
9.28515
8.48597
7.68431
6.88059
6.07553
5.26971
4.46422
3.65947
2.85607
2.05483
1.25619
0.4612
-0.329857
-1.11627
-1.89742
-2.67292
-3.44193
-4.20403
-4.95871
-5.70563
-6.44404
-7.17368
-7.89409
-8.60483
-9.3056
-9.99594
-10.6756
-11.3442
-12.0016
-12.6474
-13.2813
-13.9034
-14.5133
-15.1108
-15.6959
-16.2684
-16.8283
-17.3755
-17.9099
-18.4316
-18.9406
-19.437
-19.9207
-20.3919
-20.8508
-21.2974
-21.732
-22.1547
-22.5657
-22.9654
-23.3538
-23.7313
-24.0981
32.3147
32.352
32.3615
32.3431
32.2971
32.2234
32.1222
31.9936
31.8379
31.6553
31.4459
31.2102
30.9483
30.6606
30.3475
30.0092
29.6463
29.259
28.8479
28.4135
27.9561
27.4764
26.9749
26.4521
25.9085
25.3449
24.7617
24.1596
23.5393
22.9014
22.2465
21.5755
20.8889
20.1875
19.472
18.7431
18.0016
17.2482
16.4838
15.709
14.9244
14.1312
13.3301
12.5215
11.7064
10.8857
10.0601
9.23024
8.39709
7.5613
6.72362
5.88486
5.04582
4.20712
3.36947
2.53369
1.70026
0.870156
0.0440997
-0.777501
-1.59407
-2.40471
-3.20887
-4.0061
-4.79582
-5.57739
-6.35039
-7.11416
-7.86847
-8.61264
-9.34643
-10.0694
-10.7811
-11.4813
-12.1696
-12.8457
-13.5094
-14.1604
-14.7986
-15.4237
-16.0356
-16.6341
-17.2192
-17.7909
-18.349
-18.8935
-19.4243
-19.9417
-20.4457
-20.9362
-21.4134
-21.8776
-22.329
-22.7675
-23.1935
-23.6071
-24.0088
-24.3988
-24.7772
-25.1445
33.3011
33.3393
33.3484
33.3284
33.2794
33.2014
33.0945
32.9591
32.7952
32.6031
32.3831
32.1354
31.8604
31.5584
31.2297
30.8748
30.494
30.0878
29.6567
29.2012
28.7218
28.219
27.6934
27.1456
26.5762
25.9857
25.3749
24.7445
24.095
23.4272
22.7418
22.0396
21.3212
20.5874
19.839
19.0768
18.3015
17.514
16.7149
15.9054
15.0859
14.2572
13.4206
12.5765
11.7258
10.8694
10.0082
9.1428
8.27401
7.40289
6.53023
5.65654
4.78273
3.90963
3.03812
2.16867
1.30227
0.439671
-0.4185
-1.27194
-2.11931
-2.96017
-3.79417
-4.62037
-5.43828
-6.24741
-7.0471
-7.83683
-8.61624
-9.38473
-10.1419
-10.8873
-11.6207
-12.3416
-13.0496
-13.7445
-14.4262
-15.0941
-15.7483
-16.3886
-17.0145
-17.6262
-18.2236
-18.8065
-19.375
-19.9289
-20.4683
-20.9935
-21.5042
-22.0008
-22.4832
-22.9519
-23.4068
-23.8482
-24.2764
-24.6917
-25.0944
-25.4846
-25.8627
-26.2294
34.296
34.3353
34.344
34.3222
34.27
34.1875
34.0749
33.9322
33.7599
33.558
33.3268
33.0666
32.7779
32.4609
32.1161
31.7437
31.3443
30.9184
30.4665
29.989
29.4865
28.9597
28.409
27.8351
27.2386
26.6203
25.9808
25.3207
24.6408
23.9419
23.2246
22.4899
21.7383
20.9709
20.1883
19.3913
18.5808
17.7577
16.9227
16.0769
15.221
14.3557
13.4821
12.601
11.7134
10.8199
9.92155
9.01915
8.11377
7.20599
6.29647
5.38672
4.47715
3.56848
2.66175
1.75775
0.857237
-0.0392423
-0.930739
-1.81652
-2.69573
-3.56787
-4.43231
-5.2883
-6.13522
-6.9725
-7.79957
-8.61573
-9.42076
-10.2139
-10.9949
-11.7631
-12.5183
-13.2601
-13.9879
-14.7017
-15.4013
-16.086
-16.7561
-17.411
-18.0507
-18.6753
-19.2843
-19.8781
-20.4563
-21.019
-21.5664
-22.0986
-22.6153
-23.1168
-23.6036
-24.0757
-24.5331
-24.9764
-25.4056
-25.8213
-26.2236
-26.6128
-26.9894
-27.3539
35.2972
35.3375
35.3459
35.3223
35.2669
35.1797
35.061
34.9109
34.7297
34.5175
34.2747
34.0016
33.6986
33.3659
33.0042
32.6137
32.195
31.7485
31.2748
30.7743
30.2479
29.6959
29.119
28.518
27.8933
27.2459
26.5764
25.8854
25.1739
24.4426
23.6922
22.9235
22.1375
21.3349
20.5166
19.6835
18.8364
17.9763
17.1039
16.2204
15.3264
14.4229
13.5111
12.5917
11.6655
10.7334
9.79657
8.85596
7.91221
6.96622
6.01942
5.07195
4.12515
3.1798
2.23682
1.2968
0.360818
-0.570326
-1.49596
-2.41511
-3.32731
-4.23161
-5.12738
-6.0139
-6.89055
-7.75661
-8.61169
-9.45491
-10.2859
-11.1042
-11.9092
-12.7005
-13.4778
-14.2405
-14.9883
-15.7209
-16.4382
-17.1396
-17.8253
-18.4947
-19.1479
-19.7847
-20.405
-21.0089
-21.5963
-22.167
-22.7215
-23.2597
-23.7815
-24.2871
-24.7771
-25.2515
-25.7104
-26.1542
-26.5832
-26.9978
-27.3983
-27.7851
-28.1587
-28.5195
36.3021
36.3437
36.3517
36.3262
36.2674
36.1755
36.0504
35.8925
35.702
35.4791
35.2242
34.9376
34.6196
34.2708
33.8915
33.4821
33.0431
32.5751
32.0788
31.5545
31.003
30.4248
29.8207
29.1913
28.5374
27.8597
27.1589
26.4358
25.6913
24.9261
24.1411
23.3373
22.5152
21.6762
20.8207
19.9499
19.0647
18.1661
17.2549
16.332
15.3986
14.4556
13.5038
12.5445
11.5784
10.6063
9.62957
8.64912
7.66571
6.68054
5.69426
4.70817
3.72293
2.73953
1.75892
0.781793
-0.190625
-1.15764
-2.11845
-3.07219
-4.01821
-4.95557
-5.88346
-6.80131
-7.7084
-8.60397
-9.48759
-10.3583
-11.2159
-12.0596
-12.889
-13.7037
-14.5031
-15.2868
-16.0547
-16.8061
-17.5408
-18.2588
-18.9597
-19.6433
-20.3094
-20.958
-21.5889
-22.2022
-22.798
-23.376
-23.9366
-24.4798
-25.0056
-25.5143
-26.0063
-26.4817
-26.9407
-27.3838
-27.8111
-28.2232
-28.6204
-29.0032
-29.3721
-29.7275
37.3081
37.3509
37.3585
37.3311
37.2688
37.1718
37.0402
36.8742
36.674
36.44
36.1725
35.8718
35.5384
35.1726
34.7749
34.3458
33.8858
33.3956
32.8756
32.3263
31.7487
31.1433
30.5109
29.852
29.1675
28.4582
27.7248
26.9684
26.1895
25.3891
24.5682
23.7275
22.8683
21.991
21.0969
20.187
19.2623
18.3234
17.3719
16.4084
15.4339
14.4496
13.4566
12.4557
11.4478
10.4346
9.4165
8.39455
7.37017
6.34415
5.31746
4.29104
3.26597
2.24312
1.22368
0.208487
-0.801834
-1.80577
-2.80286
-3.79229
-4.77301
-5.74417
-6.70511
-7.65515
-8.59326
-9.51906
-10.4317
-11.3306
-12.215
-13.0846
-13.9387
-14.7769
-15.5986
-16.4033
-17.1911
-17.9612
-18.7134
-19.4475
-20.1632
-20.8604
-21.539
-22.1988
-22.8396
-23.4616
-24.0648
-24.6492
-25.215
-25.762
-26.2908
-26.8013
-27.2939
-27.7689
-28.2266
-28.6673
-29.0915
-29.4995
-29.8916
-30.2688
-30.6312
-30.9794
38.3119
38.3559
38.3632
38.3339
38.268
38.1657
38.0272
37.8527
37.6426
37.397
37.1164
36.8011
36.4515
36.0681
35.6513
35.2017
34.7199
34.2063
33.6617
33.0867
32.4819
31.8481
31.1861
30.4965
29.7802
29.0381
28.2708
27.4795
26.6649
25.8279
24.9696
24.0907
23.1924
22.2757
21.3415
20.3909
19.4248
18.4445
17.4509
16.4449
15.428
14.4009
13.3647
12.3208
11.2702
10.2137
9.15278
8.08809
7.02093
5.9527
4.88376
3.81603
2.74968
1.68622
0.626605
-0.428126
-1.47709
-2.51928
-3.55387
-4.57983
-5.59616
-6.60222
-7.59711
-8.57988
-9.55
-10.5065
-11.4487
-12.3762
-13.2881
-14.1838
-15.0628
-15.9246
-16.7687
-17.5946
-18.4022
-19.1908
-19.9601
-20.7099
-21.4401
-22.1505
-22.8409
-23.511
-24.1609
-24.7908
-25.4006
-25.9901
-26.5598
-27.1096
-27.64
-28.151
-28.6427
-29.1158
-29.5704
-30.0072
-30.4264
-30.8284
-31.2138
-31.5831
-31.9369
-32.2757
39.31
39.3554
39.3623
39.3309
39.2613
39.1536
39.0081
38.8249
38.6043
38.3467
38.0525
37.722
37.3556
36.9538
36.5172
36.0462
35.5416
35.0039
34.4337
33.8317
33.1987
32.5354
31.8426
31.121
30.3716
29.5953
28.7929
27.9653
27.1135
26.2385
25.3412
24.4226
23.4839
22.5261
21.5501
20.5573
19.5484
18.5246
17.4873
16.4376
15.3764
14.3049
13.2243
12.1357
11.0402
9.93927
8.8335
7.72465
6.61347
5.50119
4.38904
3.27806
2.16922
1.0639
-0.037356
-1.13282
-2.22194
-3.30344
-4.37643
-5.44002
-6.49302
-7.53475
-8.56439
-9.58088
-10.5835
-11.5713
-12.5438
-13.5002
-14.4399
-15.362
-16.2662
-17.1517
-18.0183
-18.8653
-19.6924
-20.4993
-21.2854
-22.0505
-22.7947
-23.5177
-24.2191
-24.8987
-25.5569
-26.1936
-26.8087
-27.4023
-27.9747
-28.526
-29.0564
-29.5661
-30.0556
-30.5249
-30.9748
-31.4055
-31.8176
-32.2117
-32.588
-32.9472
-33.2899
-33.6169
40.2987
40.3455
40.3521
40.3187
40.2452
40.1319
39.979
39.7867
39.5554
39.2853
38.9769
38.6305
38.2466
37.8258
37.3686
36.8755
36.3472
35.7842
35.1873
34.5574
33.8951
33.201
32.4762
31.7215
30.9378
30.1259
29.2868
28.4215
27.5311
26.6165
25.6787
24.719
23.7383
22.7376
21.7183
20.6814
19.628
18.5596
17.4769
16.3814
15.2743
14.1566
13.0297
11.8949
10.7531
9.60569
8.45404
7.29945
6.1426
4.98485
3.82781
2.67204
1.51919
0.370505
-0.773303
-1.91093
-3.04128
-4.16321
-5.27587
-6.37804
-7.46879
-8.54723
-9.61245
-10.6632
-11.6991
-12.719
-13.7222
-14.7081
-15.6758
-16.6246
-17.5541
-18.4634
-19.3524
-20.2203
-21.0669
-21.8917
-22.694
-23.474
-24.2316
-24.9662
-25.6778
-26.3661
-27.0315
-27.6739
-28.2931
-28.8894
-29.463
-30.014
-30.5428
-31.0495
-31.5347
-31.9984
-32.4414
-32.864
-33.2666
-33.6501
-34.0148
-34.3613
-34.6903
-35.0025
41.2736
41.322
41.3283
41.2927
41.2153
41.0962
40.9356
40.734
40.4915
40.2085
39.8853
39.5225
39.1205
38.6799
38.2012
37.685
37.1321
36.543
35.9186
35.2595
34.5665
33.8407
33.0826
32.2933
31.4738
30.625
29.7479
28.8435
27.9129
26.9572
25.9774
24.9747
23.9503
22.9054
21.841
20.7585
19.6589
18.5438
17.4142
16.2712
15.1164
13.951
12.7762
11.5931
10.4035
9.20842
8.00894
6.80644
5.60238
4.39775
3.19434
1.99279
0.794547
-0.399164
-1.58709
-2.76801
-3.94082
-5.10456
-6.25781
-7.39971
-8.52919
-9.64521
-10.7467
-11.8326
-12.9025
-13.9548
-14.9894
-16.0051
-17.0012
-17.9769
-18.9317
-19.8648
-20.7762
-21.6648
-22.5304
-23.3727
-24.1909
-24.9852
-25.7551
-26.5004
-27.2214
-27.9174
-28.5886
-29.2353
-29.8571
-30.4545
-31.0277
-31.5765
-32.1016
-32.6032
-33.0818
-33.5376
-33.9711
-34.3828
-34.7732
-35.1433
-35.4934
-35.824
-36.1359
-36.4298
42.2302
42.2802
42.2864
42.2486
42.167
42.0419
41.8736
41.6621
41.408
41.1115
40.7731
40.3934
39.9725
39.5114
39.0104
38.4704
37.8919
37.2756
36.6224
35.9331
35.2084
34.4494
33.6568
32.8317
31.9751
31.0879
30.1712
29.2263
28.2539
27.2555
26.232
25.1849
24.1151
23.024
21.9128
20.7831
19.6358
18.4721
17.2936
16.1017
14.8975
13.6823
12.4579
11.2254
9.98592
8.74106
7.49195
6.24023
4.98727
3.73454
2.4829
1.23397
-0.0111995
-1.25109
-2.48446
-3.71012
-4.92684
-6.13324
-7.32832
-8.5111
-9.6802
-10.8346
-11.9732
-13.0952
-14.1994
-15.2849
-16.3511
-17.397
-18.4218
-19.4244
-20.4046
-21.3616
-22.295
-23.2041
-24.0881
-24.9474
-25.7808
-26.5883
-27.3697
-28.125
-28.8539
-29.556
-30.2317
-30.8808
-31.5037
-32.1
-32.6706
-33.2151
-33.7343
-34.2282
-34.6973
-35.1421
-35.5632
-35.9609
-36.3359
-36.6889
-37.0206
-37.3315
-37.6223
-37.8936
43.1634
43.2153
43.2212
43.1812
43.0955
42.9642
42.7877
42.5662
42.3
41.9897
41.6354
41.2379
40.7976
40.3152
39.7911
39.2263
38.6211
37.9768
37.2938
36.573
35.8155
35.0219
34.1936
33.3313
32.4361
31.509
30.5515
29.5642
28.5485
27.5058
26.4371
25.3438
24.2269
23.088
21.9285
20.7496
19.5523
18.3387
17.1098
15.8668
14.6113
13.3449
12.069
10.7849
9.49397
8.19752
6.8976
5.5953
4.29176
2.98862
1.68735
0.389271
-0.904242
-2.19174
-3.4718
-4.74355
-6.00528
-7.25569
-8.49383
-9.71817
-10.9278
-12.1216
-13.2982
-14.4565
-15.5958
-16.7151
-17.8132
-18.8894
-19.9429
-20.9726
-21.9781
-22.9586
-23.9137
-24.8428
-25.7448
-26.6201
-27.4677
-28.2873
-29.079
-29.8429
-30.5779
-31.2845
-31.9627
-32.6124
-33.2338
-33.8268
-34.3921
-34.9296
-35.4396
-35.9228
-36.3791
-36.8095
-37.2144
-37.5942
-37.9496
-38.2813
-38.5901
-38.8766
-39.1414
-39.3854
44.0679
44.1216
44.1274
44.0852
43.9951
43.8575
43.6726
43.4407
43.1621
42.8372
42.4667
42.0508
41.5903
41.0857
40.5377
39.9471
39.3145
38.6409
37.9269
37.1736
36.382
35.5527
34.6871
33.7863
32.8512
31.8827
30.8825
29.8514
28.7911
27.7024
26.5867
25.4454
24.2799
23.0915
21.8817
20.6515
19.4032
18.1375
16.8558
15.56
14.2518
12.9326
11.603
10.2655
8.92129
7.57205
6.2193
4.86414
3.5085
2.15367
0.801254
-0.547355
-1.89061
-3.22727
-4.55553
-5.87443
-7.18236
-8.47802
-9.76008
-11.0271
-12.2781
-13.5119
-14.7273
-15.9228
-17.0974
-18.2508
-19.3811
-20.4876
-21.5698
-22.6264
-23.6567
-24.6604
-25.6364
-26.5843
-27.5036
-28.3937
-29.2541
-30.0844
-30.8849
-31.6551
-32.3944
-33.103
-33.7812
-34.429
-35.0459
-35.6325
-36.1893
-36.7161
-37.2134
-37.6816
-38.1212
-38.5328
-38.9168
-39.274
-39.6048
-39.9102
-40.1907
-40.4472
-40.6805
-40.8913
44.9376
44.9934
44.999
44.9545
44.86
44.7158
44.5222
44.2795
43.9881
43.6484
43.2608
42.826
42.3446
41.8171
41.2442
40.627
39.9659
39.2618
38.516
37.729
36.9018
36.0356
35.1315
34.1906
33.2138
32.2029
31.1584
30.0821
28.9751
27.8387
26.6743
25.4836
24.2675
23.0278
21.7657
20.483
19.1811
17.8617
16.526
15.1759
13.8127
12.4379
11.0538
9.6611
8.26206
6.85771
5.45033
4.04103
2.63157
1.22347
-0.181637
-1.58228
-2.97679
-4.36373
-5.74153
-7.10884
-8.46413
-9.806
-11.1327
-12.4435
-13.7367
-15.0111
-16.2653
-17.4981
-18.7088
-19.8959
-21.0583
-22.1951
-23.3055
-24.3883
-25.4429
-26.4686
-27.4645
-28.4302
-29.3651
-30.2681
-31.1395
-31.9786
-32.7854
-33.5594
-34.3003
-35.008
-35.6828
-36.3249
-36.9337
-37.5099
-38.0538
-38.5655
-39.0454
-39.494
-39.9117
-40.299
-40.6567
-40.9854
-41.2858
-41.5588
-41.805
-42.0255
-42.221
-42.3923
45.7661
45.8242
45.8297
45.7829
45.6838
45.5329
45.3304
45.0766
44.7719
44.4167
44.0116
43.5572
43.054
42.5029
41.9045
41.2595
40.5689
39.8336
39.0544
38.2323
37.3686
36.4641
35.5201
34.5377
33.5182
32.4628
31.3727
30.2493
29.0942
27.9086
26.694
25.4516
24.1832
22.8904
21.5745
20.2374
18.8804
17.5052
16.1137
14.7069
13.2871
11.8559
10.4147
8.96545
7.50925
6.04876
4.58511
3.12
1.65521
0.192341
-1.26686
-2.7208
-4.1678
-5.6063
-7.03466
-8.45121
-9.85485
-11.2434
-12.6159
-13.9705
-15.3061
-16.6216
-17.9149
-19.1852
-20.4314
-21.6517
-22.8457
-24.0121
-25.1497
-26.2576
-27.3351
-28.3812
-29.3953
-30.3767
-31.3248
-32.2386
-33.1181
-33.9629
-34.7726
-35.5469
-36.2856
-36.9887
-37.656
-38.2876
-38.8837
-39.4446
-39.9703
-40.4615
-40.9184
-41.3412
-41.731
-42.0879
-42.4131
-42.7067
-42.9701
-43.2043
-43.4095
-43.5873
-43.7384
-43.8639
46.5466
46.6069
46.6125
46.5634
46.4598
46.302
46.0903
45.825
45.5065
45.1354
44.7122
44.2375
43.712
43.1364
42.5113
41.8379
41.1168
40.349
39.5354
38.6773
37.7758
36.8315
35.8464
34.8211
33.7574
32.656
31.5186
30.3469
29.1421
27.9056
26.6387
25.3435
24.0213
22.6735
21.302
19.9089
18.4949
17.0623
15.6128
14.1482
12.6704
11.1807
9.68108
8.17325
6.65918
5.14058
3.61932
2.09705
0.575659
-0.943152
-2.45751
-3.96577
-5.46616
-6.95703
-8.43656
-9.90321
-11.3553
-12.7912
-14.2092
-15.608
-16.9858
-18.3416
-19.6736
-20.9806
-22.2613
-23.5142
-24.7385
-25.9328
-27.0958
-28.2268
-29.325
-30.3891
-31.4185
-32.4125
-33.3704
-34.2916
-35.1754
-36.0216
-36.8299
-37.5999
-38.3315
-39.0247
-39.679
-40.2951
-40.8726
-41.4118
-41.9135
-42.3777
-42.8046
-43.1954
-43.5504
-43.8703
-44.1561
-44.4079
-44.6279
-44.8161
-44.974
-45.1026
-45.2033
-45.2774
47.2719
47.3348
47.3404
47.2889
47.1806
47.0157
46.7946
46.5175
46.185
45.7976
45.3557
44.8602
44.3116
43.7107
43.0584
42.3554
41.6028
40.8018
39.9527
39.0575
38.1168
37.132
36.1042
35.0349
33.9251
32.7767
31.5909
30.3693
29.113
27.8239
26.504
25.1541
23.7764
22.3723
20.944
19.4927
18.021
16.5297
15.0212
13.497
11.9591
10.4098
8.8506
7.28332
5.70997
4.13242
2.55257
0.972406
-0.606366
-2.18174
-3.7519
-5.31495
-6.86904
-8.4123
-9.94308
-11.4595
-12.9598
-14.4424
-15.9055
-17.3473
-18.7666
-20.1616
-21.5308
-22.8727
-24.1859
-25.4692
-26.7212
-27.9407
-29.1264
-30.2775
-31.3924
-32.471
-33.5119
-34.5143
-35.4777
-36.4012
-37.2846
-38.127
-38.9286
-39.6884
-40.4069
-41.0839
-41.7192
-42.3127
-42.8648
-43.3762
-43.8467
-44.2769
-44.6671
-45.0189
-45.3324
-45.6083
-45.848
-46.0515
-46.222
-46.3583
-46.4642
-46.5383
-46.5841
-46.6026
47.9351
48.0005
48.0062
47.9525
47.8395
47.6674
47.4367
47.1475
46.8006
46.3963
45.9354
45.4185
44.8462
44.2195
43.5392
42.8063
42.0213
41.1857
40.3008
39.3674
38.3866
37.3597
36.2886
35.1742
34.0178
32.821
31.5855
30.3127
29.0043
27.662
26.2868
24.8818
23.4473
21.9861
20.4997
18.9898
17.4586
15.9078
14.3393
12.7549
11.1569
9.54718
7.92764
6.30037
4.66738
3.03058
1.39202
-0.246241
-1.88223
-3.51392
-5.1394
-6.75662
-8.36366
-9.9586
-11.5395
-13.1045
-14.6517
-16.1793
-17.6855
-19.1686
-20.6268
-22.0585
-23.462
-24.8358
-26.1784
-27.4886
-28.7644
-30.0053
-31.2094
-32.3756
-33.5034
-34.5911
-35.6378
-36.6433
-37.6064
-38.5264
-39.4033
-40.2353
-41.0235
-41.7669
-42.4657
-43.1197
-43.7289
-44.293
-44.8135
-45.2896
-45.7218
-46.1116
-46.4591
-46.7654
-47.0316
-47.258
-47.4465
-47.5972
-47.7133
-47.7941
-47.8443
-47.8608
-47.8507
-47.8114
48.5299
48.5981
48.6041
48.5481
48.4303
48.2509
48.0103
47.7091
47.3475
46.9263
46.446
45.9074
45.3112
44.6582
43.9494
43.1857
42.3682
41.498
40.5762
39.604
38.5827
37.514
36.3986
35.2381
34.0346
32.7892
31.5036
30.1791
28.8178
27.4214
25.9917
24.5302
23.0394
21.5204
19.9755
18.4071
16.8165
15.2059
13.5776
11.9334
10.2755
8.60582
6.92671
5.24011
3.54821
1.85316
0.157074
-1.53795
-3.22973
-4.91622
-6.5953
-8.26478
-9.92265
-11.5668
-13.1953
-14.8062
-16.3972
-17.9667
-19.5126
-21.0332
-22.5265
-23.9908
-25.4243
-26.8256
-28.1928
-29.5247
-30.8195
-32.0761
-33.2929
-34.4686
-35.6029
-36.6939
-37.7403
-38.7427
-39.6988
-40.6084
-41.472
-42.2875
-43.0558
-43.7752
-44.4478
-45.0727
-45.649
-46.1772
-46.6604
-47.0954
-47.4844
-47.8283
-48.1289
-48.3848
-48.6
-48.7735
-48.9082
-49.0042
-49.0646
-49.0895
-49.0831
-49.0433
-48.9774
-48.883
49.0526
49.1236
49.1299
49.0716
48.9491
48.7625
48.5123
48.1989
47.8229
47.3846
46.8849
46.3246
45.7046
45.0255
44.2882
43.494
42.6439
41.7392
40.7808
39.7702
38.7085
37.5974
36.4382
35.233
33.9823
32.6883
31.3531
29.9778
28.5641
27.115
25.6308
24.1146
22.5676
20.9923
19.3904
17.7643
16.1158
14.4473
12.7606
11.0583
9.34232
7.61489
5.8783
4.13482
2.38656
0.635905
-1.11487
-2.86357
-4.60802
-6.34573
-8.07486
-9.79277
-11.4975
-13.1868
-14.8585
-16.5106
-18.1408
-19.7472
-21.3278
-22.8805
-24.4034
-25.8947
-27.3527
-28.7754
-30.1613
-31.5086
-32.816
-34.0818
-35.3052
-36.4836
-37.6179
-38.7049
-39.7448
-40.7375
-41.6801
-42.5733
-43.4176
-44.2097
-44.9527
-45.643
-46.2839
-46.8745
-47.4139
-47.9017
-48.3432
-48.7342
-49.0781
-49.3739
-49.6246
-49.8305
-49.9942
-50.1158
-50.1967
-50.2393
-50.2465
-50.2186
-50.1589
-50.0678
-49.9498
-49.806
49.5037
49.5775
49.5842
49.524
49.3969
49.2033
48.9437
48.6185
48.2283
47.7736
47.2554
46.6739
46.0306
45.3263
44.5617
43.7379
42.8561
41.9179
40.9243
39.8766
38.7758
37.6245
36.4229
35.1738
33.8786
32.5381
31.1551
29.7312
28.2682
26.7676
25.232
23.6632
22.0633
20.4345
18.7788
17.0984
15.3955
13.6724
11.9315
10.1748
8.40476
6.62371
4.83408
3.03824
1.23842
-0.563015
-2.36346
-4.16067
-5.95244
-7.73602
-9.5094
-11.27
-13.0158
-14.7441
-16.4528
-18.1399
-19.803
-21.4398
-23.0483
-24.6266
-26.1725
-27.684
-29.1596
-30.5972
-31.9948
-33.351
-34.6643
-35.9329
-37.1564
-38.3318
-39.4598
-40.538
-41.5654
-42.5424
-43.4667
-44.3396
-45.1593
-45.9242
-46.6389
-47.297
-47.9045
-48.4583
-48.9594
-49.4069
-49.806
-50.1544
-50.4538
-50.703
-50.9063
-51.0666
-51.1812
-51.256
-51.2886
-51.2837
-51.2428
-51.1697
-51.064
-50.928
-50.767
-50.5806
49.8925
49.9689
49.976
49.9138
49.7824
49.5824
49.3142
48.9781
48.5749
48.1048
47.569
46.9685
46.3037
45.5756
44.786
43.9346
43.0238
42.0546
41.0282
39.9464
38.81
37.6215
36.3816
35.0919
33.7557
32.3728
30.9463
29.4779
27.9694
26.423
24.8407
23.2247
21.577
19.9001
18.196
16.4671
14.7156
12.9442
11.1548
9.35017
7.53276
5.70472
3.86875
2.0273
0.182833
-1.66221
-3.50531
-5.34362
-7.17546
-8.99752
-10.8078
-12.6036
-14.383
-16.1427
-17.8812
-19.5958
-21.2843
-22.9444
-24.5739
-26.1707
-27.7327
-29.2581
-30.7444
-32.1901
-33.5936
-34.9531
-36.2669
-37.5335
-38.7517
-39.92
-41.0374
-42.1032
-43.1157
-44.0745
-44.9787
-45.8302
-46.6238
-47.3635
-48.0489
-48.6764
-49.2517
-49.7711
-50.237
-50.6492
-51.0098
-51.3216
-51.5801
-51.7909
-51.9547
-52.0742
-52.1493
-52.1852
-52.1785
-52.1355
-52.0557
-51.946
-51.8061
-51.6335
-51.4399
-51.2217
50.2373
50.3162
50.3234
50.2594
50.1245
49.9188
49.6432
49.2974
48.8831
48.3997
47.8489
47.2317
46.5478
45.7999
44.9885
44.1129
43.178
42.1822
41.1277
40.0158
38.8496
37.629
36.3555
35.0322
33.6608
32.242
30.7787
29.2727
27.7261
26.1408
24.5191
22.8633
21.1758
19.4585
17.7141
15.945
14.1534
12.3418
10.513
8.66893
6.81246
4.94639
3.07303
1.19454
-0.685665
-2.56539
-4.44233
-6.31347
-8.17635
-10.0285
-11.8674
-13.6903
-15.4948
-17.2785
-19.0392
-20.7738
-22.4805
-24.1573
-25.8011
-27.4104
-28.983
-30.5167
-32.009
-33.459
-34.8645
-36.2237
-37.5353
-38.7979
-40.0094
-41.1694
-42.2765
-43.3297
-44.3281
-45.2709
-46.1575
-46.9893
-47.7619
-48.4794
-49.1415
-49.7456
-50.2928
-50.7868
-51.2254
-51.6107
-51.9399
-52.2249
-52.4534
-52.6341
-52.7712
-52.8593
-52.9065
-52.9146
-52.8788
-52.8102
-52.703
-52.5674
-52.4028
-52.2076
-51.9887
-51.7495
50.5621
50.6426
50.65
50.5846
50.4467
50.2368
49.955
49.6018
49.1787
48.6855
48.1227
47.4924
46.7941
46.0313
45.202
44.3086
43.354
42.3385
41.2622
40.1281
38.9383
37.6932
36.3949
35.0457
33.6471
32.2011
30.71
29.1752
27.5998
25.9851
24.3339
22.648
20.9305
19.1831
17.4085
15.6094
13.7878
11.9465
10.0882
8.21494
6.33014
4.43551
2.53483
0.629555
-1.27721
-3.18213
-5.08348
-6.97849
-8.86387
-10.7379
-12.5968
-14.4394
-16.2619
-18.0628
-19.839
-21.5877
-23.3077
-24.9961
-26.65
-28.2681
-29.8475
-31.3871
-32.884
-34.3369
-35.744
-37.1032
-38.4134
-39.6734
-40.8807
-42.0358
-43.136
-44.1817
-45.1706
-46.1039
-46.9795
-47.7984
-48.5596
-49.2626
-49.9098
-50.4998
-51.0308
-51.5088
-51.9321
-52.2996
-52.6122
-52.8788
-53.0933
-53.2544
-53.3753
-53.4471
-53.4781
-53.4683
-53.4165
-53.3324
-53.2115
-53.0596
-52.8792
-52.6724
-52.4375
-52.1859
50.9462
51.0275
51.0347
50.9681
50.828
50.6148
50.3285
49.9707
49.5408
49.0411
48.4704
47.8301
47.1234
46.3494
45.5086
44.6035
43.6356
42.6063
41.5154
40.3664
39.1606
37.899
36.5838
35.2172
33.8005
32.3361
30.8262
29.2722
27.6771
26.0425
24.3715
22.665
20.9273
19.1594
17.364
15.5442
13.7022
11.8407
9.96153
8.06811
6.1637
4.2489
2.32898
0.404395
-1.52094
-3.44437
-5.36385
-7.27633
-9.17856
-11.0692
-12.9437
-14.8018
-16.639
-18.4541
-20.244
-22.0052
-23.7363
-25.4355
-27.0992
-28.7275
-30.3155
-31.8631
-33.3681
-34.8274
-36.2403
-37.6049
-38.92
-40.1838
-41.3941
-42.552
-43.654
-44.7009
-45.6906
-46.6241
-47.4992
-48.3168
-49.0768
-49.7783
-50.4226
-51.0095
-51.5387
-52.0121
-52.4322
-52.7948
-53.1048
-53.3643
-53.575
-53.7329
-53.8442
-53.9138
-53.9397
-53.9207
-53.8654
-53.7723
-53.6477
-53.488
-53.3001
-53.0853
-52.8441
-52.5837
51.5356
51.6166
51.623
51.5549
51.4127
51.1968
50.9072
50.5455
50.1108
49.6057
49.0294
48.3826
47.6693
46.887
46.0382
45.1245
44.1471
43.1078
42.007
40.8471
39.6295
38.3565
37.0288
35.6493
34.2198
32.7417
31.2173
29.6495
28.0397
26.39
24.7036
22.9813
21.2275
19.4432
17.6316
15.795
13.9358
12.0577
10.1611
8.25008
6.32827
4.39564
2.45772
0.515282
-1.42768
-3.36913
-5.30643
-7.23678
-9.15721
-11.0655
-12.958
-14.8335
-16.6884
-18.5204
-20.3269
-22.1061
-23.8553
-25.573
-27.2543
-28.8998
-30.5041
-32.0682
-33.5894
-35.064
-36.4926
-37.8724
-39.2023
-40.4808
-41.7054
-42.877
-43.9928
-45.0528
-46.0554
-47.0002
-47.8879
-48.7169
-49.4871
-50.1991
-50.8532
-51.4487
-51.9872
-52.4686
-52.8946
-53.2644
-53.5808
-53.8451
-54.0588
-54.2225
-54.3344
-54.4067
-54.4328
-54.414
-54.3595
-54.2633
-54.136
-53.9736
-53.7809
-53.5602
-53.3138
-53.0448
-0.068028
-0.0625027
-0.0423465
-0.0279838
-0.0191588
-0.00748174
0.00454562
-0.00143447
-0.00533825
-0.00123777
-0.00148763
0.00238922
0.00371562
0.0043428
0.00540372
-0.00107
-0.00132046
-0.000577613
-0.000156926
0.00562718
0.00211868
0.000279992
0.00196699
-0.00186058
0.00190618
0.00238286
-0.00194185
0.00263295
0.00162638
-0.00143034
0.00109613
-0.000397162
0.0010579
0.00192536
-0.0020249
0.000920289
0.00190772
-0.00124082
0.001371
0.00110369
-0.00107307
0.000546449
-0.000305465
-0.00116274
-7.9266e-05
-0.000511424
-8.78054e-05
0.000780146
0.000857356
0.0013211
0.000962553
-0.000483907
-0.00164545
-0.00218542
-0.00233477
-0.00303148
-0.00308162
-1.17133e-06
0.0034664
0.00407839
0.0031631
0.00248493
0.00153674
0.000106992
-0.00199966
-0.00427615
-0.00585513
-0.00648988
-0.00657351
-0.00601277
-0.00457615
-0.00319704
-0.00177302
-0.000221835
0.00105257
0.00178935
0.00243222
0.00329134
0.00359582
0.00347049
0.0029994
0.00298434
0.00259501
0.00202053
0.00132204
0.00133809
0.00145853
0.00205479
0.00259319
0.00440646
0.0060975
0.00974021
0.0137378
0.0181656
0.0265409
0.0326594
0.0351544
0.0805861
0.0494966
-0.00247177
0.00513111
0.0246808
0.0229209
0.0283604
0.0102733
-0.00773433
-0.00294006
-0.00366198
0.00772751
0.0167802
0.00859656
0.00259805
-0.00399467
0.00160852
0.00782066
0.00540132
0.0107002
0.00365772
-0.00361115
0.00243104
0.00153359
0.00771565
0.00825724
-0.00220297
0.00329979
0.00460039
-0.000265985
0.0026224
0.00138444
0.00430479
0.00398366
-0.00368877
0.00217413
0.00410059
-0.00223531
0.00130339
0.001578
-0.000628972
0.00163211
-0.000797496
-0.000533408
0.00187478
-0.00055892
0.000253526
0.00157922
-0.000919348
-0.00176519
-0.00201357
-0.00244168
-0.00197427
-0.00121809
0.000523832
0.000873923
-0.000168318
0.000563558
9.78546e-05
-0.00449465
-0.0076902
-0.0059599
-0.00256993
-0.00186582
-0.0029243
-0.00238594
2.45513e-05
0.000950015
-0.000318855
-0.0013836
-0.00187749
-0.0029756
-0.00522122
-0.00632971
-0.00659808
-0.00692006
-0.00709939
-0.00613316
-0.00484338
-0.00400162
-0.00273693
-0.00104971
0.000783813
0.00183479
0.00260384
0.00392519
0.00439291
0.00491747
0.00383633
0.0047873
0.00360036
0.00474911
0.00354491
0.00439667
0.00446047
0.00416563
0.00714964
0.00428679
0.0101379
-0.000142317
0.0147651
-0.0110585
-0.0731925
0.00812253
-0.00241973
-0.00972152
-0.00156318
0.000552009
0.0193663
0.0353835
0.0143183
-0.0044452
-0.0122812
-0.00211077
0.0224296
0.0252132
0.0151113
-0.0010047
-0.00859442
0.00342275
0.010834
0.0154905
0.0102223
-0.00220151
0.00246729
0.00603194
0.00497351
0.00711509
0.00450616
0.00683296
0.00394156
-0.00294802
0.00490097
0.00664678
0.0012391
0.00236897
0.000982956
0.00264432
0.003001
-0.00199159
0.00155574
0.00225678
-0.00242296
0.000526504
0.00108611
-0.00110776
0.000657655
6.29891e-05
-0.000916925
-0.000215987
-0.00126615
-0.00182316
-0.00226503
-0.00386067
-0.00403497
-0.00335609
-0.00317257
-0.00279536
-0.000873961
0.00142818
0.000361096
-0.00265699
-0.00176137
5.2009e-05
-0.00295995
-0.00766538
-0.00897359
-0.00823596
-0.00875163
-0.00974117
-0.00910239
-0.00682261
-0.00606175
-0.00670404
-0.00631427
-0.00463948
-0.00432013
-0.00438837
-0.00383504
-0.00289631
-0.00303094
-0.00292434
-0.0017952
-8.68883e-05
0.000970862
0.00207886
0.00444791
0.00700773
0.00887211
0.0108832
0.0123511
0.0155168
0.0159489
0.0196722
0.0179081
0.01945
0.0153992
0.00905547
0.0082745
-0.00924312
-0.0389952
-0.00716685
-0.0619601
0.0140148
0.0213916
0.0317332
0.0396527
0.0124874
-0.00475547
-0.0100615
0.00193042
0.0373591
0.0405441
0.0167389
-0.00520981
-0.0164026
0.00475942
0.0295002
0.0319604
0.0126654
-0.00960251
-0.00306539
0.0106146
0.0155917
0.015379
0.00561329
0.00445648
0.00452836
0.00124887
0.00905814
0.010063
0.00471435
0.00373401
0.00140209
0.00477422
0.00517339
0.000427837
0.00355242
0.00326562
-0.000163687
0.00165837
0.00117841
0.00123299
0.00182951
-0.000755755
-0.000354113
0.000397343
-0.00100067
-0.00116495
-0.00194153
-0.00319477
-0.00373373
-0.00340913
-0.00183563
-0.00201941
-0.00294341
-0.00186158
-0.00231505
-0.00524132
-0.00665306
-0.00643161
-0.00691869
-0.00739821
-0.00518137
-0.000969372
0.000885332
-0.00137269
-0.00319754
-0.00277704
-0.00387284
-0.00785086
-0.0105242
-0.010153
-0.0105587
-0.012711
-0.0135676
-0.0118587
-0.0106025
-0.00995164
-0.00876218
-0.00640633
-0.00483396
-0.0038407
-0.00274751
-0.000731719
-0.000172875
0.00146572
0.00295023
0.00728439
0.0095654
0.0156462
0.0195458
0.0278982
0.0362657
0.0466888
0.0645949
0.073808
0.104353
0.110041
0.145898
0.154311
0.312747
0.104951
0.0318252
0.00922952
-0.00378551
0.00586195
0.0258285
0.0528183
0.0433273
0.0126416
-0.00373438
-0.0162629
0.00877623
0.0447676
0.0456142
0.0171445
-0.0118169
-0.00951521
0.0131506
0.0310808
0.0299822
0.0060296
-0.00421334
0.00206079
0.00916442
0.0195067
0.0141917
0.00405489
0.00346644
0.00249234
0.007854
0.00938234
0.00462664
0.00607695
0.0028275
0.00123893
0.00557297
0.00290316
0.00238303
0.0029112
-0.00138101
0.000140443
0.00149389
-0.000707602
0.000790701
0.00041554
-0.00182407
-0.00156049
-0.00206123
-0.00248192
-0.00172676
-0.00345541
-0.00634352
-0.00672383
-0.00583702
-0.00577042
-0.00502017
-0.00230205
-0.00113438
-0.00263079
-0.00484496
-0.00758913
-0.0107909
-0.0121834
-0.01126
-0.0108042
-0.0113401
-0.0107349
-0.00743907
-0.00503633
-0.00609197
-0.00779776
-0.00672488
-0.00599477
-0.00865288
-0.0106021
-0.0103756
-0.00917662
-0.0101242
-0.00983744
-0.00854012
-0.00674476
-0.00598752
-0.00464802
-0.00217117
-0.00124837
0.000650252
0.00148181
0.00434658
0.00616281
0.00958813
0.0138988
0.0170152
0.0248905
0.0316559
0.0442553
0.0743747
0.0779978
0.135234
0.142616
0.335618
0.054878
0.0418908
0.0519227
0.0585958
0.0402311
0.00133244
-0.00300452
0.00264398
0.0287541
0.0561704
0.0438973
0.016772
-0.00675082
-0.00852748
0.0183319
0.0415876
0.0425578
0.0140186
-0.00804024
-0.00401118
0.0156492
0.0333546
0.0232206
0.0035676
-0.00129068
0.00378859
0.0155261
0.0160897
0.00849825
0.00677987
0.00224454
0.00346391
0.00873263
0.00683661
0.0059876
0.00275115
0.000219877
0.00396888
0.00236364
0.00115533
0.00298204
-0.000282716
-0.000891931
0.000296469
-0.00221935
-0.00196248
-0.000472197
-0.00132728
-0.00273614
-0.00418607
-0.00417978
-0.00403525
-0.00475541
-0.0049096
-0.00497478
-0.00672354
-0.00856755
-0.00917097
-0.00843301
-0.0079131
-0.00733067
-0.0054385
-0.0039181
-0.00422133
-0.00468312
-0.00477256
-0.00755585
-0.0112502
-0.0123154
-0.011428
-0.0131406
-0.015444
-0.0146299
-0.0121743
-0.0122647
-0.0136593
-0.0130485
-0.0111341
-0.011154
-0.0120126
-0.0116468
-0.00965295
-0.00860564
-0.006494
-0.0051814
-0.00171655
-0.000693164
0.00336656
0.00301381
0.00683812
0.00723775
0.0103837
0.0116366
0.00551365
0.00837353
-0.0103107
-0.025231
-0.00741507
-0.0926436
-0.0154741
-0.159695
0.0223151
0.00136071
0.0144943
0.0368949
0.0508247
0.0625762
0.0354761
0.00630875
-0.000414486
0.00885501
0.0347585
0.04644
0.042605
0.0208714
-0.00383918
-0.00169794
0.019536
0.0403595
0.0352002
0.0100557
-0.00270987
0.00083895
0.0198816
0.0279295
0.0158272
0.00528939
0.0010155
0.00696228
0.0138598
0.0121676
0.0092887
0.00314592
0.00145502
0.00738265
0.0065414
0.00430023
0.00345681
-0.000137553
0.000679109
0.000969308
-0.000515573
0.00132983
0.000145232
-0.00187253
-0.000686245
-0.0020998
-0.00414925
-0.00353336
-0.00413542
-0.00612973
-0.00692472
-0.00679429
-0.00771755
-0.00860839
-0.00728613
-0.00558554
-0.00588746
-0.00685904
-0.00740042
-0.00946672
-0.0133566
-0.0161021
-0.0157085
-0.0144716
-0.0134961
-0.0114197
-0.00925175
-0.00899903
-0.00888449
-0.0073583
-0.00815356
-0.0116251
-0.0132031
-0.0118413
-0.0122105
-0.0150184
-0.0155376
-0.0136189
-0.01268
-0.0135511
-0.0135111
-0.0117806
-0.0111415
-0.0100301
-0.00984562
-0.00703049
-0.00490809
-0.00073798
0.00135795
0.00481664
0.00922484
0.0148669
0.0255523
0.0346789
0.0416422
0.0513558
0.0570533
0.0281471
0.0553251
0.0948879
0.0819052
0.0620623
0.0516755
0.0212933
0.00235454
0.017852
0.0350188
0.0541841
0.0542976
0.0369048
0.0174148
0.00146021
0.0120685
0.0305857
0.0413199
0.0387732
0.0192069
0.00418965
0.00328761
0.0200019
0.0336687
0.0267563
0.0121671
-0.000392774
0.00448491
0.0202282
0.0216939
0.0136215
0.00365716
0.00192485
0.00930301
0.0116802
0.0104465
0.0050313
0.000314504
0.00336056
0.00366782
0.00307761
0.00412418
0.000362025
-0.000718212
-1.27055e-05
-0.00223922
-0.00189508
-0.00195187
-0.00360012
-0.00337396
-0.00426219
-0.00527881
-0.00469634
-0.00505374
-0.00649038
-0.00781353
-0.00857256
-0.00955479
-0.0115225
-0.012348
-0.0117404
-0.0112937
-0.0103319
-0.00844067
-0.00856944
-0.0100645
-0.0105771
-0.0112518
-0.0138903
-0.0162326
-0.0165823
-0.0170027
-0.0171946
-0.0162275
-0.0146433
-0.0157092
-0.0163266
-0.0150068
-0.0134965
-0.0152949
-0.0165303
-0.0152207
-0.0138165
-0.0146522
-0.0154746
-0.0142179
-0.0130456
-0.0127232
-0.0126683
-0.0127778
-0.0104468
-0.00948542
-0.00634156
-0.0074464
-0.00576766
-0.00498981
-0.00742139
0.00129721
0.017314
0.00651241
0.0398782
0.0550235
0.170714
0.0157276
0.0213616
0.0510386
0.0636952
0.0621508
0.0481741
0.023632
0.0168927
0.0152324
0.0303251
0.0472653
0.0474604
0.0374131
0.0181683
0.012014
0.0157261
0.0243744
0.0353801
0.0327209
0.0214197
0.00714032
0.0059492
0.0194127
0.02718
0.024287
0.0097512
0.000929261
0.00880336
0.0167706
0.017685
0.0103132
0.00172973
0.00379371
0.00808008
0.0089274
0.00670076
0.00193444
0.000685832
0.000626784
0.000467661
0.00155969
-0.000359075
-0.00202724
-0.00159452
-0.00287939
-0.0039183
-0.00395728
-0.00479388
-0.00615222
-0.00708445
-0.00809619
-0.00920802
-0.00963962
-0.00966226
-0.0102364
-0.0101046
-0.00980452
-0.0106569
-0.0115247
-0.0133603
-0.0157695
-0.0168727
-0.0170696
-0.0182135
-0.0174421
-0.014331
-0.0128554
-0.0136227
-0.0136138
-0.0130808
-0.0143799
-0.0153369
-0.0151374
-0.0164137
-0.0185484
-0.0182116
-0.0163855
-0.0177301
-0.0199115
-0.0199655
-0.0183508
-0.0194923
-0.0196075
-0.0193941
-0.0176558
-0.017894
-0.0180633
-0.0192672
-0.0204316
-0.0201369
-0.0231631
-0.0215751
-0.0314806
-0.0337052
-0.0525096
-0.0724826
-0.120634
-0.125403
-0.253177
-0.192268
0.0642577
0.0432013
0.032698
0.0206775
0.0296685
0.044033
0.0538195
0.0610762
0.0466226
0.030708
0.0203757
0.0196251
0.0285295
0.0368856
0.0414475
0.0336082
0.0250605
0.0174286
0.0138238
0.0229079
0.0291622
0.0288602
0.0191501
0.00841725
0.00978886
0.0154078
0.0226647
0.0193173
0.00673195
0.00389851
0.00808786
0.0146051
0.0138581
0.00402232
0.00194246
0.00370772
0.00378418
0.00573687
0.00295195
-0.000735543
-0.000829234
-0.00176234
-0.00135767
-0.00160557
-0.00442404
-0.00474705
-0.00485429
-0.00615766
-0.00656485
-0.00716571
-0.00850411
-0.00944449
-0.0101323
-0.0106262
-0.0117939
-0.0133525
-0.0141237
-0.0152023
-0.0159476
-0.0147798
-0.0129963
-0.0131377
-0.0145724
-0.0155565
-0.0177717
-0.0207815
-0.022033
-0.0218097
-0.0229238
-0.0234796
-0.021379
-0.0199817
-0.0199395
-0.0196949
-0.0188854
-0.0202278
-0.0204528
-0.0189807
-0.0186837
-0.0203589
-0.0208154
-0.0198785
-0.0211228
-0.0218283
-0.0227194
-0.0225191
-0.0226531
-0.0229519
-0.0234312
-0.0259795
-0.0250663
-0.0298458
-0.0294781
-0.02752
-0.0273642
-0.0334865
-0.0488012
-0.0285018
-0.135938
-0.136365
0.0583053
0.0679088
0.0737185
0.064819
0.0566088
0.0358135
0.0259454
0.0309111
0.035934
0.0480309
0.0498989
0.0446629
0.0361116
0.0268094
0.0236166
0.0245323
0.0315481
0.0339686
0.0313748
0.0250282
0.0172524
0.0170977
0.0192847
0.0235608
0.0245893
0.0171506
0.00981639
0.0075015
0.0146891
0.0200866
0.013268
0.00546937
0.00262626
0.00767217
0.0117186
0.0067867
0.0034085
0.000669381
-0.000954532
0.00256508
0.00151002
-0.00179116
-0.00253
-0.0043466
-0.00398537
-0.00337749
-0.00626963
-0.00820454
-0.00840173
-0.00921923
-0.00996241
-0.00964875
-0.0101797
-0.0127413
-0.0137945
-0.0139474
-0.0151371
-0.0153354
-0.0147306
-0.0165104
-0.0196499
-0.0204405
-0.0206678
-0.0216359
-0.0211819
-0.019268
-0.0193059
-0.0192978
-0.0183614
-0.0195722
-0.0221964
-0.0223177
-0.0216547
-0.0226773
-0.0235243
-0.0233863
-0.0243612
-0.0251767
-0.0238228
-0.0230753
-0.0243684
-0.0244804
-0.0244039
-0.0240383
-0.0250607
-0.0250425
-0.0269282
-0.0269088
-0.0280719
-0.0298982
-0.029428
-0.0349429
-0.0309835
-0.0423884
-0.0423574
-0.046407
-0.0354875
-0.0253165
0.00338672
0.0288085
0.0424043
0.0407217
0.0392273
0.0414784
0.0575306
0.0626757
0.0634718
0.0531404
0.0407558
0.0356848
0.0298433
0.0334729
0.0377218
0.0422546
0.042176
0.0344352
0.0298552
0.0249505
0.0243261
0.0264338
0.0284264
0.0283751
0.0226402
0.0188903
0.0152624
0.015166
0.0204202
0.0205512
0.0142495
0.00701355
0.0075368
0.0136681
0.0140333
0.00888368
0.00308911
0.00166918
0.00499714
0.00554632
0.00327685
-0.000301439
-0.00314131
-0.00203383
-0.00168098
-0.00333543
-0.00476259
-0.0073431
-0.00833089
-0.00661055
-0.00713856
-0.00940513
-0.0106189
-0.0131675
-0.0150122
-0.0143497
-0.014533
-0.0157757
-0.0159349
-0.0171096
-0.0196806
-0.0198828
-0.0185541
-0.0191458
-0.019374
-0.0190357
-0.0219475
-0.0255708
-0.0264535
-0.02755
-0.0292132
-0.0283778
-0.0273091
-0.0281136
-0.0279223
-0.0260137
-0.0255711
-0.0266403
-0.0266357
-0.0268717
-0.0274133
-0.0274299
-0.0274319
-0.0286619
-0.029002
-0.0291471
-0.0289498
-0.0284758
-0.0295152
-0.0304146
-0.0321907
-0.0333282
-0.0408798
-0.0426135
-0.0522538
-0.0631738
-0.0732521
-0.0966473
-0.110565
-0.167724
-0.179115
-0.131558
0.082032
0.079152
0.0699913
0.0543554
0.0448935
0.0385712
0.0421968
0.0461499
0.0526569
0.054772
0.0512494
0.0462517
0.0371657
0.0335284
0.0312513
0.0333717
0.0355134
0.0338243
0.0342905
0.0292535
0.0243526
0.0227168
0.0230694
0.0239203
0.0218047
0.0221332
0.0173296
0.0114479
0.0142738
0.0164491
0.0160683
0.0104348
0.0048199
0.00682316
0.00874368
0.00894472
0.00545294
-0.000395176
-0.000184693
0.000883596
0.000138641
-0.000700353
-0.00458077
-0.00613381
-0.00501647
-0.00526838
-0.00641746
-0.00990327
-0.0127468
-0.01283
-0.0128353
-0.0123882
-0.012742
-0.0144447
-0.0157073
-0.0171401
-0.0196612
-0.0207509
-0.020113
-0.0212116
-0.0229099
-0.0232143
-0.0251616
-0.0271954
-0.0258701
-0.0253118
-0.0265127
-0.0261681
-0.0256876
-0.0275646
-0.0285967
-0.0287501
-0.0300851
-0.0318158
-0.0311993
-0.0306785
-0.0317763
-0.0323745
-0.0323702
-0.0319434
-0.0311432
-0.0307471
-0.0311997
-0.0325836
-0.0329566
-0.0332544
-0.0313373
-0.0326181
-0.0302989
-0.0291186
-0.0254642
-0.0239057
-0.0278283
-0.0251676
-0.0310097
-0.0462594
-0.0550308
-0.121368
-0.137799
-0.153852
0.0494953
0.0573561
0.0611616
0.0691085
0.071996
0.0653634
0.0596827
0.0496407
0.0434692
0.0392727
0.0407236
0.044787
0.0453332
0.0453321
0.0427473
0.039536
0.0334949
0.0310278
0.030852
0.0292281
0.0305177
0.0291251
0.0258386
0.0229435
0.0214958
0.019521
0.0177729
0.0203809
0.0177568
0.0123123
0.0108606
0.0102124
0.012449
0.0114653
0.00631216
0.00336403
0.0021642
0.00457024
0.00404006
-0.000518733
-0.0023454
-0.0039373
-0.00376748
-0.00289527
-0.00661576
-0.010317
-0.0105798
-0.00995075
-0.00982196
-0.0102121
-0.0125243
-0.0160947
-0.0177524
-0.0181181
-0.0195043
-0.0205431
-0.0196897
-0.0202337
-0.0224399
-0.0227705
-0.0238893
-0.0258973
-0.025343
-0.0250186
-0.0271481
-0.0283425
-0.0295195
-0.0323223
-0.0339868
-0.0333244
-0.0336695
-0.0348283
-0.034687
-0.0342467
-0.0351502
-0.0349841
-0.0344293
-0.0351591
-0.0362504
-0.0364932
-0.0367364
-0.0360074
-0.0354334
-0.034784
-0.0361234
-0.0368069
-0.0369093
-0.0361436
-0.0383621
-0.0382747
-0.0333189
-0.0308949
-0.0184542
-0.00179422
0.0126531
0.0395102
0.059733
0.0988453
0.142355
0.0813002
0.0716911
0.065016
0.0558043
0.0533145
0.049749
0.0528235
0.0587465
0.0607537
0.0624502
0.0569147
0.051995
0.0460263
0.0414472
0.039149
0.0371995
0.0388546
0.0388308
0.0385691
0.0354384
0.0321767
0.0304389
0.0266302
0.0265988
0.0262851
0.0234493
0.0223452
0.0209096
0.017194
0.0146039
0.0157089
0.0153223
0.0130582
0.0104601
0.00667264
0.00624151
0.00778436
0.00585657
0.00211284
-0.000595823
-0.00112187
-0.000655085
-0.00181564
-0.00473641
-0.00827974
-0.0088401
-0.00649463
-0.00752739
-0.0113625
-0.0137856
-0.0164992
-0.0176647
-0.0163654
-0.0164302
-0.0185275
-0.0192387
-0.019842
-0.0226509
-0.0241613
-0.0251335
-0.027725
-0.0281289
-0.0275083
-0.0293944
-0.0308367
-0.0310052
-0.0322624
-0.0333075
-0.0328597
-0.0337376
-0.0356634
-0.0359502
-0.0358665
-0.0377206
-0.038788
-0.03902
-0.0400313
-0.0403968
-0.0399777
-0.0404501
-0.0414428
-0.0417442
-0.0421492
-0.0417354
-0.0408201
-0.0395548
-0.0396093
-0.0397543
-0.0377524
-0.0385283
-0.0396305
-0.0466799
-0.0495133
-0.0566454
-0.0653549
-0.0709002
-0.0616319
-0.0526479
-0.0280949
0.0110985
-0.00486579
0.0802395
0.0808089
0.0787007
0.0771623
0.069693
0.0621011
0.0534853
0.0496115
0.0493217
0.0496443
0.0512947
0.0508999
0.0521553
0.0491606
0.0455111
0.0420471
0.0377485
0.0359358
0.0336859
0.0338904
0.0322736
0.0310771
0.0297807
0.0250949
0.0245606
0.0226868
0.020105
0.020074
0.0181934
0.01633
0.0136031
0.0116457
0.0104066
0.0093921
0.00945993
0.00516654
0.00211681
0.00277702
0.00148029
0.000485373
-0.00228619
-0.00605392
-0.006031
-0.0050507
-0.00621042
-0.0105656
-0.0140416
-0.0138351
-0.0138919
-0.0141953
-0.0147299
-0.0174763
-0.0204771
-0.0216489
-0.0234613
-0.0250591
-0.0252534
-0.0266214
-0.0271714
-0.026459
-0.0280272
-0.0305793
-0.0314545
-0.0329579
-0.034361
-0.0340143
-0.0343849
-0.0369651
-0.0381711
-0.0387681
-0.040646
-0.0417686
-0.0413112
-0.0422977
-0.0435385
-0.0438278
-0.0442946
-0.0444165
-0.0444767
-0.0452666
-0.0458385
-0.0459146
-0.0455487
-0.0460457
-0.0453864
-0.045197
-0.0438273
-0.0429484
-0.0366853
-0.0325919
-0.0271964
-0.0199938
-0.0185777
-0.0197269
-0.0235099
-0.0356092
-0.0603629
-0.106692
-0.0966664
-0.131271
0.0638888
0.0644803
0.0615186
0.0642013
0.0674675
0.071545
0.0707803
0.0673452
0.0619883
0.0568979
0.0519274
0.0473704
0.0453337
0.0440581
0.0448035
0.0439155
0.0428668
0.0412282
0.0385743
0.0359602
0.0330881
0.0312373
0.0284193
0.0279273
0.0261127
0.0232188
0.0230803
0.019775
0.0178485
0.0166816
0.0138926
0.0130233
0.0114221
0.00965594
0.00666578
0.00507642
0.00555084
0.00262799
8.89784e-05
-0.00194945
-0.00406328
-0.00299176
-0.00432417
-0.00893517
-0.01149
-0.011315
-0.0111001
-0.0124825
-0.0152936
-0.0179304
-0.0199248
-0.0212093
-0.0221998
-0.0231289
-0.0232266
-0.0245604
-0.0267373
-0.0274391
-0.0293971
-0.0326837
-0.0339702
-0.0344148
-0.0354988
-0.0353966
-0.0359471
-0.0384663
-0.0399167
-0.0399191
-0.0414178
-0.0428987
-0.0428805
-0.0439486
-0.0454813
-0.0459179
-0.0466437
-0.0479158
-0.0490098
-0.0496424
-0.0499656
-0.0496696
-0.0508307
-0.0517575
-0.0526191
-0.0515913
-0.0516873
-0.0517547
-0.052753
-0.0538208
-0.0540251
-0.0526717
-0.0447684
-0.0405122
-0.0239397
-0.00502765
0.0217509
0.0484887
0.0787921
0.131433
0.188053
0.10124
0.0889742
0.0817705
0.0771657
0.0702308
0.0619834
0.0590881
0.0579692
0.0593344
0.0592324
0.0609513
0.0604706
0.0582916
0.0559093
0.0515033
0.0477961
0.0436388
0.0413768
0.0391694
0.0374316
0.0370101
0.034949
0.0332104
0.031862
0.0288428
0.0263657
0.0251599
0.0222368
0.0207357
0.0198142
0.0164546
0.0151183
0.0137465
0.0106206
0.00909564
0.00808913
0.00624143
0.00342976
0.00109715
5.63212e-05
-0.000988503
-0.00220115
-0.00527093
-0.00902417
-0.00929134
-0.00901587
-0.0113764
-0.0140486
-0.0164455
-0.017643
-0.0183849
-0.0200293
-0.0216849
-0.0224085
-0.0241316
-0.0276818
-0.0295734
-0.0304219
-0.0323011
-0.0329295
-0.0326674
-0.0340415
-0.0353322
-0.0365367
-0.0394008
-0.0416596
-0.0416416
-0.0422467
-0.0436944
-0.0440448
-0.0453377
-0.0478337
-0.049004
-0.0495809
-0.0508087
-0.051587
-0.052436
-0.0533785
-0.0541752
-0.0548678
-0.0556139
-0.0559358
-0.056469
-0.0575907
-0.058316
-0.0574214
-0.0562829
-0.0562174
-0.0562604
-0.0600668
-0.0625386
-0.0714363
-0.0780206
-0.086154
-0.0945043
-0.103489
-0.111277
-0.108722
-0.107678
-0.104054
-0.0827523
0.0816803
0.0795163
0.0823648
0.0827221
0.0808191
0.0759262
0.070567
0.0647991
0.0599393
0.0567897
0.0529563
0.0531737
0.0516977
0.0510185
0.0507371
0.0487344
0.0473818
0.0443086
0.0420746
0.0381626
0.0354795
0.0340068
0.0304239
0.0295979
0.0281722
0.0254036
0.0239694
0.0219126
0.0191981
0.0175478
0.0161448
0.0127135
0.0111498
0.0102437
0.00728224
0.00573987
0.00360364
0.0016251
0.000632782
-0.002568
-0.00547456
-0.00684362
-0.0071546
-0.00842368
-0.0116974
-0.0140378
-0.0150791
-0.0164521
-0.0184999
-0.0207592
-0.0222189
-0.0233767
-0.0263887
-0.0288978
-0.028883
-0.0295418
-0.0310112
-0.0323982
-0.0350613
-0.0378027
-0.0390433
-0.0408311
-0.0426214
-0.0424192
-0.0425986
-0.0448114
-0.0461188
-0.0472161
-0.0492645
-0.0502236
-0.0504566
-0.0519322
-0.0531792
-0.0541346
-0.0553548
-0.0564375
-0.0575448
-0.0589637
-0.0597353
-0.0602273
-0.0607642
-0.0615877
-0.0620744
-0.063628
-0.064711
-0.0647563
-0.0632282
-0.0620903
-0.0575251
-0.0542654
-0.05201
-0.047863
-0.0522727
-0.0572641
-0.0670014
-0.0793157
-0.10611
-0.151914
-0.203256
-0.192238
0.0794012
0.0751827
0.0725683
0.0695523
0.0697392
0.0713865
0.0718727
0.0716994
0.071129
0.0673703
0.0646457
0.0607453
0.0552334
0.0526386
0.0485972
0.0462282
0.0445998
0.0431237
0.041583
0.0397966
0.0388096
0.0355079
0.0339911
0.0314911
0.0281434
0.0270275
0.0242338
0.0220257
0.0202956
0.0179187
0.0152328
0.0137583
0.0124099
0.00902546
0.00749887
0.00551899
0.00327563
0.00203892
-0.00189931
-0.00388184
-0.00395157
-0.00600251
-0.00823381
-0.0110854
-0.0136444
-0.0145678
-0.0167377
-0.0192857
-0.0203575
-0.0213409
-0.0237886
-0.0265723
-0.0274269
-0.0282284
-0.0307853
-0.0335009
-0.0362056
-0.0383104
-0.0385482
-0.0386371
-0.0404477
-0.041782
-0.0430532
-0.0459303
-0.0482931
-0.0493266
-0.0510896
-0.0521678
-0.0523463
-0.0536864
-0.0557388
-0.0571714
-0.0587494
-0.0599616
-0.0609357
-0.0617595
-0.0625922
-0.0635725
-0.0652669
-0.0664264
-0.0670153
-0.0678049
-0.0693274
-0.0702838
-0.0719809
-0.0736575
-0.0758386
-0.0781437
-0.080573
-0.0828096
-0.0782751
-0.0758184
-0.0676819
-0.0562292
-0.0456583
-0.0314647
-0.0218009
0.0111088
0.0243038
0.0213743
0.0956733
0.091268
0.0885327
0.0813849
0.0767609
0.0713414
0.0668284
0.0651231
0.0631345
0.0619176
0.0619689
0.0605288
0.0599404
0.058551
0.055536
0.0534165
0.0499692
0.046352
0.0434511
0.0405551
0.0374782
0.035757
0.0336901
0.0310935
0.0298522
0.0270531
0.0249565
0.0234309
0.0203898
0.0182669
0.0164815
0.0140663
0.0116429
0.00960147
0.00703099
0.00499206
0.00321252
7.02767e-05
-0.00115722
-0.00206973
-0.00556066
-0.00808169
-0.0104322
-0.0129205
-0.0136755
-0.0157234
-0.0181457
-0.0190492
-0.0214936
-0.0251204
-0.0265564
-0.0273753
-0.0298498
-0.0325413
-0.0344825
-0.0360319
-0.0366123
-0.0371908
-0.0401401
-0.0438028
-0.0458031
-0.0476347
-0.0492289
-0.049612
-0.0505479
-0.0522519
-0.0533345
-0.0549963
-0.0574077
-0.0586917
-0.0594641
-0.0605603
-0.0618806
-0.0633137
-0.0647556
-0.0662564
-0.0678055
-0.0690909
-0.0698638
-0.0713373
-0.0726079
-0.073125
-0.0732093
-0.074057
-0.0747328
-0.0753155
-0.0764122
-0.0768358
-0.0819108
-0.0863291
-0.0980081
-0.110598
-0.123524
-0.138396
-0.153447
-0.173602
-0.190261
-0.221199
-0.234487
-0.177074
0.0850908
0.0867442
0.0855621
0.0854749
0.0868123
0.0834204
0.0804558
0.0762758
0.0711264
0.0670872
0.0629682
0.0587495
0.0567933
0.0541257
0.0523953
0.0513738
0.0489303
0.0480347
0.0459812
0.0436094
0.0418244
0.0387078
0.0357915
0.0331983
0.0302098
0.02771
0.0257713
0.0228948
0.0209284
0.0191391
0.0159073
0.014138
0.0118939
0.00907475
0.00754308
0.00471722
0.00219611
0.00111794
-0.001207
-0.00467454
-0.00707834
-0.00918649
-0.0111774
-0.012097
-0.0145915
-0.0175785
-0.0191972
-0.0224601
-0.025183
-0.0254752
-0.027317
-0.0304638
-0.0322298
-0.033798
-0.035638
-0.0373179
-0.0404022
-0.0443475
-0.0458605
-0.0459192
-0.0467531
-0.0481073
-0.0501505
-0.0533253
-0.0555315
-0.0571894
-0.0594619
-0.0610173
-0.0616531
-0.0629822
-0.0647382
-0.0664239
-0.0681296
-0.0697189
-0.0712296
-0.0722787
-0.0729618
-0.0741157
-0.0758584
-0.0772543
-0.078392
-0.0800137
-0.0811072
-0.0828118
-0.084077
-0.0856193
-0.0851154
-0.08485
-0.0797685
-0.0752641
-0.0698358
-0.0642277
-0.0630886
-0.0661931
-0.0713466
-0.0788697
-0.097231
-0.13941
-0.164693
-0.168312
0.0884208
0.0874659
0.0815853
0.0798687
0.0771996
0.0755809
0.0762533
0.0748509
0.0738715
0.0732889
0.0702895
0.0679669
0.0650445
0.0605012
0.0578261
0.0535361
0.0503612
0.0475621
0.044152
0.0423736
0.0399261
0.0380092
0.0359608
0.0337388
0.0316541
0.0293904
0.0266988
0.0241991
0.022099
0.0187353
0.0168116
0.0142697
0.0113081
0.0101022
0.00676606
0.00436429
0.00292583
-0.000483725
-0.00330658
-0.00516934
-0.00727655
-0.00912608
-0.0110738
-0.0142424
-0.0171309
-0.0191982
-0.0218343
-0.0233135
-0.0244647
-0.0277434
-0.0306822
-0.0319969
-0.0342429
-0.0369175
-0.0393043
-0.0420588
-0.0436646
-0.0438255
-0.0453911
-0.0485127
-0.0518348
-0.0551505
-0.0571669
-0.0576036
-0.0588193
-0.0604463
-0.0616735
-0.063495
-0.0659785
-0.0679939
-0.0695204
-0.0707931
-0.0720678
-0.0734466
-0.074991
-0.0766834
-0.0788083
-0.0801037
-0.0812454
-0.0825679
-0.0843519
-0.0853764
-0.0864673
-0.0870182
-0.0886758
-0.0906279
-0.0946748
-0.0986882
-0.103974
-0.109259
-0.109983
-0.11009
-0.10638
-0.0983491
-0.0876809
-0.0718662
-0.0503762
-0.0108044
0.0203313
0.00508524
0.102498
0.0985803
0.0947863
0.0920395
0.0850948
0.0810854
0.0767953
0.0723565
0.0703252
0.0674016
0.0654517
0.0647197
0.0622705
0.0613775
0.0597654
0.0569505
0.0551669
0.0521605
0.0494155
0.0463588
0.0431333
0.0400806
0.0370748
0.0342805
0.0312833
0.0287455
0.0264083
0.0242184
0.0214861
0.0194034
0.0168901
0.0139256
0.0122185
0.00936317
0.00694574
0.0048103
0.000991893
-0.00133085
-0.00296377
-0.00549782
-0.00749007
-0.0103686
-0.0136956
-0.0159412
-0.0182408
-0.0203651
-0.0220188
-0.0246741
-0.0280695
-0.0302643
-0.0319174
-0.0346138
-0.0371365
-0.0392083
-0.0412933
-0.0428185
-0.0449732
-0.0486863
-0.0519125
-0.0540554
-0.0553258
-0.0556639
-0.0570338
-0.0601133
-0.063052
-0.0655375
-0.0681357
-0.0702898
-0.0715116
-0.0727708
-0.0742716
-0.076168
-0.0780577
-0.0800153
-0.081951
-0.0835398
-0.0845619
-0.0860936
-0.0876272
-0.0890189
-0.0903816
-0.0919411
-0.0928803
-0.0933619
-0.0932884
-0.092914
-0.0920624
-0.0911505
-0.093031
-0.0940976
-0.10142
-0.110222
-0.121666
-0.136517
-0.154468
-0.177643
-0.202946
-0.235111
-0.234833
-0.195017
0.0967379
0.0928434
0.0928271
0.091933
0.0904652
0.089895
0.085905
0.0830752
0.0794039
0.0747381
0.0714598
0.0672117
0.0633198
0.0607257
0.0572273
0.054729
0.0525238
0.0498426
0.0482308
0.0460955
0.0436346
0.0414731
0.0390141
0.0362701
0.0337176
0.0310651
0.0279627
0.025167
0.0223959
0.019424
0.0168164
0.0143676
0.0116347
0.00900201
0.00655798
0.00336622
0.00109473
-0.000912944
-0.00382289
-0.0061076
-0.00926061
-0.0122985
-0.0142466
-0.0168399
-0.0190248
-0.0213992
-0.0247665
-0.0274162
-0.029268
-0.0317715
-0.0346322
-0.0369418
-0.0390152
-0.0412983
-0.0438824
-0.0471571
-0.050051
-0.0517103
-0.0531901
-0.0547425
-0.0570403
-0.0608342
-0.0645976
-0.0666875
-0.0680166
-0.06945
-0.0706292
-0.0723083
-0.0749164
-0.0776373
-0.0800081
-0.0819304
-0.083604
-0.0850475
-0.0863231
-0.0880838
-0.0900417
-0.0916537
-0.0931122
-0.0948324
-0.0964487
-0.0983216
-0.100434
-0.102525
-0.104279
-0.106344
-0.106521
-0.107063
-0.102913
-0.0984177
-0.0898742
-0.0792186
-0.0680573
-0.0574669
-0.0474998
-0.0356246
-0.0330825
-0.0407094
-0.0503355
-0.103764
0.0982142
0.0943006
0.0919525
0.0869364
0.0852427
0.0831937
0.0813413
0.080795
0.0788043
0.0773909
0.0755917
0.072564
0.0702148
0.0670246
0.0632854
0.0605462
0.0564659
0.0531761
0.0501247
0.0462842
0.0436121
0.0407906
0.0377422
0.0352941
0.032986
0.0301495
0.0279323
0.0253552
0.022432
0.020204
0.0172246
0.0146523
0.0120533
0.00885769
0.00599302
0.00363838
0.00116134
-0.00189378
-0.00475807
-0.00783571
-0.01039
-0.0124356
-0.0152634
-0.0178735
-0.0207352
-0.0240721
-0.026308
-0.0284237
-0.0314884
-0.0341761
-0.0364779
-0.0389914
-0.0417482
-0.0448071
-0.0476427
-0.0494011
-0.0513405
-0.0539047
-0.056827
-0.0601836
-0.063502
-0.0653214
-0.0661538
-0.0677918
-0.070378
-0.073367
-0.0768298
-0.0798151
-0.0818885
-0.0833179
-0.0847694
-0.086461
-0.0883828
-0.0906021
-0.0932282
-0.0953451
-0.0971848
-0.0990722
-0.100855
-0.102067
-0.103454
-0.104628
-0.10571
-0.106074
-0.106856
-0.107348
-0.110674
-0.113897
-0.120281
-0.127753
-0.133446
-0.13845
-0.140095
-0.137718
-0.129623
-0.116611
-0.0930613
-0.0498408
-0.0198781
-0.0370512
0.107613
0.104988
0.101108
0.0965924
0.0931011
0.0878157
0.0843493
0.0806576
0.0769514
0.0745453
0.0715206
0.0689702
0.0673362
0.0647378
0.0631363
0.0609169
0.0581085
0.0561715
0.0528728
0.0501076
0.047298
0.0438443
0.0412152
0.038194
0.0344308
0.0315113
0.0284392
0.0252022
0.0229156
0.0196735
0.0167224
0.014174
0.0109282
0.00857263
0.0061526
0.00311698
0.000224258
-0.00283622
-0.00568027
-0.00819091
-0.0107979
-0.0137109
-0.016636
-0.0196357
-0.0226919
-0.0249828
-0.0275564
-0.0308967
-0.0334953
-0.0360007
-0.0389086
-0.0418284
-0.0448124
-0.0471213
-0.0490609
-0.0520481
-0.0553994
-0.0585312
-0.0612284
-0.0634297
-0.0649421
-0.0671742
-0.0706114
-0.0742777
-0.0773877
-0.0797326
-0.0810262
-0.0822853
-0.084301
-0.0872521
-0.0903862
-0.0932141
-0.0957503
-0.0976688
-0.0988889
-0.100496
-0.102256
-0.104016
-0.105754
-0.108057
-0.110044
-0.112294
-0.114304
-0.116342
-0.117272
-0.117277
-0.114981
-0.11156
-0.108455
-0.104652
-0.105296
-0.107944
-0.113857
-0.12381
-0.13846
-0.16052
-0.188032
-0.225378
-0.239227
-0.220456
0.104039
0.102781
0.100134
0.0995144
0.097812
0.095031
0.0927776
0.0886031
0.0850695
0.0812863
0.076783
0.0736392
0.0697531
0.0661696
0.0633324
0.0595768
0.0570444
0.054043
0.05095
0.0488908
0.0458137
0.0433255
0.0410771
0.0379706
0.0354361
0.0326047
0.0294561
0.0270644
0.0239602
0.0207665
0.0180121
0.0144603
0.0116857
0.00891653
0.00548847
0.00261023
-0.000650689
-0.00355996
-0.00607784
-0.008999
-0.0120056
-0.0151272
-0.0181277
-0.021005
-0.023599
-0.0265504
-0.029863
-0.0325709
-0.035364
-0.0384787
-0.0414611
-0.0442388
-0.0466083
-0.0494449
-0.052981
-0.0561558
-0.058571
-0.0609409
-0.0634459
-0.0660465
-0.0695459
-0.0732816
-0.0761373
-0.0781061
-0.0796161
-0.0815889
-0.0848842
-0.088843
-0.0923784
-0.0947001
-0.0964033
-0.0980042
-0.0997325
-0.101966
-0.104961
-0.107803
-0.110386
-0.112863
-0.11505
-0.116619
-0.118054
-0.119551
-0.121593
-0.123883
-0.126504
-0.129639
-0.132764
-0.13651
-0.136834
-0.136428
-0.131183
-0.122115
-0.109589
-0.0936959
-0.0755971
-0.0518365
-0.0287717
-0.00587867
-0.00216742
-0.0575906
0.105432
0.102751
0.0990061
0.0966541
0.0929887
0.0912428
0.0892269
0.0867922
0.0854179
0.0826283
0.0804446
0.0779382
0.0745445
0.0720685
0.0682908
0.0648079
0.0616371
0.0575822
0.0548207
0.0511274
0.047401
0.0444825
0.0407934
0.0378597
0.0349295
0.0316734
0.0289569
0.0259324
0.0228512
0.0202344
0.0170978
0.0142003
0.0115453
0.00832316
0.00536591
0.0023288
-0.000760247
-0.00373037
-0.0069292
-0.00997634
-0.0130751
-0.0162017
-0.0192302
-0.0222421
-0.0253882
-0.0285006
-0.0314043
-0.0343159
-0.0375296
-0.0407421
-0.0435989
-0.04645
-0.0497369
-0.0531049
-0.0559543
-0.05827
-0.0611534
-0.0643554
-0.0677125
-0.071265
-0.0741298
-0.0762296
-0.0783913
-0.0811636
-0.0850416
-0.0891521
-0.0921494
-0.093771
-0.0952177
-0.0976348
-0.100794
-0.104299
-0.107866
-0.11069
-0.112593
-0.1142
-0.115975
-0.1177
-0.119764
-0.122137
-0.124587
-0.126745
-0.128317
-0.129344
-0.1303
-0.130285
-0.131672
-0.132531
-0.137364
-0.144242
-0.153885
-0.165955
-0.178445
-0.190826
-0.200603
-0.210642
-0.213655
-0.20583
-0.192834
-0.160413
0.114462
0.110043
0.106939
0.102573
0.0979681
0.0945778
0.0901614
0.0872582
0.0838285
0.0806084
0.0782673
0.074933
0.0726319
0.0701791
0.0671142
0.0649881
0.0618612
0.0593959
0.0567586
0.0531872
0.0505199
0.0470451
0.0437603
0.040726
0.0372614
0.0341376
0.0307842
0.0272164
0.0240048
0.0208004
0.017374
0.0142733
0.0109434
0.00764506
0.00465476
0.0013984
-0.00157372
-0.0046474
-0.00800128
-0.0111841
-0.0142605
-0.0172751
-0.0205049
-0.0237294
-0.0268141
-0.0300342
-0.0331244
-0.0365355
-0.0397984
-0.0426416
-0.0458877
-0.0493374
-0.0526049
-0.0554602
-0.0582705
-0.0618005
-0.0652511
-0.0684849
-0.0715093
-0.0740565
-0.0767269
-0.0800461
-0.0839075
-0.0878635
-0.0907291
-0.0924475
-0.0943292
-0.0977237
-0.101923
-0.105693
-0.108615
-0.110788
-0.112435
-0.11458
-0.117453
-0.120779
-0.124047
-0.12731
-0.130064
-0.132519
-0.134622
-0.137003
-0.139808
-0.14343
-0.146388
-0.14937
-0.149322
-0.147751
-0.143112
-0.13598
-0.129102
-0.122721
-0.118516
-0.117028
-0.121549
-0.13131
-0.152599
-0.190373
-0.214439
-0.21943
0.11476
0.111791
0.109918
0.106738
0.104695
0.101183
0.0975259
0.0941141
0.089793
0.0864352
0.0822883
0.0784482
0.075189
0.0712756
0.0682757
0.064712
0.0612051
0.0584606
0.0549502
0.0521986
0.0492074
0.0459214
0.0432088
0.040065
0.0370261
0.0341336
0.030917
0.0277812
0.0247547
0.021307
0.0182264
0.0150198
0.0114872
0.00846478
0.00499589
0.00153793
-0.00169623
-0.00519224
-0.00850261
-0.011829
-0.0152101
-0.0185901
-0.0217878
-0.0250871
-0.028502
-0.0316473
-0.0351543
-0.0384906
-0.041519
-0.0449179
-0.0484872
-0.0518466
-0.0548813
-0.0582022
-0.0619455
-0.0653211
-0.0684862
-0.0714285
-0.0744287
-0.0780067
-0.0819118
-0.0855419
-0.0885047
-0.090752
-0.0932961
-0.0972124
-0.101901
-0.105504
-0.107835
-0.109855
-0.112391
-0.115644
-0.11971
-0.123587
-0.126645
-0.128931
-0.130999
-0.132861
-0.135091
-0.137401
-0.139963
-0.142146
-0.144126
-0.145586
-0.148025
-0.151252
-0.156607
-0.163895
-0.171452
-0.18002
-0.186132
-0.189055
-0.187919
-0.181662
-0.169551
-0.149778
-0.122548
-0.0900473
-0.0792601
-0.103511
0.113814
0.11096
0.107308
0.104174
0.101974
0.0992058
0.0974209
0.0945618
0.0920342
0.0893609
0.0859632
0.0831727
0.0795491
0.0762804
0.0728935
0.0689172
0.0657262
0.0618322
0.0581491
0.0548122
0.0509477
0.047642
0.0440998
0.0404966
0.0373205
0.0338378
0.0304854
0.0273082
0.0237472
0.0205578
0.0174193
0.0138668
0.010751
0.00746492
0.0040143
0.00095934
-0.00248787
-0.00601315
-0.00928735
-0.0127443
-0.0161551
-0.0194255
-0.0229858
-0.0265093
-0.0299366
-0.033537
-0.0368529
-0.0401539
-0.0437873
-0.0474512
-0.0507824
-0.0540219
-0.0576991
-0.0614569
-0.0648422
-0.0681081
-0.0714392
-0.0751364
-0.0790219
-0.0826181
-0.0857338
-0.0886395
-0.0917392
-0.0957008
-0.100329
-0.104072
-0.106262
-0.108529
-0.11192
-0.116146
-0.120345
-0.124003
-0.126574
-0.128741
-0.131416
-0.1347
-0.138288
-0.142177
-0.145818
-0.149233
-0.152331
-0.155467
-0.158531
-0.16141
-0.16339
-0.16383
-0.162999
-0.159954
-0.158167
-0.157509
-0.1608
-0.169178
-0.182459
-0.200492
-0.221931
-0.249047
-0.277069
-0.301886
-0.299811
-0.256801
0.118733
0.115435
0.111282
0.108078
0.104069
0.100643
0.0973195
0.0936932
0.090818
0.0874147
0.084609
0.0815985
0.0784492
0.0758177
0.0726501
0.0697888
0.0667101
0.0632664
0.06034
0.0567912
0.053437
0.0501156
0.0463814
0.0431265
0.0395349
0.0359867
0.0325462
0.028769
0.0251883
0.0217508
0.0181088
0.0146586
0.0111656
0.00731397
0.00399533
0.000431954
-0.00327738
-0.00658916
-0.0103086
-0.0138386
-0.0171992
-0.0209646
-0.0244696
-0.02797
-0.0315946
-0.0350988
-0.0386641
-0.0423757
-0.0461002
-0.049511
-0.053011
-0.0569341
-0.0606144
-0.0640459
-0.067612
-0.0713503
-0.0752696
-0.0791048
-0.0825246
-0.0857807
-0.0893973
-0.0934477
-0.0977327
-0.101526
-0.104205
-0.106872
-0.110914
-0.115691
-0.1199
-0.123161
-0.125799
-0.128478
-0.132037
-0.13637
-0.140512
-0.144093
-0.146989
-0.149385
-0.151676
-0.154117
-0.156708
-0.159374
-0.162288
-0.165897
-0.170092
-0.175979
-0.181629
-0.18797
-0.191161
-0.191143
-0.187129
-0.178848
-0.168293
-0.155316
-0.143384
-0.131767
-0.127871
-0.135831
-0.146296
-0.175932
0.12373
0.120385
0.117471
0.114327
0.110404
0.10673
0.102366
0.0987056
0.0947664
0.090831
0.0872152
0.0833474
0.0799822
0.0763695
0.0728689
0.0695729
0.0659359
0.0628195
0.0594382
0.0559617
0.0528006
0.0492982
0.04615
0.0427962
0.0393079
0.0360479
0.032586
0.0290112
0.0255709
0.0219858
0.0184917
0.015134
0.0112933
0.00781544
0.00422428
0.000411456
-0.00298252
-0.00680066
-0.0105408
-0.0141169
-0.0180391
-0.0216629
-0.0253229
-0.0290971
-0.0328536
-0.0366177
-0.0404432
-0.0442934
-0.0479286
-0.0517109
-0.0557284
-0.0594114
-0.0630573
-0.0668852
-0.0708408
-0.074862
-0.0786715
-0.082176
-0.0859191
-0.090086
-0.0943186
-0.0982389
-0.101611
-0.104788
-0.108926
-0.113832
-0.118141
-0.121257
-0.124118
-0.127487
-0.131767
-0.136498
-0.140715
-0.143925
-0.146788
-0.149839
-0.153529
-0.157639
-0.162026
-0.166285
-0.170323
-0.173859
-0.176946
-0.178653
-0.179993
-0.180021
-0.181435
-0.183885
-0.189279
-0.1984
-0.209929
-0.223414
-0.237097
-0.249845
-0.258107
-0.261463
-0.255787
-0.237206
-0.220393
-0.19755
0.122973
0.119662
0.117003
0.113895
0.111223
0.108325
0.105279
0.102305
0.0987337
0.0953353
0.0915702
0.0879965
0.0844641
0.0806033
0.0769033
0.0728729
0.0691031
0.0654661
0.0616501
0.0580376
0.054234
0.0506303
0.0470221
0.0432077
0.0396207
0.0360475
0.0324161
0.0289229
0.0252007
0.0214619
0.0179308
0.0141969
0.0106533
0.0070517
0.00324609
-0.00028478
-0.00412822
-0.00794058
-0.0115137
-0.0153761
-0.0191144
-0.0228504
-0.0267098
-0.0305333
-0.0343037
-0.0382191
-0.0421704
-0.0459904
-0.0499952
-0.0540622
-0.0578043
-0.0617055
-0.0658195
-0.0699291
-0.0739852
-0.0778471
-0.0816157
-0.085845
-0.0902595
-0.0943238
-0.0980203
-0.101751
-0.105945
-0.110736
-0.115169
-0.118662
-0.12186
-0.125928
-0.130724
-0.135607
-0.139755
-0.142987
-0.1461
-0.149997
-0.154509
-0.159187
-0.163245
-0.166776
-0.169653
-0.172407
-0.175227
-0.178675
-0.182506
-0.187649
-0.192865
-0.198196
-0.201647
-0.202416
-0.200514
-0.195659
-0.189935
-0.185218
-0.183863
-0.18705
-0.197148
-0.215726
-0.243866
-0.278542
-0.294516
-0.286721
0.125873
0.12249
0.118948
0.115087
0.111522
0.107779
0.104585
0.101277
0.0980979
0.094983
0.0916505
0.0885749
0.0852097
0.0819414
0.0785279
0.0748517
0.0713624
0.0676618
0.0641498
0.0605823
0.0567584
0.0531141
0.0492178
0.0454645
0.0416988
0.0377997
0.0341739
0.0303206
0.0264762
0.0227223
0.0188128
0.0149559
0.0111522
0.00724864
0.00353941
-0.000299455
-0.00432132
-0.00817073
-0.0121442
-0.016076
-0.0198842
-0.0239087
-0.0279465
-0.031836
-0.0358374
-0.0398359
-0.0438105
-0.0479725
-0.0520929
-0.0559844
-0.0601054
-0.0643862
-0.0685442
-0.0726454
-0.076691
-0.0808133
-0.08533
-0.0897286
-0.0937544
-0.0977348
-0.102027
-0.106689
-0.111328
-0.115326
-0.119006
-0.123281
-0.128331
-0.133171
-0.137335
-0.140848
-0.144515
-0.149069
-0.154248
-0.159017
-0.163059
-0.166507
-0.170099
-0.174124
-0.178796
-0.183677
-0.18843
-0.192393
-0.195766
-0.197927
-0.199867
-0.202569
-0.207203
-0.215056
-0.224419
-0.234568
-0.242737
-0.246918
-0.245705
-0.238091
-0.224582
-0.203749
-0.17906
-0.155902
-0.150292
-0.177146
0.131377
0.127564
0.123383
0.119507
0.115372
0.111353
0.107609
0.103806
0.100258
0.0964112
0.0927987
0.0891364
0.0854444
0.0819333
0.0782344
0.074729
0.0711701
0.0676372
0.0641997
0.0604214
0.0568626
0.0532461
0.0495961
0.0459382
0.0420966
0.038424
0.0346339
0.0308317
0.0270556
0.0232503
0.0193916
0.0154976
0.0115175
0.00762467
0.00378463
-0.000268971
-0.00421977
-0.00818645
-0.0123007
-0.016242
-0.0203455
-0.0244753
-0.0285155
-0.032739
-0.0368837
-0.0409617
-0.045226
-0.0494602
-0.0536215
-0.0579995
-0.0623763
-0.0665869
-0.0708881
-0.0752112
-0.0796222
-0.084239
-0.0885945
-0.0927746
-0.0971951
-0.101937
-0.106705
-0.111078
-0.115147
-0.119591
-0.124646
-0.129671
-0.13404
-0.138049
-0.142232
-0.147199
-0.152642
-0.157573
-0.161566
-0.165288
-0.169495
-0.174443
-0.17963
-0.184462
-0.188565
-0.192172
-0.195612
-0.199519
-0.203977
-0.208983
-0.214034
-0.21742
-0.219092
-0.217843
-0.216209
-0.215806
-0.218681
-0.226633
-0.239794
-0.258512
-0.280988
-0.306974
-0.329447
-0.339258
-0.330984
-0.299972
0.133504
0.129965
0.12653
0.123274
0.11973
0.116241
0.112329
0.108504
0.104462
0.100448
0.0965792
0.0925984
0.0887447
0.0846861
0.0808212
0.0770085
0.0731192
0.0693885
0.0654234
0.0615143
0.0576408
0.0538359
0.0501
0.0461905
0.0423722
0.0385585
0.0346385
0.0306686
0.0268085
0.022973
0.0191016
0.01514
0.0110676
0.00708698
0.00306373
-0.000887146
-0.0048877
-0.00911367
-0.013129
-0.017301
-0.0215166
-0.0255588
-0.0298
-0.0340966
-0.0383133
-0.0426314
-0.0468916
-0.0511688
-0.0556666
-0.0601036
-0.0643733
-0.0688508
-0.0734092
-0.077985
-0.0825979
-0.0870471
-0.0915337
-0.0962839
-0.101159
-0.105886
-0.110351
-0.114915
-0.11993
-0.125112
-0.129865
-0.134271
-0.138867
-0.143988
-0.149475
-0.154569
-0.158821
-0.162999
-0.167967
-0.173663
-0.179168
-0.183971
-0.188119
-0.19218
-0.196719
-0.201841
-0.20716
-0.212127
-0.216354
-0.220369
-0.224196
-0.229683
-0.236263
-0.244248
-0.251121
-0.254442
-0.252952
-0.245902
-0.234706
-0.220186
-0.205957
-0.193964
-0.190021
-0.199739
-0.212355
-0.243988
0.134715
0.13074
0.127096
0.123432
0.120039
0.11667
0.113304
0.109941
0.106321
0.102751
0.0990114
0.0953402
0.0914935
0.0875909
0.0838389
0.0799426
0.0760715
0.0720659
0.0680333
0.0640655
0.0600218
0.0560437
0.0520121
0.0480301
0.0441016
0.0400197
0.0359126
0.0318459
0.027834
0.0238356
0.0197711
0.0156157
0.0115235
0.00735354
0.00318949
-0.000891316
-0.00511781
-0.00922877
-0.0134659
-0.0178073
-0.0220319
-0.0263724
-0.0306962
-0.0349842
-0.0394684
-0.0438878
-0.0482885
-0.0528296
-0.0573221
-0.0618043
-0.0664809
-0.0710787
-0.0757048
-0.0804689
-0.0851633
-0.0898646
-0.0947769
-0.0997056
-0.104486
-0.109239
-0.114288
-0.119563
-0.124641
-0.129364
-0.134262
-0.139538
-0.145077
-0.150419
-0.155209
-0.159833
-0.16521
-0.17118
-0.17684
-0.181622
-0.186061
-0.190835
-0.196386
-0.202355
-0.208046
-0.212948
-0.217417
-0.221684
-0.226389
-0.230763
-0.235093
-0.237995
-0.240121
-0.242151
-0.246021
-0.253724
-0.265347
-0.280278
-0.296084
-0.310933
-0.321705
-0.32477
-0.316242
-0.296002
-0.282107
-0.271247
0.137395
0.133723
0.130059
0.126259
0.122506
0.118586
0.114833
0.110919
0.107019
0.103152
0.0993595
0.0956944
0.0919627
0.0883177
0.0845687
0.0807776
0.0769453
0.0730398
0.069219
0.0653052
0.061351
0.0573807
0.0533407
0.0493688
0.0453442
0.0413042
0.0371911
0.033027
0.0289516
0.0248798
0.0207025
0.0165116
0.0122728
0.00802804
0.00383459
-0.000500111
-0.00477114
-0.00900031
-0.0133725
-0.0177515
-0.0222091
-0.0266474
-0.0310266
-0.0356002
-0.0401555
-0.0446879
-0.049347
-0.0539699
-0.0586092
-0.0634136
-0.068186
-0.0729788
-0.0778318
-0.0826994
-0.0876317
-0.0926931
-0.0977021
-0.102676
-0.107757
-0.113036
-0.118332
-0.123444
-0.128507
-0.133933
-0.139549
-0.145116
-0.150351
-0.155417
-0.160891
-0.166995
-0.172894
-0.178087
-0.183022
-0.188606
-0.194868
-0.201182
-0.206754
-0.211561
-0.216168
-0.221423
-0.227137
-0.233313
-0.239146
-0.245165
-0.25115
-0.257735
-0.264164
-0.268907
-0.270538
-0.268016
-0.262391
-0.25535
-0.249906
-0.248459
-0.253855
-0.268976
-0.29248
-0.318023
-0.331009
-0.336029
0.142484
0.138646
0.134609
0.130578
0.126298
0.122071
0.117916
0.11381
0.109797
0.105744
0.101824
0.0978375
0.0939033
0.0899359
0.0859371
0.0819401
0.0778707
0.0738872
0.0699019
0.0659258
0.061967
0.0579282
0.0539083
0.0498308
0.0457529
0.0416887
0.037576
0.03343
0.0292602
0.0250775
0.0208925
0.0166659
0.0123688
0.00808732
0.00373263
-0.000645883
-0.00498587
-0.00941433
-0.0137876
-0.0182539
-0.0228358
-0.0273475
-0.0319549
-0.0365663
-0.0412031
-0.0459706
-0.0506808
-0.0554138
-0.0602815
-0.0651457
-0.0700339
-0.0749879
-0.079989
-0.0850382
-0.090198
-0.0953221
-0.100455
-0.105732
-0.111133
-0.116506
-0.121798
-0.127225
-0.132955
-0.138629
-0.14417
-0.149647
-0.155321
-0.161433
-0.167666
-0.173303
-0.178643
-0.184521
-0.191151
-0.19763
-0.203394
-0.208673
-0.214316
-0.220757
-0.227746
-0.234264
-0.240112
-0.245085
-0.249919
-0.254415
-0.258708
-0.263033
-0.267889
-0.275031
-0.284799
-0.29703
-0.309931
-0.320727
-0.326559
-0.325009
-0.315405
-0.29649
-0.272535
-0.254965
-0.255233
-0.278038
0.144449
0.140756
0.137116
0.133414
0.129611
0.125746
0.121675
0.117613
0.113461
0.109345
0.105176
0.101027
0.0969052
0.0927493
0.0886193
0.0844245
0.0803
0.0761719
0.0719941
0.0678334
0.0636309
0.0594467
0.0552454
0.0510375
0.0468186
0.0425966
0.0384133
0.0341678
0.0298618
0.0255717
0.0213131
0.0169599
0.0125492
0.00814985
0.00373564
-0.000649431
-0.0051572
-0.00963982
-0.014124
-0.0187094
-0.023277
-0.0279436
-0.0325902
-0.0372324
-0.0420398
-0.0468537
-0.0516859
-0.0565697
-0.0614688
-0.0664482
-0.071523
-0.0766215
-0.0817166
-0.0869383
-0.0922173
-0.0975477
-0.102988
-0.108474
-0.11396
-0.119515
-0.125253
-0.1311
-0.136827
-0.142587
-0.148481
-0.154603
-0.160919
-0.167034
-0.172785
-0.178879
-0.185645
-0.192431
-0.198567
-0.204419
-0.210778
-0.21791
-0.2251
-0.231622
-0.237214
-0.24285
-0.24912
-0.256217
-0.263748
-0.271294
-0.278832
-0.285485
-0.290711
-0.293028
-0.292511
-0.290584
-0.289888
-0.29323
-0.302271
-0.318241
-0.340628
-0.36712
-0.389941
-0.397932
-0.392456
-0.374526
0.14721
0.143157
0.139075
0.134903
0.130828
0.126819
0.122896
0.118966
0.115063
0.11119
0.10724
0.103242
0.0991634
0.0950882
0.0909311
0.0867449
0.0825535
0.0783366
0.0741293
0.0698748
0.0656278
0.0613952
0.0571088
0.0528
0.0484991
0.0441654
0.0398172
0.0354887
0.031143
0.0267881
0.0223959
0.0179636
0.0135178
0.00901574
0.00453397
-1.03593e-05
-0.00454763
-0.00909611
-0.0137437
-0.018357
-0.0230314
-0.0277736
-0.0325362
-0.0373772
-0.0422204
-0.047137
-0.0521458
-0.0571762
-0.0622398
-0.067392
-0.0726165
-0.0778842
-0.0832407
-0.0886346
-0.094089
-0.0996553
-0.105258
-0.110928
-0.116712
-0.122581
-0.128477
-0.134397
-0.140463
-0.146671
-0.152964
-0.159307
-0.165509
-0.171764
-0.178565
-0.185617
-0.192214
-0.198445
-0.205129
-0.212539
-0.219972
-0.226754
-0.233111
-0.239892
-0.247631
-0.255738
-0.263256
-0.269863
-0.27556
-0.281099
-0.286602
-0.293191
-0.301367
-0.311854
-0.323809
-0.3349
-0.342452
-0.343952
-0.338843
-0.327569
-0.313315
-0.29974
-0.293009
-0.30128
-0.314471
-0.340639
0.150124
0.145906
0.141698
0.137512
0.133381
0.129321
0.125299
0.121182
0.117037
0.112855
0.108675
0.104488
0.100329
0.0961802
0.0920511
0.0879144
0.0837496
0.0795923
0.0754135
0.0712004
0.0669574
0.0626783
0.0583728
0.0540874
0.0497857
0.0454248
0.0410323
0.0366435
0.0322807
0.0278648
0.0233855
0.0189084
0.0143749
0.00983306
0.00524853
0.000650049
-0.0039566
-0.00865631
-0.0133779
-0.0181404
-0.0229478
-0.0277681
-0.032692
-0.0376516
-0.0426432
-0.0477042
-0.0528288
-0.0580106
-0.0632514
-0.0685369
-0.0738896
-0.0793311
-0.0848201
-0.0903403
-0.0959659
-0.101654
-0.107428
-0.113295
-0.119255
-0.125268
-0.131354
-0.137596
-0.143954
-0.150357
-0.15685
-0.163362
-0.170101
-0.177174
-0.184143
-0.190757
-0.197635
-0.205217
-0.21296
-0.220182
-0.227141
-0.234578
-0.242799
-0.251043
-0.258542
-0.265376
-0.272507
-0.280494
-0.289482
-0.298479
-0.30721
-0.314335
-0.319499
-0.322605
-0.32481
-0.328991
-0.337486
-0.351663
-0.370178
-0.390963
-0.410764
-0.423863
-0.425423
-0.414716
-0.403942
-0.389097
0.15433
0.15007
0.145725
0.141372
0.137015
0.132668
0.128311
0.123985
0.119672
0.115381
0.111118
0.106867
0.102616
0.0983538
0.0940831
0.0897882
0.08545
0.0811281
0.076835
0.0725216
0.0681826
0.0638299
0.0594803
0.0551143
0.050731
0.0463335
0.0419142
0.0374644
0.0329787
0.0284656
0.0239547
0.0194145
0.0148333
0.0101873
0.00550068
0.000815412
-0.0039206
-0.00868384
-0.0134683
-0.0183129
-0.0231759
-0.0281239
-0.033109
-0.0381149
-0.0431831
-0.0482922
-0.0534562
-0.0587018
-0.0639858
-0.0693347
-0.0747672
-0.0802821
-0.085842
-0.0914991
-0.0972477
-0.103089
-0.109021
-0.115066
-0.121191
-0.127455
-0.133846
-0.140323
-0.146877
-0.153588
-0.160388
-0.167373
-0.174512
-0.181548
-0.188594
-0.196196
-0.204111
-0.211718
-0.219017
-0.22672
-0.235121
-0.24365
-0.251644
-0.259427
-0.267746
-0.277032
-0.286312
-0.295
-0.302635
-0.310024
-0.317797
-0.326832
-0.337447
-0.349078
-0.359942
-0.367356
-0.369923
-0.367126
-0.361352
-0.356107
-0.355229
-0.362904
-0.381112
-0.405461
-0.420896
-0.43263
0.156878
0.152658
0.148483
0.14434
0.1402
0.136014
0.131737
0.127423
0.123041
0.118615
0.114158
0.109717
0.105306
0.10088
0.0964551
0.0920689
0.0876985
0.0832891
0.0788689
0.0744416
0.0699843
0.0655291
0.0610714
0.0566053
0.0521197
0.0476188
0.0430979
0.0385309
0.0339449
0.0293586
0.0247885
0.0201892
0.0155285
0.010813
0.00609072
0.00136174
-0.00340558
-0.00819594
-0.0130485
-0.017911
-0.0228056
-0.0277496
-0.032748
-0.0378263
-0.0429265
-0.0480638
-0.0533012
-0.0586036
-0.0639813
-0.069435
-0.0750014
-0.0806379
-0.086383
-0.0922281
-0.0981526
-0.104189
-0.110335
-0.116572
-0.122951
-0.129431
-0.136005
-0.142675
-0.149541
-0.156504
-0.163619
-0.170856
-0.178116
-0.185617
-0.193523
-0.201396
-0.209035
-0.216903
-0.225473
-0.234288
-0.24276
-0.250979
-0.259735
-0.269192
-0.27872
-0.287572
-0.296304
-0.305483
-0.315691
-0.326258
-0.336328
-0.345252
-0.352732
-0.359818
-0.368333
-0.380176
-0.396152
-0.414735
-0.432068
-0.445009
-0.450226
-0.443455
-0.428466
-0.416363
-0.41605
-0.423093
0.159616
0.155331
0.151065
0.146748
0.142407
0.138032
0.133699
0.129356
0.125011
0.120665
0.116312
0.111972
0.10763
0.103257
0.0988262
0.0943974
0.0899452
0.085444
0.0809212
0.076406
0.0718904
0.0673572
0.0628429
0.0583373
0.0537915
0.0492123
0.0446267
0.0400602
0.0354703
0.0308528
0.0261983
0.0215271
0.0168377
0.012125
0.00738526
0.00260862
-0.00217042
-0.00702165
-0.0119295
-0.0168599
-0.0218268
-0.0268437
-0.0319502
-0.0371189
-0.0423446
-0.0476404
-0.0529974
-0.0584571
-0.0640013
-0.0696229
-0.0753112
-0.0811143
-0.0870064
-0.0929784
-0.0990516
-0.10522
-0.111473
-0.117843
-0.12433
-0.13093
-0.137678
-0.144597
-0.151603
-0.158797
-0.166161
-0.173678
-0.181403
-0.18936
-0.197305
-0.205343
-0.213885
-0.222801
-0.23155
-0.240103
-0.249033
-0.258768
-0.268602
-0.278078
-0.287474
-0.297585
-0.308392
-0.319264
-0.329559
-0.339691
-0.350189
-0.361494
-0.37373
-0.385311
-0.394964
-0.401259
-0.404244
-0.406551
-0.410937
-0.421002
-0.439682
-0.465068
-0.492355
-0.510402
-0.51372
-0.508347
0.162813
0.158406
0.153951
0.149497
0.145018
0.140555
0.136122
0.131694
0.127263
0.122817
0.118367
0.113888
0.109409
0.104926
0.10045
0.0959683
0.0914955
0.0870382
0.0825647
0.0780798
0.0735686
0.0690416
0.0645114
0.0599654
0.0553907
0.0507769
0.0461718
0.0415559
0.0369284
0.032273
0.0275858
0.0228688
0.0181304
0.0133772
0.0085712
0.00372408
-0.00117964
-0.00613133
-0.0111196
-0.0161597
-0.0212227
-0.0263626
-0.0315847
-0.0368675
-0.0422089
-0.0475807
-0.0530254
-0.0585498
-0.0641409
-0.0697946
-0.0755099
-0.0813118
-0.0872042
-0.0931988
-0.0993058
-0.105507
-0.111846
-0.11831
-0.124921
-0.131714
-0.138666
-0.145749
-0.153011
-0.160484
-0.16812
-0.175944
-0.183988
-0.192112
-0.200516
-0.209315
-0.218232
-0.22705
-0.236141
-0.245944
-0.256083
-0.265928
-0.275754
-0.286129
-0.297259
-0.308367
-0.319131
-0.330006
-0.34139
-0.353506
-0.36569
-0.377571
-0.389493
-0.402297
-0.417306
-0.435316
-0.454279
-0.470662
-0.481554
-0.48442
-0.479356
-0.468413
-0.458977
-0.463499
-0.474105
-0.490152
0.166673
0.162091
0.157485
0.152861
0.148224
0.143595
0.138967
0.134387
0.129833
0.125301
0.120767
0.116237
0.1117
0.107158
0.102615
0.0980546
0.0934874
0.0889091
0.0843315
0.0797496
0.0751667
0.0705692
0.0659524
0.0613377
0.0567116
0.0520822
0.0474349
0.0427766
0.0380834
0.0333552
0.0286133
0.0238363
0.0190144
0.0141464
0.00926744
0.00437158
-0.000566429
-0.00554753
-0.0105949
-0.0156704
-0.020786
-0.0259396
-0.0311395
-0.0363964
-0.0416937
-0.0470451
-0.0524442
-0.0579062
-0.063455
-0.0690846
-0.0748044
-0.0806211
-0.0865671
-0.0926358
-0.0988351
-0.105189
-0.111686
-0.118326
-0.12512
-0.132076
-0.139185
-0.146484
-0.153953
-0.161563
-0.169395
-0.177463
-0.185725
-0.194242
-0.203072
-0.212028
-0.221148
-0.23081
-0.240895
-0.250973
-0.260993
-0.271552
-0.282899
-0.294429
-0.305729
-0.317246
-0.329477
-0.342415
-0.355627
-0.368633
-0.381956
-0.395427
-0.408903
-0.421577
-0.432186
-0.441588
-0.451637
-0.46441
-0.483035
-0.509145
-0.53948
-0.567844
-0.587812
-0.591809
-0.58564
-0.571628
0.169894
0.165289
0.160689
0.156069
0.151443
0.146794
0.142152
0.137522
0.132903
0.128253
0.12358
0.118907
0.114225
0.109545
0.104879
0.100226
0.0955624
0.0909169
0.0862837
0.0816584
0.0770135
0.0723398
0.0676654
0.0629771
0.058267
0.0535355
0.0488075
0.0440701
0.0393192
0.034557
0.0297609
0.0249296
0.0200791
0.0152191
0.0103458
0.00544796
0.000527895
-0.00444401
-0.00945753
-0.014493
-0.019548
-0.0246438
-0.0297964
-0.0350125
-0.0402891
-0.0456448
-0.0510691
-0.056581
-0.0621945
-0.0679213
-0.0737594
-0.0797076
-0.0857831
-0.0919912
-0.0983358
-0.104801
-0.111375
-0.1181
-0.124941
-0.13194
-0.139108
-0.146455
-0.153992
-0.161743
-0.169763
-0.177988
-0.1865
-0.195326
-0.204335
-0.213695
-0.223486
-0.233548
-0.243691
-0.25422
-0.265537
-0.277211
-0.288807
-0.300616
-0.313159
-0.326462
-0.339807
-0.353062
-0.36649
-0.380544
-0.395265
-0.410932
-0.427511
-0.445902
-0.466413
-0.48737
-0.506645
-0.519968
-0.525889
-0.527345
-0.526061
-0.526128
-0.536939
-0.558385
-0.574858
-0.591368
0.17275
0.168061
0.163369
0.158687
0.154007
0.149345
0.144703
0.140065
0.135408
0.130718
0.126024
0.121328
0.116638
0.111943
0.107258
0.102555
0.0978408
0.0931109
0.0883905
0.0836764
0.0789383
0.0741965
0.0694608
0.0647197
0.059963
0.0552209
0.0504864
0.045744
0.0409922
0.0362118
0.0314066
0.0265931
0.0217653
0.016914
0.0120348
0.0071409
0.00222784
-0.00270836
-0.00768891
-0.012737
-0.0178426
-0.0229924
-0.0282001
-0.0334816
-0.0388598
-0.0443098
-0.049851
-0.055477
-0.0611898
-0.0669952
-0.0729059
-0.0789078
-0.0849883
-0.0911624
-0.0974372
-0.103834
-0.11036
-0.117005
-0.123818
-0.130808
-0.13802
-0.145438
-0.153111
-0.161024
-0.169159
-0.177581
-0.186295
-0.195279
-0.204575
-0.21427
-0.224237
-0.234503
-0.245398
-0.256813
-0.268414
-0.280188
-0.292738
-0.306126
-0.319801
-0.333501
-0.347815
-0.363008
-0.379183
-0.395729
-0.412207
-0.428591
-0.444308
-0.459197
-0.474138
-0.490071
-0.509455
-0.535353
-0.566194
-0.599741
-0.631957
-0.650487
-0.65587
-0.653922
-0.650673
-0.649307
0.17581
0.17101
0.166222
0.161453
0.15669
0.151939
0.147197
0.142461
0.137707
0.132941
0.128178
0.123433
0.118695
0.113958
0.109212
0.104474
0.0997417
0.0950067
0.0902787
0.0855508
0.0808264
0.0760985
0.0713594
0.0666076
0.0618589
0.057099
0.0523239
0.0475494
0.0427772
0.0379931
0.0331853
0.0283503
0.0234944
0.0186204
0.0137233
0.00879605
0.00383013
-0.00117749
-0.00623224
-0.0113486
-0.0165207
-0.0217487
-0.0270228
-0.0323676
-0.0377748
-0.0432494
-0.0487803
-0.0543601
-0.0600094
-0.0657335
-0.0715217
-0.0773837
-0.0833279
-0.0893903
-0.0955741
-0.101915
-0.108406
-0.115086
-0.121962
-0.129034
-0.136331
-0.143844
-0.151574
-0.159525
-0.167707
-0.176191
-0.184902
-0.193973
-0.203432
-0.213221
-0.223438
-0.234169
-0.245347
-0.256796
-0.268872
-0.281888
-0.295359
-0.309142
-0.323434
-0.338797
-0.354926
-0.371314
-0.387809
-0.404973
-0.423248
-0.443283
-0.465399
-0.489177
-0.514261
-0.538202
-0.557779
-0.572861
-0.585921
-0.5996
-0.619747
-0.650492
-0.687811
-0.722035
-0.731239
-0.730901
0.179218
0.174304
0.169409
0.164519
0.159633
0.154749
0.149884
0.145035
0.140194
0.135358
0.130529
0.125716
0.12092
0.116117
0.11131
0.106522
0.101738
0.0969485
0.092157
0.0873767
0.0826043
0.0778269
0.0730414
0.0682616
0.0634877
0.0587045
0.0539135
0.0491258
0.0443299
0.0395082
0.0346648
0.0298022
0.0249146
0.0199977
0.0150528
0.0100677
0.00505518
2.71159e-05
-0.00503482
-0.0101427
-0.0152983
-0.0204792
-0.0257008
-0.030958
-0.0362608
-0.0416014
-0.0469834
-0.0524306
-0.0579465
-0.0635404
-0.0692261
-0.0750283
-0.0809568
-0.0870168
-0.0932423
-0.0996199
-0.106191
-0.112915
-0.119803
-0.126855
-0.13408
-0.141496
-0.149101
-0.156946
-0.165052
-0.173437
-0.182169
-0.191282
-0.20076
-0.210614
-0.221001
-0.231756
-0.242988
-0.254952
-0.267589
-0.280661
-0.29429
-0.308974
-0.324741
-0.341065
-0.358114
-0.376192
-0.395693
-0.416334
-0.437206
-0.457862
-0.478184
-0.498644
-0.520835
-0.547236
-0.578925
-0.616458
-0.658976
-0.701097
-0.73298
-0.756465
-0.779278
-0.800356
-0.809551
-0.798991
0.182633
0.177677
0.172707
0.167716
0.162726
0.157757
0.152797
0.147835
0.142883
0.137948
0.133033
0.128133
0.123242
0.118354
0.113482
0.108624
0.103775
0.0989272
0.0940827
0.0892524
0.0844346
0.0796176
0.0747955
0.0699752
0.0651532
0.0603202
0.0554783
0.0506339
0.0457853
0.0409321
0.0360659
0.0311885
0.026296
0.0213867
0.0164565
0.0115172
0.0065702
0.00159672
-0.00339783
-0.00841313
-0.0134477
-0.0185146
-0.0236204
-0.0287711
-0.03397
-0.0392217
-0.0445396
-0.0499369
-0.0554315
-0.0610449
-0.0667752
-0.0726173
-0.0785728
-0.0846634
-0.0908759
-0.0972131
-0.103662
-0.110227
-0.116933
-0.123781
-0.130793
-0.138019
-0.145474
-0.15322
-0.161231
-0.169567
-0.17826
-0.187238
-0.196612
-0.206412
-0.216615
-0.227317
-0.238636
-0.250573
-0.262967
-0.276298
-0.290642
-0.305742
-0.321577
-0.338468
-0.356825
-0.37637
-0.396758
-0.418221
-0.441472
-0.467146
-0.495453
-0.525441
-0.5553
-0.583097
-0.607268
-0.628826
-0.651858
-0.680295
-0.711227
-0.742605
-0.784843
-0.821462
-0.855055
-0.881478
0.18572
0.180689
0.175639
0.170583
0.165541
0.160523
0.155509
0.150492
0.14548
0.140493
0.135522
0.130556
0.125597
0.120648
0.115709
0.11078
0.105863
0.100948
0.0960422
0.0911535
0.0862831
0.0814162
0.0765502
0.0716859
0.0668275
0.0619845
0.0571489
0.0523102
0.0474723
0.0426348
0.0377982
0.0329541
0.0281079
0.0232525
0.0183861
0.013508
0.00861177
0.00370453
-0.00121686
-0.00616125
-0.0111438
-0.0161711
-0.0212481
-0.0263808
-0.0315729
-0.0368418
-0.0421885
-0.0476196
-0.0531356
-0.0587371
-0.0644256
-0.0701947
-0.0760476
-0.0819616
-0.0879635
-0.0940568
-0.100256
-0.10659
-0.113067
-0.119732
-0.126608
-0.133719
-0.141082
-0.14869
-0.156568
-0.164706
-0.173108
-0.181818
-0.190926
-0.200383
-0.210305
-0.22082
-0.231808
-0.243408
-0.255817
-0.268996
-0.282859
-0.297602
-0.31379
-0.331254
-0.349867
-0.369915
-0.391767
-0.415669
-0.441106
-0.467249
-0.494058
-0.522482
-0.554096
-0.590457
-0.632046
-0.675906
-0.717232
-0.7489
-0.764792
-0.756573
-0.745076
-0.769086
-0.823713
-0.917389
0.188708
0.183553
0.178405
0.173267
0.168141
0.163034
0.157949
0.152875
0.147809
0.14276
0.13773
0.132717
0.12772
0.122736
0.117755
0.112783
0.107828
0.102893
0.0979759
0.0930713
0.0881746
0.0832852
0.0784044
0.0735343
0.0686837
0.0638471
0.0590115
0.0541754
0.0493444
0.0445253
0.039711
0.0348994
0.0300814
0.0252562
0.0204201
0.015569
0.0107031
0.00582005
0.000909209
-0.00403914
-0.00902859
-0.0140617
-0.0191447
-0.0242774
-0.0294652
-0.0347048
-0.0399936
-0.0453276
-0.0507082
-0.05614
-0.0616236
-0.0671637
-0.0727628
-0.0784329
-0.0841981
-0.0900805
-0.0961144
-0.102303
-0.108663
-0.115228
-0.121973
-0.128912
-0.136032
-0.14334
-0.150867
-0.158589
-0.16661
-0.174952
-0.183623
-0.19273
-0.202286
-0.2123
-0.222782
-0.23395
-0.245702
-0.258088
-0.271548
-0.28608
-0.301611
-0.318223
-0.336369
-0.356494
-0.378454
-0.402408
-0.42917
-0.459645
-0.494056
-0.532285
-0.572317
-0.612933
-0.656234
-0.706387
-0.769726
-0.850135
-0.946335
-1.05963
-1.17666
-1.25414
-1.23914
-1.18086
0.191786
0.186507
0.181248
0.176005
0.170775
0.165568
0.160391
0.155235
0.150094
0.144969
0.139874
0.134807
0.129756
0.12471
0.119675
0.114661
0.109676
0.104719
0.0997778
0.0948454
0.089924
0.0850197
0.0801343
0.0752703
0.0704217
0.0655837
0.0607552
0.0559348
0.0511244
0.0463186
0.0415173
0.0367101
0.0318949
0.0270723
0.0222431
0.0174007
0.0125368
0.00764986
0.00274422
-0.00218121
-0.00712949
-0.0121041
-0.0171034
-0.0221329
-0.0271808
-0.0322484
-0.037343
-0.0424756
-0.0476469
-0.0528544
-0.0581161
-0.0634518
-0.0688799
-0.0744144
-0.0800586
-0.0858426
-0.0917606
-0.0978219
-0.10402
-0.110335
-0.116778
-0.12335
-0.130062
-0.136941
-0.144025
-0.151357
-0.158978
-0.166874
-0.175104
-0.183702
-0.192577
-0.201883
-0.211679
-0.221934
-0.232804
-0.244414
-0.256815
-0.269908
-0.284086
-0.299819
-0.316941
-0.335758
-0.356535
-0.379924
-0.406229
-0.435441
-0.46789
-0.506029
-0.552155
-0.608687
-0.678025
-0.759754
-0.85431
-0.963794
-1.0953
-1.28198
-1.54389
-1.78867
-1.7824
-1.52413
0.194948
0.189549
0.184173
0.178821
0.173487
0.168177
0.162896
0.157649
0.152426
0.147227
0.142052
0.136902
0.131771
0.126663
0.121585
0.116533
0.111506
0.1065
0.101516
0.0965526
0.0916108
0.0866862
0.0817801
0.0768938
0.0720273
0.0671784
0.0623404
0.0575132
0.0526935
0.0478847
0.0430802
0.0382786
0.0334784
0.0286829
0.02389
0.0190925
0.0142876
0.00947831
0.00466559
-0.000147133
-0.00496201
-0.00978617
-0.0146302
-0.0194886
-0.0243578
-0.0292463
-0.0341699
-0.0391351
-0.0441485
-0.0492236
-0.0543794
-0.0596171
-0.064951
-0.0703756
-0.0758971
-0.0815066
-0.0871959
-0.092972
-0.0988142
-0.104744
-0.110778
-0.116926
-0.123243
-0.129729
-0.136438
-0.143368
-0.150502
-0.157886
-0.165478
-0.173299
-0.181416
-0.189897
-0.198712
-0.207925
-0.21771
-0.227871
-0.238633
-0.25019
-0.262546
-0.275687
-0.289723
-0.305181
-0.322448
-0.341418
-0.362793
-0.387186
-0.414887
-0.445745
-0.478075
-0.510714
-0.546443
-0.589638
-0.63941
-0.69504
-0.762814
-0.865874
-1.08702
-1.34343
-1.51997
-1.57845
0.197984
0.192485
0.187016
0.181573
0.176152
0.170755
0.165388
0.160054
0.154744
0.149456
0.144189
0.138955
0.133756
0.128594
0.123462
0.118353
0.113263
0.108203
0.103178
0.0981839
0.0932113
0.0882588
0.0833307
0.0784279
0.0735534
0.0687005
0.0638657
0.0590463
0.0542464
0.0494624
0.0446933
0.0399366
0.0351953
0.030469
0.0257508
0.0210393
0.0163366
0.0116391
0.0069474
0.00225967
-0.00242834
-0.00712621
-0.0118357
-0.0165617
-0.0213108
-0.0260938
-0.0309178
-0.0357908
-0.0407207
-0.0457137
-0.0507586
-0.0558612
-0.0610131
-0.0662174
-0.0714668
-0.0767548
-0.0820899
-0.0874781
-0.0929428
-0.0985031
-0.104172
-0.109988
-0.115954
-0.122071
-0.128341
-0.134737
-0.141277
-0.14797
-0.154795
-0.161871
-0.16918
-0.176711
-0.184564
-0.192706
-0.20113
-0.20989
-0.219086
-0.228675
-0.238561
-0.249193
-0.260557
-0.272532
-0.285174
-0.298413
-0.312756
-0.327819
-0.343597
-0.360271
-0.3784
-0.394308
-0.404613
-0.399553
-0.36018
-0.278878
-0.177965
-0.108375
-0.17299
-0.4529
-0.948623
-1.61202
0.200799
0.195208
0.189649
0.184115
0.17861
0.173133
0.167686
0.162265
0.156873
0.151511
0.146183
0.140891
0.135637
0.130416
0.125225
0.120063
0.114932
0.109836
0.104776
0.0997511
0.0947555
0.0897898
0.0848526
0.0799493
0.0750772
0.0702329
0.065415
0.0606243
0.0558608
0.0511211
0.0464041
0.041711
0.037042
0.0323906
0.0277531
0.0231313
0.0185209
0.0139211
0.0093263
0.00473026
0.000128681
-0.00448127
-0.0091082
-0.0137566
-0.0184301
-0.02313
-0.0278588
-0.0326124
-0.0373952
-0.0421985
-0.0470269
-0.0518719
-0.056733
-0.0616186
-0.0665268
-0.0714809
-0.0764856
-0.0815605
-0.0867282
-0.0919847
-0.0973572
-0.102819
-0.108374
-0.11401
-0.119704
-0.125487
-0.131347
-0.137321
-0.143443
-0.149717
-0.156131
-0.16271
-0.169476
-0.176321
-0.183433
-0.190799
-0.198347
-0.206277
-0.214581
-0.223326
-0.232364
-0.241976
-0.252708
-0.264803
-0.278457
-0.294403
-0.31327
-0.335588
-0.362084
-0.39434
-0.436807
-0.491306
-0.562996
-0.652278
-0.783548
-1.02499
-1.38478
-1.77698
-2.1221
-2.44373
0.203491
0.197792
0.192124
0.186485
0.18088
0.175309
0.16977
0.164265
0.1588
0.153377
0.147989
0.142634
0.137317
0.132041
0.126805
0.121608
0.116449
0.111327
0.106242
0.101198
0.0961948
0.0912274
0.086296
0.0814028
0.0765463
0.071724
0.0669356
0.0621806
0.057457
0.052764
0.0480989
0.0434612
0.0388453
0.0342497
0.0296763
0.0251197
0.0205751
0.0160386
0.011507
0.00697697
0.00244739
-0.00208286
-0.00661415
-0.0111491
-0.0156865
-0.0202268
-0.0247663
-0.0293103
-0.033851
-0.0383926
-0.0429384
-0.047493
-0.0520665
-0.0566627
-0.0613018
-0.0659943
-0.0707464
-0.0755681
-0.0804466
-0.0853882
-0.0903729
-0.0953864
-0.100435
-0.105504
-0.110614
-0.115783
-0.121007
-0.126339
-0.13173
-0.13717
-0.142678
-0.148184
-0.153705
-0.159282
-0.164896
-0.170511
-0.176118
-0.18188
-0.18757
-0.193417
-0.199692
-0.206419
-0.21376
-0.222097
-0.232242
-0.246222
-0.266091
-0.295956
-0.340392
-0.409885
-0.511303
-0.662671
-0.908272
-1.28884
-1.86887
-2.72247
-3.74896
-4.64483
-4.87351
-4.27604
0.206134
0.200307
0.194514
0.188758
0.183043
0.177369
0.171737
0.166147
0.160603
0.155101
0.149637
0.144214
0.138837
0.133511
0.128232
0.122996
0.117801
0.11265
0.107544
0.102484
0.0974685
0.0924978
0.0875726
0.082688
0.0778435
0.0730375
0.0682711
0.0635429
0.0588509
0.0541924
0.0495673
0.0449729
0.0404064
0.0358675
0.0313527
0.0268586
0.0223847
0.0179304
0.0134928
0.00907123
0.00466778
0.000281425
-0.00408958
-0.00844387
-0.0127843
-0.0171091
-0.0214237
-0.025725
-0.0300204
-0.0343186
-0.0386255
-0.0429544
-0.047303
-0.0516867
-0.0561073
-0.0605615
-0.0650535
-0.0695605
-0.0740871
-0.0786125
-0.0831347
-0.0876619
-0.0921901
-0.0967434
-0.101325
-0.105942
-0.110595
-0.115253
-0.119896
-0.124511
-0.129084
-0.13356
-0.138036
-0.142378
-0.146547
-0.150555
-0.154248
-0.157529
-0.160315
-0.162403
-0.163654
-0.163537
-0.162303
-0.159668
-0.15522
-0.148288
-0.139122
-0.128107
-0.116938
-0.115365
-0.130102
-0.177946
-0.301106
-0.577854
-1.00562
-1.94448
-3.21472
-4.41256
-4.89746
-4.50071
0.208719
0.202756
0.196834
0.190957
0.185128
0.179347
0.173612
0.167922
0.162281
0.156691
0.151152
0.145662
0.140223
0.134837
0.129505
0.124222
0.118987
0.113804
0.108672
0.103591
0.0985598
0.0935813
0.0886528
0.083772
0.0789343
0.0741417
0.0693957
0.064695
0.0600353
0.0554159
0.0508363
0.0462957
0.0417934
0.0373261
0.0328919
0.0284912
0.0241243
0.0197908
0.0154883
0.0112165
0.00697419
0.00276003
-0.001426
-0.00558713
-0.00972704
-0.01385
-0.0179594
-0.0220627
-0.0261682
-0.0302773
-0.0343979
-0.0385285
-0.0426746
-0.0468327
-0.0509905
-0.0551497
-0.059295
-0.063427
-0.0675405
-0.0716319
-0.0757207
-0.0798013
-0.0838915
-0.0879952
-0.0920914
-0.0961893
-0.100236
-0.104226
-0.10815
-0.111968
-0.115699
-0.119327
-0.1228
-0.126076
-0.129116
-0.131876
-0.13415
-0.135966
-0.137067
-0.137043
-0.135746
-0.132402
-0.126171
-0.115491
-0.0987159
-0.07333
-0.036785
0.0177536
0.0974987
0.210993
0.366393
0.578036
0.812216
0.923987
0.801509
0.292607
-0.7101
-2.11221
-3.4852
-4.63154
0.211163
0.20507
0.199023
0.193026
0.18708
0.181185
0.175339
0.169548
0.163813
0.158138
0.152519
0.146953
0.141442
0.135991
0.1306
0.125268
0.119992
0.114773
0.109612
0.104508
0.099463
0.0944742
0.0895419
0.0846644
0.0798414
0.0750723
0.0703545
0.0656883
0.0610747
0.0565119
0.0519975
0.0475312
0.0431126
0.0387413
0.0344161
0.0301332
0.0258931
0.0216955
0.0175399
0.0134223
0.00933879
0.00528701
0.00126455
-0.00273222
-0.00670905
-0.010671
-0.0146192
-0.0185589
-0.0224894
-0.0264149
-0.0303296
-0.0342338
-0.0381227
-0.0419854
-0.0458249
-0.0496335
-0.0534158
-0.0571711
-0.0609033
-0.064627
-0.0683364
-0.0720419
-0.0757338
-0.0793953
-0.0830124
-0.0865624
-0.0900272
-0.0934039
-0.0966716
-0.0998248
-0.102873
-0.105735
-0.108401
-0.110861
-0.112968
-0.114768
-0.116137
-0.117029
-0.117296
-0.116821
-0.115471
-0.112801
-0.108329
-0.101784
-0.091456
-0.07523
-0.0496849
-0.0101227
0.0495789
0.137573
0.259658
0.447531
0.69011
0.830523
0.706584
0.233907
-0.605244
-1.73194
-3.05153
-4.48549
0.213367
0.207145
0.200976
0.194858
0.188796
0.182792
0.176847
0.170962
0.165138
0.159373
0.15367
0.148027
0.142449
0.136937
0.131492
0.126112
0.120795
0.115542
0.110353
0.105233
0.100178
0.0951853
0.0902561
0.0853914
0.0805913
0.0758528
0.071174
0.0665558
0.0619994
0.0575035
0.0530666
0.0486852
0.0443576
0.0400843
0.0358638
0.0316963
0.0275793
0.0235087
0.0194808
0.0154936
0.0115446
0.00762977
0.00374761
-0.000104707
-0.00393111
-0.00772911
-0.0115024
-0.0152494
-0.0189714
-0.0226618
-0.0263169
-0.0299384
-0.0335221
-0.0370732
-0.0405875
-0.0440682
-0.0475254
-0.0509572
-0.0543763
-0.0577712
-0.061143
-0.06448
-0.0677588
-0.0709776
-0.0741075
-0.0771438
-0.0800846
-0.0829083
-0.0856297
-0.0882136
-0.0906379
-0.0928724
-0.0949002
-0.0966787
-0.0981821
-0.099443
-0.100337
-0.100853
-0.101065
-0.100808
-0.100202
-0.0993337
-0.0981925
-0.0971629
-0.0961307
-0.096421
-0.0982915
-0.103069
-0.109668
-0.118361
-0.13155
-0.159243
-0.258212
-0.559078
-1.17045
-2.06989
-3.10778
-4.12638
-4.92599
-5.32097
0.215314
0.208957
0.202658
0.196419
0.190242
0.184131
0.178086
0.172103
0.166183
0.160329
0.154547
0.148836
0.143197
0.137628
0.13213
0.126704
0.121352
0.116071
0.110863
0.105728
0.100667
0.095677
0.0907594
0.0859143
0.0811403
0.0764369
0.0718036
0.0672391
0.0627418
0.0583115
0.0539469
0.0496455
0.0454046
0.0412238
0.0371041
0.0330427
0.029035
0.0250769
0.0211671
0.0173062
0.0134929
0.00972344
0.00599621
0.00230931
-0.0013341
-0.0049357
-0.00849431
-0.0120088
-0.0154774
-0.018901
-0.0222833
-0.0256209
-0.0289215
-0.0321854
-0.0354174
-0.0386232
-0.0417994
-0.044951
-0.0480657
-0.0511375
-0.054156
-0.0571037
-0.0599764
-0.062759
-0.0654457
-0.0680387
-0.0705215
-0.0728873
-0.0751219
-0.0771734
-0.0790461
-0.0806934
-0.0820789
-0.0832317
-0.0841054
-0.084703
-0.0850651
-0.0852166
-0.0853344
-0.0854113
-0.0859136
-0.0870951
-0.0895047
-0.0942906
-0.102882
-0.117396
-0.140973
-0.180321
-0.246623
-0.354849
-0.527925
-0.832016
-1.37121
-2.21438
-3.3507
-4.68024
-5.86644
-6.5918
-6.68227
-6.12528
0.217058
0.210554
0.204116
0.197746
0.191445
0.185214
0.179053
0.172964
0.166947
0.161008
0.155147
0.149365
0.143658
0.138028
0.132478
0.12701
0.121623
0.116317
0.11109
0.105943
0.100875
0.0958889
0.0909846
0.0861599
0.0814128
0.0767444
0.072154
0.0676395
0.0631986
0.0588306
0.0545343
0.0503103
0.0461561
0.0420704
0.0380499
0.0340921
0.0301965
0.026363
0.0225911
0.0188789
0.0152239
0.0116252
0.0080811
0.00459496
0.00116435
-0.00221188
-0.00553316
-0.00880138
-0.0120198
-0.0151937
-0.0183214
-0.0214099
-0.02446
-0.0274743
-0.0304566
-0.0333996
-0.0363038
-0.0391577
-0.041955
-0.0446895
-0.0473461
-0.0499277
-0.0524202
-0.0548262
-0.0571424
-0.0593555
-0.0614547
-0.0634153
-0.0652071
-0.066805
-0.0681804
-0.0692992
-0.0701359
-0.0706675
-0.0707887
-0.0705354
-0.0698463
-0.0686508
-0.067128
-0.0652666
-0.0634201
-0.0620241
-0.061775
-0.0639963
-0.0703942
-0.0842113
-0.11018
-0.155464
-0.233388
-0.358829
-0.560293
-0.93453
-1.60274
-2.55972
-3.77811
-5.25419
-6.41952
-7.0489
-6.99991
-6.30195
0.218627
0.211964
0.205375
0.19886
0.19242
0.186057
0.179773
0.173571
0.167454
0.161421
0.155472
0.149606
0.143825
0.138132
0.132529
0.127015
0.121589
0.116251
0.111001
0.105839
0.100765
0.0957819
0.0908886
0.0860822
0.0813619
0.0767269
0.0721767
0.0677111
0.0633291
0.0590282
0.0548085
0.0506687
0.046608
0.0426237
0.0387152
0.0348824
0.0311241
0.0274396
0.0238265
0.0202825
0.0168072
0.0133995
0.0100591
0.00678365
0.00356929
0.000413942
-0.00268561
-0.00573081
-0.00872426
-0.0116689
-0.0145697
-0.017428
-0.0202418
-0.0230118
-0.0257309
-0.0283979
-0.0310047
-0.0335452
-0.0360199
-0.0384183
-0.0407452
-0.0429963
-0.0451705
-0.0472696
-0.04927
-0.0511658
-0.0529342
-0.0545427
-0.0559846
-0.0572103
-0.0581986
-0.0589248
-0.0593063
-0.059325
-0.0588594
-0.057854
-0.056151
-0.0536039
-0.0500987
-0.0452697
-0.0389244
-0.0308459
-0.0206194
-0.00828363
0.00601174
0.0217053
0.0374311
0.0503309
0.0501715
0.0285122
-0.0285544
-0.216058
-0.651851
-1.3439
-2.28152
-3.39743
-4.46712
-5.24835
-5.58966
-5.48128
0.219973
0.213145
0.206397
0.19973
0.193145
0.186646
0.180235
0.173915
0.167687
0.161549
0.155501
0.149547
0.143689
0.13793
0.132267
0.1267
0.121229
0.115854
0.110578
0.105401
0.100322
0.0953405
0.090456
0.0856673
0.0809744
0.0763767
0.0718737
0.0674647
0.0631487
0.0589247
0.0547913
0.0507475
0.0467924
0.0429268
0.0391496
0.035458
0.0318496
0.0283233
0.0248778
0.0215111
0.0182211
0.0150059
0.0118606
0.00878285
0.00577082
0.00282041
-6.99808e-05
-0.00290315
-0.00568156
-0.00840615
-0.0110773
-0.0136917
-0.0162498
-0.018747
-0.021184
-0.0235549
-0.0258583
-0.028096
-0.0302654
-0.0323719
-0.0344125
-0.0363856
-0.0382883
-0.0401082
-0.0418399
-0.0434604
-0.044958
-0.0463075
-0.0475041
-0.0485064
-0.0493046
-0.0498379
-0.0500382
-0.0498554
-0.0491426
-0.0477743
-0.0456232
-0.0423579
-0.0377421
-0.0313219
-0.0224218
-0.0103946
0.00626523
0.028902
0.0598351
0.101955
0.158152
0.23376
0.328985
0.446943
0.57992
0.623497
0.44385
0.0229335
-0.576187
-1.32717
-2.25968
-3.33669
-4.40522
-5.35289
0.221007
0.214012
0.207103
0.200284
0.193554
0.186918
0.180377
0.173934
0.167588
0.161341
0.155195
0.149153
0.143216
0.137383
0.131656
0.126034
0.120516
0.115107
0.109806
0.104614
0.0995287
0.0945488
0.0896757
0.0849098
0.0802506
0.0756976
0.071249
0.0669041
0.0626617
0.0585219
0.0544837
0.0505462
0.0467091
0.0429702
0.0393277
0.0357793
0.0323231
0.0289564
0.0256774
0.0224835
0.0193721
0.0163386
0.0133793
0.0104927
0.00767604
0.00492951
0.00225092
-0.000363164
-0.00291185
-0.00539542
-0.0078107
-0.0101607
-0.0124419
-0.0146556
-0.0168029
-0.0188838
-0.0209027
-0.0228578
-0.0247543
-0.0265947
-0.0283736
-0.0300945
-0.0317399
-0.0333125
-0.0347969
-0.0361858
-0.037477
-0.0386572
-0.0397221
-0.0406645
-0.041447
-0.04206
-0.0424389
-0.0425401
-0.0422777
-0.0415085
-0.0401091
-0.0377095
-0.0340898
-0.0286512
-0.0206154
-0.00930423
0.00693443
0.0295077
0.0610957
0.104694
0.164582
0.246786
0.351902
0.481981
0.637808
0.730961
0.620117
0.289236
-0.157822
-0.724936
-1.53244
-2.74296
-4.12597
-5.5745
0.221677
0.214509
0.207435
0.200457
0.193577
0.1868
0.180126
0.173557
0.167094
0.16074
0.154497
0.148365
0.142345
0.136438
0.130647
0.124972
0.119413
0.11397
0.108645
0.103437
0.0983474
0.0933745
0.0885194
0.0837813
0.0791602
0.0746548
0.0702644
0.0659879
0.0618239
0.0577741
0.053837
0.0500101
0.046291
0.0426773
0.0391684
0.035763
0.0324584
0.0292502
0.0261345
0.0231094
0.0201738
0.0173246
0.0145587
0.0118731
0.00926683
0.00673979
0.00429151
0.00192189
-0.00037187
-0.00258956
-0.00473437
-0.00680637
-0.00880828
-0.010742
-0.0126109
-0.0144203
-0.0161713
-0.0178669
-0.0195061
-0.0210867
-0.0226104
-0.0240697
-0.0254648
-0.0267882
-0.0280442
-0.0292345
-0.0303625
-0.0314306
-0.0324436
-0.0334039
-0.0343069
-0.0351694
-0.0359638
-0.0367215
-0.037423
-0.0380332
-0.0385595
-0.0388619
-0.0388754
-0.0382603
-0.0366636
-0.0334031
-0.0274058
-0.0172972
-0.00108202
0.0237777
0.0605799
0.112884
0.183261
0.267781
0.36605
0.399003
0.226208
-0.182748
-0.726497
-1.35939
-2.16022
-3.19853
-4.37995
-5.53567
0.221987
0.214634
0.207382
0.200234
0.193196
0.186269
0.179456
0.172756
0.166172
0.159705
0.153359
0.147134
0.14103
0.13505
0.129194
0.123466
0.117865
0.112389
0.10704
0.10182
0.0967279
0.0917647
0.0869295
0.0822216
0.0776399
0.0731844
0.0688552
0.0646511
0.0605699
0.0566111
0.0527737
0.0490562
0.0454563
0.0419715
0.0385996
0.0353391
0.0321881
0.0291431
0.0262
0.0233557
0.0206093
0.0179599
0.0154052
0.0129425
0.0105686
0.00828351
0.00608746
0.00397695
0.0019497
2.94433e-06
-0.00186695
-0.00366462
-0.00539561
-0.00706092
-0.00866602
-0.0102107
-0.0116986
-0.0131297
-0.0145017
-0.015815
-0.0170658
-0.0182573
-0.0193907
-0.0204679
-0.0214979
-0.0224855
-0.0234451
-0.0243857
-0.0253233
-0.0262787
-0.0272844
-0.0283806
-0.0296207
-0.0310915
-0.0328533
-0.0350593
-0.0378108
-0.0413083
-0.0457611
-0.0514901
-0.0587743
-0.0680102
-0.0796841
-0.0939297
-0.11145
-0.13169
-0.155853
-0.184653
-0.219286
-0.272763
-0.363598
-0.560197
-0.983572
-1.68528
-2.54594
-3.40626
-4.17202
-4.82377
-5.35639
-5.73101
0.221943
0.21439
0.206949
0.199622
0.192413
0.185327
0.178363
0.171524
0.164808
0.158221
0.151765
0.145441
0.13925
0.133191
0.127269
0.121484
0.115835
0.110325
0.104953
0.0997196
0.0946254
0.0896698
0.084853
0.080175
0.0756353
0.0712324
0.0669669
0.0628364
0.0588394
0.0549744
0.0512409
0.047638
0.0441636
0.040815
0.0375892
0.0344843
0.0314985
0.0286302
0.025875
0.0232306
0.0206943
0.018264
0.0159386
0.013715
0.0115898
0.00956097
0.00762581
0.00578032
0.00402046
0.00234199
0.000741385
-0.000788013
-0.00224889
-0.00364611
-0.00498043
-0.00625363
-0.00746513
-0.00861453
-0.00970345
-0.0107299
-0.0116977
-0.0126107
-0.0134734
-0.0142938
-0.0150755
-0.01583
-0.0165689
-0.0173007
-0.0180571
-0.0188568
-0.0197646
-0.0208371
-0.0221805
-0.0239171
-0.0262343
-0.0293699
-0.0336547
-0.0395259
-0.0475426
-0.0585058
-0.0732982
-0.0935311
-0.120816
-0.158019
-0.208965
-0.278368
-0.375869
-0.512023
-0.700132
-0.97194
-1.39306
-2.053
-3.0015
-4.21201
-5.49413
-6.60991
-7.37891
-7.71857
-7.62154
-7.12017
0.221518
0.213756
0.206115
0.198599
0.19121
0.183953
0.176829
0.169838
0.162984
0.156269
0.149695
0.143265
0.136979
0.130837
0.124842
0.118994
0.113296
0.107747
0.102348
0.0970992
0.0920012
0.087053
0.0822556
0.0776089
0.073112
0.0687648
0.0645642
0.0605106
0.0566029
0.05284
0.0492205
0.0457417
0.0424024
0.0392008
0.0361342
0.0331999
0.0303962
0.0277199
0.0251684
0.0227374
0.0204245
0.0182267
0.0161415
0.0141649
0.0122941
0.0105253
0.00885442
0.00727646
0.00578561
0.00437824
0.00304911
0.00179531
0.00061241
-0.000501062
-0.00154792
-0.00252922
-0.00344389
-0.00429603
-0.00508709
-0.00582098
-0.00649928
-0.00712815
-0.00771054
-0.0082523
-0.00875372
-0.00922197
-0.00965702
-0.0100738
-0.0104865
-0.0109233
-0.011429
-0.0120714
-0.0129286
-0.0141463
-0.0158986
-0.0184306
-0.0222018
-0.0276461
-0.0356801
-0.0473142
-0.0640529
-0.0881645
-0.122293
-0.171061
-0.239864
-0.337427
-0.478801
-0.682003
-0.970996
-1.40593
-2.11178
-3.19137
-4.57484
-6.09811
-7.55319
-8.73943
-9.47787
-9.61305
-9.11789
-8.0943
0.220659
0.212679
0.20483
0.197115
0.189537
0.182101
0.174807
0.167658
0.160658
0.153808
0.14711
0.140566
0.134178
0.127947
0.121874
0.115961
0.110209
0.104619
0.0991907
0.0939249
0.0888222
0.0838826
0.0791065
0.0744938
0.070044
0.0657545
0.0616253
0.0576556
0.0538454
0.0501931
0.0466954
0.0433504
0.0401566
0.0371136
0.0342181
0.0314666
0.0288558
0.0263827
0.0240437
0.0218352
0.0197541
0.0177969
0.0159594
0.0142364
0.0126242
0.0111198
0.00971888
0.00841586
0.007206
0.00608419
0.00504616
0.00408827
0.00320747
0.00239956
0.00165975
0.000987762
0.000379701
-0.00016615
-0.000656744
-0.00109405
-0.00148236
-0.00182512
-0.00212208
-0.00237163
-0.00256941
-0.0027089
-0.00279008
-0.00280417
-0.0027552
-0.00264343
-0.00247305
-0.0022811
-0.00206871
-0.00193642
-0.00194092
-0.00225036
-0.00313181
-0.00485373
-0.00809136
-0.0135527
-0.0225098
-0.036915
-0.0595004
-0.0947387
-0.148703
-0.230993
-0.358176
-0.549371
-0.832283
-1.29184
-2.09672
-3.30272
-4.74192
-6.11616
-7.40118
-8.33863
-8.95484
-9.06324
-8.62772
-7.73522
0.219314
0.211103
0.203035
0.195111
0.187336
0.179712
0.172242
0.164929
0.157775
0.150783
0.143955
0.137292
0.130798
0.124473
0.118318
0.112337
0.106529
0.100895
0.0954371
0.090155
0.0850491
0.0801197
0.0753671
0.0707914
0.0663919
0.0621673
0.058116
0.0542375
0.050531
0.0469948
0.0436266
0.0404241
0.0373864
0.0345109
0.0317935
0.0292307
0.02682
0.0245573
0.0224387
0.02046
0.0186178
0.0169091
0.0153287
0.0138711
0.0125318
0.0113079
0.0101954
0.00918893
0.0082826
0.00747104
0.00674845
0.00610961
0.00555142
0.00506837
0.0046545
0.00430274
0.0040101
0.00377092
0.00358002
0.00343367
0.00333034
0.00327043
0.00325566
0.00329237
0.00338949
0.0035629
0.00382531
0.00420506
0.00471942
0.00541188
0.00632076
0.00749343
0.00901664
0.0109358
0.0133541
0.0163447
0.0199522
0.0242541
0.0292256
0.0347385
0.0406642
0.0464038
0.0510806
0.0530206
0.0486206
0.0328076
-0.00687815
-0.0873286
-0.231373
-0.529985
-1.16318
-2.21814
-3.44406
-4.55001
-5.48646
-6.30004
-6.93309
-7.25514
-7.23283
-6.90232
0.217439
0.208987
0.200687
0.192542
0.184559
0.176738
0.169083
0.161596
0.154281
0.14714
0.140175
0.133389
0.126783
0.12036
0.114121
0.108068
0.102201
0.096524
0.0910362
0.0857386
0.080631
0.0757128
0.0709856
0.0664498
0.0621044
0.0579492
0.0539812
0.0501987
0.0466006
0.0431869
0.0399549
0.0369019
0.034026
0.0313241
0.0287919
0.0264258
0.024224
0.0221818
0.0202946
0.0185579
0.0169684
0.0155228
0.0142168
0.0130444
0.0120008
0.0110816
0.0102821
0.00959748
0.00902143
0.00854682
0.00816515
0.00786919
0.00765321
0.00751014
0.00743106
0.00740918
0.00743875
0.0075135
0.00762803
0.00777488
0.00795445
0.00816452
0.00841033
0.00869628
0.00903528
0.00944428
0.00994645
0.0105809
0.0113949
0.0124608
0.013867
0.0157305
0.018215
0.0215228
0.0259076
0.0317333
0.0393798
0.0494339
0.0625738
0.079488
0.101361
0.128991
0.163657
0.206818
0.258196
0.319331
0.385253
0.442184
0.473785
0.397824
0.0507622
-0.658139
-1.54903
-2.38054
-3.15478
-3.93659
-4.72591
-5.49126
-6.18006
-6.73415
0.215002
0.206293
0.19775
0.189375
0.181169
0.173138
0.165287
0.157617
0.150132
0.142833
0.135724
0.128808
0.122085
0.115559
0.109231
0.103103
0.0971764
0.0914522
0.0859329
0.0806187
0.0755096
0.0706055
0.0659058
0.0614115
0.0571233
0.0530393
0.049158
0.0454763
0.0419922
0.0387057
0.0356157
0.0327189
0.0300117
0.0274914
0.025154
0.0229969
0.0210166
0.0192088
0.0175686
0.0160924
0.0147765
0.013617
0.0126092
0.0117472
0.0110254
0.010438
0.00997854
0.00964093
0.00941819
0.00930207
0.00928254
0.00934977
0.00949616
0.00971266
0.009989
0.0103163
0.0106861
0.0110917
0.0115238
0.0119751
0.0124396
0.0129117
0.0133897
0.0138737
0.014372
0.0148977
0.0154739
0.0161364
0.0169415
0.0179637
0.0193214
0.0211526
0.0236746
0.0271615
0.0319551
0.0385767
0.0475883
0.0598582
0.0764735
0.098687
0.128533
0.167854
0.219406
0.286297
0.36981
0.473857
0.595822
0.719585
0.824976
0.835839
0.623951
0.0317933
-0.49135
-0.987342
-1.5769
-2.33834
-3.30652
-4.50811
-5.81463
-7.11107
0.211971
0.202991
0.19419
0.185568
0.17713
0.16888
0.160819
0.152952
0.145286
0.137822
0.130561
0.123505
0.116658
0.110021
0.103599
0.0973931
0.0914022
0.0856294
0.0800749
0.0747421
0.0696308
0.0647396
0.0600685
0.0556182
0.0513892
0.0473794
0.0435875
0.0400109
0.0366475
0.0334964
0.0305558
0.0278224
0.0252943
0.0229677
0.0208389
0.018905
0.0171626
0.0156077
0.0142353
0.0130412
0.0120215
0.0111714
0.0104855
0.00995728
0.00958121
0.00935027
0.00925615
0.00929072
0.00944558
0.00971192
0.0100784
0.0105341
0.0110699
0.0116754
0.012339
0.0130493
0.0137959
0.0145669
0.0153495
0.0161293
0.016894
0.0176304
0.0183249
0.0189691
0.0195549
0.0200854
0.0205664
0.0210172
0.0214724
0.0219822
0.0226358
0.0235415
0.0248835
0.0269051
0.0299289
0.0344503
0.0410254
0.0505141
0.0639557
0.0826129
0.108315
0.142937
0.189001
0.24935
0.325782
0.420333
0.5302
0.63788
0.719105
0.702187
0.477073
0.0800185
-0.281248
-0.596078
-1.01483
-1.66962
-2.62601
-4.26354
-5.79326
-7.36618
0.208311
0.199045
0.189969
0.181085
0.172399
0.163914
0.155632
0.147561
0.139702
0.13206
0.124637
0.117434
0.110453
0.1037
0.0971766
0.0908853
0.0848263
0.0790002
0.0734096
0.0680552
0.0629389
0.0580601
0.0534197
0.0490149
0.044847
0.0409149
0.0372167
0.0337511
0.0305151
0.0275075
0.0247261
0.0221682
0.0198309
0.0177117
0.0158064
0.0141128
0.0126267
0.011343
0.0102579
0.0093672
0.00866572
0.00814774
0.00780648
0.00763538
0.00762758
0.00777523
0.00806945
0.00850126
0.00906145
0.0097399
0.0105253
0.0114062
0.012372
0.0134104
0.0145073
0.0156496
0.0168226
0.0180105
0.0191938
0.0203516
0.0214622
0.0225021
0.023445
0.0242652
0.0249369
0.0254372
0.0257428
0.0258368
0.0257062
0.0253481
0.0247767
0.0240195
0.0231505
0.022275
0.0215692
0.0212819
0.0217722
0.0235553
0.0273106
0.0339601
0.0446089
0.0606322
0.0834118
0.114355
0.1544
0.202499
0.255743
0.300346
0.313753
0.248293
0.0258549
-0.368578
-0.791516
-1.15567
-1.55997
-2.17184
-3.08409
-4.31676
-5.72749
-7.18511
0.203976
0.194407
0.18504
0.175878
0.166928
0.158193
0.149678
0.141387
0.133324
0.125493
0.117897
0.110538
0.103416
0.0965377
0.0899058
0.0835228
0.0773907
0.0715084
0.0658779
0.0605003
0.055378
0.0505122
0.0459018
0.0415455
0.0374414
0.0335908
0.0299921
0.0266431
0.0235426
0.0206877
0.0180761
0.0157044
0.013572
0.0116751
0.0100099
0.00857242
0.00735882
0.00636534
0.00558665
0.00501848
0.00465507
0.00448983
0.00451495
0.00472316
0.00510732
0.0056591
0.00636963
0.00722958
0.00822873
0.00935645
0.0106014
0.0119519
0.013397
0.0149229
0.0165138
0.0181522
0.0198196
0.0214952
0.023155
0.0247706
0.026311
0.0277429
0.0290274
0.0301224
0.0309786
0.031544
0.0317577
0.0315527
0.0308525
0.0295788
0.0276398
0.0249441
0.0213938
0.0168945
0.0113675
0.0047102
-0.00311172
-0.0121707
-0.0224827
-0.034019
-0.0468581
-0.0609689
-0.0767359
-0.0948459
-0.116948
-0.147355
-0.192423
-0.264429
-0.382225
-0.567364
-0.860449
-1.32762
-1.94148
-2.59202
-3.21318
-3.85098
-4.5746
-5.41242
-6.31929
-7.21615
0.198911
0.189022
0.179345
0.16989
0.16066
0.151663
0.1429
0.134376
0.126095
0.118064
0.110284
0.102756
0.0954855
0.0884747
0.0817277
0.0752468
0.0690339
0.0630906
0.0574166
0.0520148
0.0468858
0.0420326
0.0374531
0.0331456
0.0291108
0.025347
0.0218527
0.0186274
0.0156694
0.0129762
0.0105444
0.00837236
0.00645683
0.00479486
0.00338363
0.00221864
0.00129542
0.000609135
0.000156055
-7.00532e-05
-7.52145e-05
0.000133509
0.000548154
0.0011608
0.00196396
0.00294955
0.00410777
0.00543006
0.00690659
0.00852711
0.0102797
0.0121527
0.0141329
0.0162063
0.0183555
0.0205621
0.0228039
0.0250571
0.0272944
0.0294835
0.0315874
0.0335625
0.0353597
0.0369214
0.0381811
0.0390585
0.0394567
0.0392613
0.0383341
0.0365159
0.0336054
0.029377
0.0235464
0.015783
0.00569275
-0.00721498
-0.023506
-0.0439022
-0.0692787
-0.100755
-0.139805
-0.188469
-0.249558
-0.326916
-0.426866
-0.558046
-0.731651
-0.962787
-1.27232
-1.67769
-2.19399
-2.85935
-3.67532
-4.56576
-5.42465
-6.18655
-6.80792
-7.27367
-7.60217
-7.79922
0.193051
0.18282
0.172822
0.163057
0.153534
0.144258
0.135231
0.12646
0.11795
0.109705
0.101729
0.0940242
0.0865939
0.0794434
0.0725739
0.0659887
0.0596897
0.0536789
0.047958
0.0425294
0.037394
0.0325527
0.0280053
0.0237506
0.0197865
0.0161131
0.0127289
0.00963443
0.00682722
0.00430465
0.00206352
0.000101237
-0.00158522
-0.00299831
-0.00414149
-0.00501885
-0.0056353
-0.00599519
-0.00610395
-0.00596787
-0.00559382
-0.0049885
-0.00415964
-0.00311485
-0.0018619
-0.000409822
0.0012321
0.00305478
0.0050497
0.00720665
0.0095154
0.0119628
0.0145357
0.0172195
0.0199976
0.0228503
0.0257558
0.0286889
0.0316216
0.0345227
0.0373545
0.0400716
0.0426188
0.0449305
0.0469269
0.0485108
0.0495624
0.0499338
0.0494435
0.0478702
0.0449358
0.0402991
0.0335254
0.0240795
0.0112819
-0.00571124
-0.027995
-0.0569239
-0.0942875
-0.142403
-0.204236
-0.283991
-0.386886
-0.520387
-0.695865
-0.926727
-1.22823
-1.62314
-2.14569
-2.82679
-3.67477
-4.68213
-5.80703
-6.95438
-7.99211
-8.8086
-9.32937
-9.50751
-9.34121
-8.8756
0.186349
0.175757
0.165413
0.155319
0.145482
0.135908
0.126605
0.117574
0.108821
0.100351
0.0921672
0.0842726
0.0766731
0.0693717
0.062372
0.0556754
0.0492851
0.0432021
0.0374316
0.0319737
0.0268295
0.0219999
0.0174846
0.013282
0.00939353
0.0058152
0.00254769
-0.000410371
-0.00305991
-0.00540364
-0.00744497
-0.0091852
-0.0106277
-0.0117785
-0.012639
-0.0132124
-0.0135041
-0.013519
-0.0132625
-0.0127424
-0.0119657
-0.0109393
-0.00966898
-0.00816379
-0.0064316
-0.00448023
-0.00231939
4.24943e-05
0.00259619
0.00533242
0.0082417
0.0113128
0.0145325
0.0178865
0.021359
0.0249331
0.0285904
0.0323081
0.0360632
0.0398253
0.0435627
0.0472347
0.0507908
0.0541699
0.0572945
0.0600685
0.0623692
0.0640444
0.0649032
0.0647011
0.0631321
0.0598075
0.0542227
0.0457246
0.0334803
0.0164064
-0.0069171
-0.0383289
-0.0803112
-0.13611
-0.210182
-0.308666
-0.439419
-0.614624
-0.851474
-1.16762
-1.5847
-2.14402
-2.90937
-3.9408
-5.24831
-6.77023
-8.36853
-9.85209
-11.0224
-11.7434
-11.9694
-11.7192
-11.0413
-10.0101
0.178737
0.167759
0.157053
0.146619
0.136454
0.126564
0.116959
0.107651
0.0986426
0.0899351
0.0815289
0.0734331
0.0656537
0.0581911
0.0510498
0.0442335
0.0377452
0.0315881
0.0257632
0.0202714
0.0151157
0.010297
0.00581308
0.00166597
-0.00214702
-0.00562663
-0.00877238
-0.0115863
-0.0140709
-0.0162276
-0.0180574
-0.019564
-0.0207513
-0.0216227
-0.0221823
-0.0224351
-0.0223841
-0.0220338
-0.0213913
-0.0204642
-0.0192593
-0.0177841
-0.016046
-0.0140513
-0.0118084
-0.00932577
-0.00661215
-0.00367727
-0.000528321
0.00282597
0.0063762
0.0101127
0.0140246
0.0181
0.0223262
0.0266896
0.0311756
0.0357687
0.0404525
0.0452096
0.0500168
0.0548429
0.0596536
0.0644007
0.0690265
0.0734554
0.0775969
0.0813251
0.0844867
0.0868787
0.0882335
0.0882038
0.0863362
0.0820137
0.0744414
0.0625234
0.0448353
0.0194349
-0.0164155
-0.0662632
-0.13546
-0.231082
-0.362882
-0.547396
-0.806209
-1.15996
-1.64542
-2.34159
-3.36122
-4.79211
-6.6245
-8.72983
-10.874
-12.7622
-14.0471
-14.5697
-14.3437
-13.5276
-12.3103
-10.8349
0.170179
0.158797
0.147699
0.136891
0.126376
0.116156
0.106239
0.0966356
0.0873528
0.0783882
0.0697479
0.0614387
0.0534639
0.045829
0.0385369
0.0315941
0.0250008
0.0187592
0.0128739
0.00734566
0.0021759
-0.00263523
-0.00708707
-0.01118
-0.0149145
-0.0182917
-0.0213116
-0.0239766
-0.0262882
-0.0282473
-0.029855
-0.0311161
-0.0320346
-0.0326127
-0.0328545
-0.0327652
-0.0323507
-0.0316142
-0.0305631
-0.029205
-0.0275473
-0.0255965
-0.0233613
-0.0208495
-0.0180672
-0.0150245
-0.0117287
-0.00818802
-0.00441125
-0.000406323
0.00381803
0.00825457
0.0128954
0.0177305
0.0227527
0.0279529
0.033324
0.038857
0.0445464
0.0503848
0.0563651
0.0624784
0.0687107
0.0750423
0.0814469
0.0878896
0.0943263
0.100695
0.106916
0.11289
0.118461
0.123428
0.127504
0.130285
0.131236
0.129552
0.124204
0.113666
0.0957446
0.0674222
0.0238886
-0.0413476
-0.138044
-0.283627
-0.498463
-0.804656
-1.25621
-1.96986
-3.10111
-4.73189
-6.81166
-9.16609
-11.5334
-13.8905
-15.1934
-15.6054
-15.1575
-14.072
-12.622
-11.0025
0.160617
0.148806
0.137296
0.126093
0.115201
0.104628
0.0943779
0.0844616
0.0748829
0.0656461
0.0567546
0.048216
0.0400356
0.0322153
0.0247626
0.0176806
0.0109715
0.00464033
-0.00131237
-0.00688404
-0.0120736
-0.0168789
-0.0213009
-0.0253382
-0.0289934
-0.0322654
-0.0351562
-0.0376663
-0.0397956
-0.0415469
-0.0429231
-0.0439264
-0.04456
-0.0448275
-0.0447348
-0.0442862
-0.0434865
-0.0423413
-0.0408591
-0.0390452
-0.0369086
-0.0344568
-0.0316975
-0.028638
-0.0252878
-0.0216557
-0.0177493
-0.0135763
-0.00914591
-0.00446489
0.000461376
0.00562394
0.0110177
0.0166379
0.0224792
0.0285388
0.034816
0.041313
0.0480319
0.0549795
0.0621643
0.0695969
0.0772906
0.0852617
0.0935256
0.102101
0.11101
0.120269
0.129902
0.13993
0.150356
0.161182
0.172369
0.183843
0.195476
0.206998
0.218034
0.227933
0.235618
0.239477
0.236635
0.222749
0.190587
0.126816
0.0138154
-0.173313
-0.491528
-1.06027
-2.0339
-3.49791
-5.38292
-7.51694
-9.67459
-11.6032
-12.9377
-13.5031
-13.3377
-12.6294
-11.5925
-10.3909
0.149993
0.137727
0.125779
0.114155
0.102865
0.0919136
0.0813113
0.0710614
0.061168
0.0516369
0.0424769
0.0336928
0.0252884
0.0172718
0.00964395
0.00241016
-0.00442485
-0.0108569
-0.016884
-0.0225056
-0.0277196
-0.0325246
-0.0369179
-0.0409018
-0.0444756
-0.0476404
-0.0503981
-0.0527461
-0.0546869
-0.0562218
-0.0573521
-0.0580835
-0.0584183
-0.0583593
-0.0579123
-0.0570843
-0.0558776
-0.0543014
-0.0523618
-0.0500675
-0.0474258
-0.0444461
-0.0411353
-0.0375025
-0.0335561
-0.0293049
-0.0247581
-0.0199258
-0.0148147
-0.00943208
-0.00378579
0.00212159
0.00828324
0.0146968
0.0213619
0.0282785
0.0354514
0.0428889
0.0506021
0.0586113
0.0669405
0.0756213
0.0846895
0.0941891
0.104179
0.114728
0.125922
0.137861
0.150671
0.164493
0.179486
0.195843
0.213771
0.233504
0.255311
0.279433
0.30616
0.335706
0.368071
0.4031
0.439929
0.476151
0.508022
0.527675
0.515351
0.440965
0.263287
-0.0917103
-0.755872
-1.79142
-3.1696
-4.74908
-6.37416
-7.88051
-9.07242
-9.84353
-10.2056
-10.2183
-9.96368
-9.52121
0.13823
0.125481
0.113069
0.101004
0.0892912
0.077942
0.0669592
0.0563498
0.046121
0.0362796
0.0268306
0.0177811
0.00913947
0.000905619
-0.00691151
-0.0143073
-0.0212786
-0.0278234
-0.0339369
-0.0396171
-0.0448617
-0.0496691
-0.0540399
-0.0579713
-0.061464
-0.0645201
-0.0671382
-0.0693182
-0.0710616
-0.0723685
-0.0732428
-0.0736883
-0.0737084
-0.0733053
-0.0724845
-0.0712538
-0.0696198
-0.0675863
-0.0651648
-0.0623634
-0.0591897
-0.0556511
-0.0517578
-0.0475189
-0.0429458
-0.0380468
-0.0328321
-0.0273115
-0.0214934
-0.015386
-0.00899736
-0.00233288
0.00460286
0.0118084
0.0192833
0.0270301
0.0350571
0.0433773
0.0520061
0.0609676
0.0702943
0.0800369
0.0902505
0.101006
0.112388
0.124506
0.137489
0.151496
0.16672
0.183389
0.201775
0.222197
0.245035
0.270701
0.299704
0.33256
0.36988
0.412293
0.46023
0.514079
0.573761
0.637059
0.701811
0.762097
0.792905
0.758084
0.633351
0.386533
-0.0404862
-0.686949
-1.52233
-2.50117
-3.58602
-4.70722
-5.78367
-6.76273
-7.62002
-8.32448
-8.85265
-9.18977
0.12525
0.111991
0.0990885
0.0865539
0.074395
0.0626177
0.0512292
0.040238
0.0296507
0.019476
0.00971882
0.000387845
-0.00851517
-0.0169803
-0.0250029
-0.0325763
-0.0396991
-0.0463671
-0.0525761
-0.0583237
-0.0636071
-0.0684249
-0.072774
-0.0766555
-0.0800673
-0.0830101
-0.0854851
-0.0874913
-0.0890284
-0.0900991
-0.0907047
-0.0908479
-0.0905345
-0.0897686
-0.0885551
-0.0868994
-0.0848098
-0.0822963
-0.0793654
-0.0760267
-0.0722889
-0.0681611
-0.0636512
-0.0587725
-0.0535363
-0.0479513
-0.0420313
-0.03579
-0.0292345
-0.0223766
-0.0152263
-0.00779197
-7.86577e-05
0.00790887
0.0161721
0.0247122
0.0335317
0.0426454
0.0520702
0.0618331
0.0719684
0.0825262
0.09357
0.105182
0.117464
0.130545
0.144577
0.159749
0.176279
0.194433
0.21452
0.236902
0.262006
0.290297
0.322313
0.358596
0.399717
0.446222
0.498327
0.556066
0.618832
0.683632
0.747482
0.803369
0.827225
0.785126
0.662863
0.448847
0.124577
-0.280776
-0.753987
-1.33127
-2.07155
-2.95955
-3.98118
-5.11009
-6.3051
-7.50223
-8.63157
-9.62585
0.110981
0.097177
0.0837559
0.0707205
0.0580825
0.0458516
0.0340325
0.0226327
0.0116614
0.00112761
-0.00895906
-0.0185946
-0.0277729
-0.03649
-0.0447351
-0.052505
-0.0597935
-0.066597
-0.072914
-0.0787391
-0.0840674
-0.0888992
-0.0932339
-0.0970673
-0.100398
-0.103227
-0.105554
-0.107379
-0.108703
-0.109526
-0.109849
-0.109677
-0.109013
-0.107864
-0.106235
-0.104132
-0.101564
-0.0985384
-0.0950636
-0.0911536
-0.0868153
-0.0820572
-0.0768929
-0.0713337
-0.0653925
-0.0590826
-0.0524176
-0.0454108
-0.0380793
-0.0304358
-0.0224923
-0.0142643
-0.00576102
0.00300954
0.0120414
0.0213342
0.0308884
0.0407071
0.0508053
0.0612008
0.0719236
0.0830189
0.0945473
0.106581
0.119216
0.132579
0.146816
0.162112
0.17868
0.196781
0.2167
0.23878
0.263398
0.290959
0.321891
0.356619
0.395469
0.438706
0.486155
0.537236
0.590579
0.643021
0.690062
0.724031
0.728912
0.681672
0.567527
0.378783
0.119154
-0.180406
-0.503362
-0.901175
-1.60048
-2.38055
-3.38451
-4.60415
-6.00424
-7.52638
-9.0989
-10.6397
0.0953357
0.0809595
0.0669831
0.0534131
0.0402651
0.0275483
0.0152693
0.00343594
-0.007943
-0.0188582
-0.0293004
-0.0392656
-0.048744
-0.0577285
-0.0662166
-0.0741995
-0.0816698
-0.0886251
-0.0950612
-0.100973
-0.106357
-0.111211
-0.115533
-0.119321
-0.122575
-0.12529
-0.127466
-0.129105
-0.130207
-0.130771
-0.1308
-0.130295
-0.129264
-0.127712
-0.125644
-0.123066
-0.119988
-0.116419
-0.11237
-0.107849
-0.102867
-0.097435
-0.0915666
-0.0852777
-0.0785826
-0.0714943
-0.0640317
-0.0562127
-0.048053
-0.0395754
-0.0307999
-0.0217407
-0.0124139
-0.00283993
0.00696858
0.0170022
0.0272519
0.0377142
0.0483851
0.0592752
0.0703966
0.0817752
0.0934488
0.105479
0.117936
0.130918
0.14454
0.15895
0.174324
0.190871
0.208827
0.228458
0.250055
0.273908
0.300284
0.329408
0.36136
0.396035
0.432936
0.470981
0.508224
0.54162
0.565857
0.573931
0.556882
0.502135
0.394787
0.225212
-0.00318542
-0.287082
-0.631711
-1.07246
-1.67637
-2.4702
-3.48947
-4.75549
-6.26249
-7.97617
-9.85192
-11.815
0.0782429
0.0632541
0.0486854
0.0345479
0.0208606
0.00762775
-0.00514455
-0.0174428
-0.0292572
-0.0405792
-0.0514069
-0.0617262
-0.0715265
-0.0808035
-0.0895551
-0.0977683
-0.105439
-0.112561
-0.11913
-0.125143
-0.130592
-0.135477
-0.139795
-0.143544
-0.146719
-0.149319
-0.151344
-0.152793
-0.153664
-0.15396
-0.153682
-0.152831
-0.151416
-0.14944
-0.146908
-0.143827
-0.140208
-0.136059
-0.131392
-0.126218
-0.120545
-0.114389
-0.107769
-0.100692
-0.0931805
-0.085253
-0.0769274
-0.0682267
-0.0591734
-0.0497943
-0.0401156
-0.0301617
-0.0199592
-0.00953327
0.0010916
0.0118929
0.0228509
0.0339372
0.0451355
0.0564352
0.067826
0.0793039
0.0908783
0.102568
0.114404
0.126442
0.138746
0.151402
0.164515
0.178211
0.192639
0.207964
0.224348
0.241935
0.260827
0.281038
0.302446
0.324647
0.346901
0.367825
0.385253
0.396035
0.395178
0.376751
0.334653
0.261237
0.145741
-0.0204607
-0.245787
-0.543516
-0.929501
-1.42575
-2.06589
-2.8853
-3.91361
-5.1737
-6.68293
-8.43732
-10.406
-12.5277
0.0596219
0.043982
0.0287838
0.0140489
-0.00021541
-0.0140017
-0.027295
-0.0400906
-0.0523741
-0.0641402
-0.0753758
-0.0860712
-0.0962214
-0.105821
-0.114856
-0.123321
-0.131211
-0.138517
-0.145238
-0.151364
-0.156894
-0.161821
-0.166146
-0.169862
-0.172963
-0.175451
-0.177323
-0.178577
-0.179214
-0.179234
-0.178637
-0.177427
-0.175608
-0.173185
-0.170165
-0.166553
-0.16236
-0.157595
-0.152268
-0.146391
-0.139976
-0.133039
-0.125597
-0.117666
-0.109265
-0.100419
-0.0911533
-0.0814892
-0.0714547
-0.061083
-0.0504056
-0.0394611
-0.0282815
-0.016906
-0.0053756
0.00627624
0.0180059
0.029771
0.0415335
0.0532466
0.0648761
0.0763834
0.0877309
0.0988939
0.109847
0.120576
0.131071
0.141334
0.151378
0.161217
0.170877
0.180384
0.189745
0.198933
0.207848
0.216284
0.223906
0.230107
0.233951
0.233949
0.227991
0.21292
0.184676
0.138641
0.0696671
-0.0286499
-0.163943
-0.343108
-0.579071
-0.89161
-1.29942
-1.82314
-2.48831
-3.31858
-4.32974
-5.53497
-6.94738
-8.56933
-10.3776
-12.3167
0.0393998
0.0230639
0.0072037
-0.00817525
-0.0230552
-0.0374232
-0.0512769
-0.0646027
-0.0773913
-0.089628
-0.101303
-0.11241
-0.122942
-0.132886
-0.14223
-0.150971
-0.159104
-0.166617
-0.173506
-0.179769
-0.185394
-0.190378
-0.194717
-0.198409
-0.201447
-0.203826
-0.205549
-0.20661
-0.207009
-0.206745
-0.205821
-0.204238
-0.202
-0.19911
-0.195575
-0.191401
-0.186596
-0.181172
-0.17514
-0.168509
-0.161294
-0.153513
-0.145178
-0.136314
-0.126942
-0.117088
-0.10678
-0.0960427
-0.0849153
-0.0734332
-0.0616343
-0.0495625
-0.0372674
-0.0247982
-0.0122076
0.000444232
0.0130979
0.0256935
0.0381599
0.0504175
0.0623932
0.074005
0.085172
0.0958035
0.105818
0.115119
0.123604
0.131165
0.137686
0.143041
0.147094
0.149689
0.150636
0.149681
0.146479
0.140572
0.131319
0.11786
0.0989829
0.0730646
0.0379219
-0.00947537
-0.0726762
-0.155359
-0.26216
-0.3997
-0.574401
-0.792412
-1.06432
-1.4076
-1.84141
-2.3846
-3.05544
-3.86699
-4.82502
-5.92512
-7.15985
-8.5163
-9.96508
-11.4539
0.0174844
0.000417781
-0.0161513
-0.0322102
-0.047744
-0.0627428
-0.0771923
-0.091085
-0.104408
-0.117152
-0.129303
-0.140855
-0.151797
-0.162112
-0.171796
-0.180845
-0.189246
-0.19699
-0.204075
-0.210492
-0.216231
-0.221288
-0.225659
-0.229342
-0.232327
-0.234609
-0.236185
-0.237053
-0.237213
-0.236664
-0.235405
-0.233438
-0.230764
-0.227385
-0.223312
-0.218545
-0.213095
-0.20697
-0.200181
-0.192739
-0.18466
-0.17596
-0.166662
-0.15678
-0.146339
-0.135369
-0.123902
-0.111972
-0.0996132
-0.0868698
-0.0737882
-0.0604179
-0.0468199
-0.0330577
-0.0191989
-0.00531407
0.00851009
0.0221854
0.0356168
0.048695
0.0612966
0.0732942
0.0845463
0.0949005
0.104197
0.112244
0.118845
0.123763
0.126732
0.127452
0.125582
0.120724
0.112427
0.10012
0.0831172
0.0605852
0.031474
-0.00552372
-0.052093
-0.110324
-0.182837
-0.272956
-0.384499
-0.521308
-0.688193
-0.892111
-1.14055
-1.4403
-1.79896
-2.22629
-2.73374
-3.33208
-4.0307
-4.83279
-5.73043
-6.70547
-7.73105
-8.776
-9.80186
-10.7586
-0.00621086
-0.0240542
-0.0413744
-0.0581569
-0.0743891
-0.0900531
-0.105143
-0.119647
-0.133547
-0.146837
-0.159499
-0.171528
-0.182911
-0.193635
-0.203693
-0.213079
-0.221779
-0.229785
-0.237088
-0.243682
-0.24956
-0.254713
-0.259137
-0.262825
-0.265771
-0.267964
-0.269404
-0.270089
-0.270013
-0.269174
-0.267575
-0.265215
-0.262089
-0.258204
-0.253565
-0.248178
-0.242046
-0.235177
-0.227583
-0.219275
-0.210268
-0.200579
-0.190225
-0.179233
-0.167622
-0.155421
-0.142664
-0.129395
-0.115649
-0.101468
-0.0869065
-0.0720276
-0.0568948
-0.0415857
-0.026174
-0.010755
0.00457043
0.0196954
0.0344882
0.0488055
0.0624886
0.0753561
0.0872098
0.0978292
0.106967
0.114335
0.119619
0.122436
0.122352
0.118861
0.11139
0.0992501
0.0816381
0.0575824
0.0259179
-0.0147525
-0.0661367
-0.130276
-0.209691
-0.307395
-0.427105
-0.573259
-0.750844
-0.965311
-1.22275
-1.53038
-1.89585
-2.32661
-2.82868
-3.40571
-4.05811
-4.78302
-5.57281
-6.41479
-7.287
-8.15828
-8.9913
-9.74375
-10.3721
-10.836
-0.0317838
-0.0504551
-0.0685738
-0.0861295
-0.103101
-0.119476
-0.135247
-0.150399
-0.164922
-0.1788
-0.192016
-0.204562
-0.216425
-0.227596
-0.238065
-0.247817
-0.256852
-0.265152
-0.272706
-0.279509
-0.285552
-0.290826
-0.29532
-0.299034
-0.301957
-0.304079
-0.305395
-0.305903
-0.305596
-0.304471
-0.30253
-0.299766
-0.29618
-0.291775
-0.286551
-0.280514
-0.273669
-0.266015
-0.257568
-0.248338
-0.238339
-0.227583
-0.216094
-0.203891
-0.191001
-0.177448
-0.163268
-0.148498
-0.133179
-0.117364
-0.10111
-0.0844731
-0.0675312
-0.0503689
-0.0330737
-0.0157455
0.00149916
0.0185299
0.0351968
0.0513273
0.0667241
0.081158
0.0943785
0.106097
0.115979
0.123648
0.12866
0.130481
0.128509
0.121997
0.1101
0.0917951
0.0658624
0.0308352
-0.0150647
-0.0740332
-0.148686
-0.2422
-0.358481
-0.502218
-0.67913
-0.895985
-1.16026
-1.48024
-1.86447
-2.32177
-2.85977
-3.48429
-4.19765
-4.99683
-5.87047
-6.79897
-7.75391
-8.69973
-9.59517
-10.3949
-11.053
-11.5294
-11.7898
-11.809
-0.0593385
-0.0788866
-0.0978578
-0.116234
-0.133996
-0.151133
-0.167636
-0.183483
-0.198669
-0.213174
-0.226992
-0.240097
-0.252483
-0.264141
-0.275056
-0.285222
-0.294627
-0.303254
-0.311093
-0.318135
-0.324374
-0.329797
-0.334393
-0.338159
-0.341079
-0.343145
-0.344355
-0.3447
-0.344171
-0.342767
-0.340482
-0.337316
-0.333266
-0.32833
-0.322501
-0.31579
-0.308202
-0.299733
-0.29039
-0.280187
-0.269134
-0.257242
-0.244532
-0.231023
-0.216743
-0.201714
-0.185967
-0.16954
-0.15247
-0.13481
-0.116612
-0.0979513
-0.0788949
-0.0595306
-0.0399609
-0.0202937
-0.000651687
0.0188245
0.0379683
0.0565919
0.074466
0.0913404
0.106907
0.120822
0.13268
0.142023
0.148284
0.150799
0.148787
0.141275
0.127142
0.104985
0.0731665
0.0295838
-0.0282468
-0.103491
-0.199964
-0.322476
-0.47688
-0.670544
-0.912438
-1.21327
-1.5849
-2.03944
-2.58921
-3.24635
-4.01993
-4.91523
-5.92924
-7.04833
-8.24497
-9.47553
-10.6837
-11.8035
-12.7677
-13.5141
-13.994
-14.1743
-14.0421
-13.6044
-0.0889875
-0.109465
-0.129338
-0.148589
-0.167196
-0.185149
-0.202425
-0.219024
-0.234923
-0.25011
-0.264566
-0.278275
-0.291232
-0.30342
-0.314832
-0.325452
-0.335268
-0.344258
-0.352417
-0.35974
-0.366208
-0.37181
-0.376539
-0.380383
-0.383329
-0.385366
-0.386488
-0.386686
-0.385954
-0.384281
-0.381663
-0.378101
-0.373586
-0.36811
-0.361668
-0.35427
-0.345917
-0.336607
-0.326337
-0.315115
-0.302955
-0.289867
-0.27586
-0.260956
-0.245181
-0.228553
-0.2111
-0.192853
-0.173848
-0.15413
-0.133759
-0.112789
-0.0912997
-0.0693767
-0.0471204
-0.0246441
-0.00206937
0.020456
0.0427627
0.0646431
0.0858676
0.106165
0.125206
0.142608
0.157925
0.170627
0.180063
0.185463
0.185905
0.180235
0.167075
0.14467
0.110958
0.0632521
-0.00172051
-0.0881972
-0.201433
-0.348168
-0.536838
-0.778493
-1.08685
-1.47813
-1.96891
-2.57643
-3.31815
-4.21123
-5.27145
-6.50686
-7.91141
-9.45805
-11.0949
-12.7447
-14.3107
-15.6874
-16.7746
-17.4904
-17.7831
-17.6365
-17.0689
-16.1279
-0.120838
-0.142303
-0.163135
-0.183315
-0.202826
-0.221641
-0.239754
-0.25715
-0.273816
-0.289735
-0.30488
-0.31925
-0.332827
-0.345597
-0.357546
-0.368665
-0.37893
-0.388327
-0.396858
-0.404495
-0.411233
-0.417054
-0.421949
-0.425903
-0.428904
-0.430941
-0.432004
-0.432079
-0.431164
-0.429242
-0.426312
-0.422366
-0.417389
-0.411377
-0.404327
-0.396241
-0.387114
-0.376944
-0.365722
-0.353454
-0.340151
-0.325813
-0.310448
-0.294073
-0.276711
-0.258377
-0.239093
-0.218879
-0.197767
-0.175799
-0.15302
-0.129482
-0.105249
-0.0804107
-0.0550621
-0.0293056
-0.00326293
0.0229275
0.0490911
0.0750417
0.100544
0.125321
0.149045
0.171332
0.191717
0.209647
0.224437
0.235262
0.241107
0.240721
0.232552
0.214632
0.18451
0.139088
0.0743416
-0.0148341
-0.135131
-0.295234
-0.506519
-0.784294
-1.14763
-1.6168
-2.21157
-2.95262
-3.86544
-4.97916
-6.32342
-7.91618
-9.74986
-11.7823
-13.9303
-16.0729
-18.0598
-19.7411
-20.9832
-21.691
-21.8152
-21.3585
-20.3725
-18.947
-0.155001
-0.177521
-0.199371
-0.220533
-0.240996
-0.260736
-0.27974
-0.298001
-0.315491
-0.332187
-0.348083
-0.363169
-0.377422
-0.390815
-0.403351
-0.415016
-0.42578
-0.435639
-0.444577
-0.45258
-0.459629
-0.465709
-0.470808
-0.474914
-0.478009
-0.48008
-0.481115
-0.481105
-0.480035
-0.477896
-0.474678
-0.470368
-0.464951
-0.458425
-0.45078
-0.44201
-0.432114
-0.421081
-0.408902
-0.395575
-0.381101
-0.36548
-0.348718
-0.330819
-0.311797
-0.291668
-0.270445
-0.248141
-0.224778
-0.200388
-0.175006
-0.148675
-0.121445
-0.0933838
-0.0645717
-0.0351078
-0.00509876
0.025328
0.056015
0.0867857
0.117438
0.147718
0.177306
0.205841
0.232885
0.2579
0.280224
0.299052
0.313368
0.321903
0.323069
0.314852
0.294657
0.259154
0.203997
0.123464
0.00995653
-0.146508
-0.359746
-0.648763
-1.03501
-1.53708
-2.17265
-2.96702
-3.96038
-5.20389
-6.74688
-8.61765
-10.8051
-13.2488
-15.8361
-18.411
-20.7518
-22.6828
-24.0472
-24.7529
-24.7614
-24.0929
-22.825
-21.0766
-0.191581
-0.215214
-0.238147
-0.260363
-0.281843
-0.302567
-0.32253
-0.341698
-0.360067
-0.377613
-0.394318
-0.410172
-0.425143
-0.439222
-0.452403
-0.464668
-0.475988
-0.486357
-0.495756
-0.504167
-0.511572
-0.517959
-0.523316
-0.527618
-0.53085
-0.532999
-0.534054
-0.533999
-0.532815
-0.530496
-0.527025
-0.522387
-0.516565
-0.509554
-0.50134
-0.491913
-0.481265
-0.469386
-0.456263
-0.44188
-0.426234
-0.409327
-0.391144
-0.371691
-0.350967
-0.328986
-0.305751
-0.281265
-0.255544
-0.228603
-0.200466
-0.171159
-0.140721
-0.109197
-0.076648
-0.043147
-0.00877817
0.0263368
0.0620984
0.0983466
0.134891
0.171526
0.20798
0.243932
0.278997
0.312696
0.344429
0.373471
0.3989
0.419542
0.433916
0.440121
0.435697
0.417389
0.38099
0.320779
0.229122
0.0957585
-0.0942686
-0.360205
-0.719167
-1.18159
-1.76357
-2.50409
-3.46619
-4.71885
-6.31807
-8.28625
-10.5979
-13.1762
-15.8939
-18.7758
-21.2121
-23.1945
-24.5863
-25.2867
-25.2662
-24.5616
-23.2584
-21.4791
-0.230692
-0.255504
-0.279579
-0.302912
-0.325482
-0.347267
-0.368233
-0.388383
-0.407698
-0.426149
-0.443723
-0.460392
-0.476142
-0.490972
-0.504868
-0.517785
-0.529713
-0.540646
-0.550564
-0.559444
-0.567262
-0.574015
-0.579672
-0.584221
-0.587646
-0.589927
-0.591055
-0.591002
-0.589759
-0.58731
-0.583635
-0.578713
-0.572535
-0.565085
-0.556346
-0.546303
-0.534944
-0.522257
-0.508217
-0.492807
-0.476019
-0.457836
-0.438245
-0.417243
-0.394817
-0.370962
-0.345682
-0.318972
-0.290832
-0.261267
-0.230283
-0.197891
-0.164107
-0.128959
-0.0924783
-0.0547098
-0.0157265
0.0244087
0.0655965
0.107735
0.150698
0.19429
0.238316
0.282507
0.326537
0.37001
0.412425
0.453178
0.491471
0.526292
0.556349
0.579996
0.595063
0.598659
0.586972
0.554862
0.495414
0.399088
0.2516
0.0372338
-0.252543
-0.624237
-1.10453
-1.75183
-2.63477
-3.80875
-5.31373
-7.15889
-9.32192
-11.7346
-14.2799
-16.8055
-19.0944
-20.9769
-22.3189
-23.0332
-23.1004
-22.5585
-21.483
-19.9746
-0.272447
-0.298502
-0.323798
-0.348316
-0.372044
-0.394941
-0.416991
-0.438187
-0.458511
-0.477936
-0.496432
-0.513989
-0.530592
-0.546238
-0.560894
-0.57453
-0.587128
-0.598684
-0.609185
-0.618592
-0.626885
-0.634054
-0.640082
-0.644946
-0.648624
-0.651101
-0.652355
-0.652371
-0.651132
-0.64862
-0.644801
-0.639654
-0.633178
-0.625352
-0.616155
-0.605556
-0.593542
-0.580097
-0.565192
-0.548812
-0.530932
-0.511525
-0.490576
-0.468066
-0.443972
-0.41828
-0.390979
-0.362057
-0.331503
-0.299304
-0.265451
-0.229939
-0.192767
-0.153935
-0.113451
-0.0713355
-0.0276177
0.0176673
0.0644679
0.112716
0.162307
0.213136
0.265042
0.317823
0.371233
0.424943
0.478545
0.53154
0.583262
0.632847
0.679192
0.72086
0.755979
0.782005
0.79555
0.792037
0.76544
0.707057
0.604054
0.444594
0.221752
-0.0812997
-0.506051
-1.10192
-1.89916
-2.93277
-4.21632
-5.76244
-7.55977
-9.55311
-11.649
-13.7319
-15.6601
-17.288
-18.5041
-19.2383
-19.4673
-19.2093
-18.5102
-17.4391
-0.316969
-0.344348
-0.370928
-0.396711
-0.421657
-0.445735
-0.468939
-0.491249
-0.512653
-0.533114
-0.552608
-0.571118
-0.588646
-0.605168
-0.620657
-0.635077
-0.648414
-0.660668
-0.671809
-0.681805
-0.690633
-0.698297
-0.704763
-0.71001
-0.714011
-0.716751
-0.718204
-0.718363
-0.717209
-0.714703
-0.710812
-0.705522
-0.698824
-0.690704
-0.681126
-0.670046
-0.657451
-0.643328
-0.627643
-0.610369
-0.591475
-0.570929
-0.548705
-0.524771
-0.499098
-0.471656
-0.442421
-0.411366
-0.378472
-0.34371
-0.307056
-0.268485
-0.227979
-0.185515
-0.141079
-0.0946598
-0.0462559
0.0041304
0.0564848
0.110774
0.166956
0.224953
0.284651
0.34591
0.408539
0.472285
0.536803
0.601631
0.6662
0.72973
0.791193
0.849256
0.902146
0.947412
0.981832
1.00091
0.99886
0.967128
0.893482
0.765867
0.569193
0.274587
-0.150689
-0.714803
-1.4214
-2.28113
-3.31649
-4.54243
-5.95101
-7.50382
-9.14245
-10.7877
-12.3428
-13.7091
-14.8005
-15.5577
-15.9537
-15.9829
-15.6626
-15.034
-0.364375
-0.393145
-0.421105
-0.448221
-0.47446
-0.499795
-0.524211
-0.547713
-0.570264
-0.591843
-0.612403
-0.631952
-0.650468
-0.667933
-0.684321
-0.699597
-0.713752
-0.72677
-0.738628
-0.749279
-0.758729
-0.766959
-0.773939
-0.779638
-0.78404
-0.787116
-0.788856
-0.789243
-0.788246
-0.785833
-0.781967
-0.776631
-0.76981
-0.761485
-0.751611
-0.740155
-0.727093
-0.712397
-0.696036
-0.677974
-0.658176
-0.636607
-0.613227
-0.587998
-0.560877
-0.531826
-0.500803
-0.46777
-0.43269
-0.395523
-0.356225
-0.31476
-0.271088
-0.225168
-0.176961
-0.126433
-0.0735541
-0.0183022
0.0393403
0.0993809
0.161803
0.226574
0.293636
0.362878
0.434135
0.507161
0.581662
0.657232
0.733287
0.809031
0.883416
0.955045
1.02202
1.08184
1.13103
1.16479
1.17697
1.15855
1.0972
0.977781
0.777261
0.470028
0.0506447
-0.464672
-1.07379
-1.79464
-2.64904
-3.64541
-4.77604
-6.01885
-7.33463
-8.67191
-9.96719
-11.154
-12.1674
-12.9589
-13.4945
-13.7564
-13.7461
-13.4798
-0.4148
-0.445055
-0.47446
-0.502979
-0.530588
-0.557254
-0.582982
-0.607741
-0.631516
-0.65427
-0.675987
-0.696641
-0.716222
-0.734704
-0.752058
-0.76827
-0.783321
-0.797185
-0.809818
-0.821215
-0.831374
-0.840249
-0.847815
-0.854063
-0.858951
-0.862453
-0.864569
-0.865273
-0.864534
-0.862309
-0.858568
-0.853293
-0.846457
-0.838032
-0.827989
-0.816279
-0.802866
-0.78772
-0.77081
-0.7521
-0.731545
-0.709104
-0.684731
-0.658376
-0.62999
-0.599522
-0.566917
-0.532124
-0.495092
-0.455763
-0.414081
-0.369992
-0.323439
-0.274367
-0.222714
-0.168425
-0.111451
-0.0517432
0.0107396
0.0760211
0.144118
0.215018
0.288684
0.365035
0.443926
0.525151
0.608389
0.693189
0.778941
0.864812
0.94966
1.03199
1.10969
1.18
1.2391
1.28201
1.30213
1.29029
1.23437
1.11653
0.913778
0.613861
0.228199
-0.230413
-0.770675
-1.4143
-2.17156
-3.04353
-4.02302
-5.09563
-6.23795
-7.41466
-8.58217
-9.69
-10.6895
-11.5372
-12.1997
-12.6532
-12.885
-12.8947
-0.468397
-0.500213
-0.531127
-0.561124
-0.590178
-0.618271
-0.645385
-0.671489
-0.696564
-0.720576
-0.743506
-0.765353
-0.786074
-0.805647
-0.824055
-0.841288
-0.857313
-0.872083
-0.885587
-0.897828
-0.908767
-0.918366
-0.926616
-0.933499
-0.938967
-0.942999
-0.945595
-0.946713
-0.946324
-0.944398
-0.940898
-0.935805
-0.929079
-0.920688
-0.9106
-0.898769
-0.885155
-0.869722
-0.852429
-0.833237
-0.8121
-0.788972
-0.763799
-0.736527
-0.707102
-0.67546
-0.641534
-0.605262
-0.566578
-0.525415
-0.481698
-0.435356
-0.386322
-0.334521
-0.279878
-0.222322
-0.161789
-0.0982114
-0.031536
0.0382788
0.111265
0.187425
0.266732
0.349114
0.434438
0.522483
0.612912
0.705241
0.798808
0.892718
0.985752
1.07628
1.16202
1.24009
1.30649
1.35615
1.38229
1.37637
1.32653
1.21502
1.02421
0.750206
0.40099
-0.0235221
-0.533624
-1.14211
-1.85265
-2.66525
-3.57666
-4.57834
-5.65266
-6.77411
-7.90863
-9.01749
-10.0603
-10.9977
-11.7955
-12.4252
-12.8661
-13.1071
-0.525282
-0.558733
-0.591252
-0.622822
-0.653415
-0.683003
-0.711568
-0.739097
-0.765553
-0.790905
-0.815154
-0.838259
-0.860194
-0.88095
-0.900503
-0.918829
-0.935892
-0.951666
-0.966144
-0.979304
-0.991098
-1.00152
-1.01056
-1.01818
-1.02432
-1.02897
-1.03215
-1.0338
-1.03388
-1.03237
-1.02924
-1.02445
-1.01797
-1.00976
-0.99978
-0.98799
-0.974345
-0.958801
-0.941317
-0.921843
-0.900335
-0.876741
-0.851004
-0.823067
-0.792867
-0.760335
-0.725401
-0.687987
-0.648017
-0.605407
-0.560079
-0.51195
-0.460935
-0.406945
-0.349896
-0.289705
-0.22629
-0.159581
-0.0895149
-0.0160403
0.0608717
0.141232
0.225014
0.312148
0.402491
0.495803
0.591739
0.68978
0.789224
0.889111
0.988151
1.08463
1.1763
1.26018
1.33233
1.38769
1.41985
1.42095
1.37966
1.2806
1.10962
0.860088
0.530455
0.117655
-0.383441
-0.978243
-1.67065
-2.46465
-3.36064
-4.35171
-5.42419
-6.55789
-7.72665
-8.89746
-10.0343
-11.1014
-12.0631
-12.8871
-13.5459
-14.0194
-0.585593
-0.620773
-0.654991
-0.688227
-0.720441
-0.751598
-0.781703
-0.810734
-0.838649
-0.865437
-0.891075
-0.915526
-0.938767
-0.960793
-0.981569
-1.00106
-1.01925
-1.03613
-1.05166
-1.06582
-1.07858
-1.08993
-1.09985
-1.10829
-1.11521
-1.12062
-1.12448
-1.12677
-1.12745
-1.12648
-1.12384
-1.1195
-1.11341
-1.10553
-1.09583
-1.08426
-1.07078
-1.05533
-1.03786
-1.01834
-0.996704
-0.972904
-0.946878
-0.918565
-0.887903
-0.854818
-0.819227
-0.781054
-0.740212
-0.696617
-0.650171
-0.600788
-0.548372
-0.492833
-0.434071
-0.371993
-0.306514
-0.237551
-0.165044
-0.0889438
-0.00922103
0.0741288
0.161071
0.251514
0.345312
0.442211
0.541826
0.643614
0.746845
0.850531
0.953355
1.05359
1.14897
1.23658
1.31267
1.37245
1.40996
1.41777
1.38579
1.30111
1.14927
0.916549
0.593996
0.180245
-0.324149
-0.922987
-1.62361
-2.43286
-3.35272
-4.37894
-5.50164
-6.70419
-7.96394
-9.25317
-10.5396
-11.7875
-12.9598
-14.0192
-14.9306
-15.6633
-0.649489
-0.686484
-0.722489
-0.757467
-0.791371
-0.824196
-0.855945
-0.886565
-0.916034
-0.944325
-0.971437
-0.997324
-1.02196
-1.04533
-1.0674
-1.08814
-1.10757
-1.12564
-1.14231
-1.15758
-1.17142
-1.18379
-1.19467
-1.20405
-1.21187
-1.21814
-1.22281
-1.22585
-1.22725
-1.22697
-1.22496
-1.22121
-1.21566
-1.20829
-1.19905
-1.18789
-1.17476
-1.15963
-1.14242
-1.12311
-1.10162
-1.0779
-1.0519
-1.02354
-0.992762
-0.959495
-0.923654
-0.885159
-0.843917
-0.799836
-0.752824
-0.702784
-0.649619
-0.593235
-0.533531
-0.47041
-0.403779
-0.333561
-0.259691
-0.182132
-0.100853
-0.0158726
0.072758
0.164938
0.26049
0.359136
0.460455
0.563898
0.668693
0.773821
0.877962
0.9794
1.07591
1.16468
1.24212
1.30373
1.34397
1.35579
1.33041
1.25664
1.11887
0.898007
0.579562
0.159734
-0.360142
-0.983063
-1.71802
-2.57345
-3.55269
-4.65358
-5.86912
-7.18613
-8.58635
-10.0448
-11.5313
-13.0095
-14.4393
-15.7786
-16.9833
-18.0118
-0.717114
-0.756029
-0.793891
-0.830682
-0.866379
-0.900978
-0.934439
-0.966745
-0.997852
-1.02775
-1.05641
-1.08381
-1.10991
-1.13471
-1.15818
-1.1803
-1.20104
-1.22039
-1.2383
-1.25476
-1.26976
-1.28325
-1.29522
-1.30564
-1.31449
-1.32172
-1.32732
-1.33126
-1.33351
-1.33404
-1.33282
-1.3298
-1.32497
-1.31827
-1.30967
-1.29913
-1.28658
-1.272
-1.25531
-1.23648
-1.21542
-1.19211
-1.16646
-1.13842
-1.10793
-1.07489
-1.03924
-1.0009
-0.95977
-0.915762
-0.868783
-0.818739
-0.765533
-0.709069
-0.649253
-0.58599
-0.519196
-0.448794
-0.374721
-0.296949
-0.21548
-0.13033
-0.0415793
0.0506386
0.146118
0.244545
0.345481
0.448322
0.552278
0.656315
0.759094
0.858888
0.953509
1.04021
1.11557
1.17532
1.21416
1.2254
1.20109
1.13112
1.00035
0.788154
0.475067
0.0503205
-0.489833
-1.14978
-1.93713
-2.85912
-3.91989
-5.11853
-6.45121
-7.90873
-9.47494
-11.13
-12.8443
-14.5833
-16.3035
-17.9579
-19.4945
-20.8612
-0.788612
-0.829517
-0.869343
-0.908063
-0.945654
-0.982096
-1.01736
-1.05143
-1.08426
-1.11584
-1.14615
-1.17515
-1.20282
-1.22914
-1.2541
-1.27767
-1.29982
-1.32053
-1.33978
-1.35754
-1.3738
-1.38852
-1.40168
-1.41326
-1.42323
-1.43155
-1.43821
-1.44318
-1.44642
-1.44791
-1.44761
-1.44551
-1.44156
-1.43572
-1.42795
-1.41823
-1.40649
-1.3927
-1.37679
-1.35872
-1.33842
-1.31584
-1.29091
-1.26358
-1.23377
-1.20142
-1.16644
-1.12877
-1.08831
-1.04497
-0.998673
-0.94932
-0.896827
-0.841099
-0.782055
-0.719605
-0.653678
-0.584209
-0.511151
-0.434485
-0.354234
-0.270446
-0.183218
-0.0927186
0.0007995
0.0969881
0.195368
0.295295
0.395931
0.496211
0.594775
0.689899
0.779403
0.86057
0.930037
0.983718
1.01648
1.02196
0.992539
0.918829
0.787583
0.579919
0.274042
-0.148713
-0.700814
-1.39076
-2.22585
-3.21176
-4.35166
-5.64595
-7.0925
-8.68561
-10.4116
-12.2559
-14.1936
-16.1901
-18.2019
-20.1766
-22.0538
-23.7689
-0.864142
-0.907138
-0.949022
-0.989761
-1.02933
-1.06771
-1.10487
-1.14079
-1.17544
-1.20879
-1.24083
-1.27152
-1.30085
-1.3288
-1.35533
-1.38043
-1.40408
-1.42626
-1.44693
-1.46609
-1.48371
-1.49976
-1.51422
-1.52706
-1.53827
-1.54781
-1.55566
-1.56178
-1.56615
-1.56875
-1.56955
-1.56851
-1.56561
-1.56081
-1.55408
-1.54539
-1.53469
-1.52194
-1.50707
-1.49005
-1.47083
-1.44932
-1.42549
-1.39926
-1.37058
-1.33937
-1.30558
-1.26912
-1.22991
-1.18788
-1.14295
-1.09503
-1.04405
-0.989915
-0.932566
-0.871928
-0.807938
-0.740561
-0.66977
-0.595564
-0.517986
-0.43712
-0.353099
-0.266111
-0.17646
-0.0845433
0.00911168
0.103817
0.19868
0.292597
0.384166
0.471624
0.552809
0.625021
0.684953
0.728588
0.750971
0.746023
0.706386
0.623248
0.485398
0.277235
-0.0217525
-0.434056
-0.979454
-1.67297
-2.52535
-3.54353
-4.7308
-6.08766
-7.61234
-9.30077
-11.1441
-13.1286
-15.2356
-17.4327
-19.6713
-21.8974
-24.043
-26.0327
-0.943875
-0.98906
-1.03309
-1.07594
-1.11758
-1.15799
-1.19713
-1.23499
-1.27155
-1.30676
-1.34062
-1.37311
-1.40418
-1.43383
-1.46203
-1.48877
-1.51401
-1.53774
-1.55994
-1.58058
-1.59966
-1.61714
-1.633
-1.64722
-1.65978
-1.67065
-1.6798
-1.68722
-1.69286
-1.69672
-1.69876
-1.69896
-1.69729
-1.69372
-1.68824
-1.68079
-1.67135
-1.65989
-1.64633
-1.63066
-1.61281
-1.59272
-1.57035
-1.54564
-1.51852
-1.48895
-1.45685
-1.42216
-1.38482
-1.34475
-1.30188
-1.25616
-1.20751
-1.15586
-1.10116
-1.04336
-0.982427
-0.918327
-0.851066
-0.780689
-0.707259
-0.63089
-0.551754
-0.470084
-0.386213
-0.300583
-0.213783
-0.12655
-0.0398286
0.0452296
0.127184
0.204235
0.274203
0.334405
0.381601
0.411861
0.420414
0.401495
0.348125
0.252078
0.103607
-0.109718
-0.404604
-0.801887
-1.32364
-1.98999
-2.81702
-3.81577
-4.99224
-6.3481
-7.88216
-9.59116
-11.4677
-13.4982
-15.6625
-17.9296
-20.2543
-22.5783
-24.8304
-26.9301
-1.02797
-1.07544
-1.12172
-1.16677
-1.21057
-1.2531
-1.29433
-1.33422
-1.37277
-1.40994
-1.44572
-1.48007
-1.51298
-1.54442
-1.57439
-1.60284
-1.62977
-1.65515
-1.67896
-1.70119
-1.72182
-1.74082
-1.75818
-1.77388
-1.7879
-1.80021
-1.81079
-1.81963
-1.82668
-1.83195
-1.83539
-1.83699
-1.83673
-1.83458
-1.83053
-1.82455
-1.8166
-1.80665
-1.79468
-1.78063
-1.76446
-1.74614
-1.7256
-1.70279
-1.67769
-1.65022
-1.62033
-1.58798
-1.55311
-1.51566
-1.47558
-1.43282
-1.38732
-1.33905
-1.28797
-1.23405
-1.17727
-1.11765
-1.0552
-0.990004
-0.922181
-0.851871
-0.779278
-0.704692
-0.628481
-0.551124
-0.473257
-0.395675
-0.319342
-0.245488
-0.175575
-0.111428
-0.0552268
-0.00962156
0.0222221
0.0364966
0.0286593
-0.00670728
-0.0760203
-0.18682
-0.34785
-0.569354
-0.864032
-1.24799
-1.74018
-2.36069
-3.12831
-4.05819
-5.16031
-6.43954
-7.89618
-9.52636
-11.3221
-13.27
-15.3484
-17.5251
-19.7557
-21.984
-24.142
-26.1518
-1.1166
-1.16646
-1.21508
-1.26244
-1.3085
-1.35324
-1.39663
-1.43866
-1.47929
-1.51851
-1.55628
-1.5926
-1.62743
-1.66076
-1.69257
-1.72284
-1.75154
-1.77865
-1.80417
-1.82808
-1.85034
-1.87097
-1.88992
-1.9072
-1.92278
-1.93663
-1.94876
-1.95913
-1.96772
-1.97453
-1.97952
-1.98269
-1.98401
-1.98346
-1.98104
-1.97672
-1.97048
-1.9623
-1.95215
-1.94
-1.92582
-1.90957
-1.89122
-1.87072
-1.84804
-1.82314
-1.79598
-1.76651
-1.73471
-1.70053
-1.66394
-1.6249
-1.5834
-1.53942
-1.49291
-1.4439
-1.3924
-1.33843
-1.28207
-1.22342
-1.16262
-1.09988
-1.03546
-0.969656
-0.90291
-0.835735
-0.768793
-0.702936
-0.63916
-0.578707
-0.523077
-0.474074
-0.433884
-0.405089
-0.390738
-0.394479
-0.42057
-0.47403
-0.560672
-0.687243
-0.861506
-1.09225
-1.38944
-1.76463
-2.23152
-2.80581
-3.5038
-4.3406
-5.32811
-6.47386
-7.78021
-9.24431
-10.8576
-12.6058
-14.4671
-16.4102
-18.3928
-20.363
-22.2605
-24.0168
-1.20995
-1.2623
-1.31337
-1.36312
-1.41153
-1.45858
-1.50424
-1.54849
-1.5913
-1.63265
-1.67252
-1.71088
-1.74773
-1.78304
-1.81678
-1.84893
-1.87949
-1.90843
-1.93574
-1.9614
-1.9854
-2.00773
-2.02837
-2.04731
-2.06454
-2.08004
-2.09381
-2.10583
-2.11608
-2.12456
-2.13124
-2.13611
-2.13917
-2.14041
-2.1398
-2.13734
-2.13302
-2.12682
-2.11874
-2.10875
-2.09684
-2.08297
-2.06714
-2.04931
-2.02946
-2.00758
-1.98363
-1.95758
-1.92942
-1.89914
-1.86672
-1.83216
-1.79545
-1.7566
-1.71563
-1.67256
-1.62743
-1.58031
-1.53129
-1.48052
-1.42819
-1.37452
-1.31983
-1.26447
-1.20894
-1.15376
-1.09966
-1.04749
-0.998298
-0.953339
-0.914067
-0.882298
-0.860154
-0.850123
-0.855128
-0.878578
-0.924412
-0.997217
-1.10219
-1.24525
-1.43312
-1.67327
-1.97396
-2.34385
-2.79234
-3.32988
-3.96776
-4.71716
-5.5877
-6.58599
-7.71487
-8.97231
-10.3509
-11.8367
-13.4086
-15.0382
-16.6893
-18.3165
-19.8678
-21.2872
-1.30822
-1.36317
-1.41678
-1.46903
-1.51989
-1.56933
-1.61735
-1.66391
-1.70899
-1.75256
-1.79461
-1.83512
-1.87406
-1.91142
-1.94717
-1.98131
-2.01381
-2.04465
-2.07383
-2.10133
-2.12714
-2.15126
-2.17366
-2.19434
-2.21331
-2.23055
-2.24606
-2.25982
-2.27184
-2.2821
-2.29058
-2.2973
-2.30224
-2.3054
-2.30676
-2.30635
-2.30414
-2.30014
-2.29434
-2.28675
-2.27737
-2.26617
-2.25317
-2.23836
-2.22172
-2.20326
-2.18298
-2.16085
-2.13689
-2.11111
-2.08351
-2.05412
-2.02298
-1.9901
-1.95555
-1.91939
-1.8817
-1.84256
-1.80213
-1.76057
-1.71809
-1.675
-1.63161
-1.58835
-1.54572
-1.50433
-1.46492
-1.42835
-1.39571
-1.36822
-1.34736
-1.33482
-1.33268
-1.34331
-1.36942
-1.41421
-1.48127
-1.57469
-1.69906
-1.85952
-2.06173
-2.31186
-2.61667
-2.98308
-3.41798
-3.92818
-4.52039
-5.20104
-5.9757
-6.84791
-7.81819
-8.88341
-10.036
-11.2631
-12.5463
-13.8608
-15.176
-16.4554
-17.6578
-18.7389
-1.41161
-1.46925
-1.52551
-1.58035
-1.63376
-1.68571
-1.73618
-1.78514
-1.83257
-1.87845
-1.92277
-1.9655
-2.00661
-2.04611
-2.08396
-2.12015
-2.15467
-2.18749
-2.21861
-2.24803
-2.27573
-2.3017
-2.32594
-2.34845
-2.36923
-2.38828
-2.4056
-2.42119
-2.43505
-2.44718
-2.45758
-2.46625
-2.47318
-2.4784
-2.48189
-2.48366
-2.48373
-2.4821
-2.47879
-2.47382
-2.4672
-2.45893
-2.44904
-2.43754
-2.42446
-2.4098
-2.39359
-2.37586
-2.35661
-2.33589
-2.31372
-2.29016
-2.26529
-2.23917
-2.2119
-2.18357
-2.1543
-2.12425
-2.09356
-2.06246
-2.03122
-2.00014
-1.96962
-1.94009
-1.91209
-1.88628
-1.86341
-1.84438
-1.83026
-1.82227
-1.82182
-1.8306
-1.85053
-1.88383
-1.93304
-2.00102
-2.09102
-2.20671
-2.35204
-2.53139
-2.74949
-3.01132
-3.32213
-3.68729
-4.11203
-4.60118
-5.15871
-5.78765
-6.48984
-7.26551
-8.11253
-9.02599
-9.99724
-11.0137
-12.0584
-13.1102
-14.1435
-15.1291
-16.0349
-16.8273
-1.52032
-1.58076
-1.63977
-1.69731
-1.75337
-1.80791
-1.86093
-1.91238
-1.96226
-2.01054
-2.0572
-2.10222
-2.1456
-2.18731
-2.22733
-2.26564
-2.30225
-2.33712
-2.37026
-2.40165
-2.4313
-2.4592
-2.48535
-2.50974
-2.5324
-2.55332
-2.57252
-2.59
-2.60578
-2.61986
-2.63224
-2.64294
-2.65197
-2.65934
-2.66505
-2.66914
-2.67163
-2.67253
-2.67187
-2.6697
-2.66603
-2.66091
-2.65437
-2.64646
-2.63721
-2.62668
-2.61492
-2.60196
-2.58788
-2.57272
-2.55654
-2.53944
-2.52152
-2.5029
-2.48369
-2.46406
-2.44416
-2.42419
-2.40437
-2.38495
-2.36623
-2.34859
-2.33243
-2.31825
-2.30662
-2.29821
-2.29379
-2.29428
-2.30074
-2.31438
-2.33659
-2.36893
-2.41321
-2.47152
-2.54616
-2.63972
-2.75507
-2.89537
-3.06404
-3.26476
-3.50139
-3.77789
-4.09827
-4.46643
-4.88603
-5.3603
-5.89158
-6.48109
-7.1285
-7.83159
-8.58613
-9.38547
-10.2202
-11.0777
-11.9425
-12.7954
-13.6148
-14.3765
-15.0549
-15.6243
-1.63459
-1.69794
-1.7598
-1.82014
-1.87895
-1.93618
-1.99183
-2.04587
-2.09828
-2.14903
-2.19812
-2.24553
-2.29124
-2.33523
-2.37749
-2.418
-2.45674
-2.49373
-2.52895
-2.56238
-2.59403
-2.62391
-2.65202
-2.67836
-2.70294
-2.72579
-2.74692
-2.76635
-2.78408
-2.80014
-2.81457
-2.82735
-2.83853
-2.84811
-2.85613
-2.86262
-2.86762
-2.87115
-2.87328
-2.87403
-2.87349
-2.87168
-2.86868
-2.86457
-2.8594
-2.85327
-2.84623
-2.8384
-2.82985
-2.82068
-2.81098
-2.80088
-2.79053
-2.78006
-2.76966
-2.75953
-2.74988
-2.74097
-2.73307
-2.72647
-2.72153
-2.71869
-2.71838
-2.72116
-2.72763
-2.73848
-2.7545
-2.77662
-2.80589
-2.8435
-2.89079
-2.94929
-3.02066
-3.10675
-3.20977
-3.33195
-3.47584
-3.64413
-3.83971
-4.06563
-4.32493
-4.62067
-4.95587
-5.33325
-5.75508
-6.22303
-6.73807
-7.29998
-7.90714
-8.55612
-9.24141
-9.95534
-10.6878
-11.4263
-12.1558
-12.8592
-13.5174
-14.1099
-14.6157
-15.0139
-1.75463
-1.82101
-1.88583
-1.94908
-2.01073
-2.07075
-2.12913
-2.18584
-2.24087
-2.29419
-2.34578
-2.39564
-2.44375
-2.49009
-2.53464
-2.57741
-2.61837
-2.65752
-2.69486
-2.73038
-2.76409
-2.796
-2.8261
-2.85442
-2.88098
-2.90579
-2.92888
-2.95027
-2.96999
-2.98807
-3.00455
-3.01944
-3.03278
-3.04461
-3.05496
-3.06389
-3.07145
-3.07769
-3.08266
-3.08644
-3.08911
-3.09074
-3.09143
-3.09126
-3.09035
-3.08879
-3.08672
-3.08424
-3.08151
-3.07867
-3.07583
-3.07317
-3.07089
-3.06917
-3.06822
-3.06832
-3.06973
-3.07277
-3.07776
-3.08508
-3.09514
-3.10841
-3.12542
-3.14675
-3.17306
-3.20508
-3.24362
-3.28963
-3.34413
-3.40832
-3.48352
-3.57116
-3.67281
-3.79021
-3.92528
-4.08005
-4.25671
-4.45759
-4.68506
-4.94154
-5.22946
-5.55109
-5.90847
-6.30332
-6.73684
-7.20958
-7.72108
-8.2698
-8.85292
-9.46598
-10.1027
-10.7549
-11.4122
-12.062
-12.6899
-13.2797
-13.8141
-14.2749
-14.6441
-14.9045
-1.88071
-1.95022
-2.01811
-2.08437
-2.14897
-2.21188
-2.27309
-2.33256
-2.39028
-2.44624
-2.50042
-2.5528
-2.60337
-2.65212
-2.69904
-2.74411
-2.78732
-2.82869
-2.86819
-2.90585
-2.94165
-2.97562
-3.00775
-3.03808
-3.06663
-3.09341
-3.11848
-3.14185
-3.16356
-3.18366
-3.20217
-3.21916
-3.23466
-3.24871
-3.26139
-3.27275
-3.28286
-3.2918
-3.29964
-3.30647
-3.31239
-3.31751
-3.32194
-3.32581
-3.32924
-3.33239
-3.3354
-3.33847
-3.34174
-3.34543
-3.34972
-3.35483
-3.36099
-3.36844
-3.3775
-3.38844
-3.40161
-3.41739
-3.43618
-3.45842
-3.4846
-3.51526
-3.55098
-3.59244
-3.64034
-3.69548
-3.75871
-3.831
-3.91341
-4.0071
-4.11342
-4.23368
-4.36946
-4.52233
-4.69407
-4.88648
-5.10143
-5.34093
-5.60692
-5.90131
-6.22591
-6.58231
-6.97174
-7.39508
-7.85254
-8.34359
-8.86674
-9.41938
-9.99746
-10.5954
-11.2061
-11.8204
-12.4278
-13.0156
-13.5697
-14.0746
-14.514
-14.8712
-15.13
-15.2755
-2.01309
-2.08584
-2.15692
-2.22629
-2.29394
-2.35983
-2.42396
-2.48628
-2.54679
-2.60547
-2.6623
-2.71727
-2.77038
-2.8216
-2.87092
-2.91834
-2.96386
-3.00747
-3.04917
-3.08898
-3.1269
-3.16294
-3.19713
-3.22947
-3.26002
-3.28878
-3.31581
-3.34115
-3.36482
-3.3869
-3.40743
-3.42647
-3.44408
-3.46031
-3.47525
-3.48898
-3.50159
-3.51316
-3.5238
-3.53363
-3.54277
-3.55135
-3.55951
-3.56741
-3.5752
-3.58307
-3.59124
-3.59988
-3.60924
-3.61957
-3.63113
-3.64418
-3.65902
-3.67596
-3.69536
-3.71761
-3.7431
-3.77226
-3.80561
-3.84366
-3.88698
-3.9362
-3.992
-4.05511
-4.12634
-4.20657
-4.29674
-4.39786
-4.51103
-4.63747
-4.77848
-4.93544
-5.10981
-5.30318
-5.51715
-5.75339
-6.01356
-6.29938
-6.6124
-6.95418
-7.32596
-7.72877
-8.16313
-8.62916
-9.12617
-9.65269
-10.2062
-10.7829
-11.3778
-11.9842
-12.5938
-13.1965
-13.7809
-14.3337
-14.8406
-15.2862
-15.6548
-15.9305
-16.0985
-16.1453
-2.15204
-2.22815
-2.30252
-2.37512
-2.44593
-2.51491
-2.58204
-2.6473
-2.71068
-2.77216
-2.83171
-2.88934
-2.94503
-2.99877
-3.05054
-3.10035
-3.1482
-3.19409
-3.23802
-3.28001
-3.32005
-3.35818
-3.39441
-3.42877
-3.4613
-3.49201
-3.52098
-3.54824
-3.57384
-3.59784
-3.62031
-3.64133
-3.66095
-3.67927
-3.69637
-3.71236
-3.72733
-3.74142
-3.75475
-3.76745
-3.77967
-3.79158
-3.80336
-3.81517
-3.82723
-3.83975
-3.85296
-3.86714
-3.88256
-3.89952
-3.91834
-3.93937
-3.96297
-3.98953
-4.01949
-4.0533
-4.09144
-4.13447
-4.18295
-4.23753
-4.29885
-4.36765
-4.44472
-4.53093
-4.62718
-4.73446
-4.85381
-4.98638
-5.13337
-5.29603
-5.47573
-5.6739
-5.89204
-6.13172
-6.39456
-6.68209
-6.99588
-7.33746
-7.70817
-8.10917
-8.54139
-9.00532
-9.50094
-10.0276
-10.5839
-11.1673
-11.7743
-12.4
-13.0378
-13.6799
-14.3165
-14.9363
-15.5264
-16.0726
-16.5594
-16.9709
-17.2909
-17.504
-17.596
-17.5545
-2.29785
-2.37744
-2.45522
-2.53116
-2.60522
-2.67738
-2.74762
-2.81592
-2.88225
-2.9466
-3.00895
-3.0693
-3.12763
-3.18393
-3.23821
-3.29045
-3.34066
-3.38884
-3.43501
-3.47917
-3.52135
-3.56155
-3.5998
-3.63616
-3.67063
-3.70326
-3.7341
-3.76322
-3.79066
-3.8165
-3.84082
-3.86369
-3.88521
-3.90547
-3.92458
-3.94266
-3.95983
-3.97625
-3.99205
-4.00741
-4.0225
-4.03752
-4.05268
-4.06818
-4.08427
-4.10122
-4.11929
-4.13879
-4.16008
-4.1835
-4.20944
-4.23831
-4.27058
-4.30671
-4.3472
-4.39264
-4.4436
-4.50072
-4.56468
-4.63625
-4.71621
-4.80542
-4.90481
-5.01536
-5.13815
-5.27431
-5.42508
-5.5917
-5.77557
-5.97807
-6.20072
-6.44508
-6.71276
-7.0054
-7.32468
-7.6722
-8.04956
-8.4582
-8.89941
-9.37413
-9.88302
-10.4262
-11.0033
-11.6128
-12.2527
-12.9194
-13.608
-14.3123
-15.0242
-15.7339
-16.4297
-17.0982
-17.7247
-18.2931
-18.7864
-19.1874
-19.479
-19.6455
-19.6725
-19.5485
-2.45083
-2.53403
-2.61534
-2.69472
-2.77214
-2.84759
-2.92104
-2.99245
-3.06181
-3.12911
-3.19433
-3.25746
-3.31849
-3.3774
-3.43421
-3.48891
-3.54151
-3.592
-3.64042
-3.68675
-3.73103
-3.77329
-3.81355
-3.85183
-3.8882
-3.92267
-3.95532
-3.9862
-4.01539
-4.04295
-4.06897
-4.09355
-4.11679
-4.13882
-4.15975
-4.17971
-4.19884
-4.21732
-4.23532
-4.25305
-4.27069
-4.28849
-4.30668
-4.32552
-4.34529
-4.36628
-4.38884
-4.41331
-4.4401
-4.46962
-4.50233
-4.53872
-4.57933
-4.62474
-4.67555
-4.73241
-4.79605
-4.86723
-4.94677
-5.03553
-5.13447
-5.24461
-5.36705
-5.50296
-5.65358
-5.82027
-6.00445
-6.20764
-6.43139
-6.6774
-6.94735
-7.24311
-7.56647
-7.91932
-8.30352
-8.72093
-9.1732
-9.66204
-10.1887
-10.7543
-11.3593
-12.0036
-12.6863
-13.4055
-14.1579
-14.939
-15.7423
-16.5594
-17.3801
-18.1921
-18.981
-19.7307
-20.4237
-21.0412
-21.5642
-21.9735
-22.2512
-22.3804
-22.3471
-22.1401
-2.61132
-2.69824
-2.78319
-2.86613
-2.94703
-3.02587
-3.10261
-3.17723
-3.24972
-3.32004
-3.38819
-3.45416
-3.51794
-3.57951
-3.6389
-3.69608
-3.75108
-3.8039
-3.85454
-3.90303
-3.9494
-3.99368
-4.03589
-4.07606
-4.11423
-4.15046
-4.18481
-4.21734
-4.24812
-4.27725
-4.30482
-4.33093
-4.35569
-4.37926
-4.40175
-4.42331
-4.44411
-4.46434
-4.4842
-4.5039
-4.52369
-4.54384
-4.56461
-4.5863
-4.60924
-4.63376
-4.66026
-4.68915
-4.72087
-4.75592
-4.79483
-4.83817
-4.88658
-4.94071
-5.00128
-5.06908
-5.14496
-5.22981
-5.3246
-5.43038
-5.54828
-5.67949
-5.82535
-5.98722
-6.16662
-6.36512
-6.58442
-6.82635
-7.0928
-7.38574
-7.70733
-8.0597
-8.44508
-8.86576
-9.32398
-9.82196
-10.3619
-10.9456
-11.5749
-12.2509
-12.9743
-13.7447
-14.5608
-15.4197
-16.3173
-17.2468
-18.1995
-19.1645
-20.1281
-21.0746
-21.9861
-22.8428
-23.6239
-24.3078
-24.8729
-25.2985
-25.5652
-25.656
-25.5568
-25.2574
-2.77964
-2.87042
-2.95913
-3.04575
-3.13023
-3.21256
-3.2927
-3.37062
-3.4463
-3.51973
-3.59089
-3.65977
-3.72635
-3.79063
-3.85262
-3.91232
-3.96973
-4.02486
-4.07774
-4.12837
-4.1768
-4.22305
-4.26713
-4.30909
-4.34899
-4.38686
-4.42278
-4.45681
-4.48905
-4.51956
-4.54846
-4.57586
-4.6019
-4.62672
-4.65048
-4.67333
-4.69544
-4.71703
-4.73833
-4.75957
-4.78101
-4.80296
-4.82574
-4.84967
-4.87513
-4.90251
-4.93222
-4.96477
-5.00068
-5.04046
-5.08474
-5.13419
-5.18951
-5.25151
-5.321
-5.39888
-5.48616
-5.58389
-5.69321
-5.81536
-5.95166
-6.10357
-6.27266
-6.46058
-6.66909
-6.90013
-7.15574
-7.43812
-7.74955
-8.09253
-8.46962
-8.88359
-9.3372
-9.83331
-10.3749
-10.9647
-11.6055
-12.3001
-13.0504
-13.8582
-14.7239
-15.6471
-16.6256
-17.655
-18.7289
-19.8379
-20.9698
-22.1093
-23.2386
-24.3377
-25.3843
-26.3548
-27.2253
-27.9717
-28.5709
-29.0012
-29.2431
-29.2799
-29.0984
-28.6898
-2.95615
-3.05092
-3.14352
-3.23393
-3.32211
-3.40804
-3.49168
-3.57299
-3.65197
-3.72858
-3.80281
-3.87465
-3.94409
-4.01113
-4.07577
-4.13799
-4.19783
-4.25528
-4.31038
-4.36312
-4.41356
-4.46171
-4.50761
-4.55128
-4.59278
-4.63218
-4.66952
-4.70489
-4.73837
-4.77006
-4.80005
-4.8285
-4.85552
-4.88128
-4.90595
-4.92968
-4.95268
-4.97519
-4.99744
-5.01967
-5.04219
-5.06533
-5.08942
-5.11485
-5.14203
-5.17142
-5.20348
-5.23876
-5.27781
-5.32129
-5.36988
-5.4243
-5.4854
-5.55404
-5.63119
-5.71791
-5.81532
-5.92466
-6.04725
-6.18456
-6.33819
-6.50978
-6.70122
-6.91448
-7.1517
-7.41519
-7.70747
-8.03113
-8.38908
-8.78434
-9.22018
-9.69997
-10.2274
-10.806
-11.4398
-12.1324
-12.8877
-13.7088
-14.5987
-15.5589
-16.59
-17.6903
-18.8556
-20.0789
-21.3499
-22.6548
-23.9761
-25.2936
-26.5843
-27.8233
-28.985
-30.0431
-30.9721
-31.7476
-32.3467
-32.7488
-32.9357
-32.8924
-32.6071
-32.0725
-3.14123
-3.24011
-3.33673
-3.43106
-3.52306
-3.6127
-3.69993
-3.78473
-3.86709
-3.94697
-4.02435
-4.09922
-4.17158
-4.24142
-4.30873
-4.37352
-4.4358
-4.49557
-4.55286
-4.60769
-4.66009
-4.71009
-4.75771
-4.80299
-4.84598
-4.88674
-4.92535
-4.96188
-4.9964
-5.02901
-5.05984
-5.08902
-5.1167
-5.14303
-5.1682
-5.19239
-5.21581
-5.2387
-5.26131
-5.28392
-5.30685
-5.33045
-5.35508
-5.38115
-5.40913
-5.43952
-5.47286
-5.50971
-5.55073
-5.59661
-5.64813
-5.70612
-5.77147
-5.84519
-5.92837
-6.0222
-6.12799
-6.24714
-6.3812
-6.53187
-6.70096
-6.89047
-7.10256
-7.33961
-7.60415
-7.899
-8.22714
-8.5918
-8.99653
-9.44511
-9.94153
-10.4902
-11.0957
-11.7629
-12.4965
-13.3016
-14.1828
-15.1442
-16.1888
-17.3177
-18.5298
-19.8207
-21.1826
-22.6032
-24.0666
-25.5523
-27.0373
-28.4955
-29.9007
-31.2246
-32.441
-33.5239
-34.4495
-35.1958
-35.743
-36.0732
-36.1712
-36.0237
-35.6207
-34.9555
-3.33525
-3.43839
-3.53917
-3.63754
-3.73347
-3.82693
-3.91787
-4.00627
-4.09209
-4.17532
-4.25593
-4.33391
-4.40924
-4.48192
-4.55195
-4.61933
-4.68406
-4.74616
-4.80563
-4.86251
-4.91682
-4.96859
-5.01785
-5.06464
-5.10899
-5.15098
-5.19067
-5.22813
-5.26347
-5.29677
-5.32814
-5.35772
-5.3857
-5.41221
-5.43743
-5.46159
-5.48488
-5.50755
-5.5299
-5.55219
-5.57476
-5.59798
-5.62224
-5.648
-5.67574
-5.70598
-5.73934
-5.77644
-5.81798
-5.86474
-5.91755
-5.97733
-6.04509
-6.12194
-6.20909
-6.30788
-6.41976
-6.54635
-6.68942
-6.85088
-7.03285
-7.23764
-7.46777
-7.72601
-8.01537
-8.33918
-8.70109
-9.10497
-9.55515
-10.0563
-10.6134
-11.232
-11.9177
-12.6769
-13.5153
-14.4391
-15.4537
-16.5629
-17.7689
-19.0703
-20.4622
-21.9348
-23.4735
-25.0591
-26.6685
-28.2753
-29.8516
-31.3694
-32.801
-34.1208
-35.305
-36.332
-37.1829
-37.8403
-38.2889
-38.5142
-38.5034
-38.2446
-37.728
-36.9467
-3.53865
-3.64618
-3.75124
-3.85378
-3.95378
-4.05118
-4.14593
-4.23802
-4.32741
-4.41409
-4.498
-4.57915
-4.65753
-4.73311
-4.8059
-4.8759
-4.94309
-5.00751
-5.06916
-5.12805
-5.18422
-5.2377
-5.2885
-5.33668
-5.38228
-5.42534
-5.46592
-5.50413
-5.54003
-5.57374
-5.60536
-5.63502
-5.6629
-5.68914
-5.71395
-5.73753
-5.76011
-5.78193
-5.80328
-5.82448
-5.84586
-5.86779
-5.89069
-5.91502
-5.94131
-5.97015
-6.00213
-6.03794
-6.07836
-6.12421
-6.17641
-6.23594
-6.30391
-6.38152
-6.47013
-6.57121
-6.68639
-6.81745
-6.96637
-7.13532
-7.32672
-7.5432
-7.78765
-8.06329
-8.37368
-8.72269
-9.1146
-9.55413
-10.0465
-10.5973
-11.2127
-11.8994
-12.6645
-13.5151
-14.4586
-15.5011
-16.6476
-17.9003
-19.2575
-20.7127
-22.2537
-23.8633
-25.5183
-27.193
-28.8587
-30.4872
-32.0506
-33.5234
-34.8829
-36.1086
-37.1829
-38.0905
-38.8176
-39.3518
-39.6811
-39.7935
-39.6771
-39.3201
-38.7117
-37.8438
-3.75181
-3.86389
-3.97338
-4.08024
-4.18442
-4.28587
-4.38456
-4.48045
-4.57352
-4.66372
-4.75103
-4.83544
-4.91692
-4.99547
-5.07107
-5.14371
-5.2134
-5.28013
-5.34395
-5.40485
-5.46284
-5.51795
-5.57022
-5.61967
-5.66637
-5.71034
-5.75165
-5.79038
-5.82662
-5.86045
-5.89198
-5.92137
-5.94876
-5.97431
-5.99818
-6.02063
-6.04187
-6.06215
-6.08177
-6.10104
-6.12029
-6.13993
-6.16038
-6.18211
-6.20567
-6.23165
-6.2607
-6.29356
-6.33101
-6.37395
-6.42334
-6.48025
-6.54589
-6.62154
-6.70867
-6.80889
-6.92396
-7.05588
-7.20681
-7.37916
-7.57564
-7.7992
-8.05315
-8.34113
-8.66725
-9.03596
-9.45229
-9.92183
-10.4507
-11.0455
-11.7137
-12.4631
-13.3019
-14.2381
-15.2788
-16.4294
-17.6919
-19.0634
-20.5358
-22.0941
-23.7174
-25.3805
-27.055
-28.7126
-30.326
-31.8704
-33.3241
-34.6681
-35.8866
-36.9653
-37.8923
-38.6567
-39.2488
-39.6587
-39.8761
-39.8898
-39.6874
-39.2565
-38.5852
-37.6648
-3.9752
-4.09197
-4.20604
-4.31735
-4.42584
-4.53148
-4.63422
-4.73404
-4.83087
-4.92471
-5.01551
-5.10326
-5.18792
-5.26949
-5.34796
-5.4233
-5.4955
-5.56459
-5.63057
-5.69344
-5.75322
-5.80992
-5.86356
-5.9142
-5.96186
-6.00659
-6.04844
-6.0875
-6.12381
-6.15749
-6.18864
-6.21739
-6.24389
-6.26827
-6.29073
-6.31147
-6.33072
-6.34875
-6.36584
-6.38229
-6.39846
-6.41474
-6.43156
-6.44943
-6.46887
-6.49047
-6.51492
-6.54297
-6.57546
-6.61328
-6.65747
-6.70916
-6.76959
-6.84019
-6.92247
-7.01818
-7.12923
-7.25775
-7.40611
-7.57694
-7.7732
-7.9982
-8.25559
-8.5495
-8.88451
-9.26569
-9.69883
-10.1903
-10.7472
-11.3772
-12.0888
-12.8906
-13.7913
-14.7983
-15.9171
-17.1493
-18.4908
-19.9309
-21.4523
-23.0314
-24.6414
-26.2543
-27.8434
-29.3854
-30.8604
-32.2513
-33.5435
-34.7245
-35.7828
-36.7083
-37.4916
-38.1242
-38.598
-38.9039
-39.0326
-38.9719
-38.7095
-38.2326
-37.529
-36.591
-4.20926
-4.3309
-4.44969
-4.56557
-4.67853
-4.7885
-4.89542
-4.99926
-5.1
-5.19758
-5.29196
-5.38312
-5.47106
-5.55574
-5.63713
-5.7152
-5.78998
-5.86145
-5.92959
-5.99443
-6.05597
-6.11421
-6.16917
-6.22089
-6.26941
-6.31476
-6.35699
-6.39615
-6.43232
-6.46559
-6.49605
-6.5238
-6.54899
-6.57177
-6.5923
-6.61077
-6.6274
-6.64245
-6.6562
-6.66895
-6.68104
-6.69287
-6.70486
-6.71751
-6.73135
-6.74699
-6.76507
-6.78638
-6.81175
-6.84213
-6.87854
-6.92217
-6.97432
-7.03644
-7.11017
-7.19731
-7.29989
-7.42018
-7.56071
-7.72432
-7.9142
-8.13394
-8.38754
-8.67951
-9.01496
-9.39957
-9.83979
-10.3427
-10.9161
-11.5688
-12.3095
-13.1472
-14.0893
-15.1413
-16.3038
-17.5715
-18.9321
-20.3658
-21.8481
-23.3523
-24.8524
-26.3263
-27.7563
-29.1278
-30.429
-31.6489
-32.7772
-33.8036
-34.7184
-35.5126
-36.1782
-36.7073
-37.0923
-37.3248
-37.395
-37.291
-37.0006
-36.5112
-35.8123
-34.8977
-4.45447
-4.58112
-4.70478
-4.82542
-4.94298
-5.05741
-5.16864
-5.27665
-5.38139
-5.48283
-5.5809
-5.6756
-5.7669
-5.85475
-5.93913
-6.02003
-6.09742
-6.17129
-6.24164
-6.30845
-6.37174
-6.43149
-6.48774
-6.54047
-6.58974
-6.6356
-6.67804
-6.71712
-6.75294
-6.78553
-6.815
-6.84145
-6.86496
-6.88569
-6.9038
-6.91942
-6.93281
-6.9442
-6.95381
-6.96197
-6.969
-6.97526
-6.9812
-6.98728
-6.99402
-7.002
-7.0119
-7.02446
-7.04051
-7.06099
-7.08694
-7.11955
-7.16013
-7.2102
-7.27138
-7.34558
-7.43488
-7.54166
-7.66857
-7.81859
-7.99513
-8.20197
-8.44343
-8.72437
-9.05032
-9.42743
-9.86268
-10.3638
-10.9391
-11.5976
-12.3477
-13.197
-14.1504
-15.2079
-16.3635
-17.6031
-18.9064
-20.2489
-21.6057
-22.9552
-24.281
-25.5711
-26.8173
-28.0118
-29.1468
-30.2131
-31.201
-32.1007
-32.9031
-33.5999
-34.1839
-34.6478
-34.984
-35.1841
-35.2377
-35.1332
-34.8584
-34.4019
-33.7552
-32.9142
-4.7113
-4.84313
-4.97185
-5.09739
-5.2197
-5.33872
-5.45442
-5.56673
-5.67562
-5.78102
-5.8829
-5.98124
-6.076
-6.16712
-6.25459
-6.33836
-6.41843
-6.49478
-6.56735
-6.63617
-6.70121
-6.76248
-6.81998
-6.8737
-6.92365
-6.96988
-7.01243
-7.05129
-7.08654
-7.11825
-7.14646
-7.17126
-7.19276
-7.21104
-7.22625
-7.23855
-7.24809
-7.25512
-7.25985
-7.26258
-7.26359
-7.26323
-7.26189
-7.26005
-7.25819
-7.25688
-7.25674
-7.2585
-7.26295
-7.27104
-7.28378
-7.30232
-7.32799
-7.36226
-7.40679
-7.46348
-7.53446
-7.62214
-7.72924
-7.85885
-8.0145
-8.20011
-8.42022
-8.67995
-8.9851
-9.34218
-9.75848
-10.242
-10.801
-11.4438
-12.1775
-13.0064
-13.9303
-14.9424
-16.0288
-17.1692
-18.3403
-19.5208
-20.6939
-21.8491
-22.9811
-24.0864
-25.1613
-26.2002
-27.1954
-28.1382
-29.0189
-29.8289
-30.5599
-31.2047
-31.7563
-32.2073
-32.549
-32.7718
-32.8641
-32.8137
-32.6083
-32.2377
-31.6945
-30.9771
-4.98027
-5.11746
-5.25139
-5.38198
-5.5092
-5.63299
-5.75329
-5.87004
-5.9832
-6.09271
-6.19853
-6.30063
-6.39895
-6.49345
-6.58409
-6.67083
-6.75367
-6.83254
-6.90742
-6.97828
-7.04512
-7.10792
-7.16667
-7.22135
-7.27195
-7.31852
-7.36104
-7.39958
-7.43414
-7.46474
-7.49146
-7.51437
-7.53351
-7.54899
-7.56091
-7.56937
-7.57454
-7.57661
-7.57577
-7.57226
-7.56636
-7.55837
-7.54864
-7.5376
-7.5257
-7.51348
-7.5015
-7.49045
-7.48109
-7.4743
-7.47106
-7.47248
-7.47984
-7.49455
-7.51826
-7.55281
-7.6003
-7.66315
-7.74407
-7.84619
-7.97303
-8.12864
-8.3176
-8.54517
-8.81725
-9.14049
-9.52214
-9.96983
-10.4912
-11.0928
-11.7785
-12.548
-13.3949
-14.3055
-15.2611
-16.241
-17.2275
-18.2088
-19.1803
-20.1419
-21.095
-22.0394
-22.972
-23.8871
-24.7776
-25.6358
-26.4543
-27.2251
-27.9414
-28.5952
-29.1784
-29.6812
-30.0922
-30.3992
-30.5886
-30.6467
-30.5611
-30.3216
-29.9221
-29.3622
-5.26189
-5.40462
-5.54392
-5.67974
-5.81204
-5.94075
-6.0658
-6.18715
-6.30473
-6.41848
-6.52837
-6.63435
-6.73636
-6.83436
-6.92828
-7.01811
-7.10379
-7.18528
-7.26253
-7.33552
-7.40421
-7.46857
-7.52859
-7.58425
-7.63551
-7.68239
-7.72488
-7.76299
-7.79673
-7.82609
-7.85117
-7.87197
-7.88851
-7.90085
-7.9091
-7.91334
-7.91368
-7.91024
-7.90321
-7.89277
-7.87917
-7.86264
-7.84351
-7.82211
-7.79885
-7.7742
-7.74871
-7.72297
-7.69767
-7.67363
-7.65176
-7.6331
-7.61882
-7.61029
-7.60905
-7.61687
-7.63578
-7.66809
-7.71646
-7.78393
-7.874
-7.99063
-8.1384
-8.32244
-8.54863
-8.8233
-9.1533
-9.54531
-10.0053
-10.5369
-11.1399
-11.8086
-12.5312
-13.2909
-14.07
-14.8547
-15.6379
-16.4199
-17.2054
-17.9998
-18.8063
-19.6249
-20.4531
-21.2867
-22.1204
-22.9489
-23.7659
-24.5638
-25.3341
-26.0661
-26.7479
-27.3654
-27.9035
-28.3462
-28.6773
-28.8818
-28.9467
-28.8626
-28.6246
-28.2329
-5.55668
-5.70513
-5.84999
-5.99123
-6.12878
-6.26256
-6.39253
-6.51863
-6.64077
-6.75892
-6.87302
-6.98303
-7.08887
-7.19049
-7.28782
-7.38084
-7.46948
-7.55369
-7.63342
-7.70864
-7.77926
-7.84527
-7.90662
-7.9633
-8.01526
-8.06246
-8.10492
-8.14259
-8.17546
-8.20354
-8.22684
-8.24536
-8.25912
-8.26814
-8.27243
-8.27211
-8.26721
-8.25783
-8.24409
-8.22614
-8.20414
-8.17831
-8.14887
-8.1161
-8.08033
-8.04197
-8.00147
-7.95935
-7.9162
-7.87276
-7.8298
-7.7883
-7.7493
-7.71405
-7.68398
-7.6607
-7.64612
-7.64241
-7.65208
-7.67799
-7.72347
-7.79235
-7.88897
-8.01823
-8.18554
-8.39675
-8.65762
-8.97342
-9.34746
-9.77998
-10.2667
-10.7977
-11.3593
-11.9371
-12.5209
-13.1076
-13.7016
-14.3114
-14.9461
-15.6126
-16.3144
-17.0524
-17.8265
-18.6351
-19.4751
-20.3416
-21.2273
-22.1217
-23.0119
-23.8824
-24.7156
-25.4926
-26.1938
-26.7997
-27.2925
-27.6565
-27.8792
-27.9529
-27.8742
-27.6446
-5.86518
-6.01953
-6.17013
-6.31695
-6.45992
-6.59897
-6.73404
-6.86504
-6.99192
-7.11462
-7.2331
-7.34729
-7.4571
-7.56247
-7.66336
-7.75972
-7.85144
-7.93849
-8.02084
-8.09839
-8.17106
-8.23881
-8.30162
-8.35943
-8.41213
-8.45974
-8.50221
-8.53948
-8.57151
-8.59831
-8.61981
-8.636
-8.64687
-8.65239
-8.65257
-8.64745
-8.63705
-8.6214
-8.60056
-8.57462
-8.5437
-8.50791
-8.46746
-8.4225
-8.37329
-8.32013
-8.26338
-8.20345
-8.14085
-8.07613
-8.00999
-7.94325
-7.87681
-7.81177
-7.74936
-7.69105
-7.63854
-7.59379
-7.55906
-7.53701
-7.53068
-7.54355
-7.57963
-7.64334
-7.73941
-7.87271
-8.04772
-8.26762
-8.53305
-8.84115
-9.18484
-9.55368
-9.93681
-10.3274
-10.7256
-11.139
-11.5793
-12.059
-12.5882
-13.1744
-13.8227
-14.5367
-15.3188
-16.1689
-17.0835
-18.0553
-19.0724
-20.1192
-21.1764
-22.2227
-23.2348
-24.1891
-25.0628
-25.8351
-26.4875
-27.0054
-27.3784
-27.6006
-27.6711
-27.5929
-6.18793
-6.34837
-6.50492
-6.65752
-6.80607
-6.95054
-7.09087
-7.22696
-7.35877
-7.48619
-7.60919
-7.72771
-7.84166
-7.95096
-8.05558
-8.15541
-8.25039
-8.34046
-8.42554
-8.50556
-8.58043
-8.65008
-8.71448
-8.77351
-8.82712
-8.87524
-8.91783
-8.95482
-8.9861
-9.01164
-9.0314
-9.04531
-9.0533
-9.05531
-9.05133
-9.04132
-9.02526
-9.00314
-8.97496
-8.94076
-8.90054
-8.85438
-8.80235
-8.74458
-8.68122
-8.61245
-8.53849
-8.45965
-8.37629
-8.28887
-8.19788
-8.10396
-8.00785
-7.91045
-7.8128
-7.71615
-7.62191
-7.5318
-7.44779
-7.3722
-7.30768
-7.25729
-7.22447
-7.21301
-7.2268
-7.26953
-7.34409
-7.45173
-7.5911
-7.75768
-7.94461
-8.1448
-8.35461
-8.57697
-8.82163
-9.10307
-9.43653
-9.83523
-10.3102
-10.8704
-11.5236
-12.2759
-13.1302
-14.085
-15.1333
-16.262
-17.453
-18.684
-19.9295
-21.1625
-22.3557
-23.483
-24.5206
-25.4477
-26.2478
-26.9085
-27.422
-27.7849
-27.9979
-28.0653
-6.5255
-6.69221
-6.85488
-7.01342
-7.16777
-7.31787
-7.46364
-7.60501
-7.74188
-7.8742
-8.00192
-8.12495
-8.2432
-8.35661
-8.46511
-8.56861
-8.66702
-8.76027
-8.84827
-8.93092
-9.00818
-9.07992
-9.14605
-9.20651
-9.26119
-9.31003
-9.3529
-9.38975
-9.42046
-9.44493
-9.46308
-9.47483
-9.48005
-9.47864
-9.47056
-9.45572
-9.43403
-9.40542
-9.36985
-9.32724
-9.27757
-9.22083
-9.15696
-9.086
-9.00804
-8.92312
-8.83135
-8.73284
-8.62786
-8.51668
-8.39963
-8.27713
-8.14973
-8.01808
-7.88299
-7.74543
-7.60655
-7.4677
-7.33053
-7.19692
-7.06905
-6.9495
-6.84106
-6.7467
-6.66945
-6.61182
-6.57544
-6.56042
-6.56477
-6.58493
-6.61736
-6.66179
-6.72348
-6.81415
-6.94992
-7.14834
-7.42529
-7.79475
-8.26914
-8.85978
-9.57642
-10.425
-11.4063
-12.514
-13.7349
-15.0493
-16.4321
-17.8549
-19.2872
-20.6987
-22.0605
-23.3461
-24.533
-25.6029
-26.5416
-27.3396
-27.9913
-28.495
-28.852
-29.0669
-6.87842
-7.05161
-7.22059
-7.38527
-7.5456
-7.7015
-7.8529
-7.9997
-8.14185
-8.27926
-8.41187
-8.53961
-8.66236
-8.78007
-8.89266
-9.00001
-9.10204
-9.19866
-9.28979
-9.37531
-9.45511
-9.52915
-9.59725
-9.65935
-9.71535
-9.76511
-9.80852
-9.84548
-9.87583
-9.89946
-9.91626
-9.92605
-9.92875
-9.92419
-9.91223
-9.89275
-9.86562
-9.83068
-9.78784
-9.73696
-9.67793
-9.6106
-9.53489
-9.45071
-9.358
-9.25673
-9.14686
-9.02839
-8.90133
-8.76584
-8.62204
-8.47016
-8.31049
-8.14342
-7.9695
-7.78939
-7.60391
-7.41407
-7.22106
-7.02631
-6.83158
-6.63877
-6.45005
-6.26769
-6.09395
-5.93059
-5.77875
-5.63873
-5.50992
-5.39236
-5.28862
-5.20622
-5.15846
-5.16288
-5.2385
-5.40341
-5.67374
-6.06439
-6.58971
-7.26249
-8.09179
-9.08122
-10.2263
-11.5145
-12.9254
-14.4325
-16.0052
-17.6109
-19.2164
-20.7908
-22.3056
-23.7366
-25.064
-26.2722
-27.3499
-28.2894
-29.0863
-29.739
-30.2485
-30.6181
-7.24728
-7.42713
-7.60261
-7.77363
-7.94012
-8.102
-8.2592
-8.41165
-8.55926
-8.70196
-8.83966
-8.97228
-9.09974
-9.22194
-9.33882
-9.45025
-9.55612
-9.65636
-9.75085
-9.83944
-9.92208
-9.99863
-10.069
-10.133
-10.1906
-10.2415
-10.2858
-10.3231
-10.3534
-10.3766
-10.3923
-10.4006
-10.4011
-10.3937
-10.3782
-10.3545
-10.3223
-10.2814
-10.2316
-10.1729
-10.1048
-10.0272
-9.93994
-9.84281
-9.73561
-9.61816
-9.49035
-9.35196
-9.20292
-9.04313
-8.8725
-8.69105
-8.49884
-8.29599
-8.08276
-7.85944
-7.62652
-7.3846
-7.13447
-6.87712
-6.61371
-6.3457
-6.07474
-5.80262
-5.53117
-5.26234
-4.9979
-4.7399
-4.49129
-4.2575
-4.04806
-3.87773
-3.76517
-3.73053
-3.79323
-3.97086
-4.28007
-4.73697
-5.35683
-6.15195
-7.12896
-8.28624
-9.61302
-11.09
-12.6904
-14.3827
-16.1327
-17.9056
-19.6687
-21.3923
-23.0507
-24.6228
-26.0914
-27.4435
-28.6695
-29.7624
-30.7178
-31.5328
-32.2066
-32.7403
-7.63265
-7.81936
-8.00152
-8.17904
-8.35187
-8.51993
-8.68315
-8.84143
-8.99467
-9.14283
-9.28584
-9.42358
-9.55594
-9.68287
-9.80423
-9.91995
-10.0299
-10.134
-10.2321
-10.3241
-10.4098
-10.4892
-10.5621
-10.6283
-10.6878
-10.7403
-10.7857
-10.8238
-10.8545
-10.8776
-10.8927
-10.8998
-10.8986
-10.8889
-10.8704
-10.843
-10.8062
-10.76
-10.7039
-10.6378
-10.5613
-10.4741
-10.3759
-10.2664
-10.1454
-10.0124
-9.86727
-9.7096
-9.53913
-9.35559
-9.1587
-8.94823
-8.72396
-8.48583
-8.23372
-7.96761
-7.68759
-7.39389
-7.08691
-6.76718
-6.43545
-6.09287
-5.74084
-5.38111
-5.01593
-4.64821
-4.28183
-3.92205
-3.57678
-3.25756
-2.98025
-2.76445
-2.63134
-2.60136
-2.69309
-2.92362
-3.30995
-3.86889
-4.61533
-5.55919
-6.70255
-8.03807
-9.54885
-11.2093
-12.9884
-14.8515
-16.763
-18.6891
-20.5988
-22.4655
-24.2664
-25.9834
-27.6019
-29.1103
-30.4992
-31.7611
-32.8901
-33.8815
-34.7318
-35.4396
-8.03507
-8.22883
-8.41785
-8.60206
-8.78144
-8.95587
-9.12526
-9.28954
-9.44864
-9.60249
-9.75098
-9.89401
-10.0315
-10.1634
-10.2895
-10.4097
-10.5241
-10.6323
-10.7342
-10.8299
-10.919
-11.0016
-11.0773
-11.1462
-11.2079
-11.2624
-11.3094
-11.3488
-11.3803
-11.4037
-11.4188
-11.4253
-11.423
-11.4115
-11.3907
-11.3602
-11.3197
-11.2688
-11.2072
-11.1346
-11.0505
-10.9546
-10.8465
-10.7257
-10.5918
-10.4444
-10.283
-10.1072
-9.91653
-9.71042
-9.48851
-9.25032
-8.99537
-8.72329
-8.4337
-8.12626
-7.80072
-7.45699
-7.09504
-6.71518
-6.31791
-5.90426
-5.47582
-5.03504
-4.58537
-4.1318
-3.68135
-3.24367
-2.83186
-2.46299
-2.15749
-1.93732
-1.82374
-1.83588
-1.99106
-2.30621
-2.79836
-3.48383
-4.37579
-5.48066
-6.79545
-8.30709
-9.99317
-11.8246
-13.7674
-15.786
-17.8461
-19.9157
-21.9673
-23.977
-25.9254
-27.7966
-29.5772
-31.2557
-32.8222
-34.2675
-35.5834
-36.7627
-37.7996
-38.6896
-8.45516
-8.6561
-8.85216
-9.04329
-9.22938
-9.41033
-9.58609
-9.75657
-9.92171
-10.0814
-10.2356
-10.3842
-10.527
-10.6641
-10.7951
-10.9202
-11.0391
-11.1517
-11.2579
-11.3575
-11.4505
-11.5365
-11.6155
-11.6874
-11.7519
-11.8087
-11.8578
-11.899
-11.9318
-11.9562
-11.9718
-11.9784
-11.9757
-11.9633
-11.9409
-11.9081
-11.8647
-11.8101
-11.744
-11.666
-11.5755
-11.4721
-11.3553
-11.2245
-11.0792
-10.9189
-10.7429
-10.5506
-10.3414
-10.1146
-9.8696
-9.60572
-9.32224
-9.01855
-8.69394
-8.34782
-7.97967
-7.58907
-7.1759
-6.74018
-6.28255
-5.80445
-5.30812
-4.79732
-4.27758
-3.75684
-3.24591
-2.75912
-2.31431
-1.93242
-1.63614
-1.4475
-1.38641
-1.47033
-1.71524
-2.13739
-2.75345
-3.57859
-4.62322
-5.88962
-7.37025
-9.04722
-10.8949
-12.8814
-14.9726
-17.1337
-19.3327
-21.5405
-23.7326
-25.8885
-27.9912
-30.0256
-31.9783
-33.8374
-35.5915
-37.2292
-38.7396
-40.1132
-41.3415
-42.417
-8.89347
-9.1018
-9.30508
-9.50325
-9.69621
-9.88386
-10.0662
-10.243
-10.4144
-10.5802
-10.7402
-10.8945
-11.043
-11.1854
-11.3217
-11.4519
-11.5757
-11.693
-11.8037
-11.9076
-12.0047
-12.0946
-12.1774
-12.2527
-12.3203
-12.3801
-12.4319
-12.4753
-12.5101
-12.5362
-12.553
-12.5604
-12.5581
-12.5456
-12.5226
-12.4886
-12.4433
-12.3862
-12.3168
-12.2346
-12.1391
-12.0297
-11.9057
-11.7666
-11.6117
-11.4403
-11.2517
-11.0451
-10.8198
-10.5747
-10.3093
-10.0225
-9.71352
-9.38139
-9.02526
-8.64426
-8.23774
-7.80513
-7.34614
-6.86108
-6.35105
-5.8181
-5.26598
-4.70032
-4.12942
-3.5646
-3.02052
-2.5154
-2.07068
-1.70939
-1.45436
-1.3265
-1.34341
-1.52028
-1.872
-2.41422
-3.16255
-4.1302
-5.32462
-6.74446
-8.37814
-10.205
-12.1972
-14.3226
-16.5476
-18.8398
-21.1696
-23.5112
-25.8429
-28.1472
-30.4071
-32.608
-34.7365
-36.7792
-38.7223
-40.5523
-42.2559
-43.8209
-45.2365
-46.4931
-9.35063
-9.56647
-9.77713
-9.98251
-10.1825
-10.377
-10.566
-10.7495
-10.9272
-11.0992
-11.2654
-11.4256
-11.5798
-11.7279
-11.8697
-12.0052
-12.1342
-12.2565
-12.372
-12.4807
-12.5822
-12.6765
-12.7633
-12.8426
-12.914
-12.9773
-13.0322
-13.0786
-13.1162
-13.1446
-13.1635
-13.1726
-13.1716
-13.1599
-13.1373
-13.1033
-13.0573
-12.999
-12.9277
-12.8428
-12.7439
-12.6302
-12.501
-12.3555
-12.1931
-12.013
-11.8143
-11.596
-11.3572
-11.097
-10.8143
-10.5081
-10.1774
-9.82099
-9.43782
-9.02693
-8.58758
-8.11917
-7.62179
-7.09621
-6.54414
-5.96919
-5.37664
-4.77468
-4.17462
-3.59103
-3.042
-2.5487
-2.13433
-1.82224
-1.63412
-1.58833
-1.70003
-1.98278
-2.4501
-3.11643
-3.99637
-5.10103
-6.43505
-7.99394
-9.76387
-11.7223
-13.8411
-16.0883
-18.4326
-20.8441
-23.2959
-25.7654
-28.2327
-30.6801
-33.0924
-35.4547
-37.7525
-39.9703
-42.0925
-44.1032
-45.9868
-47.7287
-49.3164
-50.7379
-9.82721
-10.0507
-10.2689
-10.4816
-10.6887
-10.8903
-11.0862
-11.2763
-11.4606
-11.6391
-11.8115
-11.9779
-12.1381
-12.292
-12.4395
-12.5806
-12.715
-12.8427
-12.9634
-13.0771
-13.1836
-13.2826
-13.3741
-13.4577
-13.5334
-13.6008
-13.6597
-13.7097
-13.7507
-13.7823
-13.8042
-13.8159
-13.8172
-13.8075
-13.7865
-13.7536
-13.7083
-13.6502
-13.5786
-13.4928
-13.3923
-13.2762
-13.1439
-12.9944
-12.8269
-12.6407
-12.4346
-12.2077
-11.9589
-11.687
-11.3909
-11.0695
-10.7215
-10.3456
-9.94089
-9.5062
-9.04081
-8.54463
-8.01801
-7.46255
-6.88138
-6.27944
-5.66445
-5.04711
-4.44134
-3.86466
-3.33772
-2.88316
-2.52435
-2.28364
-2.18044
-2.23036
-2.44625
-2.83992
-3.42363
-4.21114
-5.21498
-6.44469
-7.90244
-9.58192
-11.4679
-13.5375
-15.7627
-18.1141
-20.5617
-23.0783
-25.6396
-28.2242
-30.8145
-33.3931
-35.9453
-38.4548
-40.9036
-43.2731
-45.5543
-47.7224
-49.76
-51.6518
-53.3835
-54.9421
-10.3238
-10.5551
-10.7809
-11.0011
-11.2155
-11.4242
-11.6271
-11.8241
-12.0151
-12.2001
-12.379
-12.5517
-12.7181
-12.8781
-13.0316
-13.1785
-13.3187
-13.4519
-13.5782
-13.6973
-13.8091
-13.9134
-14.0099
-14.0985
-14.179
-14.2511
-14.3146
-14.369
-14.4143
-14.45
-14.4757
-14.4911
-14.4957
-14.4893
-14.4711
-14.4408
-14.3978
-14.3415
-14.2713
-14.1865
-14.0863
-13.9701
-13.8369
-13.686
-13.5162
-13.3267
-13.1165
-12.8844
-12.6291
-12.3497
-12.0446
-11.7126
-11.3524
-10.9629
-10.5429
-10.0915
-9.60831
-9.09351
-8.54843
-7.97575
-7.38002
-6.76816
-6.15008
-5.53884
-4.95081
-4.40528
-3.92407
-3.53011
-3.24594
-3.09158
-3.08372
-3.23572
-3.55803
-4.06094
-4.75578
-5.65485
-6.76961
-8.1075
-9.6694
-11.4481
-13.4278
-15.5862
-17.8971
-20.3322
-22.8643
-25.4678
-28.1205
-30.8027
-33.4966
-36.1859
-38.8536
-41.4835
-44.0577
-46.5589
-48.959
-51.2462
-53.4006
-55.4046
-57.2427
-58.9011
-10.8411
-11.0803
-11.3138
-11.5415
-11.7633
-11.9793
-12.1892
-12.3932
-12.5911
-12.7828
-12.9683
-13.1474
-13.3202
-13.4865
-13.6462
-13.7992
-13.9454
-14.0845
-14.2167
-14.3415
-14.459
-14.5689
-14.6711
-14.7652
-14.8512
-14.9286
-14.9973
-15.0571
-15.1074
-15.1481
-15.1787
-15.1988
-15.208
-15.206
-15.1922
-15.1659
-15.1267
-15.074
-15.0071
-14.9252
-14.8276
-14.7136
-14.5822
-14.4324
-14.2634
-14.0739
-13.863
-13.6295
-13.3719
-13.0891
-12.7799
-12.4427
-12.0762
-11.6793
-11.2512
-10.7912
-10.2992
-9.77637
-9.22508
-8.64911
-8.05465
-7.45072
-6.84906
-6.26472
-5.7156
-5.22211
-4.80595
-4.48902
-4.29174
-4.2318
-4.32322
-4.5768
-5.00138
-5.606
-6.40098
-7.39738
-8.60557
-10.0316
-11.6759
-13.5302
-15.5797
-17.8032
-20.176
-22.6722
-25.2661
-27.9344
-30.6555
-33.4108
-36.1824
-38.9532
-41.7061
-44.4224
-47.0832
-49.6681
-52.1552
-54.5238
-56.7542
-58.8289
-60.7313
-62.4485
-11.3796
-11.6267
-11.868
-12.1033
-12.3326
-12.5559
-12.7731
-12.9841
-13.1889
-13.3875
-13.5796
-13.7655
-13.9448
-14.1175
-14.2836
-14.4429
-14.5953
-14.7407
-14.879
-15.01
-15.1336
-15.2496
-15.3578
-15.458
-15.55
-15.6335
-15.7082
-15.7739
-15.8302
-15.8768
-15.9134
-15.9394
-15.9545
-15.9582
-15.9501
-15.9294
-15.8957
-15.8484
-15.7868
-15.7101
-15.6175
-15.5082
-15.3812
-15.2356
-15.0704
-14.8845
-14.6766
-14.4456
-14.1901
-13.9089
-13.6006
-13.2638
-12.8974
-12.5003
-12.0718
-11.612
-11.1215
-10.6021
-10.0574
-9.49273
-8.91595
-8.33741
-7.77074
-7.23203
-6.73986
-6.31449
-5.97672
-5.74655
-5.64203
-5.67819
-5.86667
-6.21599
-6.73395
-7.42837
-8.30857
-9.38488
-10.6662
-12.1581
-13.8605
-15.7657
-17.8597
-20.123
-22.5328
-25.0648
-27.6952
-30.4017
-33.1641
-35.9633
-38.7815
-41.6011
-44.4035
-47.1692
-49.8781
-52.5081
-55.0376
-57.4453
-59.7102
-61.8141
-63.7413
-65.4784
-11.9399
-12.1951
-12.4442
-12.6871
-12.924
-13.1546
-13.379
-13.5972
-13.8091
-14.0145
-14.2135
-14.4061
-14.592
-14.7713
-14.944
-15.1098
-15.2688
-15.4206
-15.5654
-15.7029
-15.8329
-15.9554
-16.0701
-16.1769
-16.2755
-16.3656
-16.4471
-16.5196
-16.5828
-16.6363
-16.6798
-16.7129
-16.7351
-16.746
-16.7451
-16.7317
-16.7054
-16.6653
-16.611
-16.5417
-16.4565
-16.3546
-16.2349
-16.0966
-15.9386
-15.7597
-15.5589
-15.3347
-15.086
-14.8113
-14.5094
-14.1792
-13.8195
-13.4297
-13.0095
-12.5594
-12.0808
-11.5769
-11.052
-10.5132
-9.96961
-9.43279
-8.9172
-8.43936
-8.01762
-7.67146
-7.41954
-7.27982
-7.26791
-7.39613
-7.67399
-8.10882
-8.70704
-9.4758
-10.4238
-11.5602
-12.8931
-14.4276
-16.1634
-18.0942
-20.2069
-22.4838
-24.9041
-27.4451
-30.0847
-32.8013
-35.5749
-38.3868
-41.2185
-44.0519
-46.8674
-49.6448
-52.3632
-55.0002
-57.5333
-59.9413
-62.2036
-64.3012
-66.2193
-67.9451
-12.5228
-12.7859
-13.0428
-13.2935
-13.5378
-13.7759
-14.0075
-14.2329
-14.4518
-14.6642
-14.8701
-15.0694
-15.2622
-15.4482
-15.6275
-15.8001
-15.9657
-16.1243
-16.2758
-16.42
-16.5569
-16.6863
-16.808
-16.9218
-17.0276
-17.125
-17.2139
-17.2939
-17.3649
-17.4263
-17.4778
-17.5191
-17.5497
-17.5691
-17.577
-17.5726
-17.5553
-17.5247
-17.4799
-17.4202
-17.345
-17.2531
-17.1437
-17.0158
-16.8684
-16.7005
-16.5106
-16.2977
-16.0604
-15.7976
-15.508
-15.1907
-14.8449
-14.4701
-14.0669
-13.6362
-13.1806
-12.704
-12.2119
-11.7124
-11.2156
-10.7341
-10.2822
-9.87615
-9.53354
-9.27176
-9.10774
-9.05666
-9.1318
-9.34344
-9.69942
-10.206
-10.8689
-11.6947
-12.691
-13.8664
-15.2286
-16.7825
-18.5276
-20.4587
-22.5645
-24.8291
-27.2334
-29.7564
-32.3773
-35.0749
-37.8298
-40.623
-43.4357
-46.2489
-49.0432
-51.7976
-54.4906
-57.1002
-59.6038
-61.9803
-64.2096
-66.2737
-68.1576
-69.8495
-13.1288
-13.3999
-13.6646
-13.9229
-14.1747
-14.4201
-14.659
-14.8915
-15.1174
-15.3368
-15.5496
-15.7558
-15.9554
-16.1482
-16.3344
-16.5137
-16.6861
-16.8516
-17.0101
-17.1614
-17.3054
-17.442
-17.5711
-17.6925
-17.8059
-17.9113
-18.0083
-18.0966
-18.1761
-18.2463
-18.3069
-18.3575
-18.3978
-18.4271
-18.4453
-18.4515
-18.4452
-18.4259
-18.3928
-18.3452
-18.2823
-18.2033
-18.1072
-17.9932
-17.8599
-17.7064
-17.5318
-17.3346
-17.1137
-16.8681
-16.5967
-16.2988
-15.9738
-15.6221
-15.2445
-14.8429
-14.4205
-13.9821
-13.5344
-13.086
-12.6473
-12.2311
-11.8515
-11.5237
-11.2631
-11.0856
-11.0058
-11.0368
-11.1893
-11.4724
-11.8925
-12.4551
-13.1655
-14.0299
-15.0552
-16.249
-17.619
-19.1693
-20.9005
-22.8083
-24.8828
-27.11
-29.4728
-31.9516
-34.5264
-37.1776
-39.8854
-42.6305
-45.394
-48.1571
-50.8993
-53.6002
-56.2385
-58.7922
-61.2396
-63.5599
-65.7337
-67.7443
-69.5767
-71.2199
-13.7586
-14.0376
-14.31
-14.5759
-14.8351
-15.0878
-15.3339
-15.5734
-15.8063
-16.0327
-16.2523
-16.4653
-16.6718
-16.8715
-17.0645
-17.2507
-17.4301
-17.6026
-17.7682
-17.9267
-18.0781
-18.2224
-18.3592
-18.4885
-18.6101
-18.7239
-18.8297
-18.927
-19.0158
-19.0957
-19.1664
-19.2275
-19.2786
-19.3193
-19.3492
-19.3676
-19.3741
-19.368
-19.3488
-19.3156
-19.2676
-19.2043
-19.1245
-19.0273
-18.9118
-18.7768
-18.6215
-18.4445
-18.2449
-18.0218
-17.7743
-17.502
-17.2051
-16.884
-16.5403
-16.1765
-15.7965
-15.406
-15.0119
-14.6232
-14.2507
-13.906
-13.6023
-13.3535
-13.1733
-13.0753
-13.072
-13.1745
-13.3921
-13.7322
-14.2009
-14.8029
-15.5436
-16.428
-17.4633
-18.6562
-20.0134
-21.5394
-23.2353
-25.0979
-27.1188
-29.2858
-31.5837
-33.9942
-36.4987
-39.0778
-41.7125
-44.3835
-47.072
-49.7583
-52.4229
-55.0457
-57.6051
-60.0807
-62.4512
-64.697
-66.7996
-68.7425
-70.5123
-72.098
-14.4129
-14.6997
-14.9797
-15.2529
-15.5195
-15.7793
-16.0325
-16.279
-16.5188
-16.7519
-16.9783
-17.1982
-17.4114
-17.6179
-17.8177
-18.0108
-18.1973
-18.3769
-18.5498
-18.7158
-18.8748
-19.0268
-19.1717
-19.3094
-19.4396
-19.5624
-19.6774
-19.7845
-19.8833
-19.9737
-20.0553
-20.1279
-20.1911
-20.2444
-20.2874
-20.3197
-20.3407
-20.3498
-20.3464
-20.3299
-20.2995
-20.2543
-20.1937
-20.1167
-20.0222
-19.9095
-19.7774
-19.625
-19.4514
-19.2559
-19.0379
-18.7974
-18.5349
-18.2513
-17.9487
-17.6301
-17.3002
-16.9646
-16.6307
-16.3073
-16.0042
-15.7326
-15.5042
-15.331
-15.2251
-15.198
-15.2603
-15.4215
-15.6896
-16.0718
-16.5728
-17.1975
-17.9511
-18.8382
-19.8655
-21.0393
-22.3658
-23.8491
-25.4913
-27.2896
-29.2376
-31.3244
-33.5369
-35.8579
-38.2706
-40.756
-43.2954
-45.8702
-48.4615
-51.0502
-53.6165
-56.1411
-58.6037
-60.9842
-63.2626
-65.4204
-67.4402
-69.3064
-71.0061
-72.5292
-15.0924
-15.3868
-15.6742
-15.9547
-16.2283
-16.4951
-16.7552
-17.0084
-17.2549
-17.4947
-17.7279
-17.9543
-18.1742
-18.3874
-18.5941
-18.7941
-18.9875
-19.1744
-19.3545
-19.528
-19.6948
-19.8549
-20.0081
-20.1543
-20.2935
-20.4257
-20.5505
-20.6678
-20.7774
-20.879
-20.9726
-21.0577
-21.1339
-21.201
-21.2585
-21.306
-21.3431
-21.3692
-21.3837
-21.386
-21.3754
-21.351
-21.3124
-21.2585
-21.1884
-21.1013
-20.9962
-20.8725
-20.7293
-20.566
-20.3825
-20.1791
-19.9563
-19.7159
-19.4601
-19.1925
-18.9175
-18.6411
-18.3706
-18.114
-17.8801
-17.6791
-17.5209
-17.4159
-17.3748
-17.4069
-17.5219
-17.7275
-18.0314
-18.4395
-18.9573
-19.5894
-20.3399
-21.2143
-22.2179
-23.357
-24.637
-26.0623
-27.6348
-29.3531
-31.2119
-33.2023
-35.3118
-37.5264
-39.8293
-42.2027
-44.629
-47.0899
-49.5665
-52.0406
-54.4931
-56.9049
-59.2566
-61.5298
-63.7053
-65.7658
-67.6949
-69.478
-71.103
-72.5603
-15.7978
-16.0995
-16.3941
-16.6816
-16.9621
-17.2357
-17.5023
-17.7621
-18.0151
-18.2614
-18.5009
-18.7338
-18.9602
-19.18
-19.3933
-19.6001
-19.8004
-19.9943
-20.1819
-20.3629
-20.5375
-20.7057
-20.8674
-21.0225
-21.171
-21.3129
-21.4479
-21.5759
-21.6968
-21.8105
-21.9165
-22.0149
-22.1053
-22.1872
-22.2605
-22.3246
-22.3794
-22.424
-22.4582
-22.4813
-22.4926
-22.4915
-22.4773
-22.4491
-22.4063
-22.3479
-22.2734
-22.1817
-22.0725
-21.9455
-21.8005
-21.6381
-21.4594
-21.2661
-21.0606
-20.8469
-20.6293
-20.4133
-20.2054
-20.0129
-19.8442
-19.7073
-19.6112
-19.5647
-19.5761
-19.6545
-19.8077
-20.0435
-20.3685
-20.7886
-21.3088
-21.9336
-22.6675
-23.5154
-24.482
-25.5733
-26.7941
-28.1489
-29.6396
-31.2653
-33.0224
-34.9031
-36.897
-38.9912
-41.1702
-43.4179
-45.7173
-48.0505
-50.3995
-52.7467
-55.0733
-57.3618
-59.5935
-61.7504
-63.8156
-65.7724
-67.6056
-69.3011
-70.8482
-72.2366
-16.5298
-16.8386
-17.14
-17.4342
-17.7213
-18.0013
-18.2742
-18.5402
-18.7995
-19.0518
-19.2975
-19.5367
-19.7693
-19.9954
-20.2151
-20.4285
-20.6356
-20.8365
-21.0312
-21.2198
-21.4022
-21.5786
-21.7488
-21.9129
-22.0709
-22.2227
-22.3682
-22.5075
-22.6402
-22.7662
-22.8856
-22.998
-23.1033
-23.2011
-23.2911
-23.3731
-23.4466
-23.5115
-23.5669
-23.6124
-23.6475
-23.6716
-23.684
-23.684
-23.6708
-23.6436
-23.6019
-23.5452
-23.4728
-23.3847
-23.281
-23.1623
-23.0299
-22.8856
-22.7319
-22.5721
-22.4107
-22.2527
-22.1038
-21.9702
-21.8589
-21.777
-21.7319
-21.7312
-21.7828
-21.894
-22.0723
-22.3246
-22.6572
-23.0761
-23.5861
-24.1919
-24.8975
-25.7075
-26.6266
-27.6598
-28.8118
-30.0865
-31.4861
-33.0106
-34.6569
-36.4188
-38.2875
-40.2515
-42.2969
-44.4088
-46.571
-48.767
-50.9791
-53.1908
-55.3839
-57.5416
-59.6469
-61.6827
-63.6325
-65.4816
-67.2153
-68.8208
-70.2873
-71.6057
-17.2892
-17.6047
-17.9127
-18.2132
-18.5064
-18.7924
-19.0713
-19.3432
-19.6082
-19.8664
-20.1179
-20.3628
-20.6013
-20.8335
-21.0593
-21.279
-21.4926
-21.7003
-21.9021
-22.098
-22.2881
-22.4726
-22.6513
-22.8244
-22.992
-23.1539
-23.3101
-23.4607
-23.6055
-23.7446
-23.8778
-24.0048
-24.1256
-24.2401
-24.3478
-24.4486
-24.5421
-24.6281
-24.706
-24.7755
-24.8358
-24.8865
-24.9271
-24.9568
-24.975
-24.9808
-24.9739
-24.9536
-24.9195
-24.8715
-24.8099
-24.7355
-24.6493
-24.5531
-24.4493
-24.3411
-24.2321
-24.1267
-24.0297
-23.9467
-23.8831
-23.8454
-23.8399
-23.873
-23.9515
-24.0823
-24.2728
-24.5295
-24.8584
-25.2651
-25.7546
-26.3315
-26.9997
-27.7635
-28.6271
-29.5948
-30.6712
-31.8597
-33.1623
-34.5799
-36.1099
-37.7474
-39.4852
-41.3129
-43.2183
-45.188
-47.2071
-49.2592
-51.329
-53.3995
-55.4548
-57.478
-59.4531
-61.3644
-63.1964
-64.9354
-66.5678
-68.0813
-69.4659
-70.7127
-18.0769
-18.3986
-18.7127
-19.019
-19.318
-19.6096
-19.8939
-20.1712
-20.4415
-20.705
-20.9618
-21.2122
-21.4562
-21.6939
-21.9255
-22.1511
-22.3709
-22.585
-22.7935
-22.9965
-23.1941
-23.3865
-23.5736
-23.7556
-23.9327
-24.1047
-24.2718
-24.4339
-24.5911
-24.7434
-24.8906
-25.0327
-25.1697
-25.3013
-25.4272
-25.5476
-25.662
-25.77
-25.8713
-25.9655
-26.052
-26.1305
-26.2001
-26.2603
-26.3106
-26.3501
-26.3782
-26.3944
-26.3985
-26.3903
-26.3699
-26.3381
-26.2959
-26.2448
-26.1868
-26.1246
-26.0614
-26.001
-25.9469
-25.9041
-25.8775
-25.8721
-25.8937
-25.9481
-26.0416
-26.1812
-26.3731
-26.6239
-26.9396
-27.3256
-27.7869
-28.3278
-28.9521
-29.6636
-30.4663
-31.3639
-32.3606
-33.4592
-34.6622
-35.9702
-37.3816
-38.8926
-40.4969
-42.1857
-43.9485
-45.7729
-47.6455
-49.5512
-51.4758
-53.4032
-55.3178
-57.2045
-59.0483
-60.8339
-62.5477
-64.1757
-65.7061
-67.127
-68.4291
-69.6035
-18.8936
-19.2211
-19.5407
-19.8524
-20.1565
-20.4531
-20.7424
-21.0245
-21.2996
-21.5679
-21.8295
-22.0847
-22.3337
-22.5765
-22.8133
-23.0443
-23.2698
-23.4899
-23.7048
-23.9144
-24.1192
-24.3191
-24.5144
-24.7052
-24.8915
-25.0736
-25.2514
-25.425
-25.5947
-25.7602
-25.9217
-26.079
-26.2323
-26.3814
-26.5261
-26.6662
-26.8017
-26.9323
-27.0574
-27.1767
-27.2898
-27.3959
-27.4947
-27.5854
-27.6672
-27.7396
-27.8018
-27.8533
-27.8936
-27.9226
-27.9404
-27.9474
-27.9445
-27.9329
-27.9142
-27.8907
-27.8648
-27.8397
-27.8186
-27.8055
-27.8045
-27.8201
-27.8576
-27.9225
-28.0211
-28.1594
-28.3438
-28.5808
-28.8763
-29.2354
-29.6628
-30.1628
-30.7389
-31.3946
-32.1334
-32.9588
-33.8741
-34.8822
-35.9853
-37.1838
-38.4771
-39.862
-41.3333
-42.8838
-44.5043
-46.1835
-47.9093
-49.6687
-51.4477
-53.2316
-55.0059
-56.7567
-58.4693
-60.1301
-61.7259
-63.2437
-64.6725
-66.0013
-67.2208
-68.3231
-19.7402
-20.0729
-20.3973
-20.7138
-21.0225
-21.3235
-21.617
-21.9033
-22.1825
-22.455
-22.7208
-22.9802
-23.2334
-23.4806
-23.7221
-23.9581
-24.1887
-24.4142
-24.6349
-24.8507
-25.0621
-25.2693
-25.4723
-25.6714
-25.8667
-26.0585
-26.2468
-26.4317
-26.6136
-26.7923
-26.9679
-27.1405
-27.3101
-27.4767
-27.64
-27.8001
-27.9566
-28.1092
-28.2579
-28.4019
-28.5409
-28.674
-28.8007
-28.9204
-29.0321
-29.1351
-29.2288
-29.3122
-29.3852
-29.4471
-29.498
-29.5381
-29.5678
-29.5884
-29.6009
-29.6073
-29.6094
-29.6096
-29.611
-29.6167
-29.6305
-29.6568
-29.7006
-29.7671
-29.8621
-29.9917
-30.1623
-30.3799
-30.6502
-30.9784
-31.3687
-31.8251
-32.3511
-32.9496
-33.6238
-34.3769
-35.2114
-36.1303
-37.135
-38.2268
-39.4049
-40.6667
-42.0082
-43.4235
-44.9043
-46.4411
-48.0229
-49.6378
-51.2733
-52.9157
-54.5521
-56.1688
-57.7525
-59.2903
-60.7698
-62.1794
-63.5081
-64.746
-65.8839
-66.9145
-20.6176
-20.9548
-21.2835
-21.6039
-21.9164
-22.2211
-22.5182
-22.8079
-23.0905
-23.3663
-23.6355
-23.8984
-24.1552
-24.4062
-24.6516
-24.8917
-25.1267
-25.3571
-25.5828
-25.8043
-26.0217
-26.2354
-26.4457
-26.6526
-26.8564
-27.0573
-27.2557
-27.4516
-27.6453
-27.8367
-28.0261
-28.2136
-28.3991
-28.5825
-28.7639
-28.9431
-29.12
-29.2941
-29.465
-29.6323
-29.7956
-29.9537
-30.1061
-30.252
-30.3904
-30.5203
-30.641
-30.7517
-30.8518
-30.9404
-31.0178
-31.0836
-31.1385
-31.1828
-31.2176
-31.2441
-31.2641
-31.28
-31.294
-31.3092
-31.329
-31.3575
-31.3996
-31.4606
-31.5461
-31.6622
-31.8146
-32.0092
-32.2516
-32.5466
-32.8983
-33.3103
-33.7858
-34.3275
-34.9382
-35.6204
-36.3766
-37.2091
-38.1196
-39.1086
-40.1761
-41.32
-42.5371
-43.8223
-45.1683
-46.5676
-48.0098
-49.4849
-50.9808
-52.4861
-53.9879
-55.4741
-56.9321
-58.3501
-59.7167
-61.0206
-62.2517
-63.4007
-64.4587
-65.4188
-21.5267
-21.8677
-22.1999
-22.5235
-22.839
-23.1465
-23.4463
-23.7386
-24.0238
-24.3021
-24.5738
-24.8393
-25.0988
-25.3527
-25.6012
-25.8446
-26.0833
-26.3175
-26.5477
-26.7739
-26.9966
-27.2162
-27.4328
-27.6468
-27.8584
-28.068
-28.2757
-28.4817
-28.6865
-28.89
-29.0924
-29.2938
-29.4942
-29.6936
-29.892
-30.0891
-30.2846
-30.4782
-30.6695
-30.8577
-31.0423
-31.2222
-31.3965
-31.5645
-31.7247
-31.8767
-32.0188
-32.1506
-32.2708
-32.3793
-32.4754
-32.5589
-32.6303
-32.6896
-32.7377
-32.7759
-32.8053
-32.8276
-32.8458
-32.8621
-32.8805
-32.9047
-32.9395
-32.9899
-33.0615
-33.1603
-33.2921
-33.4622
-33.6757
-33.9372
-34.2505
-34.6189
-35.0452
-35.5319
-36.0814
-36.6959
-37.3775
-38.1281
-38.949
-39.8413
-40.8042
-41.8367
-42.9361
-44.0979
-45.3164
-46.5846
-47.8939
-49.235
-50.5976
-51.9708
-53.3433
-54.7037
-56.041
-57.3435
-58.601
-59.8027
-60.9394
-62.002
-62.9825
-63.8743
-22.4686
-22.8124
-23.1472
-23.4731
-23.7907
-24.1001
-24.4016
-24.6957
-24.9824
-25.2622
-25.5355
-25.8026
-26.0639
-26.3197
-26.5702
-26.8159
-27.0573
-27.2946
-27.5281
-27.7582
-27.9853
-28.2097
-28.4318
-28.652
-28.8704
-29.0876
-29.3037
-29.519
-29.7337
-29.9481
-30.1622
-30.3761
-30.59
-30.8037
-31.017
-31.2298
-31.4416
-31.652
-31.8604
-32.0658
-32.2677
-32.4648
-32.6563
-32.8408
-33.0173
-33.1846
-33.3415
-33.487
-33.6204
-33.7407
-33.8478
-33.9411
-34.0206
-34.0869
-34.14
-34.1816
-34.2123
-34.2343
-34.2496
-34.2612
-34.2728
-34.2879
-34.3113
-34.3485
-34.4044
-34.4847
-34.5948
-34.7399
-34.9249
-35.1537
-35.4298
-35.7564
-36.1359
-36.5705
-37.0623
-37.6131
-38.2247
-38.8986
-39.6362
-40.438
-41.3038
-42.2327
-43.2222
-44.269
-45.368
-46.5131
-47.6972
-48.9119
-50.1482
-51.3962
-52.6459
-53.8867
-55.1085
-56.3009
-57.4538
-58.5578
-59.6041
-60.5839
-61.4898
-62.3154
-23.4442
-23.79
-24.1263
-24.4536
-24.7722
-25.0824
-25.3847
-25.6792
-25.9665
-26.2468
-26.5205
-26.7882
-27.05
-27.3065
-27.558
-27.8051
-28.0479
-28.2871
-28.5228
-28.7556
-28.986
-29.2141
-29.4406
-29.6657
-29.8898
-30.1132
-30.3363
-30.5594
-30.7825
-31.0061
-31.2301
-31.4547
-31.6797
-31.9052
-32.1307
-32.3561
-32.5806
-32.8039
-33.025
-33.2431
-33.4572
-33.6659
-33.8685
-34.0633
-34.2491
-34.4249
-34.5892
-34.7416
-34.8804
-35.0053
-35.1155
-35.2111
-35.2916
-35.3574
-35.4089
-35.4472
-35.4733
-35.489
-35.497
-35.4996
-35.5006
-35.5041
-35.5146
-35.5369
-35.5761
-35.6377
-35.7266
-35.8478
-36.0054
-36.2033
-36.4446
-36.7321
-37.0679
-37.4541
-37.8923
-38.3841
-38.931
-39.5343
-40.1951
-40.9137
-41.6903
-42.5237
-43.4121
-44.3526
-45.3411
-46.3724
-47.44
-48.537
-49.6551
-50.786
-51.92
-53.0484
-54.1614
-55.2494
-56.3037
-57.3148
-58.2748
-59.1758
-60.0106
-60.7731
-24.4547
-24.8013
-25.1381
-25.4655
-25.7841
-26.0941
-26.3957
-26.6896
-26.9762
-27.2557
-27.5288
-27.7956
-28.0568
-28.3129
-28.5642
-28.8111
-29.0541
-29.2938
-29.5306
-29.7647
-29.9968
-30.2273
-30.4567
-30.6852
-30.9132
-31.1413
-31.3696
-31.5984
-31.8279
-32.0584
-32.2898
-32.5222
-32.7553
-32.9892
-33.2232
-33.457
-33.6898
-33.9211
-34.1497
-34.3747
-34.595
-34.8091
-35.0162
-35.2144
-35.4029
-35.5802
-35.7451
-35.8968
-36.0343
-36.157
-36.2639
-36.3553
-36.4306
-36.4904
-36.5348
-36.5649
-36.5821
-36.5881
-36.5854
-36.5768
-36.5658
-36.5563
-36.5529
-36.5602
-36.5833
-36.627
-36.6961
-36.7949
-36.9273
-37.0968
-37.3062
-37.5578
-37.8536
-38.1954
-38.5846
-39.0226
-39.5106
-40.0495
-40.6404
-41.2836
-41.9788
-42.7254
-43.5218
-44.3656
-45.253
-46.1799
-47.1408
-48.1291
-49.1383
-50.1604
-51.1875
-52.2108
-53.2219
-54.2126
-55.1738
-56.098
-56.9769
-57.8036
-58.5713
-59.274
-25.5012
-25.8473
-26.1833
-26.5098
-26.8271
-27.1353
-27.4352
-27.7272
-28.0116
-28.2891
-28.5598
-28.8246
-29.0838
-29.338
-29.5875
-29.8329
-30.0747
-30.3134
-30.5495
-30.7833
-31.0156
-31.2467
-31.477
-31.707
-31.9371
-32.1675
-32.3986
-32.6307
-32.8639
-33.0982
-33.3337
-33.5703
-33.8076
-34.0455
-34.2834
-34.5206
-34.7564
-34.9899
-35.2201
-35.4456
-35.6658
-35.8787
-36.0833
-36.2783
-36.4629
-36.6352
-36.7946
-36.9398
-37.0701
-37.1849
-37.2834
-37.3658
-37.4316
-37.4808
-37.5147
-37.5337
-37.5394
-37.5333
-37.5185
-37.4972
-37.4735
-37.4512
-37.4344
-37.4278
-37.436
-37.4636
-37.5147
-37.5935
-37.7032
-37.8472
-38.0277
-38.2471
-38.5069
-38.8087
-39.1538
-39.5432
-39.9781
-40.4591
-40.9871
-41.5622
-42.1844
-42.8529
-43.5664
-44.3227
-45.119
-45.9513
-46.815
-47.7047
-48.6143
-49.5368
-50.4652
-51.392
-52.3094
-53.2095
-54.0849
-54.9278
-55.7314
-56.4887
-57.1935
-57.8401
-26.5847
-26.9292
-27.2632
-27.5871
-27.9015
-28.2069
-28.5035
-28.792
-29.0728
-29.3466
-29.6137
-29.8749
-30.1304
-30.381
-30.6271
-30.8692
-31.1079
-31.3439
-31.5774
-31.8091
-32.0394
-32.269
-32.4981
-32.7272
-32.9565
-33.1866
-33.4176
-33.6496
-33.8828
-34.1174
-34.3528
-34.5892
-34.8259
-35.0628
-35.2992
-35.5341
-35.7669
-35.9966
-36.2219
-36.4419
-36.6553
-36.8609
-37.0572
-37.243
-37.4179
-37.5798
-37.7284
-37.8622
-37.9812
-38.0842
-38.1705
-38.2402
-38.2935
-38.3301
-38.351
-38.3568
-38.3496
-38.3309
-38.3034
-38.27
-38.2343
-38.2
-38.1712
-38.1522
-38.1473
-38.1605
-38.1959
-38.257
-38.3469
-38.4684
-38.6235
-38.8142
-39.0421
-39.3084
-39.6142
-39.9604
-40.3479
-40.7775
-41.2494
-41.764
-42.321
-42.9199
-43.5595
-44.2379
-44.9526
-45.7001
-46.4765
-47.2773
-48.0968
-48.9293
-49.7681
-50.6068
-51.4384
-52.2559
-53.0522
-53.8205
-54.5544
-55.2477
-55.8942
-56.4889
-27.7066
-28.0479
-28.3784
-28.6982
-29.0084
-29.3091
-29.6009
-29.8843
-30.1599
-30.4283
-30.69
-30.9456
-31.1956
-31.4407
-31.6816
-31.9184
-32.152
-32.383
-32.6117
-32.8388
-33.0648
-33.2901
-33.5151
-33.7403
-33.9658
-34.1921
-34.4191
-34.6472
-34.8762
-35.1062
-35.3368
-35.5679
-35.7987
-36.0291
-36.258
-36.4848
-36.7086
-36.9283
-37.1428
-37.3514
-37.5523
-37.7449
-37.9277
-38.0999
-38.2606
-38.4082
-38.5422
-38.6617
-38.766
-38.8543
-38.9265
-38.982
-39.0209
-39.0433
-39.0504
-39.0428
-39.0226
-38.9914
-38.952
-38.9074
-38.8607
-38.8157
-38.7765
-38.7469
-38.7309
-38.7321
-38.7542
-38.8003
-38.8731
-38.9751
-39.1082
-39.274
-39.4739
-39.709
-39.9803
-40.2885
-40.6344
-41.0184
-41.441
-41.9022
-42.4018
-42.9393
-43.5135
-44.1229
-44.7653
-45.4376
-46.1365
-46.8579
-47.597
-48.3486
-49.107
-49.8663
-50.6203
-51.3629
-52.0874
-52.7879
-53.4583
-54.0928
-54.686
-55.233
-28.8679
-29.2045
-29.5296
-29.844
-30.1481
-30.4424
-30.7275
-31.004
-31.2725
-31.5336
-31.7879
-32.0359
-32.2783
-32.5159
-32.7491
-32.9783
-33.2043
-33.4277
-33.649
-33.8687
-34.0872
-34.305
-34.5225
-34.74
-34.9578
-35.1761
-35.3949
-35.6144
-35.8345
-36.0547
-36.2751
-36.4954
-36.7145
-36.9326
-37.1482
-37.361
-37.5701
-37.7743
-37.973
-38.165
-38.349
-38.5247
-38.6902
-38.8453
-38.9888
-39.1194
-39.2369
-39.34
-39.428
-39.5006
-39.5572
-39.5975
-39.6214
-39.6297
-39.623
-39.6024
-39.5698
-39.5272
-39.477
-39.4224
-39.3665
-39.313
-39.2652
-39.227
-39.202
-39.1934
-39.2045
-39.2381
-39.2966
-39.382
-39.4963
-39.6407
-39.8164
-40.0246
-40.2659
-40.541
-40.8506
-41.195
-41.5744
-41.989
-42.4384
-42.9222
-43.4392
-43.9882
-44.5671
-45.1734
-45.804
-46.4553
-47.1231
-47.803
-48.4898
-49.1784
-49.8631
-50.5383
-51.1984
-51.8376
-52.4506
-53.0319
-53.5767
-54.0804
-30.07
-30.4
-30.7181
-31.025
-31.3211
-31.607
-31.8834
-32.151
-32.4102
-32.6617
-32.9062
-33.1443
-33.3767
-33.6041
-33.8268
-34.0457
-34.2613
-34.474
-34.6846
-34.8933
-35.1007
-35.3072
-35.5132
-35.7188
-35.9242
-36.1299
-36.3354
-36.5411
-36.7468
-36.9521
-37.1569
-37.3604
-37.5626
-37.7627
-37.96
-38.1536
-38.3434
-38.5278
-38.7064
-38.8783
-39.0424
-39.1981
-39.3443
-39.4804
-39.605
-39.7175
-39.8174
-39.9034
-39.9745
-40.0309
-40.0716
-40.0968
-40.1062
-40.1007
-40.0811
-40.0484
-40.0046
-39.9519
-39.8926
-39.8298
-39.7664
-39.7058
-39.6515
-39.6067
-39.5747
-39.5585
-39.5609
-39.5844
-39.6311
-39.7029
-39.8014
-39.9277
-40.083
-40.2681
-40.4837
-40.7305
-41.0087
-41.3189
-41.6611
-42.0353
-42.4413
-42.8785
-43.346
-43.8425
-44.3662
-44.9148
-45.4857
-46.0759
-46.6813
-47.2981
-47.9219
-48.5478
-49.1711
-49.7866
-50.3891
-50.9737
-51.5354
-52.069
-52.5703
-53.035
-31.3138
-31.6352
-31.9443
-32.2416
-32.5274
-32.8026
-33.068
-33.3241
-33.5715
-33.8109
-34.0429
-34.2683
-34.4878
-34.7019
-34.9112
-35.1163
-35.3178
-35.5162
-35.7121
-35.9059
-36.0981
-36.2888
-36.4785
-36.6674
-36.8556
-37.0434
-37.2305
-37.417
-37.603
-37.7878
-37.9716
-38.1535
-38.3337
-38.5111
-38.6857
-38.8565
-39.0231
-39.1847
-39.3407
-39.4903
-39.6329
-39.7676
-39.8934
-40.0097
-40.1153
-40.2097
-40.2915
-40.3605
-40.4151
-40.4559
-40.4814
-40.4923
-40.4879
-40.4696
-40.4381
-40.3947
-40.3412
-40.28
-40.2133
-40.1439
-40.0749
-40.0093
-39.9501
-39.9005
-39.8634
-39.8414
-39.8371
-39.8527
-39.8901
-39.9508
-40.0363
-40.1476
-40.2858
-40.4515
-40.6454
-40.868
-41.1197
-41.4006
-41.711
-42.0506
-42.4194
-42.8167
-43.2415
-43.6927
-44.1689
-44.6679
-45.1872
-45.7241
-46.2753
-46.8372
-47.406
-47.9772
-48.5466
-49.1094
-49.6613
-50.1975
-50.7135
-51.2049
-51.6674
-52.0973
-32.6
-32.9107
-33.2082
-33.4932
-33.7664
-34.0283
-34.2799
-34.5217
-34.7543
-34.9785
-35.195
-35.4045
-35.6075
-35.8047
-35.9967
-36.1841
-36.3674
-36.5474
-36.7241
-36.8984
-37.0704
-37.2405
-37.4088
-37.5759
-37.7417
-37.9065
-38.0698
-38.2322
-38.3933
-38.553
-38.7113
-38.8675
-39.0217
-39.1733
-39.322
-39.4676
-39.6092
-39.7466
-39.8789
-40.0055
-40.1263
-40.2398
-40.3452
-40.4422
-40.5291
-40.6057
-40.6702
-40.7229
-40.7619
-40.7875
-40.7988
-40.7962
-40.7794
-40.7498
-40.7076
-40.655
-40.5934
-40.5251
-40.4525
-40.3783
-40.3052
-40.2361
-40.1738
-40.1211
-40.0806
-40.0547
-40.0456
-40.0553
-40.0854
-40.1374
-40.2125
-40.3117
-40.4358
-40.5855
-40.7614
-40.9638
-41.193
-41.4494
-41.7328
-42.0432
-42.3802
-42.7435
-43.132
-43.5448
-43.9802
-44.4365
-44.9116
-45.4028
-45.9073
-46.4218
-46.9428
-47.4666
-47.989
-48.5062
-49.0138
-49.5075
-49.9835
-50.4377
-50.8662
-51.2653
-33.9286
-34.2258
-34.5089
-34.7789
-35.0364
-35.2821
-35.5166
-35.7407
-35.9551
-36.1606
-36.3577
-36.5473
-36.7298
-36.9059
-37.0762
-37.2414
-37.402
-37.5586
-37.7112
-37.8609
-38.0079
-38.1522
-38.2941
-38.4341
-38.5727
-38.7095
-38.8444
-38.9782
-39.1104
-39.2415
-39.3707
-39.4983
-39.6243
-39.748
-39.8694
-39.9889
-40.1046
-40.2175
-40.3263
-40.4305
-40.5297
-40.6229
-40.7089
-40.7874
-40.8568
-40.9167
-40.9652
-41.0025
-41.027
-41.0383
-41.0367
-41.0216
-40.9937
-40.9539
-40.9029
-40.8426
-40.7744
-40.7008
-40.6239
-40.5462
-40.4705
-40.3993
-40.3352
-40.2807
-40.2382
-40.2099
-40.1976
-40.2031
-40.228
-40.2734
-40.3404
-40.43
-40.5428
-40.6795
-40.8405
-41.0263
-41.237
-41.4728
-41.7337
-42.0196
-42.3301
-42.6647
-43.0225
-43.4026
-43.8036
-44.2238
-44.6611
-45.1134
-45.5779
-46.0519
-46.5319
-47.0148
-47.4968
-47.9743
-48.4435
-48.9006
-49.3418
-49.7635
-50.1621
-50.5343
-35.2984
-35.5789
-35.8446
-36.0961
-36.3343
-36.5599
-36.7737
-36.9762
-37.1683
-37.3507
-37.524
-37.6891
-37.8463
-37.9967
-38.1405
-38.2784
-38.4113
-38.5393
-38.663
-38.7832
-38.8995
-39.0132
-39.1242
-39.2327
-39.3395
-39.4442
-39.5473
-39.6494
-39.7498
-39.8497
-39.9482
-40.046
-40.1426
-40.2382
-40.3322
-40.4258
-40.5165
-40.6059
-40.6924
-40.7753
-40.8544
-40.9285
-40.9966
-41.0577
-41.1107
-41.1547
-41.1883
-41.211
-41.222
-41.2206
-41.2073
-41.1813
-41.1436
-41.0948
-41.0361
-40.9694
-40.8961
-40.8185
-40.7385
-40.6589
-40.5818
-40.5097
-40.445
-40.3901
-40.3468
-40.3174
-40.3033
-40.3062
-40.3274
-40.368
-40.429
-40.5111
-40.6151
-40.7415
-40.8907
-41.063
-41.2586
-41.4776
-41.72
-41.9856
-42.2739
-42.5846
-42.9169
-43.2696
-43.6416
-44.0313
-44.4369
-44.8563
-45.287
-45.7264
-46.1716
-46.6195
-47.0669
-47.5106
-47.9469
-48.3722
-48.7834
-49.1771
-49.5499
-49.8988
-36.7064
-36.9664
-37.2106
-37.4397
-37.6545
-37.8557
-38.0439
-38.2203
-38.3853
-38.5399
-38.6844
-38.82
-38.9467
-39.0663
-39.1782
-39.284
-39.3838
-39.4783
-39.5679
-39.6538
-39.7353
-39.8141
-39.8901
-39.9636
-40.0358
-40.1058
-40.1747
-40.2435
-40.3109
-40.3789
-40.4463
-40.5145
-40.5822
-40.6506
-40.7184
-40.7872
-40.8548
-40.9219
-40.9876
-41.0509
-41.1114
-41.1677
-41.219
-41.2641
-41.3019
-41.3313
-41.351
-41.3606
-41.3591
-41.3463
-41.322
-41.2864
-41.24
-41.1838
-41.119
-41.047
-40.9698
-40.8892
-40.8075
-40.7267
-40.6493
-40.5773
-40.5131
-40.4585
-40.4156
-40.386
-40.3713
-40.3729
-40.3919
-40.4293
-40.4861
-40.5628
-40.6602
-40.7787
-40.9186
-41.0803
-41.2638
-41.4693
-41.6967
-41.9456
-42.216
-42.507
-42.818
-43.1481
-43.4961
-43.8604
-44.2393
-44.6311
-45.0333
-45.4437
-45.8595
-46.2779
-46.696
-47.1108
-47.5189
-47.9173
-48.3028
-48.6724
-49.0231
-49.3521
-38.1465
-38.3817
-38.5997
-38.8016
-38.988
-39.1597
-39.3175
-39.4624
-39.595
-39.7161
-39.8268
-39.9274
-40.0184
-40.1019
-40.1767
-40.2454
-40.3073
-40.3639
-40.4155
-40.4627
-40.5067
-40.5472
-40.5855
-40.622
-40.658
-40.6918
-40.7265
-40.7616
-40.7963
-40.8331
-40.8707
-40.9105
-40.9512
-40.9935
-41.0374
-41.0835
-41.1296
-41.1763
-41.223
-41.2685
-41.3117
-41.3517
-41.3876
-41.418
-41.4417
-41.4574
-41.4644
-41.4618
-41.4489
-41.4255
-41.3915
-41.3473
-41.2933
-41.2308
-41.1609
-41.085
-41.0049
-40.9225
-40.8398
-40.7589
-40.682
-40.6109
-40.5478
-40.4945
-40.4526
-40.4238
-40.4095
-40.4108
-40.4289
-40.4645
-40.5186
-40.5917
-40.6844
-40.797
-40.93
-41.0835
-41.2577
-41.4526
-41.668
-41.9037
-42.1595
-42.4346
-42.7284
-43.04
-43.3681
-43.7115
-44.0684
-44.4372
-44.8157
-45.2018
-45.5931
-45.9867
-46.3801
-46.7705
-47.1549
-47.5305
-47.8943
-48.2435
-48.5753
-48.8873
-39.6094
-39.8144
-40.0009
-40.1701
-40.3225
-40.459
-40.5809
-40.6886
-40.7832
-40.8653
-40.9364
-40.9968
-41.0473
-41.0896
-41.123
-41.15
-41.1707
-41.1858
-41.1961
-41.2025
-41.207
-41.2079
-41.2074
-41.2068
-41.2065
-41.2053
-41.2064
-41.2085
-41.2129
-41.2203
-41.2301
-41.2435
-41.2594
-41.2783
-41.3009
-41.3255
-41.3521
-41.3809
-41.4101
-41.4387
-41.4661
-41.4914
-41.5128
-41.5293
-41.5397
-41.5426
-41.5377
-41.5238
-41.5005
-41.4675
-41.425
-41.3732
-41.313
-41.2451
-41.1709
-41.0919
-41.0098
-40.9264
-40.8435
-40.7632
-40.6873
-40.6179
-40.5565
-40.505
-40.4649
-40.4376
-40.4244
-40.4264
-40.4445
-40.4796
-40.5323
-40.6032
-40.6929
-40.8016
-40.9296
-41.0773
-41.2445
-41.4312
-41.6374
-41.8629
-42.1072
-42.3697
-42.6496
-42.9462
-43.2584
-43.5847
-43.9236
-44.2736
-44.6327
-44.9988
-45.3695
-45.7426
-46.1155
-46.4855
-46.8501
-47.2065
-47.552
-47.8841
-48.2
-48.4976
-41.0807
-41.2495
-41.3986
-41.5291
-41.6414
-41.737
-41.8169
-41.882
-41.9328
-41.971
-41.9976
-42.0131
-42.0186
-42.0159
-42.0046
-41.9869
-41.9644
-41.9356
-41.9036
-41.8691
-41.833
-41.7951
-41.7566
-41.7204
-41.6845
-41.6513
-41.6202
-41.5925
-41.5692
-41.5495
-41.5342
-41.524
-41.5175
-41.5158
-41.5185
-41.5243
-41.5336
-41.5456
-41.5586
-41.572
-41.5849
-41.5959
-41.6037
-41.607
-41.6049
-41.596
-41.5798
-41.5554
-41.5224
-41.4807
-41.4305
-41.372
-41.3061
-41.2338
-41.1564
-41.075
-40.9916
-40.9078
-40.8254
-40.7461
-40.6718
-40.6043
-40.5452
-40.496
-40.4582
-40.433
-40.4216
-40.425
-40.4441
-40.4796
-40.5321
-40.6022
-40.6902
-40.7966
-40.9215
-41.0651
-41.2274
-41.4084
-41.6079
-41.8256
-42.0611
-42.3139
-42.5831
-42.8679
-43.1673
-43.48
-43.8046
-44.1394
-44.4826
-44.8323
-45.1863
-45.5426
-45.8984
-46.2518
-46.5999
-46.9404
-47.2707
-47.5885
-47.8913
-48.1769
-42.5408
-42.6671
-42.7725
-42.8581
-42.9246
-42.9736
-43.0062
-43.0234
-43.0261
-43.0159
-42.994
-42.9615
-42.9192
-42.869
-42.8117
-42.7486
-42.6814
-42.6096
-42.5362
-42.4612
-42.3863
-42.3114
-42.2381
-42.1679
-42.1001
-42.0375
-41.9777
-41.9234
-41.8747
-41.8314
-41.7941
-41.7628
-41.7367
-41.7164
-41.7008
-41.6902
-41.6833
-41.6794
-41.6779
-41.6768
-41.6757
-41.6731
-41.668
-41.659
-41.6448
-41.6247
-41.5979
-41.5636
-41.5217
-41.472
-41.4148
-41.3504
-41.2797
-41.2037
-41.1235
-41.0405
-40.9564
-40.8726
-40.791
-40.7133
-40.641
-40.5758
-40.5191
-40.4726
-40.4374
-40.4147
-40.4057
-40.4112
-40.432
-40.4687
-40.522
-40.5924
-40.6801
-40.7855
-40.9089
-41.0501
-41.2095
-41.3866
-41.5815
-41.7937
-42.0229
-42.2684
-42.5296
-42.8055
-43.0951
-43.3972
-43.7105
-44.0332
-44.3638
-44.7005
-45.0411
-45.3836
-45.7258
-46.0654
-46.4002
-46.7277
-47.0456
-47.3516
-47.6436
-47.9194
-43.9652
-44.0432
-44.099
-44.1345
-44.1498
-44.1475
-44.129
-44.0939
-44.0458
-43.984
-43.9122
-43.83
-43.739
-43.6414
-43.5383
-43.4308
-43.3199
-43.2082
-43.0948
-42.982
-42.8723
-42.763
-42.6588
-42.5579
-42.4626
-42.373
-42.2884
-42.2109
-42.14
-42.0765
-42.0193
-41.9692
-41.9259
-41.8887
-41.8568
-41.831
-41.8091
-41.7906
-41.7751
-41.7602
-41.7459
-41.7305
-41.7128
-41.6917
-41.666
-41.6351
-41.5982
-41.5547
-41.5044
-41.4474
-41.3838
-41.3141
-41.2392
-41.1599
-41.0776
-40.9934
-40.9089
-40.8256
-40.7452
-40.6691
-40.5989
-40.5363
-40.4824
-40.4388
-40.4065
-40.3867
-40.3805
-40.3885
-40.4116
-40.4503
-40.5053
-40.5769
-40.6654
-40.7711
-40.8942
-41.0347
-41.1925
-41.3676
-41.5598
-41.7686
-41.9936
-42.2342
-42.4896
-42.7591
-43.0415
-43.3357
-43.6402
-43.9538
-44.2747
-44.601
-44.9312
-45.2628
-45.5942
-45.9228
-46.2468
-46.5639
-46.8717
-47.1683
-47.4516
-47.7195
-45.3259
-45.3505
-45.3528
-45.3337
-45.2949
-45.2382
-45.166
-45.0775
-44.9765
-44.8637
-44.7416
-44.611
-44.4726
-44.3294
-44.1831
-44.034
-43.8831
-43.7344
-43.5847
-43.4391
-43.2977
-43.1589
-43.0271
-42.9004
-42.7808
-42.6677
-42.5618
-42.4648
-42.3747
-42.2927
-42.2184
-42.152
-42.093
-42.0403
-41.994
-41.9536
-41.9177
-41.8855
-41.8563
-41.8284
-41.8011
-41.7731
-41.7432
-41.7104
-41.6738
-41.6325
-41.586
-41.5337
-41.4756
-41.4117
-41.3423
-41.2678
-41.1891
-41.1071
-41.0229
-40.9379
-40.8533
-40.7707
-40.6915
-40.6173
-40.5494
-40.4894
-40.4384
-40.3978
-40.3687
-40.3521
-40.3489
-40.3599
-40.3857
-40.4271
-40.4844
-40.558
-40.6483
-40.7553
-40.8793
-41.0203
-41.1781
-41.3527
-41.5437
-41.7509
-41.9735
-42.2112
-42.463
-42.7282
-43.0056
-43.2942
-43.5927
-43.8994
-44.213
-44.5318
-44.8538
-45.1772
-45.5
-45.8202
-46.1357
-46.4445
-46.7446
-47.0337
-47.3102
-47.572
-46.5948
-46.5631
-46.5094
-46.4333
-46.3401
-46.2281
-46.1026
-45.9618
-45.8096
-45.6475
-45.4775
-45.3019
-45.1198
-44.9349
-44.7491
-44.5629
-44.3775
-44.195
-44.0149
-43.8408
-43.6722
-43.5084
-43.3529
-43.2045
-43.0639
-42.9311
-42.8076
-42.6929
-42.586
-42.4884
-42.3987
-42.3178
-42.2439
-42.1774
-42.1174
-42.0632
-42.0141
-41.9686
-41.9264
-41.8857
-41.8457
-41.8056
-41.764
-41.7199
-41.6726
-41.6213
-41.5656
-41.505
-41.4395
-41.3691
-41.2942
-41.2153
-41.1332
-41.0487
-40.963
-40.8772
-40.7927
-40.7109
-40.633
-40.5607
-40.4951
-40.4377
-40.3897
-40.3522
-40.3262
-40.3129
-40.313
-40.3273
-40.3564
-40.4008
-40.461
-40.5374
-40.6301
-40.7393
-40.8653
-41.0078
-41.1669
-41.3422
-41.5336
-41.7405
-41.9625
-42.1989
-42.4489
-42.7116
-42.9861
-43.2712
-43.5655
-43.8676
-44.1761
-44.4894
-44.8056
-45.1228
-45.4394
-45.7532
-46.0626
-46.3651
-46.6593
-46.9427
-47.214
-47.4712
-47.7472
-47.658
-47.5495
-47.4181
-47.2714
-47.1073
-46.9307
-46.7409
-46.5419
-46.3346
-46.1221
-45.9052
-45.6853
-45.4646
-45.244
-45.026
-44.8115
-44.6003
-44.395
-44.1966
-44.0053
-43.8206
-43.6456
-43.478
-43.3202
-43.171
-43.0316
-42.9016
-42.7803
-42.6685
-42.5651
-42.4705
-42.3832
-42.304
-42.2306
-42.1638
-42.1016
-42.0436
-41.9887
-41.9355
-41.8835
-41.8315
-41.7784
-41.7235
-41.6659
-41.605
-41.5405
-41.472
-41.3994
-41.3229
-41.2429
-41.1598
-41.0744
-40.9876
-40.9004
-40.814
-40.7295
-40.6484
-40.5719
-40.5013
-40.438
-40.3831
-40.3379
-40.3035
-40.2808
-40.2708
-40.2743
-40.2921
-40.3246
-40.3725
-40.4361
-40.5156
-40.6114
-40.7237
-40.8523
-40.9973
-41.1585
-41.3356
-41.5285
-41.7365
-41.9591
-42.1956
-42.4453
-42.7073
-42.9805
-43.2636
-43.5556
-43.8551
-44.1604
-44.47
-44.7824
-45.0955
-45.4077
-45.7171
-46.0219
-46.32
-46.6101
-46.8895
-47.1574
-47.4113
-48.7639
-48.6214
-48.461
-48.279
-48.0831
-47.8719
-47.6496
-47.4167
-47.1769
-46.9308
-46.682
-46.4295
-46.1779
-45.9271
-45.6783
-45.4328
-45.1948
-44.9609
-44.7337
-44.5153
-44.3058
-44.1038
-43.9115
-43.7281
-43.5558
-43.3925
-43.2389
-43.0957
-42.9612
-42.8364
-42.7209
-42.6133
-42.514
-42.4222
-42.3366
-42.2574
-42.1829
-42.1127
-42.0456
-41.9806
-41.9169
-41.8534
-41.7894
-41.724
-41.6565
-41.5864
-41.5134
-41.4373
-41.3579
-41.2756
-41.1906
-41.1034
-41.0149
-40.9258
-40.8371
-40.7499
-40.6654
-40.5848
-40.5094
-40.4404
-40.3791
-40.3266
-40.2841
-40.2525
-40.233
-40.2263
-40.2332
-40.2545
-40.2906
-40.3421
-40.4093
-40.4924
-40.5918
-40.7075
-40.8394
-40.9874
-41.1516
-41.3314
-41.5266
-41.7365
-41.9608
-42.1987
-42.4492
-42.7115
-42.9849
-43.2677
-43.5588
-43.857
-44.1609
-44.4684
-44.7786
-45.0894
-45.399
-45.7057
-46.0078
-46.3032
-46.5906
-46.8676
-47.1334
-47.3857
-49.6376
-49.4487
-49.2415
-49.0163
-48.7779
-48.5268
-48.2666
-47.9981
-47.7237
-47.4459
-47.167
-46.8868
-46.6088
-46.3329
-46.0619
-45.7954
-45.5377
-45.2846
-45.04
-44.8054
-44.5802
-44.363
-44.157
-43.9603
-43.7746
-43.5987
-43.4326
-43.2773
-43.1311
-42.9944
-42.8672
-42.748
-42.637
-42.5335
-42.4364
-42.3454
-42.2592
-42.1774
-42.0987
-42.0223
-41.9474
-41.8731
-41.7986
-41.7232
-41.6463
-41.5675
-41.4864
-41.4029
-41.317
-41.2289
-41.1391
-41.0479
-40.9561
-40.8646
-40.7742
-40.686
-40.6012
-40.5209
-40.4462
-40.3785
-40.3188
-40.2684
-40.2282
-40.1993
-40.1826
-40.179
-40.1892
-40.2138
-40.2535
-40.3085
-40.3794
-40.4663
-40.5694
-40.6887
-40.8242
-40.9758
-41.1433
-41.3262
-41.5244
-41.737
-41.9637
-42.2037
-42.456
-42.7196
-42.9941
-43.2777
-43.5694
-43.8676
-44.1711
-44.4784
-44.788
-45.0979
-45.4063
-45.7119
-46.0129
-46.3073
-46.5936
-46.8698
-47.1348
-47.3867
-50.3726
-50.1443
-49.9001
-49.6395
-49.3667
-49.0848
-48.7939
-48.4969
-48.1952
-47.8934
-47.59
-47.2891
-46.9898
-46.694
-46.405
-46.1223
-45.8477
-45.5794
-45.3207
-45.0717
-44.8331
-44.6032
-44.3851
-44.1762
-43.9786
-43.7914
-43.6141
-43.4475
-43.2905
-43.1427
-43.0045
-42.8744
-42.7526
-42.638
-42.5301
-42.428
-42.331
-42.2382
-42.1487
-42.0617
-41.9763
-41.8918
-41.8074
-41.7226
-41.6368
-41.5496
-41.4607
-41.3701
-41.2779
-41.1841
-41.0893
-40.994
-40.8988
-40.8045
-40.7121
-40.6225
-40.5369
-40.4563
-40.382
-40.315
-40.2565
-40.2076
-40.1693
-40.1426
-40.1283
-40.1274
-40.1405
-40.1682
-40.2111
-40.2695
-40.3439
-40.4343
-40.5409
-40.6639
-40.803
-40.9583
-41.1291
-41.3154
-41.5169
-41.7324
-41.9621
-42.2047
-42.4593
-42.7251
-43.0015
-43.2869
-43.5801
-43.8793
-44.1839
-44.4923
-44.8022
-45.113
-45.4219
-45.7278
-46.029
-46.3241
-46.6107
-46.8874
-47.1533
-47.406
-50.982
-50.7243
-50.4531
-50.1641
-49.867
-49.5618
-49.2473
-48.9291
-48.6074
-48.2868
-47.9653
-47.647
-47.3317
-47.0211
-46.7165
-46.4204
-46.1318
-45.851
-45.5798
-45.3184
-45.0679
-44.8267
-44.597
-44.3775
-44.1685
-43.9709
-43.7832
-43.6059
-43.4385
-43.2808
-43.1321
-42.992
-42.86
-42.7353
-42.6172
-42.5051
-42.3979
-42.2951
-42.1957
-42.0988
-42.0038
-41.9099
-41.8164
-41.7228
-41.6286
-41.5334
-41.4371
-41.3396
-41.241
-41.1416
-41.0416
-40.9418
-40.8428
-40.7453
-40.6503
-40.5587
-40.4716
-40.3902
-40.3154
-40.2485
-40.1904
-40.1423
-40.1052
-40.08
-40.0676
-40.0688
-40.0841
-40.1144
-40.1599
-40.2212
-40.2985
-40.3921
-40.502
-40.6281
-40.7705
-40.9292
-41.1032
-41.2929
-41.4975
-41.7161
-41.9488
-42.1942
-42.4518
-42.7204
-42.9992
-43.2873
-43.5823
-43.8841
-44.1907
-44.5009
-44.813
-45.1258
-45.4365
-45.7445
-46.0472
-46.3444
-46.6336
-46.9117
-47.1802
-47.4354
-51.4876
-51.211
-50.9184
-50.6116
-50.2972
-49.9748
-49.6433
-49.3105
-48.9731
-48.6381
-48.3037
-47.9705
-47.643
-47.32
-47.0025
-46.695
-46.3937
-46.1018
-45.8194
-45.547
-45.2849
-45.0332
-44.7927
-44.5631
-44.3438
-44.1359
-43.9383
-43.7511
-43.5741
-43.4068
-43.2487
-43.0993
-42.9579
-42.824
-42.6968
-42.5756
-42.4594
-42.3476
-42.2393
-42.1337
-42.03
-41.9276
-41.8258
-41.724
-41.622
-41.5193
-41.4158
-41.3115
-41.2066
-41.1012
-40.9959
-40.8912
-40.7877
-40.6864
-40.588
-40.4936
-40.4042
-40.3209
-40.2448
-40.1769
-40.1184
-40.0702
-40.0334
-40.0088
-39.9974
-39.9997
-40.0166
-40.0485
-40.096
-40.1593
-40.2389
-40.3348
-40.4472
-40.5759
-40.721
-40.8824
-41.0592
-41.2517
-41.4593
-41.6811
-41.9164
-42.1651
-42.4257
-42.6974
-42.9786
-43.2704
-43.5684
-43.8729
-44.1834
-44.4962
-44.8117
-45.128
-45.4415
-45.7534
-46.0591
-46.3599
-46.6528
-46.9353
-47.2067
-47.4664
-51.9102
-51.6218
-51.3146
-50.9977
-50.6706
-50.3354
-49.9933
-49.6492
-49.3008
-48.9539
-48.6083
-48.2643
-47.9263
-47.5914
-47.264
-46.9453
-46.633
-46.3303
-46.0375
-45.7548
-45.4819
-45.2202
-44.9696
-44.7298
-44.501
-44.2833
-44.0764
-43.8802
-43.6942
-43.5181
-43.3515
-43.1937
-43.0442
-42.9022
-42.7671
-42.638
-42.5141
-42.3945
-42.2786
-42.1654
-42.0542
-41.9443
-41.8352
-41.7262
-41.617
-41.5073
-41.397
-41.2861
-41.1748
-41.0633
-40.9523
-40.8421
-40.7336
-40.6277
-40.5251
-40.4269
-40.3342
-40.248
-40.1694
-40.0995
-40.0394
-39.9901
-39.9524
-39.9274
-39.9158
-39.9183
-39.9356
-39.9682
-40.0165
-40.081
-40.1618
-40.2592
-40.3731
-40.5037
-40.6507
-40.814
-40.9932
-41.1879
-41.3979
-41.6224
-41.8604
-42.112
-42.3759
-42.6506
-42.9353
-43.2303
-43.5328
-43.8404
-44.1551
-44.4722
-44.7922
-45.1124
-45.4306
-45.7473
-46.0588
-46.364
-46.6619
-46.9506
-47.2268
-47.4928
-52.301
-52.0034
-51.6885
-51.3623
-51.0259
-50.6803
-50.3304
-49.9751
-49.6176
-49.2589
-48.9028
-48.5492
-48.199
-47.8534
-47.5155
-47.1846
-46.8616
-46.5474
-46.2436
-45.9496
-45.6661
-45.3937
-45.1325
-44.8825
-44.6439
-44.4166
-44.2005
-43.9954
-43.8008
-43.6166
-43.4421
-43.2767
-43.1199
-42.971
-42.829
-42.6932
-42.5628
-42.4369
-42.3145
-42.1949
-42.0773
-41.9608
-41.845
-41.7293
-41.6133
-41.4967
-41.3794
-41.2615
-41.1432
-41.0248
-40.9069
-40.7901
-40.6752
-40.563
-40.4546
-40.3508
-40.253
-40.162
-40.0791
-40.0054
-39.9419
-39.8895
-39.8494
-39.8223
-39.8089
-39.8101
-39.8265
-39.8585
-39.9064
-39.9709
-40.0519
-40.1498
-40.2644
-40.3959
-40.5441
-40.7087
-40.8897
-41.0864
-41.2985
-41.5255
-41.7665
-42.021
-42.2885
-42.5669
-42.856
-43.1549
-43.4624
-43.7758
-44.0945
-44.4188
-44.7451
-45.0709
-45.3971
-45.7199
-46.04
-46.3527
-46.6584
-46.9548
-47.2397
-47.5136
-52.7563
-52.4486
-52.1249
-51.7881
-51.4404
-51.0838
-50.7218
-50.353
-49.9832
-49.6109
-49.2406
-48.8733
-48.5078
-48.1485
-47.7956
-47.4501
-47.1127
-46.7844
-46.4661
-46.1582
-45.8613
-45.5756
-45.3016
-45.0393
-44.789
-44.5505
-44.3238
-44.1087
-43.9048
-43.7119
-43.5292
-43.3563
-43.1925
-43.0369
-42.8887
-42.747
-42.6108
-42.4792
-42.3511
-42.2256
-42.1019
-41.9791
-41.8566
-41.7337
-41.6101
-41.4855
-41.3598
-41.2331
-41.1057
-40.9779
-40.8505
-40.724
-40.5994
-40.4777
-40.3599
-40.2471
-40.1406
-40.0414
-39.9509
-39.87
-39.8
-39.7418
-39.6964
-39.6646
-39.6473
-39.6451
-39.6585
-39.6882
-39.7344
-39.7976
-39.8778
-39.9752
-40.0899
-40.2218
-40.3709
-40.5368
-40.7194
-40.9184
-41.1332
-41.3633
-41.6082
-41.867
-42.1391
-42.4232
-42.7186
-43.0243
-43.339
-43.6613
-43.9883
-44.3223
-44.6586
-44.9953
-45.3334
-45.6678
-46.0002
-46.3261
-46.645
-46.9548
-47.2538
-47.5405
-72.1158
-71.5665
-71.0907
-70.5526
-69.8716
-69.0091
-67.9321
-66.6277
-65.1028
-63.3841
-61.5139
-59.5397
-57.5078
-55.4592
-53.4258
-51.4306
-49.4881
-47.6064
-45.7896
-44.0389
-42.3537
-40.7324
-39.173
-37.6731
-36.2306
-34.8429
-33.508
-32.2238
-30.988
-29.7989
-28.6543
-27.5523
-26.4913
-25.4693
-24.4848
-23.5362
-22.622
-21.7406
-20.8907
-20.071
-19.2802
-18.517
-17.7805
-17.0694
-16.3829
-15.7198
-15.0795
-14.461
-13.8636
-13.2866
-12.7291
-12.1906
-11.6705
-11.1683
-10.6833
-10.2152
-9.76333
-9.32739
-8.90692
-8.50153
-8.11084
-7.73446
-7.37206
-7.0233
-6.68783
-6.36533
-6.05547
-5.75794
-5.4724
-5.19855
-4.93609
-4.68469
-4.44405
-4.21386
-3.99377
-3.7835
-3.58275
-3.39119
-3.20851
-3.03441
-2.86859
-2.71074
-2.56056
-2.41775
-2.28201
-2.15306
-2.0306
-1.91435
-1.80404
-1.69941
-1.6002
-1.50616
-1.41705
-1.33266
-1.25275
-1.17709
-1.10551
-1.0378
-0.973779
-0.913267
-0.856096
-0.802095
-0.751104
-0.702965
-0.657529
-0.614662
-0.574237
-0.536125
-0.500215
-0.46639
-0.434549
-0.404577
-0.376377
-0.349867
-0.324922
-0.301474
-0.279454
-0.258786
-0.239397
-0.221209
-0.20415
-0.188157
-0.173175
-0.159153
-0.146043
-0.133792
-0.122337
-0.111623
-0.101608
-0.0922672
-0.0835788
-0.0755014
-0.0679721
-0.0609356
-0.0543679
-0.0482719
-0.0426454
-0.0374444
-0.0325911
-0.0280326
-0.0237822
-0.0199018
-0.0163739
-0.0130663
-0.00990734
-0.00694223
-0.00433056
-0.00203509
0.00025952
0.00258291
0.00470417
0.0062149
0.00759758
0.00932948
0.0112277
0.012458
0.0130654
0.0145919
0.0162526
0.0168653
0.0166669
0.018247
0.0206307
0.0200379
0.0192195
0.0209124
0.0233937
0.021039
0.0209485
0.0246092
0.0240217
0.0210499
0.0236951
0.0246107
0.0203707
0.0246683
0.0274805
0.0190071
0.0215048
0.0238316
0.016865
0.0253523
0.0221857
0.0139322
0.0250693
0.0101203
0.0149877
0.0219188
0.000499943
0.0259568
-0.00446652
0.00276328
0.00940697
-0.031798
0.00902749
-0.0464798
-0.0195429
-0.0573161
-0.03978
-0.155945
-71.5926
-71.0515
-70.5856
-70.064
-69.4124
-68.5956
-67.5791
-66.3445
-64.8967
-63.2572
-61.4619
-59.5558
-57.5835
-55.5859
-53.5954
-51.636
-49.7235
-47.8672
-46.0719
-44.3394
-42.6696
-41.0613
-39.5129
-38.022
-36.5865
-35.2043
-33.8734
-32.5917
-31.3572
-30.1681
-29.0225
-27.9186
-26.8546
-25.8288
-24.8398
-23.8861
-22.966
-22.0784
-21.2216
-20.3946
-19.5962
-18.8251
-18.0803
-17.3607
-16.6655
-15.9936
-15.3443
-14.7168
-14.1103
-13.5241
-12.9576
-12.4101
-11.8811
-11.3699
-10.8763
-10.3995
-9.93927
-9.4951
-9.06658
-8.65336
-8.25505
-7.87132
-7.5018
-7.14615
-6.80407
-6.47523
-6.15928
-5.85593
-5.56485
-5.28572
-5.01822
-4.76205
-4.51689
-4.28243
-4.05832
-3.84425
-3.63993
-3.44501
-3.25918
-3.08213
-2.91354
-2.7531
-2.60051
-2.45544
-2.3176
-2.18669
-2.06241
-1.94446
-1.83256
-1.72644
-1.62585
-1.53053
-1.44021
-1.35468
-1.27371
-1.19708
-1.12458
-1.05602
-0.991186
-0.929914
-0.872035
-0.81737
-0.765757
-0.717034
-0.671054
-0.627672
-0.586753
-0.54818
-0.511838
-0.477612
-0.445386
-0.415058
-0.386521
-0.359681
-0.33444
-0.3107
-0.28841
-0.26748
-0.247849
-0.22943
-0.212153
-0.195954
-0.180777
-0.166569
-0.153282
-0.140859
-0.12924
-0.118371
-0.108208
-0.0987277
-0.0899024
-0.0816924
-0.0740359
-0.0668782
-0.0601958
-0.0539916
-0.0482613
-0.0429533
-0.0379907
-0.0333317
-0.028996
-0.0250366
-0.0214207
-0.0180048
-0.014738
-0.0117008
-0.00903847
-0.00665895
-0.00425876
-0.00184023
0.000331818
0.00189345
0.00345094
0.00524863
0.00715061
0.00834597
0.00918046
0.0107735
0.0126376
0.01317
0.0131839
0.0145149
0.0170621
0.0166621
0.0162968
0.0178851
0.019765
0.0179179
0.0187364
0.0218842
0.019708
0.017999
0.0225224
0.0226003
0.0176959
0.0208837
0.022316
0.0179839
0.0228678
0.0213292
0.0140532
0.0214831
0.0175712
0.0147059
0.0225105
0.00838562
0.0159268
0.0108351
-0.00053532
0.0190502
-0.00966439
0.0175772
0.000670154
-0.0074037
0.0204175
-0.0286059
0.0103435
-0.0432601
-0.00598856
-0.0981263
-71.041
-70.5065
-70.0482
-69.546
-68.9253
-68.1493
-67.1878
-66.0207
-64.6455
-63.0803
-61.3579
-59.5195
-57.6083
-55.6638
-53.7186
-51.7976
-49.9177
-48.0892
-46.3176
-44.6056
-42.9535
-41.3601
-39.8244
-38.3443
-36.9177
-35.5426
-34.2173
-32.9398
-31.7081
-30.5205
-29.3752
-28.2706
-27.2049
-26.1766
-25.1842
-24.2262
-23.3013
-22.408
-21.5452
-20.7117
-19.9061
-19.1275
-18.3749
-17.6473
-16.9436
-16.2632
-15.6052
-14.9688
-14.3533
-13.7582
-13.1827
-12.6262
-12.0882
-11.5683
-11.0659
-10.5805
-10.1118
-9.65942
-9.22287
-8.80182
-8.39591
-8.00481
-7.62819
-7.2657
-6.91701
-6.58184
-6.25986
-5.95072
-5.65413
-5.36976
-5.0973
-4.83643
-4.58682
-4.34814
-4.12009
-3.9023
-3.69448
-3.49629
-3.3074
-3.12748
-2.95621
-2.79327
-2.63835
-2.49111
-2.35125
-2.21845
-2.09241
-1.97285
-1.85944
-1.75191
-1.65
-1.55346
-1.46202
-1.37542
-1.29346
-1.21591
-1.14255
-1.07318
-1.0076
-0.945626
-0.887085
-0.831802
-0.77961
-0.730347
-0.683857
-0.639995
-0.598629
-0.559629
-0.522885
-0.488282
-0.455706
-0.425044
-0.396194
-0.369056
-0.343536
-0.319538
-0.296994
-0.275829
-0.25597
-0.237338
-0.219861
-0.203473
-0.188115
-0.173735
-0.160284
-0.147705
-0.135936
-0.124922
-0.114624
-0.105015
-0.0960653
-0.0877323
-0.0799576
-0.0726879
-0.0658991
-0.0595946
-0.0537673
-0.048359
-0.043295
-0.0385421
-0.0341228
-0.0300881
-0.0263898
-0.022879
-0.0195156
-0.0164061
-0.0136903
-0.0112263
-0.00874152
-0.00624234
-0.00401921
-0.002412
-0.000694958
0.00125237
0.00318137
0.00422948
0.0052958
0.00701338
0.00906845
0.00931473
0.00962993
0.0111792
0.0135557
0.0128822
0.0130856
0.0153477
0.0166781
0.0144195
0.0153536
0.0194635
0.0174421
0.0154443
0.0190833
0.0184547
0.0161808
0.0210867
0.0191077
0.0133421
0.020052
0.018494
0.0146431
0.021736
0.012918
0.0124333
0.0180169
0.00780104
0.0198873
0.00831955
0.00566321
0.0122247
-0.0113662
0.0106878
-0.0303435
-0.00835983
-0.0232258
-0.0372842
-0.0110409
-0.0548469
-0.011882
-0.0808395
-70.4652
-69.9395
-69.4909
-69.0021
-68.4082
-67.6752
-66.7676
-65.6645
-64.3611
-62.8711
-61.2229
-59.4533
-57.6037
-55.7134
-53.815
-51.9338
-50.0878
-48.2883
-46.5417
-44.8514
-43.218
-41.6407
-40.1186
-38.6501
-37.2334
-35.8665
-34.5477
-33.2751
-32.047
-30.8618
-29.7176
-28.613
-27.5463
-26.5161
-25.5209
-24.5593
-23.6299
-22.7316
-21.8631
-21.0233
-20.2111
-19.4253
-18.6651
-17.9295
-17.2177
-16.5289
-15.8622
-15.2171
-14.5927
-13.9886
-13.4041
-12.8387
-12.2918
-11.763
-11.2519
-10.758
-10.2809
-9.82022
-9.37561
-8.94674
-8.53325
-8.13481
-7.75108
-7.38177
-7.02653
-6.68506
-6.35705
-6.04218
-5.74013
-5.45059
-5.17322
-4.90771
-4.65372
-4.41092
-4.17898
-3.95756
-3.74634
-3.54495
-3.35308
-3.17039
-2.99654
-2.83119
-2.67402
-2.52469
-2.38289
-2.24829
-2.12058
-1.99947
-1.88464
-1.77578
-1.67263
-1.57495
-1.48245
-1.39487
-1.31198
-1.23356
-1.1594
-1.08929
-1.02301
-0.960388
-0.901238
-0.845386
-0.79266
-0.742892
-0.695931
-0.651629
-0.609848
-0.570465
-0.533354
-0.498404
-0.465504
-0.434537
-0.405398
-0.377987
-0.352208
-0.327973
-0.305203
-0.283826
-0.26376
-0.244934
-0.227271
-0.21071
-0.195186
-0.180649
-0.16705
-0.154327
-0.14242
-0.131275
-0.120854
-0.111127
-0.102064
-0.09362
-0.0857363
-0.0783628
-0.0714766
-0.0650799
-0.0591616
-0.0536614
-0.0485044
-0.0436651
-0.0391691
-0.0350577
-0.0312799
-0.0276874
-0.0242383
-0.0210541
-0.0182795
-0.015737
-0.013173
-0.0106172
-0.00836069
-0.00665219
-0.00478458
-0.00274496
-0.000748563
0.00023141
0.00145017
0.00325499
0.00543057
0.00561175
0.00610851
0.00775167
0.0100772
0.00945009
0.0097702
0.0122827
0.013202
0.0117162
0.0131064
0.0158063
0.0134182
0.0139508
0.0182208
0.0148396
0.0124102
0.018106
0.0167805
0.0142618
0.0186088
0.0125166
0.0122226
0.0194512
0.0116596
0.0158905
0.0138912
0.00468754
0.0135129
0.000753829
0.0131754
0.00798441
0.00337571
0.0181322
-0.0146507
0.0202095
-0.0274921
0.00250261
-0.0223647
-0.024638
-0.0128024
-0.0492128
-69.8681
-69.352
-68.913
-68.4413
-67.8738
-67.18
-66.3269
-65.2896
-64.0596
-62.6457
-61.0719
-59.3724
-57.5867
-55.7522
-53.9019
-52.0617
-50.2505
-48.4805
-46.7595
-45.091
-43.4764
-41.9155
-40.4075
-38.9509
-37.5442
-36.1856
-34.8734
-33.6058
-32.3815
-31.1986
-30.0556
-28.9511
-27.8834
-26.8513
-25.8532
-24.888
-23.9543
-23.0509
-22.1768
-21.3307
-20.5117
-19.7188
-18.9511
-18.2076
-17.4876
-16.7904
-16.1151
-15.4612
-14.828
-14.215
-13.6215
-13.0471
-12.4914
-11.9538
-11.434
-10.9315
-10.446
-9.97712
-9.52448
-9.08781
-8.66677
-8.26101
-7.87023
-7.49413
-7.13237
-6.78466
-6.45069
-6.13015
-5.82271
-5.52805
-5.24585
-4.97577
-4.71749
-4.47065
-4.23491
-4.00994
-3.7954
-3.59092
-3.39616
-3.21079
-3.03444
-2.86678
-2.70746
-2.55614
-2.41249
-2.27618
-2.14688
-2.02429
-1.90811
-1.79803
-1.69372
-1.59496
-1.50148
-1.41299
-1.32926
-1.25005
-1.17514
-1.10433
-1.03741
-0.974188
-0.914475
-0.858099
-0.804883
-0.754658
-0.707264
-0.662561
-0.620403
-0.580668
-0.543228
-0.507967
-0.474773
-0.443529
-0.414127
-0.38647
-0.360456
-0.336004
-0.31303
-0.291459
-0.271212
-0.252209
-0.234382
-0.217663
-0.201988
-0.18731
-0.173577
-0.160725
-0.148693
-0.13743
-0.126897
-0.117063
-0.107897
-0.0993532
-0.0913709
-0.0839024
-0.0769279
-0.0704472
-0.064445
-0.0588601
-0.0536198
-0.0487008
-0.0441333
-0.0399531
-0.0360955
-0.0324274
-0.0289079
-0.025655
-0.0228122
-0.0201837
-0.0175511
-0.0149314
-0.0126378
-0.0108454
-0.00885043
-0.0067059
-0.00469818
-0.00374962
-0.00231755
-0.000417871
0.00172154
0.00180976
0.00276388
0.00467309
0.00641233
0.00574836
0.00679194
0.00972046
0.0096393
0.0081489
0.0107775
0.0135333
0.0102507
0.0106341
0.01505
0.0127452
0.0121352
0.0155733
0.0108415
0.0118999
0.0182084
0.0117379
0.0126227
0.0137946
0.00649078
0.0158451
0.0114317
0.00978252
0.0136087
-0.000673818
0.0112862
-0.00717269
0.000312538
-0.00671716
-0.0115025
0.00931967
-0.0291941
0.0176862
-0.0373881
0.0049202
-0.0300928
-0.0173347
-69.2521
-68.7452
-68.3169
-67.8618
-67.3198
-66.6633
-65.8603
-64.886
-63.7279
-62.3901
-60.893
-59.2658
-57.5458
-55.7692
-53.9688
-52.1712
-50.3964
-48.6575
-46.963
-45.3173
-43.7224
-42.1787
-40.6854
-39.2414
-37.8453
-36.4954
-35.1904
-33.9284
-32.7082
-31.5282
-30.3868
-29.2827
-28.2144
-27.1806
-26.18
-25.2114
-24.2736
-23.3653
-22.4857
-21.6336
-20.8079
-20.0079
-19.2327
-18.4815
-17.7534
-17.0478
-16.364
-15.7013
-15.0593
-14.4374
-13.835
-13.2517
-12.687
-12.1407
-11.6121
-11.1011
-10.6072
-10.1301
-9.66946
-9.22501
-8.79642
-8.38339
-7.98558
-7.60272
-7.23449
-6.88059
-6.54071
-6.21455
-5.90178
-5.60208
-5.31512
-5.04055
-4.77805
-4.52725
-4.28781
-4.05938
-3.84161
-3.63413
-3.43659
-3.24863
-3.06988
-2.90001
-2.73863
-2.58541
-2.44001
-2.30208
-2.17129
-2.04732
-1.92985
-1.8186
-1.71324
-1.61349
-1.51908
-1.42975
-1.34524
-1.2653
-1.18972
-1.11827
-1.05077
-0.987003
-0.926786
-0.869931
-0.816268
-0.76563
-0.717852
-0.672783
-0.630292
-0.590236
-0.5525
-0.516961
-0.483504
-0.452011
-0.422376
-0.394497
-0.368278
-0.343631
-0.320474
-0.29873
-0.278318
-0.259162
-0.241188
-0.224328
-0.208521
-0.193717
-0.179864
-0.166897
-0.154755
-0.143388
-0.132754
-0.122824
-0.113565
-0.10493
-0.0968596
-0.0893073
-0.0822538
-0.0756966
-0.069618
-0.0639553
-0.0586388
-0.053648
-0.0490178
-0.0447719
-0.0408399
-0.0371019
-0.0335207
-0.0302084
-0.0272998
-0.0245782
-0.0218552
-0.0191774
-0.0168734
-0.0149866
-0.0128861
-0.0106803
-0.00863739
-0.00766524
-0.0060967
-0.00410573
-0.00203444
-0.00180335
-0.000745758
0.00150827
0.00300145
0.00235806
0.00352731
0.00666366
0.00646786
0.00551608
0.00798877
0.00947462
0.00766444
0.00978806
0.0119852
0.00810415
0.00995088
0.0143604
0.00978281
0.0103362
0.0123222
0.00799403
0.0139369
0.0125769
0.00744991
0.012845
0.003518
0.00846203
0.00889491
0.00467831
0.0134328
-0.0024522
0.013682
-0.0110328
0.0018176
-0.0166108
-0.0212815
-0.00738338
-0.0437486
0.000870054
-0.0406089
-0.00856288
-68.622
-68.1255
-67.7041
-67.2623
-66.7452
-66.1257
-65.3719
-64.4581
-63.3703
-62.1081
-60.6866
-59.1321
-57.4787
-55.7617
-54.0131
-52.2599
-50.5229
-48.8166
-47.1498
-45.5281
-43.954
-42.4282
-40.9504
-39.5197
-38.135
-36.7946
-35.4973
-34.2417
-33.0262
-31.8495
-30.7103
-29.6071
-28.5386
-27.5035
-26.5007
-25.5291
-24.5875
-23.6746
-22.7897
-21.9317
-21.0996
-20.2927
-19.5102
-18.7512
-18.0151
-17.3012
-16.6089
-15.9375
-15.2867
-14.6559
-14.0446
-13.4524
-12.8788
-12.3237
-11.7864
-11.2668
-10.7645
-10.2792
-9.81057
-9.35834
-8.92222
-8.50191
-8.0971
-7.7075
-7.33284
-6.97279
-6.62706
-6.29534
-5.9773
-5.67262
-5.38096
-5.10199
-4.83534
-4.58067
-4.33761
-4.10582
-3.88491
-3.67453
-3.4743
-3.28386
-3.10282
-2.93082
-2.76749
-2.61247
-2.46541
-2.32596
-2.19377
-2.06851
-1.94987
-1.83753
-1.73117
-1.63051
-1.53526
-1.44515
-1.35992
-1.27933
-1.20314
-1.13113
-1.06308
-0.998827
-0.938153
-0.88088
-0.826818
-0.775811
-0.727688
-0.682299
-0.639507
-0.599172
-0.561171
-0.525383
-0.491693
-0.459981
-0.430141
-0.40207
-0.375669
-0.350852
-0.327534
-0.305638
-0.285081
-0.26579
-0.247687
-0.230702
-0.214781
-0.199869
-0.185909
-0.17284
-0.160602
-0.149144
-0.138423
-0.128408
-0.119067
-0.110349
-0.1022
-0.094576
-0.0874539
-0.080829
-0.0746791
-0.0689441
-0.0635607
-0.058507
-0.0538194
-0.0495148
-0.0455078
-0.0417039
-0.0380732
-0.0347153
-0.0317358
-0.0289221
-0.0261226
-0.0233815
-0.021078
-0.0191183
-0.0168804
-0.0145879
-0.0125932
-0.0115098
-0.00979681
-0.00771277
-0.00587554
-0.00544913
-0.00401361
-0.00169741
-0.000690288
-0.000970958
0.000780959
0.00354431
0.00270816
0.00255389
0.00609687
0.00658172
0.00403193
0.00705526
0.00978736
0.00657822
0.00799979
0.0095868
0.00650561
0.0110898
0.0113262
0.00568986
0.0102356
0.00705019
0.00767
0.0129121
0.00481883
0.0104893
0.00202021
0.0020409
0.00166867
-0.00509774
0.00980951
-0.00886047
0.0162414
-0.0171153
0.0142579
-0.0163912
-0.000986818
-0.00321898
-0.0103909
-0.00228144
-67.9759
-67.4917
-67.0817
-66.6534
-66.1575
-65.5713
-64.8636
-64.0075
-62.9874
-61.799
-60.4529
-58.9719
-57.3871
-55.7312
-54.0359
-52.3287
-50.6311
-48.9584
-47.3205
-45.7239
-44.1714
-42.6644
-41.2028
-39.7862
-38.4134
-37.0833
-35.7944
-34.5457
-33.3356
-32.1627
-31.0261
-29.9243
-28.8561
-27.8203
-26.8157
-25.8413
-24.896
-23.979
-23.089
-22.2254
-21.387
-20.5734
-19.7836
-19.017
-18.273
-17.5508
-16.85
-16.17
-15.5104
-14.8706
-14.2504
-13.6493
-13.0669
-12.5029
-11.9569
-11.4287
-10.918
-10.4245
-9.94782
-9.4878
-9.04415
-8.61656
-8.20476
-7.80846
-7.42738
-7.06122
-6.70968
-6.37244
-6.04919
-5.7396
-5.44332
-5.16
-4.88929
-4.63083
-4.38425
-4.14918
-3.92524
-3.71206
-3.50924
-3.31642
-3.13318
-2.95916
-2.79398
-2.63727
-2.48865
-2.34777
-2.21429
-2.08784
-1.96812
-1.85477
-1.74751
-1.64601
-1.55
-1.45918
-1.37331
-1.29212
-1.21538
-1.14286
-1.07436
-1.00966
-0.948584
-0.890932
-0.836524
-0.785195
-0.736771
-0.691103
-0.648049
-0.607469
-0.569236
-0.53323
-0.499335
-0.467436
-0.43742
-0.409184
-0.382628
-0.357665
-0.334208
-0.312181
-0.2915
-0.27209
-0.253876
-0.236787
-0.220768
-0.205763
-0.191711
-0.178554
-0.166234
-0.154696
-0.143901
-0.133815
-0.124403
-0.115613
-0.107394
-0.099706
-0.0925258
-0.0858413
-0.0796278
-0.0738268
-0.0683828
-0.0632765
-0.0585381
-0.0541776
-0.050101
-0.0462278
-0.0425545
-0.0391672
-0.0361248
-0.0332133
-0.0303479
-0.02758
-0.0252563
-0.0231972
-0.0208863
-0.01851
-0.0165125
-0.0152887
-0.0134948
-0.0113008
-0.00960324
-0.00900227
-0.00747049
-0.00490369
-0.00409012
-0.0042983
-0.00239807
0.000451944
-0.000271778
-0.000219663
0.00282172
0.00332073
0.00239131
0.00493743
0.00526341
0.00334294
0.00767192
0.00818091
0.00366238
0.0071576
0.00723513
0.00671311
0.0106358
0.00452007
0.0054951
0.00572223
0.00293654
0.0102982
0.00219837
0.00868407
0.000886697
0.00133858
-0.00261353
-0.0136656
-0.000256286
-0.0255767
0.00942174
-0.0379093
0.0103557
-0.0364568
-0.00355209
-0.0157663
-67.3218
-66.8484
-66.4465
-66.0314
-65.5574
-65.0025
-64.3392
-63.5391
-62.5842
-61.4677
-60.1964
-58.7893
-57.273
-55.6792
-54.039
-52.3794
-50.7226
-49.0846
-47.4767
-45.9058
-44.3759
-42.8884
-41.4439
-40.0418
-38.6817
-37.3625
-36.0826
-34.8412
-33.6369
-32.4686
-31.335
-30.235
-29.1675
-28.1312
-27.1252
-26.1484
-25.1999
-24.2787
-23.384
-22.5148
-21.6704
-20.8501
-20.0533
-19.2791
-18.5271
-17.7967
-17.0875
-16.3988
-15.7304
-15.0818
-14.4526
-13.8425
-13.2512
-12.6783
-12.1236
-11.5868
-11.0676
-10.5658
-10.0812
-9.61335
-9.16216
-8.72728
-8.3085
-7.90551
-7.51804
-7.1458
-6.78849
-6.44579
-6.11738
-5.80292
-5.50209
-5.21451
-4.93983
-4.67766
-4.42764
-4.1894
-3.96253
-3.74665
-3.54135
-3.34624
-3.16092
-2.98499
-2.81807
-2.65976
-2.50969
-2.36749
-2.2328
-2.10527
-1.98454
-1.87029
-1.7622
-1.65997
-1.56327
-1.47184
-1.38539
-1.30368
-1.22646
-1.15349
-1.08457
-1.01949
-0.958065
-0.900087
-0.845381
-0.793773
-0.745093
-0.699187
-0.655906
-0.615116
-0.576688
-0.540499
-0.506433
-0.474375
-0.444211
-0.415834
-0.389148
-0.364063
-0.340493
-0.318356
-0.297573
-0.278063
-0.259755
-0.242581
-0.22648
-0.211397
-0.19727
-0.184039
-0.171649
-0.160046
-0.149188
-0.139041
-0.12957
-0.12072
-0.112442
-0.104698
-0.0974655
-0.0907313
-0.0844635
-0.0786038
-0.0731066
-0.0679535
-0.0631682
-0.0587592
-0.0546234
-0.0506858
-0.0469648
-0.0435507
-0.0404547
-0.0374669
-0.034537
-0.0317304
-0.0293899
-0.027245
-0.0248795
-0.0224154
-0.0204702
-0.0190441
-0.0171604
-0.0148673
-0.0133753
-0.0125144
-0.0107962
-0.0083313
-0.00761671
-0.00730402
-0.00524908
-0.00310211
-0.00367769
-0.00253152
0.000528078
-0.000399176
-0.00101235
0.00317906
0.0032627
0.000606984
0.0039885
0.0044636
0.00340976
0.00709076
0.00332943
0.00279728
0.0073519
0.00330918
0.00752764
0.00467662
0.00193942
0.00459532
-0.00263386
0.00544898
-0.00278956
0.0073713
-0.00334232
0.00438548
-0.00245348
-0.00540908
0.00194632
-0.0235939
0.0108439
-0.0311455
0.00509638
-0.0151713
-66.6577
-66.1969
-65.807
-65.4055
-64.9515
-64.4257
-63.8017
-63.0541
-62.1619
-61.1159
-59.9184
-58.5843
-57.1379
-55.6077
-54.0235
-52.413
-50.7983
-49.1963
-47.6193
-46.0752
-44.5685
-43.1013
-41.6744
-40.2877
-38.9408
-37.6328
-36.3625
-35.129
-33.9311
-32.7676
-31.6375
-30.5397
-29.4732
-28.4368
-27.4297
-26.4508
-25.4993
-24.5741
-23.6748
-22.8003
-21.9499
-21.1231
-20.3191
-19.5375
-18.7777
-18.0391
-17.3214
-16.6241
-15.9469
-15.2893
-14.6511
-14.032
-13.4317
-12.8499
-12.2864
-11.741
-11.2133
-10.7032
-10.2105
-9.73489
-9.27614
-8.834
-8.40824
-7.99857
-7.60474
-7.22645
-6.8634
-6.51528
-6.18177
-5.86252
-5.5572
-5.26544
-4.98686
-4.72108
-4.46773
-4.22641
-3.99671
-3.77822
-3.57055
-3.37328
-3.18598
-3.00825
-2.83969
-2.6799
-2.52849
-2.38507
-2.24928
-2.12076
-1.99912
-1.88406
-1.77524
-1.67235
-1.57506
-1.48308
-1.39614
-1.31397
-1.23633
-1.16298
-1.09371
-1.02831
-0.966589
-0.908336
-0.853381
-0.801541
-0.752643
-0.706539
-0.663072
-0.622106
-0.583522
-0.547189
-0.512985
-0.480797
-0.450511
-0.42202
-0.39523
-0.370046
-0.346386
-0.324163
-0.303298
-0.283711
-0.265329
-0.248084
-0.231917
-0.216769
-0.202582
-0.189293
-0.176847
-0.165191
-0.154283
-0.144088
-0.134567
-0.125668
-0.117343
-0.109552
-0.102274
-0.0954972
-0.0891863
-0.0832789
-0.0777327
-0.0725406
-0.0677134
-0.0632548
-0.0590746
-0.055088
-0.0513144
-0.0478601
-0.04472
-0.0416802
-0.0386975
-0.0358516
-0.0334746
-0.0312329
-0.0288577
-0.0263039
-0.0243657
-0.0227983
-0.0208171
-0.0184011
-0.0170138
-0.0161049
-0.014246
-0.0115481
-0.0109808
-0.0105599
-0.00816048
-0.00614958
-0.00680789
-0.00561491
-0.00247821
-0.00278273
-0.00315986
-0.00036569
-0.000695639
-0.000470699
0.00314127
0.000575939
-0.000106404
0.00444506
0.00260179
0.00325435
0.00371333
0.000278815
0.00413208
0.00194386
0.00411745
0.00336688
0.00125166
0.00387855
-0.00642586
0.00159852
-0.0121863
0.00557164
-0.0144473
0.00514798
-0.0172037
0.00288637
-0.00970111
-0.000125912
0.00115567
-0.000494548
-65.99
-65.5428
-65.163
-64.7741
-64.3374
-63.8391
-63.2548
-62.5568
-61.7242
-60.746
-59.6212
-58.36
-56.983
-55.5172
-53.9905
-52.4302
-50.8587
-49.2941
-47.7492
-46.2326
-44.7499
-43.3036
-41.8949
-40.5242
-39.191
-37.8948
-36.6347
-35.4095
-34.2183
-33.0601
-31.934
-30.8389
-29.7737
-28.7375
-27.7295
-26.7487
-25.7943
-24.8656
-23.9617
-23.082
-22.2258
-21.3925
-20.5816
-19.7925
-19.0248
-18.278
-17.5519
-16.8459
-16.1598
-15.4933
-14.8461
-14.2179
-13.6085
-13.0178
-12.4454
-11.8913
-11.3551
-10.8367
-10.3358
-9.85238
-9.38604
-8.93662
-8.50389
-8.08756
-7.68738
-7.30307
-6.93433
-6.58084
-6.24228
-5.9183
-5.60856
-5.31269
-5.03031
-4.76102
-4.50443
-4.26013
-4.0277
-3.80673
-3.5968
-3.39747
-3.2083
-3.02889
-2.85881
-2.69765
-2.54501
-2.40048
-2.2637
-2.13428
-2.01186
-1.89608
-1.78661
-1.68313
-1.58533
-1.49288
-1.40552
-1.32297
-1.24499
-1.17132
-1.10176
-1.0361
-0.974141
-0.915673
-0.860511
-0.808481
-0.759412
-0.713149
-0.669541
-0.628444
-0.589736
-0.553293
-0.518986
-0.486699
-0.456321
-0.427745
-0.400876
-0.37562
-0.35189
-0.329603
-0.308676
-0.289032
-0.270593
-0.253295
-0.237079
-0.221884
-0.207649
-0.194317
-0.181828
-0.170132
-0.159187
-0.148955
-0.139394
-0.130457
-0.122095
-0.114268
-0.106955
-0.100141
-0.0937931
-0.0878492
-0.082265
-0.0770368
-0.0721778
-0.0676731
-0.0634483
-0.0594279
-0.0556137
-0.0521169
-0.0489239
-0.0458474
-0.0428305
-0.0399413
-0.0375288
-0.0351759
-0.0327494
-0.0301745
-0.0282497
-0.026487
-0.0244442
-0.0219763
-0.0206867
-0.0195498
-0.0175697
-0.0150069
-0.0143122
-0.0134836
-0.0111486
-0.00961906
-0.00987612
-0.00790278
-0.00548565
-0.0066069
-0.00536643
-0.00185999
-0.0037182
-0.0039007
0.000311771
-0.000695522
-0.000452689
0.00127795
-0.00207894
0.00192527
0.00240267
0.000585639
0.00370047
-0.00181248
0.00206562
-0.00103418
0.000363379
0.0016122
-0.00109199
0.00236132
-0.00565352
0.00413863
-0.0171762
0.00693315
-0.0283962
0.0117769
-0.0358813
0.00371676
-0.0243743
-0.00253268
-65.3205
-64.8863
-64.515
-64.138
-63.7209
-63.2486
-62.6984
-62.0467
-61.2726
-60.3607
-59.306
-58.1165
-56.8095
-55.4086
-53.9405
-52.4317
-50.9049
-49.3786
-47.8668
-46.3787
-44.9205
-43.4958
-42.106
-40.7518
-39.433
-38.149
-36.8994
-35.6832
-34.4992
-33.3468
-32.225
-31.1328
-30.0692
-29.0336
-28.0249
-27.0426
-26.0856
-25.1533
-24.2451
-23.3602
-22.4983
-21.6586
-20.8408
-20.0442
-19.2686
-18.5137
-17.779
-17.0643
-16.3692
-15.6937
-15.0374
-14.4001
-13.7816
-13.1819
-12.6006
-12.0377
-11.4929
-10.9661
-10.4571
-9.96577
-9.49184
-9.03511
-8.59538
-8.1724
-7.76588
-7.37557
-7.00118
-6.64236
-6.29881
-5.97018
-5.6561
-5.3562
-5.0701
-4.79738
-4.53765
-4.29049
-4.05545
-3.8321
-3.62002
-3.41875
-3.22784
-3.04686
-2.87538
-2.71297
-2.55921
-2.41369
-2.27602
-2.14582
-2.0227
-1.9063
-1.79629
-1.69232
-1.59407
-1.50124
-1.41353
-1.33067
-1.25242
-1.17852
-1.10873
-1.04287
-0.980714
-0.922079
-0.866766
-0.814597
-0.765402
-0.719022
-0.67531
-0.634126
-0.595331
-0.558808
-0.52443
-0.492078
-0.461639
-0.433007
-0.406082
-0.380777
-0.357001
-0.334671
-0.313704
-0.29402
-0.275544
-0.258212
-0.241963
-0.226737
-0.212472
-0.19911
-0.186592
-0.174868
-0.163897
-0.15364
-0.144052
-0.135085
-0.126696
-0.118846
-0.111508
-0.104665
-0.0982844
-0.0923129
-0.0867004
-0.0814437
-0.0765585
-0.0720168
-0.0677492
-0.0636981
-0.0598588
-0.0563338
-0.0530879
-0.0499554
-0.0469113
-0.0440008
-0.0415216
-0.0390639
-0.036603
-0.0339987
-0.0320725
-0.0302184
-0.0280761
-0.0255608
-0.0242491
-0.0230487
-0.0207868
-0.018282
-0.0177712
-0.0167671
-0.0138638
-0.012629
-0.0130831
-0.0108962
-0.00812634
-0.00904953
-0.00836965
-0.00528633
-0.00566663
-0.00473034
-0.00299694
-0.00485464
-0.00206603
0.000171801
-0.00282109
-0.000668065
-0.00135184
-0.00128379
0.00159421
-0.00126418
0.00162374
-0.00159609
5.68786e-06
-0.00520047
-0.000664388
-0.00453704
-0.00253251
-0.00351876
-0.00717627
0.00384544
-0.0108823
0.0135951
-0.0161946
0.0130169
-0.0075384
0.00423156
-64.6477
-64.229
-63.8701
-63.504
-63.1024
-62.6538
-62.1373
-61.5296
-60.809
-59.9594
-58.9736
-57.8554
-56.6182
-55.2828
-53.8744
-52.4181
-50.9371
-49.4505
-47.9727
-46.5141
-45.0814
-43.6787
-42.3082
-40.971
-39.6671
-38.3961
-37.1575
-35.9504
-34.7742
-33.6279
-32.5107
-31.4218
-30.3604
-29.3255
-28.3165
-27.3326
-26.3732
-25.4376
-24.5252
-23.6353
-22.7676
-21.9216
-21.0968
-20.2928
-19.5094
-18.7461
-18.0029
-17.2794
-16.5754
-15.8907
-15.2252
-14.5787
-13.9511
-13.3422
-12.7519
-12.1801
-11.6267
-11.0915
-10.5743
-10.075
-9.59345
-9.1294
-8.68266
-8.25301
-7.84017
-7.44389
-7.06386
-6.69976
-6.35128
-6.01806
-5.69971
-5.39587
-5.10614
-4.83011
-4.56734
-4.31741
-4.07987
-3.85427
-3.64016
-3.43706
-3.24454
-3.06212
-2.88936
-2.72581
-2.57105
-2.42465
-2.28621
-2.15533
-2.03162
-1.91471
-1.80424
-1.69989
-1.6013
-1.50816
-1.42018
-1.33709
-1.25863
-1.18455
-1.11461
-1.04859
-0.986307
-0.927554
-0.872141
-0.819886
-0.770615
-0.724164
-0.680384
-0.639144
-0.600303
-0.563733
-0.529316
-0.496928
-0.466461
-0.437798
-0.410847
-0.385515
-0.361718
-0.339367
-0.318379
-0.298676
-0.280183
-0.262834
-0.24657
-0.231328
-0.217048
-0.203671
-0.191138
-0.179399
-0.168414
-0.158143
-0.148539
-0.139556
-0.131149
-0.123284
-0.115933
-0.10907
-0.102662
-0.0966699
-0.0910411
-0.0857597
-0.0808531
-0.0762838
-0.0719772
-0.0679008
-0.0640459
-0.0604987
-0.0572029
-0.0540179
-0.0509263
-0.0479978
-0.0454714
-0.0429127
-0.0403868
-0.0378134
-0.0358715
-0.0339253
-0.0316981
-0.0291797
-0.0277419
-0.0263326
-0.0241337
-0.0217998
-0.0210593
-0.0198242
-0.017104
-0.0158009
-0.015652
-0.013545
-0.0116605
-0.0120745
-0.0097788
-0.00783753
-0.00944247
-0.0071615
-0.00442012
-0.00654829
-0.00471505
-0.00391306
-0.00436491
-0.000891897
-0.00355066
-0.00192684
-0.00223696
-0.00314378
-3.21311e-05
-0.00408633
0.00104059
-0.00453732
0.000616593
-0.00627281
2.88592e-05
-0.0115045
0.00123406
-0.0157636
-0.00217682
-0.0186263
-0.00329653
-0.00755798
-0.000926576
0.00158451
-63.9779
-63.5728
-63.2241
-62.8711
-62.4846
-62.0572
-61.5722
-61.0062
-60.3365
-59.5463
-58.6272
-57.5788
-56.4109
-55.1416
-53.7935
-52.3908
-50.9567
-49.5105
-48.0677
-46.6393
-45.2328
-43.853
-42.5025
-41.1828
-39.8942
-38.6365
-37.4092
-36.2118
-35.0436
-33.9039
-32.7917
-31.7064
-30.6474
-29.6135
-28.6044
-27.6193
-26.6576
-25.7188
-24.8022
-23.9075
-23.0341
-22.1817
-21.3499
-20.5385
-19.7472
-18.9756
-18.2238
-17.4914
-16.7783
-16.0844
-15.4096
-14.7538
-14.1168
-13.4987
-12.8993
-12.3186
-11.7564
-11.2127
-10.6873
-10.18
-9.69078
-9.21939
-8.76565
-8.32931
-7.91018
-7.50793
-7.1223
-6.75298
-6.3996
-6.06183
-5.7393
-5.43161
-5.13835
-4.8591
-4.59341
-4.34082
-4.1009
-3.87317
-3.65714
-3.45235
-3.25834
-3.0746
-2.90069
-2.73614
-2.58051
-2.43335
-2.29425
-2.1628
-2.03862
-1.9213
-1.81048
-1.70582
-1.60698
-1.51363
-1.42547
-1.34222
-1.26362
-1.18942
-1.11938
-1.05328
-0.990917
-0.932105
-0.876641
-0.824343
-0.775037
-0.728562
-0.684762
-0.643499
-0.604644
-0.568066
-0.533642
-0.501251
-0.470779
-0.442119
-0.415167
-0.389836
-0.36604
-0.343689
-0.322703
-0.303
-0.28451
-0.267165
-0.250901
-0.235659
-0.221379
-0.208
-0.195465
-0.183725
-0.172738
-0.162464
-0.152856
-0.143867
-0.135453
-0.127582
-0.120226
-0.113356
-0.106931
-0.10092
-0.0952846
-0.0899918
-0.085061
-0.0804686
-0.0761371
-0.0720399
-0.0681702
-0.0645983
-0.0612558
-0.0580293
-0.0548979
-0.0519518
-0.0493761
-0.0467529
-0.0441542
-0.0415516
-0.0396223
-0.0376017
-0.0352351
-0.0327083
-0.0312501
-0.0297139
-0.0273061
-0.0252792
-0.0245478
-0.0228225
-0.0199722
-0.0190944
-0.0188468
-0.0160611
-0.0141745
-0.0150592
-0.0128424
-0.0100909
-0.0111262
-0.00970458
-0.00825652
-0.00854325
-0.00546118
-0.0059978
-0.0069856
-0.00362289
-0.00529952
-0.00300078
-0.00345948
-0.00416492
-0.00193778
-0.0045231
-0.00307454
-0.00452021
-0.00231057
-0.00816001
0.0010911
-0.0105219
0.00839185
-0.0164544
0.0133112
-0.025226
0.0114002
-0.0202364
-0.00302749
-0.00455026
-63.312
-62.9224
-62.5837
-62.2405
-61.8697
-61.4641
-61.0071
-60.4782
-59.8563
-59.1241
-58.2692
-57.2882
-56.1885
-54.9848
-53.6974
-52.3495
-50.9636
-49.5593
-48.1524
-46.755
-45.3755
-44.0191
-42.6893
-41.3876
-40.1146
-38.8705
-37.6552
-36.4677
-35.308
-34.1752
-33.0683
-31.987
-30.9305
-29.898
-28.889
-27.9029
-26.9391
-25.9972
-25.0766
-24.177
-23.298
-22.4392
-21.6005
-20.7816
-19.9823
-19.2024
-18.4418
-17.7004
-16.9781
-16.2748
-15.5906
-14.9254
-14.279
-13.6516
-13.043
-12.4532
-11.8821
-11.3298
-10.796
-10.2807
-9.78379
-9.30501
-8.84424
-8.40124
-7.97579
-7.5676
-7.17639
-6.80187
-6.44368
-6.10143
-5.77479
-5.46333
-5.16664
-4.88426
-4.61576
-4.36065
-4.11846
-3.88872
-3.67091
-3.46457
-3.26918
-3.08427
-2.90933
-2.74392
-2.58754
-2.43975
-2.30011
-2.16822
-2.04367
-1.92605
-1.81497
-1.7101
-1.6111
-1.51764
-1.42938
-1.34605
-1.26739
-1.19313
-1.12305
-1.05693
-0.994551
-0.935726
-0.880263
-0.827965
-0.778669
-0.732212
-0.688435
-0.647194
-0.608359
-0.571805
-0.537408
-0.505044
-0.474598
-0.445965
-0.419043
-0.39374
-0.369967
-0.34764
-0.326677
-0.306996
-0.288527
-0.271202
-0.254957
-0.239731
-0.225465
-0.212098
-0.199575
-0.187847
-0.176871
-0.166605
-0.157004
-0.148019
-0.139609
-0.131741
-0.124389
-0.117521
-0.111091
-0.105066
-0.0994278
-0.0941376
-0.0891916
-0.0845767
-0.0802281
-0.0761148
-0.0722322
-0.0686319
-0.065241
-0.0619925
-0.0588339
-0.0558696
-0.0532519
-0.050575
-0.0478998
-0.0452971
-0.043298
-0.0411805
-0.0387468
-0.0362816
-0.0347432
-0.0331067
-0.0306281
-0.0285331
-0.0277081
-0.0259991
-0.0231927
-0.0221095
-0.0216248
-0.0189814
-0.0174134
-0.0171997
-0.0149319
-0.0137958
-0.0139534
-0.0108064
-0.0102159
-0.0115226
-0.00814018
-0.00800133
-0.0072164
-0.00612464
-0.00740883
-0.0047905
-0.00583941
-0.00418741
-0.0057207
-0.00397731
-0.00458037
-0.00505092
-0.0029737
-0.00619308
-0.00439167
-0.00936706
-0.00476209
-0.0140121
0.0046707
-0.0115781
0.0107848
-0.00525689
0.00620716
0.00121433
-62.6514
-62.2774
-61.9512
-61.6198
-61.262
-60.8742
-60.4422
-59.948
-59.372
-58.6937
-57.9001
-56.9851
-55.9525
-54.8142
-53.5884
-52.2961
-50.9591
-49.5974
-48.2274
-46.8619
-45.5101
-44.1777
-42.8689
-41.5856
-40.3288
-39.0989
-37.8958
-36.7189
-35.5679
-34.4423
-33.3412
-32.2641
-31.2103
-30.1794
-29.1708
-28.1838
-27.2181
-26.2731
-25.3486
-24.4441
-23.5596
-22.6945
-21.8488
-21.0223
-20.2149
-19.4265
-18.657
-17.9065
-17.1749
-16.4621
-15.7683
-15.0935
-14.4376
-13.8007
-13.1827
-12.5838
-12.0038
-11.4427
-10.9005
-10.3771
-9.8724
-9.38621
-8.91836
-8.46867
-8.03691
-7.6228
-7.22605
-6.84637
-6.48339
-6.13676
-5.80609
-5.49094
-5.19091
-4.90552
-4.63432
-4.3768
-4.13248
-3.90085
-3.68141
-3.47363
-3.27703
-3.09107
-2.91526
-2.7491
-2.59211
-2.44382
-2.30378
-2.17156
-2.04673
-1.92892
-1.81772
-1.71274
-1.61367
-1.52016
-1.43189
-1.34856
-1.2699
-1.19567
-1.12562
-1.05954
-0.997204
-0.93842
-0.883
-0.830759
-0.781518
-0.735118
-0.691399
-0.650217
-0.611443
-0.574949
-0.540609
-0.508304
-0.477916
-0.449338
-0.422472
-0.397224
-0.3735
-0.351219
-0.330301
-0.310663
-0.292233
-0.274945
-0.258736
-0.243543
-0.229306
-0.215965
-0.203468
-0.191765
-0.180814
-0.170568
-0.160983
-0.152013
-0.143617
-0.135763
-0.128421
-0.121563
-0.115141
-0.109111
-0.103469
-0.0981918
-0.0932462
-0.0886145
-0.0842514
-0.0801218
-0.0762254
-0.0726127
-0.0691781
-0.0658967
-0.0627332
-0.0597572
-0.0570626
-0.0543744
-0.0516512
-0.0490226
-0.0469684
-0.044732
-0.0422297
-0.0398844
-0.0383033
-0.036477
-0.0338027
-0.0318887
-0.030921
-0.0289334
-0.026312
-0.0255287
-0.024393
-0.021326
-0.0203927
-0.0204
-0.0172707
-0.0158926
-0.0165563
-0.0137474
-0.0125777
-0.0124866
-0.0103027
-0.0111189
-0.00891279
-0.007753
-0.00897849
-0.00621367
-0.00814779
-0.005102
-0.00692326
-0.00574629
-0.00636387
-0.00615035
-0.00761002
-0.00206292
-0.00745142
0.000449252
-0.00966548
0.000573787
-0.0164144
-0.00122336
-0.0172879
-0.00701227
-0.00599978
-0.00375915
-61.9981
-61.6394
-61.3237
-61.0036
-60.6603
-60.291
-59.8839
-59.4215
-58.8858
-58.2571
-57.5212
-56.6704
-55.7046
-54.6315
-53.4666
-52.2303
-50.9434
-49.6255
-48.2934
-46.9606
-45.637
-44.3294
-43.042
-41.7776
-40.5375
-39.3222
-38.1317
-36.9657
-35.8239
-34.7058
-33.6106
-32.5381
-31.4875
-30.4583
-29.4502
-28.4625
-27.4949
-26.547
-25.6186
-24.7093
-23.8191
-22.9477
-22.0949
-21.2607
-20.4452
-19.6481
-18.8697
-18.1099
-17.3688
-16.6465
-15.9429
-15.2583
-14.5927
-13.9461
-13.3187
-12.7104
-12.1213
-11.5515
-11.0008
-10.4692
-9.95657
-9.46289
-8.98793
-8.53152
-8.09344
-7.67342
-7.27117
-6.88637
-6.51867
-6.16771
-5.83308
-5.51436
-5.21108
-4.92279
-4.649
-4.38919
-4.14287
-3.9095
-3.68856
-3.47951
-3.28182
-3.09496
-2.91841
-2.75165
-2.59419
-2.44553
-2.30521
-2.17279
-2.04783
-1.92993
-1.81869
-1.71373
-1.61467
-1.52119
-1.43298
-1.34973
-1.27117
-1.19703
-1.12708
-1.0611
-0.998868
-0.940183
-0.884861
-0.832718
-0.783579
-0.737276
-0.693653
-0.65257
-0.613894
-0.577496
-0.54325
-0.511035
-0.480737
-0.452245
-0.42546
-0.400288
-0.376638
-0.354427
-0.333575
-0.314
-0.295629
-0.278395
-0.262237
-0.247093
-0.232901
-0.219603
-0.207145
-0.19548
-0.184563
-0.17435
-0.164794
-0.155848
-0.147476
-0.139647
-0.132326
-0.125483
-0.119076
-0.113059
-0.107417
-0.102149
-0.0972197
-0.09258
-0.0882045
-0.0840674
-0.0801599
-0.0765357
-0.0730801
-0.0697666
-0.0665752
-0.063615
-0.0608525
-0.0581163
-0.0553913
-0.0527835
-0.0505904
-0.0483121
-0.045727
-0.0434421
-0.0417539
-0.0398173
-0.0370638
-0.0351058
-0.0341138
-0.0321076
-0.0293223
-0.0284691
-0.027302
-0.0243296
-0.0230969
-0.0226951
-0.0202803
-0.0190633
-0.0180763
-0.0155734
-0.0160226
-0.0148487
-0.011887
-0.0127572
-0.0111278
-0.0105322
-0.00998491
-0.00798583
-0.00888884
-0.00784832
-0.00839783
-0.0062839
-0.00793974
-0.00398172
-0.00933323
-0.00451816
-0.0125012
-0.00194335
-0.0134106
0.00998111
-0.0170345
0.0124896
-0.0138691
0.00425678
-0.00146806
-0.00181183
-61.3534
-61.0102
-60.7064
-60.3972
-60.066
-59.7124
-59.3272
-58.8951
-58.3973
-57.8171
-57.1376
-56.3474
-55.4446
-54.4356
-53.3327
-52.1533
-50.9172
-49.6439
-48.3507
-47.0516
-45.757
-44.4747
-43.2094
-41.9644
-40.7414
-39.541
-38.3635
-37.2087
-36.0764
-34.9661
-33.8773
-32.8095
-31.7623
-30.735
-29.7275
-28.7393
-27.7699
-26.8193
-25.8869
-24.9729
-24.0769
-23.199
-22.3391
-21.4972
-20.6733
-19.8675
-19.08
-18.3107
-17.5599
-16.8278
-16.1144
-15.4198
-14.7443
-14.0879
-13.4508
-12.8331
-12.2347
-11.656
-11.0966
-10.5567
-10.0362
-9.53498
-9.05289
-8.58971
-8.1453
-7.71938
-7.31164
-6.92176
-6.54939
-6.19417
-5.85568
-5.53345
-5.22704
-4.93596
-4.65971
-4.39776
-4.14957
-3.9146
-3.69231
-3.48212
-3.2835
-3.09589
-2.91875
-2.75154
-2.59374
-2.44485
-2.3044
-2.17191
-2.04693
-1.92906
-1.81788
-1.71302
-1.61409
-1.52075
-1.43268
-1.34958
-1.27119
-1.19721
-1.12743
-1.0616
-0.99953
-0.941006
-0.885837
-0.833841
-0.784843
-0.738683
-0.6952
-0.654257
-0.615716
-0.579449
-0.545331
-0.513239
-0.48306
-0.454682
-0.428005
-0.402935
-0.379385
-0.357265
-0.336498
-0.317005
-0.298712
-0.281551
-0.265464
-0.250385
-0.236254
-0.223012
-0.210606
-0.198992
-0.188122
-0.177953
-0.168437
-0.159526
-0.151188
-0.143392
-0.136103
-0.129283
-0.122896
-0.116903
-0.111278
-0.106021
-0.101103
-0.096466
-0.0920846
-0.0879554
-0.0840547
-0.0804133
-0.0769327
-0.0736069
-0.0703897
-0.0674331
-0.064631
-0.0618582
-0.0590601
-0.0565008
-0.0542407
-0.0518725
-0.0492225
-0.0469222
-0.0452163
-0.0430673
-0.0403515
-0.0384916
-0.0372333
-0.0350102
-0.0325913
-0.0315177
-0.0298904
-0.027107
-0.0263939
-0.0252921
-0.0221078
-0.0218489
-0.0211908
-0.0177758
-0.0176974
-0.0168519
-0.0150626
-0.0147473
-0.0121789
-0.0127969
-0.0116925
-0.0107244
-0.00986148
-0.00859429
-0.00999653
-0.00791784
-0.00964233
-0.00740277
-0.0071392
-0.00477577
-0.00698504
-0.00397531
-0.0131621
-0.0045436
-0.0140685
-0.00140495
-0.00740095
0.00375183
-0.00205848
0.0013103
-60.7192
-60.3923
-60.0999
-59.8011
-59.4819
-59.1434
-58.7779
-58.3726
-57.9109
-57.3737
-56.7459
-56.0152
-55.1753
-54.2292
-53.1875
-52.0652
-50.8807
-49.6532
-48.3998
-47.1351
-45.8705
-44.6141
-43.3715
-42.1463
-40.9408
-39.7557
-38.5916
-37.4483
-36.3258
-35.2237
-34.1415
-33.0788
-32.0351
-31.0101
-30.0034
-29.0146
-28.0437
-27.0901
-26.154
-25.2351
-24.3334
-23.449
-22.5818
-21.732
-20.8996
-20.0849
-19.288
-18.5092
-17.7485
-17.0063
-16.2827
-15.578
-14.8924
-14.226
-13.5791
-12.9518
-12.3441
-11.7562
-11.1881
-10.6398
-10.1113
-9.60242
-9.1131
-8.64317
-8.19242
-7.76058
-7.34735
-6.95243
-6.57546
-6.21604
-5.87375
-5.54814
-5.23871
-4.94497
-4.66638
-4.40242
-4.15251
-3.91609
-3.69259
-3.48142
-3.28202
-3.09382
-2.91624
-2.74872
-2.59074
-2.44177
-2.30131
-2.16887
-2.04401
-1.92629
-1.81528
-1.71061
-1.61191
-1.51882
-1.43099
-1.34813
-1.26997
-1.19623
-1.12667
-1.06106
-0.999202
-0.940887
-0.885923
-0.834124
-0.785321
-0.739346
-0.696048
-0.655282
-0.616914
-0.580812
-0.546852
-0.514915
-0.484882
-0.456645
-0.430104
-0.405163
-0.381736
-0.359734
-0.339075
-0.319683
-0.301486
-0.284418
-0.268416
-0.25342
-0.239365
-0.226193
-0.213854
-0.202302
-0.191492
-0.181379
-0.171913
-0.16305
-0.154754
-0.146999
-0.139752
-0.132966
-0.126604
-0.12064
-0.115046
-0.109809
-0.104904
-0.100272
-0.095894
-0.0917797
-0.0879052
-0.0842507
-0.0807382
-0.0774021
-0.0741745
-0.0712301
-0.0683827
-0.0655701
-0.0627199
-0.0601528
-0.057833
-0.0554268
-0.052711
-0.0503656
-0.048606
-0.046411
-0.0436078
-0.0417617
-0.0404504
-0.0379535
-0.0353946
-0.0345942
-0.0327992
-0.0298635
-0.0289636
-0.0279591
-0.0250417
-0.0239766
-0.0232276
-0.0209553
-0.0202996
-0.0178719
-0.0169022
-0.0175395
-0.0145848
-0.0142452
-0.0127422
-0.012372
-0.0123825
-0.0109431
-0.0103651
-0.00908466
-0.0076876
-0.0100258
-0.00946269
-0.0100732
-0.00559629
-0.00693839
-0.000187165
-0.0115105
0.0036404
-0.0126356
-0.00181403
-0.00979637
-0.0106022
-0.00175928
-60.0966
-59.7856
-59.5052
-59.2167
-58.9091
-58.5853
-58.2389
-57.8578
-57.4283
-56.9319
-56.3524
-55.6765
-54.8971
-54.013
-53.0317
-51.9668
-50.835
-49.6539
-48.4412
-47.2119
-45.9779
-44.7481
-43.5288
-42.324
-41.1362
-39.9668
-38.8164
-37.6851
-36.5728
-35.4791
-34.4038
-33.3463
-32.3065
-31.2838
-30.2781
-29.289
-28.3164
-27.3601
-26.4202
-25.4964
-24.5889
-23.6979
-22.8233
-21.9654
-21.1244
-20.3006
-19.4941
-18.7054
-17.9346
-17.1821
-16.4482
-15.7331
-15.0372
-14.3606
-13.7036
-13.0665
-12.4492
-11.8521
-11.2751
-10.7183
-10.1816
-9.66509
-9.16851
-8.69177
-8.23465
-7.79689
-7.37822
-6.97829
-6.59676
-6.23321
-5.88721
-5.55831
-5.24598
-4.94969
-4.66892
-4.40308
-4.1516
-3.91388
-3.68933
-3.47736
-3.27734
-3.08869
-2.91083
-2.74317
-2.58516
-2.43625
-2.29592
-2.16368
-2.03906
-1.9216
-1.8109
-1.70653
-1.60814
-1.51537
-1.42788
-1.34535
-1.2675
-1.19406
-1.1248
-1.05948
-0.997888
-0.939835
-0.885128
-0.833577
-0.785015
-0.739273
-0.696197
-0.655648
-0.617488
-0.581587
-0.547817
-0.516061
-0.486204
-0.458138
-0.43176
-0.406975
-0.383694
-0.361832
-0.341304
-0.322034
-0.303953
-0.286996
-0.271099
-0.256199
-0.242236
-0.229148
-0.216888
-0.205411
-0.194674
-0.184628
-0.175224
-0.166417
-0.158176
-0.150472
-0.143274
-0.136534
-0.130204
-0.124271
-0.118716
-0.113511
-0.108626
-0.104009
-0.0996406
-0.0955339
-0.0916873
-0.0880409
-0.0844971
-0.0811514
-0.0779268
-0.0749807
-0.0720931
-0.0692469
-0.0663527
-0.0637922
-0.0614041
-0.0589098
-0.0561959
-0.0538353
-0.0519788
-0.0496612
-0.0469546
-0.0450206
-0.0435042
-0.0409384
-0.0384626
-0.0373938
-0.0355544
-0.0329628
-0.0318769
-0.0300442
-0.0276011
-0.0273375
-0.0250866
-0.0226536
-0.0228279
-0.0206951
-0.0188516
-0.0183157
-0.0168039
-0.0166416
-0.0146897
-0.01383
-0.0122888
-0.0128053
-0.011783
-0.0124157
-0.00946321
-0.00892151
-0.00668127
-0.0103959
-0.00575077
-0.0157099
-0.000495752
-0.0166581
0.00611838
-0.0124067
0.00555026
-0.00411052
0.00458684
0.00234137
-59.4866
-59.1913
-58.9221
-58.645
-58.3498
-58.0394
-57.7101
-57.3514
-56.9507
-56.4919
-55.958
-55.3347
-54.612
-53.7881
-52.867
-51.859
-50.7795
-49.6459
-48.4752
-47.2821
-46.0797
-44.8772
-43.6817
-42.4977
-41.3284
-40.1751
-39.0387
-37.9197
-36.8178
-35.7328
-34.6646
-33.6128
-32.5769
-31.5568
-30.5522
-29.5628
-28.5887
-27.6297
-26.6859
-25.7572
-24.8438
-23.946
-23.0638
-22.1977
-21.3478
-20.5146
-19.6984
-18.8996
-18.1184
-17.3553
-16.6108
-15.8851
-15.1786
-14.4915
-13.8243
-13.1771
-12.5502
-11.9436
-11.3576
-10.7921
-10.2473
-9.72294
-9.21905
-8.73543
-8.2719
-7.82822
-7.40412
-6.99922
-6.61319
-6.2456
-5.89597
-5.56387
-5.24875
-4.95005
-4.66722
-4.39966
-4.14676
-3.90791
-3.68249
-3.46986
-3.2694
-3.08047
-2.9025
-2.73486
-2.57697
-2.42828
-2.28823
-2.15632
-2.03207
-1.915
-1.80471
-1.70077
-1.6028
-1.51044
-1.42335
-1.34123
-1.26377
-1.19072
-1.12182
-1.05684
-0.99559
-0.937858
-0.883456
-0.832202
-0.783926
-0.738459
-0.695647
-0.655352
-0.617436
-0.581768
-0.548222
-0.516681
-0.487031
-0.459164
-0.432975
-0.408371
-0.385261
-0.363561
-0.343187
-0.324062
-0.306116
-0.289287
-0.273511
-0.258724
-0.244866
-0.231878
-0.219711
-0.208321
-0.197668
-0.187702
-0.178371
-0.16963
-0.161453
-0.153809
-0.146669
-0.139984
-0.133699
-0.127802
-0.122288
-0.117125
-0.112275
-0.107676
-0.103328
-0.0992292
-0.0953964
-0.091769
-0.0882181
-0.0848589
-0.081641
-0.0786898
-0.07575
-0.0728717
-0.0699699
-0.0673892
-0.0649719
-0.0624051
-0.0596369
-0.0573163
-0.0553244
-0.052928
-0.0501856
-0.0483031
-0.0466503
-0.0438572
-0.0415742
-0.0405393
-0.038222
-0.0356107
-0.0348966
-0.032892
-0.0298474
-0.0294047
-0.0277905
-0.0252716
-0.0244217
-0.0224043
-0.021948
-0.0202868
-0.017947
-0.0178683
-0.0159946
-0.0167561
-0.0141767
-0.0134455
-0.0117634
-0.0122656
-0.0120215
-0.012441
-0.00892207
-0.0101428
-0.00414491
-0.0097244
-0.00422315
-0.00955343
-0.0078199
-0.00942411
-0.00545554
-0.00399833
0.00110285
-0.00227236
-58.8902
-58.6107
-58.3534
-58.0864
-57.8019
-57.5038
-57.1899
-56.8524
-56.4779
-56.0531
-55.5609
-54.987
-54.3201
-53.5546
-52.6922
-51.7413
-50.7153
-49.63
-48.5019
-47.3462
-46.1762
-45.0018
-43.8307
-42.6682
-41.5177
-40.3809
-39.259
-38.1525
-37.0614
-35.9855
-34.9247
-33.8787
-32.8469
-31.8296
-30.8262
-29.8367
-28.861
-27.8993
-26.9516
-26.0179
-25.0985
-24.1937
-23.3038
-22.4292
-21.5703
-20.7275
-19.9011
-19.0918
-18.3
-17.5262
-16.7707
-16.034
-15.3167
-14.619
-13.9413
-13.2838
-12.6469
-12.0308
-11.4355
-10.8613
-10.3081
-9.77584
-9.26455
-8.77402
-8.30406
-7.85447
-7.42494
-7.01512
-6.62463
-6.25306
-5.89991
-5.56471
-5.24691
-4.94594
-4.66119
-4.39207
-4.13792
-3.89811
-3.67198
-3.45887
-3.25814
-3.06912
-2.8912
-2.72375
-2.56615
-2.41782
-2.27821
-2.14678
-2.02304
-1.90649
-1.79671
-1.69331
-1.59587
-1.50402
-1.41743
-1.3358
-1.25881
-1.1862
-1.11773
-1.05317
-0.992309
-0.934954
-0.880913
-0.830002
-0.782055
-0.736905
-0.694401
-0.654398
-0.616763
-0.581362
-0.548075
-0.51678
-0.48737
-0.459728
-0.433755
-0.409355
-0.38644
-0.364925
-0.344726
-0.325766
-0.307976
-0.291291
-0.275652
-0.260994
-0.247256
-0.234383
-0.222324
-0.211035
-0.200478
-0.190602
-0.181355
-0.172691
-0.164587
-0.157015
-0.14994
-0.143317
-0.137089
-0.131236
-0.125769
-0.120654
-0.115845
-0.111275
-0.10695
-0.102874
-0.0990572
-0.0954452
-0.0918944
-0.0885306
-0.0853146
-0.0823567
-0.0793834
-0.0764599
-0.0735488
-0.0709755
-0.068501
-0.0659077
-0.0630877
-0.0607443
-0.0586348
-0.0561679
-0.0534659
-0.0514534
-0.0497417
-0.0470101
-0.0445972
-0.0434138
-0.0410877
-0.0384541
-0.0373481
-0.0353281
-0.0329747
-0.0316335
-0.0292347
-0.0280298
-0.0273108
-0.0241441
-0.0231938
-0.0223225
-0.0207068
-0.0195482
-0.0174499
-0.0170681
-0.0162116
-0.015411
-0.0143991
-0.0127526
-0.0113807
-0.0109803
-0.0111714
-0.0110438
-0.0118257
-0.00563969
-0.0123888
0.00118329
-0.0116359
0.00241596
-0.00545717
-0.00125701
-0.00489628
-0.0028624
-58.3082
-58.0444
-57.7992
-57.5427
-57.2695
-56.9837
-56.6838
-56.3643
-56.0149
-55.6205
-55.1673
-54.6391
-54.0232
-53.3133
-52.5089
-51.615
-50.6425
-49.6061
-48.5216
-47.4042
-46.2675
-45.1222
-43.9763
-42.8359
-41.7046
-40.5848
-39.4778
-38.3842
-37.3042
-36.2377
-35.1845
-34.1444
-33.1171
-32.1025
-31.1005
-30.111
-29.1339
-28.1694
-27.2177
-26.2788
-25.3533
-24.4414
-23.5436
-22.6603
-21.792
-20.9392
-20.1025
-19.2824
-18.4797
-17.6947
-16.928
-16.1801
-15.4516
-14.7429
-14.0544
-13.3865
-12.7394
-12.1135
-11.5089
-10.9257
-10.364
-9.82374
-9.30492
-8.80741
-8.33102
-7.8755
-7.44055
-7.02584
-6.63096
-6.25547
-5.8989
-5.56072
-5.24036
-4.93726
-4.65075
-4.38021
-4.12499
-3.8844
-3.65774
-3.44433
-3.24351
-3.05459
-2.8769
-2.70981
-2.55267
-2.40487
-2.26585
-2.13504
-2.01194
-1.89606
-1.78694
-1.68417
-1.58735
-1.49612
-1.41012
-1.32905
-1.25261
-1.18052
-1.11255
-1.04846
-0.988053
-0.931127
-0.877496
-0.826979
-0.779407
-0.734621
-0.692466
-0.652793
-0.615472
-0.580376
-0.547379
-0.516366
-0.487221
-0.459834
-0.434102
-0.409932
-0.387236
-0.365927
-0.345923
-0.327148
-0.309532
-0.29301
-0.277523
-0.263011
-0.24941
-0.236665
-0.224727
-0.213554
-0.203104
-0.19333
-0.184178
-0.175603
-0.167581
-0.16009
-0.15309
-0.146535
-0.14037
-0.134575
-0.129159
-0.1241
-0.119338
-0.114802
-0.110505
-0.106465
-0.102677
-0.099084
-0.0955364
-0.0921552
-0.0889487
-0.0859961
-0.0830033
-0.0800388
-0.0771258
-0.0745229
-0.072029
-0.0693687
-0.0665142
-0.0641309
-0.0619625
-0.0593824
-0.0566592
-0.0547083
-0.0527316
-0.0499803
-0.0477643
-0.0462113
-0.0436777
-0.0413313
-0.0401111
-0.0374902
-0.0352697
-0.0345888
-0.0317474
-0.029777
-0.0291394
-0.0270119
-0.0257505
-0.023247
-0.0225267
-0.0212952
-0.0202152
-0.0188883
-0.0169387
-0.0157149
-0.0149814
-0.0150764
-0.0144847
-0.0118461
-0.0116094
-0.00726528
-0.0132794
-0.00390204
-0.0165754
-0.00291467
-0.0129451
-0.00132895
-0.00511226
-0.000403719
0.000327685
0.00279833
-57.7413
-57.4929
-57.2594
-57.0139
-56.7507
-56.4757
-56.1895
-55.8864
-55.5589
-55.1936
-54.7752
-54.2893
-53.7233
-53.0676
-52.3185
-51.4801
-50.5611
-49.5741
-48.5342
-47.4563
-46.354
-45.2385
-44.1187
-43.0009
-41.8895
-40.7871
-39.6954
-38.6151
-37.5465
-36.4897
-35.4445
-34.4106
-33.388
-32.3764
-31.3758
-30.3862
-29.4077
-28.4404
-27.4846
-26.5405
-25.6087
-24.6895
-23.7835
-22.8911
-22.0132
-21.1501
-20.3027
-19.4717
-18.6576
-17.861
-17.0827
-16.3234
-15.5834
-14.8634
-14.1639
-13.4852
-12.8277
-12.1917
-11.5775
-10.9852
-10.4149
-9.8665
-9.3401
-8.83556
-8.35266
-7.89118
-7.45085
-7.03125
-6.63203
-6.25271
-5.89281
-5.55177
-5.229
-4.9239
-4.63579
-4.36402
-4.10789
-3.86669
-3.6397
-3.42619
-3.22547
-3.03684
-2.85957
-2.69301
-2.5365
-2.3894
-2.25112
-2.1211
-1.99878
-1.88369
-1.77536
-1.67335
-1.57726
-1.48673
-1.40142
-1.32099
-1.24517
-1.17368
-1.10627
-1.04272
-0.982827
-0.926387
-0.873217
-0.823143
-0.775994
-0.73161
-0.689841
-0.650538
-0.61357
-0.578814
-0.546143
-0.51544
-0.486588
-0.459481
-0.434018
-0.410104
-0.387652
-0.366572
-0.346784
-0.32821
-0.310786
-0.294445
-0.279129
-0.264778
-0.251331
-0.238727
-0.226923
-0.215877
-0.205548
-0.195887
-0.186842
-0.178366
-0.170436
-0.163034
-0.156121
-0.149643
-0.143549
-0.137818
-0.132461
-0.127465
-0.122759
-0.118264
-0.113996
-0.109998
-0.106251
-0.102678
-0.0991452
-0.0957472
-0.0925448
-0.0896062
-0.0866225
-0.0836065
-0.0806826
-0.0780727
-0.0755235
-0.0728156
-0.0699237
-0.0675167
-0.0653035
-0.0626577
-0.0598174
-0.0578783
-0.0558523
-0.0528857
-0.0506879
-0.0492303
-0.0464387
-0.0439081
-0.0425907
-0.0402708
-0.0378503
-0.0364711
-0.0343426
-0.0327654
-0.0308306
-0.028436
-0.0280689
-0.0259055
-0.0243778
-0.022783
-0.0209627
-0.0202218
-0.0193063
-0.0181063
-0.0157935
-0.0145592
-0.0145683
-0.0132609
-0.0148088
-0.0096586
-0.0125781
-0.00671321
-0.00832994
-0.00693192
-0.00492876
-0.006467
-0.0074124
-0.00622203
-0.00426209
-0.00192313
-57.1902
-56.957
-56.7349
-56.4995
-56.2468
-55.9837
-55.7103
-55.4228
-55.1141
-54.7737
-54.3877
-53.941
-53.42
-52.8154
-52.1214
-51.3378
-50.4718
-49.5346
-48.54
-47.5025
-46.4356
-45.351
-44.2581
-43.1638
-42.0728
-40.9884
-39.9124
-38.8458
-37.7891
-36.7422
-35.7052
-34.6778
-33.6601
-32.6517
-31.6527
-30.663
-29.683
-28.7129
-27.7529
-26.8035
-25.8651
-24.9384
-24.0238
-23.1222
-22.2342
-21.3606
-20.5022
-19.6597
-18.8338
-18.0254
-17.2352
-16.4639
-15.7121
-14.9805
-14.2696
-13.5799
-12.9117
-12.2655
-11.6415
-11.0398
-10.4607
-9.90405
-9.36998
-8.85832
-8.36888
-7.90142
-7.45567
-7.03123
-6.62772
-6.24467
-5.88154
-5.53776
-5.21271
-4.90576
-4.61621
-4.34339
-4.08654
-3.84492
-3.61779
-3.4044
-3.20398
-3.01581
-2.83916
-2.67333
-2.51763
-2.3714
-2.23404
-2.10494
-1.98356
-1.86938
-1.76195
-1.66082
-1.56558
-1.47586
-1.39132
-1.31163
-1.23651
-1.16568
-1.09891
-1.03596
-0.976635
-0.920735
-0.868078
-0.818494
-0.771812
-0.727873
-0.686529
-0.647636
-0.611062
-0.57668
-0.544366
-0.514002
-0.485475
-0.458677
-0.433508
-0.409874
-0.387687
-0.366861
-0.34731
-0.328959
-0.311743
-0.2956
-0.280473
-0.2663
-0.25302
-0.240573
-0.228914
-0.218006
-0.20781
-0.198275
-0.189349
-0.180983
-0.173153
-0.165847
-0.159031
-0.152641
-0.146627
-0.140968
-0.135676
-0.130751
-0.126109
-0.121664
-0.117433
-0.11347
-0.109775
-0.106218
-0.102707
-0.0993121
-0.0961259
-0.0931845
-0.0902051
-0.0871589
-0.0842107
-0.0816006
-0.0790248
-0.0762078
-0.0733809
-0.0709033
-0.068651
-0.065926
-0.0630943
-0.0610316
-0.0588756
-0.0560018
-0.0537357
-0.0519091
-0.0493017
-0.0467723
-0.0450906
-0.0424503
-0.0406934
-0.0391646
-0.0360659
-0.0349296
-0.0334075
-0.0310033
-0.0293092
-0.027514
-0.0265482
-0.0247916
-0.0231751
-0.0207613
-0.0201489
-0.0193289
-0.0187152
-0.0163814
-0.0154973
-0.0127778
-0.0130544
-0.0128232
-0.00934984
-0.0153011
-0.00448632
-0.0139317
-0.00150513
-0.00696194
-0.00130368
-0.00130065
-0.000689668
-0.00155935
-56.6552
-56.4368
-56.2264
-56.0018
-55.7597
-55.5068
-55.2446
-54.9709
-54.6795
-54.3615
-54.0048
-53.5947
-53.1167
-52.5596
-51.9165
-51.1864
-50.3739
-49.4871
-48.5389
-47.5428
-46.5125
-45.4598
-44.3948
-43.3248
-42.2551
-41.1892
-40.1295
-39.077
-38.0325
-36.9959
-35.9673
-34.9468
-33.934
-32.9289
-31.9315
-30.942
-29.9606
-28.9875
-28.0232
-27.0682
-26.123
-25.1885
-24.2651
-23.3539
-22.4555
-21.5709
-20.701
-19.8466
-19.0086
-18.188
-17.3854
-16.6018
-15.8379
-15.0943
-14.3716
-13.6705
-12.9914
-12.3346
-11.7006
-11.0894
-10.5013
-9.93633
-9.39443
-8.87555
-8.37951
-7.90605
-7.45489
-7.02566
-6.61794
-6.2312
-5.86495
-5.51854
-5.19137
-4.88272
-4.59192
-4.31822
-4.06085
-3.81902
-3.59195
-3.37887
-3.17897
-2.99148
-2.81564
-2.65073
-2.49603
-2.35086
-2.21457
-2.08656
-1.96626
-1.85315
-1.74674
-1.6466
-1.55232
-1.46351
-1.37984
-1.30098
-1.22663
-1.15655
-1.09047
-1.02819
-0.969481
-0.914171
-0.862079
-0.813032
-0.766862
-0.723412
-0.682537
-0.644094
-0.60795
-0.573977
-0.542054
-0.512061
-0.483886
-0.457425
-0.432578
-0.40925
-0.387351
-0.366796
-0.347502
-0.329396
-0.312407
-0.29648
-0.281557
-0.267577
-0.254479
-0.242203
-0.230703
-0.219946
-0.209893
-0.200496
-0.191698
-0.183453
-0.175735
-0.168534
-0.161823
-0.155532
-0.149603
-0.144026
-0.13881
-0.133958
-0.12939
-0.125002
-0.120815
-0.116884
-0.113246
-0.109716
-0.106218
-0.102841
-0.0996893
-0.0967488
-0.0937661
-0.0906839
-0.0877267
-0.0851209
-0.0825075
-0.0796193
-0.0767592
-0.0743122
-0.0719615
-0.0691428
-0.0663209
-0.0642479
-0.0619024
-0.0590083
-0.0567548
-0.0548042
-0.0517871
-0.0495213
-0.0480493
-0.0449888
-0.0427734
-0.0415805
-0.038955
-0.0369341
-0.0349757
-0.0334022
-0.0318416
-0.0292242
-0.0279961
-0.0258985
-0.0249525
-0.0233871
-0.0219208
-0.0199375
-0.0188914
-0.0176285
-0.0165044
-0.016473
-0.0119063
-0.0159752
-0.00655878
-0.0144065
-0.00469488
-0.0128476
-0.00613747
-0.00990895
-0.00373309
-0.00233337
-0.000508518
0.000213362
-56.1365
-55.9327
-55.7337
-55.5195
-55.2876
-55.0446
-54.7932
-54.5325
-54.2575
-53.9597
-53.6279
-53.2501
-52.8113
-52.2996
-51.7068
-51.0287
-50.268
-49.4316
-48.5303
-47.5769
-46.5844
-45.5649
-44.5289
-43.484
-42.4364
-41.3898
-40.3469
-39.3091
-38.2772
-37.2513
-36.2316
-35.2179
-34.2103
-33.2087
-32.2131
-31.2237
-30.2408
-29.2647
-28.296
-27.3352
-26.383
-25.4402
-24.5078
-23.5865
-22.6774
-21.7813
-20.8995
-20.0328
-19.1823
-18.3488
-17.5335
-16.7372
-15.9607
-15.2047
-14.47
-13.7572
-13.0668
-12.3992
-11.7548
-11.1339
-10.5367
-9.96316
-9.41334
-8.88714
-8.38444
-7.90495
-7.44842
-7.01442
-6.60251
-6.21219
-5.84292
-5.49402
-5.16485
-4.85469
-4.56282
-4.28843
-4.03074
-3.78891
-3.56213
-3.34957
-3.15039
-2.96379
-2.78899
-2.6252
-2.47168
-2.32775
-2.19272
-2.06596
-1.9469
-1.835
-1.72976
-1.63074
-1.53751
-1.44971
-1.367
-1.28905
-1.21556
-1.14628
-1.08097
-1.0194
-0.96138
-0.906714
-0.855233
-0.806769
-0.761156
-0.718239
-0.677874
-0.639918
-0.604239
-0.570711
-0.539211
-0.509621
-0.481831
-0.455734
-0.431232
-0.408232
-0.386644
-0.366384
-0.347368
-0.329523
-0.312783
-0.297089
-0.282385
-0.268612
-0.255709
-0.243618
-0.232294
-0.2217
-0.211802
-0.202553
-0.193894
-0.18578
-0.178184
-0.171097
-0.164497
-0.158317
-0.152483
-0.146991
-0.141859
-0.137087
-0.132597
-0.128274
-0.124139
-0.120249
-0.116662
-0.113185
-0.109704
-0.106324
-0.103218
-0.100298
-0.0973208
-0.0942171
-0.091234
-0.0886194
-0.0859802
-0.083052
-0.0801356
-0.0776301
-0.0752629
-0.0723681
-0.0695507
-0.0673336
-0.0650062
-0.0619578
-0.0595355
-0.0576223
-0.0547322
-0.0522521
-0.050494
-0.0478056
-0.0456428
-0.0434518
-0.0410088
-0.0396906
-0.037186
-0.0349303
-0.0335116
-0.0314018
-0.0297483
-0.0277802
-0.025989
-0.0246721
-0.0231841
-0.0221952
-0.0200671
-0.0190273
-0.0158742
-0.0174134
-0.0131099
-0.0151867
-0.0133325
-0.0102819
-0.0118146
-0.00533018
-0.00750877
-0.00386494
-0.00444146
-0.00566918
-0.00526854
-0.00184003
-55.6343
-55.4447
-55.2571
-55.0531
-54.8315
-54.5989
-54.3581
-54.1091
-53.8477
-53.5683
-53.2599
-52.9104
-52.507
-52.0371
-51.4913
-50.8641
-50.1548
-49.3685
-48.5147
-47.6048
-46.6513
-45.6663
-44.6604
-43.6418
-42.617
-41.5906
-40.5652
-39.5426
-38.5236
-37.5088
-36.4983
-35.4919
-34.4898
-33.4918
-32.498
-31.5088
-30.5243
-29.5451
-28.5718
-27.6049
-26.6454
-25.6943
-24.7523
-23.8205
-22.9001
-21.9922
-21.0979
-20.2185
-19.3549
-18.5083
-17.6796
-16.8701
-16.0805
-15.3118
-14.5647
-13.8398
-13.1378
-12.4591
-11.8042
-11.1733
-10.5667
-9.98443
-9.42656
-8.89299
-8.38355
-7.89801
-7.43607
-6.99735
-6.58133
-6.18751
-5.81532
-5.46407
-5.13306
-4.82156
-4.52879
-4.25392
-3.99611
-3.75451
-3.52823
-3.31642
-3.1182
-2.93272
-2.75916
-2.5967
-2.44458
-2.30208
-2.16848
-2.04314
-1.92548
-1.81494
-1.71101
-1.61323
-1.52118
-1.43449
-1.35283
-1.27586
-1.20331
-1.1349
-1.07042
-1.00963
-0.95234
-0.898372
-0.847552
-0.799715
-0.7547
-0.71236
-0.672543
-0.635113
-0.599935
-0.566886
-0.535842
-0.506688
-0.479312
-0.453608
-0.429477
-0.406827
-0.385572
-0.365627
-0.34691
-0.329347
-0.312874
-0.297429
-0.282959
-0.269408
-0.256715
-0.244823
-0.233686
-0.223269
-0.213537
-0.204446
-0.195939
-0.187964
-0.180501
-0.173538
-0.167055
-0.160994
-0.15527
-0.14987
-0.144825
-0.140138
-0.135734
-0.131483
-0.127403
-0.123565
-0.120035
-0.116617
-0.113179
-0.109788
-0.106702
-0.10382
-0.100855
-0.0977291
-0.0947464
-0.0920792
-0.0894415
-0.086476
-0.0835099
-0.0809881
-0.0785348
-0.0756277
-0.0728213
-0.0705071
-0.0679735
-0.0648938
-0.0625648
-0.0603395
-0.0574988
-0.0552941
-0.0530731
-0.050024
-0.0482662
-0.0461276
-0.0430827
-0.0416002
-0.0393881
-0.0373523
-0.0350757
-0.033042
-0.0311916
-0.0295194
-0.0280259
-0.0262566
-0.0240219
-0.0227123
-0.0215963
-0.0202252
-0.0185743
-0.016694
-0.0170136
-0.0110342
-0.0163339
-0.00745105
-0.015448
-0.00669126
-0.0105542
-0.00391042
-0.00443521
-0.00314285
0.000182486
0.000426152
-55.1486
-54.9727
-54.7964
-54.6028
-54.391
-54.1683
-53.9371
-53.6984
-53.4502
-53.1864
-52.8987
-52.5754
-52.2047
-51.7736
-51.2714
-50.6918
-50.0329
-49.2969
-48.4911
-47.6259
-46.7128
-45.7637
-44.7893
-43.7982
-42.7975
-41.7919
-40.7846
-39.7778
-38.7726
-37.7693
-36.7683
-35.7695
-34.773
-33.7788
-32.7869
-31.7979
-30.8118
-29.8294
-28.8512
-27.878
-26.911
-25.951
-24.999
-24.0563
-23.1242
-22.2039
-21.2967
-20.4039
-19.5267
-18.6664
-17.824
-17.0008
-16.1977
-15.4158
-14.6557
-13.9184
-13.2044
-12.5143
-11.8485
-11.2075
-10.5912
-10.0001
-9.434
-8.89292
-8.3767
-7.88508
-7.41775
-6.97431
-6.55424
-6.15702
-5.78201
-5.42853
-5.09585
-4.7832
-4.48972
-4.21459
-3.95689
-3.71573
-3.49021
-3.27938
-3.08236
-2.89822
-2.72613
-2.56522
-2.41471
-2.27382
-2.14185
-2.01812
-1.90202
-1.79299
-1.6905
-1.59408
-1.50333
-1.41787
-1.33734
-1.26144
-1.18988
-1.12242
-1.05882
-0.998873
-0.942376
-0.889152
-0.839039
-0.791876
-0.747505
-0.705779
-0.666551
-0.629683
-0.595045
-0.562508
-0.531954
-0.503267
-0.476335
-0.451051
-0.427317
-0.40504
-0.384139
-0.364531
-0.346134
-0.328872
-0.312683
-0.297504
-0.283284
-0.269971
-0.257502
-0.245821
-0.234883
-0.224653
-0.215097
-0.206176
-0.197832
-0.19001
-0.182687
-0.175859
-0.169501
-0.163564
-0.157962
-0.152664
-0.147709
-0.143114
-0.138802
-0.134637
-0.130617
-0.126834
-0.123369
-0.120012
-0.116626
-0.113244
-0.110158
-0.107306
-0.104352
-0.101216
-0.0982153
-0.0955559
-0.092875
-0.0898923
-0.0868748
-0.0843499
-0.0818549
-0.0788694
-0.0759849
-0.0736848
-0.0710332
-0.067847
-0.0655433
-0.0633512
-0.0601567
-0.0578557
-0.0557213
-0.0527403
-0.050469
-0.0482361
-0.0459107
-0.0438311
-0.0411318
-0.0392431
-0.0372043
-0.0349992
-0.033065
-0.0310263
-0.0294784
-0.0274668
-0.0262342
-0.0237422
-0.0227928
-0.0210157
-0.0198576
-0.0164397
-0.0187451
-0.0137848
-0.0153737
-0.0106148
-0.0099284
-0.00834244
-0.0084451
-0.00704351
-0.00778715
-0.00378752
-0.00111407
-0.000825117
-54.6794
-54.5169
-54.3516
-54.1683
-53.9665
-53.7528
-53.5312
-53.3027
-53.0663
-52.8166
-52.5466
-52.2468
-51.9044
-51.5086
-51.0481
-50.5144
-49.904
-49.2174
-48.4599
-47.6399
-46.7684
-45.8567
-44.9153
-43.9532
-42.9777
-41.9939
-41.0058
-40.0155
-39.0245
-38.0333
-37.0422
-36.0514
-35.0608
-34.0704
-33.0807
-32.0916
-31.104
-30.1181
-29.1349
-28.1553
-27.1802
-26.2109
-25.2485
-24.2945
-23.3501
-22.4169
-21.4961
-20.5894
-19.698
-18.8234
-17.9667
-17.1294
-16.3123
-15.5166
-14.7432
-13.993
-13.2667
-12.5648
-11.8878
-11.2362
-10.6102
-10.01
-9.43554
-8.88683
-8.36376
-7.86601
-7.39329
-6.94514
-6.52109
-6.12054
-5.74284
-5.38729
-5.05311
-4.73947
-4.44551
-4.17033
-3.91297
-3.67251
-3.44797
-3.23838
-3.04279
-2.86025
-2.68986
-2.53074
-2.38205
-2.243
-2.11285
-1.9909
-1.87653
-1.76915
-1.66824
-1.57333
-1.48398
-1.39984
-1.32055
-1.2458
-1.17531
-1.10886
-1.04621
-0.98715
-0.931493
-0.879065
-0.829705
-0.783262
-0.739579
-0.698506
-0.659905
-0.623638
-0.589573
-0.557584
-0.527553
-0.499363
-0.472904
-0.448066
-0.424754
-0.402878
-0.382355
-0.363105
-0.345046
-0.328103
-0.312212
-0.297317
-0.283364
-0.270302
-0.258072
-0.246615
-0.235887
-0.225854
-0.216487
-0.207748
-0.199577
-0.191919
-0.184745
-0.178058
-0.17184
-0.166033
-0.160558
-0.155372
-0.150517
-0.146021
-0.141808
-0.137737
-0.133788
-0.130061
-0.126663
-0.123372
-0.120039
-0.116681
-0.113598
-0.110767
-0.107833
-0.104686
-0.101673
-0.0990139
-0.0963271
-0.0932762
-0.0903005
-0.0876882
-0.0851046
-0.0821094
-0.0791467
-0.0767474
-0.0740438
-0.0710307
-0.0684427
-0.0660267
-0.0631115
-0.0604918
-0.0580337
-0.0552962
-0.0532391
-0.0504367
-0.0479671
-0.0462126
-0.0433517
-0.0410375
-0.0390766
-0.0369682
-0.0348753
-0.0328675
-0.0311147
-0.0289498
-0.0270922
-0.0258343
-0.0232472
-0.0225345
-0.0211639
-0.0180701
-0.0166384
-0.01578
-0.0134198
-0.0155444
-0.0099454
-0.0109742
-0.00678067
-0.00512525
-0.00409649
-0.00247885
-0.0046361
-0.00203215
-54.2264
-54.077
-53.9225
-53.7493
-53.5573
-53.3534
-53.1412
-52.9221
-52.695
-52.4576
-52.2032
-51.9237
-51.6074
-51.2433
-50.8208
-50.3304
-49.767
-49.129
-48.4199
-47.6464
-46.8179
-45.9451
-45.0381
-44.1065
-43.1576
-42.197
-41.2289
-40.256
-39.2799
-38.3013
-37.3206
-36.338
-35.3536
-34.3675
-33.3798
-32.3909
-31.4014
-30.4121
-29.4235
-28.437
-27.4536
-26.4745
-25.5013
-24.5353
-23.5781
-22.6314
-21.6965
-20.7753
-19.8691
-18.9795
-18.108
-17.2558
-16.4242
-15.6143
-14.8271
-14.0636
-13.3245
-12.6104
-11.922
-11.2596
-10.6236
-10.014
-9.43105
-8.87459
-8.34456
-7.84065
-7.3625
-6.9097
-6.48172
-6.07795
-5.69769
-5.34021
-5.0047
-4.69029
-4.39606
-4.12105
-3.86429
-3.62476
-3.40146
-3.19337
-2.99946
-2.81878
-2.65034
-2.49325
-2.34661
-2.20961
-2.08147
-1.9615
-1.84903
-1.74346
-1.64427
-1.55097
-1.46315
-1.38042
-1.30245
-1.22894
-1.15961
-1.09424
-1.03259
-0.974473
-0.919704
-0.86812
-0.819566
-0.773885
-0.730926
-0.690547
-0.652613
-0.616983
-0.583527
-0.55212
-0.522644
-0.494983
-0.469024
-0.44466
-0.421796
-0.400346
-0.380227
-0.361352
-0.34365
-0.327044
-0.31147
-0.296871
-0.2832
-0.270404
-0.258426
-0.247207
-0.236701
-0.226877
-0.21771
-0.209163
-0.201176
-0.193691
-0.186677
-0.180139
-0.174069
-0.168405
-0.163062
-0.157996
-0.153251
-0.148863
-0.144754
-0.140786
-0.136917
-0.133248
-0.129914
-0.126696
-0.123418
-0.120086
-0.117025
-0.114218
-0.111317
-0.108149
-0.105135
-0.10245
-0.0997646
-0.0966914
-0.0936687
-0.0910293
-0.0883697
-0.0852717
-0.0823588
-0.0798838
-0.0770271
-0.0739716
-0.0714803
-0.0687968
-0.065616
-0.0633394
-0.0606991
-0.0576453
-0.0556204
-0.0530299
-0.0502582
-0.0480478
-0.0454184
-0.0432931
-0.0408119
-0.038983
-0.0365039
-0.0345289
-0.0321914
-0.0309343
-0.0283517
-0.0269275
-0.0250556
-0.0218164
-0.0222003
-0.0205134
-0.0176712
-0.0173595
-0.0124593
-0.0140746
-0.0104394
-0.0121276
-0.00887473
-0.00810888
-0.00379447
-0.00353652
-0.00161684
0.00080217
-53.7894
-53.6527
-53.5089
-53.3456
-53.1634
-52.9685
-52.7649
-52.5545
-52.3376
-52.1112
-51.87
-51.6075
-51.3145
-50.9792
-50.5915
-50.1416
-49.623
-49.0324
-48.3712
-47.6447
-46.8604
-46.028
-45.1576
-44.258
-43.3373
-42.4012
-41.4544
-40.4999
-39.5394
-38.5741
-37.6043
-36.6303
-35.6524
-34.6706
-33.6852
-32.6965
-31.7051
-30.712
-29.7179
-28.7242
-27.7319
-26.7426
-25.7579
-24.7794
-23.8087
-22.8477
-21.8982
-20.9618
-20.0402
-19.1351
-18.248
-17.3804
-16.5337
-15.709
-14.9075
-14.1301
-13.3778
-12.6512
-11.951
-11.2775
-10.6311
-10.0121
-9.42039
-8.85608
-8.31898
-7.80884
-7.32526
-6.86784
-6.43599
-6.02908
-5.64639
-5.28714
-4.95049
-4.6355
-4.34123
-4.06664
-3.81071
-3.57239
-3.3506
-3.14427
-2.95233
-2.77376
-2.60755
-2.45272
-2.30837
-2.17364
-2.04774
-1.92993
-1.81953
-1.71594
-1.61861
-1.52706
-1.44086
-1.35965
-1.28309
-1.21089
-1.14279
-1.07856
-1.01798
-0.96086
-0.907029
-0.856334
-0.808626
-0.763751
-0.721558
-0.681913
-0.644681
-0.609724
-0.576912
-0.546123
-0.517235
-0.490134
-0.464705
-0.440842
-0.418452
-0.397452
-0.377756
-0.359279
-0.341952
-0.325703
-0.310462
-0.296176
-0.282799
-0.270281
-0.258568
-0.2476
-0.237331
-0.227728
-0.21877
-0.210423
-0.202628
-0.195327
-0.188486
-0.182105
-0.176189
-0.170677
-0.165479
-0.160544
-0.155909
-0.151636
-0.147641
-0.143782
-0.140002
-0.136393
-0.133126
-0.12999
-0.126769
-0.123469
-0.120433
-0.117659
-0.114793
-0.11161
-0.108591
-0.105884
-0.103194
-0.100099
-0.0970178
-0.0943331
-0.0916544
-0.0885154
-0.0855354
-0.0829528
-0.0801403
-0.0768273
-0.0743026
-0.0717085
-0.0683833
-0.065797
-0.0633561
-0.0603685
-0.0578572
-0.0551472
-0.0527255
-0.0501019
-0.0472723
-0.045358
-0.0427856
-0.0405896
-0.0383365
-0.0358874
-0.0340684
-0.0316451
-0.0303919
-0.0268279
-0.0270445
-0.0242171
-0.0213966
-0.021526
-0.017123
-0.0192167
-0.0149144
-0.0146088
-0.0110388
-0.0101646
-0.00753023
-0.00807134
-0.00642464
-0.00629571
-0.00164499
-0.000278602
-53.3681
-53.2437
-53.1102
-52.9569
-52.7844
-52.5987
-52.4036
-52.2013
-51.9922
-51.7753
-51.5465
-51.299
-51.025
-50.715
-50.3591
-49.9469
-49.4708
-48.9265
-48.3134
-47.6342
-46.8954
-46.1052
-45.2728
-44.4074
-43.5166
-42.6067
-41.6824
-40.7473
-39.8035
-38.8522
-37.894
-36.9291
-35.958
-34.9807
-33.9976
-33.0091
-32.0158
-31.0186
-30.0188
-29.0172
-28.0157
-27.0157
-26.0189
-25.0271
-24.0424
-23.0666
-22.1016
-21.1493
-20.2116
-19.2902
-18.3869
-17.5032
-16.6407
-15.8007
-14.9843
-14.1927
-13.4267
-12.6871
-11.9747
-11.2897
-10.6328
-10.004
-9.40343
-8.83114
-8.2869
-7.77047
-7.28146
-6.81942
-6.38374
-5.97378
-5.58879
-5.22795
-4.89034
-4.57499
-4.2809
-4.00698
-3.75216
-3.51532
-3.29532
-3.09104
-2.90136
-2.72518
-2.56146
-2.40916
-2.26735
-2.13513
-2.01168
-1.89622
-1.78808
-1.68662
-1.5913
-1.50163
-1.41717
-1.33757
-1.26251
-1.1917
-1.12489
-1.06185
-1.00239
-0.946318
-0.893479
-0.843718
-0.796893
-0.752863
-0.711481
-0.672612
-0.636122
-0.601875
-0.569743
-0.539603
-0.511336
-0.484827
-0.459955
-0.43662
-0.414733
-0.394204
-0.374948
-0.356891
-0.339959
-0.324083
-0.309193
-0.295235
-0.282167
-0.269942
-0.258505
-0.2478
-0.237779
-0.228408
-0.219669
-0.211532
-0.203939
-0.196831
-0.190173
-0.18396
-0.178201
-0.172849
-0.167808
-0.163017
-0.1585
-0.154338
-0.150472
-0.146729
-0.14304
-0.139504
-0.136296
-0.133255
-0.130105
-0.126838
-0.123819
-0.121077
-0.118259
-0.115094
-0.112031
-0.109343
-0.106618
-0.103518
-0.100362
-0.097711
-0.0949078
-0.0917827
-0.0887259
-0.0860289
-0.083086
-0.0798889
-0.0771888
-0.0743219
-0.0712444
-0.0686171
-0.0657159
-0.0628058
-0.0604137
-0.0572405
-0.0547306
-0.0522467
-0.049538
-0.047092
-0.0446277
-0.0422302
-0.0400355
-0.0372573
-0.0354091
-0.0335635
-0.0311846
-0.0292921
-0.0255466
-0.0271907
-0.0221661
-0.0226128
-0.0185504
-0.017141
-0.016249
-0.0141922
-0.0140989
-0.0107279
-0.00963057
-0.00642682
-0.00555054
-0.00307117
-0.00227173
-0.00173341
-52.962
-52.8496
-52.7264
-52.5828
-52.4199
-52.243
-52.0562
-51.8618
-51.6605
-51.4513
-51.2319
-50.9976
-50.7408
-50.4529
-50.1247
-49.7472
-49.3117
-48.8117
-48.2456
-47.6142
-46.9219
-46.1757
-45.3837
-44.5543
-43.6954
-42.8133
-41.9132
-40.9989
-40.0728
-39.1362
-38.1902
-37.2351
-36.2711
-35.2987
-34.318
-33.3295
-32.3342
-31.3329
-30.3266
-29.3171
-28.3057
-27.2944
-26.2849
-25.2793
-24.2797
-23.2884
-22.307
-21.3381
-20.3835
-19.4451
-18.5249
-17.6245
-16.7456
-15.8896
-15.0577
-14.2512
-13.4711
-12.7181
-11.993
-11.2963
-10.6285
-9.98971
-9.38009
-8.79962
-8.24813
-7.72533
-7.23088
-6.76425
-6.32482
-5.91193
-5.52477
-5.16248
-4.82411
-4.50861
-4.21494
-3.94196
-3.68853
-3.45347
-3.23557
-3.03363
-2.8465
-2.67301
-2.51205
-2.36257
-2.22355
-2.09408
-1.9733
-1.8604
-1.7547
-1.65554
-1.56238
-1.4747
-1.39211
-1.31423
-1.24075
-1.17139
-1.10593
-1.04414
-0.98584
-0.930864
-0.879063
-0.830282
-0.784383
-0.741237
-0.700706
-0.662653
-0.626944
-0.593446
-0.56203
-0.532572
-0.504956
-0.479065
-0.45478
-0.432003
-0.410644
-0.390608
-0.371815
-0.354196
-0.337678
-0.322188
-0.307664
-0.294052
-0.281308
-0.269387
-0.25824
-0.24781
-0.238048
-0.228921
-0.220409
-0.21249
-0.205112
-0.198207
-0.191738
-0.185702
-0.180109
-0.174924
-0.17005
-0.165414
-0.161024
-0.156979
-0.153241
-0.149632
-0.14604
-0.142583
-0.139437
-0.136485
-0.133434
-0.130201
-0.127187
-0.124484
-0.121717
-0.118604
-0.115485
-0.112794
-0.110055
-0.106944
-0.103768
-0.101021
-0.0982643
-0.0949855
-0.0918687
-0.0891707
-0.0860937
-0.0827929
-0.0801859
-0.0771463
-0.07381
-0.0714026
-0.0683484
-0.0651185
-0.0626846
-0.0596319
-0.0569239
-0.0541875
-0.0518229
-0.0490797
-0.0461027
-0.0438392
-0.0416003
-0.0396102
-0.0362732
-0.0349223
-0.0318947
-0.0314128
-0.0278934
-0.0256149
-0.0248158
-0.0206009
-0.0230377
-0.0165557
-0.018452
-0.0127148
-0.0139497
-0.00994911
-0.0110386
-0.00838139
-0.00629381
-0.00324974
-0.0023449
-0.000357622
-52.5707
-52.4701
-52.357
-52.223
-52.0694
-51.9012
-51.722
-51.5343
-51.3397
-51.1382
-50.927
-50.7029
-50.4609
-50.193
-49.8902
-49.543
-49.1446
-48.6875
-48.1676
-47.5841
-46.9394
-46.2387
-45.489
-44.6979
-43.8732
-43.021
-42.147
-41.2549
-40.3477
-39.4271
-38.4939
-37.5491
-36.5927
-35.6252
-34.6471
-33.6588
-32.6612
-31.6554
-30.6426
-29.6245
-28.6029
-27.5795
-26.5567
-25.5365
-24.5213
-23.5134
-22.5151
-21.5286
-20.5563
-19.6002
-18.6622
-17.7443
-16.8483
-15.9756
-15.1276
-14.3057
-13.5109
-12.744
-12.0059
-11.2972
-10.6181
-9.96907
-9.35015
-8.76134
-8.20248
-7.6733
-7.17335
-6.70216
-6.25907
-5.84334
-5.45415
-5.09058
-4.75163
-4.43623
-4.14324
-3.87149
-3.61974
-3.38675
-3.17125
-2.97198
-2.78771
-2.61722
-2.45933
-2.31294
-2.17699
-2.05052
-1.93264
-1.82251
-1.71943
-1.62274
-1.53188
-1.44634
-1.36572
-1.28965
-1.21783
-1.14999
-1.08593
-1.02544
-0.968356
-0.91452
-0.863793
-0.816032
-0.771107
-0.728889
-0.689248
-0.652048
-0.617156
-0.584443
-0.553777
-0.525036
-0.498103
-0.472858
-0.449189
-0.426998
-0.406189
-0.386669
-0.368365
-0.351201
-0.335113
-0.320028
-0.305885
-0.292631
-0.280224
-0.268621
-0.257776
-0.247633
-0.238141
-0.229268
-0.220994
-0.213302
-0.206147
-0.199457
-0.193187
-0.187336
-0.181918
-0.176907
-0.172206
-0.167731
-0.163485
-0.159562
-0.155952
-0.152485
-0.149012
-0.145631
-0.142558
-0.139691
-0.136744
-0.133563
-0.130555
-0.12789
-0.125177
-0.122097
-0.118963
-0.116227
-0.113509
-0.110361
-0.107188
-0.104343
-0.101511
-0.0982651
-0.0950489
-0.0922513
-0.089182
-0.0858335
-0.082949
-0.0800461
-0.0767127
-0.0737975
-0.0708607
-0.0678067
-0.0648584
-0.0618625
-0.0593173
-0.0564912
-0.0534986
-0.0509817
-0.0481937
-0.0455125
-0.0431404
-0.0408255
-0.0387498
-0.0355062
-0.0341696
-0.0306009
-0.0308723
-0.0258235
-0.0266798
-0.0212982
-0.0218901
-0.0185198
-0.0180798
-0.0158602
-0.0138887
-0.010858
-0.00897459
-0.00736574
-0.00615438
-0.0061385
-0.00349877
-0.000557608
-52.194
-52.1049
-52.0017
-51.8771
-51.7324
-51.5725
-51.4009
-51.2202
-51.0317
-50.8358
-50.632
-50.4171
-50.1866
-49.9344
-49.6538
-49.3358
-48.9719
-48.5551
-48.0799
-47.5437
-46.947
-46.2933
-45.588
-44.8378
-44.0496
-43.2297
-42.3836
-41.5156
-40.6287
-39.7252
-38.8059
-37.872
-36.9235
-35.9615
-34.986
-33.9978
-32.9978
-31.9873
-30.9675
-29.9404
-28.9078
-27.8718
-26.8347
-25.7991
-24.7674
-23.7422
-22.726
-21.7212
-20.7303
-19.7555
-18.799
-17.8629
-16.949
-16.0589
-15.1942
-14.3562
-13.5461
-12.765
-12.0134
-11.2921
-10.6015
-9.94192
-9.31352
-8.71621
-8.14985
-7.6142
-7.10875
-6.633
-6.18628
-5.76782
-5.37674
-5.01207
-4.67277
-4.35772
-4.06569
-3.79544
-3.54568
-3.31508
-3.10232
-2.90605
-2.72496
-2.55779
-2.40328
-2.26028
-2.12769
-2.00448
-1.88973
-1.7826
-1.68233
-1.58828
-1.49986
-1.41658
-1.33803
-1.26385
-1.19376
-1.12752
-1.06492
-1.00578
-0.949962
-0.897311
-0.847698
-0.800996
-0.757084
-0.715833
-0.677116
-0.640804
-0.606767
-0.574874
-0.544994
-0.517002
-0.490784
-0.466217
-0.443195
-0.421613
-0.401375
-0.382396
-0.3646
-0.347913
-0.332273
-0.31761
-0.303863
-0.29098
-0.278923
-0.267651
-0.257118
-0.247274
-0.238063
-0.229453
-0.221429
-0.213974
-0.207047
-0.200582
-0.194523
-0.188863
-0.183628
-0.178799
-0.174279
-0.169975
-0.16588
-0.16209
-0.15861
-0.155291
-0.151954
-0.148657
-0.145661
-0.14288
-0.140034
-0.136925
-0.133935
-0.131294
-0.128635
-0.125573
-0.122433
-0.119662
-0.116962
-0.113804
-0.110549
-0.107697
-0.10476
-0.101471
-0.0983201
-0.0954053
-0.092132
-0.0888958
-0.085896
-0.0826935
-0.0794834
-0.0765674
-0.0731031
-0.0702937
-0.0673906
-0.0641057
-0.0614398
-0.0584757
-0.0556781
-0.0526509
-0.0502543
-0.047398
-0.045033
-0.0422072
-0.0397031
-0.0373274
-0.0355537
-0.0327155
-0.0297989
-0.028615
-0.025325
-0.0256695
-0.0203257
-0.0212732
-0.0157017
-0.0169239
-0.0135419
-0.0130842
-0.0105496
-0.00731877
-0.00575441
-0.00426727
-0.00238417
-0.00133993
-51.8316
-51.754
-51.6603
-51.5447
-51.4087
-51.2567
-51.0921
-50.9174
-50.7344
-50.5442
-50.3458
-50.1379
-49.917
-49.6787
-49.4166
-49.124
-48.7918
-48.4126
-47.9809
-47.4919
-46.944
-46.3389
-45.68
-44.9731
-44.224
-43.4389
-42.6231
-41.7812
-40.9164
-40.0311
-39.1269
-38.2045
-37.2648
-36.3085
-35.3357
-34.3476
-33.3451
-32.3294
-31.3023
-30.2655
-29.2212
-28.1718
-27.1199
-26.068
-25.019
-23.9755
-22.9404
-21.9163
-20.9059
-19.9116
-18.9357
-17.9804
-17.0478
-16.1395
-15.2574
-14.4028
-13.5769
-12.7808
-12.0153
-11.2811
-10.5786
-9.90819
-9.27004
-8.66404
-8.09009
-7.54785
-7.03686
-6.55657
-6.10629
-5.68522
-5.29239
-4.92682
-4.58739
-4.27292
-3.98213
-3.71369
-3.46624
-3.23838
-3.02869
-2.83577
-2.65822
-2.49471
-2.34392
-2.20462
-2.07567
-1.956
-1.84463
-1.7407
-1.64345
-1.55219
-1.46636
-1.38546
-1.30908
-1.23688
-1.1686
-1.10401
-1.04293
-0.9852
-0.930687
-0.879261
-0.8308
-0.785195
-0.742327
-0.702075
-0.664318
-0.628932
-0.595788
-0.56475
-0.535691
-0.508485
-0.483009
-0.459156
-0.436804
-0.415857
-0.396215
-0.377798
-0.360529
-0.34434
-0.329165
-0.31494
-0.301603
-0.289108
-0.277413
-0.266482
-0.256274
-0.246737
-0.237819
-0.229484
-0.221717
-0.214508
-0.207817
-0.201584
-0.195747
-0.19029
-0.185243
-0.180601
-0.176273
-0.17215
-0.168214
-0.164561
-0.161222
-0.158054
-0.154864
-0.151663
-0.148739
-0.146056
-0.143315
-0.140291
-0.137317
-0.134689
-0.132083
-0.129054
-0.125912
-0.123103
-0.120405
-0.117232
-0.113949
-0.110997
-0.108074
-0.104733
-0.101445
-0.0985496
-0.0951915
-0.0917282
-0.0888457
-0.085516
-0.0819926
-0.0791463
-0.0758983
-0.0724908
-0.0696558
-0.0666703
-0.0635967
-0.0602343
-0.0575534
-0.0550571
-0.0519976
-0.0491893
-0.0460848
-0.0445528
-0.0409395
-0.0385456
-0.0360523
-0.0344588
-0.0310603
-0.0298122
-0.0259466
-0.0251692
-0.0219619
-0.0216592
-0.0181997
-0.0164715
-0.0132839
-0.0120202
-0.0106767
-0.00902424
-0.00726694
-0.00381122
-0.00206733
-0.000541037
-51.4835
-51.4169
-51.3324
-51.2255
-51.0979
-50.9534
-50.7954
-50.6263
-50.4481
-50.2619
-50.068
-49.8656
-49.6528
-49.4263
-49.1804
-48.9091
-48.6058
-48.2622
-47.8717
-47.4287
-46.9295
-46.3741
-45.7638
-45.1028
-44.3957
-43.6482
-42.8654
-42.0518
-41.211
-40.3457
-39.4575
-38.5478
-37.6175
-36.6671
-35.6974
-34.7094
-33.704
-32.6831
-31.648
-30.6009
-29.5443
-28.4808
-27.4129
-26.3439
-25.2765
-24.2138
-23.1588
-22.1144
-21.0835
-20.0686
-19.0723
-18.097
-17.1448
-16.2177
-15.3173
-14.4454
-13.6031
-12.7915
-12.0116
-11.264
-10.5493
-9.86778
-9.21958
-8.60471
-8.023
-7.47408
-6.95752
-6.47273
-6.01895
-5.59534
-5.20093
-4.83464
-4.49532
-4.1817
-3.89244
-3.62614
-3.38134
-3.15656
-2.95031
-2.7611
-2.58747
-2.42796
-2.28123
-2.14597
-2.02097
-1.90511
-1.79737
-1.69688
-1.60283
-1.51455
-1.43144
-1.35303
-1.27893
-1.2088
-1.14239
-1.07952
-1.02001
-0.963722
-0.910554
-0.860387
-0.813114
-0.768634
-0.72684
-0.687625
-0.650868
-0.616446
-0.584229
-0.554082
-0.525877
-0.49949
-0.474795
-0.451678
-0.430028
-0.409737
-0.390717
-0.372884
-0.356162
-0.340487
-0.325794
-0.312021
-0.299112
-0.287017
-0.275698
-0.26512
-0.255245
-0.246026
-0.237412
-0.229363
-0.221864
-0.214906
-0.208458
-0.202466
-0.196862
-0.191619
-0.186768
-0.182316
-0.178187
-0.17426
-0.170493
-0.166982
-0.163786
-0.160781
-0.157742
-0.154656
-0.151793
-0.149211
-0.146593
-0.143656
-0.140698
-0.138081
-0.135534
-0.132556
-0.129389
-0.126569
-0.123845
-0.12066
-0.117351
-0.114382
-0.111346
-0.108015
-0.104631
-0.101539
-0.0982198
-0.0947735
-0.0915416
-0.0882683
-0.0848611
-0.0816092
-0.0783818
-0.0751863
-0.0718836
-0.0687845
-0.0657631
-0.0626014
-0.0593025
-0.0566735
-0.0540097
-0.0509403
-0.0475367
-0.0450086
-0.0436437
-0.0393246
-0.0374715
-0.0347328
-0.0326563
-0.030014
-0.0284711
-0.0247505
-0.0234001
-0.020301
-0.0194129
-0.0171208
-0.0151669
-0.0128897
-0.0094309
-0.00844149
-0.00646208
-0.00561413
-0.00368749
-0.000385029
-51.1491
-51.0935
-51.018
-50.9194
-50.7995
-50.6622
-50.5102
-50.3463
-50.1723
-49.9897
-49.7991
-49.6011
-49.394
-49.1759
-48.9439
-48.6918
-48.4141
-48.1032
-47.7518
-47.3536
-46.9033
-46.3985
-45.8387
-45.2259
-44.5639
-43.8571
-43.1101
-42.3275
-41.513
-40.6693
-39.7987
-38.9027
-37.9823
-37.0385
-36.072
-35.0841
-34.0759
-33.049
-32.0056
-30.9477
-29.878
-28.7993
-27.7147
-26.6275
-25.5407
-24.4577
-23.3818
-22.3159
-21.2633
-20.2268
-19.2092
-18.2128
-17.2402
-16.2934
-15.3741
-14.484
-13.6246
-12.797
-12.0022
-11.2408
-10.5135
-9.8205
-9.16205
-8.53808
-7.94843
-7.39274
-6.87061
-6.38129
-5.92407
-5.49803
-5.10218
-4.73538
-4.39641
-4.08392
-3.79649
-3.53266
-3.29086
-3.06955
-2.86712
-2.68201
-2.51267
-2.35756
-2.21524
-2.08436
-1.96362
-1.85186
-1.74803
-1.6512
-1.56055
-1.47541
-1.39517
-1.31937
-1.24763
-1.17965
-1.11519
-1.05407
-0.996176
-0.941376
-0.889582
-0.840702
-0.794647
-0.751325
-0.710644
-0.672501
-0.636778
-0.603354
-0.572101
-0.542881
-0.515569
-0.490029
-0.466149
-0.4438
-0.422875
-0.40327
-0.384894
-0.367665
-0.351509
-0.336364
-0.322167
-0.308863
-0.296395
-0.284714
-0.273782
-0.263567
-0.254036
-0.245146
-0.236846
-0.229093
-0.221869
-0.215171
-0.208977
-0.203232
-0.19787
-0.192851
-0.188205
-0.183948
-0.180023
-0.176305
-0.172718
-0.16936
-0.166304
-0.163467
-0.160594
-0.157632
-0.154842
-0.152348
-0.149853
-0.147025
-0.144086
-0.141476
-0.138987
-0.136081
-0.132902
-0.130028
-0.127321
-0.12413
-0.120786
-0.117747
-0.114715
-0.111204
-0.107862
-0.104645
-0.10115
-0.0977296
-0.0945145
-0.0908666
-0.0876188
-0.0844537
-0.0806685
-0.0775952
-0.0744349
-0.0708637
-0.0676818
-0.0646533
-0.0617818
-0.0579275
-0.0554825
-0.0525662
-0.049675
-0.0461298
-0.044358
-0.0415536
-0.0376215
-0.0370346
-0.0331996
-0.0310154
-0.0283716
-0.0264005
-0.0242935
-0.0216104
-0.0191788
-0.0166891
-0.0155326
-0.013575
-0.0114175
-0.0088618
-0.00583951
-0.00507639
-0.00273145
-0.000904393
-50.8285
-50.7835
-50.7166
-50.6259
-50.5135
-50.3827
-50.2362
-50.0766
-49.9058
-49.7258
-49.5376
-49.342
-49.1395
-48.9286
-48.7074
-48.4722
-48.217
-47.936
-47.6215
-47.2667
-46.8646
-46.4112
-45.9036
-45.3418
-44.7277
-44.0647
-43.3569
-42.6083
-41.8225
-41.0027
-40.1513
-39.2702
-38.3606
-37.4239
-36.4609
-35.4731
-34.4618
-33.4287
-32.3763
-31.3068
-30.2232
-29.1285
-28.0262
-26.9196
-25.8123
-24.7078
-23.6097
-22.5213
-21.4459
-20.3867
-19.3466
-18.3283
-17.3343
-16.3667
-15.4277
-14.5189
-13.6417
-12.7974
-11.9871
-11.2114
-10.471
-9.76627
-9.09724
-8.46396
-7.86624
-7.30371
-6.77589
-6.28206
-5.82145
-5.39312
-4.99598
-4.62888
-4.2905
-3.97941
-3.69413
-3.43312
-3.19471
-2.97725
-2.77906
-2.59847
-2.43381
-2.28349
-2.14598
-2.01982
-1.90368
-1.79633
-1.69667
-1.60373
-1.51669
-1.43484
-1.35761
-1.28454
-1.21526
-1.14949
-1.08703
-1.02772
-0.971473
-0.918186
-0.867796
-0.820232
-0.775422
-0.733291
-0.693754
-0.656711
-0.622054
-0.589664
-0.559411
-0.531158
-0.504771
-0.48012
-0.457083
-0.435533
-0.41536
-0.396465
-0.378756
-0.362152
-0.346578
-0.331978
-0.318295
-0.305473
-0.293458
-0.282204
-0.27167
-0.261828
-0.252652
-0.2441
-0.236123
-0.228676
-0.221738
-0.215307
-0.209375
-0.203885
-0.198773
-0.19399
-0.189556
-0.185504
-0.181785
-0.178283
-0.17489
-0.171694
-0.168784
-0.166112
-0.163417
-0.160602
-0.157886
-0.15548
-0.1531
-0.150394
-0.147495
-0.144893
-0.142452
-0.139624
-0.136454
-0.133537
-0.130798
-0.127652
-0.124253
-0.121135
-0.118017
-0.114515
-0.110983
-0.107778
-0.104283
-0.100554
-0.0973846
-0.0938569
-0.0901357
-0.0869614
-0.083433
-0.0797966
-0.0765481
-0.073264
-0.0698654
-0.0665752
-0.0634811
-0.0603258
-0.0565914
-0.0545106
-0.0509433
-0.0483133
-0.0448614
-0.0435283
-0.0390959
-0.0370958
-0.0353047
-0.0316432
-0.0297248
-0.0264221
-0.0248695
-0.0220388
-0.021101
-0.0172884
-0.0160679
-0.012006
-0.0119493
-0.00927632
-0.00773414
-0.00479201
-0.00175284
-0.000559895
-50.5218
-50.4871
-50.4283
-50.345
-50.2395
-50.1147
-49.9731
-49.8172
-49.649
-49.4705
-49.2839
-49.09
-48.8903
-48.6848
-48.4719
-48.2506
-48.0158
-47.7616
-47.4817
-47.1685
-46.8136
-46.4116
-45.9573
-45.449
-44.8863
-44.2707
-43.6053
-42.8939
-42.1397
-41.3463
-40.516
-39.6512
-38.7535
-37.8244
-36.8653
-35.8775
-34.8629
-33.8233
-32.7612
-31.6794
-30.5811
-29.4695
-28.3482
-27.2211
-26.0921
-24.9649
-23.8433
-22.7311
-21.6318
-20.5487
-19.4849
-18.4436
-17.4271
-16.438
-15.4783
-14.5498
-13.6541
-12.7926
-11.9662
-11.1758
-10.4219
-9.70495
-9.02508
-8.38225
-7.77627
-7.20677
-6.6732
-6.17487
-5.71092
-5.2804
-4.88215
-4.51496
-4.17741
-3.86803
-3.58526
-3.32741
-3.09278
-2.8796
-2.68607
-2.51042
-2.35088
-2.20577
-2.07346
-1.95241
-1.84122
-1.73858
-1.64336
-1.55455
-1.47132
-1.39294
-1.31886
-1.24861
-1.18188
-1.11839
-1.05797
-1.00052
-0.945943
-0.894194
-0.845232
-0.799008
-0.755465
-0.714547
-0.676179
-0.640268
-0.606708
-0.575387
-0.546167
-0.518915
-0.493494
-0.469769
-0.447608
-0.426888
-0.407495
-0.389336
-0.372319
-0.356355
-0.341381
-0.327342
-0.314185
-0.301859
-0.29031
-0.279493
-0.269368
-0.259911
-0.251097
-0.242893
-0.235247
-0.228116
-0.221473
-0.21532
-0.209653
-0.204428
-0.199573
-0.195038
-0.190824
-0.186983
-0.183478
-0.180197
-0.177014
-0.173988
-0.171228
-0.168726
-0.16622
-0.163564
-0.160936
-0.158605
-0.15635
-0.153776
-0.150933
-0.148334
-0.145941
-0.143191
-0.14002
-0.137083
-0.134312
-0.131157
-0.12773
-0.124547
-0.121314
-0.117769
-0.11426
-0.110836
-0.107338
-0.103683
-0.100159
-0.0965943
-0.0929777
-0.0893758
-0.0857674
-0.0825308
-0.078647
-0.0754516
-0.0721145
-0.0687091
-0.0652124
-0.0622152
-0.058749
-0.0555491
-0.053254
-0.0490543
-0.0467646
-0.0438784
-0.0420757
-0.0368947
-0.0364556
-0.0320513
-0.0308832
-0.0277567
-0.0256383
-0.0223017
-0.0205957
-0.0184817
-0.0166851
-0.0136641
-0.0112052
-0.00864093
-0.00760415
-0.00517924
-0.00374276
-0.000845367
-50.2287
-50.204
-50.1531
-50.0767
-49.9776
-49.8581
-49.7207
-49.5677
-49.4014
-49.224
-49.0376
-48.8444
-48.6459
-48.4441
-48.2384
-48.0279
-47.8104
-47.5808
-47.3327
-47.0587
-46.75
-46.3993
-45.9999
-45.5469
-45.0383
-44.4736
-43.8545
-43.1838
-42.4647
-41.7003
-40.8934
-40.0466
-39.162
-38.2414
-37.2864
-36.2989
-35.2808
-34.2341
-33.1618
-32.0669
-30.9527
-29.8231
-28.6818
-27.533
-26.3808
-25.2296
-24.0832
-22.9458
-21.8212
-20.7129
-19.6245
-18.5589
-17.5189
-16.5071
-15.5259
-14.5769
-13.662
-12.7825
-11.9395
-11.1338
-10.366
-9.63643
-8.94541
-8.29279
-7.67836
-7.10177
-6.5624
-6.05955
-5.59234
-5.15971
-4.76053
-4.39345
-4.057
-3.74964
-3.46971
-3.21543
-2.98499
-2.77651
-2.58809
-2.41784
-2.26388
-2.12442
-1.99772
-1.88218
-1.77629
-1.67869
-1.58819
-1.50376
-1.42453
-1.34979
-1.27898
-1.21168
-1.14756
-1.08641
-1.02808
-0.972506
-0.919632
-0.86944
-0.821918
-0.777047
-0.73479
-0.695104
-0.65793
-0.623181
-0.59075
-0.560533
-0.532382
-0.506166
-0.481748
-0.458983
-0.437735
-0.417875
-0.399295
-0.381899
-0.365589
-0.350286
-0.335931
-0.322466
-0.30985
-0.29803
-0.286958
-0.27659
-0.266885
-0.257823
-0.249381
-0.24153
-0.234224
-0.227416
-0.221081
-0.215213
-0.209817
-0.204861
-0.200272
-0.195994
-0.192015
-0.188386
-0.185101
-0.18205
-0.17909
-0.176247
-0.173642
-0.17131
-0.169003
-0.166521
-0.163991
-0.161738
-0.159606
-0.157168
-0.154405
-0.151794
-0.149443
-0.146767
-0.143623
-0.140629
-0.137831
-0.134688
-0.13122
-0.12792
-0.1247
-0.121047
-0.117485
-0.114079
-0.110305
-0.106677
-0.103189
-0.0992016
-0.095619
-0.0921535
-0.0882061
-0.0847659
-0.0813102
-0.0775681
-0.0741792
-0.0705837
-0.0673506
-0.0638011
-0.0608521
-0.0567052
-0.054807
-0.0509861
-0.0476048
-0.0454019
-0.0420899
-0.0393295
-0.0362136
-0.0343859
-0.029948
-0.0294087
-0.0257001
-0.0246517
-0.0201357
-0.0190274
-0.0156064
-0.0150122
-0.0119561
-0.0101266
-0.00670806
-0.00503931
-0.00377831
-0.00104951
-49.9498
-49.9347
-49.8912
-49.8212
-49.7277
-49.6129
-49.4789
-49.3282
-49.1628
-48.9855
-48.7986
-48.6049
-48.407
-48.2071
-48.0063
-47.8052
-47.6023
-47.3942
-47.1749
-46.938
-46.674
-46.3742
-46.03
-45.6344
-45.1829
-44.6727
-44.104
-43.478
-42.7974
-42.0651
-41.2843
-40.4575
-39.5874
-38.6762
-37.726
-36.7387
-35.7168
-34.6627
-33.5795
-32.4706
-31.3396
-30.1906
-29.028
-27.8561
-26.6794
-25.5027
-24.3301
-23.1661
-22.0148
-20.88
-19.7654
-18.6743
-17.6098
-16.5744
-15.5706
-14.6003
-13.6654
-12.7672
-11.9069
-11.0853
-10.3031
-9.56066
-8.85813
-8.19543
-7.5724
-6.98853
-6.44328
-5.93594
-5.46548
-5.03089
-4.63092
-4.26416
-3.9291
-3.62409
-3.34736
-3.09705
-2.87125
-2.66793
-2.48509
-2.32071
-2.17281
-2.03946
-1.91883
-1.8092
-1.70898
-1.61675
-1.53126
-1.45145
-1.37643
-1.30549
-1.23808
-1.17381
-1.11238
-1.05362
-0.99742
-0.943743
-0.892581
-0.843953
-0.797881
-0.75437
-0.713409
-0.674976
-0.639019
-0.605456
-0.574193
-0.545106
-0.518069
-0.492933
-0.469548
-0.447779
-0.427475
-0.40851
-0.390773
-0.374163
-0.358582
-0.343959
-0.330235
-0.317364
-0.305298
-0.293994
-0.28341
-0.273501
-0.264228
-0.25557
-0.247509
-0.240018
-0.233059
-0.226584
-0.220563
-0.214989
-0.209869
-0.205187
-0.200873
-0.19686
-0.193129
-0.189721
-0.186656
-0.183842
-0.18112
-0.178476
-0.17603
-0.173868
-0.171761
-0.169474
-0.167062
-0.164877
-0.162866
-0.160575
-0.157892
-0.155294
-0.15295
-0.150356
-0.147239
-0.144211
-0.141357
-0.13822
-0.134741
-0.131358
-0.128054
-0.124441
-0.120697
-0.117217
-0.113493
-0.109569
-0.105942
-0.102182
-0.098227
-0.094641
-0.0909639
-0.0870694
-0.0835211
-0.0798849
-0.076091
-0.0725918
-0.0689801
-0.065864
-0.0621397
-0.0589736
-0.0550664
-0.0535392
-0.0482902
-0.0466783
-0.0432817
-0.0401873
-0.0369871
-0.0356526
-0.0314793
-0.0296368
-0.026047
-0.0246293
-0.0219285
-0.0197618
-0.0166073
-0.0136092
-0.0120225
-0.0109961
-0.00793456
-0.00595674
-0.00231017
-0.000377802
-49.6855
-49.6796
-49.6429
-49.5787
-49.4902
-49.3793
-49.248
-49.0986
-48.9335
-48.7554
-48.5671
-48.3722
-48.1734
-47.9739
-47.7767
-47.5829
-47.3921
-47.2031
-47.0104
-46.808
-46.5865
-46.3366
-46.0476
-45.7108
-45.3188
-44.8668
-44.3524
-43.7754
-43.1374
-42.441
-41.689
-40.8847
-40.0308
-39.1301
-38.1852
-37.1985
-36.1726
-35.1106
-34.0158
-32.8919
-31.743
-30.5733
-29.388
-28.1915
-26.9889
-25.7851
-24.5846
-23.3925
-22.2129
-21.0503
-19.9082
-18.7904
-17.7
-16.6398
-15.6125
-14.62
-13.6643
-12.7467
-11.8685
-11.0304
-10.2333
-9.47753
-8.76313
-8.09012
-7.45819
-6.86692
-6.31574
-5.80383
-5.3302
-4.89375
-4.49315
-4.12694
-3.79354
-3.49122
-3.21808
-2.97218
-2.75144
-2.55377
-2.37702
-2.21903
-2.07768
-1.95094
-1.83683
-1.73354
-1.63938
-1.55286
-1.47268
-1.39774
-1.32713
-1.26015
-1.19628
-1.13512
-1.07645
-1.02011
-0.966057
-0.914288
-0.864842
-0.817776
-0.773147
-0.730996
-0.691342
-0.654175
-0.619453
-0.587104
-0.557034
-0.529121
-0.503237
-0.479217
-0.456913
-0.436175
-0.416851
-0.398811
-0.381944
-0.366142
-0.351313
-0.337387
-0.324312
-0.312044
-0.30054
-0.289762
-0.279674
-0.270235
-0.261404
-0.253158
-0.245483
-0.238359
-0.231754
-0.22562
-0.219923
-0.21465
-0.209813
-0.205409
-0.201377
-0.197638
-0.194166
-0.190989
-0.18815
-0.185576
-0.183103
-0.180677
-0.178399
-0.176399
-0.174498
-0.172419
-0.170152
-0.168034
-0.166132
-0.164003
-0.161422
-0.158821
-0.156485
-0.153966
-0.150896
-0.147799
-0.144946
-0.141768
-0.138243
-0.13486
-0.131444
-0.127717
-0.124032
-0.120329
-0.116506
-0.112628
-0.108751
-0.104845
-0.101196
-0.0970817
-0.0933341
-0.0897206
-0.0855953
-0.0819927
-0.0781235
-0.0746014
-0.0708872
-0.0673688
-0.0640617
-0.0602493
-0.0569951
-0.0540758
-0.0510472
-0.0459663
-0.0457968
-0.0410677
-0.0382692
-0.0354375
-0.033168
-0.0300654
-0.0277336
-0.0242775
-0.022492
-0.0199089
-0.0177858
-0.0146615
-0.0119408
-0.00974768
-0.00810906
-0.0062458
-0.00355244
-0.000946651
-49.4364
-49.439
-49.4086
-49.3495
-49.2653
-49.1575
-49.0281
-48.8794
-48.7137
-48.534
-48.3436
-48.146
-47.9455
-47.7458
-47.5504
-47.362
-47.1814
-47.0084
-46.8395
-46.6691
-46.488
-46.2865
-46.0529
-45.776
-45.4459
-45.0553
-44.5992
-44.0755
-43.4843
-42.8276
-42.1082
-41.3289
-40.4934
-39.6046
-38.6658
-37.6799
-36.6499
-35.5794
-34.4722
-33.3323
-32.1641
-30.9727
-29.7631
-28.5403
-27.3101
-26.0774
-24.8476
-23.6256
-22.4163
-21.2242
-20.0532
-18.9073
-17.7899
-16.7038
-15.6518
-14.6362
-13.6587
-12.7209
-11.8241
-10.9691
-10.1566
-9.38699
-8.66034
-7.97667
-7.33564
-6.73681
-6.17961
-5.66309
-5.18634
-4.74813
-4.34706
-3.98163
-3.65018
-3.35088
-3.08173
-2.84067
-2.62551
-2.43399
-2.26385
-2.11278
-1.97853
-1.8589
-1.7518
-1.65529
-1.56761
-1.48716
-1.41259
-1.34277
-1.27677
-1.21391
-1.15367
-1.09572
-1.03985
-0.985961
-0.934062
-0.884199
-0.836459
-0.790939
-0.747747
-0.706957
-0.668606
-0.632711
-0.599239
-0.568126
-0.539281
-0.512585
-0.487892
-0.465036
-0.443857
-0.424188
-0.405882
-0.388799
-0.372826
-0.357853
-0.343794
-0.330584
-0.318173
-0.306519
-0.295587
-0.285344
-0.275762
-0.2668
-0.258419
-0.250593
-0.243311
-0.236561
-0.230315
-0.224529
-0.21916
-0.214198
-0.209653
-0.205529
-0.201785
-0.19833
-0.195126
-0.192194
-0.189583
-0.187253
-0.18504
-0.182848
-0.180753
-0.178916
-0.177216
-0.175361
-0.173258
-0.171216
-0.169416
-0.167448
-0.164992
-0.162398
-0.160064
-0.15759
-0.154594
-0.151451
-0.148533
-0.145373
-0.14179
-0.138332
-0.134847
-0.131073
-0.127216
-0.12359
-0.11947
-0.115542
-0.111786
-0.107585
-0.103812
-0.0999073
-0.0956701
-0.0919055
-0.0881522
-0.0838948
-0.0803726
-0.0765808
-0.0728686
-0.0687354
-0.0660096
-0.061949
-0.0582527
-0.0552302
-0.0526325
-0.0480565
-0.0452227
-0.0433517
-0.0386395
-0.036789
-0.0334336
-0.0304952
-0.0284296
-0.0256002
-0.0230413
-0.0199319
-0.0172332
-0.0158805
-0.0127725
-0.0105087
-0.00727262
-0.00526473
-0.0037462
-0.00129525
-49.203
-49.2134
-49.1886
-49.134
-49.0533
-48.948
-48.8197
-48.6709
-48.5039
-48.322
-48.1285
-47.9279
-47.7244
-47.523
-47.3278
-47.1434
-46.9713
-46.8124
-46.6648
-46.5234
-46.3802
-46.225
-46.0455
-45.829
-45.5627
-45.2365
-44.8429
-44.3771
-43.8378
-43.2253
-42.542
-41.7911
-40.9762
-40.101
-39.1693
-38.1845
-37.1504
-36.0709
-34.9505
-33.7934
-32.6048
-31.39
-30.1544
-28.9038
-27.644
-26.3807
-25.1197
-23.8663
-22.6255
-21.4022
-20.2009
-19.0254
-17.8795
-16.7665
-15.6888
-14.6489
-13.6488
-12.69
-11.7739
-10.9013
-10.0728
-9.2889
-8.54966
-7.85499
-7.20464
-6.5981
-6.03472
-5.51361
-5.03373
-4.59382
-4.19245
-3.82805
-3.49886
-3.20294
-2.9382
-2.70245
-2.49335
-2.30853
-2.14555
-2.00197
-1.87537
-1.7634
-1.66383
-1.57458
-1.49378
-1.41976
-1.35112
-1.28667
-1.2255
-1.1669
-1.11041
-1.05572
-1.00269
-0.951264
-0.901511
-0.853534
-0.807476
-0.763487
-0.721714
-0.682264
-0.645211
-0.610588
-0.578378
-0.548526
-0.520943
-0.495507
-0.47205
-0.450403
-0.430388
-0.411834
-0.39458
-0.378487
-0.363433
-0.349312
-0.336044
-0.323564
-0.311828
-0.300799
-0.290446
-0.280748
-0.271679
-0.263202
-0.255278
-0.247881
-0.241001
-0.234631
-0.228748
-0.223313
-0.218282
-0.213637
-0.209392
-0.205553
-0.202096
-0.198936
-0.196013
-0.193335
-0.190962
-0.188876
-0.186932
-0.184995
-0.183097
-0.181428
-0.179926
-0.178297
-0.176383
-0.174436
-0.172717
-0.17091
-0.168595
-0.166022
-0.163687
-0.161251
-0.158314
-0.155153
-0.152181
-0.148962
-0.145422
-0.14183
-0.138262
-0.134475
-0.130524
-0.126657
-0.122671
-0.118515
-0.114604
-0.110609
-0.106349
-0.102438
-0.0983483
-0.0940352
-0.0903083
-0.0864326
-0.0821621
-0.0786155
-0.0746844
-0.0708067
-0.066799
-0.0644292
-0.0592948
-0.0567397
-0.0531013
-0.0506019
-0.0457103
-0.0439191
-0.0401299
-0.0370127
-0.0350684
-0.0310843
-0.0288317
-0.0255407
-0.0239944
-0.0204634
-0.0185134
-0.0148664
-0.0130764
-0.0114008
-0.00811295
-0.00594049
-0.00224075
-0.000459748
-48.9858
-49.0032
-48.9833
-48.9324
-48.8547
-48.7511
-48.6234
-48.4738
-48.3049
-48.12
-47.9229
-47.7183
-47.5112
-47.3072
-47.1114
-46.9289
-46.7631
-46.616
-46.4866
-46.3717
-46.2642
-46.1537
-46.027
-45.8704
-45.6692
-45.41
-45.0825
-44.6793
-44.1966
-43.6332
-42.9906
-42.2717
-41.4803
-40.6207
-39.6973
-38.7142
-37.676
-36.5871
-35.4525
-34.2772
-33.0667
-31.8267
-30.5635
-29.2831
-27.992
-26.6962
-25.402
-24.1151
-22.841
-21.5849
-20.3516
-19.1451
-17.9694
-16.8279
-15.7234
-14.6582
-13.6346
-12.654
-11.7179
-10.8269
-9.98196
-9.18326
-8.43099
-7.72504
-7.06508
-6.45064
-5.88098
-5.35521
-4.8722
-4.43069
-4.0292
-3.66607
-3.33945
-3.04727
-2.78737
-2.55739
-2.3549
-2.17733
-2.02212
-1.88663
-1.76827
-1.66453
-1.57301
-1.49151
-1.41804
-1.35084
-1.28844
-1.22963
-1.17347
-1.11928
-1.06663
-1.01526
-0.965079
-0.916114
-0.868484
-0.82236
-0.777949
-0.735453
-0.695063
-0.656934
-0.621163
-0.587813
-0.556879
-0.528312
-0.502034
-0.477899
-0.455723
-0.435326
-0.416522
-0.399125
-0.382962
-0.367891
-0.35378
-0.340536
-0.328075
-0.316337
-0.305289
-0.294892
-0.285128
-0.275982
-0.267433
-0.259448
-0.251988
-0.245029
-0.238559
-0.232575
-0.227059
-0.221978
-0.217291
-0.212972
-0.209033
-0.205483
-0.202315
-0.199456
-0.196828
-0.194418
-0.192288
-0.190451
-0.188778
-0.187115
-0.185439
-0.183939
-0.182631
-0.181241
-0.179531
-0.177699
-0.17605
-0.174375
-0.172226
-0.169706
-0.167348
-0.164967
-0.162085
-0.158887
-0.155854
-0.152644
-0.149031
-0.145398
-0.141756
-0.137846
-0.133878
-0.129845
-0.125728
-0.121674
-0.117493
-0.113272
-0.109178
-0.104766
-0.100844
-0.0965717
-0.0922674
-0.088666
-0.0843308
-0.0801838
-0.0765945
-0.0727973
-0.0683297
-0.0652514
-0.0619923
-0.0569225
-0.0553533
-0.0503322
-0.0481148
-0.0440193
-0.0420754
-0.0369363
-0.0357787
-0.0323441
-0.0297308
-0.0262415
-0.0235899
-0.020864
-0.0191651
-0.0157362
-0.0132454
-0.0104729
-0.00880053
-0.00627501
-0.00324274
-0.00107987
-48.7854
-48.8087
-48.7929
-48.7452
-48.6697
-48.5673
-48.4395
-48.2886
-48.1172
-47.9288
-47.7274
-47.5182
-47.3067
-47.0992
-46.9017
-46.7201
-46.559
-46.4218
-46.3089
-46.2178
-46.1427
-46.0741
-45.9984
-45.9006
-45.7647
-45.5748
-45.3171
-44.9811
-44.56
-44.0509
-43.4538
-42.7711
-42.0067
-41.165
-40.2515
-39.271
-38.2287
-37.13
-35.9803
-34.7854
-33.5514
-32.2846
-30.9918
-29.6796
-28.3551
-27.0247
-25.6953
-24.3729
-23.0636
-21.7729
-20.5058
-19.2666
-18.0597
-16.8885
-15.7558
-14.6643
-13.6162
-12.613
-11.656
-10.7461
-9.88403
-9.07005
-8.30433
-7.58672
-6.91692
-6.29435
-5.71827
-5.18775
-4.70165
-4.25862
-3.85719
-3.49555
-3.17177
-2.88373
-2.6291
-2.40541
-2.21007
-2.04038
-1.89355
-1.76678
-1.65728
-1.56236
-1.47947
-1.40624
-1.34056
-1.28058
-1.22474
-1.17182
-1.12087
-1.07123
-1.0225
-0.974479
-0.927151
-0.880616
-0.835064
-0.790741
-0.747919
-0.706861
-0.667814
-0.630971
-0.596469
-0.564391
-0.534747
-0.507502
-0.482558
-0.459757
-0.438913
-0.419818
-0.402274
-0.386077
-0.371051
-0.357029
-0.343891
-0.331539
-0.319901
-0.30892
-0.298565
-0.28881
-0.279643
-0.271054
-0.263031
-0.255542
-0.248556
-0.242043
-0.235991
-0.230397
-0.225251
-0.220528
-0.216189
-0.212204
-0.208576
-0.205323
-0.202447
-0.199893
-0.197571
-0.195442
-0.193567
-0.191978
-0.190584
-0.189207
-0.187778
-0.186457
-0.185339
-0.184188
-0.182713
-0.181001
-0.179425
-0.177872
-0.175892
-0.17345
-0.171075
-0.168723
-0.165891
-0.162717
-0.159567
-0.15636
-0.152707
-0.148971
-0.145271
-0.141262
-0.137133
-0.133165
-0.128849
-0.124632
-0.120517
-0.115957
-0.111747
-0.107454
-0.103054
-0.0990968
-0.0946458
-0.0902266
-0.0867351
-0.0820068
-0.0781655
-0.0744803
-0.0703048
-0.0661331
-0.0637601
-0.0582723
-0.0559898
-0.0524738
-0.048056
-0.0456206
-0.0421195
-0.039333
-0.0351724
-0.0336638
-0.0294282
-0.0280829
-0.0236955
-0.0215467
-0.0178555
-0.0170266
-0.0138971
-0.010943
-0.00837321
-0.00509746
-0.00399023
-0.00167127
-48.6022
-48.6304
-48.618
-48.5727
-48.4989
-48.3971
-48.2688
-48.1161
-47.9417
-47.7492
-47.5431
-47.3288
-47.1124
-46.9007
-46.7005
-46.5186
-46.3608
-46.2315
-46.1326
-46.0624
-46.0168
-45.9872
-45.9603
-45.9208
-45.8503
-45.7308
-45.5455
-45.2808
-44.9268
-44.4774
-43.9312
-43.2896
-42.5558
-41.7353
-40.8337
-39.8567
-38.8106
-37.7015
-36.5359
-35.32
-34.0609
-32.7654
-31.4409
-30.0948
-28.7344
-27.3673
-26.0005
-24.6405
-23.294
-21.9665
-20.6638
-19.3904
-18.1507
-16.9483
-15.7863
-14.6674
-13.5938
-12.567
-11.5884
-10.6588
-9.77903
-8.94933
-8.16969
-7.44008
-6.76007
-6.12915
-5.54649
-5.01115
-4.52196
-4.07753
-3.67626
-3.31634
-2.99572
-2.7122
-2.4633
-2.24643
-2.05885
-1.89765
-1.75984
-1.64245
-1.54247
-1.45703
-1.38337
-1.31896
-1.26154
-1.20918
-1.16024
-1.11347
-1.06791
-1.02293
-0.978182
-0.933531
-0.889036
-0.84488
-0.801341
-0.758745
-0.717434
-0.677747
-0.639983
-0.604387
-0.571133
-0.540322
-0.511984
-0.48609
-0.462513
-0.441095
-0.421627
-0.40389
-0.387658
-0.372716
-0.35886
-0.345923
-0.333783
-0.322345
-0.31154
-0.301324
-0.291669
-0.282565
-0.274001
-0.265976
-0.258483
-0.251497
-0.24499
-0.23893
-0.233301
-0.228102
-0.223329
-0.218966
-0.214979
-0.211335
-0.208025
-0.205075
-0.202496
-0.200245
-0.19824
-0.19641
-0.1948
-0.193466
-0.192349
-0.191272
-0.190115
-0.188989
-0.188055
-0.187142
-0.185918
-0.184363
-0.182853
-0.181421
-0.179604
-0.177258
-0.17486
-0.172546
-0.169752
-0.166575
-0.163394
-0.160089
-0.156415
-0.152598
-0.148749
-0.144693
-0.14051
-0.136373
-0.132056
-0.127647
-0.123315
-0.118872
-0.114316
-0.110059
-0.105599
-0.101213
-0.0970511
-0.0924036
-0.088241
-0.0844225
-0.0795951
-0.0761193
-0.0718835
-0.0678796
-0.0643602
-0.0608757
-0.0555135
-0.0548622
-0.0487275
-0.0466663
-0.0424206
-0.040622
-0.0360953
-0.0342176
-0.0298651
-0.0276561
-0.024971
-0.0218472
-0.0188086
-0.0159658
-0.0139286
-0.011569
-0.0087028
-0.0059877
-0.00313575
-0.000814836
-48.4367
-48.4686
-48.4587
-48.4153
-48.3426
-48.2409
-48.1116
-47.9567
-47.779
-47.5822
-47.3711
-47.1513
-46.9295
-46.7131
-46.5096
-46.3267
-46.1707
-46.0475
-45.9604
-45.9094
-45.8909
-45.8971
-45.9159
-45.9319
-45.9262
-45.8778
-45.7675
-45.5778
-45.2954
-44.9116
-44.4221
-43.8268
-43.1285
-42.3325
-41.4451
-40.4731
-39.4237
-38.304
-37.1214
-35.8833
-34.5972
-33.271
-31.9126
-30.53
-29.1316
-27.7253
-26.3185
-24.9187
-23.5327
-22.1666
-20.8263
-19.5169
-18.2429
-17.0078
-15.8152
-14.6677
-13.5675
-12.5162
-11.5151
-10.5652
-9.6671
-8.82103
-8.02707
-7.28503
-6.59456
-5.95502
-5.36562
-4.82536
-4.33306
-3.88725
-3.48631
-3.12833
-2.8112
-2.53258
-2.28989
-2.0804
-1.90117
-1.7491
-1.62103
-1.51372
-1.42396
-1.34867
-1.28486
-1.22984
-1.1812
-1.13688
-1.09518
-1.05481
-1.01481
-0.974604
-0.933877
-0.892585
-0.850872
-0.809022
-0.767403
-0.726436
-0.686544
-0.648142
-0.611595
-0.577199
-0.545158
-0.515612
-0.48859
-0.464065
-0.441899
-0.421914
-0.403879
-0.387556
-0.372697
-0.359059
-0.346415
-0.334597
-0.32348
-0.312976
-0.303013
-0.293566
-0.284619
-0.27617
-0.268215
-0.260757
-0.253798
-0.247321
-0.241297
-0.235695
-0.230495
-0.225696
-0.2213
-0.217299
-0.213665
-0.210366
-0.207385
-0.204742
-0.202464
-0.200519
-0.198832
-0.197321
-0.195993
-0.194917
-0.194079
-0.193309
-0.192447
-0.191546
-0.19079
-0.190108
-0.189145
-0.187783
-0.186354
-0.18502
-0.183361
-0.181145
-0.178734
-0.176402
-0.17368
-0.170485
-0.167235
-0.163898
-0.160136
-0.156232
-0.152304
-0.148148
-0.143931
-0.139636
-0.135116
-0.130777
-0.1261
-0.121651
-0.117129
-0.112497
-0.108173
-0.103531
-0.099061
-0.0947414
-0.0901532
-0.0861054
-0.0815819
-0.0775437
-0.0738574
-0.0690186
-0.0656461
-0.0622916
-0.0574931
-0.054053
-0.0516943
-0.0463149
-0.0442641
-0.0407109
-0.0372
-0.0340455
-0.0315751
-0.0271315
-0.0255647
-0.0216705
-0.0202985
-0.0159875
-0.0137522
-0.010626
-0.00904881
-0.00704286
-0.00389893
-0.00101903
-48.2892
-48.3236
-48.3154
-48.2732
-48.2011
-48.0991
-47.9685
-47.8112
-47.63
-47.4287
-47.2123
-46.9869
-46.7595
-46.5381
-46.3308
-46.146
-45.9914
-45.8732
-45.7958
-45.7606
-45.7659
-45.8051
-45.8674
-45.9364
-45.9931
-46.0156
-45.9816
-45.8704
-45.6648
-45.3522
-44.9256
-44.3823
-43.7246
-42.9573
-42.0871
-41.1221
-40.0701
-38.9396
-37.7393
-36.4774
-35.1624
-33.8032
-32.4085
-30.9872
-29.5481
-28.0998
-26.6507
-25.2085
-23.7807
-22.3738
-20.994
-19.6467
-18.3364
-17.0673
-15.8427
-14.6654
-13.5375
-12.4608
-11.4365
-10.4654
-9.54832
-8.68537
-7.87655
-7.12169
-6.42039
-5.77198
-5.17564
-4.63034
-4.13487
-3.68774
-3.28722
-2.93141
-2.61807
-2.34477
-2.10879
-1.90725
-1.737
-1.59477
-1.47715
-1.38066
-1.30188
-1.23744
-1.18416
-1.13914
-1.09979
-1.06395
-1.02983
-0.99611
-0.961846
-0.926481
-0.889791
-0.851819
-0.81281
-0.773158
-0.733343
-0.693882
-0.655297
-0.618082
-0.582671
-0.549414
-0.518555
-0.490249
-0.464561
-0.441423
-0.420713
-0.402213
-0.385676
-0.370837
-0.357412
-0.345124
-0.33374
-0.32308
-0.313014
-0.303451
-0.294343
-0.285667
-0.277431
-0.269637
-0.262293
-0.255405
-0.248985
-0.243019
-0.237483
-0.232343
-0.227577
-0.223183
-0.219169
-0.215531
-0.212252
-0.2093
-0.206654
-0.204328
-0.202352
-0.200716
-0.199354
-0.198171
-0.197147
-0.196339
-0.195776
-0.195322
-0.194775
-0.194127
-0.193559
-0.193092
-0.192398
-0.191265
-0.189935
-0.188681
-0.187175
-0.185082
-0.182695
-0.180324
-0.177647
-0.174453
-0.171141
-0.167693
-0.163929
-0.159891
-0.15594
-0.151667
-0.147293
-0.142888
-0.138307
-0.13367
-0.129104
-0.124305
-0.119831
-0.115199
-0.110394
-0.105933
-0.101219
-0.0966955
-0.0923245
-0.0877206
-0.0837262
-0.0788773
-0.0754837
-0.0708433
-0.0665778
-0.0632321
-0.0594683
-0.0546932
-0.052342
-0.0477224
-0.0445932
-0.0417414
-0.0380696
-0.0339874
-0.0321354
-0.0282645
-0.0255343
-0.0226332
-0.0191443
-0.0174741
-0.0140261
-0.0114027
-0.00887545
-0.00578211
-0.00442793
-0.00137162
-48.1599
-48.1955
-48.1883
-48.1468
-48.0748
-47.9722
-47.8399
-47.68
-47.4951
-47.2893
-47.0677
-46.8367
-46.6038
-46.3773
-46.166
-45.979
-45.8245
-45.7098
-45.6407
-45.62
-45.6467
-45.7157
-45.8172
-45.9362
-46.0532
-46.1456
-46.1887
-46.1583
-46.0332
-45.7974
-45.4398
-44.9553
-44.3441
-43.6104
-42.7613
-41.8054
-40.752
-39.6109
-38.3919
-37.1047
-35.759
-34.3643
-32.9307
-31.4678
-29.9853
-28.4923
-26.9981
-25.5109
-24.0388
-22.5888
-21.1673
-19.78
-18.4319
-17.1271
-15.8691
-14.6606
-13.504
-12.4009
-11.3525
-10.3596
-9.42281
-8.5424
-7.71822
-6.95015
-6.23764
-5.58005
-4.97655
-4.42608
-3.92737
-3.47891
-3.07898
-2.72553
-2.41629
-2.14872
-1.91997
-1.72696
-1.56636
-1.43468
-1.32828
-1.24341
-1.17638
-1.12356
-1.0815
-1.04712
-1.01762
-0.990699
-0.96451
-0.937676
-0.909281
-0.878822
-0.846154
-0.811427
-0.775011
-0.737421
-0.699258
-0.661156
-0.623741
-0.587593
-0.553224
-0.52103
-0.491304
-0.464234
-0.439872
-0.41816
-0.398945
-0.381993
-0.367033
-0.353745
-0.341818
-0.33094
-0.320866
-0.3114
-0.302404
-0.293801
-0.28555
-0.277648
-0.27012
-0.262978
-0.256244
-0.24993
-0.244051
-0.2386
-0.233555
-0.22888
-0.224554
-0.220571
-0.21694
-0.213667
-0.21074
-0.208138
-0.205834
-0.203833
-0.202166
-0.200838
-0.199803
-0.198961
-0.198257
-0.197735
-0.19745
-0.197308
-0.197097
-0.196737
-0.196368
-0.19611
-0.195685
-0.194802
-0.1936
-0.192405
-0.191044
-0.189092
-0.186727
-0.184341
-0.181671
-0.178473
-0.175095
-0.171581
-0.167715
-0.163677
-0.159565
-0.15523
-0.150678
-0.146116
-0.141517
-0.136672
-0.131953
-0.127218
-0.12237
-0.117806
-0.112849
-0.107917
-0.103645
-0.0987666
-0.0940674
-0.0898339
-0.0852926
-0.0807746
-0.0764638
-0.0728189
-0.0676253
-0.0645966
-0.0600852
-0.0565677
-0.0519498
-0.0500611
-0.0444357
-0.042183
-0.0392572
-0.0347888
-0.0322986
-0.0287385
-0.0259254
-0.0235365
-0.0190533
-0.0176398
-0.0139907
-0.0129102
-0.00908616
-0.00599296
-0.00327759
-0.000400194
-48.0492
-48.0848
-48.0777
-48.0361
-47.9637
-47.8602
-47.7261
-47.5635
-47.3751
-47.1649
-46.9383
-46.702
-46.4637
-46.2323
-46.017
-45.8274
-45.6726
-45.5608
-45.4984
-45.4896
-45.5349
-45.6306
-45.7684
-45.9344
-46.109
-46.2691
-46.3883
-46.44
-46.3994
-46.2456
-45.9634
-45.5443
-44.9861
-44.2919
-43.4682
-42.5245
-41.4714
-40.3201
-39.0818
-37.7679
-36.3891
-34.9567
-33.4813
-31.9738
-30.4447
-28.9042
-27.3618
-25.827
-24.3078
-22.8122
-21.3467
-19.9175
-18.5297
-17.1876
-15.8947
-14.6538
-13.4673
-12.3368
-11.2634
-10.2479
-9.29084
-8.39231
-7.55231
-6.77049
-6.04644
-5.37935
-4.76842
-4.21258
-3.71057
-3.26081
-2.86155
-2.51067
-2.20585
-1.94441
-1.72338
-1.5395
-1.38926
-1.26889
-1.17451
-1.10211
-1.04765
-1.00725
-0.977187
-0.9541
-0.935019
-0.917486
-0.899566
-0.879848
-0.857442
-0.83191
-0.803214
-0.771623
-0.737647
-0.701945
-0.665253
-0.628334
-0.591924
-0.556703
-0.523254
-0.492035
-0.463398
-0.437537
-0.414511
-0.394256
-0.376594
-0.361263
-0.347951
-0.336297
-0.325936
-0.316537
-0.307825
-0.299589
-0.291687
-0.284052
-0.276659
-0.269529
-0.2627
-0.256206
-0.25008
-0.244343
-0.239009
-0.234076
-0.229524
-0.225318
-0.221434
-0.217867
-0.21462
-0.211711
-0.209137
-0.206882
-0.204925
-0.203258
-0.201904
-0.200888
-0.200181
-0.199685
-0.199326
-0.199107
-0.199106
-0.199279
-0.199414
-0.199368
-0.199233
-0.199167
-0.199007
-0.198393
-0.197346
-0.196229
-0.194975
-0.193175
-0.190862
-0.188426
-0.185774
-0.182578
-0.17911
-0.175529
-0.171623
-0.167473
-0.163244
-0.158763
-0.154156
-0.149425
-0.1446
-0.13982
-0.134866
-0.130031
-0.125097
-0.120117
-0.115391
-0.110276
-0.10558
-0.101098
-0.0959717
-0.0914334
-0.0871734
-0.0823228
-0.0779189
-0.0739696
-0.0694442
-0.0653152
-0.0614841
-0.057398
-0.0531859
-0.0500966
-0.0465695
-0.0419447
-0.0398072
-0.0358665
-0.0326986
-0.0292423
-0.0260056
-0.0231517
-0.0206579
-0.017493
-0.0142684
-0.0121998
-0.00915012
-0.00712901
-0.00337731
-0.000405491
-47.9569
-47.9912
-47.9834
-47.9413
-47.8681
-47.7633
-47.6273
-47.462
-47.2702
-47.0559
-46.8247
-46.5835
-46.3403
-46.1043
-45.8854
-45.6934
-45.5382
-45.4287
-45.3722
-45.374
-45.4354
-45.5548
-45.7252
-45.9337
-46.1622
-46.3872
-46.5816
-46.7162
-46.7623
-46.6948
-46.4941
-46.1476
-45.6497
-45.0011
-44.2083
-43.2807
-42.2302
-41.0694
-39.8116
-38.4694
-37.0555
-35.5827
-34.0626
-32.5073
-30.9283
-29.337
-27.7434
-26.1577
-24.5887
-23.0448
-21.5329
-20.0597
-18.6303
-17.2491
-15.9199
-14.6454
-13.4278
-12.2688
-11.1695
-10.1307
-9.15259
-8.23541
-7.37904
-6.58302
-5.84693
-5.17002
-4.55138
-3.99001
-3.48456
-3.03347
-2.63494
-2.28684
-1.98671
-1.73183
-1.51903
-1.34491
-1.20574
-1.0975
-1.01599
-0.956923
-0.915942
-0.888811
-0.871536
-0.860453
-0.852391
-0.844717
-0.835397
-0.823006
-0.80668
-0.786066
-0.761245
-0.732637
-0.700908
-0.666877
-0.631435
-0.595485
-0.559888
-0.525427
-0.492765
-0.462429
-0.434816
-0.410137
-0.388461
-0.369702
-0.35365
-0.340019
-0.328443
-0.318509
-0.309799
-0.301947
-0.294654
-0.28768
-0.280894
-0.274234
-0.267698
-0.261328
-0.255185
-0.249332
-0.24381
-0.23865
-0.233865
-0.229455
-0.225399
-0.221664
-0.218225
-0.215073
-0.212215
-0.20967
-0.207445
-0.205538
-0.203927
-0.202599
-0.201571
-0.200866
-0.200488
-0.200345
-0.200345
-0.20046
-0.200751
-0.201232
-0.201725
-0.202024
-0.202148
-0.20229
-0.202369
-0.202046
-0.201193
-0.200151
-0.198993
-0.197325
-0.195088
-0.192628
-0.189937
-0.186746
-0.183228
-0.179558
-0.175579
-0.171332
-0.166953
-0.162346
-0.157595
-0.152808
-0.147785
-0.142822
-0.13793
-0.132753
-0.1278
-0.12259
-0.117697
-0.112913
-0.107494
-0.103055
-0.0981452
-0.0929533
-0.0889215
-0.0838067
-0.0794822
-0.0752179
-0.0708361
-0.0664494
-0.0625063
-0.0584635
-0.0545376
-0.0500797
-0.0480983
-0.0427715
-0.0399652
-0.0361712
-0.0329253
-0.0304373
-0.0258629
-0.0236439
-0.0203126
-0.0182197
-0.0148849
-0.0118441
-0.00914125
-0.00638638
-0.00420001
-0.00107405
-47.8829
-47.9147
-47.9054
-47.8622
-47.7878
-47.6814
-47.5435
-47.3757
-47.1807
-46.9627
-46.7274
-46.4819
-46.2345
-45.9948
-45.7727
-45.5785
-45.423
-45.3154
-45.2639
-45.2748
-45.3509
-45.4915
-45.6911
-45.9383
-46.2166
-46.5031
-46.7699
-46.9863
-47.1203
-47.143
-47.0297
-46.7629
-46.3327
-45.7373
-44.9814
-44.0747
-43.0298
-41.8611
-40.5835
-39.2119
-37.7609
-36.2448
-34.6767
-33.0703
-31.4381
-29.7923
-28.1442
-26.5044
-24.8826
-23.2877
-21.727
-20.2074
-18.7343
-17.3123
-15.945
-14.6356
-13.3859
-12.1974
-11.0713
-10.0083
-9.00848
-8.07203
-7.19866
-6.38798
-5.63944
-4.9523
-4.32569
-3.7585
-3.24944
-2.79699
-2.39923
-2.05406
-1.75896
-1.51101
-1.30699
-1.14328
-1.01591
-0.920612
-0.852893
-0.808095
-0.781525
-0.768588
-0.764939
-0.766616
-0.770188
-0.772848
-0.772463
-0.767583
-0.757391
-0.741638
-0.720551
-0.694719
-0.664993
-0.63237
-0.597914
-0.562685
-0.527677
-0.493782
-0.461752
-0.432196
-0.405534
-0.38201
-0.361688
-0.344462
-0.330102
-0.318257
-0.308521
-0.300405
-0.293437
-0.287211
-0.281389
-0.275716
-0.270062
-0.264377
-0.258688
-0.253062
-0.247591
-0.242365
-0.237443
-0.232857
-0.228624
-0.224743
-0.221188
-0.217926
-0.214933
-0.212197
-0.209729
-0.207547
-0.205669
-0.204103
-0.20284
-0.201855
-0.20116
-0.200779
-0.200725
-0.200938
-0.201314
-0.201783
-0.202393
-0.203182
-0.204027
-0.204703
-0.205127
-0.205481
-0.205796
-0.205756
-0.205144
-0.204186
-0.203109
-0.201575
-0.199395
-0.196919
-0.194205
-0.191
-0.187418
-0.183685
-0.179576
-0.175208
-0.170691
-0.166003
-0.161042
-0.156138
-0.151064
-0.145921
-0.140771
-0.135628
-0.130373
-0.125262
-0.119964
-0.115161
-0.109902
-0.104633
-0.100247
-0.0947757
-0.0902439
-0.0859296
-0.0804773
-0.0768892
-0.0717392
-0.0680987
-0.0630324
-0.0596077
-0.0556291
-0.0511788
-0.0479725
-0.0439147
-0.0405949
-0.0367169
-0.0332366
-0.0305594
-0.0266775
-0.0244023
-0.0198321
-0.018438
-0.0145996
-0.0129909
-0.00936485
-0.00648148
-0.00378589
-0.000575315
-47.8269
-47.8549
-47.8433
-47.7984
-47.7225
-47.6144
-47.4746
-47.3044
-47.1066
-46.8855
-46.6468
-46.3977
-46.1469
-45.9041
-45.6796
-45.4843
-45.3291
-45.2237
-45.1771
-45.196
-45.2848
-45.4439
-45.6693
-45.9516
-46.2753
-46.6191
-46.955
-47.2514
-47.474
-47.5893
-47.568
-47.3876
-47.0329
-46.4987
-45.787
-44.907
-43.8717
-42.6971
-41.4003
-39.9984
-38.5082
-36.9458
-35.3265
-33.6653
-31.976
-30.272
-28.5655
-26.8682
-25.1905
-23.5415
-21.9294
-20.361
-18.8422
-17.3776
-15.9709
-14.6249
-13.3418
-12.1229
-10.9692
-9.8811
-8.85892
-7.90251
-7.01158
-6.18576
-5.4243
-4.72652
-4.09159
-3.51831
-3.00546
-2.55152
-2.15459
-1.8125
-1.52265
-1.28207
-1.08735
-0.934697
-0.819903
-0.738428
-0.685441
-0.655905
-0.64475
-0.646982
-0.657865
-0.673086
-0.688937
-0.702414
-0.711276
-0.71406
-0.710016
-0.699016
-0.681463
-0.658146
-0.630119
-0.598591
-0.56481
-0.530007
-0.495322
-0.461782
-0.430218
-0.401312
-0.375526
-0.353118
-0.334157
-0.318517
-0.305922
-0.295976
-0.288182
-0.281999
-0.27688
-0.272367
-0.268075
-0.263743
-0.259231
-0.254515
-0.249654
-0.244749
-0.239929
-0.235314
-0.230981
-0.226968
-0.223292
-0.219945
-0.216898
-0.214113
-0.211565
-0.209245
-0.207167
-0.205347
-0.203814
-0.202586
-0.201661
-0.201025
-0.200674
-0.200622
-0.200898
-0.201464
-0.202224
-0.20308
-0.204026
-0.205136
-0.206334
-0.207395
-0.208169
-0.208763
-0.2093
-0.209542
-0.209189
-0.208355
-0.207331
-0.205901
-0.203827
-0.201321
-0.198581
-0.195358
-0.191683
-0.187827
-0.183657
-0.17911
-0.174485
-0.169647
-0.164615
-0.159472
-0.154299
-0.149106
-0.14366
-0.138346
-0.13313
-0.127778
-0.122399
-0.117244
-0.112193
-0.106532
-0.101956
-0.0969295
-0.0916816
-0.0875034
-0.0820626
-0.0780919
-0.0730289
-0.0687833
-0.0648825
-0.0596923
-0.0567913
-0.0520119
-0.0485418
-0.0444588
-0.0410065
-0.0377883
-0.0333112
-0.0307261
-0.02748
-0.0240273
-0.0213103
-0.0178909
-0.0146574
-0.0129546
-0.0090793
-0.00745963
-0.00333802
-0.000628664
-47.7882
-47.8113
-47.7967
-47.7497
-47.6718
-47.562
-47.4203
-47.248
-47.0479
-46.8242
-46.5828
-46.3311
-46.0779
-45.8332
-45.6074
-45.4119
-45.2576
-45.1548
-45.113
-45.1398
-45.2401
-45.4158
-45.6645
-45.9781
-46.3431
-46.7392
-47.1398
-47.5128
-47.8222
-48.0316
-48.1064
-48.0184
-47.7473
-47.2827
-46.6235
-45.7771
-44.7565
-43.5792
-42.2643
-40.8314
-39.3001
-37.6886
-36.0145
-34.2945
-32.544
-30.7777
-29.0091
-27.2506
-25.5135
-23.8073
-22.1409
-20.5214
-18.9546
-17.4456
-15.9978
-14.6139
-13.2962
-12.0457
-10.8634
-9.74967
-8.70441
-7.72743
-6.81841
-5.97681
-5.20195
-4.49313
-3.84941
-3.26979
-2.75293
-2.29737
-1.90126
-1.56235
-1.27801
-1.04515
-0.860267
-0.719337
-0.617922
-0.551185
-0.513919
-0.500713
-0.50605
-0.524484
-0.550847
-0.580443
-0.609238
-0.634015
-0.652423
-0.662989
-0.665047
-0.658633
-0.644349
-0.623218
-0.596528
-0.565715
-0.532246
-0.497534
-0.462881
-0.429431
-0.398138
-0.369737
-0.344733
-0.32341
-0.305824
-0.291835
-0.281102
-0.273167
-0.267445
-0.26332
-0.260172
-0.257461
-0.254767
-0.251805
-0.248441
-0.244682
-0.240621
-0.236408
-0.232209
-0.228185
-0.224426
-0.220987
-0.217873
-0.21507
-0.212538
-0.210233
-0.208131
-0.206225
-0.204532
-0.203074
-0.20188
-0.200984
-0.200397
-0.200107
-0.200106
-0.200397
-0.201004
-0.201927
-0.203075
-0.204334
-0.205663
-0.207099
-0.208656
-0.210114
-0.211272
-0.212146
-0.212901
-0.213407
-0.213319
-0.212655
-0.211685
-0.210355
-0.208366
-0.205868
-0.20305
-0.199769
-0.19605
-0.192049
-0.187737
-0.183124
-0.178334
-0.173346
-0.168159
-0.16296
-0.157534
-0.152164
-0.146708
-0.141129
-0.135735
-0.130389
-0.124842
-0.119344
-0.114254
-0.108738
-0.103599
-0.098927
-0.0931966
-0.0888325
-0.0836705
-0.0789296
-0.0747825
-0.0690818
-0.0664916
-0.0603127
-0.057585
-0.052685
-0.0492723
-0.0452741
-0.0411145
-0.0386521
-0.0335772
-0.0312566
-0.0274266
-0.0241635
-0.021582
-0.0180233
-0.0158689
-0.012041
-0.00894408
-0.00655606
-0.0037039
-0.0016394
-47.7661
-47.7832
-47.7651
-47.7154
-47.6354
-47.5237
-47.3801
-47.2061
-47.0041
-46.7785
-46.5353
-46.2821
-46.0276
-45.7821
-45.5565
-45.362
-45.2096
-45.1104
-45.0741
-45.1085
-45.2198
-45.4105
-45.6798
-46.0211
-46.4228
-46.8665
-47.3267
-47.7724
-48.1663
-48.4693
-48.6427
-48.6528
-48.4727
-48.0865
-47.4886
-46.6838
-45.6843
-44.5083
-43.1774
-41.7137
-40.1394
-38.4761
-36.7436
-34.9606
-33.1446
-31.3116
-29.4766
-27.653
-25.8527
-24.0861
-22.3625
-20.6892
-19.0723
-17.5168
-16.0262
-14.6032
-13.2496
-11.9667
-10.7549
-9.61457
-8.54553
-7.54739
-6.61968
-5.76172
-4.97297
-4.25258
-3.59972
-3.01337
-2.49224
-2.0349
-1.63954
-1.30389
-1.02527
-0.800512
-0.625978
-0.497463
-0.41025
-0.359191
-0.33871
-0.342954
-0.365921
-0.401668
-0.444534
-0.489367
-0.531797
-0.568352
-0.596569
-0.614985
-0.623042
-0.620972
-0.609618
-0.590265
-0.564473
-0.533933
-0.500349
-0.465336
-0.430373
-0.396747
-0.365485
-0.337426
-0.313109
-0.29283
-0.27664
-0.264359
-0.255605
-0.249811
-0.246319
-0.244407
-0.243358
-0.242555
-0.241521
-0.23996
-0.237743
-0.234916
-0.231618
-0.228054
-0.224444
-0.220982
-0.217786
-0.214918
-0.212373
-0.210125
-0.208118
-0.206299
-0.20464
-0.203142
-0.201829
-0.200726
-0.199872
-0.199302
-0.199045
-0.1991
-0.199452
-0.200097
-0.201051
-0.202323
-0.203869
-0.205548
-0.207287
-0.209093
-0.210997
-0.21286
-0.214427
-0.21563
-0.216609
-0.217373
-0.217564
-0.217095
-0.216197
-0.21494
-0.213012
-0.210505
-0.20765
-0.204286
-0.20046
-0.196379
-0.191919
-0.187158
-0.182271
-0.17708
-0.17178
-0.166366
-0.16089
-0.155215
-0.149656
-0.1441
-0.138297
-0.132896
-0.127295
-0.121505
-0.116314
-0.110866
-0.10535
-0.10059
-0.0946494
-0.0902917
-0.0850552
-0.0799415
-0.0761764
-0.0702067
-0.0667549
-0.062102
-0.0577474
-0.0538754
-0.0496419
-0.045974
-0.0415756
-0.0384948
-0.0349402
-0.0306783
-0.0280696
-0.0245
-0.0211508
-0.0185119
-0.0157883
-0.0120227
-0.00933774
-0.00604463
-0.00442208
-0.00171936
-47.7599
-47.7701
-47.7477
-47.6951
-47.6126
-47.4989
-47.3537
-47.1782
-46.9749
-46.7482
-46.5041
-46.2504
-45.996
-45.7511
-45.5269
-45.3348
-45.186
-45.0914
-45.0612
-45.1039
-45.2258
-45.4307
-45.7183
-46.0844
-46.5188
-47.0055
-47.5205
-48.0336
-48.5079
-48.9026
-49.1753
-49.287
-49.2048
-48.9059
-48.3791
-47.625
-46.6542
-45.4853
-44.1414
-42.6475
-41.0293
-39.3114
-37.5166
-35.6664
-33.7801
-31.876
-29.97
-28.0769
-26.2095
-24.3791
-22.5952
-20.8653
-19.196
-17.592
-16.0569
-14.5933
-13.2027
-11.8863
-10.6442
-9.47663
-8.38306
-7.36308
-6.41607
-5.54128
-4.73801
-4.00559
-3.34311
-2.74959
-2.22391
-1.76458
-1.36986
-1.0375
-0.764799
-0.548502
-0.38485
-0.269413
-0.197245
-0.162864
-0.160276
-0.183158
-0.224978
-0.279222
-0.339666
-0.400665
-0.457428
-0.506228
-0.544484
-0.570754
-0.584631
-0.586576
-0.577718
-0.559648
-0.53423
-0.503444
-0.469253
-0.433496
-0.397842
-0.363698
-0.332232
-0.304331
-0.280581
-0.261311
-0.246539
-0.236051
-0.229392
-0.225899
-0.224817
-0.225295
-0.226494
-0.227708
-0.228409
-0.228273
-0.227197
-0.225263
-0.222674
-0.219709
-0.216639
-0.213709
-0.211061
-0.208761
-0.206796
-0.205117
-0.203646
-0.202319
-0.201103
-0.200005
-0.199062
-0.198309
-0.197786
-0.197542
-0.197608
-0.198001
-0.19871
-0.199716
-0.20103
-0.202664
-0.204597
-0.206719
-0.208896
-0.211106
-0.213379
-0.215641
-0.217638
-0.219222
-0.220462
-0.221449
-0.221929
-0.221673
-0.22086
-0.219653
-0.217797
-0.215272
-0.212334
-0.208942
-0.204972
-0.200753
-0.196221
-0.191277
-0.186176
-0.180919
-0.175426
-0.16979
-0.164182
-0.158383
-0.152588
-0.146872
-0.141116
-0.135174
-0.129725
-0.123774
-0.118231
-0.113031
-0.106875
-0.102225
-0.0963231
-0.0913548
-0.087071
-0.0805502
-0.0772883
-0.0717907
-0.067184
-0.063288
-0.0583362
-0.0546843
-0.0500641
-0.0467045
-0.0422743
-0.0381157
-0.0361626
-0.0302496
-0.029046
-0.0238244
-0.0223827
-0.0178503
-0.0150262
-0.0123912
-0.00935298
-0.00782091
-0.0049313
-0.00121082
-47.7685
-47.7711
-47.7439
-47.688
-47.6029
-47.4872
-47.3405
-47.1638
-46.9597
-46.7327
-46.4887
-46.2356
-45.9825
-45.74
-45.5189
-45.3306
-45.1868
-45.0985
-45.0757
-45.1272
-45.2601
-45.4785
-45.7836
-46.1718
-46.6352
-47.1599
-47.7239
-48.2985
-48.8482
-49.3312
-49.7027
-49.9188
-49.9401
-49.7366
-49.2907
-48.5975
-47.6645
-46.5097
-45.1571
-43.6349
-41.9723
-40.1973
-38.3366
-36.4145
-34.4533
-32.4727
-30.4911
-28.5239
-26.5854
-24.6874
-22.8397
-21.0506
-19.3264
-17.672
-16.0906
-14.585
-13.1564
-11.8054
-10.5323
-9.33657
-8.21786
-7.17545
-6.20849
-5.31626
-4.49802
-3.75298
-3.08039
-2.47928
-1.94863
-1.48705
-1.0928
-0.76373
-0.497103
-0.2896
-0.137321
-0.0356637
0.020592
0.037281
0.020813
-0.0219786
-0.0839561
-0.157963
-0.237141
-0.315261
-0.387085
-0.44858
-0.497048
-0.531103
-0.550524
-0.556054
-0.549152
-0.531763
-0.506101
-0.474461
-0.439098
-0.402088
-0.365302
-0.330281
-0.298336
-0.270385
-0.247095
-0.228778
-0.215452
-0.206845
-0.202424
-0.201431
-0.202963
-0.206024
-0.209645
-0.213003
-0.21551
-0.216825
-0.216864
-0.215768
-0.213821
-0.211382
-0.208801
-0.206364
-0.20425
-0.202518
-0.201145
-0.200054
-0.199135
-0.198306
-0.197529
-0.196823
-0.196237
-0.195822
-0.195628
-0.195702
-0.196088
-0.196809
-0.197872
-0.199252
-0.200938
-0.202948
-0.205275
-0.207835
-0.210488
-0.213144
-0.215807
-0.21847
-0.220913
-0.222905
-0.22446
-0.225673
-0.226416
-0.2264
-0.225703
-0.224512
-0.222697
-0.220187
-0.217158
-0.213665
-0.209648
-0.205217
-0.200537
-0.195487
-0.190177
-0.18474
-0.179098
-0.173298
-0.167431
-0.161554
-0.155529
-0.149677
-0.143721
-0.137665
-0.131947
-0.126143
-0.120071
-0.115024
-0.108603
-0.103592
-0.098571
-0.0920646
-0.0889125
-0.0817278
-0.0781435
-0.073081
-0.0681108
-0.063801
-0.059625
-0.0550242
-0.0507053
-0.0472254
-0.0427686
-0.0386241
-0.0356033
-0.0314393
-0.0286154
-0.0241647
-0.0225708
-0.0172758
-0.015526
-0.012096
-0.0100443
-0.00877023
-0.00432554
-0.00142719
-47.7912
-47.7854
-47.753
-47.6934
-47.6055
-47.4878
-47.3398
-47.1623
-46.958
-46.7314
-46.4885
-46.2374
-45.9871
-45.7483
-45.5318
-45.3494
-45.2125
-45.1319
-45.118
-45.1797
-45.324
-45.5559
-45.8772
-46.2861
-46.7759
-47.334
-47.9417
-48.5722
-49.1913
-49.7577
-50.225
-50.5457
-50.6744
-50.5739
-50.2186
-49.5971
-48.7124
-47.58
-46.2247
-44.6774
-42.9705
-41.1367
-39.2066
-37.208
-35.1665
-33.1044
-31.0416
-28.9958
-26.9816
-25.0121
-23.0974
-21.2461
-19.4645
-17.7575
-16.1284
-14.5793
-13.1114
-11.725
-10.4199
-9.19548
-8.05095
-6.98549
-5.99804
-5.08779
-4.25395
-3.49576
-2.8125
-2.20329
-1.66724
-1.20308
-0.809106
-0.483273
-0.222829
-0.0244349
0.115992
0.203185
0.242647
0.240569
0.203817
0.139782
0.0562616
-0.0388724
-0.138004
-0.234258
-0.32187
-0.39648
-0.455274
-0.496951
-0.521528
-0.530084
-0.524474
-0.507046
-0.480409
-0.447214
-0.410027
-0.371195
-0.332766
-0.296494
-0.263736
-0.235519
-0.212553
-0.195143
-0.183286
-0.176673
-0.174667
-0.176388
-0.180771
-0.18665
-0.192889
-0.198535
-0.202924
-0.205702
-0.206815
-0.206482
-0.205088
-0.20309
-0.200929
-0.198943
-0.197342
-0.196186
-0.195427
-0.194947
-0.1946
-0.194278
-0.193937
-0.193608
-0.193362
-0.19327
-0.193392
-0.193782
-0.194479
-0.195528
-0.196938
-0.198693
-0.20077
-0.203168
-0.205898
-0.208905
-0.212043
-0.215191
-0.218296
-0.221357
-0.224259
-0.226701
-0.228605
-0.230074
-0.231055
-0.231266
-0.230698
-0.229554
-0.227754
-0.22523
-0.22216
-0.218498
-0.214367
-0.209836
-0.204927
-0.19971
-0.194305
-0.188594
-0.182767
-0.176828
-0.170729
-0.164705
-0.158523
-0.152413
-0.146379
-0.14012
-0.134215
-0.128379
-0.121997
-0.116789
-0.110787
-0.104657
-0.100786
-0.0933205
-0.0895753
-0.0840052
-0.0781589
-0.0746203
-0.0688989
-0.0647576
-0.0600271
-0.0559428
-0.0510884
-0.0472837
-0.0436111
-0.0392421
-0.0351018
-0.0324173
-0.0276855
-0.0255589
-0.0209204
-0.0184234
-0.0158492
-0.0123672
-0.0115254
-0.00739429
-0.00364192
-0.00200047
-47.8269
-47.8121
-47.7742
-47.7107
-47.6199
-47.5001
-47.3509
-47.173
-46.9691
-46.7437
-46.5031
-46.255
-46.009
-45.7756
-45.5657
-45.3909
-45.2626
-45.1916
-45.1883
-45.2614
-45.4183
-45.6642
-46.0017
-46.4297
-46.943
-47.5312
-48.1778
-48.858
-49.54
-50.1837
-50.7426
-51.1662
-51.4046
-51.413
-51.1576
-50.6189
-49.7936
-48.6938
-47.3435
-45.7755
-44.0261
-42.1323
-40.1294
-38.0499
-35.9227
-33.7733
-31.6241
-29.4941
-27.3998
-25.3545
-23.3692
-21.4526
-19.6111
-17.8495
-16.1709
-14.577
-13.0688
-11.6461
-10.3083
-9.05448
-7.88361
-6.79449
-5.78596
-4.85709
-4.00706
-3.23513
-2.54057
-1.92272
-1.3808
-0.913643
-0.519725
-0.197017
0.0571708
0.24621
0.374291
0.446349
0.468124
0.446179
0.387853
0.301156
0.194598
0.0768929
-0.0435095
-0.158959
-0.263093
-0.351191
-0.42034
-0.469356
-0.498557
-0.509433
-0.504301
-0.485975
-0.457509
-0.421948
-0.382197
-0.340888
-0.300288
-0.262288
-0.228373
-0.199661
-0.176859
-0.160298
-0.149962
-0.145459
-0.146069
-0.150762
-0.158277
-0.167244
-0.176322
-0.184413
-0.190761
-0.194999
-0.197126
-0.197458
-0.196503
-0.194842
-0.193015
-0.19143
-0.190329
-0.189761
-0.189645
-0.189806
-0.190055
-0.190251
-0.190343
-0.190375
-0.190444
-0.190653
-0.191077
-0.191774
-0.192785
-0.194151
-0.195904
-0.19803
-0.200508
-0.203323
-0.206469
-0.209924
-0.213574
-0.217241
-0.220843
-0.224346
-0.22768
-0.230605
-0.232908
-0.23464
-0.235861
-0.23631
-0.235889
-0.234784
-0.233014
-0.230406
-0.227247
-0.223523
-0.219177
-0.214505
-0.209473
-0.203997
-0.198407
-0.192555
-0.186451
-0.180374
-0.174046
-0.167878
-0.16158
-0.155038
-0.149109
-0.142591
-0.136389
-0.130621
-0.124077
-0.118333
-0.11302
-0.106072
-0.10192
-0.0955564
-0.0895628
-0.0859986
-0.078894
-0.0756407
-0.0696232
-0.0658232
-0.0600249
-0.0571103
-0.0514754
-0.0477177
-0.043635
-0.0397435
-0.0354677
-0.0322291
-0.0279677
-0.025406
-0.0206498
-0.0193557
-0.0157125
-0.0134377
-0.0110841
-0.00645074
-0.00471927
-0.00219473
-47.8746
-47.8505
-47.8067
-47.7391
-47.6452
-47.5235
-47.3732
-47.1954
-46.9924
-46.769
-46.5316
-46.2881
-46.0479
-45.8215
-45.62
-45.4548
-45.3371
-45.2777
-45.2866
-45.3728
-45.5436
-45.8043
-46.158
-46.6044
-47.1396
-47.755
-48.4357
-49.1599
-49.8982
-50.6126
-51.2573
-51.7804
-52.128
-52.2489
-52.1013
-51.6563
-50.9028
-49.8473
-48.5116
-46.9294
-45.1403
-43.1862
-41.108
-38.9429
-36.7245
-34.482
-32.2404
-30.0211
-27.8414
-25.7159
-23.6562
-21.6712
-19.7672
-17.9489
-16.2191
-14.5793
-13.0296
-11.5697
-10.1985
-8.91487
-7.71714
-6.60384
-5.57369
-4.62566
-3.75882
-2.97249
-2.266
-1.63895
-1.09058
-0.620017
-0.225829
0.0938953
0.341802
0.521258
0.636554
0.692802
0.696
0.653065
0.571827
0.460953
0.329761
0.187922
0.044853
-0.0909057
-0.212288
-0.314189
-0.393607
-0.44953
-0.482655
-0.494967
-0.489327
-0.469082
-0.437789
-0.39893
-0.355782
-0.311262
-0.267861
-0.227642
-0.192195
-0.162698
-0.139896
-0.124136
-0.115362
-0.113125
-0.116591
-0.124548
-0.135526
-0.14788
-0.160057
-0.170762
-0.179145
-0.184827
-0.187884
-0.188753
-0.188093
-0.186634
-0.185041
-0.1838
-0.183186
-0.18323
-0.183797
-0.184645
-0.18552
-0.186247
-0.186763
-0.187135
-0.187492
-0.187974
-0.188682
-0.189677
-0.190998
-0.192682
-0.194766
-0.197263
-0.200147
-0.203392
-0.206988
-0.210902
-0.215063
-0.219296
-0.223432
-0.227422
-0.231217
-0.234612
-0.237374
-0.239432
-0.240867
-0.241549
-0.241284
-0.240201
-0.238408
-0.235807
-0.23248
-0.228627
-0.224195
-0.219229
-0.214054
-0.20842
-0.202534
-0.196492
-0.190263
-0.18387
-0.177488
-0.17093
-0.164644
-0.15781
-0.151518
-0.145468
-0.138255
-0.132865
-0.126393
-0.119653
-0.115119
-0.107761
-0.102545
-0.0976201
-0.0903824
-0.0868184
-0.0807018
-0.0756567
-0.0710423
-0.0660507
-0.0611747
-0.0568986
-0.0524974
-0.0483437
-0.043224
-0.0406559
-0.0350478
-0.0326589
-0.0279219
-0.0250472
-0.0218895
-0.0191484
-0.0162696
-0.0133749
-0.00984323
-0.00734557
-0.0057928
-0.0015612
-47.9335
-47.8997
-47.8497
-47.7778
-47.6808
-47.5571
-47.4061
-47.2286
-47.0273
-46.8068
-46.5737
-46.3359
-46.1031
-45.8855
-45.6944
-45.5406
-45.4355
-45.3897
-45.4128
-45.5137
-45.6997
-45.9763
-46.3469
-46.8117
-47.3678
-48.0079
-48.7192
-49.4824
-50.2707
-51.0484
-51.7714
-52.3884
-52.8429
-53.078
-53.0442
-52.7029
-52.0335
-51.0351
-49.7254
-48.1373
-46.3133
-44.3001
-42.1446
-39.8898
-37.575
-35.2333
-32.8933
-30.5784
-28.3081
-26.0978
-23.9597
-21.9029
-19.9339
-18.0568
-16.2743
-14.5871
-12.995
-11.4973
-10.0923
-8.77815
-7.55307
-6.41517
-5.36296
-4.39517
-3.51093
-2.70955
-1.99053
-1.35359
-0.798204
-0.323697
0.0711642
0.388105
0.62971
0.799394
0.901491
0.941278
0.925
0.859921
0.754366
0.617713
0.460178
0.29252
0.125285
-0.0319282
-0.171279
-0.287213
-0.376661
-0.438869
-0.475008
-0.487658
-0.480316
-0.456952
-0.421674
-0.378455
-0.33096
-0.282404
-0.235514
-0.192521
-0.155115
-0.124531
-0.101562
-0.0865434
-0.0793892
-0.0795832
-0.0861734
-0.0977432
-0.112548
-0.128657
-0.144223
-0.157738
-0.168227
-0.175318
-0.179188
-0.180424
-0.179879
-0.178458
-0.176976
-0.176018
-0.175885
-0.176578
-0.177887
-0.179476
-0.181016
-0.182286
-0.183218
-0.183901
-0.18451
-0.185234
-0.186201
-0.187484
-0.18911
-0.191111
-0.193525
-0.196374
-0.19967
-0.203365
-0.207431
-0.211839
-0.216522
-0.221336
-0.226081
-0.230603
-0.23489
-0.238778
-0.242
-0.244428
-0.246115
-0.246972
-0.246878
-0.245864
-0.244007
-0.241354
-0.237914
-0.233854
-0.229268
-0.224173
-0.218637
-0.212872
-0.206781
-0.200459
-0.194071
-0.187429
-0.180923
-0.174032
-0.167476
-0.160928
-0.153771
-0.148025
-0.140802
-0.134342
-0.129088
-0.121052
-0.11648
-0.109975
-0.103258
-0.0989407
-0.0921846
-0.0870889
-0.0823183
-0.0761749
-0.0719399
-0.0664067
-0.0625789
-0.056662
-0.0534293
-0.0483668
-0.0437217
-0.0407045
-0.0349018
-0.0331849
-0.0273623
-0.0264629
-0.0214505
-0.0194919
-0.0162693
-0.0127516
-0.0106645
-0.00793541
-0.00485758
-0.000601397
-48.0024
-47.9587
-47.9024
-47.8261
-47.7259
-47.6004
-47.4488
-47.2721
-47.073
-46.8564
-46.6286
-46.398
-46.1741
-45.9671
-45.7879
-45.6476
-45.5572
-45.5267
-45.5661
-45.6837
-45.8867
-46.1807
-46.5688
-47.0522
-47.6287
-48.292
-49.031
-49.8287
-50.6608
-51.4948
-52.289
-52.9928
-53.5493
-53.8976
-53.9811
-53.7517
-53.1784
-52.2506
-50.9798
-49.3962
-47.5442
-45.4748
-43.241
-40.8936
-38.4767
-36.0297
-33.5847
-31.1682
-28.8016
-26.5018
-24.2812
-22.1493
-20.1124
-18.1744
-16.3374
-14.6018
-12.9666
-11.4304
-9.991
-8.64609
-7.39328
-6.23039
-5.15562
-4.1676
-3.26536
-2.44829
-1.71607
-1.06856
-0.505517
-0.0264922
0.369421
0.683833
0.919217
1.07897
1.16747
1.19016
1.1535
1.0651
0.933782
0.769643
0.583945
0.388642
0.195646
0.0157725
-0.142218
-0.272291
-0.37135
-0.438989
-0.476973
-0.488607
-0.478135
-0.450237
-0.409639
-0.360848
-0.307926
-0.254415
-0.203284
-0.156891
-0.117048
-0.0850612
-0.0617246
-0.0473896
-0.0419237
-0.0447438
-0.0547651
-0.0703436
-0.0894124
-0.109693
-0.128986
-0.14552
-0.158184
-0.166627
-0.17115
-0.172541
-0.17188
-0.170296
-0.168781
-0.168038
-0.168387
-0.169785
-0.171915
-0.174322
-0.176577
-0.178402
-0.179726
-0.180683
-0.181505
-0.182432
-0.183633
-0.185187
-0.187118
-0.189433
-0.192169
-0.195374
-0.199065
-0.203227
-0.207798
-0.212728
-0.217966
-0.223373
-0.228757
-0.233898
-0.2387
-0.243092
-0.246819
-0.249645
-0.251611
-0.252686
-0.252692
-0.25173
-0.249843
-0.247051
-0.243501
-0.239303
-0.234435
-0.229117
-0.223439
-0.217314
-0.211068
-0.204574
-0.197864
-0.190997
-0.184321
-0.177309
-0.170183
-0.163997
-0.156374
-0.149959
-0.143813
-0.135776
-0.131032
-0.123439
-0.117088
-0.112307
-0.104304
-0.100061
-0.0937445
-0.0879865
-0.0830385
-0.0774007
-0.0722604
-0.0675312
-0.0626196
-0.057873
-0.0529128
-0.0490723
-0.0440166
-0.0400989
-0.035912
-0.032605
-0.0282226
-0.0268885
-0.0208187
-0.0205948
-0.0152745
-0.0134697
-0.0115835
-0.00727353
-0.00357796
-0.000213414
-48.0803
-48.0265
-47.9638
-47.8831
-47.7797
-47.6525
-47.5006
-47.3251
-47.129
-46.917
-46.6958
-46.4738
-46.2602
-46.0654
-45.9002
-45.7755
-45.7017
-45.6888
-45.7463
-45.8823
-46.1039
-46.4164
-46.8236
-47.3263
-47.9231
-48.6088
-49.3736
-50.2024
-51.0733
-51.9566
-52.8137
-53.5962
-54.2479
-54.7059
-54.9076
-54.7963
-54.3295
-53.4861
-52.2684
-50.7018
-48.8308
-46.7099
-44.3992
-41.9557
-39.4322
-36.8736
-34.3169
-31.7925
-29.3239
-26.9291
-24.6219
-22.4114
-20.3038
-18.303
-16.4101
-14.6249
-12.9459
-11.3707
-9.89659
-8.52062
-7.2398
-6.05167
-4.95401
-3.94535
-3.02458
-2.19113
-1.44496
-0.786127
-0.214725
0.269376
0.666807
0.978982
1.2082
1.35787
1.4324
1.43738
1.37947
1.26656
1.10796
0.914556
0.698709
0.473802
0.253326
0.0495533
-0.127684
-0.271837
-0.379837
-0.451757
-0.490104
-0.49906
-0.48375
-0.449666
-0.402206
-0.346463
-0.286906
-0.227413
-0.17118
-0.120716
-0.0779371
-0.0441804
-0.0202744
-0.00654247
-0.00284021
-0.00850361
-0.0222975
-0.0423398
-0.0661935
-0.091138
-0.11455
-0.134334
-0.149239
-0.158936
-0.1639
-0.165173
-0.164109
-0.162118
-0.160402
-0.159797
-0.160642
-0.162826
-0.165888
-0.169211
-0.172237
-0.174627
-0.176319
-0.177499
-0.178479
-0.179567
-0.180972
-0.182782
-0.185006
-0.187641
-0.190698
-0.194241
-0.198328
-0.202949
-0.208058
-0.213556
-0.219374
-0.225418
-0.231464
-0.237289
-0.242701
-0.247612
-0.251844
-0.255133
-0.257366
-0.258634
-0.258785
-0.257809
-0.255902
-0.253012
-0.249239
-0.244847
-0.239773
-0.234159
-0.228254
-0.221993
-0.215345
-0.20867
-0.201811
-0.194569
-0.187609
-0.180729
-0.173025
-0.166574
-0.159446
-0.151749
-0.146305
-0.138182
-0.131891
-0.126303
-0.117969
-0.113772
-0.106267
-0.100583
-0.0952756
-0.0889302
-0.0836684
-0.0783384
-0.0730241
-0.0682232
-0.0627197
-0.0589598
-0.0524154
-0.049847
-0.0435419
-0.0407526
-0.0362886
-0.0324606
-0.0293556
-0.0257643
-0.0218893
-0.0199284
-0.0154945
-0.0146372
-0.0105318
-0.00640567
-0.00356391
-0.000637917
-48.1661
-48.1022
-48.0331
-47.9479
-47.8415
-47.7126
-47.5608
-47.3872
-47.1947
-46.9882
-46.7747
-46.5625
-46.3608
-46.18
-46.0307
-45.9231
-45.8678
-45.8744
-45.952
-46.1084
-46.3504
-46.6831
-47.1104
-47.6337
-48.2514
-48.9591
-49.7482
-50.6053
-51.5109
-52.4376
-53.3501
-54.2031
-54.9419
-55.5033
-55.821
-55.8307
-55.4792
-54.7329
-53.5831
-52.0481
-50.1693
-48.0044
-45.6188
-43.0783
-40.4437
-37.7674
-35.0925
-32.4535
-29.8764
-27.3816
-24.9831
-22.6904
-20.5096
-18.4438
-16.4936
-14.6578
-12.9344
-11.32
-9.81101
-8.40383
-7.09504
-5.88142
-4.76066
-3.73101
-2.79118
-1.94076
-1.17996
-0.509038
0.0714647
0.561261
0.960704
1.27094
1.49408
1.63352
1.69372
1.6804
1.60036
1.46176
1.27433
1.04975
0.801617
0.544968
0.295165
0.0662329
-0.130764
-0.288712
-0.404664
-0.47933
-0.51617
-0.520433
-0.498257
-0.45605
-0.399972
-0.335695
-0.268143
-0.201535
-0.139264
-0.0839841
-0.0377048
-0.00180196
0.0229108
0.0361238
0.037996
0.0292522
0.011294
-0.013748
-0.0429939
-0.0731813
-0.101165
-0.124461
-0.141654
-0.152465
-0.157589
-0.158394
-0.156575
-0.153875
-0.151759
-0.151209
-0.152585
-0.155672
-0.159813
-0.16418
-0.168053
-0.171014
-0.173027
-0.174362
-0.17543
-0.176626
-0.178202
-0.180257
-0.182777
-0.18572
-0.189097
-0.192973
-0.197443
-0.202537
-0.208191
-0.214318
-0.220771
-0.227468
-0.234237
-0.240778
-0.246867
-0.252364
-0.25709
-0.260851
-0.263443
-0.264878
-0.265164
-0.264208
-0.262153
-0.259152
-0.255197
-0.250515
-0.245217
-0.239444
-0.233099
-0.226687
-0.219857
-0.212687
-0.205681
-0.198443
-0.190709
-0.184035
-0.176204
-0.168781
-0.162504
-0.154029
-0.147996
-0.140992
-0.133046
-0.128153
-0.120124
-0.114184
-0.108541
-0.101117
-0.096564
-0.0897768
-0.0846298
-0.0790202
-0.0738636
-0.0685609
-0.0632905
-0.0588699
-0.0532627
-0.0495146
-0.0442284
-0.0407902
-0.0360203
-0.033215
-0.0288304
-0.0256974
-0.0226041
-0.0191089
-0.0171043
-0.0139441
-0.00911891
-0.00606092
-0.00422173
-0.000941515
-48.2587
-48.1847
-48.1091
-48.0196
-47.9103
-47.7801
-47.6287
-47.4573
-47.269
-47.0692
-46.8645
-46.6634
-46.4752
-46.31
-46.1781
-46.0897
-46.0548
-46.0828
-46.1822
-46.3608
-46.6248
-46.9798
-47.4291
-47.9738
-48.6132
-49.3432
-50.1563
-51.04
-51.9767
-52.9417
-53.9029
-54.8176
-55.6343
-56.2912
-56.7199
-56.8504
-56.6199
-55.9819
-54.9148
-53.4268
-51.554
-49.3546
-46.8992
-44.2619
-41.5132
-38.7134
-35.9137
-33.153
-30.4614
-27.8607
-25.3662
-22.9877
-20.7309
-18.5981
-16.5894
-14.7024
-12.9341
-11.2803
-9.73659
-8.29835
-6.9616
-5.72262
-4.57863
-3.52759
-2.56825
-1.70038
-0.924188
-0.24049
0.349801
0.84598
1.24793
1.55651
1.77364
1.90272
1.94823
1.916
1.81298
1.64748
1.42963
1.17187
0.889138
0.59842
0.317322
0.0619422
-0.15517
-0.326318
-0.448807
-0.524221
-0.557223
-0.554332
-0.522884
-0.470306
-0.403588
-0.328997
-0.251947
-0.176949
-0.107604
-0.0467119
0.00366738
0.0421472
0.0679401
0.0807268
0.0807075
0.0686552
0.0460745
0.0154151
-0.0199472
-0.0560664
-0.0891518
-0.116249
-0.13575
-0.147468
-0.152383
-0.15227
-0.149261
-0.145494
-0.142743
-0.142166
-0.144135
-0.148287
-0.153705
-0.159283
-0.164087
-0.167624
-0.169897
-0.171289
-0.172357
-0.173601
-0.175324
-0.177608
-0.180418
-0.18367
-0.187353
-0.191559
-0.196403
-0.201964
-0.208192
-0.214965
-0.222129
-0.229534
-0.237036
-0.244379
-0.251208
-0.25736
-0.262655
-0.266868
-0.269835
-0.271477
-0.271796
-0.270854
-0.268701
-0.265491
-0.261334
-0.256437
-0.250743
-0.244774
-0.238223
-0.231272
-0.22441
-0.216945
-0.209351
-0.202332
-0.194144
-0.186793
-0.179718
-0.171118
-0.164943
-0.15694
-0.149375
-0.143432
-0.13497
-0.129187
-0.122488
-0.11496
-0.109908
-0.102659
-0.096843
-0.0914419
-0.084865
-0.0803038
-0.0737809
-0.069773
-0.0632111
-0.0593646
-0.0537451
-0.0491675
-0.0451691
-0.0401614
-0.037039
-0.0327566
-0.0284234
-0.0263585
-0.0219137
-0.0199906
-0.0169782
-0.0125091
-0.00908985
-0.00630594
-0.0046644
-0.000492546
-48.3571
-48.273
-48.1912
-48.0973
-47.9852
-47.8539
-47.7033
-47.5348
-47.3517
-47.1593
-46.9645
-46.7758
-46.6025
-46.4544
-46.3417
-46.2741
-46.2614
-46.3125
-46.4357
-46.6381
-46.9261
-47.3048
-47.7771
-48.345
-49.0073
-49.7606
-50.5976
-51.5072
-52.4729
-53.4721
-54.4755
-55.4441
-56.3294
-57.0721
-57.6042
-57.8525
-57.7452
-57.2242
-56.2539
-54.829
-52.9777
-50.7557
-48.2378
-45.5062
-42.6413
-39.7136
-36.7823
-33.893
-31.08
-28.3679
-25.7727
-23.3047
-20.9692
-18.7677
-16.6991
-14.7603
-12.9471
-11.254
-9.67568
-8.2068
-6.8424
-5.57826
-4.41111
-3.33858
-2.3595
-1.47358
-0.681391
0.0158078
0.616605
1.11977
1.5247
1.83185
2.04301
2.1615
2.19193
2.14018
2.01332
1.81975
1.56986
1.27676
0.956922
0.629584
0.31505
0.0319719
-0.205363
-0.388691
-0.515772
-0.589349
-0.615607
-0.602592
-0.559028
-0.493466
-0.413788
-0.326894
-0.238651
-0.153861
-0.0763207
-0.00894396
0.0461883
0.0877188
0.11487
0.127366
0.125417
0.109801
0.0821089
0.0450926
0.00276503
-0.0401056
-0.0789059
-0.110113
-0.131907
-0.144238
-0.148468
-0.146875
-0.142135
-0.136864
-0.133206
-0.132518
-0.135179
-0.14062
-0.147582
-0.154584
-0.160428
-0.164533
-0.166973
-0.168299
-0.169252
-0.170463
-0.172295
-0.174818
-0.177925
-0.181477
-0.185452
-0.189964
-0.195185
-0.201206
-0.208028
-0.215506
-0.223419
-0.231628
-0.239935
-0.248091
-0.255783
-0.262617
-0.268512
-0.273227
-0.276524
-0.278409
-0.278811
-0.277801
-0.275519
-0.272109
-0.267608
-0.262476
-0.256567
-0.250047
-0.24345
-0.236139
-0.228649
-0.221489
-0.213155
-0.205775
-0.198085
-0.189403
-0.182917
-0.174059
-0.166776
-0.159925
-0.151094
-0.145211
-0.137314
-0.130281
-0.124158
-0.116591
-0.110484
-0.104526
-0.0971763
-0.092972
-0.0850862
-0.0815703
-0.0738179
-0.0707455
-0.0629736
-0.0603398
-0.0533478
-0.0500441
-0.0449484
-0.0404525
-0.0369929
-0.0318673
-0.0293292
-0.0259375
-0.0221598
-0.0205703
-0.0150861
-0.0123612
-0.0093899
-0.00684426
-0.00446527
0.000122157
-48.4599
-48.3659
-48.2779
-48.1801
-48.0654
-47.9335
-47.7843
-47.6191
-47.4417
-47.2576
-47.0738
-46.8989
-46.7418
-46.6123
-46.5202
-46.4751
-46.4861
-46.5619
-46.7104
-46.9383
-47.252
-47.656
-48.1537
-48.7463
-49.4331
-50.2106
-51.0723
-52.0072
-53.0003
-54.031
-55.0718
-56.0871
-57.0321
-57.8508
-58.477
-58.836
-58.8509
-58.4522
-57.59
-56.2443
-54.4313
-52.2013
-49.6308
-46.8093
-43.828
-40.7684
-37.6997
-34.6751
-31.7343
-28.9047
-26.204
-23.6429
-21.2259
-18.954
-16.8247
-14.8338
-12.9756
-11.2436
-9.63119
-8.1322
-6.74075
-5.45185
-4.26186
-3.16798
-2.16896
-1.26459
-0.455888
0.255493
0.867477
1.37819
1.78646
2.09234
2.29744
2.40501
2.41985
2.34794
2.19639
1.97357
1.68993
1.35925
0.999566
0.63279
0.282538
-0.0294189
-0.286778
-0.4807
-0.609702
-0.678121
-0.694024
-0.667303
-0.608262
-0.526698
-0.431418
-0.329972
-0.228648
-0.132538
-0.0455942
0.0292087
0.0898021
0.134887
0.163744
0.176134
0.172246
0.152809
0.119432
0.075219
0.0249055
-0.0256941
-0.0709314
-0.106577
-0.130587
-0.143123
-0.14605
-0.142278
-0.135144
-0.12784
-0.122954
-0.12208
-0.12559
-0.13263
-0.141481
-0.150177
-0.157189
-0.161842
-0.164319
-0.165405
-0.166089
-0.167189
-0.169106
-0.171876
-0.175301
-0.179149
-0.183397
-0.188184
-0.193764
-0.20027
-0.207694
-0.215911
-0.224645
-0.233705
-0.242906
-0.251942
-0.260512
-0.268193
-0.274697
-0.279972
-0.283662
-0.285705
-0.286192
-0.285081
-0.282568
-0.278939
-0.274209
-0.268575
-0.262543
-0.255588
-0.248485
-0.241263
-0.233066
-0.225613
-0.217595
-0.208853
-0.201935
-0.192616
-0.185229
-0.177552
-0.168536
-0.162408
-0.153483
-0.146469
-0.139713
-0.131555
-0.125464
-0.118377
-0.11123
-0.105799
-0.0982609
-0.0934047
-0.0863881
-0.0815595
-0.074926
-0.0704575
-0.0641856
-0.0598782
-0.0539887
-0.0502154
-0.0446364
-0.041054
-0.0360072
-0.0326248
-0.0293892
-0.0255308
-0.023032
-0.0191177
-0.0142756
-0.0129591
-0.00927908
-0.00730539
-0.00382768
0.000206946
-48.5661
-48.4625
-48.3686
-48.2669
-48.15
-48.0176
-47.87
-47.7089
-47.5382
-47.3635
-47.1917
-47.0316
-46.8919
-46.7823
-46.7123
-46.691
-46.7273
-46.8292
-47.0045
-47.2597
-47.6005
-48.0316
-48.556
-49.1751
-49.888
-50.6913
-51.5786
-52.5396
-53.5599
-54.6198
-55.6943
-56.7504
-57.7469
-58.6314
-59.3409
-59.8018
-59.934
-59.6592
-58.9139
-57.6615
-55.9038
-53.6825
-51.0723
-48.1686
-45.0724
-41.8784
-38.6672
-35.5007
-32.4256
-29.4726
-26.6615
-24.0035
-21.5027
-19.1586
-16.9679
-14.9248
-13.0219
-11.2516
-9.60615
-8.078
-6.66027
-5.34747
-4.13507
-3.02014
-2.0012
-1.0782
-0.252588
0.47347
1.09719
1.61592
2.0278
2.33239
2.53115
2.62728
2.62588
2.53306
2.35593
2.10264
1.78354
1.41286
1.01031
0.600961
0.212562
-0.12933
-0.406007
-0.608165
-0.735511
-0.794509
-0.795586
-0.750842
-0.672366
-0.571314
-0.457429
-0.338922
-0.222445
-0.113335
-0.0156761
0.0675531
0.134367
0.183557
0.214503
0.227028
0.221251
0.19774
0.15808
0.105679
0.0461572
-0.0133463
-0.0658531
-0.106279
-0.132354
-0.144544
-0.145374
-0.138546
-0.128203
-0.118229
-0.111745
-0.110619
-0.115195
-0.124251
-0.135452
-0.146187
-0.154515
-0.159663
-0.161994
-0.162622
-0.162853
-0.163724
-0.165708
-0.168763
-0.172536
-0.176686
-0.181163
-0.186188
-0.192088
-0.19907
-0.207159
-0.216143
-0.225757
-0.235777
-0.245941
-0.255995
-0.26552
-0.274077
-0.281342
-0.287098
-0.291199
-0.293431
-0.293894
-0.292736
-0.290005
-0.285949
-0.28104
-0.27493
-0.268433
-0.261459
-0.253615
-0.246171
-0.238015
-0.229418
-0.222009
-0.212501
-0.204925
-0.196464
-0.187346
-0.180572
-0.17111
-0.164066
-0.156222
-0.147882
-0.141497
-0.133392
-0.126435
-0.119954
-0.11227
-0.10677
-0.0993797
-0.0939187
-0.087434
-0.0816428
-0.0760232
-0.0701658
-0.0653615
-0.0591918
-0.0555134
-0.0491735
-0.0453777
-0.040054
-0.0360876
-0.0330751
-0.0287072
-0.0262699
-0.0224093
-0.0177819
-0.0148718
-0.0129106
-0.00950667
-0.00728299
-0.00299848
-0.000195876
-48.6745
-48.5615
-48.462
-48.3567
-48.2379
-48.1057
-47.9604
-47.8039
-47.6404
-47.4757
-47.317
-47.1727
-47.0517
-46.9632
-46.9164
-46.9202
-46.9829
-47.1123
-47.3157
-47.5993
-47.9688
-48.4286
-48.9816
-49.6291
-50.3699
-51.2008
-52.1153
-53.1032
-54.1506
-55.239
-56.3448
-57.437
-58.4775
-59.4184
-60.2004
-60.7525
-60.994
-60.8403
-60.2166
-59.0699
-57.3846
-55.1898
-52.5548
-49.5788
-46.3724
-43.0433
-39.6851
-36.371
-33.1548
-30.0728
-27.1467
-24.3881
-21.8009
-19.3834
-17.1306
-15.0354
-13.0885
-11.2811
-9.60379
-8.04764
-6.605
-5.26937
-4.03552
-2.90016
-1.8616
-0.920057
-0.077253
0.663845
1.29968
1.8267
2.24225
2.54536
2.73718
2.82106
2.80244
2.68776
2.48407
2.19911
1.84275
1.42944
0.980665
0.52529
0.0961207
-0.276498
-0.571089
-0.778085
-0.899009
-0.943136
-0.923875
-0.855913
-0.753361
-0.628821
-0.492935
-0.354545
-0.220652
-0.0967529
0.0130322
0.10579
0.179629
0.233524
0.267029
0.279993
0.272423
0.244644
0.19805
0.1363
0.0661013
-0.00371867
-0.0644748
-0.110031
-0.137898
-0.149006
-0.146725
-0.135751
-0.121191
-0.107779
-0.0992612
-0.0978342
-0.103797
-0.115431
-0.129576
-0.142787
-0.152601
-0.158155
-0.160081
-0.159936
-0.159473
-0.160005
-0.162044
-0.165458
-0.169641
-0.174104
-0.17876
-0.183935
-0.19014
-0.197601
-0.206397
-0.216233
-0.226768
-0.237841
-0.249065
-0.260205
-0.270821
-0.280285
-0.288356
-0.29475
-0.299176
-0.301655
-0.302118
-0.300663
-0.297787
-0.293255
-0.287901
-0.281673
-0.274412
-0.267268
-0.25918
-0.250834
-0.24306
-0.233651
-0.22574
-0.216832
-0.207516
-0.200123
-0.190081
-0.182828
-0.174226
-0.165572
-0.158626
-0.149757
-0.142758
-0.135452
-0.127316
-0.121498
-0.113321
-0.107576
-0.100525
-0.0944625
-0.0880683
-0.0823656
-0.0762409
-0.0709091
-0.0653019
-0.0598272
-0.0551652
-0.0488633
-0.0456659
-0.0394863
-0.037245
-0.0321525
-0.0294291
-0.0259159
-0.0206738
-0.0183114
-0.0154861
-0.0127921
-0.00980774
-0.00658814
-0.00287662
-0.000872324
-48.7838
-48.662
-48.5571
-48.4487
-48.3284
-48.1967
-48.0541
-47.903
-47.7474
-47.5936
-47.4487
-47.3211
-47.2197
-47.1533
-47.1307
-47.1605
-47.2507
-47.4086
-47.6413
-47.9548
-48.3544
-48.8443
-49.4275
-50.105
-50.8757
-51.7361
-52.6797
-53.6962
-54.7718
-55.8885
-57.0234
-58.1482
-59.227
-60.216
-61.06
-61.6917
-62.0319
-61.9936
-61.492
-60.4592
-58.8614
-56.7111
-54.0686
-51.033
-47.7234
-44.2607
-40.7529
-37.286
-33.9232
-30.7063
-27.6604
-24.7978
-22.122
-19.6298
-17.3148
-15.1679
-13.1783
-11.3351
-9.62744
-8.04518
-6.57938
-5.22239
-3.96843
-2.8136
-1.75617
-0.796424
0.0634438
0.819705
1.46778
2.00314
2.42213
2.72317
2.90711
2.97751
2.94023
2.80227
2.57079
2.25291
1.85749
1.39872
0.899951
0.394625
-0.0780685
-0.481835
-0.791932
-0.998949
-1.10708
-1.12939
-1.08299
-0.985596
-0.853524
-0.700869
-0.539215
-0.377848
-0.224065
-0.0834099
0.0400325
0.143457
0.225189
0.284429
0.320963
0.334752
0.325639
0.293481
0.239255
0.166808
0.0841509
0.0023118
-0.0678326
-0.118853
-0.148082
-0.157116
-0.150427
-0.133949
-0.11395
-0.0961778
-0.0851121
-0.0833586
-0.0911487
-0.106116
-0.123993
-0.140224
-0.151703
-0.157497
-0.15866
-0.157356
-0.155895
-0.155947
-0.158084
-0.161965
-0.166639
-0.171414
-0.176187
-0.181433
-0.187839
-0.195786
-0.205345
-0.216099
-0.227647
-0.239805
-0.252246
-0.264617
-0.276431
-0.286971
-0.295877
-0.30294
-0.307773
-0.310268
-0.310784
-0.309032
-0.305726
-0.301058
-0.29491
-0.288458
-0.280819
-0.272842
-0.265021
-0.255762
-0.247648
-0.238511
-0.229083
-0.221048
-0.210692
-0.202923
-0.193565
-0.184705
-0.177089
-0.167625
-0.160238
-0.152163
-0.143783
-0.137227
-0.128662
-0.122297
-0.114957
-0.10794
-0.101882
-0.0946246
-0.0892375
-0.082332
-0.0771418
-0.0709702
-0.0654844
-0.060348
-0.0543229
-0.0497793
-0.0446249
-0.0401641
-0.0369609
-0.0319545
-0.0300282
-0.0241658
-0.0208788
-0.0190461
-0.0151022
-0.0127576
-0.00930937
-0.00616352
-0.00364946
-0.00135353
-48.8929
-48.7625
-48.6528
-48.5417
-48.4203
-48.2894
-48.15
-48.0046
-47.8578
-47.7156
-47.5853
-47.4754
-47.3943
-47.3508
-47.3533
-47.41
-47.5285
-47.7157
-47.9786
-48.3229
-48.7538
-49.2754
-49.8903
-50.5997
-51.4024
-52.2945
-53.2689
-54.3157
-55.4207
-56.5664
-57.7304
-58.8853
-59.9981
-61.0277
-61.9237
-62.6232
-63.0502
-63.1181
-62.7353
-61.8211
-60.323
-58.2344
-55.6025
-52.5226
-49.1196
-45.5273
-41.8692
-38.2455
-34.7308
-31.3737
-28.2037
-25.2339
-22.4673
-19.8996
-17.5227
-15.3249
-13.294
-11.4169
-9.68115
-8.07499
-6.58817
-5.21189
-3.93957
-2.76681
-1.69165
-0.71447
0.16194
0.933022
1.593
2.13618
2.55785
2.85567
3.03034
3.08579
3.02837
2.86558
2.60464
2.2521
1.81547
1.30796
0.754707
0.194796
-0.324337
-0.758974
-1.08069
-1.28096
-1.36789
-1.35954
-1.27763
-1.14335
-0.975445
-0.789424
-0.597735
-0.409979
-0.233603
-0.0740814
0.0646347
0.179939
0.270414
0.33564
0.375781
0.390908
0.38061
0.344093
0.281529
0.196795
0.0994922
0.00356377
-0.0772885
-0.134052
-0.163969
-0.169601
-0.15686
-0.133194
-0.106258
-0.0829977
-0.0687747
-0.0667065
-0.0769297
-0.096235
-0.118865
-0.138808
-0.15215
-0.157933
-0.157827
-0.154816
-0.151996
-0.151414
-0.153706
-0.15823
-0.163536
-0.168662
-0.173414
-0.178598
-0.185127
-0.193545
-0.203978
-0.215712
-0.228417
-0.241771
-0.255477
-0.26932
-0.282426
-0.294086
-0.303976
-0.311626
-0.316935
-0.319516
-0.31983
-0.317997
-0.313961
-0.308995
-0.302374
-0.295111
-0.287545
-0.278713
-0.27051
-0.261331
-0.251854
-0.243413
-0.232824
-0.224559
-0.21455
-0.205343
-0.196932
-0.187051
-0.179196
-0.170205
-0.161599
-0.154278
-0.145248
-0.138474
-0.130352
-0.122886
-0.116614
-0.108213
-0.103229
-0.094738
-0.0903767
-0.0822452
-0.0782136
-0.0705412
-0.0664969
-0.0592451
-0.0548641
-0.0493117
-0.0443119
-0.0408281
-0.0362067
-0.0324081
-0.028623
-0.023834
-0.0219484
-0.0184269
-0.0151691
-0.0125494
-0.00812118
-0.00656236
-0.00439629
-0.00132293
-49.0006
-48.8623
-48.7481
-48.6346
-48.5127
-48.3833
-48.2476
-48.1086
-47.9708
-47.8407
-47.7258
-47.6342
-47.574
-47.5539
-47.5821
-47.6662
-47.8134
-48.0307
-48.3245
-48.7004
-49.1636
-49.7181
-50.3664
-51.1094
-51.9459
-52.8714
-53.879
-54.9582
-56.0947
-57.2705
-58.4636
-59.6474
-60.7908
-61.8555
-62.7947
-63.551
-64.0527
-64.215
-63.9438
-63.1481
-61.7581
-59.7468
-57.1444
-54.0373
-50.5532
-46.8381
-43.0307
-39.2482
-35.577
-32.0756
-28.7771
-25.697
-22.838
-20.1947
-17.7562
-15.509
-13.4388
-11.5301
-9.76887
-8.14163
-6.63639
-5.24353
-3.95537
-2.76686
-1.67565
-0.682456
0.209392
0.994248
1.66499
2.2145
2.63698
2.92954
3.09306
3.13215
3.054
2.86644
2.57582
2.18707
1.70594
1.14451
0.529878
-0.0913569
-0.660677
-1.12506
-1.45245
-1.63647
-1.69105
-1.64084
-1.51313
-1.3331
-1.12198
-0.896636
-0.670166
-0.452308
-0.250397
-0.0697455
0.0859126
0.214287
0.314388
0.386279
0.430592
0.447688
0.436799
0.39613
0.324551
0.225654
0.111024
-0.0015184
-0.09459
-0.157268
-0.186877
-0.187351
-0.166477
-0.133538
-0.0978414
-0.0677264
-0.0496274
-0.0472948
-0.0607853
-0.085783
-0.114504
-0.139012
-0.154391
-0.159763
-0.157694
-0.15227
-0.147595
-0.146226
-0.148866
-0.154309
-0.160424
-0.165899
-0.170497
-0.175438
-0.181951
-0.190846
-0.20224
-0.215084
-0.228984
-0.243649
-0.25874
-0.274187
-0.288865
-0.301688
-0.312699
-0.321119
-0.326661
-0.329527
-0.329323
-0.327247
-0.322735
-0.316949
-0.31024
-0.302049
-0.294126
-0.285113
-0.27576
-0.266984
-0.256423
-0.2477
-0.237247
-0.22762
-0.218441
-0.208093
-0.199618
-0.189939
-0.180855
-0.172813
-0.163115
-0.156021
-0.146998
-0.139385
-0.132093
-0.123553
-0.117816
-0.109044
-0.103864
-0.0954752
-0.0907962
-0.0828539
-0.0783245
-0.0707849
-0.066326
-0.0591254
-0.0552652
-0.0484725
-0.045515
-0.0396394
-0.0363744
-0.0318363
-0.0273854
-0.0248748
-0.0216603
-0.0175486
-0.0150389
-0.0114876
-0.0077551
-0.00728103
-0.00443556
-0.00144975
-49.1056
-48.96
-48.8418
-48.7262
-48.604
-48.4766
-48.3454
-48.2132
-48.0852
-47.9678
-47.8686
-47.7955
-47.7568
-47.7606
-47.8146
-47.9264
-48.1029
-48.3506
-48.6758
-49.0841
-49.5805
-50.169
-50.8518
-51.63
-52.5018
-53.463
-54.5061
-55.6196
-56.7894
-57.9969
-59.22
-60.4328
-61.6046
-62.7001
-63.6759
-64.4788
-65.0426
-65.2865
-65.1168
-64.4356
-63.158
-61.2366
-58.6811
-55.5651
-52.0151
-48.1864
-44.2337
-40.2913
-36.461
-32.811
-29.3807
-26.1882
-23.2357
-20.5163
-18.0172
-15.7226
-13.6154
-11.6783
-9.89479
-8.24979
-6.72984
-5.32372
-4.02285
-2.82135
-1.7167
-0.709762
0.195311
0.991633
1.6705
2.22321
2.64312
2.92717
3.07711
3.09873
3.00057
2.79106
2.47517
2.05348
1.5267
0.90436
0.216074
-0.479854
-1.10748
-1.60105
-1.92576
-2.08051
-2.08802
-1.98168
-1.79552
-1.5592
-1.29635
-1.02501
-0.758455
-0.506425
-0.275861
-0.0717295
0.102586
0.245262
0.355821
0.434994
0.484128
0.503948
0.493285
0.448894
0.367674
0.252402
0.117168
-0.0150791
-0.122096
-0.190648
-0.218472
-0.211474
-0.179829
-0.135045
-0.0883603
-0.0497431
-0.0269142
-0.0244194
-0.0422682
-0.0747272
-0.111281
-0.141441
-0.158989
-0.163352
-0.158341
-0.149589
-0.142505
-0.140183
-0.143413
-0.150155
-0.157395
-0.163209
-0.167393
-0.171837
-0.178125
-0.187554
-0.199999
-0.214074
-0.229384
-0.245373
-0.262088
-0.279406
-0.295791
-0.310066
-0.322028
-0.331423
-0.337078
-0.339985
-0.339634
-0.33669
-0.332072
-0.32523
-0.318077
-0.309529
-0.300511
-0.291752
-0.28129
-0.272201
-0.261615
-0.251507
-0.241848
-0.230848
-0.221838
-0.211387
-0.20173
-0.193047
-0.182494
-0.175134
-0.164862
-0.157475
-0.148769
-0.14045
-0.133365
-0.124691
-0.118497
-0.110089
-0.104283
-0.0964452
-0.0909035
-0.0835746
-0.0780589
-0.0713168
-0.0655236
-0.0600307
-0.0541527
-0.0494073
-0.0452995
-0.0387312
-0.0367114
-0.0303281
-0.0280919
-0.024745
-0.0206205
-0.0173227
-0.0142919
-0.0106505
-0.00821767
-0.00760937
-0.00444202
-0.00183415
-49.2067
-49.0543
-48.9328
-48.8162
-48.6942
-48.5688
-48.442
-48.3171
-48.1994
-48.0952
-48.012
-47.9579
-47.9408
-47.9686
-48.0487
-48.1883
-48.394
-48.6724
-49.0292
-49.4703
-50.0004
-50.6235
-51.3423
-52.1569
-53.0659
-54.0647
-55.145
-56.2954
-57.5005
-58.7416
-59.9962
-61.2381
-62.4378
-63.5609
-64.5672
-65.4082
-66.0228
-66.3357
-66.2552
-65.6805
-64.5152
-62.6923
-60.1995
-57.0931
-53.494
-49.5636
-45.4718
-41.3714
-37.3805
-33.5792
-30.0146
-26.7075
-23.6608
-20.8659
-18.3078
-15.9681
-13.8271
-11.865
-10.0632
-8.40473
-6.87423
-5.45913
-4.14956
-2.93897
-1.82456
-0.807518
0.106975
0.910298
1.59211
2.14255
2.55471
2.82622
2.9601
2.96372
2.84714
2.61981
2.28635
1.84243
1.27879
0.59518
-0.180967
-0.975462
-1.6812
-2.20929
-2.52247
-2.63094
-2.57214
-2.39159
-2.1316
-1.82646
-1.50209
-1.1772
-0.864826
-0.574254
-0.311772
-0.0817163
0.113056
0.271224
0.392982
0.47994
0.534469
0.557866
0.548545
0.501274
0.409931
0.275661
0.115712
-0.0400218
-0.16291
-0.23699
-0.260918
-0.243377
-0.197637
-0.137836
-0.0774363
-0.0282768
0.000358032
0.0028849
-0.0208247
-0.0631391
-0.109792
-0.146908
-0.166685
-0.16918
-0.159897
-0.146579
-0.136278
-0.13289
-0.137202
-0.145814
-0.154588
-0.160713
-0.164164
-0.167752
-0.173547
-0.183585
-0.197316
-0.212757
-0.229597
-0.246995
-0.26541
-0.285028
-0.303181
-0.319084
-0.332249
-0.342378
-0.348571
-0.351011
-0.350614
-0.346722
-0.341436
-0.33416
-0.325802
-0.31731
-0.307285
-0.298001
-0.287489
-0.276953
-0.267032
-0.255521
-0.245909
-0.23477
-0.224486
-0.215029
-0.203753
-0.195827
-0.184547
-0.176935
-0.166894
-0.158726
-0.150371
-0.141661
-0.13437
-0.12582
-0.119221
-0.111083
-0.104724
-0.0971871
-0.0910797
-0.0837399
-0.0782389
-0.0712269
-0.0655045
-0.060492
-0.0536712
-0.0499373
-0.0436499
-0.0395554
-0.0356643
-0.0305996
-0.0289651
-0.0230222
-0.0203995
-0.0164589
-0.0127824
-0.0106985
-0.0090812
-0.00756784
-0.00456789
-0.00226669
-49.3025
-49.1443
-49.0199
-48.9022
-48.7812
-48.6589
-48.5371
-48.4197
-48.3124
-48.2214
-48.1545
-48.1194
-48.1239
-48.1756
-48.2817
-48.4489
-48.6838
-48.9925
-49.3812
-49.8552
-50.4195
-51.0781
-51.8334
-52.686
-53.6336
-54.6714
-55.791
-56.98
-58.2226
-59.4992
-60.7867
-62.0589
-63.2862
-64.4354
-65.4686
-66.3405
-66.996
-67.3649
-67.3605
-66.8817
-65.8243
-64.1043
-61.6866
-58.6076
-54.9773
-50.9594
-46.7378
-42.483
-38.3319
-34.3781
-30.6777
-27.255
-24.1141
-21.2449
-18.6299
-16.248
-14.0767
-12.0941
-10.2787
-8.61162
-7.07573
-5.65683
-4.34383
-3.12936
-2.01043
-0.989041
-0.0718432
0.730761
1.40732
1.94793
2.34677
2.60279
2.72006
2.70674
2.57383
2.33181
1.98618
1.53095
0.947883
0.218395
-0.647018
-1.566
-2.38502
-2.96729
-3.26506
-3.30799
-3.15872
-2.88141
-2.52881
-2.14015
-1.74312
-1.35627
-0.991908
-0.658144
-0.360289
-0.10179
0.115204
0.289972
0.423501
0.518579
0.579007
0.606954
0.600345
0.55145
0.449676
0.293258
0.103469
-0.0803961
-0.221236
-0.299946
-0.316925
-0.284813
-0.220771
-0.14205
-0.0646254
-0.00247844
0.0332403
0.035596
0.00409463
-0.0512007
-0.110942
-0.156619
-0.178503
-0.177817
-0.162392
-0.14297
-0.128545
-0.124025
-0.130077
-0.141436
-0.152336
-0.158621
-0.160875
-0.163054
-0.168031
-0.178779
-0.193937
-0.211025
-0.22949
-0.248321
-0.268682
-0.290997
-0.311389
-0.328835
-0.34366
-0.354267
-0.360924
-0.362907
-0.361875
-0.357489
-0.350991
-0.343381
-0.334057
-0.324816
-0.314659
-0.303986
-0.293856
-0.282009
-0.271957
-0.260134
-0.249445
-0.238856
-0.227291
-0.218112
-0.206432
-0.197824
-0.187138
-0.178171
-0.169112
-0.159783
-0.15203
-0.142632
-0.135592
-0.126724
-0.120074
-0.111842
-0.105407
-0.0974278
-0.091708
-0.0837346
-0.0785013
-0.0713172
-0.0658097
-0.0598059
-0.0541276
-0.0491222
-0.043285
-0.0399479
-0.0344234
-0.0313642
-0.0275135
-0.0221864
-0.0201024
-0.0149895
-0.0128679
-0.0110957
-0.00901859
-0.00754927
-0.00486098
-0.00244407
-49.3917
-49.2283
-49.1017
-48.9835
-48.8637
-48.7444
-48.6282
-48.519
-48.4221
-48.3447
-48.2941
-48.278
-48.304
-48.3793
-48.5109
-48.7054
-48.9691
-49.3079
-49.7281
-50.2351
-50.8339
-51.5282
-52.3208
-53.2118
-54.1991
-55.2775
-56.4378
-57.6672
-58.9492
-60.2634
-61.5859
-62.8896
-64.1454
-65.3198
-66.3771
-67.2749
-67.9622
-68.3754
-68.4338
-68.0386
-67.0814
-65.4644
-63.1311
-60.0951
-56.4515
-52.3621
-48.0219
-43.6196
-39.3107
-35.2049
-31.3679
-27.83
-24.5956
-21.6538
-18.9848
-16.5644
-14.3675
-12.3692
-10.5458
-8.87601
-7.34087
-5.92451
-4.61464
-3.40318
-2.28744
-1.27076
-0.361559
0.428875
1.08985
1.61368
1.99693
2.23969
2.34507
2.31935
2.17267
1.91666
1.55869
1.09462
0.50386
-0.24879
-1.18364
-2.23572
-3.20766
-3.88127
-4.17193
-4.13194
-3.86438
-3.46292
-2.99525
-2.50605
-2.02365
-1.5657
-1.1427
-0.760861
-0.424016
-0.134508
0.10643
0.298738
0.444377
0.547588
0.614027
0.647305
0.644986
0.596266
0.484087
0.301696
0.0756083
-0.142037
-0.302925
-0.384425
-0.390031
-0.33801
-0.250402
-0.148011
-0.0495155
0.0286651
0.0731072
0.0751183
0.0332493
-0.0391932
-0.115888
-0.172021
-0.195709
-0.189982
-0.165906
-0.138288
-0.118485
-0.11297
-0.12175
-0.137051
-0.150895
-0.157135
-0.157555
-0.157479
-0.161172
-0.17292
-0.189833
-0.208936
-0.229157
-0.24928
-0.272125
-0.297453
-0.320501
-0.339513
-0.356028
-0.367349
-0.373985
-0.375844
-0.373675
-0.368741
-0.361143
-0.352548
-0.342858
-0.33225
-0.322246
-0.310307
-0.299842
-0.287645
-0.276385
-0.265059
-0.2529
-0.242615
-0.230531
-0.220529
-0.209717
-0.199102
-0.190171
-0.179028
-0.17142
-0.160845
-0.153386
-0.143891
-0.136475
-0.127808
-0.120961
-0.112347
-0.106185
-0.0976205
-0.0921588
-0.0838406
-0.0787841
-0.0710833
-0.0660776
-0.0593611
-0.0539271
-0.0486373
-0.0435569
-0.0391003
-0.035045
-0.030716
-0.0256493
-0.0221978
-0.0184901
-0.0142578
-0.013296
-0.0109549
-0.00915366
-0.00756198
-0.00498043
-0.00271776
-49.4731
-49.3054
-49.1771
-49.0594
-48.9415
-48.8258
-48.7153
-48.614
-48.5278
-48.4639
-48.4294
-48.4319
-48.4789
-48.5774
-48.7339
-48.955
-49.2468
-49.6154
-50.0666
-50.6063
-51.2392
-51.9696
-52.7998
-53.7301
-54.758
-55.8778
-57.0803
-58.3515
-59.6745
-61.0277
-62.3867
-63.7239
-65.0087
-66.2088
-67.2882
-68.2077
-68.9205
-69.3684
-69.4767
-69.1516
-68.2839
-66.766
-64.522
-61.542
-57.9025
-53.7589
-49.3136
-44.7726
-40.3108
-36.0553
-32.0833
-28.4311
-25.1049
-22.0932
-19.3736
-16.9193
-14.702
-12.6938
-10.8688
-9.20325
-7.67624
-6.27024
-4.97177
-3.77266
-2.6714
-1.67291
-0.786458
-0.0216295
0.615071
1.12066
1.49421
1.73424
1.83904
1.80909
1.65147
1.37986
1.00497
0.525515
-0.0762624
-0.840742
-1.81925
-2.98737
-4.13593
-4.94631
-5.2536
-5.1203
-4.70532
-4.14834
-3.53941
-2.93003
-2.34819
-1.80917
-1.32042
-0.885483
-0.506088
-0.183011
0.0834711
0.294022
0.451692
0.562524
0.634695
0.673768
0.677208
0.630848
0.508815
0.295982
0.0256161
-0.23275
-0.415707
-0.496797
-0.484831
-0.405835
-0.288057
-0.156233
-0.0317665
0.0661737
0.121461
0.122984
0.0673823
-0.0277988
-0.126575
-0.195347
-0.220095
-0.206555
-0.170403
-0.131918
-0.105195
-0.0989419
-0.111947
-0.133146
-0.150951
-0.156696
-0.154356
-0.150876
-0.152819
-0.165856
-0.184959
-0.206475
-0.228614
-0.249589
-0.275428
-0.304538
-0.33039
-0.351511
-0.369474
-0.381917
-0.388099
-0.38959
-0.386308
-0.38013
-0.371914
-0.361779
-0.351885
-0.340218
-0.329455
-0.317364
-0.305238
-0.293739
-0.280657
-0.269732
-0.256822
-0.245689
-0.234387
-0.222281
-0.213229
-0.200298
-0.192843
-0.180252
-0.173205
-0.162106
-0.154486
-0.145326
-0.136984
-0.129249
-0.121115
-0.113319
-0.106602
-0.0981223
-0.0923312
-0.0842709
-0.0786402
-0.0708919
-0.0662081
-0.0587977
-0.0537548
-0.0492888
-0.0429858
-0.0386215
-0.0351203
-0.0281879
-0.0251032
-0.0215207
-0.0167515
-0.0145484
-0.0131971
-0.0103751
-0.00914168
-0.00758236
-0.00524428
-0.00298092
-49.5451
-49.3742
-49.2454
-49.1281
-49.0118
-48.9
-48.7955
-48.7025
-48.6273
-48.5766
-48.558
-48.5788
-48.6463
-48.7672
-48.9479
-49.1949
-49.5139
-49.9114
-50.3932
-50.9649
-51.6318
-52.398
-53.2658
-54.2355
-55.3043
-56.4662
-57.7113
-59.0256
-60.3907
-61.7847
-63.1819
-64.5536
-65.8688
-67.0947
-68.1961
-69.1349
-69.8678
-70.3418
-70.4888
-70.2207
-69.4305
-68.0043
-65.8505
-62.9359
-59.316
-55.1357
-50.6008
-45.9323
-41.3251
-36.9242
-32.8201
-29.0559
-25.6412
-22.5631
-19.7974
-17.3143
-15.0824
-13.0712
-11.252
-9.59862
-8.08846
-6.7023
-5.42601
-4.2522
-3.18103
-2.21846
-1.37155
-0.643662
-0.0332138
0.462208
0.841195
1.09589
1.21515
1.19114
1.02632
0.73621
0.33828
-0.165556
-0.792774
-1.58015
-2.59066
-3.8485
-5.17078
-6.15466
-6.51219
-6.28518
-5.69573
-4.94917
-4.16954
-3.41785
-2.72127
-2.09059
-1.5288
-1.03573
-0.610182
-0.250975
0.0425688
0.271741
0.44053
0.55743
0.634394
0.679832
0.690824
0.648868
0.516792
0.267118
-0.0574616
-0.364334
-0.570384
-0.645537
-0.607164
-0.49204
-0.335939
-0.167678
-0.0112225
0.110892
0.179587
0.180566
0.10702
-0.018169
-0.145527
-0.229509
-0.254063
-0.22865
-0.175826
-0.122892
-0.0874887
-0.0811997
-0.100423
-0.130145
-0.153235
-0.157876
-0.151364
-0.142634
-0.142271
-0.15707
-0.179129
-0.203705
-0.22751
-0.249196
-0.278536
-0.312726
-0.341384
-0.365048
-0.38442
-0.397714
-0.403514
-0.403897
-0.399774
-0.391997
-0.382885
-0.371779
-0.360595
-0.348923
-0.33628
-0.324705
-0.310804
-0.299422
-0.285473
-0.273766
-0.261113
-0.248474
-0.238142
-0.22418
-0.216449
-0.201549
-0.195508
-0.181193
-0.175072
-0.163296
-0.155379
-0.146904
-0.137337
-0.130613
-0.121628
-0.114272
-0.106825
-0.0989805
-0.0920549
-0.0845752
-0.078479
-0.0705864
-0.0658968
-0.058949
-0.0532274
-0.0491869
-0.0425884
-0.0385325
-0.0336242
-0.0271923
-0.0248327
-0.019244
-0.016365
-0.0146441
-0.0119183
-0.0103718
-0.00969874
-0.0075086
-0.0054848
-0.00317161
-49.6065
-49.4333
-49.304
-49.1881
-49.0747
-48.9669
-48.8683
-48.7836
-48.7191
-48.6814
-48.6783
-48.7168
-48.804
-48.9464
-49.1504
-49.4221
-49.7676
-50.1929
-50.7043
-51.3074
-52.0076
-52.8089
-53.714
-54.7228
-55.8326
-57.0369
-58.3252
-59.6829
-61.0909
-62.5265
-63.9631
-65.3706
-66.7177
-67.9703
-69.0935
-70.0503
-70.7997
-71.2932
-71.4688
-71.2453
-70.5196
-69.1755
-67.1086
-64.2652
-60.6781
-56.4778
-51.87
-47.0876
-42.3447
-37.8052
-33.5737
-29.7017
-26.2025
-23.0626
-20.2563
-17.7505
-15.5111
-13.5043
-11.6992
-10.0674
-8.58425
-7.22946
-5.98919
-4.8577
-3.83667
-2.93032
-2.13808
-1.45179
-0.860185
-0.358136
0.0466686
0.334994
0.483583
0.47556
0.308326
-0.00124698
-0.428172
-0.964689
-1.63094
-2.46314
-3.52067
-4.85524
-6.33159
-7.50434
-7.94486
-7.63197
-6.84557
-5.8749
-4.89292
-3.97509
-3.14741
-2.41414
-1.77208
-1.21595
-0.740739
-0.342974
-0.0209197
0.227098
0.405762
0.526264
0.605019
0.654259
0.672126
0.636367
0.495455
0.20124
-0.190305
-0.555375
-0.783416
-0.842727
-0.764867
-0.601352
-0.396814
-0.183971
0.0115436
0.163403
0.249328
0.250173
0.153142
-0.0121775
-0.176658
-0.278558
-0.300649
-0.257613
-0.182052
-0.109862
-0.0634359
-0.0580335
-0.0866362
-0.128955
-0.158804
-0.161355
-0.148633
-0.132195
-0.129007
-0.146354
-0.172249
-0.201164
-0.225953
-0.247865
-0.281462
-0.322028
-0.353887
-0.379951
-0.40113
-0.414879
-0.42017
-0.419289
-0.413614
-0.404791
-0.393766
-0.382404
-0.369301
-0.357794
-0.34357
-0.331615
-0.316923
-0.304561
-0.29067
-0.277501
-0.265453
-0.251248
-0.241603
-0.226349
-0.219138
-0.203156
-0.197683
-0.18225
-0.176985
-0.164009
-0.157042
-0.147564
-0.138405
-0.131802
-0.121953
-0.115568
-0.107009
-0.0990331
-0.0926047
-0.0837841
-0.0782242
-0.0705928
-0.065042
-0.0593177
-0.0534583
-0.0487534
-0.042283
-0.0375883
-0.0313681
-0.0266825
-0.0233839
-0.0180902
-0.0163542
-0.0136052
-0.0112608
-0.0101678
-0.00968768
-0.00775531
-0.00566627
-0.00317337
-49.6557
-49.481
-49.3524
-49.2385
-49.1281
-49.0249
-48.9326
-48.8562
-48.8018
-48.7769
-48.7886
-48.844
-48.9498
-49.1127
-49.3388
-49.634
-50.0046
-50.4567
-50.9965
-51.6299
-52.3625
-53.1982
-54.1398
-55.1873
-56.3374
-57.5836
-58.9149
-60.316
-61.7673
-63.2449
-64.7213
-66.1658
-67.5454
-68.8257
-69.9711
-70.9452
-71.709
-72.2171
-72.4133
-72.2229
-71.5489
-70.2755
-68.2898
-65.5196
-61.9754
-57.7709
-53.1068
-48.2258
-43.3594
-38.6904
-34.3384
-30.3648
-26.7863
-23.5906
-20.7498
-18.2285
-15.9893
-13.9957
-12.2141
-10.6143
-9.17001
-7.86074
-6.67404
-5.60618
-4.65837
-3.8276
-3.09979
-2.45165
-1.86379
-1.33433
-0.883113
-0.544343
-0.353507
-0.33559
-0.497944
-0.824635
-1.28441
-1.86086
-2.57588
-3.47367
-4.60743
-6.03125
-7.64609
-9.00284
-9.5476
-9.15983
-8.15928
-6.93164
-5.71488
-4.60653
-3.63072
-2.78396
-2.05474
-1.43106
-0.903315
-0.465225
-0.113473
0.154051
0.341941
0.463054
0.537344
0.580319
0.594757
0.562709
0.420209
0.08067
-0.388786
-0.826008
-1.07569
-1.10462
-0.968444
-0.74018
-0.474876
-0.207564
0.0355585
0.223498
0.330986
0.33252
0.205301
-0.013312
-0.225744
-0.348742
-0.364487
-0.295367
-0.188707
-0.0909338
-0.0312167
-0.0282457
-0.0705033
-0.130994
-0.169562
-0.168587
-0.146282
-0.118779
-0.112035
-0.133198
-0.164452
-0.198965
-0.223515
-0.244696
-0.284322
-0.332565
-0.368373
-0.396695
-0.419862
-0.433932
-0.437923
-0.435884
-0.427795
-0.418245
-0.404833
-0.393261
-0.378567
-0.366422
-0.351413
-0.337927
-0.323687
-0.309032
-0.296282
-0.28092
-0.269661
-0.254371
-0.244319
-0.229307
-0.220848
-0.205414
-0.199292
-0.183349
-0.179082
-0.164215
-0.15918
-0.147955
-0.139724
-0.133183
-0.122075
-0.11673
-0.107052
-0.0986026
-0.0931826
-0.0825067
-0.0783207
-0.0706934
-0.064592
-0.059541
-0.0534431
-0.0474795
-0.0419259
-0.0362655
-0.0297339
-0.0262223
-0.0217978
-0.0170148
-0.0152845
-0.0129388
-0.0109653
-0.0102829
-0.010201
-0.00761805
-0.00554768
-0.00324412
-49.692
-49.5173
-49.3897
-49.2779
-49.1711
-49.0728
-48.9867
-48.9181
-48.8738
-48.8609
-48.8866
-48.958
-49.0817
-49.2639
-49.5106
-49.8281
-50.2223
-50.6997
-51.2666
-51.929
-52.6925
-53.5615
-54.5385
-55.6234
-56.813
-58.1002
-59.4738
-60.9178
-62.4119
-63.9313
-65.4478
-66.9295
-68.3425
-69.6513
-70.8196
-71.8109
-72.5873
-73.1065
-73.317
-73.1505
-72.5161
-71.3014
-69.3883
-66.69
-63.1956
-59.0002
-54.2967
-49.3336
-44.3577
-39.5704
-35.1071
-31.0395
-27.3892
-24.1448
-21.277
-18.748
-16.5176
-14.5467
-12.7993
-11.2434
-9.85204
-8.60547
-7.4935
-6.51378
-5.66262
-4.92346
-4.26293
-3.64276
-3.04006
-2.46267
-1.94671
-1.54269
-1.29746
-1.24308
-1.39123
-1.72859
-2.22102
-2.84354
-3.61625
-4.59541
-5.83615
-7.37956
-9.13519
-10.6625
-11.3166
-10.8622
-9.63463
-8.12063
-6.63818
-5.31486
-4.17464
-3.20404
-2.38143
-1.68666
-1.1046
-0.625176
-0.243257
0.0435844
0.239257
0.35802
0.422099
0.446243
0.43752
0.394865
0.256872
-0.12456
-0.67184
-1.19512
-1.46761
-1.44906
-1.23066
-0.916725
-0.575829
-0.242775
0.0575561
0.289062
0.423531
0.427446
0.261911
-0.0270114
-0.300512
-0.447643
-0.450997
-0.344451
-0.195641
-0.0637702
0.0121841
0.0108076
-0.0518927
-0.138315
-0.18755
-0.18102
-0.144039
-0.100887
-0.0901391
-0.116495
-0.15587
-0.197645
-0.220358
-0.239012
-0.287226
-0.345172
-0.385344
-0.415693
-0.440549
-0.454927
-0.45674
-0.453442
-0.442618
-0.432044
-0.416702
-0.404098
-0.388533
-0.374585
-0.359859
-0.343893
-0.330651
-0.313429
-0.301703
-0.284522
-0.273499
-0.257695
-0.246631
-0.232525
-0.221874
-0.208341
-0.199897
-0.185207
-0.180613
-0.164514
-0.161636
-0.147893
-0.141405
-0.134249
-0.121767
-0.118172
-0.106383
-0.0982311
-0.0935368
-0.0813152
-0.0783445
-0.071217
-0.0635551
-0.0597438
-0.0539844
-0.0454965
-0.0414343
-0.0351285
-0.0284638
-0.0253631
-0.0206197
-0.0155639
-0.013569
-0.0126018
-0.0105311
-0.00996156
-0.0102472
-0.00749256
-0.00581379
-0.00356513
-49.7136
-49.5399
-49.4147
-49.3057
-49.2018
-49.108
-49.028
-48.9674
-48.9331
-48.9318
-48.9709
-49.0572
-49.1973
-49.3974
-49.6635
-50.0017
-50.418
-50.9192
-51.5115
-52.2013
-52.9942
-53.8949
-54.9057
-56.0267
-57.2542
-58.581
-59.9954
-61.4811
-63.0169
-64.5774
-66.1336
-67.6524
-69.0987
-70.4362
-71.628
-72.6368
-73.4253
-73.9533
-74.173
-74.0223
-73.4168
-72.2488
-70.3983
-67.7676
-64.3269
-60.1519
-55.4249
-50.3967
-45.3272
-40.4352
-35.8721
-31.7201
-28.0065
-24.7218
-21.8356
-19.3079
-17.0959
-15.158
-13.4568
-11.9583
-10.6359
-9.47218
-8.45944
-7.5937
-6.86067
-6.22373
-5.62794
-5.02209
-4.38562
-3.7416
-3.14403
-2.66005
-2.34779
-2.24532
-2.36843
-2.70724
-3.22816
-3.90044
-4.74003
-5.81414
-7.18825
-8.88751
-10.8038
-12.4911
-13.2464
-12.7266
-11.2621
-9.43712
-7.66152
-6.10087
-4.78135
-3.67796
-2.75692
-1.98898
-1.35182
-0.830988
-0.419781
-0.116831
0.0821214
0.195764
0.249725
0.254121
0.210548
0.128717
-0.0229081
-0.470277
-1.08559
-1.69852
-1.98529
-1.89529
-1.56477
-1.14001
-0.706695
-0.295604
0.0718081
0.355727
0.525424
0.536271
0.320847
-0.0630463
-0.415034
-0.588391
-0.568552
-0.408277
-0.201989
-0.0251707
0.0699023
0.0618184
-0.0308695
-0.154225
-0.217024
-0.201221
-0.141754
-0.0766123
-0.0617919
-0.095493
-0.147616
-0.198092
-0.21562
-0.2301
-0.290105
-0.36069
-0.405114
-0.437207
-0.46365
-0.477621
-0.477313
-0.471448
-0.458737
-0.445723
-0.429392
-0.41469
-0.398843
-0.383077
-0.367966
-0.350338
-0.336985
-0.318159
-0.306939
-0.287895
-0.277584
-0.260663
-0.248876
-0.235926
-0.222173
-0.211823
-0.199597
-0.187627
-0.181396
-0.165383
-0.16358
-0.148088
-0.143062
-0.134643
-0.121921
-0.118769
-0.10578
-0.0983937
-0.0931735
-0.0811801
-0.0781245
-0.0711174
-0.0626949
-0.059909
-0.0527381
-0.0441276
-0.041999
-0.0340911
-0.0275464
-0.0240398
-0.0179656
-0.0130495
-0.013175
-0.012206
-0.00953709
-0.0106335
-0.0103947
-0.00722852
-0.00622275
-0.00360743
-49.7193
-49.5476
-49.4244
-49.3182
-49.219
-49.1305
-49.057
-49.004
-48.9786
-48.9881
-49.0396
-49.1397
-49.295
-49.5116
-49.7954
-50.1525
-50.5893
-51.1123
-51.7283
-52.4436
-53.2641
-54.1944
-55.2371
-56.392
-57.6555
-59.0199
-60.4731
-61.9986
-63.5744
-65.1745
-66.769
-68.3239
-69.8034
-71.1698
-72.385
-73.4115
-74.2119
-74.7473
-74.9729
-74.8315
-74.2456
-73.1127
-71.3142
-68.7446
-65.3583
-61.2122
-56.4763
-51.4005
-46.2548
-41.2738
-36.624
-32.399
-28.6326
-25.3174
-22.4224
-19.9059
-17.7228
-15.8297
-14.1871
-12.7611
-11.5262
-10.4682
-9.5808
-8.85409
-8.25718
-7.72851
-7.19105
-6.58496
-5.89641
-5.16848
-4.47199
-3.89249
-3.49917
-3.33608
-3.4225
-3.75226
-4.29464
-5.01689
-5.93172
-7.11409
-8.644
-10.5331
-12.6374
-14.4832
-15.3253
-14.7336
-13.0235
-10.8693
-8.7782
-6.9623
-5.45132
-4.20828
-3.18609
-2.34443
-1.65266
-1.09203
-0.655851
-0.34372
-0.1467
-0.0372925
0.0143177
0.00883648
-0.0673445
-0.224179
-0.427922
-1.04189
-1.72204
-2.41129
-2.67506
-2.46964
-1.98561
-1.41938
-0.875342
-0.373624
0.070852
0.414281
0.622957
0.645413
0.368783
-0.137987
-0.589704
-0.790353
-0.730527
-0.493502
-0.207932
0.0279143
0.145235
0.127254
-0.00939941
-0.183208
-0.262913
-0.232292
-0.138861
-0.0436532
-0.0247281
-0.0686651
-0.140304
-0.202201
-0.208421
-0.21628
-0.292586
-0.380266
-0.42881
-0.461201
-0.489853
-0.501834
-0.500166
-0.489656
-0.476267
-0.459148
-0.442865
-0.425548
-0.409351
-0.391913
-0.375462
-0.357432
-0.342447
-0.323657
-0.311249
-0.291801
-0.281332
-0.263199
-0.251943
-0.237753
-0.223866
-0.214203
-0.199261
-0.191238
-0.179999
-0.168448
-0.163882
-0.148199
-0.145679
-0.133089
-0.123596
-0.119122
-0.104255
-0.0999608
-0.092008
-0.0801765
-0.0785252
-0.069954
-0.0613684
-0.0606637
-0.0511255
-0.0440812
-0.043229
-0.032607
-0.0255479
-0.0219956
-0.015432
-0.011409
-0.0125255
-0.0106504
-0.00908793
-0.0110111
-0.0101162
-0.00767035
-0.00674096
-0.00352329
-49.7081
-49.5392
-49.4198
-49.3183
-49.2229
-49.1388
-49.0713
-49.0257
-49.0089
-49.0282
-49.091
-49.2038
-49.3729
-49.6044
-49.9042
-50.2785
-50.7338
-51.2767
-51.9142
-52.6529
-53.4987
-54.4564
-55.5285
-56.7148
-58.0116
-59.411
-60.9006
-62.4632
-64.0768
-65.7144
-67.3453
-68.9349
-70.4462
-71.8406
-73.0789
-74.1231
-74.9354
-75.4773
-75.7063
-75.5695
-74.9951
-73.8869
-72.1295
-69.613
-66.2794
-62.1685
-57.4366
-52.3301
-47.1263
-42.0734
-37.3522
-33.0679
-29.2608
-25.9263
-23.0334
-20.5389
-18.396
-16.5599
-14.9898
-13.6526
-12.5258
-11.5979
-10.862
-10.2974
-9.8504
-9.43171
-8.9446
-8.32404
-7.56504
-6.73632
-5.92249
-5.23037
-4.74102
-4.50411
-4.54192
-4.85176
-5.4068
-6.17602
-7.17159
-8.47492
-10.1796
-12.2875
-14.6073
-16.6162
-17.5299
-16.8544
-14.8919
-12.3971
-9.97605
-7.89271
-6.18234
-4.7963
-3.67309
-2.75938
-2.01554
-1.42044
-0.96864
-0.656251
-0.463605
-0.350458
-0.286576
-0.294334
-0.403981
-0.574876
-0.976745
-1.60786
-2.68074
-3.43905
-3.6049
-3.20785
-2.51137
-1.76652
-1.09116
-0.48659
0.0409677
0.442292
0.685659
0.726043
0.382538
-0.273251
-0.846478
-1.07317
-0.951603
-0.60841
-0.214106
0.0986453
0.243093
0.21241
0.0109089
-0.233276
-0.334161
-0.278759
-0.133715
0.00129757
0.0243928
-0.0353979
-0.136639
-0.211368
-0.19729
-0.195961
-0.29578
-0.405543
-0.457498
-0.487916
-0.519122
-0.527448
-0.524749
-0.50792
-0.495098
-0.472565
-0.457574
-0.436255
-0.420006
-0.400941
-0.382374
-0.365598
-0.346385
-0.330625
-0.314091
-0.29637
-0.284976
-0.264791
-0.256378
-0.237786
-0.227037
-0.215443
-0.199284
-0.194926
-0.177735
-0.172413
-0.162591
-0.149153
-0.147599
-0.130892
-0.126413
-0.117881
-0.103673
-0.101783
-0.0889954
-0.0806021
-0.0785512
-0.0669571
-0.0620378
-0.060898
-0.0496154
-0.0465086
-0.0430295
-0.0288385
-0.023435
-0.02013
-0.0117719
-0.0099195
-0.0123408
-0.00897261
-0.00923785
-0.0117119
-0.00976254
-0.00785456
-0.00687061
-0.00344814
-49.6792
-49.5154
-49.4005
-49.3022
-49.2112
-49.1324
-49.0703
-49.0313
-49.0224
-49.0509
-49.1239
-49.248
-49.4294
-49.6741
-49.9882
-50.3777
-50.8495
-51.4102
-52.0669
-52.8266
-53.6952
-54.6775
-55.7762
-56.9909
-58.3179
-59.7491
-61.2719
-62.8685
-64.5164
-66.1884
-67.853
-69.475
-71.0163
-72.4375
-73.6986
-74.76
-75.5836
-76.1313
-76.362
-76.226
-75.6567
-74.5642
-72.8373
-70.3651
-67.0803
-63.0081
-58.2914
-53.1707
-47.9273
-42.8211
-38.0458
-33.7175
-29.8834
-26.542
-23.663
-21.2022
-19.1116
-17.3453
-15.8625
-14.632
-13.6348
-12.8618
-12.3021
-11.9193
-11.6317
-11.3224
-10.877
-10.2279
-9.39328
-8.43308
-7.48181
-6.65901
-6.05805
-5.73402
-5.71117
-5.9901
-6.54828
-7.35865
-8.43651
-9.87015
-11.7647
-14.1128
-16.6709
-18.8497
-19.8216
-19.0487
-16.8299
-13.9924
-11.2367
-8.88119
-6.96948
-5.44171
-4.22104
-3.2395
-2.44997
-1.83118
-1.37728
-1.07393
-0.883356
-0.753256
-0.663212
-0.669478
-0.835596
-1.16747
-1.79893
-2.81909
-4.09374
-4.88252
-4.84859
-4.15037
-3.16105
-2.1929
-1.36298
-0.645609
-0.0358877
0.410604
0.680168
0.744945
0.328898
-0.512826
-1.23184
-1.46887
-1.25141
-0.764123
-0.222248
0.187161
0.362847
0.314531
0.0212909
-0.317899
-0.445614
-0.349464
-0.125091
0.0628
0.090311
0.00774623
-0.140249
-0.229028
-0.181173
-0.165447
-0.300276
-0.4395
-0.492065
-0.517655
-0.550666
-0.555695
-0.550943
-0.527346
-0.514914
-0.486179
-0.472913
-0.446352
-0.431527
-0.409489
-0.389602
-0.37355
-0.349775
-0.338408
-0.315338
-0.302517
-0.286728
-0.267426
-0.260428
-0.236738
-0.232371
-0.213709
-0.201783
-0.196958
-0.17462
-0.178018
-0.158297
-0.151774
-0.149158
-0.127428
-0.131269
-0.115306
-0.103045
-0.104595
-0.0846161
-0.081332
-0.0786275
-0.0632073
-0.0637834
-0.0616444
-0.0480021
-0.0479965
-0.0416553
-0.0251754
-0.0224198
-0.0185491
-0.00800406
-0.00832748
-0.0110257
-0.0076728
-0.00950979
-0.0115553
-0.0100668
-0.00862679
-0.00719324
-0.00360765
-49.633
-49.4739
-49.3624
-49.2689
-49.1832
-49.1092
-49.0525
-49.0196
-49.0181
-49.055
-49.137
-49.271
-49.4632
-49.7194
-50.0458
-50.4487
-50.9346
-51.5107
-52.1843
-52.9622
-53.8508
-54.8546
-55.9767
-57.2165
-58.5701
-60.0293
-61.5811
-63.2077
-64.8864
-66.5892
-68.2842
-69.9353
-71.5039
-72.9496
-74.2316
-75.3096
-76.1442
-76.6971
-76.9281
-76.7899
-76.2205
-75.1358
-73.4296
-70.9925
-67.7513
-63.7196
-59.0274
-53.9078
-48.644
-43.504
-38.6933
-34.3377
-30.4915
-27.1568
-24.3043
-21.8896
-19.864
-18.181
-16.801
-15.6957
-14.8498
-14.2555
-13.894
-13.7081
-13.5862
-13.3838
-12.9699
-12.2747
-11.3378
-10.238
-9.13038
-8.15902
-7.43094
-7.00652
-6.91142
-7.14851
-7.69968
-8.54315
-9.70036
-11.268
-13.3612
-15.9622
-18.7724
-21.1279
-22.1442
-21.2626
-18.7901
-15.6179
-12.5349
-9.91197
-7.80425
-6.14184
-4.83097
-3.78987
-2.96634
-2.34007
-1.90056
-1.61403
-1.42036
-1.2606
-1.13338
-1.13153
-1.37236
-1.91521
-2.90077
-4.38949
-5.98433
-6.78336
-6.44794
-5.32539
-3.95123
-2.7056
-1.69291
-0.856754
-0.177892
0.281392
0.550909
0.625116
0.10293
-0.987501
-1.86624
-2.05411
-1.67142
-0.982089
-0.243579
0.282263
0.4977
0.430164
0.011581
-0.454024
-0.614054
-0.451427
-0.110137
0.146148
0.176232
0.0596192
-0.15989
-0.259152
-0.157192
-0.120215
-0.306019
-0.484257
-0.532831
-0.551061
-0.583783
-0.588186
-0.577548
-0.549409
-0.534211
-0.500728
-0.488613
-0.456384
-0.444461
-0.416229
-0.398501
-0.379801
-0.354106
-0.345801
-0.315689
-0.310121
-0.286268
-0.272018
-0.262723
-0.236343
-0.237665
-0.210623
-0.20593
-0.196333
-0.173416
-0.18192
-0.153687
-0.156012
-0.147705
-0.12658
-0.135375
-0.111372
-0.105735
-0.105082
-0.0799152
-0.0843678
-0.0755278
-0.0601566
-0.0680143
-0.0595378
-0.0469421
-0.0510732
-0.0384019
-0.0221915
-0.0231273
-0.0143592
-0.00231341
-0.00798391
-0.00986999
-0.00565704
-0.00974379
-0.0120524
-0.0103874
-0.00885625
-0.0076106
-0.00421382
-49.5653
-49.4131
-49.308
-49.2195
-49.1378
-49.0684
-49.0173
-48.9903
-48.995
-49.0389
-49.129
-49.2717
-49.473
-49.739
-50.0758
-50.4897
-50.9876
-51.5767
-52.2644
-53.0578
-53.963
-54.9851
-56.1268
-57.3877
-58.7638
-60.2467
-61.8234
-63.4756
-65.1803
-66.9095
-68.6305
-70.3068
-71.8995
-73.367
-74.6677
-75.7603
-76.6046
-77.1617
-77.3918
-77.249
-76.6752
-75.5913
-73.8972
-71.4862
-68.2829
-64.2919
-59.6319
-54.528
-49.2623
-44.1087
-39.282
-34.9174
-31.0754
-27.7621
-24.9496
-22.5938
-20.646
-19.0601
-17.7987
-16.8369
-16.1631
-15.7688
-15.6239
-15.6459
-15.692
-15.5918
-15.1997
-14.437
-13.3872
-12.127
-10.8441
-9.70686
-8.83687
-8.29961
-8.12121
-8.30563
-8.83909
-9.70556
-10.9344
-12.6329
-14.9243
-17.7788
-20.843
-23.3768
-24.4248
-23.4299
-20.7147
-17.2287
-13.8382
-10.964
-8.67442
-6.89064
-5.50174
-4.41481
-3.57524
-2.96324
-2.55608
-2.29286
-2.09033
-1.8916
-1.71981
-1.71187
-2.03569
-2.82677
-4.25518
-6.29845
-8.29042
-9.09172
-8.38209
-6.73187
-4.886
-3.30674
-2.08664
-1.13419
-0.406798
0.0327111
0.262745
0.276981
-0.45739
-1.88274
-2.92767
-2.95711
-2.28787
-1.30051
-0.294949
0.372888
0.636679
0.547081
-0.0323199
-0.666724
-0.868398
-0.599158
-0.0896068
0.252464
0.286065
0.119454
-0.209244
-0.310519
-0.12025
-0.0539845
-0.316683
-0.546655
-0.58232
-0.586968
-0.617428
-0.625233
-0.603177
-0.574477
-0.551538
-0.518495
-0.503224
-0.467236
-0.457202
-0.421643
-0.409629
-0.382872
-0.361622
-0.349937
-0.317836
-0.317206
-0.284062
-0.279779
-0.260584
-0.23972
-0.240249
-0.207065
-0.212422
-0.190866
-0.176234
-0.183314
-0.148493
-0.163186
-0.142969
-0.128262
-0.140043
-0.105755
-0.110518
-0.104488
-0.0740257
-0.0882455
-0.0716102
-0.0573506
-0.072166
-0.0564314
-0.0458435
-0.0547816
-0.0362992
-0.0195187
-0.0221893
-0.0092088
0.00227736
-0.00664761
-0.00800456
-0.00505297
-0.00956096
-0.0125181
-0.0119058
-0.00919009
-0.00814314
-0.00484665
-49.4786
-49.3337
-49.2346
-49.1513
-49.0747
-49.0102
-48.9634
-48.9417
-48.9522
-49.0024
-49.0991
-49.2489
-49.4578
-49.7318
-50.077
-50.4999
-51.0074
-51.6069
-52.3059
-53.1114
-54.0299
-55.0665
-56.2239
-57.5016
-58.8957
-60.3975
-61.9939
-63.6666
-65.3924
-67.1427
-68.8848
-70.5817
-72.1939
-73.6796
-74.9958
-76.1007
-76.9529
-77.5129
-77.7405
-77.5911
-77.009
-75.9201
-74.2302
-71.8371
-68.6655
-64.7144
-60.0929
-55.0177
-49.7683
-44.6216
-39.7996
-35.4449
-31.6244
-28.3479
-25.5895
-23.3059
-21.4489
-19.9738
-18.8461
-18.0452
-17.5622
-17.3861
-17.4712
-17.7073
-17.9204
-17.915
-17.5364
-16.7332
-15.5118
-14.0694
-12.5941
-11.2757
-10.2507
-9.5893
-9.31725
-9.43863
-9.94302
-10.8204
-12.1084
-13.9266
-16.4053
-19.5001
-22.8036
-25.4974
-26.576
-25.4731
-22.5387
-18.7738
-15.1095
-12.012
-9.56414
-7.67823
-6.22965
-5.11716
-4.28622
-3.71544
-3.36155
-3.12816
-2.91148
-2.66636
-2.45157
-2.43696
-2.84501
-3.89224
-5.7952
-8.427
-10.8417
-11.659
-10.553
-8.32134
-5.94617
-3.99486
-2.56199
-1.50268
-0.72612
-0.282423
-0.106367
-0.291586
-1.41206
-3.32853
-4.46663
-4.24957
-3.16966
-1.76648
-0.426885
0.383123
0.685116
0.56308
-0.210036
-1.0506
-1.28431
-0.830417
-0.0639982
0.391612
0.428846
0.188451
-0.299608
-0.391625
-0.0674009
0.0343239
-0.335616
-0.631343
-0.64446
-0.623005
-0.653046
-0.666331
-0.629328
-0.603028
-0.566275
-0.540063
-0.513411
-0.481062
-0.467706
-0.427618
-0.421554
-0.382869
-0.373007
-0.349434
-0.323844
-0.321573
-0.282137
-0.288893
-0.254783
-0.246901
-0.238493
-0.205797
-0.217857
-0.183621
-0.182196
-0.180434
-0.146835
-0.169105
-0.137152
-0.134267
-0.14034
-0.102775
-0.116322
-0.0984495
-0.0723334
-0.0914087
-0.0629998
-0.0587984
-0.0749496
-0.0505215
-0.0505701
-0.0590112
-0.0307047
-0.0192503
-0.0224156
-1.71041e-06
0.00796309
-0.00688212
-0.00467897
-0.00288605
-0.0107618
-0.0143349
-0.0124161
-0.00912162
-0.00972357
-0.00614609
-49.3728
-49.2365
-49.1428
-49.0643
-48.9927
-48.9328
-48.8909
-48.8739
-48.8893
-48.9446
-49.0468
-49.2024
-49.4171
-49.6972
-50.0489
-50.4784
-50.9931
-51.6002
-52.3073
-53.1218
-54.05
-55.0971
-56.2658
-57.5558
-58.9627
-60.478
-62.0888
-63.7763
-65.5173
-67.283
-69.0404
-70.7524
-72.3791
-73.8781
-75.2061
-76.3198
-77.1773
-77.7379
-77.9612
-77.8029
-77.2093
-76.1106
-74.418
-72.0353
-68.8895
-64.9768
-60.3991
-55.3651
-50.1494
-45.0302
-40.2338
-35.9087
-32.1276
-28.9036
-26.2135
-24.0152
-22.2618
-20.9109
-19.9312
-19.3064
-19.03
-19.0856
-19.4092
-19.8607
-20.2354
-20.3147
-19.9324
-19.0328
-17.6667
-16.0299
-14.3484
-12.8365
-11.6454
-10.8506
-10.4757
-10.524
-10.9876
-11.8617
-13.1918
-15.1098
-17.7532
-21.0616
-24.5753
-27.4057
-28.5059
-27.3095
-24.1924
-20.1973
-16.3067
-13.0266
-10.4526
-8.49097
-7.00741
-5.89714
-5.10569
-4.60914
-4.33292
-4.14007
-3.90614
-3.60537
-3.34524
-3.3233
-3.80445
-5.07793
-7.41686
-10.5941
-13.4031
-14.2543
-12.79
-9.99218
-7.08083
-4.75762
-3.12308
-1.95536
-1.09114
-0.577192
-0.450363
-0.990949
-2.69301
-5.0788
-6.35931
-5.85682
-4.31188
-2.4261
-0.741224
0.187442
0.513199
0.343367
-0.663611
-1.7598
-2.00407
-1.22088
-0.0520091
0.558812
0.595775
0.23984
-0.479119
-0.537959
0.0173467
0.160414
-0.364832
-0.749126
-0.721871
-0.654474
-0.69418
-0.71084
-0.660258
-0.632355
-0.57933
-0.563475
-0.519654
-0.499466
-0.472827
-0.436755
-0.430205
-0.383162
-0.38567
-0.345051
-0.334898
-0.320323
-0.284394
-0.295924
-0.24763
-0.257788
-0.23059
-0.20957
-0.219764
-0.17574
-0.19194
-0.172028
-0.14973
-0.174093
-0.128857
-0.144626
-0.137034
-0.099534
-0.124358
-0.0897573
-0.071131
-0.0949653
-0.0529698
-0.0610899
-0.0786005
-0.0453654
-0.0546542
-0.0632195
-0.0254141
-0.0167488
-0.0209226
0.00816734
0.0126285
-0.00532484
-0.00326743
-0.00256311
-0.00898795
-0.016306
-0.0145215
-0.00833017
-0.0115918
-0.00802224
-49.2451
-49.1189
-49.0331
-48.9602
-48.893
-48.8373
-48.7994
-48.7861
-48.8056
-48.8652
-48.9716
-49.1314
-49.3505
-49.6349
-49.9908
-50.4249
-50.9441
-51.556
-52.2682
-53.0881
-54.0222
-55.0756
-56.251
-57.5481
-58.9625
-60.4858
-62.1049
-63.801
-65.5506
-67.3252
-69.0916
-70.8126
-72.4479
-73.9547
-75.2893
-76.4077
-77.2669
-77.8255
-78.042
-77.8721
-77.2638
-76.1506
-74.4494
-72.0704
-68.9451
-65.0695
-60.5403
-55.5587
-50.3939
-45.3221
-40.572
-36.2967
-32.5729
-29.4178
-26.8102
-24.7102
-23.0725
-21.8578
-21.0386
-20.6025
-20.5446
-20.8406
-21.4052
-22.0682
-22.5952
-22.7458
-22.3457
-21.3416
-19.8132
-17.9707
-16.0732
-14.3591
-12.9942
-12.0583
-11.573
-11.5389
-11.9496
-12.8042
-14.1555
-16.1451
-18.918
-22.3988
-26.0797
-29.0136
-30.1272
-28.8583
-25.6059
-21.4424
-17.3866
-13.9749
-11.3152
-9.31084
-7.82453
-6.74941
-6.03615
-5.65273
-5.48606
-5.3512
-5.0996
-4.73227
-4.40873
-4.36699
-4.89241
-6.32673
-8.98915
-12.584
-15.7129
-16.6199
-14.8792
-11.5993
-8.21177
-5.56504
-3.74896
-2.46671
-1.48658
-0.879952
-0.854573
-1.74727
-4.08118
-6.91578
-8.31808
-7.58447
-5.66571
-3.3435
-1.30989
-0.214438
0.139095
-0.118298
-1.35172
-2.74379
-3.07501
-1.87295
-0.170662
0.628001
0.663085
0.169512
-0.832021
-0.811116
0.138925
0.340778
-0.407325
-0.921376
-0.81799
-0.674662
-0.739856
-0.757311
-0.700196
-0.657541
-0.595764
-0.587252
-0.525117
-0.520644
-0.471693
-0.451002
-0.432732
-0.386869
-0.396002
-0.339228
-0.349033
-0.313497
-0.29199
-0.298336
-0.242427
-0.269316
-0.21941
-0.217707
-0.217077
-0.170703
-0.201106
-0.161761
-0.156556
-0.174777
-0.123825
-0.154683
-0.130267
-0.102247
-0.128437
-0.0802445
-0.0750937
-0.0926868
-0.0436712
-0.0669147
-0.0752388
-0.0419452
-0.0640956
-0.0641086
-0.02191
-0.0212912
-0.0165838
0.0240324
0.0171666
-0.0044556
0.00203099
-0.00211651
-0.012592
-0.0207534
-0.0136705
-0.00815065
-0.0157944
-0.00950453
-49.0987
-48.9824
-48.9029
-48.8357
-48.7739
-48.7225
-48.6882
-48.6784
-48.7012
-48.7639
-48.8734
-49.036
-49.2577
-49.5446
-49.9028
-50.339
-50.8602
-51.4739
-52.188
-53.0097
-53.9457
-55.001
-56.1783
-57.4772
-58.8934
-60.4187
-62.0396
-63.7375
-65.4891
-67.2655
-69.0339
-70.7567
-72.3938
-73.9023
-75.2377
-76.3555
-77.2121
-77.7646
-77.9708
-77.7863
-77.16
-76.0282
-74.3134
-71.9325
-68.8232
-64.9835
-60.5071
-55.5886
-50.4909
-45.4861
-40.8029
-36.597
-32.9488
-29.8784
-27.3673
-25.3777
-23.8671
-22.799
-22.1501
-21.912
-22.0801
-22.6198
-23.4224
-24.2877
-24.9528
-25.1603
-24.7291
-23.6119
-21.9086
-19.8533
-17.7342
-15.8136
-14.2704
-13.1887
-12.587
-12.462
-12.8074
-13.6253
-14.9729
-16.9996
-19.8558
-23.4526
-27.245
-30.2434
-31.3609
-30.0453
-26.715
-22.456
-18.306
-14.8228
-12.1243
-10.1165
-8.6646
-7.66389
-7.07299
-6.84959
-6.83522
-6.78296
-6.51313
-6.06334
-5.64452
-5.54701
-6.06328
-7.56072
-10.3819
-14.2047
-17.5345
-18.5049
-16.5946
-12.9782
-9.2507
-6.38004
-4.42727
-3.05307
-1.98264
-1.31079
-1.33599
-2.52231
-5.26756
-8.37931
-9.91225
-9.15518
-7.09702
-4.44507
-2.018
-0.68234
-0.304797
-0.710652
-2.17892
-3.89651
-4.38007
-2.78795
-0.537992
0.474772
0.517284
-0.0828768
-1.44104
-1.27617
0.235868
0.534685
-0.494076
-1.16859
-0.928914
-0.679677
-0.782324
-0.805937
-0.748873
-0.676549
-0.620901
-0.606411
-0.534217
-0.540179
-0.469289
-0.469515
-0.429055
-0.396866
-0.399846
-0.33711
-0.361983
-0.303831
-0.304722
-0.293667
-0.24306
-0.277358
-0.207626
-0.229541
-0.208261
-0.170689
-0.207659
-0.14967
-0.167535
-0.170312
-0.121069
-0.166215
-0.120223
-0.108089
-0.132039
-0.0681964
-0.0817245
-0.0892864
-0.0316718
-0.0750267
-0.0723261
-0.0369923
-0.0757797
-0.0681801
-0.0132142
-0.0230404
-0.0146943
0.0379463
0.0215871
-0.00304294
0.00367532
0.00267082
-0.00970867
-0.0291015
-0.0146974
-0.00701176
-0.0216408
-0.0122703
-48.9305
-48.8253
-48.7547
-48.694
-48.6365
-48.5885
-48.5573
-48.5504
-48.5756
-48.6404
-48.7518
-48.916
-49.1388
-49.4264
-49.7849
-50.2209
-50.7415
-51.3543
-52.067
-52.8868
-53.8205
-54.8731
-56.0472
-57.3424
-58.7545
-60.2753
-61.8913
-63.584
-65.33
-67.1008
-68.8633
-70.5805
-72.212
-73.7148
-75.0445
-76.1558
-77.0039
-77.5455
-77.7374
-77.5347
-76.8866
-75.7322
-73.9993
-71.612
-68.5151
-64.7108
-60.2916
-55.4466
-50.4311
-45.512
-40.9158
-36.799
-33.2438
-30.2734
-27.8719
-26.004
-24.63
-23.7168
-23.2452
-23.2108
-23.6078
-24.3888
-25.4208
-26.4735
-27.2596
-27.5077
-27.0344
-25.7951
-23.9107
-21.6393
-19.2983
-17.1714
-15.4495
-14.2198
-13.4977
-13.2745
-13.5427
-14.3056
-15.6224
-17.6468
-20.5315
-24.1781
-28.0165
-31.0333
-32.1422
-30.8106
-27.4667
-23.1924
-19.0268
-15.5371
-12.8504
-10.8833
-9.50679
-8.62286
-8.20443
-8.19697
-8.38626
-8.44935
-8.15947
-7.5966
-7.03995
-6.82915
-7.25909
-8.69636
-11.4859
-15.3175
-18.6965
-19.7097
-17.7421
-13.984
-10.1213
-7.17033
-5.16204
-3.75621
-2.6704
-1.99912
-2.06376
-3.36088
-6.12253
-9.18976
-10.8344
-10.3277
-8.37545
-5.50374
-2.71242
-1.16946
-0.781918
-1.38969
-3.11583
-5.0936
-5.78576
-3.89965
-1.16473
0.0927573
0.129639
-0.693814
-2.36859
-2.03226
0.169299
0.653465
-0.694566
-1.51699
-1.05181
-0.672208
-0.812287
-0.858792
-0.802989
-0.689431
-0.650656
-0.614424
-0.550949
-0.554639
-0.468715
-0.489507
-0.420203
-0.413873
-0.396629
-0.34068
-0.372273
-0.293518
-0.32129
-0.283582
-0.249267
-0.281903
-0.196488
-0.243025
-0.195697
-0.173858
-0.211624
-0.137324
-0.179054
-0.163259
-0.120571
-0.176135
-0.111688
-0.117059
-0.133796
-0.0586276
-0.0870537
-0.0808198
-0.02215
-0.0799003
-0.0667553
-0.0393065
-0.0871117
-0.071284
-0.0132885
-0.027154
-0.00127866
0.0570967
0.0258326
0.00140767
0.00342586
0.00111775
-0.0145028
-0.0337465
-0.00779973
-0.00856327
-0.0290009
-0.0127908
-48.7436
-48.6506
-48.5875
-48.532
-48.4792
-48.4352
-48.4071
-48.4026
-48.4296
-48.4957
-48.6077
-48.7719
-48.9944
-49.2809
-49.6377
-50.0713
-50.5887
-51.1976
-51.9054
-52.7197
-53.6469
-54.6921
-55.8578
-57.1436
-58.5455
-60.0552
-61.6592
-63.3394
-65.0721
-66.8292
-68.5778
-70.281
-71.8988
-73.3881
-74.7041
-75.8014
-76.6347
-77.1597
-77.3322
-77.1067
-76.4328
-75.252
-73.4971
-71.0998
-68.013
-64.2445
-59.8872
-55.1256
-50.2069
-45.3914
-40.9014
-36.8919
-33.4464
-30.5904
-28.3107
-26.5743
-25.3447
-24.5919
-24.3016
-24.4728
-25.0971
-26.1122
-27.3589
-28.5796
-29.4666
-29.739
-29.2118
-27.846
-25.7788
-23.2937
-20.7349
-18.4067
-16.5096
-15.133
-14.2883
-13.9612
-14.1408
-14.8306
-16.0887
-18.0683
-20.9225
-24.5472
-28.3593
-31.3431
-32.4313
-31.1152
-27.8239
-23.6165
-19.5152
-16.0856
-13.4639
-11.5836
-10.3243
-9.60207
-9.40984
-9.67983
-10.1323
-10.3485
-10.0387
-9.32465
-8.56797
-8.16646
-8.41708
-9.66229
-12.2306
-15.8479
-19.104
-20.1157
-18.197
-14.521
-10.765
-7.90058
-5.94413
-4.60073
-3.60073
-3.00295
-3.08343
-4.294
-6.72358
-9.44809
-11.1207
-10.9967
-9.28082
-6.3318
-3.38139
-1.78682
-1.44756
-2.17098
-4.07916
-6.23373
-7.10857
-5.02086
-1.93788
-0.487967
-0.469455
-1.60165
-4.06205
-3.08347
-0.180277
0.57503
-1.14787
-2.01433
-1.21438
-0.651265
-0.834648
-0.934313
-0.856136
-0.694059
-0.676365
-0.616343
-0.574038
-0.556868
-0.473265
-0.502816
-0.4115
-0.43261
-0.386141
-0.351719
-0.374228
-0.287953
-0.336404
-0.270038
-0.262053
-0.278732
-0.190295
-0.254745
-0.17967
-0.182698
-0.209849
-0.127487
-0.191781
-0.152779
-0.124666
-0.184437
-0.102708
-0.128075
-0.133183
-0.0496679
-0.0946986
-0.0683465
-0.0116638
-0.087208
-0.0593221
-0.0404637
-0.105009
-0.0739757
-0.006872
-0.0393735
0.0100221
0.0797614
0.0317283
0.00696437
0.00999258
0.0103487
-0.0300953
-0.0536314
-0.00275871
-0.01184
-0.0394238
-0.0128794
-48.5374
-48.4567
-48.4016
-48.3518
-48.3037
-48.2636
-48.2379
-48.235
-48.263
-48.3295
-48.4413
-48.6045
-48.8251
-49.1089
-49.462
-49.8909
-50.4026
-51.0045
-51.7043
-52.5092
-53.4256
-54.4586
-55.6107
-56.8814
-58.2668
-59.7585
-61.3433
-63.0031
-64.7145
-66.4495
-68.1756
-69.8562
-71.4515
-72.9185
-74.2125
-75.2879
-76.0989
-76.6004
-76.7474
-76.4938
-75.7898
-74.5787
-72.7983
-70.3884
-67.3107
-63.5796
-59.2895
-54.6207
-49.8128
-45.1176
-40.7513
-36.8662
-33.546
-30.8177
-28.6702
-27.0735
-25.9936
-25.4045
-25.2962
-25.6715
-26.5173
-27.7539
-29.1966
-30.5625
-31.5286
-31.809
-31.2185
-29.7242
-27.4771
-24.7848
-22.0176
-19.4975
-17.4328
-15.9131
-14.9462
-14.5109
-14.592
-15.1913
-16.363
-18.2556
-21.0195
-24.5492
-28.2625
-31.1613
-32.2165
-30.9442
-27.7686
-23.7075
-19.7475
-16.441
-13.9365
-12.1881
-11.0864
-10.5697
-10.657
-11.2671
-12.0464
-12.4593
-12.1385
-11.2182
-10.1831
-9.50349
-9.47734
-10.4069
-12.5879
-15.7933
-18.7492
-19.7111
-17.9242
-14.5544
-11.1367
-8.52244
-6.74501
-5.58638
-4.77116
-4.30067
-4.35085
-5.29894
-7.18195
-9.39852
-10.9894
-11.1552
-9.70424
-6.88987
-4.08122
-2.66217
-2.3989
-3.09964
-4.91273
-7.05621
-8.03747
-5.908
-2.74782
-1.32652
-1.32044
-2.65919
-5.28253
-4.17728
-0.798837
-0.0114136
-1.88106
-2.63578
-1.41571
-0.661566
-0.885058
-1.03078
-0.898423
-0.704541
-0.701581
-0.617171
-0.598814
-0.550213
-0.485766
-0.507833
-0.405466
-0.450871
-0.370041
-0.369412
-0.367848
-0.286679
-0.351091
-0.252569
-0.281367
-0.268972
-0.186114
-0.268777
-0.157016
-0.19667
-0.204911
-0.114567
-0.209377
-0.138958
-0.130915
-0.196769
-0.0918841
-0.143207
-0.13138
-0.0350879
-0.103121
-0.0548161
-0.00142409
-0.0936458
-0.0492638
-0.0405586
-0.127512
-0.0825117
-0.00677365
-0.0492942
0.0276615
0.0974577
0.0411165
0.00180734
0.003426
0.033822
-0.0310557
-0.0544809
0.00699302
-0.0225854
-0.0513011
-0.0137597
-48.3131
-48.2451
-48.198
-48.155
-48.1119
-48.0743
-48.0505
-48.049
-48.0773
-48.1432
-48.2535
-48.4143
-48.6316
-48.911
-49.2585
-49.6807
-50.1841
-50.7763
-51.4646
-52.2564
-53.1578
-54.1739
-55.3071
-56.5569
-57.9193
-59.3862
-60.9445
-62.576
-64.2578
-65.9621
-67.6567
-69.3055
-70.869
-72.3045
-73.5674
-74.6121
-75.3925
-75.8628
-75.9773
-75.6896
-74.9501
-73.705
-71.8967
-69.4726
-66.4037
-62.7123
-58.4953
-53.9291
-49.245
-44.6853
-40.4589
-36.7139
-33.5329
-30.9439
-28.9376
-27.4864
-26.5593
-26.1341
-26.2063
-26.7813
-27.8391
-29.281
-30.8968
-32.3827
-33.4061
-33.6791
-33.0186
-31.3961
-28.9755
-26.0869
-23.1245
-20.4261
-18.205
-16.5495
-15.4626
-14.9169
-14.8914
-15.3845
-16.4444
-18.2103
-20.8273
-24.1925
-27.7382
-30.5027
-31.5127
-30.3074
-27.3037
-23.4599
-19.7095
-16.5835
-14.2444
-12.6679
-11.7589
-11.4864
-11.9011
-12.9107
-14.0778
-14.7281
-14.396
-13.2203
-11.8256
-10.778
-10.3855
-10.8979
-12.5667
-15.2077
-17.7041
-18.4437
-16.9828
-14.1061
-11.2047
-8.98675
-7.53135
-6.69089
-6.15035
-5.82498
-5.78292
-6.32047
-7.52681
-9.14336
-10.5087
-10.8176
-9.63837
-7.20016
-4.8383
-3.82042
-3.67867
-4.16479
-5.5091
-7.3707
-8.31916
-6.41173
-3.5527
-2.45906
-2.42718
-3.75563
-6.16485
-5.10262
-1.56741
-0.902212
-2.54056
-3.08061
-1.57855
-0.754463
-0.965644
-1.10333
-0.926639
-0.723931
-0.714883
-0.625201
-0.614954
-0.54678
-0.497949
-0.505916
-0.408352
-0.457394
-0.361692
-0.382232
-0.359186
-0.292508
-0.354814
-0.244976
-0.295038
-0.259117
-0.190593
-0.273263
-0.142714
-0.208581
-0.19393
-0.110301
-0.218523
-0.125358
-0.141947
-0.204123
-0.083812
-0.160616
-0.129002
-0.0247539
-0.108468
-0.0331413
0.0115756
-0.101358
-0.0478714
-0.0459069
-0.15296
-0.0811171
-0.000539908
-0.0635847
0.0509005
0.12317
0.0531949
-0.00482469
0.00755741
0.0288102
-0.085384
-0.0574352
0.0363761
-0.030496
-0.0576979
-0.00820438
-48.0717
-48.0175
-47.9793
-47.9413
-47.9017
-47.8673
-47.8455
-47.8444
-47.8724
-47.9371
-48.0451
-48.2025
-48.4151
-48.6886
-49.0289
-49.442
-49.9348
-50.5144
-51.1882
-51.9631
-52.8455
-53.8399
-54.9489
-56.1719
-57.5052
-58.9404
-60.4645
-62.0598
-63.7036
-65.3684
-67.0223
-68.6298
-70.1517
-71.5457
-72.7677
-73.7721
-74.5127
-74.9435
-75.018
-74.6896
-73.9096
-72.6262
-70.7874
-68.3486
-65.2902
-61.6419
-57.5042
-53.0497
-48.5014
-44.0912
-40.0193
-36.4283
-33.3988
-30.9588
-29.1005
-27.7985
-27.0246
-26.7616
-27.0107
-27.7788
-29.0365
-30.6646
-32.4286
-34.0083
-35.0675
-35.3211
-34.5849
-32.8361
-30.2505
-27.1797
-24.0393
-21.18
-18.8172
-17.0356
-15.8337
-15.1773
-15.0392
-15.4131
-16.3391
-17.9432
-20.363
-23.5025
-26.8201
-29.4054
-30.3418
-29.2374
-26.4526
-22.8847
-19.3998
-16.5016
-14.3683
-12.9953
-12.3064
-12.3074
-13.0876
-14.5443
-16.1472
-17.0693
-16.717
-15.2482
-13.4206
-11.9256
-11.0959
-11.1256
-12.2104
-14.1985
-16.1504
-16.7369
-15.5378
-13.2429
-10.9606
-9.25987
-8.27308
-7.88426
-7.69261
-7.50281
-7.27571
-7.29896
-7.7533
-8.68381
-9.68055
-10.0152
-9.13275
-7.27469
-5.61827
-5.16124
-5.17109
-5.26881
-5.8337
-7.1609
-7.90895
-6.47061
-4.32644
-3.79291
-3.73472
-4.68474
-6.36524
-5.57462
-2.47481
-1.96158
-2.80987
-2.95393
-1.61466
-0.943308
-1.04832
-1.09578
-0.919534
-0.744698
-0.723563
-0.632957
-0.616678
-0.5458
-0.504875
-0.501862
-0.412978
-0.456038
-0.357735
-0.386188
-0.350926
-0.298232
-0.35414
-0.240061
-0.301884
-0.250374
-0.198182
-0.279391
-0.133352
-0.220742
-0.18151
-0.109104
-0.229061
-0.102759
-0.153816
-0.210463
-0.066035
-0.186076
-0.130524
-0.0124966
-0.123336
-0.0139816
0.0288654
-0.100323
-0.0299656
-0.0532778
-0.228151
-0.1126
-0.0255633
-0.055739
0.127483
0.194584
0.102164
-0.0138319
0.0425213
0.0503154
-0.145605
-0.107344
0.0246709
-0.0614744
-0.0793975
-0.0122821
-47.814
-47.7725
-47.7424
-47.7109
-47.676
-47.6445
-47.6239
-47.6231
-47.6502
-47.7127
-47.8174
-47.9704
-48.1772
-48.4434
-48.7746
-49.1768
-49.6567
-50.2212
-50.8773
-51.6319
-52.4911
-53.4593
-54.5389
-55.7295
-57.0272
-58.4238
-59.9064
-61.4575
-63.0547
-64.6711
-66.2751
-67.8315
-69.3017
-70.6443
-71.8152
-72.7691
-73.4601
-73.8419
-73.8681
-73.492
-72.6658
-71.3406
-69.4696
-67.0163
-63.9704
-60.3699
-56.318
-51.9843
-47.5828
-43.3346
-39.4298
-36.0048
-33.1366
-30.8528
-29.147
-27.9955
-27.3736
-27.27
-27.6914
-28.6446
-30.088
-31.8812
-33.7674
-35.4155
-36.4909
-36.7125
-35.8979
-34.026
-31.2859
-28.0498
-24.7519
-21.752
-19.2649
-17.3698
-16.0598
-15.2947
-15.0405
-15.2853
-16.0597
-17.4735
-19.6546
-22.5176
-25.5594
-27.9317
-28.7939
-27.7898
-25.2561
-22.006
-18.8272
-16.1924
-14.2949
-13.1474
-12.6946
-12.9868
-14.1543
-16.0845
-18.1531
-19.3665
-18.9911
-17.1972
-14.8837
-12.8854
-11.5763
-11.0979
-11.5839
-12.9017
-14.2909
-14.6936
-13.7584
-12.0539
-10.421
-9.32715
-8.94537
-9.13245
-9.33297
-9.2033
-8.72026
-8.17286
-7.84932
-8.02623
-8.54349
-8.82377
-8.25894
-7.11163
-6.33662
-6.52464
-6.71052
-6.2951
-5.89923
-6.50972
-6.92253
-6.08256
-5.01255
-5.14892
-5.05701
-5.24207
-5.72885
-5.39338
-3.53765
-3.16143
-2.70797
-2.34336
-1.59468
-1.2157
-1.12112
-1.01525
-0.90576
-0.773361
-0.729304
-0.642483
-0.60559
-0.55889
-0.499484
-0.505783
-0.420441
-0.445054
-0.373085
-0.3656
-0.361958
-0.292093
-0.345452
-0.25715
-0.276379
-0.273301
-0.19422
-0.28038
-0.167168
-0.199869
-0.211597
-0.115235
-0.220621
-0.129643
-0.116094
-0.209253
-0.0621614
-0.151004
-0.151728
-0.013283
-0.135698
-0.0852988
0.00368632
-0.116608
-0.0533124
0.00503462
-0.155578
-0.0676951
0.00655055
-0.1096
-0.00936784
0.0797815
-0.0485125
-0.179528
0.0150297
0.0542456
-0.125032
0.0289408
0.0648062
-0.0940238
-0.0915563
-0.0149999
)
;

boundaryField
{
    front
    {
        type            empty;
    }
    wall
    {
        type            zeroGradient;
    }
    inlet
    {
        type            zeroGradient;
    }
    back
    {
        type            empty;
    }
    outlet
    {
        type            fixedValue;
        value           uniform 0;
    }
}


// ************************************************************************* //
